perturbation_id,target_gene,mimetic_score,up_enrichment,down_enrichment
6700_PPP6C_P1P2_ENSG00000119414,PPP6C,0.36336900028171903,0.26960704084811277,-0.09376195943360627
9946_YTHDC1_P1P2_ENSG00000083896,YTHDC1,0.3572098623640778,0.17351296224925603,-0.18369690011482176
2678_EPRS_P1P2_ENSG00000136628,EPRS,0.3510594628284378,0.15917274258350092,-0.19188672024493686
785_BCAR1_P1_ENSG00000050820,BCAR1,0.3497909895435919,0.14267273466413102,-0.20711825487946087
4463_KPNA6_P1P2_ENSG00000025800,KPNA6,0.34888455331574697,0.2058305923513247,-0.14305396096442227
5720_NMT1_P1P2_ENSG00000136448,NMT1,0.34521465622284364,0.14161725859558816,-0.20359739762725546
1786_COPS8_P1P2_ENSG00000198612,COPS8,0.34505241066308157,0.14700419022679154,-0.19804822043629006
9132_TNFSF10_P1P2_ENSG00000121858,TNFSF10,0.344024320724475,0.09186205512936182,-0.2521622655951131
1778_COPS2_P1P2_ENSG00000166200,COPS2,0.3429805748000895,0.17455347950731237,-0.16842709529277708
5789_NR2C2AP_P1P2_ENSG00000184162,NR2C2AP,0.3425093655014164,0.17404400002111653,-0.16846536548029992
5601_NELFE_P1P2_ENSG00000204356,NELFE,0.33868923050933525,0.2079965401151431,-0.13069269039419215
5887_NUP153_P1P2_ENSG00000124789,NUP153,0.3384746561876637,0.19607128841115196,-0.14240336777651172
4276_KAT5_P1P2_ENSG00000172977,KAT5,0.3357275349464306,0.15861310708572596,-0.17711442786070464
4164_IPO7_P1P2_ENSG00000205339,IPO7,0.33447619999104655,0.1022144319083654,-0.23226176808268115
8154_SMARCE1_P1P2_ENSG00000073584,SMARCE1,0.33032492025465876,0.13170264700550458,-0.19862227324915419
10701_ZNHIT3_P1P2_ENSG00000273611,ZNHIT3,0.32775174764258885,0.18488913761578576,-0.14286261002680312
10231_ZNF236_P1P2_ENSG00000130856,ZNF236,0.32316928188639926,0.13422936608079994,-0.18893991580559932
6239_PFDN4_P1P2_ENSG00000101132,PFDN4,0.3161356356634891,0.07786544813956432,-0.23827018752392481
1118_C7orf26_P1P2_ENSG00000146576,C7orf26,0.3147796025721479,0.10601572962916123,-0.20876387294298668
7725_SDHA_P1P2_ENSG00000073578,SDHA,0.31472539211375256,0.06064961714244587,-0.2540757749713067
5128_MNAT1_P1P2_ENSG00000020426,MNAT1,0.3139352420234023,0.13961453785194336,-0.17432070417145895
2186_DHDDS_P1P2_ENSG00000117682,DHDDS,0.3112915667100091,0.20206845151673844,-0.10922311519327066
7634_SAE1_P1P2_ENSG00000142230,SAE1,0.3106167686776308,0.1373293595693169,-0.17328740910831383
5481_NBPF12_P1P2_ENSG00000268043,NBPF12,0.3098818849617682,0.1532037372388263,-0.15667814772294192
6536_POLR1C_P1_ENSG00000171453,POLR1C,0.3085021276031279,0.11933259067238786,-0.18916953693074007
6557_POLR3C_P1P2_ENSG00000186141,POLR3C,0.3078695255999566,0.19122199402704104,-0.11664753157291555
9683_UTP18_P1P2_ENSG00000011260,UTP18,0.3077969652161213,0.18139053582460715,-0.12640642939151417
1957_CTU2_P1P2_ENSG00000174177,CTU2,0.3074057144822163,0.1604099242028334,-0.14699579027938292
4464_KPNB1_P1P2_ENSG00000108424,KPNB1,0.3062064240036302,0.18687997930404734,-0.11932644469958287
6731_PRDM8_P2_ENSG00000152784,PRDM8,0.305890982626006,0.06723809322683,-0.23865288939917598
8695_TARS_P1P2_ENSG00000113407,TARS,0.30477911658004186,0.14530724516786067,-0.15947187141218122
5211_MRPL2_P1P2_ENSG00000112651,MRPL2,0.3043848063971228,0.07966226525666316,-0.22472254114045961
5138_MOB4_P1P2_ENSG00000115540,MOB4,0.30302997813305904,0.11213828276373893,-0.19089169536932013
3102_FKBP9_P1P2_ENSG00000122642,FKBP9,0.30274291111448226,0.13056533744435608,-0.17217757367012618
7827_SET_P1P2_ENSG00000119335,SET,0.2981347040206506,0.08607959495060892,-0.2120551090700417
3541_GRPEL1_P1P2_ENSG00000109519,GRPEL1,0.2955474186846604,0.1763740547351704,-0.11917336394948996
2044_DBR1_P1P2_ENSG00000138231,DBR1,0.29515970120825585,0.12064764609917877,-0.17451205510907705
5494_NCBP2_P1P2_ENSG00000114503,NCBP2,0.294845877548127,0.1395071863885329,-0.15533869115959412
7668_SBDS_P1P2_ENSG00000126524,SBDS,0.29359918591580736,0.10936650317564728,-0.18423268274016008
1406_CDC42_P1P2_ENSG00000070831,CDC42,0.2917621559964467,0.17618618967420321,-0.1155759663222435
2313_DNM2_P1P2_ENSG00000079805,DNM2,0.29149313431213775,0.1946695598766167,-0.09682357443552105
9383_TTC27_P1P2_ENSG00000018699,TTC27,0.29142300388888864,0.1513158473638155,-0.1401071565250731
10553_ZNF687_P1P2_ENSG00000143373,ZNF687,0.2908880876562122,0.16119042213764323,-0.129697665518569
1979_CXXC1_P1P2_ENSG00000154832,CXXC1,0.2888882368381847,0.0634768323222961,-0.22541140451588862
8741_TBP_P1P2_ENSG00000112592,TBP,0.28760598249534963,0.12078623507857983,-0.1668197474167698
1834_CPNE7_P1P2_ENSG00000178773,CPNE7,0.28705997237561975,0.14255174428529396,-0.14450822809032582
5016_MFAP1_P1P2_ENSG00000140259,MFAP1,0.28670241619310594,0.16037252717664038,-0.12632988901646555
1877_CRLS1_P1P2_ENSG00000088766,CRLS1,0.286302427077162,0.08251367851227856,-0.20378874856488347
2346_DPH1_P1_ENSG00000108963,DPH1,0.2855723220581834,0.11048621413624644,-0.17508610792193693
9478_UBA1_P1_ENSG00000130985,UBA1,0.2852229018440966,0.17431589839976935,-0.11090700344432722
9570_UFL1_P1P2_ENSG00000014123,UFL1,0.2847762358245137,0.0688175676270236,-0.21595866819749013
10637_ZNF787_P1P2_ENSG00000142409,ZNF787,0.28467069837068676,0.12374455983259607,-0.16092613853809068
1245_CCDC115_P1P2_ENSG00000136710,CCDC115,0.28406055488927673,0.13855730192333277,-0.145503252965944
2526_EIF1AD_P1P2_ENSG00000175376,EIF1AD,0.2827070397515917,0.08144412356328906,-0.2012629161883027
3946_HSCB_P1P2_ENSG00000100209,HSCB,0.28195524784176895,0.16588176908171864,-0.11607347876005034
1348_CCT4_P1P2_ENSG00000115484,CCT4,0.27967286502917066,0.15452935182594713,-0.1251435132032235
33_ABCF1_P1_ENSG00000204574,ABCF1,0.279541552394232,0.16568774451056392,-0.11385380788366807
1770_COPA_P1P2_ENSG00000122218,COPA,0.27915853239043187,0.09423698627484262,-0.18492154611558928
6872_PSMD4_P1P2_ENSG00000159352,PSMD4,0.2774789557965079,0.15095771584242892,-0.12652123995407896
1391_CDC23_P1P2_ENSG00000094880,CDC23,0.2770325943680879,0.12429627596012155,-0.15273631840796634
1117_C7orf26_P1P2_ENSG00000146576,C7orf26,0.2769542535208228,0.10913948122843453,-0.16781477229238825
204_AHCY_P1P2_ENSG00000101444,AHCY,0.2768324373615212,0.04464720965388949,-0.23218522770763167
2974_FARSB_P1P2_ENSG00000116120,FARSB,0.2754157500164871,0.1626335073834911,-0.11278224263299597
5356_MVD_P1P2_ENSG00000167508,MVD,0.2748654147022306,0.19227835002560972,-0.08258706467662083
22_ABCB7_P1P2_ENSG00000131269,ABCB7,0.2744935088915684,0.15134004543959173,-0.12315346345197672
4208_ISG20L2_P1P2_ENSG00000143319,ISG20L2,0.2738128085593139,0.09053688050726028,-0.1832759280520536
2134_DDX5_P1P2_ENSG00000108654,DDX5,0.273518871317827,0.14473969029982,-0.12877918101800698
8927_TIMM9_P1P2_ENSG00000100575,TIMM9,0.27340146157731615,0.13004133911270402,-0.1433601224646121
4470_KRI1_P1P2_ENSG00000129347,KRI1,0.27259318492840334,0.15625181485567644,-0.11634137007272691
8739_TBPL1_P1P2_ENSG00000028839,TBPL1,0.272009215980977,0.1275392580781761,-0.1444699579028009
6686_PPP2R3C_P1P2_ENSG00000092020,PPP2R3C,0.2714442873656537,0.14679828660024655,-0.12464600076540715
9164_TOMM22_P1P2_ENSG00000100216,TOMM22,0.2705792010804067,0.14279504493802792,-0.12778415614237876
9824_WDR46_P1P2_ENSG00000227057,WDR46,0.27035502875271367,0.11390650215491954,-0.15644852659779412
2490_EEF2_P1_ENSG00000167658,EEF2,0.2691070239940756,0.16589232824205796,-0.10321469575201767
269_ALG2_P1P2_ENSG00000119523,ALG2,0.2685157313213622,0.15795315956475298,-0.11056257175660919
7478_RPL7L1_P1P2_ENSG00000146223,RPL7L1,0.2675241110980777,0.1523308466510741,-0.11519326444700359
7569_RRS1_P1P2_ENSG00000179041,RRS1,0.26685455880240705,0.11725639577140154,-0.1495981630310055
857_BMP2K_P1P2_ENSG00000138756,BMP2K,0.26643445313228914,0.13459365711237853,-0.1318407960199106
8791_TCOF1_P1P2_ENSG00000070814,TCOF1,0.2661021306354896,0.12844426611194376,-0.13765786452354584
1296_CCDC78_P1P2_ENSG00000162004,CCDC78,0.26603904642120446,0.17717567099065895,-0.0888633754305455
7545_RPUSD3_P1P2_ENSG00000156990,RPUSD3,0.26599595015589717,0.13993395245209167,-0.12606199770380547
3471_GOLT1B_P1P2_ENSG00000111711,GOLT1B,0.2657371424285805,0.12911257296817938,-0.13662456946040114
5083_MIS18A_P1P2_ENSG00000159055,MIS18A,0.26565723124466156,0.112538210961455,-0.15311902028320654
9757_VPS41_P1_ENSG00000006715,VPS41,0.26545342591280746,0.13166085032917507,-0.1337925755836324
1333_CCNK_P1_ENSG00000090061,CCNK,0.265142478947006,0.07226073382644782,-0.19288174512055817
1475_CENPA_P2_ENSG00000115163,CENPA,0.2647565822488957,0.10892037865148323,-0.1558362035974125
4250_JAZF1_P1P2_ENSG00000153814,JAZF1,0.26461839939104725,0.06381472545303293,-0.20080367393801435
4857_MARS_P1P2_ENSG00000166986,MARS,0.26443971267713134,0.12796822396682003,-0.1364714887103113
4863_MAT2A_P1P2_ENSG00000168906,MAT2A,0.26424780670673115,0.1696056329600649,-0.09464217374666624
5952_OR2T29_ENST00000328570.3_ENSG00000182783,OR2T29,0.26362008493086353,0.07755043318955226,-0.1860696517413113
7404_RNPC3_P1P2_ENSG00000185946,RNPC3,0.2631183894410614,0.12105945335226502,-0.1420589360887964
9481_UBA52_P2_ENSG00000221983,UBA52,0.262868279483649,0.13206077852688441,-0.13080750095676455
9816_WDR36_P1P2_ENSG00000134987,WDR36,0.262835850677778,0.0979296126372003,-0.1649062380405777
8889_THOC3_P1P2_ENSG00000051596,THOC3,0.26256165094367545,0.08961867352307493,-0.17294297742060055
6238_PFDN2_P1P2_ENSG00000143256,PFDN2,0.26159319318620167,0.1478159256775842,-0.11377726750861744
8146_SMARCB1_P1_ENSG00000099956,SMARCB1,0.2610309449731051,0.12999382289120112,-0.13103712208190396
10056_ZDHHC7_P1P2_ENSG00000153786,ZDHHC7,0.2605837374581225,0.13834875850671385,-0.12223497895140868
534_ARPC1B_P1P2_ENSG00000130429,ARPC1B,0.26045780593373974,0.11526071446797743,-0.1451970914657623
2456_EBNA1BP2_P1P2_ENSG00000117395,EBNA1BP2,0.2597126811860606,0.1478489230536382,-0.11186375813242244
9202_TPI1_P1P2_ENSG00000111669,TPI1,0.2588703580137418,0.10839198066968564,-0.15047837734405614
1804_COTL1_P1P2_ENSG00000103187,COTL1,0.2585367900775453,0.0951996297254435,-0.16333716035210183
8920_TIMM22_P1P2_ENSG00000177370,TIMM22,0.25638466398383103,0.17119522655558386,-0.08518943742824715
3349_GFOD2_P1P2_ENSG00000141098,GFOD2,0.25586273010338967,0.10771883419829326,-0.1481438959050964
6541_POLR2B_P1P2_ENSG00000047315,POLR2B,0.25550846350544626,0.08941584965163017,-0.16609261385381607
5251_MRPS21_P1P2_ENSG00000266472,MRPS21,0.2553835134414793,0.08182821302049864,-0.17355530042098066
9841_WDR75_P1P2_ENSG00000115368,WDR75,0.25459086570358636,0.0994052552940844,-0.155185610409502
8306_SP1_P1P2_ENSG00000185591,SP1,0.2545155843053642,0.06921133631453895,-0.18530424799082526
9315_TRMT6_P1P2_ENSG00000089195,TRMT6,0.2541628542006066,0.1292489621225246,-0.12491389207808196
8729_TBCD_P1P2_ENSG00000141556,TBCD,0.25375550074720044,0.08685921295538196,-0.1668962877918185
8826_TEX10_P1P2_ENSG00000136891,TEX10,0.2535065076240535,0.12905185779625777,-0.12445464982779575
3584_GTF3C1_P1P2_ENSG00000077235,GTF3C1,0.2532950401322641,0.15210866431901354,-0.1011863758132506
6275_PHB2_P1P2_ENSG00000215021,PHB2,0.25316278664904246,0.10322019193031838,-0.14994259471872406
3818_HMBOX1_P1P2_ENSG00000147421,HMBOX1,0.25308764062466127,0.1185679314780754,-0.1345197091465859
8422_SRPRB_P1P2_ENSG00000144867,SRPRB,0.25304122770004106,0.11729687255269115,-0.1357443551473499
4692_LSM3_P1P2_ENSG00000170860,LSM3,0.2521511040211257,0.1309111499453429,-0.12123995407578284
8656_TAF1A_P1P2_ENSG00000143498,TAF1A,0.25210477232081796,0.08781085728062545,-0.1642939150401925
497_ARIH1_P1P2_ENSG00000166233,ARIH1,0.2520893803140196,0.11519691954095614,-0.1368924607730635
2790_EXOSC3_P1P2_ENSG00000107371,EXOSC3,0.2515509308238211,0.10757848535883177,-0.1439724454649893
2350_DPH6_P1P2_ENSG00000134146,DPH6,0.25137608872727507,0.07655787211800881,-0.17481821660926625
10464_ZNF574_P2_ENSG00000105732,ZNF574,0.25103772178804495,0.10090377613170061,-0.15013394565634433
1844_CPSF6_P1P2_ENSG00000111605,CPSF6,0.2507309443368447,0.12727131938467673,-0.12345962495216795
7996_SLC25A26_ENST00000354883.6_ENSG00000144741,SLC25A26,0.2504805704004363,0.03727735570467426,-0.21320321469576203
2132_DDX56_P1P2_ENSG00000136271,DDX56,0.24976053042723284,0.13460553616775325,-0.11515499425947959
9033_TMEM199_P1P2_ENSG00000244045,TMEM199,0.24946037952602224,0.07655567229294317,-0.17290470723307907
3574_GTF2H2C_P1P2_ENSG00000183474,GTF2H2C,0.2489266681205735,0.12060672935286108,-0.12831993876771242
4152_INTS7_P1P2_ENSG00000143493,INTS7,0.24885475076253005,0.15172501482681863,-0.09712973593571143
9163_TOMM20_P1P2_ENSG00000173726,TOMM20,0.248218425978454,0.12047254002359974,-0.12774588595485428
496_ARID5B_ENST00000279873.7_ENSG00000150347,ARID5B,0.24794960735493413,0.050551980106543194,-0.19739762724839094
"3575_GTF2H2_ENST00000274400.5,ENST00000330280.7_ENSG00000145736",GTF2H2,0.24793690251902922,0.12547230244248628,-0.12246460007654295
7433_RPL11_P1P2_ENSG00000142676,RPL11,0.24713351286613588,0.15693068087225692,-0.09020283199387896
517_ARL6IP6_P1P2_ENSG00000177917,ARL6IP6,0.2471205440512526,0.10598009246303228,-0.14114045158822033
5525_NDOR1_P1P2_ENSG00000188566,NDOR1,0.24704634564380945,0.11673635712485557,-0.13030998851895387
4969_MEIS3_P1_ENSG00000105419,MEIS3,0.24676549228497607,0.11308772726391905,-0.13367776502105702
1032_C1QBP_P1P2_ENSG00000108561,C1QBP,0.2464869132068058,0.11981259250262036,-0.12667432070418544
6268_PGS1_P1P2_ENSG00000087157,PGS1,0.2463324177999867,0.08693708676285937,-0.15939533103712736
8136_SMAGP_P1P2_ENSG00000170545,SMAGP,0.24517784130422793,0.08765774945576373,-0.15752009184846422
3630_HAPLN2_P1P2_ENSG00000132702,HAPLN2,0.2447085272394482,0.10284094208827298,-0.14186758515117523
7487_RPP14_P1P2_ENSG00000163684,RPP14,0.2438454309497931,0.1424294340114014,-0.10141599693839169
5080_MIPEP_P1P2_ENSG00000027001,MIPEP,0.24371062566951673,0.08159811131818594,-0.1621125143513308
2277_DNAJA3_P1P2_ENSG00000103423,DNAJA3,0.24366439549958802,0.08136053021063776,-0.16230386528895024
3693_HERC1_P1P2_ENSG00000103657,HERC1,0.2435788189200208,0.11981303246765174,-0.12376578645236908
7903_SHQ1_P1P2_ENSG00000144736,SHQ1,0.24305112488222982,0.12575300012140805,-0.11729812476082177
7491_RPP30_P1P2_ENSG00000148688,RPP30,0.24267810223728498,0.1232751171626525,-0.11940298507463247
9479_UBA2_P1P2_ENSG00000126261,UBA2,0.24249356737306055,0.13694439018208163,-0.10554917719097892
3830_HMGB3_P1P2_ENSG00000029993,HMGB3,0.2420097006193785,0.10465799759602937,-0.13735170302334912
5599_NELFB_P1P2_ENSG00000188986,NELFB,0.24161576948324703,0.14563413917325016,-0.09598163030999689
1772_COPB2_P1P2_ENSG00000184432,COPB2,0.24050222480156644,0.06993199900744343,-0.170570225794123
759_BANP_P1P2_ENSG00000172530,BANP,0.2404569084051066,0.139538423904525,-0.1009184845005816
813_BCS1L_P1P2_ENSG00000074582,BCS1L,0.24035541862942078,0.10541473742007683,-0.13494068120934397
1606_CHTOP_P1P2_ENSG00000160679,CHTOP,0.24001218500028892,0.07985145021268156,-0.16016073478760737
1470_CEBPZ_P1P2_ENSG00000115816,CEBPZ,0.23998217261763716,0.09918615271712569,-0.14079601990051147
5487_NCAPD2_P1P2_ENSG00000010292,NCAPD2,0.2396698380698612,0.0966158771054448,-0.1430539609644164
9847_WDR82_P1P2_ENSG00000164091,WDR82,0.23953612254908396,0.11657401003471839,-0.12296211251436559
594_INTS13_P1P2_ENSG00000064102,INTS13,0.23907285292675587,0.06394847481728647,-0.1751243781094694
5955_OR4K1_ENST00000285600.4_ENSG00000155249,OR4K1,0.23824586761169758,0.03660024954815759,-0.20164561806354
10025_ZC3H4_P1_ENSG00000130749,ZC3H4,0.2376057388224275,0.07338836415728331,-0.1642173746651442
2989_FBRSL1_P1P2_ENSG00000112787,FBRSL1,0.2372793457002869,0.07091884053380307,-0.16636050516648382
3979_HSPA8_P1P2_ENSG00000109971,HSPA8,0.2369332353768083,0.12112764792942181,-0.11580558744738649
5269_MRPS9_P1P2_ENSG00000135972,MRPS9,0.23661366509672624,0.11992786333629255,-0.1166858017604337
4737_LZTR1_P1P2_ENSG00000099949,LZTR1,0.23637585385364257,0.11590130352833906,-0.12047455032530349
9435_TUT1_P1_ENSG00000149016,TUT1,0.23518911253098385,0.1337348454050699,-0.10145426712591392
6801_PRPF4_P1P2_ENSG00000136875,PRPF4,0.2343447925943989,0.09791157407162496,-0.13643321852277393
6025_PABPC4_P1P2_ENSG00000090621,PABPC4,0.23417597463418688,0.1283206359430238,-0.10585533869116308
5227_MRPL44_P1P2_ENSG00000135900,MRPL44,0.23412750402704297,0.03581139227808619,-0.19831611174895677
109_ACTR10_P1P2_ENSG00000131966,ACTR10,0.23293002078935993,0.09986457876868729,-0.13306544202067264
435_ARCN1_P1P2_ENSG00000095139,ARCN1,0.23266216332016035,0.1423445207637051,-0.09031764255645525
5508_NCOA4_P1P2_ENSG00000266412,NCOA4,0.23240380232656918,0.03454693282790238,-0.1978568694986668
4957_MED7_P1P2_ENSG00000155868,MED7,0.2318764196486479,0.0895113220596564,-0.14236509758899152
4145_INTS12_P1P2_ENSG00000138785,INTS12,0.23181407999051007,0.12006513242065377,-0.11174894756985632
2734_ESPN_P2_ENSG00000187017,ESPN,0.23157049505271116,0.04109977174615127,-0.19047072330655987
1407_CDC45_P1P2_ENSG00000093009,CDC45,0.2312100960193324,0.0950830389967393,-0.1361270570225931
4107_IMP3_P1P2_ENSG00000177971,IMP3,0.23094601548054428,0.09673246783414907,-0.1342135476463952
6111_PCBP2_P1_ENSG00000197111,PCBP2,0.23089778854631937,0.1026161199661353,-0.12828166858018406
9779_INTS14_P1P2_ENSG00000138614,INTS14,0.23087125527163777,0.08192368542853269,-0.14894756984310506
1440_CDK6_P1_ENSG00000105810,CDK6,0.2295316362596845,0.048666730021630494,-0.180864906238054
5084_MIS18BP1_P1P2_ENSG00000129534,MIS18BP1,0.2287650479879796,0.11162000397725659,-0.11714504401072301
1221_CBLL1_P1P2_ENSG00000105879,CBLL1,0.2286846562269055,0.12217872434782864,-0.10650593187907686
8703_TAZ_P1P2_ENSG00000102125,TAZ,0.22864995314034442,0.11498749619429388,-0.11366245694605054
7390_RNF40_P1P2_ENSG00000103549,RNF40,0.22830495288245722,0.13913541595171686,-0.08916953693074035
7937_SKA1_P1P2_ENSG00000154839,SKA1,0.22806111073430846,0.10349165034394577,-0.12456946039036271
662_ATP5PD_P1P2_ENSG00000167863,ATP5PD,0.2274336258626867,0.11227863160320675,-0.11515499425947995
7388_RNF31_P1P2_ENSG00000092098,RNF31,0.2274203795314153,0.12443530490454274,-0.10298507462687258
2213_DHX37_P1P2_ENSG00000150990,DHX37,0.22736774617836264,0.1551519023207263,-0.07221584385763635
1971_CWC15_P1P2_ENSG00000150316,CWC15,0.22715787609800558,0.13002814016228825,-0.09712973593571733
9429_TUBGCP6_P1P2_ENSG00000128159,TUBGCP6,0.22712574511460226,0.08016822502274286,-0.14695752009185942
8148_SMARCC1_P1P2_ENSG00000173473,SMARCC1,0.22668559057722565,0.0786565052347032,-0.14802908534252243
8227_SNRPC_P1P2_ENSG00000124562,SNRPC,0.22607311189691223,0.08772638399793758,-0.13834672789897465
4984_METAP1_P1P2_ENSG00000164024,METAP1,0.22579409962243358,0.08702639966069632,-0.13876769996173724
4879_MBIP_P1P2_ENSG00000151332,MBIP,0.22533015989952127,0.1276263711509535,-0.09770378874856776
9690_UXS1_P1P2_ENSG00000115652,UXS1,0.22520177133975514,0.10308160295092246,-0.12212016838883268
2521_EHMT2_P1P2_ENSG00000204371,EHMT2,0.22497952808946564,0.11246517676913562,-0.11251435132033001
880_BPTF_P1P2_ENSG00000171634,BPTF,0.22488172048252164,0.08921390571021566,-0.13566781477230597
166_ADRM1_P1P2_ENSG00000130706,ADRM1,0.22440934020004633,0.10944569687817861,-0.1149636433218677
687_ATP6V1H_P1P2_ENSG00000047249,ATP6V1H,0.22415175083739194,0.11048929389134424,-0.11366245694604771
1709_CNIH4_P1P2_ENSG00000143771,CNIH4,0.22341946629942552,0.11618640085739979,-0.10723306544202574
5098_MKRN1_P1P2_ENSG00000133606,MKRN1,0.22260046127285482,0.1339667069674571,-0.08863375430539772
8546_STT3B_P1P2_ENSG00000163527,STT3B,0.22230633450798903,0.06520721472228608,-0.15709911978570296
7593_RTTN_P1P2_ENSG00000176225,RTTN,0.22223294834363988,0.10543233602063369,-0.11680061232300618
5535_NDUFA2_P1P2_ENSG00000131495,NDUFA2,0.22212452065812344,0.07933845100637278,-0.14278606965175067
2460_ECD_P1P2_ENSG00000122882,ECD,0.22209785200958385,0.09021878580215348,-0.13187906620743037
9734_VMP1_P1P2_ENSG00000062716,VMP1,0.22181282913614753,0.07791692404620201,-0.1438959050899455
5239_MRPL55_P1P2_ENSG00000162910,MRPL55,0.22137077936484992,0.09056327840809178,-0.13080750095675814
4953_MED30_P1P2_ENSG00000164758,MED30,0.2204906395074097,0.12083507119511738,-0.09965556831229234
3577_GTF2H4_P1P2_ENSG00000213780,GTF2H4,0.22032833979810418,0.09606504090793283,-0.12426329889017135
3586_GTF3C3_P1P2_ENSG00000119041,GTF3C3,0.22031776033171147,0.09345208868990594,-0.12686567164180554
9422_TUBD1_P1P2_ENSG00000108423,TUBD1,0.22029344041945065,0.1350274626161521,-0.08526597780329856
8719_TBC1D3_ENST00000537432.1_ENSG00000274611,TBC1D3,0.21980127524875537,0.05332595951970207,-0.1664753157290533
4121_ING3_P1P2_ENSG00000071243,ING3,0.21870922116580835,0.09915315534107663,-0.11955606582473172
8621_SYMPK_P1P2_ENSG00000125755,SYMPK,0.2183874239859027,0.09282293871991068,-0.125564485265992
2348_DPH3_P1P2_ENSG00000154813,DPH3,0.21832576796571468,0.06754122912146254,-0.15078453884425214
5888_NUP155_P1P2_ENSG00000113569,NUP155,0.21812971955547997,0.09321582747739651,-0.12491389207808345
2660_EPB41L2_P1P2_ENSG00000079819,EPB41L2,0.21690455236539308,0.0828058152815669,-0.13409873708382616
7701_SCNM1_P1P2_ENSG00000163156,SCNM1,0.21595050515430303,0.07821610025570702,-0.137734404898596
6716_PRC1_P1P2_ENSG00000198901,PRC1,0.21569253674486,0.08955399866601745,-0.12613853807884254
8267_SOD2_P1P2_ENSG00000112096,SOD2,0.2155274415655313,0.11613976456590949,-0.09938767699962181
1927_CTCF_P1P2_ENSG00000102974,CTCF,0.21542723107274298,0.09671310937353858,-0.11871412169920438
5484_NBPF3_P1P2_ENSG00000142794,NBPF3,0.21517525972489876,-0.047090335376530415,-0.26226559510142916
9523_UBE2Z_P1P2_ENSG00000159202,UBE2Z,0.2149905962554903,0.04047854114640964,-0.17451205510908066
8552_STX18_P1P2_ENSG00000168818,STX18,0.21492268596339234,0.10420703345668639,-0.11071565250670595
5739_NOLC1_P1P2_ENSG00000166197,NOLC1,0.21462451828907514,0.12204893466870995,-0.09257558362036519
6219_PES1_P1P2_ENSG00000100029,PES1,0.21453179397022137,0.08027997613629963,-0.13425181783392176
6661_PPP1R15B_P1P2_ENSG00000158615,PPP1R15B,0.21399442070213376,0.11606101082841538,-0.09793340987371837
607_ATF4_P1P2_ENSG00000128272,ATF4,0.21350748096204886,0.07634712887631327,-0.13716035208573557
3369_GINS1_P1P2_ENSG00000101003,GINS1,0.21349240708376666,0.10055708370067326,-0.11293532338309341
8414_SRP19_P1P2_ENSG00000153037,SRP19,0.2132417420935891,0.14822069349044917,-0.06502104860313992
7331_RNASEH2C_P1P2_ENSG00000172922,RNASEH2C,0.21207886718080488,0.04977500189185213,-0.16230386528895274
5452_NAGLU_P1P2_ENSG00000108784,NAGLU,0.21173200553246735,0.0733470074459707,-0.13838499808649665
5879_NUFIP1_P1P2_ENSG00000083635,NUFIP1,0.21143083932733303,0.12149589864611636,-0.08993494068121667
2123_DDX46_P2_ENSG00000145833,DDX46,0.21115701864004363,0.050651852164717626,-0.160505166475326
2155_DENR_P1P2_ENSG00000139726,DENR,0.20993882320324944,0.06225416954844187,-0.14768465365480757
5256_MRPS26_P1P2_ENSG00000125901,MRPS26,0.20975304966826755,0.051505824256855647,-0.1582472254114119
939_BYSL_P1P2_ENSG00000112578,BYSL,0.2079688087818804,0.07356391019786183,-0.13440489858401858
10152_ZNF100_P1P2_ENSG00000197020,ZNF100,0.2077533816049549,0.07174113514493557,-0.13601224646001933
2427_DYNLL2_P1P2_ENSG00000264364,DYNLL2,0.20770531035063966,0.12825640105097955,-0.0794489092996601
1004_C17orf58_P1P2_ENSG00000186665,C17orf58,0.20766202456196395,0.0775051167931122,-0.13015690776885175
4997_METTL1_P1P2_ENSG00000037897,METTL1,0.20754795855557986,0.11654145262368454,-0.09100650593189533
6549_POLR2H_P1P2_ENSG00000163882,POLR2H,0.2073409313260744,0.06520545486223171,-0.1421354764638427
2190_DHPS_P1P2_ENSG00000095059,DHPS,0.20719671756318947,0.045696526212236556,-0.16150019135095292
5238_MRPL54_P1P2_ENSG00000183617,MRPL54,0.20695592809537233,0.07706691163918682,-0.1298890164561855
8588_SUMO2_P1P2_ENSG00000188612,SUMO2,0.2069193500809775,0.07419833974802217,-0.13272101033295533
2077_DCTN5_P1P2_ENSG00000166847,DCTN5,0.20683399686826076,0.1114264193711245,-0.09540757749713626
9410_TUBA3D_ENST00000321253.6_ENSG00000075886,TUBA3D,0.20677489264515328,0.09062487351004854,-0.11615001913510474
8750_TBX1_P1P2_ENSG00000184058,TBX1,0.20657791015536917,0.0861416300175809,-0.12043628013778826
7823_SETDB1_P1P2_ENSG00000143379,SETDB1,0.20620898933810666,0.06457102531207,-0.14163796402603665
6548_POLR2G_P1P2_ENSG00000168002,POLR2G,0.2060464121123839,0.09047044579014585,-0.11557596632223804
1419_CDIPT_P1P2_ENSG00000103502,CDIPT,0.2060296325236276,0.08513411013556112,-0.12089552238806647
4540_LDB1_P2_ENSG00000198728,LDB1,0.2059221930672085,0.1044296557537696,-0.10149253731343888
5493_NCBP1_P1P2_ENSG00000136937,NCBP1,0.2055460838985041,0.06957210762600609,-0.135973976272498
5268_MRPS7_P1P2_ENSG00000125445,MRPS7,0.20535309493728893,0.08518470611216998,-0.12016838882511896
5234_MRPL50_P1P2_ENSG00000136897,MRPL50,0.20507973452105865,0.03684399016590241,-0.16823574435515623
9903_XRCC1_P1P2_ENSG00000073050,XRCC1,0.20488805191750964,0.07476941433617428,-0.13011863758133538
5144_MOG_P1P2_ENSG00000204655,MOG,0.2045718727523862,0.0429951410263868,-0.1615767317259994
5960_OR7A17_ENST00000327462.2_ENSG00000185385,OR7A17,0.20395225310145532,0.06392163695143165,-0.14003061615002366
8448_SSBP3_P1P2_ENSG00000157216,SSBP3,0.20357358536696848,0.05190883220966324,-0.15166475315730524
5531_NDUFA11_P1P2_ENSG00000174886,NDUFA11,0.20343790015665303,0.07067861963616778,-0.13275928052048525
7241_REV3L_P1P2_ENSG00000009413,REV3L,0.20336086566705278,0.06788440183236888,-0.1354764638346839
2554_EIF3J_P1P2_ENSG00000104131,EIF3J,0.20319243352230104,0.09052500145187864,-0.11266743207042239
430_AQP7_P1P2_ENSG00000165269,AQP7,0.2029631305257179,0.057498147747292665,-0.14546498277842523
5209_MRPL27_P1P2_ENSG00000108826,MRPL27,0.2028303220097286,0.0726351440533472,-0.13019517795638139
9612_UQCRC2_P1P2_ENSG00000140740,UQCRC2,0.20257740981361227,0.03545150089664963,-0.16712590891696263
1828_CPEB1_ENST00000568128.1_ENSG00000214575,CPEB1,0.20233536136898278,0.09701580530315175,-0.10531955606583103
9818_WDR3_P1P2_ENSG00000065183,WDR3,0.2023280376436843,0.10286382026900807,-0.09946421737467623
7166_RBM25_P1P2_ENSG00000119707,RBM25,0.202100528350607,0.09490573309610027,-0.10719479525450672
5624_NFATC2IP_P1P2_ENSG00000176953,NFATC2IP,0.20157700382743096,0.06223525105283856,-0.1393417527745924
9390_TTC4_P1P2_ENSG00000243725,TTC4,0.20056125321531387,-0.04999366450379638,-0.25055491771911026
3789_HIST2H2BF_P1P2_ENSG00000203814,HIST2H2BF,0.20025013026350105,0.05876524698756163,-0.14148488327593942
1321_CCND1_P2_ENSG00000110092,CCND1,0.2001772923632607,0.06477736890362586,-0.13539992345963486
303_ANAPC13_P1P2_ENSG00000129055,ANAPC13,0.19941980121433686,0.08713507101914722,-0.11228473019518964
7929_SIRT7_P1P2_ENSG00000187531,SIRT7,0.19935520081288627,0.10739194019290013,-0.09196326061998615
9596_UNCX_P1P2_ENSG00000164853,UNCX,0.19791410556264077,0.06247591191548504,-0.13543819364715573
6526_POLG_P1P2_ENSG00000140521,POLG,0.19776143093409337,0.09462327555712667,-0.1031381553769667
4959_MED9_P1P2_ENSG00000141026,MED9,0.1975407444830765,0.08544736522551202,-0.1120933792575645
3978_HSPA5_P1P2_ENSG00000044574,HSPA5,0.19708750606305547,0.08706071693178287,-0.11002678913127259
8832_TFAM_P1P2_ENSG00000108064,TFAM,0.19707904519740588,0.10637870076571036,-0.0907003444316955
88_ACOT12_P1P2_ENSG00000172497,ACOT12,0.19693755244890906,0.08235661100229137,-0.11458094144661769
2189_DHODH_P1_ENSG00000102967,DHODH,0.19680797259925803,0.058537785075331375,-0.13827018752392664
3847_HMX3_P1P2_ENSG00000188620,HMX3,0.19674010291932792,0.05781932220749828,-0.13892078071182964
5368_MYB_P1P2_ENSG00000118513,MYB,0.19671196546452135,0.06288111969336489,-0.13383084577115645
287_ALYREF_P1P2_ENSG00000183684,ALYREF,0.19660698981217192,0.08615922861813978,-0.11044776119403214
1361_CD2BP2_P1P2_ENSG00000169217,CD2BP2,0.19657386383096648,0.090374093452084,-0.10619977037888248
8080_SLC39A9_P1P2_ENSG00000029364,SLC39A9,0.19609885729580548,0.0783414902846936,-0.11775736701111188
7976_SLC1A5_P1_ENSG00000105281,SLC1A5,0.19600923980679227,0.09891777405860315,-0.09709146574818912
9755_VPS37C_P1P2_ENSG00000167987,VPS37C,0.19593207671204543,-0.04390718850036684,-0.23983926521241228
1399_CDC40_P1P2_ENSG00000168438,CDC40,0.1958616687724123,0.0902742213939111,-0.10558744737850119
8341_SPDYE2_ENST00000341656.4_ENSG00000205238,SPDYE2,0.19547813434800473,0.06815322045591057,-0.12732491389209416
6828_PRSS50_P2_nan,PRSS50,0.19490450796277256,0.045689046806998944,-0.1492154611557736
6834_PSAT1_P1P2_ENSG00000135069,PSAT1,0.19285676864515985,0.05527544449665644,-0.1375813241485034
1228_CBX1_P1P2_ENSG00000108468,CBX1,0.1927854604694223,0.06745059632858047,-0.12533486414084183
9420_TUBB_P1_ENSG00000196230,TUBB,0.1927759369190471,0.08075909803652581,-0.11201683888252129
4703_LTB4R2_P1P2_ENSG00000213906,LTB4R2,0.19258042323552738,0.05721876996341543,-0.13536165327211194
1638_CLCC1_P1P2_ENSG00000121940,CLCC1,0.19254933463076981,-0.03649773769989622,-0.22904707233066604
7724_SDHAF2_P1P2_ENSG00000167985,SDHAF2,0.19248480868494905,0.08119510336538045,-0.11128970531956858
1737_COASY_P1P2_ENSG00000068120,COASY,0.19213119188147432,0.07651695537170868,-0.11561423650976564
3641_HAUS7_P2_ENSG00000213397,HAUS7,0.19180513719396658,-0.08324270054045214,-0.2750478377344187
8166_SMG5_P1P2_ENSG00000198952,SMG5,0.19147858839188797,0.030322828728659726,-0.16115575966322826
5077_MICOS10_P1P2_ENSG00000173436,MICOS10,0.19124455407921964,0.07750555675812822,-0.11373899732109141
6652_PPP1R10_P1P2_ENSG00000204569,PPP1R10,0.19124448639229336,0.0845854737631226,-0.10665901262917077
8652_TAF11_P1P2_ENSG00000064995,TAF11,0.19043169502547355,0.05541447344107414,-0.1350172215843994
676_ATP6V0D1_P1P2_ENSG00000159720,ATP6V0D1,0.19037158226716372,0.10851165115349747,-0.08185993111366624
7750_SEC61A1_P2_ENSG00000058262,SEC61A1,0.1902247016394248,0.03660816891840836,-0.15361653272101644
4589_LIMS1_P1P2_ENSG00000169756,LIMS1,0.19008989635914833,0.04791614970777591,-0.14217374665137242
5910_NXF1_P1_ENSG00000162231,NXF1,0.1898901454741,0.06757862614764944,-0.12231151932645055
5731_NOC4L_P1P2_ENSG00000184967,NOC4L,0.18932468890073403,0.08633961427386319,-0.10298507462687084
5954_OR4F4_ENST00000326183.3_ENSG00000177693,OR4F4,0.18930297493514356,0.0555869397265567,-0.13371603520858685
4313_POGLUT3_P1P2_ENSG00000178202,POGLUT3,0.1891028923841493,0.1081997159585802,-0.0809031764255691
5246_MRPS16_P1P2_ENSG00000182180,MRPS16,0.18891076981559857,0.04413465041260201,-0.14477611940299656
1856_CRCP_P1P2_ENSG00000241258,CRCP,0.18806336335519536,0.07543420147229836,-0.11262916188289701
2103_DDX11_P1P2_ENSG00000013573,DDX11,0.18794753072006676,0.04975388357118384,-0.1381936471488829
7295_RHOQ_P1P2_ENSG00000119729,RHOQ,0.18794591977124023,0.06800715207126845,-0.11993876769997178
7375_RNF20_P1P2_ENSG00000155827,RNF20,0.18764230329944023,0.08986197417581092,-0.09778032912362931
4089_IK_P2_ENSG00000113141,IK,0.1875368199951741,0.050567818847049216,-0.13696900114812488
10165_ZNF133_P1P2_ENSG00000125846,ZNF133,0.18728934305913622,0.0366578849649882,-0.15063145809414802
5745_NOP10_P1P2_ENSG00000182117,NOP10,0.18706138026365676,0.08086160988477081,-0.10619977037888595
10405_ZNF506_P1P2_ENSG00000081665,ZNF506,0.18652264648839115,0.05919773259630554,-0.1273249138920856
9828_WDR54_P1P2_ENSG00000005448,WDR54,0.18625348943023504,0.0520399417838311,-0.13421354764640395
8943_TLCD1_P1P2_ENSG00000160606,TLCD1,0.18619288932607317,0.06258018362379941,-0.12361270570227376
6214_PELO_P1_ENSG00000152684,PELO,0.18570284952479402,0.07996232139620245,-0.10574052812859157
8041_SLC35B1_P1P2_ENSG00000121073,SLC35B1,0.1856673815759771,0.08337117032453398,-0.10229621125144311
8692_TARDBP_P1P2_ENSG00000120948,TARDBP,0.18563298984926568,0.11027899061466419,-0.0753539992346015
4206_ISCU_P1P2_ENSG00000136003,ISCU,0.18532408025991226,0.09473854639078734,-0.0905855338691249
1222_CBLN1_P1P2_ENSG00000102924,CBLN1,0.1852046196055804,0.05102934214671458,-0.13417527745886582
1668_CLOCK_P1P2_ENSG00000134852,CLOCK,0.1847201707443406,0.0627148129180773,-0.12200535782626332
6110_PCBP1_P1P2_ENSG00000169564,PCBP1,0.18374385453485473,0.03667152388042153,-0.1470723306544332
5198_MRPL15_P1P2_ENSG00000137547,MRPL15,0.18346453090051584,0.06157398363682296,-0.12189054726369289
4661_LRRC37A3_P1P2_ENSG00000176809,LRRC37A3,0.18319924553446815,0.04148474113338682,-0.14171450440108133
5206_MRPL22_P1P2_ENSG00000082515,MRPL22,0.1831449741578157,0.08035125046856409,-0.1027937236892516
6529_POLL_P1P2_ENSG00000166169,POLL,0.1829097485552585,0.10089673669149618,-0.0820130118637623
3460_GOLGA6L1_ENST00000560659.2_ENSG00000273976,GOLGA6L1,0.1825418904227301,0.055484867843309825,-0.12705702257942028
7141_RBBP5_P1P2_ENSG00000117222,RBBP5,0.18241013105406922,0.08401747893007057,-0.09839265212399864
884_BRCA1_P1P2_ENSG00000012048,BRCA1,0.18234213276898975,0.0701339429488573,-0.11220818982013245
46_ABHD17A_P1P2_ENSG00000129968,ABHD17A,0.1819801092494243,-0.05422348814822115,-0.23620359739764543
4144_INTS10_P1P2_ENSG00000104613,INTS10,0.18187271717385334,-0.05953562572704042,-0.24140834290089375
923_BTF3L4_P1P2_ENSG00000134717,BTF3L4,0.1818243345597056,-0.0470696570208706,-0.2288939915805762
7152_RBM10_P1P2_ENSG00000182872,RBM10,0.18149600559149298,0.07881709246480657,-0.10267891312668641
2796_EXOSC9_P1P2_ENSG00000123737,EXOSC9,0.18114808802711801,0.0914427684710497,-0.08970531955606831
7093_RANBP2_P1P2_ENSG00000153201,RANBP2,0.18110850471325982,0.059141417074516194,-0.12196708763874362
9370_TSSK3_P1P2_ENSG00000162526,TSSK3,0.18105516741618943,0.06597671353174411,-0.1150784538844453
2789_EXOSC2_P1P2_ENSG00000130713,EXOSC2,0.18085720346596196,0.0758438089003205,-0.10501339456564146
103_ACSS2_P1P2_ENSG00000131069,ACSS2,0.18054475385038965,0.11739894443592064,-0.06314580941446903
5243_MRPS12_P1P2_ENSG00000128626,MRPS12,0.17930002513894314,0.058557583500963115,-0.12074244163798002
7942_MTREX_P1P2_ENSG00000039123,MTREX,0.1792037946373365,0.07407558950912256,-0.10512820512821394
5476_NBAS_P1P2_ENSG00000151779,NBAS,0.17868226010975896,0.07007146791687176,-0.10861079219288719
3472_GON4L_P2_ENSG00000116580,GON4L,0.17854930945122444,0.03216584217223111,-0.14638346727899332
685_ATP6V1F_P1P2_ENSG00000128524,ATP6V1F,0.17826307498182442,0.07768902216895758,-0.10057405281286684
1320_CCND1_P1_ENSG00000110092,CCND1,0.17823142457558316,0.07283532813470849,-0.10539609644087466
7427_RPF2_P1P2_ENSG00000197498,RPF2,0.17790959355221125,0.06631372673245635,-0.1115958668197549
7546_RPUSD4_P1P2_ENSG00000165526,RPUSD4,0.17774192626971308,0.09825474678253197,-0.07948717948718112
7755_SEC63_P1P2_ENSG00000025796,SEC63,0.17764554008820557,0.05816601463852136,-0.11947952544968421
378_AP2S1_P1P2_ENSG00000042753,AP2S1,0.1765323744532633,0.0915725581501599,-0.08495981630310341
8728_TBCC_P1P2_ENSG00000124659,TBCC,0.1764196892601601,0.03393978110860624,-0.14247990815155387
5249_MRPS18B_P1P2_ENSG00000204568,MRPS18B,0.17634825924796776,0.07527669399729377,-0.10107156525067401
4349_PRORP_P1P2_ENSG00000100890,PRORP,0.17629699993949505,0.07396251850052828,-0.10233448143896677
8653_TAF12_P1P2_ENSG00000120656,TAF12,0.17575637093030702,0.07640696411821177,-0.09934940681209525
2311_DNM1L_P1P2_ENSG00000087470,DNM1L,0.17544359641753418,0.05393575102907847,-0.12150784538845572
9056_TMEM242_P1P2_ENSG00000215712,TMEM242,0.17500902605148566,0.06907714698527247,-0.1059318790662132
760_BAP1_P1P2_ENSG00000163930,BAP1,0.17457573496833326,0.0765275145320451,-0.09804822043628816
2275_DNAJA1_P2_ENSG00000086061,DNAJA1,0.17456268492914806,0.08481909518555066,-0.08974358974359739
5257_MRPS27_P1P2_ENSG00000113048,MRPS27,0.17325640849655463,0.04608457535456825,-0.12717183314198638
2684_EPS8L1_P2_ENSG00000131037,EPS8L1,0.17289927197298058,-0.06058714211045793,-0.2334864140834385
8730_TBCE_P1P2_ENSG00000285053,TBCE,0.17271992192719626,0.07692964255482121,-0.09579027937237505
3717_HHEX_P1P2_ENSG00000152804,HHEX,0.17246097205736582,-0.05658610027330249,-0.22904707233066832
7423_RPAP2_P1P2_ENSG00000122484,RPAP2,0.17201532811034298,0.07752623511378481,-0.09448909299655818
8271_SON_P1_ENSG00000159140,SON,0.1718116446149474,0.07992492437001297,-0.09188672024493444
9600_UPF1_P1P2_ENSG00000005007,UPF1,0.17166592820231863,0.03450557611658769,-0.13716035208573094
5317_MTHFD1_P1P2_ENSG00000100714,MTHFD1,0.17159953409737308,0.03964392751488563,-0.13195560658248745
2746_ESYT1_P2_ENSG00000139641,ESYT1,0.17090772634068466,0.037918824695060666,-0.132988901645624
9781_INTS14_P1P2_ENSG00000138614,INTS14,0.17064128352821495,0.046110093325379437,-0.12453119020283551
6319_PIAS1_P1P2_ENSG00000033800,PIAS1,0.17052314953762998,-0.05726100660475245,-0.22778415614238243
8464_SSX4_ENST00000376886.2_ENSG00000268009,SSX4,0.1703390275636149,-0.04374440144519688,-0.2140834290088118
5467_NARS2_P1P2_ENSG00000137513,NARS2,0.17018803833951734,-0.06674269262108096,-0.2369307309605983
7835_SF3B1_P1P2_ENSG00000115524,SF3B1,0.1700876112485452,0.07678489406522343,-0.09330271718332177
34_ABCF1_P2_ENSG00000204574,ABCF1,0.17001386634350196,0.0851305904154447,-0.08488327592805726
5410_MYSM1_P1P2_ENSG00000162601,MYSM1,0.1699012759120911,0.033008815139020584,-0.13689246077307052
1962_CUL3_P1P2_ENSG00000036257,CUL3,0.16841282688892445,-0.10307588340576372,-0.2714887102946882
538_ARPC3_P2_ENSG00000111229,ARPC3,0.16772547293194592,0.037300673850416716,-0.1304247990815292
1805_COX10_P1P2_ENSG00000006695,COX10,0.16733379577041407,0.051222046822838214,-0.11611174894757585
6988_QRSL1_P1P2_ENSG00000130348,QRSL1,0.16648751968167882,-0.0479020708273257,-0.21438959050900452
2925_FAM50A_P1P2_ENSG00000071859,FAM50A,0.16629141035321332,0.04459221402714196,-0.12169919632607135
8338_SPDL1_P1P2_ENSG00000040275,SPDL1,0.1659664183504152,0.0798967666091185,-0.08606965174129669
8096_SLC4A5_P1_ENSG00000188687,SLC4A5,0.16520071677747167,0.0458742720778848,-0.11932644469958685
547_ARRB2_P1P2_ENSG00000141480,ARRB2,0.164757252349452,0.08285905104826016,-0.08189820130119181
6670_PPP1R37_P1P2_ENSG00000104866,PPP1R37,0.16442428005818666,0.04567188817145492,-0.11875239188673173
9338_TSEN34_P1P2_ENSG00000170892,TSEN34,0.1643533170857661,0.08964991103907355,-0.07470340604669254
2312_DNM1_P1P2_ENSG00000106976,DNM1,0.16416980429409703,0.0692980094222932,-0.09487179487180383
6900_PTCD1_P2_ENSG00000106246,PTCD1,0.16329468680651563,0.0782200599408362,-0.08507462686567943
654_ATP5F1B_P1P2_ENSG00000110955,ATP5F1B,0.16320219262318253,0.0924788860789785,-0.07072330654420403
2443_E2F6_P1P2_ENSG00000169016,E2F6,0.16263186935990775,0.05884312079503477,-0.10378874856487298
9762_VPS51_P1P2_ENSG00000149823,VPS51,0.16257476190109726,0.05928352577403067,-0.1032912361270666
1548_CHCHD1_P1P2_ENSG00000172586,CHCHD1,0.1625023030476404,0.03758841096956138,-0.12491389207807901
1836_CPOX_P1P2_ENSG00000080819,CPOX,0.16175656234893632,0.06669341653951949,-0.09506314580941683
4292_KCNA10_ENST00000369771.2_ENSG00000143105,KCNA10,0.16116956779597474,0.06315961754721307,-0.09800995024876168
4479_KRT8_P2_ENSG00000170421,KRT8,0.1607857490864682,0.08420710385110083,-0.07657864523536738
3769_HIST1H2BM_P1P2_ENSG00000273703,HIST1H2BM,0.16075741533957058,-0.03870680203510063,-0.1994642173746712
2373_DRG1_P1P2_ENSG00000185721,DRG1,0.159006801317625,0.03918284418023187,-0.11982395713739315
1421_CDK11A_P1P2_ENSG00000008128,CDK11A,0.15652413289326508,0.05193171039039276,-0.10459242250287232
8576_SUGP1_P1P2_ENSG00000105705,SUGP1,0.15643704012657725,0.05942211475343554,-0.09701492537314171
9477_UBA1_P2_ENSG00000130985,UBA1,0.1561316164138696,0.06608186517008201,-0.0900497512437876
5956_OR4N2_ENST00000315947.1_ENSG00000176294,OR4N2,0.1559513864380659,0.031955978860560647,-0.12399540757750523
1390_CDC20_P1P2_ENSG00000117399,CDC20,0.15582884602863312,0.06287056053302828,-0.09295828549560484
10239_ZNF253_P1P2_ENSG00000256771,ZNF253,0.1558252789276719,0.06011153993034653,-0.09571373899732537
4697_LSM7_P1P2_ENSG00000130332,LSM7,0.15553898354002937,0.08041460543057222,-0.07512437810945717
9222_TRA2B_P1P2_ENSG00000136527,TRA2B,0.1545054380352701,0.06158542272718966,-0.09292001530808042
5233_MRPL4_P1P2_ENSG00000105364,MRPL4,0.15417582301548127,0.05333387888995102,-0.10084194412553024
7059_RAD17_P1P2_ENSG00000152942,RAD17,0.15366317578119257,0.03491078389446551,-0.11875239188672707
8806_TEAD3_P1P2_ENSG00000007866,TEAD3,0.15349887930759004,0.06103810624979309,-0.09246077305779694
5503_NCL_P2_ENSG00000115053,NCL,0.15337427444694907,-0.05156257974365561,-0.20493685419060467
2428_DYNLRB1_P2_ENSG00000125971,DYNLRB1,0.15307578864406549,0.06398279208837504,-0.08909299655569045
4535_LCN10_P1P2_ENSG00000187922,LCN10,0.15288486413406988,0.05395642938473567,-0.0989284347493342
6629_PPIL1_P1P2_ENSG00000137168,PPIL1,0.15250021287539256,0.06034560131778417,-0.0921546115576084
3427_GMPS_P1P2_ENSG00000163655,GMPS,0.15228982160569798,0.062125259799341075,-0.0901645618063569
"3201_FRG2_ENST00000378763.1,ENST00000504750.1_ENSG00000205097",FRG2,0.15210727673704605,0.07709770919016368,-0.07500956754688239
2724_ERVW-1_ENST00000603053.1_ENSG00000242950,ERVW-1,0.1519844046616918,-0.06550507103674974,-0.21748947569844154
7948_SKP2_P1P2_ENSG00000145604,SKP2,0.15193747054773787,0.032266594160432364,-0.11967087638730552
4994_METTL16_P1P2_ENSG00000127804,METTL16,0.1516079367522653,0.07173805538983798,-0.07986988136242734
2271_DNAAF3_P2_ENSG00000167646,DNAAF3,0.1511084681623077,0.06067601504328416,-0.09043245311902354
6128_PCID2_P2_ENSG00000126226,PCID2,0.15075659091282742,0.04095942290669118,-0.10979716800613623
104_ACTB_P1P2_ENSG00000075624,ACTB,0.15069001405316687,-0.08926406172182383,-0.2399540757749907
2187_DHFR_P1P2_ENSG00000228716,DHFR,0.15038997145101074,0.07966666490680516,-0.07072330654420558
9812_WDR26_P1P2_ENSG00000162923,WDR26,0.15023675532707328,0.2878563496630775,0.1376195943360042
4474_KRT10_P1_ENSG00000186395,KRT10,0.14964925989086403,-0.09164427244745933,-0.24129353233832335
3530_GRB2_P2_ENSG00000177885,GRB2,0.14955386193844977,0.05047234643901258,-0.0990815154994372
2812_F8A1_P1P2_ENSG00000277203,F8A1,0.14952407292264816,0.04370700441900973,-0.10581706850363844
8217_SNRNP25_P1P2_ENSG00000161981,SNRNP25,0.1495009375316108,0.04222960190205726,-0.10727133562955356
2730_ESF1_P2_ENSG00000089048,ESF1,0.14933467813717394,0.044818796009342826,-0.1045158821278311
6002_OVCA2_P1P2_ENSG00000262664,OVCA2,0.14916077688887525,0.03653161500597554,-0.11262916188289972
6676_PPP1R8_P1P2_ENSG00000117751,PPP1R8,0.14904524207620515,0.04238622944703551,-0.10665901262916963
4376_KIF14_P1P2_ENSG00000118193,KIF14,0.14866983685151003,0.03887266884537376,-0.10979716800613626
2121_DDX42_P1P2_ENSG00000198231,DDX42,0.14861775176253855,0.06273945095886188,-0.08587830080367669
4329_KDM5C_P1P2_ENSG00000126012,KDM5C,0.1478053191364136,0.053010064639661104,-0.0947952544967525
2915_FAM229A_P1P2_ENSG00000225828,FAM229A,0.1475838001362205,0.05902658620586521,-0.08855721393035529
1587_CHMP5_P1P2_ENSG00000086065,CHMP5,0.14722624395371128,0.2634145332763237,0.11618828932261241
8219_SNRNP35_P1P2_ENSG00000184209,SNRNP35,0.14719533133494755,0.07119073891244201,-0.07600459242250553
6240_PFDN5_P1P2_ENSG00000123349,PFDN5,0.1464718867094295,0.039812874080253635,-0.10665901262917586
454_ARGFX_P1P2_ENSG00000186103,ARGFX,0.14462898156492687,0.06345791382669286,-0.08117106773823403
1895_CSH2_P2_ENSG00000213218,CSH2,0.14461029997356406,0.06726625098772201,-0.07734404898584206
2260_DMRTA2_P1P2_ENSG00000142700,DMRTA2,0.14459444092699356,0.04723508386613246,-0.0973593570608611
3835_HMGN2_P1P2_ENSG00000198830,HMGN2,0.14377828551997318,0.0413289935184363,-0.10244929200153688
5255_MRPS25_P1P2_ENSG00000131368,MRPS25,0.1435717320989506,-0.07449179641234788,-0.21806352851129848
1317_CCNB1_P1P2_ENSG00000134057,CCNB1,0.14349119819531228,0.04222828200701514,-0.10126291618829715
3754_HIST1H2AI_ENST00000358739.3_ENSG00000196747,HIST1H2AI,0.14160401226434077,-0.06264397855082332,-0.2042479908151641
308_ANAPC4_P1P2_ENSG00000053900,ANAPC4,0.1405726868907155,0.0604349142156253,-0.08013777267509019
9593_UNC45A_P2_ENSG00000140553,UNC45A,0.13852791226042085,0.046985623703204436,-0.09154228855721643
5911_NXF1_P2_ENSG00000162231,NXF1,0.13778050646336062,0.04677400053147891,-0.09100650593188171
4976_MEPCE_P1P2_ENSG00000146834,MEPCE,0.1377239337312553,0.06765122037495827,-0.07007271335629701
3394_GLI4_P1P2_ENSG00000250571,GLI4,0.13713293888101546,0.043983302447790376,-0.09314963643322507
3874_HNRNPM_P2_ENSG00000099783,HNRNPM,0.136756288216896,0.0483521550366315,-0.08840413318026452
2774_EWSR1_P1P2_ENSG00000182944,EWSR1,0.1364312149897874,0.05583420006441122,-0.08059701492537619
5197_MRPL14_P1P2_ENSG00000180992,MRPL14,0.13642518408475607,-0.0653352445413505,-0.20176042862610657
4521_LARS2_P1P2_ENSG00000011376,LARS2,0.13504307798983234,0.044227922995565265,-0.09081515499426707
8332_SPC25_P1P2_ENSG00000152253,SPC25,0.13417772772555306,0.29743834770256866,0.1632606199770156
9053_TMEM240_P1P2_ENSG00000205090,TMEM240,0.13406721528274285,0.038162125347792876,-0.09590508993494998
5477_NBEAL1_P1P2_ENSG00000144426,NBEAL1,0.1340011596124153,-0.07916378489582326,-0.21316494450823856
1107_C6orf15_P1P2_ENSG00000204542,C6orf15,0.13344907797549715,-0.03949389944511485,-0.17294297742061202
6893_PSTK_P2_ENSG00000179988,PSTK,0.1334402922125893,0.055101218351117934,-0.07833907386147135
5200_MRPL17_P1P2_ENSG00000158042,MRPL17,0.1319324305792845,-0.034045372711961286,-0.16597780329124578
671_ATP6AP2_P1P2_ENSG00000182220,ATP6AP2,0.13158751154570256,0.07265142275886467,-0.05893608878683789
10708_ZRSR2_P1P2_ENSG00000169249,ZRSR2,0.13103982955891974,-0.0817041428865581,-0.21274397244547782
3434_GNB1L_P1P2_ENSG00000185838,GNB1L,0.12997715837021948,0.19744749897488287,0.06747034060466339
2828_RAMAC_P1P2_ENSG00000169612,RAMAC,0.12995022574268106,0.2192728434234999,0.08932261768081884
8056_SLC35G2_P1P2_ENSG00000168917,SLC35G2,0.12969849806774858,-0.08484417319134885,-0.21454267125909743
9255_TREML2_P1P2_ENSG00000112195,TREML2,0.12789670596165184,0.03945430259386023,-0.08844240336779162
9041_TMEM214_P1P2_ENSG00000119777,TMEM214,0.12718497117418628,-0.0500825374366213,-0.1772675086108076
5260_MRPS30_P1P2_ENSG00000112996,MRPS30,0.12542603166044328,-0.05907454239238311,-0.18450057405282638
457_ARHGAP11B_P1P2_ENSG00000284906,ARHGAP11B,0.12499293010066573,-0.0406021713153365,-0.16559510141600223
8331_SPC24_P1P2_ENSG00000161888,SPC24,0.12386011495137411,0.2548206966582082,0.1309605817068341
7010_RAB18_P1P2_ENSG00000099246,RAB18,0.12012594235430316,0.18533834189505877,0.06521239954075561
5290_MSRB1_P1P2_ENSG00000198736,MSRB1,0.12002093962719992,-0.05521824904483533,-0.17523918867203525
4552_LENG8_P1P2_ENSG00000167615,LENG8,0.11863716843391653,-0.029698078408804503,-0.14833524684272104
6317_PI4KA_P1P2_ENSG00000241973,PI4KA,0.11853647059524616,0.2789650966955121,0.16042862610026595
2376_DROSHA_P1P2_ENSG00000113360,DROSHA,0.11852851738155551,0.19418867811633608,0.07566016073478057
592_INTS13_P1P2_ENSG00000064102,INTS13,0.11839608114362885,0.03978911596949827,-0.07860696517413057
7464_RPL36AL_P1P2_ENSG00000165502,RPL36AL,0.11766484575301014,0.04893158896004864,-0.06873325679296151
9821_WDR44_P1P2_ENSG00000131725,WDR44,0.11732785285837956,-0.07069357844663988,-0.18802143130501944
9601_UPF2_P1P2_ENSG00000151461,UPF2,0.11702875787318501,-0.05560805804722168,-0.1726368159204067
9439_TWF1_P1P2_ENSG00000151239,TWF1,0.11681510409371354,-0.08471570340726423,-0.20153080750097777
6006_OXA1L_P1P2_ENSG00000155463,OXA1L,0.1157622272030855,-0.03375939545287211,-0.14952162265595761
7728_SDHD_P1P2_ENSG00000204370,SDHD,0.11402749253380991,-0.08746504477963733,-0.20149253731344724
2604_ELP2_P1P2_ENSG00000134759,ELP2,0.1135448306073947,0.20546982103984096,0.09192499043244626
8693_TARS2_P1P2_ENSG00000143374,TARS2,0.11317999808040463,0.0478145177895467,-0.06536548029085794
7173_RBM39_P1P2_ENSG00000131051,RBM39,0.1119645507328009,0.199335388849895,0.08737083811709409
5886_NUP133_P1P2_ENSG00000069248,NUP133,0.11125247074200087,0.23719965788321712,0.12594718714121625
9341_TSG101_P1P2_ENSG00000074319,TSG101,0.11093733395550387,0.31331008558197804,0.20237275162647417
9896_XPO1_P1P2_ENSG00000082898,XPO1,0.11082571144712702,0.22686092001964656,0.11603520857251953
1717_CNOT2_P1P2_ENSG00000111596,CNOT2,0.11072611013667683,0.2506801859116343,0.1399540757749575
2000_CYCS_P1P2_ENSG00000172115,CYCS,0.11021208885778297,-0.051632534180878424,-0.1618446230386614
9623_UROD_P1P2_ENSG00000126088,UROD,0.1100096034209557,-0.1145981271569392,-0.2246077305778949
6760_PRKCA_P1P2_ENSG00000154229,PRKCA,0.10977267210789157,0.18983390440792636,0.08006123230003478
5011_MEX3A_P1P2_ENSG00000254726,MEX3A,0.10880245449038992,0.24056671013522687,0.13176425564483696
1478_CENPC_P1P2_ENSG00000145241,CENPC,0.10865995320669133,0.2406921001642109,0.13203214695751955
9550_UBTF_P1P2_ENSG00000108312,UBTF,0.10864141375786521,-0.10295445306189485,-0.21159586681976006
5536_NDUFA3_P1P2_ENSG00000170906,NDUFA3,0.10824549262612412,0.04865881065138079,-0.05958668197474332
2107_DDX19B_P1_ENSG00000157349,DDX19B,0.10756429817931942,0.03232510950729194,-0.07523918867202749
6000_OTX1_P1P2_ENSG00000115507,OTX1,0.10748016333124047,-0.09768631198449806,-0.20516647531573853
7691_SCFD1_P1P2_ENSG00000092108,SCFD1,0.1069050681397728,0.2247772457134366,0.1178721775736638
9147_TNNT2_P1P2_ENSG00000118194,TNNT2,0.10644613048065099,-0.05210725643096542,-0.1585533869116164
7891_SHC1_P2_ENSG00000160691,SHC1,0.10628631488148005,-0.050391832841451545,-0.1566781477229316
10700_ZNHIT2_P1P2_ENSG00000174276,ZNHIT2,0.10611189244387309,0.21200550132254448,0.10589360887867139
9631_USP10_P1P2_ENSG00000103194,USP10,0.10609174881492042,0.2025708915627107,0.09647914274779026
263_ALG11_P1P2_ENSG00000253710,ALG11,0.10594935583030946,0.16599528005533293,0.060045924225023466
9063_TMEM258_P1P2_ENSG00000134825,TMEM258,0.10483379407825155,0.2157025273350403,0.11086873325678875
2640_ENO1_P1P2_ENSG00000074800,ENO1,0.10425213325498467,-0.04871380627812363,-0.1529659395331083
4317_KDM1A_P1P2_ENSG00000004487,KDM1A,0.10222996605774284,0.1950351708032372,0.09280520474549436
4061_IGBP1_P1P2_ENSG00000089289,IGBP1,0.10188868858071279,0.29247422244980903,0.19058553386909624
5658_NFYC_P1P2_ENSG00000066136,NFYC,0.1014767797972656,0.23676189269430542,0.13528511289703982
9510_UBE2L3_P1P2_ENSG00000185651,UBE2L3,0.10102872619571082,-0.10046381111774003,-0.20149253731345085
6905_PTEN_P1P2_ENSG00000171862,PTEN,0.10052548744401786,-0.07314462353953673,-0.1736701109835546
885_BRCA2_P1P2_ENSG00000139618,BRCA2,0.09983706403359639,0.1631742243856819,0.06333716035208552
2820_FAF2_P1P2_ENSG00000113194,FAF2,0.09911514236388833,-0.13073560390479053,-0.22985074626867885
8654_TAF13_P1P2_ENSG00000197780,TAF13,0.09869805553063861,-0.07642632257882727,-0.17512437810946588
10024_ZC3H3_P1P2_ENSG00000014164,ZC3H3,0.09838681074236703,-0.033033013214788756,-0.1314198239571558
5217_MRPL35_P1P2_ENSG00000132313,MRPL35,0.09830972887191156,-0.058483229413592484,-0.15679295828550405
2422_DYNC1I2_P1P2_ENSG00000077380,DYNC1I2,0.09821466258543599,0.20739950759117542,0.10918484500573944
7186_RBMX2_P1P2_ENSG00000134597,RBMX2,0.09811385644769047,0.18709204244079325,0.08897818599310278
7117_RARS_P1P2_ENSG00000113643,RARS,0.09800073128957035,0.2165235020511305,0.11852277076156015
5680_NISCH_P1P2_ENSG00000010322,NISCH,0.09670849312525293,-0.043819635462587735,-0.14052812858784067
2580_EIF6_P1P2_ENSG00000242372,EIF6,0.09648825340795941,0.21072476316685207,0.11423650975889266
8109_SLC7A6OS_P1P2_ENSG00000103061,SLC7A6OS,0.09595238955830238,0.1754395690454747,0.07948717948717232
2212_DHX36_P1P2_ENSG00000174953,DHX36,0.09548319733003421,0.2535008016162827,0.15801760428624848
1787_COPZ1_P2_ENSG00000111481,COPZ1,0.095116171746643,-0.10312339962726888,-0.19823957137391188
579_ASF1B_P1P2_ENSG00000105011,ASF1B,0.09510697986220147,-0.06306370517415956,-0.15817068503636103
8429_SRSF11_P1_ENSG00000116754,SRSF11,0.094508058873016,-0.06190219753725077,-0.15641025641026676
809_BCLAF1_P1P2_ENSG00000029363,BCLAF1,0.09355280006595725,-0.028567368322870417,-0.12212016838882767
6877_PSMD9_P1P2_ENSG00000110801,PSMD9,0.09327315153437202,-0.09505444127084098,-0.188327592805213
4530_LCE1C_P1P2_ENSG00000197084,LCE1C,0.09318734481927601,-0.06287847990327655,-0.15606582472255257
9618_URB2_P1P2_ENSG00000135763,URB2,0.09278554846242926,0.1774009330778065,0.08461538461537724
2353_DPM2_P1P2_ENSG00000136908,DPM2,0.09249952382248344,0.0350559723490786,-0.057443551473404846
8972_TMED10_P1P2_ENSG00000170348,TMED10,0.09217972340686255,-0.04455965661610327,-0.13673938002296582
1481_CENPH_P1P2_ENSG00000153044,CENPH,0.09182844180231384,0.2002861532450968,0.10845771144278296
1583_CHMP3_P1P2_ENSG00000115561,CHMP3,0.09162414235589506,0.2763160673463125,0.18469192499041742
2539_EIF2B5_P1P2_ENSG00000145191,EIF2B5,0.09114596807263314,0.17920566956516196,0.08805970149252881
1484_CENPK_P1P2_ENSG00000123219,CENPK,0.09105346712061613,0.18596353217992756,0.09491006505931143
2108_DDX19B_P2_ENSG00000157349,DDX19B,0.09092036755084557,-0.06173941048207552,-0.15265977803292108
6251_PGAM5_P1P2_ENSG00000247077,PGAM5,0.0903641637801546,-0.14239511674032723,-0.23275928052048184
2537_EIF2B3_P1P2_ENSG00000070785,EIF2B3,0.08973626601828744,0.1725146816325181,0.08277841561423066
5600_NELFCD_P1P2_ENSG00000101158,NELFCD,0.08938162714225423,0.16454427543922073,0.0751626482969665
10146_ZMYM4_P1P2_ENSG00000146463,ZMYM4,0.08892117329601061,-0.05126252360411891,-0.14018369690012952
6543_POLR2D_P2_ENSG00000144231,POLR2D,0.0888837085828837,-0.04422000362530991,-0.13310371220819361
4628_LPA_P1P2_ENSG00000198670,LPA,0.08873211017645678,-0.060712972104455046,-0.14944508228091183
3511_GPR61_P1P2_ENSG00000156097,GPR61,0.08776476248456683,-0.0708651648020919,-0.15862992728665873
1474_CENPA_P1_ENSG00000115163,CENPA,0.08740711830904686,-0.06597979328683566,-0.15338691159588252
1588_CHMP6_P1P2_ENSG00000176108,CHMP6,0.08696460826665642,0.29480999670904356,0.20784538844238715
8169_SMG8_P1P2_ENSG00000167447,SMG8,0.08659341316871305,-0.1052933070762328,-0.19188672024494585
5482_NBPF15_P1P2_ENSG00000266338,NBPF15,0.08645655697458839,-0.10558324402045104,-0.19203980099503942
5432_NAA50_P1P2_ENSG00000121579,NAA50,0.08560040536347299,0.21208337513001516,0.12648296976654216
5266_MRPS5_P1P2_ENSG00000144029,MRPS5,0.08545081049002161,-0.08909951480658986,-0.17455032529661146
6546_POLR2E_P1_ENSG00000099817,POLR2E,0.08543275161839647,0.20678751625671932,0.12135476463832284
6556_POLR3B_P1P2_ENSG00000013503,POLR3B,0.0849911350434181,0.1497442923338872,0.0647531572904691
978_C14orf178_P1P2_ENSG00000197734,C14orf178,0.08498484692806585,0.1912994278695006,0.10631458094143476
342_ANKRD49_P1P2_ENSG00000168876,ANKRD49,0.08351002328296211,-0.04932579761257327,-0.1328358208955354
8238_SNW1_P1_ENSG00000100603,SNW1,0.08293617353088709,0.19311604341223707,0.11017986988134998
6796_PRPF39_P1P2_ENSG00000185246,PRPF39,0.08217533187915435,-0.08208031297351517,-0.16425564485266952
6855_PSMB6_P1_ENSG00000142507,PSMB6,0.08197063984859035,0.19322207498060562,0.11125143513201527
6558_POLR3D_P1P2_ENSG00000168495,POLR3D,0.08196611159330516,0.2521919056996835,0.17022579410637836
2556_EIF3L_P1P2_ENSG00000100129,EIF3L,0.08154907890956185,-0.07130205006097874,-0.1528511289705406
4687_LSM12_P1P2_ENSG00000161654,LSM12,0.08154319691576709,-0.04486323247575241,-0.1264064293915195
8540_STRIP1_P1P2_ENSG00000143093,STRIP1,0.08084644801353952,-0.07204295114452369,-0.1528893991580632
3050_FDPS_P1P2_ENSG00000160752,FDPS,0.0808366131033012,-0.05303250285536992,-0.13386911595867113
4351_KIAA0586_P1P2_ENSG00000100578,KIAA0586,0.08051652840260116,0.1642516987049296,0.08373517030232842
2031_DAXX_P1_ENSG00000204209,DAXX,0.07957605242001045,-0.09443849025125622,-0.17401454267126668
9427_TUBGCP4_P1P2_ENSG00000137822,TUBGCP4,0.07925485088504756,0.15881857074726669,0.07956371986221912
2104_DDX17_P1P2_ENSG00000100201,DDX17,0.07894634064852776,-0.1156575629106133,-0.19460390355914106
3658_HCFC1_P1P2_ENSG00000172534,HCFC1,0.07838436318314637,0.23123549215367398,0.1528511289705276
1493_CENPW_P1P2_ENSG00000203760,CENPW,0.07835150118094318,0.16480385479746576,0.08645235361652258
9747_VPS28_P1P2_ENSG00000160948,VPS28,0.07797129695324692,0.27594297701446513,0.1979716800612182
6590_POU3F1_P1P2_ENSG00000185668,POU3F1,0.07789886517456168,0.16484873122890456,0.08694986605434288
3323_GCOM1_P1P2_ENSG00000137878,GCOM1,0.07784884453681212,-0.040903547349914283,-0.11875239188672641
8426_SRRT_P1P2_ENSG00000087087,SRRT,0.07782851815318353,0.2197726436793949,0.14194412552621136
6628_PPIH_P1P2_ENSG00000171960,PPIH,0.0773570245694145,0.14800379073856,0.07064676616914549
7038_RAB6A_P1P2_ENSG00000175582,RAB6A,0.07713360356663015,-0.04330267657115457,-0.12043628013778473
4746_MAD2L1_P1P2_ENSG00000164109,MAD2L1,0.07648201538093549,0.19485170539240246,0.11836969001146697
10586_ZNF718_ENST00000502662.1_ENSG00000250312,ZNF718,0.0763904485084607,-0.04186443094045107,-0.11825487944891178
2593_ELL_P1P2_ENSG00000105656,ELL,0.07594724129078922,0.20304253405770806,0.12709529276691883
"1121_C7orf50_ENST00000357429.6,ENST00000397098.3,ENST00000397100.2_ENSG00000146540",C7orf50,0.07498711579379093,-0.05233779809829393,-0.12732491389208486
5740_NOM1_P1P2_ENSG00000146909,NOM1,0.07480463184339217,0.18934730310247086,0.11454267125907869
5427_NAA25_P1P2_ENSG00000111300,NAA25,0.0745999736562725,-0.06252210824194762,-0.13712208189822012
5885_NUP107_P1P2_ENSG00000111581,NUP107,0.07458870378322013,0.21454277955818896,0.13995407577496882
7524_RPS3_P2_ENSG00000149273,RPS3,0.07457746098492532,-0.0455526576526623,-0.12013011863758763
4557_LETM1_P1P2_ENSG00000168924,LETM1,0.07424831977362209,0.17773090683829298,0.1034825870646709
5247_MRPS17_P1P2_ENSG00000239789,MRPS17,0.07422194894755146,-0.09577422403370942,-0.16999617298126088
2005_CYP2A13_P1P2_ENSG00000197838,CYP2A13,0.0740230170743067,-0.05904242494636622,-0.1330654420206729
3770_HIST1H2BN_P1P2_ENSG00000233822,HIST1H2BN,0.07395725922645621,-0.06274385060899665,-0.13670110983545286
7657_SARS_P1P2_ENSG00000031698,SARS,0.07392981894694886,0.15521569724774661,0.08128587830079775
7051_RABGGTB_P1P2_ENSG00000137955,RABGGTB,0.07361963007472638,0.17472946551290905,0.10110983543818267
10201_ZNF207_P2_ENSG00000010244,ZNF207,0.07330245591179212,-0.039288435783586206,-0.11259089169537832
3020_FBXO42_P1P2_ENSG00000037637,FBXO42,0.0729725430695367,-0.051711727883394606,-0.1246842709529313
9628_USF2_P1P2_ENSG00000105698,USF2,0.07287916895617691,0.159063631260042,0.08618446230386509
3664_HDAC3_P1P2_ENSG00000171720,HDAC3,0.07274488486523467,0.1807816242452487,0.10803673938001404
593_INTS13_P1P2_ENSG00000064102,INTS13,0.07209428490862281,-0.09040093131794762,-0.16249521622657043
3022_FBXO42_P1P2_ENSG00000037637,FBXO42,0.0720808084418256,-0.16909791333392027,-0.24117872177574587
1714_CNOT10_P1P2_ENSG00000182973,CNOT10,0.07195714442940593,-0.11717412231381086,-0.18913126674321679
4653_LRPPRC_P1P2_ENSG00000138095,LRPPRC,0.07189002607436805,-0.03901697736995936,-0.11090700344432741
3588_GTF3C5_P1P2_ENSG00000148308,GTF3C5,0.07180394861154726,0.16326969679370257,0.0914657481821553
1332_CCNK_P2_ENSG00000090061,CCNK,0.07170262805318367,-0.10372791155647607,-0.17543053960965974
7479_RPL7_P1P2_ENSG00000147604,RPL7,0.07150978123452195,0.18632034380626475,0.1148105625717428
10040_ZCCHC9_P1P2_ENSG00000131732,ZCCHC9,0.07120288194681607,0.13488447398661182,0.06368159203979576
9766_VPS72_P1P2_ENSG00000163159,VPS72,0.0709300630260126,0.1816457155326997,0.1107156525066871
7975_SLC1A5_P2_ENSG00000105281,SLC1A5,0.07065394098324043,-0.07136672491803167,-0.1420206659012721
9751_VPS35_P1P2_ENSG00000069329,VPS35,0.0703138480274309,0.20938770948934876,0.13907386146191786
6119_PCF11_P1P2_ENSG00000165494,PCF11,0.07031009140308167,0.2155071828688242,0.14519709146574253
1346_CCT2_P1P2_ENSG00000166226,CCT2,0.0702379506781784,0.17073546311598084,0.10049751243780244
5990_OSTC_P1P2_ENSG00000198856,OSTC,0.06992491218636243,0.14179632435627718,0.07187141216991474
1349_CCT5_P1P2_ENSG00000150753,CCT5,0.06991872560141923,0.16651267891178828,0.09659395331036905
2779_EXOC2_P1P2_ENSG00000112685,EXOC2,0.0697497519612838,0.21096674392453788,0.14121699196325407
2482_EEF1A1_P1P2_ENSG00000156508,EEF1A1,0.06953797310962886,0.18251156668022298,0.11297359357059411
6794_PRPF38A_P1P2_ENSG00000134748,PRPF38A,0.06951272588651267,0.1740668782018492,0.10455415231533655
2542_EIF2S2_P1P2_ENSG00000125977,EIF2S2,0.06926951999546685,0.15943408180181956,0.09016456180635271
1261_CCDC144NL_P1_ENSG00000205212,CCDC144NL,0.06840621387633965,-0.08823366365906714,-0.15663987753540679
9366_TSR2_P1P2_ENSG00000158526,TSR2,0.06821174934016483,0.19764152354605402,0.1294297742058892
4160_IPO11_P1P2_ENSG00000086200,IPO11,0.06815657772742986,0.18664107830146984,0.11848450057403997
524_ARMC7_P1P2_ENSG00000125449,ARMC7,0.0680616129713196,0.16205319353005856,0.09399158055873896
7482_RPLP0_P1P2_ENSG00000089157,RPLP0,0.06791317554429815,0.20821168300697124,0.14029850746267308
7656_SARS2_P1P2_ENSG00000104835,SARS2,0.06784881204708468,-0.11845046081936447,-0.18629927286644915
5853_NUBP2_P1P2_ENSG00000095906,NUBP2,0.0675334045129245,0.19990998315815203,0.13237657864522753
1779_COPS3_P1P2_ENSG00000141030,COPS3,0.0673685597752243,0.18562343922412036,0.11825487944889607
1146_CACNB3_P2_ENSG00000167535,CACNB3,0.06702327523223688,-0.07293080054273977,-0.13995407577497665
7032_RAB4A_P1P2_ENSG00000168118,RAB4A,0.06697294323462122,0.13000394208651397,0.06303099885189276
10397_ZNF492_P1P2_ENSG00000229676,ZNF492,0.06681865088858978,-0.05843967287721098,-0.12525832376580076
6854_PSMB6_P2_ENSG00000142507,PSMB6,0.06667212900154443,0.15278005093035057,0.08610792192880615
9971_ZBTB14_P1P2_ENSG00000198081,ZBTB14,0.06649464711490047,0.14663241978998115,0.08013777267508068
8185_SMNDC1_P1P2_ENSG00000119953,SMNDC1,0.06640078565569577,0.1680846739067366,0.10168388825104083
8446_SSBP1_P1P2_ENSG00000106028,SSBP1,0.06639921531901993,-0.03731299287080649,-0.10371220818982642
6771_PRKRIP1_P1_ENSG00000128563,PRKRIP1,0.0663374374623699,-0.09064687176076207,-0.15698430922313197
9655_USP39_P2_ENSG00000168883,USP39,0.06631992008611652,-0.065329524996168,-0.13164944508228452
1806_COX11_P1P2_ENSG00000166260,COX11,0.06605292224085252,0.1486782571049853,0.08262533486413279
8724_TBCA_P1P2_ENSG00000171530,TBCA,0.065840574819034,-0.05712153769532137,-0.12296211251435538
452_ARFRP1_P1P2_ENSG00000101246,ARFRP1,0.06583482143039338,-0.05483107983252849,-0.12066590126292187
4311_POGLUT3_P1P2_ENSG00000178202,POGLUT3,0.06547931616171426,-0.060238249854368174,-0.12571756601608244
5240_MRPL9_P1P2_ENSG00000143436,MRPL9,0.06520448693920067,-0.10444725435434318,-0.16965174129354385
32_ABCE1_P1P2_ENSG00000164163,ABCE1,0.0649559067063129,0.2236623743679993,0.1587064676616864
4487_KXD1_P1P2_ENSG00000105700,KXD1,0.06489249082605766,-0.052864876185044686,-0.11775736701110234
7432_RPL10_P1P2_ENSG00000147403,RPL10,0.06420781050262658,0.21457137728408537,0.1503635667814588
3518_GPS2_P1P2_ENSG00000132522,GPS2,0.06388367812377732,-0.07113354346062237,-0.1350172215843997
997_C16orf86_P1P2_ENSG00000159761,C16orf86,0.063501016860687,-0.03856557326561136,-0.10206659012629836
714_AURKA_P1P2_ENSG00000087586,AURKA,0.0628962747959313,0.22321009033362368,0.1603138155376924
1329_CCNH_P1P2_ENSG00000134480,CCNH,0.0628533612853468,0.16212622772238577,0.09927286643703898
5374_MYC_P1P2_ENSG00000136997,MYC,0.06284735745508974,0.22021436855343296,0.15736701109834322
6249_PFN1_P1P2_ENSG00000108518,PFN1,0.06264259773756253,0.1518504048558065,0.08920780711824397
1409_CDC6_P1P2_ENSG00000094804,CDC6,0.06228751889650863,0.16378005620993408,0.10149253731342545
84_ACIN1_P1_ENSG00000100813,ACIN1,0.06193077495708375,-0.09241289132689,-0.15434366628397375
2_AAAS_P1P2_ENSG00000094914,AAAS,0.06185084346708718,-0.08671402450077399,-0.14856486796786117
5539_NDUFA6_P1P2_ENSG00000184983,NDUFA6,0.06153404158225026,-0.06977097181231998,-0.13130501339457024
5959_OR7A10_ENST00000248058.1_ENSG00000127515,OR7A10,0.06127735922440225,-0.07106094923331349,-0.13233830845771574
7430_RPIA_P1P2_ENSG00000153574,RPIA,0.06124137008626579,0.18064435516089167,0.11940298507462588
7425_RPE_P1P2_ENSG00000197713,RPE,0.060639145975120226,-0.10055488387563864,-0.16119402985075887
7753_SEC61G_P1P2_ENSG00000132432,SEC61G,0.0604973621728268,0.12004577396004093,0.05954841178721413
8237_SNW1_P2_ENSG00000100603,SNW1,0.06027628313766676,-0.0505541799316108,-0.11083046306927756
7462_RPL35A_P1P2_ENSG00000182899,RPL35A,0.060239143321794864,0.20708185285106917,0.1468427095292743
9571_UFM1_P1P2_ENSG00000120686,UFM1,0.06008363261107817,-0.038002858012727875,-0.09808649062380605
9302_TRMT10C_P1P2_ENSG00000174173,TRMT10C,0.05961165168146809,-0.06775153239814208,-0.12736318407961017
801_BCL2L1_P1_ENSG00000171552,BCL2L1,0.059319054641095714,-0.075621626568254,-0.1349406812093497
5414_MZT1_P1P2_ENSG00000204899,MZT1,0.0590076338668126,0.18816951676003404,0.12916188289322145
5878_NUF2_P1P2_ENSG00000143228,NUF2,0.05876126699637152,0.2327758096676254,0.17401454267125388
4185_IRF2BP2_P2_ENSG00000168264,IRF2BP2,0.05873849034602906,-0.08756843655792527,-0.14630692690395433
1347_CCT3_P1P2_ENSG00000163468,CCT3,0.0583258708498226,0.14623249159226182,0.08790662074243921
7155_RBM14-RBM4_P1_nan,RBM14-RBM4,0.0580367393800455,0.17039800995026436,0.11236127057021886
2501_EFR3A_P1P2_ENSG00000132294,EFR3A,0.05800886590421225,-0.13648022709234986,-0.1944890929965621
5829_NSMCE2_P1P2_ENSG00000156831,NSMCE2,0.0577196464414301,0.18072002914329682,0.12300038270186672
5491_NCAPH2_P1P2_ENSG00000025770,NCAPH2,0.05762391682308121,0.1965829677224238,0.1389590508993426
9673_USP5_P2_ENSG00000111667,USP5,0.0574765962303016,-0.04198762114436569,-0.09946421737466729
9482_UBA52_P1_ENSG00000221983,UBA52,0.0572271428360798,0.1891444792310147,0.13191733639493491
10094_ZFP69B_P1P2_ENSG00000187801,ZFP69B,0.05721707779028566,-0.09662907605587394,-0.1538461538461596
2731_ESF1_P1_ENSG00000089048,ESF1,0.057212156950838616,0.17156347727230714,0.11435132032146852
8395_SRA1_P1P2_ENSG00000213523,SRA1,0.057083578867651835,0.12853401897480451,0.07145044010715268
"891_BRD4_ENST00000263377.2,ENST00000371835.4_ENSG00000141867",BRD4,0.05703843168853666,-0.10936034366547705,-0.1663987753540137
7451_RPL24_P1P2_ENSG00000114391,RPL24,0.05689698632089252,0.15544271919497898,0.09854573287408647
1825_CPAMD8_ENST00000443236.1_ENSG00000160111,CPAMD8,0.05686308194004834,-0.06862486295089514,-0.12548794489094348
9117_TMX2_P1P2_ENSG00000213593,TMX2,0.0567355259294485,0.1652697777472817,0.10853425181783319
6521_POLE2_P1P2_ENSG00000100479,POLE2,0.05648272880109868,0.12873684284625,0.07225411404515132
6152_PDCD11_P1P2_ENSG00000148843,PDCD11,0.056466693768515125,0.15497415645508167,0.09850746268656654
5218_MRPL36_P1P2_ENSG00000171421,MRPL36,0.05636389763517621,-0.06564146019108215,-0.12200535782625836
8605_SURF6_P1P2_ENSG00000148296,SURF6,0.056143874516045966,0.17520242790294066,0.1190585533868947
9926_YEATS4_P1P2_ENSG00000127337,YEATS4,0.05582781718737018,0.15655495075031736,0.10072713356294719
7188_RBMX_P1P2_ENSG00000147274,RBMX,0.055798021402894776,0.19203988898803143,0.13624186758513665
7453_RPL26_P1P2_ENSG00000161970,RPL26,0.05569688359920841,0.18726978830644098,0.13157290470723257
4215_IST1_P1P2_ENSG00000182149,IST1,0.05553000148506815,0.1888250646308702,0.13329506314580206
1716_CNOT1_P1P2_ENSG00000125107,CNOT1,0.05537375298685193,0.2753890610618541,0.2200153080750022
7245_RFC1_P1P2_ENSG00000035928,RFC1,0.05523507601446345,0.1901757572237932,0.13494068120932975
2541_EIF2S1_P1P2_ENSG00000134001,EIF2S1,0.0550102471236302,0.20235046909070678,0.14734022196707658
6605_PPAN_P1P2_ENSG00000130810,PPAN,0.054970629966280465,0.17732041948024777,0.1223497895139673
784_BCAR1_P2_ENSG00000050820,BCAR1,0.05495289599186788,-0.03739306650335078,-0.09234596249521866
9617_URB1_P1P2_ENSG00000142207,URB1,0.05493682711583403,0.1876578374487697,0.13272101033293568
7434_RPL12_P1P2_ENSG00000197958,RPL12,0.05491436859405352,0.22483400120023453,0.169919632606181
1773_COPE_P1P2_ENSG00000105669,COPE,0.05490324763223928,0.20920864372866246,0.1543053960964232
3027_FBXO5_P1P2_ENSG00000112029,FBXO5,0.05474940201987424,-0.038897746851169014,-0.09364714887104325
4718_LURAP1_P1P2_ENSG00000171357,LURAP1,0.054545996040867586,-0.0598053242806124,-0.11435132032147999
2217_DHX8_P1P2_ENSG00000067596,DHX8,0.05451391920699734,-0.047169969044057895,-0.10168388825105523
2508_EGLN2_P1_ENSG00000269858,EGLN2,0.054494797650616364,-0.03589938528088228,-0.09039418293149865
7623_S100A1_P2_ENSG00000160678,S100A1,0.05445990504066059,0.1299669850253463,0.0755070799846857
8161_SMC6_P1P2_ENSG00000163029,SMC6,0.05414149897571541,0.1776393941153933,0.1234978951396779
9512_UBE2M_P1P2_ENSG00000130725,UBE2M,0.05373548572339759,-0.15567898040749745,-0.20941446613089504
1780_COPS4_P1P2_ENSG00000138663,COPS4,0.05371827293832945,0.1474802323719205,0.09376195943359106
2529_EIF1_P1P2_ENSG00000173812,EIF1,0.05371157870143015,-0.06201746837091001,-0.11572904707234016
5263_MRPS34_P1P2_ENSG00000074071,MRPS34,0.053434163838394666,0.20750993880968496,0.1540757749712903
9837_WDR70_P1P2_ENSG00000082068,WDR70,0.05322893708108062,0.16386804921272374,0.11063911213164312
9898_XPO5_P1P2_ENSG00000124571,XPO5,0.053172540334987334,0.18822803210688954,0.1350554917719022
6533_POLR1A_P1P2_ENSG00000068654,POLR1A,0.053099039102868784,0.14571289291074563,0.09261385380787684
640_ATP11B_P1P2_ENSG00000058063,ATP11B,0.05274268097893868,0.13299526421658636,0.08025258323764768
8717_TBC1D28_ENST00000345096.4_ENSG00000189375,TBC1D28,0.05265783541816748,-0.055761605837103025,-0.1084194412552705
9319_TRNT1_P1P2_ENSG00000072756,TRNT1,0.052619944277427944,0.17772518729311096,0.12510524301568302
10236_ZNF24_P1P2_ENSG00000172466,ZNF24,0.05255822733900159,-0.0817318606824397,-0.1342900880214413
4150_INTS5_P1P2_ENSG00000185085,INTS5,0.05254723498236666,0.21929044202406872,0.16674320704170206
7779_SEPHS2_P1P2_ENSG00000179918,SEPHS2,0.05218405401634724,0.15555183051844884,0.1033677765021016
9057_TMEM242_P1P2_ENSG00000215712,TMEM242,0.052103364432756843,0.12711293197963666,0.07500956754687982
1483_CENPJ_P1P2_ENSG00000151849,CENPJ,0.05204268987300009,0.19444605764950118,0.1424033677765011
1432_CDK2_P1P2_ENSG00000123374,CDK2,0.05187613942479259,-0.06829224940032554,-0.12016838882511813
8798_TDGF1_P1P2_ENSG00000241186,TDGF1,0.051780260895204995,-0.045808717290798474,-0.09758897818600347
8680_TANGO6_P1P2_ENSG00000103047,TANGO6,0.0517162358326268,0.15431860858424246,0.10260237275161566
1365_CD3EAP_P1P2_ENSG00000117877,CD3EAP,0.051527281012149206,0.14050546700525296,0.08897818599310375
5860_NUDCD3_P1P2_ENSG00000015676,NUDCD3,0.05111824892303146,0.1931006446367617,0.14198239571373023
7099_RAN_P1P2_ENSG00000132341,RAN,0.05094367757417326,0.1859991693460826,0.13505549177190934
10544_ZNF676_ENST00000397121.2_ENSG00000196109,ZNF676,0.050858689870837054,-0.06823813370360617,-0.11909682357444322
7403_RNMT_P1P2_ENSG00000101654,RNMT,0.050469117772696526,0.2013684671794945,0.15089934940679797
4941_MED19_P1P2_ENSG00000156603,MED19,0.04975892624712125,0.16284733038029825,0.113088404133177
5248_MRPS18A_P1P2_ENSG00000096080,MRPS18A,0.049511977269116665,-0.04956953823031914,-0.09908151549943581
6603_PPA1_P1P2_ENSG00000180817,PPA1,0.049499049066402706,0.18826674902812895,0.13876769996172625
304_ANAPC15_P1P2_ENSG00000110200,ANAPC15,0.04948043516196064,-0.06127348753227016,-0.1107539226942308
3950_HSD17B12_P1P2_ENSG00000149084,HSD17B12,0.049167728336077327,0.12559329282134307,0.07642556448526575
4691_LSM2_P1P2_ENSG00000204392,LSM2,0.04907609377673325,0.15466354115521347,0.10558744737848022
667_ATP5PO_P1P2_ENSG00000241837,ATP5PO,0.04903158285469378,-0.06968253884451109,-0.11871412169920487
2605_ELP3_P1P2_ENSG00000134014,ELP3,0.04881478163318942,0.15704287195082886,0.10822809031763944
6970_PXN_P1P2_ENSG00000089159,PXN,0.04878633958721326,-0.05852326622986724,-0.1073096058170805
9458_TXNL4B_P1P2_ENSG00000140830,TXNL4B,0.04877479896645229,0.15233392640616727,0.10355912743971499
4875_MBD3_P1P2_ENSG00000071655,MBD3,0.048642173205168074,-0.07278913180823603,-0.1214313050134041
8557_STX5_P1P2_ENSG00000162236,STX5,0.04847904771536596,0.14403970596258317,0.09556065824721721
1469_CEBPG_P1P2_ENSG00000153879,CEBPG,0.04841074483911895,0.16574713978745145,0.1173363949483325
5241_MRPS10_P1P2_ENSG00000048544,MRPS10,0.04837646818018294,-0.05047542619410716,-0.0988518943742901
6681_PPP2R1A_P1_ENSG00000105568,PPP2R1A,0.04755284013661615,0.1476293805116537,0.10007654037503755
1841_INTS11_P1P2_ENSG00000127054,INTS11,0.047526157950680686,0.12609485293728584,0.07856869498660515
8438_SRSF7_P1P2_ENSG00000115875,SRSF7,0.04749001313261958,0.17293968783601724,0.12544967470339766
5949_OR1D2_ENST00000331459.1_ENSG00000184166,OR1D2,0.04743991127056846,-0.035759476406434385,-0.08319938767700284
9831_WDR5_P1P2_ENSG00000196363,WDR5,0.04743714287532824,0.16997828332691667,0.12254114045158843
7507_RPS18_P1P2_ENSG00000231500,RPS18,0.04737325318659891,0.15445323787851428,0.10707998469191538
3985_HSPD1_P1P2_ENSG00000144381,HSPD1,0.04728832640151512,0.14682908415122164,0.09954075774970653
7520_RPS29_P2_ENSG00000213741,RPS29,0.04727866070858949,0.13694571007712342,0.08966704936853392
8931_TINF2_P1P2_ENSG00000092330,TINF2,0.047266537980275636,0.13555586059795,0.08828932261767436
541_ARPC4_P1P2_ENSG00000241553,ARPC4,0.0472217224670958,0.17565647179736685,0.12843474933027105
6524_POLE_P1P2_ENSG00000177084,POLE,0.04718493462324819,0.1740888764525536,0.12690394182930542
4389_KIF23_P1P2_ENSG00000137807,KIF23,0.04716464208302726,0.10908580549672774,0.06192116341370048
7501_RPS13_P1P2_ENSG00000110700,RPS13,0.04699959428457007,0.1782280673040854,0.13122847301951535
2733_ESPN_P1_ENSG00000187017,ESPN,0.04668439657985993,0.13707857951135596,0.09039418293149604
9686_UTP3_P1P2_ENSG00000132467,UTP3,0.04661094949728342,0.13218308880076554,0.08557213930348212
1197_CARS_P1P2_ENSG00000110619,CARS,0.046314155867549,0.12794446585606628,0.08163030998851728
7419_RPA2_P1P2_ENSG00000117748,RPA2,0.04625639861427344,0.15704859149600173,0.11079219288172829
3567_GTF2A2_P1P2_ENSG00000140307,GTF2A2,0.046054711883162125,-0.06060430074600216,-0.10665901262916429
629_ATIC_P1P2_ENSG00000138363,ATIC,0.04593255052049122,0.1416080193302778,0.09567546880978658
2164_DESI1_P1P2_ENSG00000100418,DESI1,0.045884668789625355,0.21412041314476007,0.16823574435513472
1839_CPSF1_P1P2_ENSG00000071894,CPSF1,0.04567454826761372,0.14529184639236997,0.09961729812475625
7839_SF3B5_P1P2_ENSG00000169976,SF3B5,0.04564220068605421,0.13898318805688087,0.09334098737082666
3133_FOLR3_P1_ENSG00000110203,FOLR3,0.045641273375178495,-0.07521597882536249,-0.12085725220054098
7645_SAMM50_P1P2_ENSG00000100347,SAMM50,0.04539743799572929,0.15783524894100265,0.11243781094527336
9337_TSEN2_P1P2_ENSG00000154743,TSEN2,0.0452270835423314,0.2342818099104802,0.1890547263681488
127_ADAM10_P1P2_ENSG00000137845,ADAM10,0.04478891223187001,0.17184593481127228,0.12705702257940227
3284_GAR1_P1P2_ENSG00000109534,GAR1,0.04441808941201081,0.18678318700097607,0.14236509758896526
8725_TBCB_P1P2_ENSG00000105254,TBCB,0.04415867927104933,0.11534122806552935,0.07118254879448002
859_BMS1_P1P2_ENSG00000165733,BMS1,0.044138434111743285,0.2023473893356126,0.15820895522386932
10542_ZNF674_P1P2_ENSG00000251192,ZNF674,0.04400366267491036,-0.06476021026807725,-0.10876387294298762
8888_THOC2_P1P2_ENSG00000125676,THOC2,0.043689690103549145,0.2343517643477108,0.19066207424416165
7536_RPS6_P1P2_ENSG00000137154,RPS6,0.043543479576377386,0.18613819829048833,0.14259471871411095
5293_MSTO1_P1P2_ENSG00000125459,MSTO1,0.04328307443761065,0.11653221335838503,0.07324913892077438
3944_HS6ST1_P1P2_ENSG00000136720,HS6ST1,0.04326448760794879,-0.0905663581632005,-0.1338308457711493
2076_DCTN4_P1P2_ENSG00000132912,DCTN4,0.043245866934831484,0.18473075021075203,0.14148488327592054
7502_RPS14_P1P2_ENSG00000164587,RPS14,0.04323993756017594,0.15368769875419228,0.11044776119401634
7450_RPL23_P1P2_ENSG00000125691,RPL23,0.04290511064714017,0.17068926678950472,0.12778415614236455
2858_FAM136A_P1P2_ENSG00000035141,FAM136A,0.04261927553061276,0.19359516531246684,0.15097588978185408
7833_SF3A2_P1_ENSG00000104897,SF3A2,0.04259427874912122,0.1791040376469229,0.13650975889780168
3589_GTF3C6_P1P2_ENSG00000155115,GTF3C6,0.042463676826887814,-0.07188764349458548,-0.1143513203214733
5448_NAE1_P1P2_ENSG00000159593,NAE1,0.04227537180091309,-0.1467028141922176,-0.18897818599313068
8266_SOD1_P1P2_ENSG00000142168,SOD1,0.042222014197746766,0.15354998970482456,0.11132797550707779
3473_GON4L_P1_ENSG00000116580,GON4L,0.041113397124209694,0.15297715525660996,0.11186375813240026
8498_STAT5A_P1P2_ENSG00000126561,STAT5A,0.041096340019044705,-0.09522206794116374,-0.13631840796020844
9151_TNPO3_P1P2_ENSG00000064419,TNPO3,0.04059186936533746,0.17886205688924806,0.1382701875239106
10380_ZNF468_P1P2_ENSG00000204604,ZNF468,0.040536833126413485,-0.13236787410665968,-0.17290470723307316
5216_MRPL34_P1P2_ENSG00000130312,MRPL34,0.04049894875439153,0.17329649946237294,0.1327975507079814
9480_UBA3_P1P2_ENSG00000144744,UBA3,0.040092042034680905,-0.08298488104225664,-0.12307692307693754
6131_PCM1_P1P2_ENSG00000078674,PCM1,0.040079655327340674,0.13055037863388033,0.09047072330653966
1487_CENPN_P1P2_ENSG00000166451,CENPN,0.04003520532357932,0.1826681942252098,0.14263298890163048
968_C12orf60_P1P2_ENSG00000182993,C12orf60,0.03999086361884702,0.20803525703636772,0.1680443934175207
7670_SBNO1_P1P2_ENSG00000139697,SBNO1,0.03980244352507972,0.13754450246116,0.09774205893608029
6554_POLR2M_P1P2_ENSG00000255529,POLR2M,0.03945866840054063,-0.08013566761171209,-0.11959433601225272
5543_NDUFAB1_P1P2_ENSG00000004779,NDUFAB1,0.03941237731238714,0.1605757910131051,0.12116341370071795
1831_CPNE1_P1P2_ENSG00000214078,CPNE1,0.039406630692440076,0.23255626712565525,0.19314963643321517
7819_SETD5_P1P2_ENSG00000168137,SETD5,0.03932039754968503,0.15286804393315037,0.11354764638346534
6050_PAM16_P1P2_ENSG00000217930,PAM16,0.03922885775198354,0.1401856124400716,0.10095675468808807
2128_DDX52_P1P2_ENSG00000278053,DDX52,0.03911365460528343,0.16284117087010927,0.12372751626482584
6844_PSMA4_P1P2_ENSG00000041357,PSMA4,0.039032234002935984,0.18250716703008507,0.1434749330271491
7206_RCL1_P1P2_ENSG00000120158,RCL1,0.03871012546313435,0.16695352385578366,0.1282433983926493
8272_SON_P2_ENSG00000159140,SON,0.038610104493727995,-0.03548097855258506,-0.07409108304631305
4331_KDM8_P1P2_ENSG00000155666,KDM8,0.038244019758628116,-0.03852597641435528,-0.0767699961729834
5489_NCAPG2_P1P2_ENSG00000146918,NCAPG2,0.038234909098518566,0.19353533007056703,0.15530042097204846
6228_PEX19_P1P2_ENSG00000162735,PEX19,0.038067248584686686,0.13098726389275744,0.09292001530807076
4935_MED14_P1P2_ENSG00000180182,MED14,0.037969677881991876,0.14638911913724278,0.10841944125525091
6577_POP7_P1P2_ENSG00000172336,POP7,0.03795806280561115,0.1503576035633522,0.11239954075774106
8334_SPCS2_P1P2_ENSG00000118363,SPCS2,0.03795585621185901,0.14782956459302926,0.10987370838117025
934_BUB1B_P1P2_ENSG00000156970,BUB1B,0.037908942404013574,0.19596481687778716,0.1580558744737736
2414_DUT_P1P2_ENSG00000128951,DUT,0.03788871755070036,0.1338320776731641,0.09594336012246374
7737_SEC16A_P1P2_ENSG00000148396,SEC16A,0.03785675578462519,-0.08422514241667922,-0.12208189820130441
9242_TRAPPC11_P1P2_ENSG00000168538,TRAPPC11,0.037592851231862096,0.16717570618784755,0.12958285495598545
5746_NOP14_P1P2_ENSG00000087269,NOP14,0.037420615081929814,0.14840415890127812,0.1109835438193483
2782_EXOC5_P1P2_ENSG00000070367,EXOC5,0.03737684871606886,0.14717401672219024,0.10979716800612138
3872_HNRNPL_P1_ENSG00000104824,HNRNPL,0.037356217741263464,0.1449337148709904,0.10757749712972695
9811_WDR25_P1P2_ENSG00000176473,WDR25,0.03720232474805846,0.12790266917973867,0.09070034443168021
8416_SRP68_P1P2_ENSG00000167881,SRP68,0.03715379322269577,0.1917653508193129,0.15461155759661713
9364_TSR1_P1_ENSG00000167721,TSR1,0.037151444486369534,0.18097080920125325,0.1438193647148837
5953_OR2T5_ENST00000366473.2_ENSG00000203661,OR2T5,0.03708390647237775,-0.04672780420500772,-0.08381171067738546
4281_KAT8_P1_ENSG00000103510,KAT8,0.03684564172689003,0.19046217444789434,0.1536165327210043
6720_PRDM10_P1P2_ENSG00000170325,PRDM10,0.036806437459788566,0.15532920822136034,0.11852277076157178
10336_ZNF407_ENST00000299687.5_ENSG00000215421,ZNF407,0.03668400534944388,-0.06687512209028951,-0.10355912743973339
6024_PABPC1_P1P2_ENSG00000070756,PABPC1,0.036676261965169044,0.33958479621698623,0.3029085342518172
2209_DHX33_P1P2_ENSG00000005100,DHX33,0.03663367335184489,0.14600986929519305,0.10937619594334816
2784_EXOC7_P1P2_ENSG00000182473,EXOC7,0.036567563531975045,0.17265635036701985,0.1360887868350448
2750_ETF1_P1P2_ENSG00000120705,ETF1,0.036465552566973286,0.19031170641311107,0.15384615384613778
3545_GRWD1_P1P2_ENSG00000105447,GRWD1,0.036449619064782196,0.15742168182788088,0.12097206276309869
9741_VPS13D_P1P2_ENSG00000048707,VPS13D,0.03627803270931643,0.15725009547241814,0.12097206276310171
3594_GTPBP4_P1P2_ENSG00000107937,GTPBP4,0.036049162909016774,0.11672271820943092,0.08067355530041415
2364_DPY19L2_P1P2_ENSG00000177990,DPY19L2,0.036005315318872515,-0.05909610067807241,-0.09510141599694492
1781_COPS5_P1P2_ENSG00000121022,COPS5,0.036002154339454084,0.12700866027132723,0.09100650593187315
7795_SERF2_P1_ENSG00000140264,SERF2,0.035984014243487905,0.12890402955155897,0.09292001530807106
4995_METTL17_P1P2_ENSG00000165792,METTL17,0.03594569667513249,-0.0653937598882088,-0.10133945656334128
6276_PHB_P1P2_ENSG00000167085,PHB,0.03591461483904865,0.141923034280301,0.10600841944125236
2972_FARS2_P1P2_ENSG00000145982,FARS2,0.03565349221891778,0.15283680641715516,0.11718331419823738
9253_TRAPPC8_P1P2_ENSG00000153339,TRAPPC8,0.0355829962862963,0.15219225767167077,0.11660926138537447
8873_THAP1_P1P2_ENSG00000131931,THAP1,0.03536037398924605,0.17435769507610294,0.1389973210868569
2133_DDX59_P1P2_ENSG00000118197,DDX59,0.03518130145983504,-0.06715317997912634,-0.10233448143896139
2578_EIF5_P1_ENSG00000100664,EIF5,0.0351003749720471,0.14933688473092627,0.11423650975887917
2105_DDX18_P1P2_ENSG00000088205,DDX18,0.035095318758737254,0.1580574312730802,0.12296211251434294
6923_PTPN11_P1P2_ENSG00000179295,PTPN11,0.03493650492605807,-0.0882934989009686,-0.12323000382702667
7475_RPL5_P1P2_ENSG00000122406,RPL5,0.03489987953080603,0.12498790096211046,0.09008802143130443
4472_KRR1_P1P2_ENSG00000111615,KRR1,0.034856458368281246,0.14063525668437807,0.10577879831609682
9_AAR2_P1P2_ENSG00000131043,AAR2,0.03478795243124294,0.0990053270963775,0.06421737466513455
8994_TMEM127_P1P2_ENSG00000135956,TMEM127,0.03472142972113927,-0.1005636831759227,-0.13528511289706197
376_AP2M1_P2_ENSG00000161203,AP2M1,0.03463009975293274,-0.09215903151382027,-0.126789131266753
9592_UNC45A_P1_ENSG00000140553,UNC45A,0.034500973405670154,0.09802948469537295,0.0635285112897028
2682_EPS8L1_P1_ENSG00000131037,EPS8L1,0.03441967463979355,-0.08062050905711785,-0.1150401836969114
"2546_EIF3CL_ENST00000380876.4,ENST00000398943.3,ENST00000398944.3_ENSG00000205609",EIF3CL,0.03440507457002334,0.20248773817507001,0.16808266360504667
9398_TTI1_P1P2_ENSG00000101407,TTI1,0.034331085992056365,0.1597042203204049,0.12537313432834854
4312_POGLUT3_P1P2_ENSG00000178202,POGLUT3,0.03428224987549858,0.1397548866914085,0.10547263681590993
3517_GPS1_P1P2_ENSG00000169727,GPS1,0.03410595251005155,0.17761915572473871,0.14351320321468716
7576_RSL1D1_P1_ENSG00000171490,RSL1D1,0.03409619205544351,0.17715015301984172,0.1430539609643982
7436_RPL13A_P2_ENSG00000142541,RPL13A,0.03399287473275553,0.152592185869375,0.11859931113661948
9506_UBE2I_P1P2_ENSG00000103275,UBE2I,0.033765602343920356,0.1136354837063258,0.07986988136240544
5908_NUTF2_P1P2_ENSG00000102898,NUTF2,0.0336583117987482,0.16611143081903093,0.13245311902028273
4333_KEAP1_P1P2_ENSG00000079999,KEAP1,0.033594137824933715,-0.0923147791287686,-0.12590891695370232
5665_NHLRC2_P1P2_ENSG00000196865,NHLRC2,0.03358258366678815,0.11597829740578039,0.08239571373899224
5546_NDUFAF3_P1P2_ENSG00000178057,NDUFAF3,0.0334929729464938,-0.049974306043180365,-0.08346727898967417
8335_SPCS3_P1_ENSG00000129128,SPCS3,0.03335122298765289,0.1285291793596365,0.09517795637198362
1768_COMTD1_P1P2_ENSG00000165644,COMTD1,0.033297811234973856,-0.08644960552737216,-0.11974741676234602
9793_WBP1_P1P2_ENSG00000239779,WBP1,0.03304144023697933,-0.10339177828579832,-0.13643321852277765
8872_THAP11_P1P2_ENSG00000168286,THAP11,0.03298638369199737,0.10765151955115618,0.07466513585915881
8921_TIMM23B_P1P2_ENSG00000204152,TIMM23B,0.032895784742597356,0.1774040128329132,0.14450822809031585
7460_RPL32_P1P2_ENSG00000144713,RPL32,0.03276317928737457,0.17130125812395924,0.13853807883658467
5702_NLE1_P1P2_ENSG00000073536,NLE1,0.03274673813325027,0.16787877028019255,0.13513203214694228
8886_THG1L_P1P2_ENSG00000113272,THG1L,0.03247597012624767,0.156586188266311,0.12411021814006332
5162_MPG_P1P2_ENSG00000103152,MPG,0.03246364433716134,0.126684846021041,0.09422120168387965
9702_VARS2_P1P2_ENSG00000137411,VARS2,0.032452827966513886,-0.06881008822178208,-0.10126291618829597
5208_MRPL24_P1P2_ENSG00000143314,MRPL24,0.03243072818543423,-0.05945599205950948,-0.09188672024494371
1628_CKAP5_P1_ENSG00000175216,CKAP5,0.03232842616661258,0.13814549467024406,0.10581706850363148
6654_PPP1R12A_P1P2_ENSG00000058272,PPP1R12A,0.03232620603547928,0.14051602616559383,0.10818982013011455
3833_HMGCS1_P1P2_ENSG00000112972,HMGCS1,0.03227512271303137,0.18746073312251949,0.1551856104094881
7781_SEPSECS_P1P2_ENSG00000109618,SEPSECS,0.032098818578875005,-0.08068342405411891,-0.11278224263299391
6798_PRPF40A_P1P2_ENSG00000196504,PRPF40A,0.031930988847773956,0.15431904854926345,0.1223880597014895
10702_ZNHIT6_P1P2_ENSG00000117174,ZNHIT6,0.03166855310128372,0.13541903147861598,0.10375047837733226
5951_OR2A1_ENST00000408951.1_ENSG00000221970,OR2A1,0.03160178671823888,-0.07547819797369579,-0.10707998469193467
8415_SRP54_P1P2_ENSG00000100883,SRP54,0.03127283503031303,0.11902637502264488,0.08775353999233185
9916_YAE1_P1P2_ENSG00000241127,YAE1,0.031233184029522854,0.16594424411371184,0.13471106008418898
7714_SDC1_P1P2_ENSG00000115884,SDC1,0.03109386403132905,0.14923393291765336,0.1181400688863243
9790_WBP11_P1_ENSG00000084463,WBP11,0.03101549610929677,0.16626233881881894,0.13524684270952217
9421_TUBB_P2_ENSG00000196230,TUBB,0.03100428715444939,0.10536326151342112,0.07435897435897174
6576_POP5_P1P2_ENSG00000167272,POP5,0.03100037485022747,0.17776654400444017,0.1467661691542127
6453_PLK1_P1P2_ENSG00000166851,PLK1,0.03097628507350081,0.13357865782512296,0.10260237275162215
1892_CSDE1_P1P2_ENSG00000009307,CSDE1,0.03073729607791814,0.1527426539041694,0.12200535782625127
5244_MRPS14_P1P2_ENSG00000120333,MRPS14,0.030707980870593087,-0.040398027548849226,-0.07110600841944231
1670_CLOCK_P1P2_ENSG00000134852,CLOCK,0.030542398345408617,-0.09119506816818379,-0.12173746651359241
8307_SP2_P1P2_ENSG00000167182,SP2,0.030499633746046806,0.14458306275484722,0.11408342900880042
2238_DLD_P1P2_ENSG00000091140,DLD,0.030494976885600183,0.1530743875247022,0.12257941063910202
4952_MED29_P1P2_ENSG00000063322,MED29,0.030260258934989487,0.14663989919521578,0.11637964026022629
216_AIFM1_P1P2_ENSG00000156709,AIFM1,0.030209047007356916,-0.04346106397618978,-0.0736701109835467
4004_IARS_P1P2_ENSG00000196305,IARS,0.03001161101514986,0.12362048969864907,0.09360887868349921
1701_CMTR1_P1P2_ENSG00000137200,CMTR1,0.029973706337034667,-0.08824290292436461,-0.11821660926139928
1351_CCT7_P1P2_ENSG00000135624,CCT7,0.0298368095307609,0.1749190904339296,0.14508228090316871
1288_CCDC6_P1P2_ENSG00000108091,CCDC6,0.02971837094900162,-0.17146800486425406,-0.20118637581325569
9473_U2AF1_P1P2_ENSG00000160201,U2AF1,0.029655442414620037,0.17416367050492412,0.14450822809030409
3548_GSDMA_P1P2_ENSG00000167914,GSDMA,0.02920102624209779,-0.08461451145404718,-0.11381553769614497
6728_PRDM4_P1P2_ENSG00000110851,PRDM4,0.028926515148135795,-0.10961156368846103,-0.13853807883659683
3632_HARS_P1P2_ENSG00000170445,HARS,0.028797720466810256,0.14464157810170905,0.1158438576348988
815_BDP1_P1P2_ENSG00000145734,BDP1,0.02871797850021046,0.19121319472676102,0.16249521622655055
936_BUB3_P1P2_ENSG00000154473,BUB3,0.02864622359076019,0.14116057491107545,0.11251435132031526
9425_TUBGCP2_P1P2_ENSG00000130640,TUBGCP2,0.02856652223632311,0.1854742910843824,0.1569077688480593
5022_MFN2_P1_ENSG00000116688,MFN2,0.02845462221152628,0.15466970066540492,0.12621507845387864
8666_TAF5_P1P2_ENSG00000148835,TAF5,0.02819023708159049,0.16205935304025154,0.13386911595866105
6033_PAFAH1B1_P1P2_ENSG00000007168,PAFAH1B1,0.02817743748404175,0.15932937012848944,0.1311519326444477
9534_UBL5_P1P2_ENSG00000198258,UBL5,0.02805962839067025,0.1498353650917724,0.12177573670110214
5891_NUP205_P1P2_ENSG00000155561,NUP205,0.027543982625568092,0.12689338943765294,0.09934940681208485
7142_RBBP6_P1P2_ENSG00000122257,RBBP6,0.027499112962851638,0.11444897901718305,0.08694986605433142
6135_PCNA_P1P2_ENSG00000132646,PCNA,0.02737060256660792,0.153891842520679,0.12652123995407108
7228_RELL2_P1P2_ENSG00000164620,RELL2,0.027235093342339395,0.19106976613221224,0.16383467278987285
4270_KANSL1_P1P2_ENSG00000120071,KANSL1,0.027154952022840406,0.15329349010167287,0.12613853807883246
5936_OLFML3_P1P2_ENSG00000116774,OLFML3,0.02678128635209437,0.10737830127745976,0.08059701492536539
7503_RPS15A_P1P2_ENSG00000134419,RPS15A,0.02676370805764075,0.15971433951572614,0.1329506314580854
10746_AC118549.1_P1P2_ENSG00000036549,AC118549.1,0.026595478973692244,0.17355299906552515,0.1469575200918329
7564_RRP1_P1P2_ENSG00000160214,RRP1,0.026583214102813682,0.08926978126699257,0.06268656716417889
5190_MRGBP_P1P2_ENSG00000101189,MRGBP,0.026363238364500857,0.1463020060644533,0.11993876769995243
10020_ZC3H13_P1P2_ENSG00000123200,ZC3H13,0.026322788658005303,0.16134001024238953,0.13501722158438423
5944_OPA1_P1P2_ENSG00000198836,OPA1,0.026288417237373934,0.15353679075439985,0.12724837351702592
9424_TUBG1_P1P2_ENSG00000131462,TUBG1,0.02599335639292555,0.1317338845214907,0.10574052812856516
3861_HNRNPC_P1P2_ENSG00000092199,HNRNPC,0.02593180190312186,0.1443397621021117,0.11840796019898983
7918_SIN3A_P1_ENSG00000169375,SIN3A,0.025543319564448996,0.11662636587137032,0.09108304630692132
7498_RPS10_P1P2_ENSG00000124614,RPS10,0.02501117849570536,0.16955767677353817,0.1445464982778328
9312_TRMT5_P1P2_ENSG00000126814,TRMT5,0.024764479959311747,0.10781078688620979,0.08304630692689804
7459_RPL31_P1P2_ENSG00000071082,RPL31,0.02450370931118659,0.16051595577119246,0.13601224646000587
2087_DDB1_P1_ENSG00000167986,DDB1,0.024483667212656823,0.16409331129989874,0.1396096440872419
3124_FNBP4_P1P2_ENSG00000109920,FNBP4,0.024453607449159642,0.1582844532202811,0.13383084577112145
3570_GTF2E2_P1P2_ENSG00000197265,GTF2E2,0.024334478460737413,0.14132644172134856,0.11699196326061115
6928_PTPN23_P1P2_ENSG00000076201,PTPN23,0.02427168530021162,0.15190276069247197,0.12763107539226035
5969_ORC5_P1P2_ENSG00000164815,ORC5,0.024270426323403288,0.1522459334033723,0.12797550707996902
7562_RRP15_P1P2_ENSG00000067533,RRP15,0.024255135846980247,0.155330528116392,0.13107539226941176
6852_PSMB4_P1P2_ENSG00000159377,PSMB4,0.024236413643464266,0.12408333289336224,0.09984691924989797
8820_TERF2_P1P2_ENSG00000132604,TERF2,0.024161775271004562,0.11742622226678921,0.09326444699578465
9153_TNRC6A_P1P2_ENSG00000090905,TNRC6A,0.02412364045734161,0.13062957233640288,0.10650593187906127
6678_PPP2CA_P1P2_ENSG00000113575,PPP2CA,0.024111646334180475,0.1324545472143861,0.10834290088020562
6896_PTBP1_P1P2_ENSG00000011304,PTBP1,0.024047208381367507,0.13621712801396824,0.11216991963260073
8597_SUPT4H1_P1P2_ENSG00000213246,SUPT4H1,0.024044142163667542,0.10643985590265709,0.08239571373898955
7454_RPL27A_P1P2_ENSG00000166441,RPL27A,0.02402808005630999,0.14993699700999857,0.12590891695368858
9493_UBC_P1P2_ENSG00000150991,UBC,0.023869699419982543,0.19956813034228812,0.17569843092230558
6843_PSMA3_P1P2_ENSG00000100567,PSMA3,0.023740776133507807,0.1570741094668303,0.13333333333332248
1206_CASP8AP2_P1P2_ENSG00000118412,CASP8AP2,0.02367939762969365,0.1532622525856768,0.12958285495598315
1586_CHMP4B_P1P2_ENSG00000101421,CHMP4B,0.02354855880324802,0.20690102723033285,0.18335246842708483
2131_DDX55_P1P2_ENSG00000111364,DDX55,0.023241036795823566,0.17184417495119877,0.1486031381553752
1775_COPG1_P2_ENSG00000181789,COPG1,0.023184098554337743,-0.05312665536836178,-0.07631075392269952
2338_DPAGT1_P1P2_ENSG00000172269,DPAGT1,0.0231780541119167,0.15149799287960836,0.12831993876769165
7526_RPS4X_P1P2_ENSG00000198034,RPS4X,0.023157612660484814,0.11301601296663806,0.08985840030615325
2225_UTP25_P1P2_ENSG00000117597,UTP25,0.02313109969188197,0.12228915556634516,0.09915805587446319
1894_CSH2_P1_ENSG00000213218,CSH2,0.02310126329523888,-0.04643566743572274,-0.06953693073096162
5900_NUP62_P1P2_ENSG00000213024,NUP62,0.023073687641907065,0.18070859005292678,0.1576349024110197
7461_RPL34_P1P2_ENSG00000109475,RPL34,0.023053882447592433,0.18065051467108018,0.15759663222348774
6537_POLR1D_P1_ENSG00000186184,POLR1D,0.02300768612111795,0.14329088550878394,0.12028319938766599
1385_CDAN1_P1P2_ENSG00000140326,CDAN1,0.02299618611249199,0.13547226724528538,0.11247608113279339
1424_CDK12_P1P2_ENSG00000167258,CDK12,0.022969558076126648,0.08936833343012425,0.0663987753539976
2274_DNAJA1_P1_ENSG00000086061,DNAJA1,0.022868487959380006,-0.04188466933109516,-0.06475315729047516
9804_WDR12_P1P2_ENSG00000138442,WDR12,0.022820924357054295,0.20655609465937136,0.18373517030231706
7465_RPL36A_P1P2_ENSG00000241343,RPL36A,0.022701321560138293,0.13467989025511534,0.11197856869497705
8432_SRSF2_P1P2_ENSG00000161547,SRSF2,0.022654211460185175,0.12697874265037812,0.10432453119019294
6552_POLR2K_P1P2_ENSG00000147669,POLR2K,0.022544023914624317,0.1829726500148788,0.1604286261002545
2096_DDOST_P1P2_ENSG00000244038,DDOST,0.022507804640936213,0.17715763242508706,0.15464982778415085
1429_CDK1_P1P2_ENSG00000170312,CDK1,0.022128128371229197,0.11715300399311361,0.09502487562188441
7561_RRP12_P1P2_ENSG00000052749,RRP12,0.022106644541170214,0.1200400544148676,0.09793340987369739
4985_METAP2_P1P2_ENSG00000111142,METAP2,0.021883149082738973,0.13726776446735225,0.11538461538461328
7537_RPS7_P1P2_ENSG00000171863,RPS7,0.021680887012779843,0.1452170523399871,0.12353616532720726
6559_POLR3E_P1P2_ENSG00000058600,POLR3E,0.02140110310736465,0.14264105718313094,0.12123995407576629
1192_CARF_P1P2_ENSG00000138380,CARF,0.021274291652928795,0.12950238197056815,0.10822809031763936
7472_RPL3_P1P2_ENSG00000100316,RPL3,0.021133069652163272,0.1816382361274709,0.16050516647530763
5079_MIOS_P1P2_ENSG00000164654,MIOS,0.021110123784519486,0.20362064808607133,0.18251052430155185
5215_MRPL33_P1P2_ENSG00000243147,MRPL33,0.02106142304180264,-0.08173230064745124,-0.10279372368925388
9748_VPS29_P1P2_ENSG00000111237,VPS29,0.02100841064196668,0.1756965086136313,0.15468809797166463
339_ANKRD39_P1P2_ENSG00000213337,ANKRD39,0.020989106330887658,0.13866993296693084,0.11768082663604318
1386_CDC123_P1P2_ENSG00000151465,CDC123,0.020961828500022595,0.15854315264850127,0.13758132414847868
3445_GNL2_P1P2_ENSG00000134697,GNL2,0.02081219978310972,0.13577584310495025,0.11496364332184053
9399_TTI2_P1P2_ENSG00000129696,TTI2,0.020738265354668745,0.13309953592489135,0.1123612705702226
332_ANKRD17_P1P2_ENSG00000132466,ANKRD17,0.02068087361078061,0.16178305501146248,0.14110218140068187
6679_PPP2CB_P1P2_ENSG00000104695,PPP2CB,0.020560993297504826,0.1604767988849417,0.13991580558743688
4380_KIF18B_P1P2_ENSG00000186185,KIF18B,0.0203358530468237,0.14104002449724584,0.12070417145042214
10136_ZMAT2_P1_ENSG00000146007,ZMAT2,0.02028692893726669,0.16288164765137558,0.1425947187141089
8460_SSU72_P1P2_ENSG00000160075,SSU72,0.020228433896483988,0.13806234128262057,0.11783390738613658
6797_PRPF3_P1P2_ENSG00000117360,PRPF3,0.02019477995725319,0.1368040413426275,0.11660926138537431
5869_NUDT21_P1P2_ENSG00000167005,NUDT21,0.020065545310930244,0.1622010217747494,0.14213547646381916
2780_EXOC3_P1P2_ENSG00000180104,EXOC3,0.01994674798846191,0.1595563920757089,0.139609644087247
7486_RPN2_P1P2_ENSG00000118705,RPN2,0.01990232505940305,0.11978751449683027,0.09988518943742722
1718_CNOT3_P1P2_ENSG00000088038,CNOT3,0.019887833288751433,0.2219161532275055,0.20202831993875406
5426_NAA20_P1P2_ENSG00000173418,NAA20,0.019828187570205408,-0.12284307151897442,-0.14267125908917982
7541_RPTOR_P1P2_ENSG00000141564,RPTOR,0.019807969485662796,0.16083361051128517,0.14102564102562237
1198_CASC3_P1P2_ENSG00000108349,CASC3,0.019767458860903447,-0.08815446995655823,-0.10792192881746168
5164_MPHOSPH6_P1P2_ENSG00000135698,MPHOSPH6,0.019675479098199486,0.10563032027691517,0.08595484117871569
3385_GLB1_P1P2_ENSG00000170266,GLB1,0.01956483128157377,0.17145920556399183,0.15189437428241806
4972_MEMO1_P1_ENSG00000162959,MEMO1,0.01950492158402943,-0.05290227321123195,-0.07240719479526138
4904_MCM7_P1P2_ENSG00000166508,MCM7,0.019453134317535342,0.13682779945337908,0.11737466513584374
3587_GTF3C4_P1P2_ENSG00000125484,GTF3C4,0.019320745460469413,0.13194990734334933,0.11262916188287991
9942_YPEL1_P1P2_ENSG00000100027,YPEL1,0.019300297240367012,-0.06826189181436214,-0.08756218905472915
6979_PYROXD1_P1P2_ENSG00000121350,PYROXD1,0.019176748295748197,0.12361609004851004,0.10443934175276184
4693_LSM4_P1P2_ENSG00000130520,LSM4,0.019102705568242534,0.14022784908143612,0.12112514351319359
2795_EXOSC8_P1P2_ENSG00000120699,EXOSC8,0.018931444110032322,0.10458012378854904,0.08564867967851672
7322_RMI1_P1P2_ENSG00000178966,RMI1,0.018921270765163714,0.09680110237633809,0.07787983161117437
5901_NUP85_P1P2_ENSG00000125450,NUP85,0.01891036640152499,0.15453991098627914,0.13562954458475415
9172_TONSL_P1P2_ENSG00000160949,TONSL,0.018731341252969408,0.14712782039571365,0.12839647914274424
4903_MCM6_P1P2_ENSG00000076003,MCM6,0.018682681122439315,0.14061149857363028,0.12192881745119097
4484_KTI12_P1P2_ENSG00000198841,KTI12,0.018671681997072698,0.13811293725921725,0.11944125526214455
6542_POLR2C_P1P2_ENSG00000102978,POLR2C,0.018326458372334473,0.10129622492418215,0.08296976655184768
2114_DDX27_P1P2_ENSG00000124228,DDX27,0.018228116038668835,0.13969769123958284,0.121469575200914
3377_GIT2_P1P2_ENSG00000139436,GIT2,0.018093831947714592,0.09176394293125394,0.07367011098353934
7522_RPS2_P1P2_ENSG00000140988,RPS2,0.018081106805768937,0.12676843937369606,0.10868733256792712
6479_PMPCA_P1P2_ENSG00000165688,PMPCA,0.018016838070264274,0.14890087940206237,0.1308840413317981
106_ACTL6A_P1P2_ENSG00000136518,ACTL6A,0.017939174092264365,0.14005934248108945,0.12212016838882508
3637_HAUS4_P1P2_ENSG00000092036,HAUS4,0.017932270025886154,0.13584271778706927,0.11791044776118312
6460_PLRG1_P1P2_ENSG00000171566,PLRG1,0.01791366965883487,0.15006062717891658,0.1321469575200817
9712_VCP_P1P2_ENSG00000165280,VCP,0.017901337101062953,0.14499662986798445,0.1270952927669215
3371_GINS3_P1P2_ENSG00000181938,GINS3,0.01785371934916455,0.09711127771119046,0.07925755836202591
5965_ORC1_P1P2_ENSG00000085840,ORC1,0.0177451089089678,0.1794366511975103,0.1616915422885425
8663_TAF3_P1P2_ENSG00000165632,TAF3,0.017671289548292266,0.10029662441242383,0.08262533486413157
683_ATP6V1E1_P1P2_ENSG00000131100,ATP6V1E1,0.017650719491714734,0.135714248002989,0.11806352851127427
8626_SYNGR3_P1P2_ENSG00000127561,SYNGR3,0.017640478459932732,0.1076519595161748,0.09001148105624207
6563_POLR3H_P1P2_ENSG00000100413,POLR3H,0.01755162583318584,0.1425037880987686,0.12495216226558276
3871_HNRNPL_P2_ENSG00000104824,HNRNPL,0.017535326821579267,-0.10140841600277287,-0.11894374282435213
167_ADSL_P1P2_ENSG00000239900,ADSL,0.01743116341233461,0.12546790279235176,0.10803673938001715
4887_MBTPS1_P1P2_ENSG00000140943,MBTPS1,0.017400954737624555,0.10140401635261505,0.08400306161499049
2008_CYP4F11_P1P2_ENSG00000171903,CYP4F11,0.017335562399146076,0.11469491945999405,0.09735935706084797
2111_DDX21_P1P2_ENSG00000165732,DDX21,0.017256700362567934,0.14882960506980053,0.1315729047072326
761_BARD1_P1P2_ENSG00000138376,BARD1,0.01701044855990283,0.12940998931764103,0.1123995407577382
7485_RPN1_P1P2_ENSG00000163902,RPN1,0.01688428013129456,0.174633993104877,0.15774971297358245
3993_HUS1_P1P2_ENSG00000136273,HUS1,0.016842293931572855,0.1660577550873295,0.14921546115575665
3057_FEN1_P1P2_ENSG00000168496,FEN1,0.016661109570131727,0.1837487482995459,0.16708763872941418
9808_WDR1_P1P2_ENSG00000071127,WDR1,0.016467761868189656,0.11524311586742195,0.09877535399923229
13_AARS_P1P2_ENSG00000090861,AARS,0.016450332484949648,0.178371495898648,0.16192116341369836
7466_RPL36_P1P2_ENSG00000130255,RPL36,0.01620380316590772,0.1772830224540758,0.16107921928816807
237_AKIRIN2_P1P2_ENSG00000135334,AKIRIN2,0.015968753549316345,0.14160977919034037,0.12564102564102403
9212_TPRKB_P1P2_ENSG00000144034,TPRKB,0.015931850637725176,0.17421734623664065,0.15828549559891547
4931_MED11_P1P2_ENSG00000161920,MED11,0.01577390996636205,0.12932155634982678,0.11354764638346473
10202_ZNF207_P1_ENSG00000010244,ZNF207,0.015628741817843822,0.16909219378875015,0.15346345197090633
9904_XRCC2_P1P2_ENSG00000196584,XRCC2,0.015443854981574107,0.1210695725475805,0.10562571756600639
10135_ZMAT2_P2_ENSG00000146007,ZMAT2,0.015380181891019487,0.1042818275090731,0.08890164561805361
2083_DCUN1D5_P1P2_ENSG00000137692,DCUN1D5,0.01537423221028375,0.1577010596117299,0.14232682740144614
6862_PSMC5_P1P2_ENSG00000087191,PSMC5,0.015354731607154587,0.17677838258303388,0.1614236509758793
5272_MRTO4_P1P2_ENSG00000053372,MRTO4,0.015303905494966977,0.11572487755772216,0.10042097206275519
9621_URI1_P1P2_ENSG00000105176,URI1,0.015294903133915627,0.1419309536505626,0.12663605051664698
9829_WDR55_P1P2_ENSG00000120314,WDR55,0.015140556638293279,0.11736022751467948,0.1022196708763862
6863_PSMC6_P1P2_ENSG00000100519,PSMC6,0.015064226092755872,0.1533726838041858,0.13830845771142994
8444_SS18L2_P1P2_ENSG00000008324,SS18L2,0.01490030189723178,-0.0771012289102747,-0.09200153080750648
6849_PSMB1_P1P2_ENSG00000008018,PSMB1,0.014885349855464136,0.16919074595188607,0.15430539609642194
4938_MED16_P1P2_ENSG00000175221,MED16,0.014793579922243089,0.1626695845146488,0.1478760045924057
1614_CINP_P1P2_ENSG00000100865,CINP,0.014773314456808712,0.14010817859762387,0.12533486414081516
6696_PPP4C_P1P2_ENSG00000149923,PPP4C,0.014633419119744931,0.10521895298885735,0.09058553386911242
7443_RPL18_P1P2_ENSG00000063177,RPL18,0.014548614171147084,0.17539821233416122,0.16084959816301414
20_ABCB10_P1P2_ENSG00000135776,ABCB10,0.01436669202218438,0.12175283821429034,0.10738614619210596
6150_PDAP1_P1P2_ENSG00000106244,PDAP1,0.014329159622151644,0.11099965330756312,0.09667049368541147
9881_WTAP_P1P2_ENSG00000146457,WTAP,0.014313611935411974,0.10765459930624732,0.09334098737083535
1167_CAMLG_P1P2_ENSG00000164615,CAMLG,0.014183138618361776,-0.08042076494077158,-0.09460390355913335
9798_BUD23_P1P2_ENSG00000071462,BUD23,0.014174088876443502,0.13208453663763547,0.11791044776119197
938_BUD31_P1P2_ENSG00000106245,BUD31,0.014171042964828864,0.10242209539497403,0.08825105243014517
2235_DKC1_P1P2_ENSG00000130826,DKC1,0.014061058480019178,0.17200212239122542,0.15794106391120624
2685_EPS8L1_P2_ENSG00000131037,EPS8L1,0.013988064899844707,0.1099696952098274,0.09598163030998269
7243_REXO2_P1P2_ENSG00000076043,REXO2,0.013839234888663385,-0.06499735141061506,-0.07883658629927845
7893_SEM1_P1P2_ENSG00000127922,SEM1,0.013772204526611376,0.16788624968542257,0.1541140451588112
8424_SRRM1_P1P2_ENSG00000133226,SRRM1,0.013747241588565995,0.1262233227213619,0.11247608113279592
9174_TOP1_P1P2_ENSG00000198900,TOP1,0.013647078476637653,0.1568158500036102,0.14316877152697255
7467_RPL37A_P1P2_ENSG00000197756,RPL37A,0.01354525026633771,0.17052955948943613,0.15698430922309842
2487_EEF1G_P1P2_ENSG00000254772,EEF1G,0.013532795872072775,0.12497558194171078,0.111442786069638
3531_GRB2_P1_ENSG00000177885,GRB2,0.01350067842604169,0.12991858887378993,0.11641791044774824
1350_CCT6A_P1P2_ENSG00000146731,CCT6A,0.013427630696376203,0.179520244550173,0.1660926138537968
7558_RRM2_P1P2_ENSG00000171848,RRM2,0.013349080019628756,0.14825149104142943,0.13490241102180067
8224_SNRPA_P1P2_ENSG00000077312,SNRPA,0.013261906028597531,0.11796913909403214,0.10470723306543461
5983_OSBP_P1P2_ENSG00000110048,OSBP,0.013178427743746973,0.14589943807668418,0.1327210103329372
7658_SART1_P1P2_ENSG00000175467,SART1,0.013089656341278857,0.11155884884031657,0.09846919249903771
5896_NUP43_P1P2_ENSG00000120253,NUP43,0.012949618861700513,0.12312948874304838,0.11017986988134787
2983_FAU_P1P2_ENSG00000149806,FAU,0.012939364292510927,0.11737870604528354,0.10443934175277261
2124_DDX47_P1P2_ENSG00000213782,DDX47,0.012881444590590513,0.12566368722357754,0.11278224263298703
4153_INTS8_P1P2_ENSG00000164941,INTS8,0.012709343814551494,0.2121352910016771,0.1994259471871256
5751_NOP9_P1P2_ENSG00000196943,NOP9,0.012656317877283635,0.11376615331546422,0.10110983543818058
896_BRF1_P1P2_ENSG00000185024,BRF1,0.012650077142781366,0.10335042157446665,0.09070034443168529
5221_MRPL39_P1P2_ENSG00000154719,MRPL39,0.012604029727566898,-0.07744572151622417,-0.09004975124379107
4940_MED18_P1P2_ENSG00000130772,MED18,0.012426473385299036,0.1299159490837177,0.11748947569841867
5519_NDC80_P1P2_ENSG00000080986,NDC80,0.01238093362203313,0.1758711747241996,0.16349024110216648
8325_SPATA5L1_P1P2_ENSG00000171763,SPATA5L1,0.012326134287324347,0.09732422077793354,0.08499808649060919
7439_RPL15_P1P2_ENSG00000174748,RPL15,0.012306857051066072,0.18234130021982464,0.17003444316875857
2538_EIF2B4_P1P2_ENSG00000115211,EIF2B4,0.01229227051866194,0.17945644962313295,0.167164179104471
8221_SNRNP48_P1P2_ENSG00000168566,SNRNP48,0.012277007117004662,0.1329429083799179,0.12066590126291324
2975_FASN_P1P2_ENSG00000169710,FASN,0.012256870256753219,0.09618339149670536,0.08392652123995215
7659_SART3_P1P2_ENSG00000075856,SART3,0.012173933467275133,0.15205146886718976,0.13987753539991463
8657_TAF1B_P1P2_ENSG00000115750,TAF1B,0.012131331316535293,0.11760396813244614,0.10547263681591085
1255_CCDC130_P1_ENSG00000104957,CCDC130,0.012125347792352303,0.13849350699631646,0.12636815920396416
7950_SLBP_P1P2_ENSG00000163950,SLBP,0.012113353669204824,0.13783091968525907,0.12571756601605424
4701_LST1_P2_ENSG00000204482,LST1,0.012088749471860935,-0.12319636342519731,-0.13528511289705825
5738_NOL9_P1P2_ENSG00000162408,NOL9,0.011911897073640876,0.14287247878047768,0.1309605817068368
9684_UTP20_P1P2_ENSG00000120800,UTP20,0.011875935010237593,0.12856173677066243,0.11668580176042484
5232_MRPL49_P1P2_ENSG00000149792,MRPL49,0.011853916453489904,0.1508129673528368,0.1389590508993469
2544_EIF3A_P1P2_ENSG00000107581,EIF3A,0.011776821045675123,0.17006231664459248,0.15828549559891736
4001_HYPK_P1P2_ENSG00000242028,HYPK,0.0117155034600889,0.15166957923505023,0.13995407577496133
2792_EXOSC5_P1P2_ENSG00000077348,EXOSC5,0.011691230928698504,0.11142333961602419,0.09973210868732568
6883_PSMG1_P1P2_ENSG00000183527,PSMG1,0.011680874829178484,0.16728745730141278,0.1556065824722343
1551_CHCHD4_P1P2_ENSG00000163528,CHCHD4,0.011219608739779008,0.1259919011240032,0.1147722923842242
9324_TRPM7_P1P2_ENSG00000092439,TRPM7,0.01111120812903467,0.08263818861123358,0.07152698048219891
4932_MED12_P1P2_ENSG00000184634,MED12,0.01104641820422192,0.1689874821154307,0.15794106391120877
7488_RPP21_P1P2_ENSG00000241370,RPP21,0.011038566520895104,0.16936233230733522,0.1583237657864401
1610_CIAPIN1_P1P2_ENSG00000005194,CIAPIN1,0.010962120907540424,0.1499977121819191,0.13903559127437867
9412_TUBB2A_P1P2_ENSG00000137267,TUBB2A,0.010917291856950062,0.13778296349872926,0.1268656716417792
8413_SRP14_P1P2_ENSG00000140319,SRP14,0.010865260917526598,0.09230421996842322,0.08143895905089663
8170_SMG9_P1P2_ENSG00000105771,SMG9,0.010732276415543252,-0.07763358657719488,-0.08836586299273813
7193_RBX1_P1P2_ENSG00000100387,RBX1,0.010691495043118643,0.20916068754214281,0.19846919249902417
4955_MED4_P1P2_ENSG00000136146,MED4,0.01063993791214879,0.146460833434522,0.1358208955223732
4900_MCM3_P1P2_ENSG00000112118,MCM3,0.01060996614166057,0.1535873867310104,0.14297742058934984
7713_SDAD1_P1P2_ENSG00000198301,SDAD1,0.010598012630657294,0.11335346613236927,0.10275545350171197
6263_PGPEP1_P1P2_ENSG00000130517,PGPEP1,0.010567045862340196,0.11734086905406485,0.10677382319172465
3568_GTF2B_P1P2_ENSG00000137947,GTF2B,0.010509220922140114,0.09382341916170396,0.08331419823956385
7540_RPSA_P1P2_ENSG00000168028,RPSA,0.01046022912565403,0.11030714837555189,0.09984691924989786
9397_TTF2_P1P2_ENSG00000116830,TTF2,0.010390207001519602,0.10736686218711369,0.09697665518559409
115_ACTR3_P1P2_ENSG00000115091,ACTR3,0.010377732301184411,0.14378760600956061,0.1334098737083762
1415_CDCA5_P1P2_ENSG00000146670,CDCA5,0.010309483574501038,0.18072662861849453,0.1704171450439935
5548_NDUFAF5_P1P2_ENSG00000101247,NDUFAF5,0.01025062979300237,0.14890351919214992,0.13865288939914755
9248_TRAPPC3_P1P2_ENSG00000054116,TRAPPC3,0.01012063705308941,0.1127995501797576,0.10267891312666819
9245_TRAPPC1_P1P2_ENSG00000170043,TRAPPC1,0.010113259178243822,0.08102791666006376,0.07091465748181994
3358_GGPS1_P1P2_ENSG00000152904,GGPS1,0.010066331832987607,0.14152442597764306,0.13145809414465545
6555_POLR3A_P1P2_ENSG00000148606,POLR3A,0.01001260872043322,0.11881475185092757,0.10880214313049436
6777_PRMT5_P1_ENSG00000100462,PRMT5,0.010001372690863514,0.17219042741721555,0.16218905472635203
7504_RPS15_P1P2_ENSG00000115268,RPS15,0.009892125993536338,0.1315147819445358,0.12162265595099947
1500_CEP192_P1P2_ENSG00000101639,CEP192,0.009730983730635634,0.13567817087184952,0.1259471871412139
1458_CDT1_P1P2_ENSG00000167513,CDT1,0.009644310622911823,0.18534274154520883,0.175698430922297
8326_SPATA5_P1P2_ENSG00000145375,SPATA5,0.009595345901161456,0.1422780860465712,0.13268274014540973
1893_CSE1L_P1P2_ENSG00000124207,CSE1L,0.00950647296835963,0.16457727281526716,0.15507079984690753
5825_NSF_ENST00000398238.4_ENSG00000073969,NSF,0.009417789558912842,0.13322184619877694,0.1238040566398641
116_ACTR5_P1P2_ENSG00000101442,ACTR5,0.009286449849203585,0.10193857384460285,0.09265212399539927
8660_TAF1D_P1_ENSG00000166012,TAF1D,0.009221829141682514,0.11710548777160315,0.10788365862992064
3554_GSPT1_P1P2_ENSG00000103342,GSPT1,0.009103302566938365,0.17569342885853834,0.16659012629159997
8351_SPG7_P1P2_ENSG00000197912,SPG7,0.009032901395993567,0.10095789182844246,0.0919249904324489
585_GET3_P1P2_ENSG00000198356,GET3,0.009024778964973446,-0.07184012727307448,-0.08086490623804793
4998_METTL21A_P1P2_ENSG00000144401,METTL21A,0.008971868095525581,-0.1571207457582994,-0.16609261385382498
6515_POLD1_P1P2_ENSG00000062822,POLD1,0.00892689013370912,0.14574281053170182,0.1368159203979927
8233_SNRPG_P1P2_ENSG00000143977,SNRPG,0.008871420698473756,0.11315768170114344,0.10428626100266969
5732_NOL10_P1P2_ENSG00000115761,NOL10,0.00847215583265401,0.18616063650619152,0.1776884806735375
1298_CCDC84_P1P2_ENSG00000186166,CCDC84,0.008369400311424788,0.12000353731868633,0.11163413700726155
7441_RPL17_P1P2_ENSG00000265681,RPL17,0.00830566630266591,0.1700354787787273,0.16172981247606139
10703_ZNRD1_P1P2_ENSG00000066379,ZNRD1,0.008234385201685845,0.13261249465441377,0.12437810945272793
3862_HNRNPDL_P1P2_ENSG00000152795,HNRNPDL,0.008199323374419629,0.10349209030897343,0.0952927669345538
8218_SNRNP27_P1P2_ENSG00000124380,SNRNP27,0.00812777829446129,0.12676535961860042,0.11863758132413912
3994_HUWE1_P1P2_ENSG00000086758,HUWE1,0.008086110223286369,0.14486376043376514,0.13677765021047877
7516_RPS27A_P1P2_ENSG00000143947,RPS27A,0.00800592152299262,0.1540832273017725,0.1460773057787799
8223_SNRPA1_P1P2_ENSG00000131876,SNRPA1,0.00792701210553548,0.08098480008869607,0.0730577879831606
8890_THOC5_P1P2_ENSG00000100296,THOC5,0.007898394073555803,0.14054286403144406,0.13264446995788826
6157_PDCD5_P1P2_ENSG00000105185,PDCD5,0.007886406719081834,0.11753049397509499,0.10964408725601316
8770_ELOB_P1P2_ENSG00000103363,ELOB,0.007765314809880242,0.18399952835751648,0.17623421354763624
5339_MTOR_P1P2_ENSG00000198793,MTOR,0.007742314792675564,0.13104885899472382,0.12330654420204826
6493_PNO1_P1P2_ENSG00000115946,PNO1,0.007666383599946286,0.1270310984870417,0.11936471488709541
9380_TTC1_P1P2_ENSG00000113312,TTC1,0.007612680793500637,0.22135167811457715,0.2137389973210765
758_BANF1_P1P2_ENSG00000175334,BANF1,0.007599915039374405,0.146673776501282,0.1390738614619076
9840_WDR74_P2_ENSG00000133316,WDR74,0.007526488262882658,-0.08447504254462183,-0.09200153080750449
1148_CACTIN_P1P2_ENSG00000105298,CACTIN,0.007518304913622709,0.10556652534989389,0.09804822043627118
2612_EMC3_P1_ENSG00000125037,EMC3,0.007403433432807971,0.092784221798665,0.08538078836585702
686_ATP6V1G1_P1P2_ENSG00000136888,ATP6V1G1,0.0073733804380198,0.13427732226732933,0.12690394182930953
7527_RPS5_P1P2_ENSG00000083845,RPS5,0.007341290066776071,0.11947293951184511,0.11213164944506904
9833_WDR61_P1P2_ENSG00000140395,WDR61,0.007270570767290485,0.11756525121121719,0.11029468044392671
5909_NVL_P1P2_ENSG00000143748,NVL,0.007055042059991357,0.14750663027275435,0.140451588212763
5114_MLLT6_P1P2_ENSG00000275023,MLLT6,0.007052801622746824,0.13483695776511054,0.12778415614236371
2988_FBL_P1P2_ENSG00000105202,FBL,0.007020853394022419,0.12083639109015543,0.113815537696133
1396_CDC27_P1P2_ENSG00000004897,CDC27,0.006875780007217502,0.1686055924832869,0.1617298124760694
7607_RUVBL1_P1P2_ENSG00000175792,RUVBL1,0.006851737611365538,0.13712345594277447,0.13027171833140894
440_ARF4_P1P2_ENSG00000168374,ARF4,0.006823051892453441,0.07440820305969251,0.06758515116723907
5750_NOP58_P1P2_ENSG00000055044,NOP58,0.0067909682898904256,0.14670677387733186,0.13991580558744143
7431_RPL10A_P1P2_ENSG00000198755,RPL10A,0.006739884967428389,0.14638779924220496,0.13964791427477657
9526_UBE3C_P1P2_ENSG00000009335,UBE3C,0.006703117429626496,0.10015891536303546,0.09345579793340897
9548_UBR5_P1P2_ENSG00000104517,UBR5,0.006678005580384394,0.1422310097900945,0.13555300420971012
9780_INTS14_P1P2_ENSG00000138614,INTS14,0.006402397958224615,0.13839627472821714,0.13199387676999252
5430_NAA38_P1P2_ENSG00000183011,NAA38,0.006331807263917744,0.12229047546138141,0.11595866819746367
5468_NARS_P1P2_ENSG00000134440,NARS,0.006278124763544807,0.16946220436552129,0.16318407960197648
7154_RBM12_P1P2_ENSG00000244462,RBM12,0.006213226539613759,0.14325876806276586,0.1370455415231521
325_ANKRD11_P1P2_ENSG00000167522,ANKRD11,0.006028596913681711,0.14892947712797844,0.14290088021429673
7452_RPL26L1_P1P2_ENSG00000037241,RPL26L1,0.006019053057202323,0.132272401698606,0.12625334864140367
7802_SERPINB1_P1P2_ENSG00000021355,SERPINB1,0.0058893310650074,0.097699510934885,0.0918101798698776
3642_HAUS8_P1P2_ENSG00000131351,HAUS8,0.00568002278612581,0.13296666649066902,0.1272866437045432
7608_RUVBL2_P1P2_ENSG00000183207,RUVBL2,0.005679217311721135,0.10851121118847695,0.10283199387675582
10699_ZNHIT1_P1P2_ENSG00000106400,ZNHIT1,0.005637420635396351,0.160708220482312,0.15507079984691566
2074_DCTN2_P1P2_ENSG00000175203,DCTN2,0.005583724597626932,0.15307702731479628,0.14749330271716934
6352_PIK3C3_P1P2_ENSG00000078142,PIK3C3,0.005521994121800364,0.11991158463078007,0.1143895905089797
6792_PRPF19_P1P2_ENSG00000110107,PRPF19,0.005488820759750157,0.1561968192289346,0.15070799846918445
3388_GLE1_P1P2_ENSG00000119392,GLE1,0.005441798652798618,0.131580336731617,0.1261385380788184
9606_UQCC2_P1P2_ENSG00000137288,UQCC2,0.005413397218965471,0.13017420854692927,0.1247608113279638
2502_EFTUD2_P1P2_ENSG00000108883,EFTUD2,0.00540084129433252,0.1238470716808453,0.11844623038651278
10054_ZDHHC7_P1P2_ENSG00000153786,ZDHHC7,0.005253046893089988,0.12389062821723214,0.11863758132414215
5560_NDUFB8_P1P2_ENSG00000166136,NDUFB8,0.005159537405895698,0.0702188561965569,0.06505931879066121
4951_MED28_P1P2_ENSG00000118579,MED28,0.004955454557643277,0.09523482692655873,0.09027937236891545
1532_CFDP1_P1_ENSG00000153774,CFDP1,0.004858100453101782,0.17653816168539782,0.17168006123229604
7421_RPAIN_P1P2_ENSG00000129197,RPAIN,0.004799524187997561,0.16618490497635668,0.16138538078835912
2576_EIF5A_P1P2_ENSG00000132507,EIF5A,0.004781979736971559,0.15652327326930482,0.15174129353233326
5933_OGT_P1P2_ENSG00000147162,OGT,0.004727275164013084,0.11831319173498994,0.11358591657097686
7438_RPL14_P1P2_ENSG00000188846,RPL14,0.00463117326757545,0.16689676836898223,0.16226559510140678
8372_SPRTN_P1P2_ENSG00000010072,SPRTN,0.0045654560318570125,0.12611157160781758,0.12154611557596057
2536_EIF2B2_P1P2_ENSG00000119718,EIF2B2,0.0043938561390488295,0.16317686417577845,0.15878300803672962
964_C12orf45_P1P2_ENSG00000151131,C12orf45,0.0043926580804521664,0.13898890760205257,0.1345962495216004
5852_NUBP1_P1P2_ENSG00000103274,NUBP1,0.004372453533260601,0.1217471186691057,0.1173746651358451
8648_TADA2A_P1P2_ENSG00000276234,TADA2A,0.004364547700405785,0.1068903800769703,0.10252583237656451
261_ALDOA_P1P2_ENSG00000149925,ALDOA,0.004315637128253891,0.21089810938235282,0.20658247225409893
3372_GINS4_P1P2_ENSG00000147536,GINS4,0.004252052030688985,0.16226965631693988,0.1580176042862509
4716_LUC7L3_P1P2_ENSG00000108848,LUC7L3,0.004217511392718351,0.10127070695336947,0.09705319556065112
8661_TAF1_P1P2_ENSG00000147133,TAF1,0.00412470584953506,0.11874391748366223,0.11461921163412717
5821_NSA2_P1P2_ENSG00000164346,NSA2,0.004045282011488238,0.1447264913494014,0.14068120933791317
1683_CLTC_P1P2_ENSG00000141367,CLTC,0.004041444162817404,0.13048614374183654,0.12644469957901913
6160_PDCD7_P1P2_ENSG00000090470,PDCD7,0.004037775531479132,0.09730222252726442,0.09326444699578529
2778_EXOC1_P1P2_ENSG00000090989,EXOC1,0.003919736302576582,0.16610879102893716,0.16218905472636058
455_ARGLU1_P1P2_ENSG00000134884,ARGLU1,0.003878921086659437,0.16166690424777555,0.1577879831611161
5730_NOC3L_P1P2_ENSG00000173145,NOC3L,0.0038718410342988285,0.17386801401553786,0.16999617298123904
9489_UBAP1_P1P2_ENSG00000165006,UBAP1,0.0037799221898302537,0.1913803814320707,0.18760045924224045
7170_RBM33_P1P2_ENSG00000184863,RBM33,0.003667453594852821,0.08273366101926752,0.0790662074244147
4280_KAT8_P2_ENSG00000103510,KAT8,0.003622861448525583,0.09175910331610204,0.08813624186757646
2607_ELP5_P1P2_ENSG00000170291,ELP5,0.0035936274655168077,0.1254459045416609,0.1218522770761441
9328_TRRAP_P1P2_ENSG00000196367,TRRAP,0.0035784859003286235,0.1144472191571179,0.11086873325678928
5861_NUDC_P1P2_ENSG00000090273,NUDC,0.003567371707224709,0.0913974520746044,0.08783008036737969
3988_HSPH1_P1P2_ENSG00000120694,HSPH1,0.0034720279043455315,0.15919342093916128,0.15572139303481575
2369_DR1_P1P2_ENSG00000117505,DR1,0.0034626532651998165,0.13354302065899373,0.13008036739379392
3869_HNRNPK_P1P2_ENSG00000165119,HNRNPK,0.0033729004023474174,0.14091595436330254,0.13754305396095512
4151_INTS6_P1P2_ENSG00000102786,INTS6,0.0032688385234968254,0.11214752202904296,0.10887868350554614
7420_RPA3_P1P2_ENSG00000106399,RPA3,0.00305745902470711,0.1257516802263769,0.12269422120166978
7499_RPS11_P1P2_ENSG00000142534,RPS11,0.0029584601278618283,0.14053978427634653,0.1375813241484847
7474_RPL4_P1P2_ENSG00000174444,RPL4,0.00289959957769359,0.16589232824206293,0.16299272866436934
7400_RNGTT_P1P2_ENSG00000111880,RNGTT,0.0028575186162738686,0.13439215313597522,0.13153463451970135
7506_RPS17_ENST00000330339.7_ENSG00000182774,RPS17,0.0026339960830886605,0.10669063596061652,0.10405663987752786
1966_CUL7_P1P2_ENSG00000044090,CUL7,0.002562302091909552,0.14404718536782066,0.1414848832759111
4899_MCM3AP_P1P2_ENSG00000160294,MCM3AP,0.0024455353771726807,0.13547270721031107,0.1330271718331384
2075_DCTN3_P1P2_ENSG00000137100,DCTN3,0.0024232393040211075,0.1486918960204252,0.1462686567164041
2110_DDX20_P1P2_ENSG00000064703,DDX20,0.0023775709355569052,0.13919349133356035,0.13681592039800344
2127_DDX51_P1P2_ENSG00000185163,DDX51,0.0023514843945819652,0.14092783341867549,0.13857634902409352
3576_GTF2H3_P1P2_ENSG00000111358,GTF2H3,0.002300279235623079,0.10260644073580748,0.1003061615001844
9400_TTK_P1P2_ENSG00000112742,TTK,0.002297456690872335,0.14883400471994787,0.14653654802907554
4384_KIF20A_P1P2_ENSG00000112984,KIF20A,0.002291473166671207,0.09758424010121892,0.09529276693454772
306_ANAPC1_P1P2_ENSG00000153107,ANAPC1,0.002269413997735753,0.13701874426944094,0.1347493302717052
2973_FARSA_P1P2_ENSG00000179115,FARSA,0.001999025037538543,0.1577204180723627,0.15572139303482416
8226_SNRPB_P1P2_ENSG00000125835,SNRPB,0.0018125272524526226,0.16277693597804543,0.1609644087255928
3573_GTF2H1_P1P2_ENSG00000110768,GTF2H1,0.0017481772926319916,0.10236050029300447,0.10061232300037248
1187_CAPZB_P1P2_ENSG00000077549,CAPZB,0.0017347955875182258,0.0963386991466418,0.09460390355912357
1941_CTPS1_P1P2_ENSG00000171793,CTPS1,0.0017083299997406876,0.10587978043984111,0.10417145044010043
1999_CYC1_P1P2_ENSG00000179091,CYC1,0.0016554462050730745,0.09040401107303511,0.08874856486796204
5559_NDUFB7_P1P2_ENSG00000099795,NDUFB7,0.0014677774361918292,0.061475431473692055,0.060007654037500226
6853_PSMB5_P1P2_ENSG00000100804,PSMB5,0.001404002815245442,0.17346676592277965,0.1720627631075342
373_AP2A1_P1P2_ENSG00000196961,AP2A1,0.0014035831562953516,0.11885478866719407,0.11745120551089872
8207_SNAPC3_P1P2_ENSG00000164975,SNAPC3,0.0012566077668530184,0.13348010566198912,0.1322234978951361
8499_STAT5B_P1P2_ENSG00000173757,STAT5B,0.0012553961709009798,0.08433997328532389,0.08308457711442291
8158_SMC4_P1_ENSG00000113810,SMC4,0.0010764319406110778,0.1568743653504721,0.15579793340986103
1816_COX5B_P1P2_ENSG00000135940,COX5B,0.001070807157113829,0.144966712247038,0.14389590508992417
112_ACTR2_P1P2_ENSG00000138071,ACTR2,0.0009612017190724909,0.14952606968692134,0.14856486796784885
4115_IMPDH2_P1P2_ENSG00000178035,IMPDH2,0.000862175747481958,0.1442605683995934,0.14339839265211143
6884_PSMG2_P1P2_ENSG00000128789,PSMG2,0.0008338081571144795,0.07588164589151816,0.07504783773440368
10104_ZFR_P1P2_ENSG00000056097,ZFR,0.0007406303358538646,-0.08039216721486417,-0.08113279755071803
5449_NAF1_P1P2_ENSG00000145414,NAF1,0.0007254752332989112,0.14982612582648322,0.1491006505931843
3585_GTF3C2_P1P2_ENSG00000115207,GTF3C2,0.0006539369219986657,0.09602324423160141,0.09536930730960275
8216_SNRNP200_P1P2_ENSG00000144028,SNRNP200,0.0006366293752259333,0.11257692788268153,0.1119402985074556
6885_PSMG3_P2_ENSG00000157778,PSMG3,0.0002501438008763457,-0.06304874636368663,-0.06329889016456297
4301_KCTD10_P1P2_ENSG00000110906,KCTD10,0.00011326053197151242,-0.12070572148104362,-0.12081898201301514
1771_COPB1_P1P2_ENSG00000129083,COPB1,4.5445001589095035e-05,0.10525019050483606,0.10520474550324696
5089_NIFK_P1P2_ENSG00000155438,NIFK,-9.593267912566539e-05,0.14904298810158217,0.14913892078070784
8869_TGS1_P1P2_ENSG00000137574,TGS1,-0.00030002229607882513,0.08695600525845455,0.08725602755453338
5893_NUP214_P1P2_ENSG00000126883,NUP214,-0.0003067639138291528,0.1010709628370161,0.10137772675084525
6221_PET117_P1P2_ENSG00000232838,PET117,-0.00038972777808701786,0.1418605592483118,0.14225028702639883
9969_ZBTB11_P1P2_ENSG00000066422,ZBTB11,-0.00041632873968228123,0.08595948450179192,0.0863758132414742
4522_LARS_P1P2_ENSG00000133706,LARS,-0.0005939527688849089,0.13622196762912267,0.13681592039800758
8229_SNRPD2_P1P2_ENSG00000125743,SNRPD2,-0.0005964774911953602,0.10204416544795479,0.10264064293915015
2543_EIF2S3_P1P2_ENSG00000130741,EIF2S3,-0.0006212102936347386,0.17113539131369604,0.17175660160733078
9012_TMEM161B_P1P2_ENSG00000164180,TMEM161B,-0.000629217656930553,0.13829156305488527,0.13892078071181582
2553_EIF3I_P1P2_ENSG00000084623,EIF3I,-0.000656989602336483,0.1429327539874025,0.14358974358973897
1842_CPSF3_P1P2_ENSG00000119203,CPSF3,-0.0006571588196404299,0.13451314351482396,0.1351703023344644
8347_SPEN_P1P2_ENSG00000065526,SPEN,-0.000719403716091721,0.09843865215837846,0.09915805587447019
6280_PHF12_P1P2_ENSG00000109118,PHF12,-0.0007926003570312701,0.09495940882780884,0.09575200918484011
2610_EMC1_P1P2_ENSG00000127463,EMC1,-0.0008639491449221048,0.13426808300202464,0.13513203214694675
6512_POLA1_P1P2_ENSG00000101868,POLA1,-0.0009827261612862515,0.15412634387314178,0.15510907003442803
5126_MMS19_P1P2_ENSG00000155229,MMS19,-0.0011412624775787306,0.10586218183929036,0.10700344431686909
6480_PMPCB_P1_ENSG00000105819,PMPCB,-0.00125290529206748,0.11880067297046135,0.12005357826252883
5462_NAPA_P1P2_ENSG00000105402,NAPA,-0.0012703346752882538,0.14959074454399018,0.15086107921927844
5204_MRPL20_P1P2_ENSG00000242485,MRPL20,-0.0016334682604469686,0.06870713640851403,0.070340604668961
5205_MRPL21_P1P2_ENSG00000197345,MRPL21,-0.0017677388140212441,0.06562606141559936,0.0673938002296206
7469_RPL38_P1P2_ENSG00000172809,RPL38,-0.0017915578429817391,0.16227273607203915,0.1640642939150209
7521_RPS29_P1_ENSG00000213741,RPS29,-0.0019023207274567466,0.11799817678497873,0.11990049751243548
2129_DDX54_P1_ENSG00000123064,DDX54,-0.0020298293571986564,0.12081747259457011,0.12284730195176877
7826_SETX_P1P2_ENSG00000107290,SETX,-0.0021481934833450927,0.10818475714811009,0.11033295063145518
9844_WDR7_P1P2_ENSG00000091157,WDR7,-0.0024086798463918563,0.09284581690063588,0.09525449674702774
6680_PPP2R1A_P2_ENSG00000105568,PPP2R1A,-0.0025355048381963813,0.09953108528809089,0.10206659012628727
8428_SRSF10_P1P2_ENSG00000188529,SRSF10,-0.002541380063302748,0.1235206176404778,0.12606199770378054
9430_TUFM_P1P2_ENSG00000178952,TUFM,-0.002623755051315388,-0.11842934249870132,-0.11580558744738594
2787_EXOSC10_P1P2_ENSG00000171824,EXOSC10,-0.0027003631132559713,0.15233216654612255,0.15503252965937853
7643_SAMD4B_P1P2_ENSG00000179134,SAMD4B,-0.002854147807388477,0.10855036807472697,0.11140451588211545
2135_DDX6_P1P2_ENSG00000110367,DDX6,-0.0028869962722270215,0.11930971249164296,0.12219670876386998
6653_PPP1R11_P1P2_ENSG00000204619,PPP1R11,-0.002890333237600601,0.19496653626104482,0.19785686949864542
3639_HAUS6_P1P2_ENSG00000147874,HAUS6,-0.0030325028553812583,0.14224112898541239,0.14527363184079364
10005_ZBTB4_P1_ENSG00000174282,ZBTB4,-0.003039244473138414,0.1041172805938341,0.10715652506697251
9685_UTP23_P1P2_ENSG00000147679,UTP23,-0.0030641397242260476,0.10263811821683134,0.10570225794105739
4862_MASTL_P1P2_ENSG00000120539,MASTL,-0.003107973777004086,0.09605008209745858,0.09915805587446266
6273_PHAX_P2_ENSG00000164902,PHAX,-0.003143096522501651,0.07653543390229546,0.07967853042479711
431_AQR_P1P2_ENSG00000021776,AQR,-0.003305727897753713,0.09964107654158341,0.10294680443933713
2226_DIMT1_P1P2_ENSG00000086189,DIMT1,-0.0033935719892888294,0.17502204224720885,0.17841561423649768
7362_RNF168_P1P2_ENSG00000163961,RNF168,-0.00345189104409116,0.11388450390423802,0.11733639494832918
5652_NFS1_P1P2_ENSG00000244005,NFS1,-0.0034738486826221826,0.10165435644557008,0.10512820512819226
8710_TBC1D1_ENST00000261439.4_ENSG00000065882,TBC1D1,-0.003608464439507783,0.0941335944965652,0.09774205893607299
2552_EIF3H_P1P2_ENSG00000147677,EIF3H,-0.0036090127036205177,0.0810829122868078,0.08469192499042832
1136_C9orf78_P1P2_ENSG00000136819,C9orf78,-0.0036552631796299556,0.12301905752453703,0.12667432070416698
1489_CENPP_P1P2_ENSG00000188312,CENPP,-0.0036784527202074757,0.14362349905934924,0.1473019517795567
6802_PRPF6_P1P2_ENSG00000101161,PRPF6,-0.003693709353150193,0.0871979860161467,0.0908916953692969
1939_CTNNBL1_P1P2_ENSG00000132792,CTNNBL1,-0.0038070511094530912,0.13281751835093253,0.13662456946038562
5420_N6AMT1_P1P2_ENSG00000156239,N6AMT1,-0.003853646788775811,0.1006622353390351,0.1045158821278109
6800_PRPF4B_P1P2_ENSG00000112739,PRPF4B,-0.004014281399735725,0.11515908254974119,0.11917336394947692
2207_DHX30_P1_ENSG00000132153,DHX30,-0.004058643410520868,-0.13322052630375988,-0.12916188289323902
8891_THOC6_P1P2_ENSG00000131652,THOC6,-0.00416874296311355,-0.11155488915523575,-0.1073861461921222
5340_MTPAP_P1P2_ENSG00000107951,MTPAP,-0.004184168813356801,0.11713232563745361,0.12131649445081041
6550_POLR2I_P1P2_ENSG00000105258,POLR2I,-0.0042502244836883085,0.1391098979808988,0.1433601224645871
5555_NDUFB3_P1P2_ENSG00000119013,NDUFB3,-0.004336471163819786,0.10163367808990646,0.10597014925372625
7513_RPS24_P1P2_ENSG00000138326,RPS24,-0.00439024165719995,0.12840730905078127,0.13279755070798122
10023_ZC3H18_P1P2_ENSG00000158545,ZC3H18,-0.004395920590231264,0.10624319154140589,0.11063911213163716
2748_ESYT2_P1P2_ENSG00000117868,ESYT2,-0.004409586580434027,0.17821574828369718,0.1826253348641312
6474_PMF1_P1P2_ENSG00000160783,PMF1,-0.00443572050224969,0.24933389296884598,0.25376961347109567
825_BGLAP_P1P2_ENSG00000242252,BGLAP,-0.004613628816538373,0.13878476383557464,0.14339839265211302
1961_CUL2_P1P2_ENSG00000108094,CUL2,-0.004648941085437841,0.120685923055384,0.12533486414082184
5370_MYCBP_P1P2_ENSG00000214114,MYCBP,-0.0047766730820361925,0.11229183055362343,0.11706850363565963
5826_NSL1_P1P2_ENSG00000117697,NSL1,-0.004802827309944996,0.1335439005890019,0.1383467278989469
3448_GNPAT_P1P2_ENSG00000116906,GNPAT,-0.004897257339338185,0.09954208441343573,0.10443934175277392
6127_PCID2_P1_ENSG00000126226,PCID2,-0.0049504592625382315,0.17430709909948439,0.17925755836202262
5587_NEDD8-MDP1_P1P2_nan,NEDD8-MDP1,-0.00496646722036112,0.15343383894113277,0.1584003061614939
9765_VPS54_P1P2_ENSG00000143952,VPS54,-0.005087741884282571,0.17160571391363386,0.17669345579791643
1284_CCDC59_P1P2_ENSG00000133773,CCDC59,-0.0051631045068333825,0.16582809335001988,0.17099119785685327
9483_UBA5_P1P2_ENSG00000081307,UBA5,-0.005325986323718043,0.07557719010184417,0.08090317642556222
6604_PPA2_P1P2_ENSG00000138777,PPA2,-0.005372182650188573,-0.10108592164752324,-0.09571373899733467
8405_SRFBP1_P1P2_ENSG00000151304,SRFBP1,-0.005413160314727036,0.119921703826103,0.12533486414083003
3342_GFER_P1P2_ENSG00000127554,GFER,-0.005419996694182527,0.13350078401763318,0.1389207807118157
699_ATR_P1P2_ENSG00000175054,ATR,-0.005522413780697094,0.1737351445813207,0.1792575583620178
6250_PGAM1_P1P2_ENSG00000171314,PGAM1,-0.005753415719145949,0.07637440670717603,0.08212782242632198
6396_PKM_P1_ENSG00000067225,PKM,-0.005790190025623837,0.07985848965290351,0.08564867967852735
5598_NELFA_P1P2_ENSG00000185049,NELFA,-0.0057935946779542336,0.1775206035616032,0.18331419823955744
1479_CENPE_P1P2_ENSG00000138778,CENPE,-0.005862601498226955,0.10569499513398034,0.1115575966322073
4780_MAK16_P1P2_ENSG00000198042,MAK16,-0.005930281654779476,0.11848609798547592,0.1244163796402554
6874_PSMD6_P1P2_ENSG00000163636,PSMD6,-0.006000432384085139,0.11979367400703479,0.12579410639111993
5928_OGFOD1_P1P2_ENSG00000087263,OGFOD1,-0.006099986313694183,0.16129381391591513,0.1673938002296093
2078_DCTN6_P1P2_ENSG00000104671,DCTN6,-0.00611630563137508,0.1486100625278221,0.1547263681591972
39_ABHD11_P1P2_ENSG00000106077,ABHD11,-0.006128990161183956,0.1266302903592876,0.13275928052047156
3072_FGFR1OP_P1P2_ENSG00000213066,FGFR1OP,-0.006201036124370604,0.08985713456065679,0.0960581706850274
4907_MCMBP_P1P2_ENSG00000197771,MCMBP,-0.006411704910455507,0.14728136818558782,0.15369307309604333
141_ADAT3_P1_ENSG00000213638,ADAT3,-0.0067149491041720855,0.1339279900462236,0.1406429391503957
7463_RPL35_P1P2_ENSG00000136942,RPL35,-0.0067694979972029445,0.16376245760937497,0.1705319556065779
5504_NCL_P1_ENSG00000115053,NCL,-0.006780206068789096,0.11813368600927474,0.12491389207806383
6360_PIK3R4_P1P2_ENSG00000196455,PIK3R4,-0.006785627791487475,0.14717533661722296,0.15396096440871043
3479_GOSR2_P1P2_ENSG00000108433,GOSR2,-0.006828162255310341,0.0882349835540965,0.09506314580940683
8667_TAF6L_P1P2_ENSG00000162227,TAF6L,-0.006873031918049097,0.10564131940226855,0.11251435132031765
1301_CCDC86_P1P2_ENSG00000110104,CCDC86,-0.0071223770131857295,0.11848037844030228,0.125602755453488
7729_SDR39U1_P1P2_ENSG00000100445,SDR39U1,-0.007201915919028398,0.09903612464736493,0.10623804056639333
7169_RBM28_P1P2_ENSG00000106344,RBM28,-0.007243590758896523,0.12455893507347576,0.13180252583237229
8397_SRCAP_P1P2_ENSG00000080603,SRCAP,-0.007255314134323287,0.1826413563593467,0.18989667049366998
176_AFG3L2_P1P2_ENSG00000141385,AFG3L2,-0.007397497289472657,0.08506327576831298,0.09246077305778563
2119_DDX3X_P1P2_ENSG00000215301,DDX3X,-0.007503447633543811,0.10531706518696866,0.11282051282051248
7519_RPS28_P1P2_ENSG00000233927,RPS28,-0.007707841841642998,0.14101010687629684,0.14871794871793984
5551_NDUFB10_P1P2_ENSG00000140990,NDUFB10,-0.007785837485577596,0.15765618318031943,0.16544202066589703
7444_RPL19_P1P2_ENSG00000108298,RPL19,-0.007795381342055652,0.13104885899472102,0.13884424033677667
3229_FXN_P1P2_ENSG00000165060,FXN,-0.007827045285682607,0.11865592448086225,0.12648296976654486
9218_TPT1_P1P2_ENSG00000133112,TPT1,-0.007854532945990367,0.11992962319635747,0.12778415614234784
9602_UPF3A_P1P2_ENSG00000169062,UPF3A,-0.007979320561361358,0.13564869321590445,0.1436280137772658
5733_NOL11_P1P2_ENSG00000130935,NOL11,-0.00800182646398337,0.13026836105992193,0.1382701875239053
1497_CEP152_P1P2_ENSG00000103995,CEP152,-0.00804079382684783,0.14622633208206195,0.15426712590890979
4504_LAMTOR1_P1P2_ENSG00000149357,LAMTOR1,-0.008130133799435862,0.14100878698125854,0.1491389207806944
9257_TREX2_P1P2_ENSG00000183479,TREX2,-0.008222749819264158,0.12721544382787886,0.13543819364714302
2905_PRXL2A_P1_ENSG00000122378,PRXL2A,-0.008267443495968169,0.08591548800038953,0.0941829314963577
7247_RFC3_P1P2_ENSG00000133119,RFC3,-0.008314668663692987,0.13726512467727744,0.14557979334097043
2067_DCLRE1B_P1P2_ENSG00000118655,DCLRE1B,-0.008378619270656348,0.09403240254334085,0.1024110218139972
7837_SF3B3_P1P2_ENSG00000189091,SF3B3,-0.008389936524557301,0.08724726209771191,0.09563719862226921
2203_DHX15_P1P2_ENSG00000109606,DHX15,-0.008410269676878773,0.13395482791208196,0.14236509758896074
8678_TAMM41_P1P2_ENSG00000144559,TAMM41,-0.008475601097118798,0.09286385546621063,0.10133945656332943
5967_ORC3_P1P2_ENSG00000135336,ORC3,-0.008736527425181634,0.09244984838804798,0.10118637581322962
6740_PREB_P1P2_ENSG00000138073,PREB,-0.008821156387793606,0.061634258843736876,0.07045541523153048
1604_CHTF18_P1P2_ENSG00000127586,CHTF18,-0.00887079121006143,0.15905879164487774,0.16792958285493917
9783_WAC_P1P2_ENSG00000095787,WAC,-0.00893156730023692,0.10890234008590671,0.11783390738614363
5201_MRPL18_P1P2_ENSG00000112110,MRPL18,-0.00905151530042951,0.10223819001912625,0.11128970531955576
4499_LAMB1_P1P2_ENSG00000091136,LAMB1,-0.009145397065708383,0.16088904610304933,0.1700344431687577
6708_PPWD1_P1P2_ENSG00000113593,PPWD1,-0.009217368573313456,0.14941255871332582,0.15862992728663927
6098_PAXBP1_P1P2_ENSG00000159086,PAXBP1,-0.009236963938153916,0.11074007394931566,0.11997703788746958
9505_UBE2H_P1P2_ENSG00000186591,UBE2H,-0.009299662336999859,0.2661308772726422,0.27543053960964203
2852_FAM133B_P1P2_ENSG00000234545,FAM133B,-0.009622975704043538,0.10197289111569567,0.11159586681973921
6539_POLR1E_P1P2_ENSG00000137054,POLR1E,-0.009794656821197775,0.08882761642793137,0.09862227324912914
3768_HIST1H2BL_P1P2_ENSG00000185130,HIST1H2BL,-0.009815917284403994,0.07307730889239675,0.08289322617680074
5726_NOB1_P1P2_ENSG00000141101,NOB1,-0.009977966552095027,0.08952452101009016,0.09950248756218519
786_BCAS2_P1P2_ENSG00000116752,BCAS2,-0.009980877089877271,0.13276692237432555,0.14274779946420282
7538_RPS8_P1P2_ENSG00000142937,RPS8,-0.010076308885751728,0.17021454453942148,0.1802908534251732
1671_CLP1_P1P2_ENSG00000172409,CLP1,-0.010209090326990466,0.10092753424246809,0.11113662456945855
9945_YRDC_P1P2_ENSG00000196449,YRDC,-0.01022294584056957,-0.159017434933579,-0.14879448909300944
7481_RPL9_P1P2_ENSG00000163682,RPL9,-0.010268350230019513,0.15138492187100974,0.16165327210102926
9910_XRN1_P1P2_ENSG00000114127,XRN1,-0.010315961213226324,0.10851297104853251,0.11882893226175884
4960_MEF2A_P1P2_ENSG00000068305,MEF2A,-0.010329749039901803,0.1051696769072821,0.1154994259471839
302_ANAPC11_P1P2_ENSG00000141552,ANAPC11,-0.010346670771205393,0.10897977392836981,0.11932644469957521
6878_PSME1_P1P2_ENSG00000092010,PSME1,-0.01037725172402379,0.14499970962308487,0.15537696134710866
3503_GPN2_P1P2_ENSG00000142751,GPN2,-0.010402546327980766,0.12633683369497306,0.13673938002295383
3447_GNL3_P1P2_ENSG00000163938,GNL3,-0.010475573751596662,0.13873988740414708,0.14921546115574374
7734_SEC13_P1P2_ENSG00000157020,SEC13,-0.010543544961917645,0.07028309108859801,0.08082663605051565
893_BRD8_P1P2_ENSG00000112983,BRD8,-0.010544411354571653,0.09274682477248075,0.1032912361270524
7418_RPA1_P1P2_ENSG00000132383,RPA1,-0.010788111360155894,0.1325337409169079,0.1433218522770638
6667_PPP1R2_P1P2_ENSG00000184203,PPP1R2,-0.010836101390143293,0.1372695243274153,0.1481056257175586
7508_RPS19BP1_P1P2_ENSG00000187051,RPS19BP1,-0.011069431758785386,0.13121912545513795,0.14228855721392333
7449_RPL23A_P1P2_ENSG00000198242,RPL23A,-0.011182137257982755,0.14809838321656488,0.15928052047454763
7076_RAD9A_P1P2_ENSG00000172613,RAD9A,-0.011195139916306912,0.06710566375761884,0.07830080367392575
9194_TP53RK_P1P2_ENSG00000172315,TP53RK,-0.01129328595787743,0.1588559677734548,0.17014925373133222
8506_STIL_P1P2_ENSG00000123473,STIL,-0.011350434028875894,0.10185278066686754,0.11320321469574343
2347_DPH2_P1P2_ENSG00000132768,DPH2,-0.011425255156018721,0.13147562505828206,0.14290088021430078
5968_ORC4_P1P2_ENSG00000115947,ORC4,-0.011445798137820665,0.08744436642397853,0.0988901645617992
7814_SETD1A_P1P2_ENSG00000099381,SETD1A,-0.011569441844109463,0.17679642114860983,0.1883658629927193
7649_SAP30BP_P1P2_ENSG00000161526,SAP30BP,-0.0117006529486956,0.15121553534061416,0.16291618828930976
118_ACTR8_P1P2_ENSG00000113812,ACTR8,-0.011936013925097855,0.136169611792463,0.14810562571756086
14_AASDHPPT_P1P2_ENSG00000149313,AASDHPPT,-0.011981851510867808,0.11327647225491033,0.12525832376577814
4003_IARS2_P1P2_ENSG00000067704,IARS2,-0.011987625205556518,0.1925665271097707,0.20455415231532723
2658_EP400_P1P2_ENSG00000183495,EP400,-0.012013765896097955,0.13926828538593672,0.15128205128203467
5904_NUP98_P1P2_ENSG00000110713,NUP98,-0.012040969271343252,0.11478643218290961,0.12682740145425286
6215_PELP1_P1P2_ENSG00000141456,PELP1,-0.012062595243964594,0.11686966652410526,0.12893226176806985
2545_EIF3B_P1P2_ENSG00000106263,EIF3B,-0.012088302738158752,0.15059826442600874,0.1626865671641675
10676_ZNF84_P1P2_ENSG00000198040,ZNF84,-0.012120745081402706,0.17609203716121263,0.18821278224261534
876_BORA_P1P2_ENSG00000136122,BORA,-0.012277081572616866,0.1750937565444805,0.18737083811709737
4910_MCRS1_P1P2_ENSG00000187778,MCRS1,-0.01240607931472791,0.09735281850386789,0.1097588978185958
1536_CFL1_P1P2_ENSG00000172757,CFL1,-0.012480419864697126,0.08242964519461228,0.0949100650593094
8431_SRSF1_P1P2_ENSG00000136450,SRSF1,-0.012507291574003127,0.1717636613536588,0.18427095292766194
7655_SARNP_P1P2_ENSG00000205323,SARNP,-0.012667926184969383,0.09670826975839035,0.10937619594335973
6540_POLR2A_P1P2_ENSG00000181222,POLR2A,-0.012754375925862121,0.09042204963861247,0.1031764255644746
10041_ZCRB1_P1P2_ENSG00000139168,ZCRB1,-0.012810359781735559,0.12955473780723736,0.14236509758897292
1793_COQ4_P1P2_ENSG00000167113,COQ4,-0.012814366847702957,0.13674552599576198,0.14955989284346494
4481_KRTAP4-7_ENST00000391417.4_ENSG00000240871,KRTAP4-7,-0.012872056414093391,0.10901849084958073,0.12189054726367413
8772_TCERG1_P1P2_ENSG00000113649,TCERG1,-0.012896606461862109,0.09954120448340575,0.11243781094526786
1389_CDC16_P1P2_ENSG00000130177,CDC16,-0.012917420191369364,0.10870523575963294,0.1216226559510023
2535_EIF2B1_P1P2_ENSG00000111361,EIF2B1,-0.01299647852003366,0.14670501401725988,0.15970149253729354
3335_GEMIN4_P1P2_ENSG00000179409,GEMIN4,-0.013009433797525505,0.11324391484387175,0.12625334864139726
9613_UQCRFS1_P1P2_ENSG00000169021,UQCRFS1,-0.013193982199160209,0.14922469365235044,0.16241867585151065
1545_CHAF1B_P1P2_ENSG00000159259,CHAF1B,-0.01325809525470717,0.1448743195941066,0.15813241484881377
630_ATL2_P1P2_ENSG00000119787,ATL2,-0.013296290986628656,0.15524561486869667,0.16854190585532533
1022_C19orf53_P1P2_ENSG00000104979,C19orf53,-0.013338080894261778,0.11295353793465773,0.1262916188289195
9682_UTP15_P1P2_ENSG00000164338,UTP15,-0.013461914123967342,0.11168159907923315,0.1251435132032005
821_BET1_P1P2_ENSG00000105829,BET1,-0.013551281171359508,0.1336741302331491,0.14722541140450862
5729_NOC2L_P1P2_ENSG00000188976,NOC2L,-0.013569692015013304,0.10667523718513415,0.12024492920014745
10736_ZW10_P1P2_ENSG00000086827,ZW10,-0.013630007834085217,0.0790221161613211,0.09265212399540632
4947_MED24_P1P2_ENSG00000008838,MED24,-0.013922137834670625,0.07876825634825547,0.0926903941829261
7097_RANGAP1_P1P2_ENSG00000100401,RANGAP1,-0.013927640781708162,0.09491277253631192,0.10884041331802008
2827_FAM102B_P1P2_ENSG00000162636,FAM102B,-0.01395292184824709,0.18080406246096092,0.19475698430920801
2614_EMC4_P1P2_ENSG00000128463,EMC4,-0.014028399538589365,0.13706230080583567,0.15109070034442504
7144_RBBP8_P1P2_ENSG00000101773,RBBP8,-0.014072206516602903,0.1380900590784863,0.1521622655950892
1808_COX15_P1P2_ENSG00000014919,COX15,-0.014148259545789382,0.11099525365742066,0.12514351320321004
7338_RNF113A_P1P2_ENSG00000125352,RNF113A,-0.014220874079166917,0.07349439572565158,0.0877152698048185
4921_MDN1_P1P2_ENSG00000112159,MDN1,-0.014226918521585752,0.12886531263032966,0.1430922311519154
2606_ELP4_P1P2_ENSG00000109911,ELP4,-0.014329850028794902,0.09902644541705143,0.11335629544584633
2599_ELOF1_P1P2_ENSG00000130165,ELOF1,-0.014498871049766965,0.09843645233330772,0.11293532338307469
2550_EIF3F_P1P2_ENSG00000175390,EIF3F,-0.014560357852652653,0.11391266166512427,0.12847301951777693
6455_PLK4_P1P2_ENSG00000142731,PLK4,-0.014611380256888157,0.151251612471763,0.16586299272865115
3177_FOXO1_P1P2_ENSG00000150907,FOXO1,-0.014693674020582914,0.15105450814550164,0.16574818216608456
7887_SH3KBP1_P1P2_ENSG00000147010,SH3KBP1,-0.014725161978203727,0.1272189635480094,0.14194412552621313
10163_ZNF131_P1P2_ENSG00000172262,ZNF131,-0.014738218786060672,0.07577077470799838,0.09050899349405905
682_ATP6V1D_P1P2_ENSG00000100554,ATP6V1D,-0.01485640692621519,0.12134719047140057,0.13620359739761576
3132_FNTB_P1P2_ENSG00000257365,FNTB,-0.01500101327326138,0.07474257647031891,0.0897435897435803
5235_MRPL51_P1P2_ENSG00000111639,MRPL51,-0.015009697505770594,0.07040936104761088,0.08541905855338147
8430_SRSF11_P2_ENSG00000116754,SRSF11,-0.015184465146708757,0.05473516745948693,0.06991963260619569
2222_DICER1_P1P2_ENSG00000100697,DICER1,-0.0151858933408201,0.20835027198638234,0.22353616532720244
5499_NCKAP1_P1P2_ENSG00000061676,NCKAP1,-0.015197968688294289,0.18732786368827672,0.202525832376571
2491_EEFSEC_P1P2_ENSG00000132394,EEFSEC,-0.01520031742459653,0.0919562076423636,0.10715652506696013
3638_HAUS5_P1P2_ENSG00000249115,HAUS5,-0.015251299216697684,0.11708700924099527,0.13233830845769295
2788_EXOSC1_P1P2_ENSG00000171311,EXOSC1,-0.01525722182264104,0.09852004568595228,0.11377726750859332
2204_DHX16_P1P2_ENSG00000204560,DHX16,-0.01526595343600709,0.13869501097271453,0.15396096440872162
4147_INTS2_P1P2_ENSG00000108506,INTS2,-0.015450583061916962,0.1916294016299986,0.20707998469191558
5464_NAPG_P1P2_ENSG00000134265,NAPG,-0.01545846182004175,0.12219940270348122,0.13765786452352297
6850_PSMB2_P1P2_ENSG00000126067,PSMB2,-0.015535624914780277,0.15847891775645917,0.17401454267123945
8396_SRBD1_P1P2_ENSG00000068784,SRBD1,-0.01555991098356202,0.15546955706081364,0.17102946804437566
8147_SMARCB1_P2_ENSG00000099956,SMARCB1,-0.01562830862150047,0.08957643688173797,0.10520474550323844
8008_SLC25A42_P1P2_ENSG00000181035,SLC25A42,-0.015693369294034865,0.14951903024671875,0.16521239954075362
8915_TIMM10_P1P2_ENSG00000134809,TIMM10,-0.01570007029963827,0.13401290329391774,0.149712973593556
3677_HEATR1_P1P2_ENSG00000119285,HEATR1,-0.015763256044337745,0.1100308503467725,0.12579410639111024
6741_PRELID1_P1P2_ENSG00000169230,PRELID1,-0.015817283748047167,0.14778776791669368,0.16360505166474085
9167_TOMM40_P1P2_ENSG00000130204,TOMM40,-0.015842449746846204,0.17711583574874581,0.19295828549559202
4684_LSG1_P1P2_ENSG00000041802,LSG1,-0.016248083952347447,0.17181161754017296,0.1880597014925204
8029_SLC2A8_P1P2_ENSG00000136856,SLC2A8,-0.01628066166948472,0.11445029891222033,0.13073096058170505
3336_GEMIN5_P1P2_ENSG00000082516,GEMIN5,-0.01632718966187821,0.12247878048736965,0.13880597014924786
7164_RBM22_P1P2_ENSG00000086589,RBM22,-0.016458454915963483,0.08166630589535637,0.09812476081131985
3980_HSPA9_P1P2_ENSG00000113013,HSPA9,-0.01681102257210018,0.14511014084159832,0.1619211634136985
1782_COPS6_P1P2_ENSG00000168090,COPS6,-0.01690883694773851,0.1442086525279497,0.1611174894756882
937_BUD13_P1P2_ENSG00000137656,BUD13,-0.01697398561327787,0.13897702854667465,0.15595101415995252
3424_GMPPB_P1P2_ENSG00000173540,GMPPB,-0.017011504475935788,0.08352427814939316,0.10053578262532895
7471_RPL39_P1P2_ENSG00000198918,RPL39,-0.017066107518501766,0.13792815195335512,0.15499425947185688
874_BOP1_P1_ENSG00000261236,BOP1,-0.017130207036721995,0.11872895867318117,0.13585916570990317
2372_DRAP1_P1P2_ENSG00000175550,DRAP1,-0.017223540537902038,0.13570412880767266,0.1529276693455747
4942_MED1_P1P2_ENSG00000125686,MED1,-0.017318281927145587,0.12232963234763251,0.1396479142747781
5736_NOL7_P1P2_ENSG00000225921,NOL7,-0.01732339905869215,0.13816837285098593,0.15549177190967808
2421_DYNC1H1_P1P2_ENSG00000197102,DYNC1H1,-0.01736950062347109,0.12622024296626225,0.14358974358973334
5422_NAA10_P1P2_ENSG00000102030,NAA10,-0.01738798592272664,0.14855154718097063,0.16593953310369727
6383_PITRM1_P1P2_ENSG00000107959,PITRM1,-0.017450081907945128,0.11331914886127957,0.1307692307692247
7719_SDE2_P1P2_ENSG00000143751,SDE2,-0.01754344248392152,0.11521583803654321,0.13275928052046473
862_BNIP1_P1P2_ENSG00000113734,BNIP1,-0.017562083463120826,0.11427871255676927,0.1318407960198901
5196_MRPL13_P1P2_ENSG00000172172,MRPL13,-0.017588379833579124,0.10985134462105935,0.12743972445463847
9249_TRAPPC4_P1P2_ENSG00000196655,TRAPPC4,-0.017643632670634457,0.08844132714566458,0.10608495981629903
3741_HIRA_P1_ENSG00000100084,HIRA,-0.017665976124656438,0.09641745288413724,0.11408342900879367
9179_TOPBP1_P1P2_ENSG00000163781,TOPBP1,-0.017766497977298623,0.15980717213367723,0.17757367011097586
8213_SNF8_P1P2_ENSG00000159210,SNF8,-0.017775304046280638,0.11000885209607786,0.1277841561423585
3667_HDAC7_P1P2_ENSG00000061273,HDAC7,-0.01779100064425551,0.12820976475948953,0.14600076540374504
1915_CSTF1_P1P2_ENSG00000101138,CSTF1,-0.017866525715412834,0.10410056192330155,0.12196708763871439
2001_CYFIP1_P1P2_ENSG00000273749,CYFIP1,-0.01787133148712683,0.11174979365638021,0.12962112514350704
5202_MRPL19_P1P2_ENSG00000115364,MRPL19,-0.017998339233606678,0.11242645984790593,0.1304247990815126
7411_ROMO1_P1P2_ENSG00000125995,ROMO1,-0.018001344533066677,0.07055586939726957,0.08855721393033625
3935_HPS5_P1P2_ENSG00000110756,HPS5,-0.018127262520083356,0.10724587180826829,0.12537313432835165
3825_HMGA1_P1P2_ENSG00000137309,HMGA1,-0.01818832289535055,0.12513352938171812,0.14332185227706867
7476_RPL6_P1P2_ENSG00000089009,RPL6,-0.018208209313943846,0.14949175241585408,0.16769996172979793
6769_PRKRA_P1P2_ENSG00000180228,PRKRA,-0.01827659341450205,0.20059060903478326,0.21886720244928531
3626_HAMP_P1P2_ENSG00000105697,HAMP,-0.018281446567060038,0.06120573292011917,0.0794871794871792
1568_CHEK1_P1P2_ENSG00000149554,CHEK1,-0.018334384511291546,0.10761280262991596,0.1259471871412075
7751_SEC61A1_P1_ENSG00000058262,SEC61A1,-0.018499912886936087,0.1392115298991308,0.15771144278606689
4778_MAGOH_P1P2_ENSG00000162385,MAGOH,-0.018557460310769186,0.11726343521161464,0.13582089552238383
7435_RPL13A_P1_ENSG00000142541,RPL13A,-0.018577671626619358,0.18953560812844947,0.20811327975506883
976_RTRAF_P1P2_ENSG00000087302,RTRAF,-0.01863169256165456,0.1527039369829206,0.17133562954457515
3710_HEXIM1_P1P2_ENSG00000186834,HEXIM1,-0.018839796013246618,0.1624460822875403,0.1812858783007869
5811_NRF1_P1P2_ENSG00000106459,NRF1,-0.018846510556249432,0.07721166012878637,0.0960581706850358
6671_PPP1R37_P1P2_ENSG00000104866,PPP1R37,-0.018884496458670408,0.17085909328491558,0.189743589743586
7335_RNF103_P1P2_ENSG00000239305,RNF103,-0.018907855216585973,0.15070561588941916,0.16961347110600514
6195_PDRG1_P1P2_ENSG00000088356,PDRG1,-0.018943032111616645,0.10849669234302235,0.127439724454639
7424_RPAP3_P1P2_ENSG00000005175,RPAP3,-0.01896524696048242,0.10476226930433548,0.1237275162648179
10463_ZNF574_P1_ENSG00000105732,ZNF574,-0.019011930632815158,0.12186062964272291,0.14087256027553807
7842_SFPQ_P1P2_ENSG00000116560,SFPQ,-0.019049679630996463,0.18202188561966695,0.20107156525066341
7514_RPS25_P1P2_ENSG00000118181,RPS25,-0.019070953631618023,0.11395621820151518,0.1330271718331332
4126_INO80B_P1P2_ENSG00000115274,INO80B,-0.019174013743984905,0.10577814852160224,0.12495216226558714
9474_U2AF2_P1P2_ENSG00000063244,U2AF2,-0.019212974338120914,0.16157539152486478,0.1807883658629857
5264_MRPS35_P1P2_ENSG00000061794,MRPS35,-0.01925147466118464,0.06823417401848252,0.08748564867966716
8892_THOC7_P1P2_ENSG00000163634,THOC7,-0.01931776046706654,0.1734874442784319,0.19280520474549845
7754_SEC62_P1P2_ENSG00000008952,SEC62,-0.019343102451874122,0.14958150527869463,0.16892460773056875
16_AATF_P1P2_ENSG00000275700,AATF,-0.019360470916911357,0.10857676597554429,0.12793723689245565
6237_PFDN1_P1P2_ENSG00000113068,PFDN1,-0.01941494535430989,0.07166810095261318,0.09108304630692307
5673_NIP7_P1P2_ENSG00000132603,NIP7,-0.019495919222949604,0.15853699313830713,0.17803291236125673
7838_SF3B4_P1P2_ENSG00000143368,SF3B4,-0.01965647260960096,0.13369216879872808,0.15334864140832904
1211_CAST_P2_ENSG00000153113,CAST,-0.019753332599601617,0.08843648753050022,0.10818982013010184
1257_CCDC137_P1P2_ENSG00000185298,CCDC137,-0.0197912914272695,0.0852221031383565,0.105013394565626
1011_C18orf21_P1P2_ENSG00000141428,C18orf21,-0.01983985679611433,0.09914215621573821,0.11898201301185254
1745_COG6_P1P2_ENSG00000133103,COG6,-0.020003124428462984,0.06392339681148775,0.08392652123995073
6887_PSMG4_P1P2_ENSG00000180822,PSMG4,-0.020068577685157338,0.07935736950197349,0.09942594718713083
3233_FYN_P1P2_ENSG00000010810,FYN,-0.020218862965243473,0.13745430963329194,0.15767317259853542
8844_TFDP1_P1P2_ENSG00000198176,TFDP1,-0.020356978136174125,0.10268167475321982,0.12303865288939395
608_ATF5_P1P2_ENSG00000169136,ATF5,-0.02037390663616452,0.1213788679524155,0.14175277458858002
2785_EXOC8_P1P2_ENSG00000116903,EXOC8,-0.020498105375272177,0.11803997346130239,0.13853807883657457
3857_HNRNPA1_P1P2_ENSG00000135486,HNRNPA1,-0.020517098326487793,-0.14110645921436388,-0.12058936088787608
4898_MCM2_P1P2_ENSG00000073111,MCM2,-0.020621011294102293,0.139424912930919,0.16004592422502129
8599_SUPT6H_P1P2_ENSG00000109111,SUPT6H,-0.020716043737128,0.09704132327396293,0.11775736701109094
8923_TIMM44_P1P2_ENSG00000104980,TIMM44,-0.02075441545504743,0.11388010425409574,0.13463451970914317
7393_RNF4_P1P2_ENSG00000063978,RNF4,-0.020818508204536623,0.13452018295504412,0.15533869115958074
9303_TRMT112_P1P2_ENSG00000173113,TRMT112,-0.02082928396302622,0.1258220746286184,0.14665135859164463
5828_NSMCE1_P1P2_ENSG00000169189,NSMCE1,-0.02084010033368927,0.0870435582962319,0.10788365862992116
5657_NFYB_P1P2_ENSG00000120837,NFYB,-0.021098644081962964,0.16229209453264892,0.1833907386146119
7116_RARS2_P1P2_ENSG00000146282,RARS2,-0.02119054262037065,0.13016804903672444,0.1513585916570951
6560_POLR3F_P1P2_ENSG00000132664,POLR3F,-0.0212207242203217,0.12615776793428096,0.14737849215460266
4649_LRP5_P1P2_ENSG00000162337,LRP5,-0.021353329675523836,0.07776645601142013,0.09911978568694396
2794_EXOSC7_P1P2_ENSG00000075914,EXOSC7,-0.02147595130927213,0.1007590276421188,0.12223497895139093
8659_TAF1D_P2_ENSG00000166012,TAF1D,-0.021476032533578326,0.14507582357050872,0.16655185610408704
3286_GART_P1P2_ENSG00000159131,GART,-0.021632010284068956,0.07396691815066885,0.0955989284347378
2694_ERCC2_P1P2_ENSG00000104884,ERCC2,-0.021720274034588025,0.11463640411312344,0.13635667814771146
62_ABT1_P1P2_ENSG00000146109,ABT1,-0.02175704157237017,0.10323339088073326,0.12499043245310343
5262_MRPS33_P1P2_ENSG00000090263,MRPS33,-0.021806913298869635,0.08240280732875829,0.10420972062762793
5588_NEDD8_P1P2_ENSG00000129559,NEDD8,-0.021862863311259348,0.09436369619886902,0.11622655951012836
9905_XRCC3_P1P2_ENSG00000126215,XRCC3,-0.022024980265871602,0.147741571590228,0.1697665518560996
7509_RPS19_P1P2_ENSG00000105372,RPS19,-0.022070181594498917,0.15580965001666,0.17787983161115892
6630_PPIL2_P1P2_ENSG00000100023,PPIL2,-0.02208356329966296,0.10749929165632063,0.1295828549559836
377_AP2M1_P1_ENSG00000161203,AP2M1,-0.022228162878027632,0.09327126306915752,0.11549942594718515
4523_LAS1L_P1P2_ENSG00000001497,LAS1L,-0.022281865684508045,0.11296497702500741,0.13524684270951545
1609_CIAO1_P1P2_ENSG00000144021,CIAO1,-0.022293406305246843,0.15218037861629666,0.1744737849215435
8167_SMG6_P1P2_ENSG00000070366,SMG6,-0.0223476506071352,0.09169750821413358,0.11404515882126878
4871_MAX_P1P2_ENSG00000125952,MAX,-0.022353241547155303,0.12226979710572401,0.14462303865287932
4146_INTS1_P1P2_ENSG00000164880,INTS1,-0.022554887666087473,0.09390129296917925,0.11645618063526672
1411_CDC7_P1P2_ENSG00000097046,CDC7,-0.022587973035151615,0.13565925237624787,0.1582472254113995
2548_EIF3D_P1P2_ENSG00000100353,EIF3D,-0.022630730865799892,0.1849084960764029,0.20753922694220278
8157_SMC3_P1P2_ENSG00000108055,SMC3,-0.022659450428191424,0.07971330119828732,0.10237275162647874
1033_C1QTNF4_P1P2_ENSG00000172247,C1QTNF4,-0.0229211483872135,0.09981134300199145,0.12273249138920495
7816_SETD2_P1P2_ENSG00000181555,SETD2,-0.022932546865429393,0.10251712783797137,0.12544967470340077
2162_DERL2_P1P2_ENSG00000072849,DERL2,-0.02300673173546,0.08847432452170911,0.11148105625716911
10738_ZWINT_P1P2_ENSG00000122952,ZWINT,-0.02319309414668702,0.10922175468605899,0.132414848832746
140_ADAT3_P2_ENSG00000213638,ADAT3,-0.023207700985159008,0.08632157570829394,0.10952927669345294
3636_HAUS3_P1P2_ENSG00000214367,HAUS3,-0.023232589467555728,0.11224387436710247,0.1354764638346582
4897_MCM10_P1P2_ENSG00000065328,MCM10,-0.02335139355871091,0.08966047019940643,0.11301186375811734
1161_CALR_P1P2_ENSG00000179218,CALR,-0.02343957608490066,0.15566490152702478,0.17910447761192544
2707_ERH_P1P2_ENSG00000100632,ERH,-0.023480878646659126,0.15095463608734516,0.1744355147340043
3370_GINS2_P1P2_ENSG00000131153,GINS2,-0.02351500639437598,0.13706670045597255,0.16058170685034853
4374_KIF11_P1P2_ENSG00000138160,KIF11,-0.023600522055704773,0.06641095900054551,0.09001148105625029
1408_CDC5L_P1P2_ENSG00000096401,CDC5L,-0.02361772807211171,0.11587710545256233,0.13949483352467404
6963_PWP2_P1P2_ENSG00000241945,PWP2,-0.023916078501131727,0.10034722038902066,0.12426329889015239
8793_TCP1_P1P2_ENSG00000120438,TCP1,-0.02393245196833485,0.0798945667840521,0.10382701875238695
8417_SRP72_P1P2_ENSG00000174780,SRP72,-0.023979650061294516,0.13388487347485847,0.157864523536153
7515_RPS26_P1P2_ENSG00000197728,RPS26,-0.023989708338395643,0.1367068090745325,0.16069651741292815
2791_EXOSC4_P1P2_ENSG00000178896,EXOSC4,-0.02401530753352006,0.10139609698235179,0.12541140451587185
3731_HINFP_P1P2_ENSG00000172273,HINFP,-0.024055269894151923,0.07192636041582175,0.09598163030997367
1139_CA5A_P1P2_ENSG00000174990,CA5A,-0.02412924493474973,0.07648307806563272,0.10061232300038245
7575_RSL1D1_P2_ENSG00000171490,RSL1D1,-0.024132162241223484,0.07242352088162056,0.09655568312284404
6547_POLR2F_P1P2_ENSG00000100142,POLR2F,-0.02413359720404644,0.11903517432292023,0.14316877152696666
6803_PRPF8_P1P2_ENSG00000174231,PRPF8,-0.0241374892022283,0.1542398548467456,0.1783773440489739
2175_DGCR8_P1P2_ENSG00000128191,DGCR8,-0.024317265675620592,0.23461882311120597,0.25893608878682656
2036_DBF4_P1P2_ENSG00000006634,DBF4,-0.02434507146453109,-0.13157813690656003,-0.10723306544202894
5207_MRPL23_P1P2_ENSG00000214026,MRPL23,-0.024365682133261582,0.10510236226013776,0.12946804439339935
2918_FAM32A_P1P2_ENSG00000105058,FAM32A,-0.02444830079420718,0.11053065060264816,0.13497895139685534
7187_RBMXL1_P1P2_ENSG00000213516,RBMXL1,-0.02446086348751665,0.06933936613360793,0.09380022962112458
4423_KLF7_P1P2_ENSG00000118263,KLF7,-0.024461445595075862,0.08097292103331734,0.1054343666283932
1410_CDC73_P1P2_ENSG00000134371,CDC73,-0.0245186478155468,0.2027679958889905,0.2272866437045373
5537_NDUFA4_P1P2_ENSG00000189043,NDUFA4,-0.024595682305173942,0.05818273330904981,0.08277841561422375
8839_TFAP4_P1P2_ENSG00000090447,TFAP4,-0.024729614424125676,0.08437869020655454,0.10910830463068022
7176_RBM42_P1P2_ENSG00000126254,RBM42,-0.024867966499302355,0.12289322753053088,0.14776119402983323
10280_ZNF317_P1P2_ENSG00000130803,ZNF317,-0.025025135539676238,0.06743563751810529,0.09246077305778153
7442_RPL18A_P1P2_ENSG00000105640,RPL18A,-0.025318707271793833,0.13863077608067054,0.16394948335246437
2616_EMC7_P1P2_ENSG00000134153,EMC7,-0.02547783246430385,0.1218623895027788,0.14734022196708266
9547_UBR4_P1P2_ENSG00000127481,UBR4,-0.025496703579034385,0.17435021567085607,0.19984691924989045
2475_EDC4_P1P2_ENSG00000038358,EDC4,-0.025530371055658585,0.1779904861965358,0.20352085725219438
7843_SFSWAP_P1P2_ENSG00000061936,SFSWAP,-0.025664167800770868,0.0954992458999497,0.12116341370072056
4284_KATNB1_P1P2_ENSG00000140854,KATNB1,-0.02576095333514619,0.13772928776703014,0.16349024110217633
10272_ZNF292_P1P2_ENSG00000188994,ZNF292,-0.025972942016273343,0.13047558458149738,0.15644852659777073
6842_PSMA2_P1P2_ENSG00000106588,PSMA2,-0.026117568669381447,0.18823375165207923,0.21435132032146068
9703_VARS_P1P2_ENSG00000204394,VARS,-0.026211700876314387,0.13352806184851596,0.15973976272483034
6516_POLD2_P1P2_ENSG00000106628,POLD2,-0.026289331010835137,0.1746291534897253,0.20091848450056043
4100_ILF3_P1P2_ENSG00000129351,ILF3,-0.026293595287147614,0.15051467107335387,0.17680826636050148
4000_HYOU1_P1P2_ENSG00000149428,HYOU1,-0.02633408560582713,0.10313395878758895,0.12946804439341608
2527_EIF1AX_P1P2_ENSG00000173674,EIF1AX,-0.02638238022694636,0.15838608513851998,0.18476846536546634
9236_TRAIP_P1P2_ENSG00000183763,TRAIP,-0.02641695470838598,0.12455893507346322,0.1509758897818492
4949_MED26_P1P2_ENSG00000105085,MED26,-0.026420102150385552,0.11173527481094377,0.13815537696132932
4696_LSM6_P1P2_ENSG00000164167,LSM6,-0.026480336745158692,0.07956635288361182,0.10604668962877051
5424_NAA15_P1P2_ENSG00000164134,NAA15,-0.026775065923691485,0.11685294785356436,0.14362801377725584
5950_OR1E2_ENST00000248384.1_ENSG00000127780,OR1E2,-0.02681594882652452,0.09212779399780663,0.11894374282433115
2314_DNMT1_P1P2_ENSG00000130816,DNMT1,-0.02682208126192559,0.16938917017319538,0.19621125143512097
1129_SPOUT1_P1P2_ENSG00000198917,SPOUT1,-0.027029541687757744,0.1006780740795472,0.12770761576730494
5125_MMP17_P1P2_ENSG00000198598,MMP17,-0.027115375477654594,0.11031286792073018,0.13742824339838478
1740_COG1_P1P2_ENSG00000166685,COG1,-0.02724919929752319,0.11970832079431777,0.14695752009184096
8816_TELO2_P1P2_ENSG00000100726,TELO2,-0.02730904130812853,0.10717239765091599,0.13448143895904452
5302_MTBP_P1P2_ENSG00000172167,MTBP,-0.027567551212944297,0.11296057737487336,0.14052812858781766
2979_FASTKD5_P1P2_ENSG00000215251,FASTKD5,-0.027586415559002236,0.08090956607130745,0.10849598163030968
8744_TBRG4_P1P2_ENSG00000136270,TBRG4,-0.027650325553797137,0.1025831225900815,0.13023344814387863
6868_PSMD14_P1P2_ENSG00000115233,PSMD14,-0.027901721562806597,0.1311874479741214,0.159089169536928
6912_PTGR2_P1P2_ENSG00000140043,PTGR2,-0.02799680815536494,0.1108857023689322,0.13888251052429715
7407_RNPS1_P1P2_ENSG00000205937,RNPS1,-0.02801492794523444,0.11040834032876348,0.13842326827399792
7272_RGPD6_ENST00000329516.3_ENSG00000183054,RGPD6,-0.028040885881057118,0.07555651174618479,0.1035973976272419
1822_COX7B_P1P2_ENSG00000131174,COX7B,-0.028113845617770444,-0.11563776448497656,-0.08752391886720612
309_ANAPC5_P1P2_ENSG00000089053,ANAPC5,-0.028126570759685943,0.1880234483753956,0.21615001913508156
9919_YARS_P1P2_ENSG00000134684,YARS,-0.02819083272651765,0.08581605590722846,0.11400688863374611
1636_CLASRP_P1P2_ENSG00000104859,CLASRP,-0.028264814535777505,0.09282205878988328,0.12108687332566079
7525_RPS3_P1_ENSG00000149273,RPS3,-0.028287401662744238,0.11932071161700725,0.14760811327975148
8208_SNAPC4_P1P2_ENSG00000165684,SNAPC4,-0.028459928866456347,-0.16975346120477042,-0.14129353233831407
4695_LSM5_P1_ENSG00000106355,LSM5,-0.028466670484220802,0.11799333716980887,0.14646000765402967
8124_PRELID3B_P1P2_ENSG00000101166,PRELID3B,-0.028480289093565578,0.10814428036681302,0.1366245694603786
9687_UTP6_P1P2_ENSG00000108651,UTP6,-0.028786227226908906,0.13428304181250128,0.1630692690394102
3788_HIST2H2BE_P1P2_ENSG00000184678,HIST2H2BE,-0.028794105984999693,0.12455453542333435,0.15334864140833404
3253_GABPA_P1P2_ENSG00000154727,GABPA,-0.028810756968622092,0.1274081485040082,0.1562189054726303
7458_RPL30_P1P2_ENSG00000156482,RPL30,-0.028833892359659274,0.13339343255422428,0.16222732491388356
1747_COG8_P1P2_ENSG00000213380,COG8,-0.029066004363633532,0.08448164201982104,0.11354764638345458
5934_OIP5_P1P2_ENSG00000104147,OIP5,-0.02912309151638587,0.10244981319084051,0.13157290470722638
1323_CCND3_P1P2_ENSG00000112576,CCND3,-0.029235099840249523,-0.11055924832857847,-0.08132414848832895
4130_INO80_P1P2_ENSG00000128908,INO80,-0.029378629965188807,0.12504157669381769,0.1544202066590065
5902_NUP88_P1P2_ENSG00000108559,NUP88,-0.02943061352376472,0.1096815181256649,0.13911213164942962
901_BRIX1_P1P2_ENSG00000113460,BRIX1,-0.029435838954403035,0.11495757857333373,0.14439341752773677
9527_UBE3D_P1P2_ENSG00000118420,UBE3D,-0.029459657983373112,0.05488783531933624,0.08434749330270935
3971_HSPA14_P1P2_ENSG00000284024,HSPA14,-0.02946110648357879,0.11386074579348966,0.14332185227706845
3802_HJURP_P1P2_ENSG00000123485,HJURP,-0.029584682502966947,0.14638163973200058,0.17596632223496753
5898_NUP54_P1P2_ENSG00000138750,NUP54,-0.029758265622715385,0.14735616223796813,0.17711442786068352
6581_POT1_P1P2_ENSG00000128513,POT1,-0.029766611420590297,0.09269798865594094,0.12246460007653123
10589_ZNF720_P1P2_ENSG00000197302,ZNF720,-0.029778104660500335,0.07745496078151871,0.10723306544201905
6625_PPIE_P1P2_ENSG00000084072,PPIE,-0.02978429801416245,0.12203353589320766,0.1518178339073701
8_AAMP_P1P2_ENSG00000127837,AAMP,-0.029794051700085852,0.12160281014453413,0.15139686184461998
9802_WDHD1_P1P2_ENSG00000198554,WDHD1,-0.029805071131506142,0.07670086074755296,0.1065059318790591
9886_XAB2_P1P2_ENSG00000076924,XAB2,-0.02988970686281278,0.0657474917594564,0.09563719862226919
8160_SMC5_P1P2_ENSG00000198887,SMC5,-0.02991385755772824,0.13564297367073033,0.16555683122845857
7437_RPL13_P1P2_ENSG00000167526,RPL13,-0.029939186005142282,0.16653995674264346,0.19647914274778575
1319_CCNC_P1P2_ENSG00000112237,CCNC,-0.029968392913387848,-0.1553415272417622,-0.12537313432837435
83_ACIN1_P2_ENSG00000100813,ACIN1,-0.03001196298716685,0.1281204518616607,0.15813241484882756
3654_HBS1L_P1P2_ENSG00000112339,HBS1L,-0.030116532517950184,0.1313071184579323,0.1614236509758825
8156_SMC2_P1P2_ENSG00000136824,SMC2,-0.03013656107912574,0.1523739632224337,0.18251052430155945
536_ARPC2_P1_ENSG00000163466,ARPC2,-0.030260935804208883,0.14803986786971005,0.17830080367391893
5985_OSGEP_P1P2_ENSG00000092094,OSGEP,-0.030276409035337362,0.10033974098378863,0.130616150019126
8538_STRAP_P1P2_ENSG00000023734,STRAP,-0.030319491763255463,0.11043825794971412,0.1407577497129696
9444_TWSG1_P1P2_ENSG00000128791,TWSG1,-0.030334944688275467,0.09270370820112042,0.12303865288939589
8206_SNAPC2_P1P2_ENSG00000104976,SNAPC2,-0.03044550451194189,0.0968411391926016,0.12728664370454348
7050_RABGGTA_P1P2_ENSG00000100949,RABGGTA,-0.030448008928153275,0.21700702360149363,0.2474550325296469
9921_YBX1_P1P2_ENSG00000065978,YBX1,-0.030667774837011677,0.1160218539421609,0.14668962877917258
1774_COPG1_P1_ENSG00000181789,COPG1,-0.03068412122944289,0.13552330318692132,0.1662074244163642
6914_PTK2_P1P2_ENSG00000169398,PTK2,-0.03069176308331109,0.09977130618572558,0.13046306926903667
7477_RPL7A_P1P2_ENSG00000148303,RPL7A,-0.030709733961951473,0.05784747996839385,0.08855721393034532
2030_DARS_P1P2_ENSG00000115866,DARS,-0.030717693944368407,0.1173113913981397,0.1480290853425081
9462_TYK2_P1P2_ENSG00000105397,TYK2,-0.030754651005535316,0.13219980747130566,0.16295445847684098
139_ADAT2_P1P2_ENSG00000189007,ADAT2,-0.030787716068504646,0.042231801727128364,0.07301951779563301
1152_CAD_P1P2_ENSG00000084774,CAD,-0.030817112500124554,0.05012433411295423,0.08094144661307878
8006_SLC25A3_P1P2_ENSG00000075415,SLC25A3,-0.03091348514429007,0.10463951906542754,0.1355530042097176
5970_ORC6_P1P2_ENSG00000091651,ORC6,-0.031014670328792654,0.10955172844654892,0.14056639877534158
6513_POLA2_P1P2_ENSG00000014138,POLA2,-0.031063655356572767,0.13851154556189313,0.1695752009184659
5683_NKAP_P1P2_ENSG00000101882,NKAP,-0.031159547423564582,0.12111752873410378,0.15227707615766836
8191_SMUG1_P1P2_ENSG00000123415,SMUG1,-0.03118471342235532,0.12059485029749778,0.1517795637198531
9461_TXN_P1P2_ENSG00000136810,TXN,-0.031192064222431953,0.07902607584644256,0.11021814006887451
9188_TOX4_P1P2_ENSG00000092203,TOX4,-0.031201310256428555,0.10882930589358139,0.14003061615000995
2251_DMAP1_P1P2_ENSG00000178028,DMAP1,-0.03131829356927768,0.2059951392665366,0.23731343283581427
4624_LONP1_P1P2_ENSG00000196365,LONP1,-0.031344860687451015,0.10302176770902224,0.13436662839647326
2570_EIF4G2_P2_ENSG00000110321,EIF4G2,-0.031380430166651346,0.0760057160254615,0.10738614619211284
4166_IPO9_P1P2_ENSG00000198700,IPO9,-0.03138391604329627,0.1433577601909023,0.17474167623419856
9810_WDR24_P1P2_ENSG00000127580,WDR24,-0.03146428072961291,0.16899496152065704,0.20045924225026995
8650_TADA3_P1P2_ENSG00000171148,TADA3,-0.031528867593686324,0.12465176769141927,0.1561806352851056
5747_NOP16_P1P2_ENSG00000048162,NOP16,-0.03159086881719492,0.12975624178364306,0.16134711060083798
9629_ATP5MD_P1P2_ENSG00000173915,ATP5MD,-0.03161028142735128,0.11450529453896985,0.14611557596632113
6856_PSMB7_P1P2_ENSG00000136930,PSMB7,-0.03169924235314742,0.17362031371267034,0.20531955606581775
7793_SERBP1_P1P2_ENSG00000142864,SERBP1,-0.031706593153265586,0.12458885269441485,0.15629544584768043
4360_KIAA1143_P1P2_ENSG00000163807,KIAA1143,-0.03173301136016247,0.05230832044236055,0.08404133180252302
7556_RRM1_P1P2_ENSG00000167325,RRM1,-0.031823102657649455,0.08264302822639047,0.11446613088403992
10029_ZC3H8_P1P2_ENSG00000144161,ZC3H8,-0.031830365464716376,0.07639772485291912,0.1082280903176355
1151_CADM4_P1P2_ENSG00000105767,CADM4,-0.03185055647453347,0.12888423112591468,0.16073478760044815
7568_RRP9_P1P2_ENSG00000114767,RRP9,-0.03204470965085161,0.09562463592893224,0.12766934557978385
2310_DNLZ_P1P2_ENSG00000213221,DNLZ,-0.03206502249709161,0.06035748037316225,0.09242250287025386
9042_TMEM214_P1P2_ENSG00000119777,TMEM214,-0.032071242925530805,0.1022953854709452,0.134366628396476
6675_PPP1R7_P1P2_ENSG00000115685,PPP1R7,-0.03209143393532697,0.11995602109719052,0.1520474550325175
4205_ISCA2_P1P2_ENSG00000165898,ISCA2,-0.03220304290632904,0.09328490198459198,0.12548794489092102
7660_SASS6_P1P2_ENSG00000156876,SASS6,-0.03256068708185178,0.11558320882322468,0.14814389590507646
2382_DSN1_P1P2_ENSG00000149636,DSN1,-0.03266746320639391,0.1411174583397107,0.17378492154610461
3282_GAPDH_P2_ENSG00000111640,GAPDH,-0.032711229572251914,0.055310201732758586,0.0880214313050105
6486_PNISR_P1_ENSG00000132424,PNISR,-0.03278826406185678,0.1346055361677582,0.16739380022961498
7210_RCOR1_P1P2_ENSG00000089902,RCOR1,-0.033114291674601615,0.03967560499589079,0.0727898966704924
6704_PPRC1_P1P2_ENSG00000148840,PPRC1,-0.033254735275767375,0.11362624444102949,0.14688097971679687
2549_EIF3E_P1P2_ENSG00000104408,EIF3E,-0.03335293546687276,0.14785640245887618,0.18120933792574895
7511_RPS21_P1P2_ENSG00000171858,RPS21,-0.03336996549727857,0.09632770002127382,0.12969766551855239
7497_RPS10-NUDT3_P1P2_ENSG00000270800,RPS10-NUDT3,-0.033371542602617224,0.1122847911134048,0.14565633371602202
715_AURKB_P1P2_ENSG00000178999,AURKB,-0.03358147360121799,0.14403046669727565,0.17761194029849364
8904_TICRR_P1P2_ENSG00000140534,TICRR,-0.033732043166390224,0.10101728710531138,0.1347493302717016
7480_RPL8_P1P2_ENSG00000161016,RPL8,-0.03374947931832875,0.1367442061007215,0.17049368541905024
2102_DDX10_P1P2_ENSG00000178105,DDX10,-0.03386178546465343,0.10364299830877027,0.1375047837734237
9192_TP53I13_P1P2_ENSG00000167543,TP53I13,-0.03389409920276701,0.08011278943098454,0.11400688863375155
9691_UXT_P1P2_ENSG00000126756,UXT,-0.033975113683578556,0.13192614923259852,0.16590126291617707
5734_NOL12_P1P2_ENSG00000273899,NOL12,-0.03441071965958606,0.10389773805184799,0.13830845771143405
265_ALG13_P1P2_ENSG00000101901,ALG13,-0.03448390953182387,0.11786970700088861,0.15235361653271248
5752_NOS1AP_P1P2_ENSG00000198929,NOS1AP,-0.03454088838547614,0.07674881693407817,0.11128970531955432
6564_POLR3K_P1P2_ENSG00000161980,POLR3K,-0.034571746854688556,0.10373671085674485,0.1383084577114334
9443_TWISTNB_P1P2_ENSG00000105849,TWISTNB,-0.03459077364937367,0.09813023668356234,0.132721010332936
4945_MED22_P1P2_ENSG00000148297,MED22,-0.03470905655120232,0.11829515316940972,0.15300420972061204
670_ATP6AP1_P1P2_ENSG00000071553,ATP6AP1,-0.03480923996923797,0.0816086704785169,0.11641791044775487
1667_CLNS1A_P1P2_ENSG00000074201,CLNS1A,-0.034824178473630285,0.10658416442723989,0.14140834290087018
1268_CCDC174_P1P2_ENSG00000154781,CCDC174,-0.03483706606419368,0.07350583481601505,0.10834290088020873
6980_PYURF_P1P2_ENSG00000145337,PYURF,-0.034916598201328336,0.0640501067355154,0.09896670493684373
4635_LPIN1_P1P2_ENSG00000134324,LPIN1,-0.035395408741703355,0.09269490890084142,0.12809031764254478
9215_TPR_P1P2_ENSG00000047410,TPR,-0.03542818275088175,0.23571609585606548,0.27114427860694723
2732_ESPL1_P1P2_ENSG00000135476,ESPL1,-0.03552477199320678,0.1223397515429446,0.15786452353615138
9672_USP5_P1_ENSG00000111667,USP5,-0.03573713972106948,0.18756940448097995,0.22330654420204943
700_ATXN10_P1P2_ENSG00000130638,ATXN10,-0.03575047404538485,0.11962648730171944,0.1553769613471043
5903_NUP93_P1P2_ENSG00000102900,NUP93,-0.03581379516392205,0.08990377085213791,0.12571756601605996
4654_LRR1_P1P2_ENSG00000165501,LRR1,-0.0358843858582506,0.10364871785394508,0.13953310371219568
7675_SCAF1_P1P2_ENSG00000126461,SCAF1,-0.03599948070591161,0.12194158320529846,0.15794106391121007
1016_C19orf25_P1P2_ENSG00000119559,C19orf25,-0.03600480089823696,0.11175639313160995,0.14776119402984692
9110_TMSB10_P1P2_ENSG00000034510,TMSB10,-0.036010818265873365,0.08519086562236301,0.12120168388823638
9936_YJEFN3_P1_ENSG00000250067,YJEFN3,-0.03605927533565216,0.0847979768648799,0.12085725220053206
3260_GAK_P1P2_ENSG00000178950,GAK,-0.03613294578507016,0.09356471973348406,0.12969766551855422
6869_PSMD1_P1P2_ENSG00000173692,PSMD1,-0.03614833102317977,0.1060636858156998,0.14221201683887957
8205_SNAPC1_P1P2_ENSG00000023608,SNAPC1,-0.0362273216649099,0.10215767642157102,0.13838499808648091
7455_RPL27_P1P2_ENSG00000131469,RPL27,-0.03627524400795476,0.15453991098629016,0.19081515499424492
4506_LAMTOR2_P1P2_ENSG00000116586,LAMTOR2,-0.03631919312853096,0.14730116661122436,0.18362035973975532
6795_PRPF38B_P1P2_ENSG00000134186,PRPF38B,-0.03651195872288063,0.10945053649333203,0.14596249521621266
1920_CT45A5_P1P2_ENSG00000228836,CT45A5,-0.03652735072967127,0.0970356037287874,0.13356295445845867
9853_WDR92_P1P2_ENSG00000243667,WDR92,-0.0366728099320003,0.0878966504583542,0.12456946039035449
1788_COPZ1_P1_ENSG00000111481,COPZ1,-0.03669246621509138,0.11355629000380642,0.1502487562188978
1591_CHORDC1_P1P2_ENSG00000110172,CHORDC1,-0.036695491820648116,-0.13489679300703092,-0.0982013011863828
7686_SCAP_P1P2_ENSG00000114650,SCAP,-0.0367479694937633,0.050929030123527286,0.08767699961729059
5770_NPM1_P1P2_ENSG00000181163,NPM1,-0.036985916110720024,0.11330111029570022,0.15028702640642025
3986_HSPE1_P1P2_ENSG00000115541,HSPE1,-0.037099562458191154,0.12983499552113192,0.16693455797932308
2058_DCAF6_P1P2_ENSG00000143164,DCAF6,-0.03713904424166334,0.07820730095542755,0.11534634519709089
9722_VEZT_P1P2_ENSG00000028203,VEZT,-0.037209736466364246,0.0739651582906142,0.11117489475697845
2622_EMG1_P1P2_ENSG00000126749,EMG1,-0.03721026442438785,0.12819348605397582,0.16540375047836367
6793_PRPF31_P1P2_ENSG00000105618,PRPF31,-0.03726479978004034,0.12327863688278938,0.16054343666282972
8406_SRF_P1P2_ENSG00000112658,SRF,-0.03735679984880366,0.14281924301379562,0.18017604286259928
9857_WEE1_P1P2_ENSG00000166483,WEE1,-0.03738978368747364,0.13042498860489848,0.16781477229237213
9806_WDR18_P1P2_ENSG00000065268,WDR18,-0.03740212301392132,0.16014858498453163,0.19755070799845295
7312_RIOK2_P1P2_ENSG00000058729,RIOK2,-0.03758097894517627,0.10891729889637487,0.14649827784155114
8662_TAF2_P1P2_ENSG00000064313,TAF2,-0.037632664681264194,0.14001754580475306,0.17765021048601726
5004_METTL3_P1P2_ENSG00000165819,METTL3,-0.037938426828604654,0.08257439368421313,0.12051282051281778
7834_SF3A3_P1P2_ENSG00000183431,SF3A3,-0.037969644038535366,0.10753360892739863,0.145503252965934
9258_TRIAP1_P1P2_ENSG00000170855,TRIAP1,-0.03811634868025392,0.1087646310365369,0.14688097971679082
7473_RPL41_P1P2_ENSG00000229117,RPL41,-0.03830189884837633,0.0644535546533344,0.10275545350171073
7648_SAP18_P1P2_ENSG00000150459,SAP18,-0.03842575915286828,0.07546631891831249,0.11389207807118076
3601_GUK1_P1P2_ENSG00000143774,GUK1,-0.038464963419949275,0.06272141239329103,0.1011863758132403
5490_NCAPG_P1P2_ENSG00000109805,NCAPG,-0.03858428193174192,0.1168309496028787,0.1554152315346206
5367_MYBL2_P1P2_ENSG00000101057,MYBL2,-0.03872814372261742,0.07443680078560182,0.11316494450821923
9820_WDR43_P1P2_ENSG00000163811,WDR43,-0.03889916827661517,0.09983026149758543,0.1387294297742006
2120_DDX41_P1P2_ENSG00000183258,DDX41,-0.039169861827965974,0.09393385038020693,0.1331037122081729
713_AURKAIP1_P1P2_ENSG00000175756,AURKAIP1,-0.03935049792533607,0.13960089893650168,0.17895139686183775
5834_NSUN4_P1P2_ENSG00000117481,NSUN4,-0.039370749853349395,0.040001619071255164,0.07937236892460456
697_ATRIP_P1P2_ENSG00000164053,ATRIP,-0.03937881136614607,0.14117993337169235,0.18055874473783842
6774_PRMT1_P1P2_ENSG00000126457,PRMT1,-0.03959425208044287,0.2089323456998714,0.24852659778031427
6841_PSMA1_P1P2_ENSG00000129084,PSMA1,-0.03987728495828369,0.15813266529045852,0.1980099502487422
7203_RCCD1_P2_ENSG00000166965,RCCD1,-0.0399738877379754,0.10935638398033919,0.1493302717183146
4273_KARS_P1P2_ENSG00000065427,KARS,-0.040176285181801316,0.10907744616147945,0.14925373134328077
7898_SHOC2_P1P2_ENSG00000108061,SHOC2,-0.04022471517679918,0.14117597368657359,0.18140068886337277
7927_SIRT7_P1P2_ENSG00000187531,SIRT7,-0.040233771687402664,0.10986190378139984,0.1500956754688025
6274_PHAX_P1_ENSG00000164902,PHAX,-0.0402429229596893,0.11035026494692092,0.15059318790661022
5894_NUP35_P1P2_ENSG00000163002,NUP35,-0.04031045420498844,0.11154564988991811,0.15185610409490655
3787_HIST2H2AC_P1P2_ENSG00000184260,HIST2H2AC,-0.040386777981860994,0.06053170651870274,0.10091848450056373
6851_PSMB3_P1P2_ENSG00000277791,PSMB3,-0.040459636188190484,0.16095636075018957,0.20141599693838005
5737_NOL8_P1P2_ENSG00000198000,NOL8,-0.040582934691182085,0.09305656014233497,0.13363949483351706
8418_SRP9_P1P2_ENSG00000143742,SRP9,-0.04063935174335061,0.07501315495391868,0.11565250669726929
2109_DDX1_P1P2_ENSG00000079785,DDX1,-0.040691497750562924,0.08361007132712318,0.12430156907768611
7585_RTF1_P1P2_ENSG00000137815,RTF1,-0.04079612143087716,0.14619201481097702,0.18698813624185417
4902_MCM5_P1P2_ENSG00000100297,MCM5,-0.040804859812939784,0.11667696184797814,0.15748182166091793
117_ACTR6_P1P2_ENSG00000075089,ACTR6,-0.04081868825173021,0.23250699104408765,0.27332567929581786
1254_CCDC130_P2_ENSG00000104957,CCDC130,-0.0409055711889809,0.09690537408464987,0.13781094527363077
4531_LCE1E_P1P2_ENSG00000186226,LCE1E,-0.04095702002083511,0.08208163286855337,0.12303865288938848
7199_RCC1_P2_ENSG00000180198,RCC1,-0.040988115394297336,0.12514276864702165,0.16613088404131898
6073_PARN_P1P2_ENSG00000140694,PARN,-0.04101428992827259,0.08657851527646261,0.1275928052047352
1352_CCT8_P1P2_ENSG00000156261,CCT8,-0.04120145781390139,0.16993516675555304,0.21113662456945442
6335_PIGH_P1P2_ENSG00000100564,PIGH,-0.04125606085649758,0.08006043359431747,0.12131649445081505
9250_TRAPPC5_P1P2_ENSG00000181029,TRAPPC5,-0.04128166005163242,0.09450096528322932,0.13578262533486174
3346_GFM1_P1P2_ENSG00000168827,GFM1,-0.041400085095989594,0.09644913036515086,0.13784921546114046
9339_TSEN54_P1P2_ENSG00000182173,TSEN54,-0.0414115106489793,0.10148936956532861,0.1429008802143079
1972_CWC22_P1P2_ENSG00000163510,CWC22,-0.04147258456161955,0.10188753790297499,0.14336012246459454
182_AGBL5_P1_ENSG00000084693,AGBL5,-0.041557937774321124,0.12170268220270347,0.1632606199770246
2429_DYNLRB1_P1_ENSG00000125971,DYNLRB1,-0.04205536898782841,0.1370873788116182,0.1791427477994466
7518_RPS27_P1P2_ENSG00000177954,RPS27,-0.0422461851987284,0.0704595170592029,0.1127057022579313
6258_PGK1_P1P2_ENSG00000102144,PGK1,-0.04229840566154511,0.14579956601850533,0.18809797168005044
1120_CYREN_P1P2_ENSG00000122783,CYREN,-0.042302223204136416,0.09436061644377035,0.13666283964790676
10297_ZNF335_P1P2_ENSG00000198026,ZNF335,-0.04231540184847915,0.12431299463065512,0.16662839647913427
1544_CHAF1A_P1P2_ENSG00000167670,CHAF1A,-0.042318935105975036,0.08194436378418737,0.12426329889016241
6916_PTMA_P1P2_ENSG00000187514,PTMA,-0.04234386420051696,0.06534844349177611,0.10769230769229307
1943_CTR9_P1P2_ENSG00000198730,CTR9,-0.042349346841477925,0.13882172089674347,0.1811710677382214
6845_PSMA5_P1P2_ENSG00000143106,PSMA5,-0.04253825428109269,0.06806258766302946,0.11060084194412215
3421_GMIP_P1P2_ENSG00000089639,GMIP,-0.042586779037788125,0.05733668058715971,0.09992345962494784
7547_CNOT9_P1P2_ENSG00000144580,CNOT9,-0.04301260425309833,0.11198165521876438,0.1549942594718627
6154_PDCD2_P1P2_ENSG00000071994,PDCD2,-0.04302354922890905,0.09735149860881598,0.14037504783772503
751_BAG6_P1P2_ENSG00000204463,BAG6,-0.043087567522781894,0.09602456412665597,0.13911213164943786
307_ANAPC2_P1P2_ENSG00000176248,ANAPC2,-0.0436119381325098,0.06851971131256171,0.11213164944507151
7493_RPP40_P1P2_ENSG00000124787,RPP40,-0.04361377921690819,0.10537206081370269,0.14898584003061088
2446_E4F1_P1P2_ENSG00000167967,E4F1,-0.043872742624122135,0.1409339929288751,0.18480673555299723
4507_LAMTOR3_P1P2_ENSG00000109270,LAMTOR3,-0.043917124940995075,0.09144452833110057,0.13536165327209565
5762_NPAT_P1P2_ENSG00000149308,NPAT,-0.044033059106510175,0.08011542922107018,0.12414848832758035
2112_DDX23_P1P2_ENSG00000174243,DDX23,-0.04415840175466154,0.08274554007464721,0.12690394182930875
7251_RFFL_P1P2_ENSG00000092871,RFFL,-0.044245433603106184,0.04580431764066161,0.0900497512437678
4401_KIN_P1P2_ENSG00000151657,KIN,-0.04432254931702943,0.10473983108862077,0.1490623804056502
9744_VPS25_P1P2_ENSG00000131475,VPS25,-0.044562546847789236,0.2276532970098417,0.2722158438576309
1533_CFDP1_P2_ENSG00000153774,CFDP1,-0.04456501742057588,0.054478227891319855,0.09904324531189573
5192_MRM1_P1P2_ENSG00000278619,MRM1,-0.044576348211883665,0.1272185235829807,0.17179487179486436
201_AHCTF1_P1P2_ENSG00000153207,AHCTF1,-0.04471680535039815,0.13641599220028988,0.18113279755068804
10073_ZFC3H1_P1P2_ENSG00000133858,ZFC3H1,-0.04488516980821938,0.09725030665560563,0.14213547646382502
9615_UQCRH_P1P2_ENSG00000173660,UQCRH,-0.04490181402313015,0.07775413699102593,0.12265595101415608
4291_KCMF1_P1P2_ENSG00000176407,KCMF1,-0.04514269825262812,0.09117570970755895,0.13631840796018707
8458_SSRP1_P1P2_ENSG00000149136,SSRP1,-0.04558214884598559,0.10359504212224278,0.14917719096822837
8236_SNUPN_P1P2_ENSG00000169371,SNUPN,-0.045613562347967526,0.070230295286924,0.11584385763489152
1441_CDK7_P1P2_ENSG00000134058,CDK7,-0.04561402261906293,0.08255283539852766,0.1281668580175906
4108_IMP4_P1P2_ENSG00000136718,IMP4,-0.045716940588889116,0.13488007433647442,0.18059701492536354
6981_QARS_P1P2_ENSG00000172053,QARS,-0.04573138497873225,0.10792341792979457,0.15365480290852682
5224_MRPL41_P1P2_ENSG00000182154,MRPL41,-0.045751487995517204,-0.1400875002419847,-0.09433601224646751
6748_PRIM2_P1P2_ENSG00000146143,PRIM2,-0.0457595156648435,0.09809811923755417,0.14385763490239767
8228_SNRPD1_P1P2_ENSG00000167088,SNRPD1,-0.045886983682441596,0.10860976335160918,0.15449674703405078
4127_INO80C_P1P2_ENSG00000153391,INO80C,-0.04621548863664095,0.07927245625428021,0.12548794489092116
924_BTF3_P1P2_ENSG00000145741,BTF3,-0.04622510694871326,0.1417963243562843,0.18802143130499757
3640_HAUS7_P1_ENSG00000213397,HAUS7,-0.04686150618841228,0.08027205676604326,0.12713356295445555
4707_LTBP4_P2_ENSG00000090006,LTBP4,-0.04716873037332578,0.09665063434155544,0.14381936471488121
5254_MRPS24_P1P2_ENSG00000062582,MRPS24,-0.04732746298167462,0.0721520624679931,0.11947952544966772
2561_EIF4A3_P1P2_ENSG00000141543,EIF4A3,-0.0474217711745908,0.1035158484197236,0.1509376195943144
2010_CYS1_P1P2_ENSG00000205795,CYS1,-0.047711816417881726,0.05286223639496337,0.1005740528128451
6847_PSMA7_P1P2_ENSG00000101182,PSMA7,-0.04775290238149105,0.17375494300693936,0.2215078453884304
1175_CAP1_P1P2_ENSG00000131236,CAP1,-0.047764030112002476,0.06605150758412023,0.11381553769612271
7495_RPRD1B_P1P2_ENSG00000101413,RPRD1B,-0.04782340508283274,0.11088306257885021,0.15870646766168295
8817_TEN1_P1P2_ENSG00000257949,TEN1,-0.04786430152304309,0.091056479188773,0.1389207807118161
7422_RPAP1_P1P2_ENSG00000103932,RPAP1,-0.0479193716053983,0.14530680520284825,0.19322617680824655
802_BCL2L1_P2_ENSG00000171552,BCL2L1,-0.04825287862338465,0.0851952652725052,0.13344814389588985
6574_POP1_P1P2_ENSG00000104356,POP1,-0.04847047178193112,0.12585023238951443,0.17432070417144555
9998_ZBTB44_P1P2_ENSG00000196323,ZBTB44,-0.048485572734936894,0.0752802137174044,0.12376578645234129
8317_SPAG7_P1P2_ENSG00000091640,SPAG7,-0.048508748738151,0.0934736469755797,0.1419823957137307
9925_YEATS2_P1P2_ENSG00000163872,YEATS2,-0.04851870548484449,0.1341831697543323,0.1827018752391768
8633_SYS1_P1P2_ENSG00000204070,SYS1,-0.04853573551521678,0.1697191439336767,0.2182548794488935
4713_LTV1_P1P2_ENSG00000135521,LTV1,-0.04862173175372904,0.10380842515402279,0.15243015690775183
350_ANLN_P1P2_ENSG00000011426,ANLN,-0.048723343365879454,0.11128431067160903,0.16000765403748848
320_ANKLE2_P1P2_ENSG00000176915,ANKLE2,-0.04873494490487695,0.14518009527881645,0.1939150401836934
5457_NANOG_P1P2_ENSG00000111704,NANOG,-0.048863434995042546,0.10016067522309617,0.14902411021813872
6534_POLR1B_P1P2_ENSG00000125630,POLR1B,-0.04904700870494125,0.10682746507996596,0.1558744737849072
5707_NMD3_P1P2_ENSG00000169251,NMD3,-0.04911428273992886,0.0970395634139025,0.14615384615383137
1589_CHMP7_P1P2_ENSG00000147457,CHMP7,-0.04955713798561505,0.09766827341889155,0.1472254114045066
3583_GTF3A_P1P2_ENSG00000122034,GTF3A,-0.049649632168927815,0.05720073139784318,0.106850363566771
9843_WDR77_P1P2_ENSG00000116455,WDR77,-0.04973896537285333,0.13162345330298753,0.18136241867584085
6886_PSMG3_P1_ENSG00000157778,PSMG3,-0.04996711092302826,0.12255489443478983,0.1725220053578181
1340_CCP110_P1P2_ENSG00000103540,CCP110,-0.04999669687805185,0.10698761234505745,0.1569843092231093
9177_TOP3A_P1P2_ENSG00000177302,TOP3A,-0.05022609463632957,0.14058906035791802,0.1908151549942476
7311_RIOK1_P1P2_ENSG00000124784,RIOK1,-0.05030788074809721,0.10097417053394812,0.15128205128204533
2793_EXOSC6_P1P2_ENSG00000223496,EXOSC6,-0.05038493554376622,0.07816462434907587,0.12854955989284209
6406_PLA2G10_ENST00000438167.3_ENSG00000069764,PLA2G10,-0.05042776106136171,0.059866919382571465,0.11029468044393317
301_ANAPC10_P1P2_ENSG00000164162,ANAPC10,-0.050485978585757874,0.13860701796992034,0.1890929965556782
647_ATP2A2_P1P2_ENSG00000174437,ATP2A2,-0.050519591912816214,0.1127027578766896,0.1632223497895058
8649_TADA2B_P1P2_ENSG00000173011,TADA2B,-0.05064483303056663,0.09351896337202578,0.14416379640259241
9974_ZBTB17_P1P2_ENSG00000116809,ZBTB17,-0.050707558504165744,0.06218949469138239,0.11289705319554813
3631_HARS2_P1P2_ENSG00000112855,HARS2,-0.05120605240242071,0.10141545544296585,0.15262150784538656
9428_TUBGCP5_P1P2_ENSG00000275835,TUBGCP5,-0.05126443237542794,0.10709760359853568,0.15836203597396362
3285_GARS_P1P2_ENSG00000106105,GARS,-0.05154626719467062,0.11531175040960334,0.16685801760427396
2073_DCTN1_P1P2_ENSG00000204843,DCTN1,-0.05175047864808832,0.09979946394662415,0.15154994259471247
7163_RBM19_P1P2_ENSG00000122965,RBM19,-0.051780998682668514,0.09885045941146207,0.1506314580941306
8840_TFB1M_P1P2_ENSG00000029639,TFB1M,-0.05212826645256707,-0.11121743598949896,-0.05908916953693189
9055_TMEM242_P1P2_ENSG00000215712,TMEM242,-0.0521535339817534,0.1016160794893502,0.1537696134711036
6026_PABPN1_P1P2_ENSG00000100836,PABPN1,-0.0521677414673537,0.10584986281889008,0.15801760428624378
5219_MRPL37_P1P2_ENSG00000116221,MRPL37,-0.052262652073901954,0.05171744742858284,0.1039800995024848
2557_EIF3M_P1P2_ENSG00000149100,EIF3M,-0.052309687718247164,0.09916371450141766,0.15147340221966482
6922_PTPMT1_P1P2_ENSG00000110536,PTPMT1,-0.05250026025622573,0.04386407192900063,0.09636433218522636
7457_RPL29_P1P2_ENSG00000162244,RPL29,-0.052508937720032775,0.09678306381075925,0.14929200153079203
5115_MLST8_P1P2_ENSG00000167965,MLST8,-0.05262455375700939,0.054914673185189666,0.10753922694219906
9909_XRCC6_P1P2_ENSG00000196419,XRCC6,-0.052763839911746296,0.06327136866076544,0.11603520857251173
6575_POP4_P1P2_ENSG00000105171,POP4,-0.05286610808708106,0.1366861307188748,0.18955223880595587
6698_PPP4R2_P1P2_ENSG00000163605,PPP4R2,-0.05293508783259582,0.1296902470315329,0.1826253348641287
6892_PSTK_P1_ENSG00000179988,PSTK,-0.052998801535308865,0.12262308901195029,0.17562189054725916
471_ARHGAP6_P1P2_ENSG00000047648,ARHGAP6,-0.053108095613456835,0.15381880832836442,0.20692690394182126
3790_HIST2H3A_P1P2_ENSG00000203852,HIST2H3A,-0.05318133286655461,0.04563229132019452,0.09881362418674913
7647_SAP130_P1P2_ENSG00000136715,SAP130,-0.053216502992896736,0.06316313726732933,0.11637964026022607
3319_GCLC_P1P2_ENSG00000001084,GCLC,-0.0532396451526463,0.0317967115254993,0.0850363566781456
2020_DAD1_P1P2_ENSG00000129562,DAD1,-0.05337997368601108,0.17356223833082038,0.22694221201683146
8190_SMU1_P1P2_ENSG00000122692,SMU1,-0.053759101691608066,0.11665804335238901,0.17041714504399708
5583_NEDD1_P1P2_ENSG00000139350,NEDD1,-0.053961099782570854,0.09127426187069435,0.1452353616532652
7492_RPP38_P1P2_ENSG00000152464,RPP38,-0.054102057804375256,0.09763923572795781,0.15174129353233307
7752_SEC61B_P1P2_ENSG00000106803,SEC61B,-0.05412017082554313,0.13700114566889435,0.19112131649443748
679_ATP6V1A_P1P2_ENSG00000114573,ATP6V1A,-0.054149479264169895,0.09564003470443778,0.14978951396860768
5365_MYBBP1A_P1P2_ENSG00000132382,MYBBP1A,-0.05416742983674451,0.10606984532589316,0.16023727516263767
1702_CMTR2_P1P2_ENSG00000180917,CMTR2,-0.054260871637017,0.08263158913602918,0.13689246077304618
7310_RINT1_P1P2_ENSG00000135249,RINT1,-0.05435526105424848,0.0787101809664075,0.13306544202065598
1741_COG2_P1P2_ENSG00000135775,COG2,-0.054489978341544315,0.09051576218657967,0.14500574052812398
9543_UBQLN4_P1P2_ENSG00000160803,UBQLN4,-0.05466732485431135,0.06274561046905831,0.11741293532336966
4943_MED20_P1P2_ENSG00000124641,MED20,-0.054795320829939764,0.11753533359025961,0.17233065442019938
6747_PRIM1_P1P2_ENSG00000198056,PRIM1,-0.05482649742769902,0.13277396181453976,0.18760045924223878
1100_C5orf30_P1P2_ENSG00000181751,C5orf30,-0.05502305348987008,0.10831410686220788,0.16333716035207796
8078_SLC39A7_P1P2_ENSG00000112473,SLC39A7,-0.055055901954673386,0.15141175973686422,0.2064676616915376
4729_LYRM4_P1P2_ENSG00000214113,LYRM4,-0.05506523598166377,0.07872733960195472,0.13379257558361848
7510_RPS20_P1P2_ENSG00000008988,RPS20,-0.0551667460634231,0.08926494165182709,0.1444316877152502
6112_PCBP2_P2_ENSG00000197111,PCBP2,-0.05524694830112831,0.04865661082630751,0.10390355912743582
6857_PSMC1_P1P2_ENSG00000100764,PSMC1,-0.05527467963438912,0.14805482668017406,0.20332950631456317
4161_IPO13_P1P2_ENSG00000117408,IPO13,-0.05535372442567155,0.08911623347711317,0.14446995790278472
9676_USP8_P1P2_ENSG00000138592,USP8,-0.05554527165536119,0.18750868930903522,0.2430539609643964
4149_INTS4_P1P2_ENSG00000149262,INTS4,-0.05568185710179445,0.09173490524033405,0.1474167623421285
3220_FUNDC2_P1P2_ENSG00000165775,FUNDC2,-0.05587639609360358,0.12345770264347043,0.179334098737074
8811_TEFM_P1P2_ENSG00000172171,TEFM,-0.056060294700747505,0.046197646363163335,0.10225794106391084
8436_SRSF6_P1_ENSG00000124193,SRSF6,-0.05609292656738922,0.06813210213524111,0.12422502870263033
81_ACD_P1P2_ENSG00000102977,ACD,-0.056245513202935804,0.09580194182957791,0.1520474550325137
8097_SLC4A5_P2_ENSG00000188687,SLC4A5,-0.056279241597769966,0.0742220978587793,0.13050133945654926
3634_HAUS1_P1P2_ENSG00000152240,HAUS1,-0.05631232019814619,0.12845614516732293,0.18476846536546912
867_BOD1L1_P1_ENSG00000038219,BOD1L1,-0.05636265896443107,0.07513370536775058,0.13149636433218165
9923_YBX3_P1P2_ENSG00000060138,YBX3,-0.05638404803281398,0.1034322550670597,0.15981630309987369
7055_RAC1_P1P2_ENSG00000136238,RAC1,-0.056403386187324434,0.16322922001244158,0.21963260619976602
5851_NUB1_P1P2_ENSG00000013374,NUB1,-0.05660017238506791,0.11507988884721888,0.1716800612322868
5285_MSL1_P1P2_ENSG00000188895,MSL1,-0.0566954349636177,0.039056574221218415,0.09575200918483612
7523_RPS3A_P1P2_ENSG00000145425,RPS3A,-0.05695077035165558,0.13742351208230993,0.1943742824339655
5163_MPHOSPH10_P1P2_ENSG00000124383,MPHOSPH10,-0.05696814558537133,0.1361814908478342,0.19314963643320554
5889_NUP160_P1P2_ENSG00000030066,NUP160,-0.057004114417437995,0.0770563524788459,0.1340604668962839
7426_RPF1_P1P2_ENSG00000117133,RPF1,-0.057020941387044596,0.08886501345413113,0.14588595484117572
5492_NCAPH_P1P2_ENSG00000121152,NCAPH,-0.057046290140549044,0.09725910595588388,0.15430539609643293
2856_FAM136A_P1P2_ENSG00000035141,FAM136A,-0.057149397633736235,0.06891260007004495,0.12606199770378118
7539_RPS9_P1P2_ENSG00000170889,RPS9,-0.057484454682310476,0.10451324910642684,0.16199770378873732
5667_NHP2_P1P2_ENSG00000145912,NHP2,-0.057547153081149965,0.10318763451929372,0.16073478760044368
8220_SNRNP40_P1P2_ENSG00000060688,SNRNP40,-0.05760212163312961,0.07841012482687182,0.13601224646000143
1712_CNN2_P1P2_ENSG00000064666,CNN2,-0.057615638712082695,0.05669741142184795,0.11431305013393064
3254_GABPB1_P1P2_ENSG00000104064,GABPB1,-0.05779838664154109,0.10783498496197706,0.16563337160351815
3948_HSD17B10_P1P2_ENSG00000072506,HSD17B10,-0.0578706762776611,0.07217142092860707,0.13004209720626816
9791_WBP11_P2_ENSG00000084463,WBP11,-0.057935906167505685,0.04409241377125711,0.1020283199387628
4881_MBNL1_P1P2_ENSG00000152601,MBNL1,-0.05802118492459757,0.07427885334558293,0.1323000382701805
7512_RPS23_P1P2_ENSG00000186468,RPS23,-0.05818397197978056,0.13381755882771462,0.19200153080749519
8644_TACC3_P2_ENSG00000013810,TACC3,-0.0582719582138783,0.059140977109504375,0.11741293532338268
6846_PSMA6_P1P2_ENSG00000100902,PSMA6,-0.05831522369646722,0.16024581725261414,0.21856104094908135
5298_MT2A_P1P2_ENSG00000125148,MT2A,-0.05847500545217796,0.06513770025007809,0.12361270570225605
6043_PAK1IP1_P1P2_ENSG00000111845,PAK1IP1,-0.05847783476565978,0.12127723603418088,0.17975507079984065
4958_MED8_P1P2_ENSG00000159479,MED8,-0.05866306680522311,0.08622786316032026,0.14489092996554337
8433_SRSF3_P1P2_ENSG00000112081,SRSF3,-0.0587410286057054,0.10306532424541254,0.16180635285111794
3891_HOXA3_P2_ENSG00000105997,HOXA3,-0.05880480999534847,0.08566514790742837,0.14446995790277684
8948_TLN1_P1P2_ENSG00000137076,TLN1,-0.0589975079027881,0.11784902864523833,0.17684653654802643
5541_NDUFA8_P1P2_ENSG00000119421,NDUFA8,-0.059016033814227375,0.12751286017734728,0.18652889399157466
8235_SNTB2_P1P2_ENSG00000168807,SNTB2,-0.05906880930981155,0.08777390021944927,0.14684270952926082
1874_CRKL_P1P2_ENSG00000099942,CRKL,-0.05921158810988729,0.096280183799779,0.1554917719096663
1924_CTBP2_P1P2_ENSG00000175029,CTBP2,-0.059277488100288725,0.04948638484267805,0.10876387294296677
7758_SEH1L_P1P2_ENSG00000085415,SEH1L,-0.05951776314746901,0.1310295005341109,0.1905472636815799
5127_MMS22L_P1P2_ENSG00000146263,MMS22L,-0.05955693357109089,0.048824237496637876,0.10838117106772877
7775_SENP6_P1P2_ENSG00000112701,SENP6,-0.05957845124462485,0.13112189318704656,0.19070034443167141
7161_RBM17_P1P2_ENSG00000134453,RBM17,-0.059666999280225966,0.09306931912772572,0.15273631840795168
3740_HIRA_P2_ENSG00000100084,HIRA,-0.05993408511848605,0.13991283413141373,0.19984691924989978
4991_METTL14_P1P2_ENSG00000145388,METTL14,-0.06008481036356842,0.053730727332564364,0.11381553769613278
2321_DNTTIP2_P1P2_ENSG00000067334,DNTTIP2,-0.060164125902553975,0.1201267275226235,0.18029085342517748
9801_WDFY3_P1P2_ENSG00000163625,WDFY3,-0.06021319892334656,0.08888745166983777,0.14910065059318434
9911_XRN2_P1P2_ENSG00000088930,XRN2,-0.06053417709147575,0.10957680645232791,0.17011098354380366
6902_PTCD3_P1P2_ENSG00000132300,PTCD3,-0.06053829922524204,0.10865419981800062,0.16919249904324266
8942_TKT_P1_ENSG00000163931,TKT,-0.06057016622961264,0.09511295661768646,0.1556831228472991
7397_RNF8_P1P2_ENSG00000112130,RNF8,-0.06071988293951796,0.061897797887115615,0.12261768082663357
9159_TOE1_P1P2_ENSG00000132773,TOE1,-0.06076245801547599,0.06491683781306047,0.12567929582853646
5142_MOCS3_P1P2_ENSG00000124217,MOCS3,-0.06083632475698847,0.050185489249898046,0.11102181400688652
4154_INTS9_P1P2_ENSG00000104299,INTS9,-0.060859744433108445,0.08192632521861999,0.14278606965172844
7980_SLC25A10_P1P2_ENSG00000183048,SLC25A10,-0.06097599672719624,0.06879820916640826,0.1297742058936045
4148_INTS3_P1P2_ENSG00000143624,INTS3,-0.061058053586638406,0.14954278835748055,0.21060084194411896
5649_NFKBIE_P1P2_ENSG00000146232,NFKBIE,-0.06106962805086136,0.15871605889899992,0.21978568694986128
2471_ECT2_P1P2_ENSG00000114346,ECT2,-0.06116718521619646,0.09210491581708855,0.153272101033285
3762_HIST1H2BE_ENST00000356530.3_ENSG00000274290,HIST1H2BE,-0.061428950862128226,0.05211869552133579,0.11354764638346401
4930_MED10_P1P2_ENSG00000133398,MED10,-0.06143953032855211,0.11169479802964437,0.17313432835819648
6544_POLR2D_P1_ENSG00000144231,POLR2D,-0.06150010335792888,0.11741302331637854,0.17891312667430742
7468_RPL37_P1P2_ENSG00000145592,RPL37,-0.061550191682573724,0.15505906970279176,0.2166092613853655
7566_RRP7A_P1P2_ENSG00000189306,RRP7A,-0.06178916037211554,0.12707421505840888,0.18886337543052442
8913_TIMELESS_P1P2_ENSG00000111602,TIMELESS,-0.061814834022846904,0.09631758082596867,0.15813241484881557
8222_SNRNP70_P1P2_ENSG00000104852,SNRNP70,-0.06187759333991927,0.07972210049856904,0.1415996938384883
10447_ZNF559_P1P2_ENSG00000188321,ZNF559,-0.0620141381741901,0.12099389856518339,0.1830080367393735
3131_FNTA_P1P2_ENSG00000168522,FNTA,-0.062036515471675824,0.1511666992240694,0.2132032146957452
8651_TAF10_P1P2_ENSG00000166337,TAF10,-0.06230781820535894,0.07217362075367723,0.13448143895903616
5214_MRPL32_P1P2_ENSG00000106591,MRPL32,-0.06264992146286286,0.08285333150307131,0.14550325296593417
681_ATP6V1C1_P1P2_ENSG00000155097,ATP6V1C1,-0.06288012469555784,0.0696112645122492,0.13249138920780704
3281_GAPDH_P1_ENSG00000111640,GAPDH,-0.06321413259679586,0.10616971738406487,0.16938384998086073
4956_MED6_P1P2_ENSG00000133997,MED6,-0.06328513618134292,0.07280365065370438,0.1360887868350473
655_ATP5F1C_P1P2_ENSG00000165629,ATP5F1C,-0.06337052323751385,0.05511397733652392,0.11848450057403778
2569_EIF4G2_P1_ENSG00000110321,EIF4G2,-0.06344591970353466,0.07402059388237509,0.13746651358590975
1694_CMPK1_P1P2_ENSG00000162368,CMPK1,-0.06345763631029677,0.08239004834335256,0.14584768465364933
4662_LRRC37B_P1P2_ENSG00000185158,LRRC37B,-0.063706879875061,0.04605201794353388,0.10975889781859488
3572_GTF2F2_P1P2_ENSG00000188342,GTF2F2,-0.06389724935227861,0.141154415400872,0.20505166475315062
2764_ETV4_P1P2_ENSG00000175832,ETV4,-0.06396149101301164,0.11120115728396436,0.175162648296976
7577_RSL24D1_P1P2_ENSG00000137876,RSL24D1,-0.06421632551780006,0.10792297796477308,0.17213930348257314
6525_POLG2_P1P2_ENSG00000256525,POLG2,-0.06424097709596387,0.10782178601156443,0.1720627631075283
9513_UBE2N_P1P2_ENSG00000177889,UBE2N,-0.06447613501158357,0.08894904677179853,0.1534251817833821
7178_RBM48_P1P2_ENSG00000127993,RBM48,-0.06447922830408187,0.13364553250723282,0.1981247608113147
9826_WDR4_P1P2_ENSG00000160193,WDR4,-0.06460791468631885,0.11239170261178699,0.17699961729810584
10173_ZNF143_P1P2_ENSG00000166478,ZNF143,-0.0647057696741116,0.11623567693896647,0.18094144661307807
5222_MRPL3_P1P2_ENSG00000114686,MRPL3,-0.0651450510501435,0.07488556509986509,0.14003061615000859
2567_EIF4E_P1P2_ENSG00000151247,EIF4E,-0.06518382212092073,0.07951575690700548,0.1446995790279262
5735_NOL6_P1P2_ENSG00000165271,NOL6,-0.0651913962878695,0.11628583295054797,0.18147722923841747
8165_SMG1_P1P2_ENSG00000157106,SMG1,-0.06522310761232378,0.05884884034021786,0.12407194795254164
1919_CS_P1P2_ENSG00000062485,CS,-0.06532983635601126,0.07967590417209953,0.1450057405281108
2939_FAM72D_ENST00000400889.1_ENSG00000215784,FAM72D,-0.06559825562670363,0.06176492845289303,0.12736318407959665
1510_CEP68_P1P2_ENSG00000011523,CEP68,-0.06562522886640973,0.06097255146270782,0.12659778032911756
8336_SPCS3_P2_ENSG00000129128,SPCS3,-0.06563942281463123,0.05533263994847205,0.12097206276310327
4685_LSM10_P1P2_ENSG00000181817,LSM10,-0.06567906704672226,0.08487585067235275,0.150554917719075
7249_RFC5_P1P2_ENSG00000111445,RFC5,-0.0658311595677396,0.12529015692669823,0.19112131649443784
3784_HIST2H2AA3_ENST00000369161.3_ENSG00000203812,HIST2H2AA3,-0.0658644547662449,0.0365082968602342,0.1023727516264791
8738_TBL3_P1P2_ENSG00000183751,TBL3,-0.06590129675963949,0.09184841621394005,0.15774971297357954
9855_WDTC1_P1P2_ENSG00000142784,WDTC1,-0.06600789689818169,0.12335299097015455,0.18936088786833624
4747_MAD2L2_P1P2_ENSG00000116670,MAD2L2,-0.06612366184641547,0.13288131327795022,0.19900497512436569
6394_PKMYT1_P1P2_ENSG00000127564,PKMYT1,-0.06625444652333405,0.09727406476635951,0.16352851128969356
2394_DTYMK_P1P2_ENSG00000168393,DTYMK,-0.06629548510610034,0.11893222250965058,0.18522770761575091
128_ADAM10_P1P2_ENSG00000137845,ADAM10,-0.06629987121884041,0.04437751110031786,0.11067738231915827
10266_ZNF284_ENST00000421176.3_ENSG00000186026,ZNF284,-0.06649890462248237,0.048196847386696696,0.11469575200917906
8669_TAF7_P1P2_ENSG00000178913,TAF7,-0.06650249879819578,0.1721503906009489,0.23865288939914467
4508_LAMTOR4_P1P2_ENSG00000188186,LAMTOR4,-0.06658699915567076,0.07987300849836296,0.14646000765403372
267_ALG1L_ENST00000340333.3_ENSG00000189366,ALG1L,-0.06661894738436919,0.06338487963437212,0.1300038270187413
1289_CCDC6_P1P2_ENSG00000108091,CCDC6,-0.06665798243414406,-0.182233948756392,-0.11557596632224795
6488_PNKP_P1P2_ENSG00000039650,PNKP,-0.06666807455470879,0.08905331848011246,0.15572139303482124
"10531_ZNF658_ENST00000377626.3,ENST00000602553.1_ENSG00000274349",ZNF658,-0.06669044508349323,0.07697583888129275,0.14366628396478598
7077_RAE1_P1P2_ENSG00000101146,RAE1,-0.06683245225262713,0.1047710686046111,0.17160352085723823
"8340_SPDYE2_ENST00000432940.1,ENST00000507918.1_ENSG00000205238",SPDYE2,-0.06688443581120941,0.1117990697379606,0.17868350554917
2929_CCNQ_P1P2_ENSG00000262919,CCNQ,-0.0672295849803333,0.14008002083672966,0.20730960581706295
9638_USP19_P1P2_ENSG00000172046,USP19,-0.0672391288367735,0.09108463694966458,0.1583237657864381
8108_SLC7A5_P1P2_ENSG00000103257,SLC7A5,-0.06727125305148954,0.0387754365772858,0.10604668962877534
6229_PEX1_P1P2_ENSG00000127980,PEX1,-0.06741826905307684,0.04819596745667033,0.11561423650974717
6669_PPP1R37_P1P2_ENSG00000104866,PPP1R37,-0.06742855069702172,0.0746303853917551,0.14205893608877682
537_ARPC3_P1_ENSG00000111229,ARPC3,-0.06743303157148808,0.13386815480432124,0.20130118637580932
9340_TSFM_P1P2_ENSG00000123297,TSFM,-0.06743567136156027,0.061726211531661426,0.1291618828932217
6193_PDPK1_P1P2_ENSG00000140992,PDPK1,-0.06756171118504717,0.1250904128103573,0.19265212399540446
8645_TACC3_P1_ENSG00000013810,TACC3,-0.06778963336835407,0.10484718255202956,0.17263681592038363
9653_USP37_P1P2_ENSG00000135913,USP37,-0.06788731913884676,0.12208589172987518,0.18997321086872193
1605_CHTF8_P1P2_ENSG00000168802,CHTF8,-0.06790373321819516,0.09891601419854874,0.1668197474167439
5619_NF1_P1P2_ENSG00000196712,NF1,-0.06797875740613182,0.08510199268953597,0.1530807500956678
680_ATP6V1B2_P1P2_ENSG00000147416,ATP6V1B2,-0.06799964559126215,0.11872059933793172,0.18672024492919387
1735_COA5_P1P2_ENSG00000183513,COA5,-0.06802628716502186,0.05015205190883275,0.11817833907385461
6047_PALB2_P1P2_ENSG00000083093,PALB2,-0.06821279848750506,0.12975888157372006,0.19797168006122512
9753_VPS37A_P1P2_ENSG00000155975,VPS37A,-0.06836179094730567,0.11307716810357939,0.18143895905088506
3566_GTF2A1_P1P2_ENSG00000165417,GTF2A1,-0.06847553882514214,0.0693354064484805,0.13781094527362264
2305_DNAJC9_P1P2_ENSG00000213551,DNAJC9,-0.06849539816900768,0.08638405074028296,0.15487944890929065
7861_SGPP1_P1P2_ENSG00000126821,SGPP1,-0.06855016366022038,0.11499365570448966,0.18354381936471004
1040_C1orf131_P1P2_ENSG00000143633,C1orf131,-0.0685807175382661,0.10639057982108101,0.1749712973593471
3214_FTSJ3_P1P2_ENSG00000108592,FTSJ3,-0.06869458725257788,0.14653694738193565,0.21523153463451353
8184_SMN2_ENST00000380743.4_ENSG00000205571,SMN2,-0.06886184841349811,0.1011725947552602,0.17003444316875832
8387_SPTLC1_P1P2_ENSG00000090054,SPTLC1,-0.068964806995469,0.13336967444347606,0.20233448143894506
9652_USP36_P1P2_ENSG00000055483,USP36,-0.0690078761859981,0.11120643686412182,0.18021431305011992
1083_NEPRO_P1P2_ENSG00000163608,NEPRO,-0.06901517283653116,0.12715780841106625,0.1961729812475974
897_BRF2_P1P2_ENSG00000104221,BRF2,-0.06915396487671566,0.1482589704466637,0.21741293532337935
9563_UCHL5_P1P2_ENSG00000116750,UCHL5,-0.06939746182152354,0.04242802612336279,0.11182548794488634
5809_NRBP1_P1P2_ENSG00000115216,NRBP1,-0.06948200955982227,0.08918618791433121,0.15866819747415348
4379_KIF18A_P1P2_ENSG00000121621,KIF18A,-0.06978214015496355,0.06856458774398562,0.13834672789894917
7909_SIGLEC14_P1P2_ENSG00000254415,SIGLEC14,-0.06990043659419284,0.058802204048736595,0.12870264064292944
888_BRD2_P1_ENSG00000204256,BRD2,-0.069933826554411,0.05654914321213225,0.12648296976654325
5488_NCAPD3_P1P2_ENSG00000151503,NCAPD3,-0.0702015148063218,0.10993625786874457,0.18013777267506637
2781_EXOC4_P1P2_ENSG00000131558,EXOC4,-0.07021828085769463,0.10965160050471012,0.17986988136240475
5441_NACA_P1P2_ENSG00000196531,NACA,-0.07025781679072789,0.11244405844845297,0.18270187523918086
3748_HIST1H2AB_P1P2_ENSG00000278463,HIST1H2AB,-0.07040167858158976,0.0675623474421322,0.13796402602372196
6372_PIP4K2C_P1P2_ENSG00000166908,PIP4K2C,-0.07079546080649235,0.0820173979765097,0.15281285878300205
1810_COX17_P1P2_ENSG00000138495,COX17,-0.07081547583029046,0.12554885635492954,0.19636433218522
675_ATP6V0C_P1P2_ENSG00000185883,ATP6V0C,-0.07085320452241131,0.13358613723035684,0.20443934175276815
3504_GPN3_P1P2_ENSG00000111231,GPN3,-0.07086293113356061,0.11092045960504683,0.18178339073860744
7445_RPL21_P1P2_ENSG00000122026,RPL21,-0.07116878127388271,0.14750707023778373,0.21867585151166644
1029_C1D_P1P2_ENSG00000197223,C1D,-0.07122969950659912,0.09654680259825048,0.1677765021048496
3832_HMGCR_P1P2_ENSG00000113161,HMGCR,-0.07137620785625552,0.09142516987048922,0.16280137772674474
3660_HCRTR1_P1P2_ENSG00000121764,HCRTR1,-0.07139898450659089,0.06710082414246742,0.1384998086490583
9175_TOP2A_P1P2_ENSG00000131747,TOP2A,-0.07148443924970815,0.09877962504419208,0.17026406429390023
1960_CUL1_P1P2_ENSG00000055130,CUL1,-0.07159695522548146,-0.2166026957536155,-0.14500574052813403
1315_CCNA2_P1P2_ENSG00000145386,CCNA2,-0.07165873985086015,0.11310972551460384,0.18476846536546399
4279_KAT7_P1P2_ENSG00000136504,KAT7,-0.07170677726168312,0.06036363988335899,0.1320704171450421
2122_DDX46_P1_ENSG00000145833,DDX46,-0.07174687499619478,0.09978010548600155,0.17152698048219633
3446_GNL3L_P1P2_ENSG00000130119,GNL3L,-0.07199682250498271,0.09926226666455112,0.17125908916953383
1918_CSTF3_P1P2_ENSG00000176102,CSTF3,-0.0721992605609315,0.06392779646162701,0.1361270570225585
1677_CLSPN_P1P2_ENSG00000092853,CLSPN,-0.072287761215692,0.13310833522516757,0.20539609644085957
9725_VHL_P1P2_ENSG00000134086,VHL,-0.07259388210372024,0.07114894223611413,0.14374282433983437
2558_EIF4A1_P1P2_ENSG00000161960,EIF4A1,-0.07274816768110512,0.1265246987559354,0.1992728664370405
3959_HSF1_P1P2_ENSG00000185122,HSF1,-0.07280185695017641,0.10151884722125973,0.17432070417143614
6545_POLR2E_P2_ENSG00000099817,POLR2E,-0.07286673486800167,0.060504868652850166,0.13337160352085184
7484_RPLP2_P1P2_ENSG00000177600,RPLP2,-0.07317465622824602,0.06547823317090289,0.1386528893991489
5237_MRPL53_P1P2_ENSG00000204822,MRPL53,-0.07333642797954917,0.03623111890142509,0.10956754688097425
9219_TPX2_P1P2_ENSG00000088325,TPX2,-0.07382096483381756,0.1319961036698109,0.20581706850362846
7483_RPLP1_P1P2_ENSG00000137818,RPLP1,-0.07383763612347796,0.050157771454016266,0.12399540757749422
4088_IK_P1_ENSG00000113141,IK,-0.07391280922263842,0.09769071163460206,0.17160352085724048
6648_PPP1CA_P1_ENSG00000172531,PPP1CA,-0.073995170673249,0.08716058898996483,0.16115575966321383
6962_PWP1_P1P2_ENSG00000136045,PWP1,-0.07436183074723411,0.113200358307485,0.1875621890547191
4694_LSM5_P2_ENSG00000106355,LSM5,-0.07450379730418219,0.08649888160892805,0.16100267891311024
1579_CHMP1A_P1P2_ENSG00000131165,CHMP1A,-0.07457726469282848,0.10885174410930194,0.18342900880213042
9635_USP14_P1P2_ENSG00000101557,USP14,-0.07474464092151795,-0.1734817247332442,-0.09873708381172625
2857_FAM136A_P1P2_ENSG00000035141,FAM136A,-0.07503152518541284,0.07980965353635208,0.15484117872176492
2600_ELOVL1_P1P2_ENSG00000066322,ELOVL1,-0.07507868266621831,0.05194006972565649,0.1270187523918748
7181_RBM4_P2_ENSG00000173933,RBM4,-0.07508595224201196,0.12277091725663579,0.19785686949864775
6770_PRKRIP1_P2_ENSG00000128563,PRKRIP1,-0.07509732364543059,0.05597806862398597,0.13107539226941656
5699_NKX6-1_P1P2_ENSG00000163623,NKX6-1,-0.07520298293571792,0.09529070248333121,0.17049368541904913
6865_PSMD11_P1P2_ENSG00000108671,PSMD11,-0.07524221427757645,0.09483049907870504,0.1700727133562815
1898_CSNK1A1_P1P2_ENSG00000113712,CSNK1A1,-0.07530160278577085,0.08485913200182253,0.16016073478759338
5226_MRPL43_P1P2_ENSG00000055950,MRPL43,-0.07535179264081751,0.08461759120914686,0.15996938384996437
7198_RCC1_P1_ENSG00000180198,RCC1,-0.07539336595030921,0.12563992911282987,0.20103329506313908
2125_DDX49_P1P2_ENSG00000105671,DDX49,-0.07539384652746828,0.05824564830604928,0.13363949483351756
7583_RTCB_P1P2_ENSG00000100220,RTCB,-0.07544741396009899,0.12099345860015956,0.19644087256025855
4271_KANSL2_P1P2_ENSG00000139620,KANSL2,-0.07549208733075188,0.11712176647711989,0.19261385380787177
6241_PFDN6_P1P2_ENSG00000204220,PFDN6,-0.07552228923679313,0.11299665450602928,0.1885189437428224
8855_TFPT_P1P2_ENSG00000105619,TFPT,-0.07573362812342244,0.07956679284863141,0.15530042097205385
3195_FOXS1_P1P2_ENSG00000179772,FOXS1,-0.07577593922036971,0.1512428131715049,0.2270187523918746
3875_HNRNPR_P1P2_ENSG00000125944,HNRNPR,-0.07581697103446461,0.12567556627895837,0.20149253731342298
7456_RPL28_P1P2_ENSG00000108107,RPL28,-0.07582203401648399,0.1293827114867591,0.20520474550324308
8933_TIPIN_P1P2_ENSG00000075131,TIPIN,-0.0758385970070731,0.14268417375448833,0.21852277076156143
7160_RBM15_P1P2_ENSG00000162775,RBM15,-0.07621458433932587,0.041351431734150706,0.11756601607347658
37_ABCG1_P1P2_ENSG00000160179,ABCG1,-0.07622567822636384,0.06070505273420756,0.1369307309605714
1815_COX5A_P1P2_ENSG00000178741,COX5A,-0.07646794326913788,0.03895494230298886,0.11542288557212674
268_ALG1_P1P2_ENSG00000033011,ALG1,-0.07659993277332972,0.1507632513062594,0.2273631840795891
4950_MED27_P1P2_ENSG00000160563,MED27,-0.0766151420254293,0.09460567695656857,0.17122081898199787
6448_PLEKHN1_P1P2_ENSG00000187583,PLEKHN1,-0.0767038118974899,0.04840143111819775,0.12510524301568765
6927_PTPN1_P1P2_ENSG00000196396,PTPN1,-0.07673743199324956,0.14683700352147713,0.2235744355147267
8658_TAF1C_P1P2_ENSG00000103168,TAF1C,-0.07677048351883141,0.08679629795838771,0.16356678147721912
9975_ZBTB17_P1P2_ENSG00000116809,ZBTB17,-0.07685380612379408,0.12306965350114588,0.19992345962493996
8887_THOC1_P1P2_ENSG00000079134,THOC1,-0.0768635056601947,0.1353829543474551,0.2122464600076498
6861_PSMC4_P1P2_ENSG00000013275,PSMC4,-0.07723646738687209,0.09842369334790085,0.17566016073477295
7505_RPS16_P1P2_ENSG00000105193,RPS16,-0.07740434449881836,0.09186469491946186,0.16926903941828023
1035_C1orf109_P1_ENSG00000116922,C1orf109,-0.07740694367674936,0.06721609497612821,0.14462303865287757
7968_SLC16A5_P1P2_ENSG00000170190,SLC16A5,-0.0775654799930357,0.1333797936387859,0.2109452736318216
523_ARMC6_P1P2_ENSG00000105676,ARMC6,-0.07761517573352325,0.0762309781126212,0.15384615384614445
8598_SUPT5H_P1P2_ENSG00000196235,SUPT5H,-0.07790566094184824,0.10766647836162198,0.18557213930347022
6499_PNPT1_P1P2_ENSG00000138035,PNPT1,-0.07808034058975992,0.07507694988094622,0.15315729047070614
2723_ERVW-1_ENST00000493463.2_ENSG00000242950,ERVW-1,-0.0785578176977142,0.0590235064507689,0.1375813241484831
1743_COG4_P1P2_ENSG00000103051,COG4,-0.07859903903518096,0.10701137045580399,0.18561040949098495
3501_GPKOW_P1P2_ENSG00000068394,GPKOW,-0.07890142360494169,0.07861866824350018,0.15752009184844187
8159_SMC4_P2_ENSG00000113810,SMC4,-0.07892813286562973,0.06439371941143275,0.14332185227706248
3436_RACK1_P1P2_ENSG00000204628,RACK1,-0.07912991435844215,0.08501091993163558,0.16414083429007773
8916_TIMM13_P1P2_ENSG00000099800,TIMM13,-0.07925012633763134,0.04202809792565346,0.1212782242632848
4805_MAP2K7_P1P2_ENSG00000076984,MAP2K7,-0.07933461992640614,0.10899297287878656,0.1883275928051927
7939_SKA3_P1P2_ENSG00000165480,SKA3,-0.07947754086901651,0.08435713192087016,0.16383467278988667
9792_WBP1L_P1P2_ENSG00000166272,WBP1L,-0.07950648379824415,0.07242616067170488,0.15193264446994903
2551_EIF3G_P1P2_ENSG00000130811,EIF3G,-0.07974529680785666,0.11248585512477763,0.1922311519326343
5768_NPLOC4_P1P2_ENSG00000182446,NPLOC4,-0.07977907258353348,0.11053856997290984,0.19031764255644332
9814_WDR33_P1P2_ENSG00000136709,WDR33,-0.0800857755791097,0.04777492093828828,0.12786069651739798
1550_CHCHD3_P1P2_ENSG00000106554,CHCHD3,-0.08008913961931075,0.11581595031561723,0.19590508993492797
9431_TULP1_P1P2_ENSG00000112041,TULP1,-0.08030714566807501,0.08945940618801485,0.16976655185608985
4939_MED17_P1P2_ENSG00000042429,MED17,-0.08032620630621873,0.09609935817903645,0.17642556448525518
6829_PRSS50_P1_nan,PRSS50,-0.0805201564217724,0.039112449777995384,0.11963260619976779
8668_TAF6_P1P2_ENSG00000106290,TAF6,-0.08070119187198405,0.0999340932409025,0.18063528511288654
7836_SF3B2_P1P2_ENSG00000087365,SF3B2,-0.08071692908209505,0.05074116506255575,0.1314580941446508
2654_ENY2_P1P2_ENSG00000120533,ENY2,-0.08082133616425344,0.08718478706572819,0.16800612322998162
5651_NFRKB_P1P2_ENSG00000170322,NFRKB,-0.08114430432797923,0.10408340328776902,0.18522770761574825
4594_LIN54_P2_ENSG00000189308,LIN54,-0.08128861962127186,0.11136350437412527,0.19265212399539713
3683_HECTD1_P1P2_ENSG00000092148,HECTD1,-0.08130778178980273,0.05524024729553527,0.136548029085338
4480_KRTAP4-2_P1P2_ENSG00000244537,KRTAP4-2,-0.08159886941174069,0.04595566560547326,0.12755453501721395
3337_GEMIN6_P1P2_ENSG00000152147,GEMIN6,-0.08213133537775535,0.12441286668883242,0.20654420206658777
7631_SACM1L_P1P2_ENSG00000211456,SACM1L,-0.08216375741491683,0.177384654372286,0.25954841178720284
5749_NOP56_P1P2_ENSG00000101361,NOP56,-0.08224921892672009,0.06972169573075775,0.15197091465747783
3716_HGS_P1P2_ENSG00000185359,HGS,-0.08227396526656458,0.1660995517636498,0.24837351703021437
8578_SUGT1_P1P2_ENSG00000165416,SUGT1,-0.08256484982774762,0.09079909965559049,0.1733639494833381
5576_NDUFV2_P1P2_ENSG00000178127,NDUFV2,-0.08267872631075679,0.11846937931495127,0.20114810562570806
944_TWNK_P1P2_ENSG00000107815,TWNK,-0.08268682843569808,0.0428011164552198,0.12548794489091789
2608_ELP6_P1P2_ENSG00000163832,ELP6,-0.0826957766472283,0.11657708978980386,0.19927286643703215
4099_ILF2_P1P2_ENSG00000143621,ILF2,-0.08270972015381854,0.11235342565558655,0.1950631458094051
5199_MRPL16_P1P2_ENSG00000166902,MRPL16,-0.08282016490971046,0.0798281320669381,0.16264829697664857
4394_KIF4A_P1P2_ENSG00000090889,KIF4A,-0.0828355704538822,0.0723117697680678,0.15514734022195
5267_MRPS6_P1P2_ENSG00000243927,MRPS6,-0.08287105870877845,0.04824260374815093,0.13111366245692938
5741_NOMO1_P1P2_ENSG00000103512,NOMO1,-0.08291858846767328,0.06801903112664623,0.1509376195943195
9937_YJEFN3_P2_ENSG00000250067,YJEFN3,-0.08339138164040562,0.04362737075147814,0.12701875239188376
5810_NRDE2_P1P2_ENSG00000119720,NRDE2,-0.08351942499685608,0.09566159299011714,0.17918101798697322
8055_SLC35G2_P1P2_ENSG00000168917,SLC35G2,-0.08362786621975125,0.06451602968532132,0.14814389590507257
6279_PHF10_P1P2_ENSG00000130024,PHF10,-0.08425247439707427,0.09454584171465867,0.17879831611173294
2568_EIF4G1_P1P2_ENSG00000114867,EIF4G1,-0.08433363778913203,0.1455171084795191,0.22985074626865112
7246_RFC2_P1P2_ENSG00000049541,RFC2,-0.08473660512977223,0.09061739410481574,0.17535399923458797
6791_PRPF18_P1P2_ENSG00000165630,PRPF18,-0.08503973425571419,0.10279034611166825,0.18783008036738244
2188_DHODH_P2_ENSG00000102967,DHODH,-0.08542783754758412,0.03493190221513736,0.12035973976272149
9675_USP7_P1P2_ENSG00000187555,USP7,-0.08548456595961781,0.1419934286825424,0.2274779946421602
5570_NDUFS5_P2_ENSG00000168653,NDUFS5,-0.08564419203538302,0.05771593042921426,0.14336012246459728
5193_MRPL10_P1P2_ENSG00000159111,MRPL10,-0.08609498695739745,0.06070945238435053,0.14680443934174797
7140_RBBP4_P1P2_ENSG00000162521,RBBP4,-0.08632432379746849,0.15186932335139522,0.2381936471488637
6871_PSMD3_P1P2_ENSG00000108344,PSMD3,-0.08662883373669909,0.11394521907615539,0.20057405281285448
7690_SCD_P1P2_ENSG00000099194,SCD,-0.08675442682643747,0.04550734125622347,0.13226176808266094
1398_CDC37_P1P2_ENSG00000105401,CDC37,-0.08679781414551302,0.1384605096202674,0.22525832376578042
935_BUB1_P1P2_ENSG00000169679,BUB1,-0.08748291412789265,0.11994150225173704,0.2074244163796297
6492_PNN_P1P2_ENSG00000100941,PNN,-0.08761468703393309,0.12352193753551526,0.21113662456944834
8214_SNIP1_P1P2_ENSG00000163877,SNIP1,-0.08768603582180862,0.1230296166848758,0.21071565250668442
7301_RHPN1_P1P2_ENSG00000158106,RHPN1,-0.08793618639138688,0.08405003634110085,0.17198622273248773
3502_GPN1_P1P2_ENSG00000198522,GPN1,-0.08798628825343065,0.12410709100411267,0.21209337925754332
4319_KDM2A_P1P2_ENSG00000173120,KDM2A,-0.08815472716685296,0.054669612672400565,0.14282433983925352
1742_COG3_P1P2_ENSG00000136152,COG3,-0.08819961713566493,0.08937405297530662,0.17757367011097155
7156_RBM14-RBM4_P2_nan,RBM14-RBM4,-0.08848855231340141,0.11962472744166058,0.208113279755062
8425_SRRM2_P1P2_ENSG00000167978,SRRM2,-0.08880425090134725,0.09803080459041719,0.18683505549176443
3760_HIST1H2BC_P1P2_ENSG00000180596,HIST1H2BC,-0.08883034421101464,0.04500050156011877,0.1338308457711334
6032_PAF1_P1P2_ENSG00000006712,PAF1,-0.08903517838414643,0.19014583960284548,0.2791810179869919
8126_SLU7_P1P2_ENSG00000164609,SLU7,-0.08927581217201666,0.07563042586853896,0.16490623804055562
4226_ITGB1BP1_P1P2_ENSG00000119185,ITGB1BP1,-0.0897287933817292,0.07869830191103072,0.16842709529275993
8232_SNRPF_P1P2_ENSG00000139343,SNRPF,-0.08986213662442752,0.05598554802922578,0.1458476846536533
5518_NDC1_P1P2_ENSG00000058804,NDC1,-0.08991618463422939,0.0787022615961518,0.1686184462303812
6646_PPME1_P1P2_ENSG00000214517,PPME1,-0.09017095145208454,0.08326953840630025,0.17344048985838478
9457_TXNL4A_P1P2_ENSG00000141759,TXNL4A,-0.09028150450705852,0.07998255978684646,0.17026406429390498
9785_WARS_P1P2_ENSG00000140105,WARS,-0.09100460392927127,0.07543244161224004,0.1664370455415113
664_ATP5MF_P1P2_ENSG00000241468,ATP5MF,-0.09100521311159905,0.07198751555276385,0.1629927286643629
8564_STXBP4_P1P2_ENSG00000166263,STXBP4,-0.0916442589100572,0.060173574997318784,0.151817833907376
3308_GBF1_P1P2_ENSG00000107862,GBF1,-0.09175119748323471,0.08478917756459686,0.17654037504783157
2345_DPH1_P2_ENSG00000108963,DPH1,-0.09191782915575594,0.042984581866050725,0.13490241102180667
4357_ICE1_P1P2_ENSG00000164151,ICE1,-0.09229631413555746,0.09170674747943412,0.18400306161499158
3792_HIST2H3D_ENST00000331491.1_ENSG00000183598,HIST2H3D,-0.0923078412189203,0.04144646417717077,0.13375430539609107
7068_RAD51C_P1P2_ENSG00000108384,RAD51C,-0.09273252929387191,0.06769609680638541,0.16042862610025732
266_ALG14_P1P2_ENSG00000172339,ALG14,-0.09280181363054565,0.13609217795000236,0.22889399158054802
4255_JMJD6_P1P2_ENSG00000070495,JMJD6,-0.09281013235365887,0.03432343060079865,0.12713356295445752
2695_ERCC3_P1P2_ENSG00000163161,ERCC3,-0.09286610944083257,0.11578295293956453,0.2086490623803971
8437_SRSF6_P2_ENSG00000124193,SRSF6,-0.09317450460953777,0.07330081111949988,0.16647531572903765
2582_ELAC2_P1P2_ENSG00000006744,ELAC2,-0.09356292602996727,0.08822046470863973,0.181783390738607
6860_PSMC3_P1P2_ENSG00000165916,PSMC3,-0.09365896023948919,0.13469924871572636,0.22835820895521555
2573_EIF4H_P1P2_ENSG00000106682,EIF4H,-0.09382083352116288,0.04020136318759973,0.13402219670876261
7248_RFC4_P1P2_ENSG00000163918,RFC4,-0.0938263093934311,0.11620047973782639,0.2100267891312575
2328_DOHH_P1P2_ENSG00000129932,DOHH,-0.09395586216829475,0.05770889098898878,0.15166475315728353
3990_HTATSF1_P1P2_ENSG00000102241,HTATSF1,-0.0940101200075703,0.09913951642564205,0.19314963643321234
4244_IWS1_P1P2_ENSG00000163166,IWS1,-0.09406581957833693,0.12495446362103632,0.21902028319937325
4888_MBTPS2_P1P2_ENSG00000012174,MBTPS2,-0.09410036021628918,0.1360948177400757,0.23019517795636488
7343_RNF123_P1P2_ENSG00000164068,RNF123,-0.09432835008651724,0.08810563383999359,0.18243398392651083
2389_DTL_P1P2_ENSG00000143476,DTL,-0.09448513331143407,0.1268696313269071,0.22135476463834117
6876_PSMD8_P1P2_ENSG00000099341,PSMD8,-0.09477725654333466,0.0943157400123377,0.18909299655567235
3398_GLMN_P1P2_ENSG00000174842,GLMN,-0.09478705084140446,0.08121754158109395,0.1760045924224984
1334_CCNL1_P1P2_ENSG00000163660,CCNL1,-0.0951944719817465,0.09565895320002778,0.19085342518177428
1395_CDC26_P1P2_ENSG00000176386,CDC26,-0.0953457793343798,0.05593627194765811,0.1512820512820379
6323_PIAS4_P1P2_ENSG00000105229,PIAS4,-0.09557315325362152,0.12088302738164798,0.2164561806352695
10574_ZNF706_P1P2_ENSG00000120963,ZNF706,-0.09561738665925071,0.04238490955199287,0.13800229621124357
3736_HIPK1_P1P2_ENSG00000163349,HIPK1,-0.09563459267565437,0.08936349381495591,0.18499808649061028
6650_PPP1CB_P1P2_ENSG00000213639,PPP1CB,-0.09568286022203748,0.12486823047830509,0.22055109070034257
916_BTAF1_P1P2_ENSG00000095564,BTAF1,-0.09569457682877677,0.06856106802387105,0.16425564485264782
3873_HNRNPM_P1_ENSG00000099783,HNRNPM,-0.09588512906068178,0.07556531104646633,0.1714504401071481
1549_CHCHD2_P1P2_ENSG00000106153,CHCHD2,-0.09603168479117971,0.057737928679912426,0.15376961347109214
8670_TAF8_P1P2_ENSG00000137413,TAF8,-0.0964017359801135,0.09445168920165836,0.19085342518177187
5082_MIS12_P1P2_ENSG00000167842,MIS12,-0.09646093496491015,0.10794013660033408,0.20440107156524423
1482_CENPI_P1P2_ENSG00000102384,CENPI,-0.0966436152074028,0.0649331165185773,0.1615767317259801
1036_C1orf109_P2_ENSG00000116922,C1orf109,-0.09685278811242565,0.03877675647232728,0.13562954458475293
6948_PUM1_P1P2_ENSG00000134644,PUM1,-0.0968895353441501,0.08470250445684027,0.18159203980099037
8491_STARD7_P1P2_ENSG00000084090,STARD7,-0.09707335949568113,0.04268936534166831,0.13976272483734944
2993_FBXL14_P1P2_ENSG00000171823,FBXL14,-0.09767337701305269,0.1097893095541007,0.2074626865671534
4944_MED21_P1P2_ENSG00000152944,MED21,-0.09776384058861996,0.07085460564175981,0.16861844623037978
5305_MTCP1_P1P2_ENSG00000214827,MTCP1,-0.09806097265297585,0.069677259264345,0.16773823191732085
5225_MRPL42_P1P2_ENSG00000198015,MRPL42,-0.09824580533970634,0.08912503277738684,0.18737083811709318
8209_SNAPC5_P1P2_ENSG00000174446,SNAPC5,-0.0983205993920871,0.09153780091406219,0.18985840030614928
1380_CD8B_P1P2_ENSG00000172116,CD8B,-0.09838552469075379,0.0353305105178043,0.1337160352085581
674_ATP6V0B_P1P2_ENSG00000117410,ATP6V0B,-0.09843446910640657,0.09934586001720067,0.19778032912360724
1219_CBFA2T3_P2_ENSG00000129993,CBFA2T3,-0.09843580253882009,0.04454161805053291,0.142977420589353
4781_MALSU1_P1P2_ENSG00000156928,MALSU1,-0.09867637540845875,0.06221149294208316,0.16088786835054192
4856_MARS2_P1P2_ENSG00000247626,MARS2,-0.09877439961357388,0.07504879212004979,0.17382319173362368
1672_CLPB_P1P2_ENSG00000162129,CLPB,-0.09916226600121542,0.05579372328312487,0.1549559892843403
3134_FOLR3_P2_ENSG00000110203,FOLR3,-0.09951433277411198,0.13202030174559365,0.23153463451970563
6517_POLD3_P1P2_ENSG00000077514,POLD3,-0.09955963563315173,0.07981273329144559,0.17937236892459732
1581_CHMP2A_P1P2_ENSG00000130724,CHMP2A,-0.09977978058874598,0.2204651486114041,0.3202449292001501
2562_EIF4B_P1P2_ENSG00000063046,EIF4B,-0.0997844712926817,0.04966061098821437,0.14944508228089606
3403_GLRX3_P1P2_ENSG00000108010,GLRX3,-0.10011271903657211,0.06904150981914019,0.1691542288557123
6870_PSMD2_P1P2_ENSG00000175166,PSMD2,-0.1004579223552332,0.09701624526817422,0.19747416762340742
2484_EEF1B2_P1P2_ENSG00000114942,EEF1B2,-0.1011462510039546,0.08013962729683703,0.18128587830079163
9498_UBE2D3_P1P2_ENSG00000109332,UBE2D3,-0.10115548350056797,0.11250697344546709,0.21366245694603506
3042_FCF1_P1P2_ENSG00000119616,FCF1,-0.1012139582352797,0.10521543326872682,0.20642939150400652
7057_RAC3_P1P2_ENSG00000169750,RAC3,-0.10127311660792208,0.10152060708131815,0.20279372368924023
3451_GNPNAT1_P1P2_ENSG00000100522,GNPNAT1,-0.1015823240197361,0.037032295191888005,0.1386146192116241
4553_LEO1_P1P2_ENSG00000166477,LEO1,-0.1016760636424954,0.1313128380031058,0.2329889016456012
5258_MRPS28_P1P2_ENSG00000147586,MRPS28,-0.10168093710110201,0.036589250422806675,0.13827018752390868
9409_TUBA1C_P1P2_ENSG00000167553,TUBA1C,-0.10240184346693726,0.04941599044044223,0.1518178339073795
5357_MVK_P1P2_ENSG00000110921,MVK,-0.10244812101770553,0.15587564476873975,0.2583237657864453
10663_ZNF830_P1P2_ENSG00000198783,ZNF830,-0.10256592334237676,0.061842802260365606,0.16440872560274236
9622_URM1_P1P2_ENSG00000167118,URM1,-0.10300693073501768,0.09779674320297427,0.20080367393799195
9973_ZBTB17_P1P2_ENSG00000116809,ZBTB17,-0.10306711794892093,0.05345794902389417,0.1565250669728151
4595_LIN54_P1_ENSG00000189308,LIN54,-0.10358818543671153,0.14910986278371416,0.2526980482204257
9616_UQCRQ_P1P2_ENSG00000164405,UQCRQ,-0.1038547027047999,0.09717859235833637,0.20103329506313627
572_ASCC3_P1P2_ENSG00000112249,ASCC3,-0.10387900231096722,0.11896829964080133,0.22284730195176855
5413_MZF1_P1P2_ENSG00000099326,MZF1,-0.1039581757073999,0.04686463332436085,0.15082280903176076
2088_DDB1_P2_ENSG00000167986,DDB1,-0.1041714233653237,0.03995410284974319,0.14412552621506688
9938_YKT6_P1P2_ENSG00000106636,YKT6,-0.10424103936793024,0.12388754846213464,0.22812858783006487
5881_NUMA1_ENST00000393695.3_ENSG00000137497,NUMA1,-0.10424912795550936,0.11297245643024814,0.2172215843857575
1906_CSNK2B_P1P2_ENSG00000204435,CSNK2B,-0.10452387595368476,0.04185959132529815,0.1463834672789829
7559_RRN3_P1P2_ENSG00000085721,RRN3,-0.10470749704443949,0.1253728703493437,0.23008036739378318
9318_TRNP1_P1P2_ENSG00000253368,TRNP1,-0.10473215539130237,0.06304434671355144,0.16777650210485381
6866_PSMD12_P1P2_ENSG00000197170,PSMD12,-0.10490151484692722,0.11775443616721626,0.22265595101414348
6783_PRODH_P1_ENSG00000100033,PRODH,-0.10527192477653724,0.06039971701450417,0.1656716417910414
3339_GEMIN8_P1P2_ENSG00000046647,GEMIN8,-0.10529644098084545,0.08096456169805541,0.18626100267890086
9944_YPEL5_P1P2_ENSG00000119801,YPEL5,-0.10546142109240295,0.15297715525660663,0.2584385763490096
8231_SNRPE_P1P2_ENSG00000182004,SNRPE,-0.1056008832331285,0.04839835136309997,0.15399923459622847
2113_DDX24_P1P2_ENSG00000089737,DDX24,-0.10630893585187164,0.10406228496709578,0.21037122081896742
8594_SUPT16H_P1P2_ENSG00000092201,SUPT16H,-0.10658517973110698,0.1190175757223729,0.22560275545347988
1819_COX6C_P1P2_ENSG00000164919,COX6C,-0.10691651399881001,0.0985561228171057,0.2054726368159157
1878_CRNKL1_P1P2_ENSG00000101343,CRNKL1,-0.10788031489580444,0.08856055766445467,0.1964408725602591
8898_THUMPD1_P1P2_ENSG00000066654,THUMPD1,-0.10794035319849177,0.05003898090023964,0.1579793340987314
6291_PHF5A_P1P2_ENSG00000100410,PHF5A,-0.10807502310491246,0.05962493862488219,0.16769996172979465
6947_PUF60_P1P2_ENSG00000179950,PUF60,-0.10838335735541356,0.10455196602765822,0.21293532338307178
10611_ZNF763_P1P2_ENSG00000197054,ZNF763,-0.10854647607652328,-0.036789874469180625,0.07175660160734265
645_ATP1A1_P1P2_ENSG00000163399,ATP1A1,-0.10884650514129592,0.11729203293753178,0.2261385380788277
6159_PDCD6_P1P2_ENSG00000249915,PDCD6,-0.10894789338657988,0.024041008259023045,0.13298890164560292
8069_SLC39A10_P1P2_ENSG00000196950,SLC39A10,-0.10928815555971041,0.05756986204457121,0.16685801760428162
2286_DNAJC11_P1P2_ENSG00000007923,DNAJC11,-0.10963546394174412,0.06369021535407751,0.17332567929582163
9839_WDR74_P1_ENSG00000133316,WDR74,-0.10978813180161495,0.12075147784246201,0.23053960964407696
4043_IFITM3_P1P2_ENSG00000142089,IFITM3,-0.11002804810806358,0.0351690433576719,0.14519709146573548
900_BRIP1_P1P2_ENSG00000136492,BRIP1,-0.11023186020863054,0.08659171422687834,0.19682357443550888
4706_LTBP3_P1P2_ENSG00000168056,LTBP3,-0.11029378020782679,0.07971770084842794,0.19001148105625473
10139_ZMAT5_P1P2_ENSG00000100319,ZMAT5,-0.11067391674859539,0.09919979163256407,0.20987370838115946
6867_PSMD13_P1P2_ENSG00000185627,PSMD13,-0.11117515196729026,0.10799821198218075,0.219173363949471
8906_TIGD1_P1P2_ENSG00000221944,TIGD1,-0.11126078269639246,0.07151763291783121,0.18277841561422367
4139_INPPL1_P1P2_ENSG00000165458,INPPL1,-0.11130995047889507,0.1044190965934327,0.21572904707232776
4901_MCM4_P1P2_ENSG00000104738,MCM4,-0.11161828472938119,0.09213219364794902,0.2037504783773302
9609_UQCRB_P1P2_ENSG00000156467,UQCRB,-0.11184898207663607,0.1258471526344093,0.23769613471104536
2898_FAM207A_P1P2_ENSG00000160256,FAM207A,-0.1121219566773788,0.052325039112890284,0.16444699579026908
1843_CPSF4_P1P2_ENSG00000160917,CPSF4,-0.11223759302043448,0.0650681857778683,0.17730577879830278
5743_NOMO3_P1P2_ENSG00000103226,NOMO3,-0.11237518023334664,0.05318165099511449,0.16555683122846113
3338_GEMIN7_P1P2_ENSG00000142252,GEMIN7,-0.11258312123635153,0.03896682135836593,0.15154994259471746
902_BRK1_P1P2_ENSG00000254999,BRK1,-0.11277767376552572,0.093001124550567,0.20577879831609272
9583_UHRF1_P1P2_ENSG00000276043,UHRF1,-0.11311593917433449,0.15274705355431806,0.26586299272865255
3154_FOXD4_ENST00000382500.2_ENSG00000170122,FOXD4,-0.11313118903860986,0.1087976284125827,0.22192881745119256
158_ADNP2_P1P2_ENSG00000101544,ADNP2,-0.11324920796143184,0.06577872927544978,0.17902793723688162
5550_NDUFAF7_P1P2_ENSG00000003509,NDUFAF7,-0.11349165575891548,0.06538320072788018,0.17887485648679566
1570_CHERP_P1P2_ENSG00000085872,CHERP,-0.11353770994283366,0.1158920642630438,0.22942977420587746
3246_GAB2_P1P2_ENSG00000033327,GAB2,-0.11371774362655612,0.07292596092759115,0.18664370455414728
6858_PSMC2_P1P2_ENSG00000161057,PSMC2,-0.11471617992321528,0.13074880285518595,0.24546498277840123
5469_NASP_P1P2_ENSG00000132780,NASP,-0.1147724683702228,0.07611922699906683,0.19089169536928963
9426_TUBGCP3_P1P2_ENSG00000126216,TUBGCP3,-0.11498577694640907,0.0962273879980875,0.21121316494449657
3543_GRSF1_P1P2_ENSG00000132463,GRSF1,-0.11547606718927986,0.057466910231299205,0.17294297742057907
5210_MRPL28_P1P2_ENSG00000086504,MRPL28,-0.11554242745077672,0.04787127327634996,0.1634137007271267
6875_PSMD7_P1P2_ENSG00000103035,PSMD7,-0.11555140950574747,0.04931655834728483,0.1648679678530323
1418_CDCA8_P1P2_ENSG00000134690,CDCA8,-0.11560861849496085,0.029282311470592317,0.14489092996555317
6535_POLR1C_P2_ENSG00000171453,POLR1C,-0.11577259684000879,0.049745964200927334,0.16551856104093612
6879_PSME2_P1P2_ENSG00000100911,PSME2,-0.1166215127188412,0.055096818700977865,0.17171833141981907
5253_MRPS23_P1P2_ENSG00000181610,MRPS23,-0.1170330627616152,0.09842809299804124,0.21546115575965644
8389_SPTSSA_P1P2_ENSG00000165389,SPTSSA,-0.11773767011584799,0.03427151472914866,0.15200918484499665
4128_INO80D_P1P2_ENSG00000114933,INO80D,-0.11853535376096522,0.07809686973691846,0.19663222349788367
9958_YY1_P1P2_ENSG00000100811,YY1,-0.11920483836970068,0.06579324812091229,0.18499808649061297
9743_VPS18_P1P2_ENSG00000104142,VPS18,-0.11931623751125164,0.10001020718832096,0.2193264446995726
1929_CTDP1_P1P2_ENSG00000060069,CTDP1,-0.11956345046825415,0.14480700494696078,0.2643704554152149
4593_LIN52_P1P2_ENSG00000205659,LIN52,-0.12036045047542437,0.07060778526892014,0.19096823574434452
3021_FBXO42_P1P2_ENSG00000037637,FBXO42,-0.12052221545804062,-0.18248164905926664,-0.06195943360122603
1131_C9orf16_P1P2_ENSG00000171159,C9orf16,-0.120998887091578,0.12442782549930145,0.24542671259087945
1840_CPSF2_P1P2_ENSG00000165934,CPSF2,-0.12102133884466557,0.07209002740102,0.19311136624568556
3828_HMGB1_P2_ENSG00000189403,HMGB1,-0.12102703808377754,0.09956232280408833,0.22058936088786588
7831_SF3A1_P2_ENSG00000099995,SF3A1,-0.121584196240098,-0.0461919268179786,0.0753922694221194
10_AARS2_P1P2_ENSG00000124608,AARS2,-0.12167750943521527,-0.03905217457107612,0.08262533486413914
7727_SDHC_P1P2_ENSG00000143252,SDHC,-0.12275802289738971,0.03472379876352242,0.15748182166091212
3569_GTF2E1_P1P2_ENSG00000153767,GTF2E1,-0.12338303042756506,0.11473407634624545,0.2381171067738105
4117_INF2_P1P2_ENSG00000203485,INF2,-0.12375396831519936,0.03946838147430543,0.16322234978950478
9749_VPS33A_P1P2_ENSG00000139719,VPS33A,-0.12449841619362541,0.07339672349254771,0.19789513968617312
4503_LAMTOR1_P1P2_ENSG00000149357,LAMTOR1,-0.12481054768061968,0.06699963218925016,0.19181017986986984
7832_SF3A2_P2_ENSG00000104897,SF3A2,-0.12482778077180197,0.10884998424923324,0.2336777650210352
7185_RBM8A_P1P2_ENSG00000265241,RBM8A,-0.12545372915021158,0.056674093276105515,0.1821278224263171
9679_UTP11_P1P2_ENSG00000183520,UTP11,-0.12561462097148596,0.07966666490680792,0.2052812858782939
5864_NUDT15_P1P2_ENSG00000136159,NUDT15,-0.1256266286320199,0.05405190179277099,0.1796785304247909
8618_SYF2_P1P2_ENSG00000117614,SYF2,-0.125994148329934,0.08269318423798767,0.20868733256792169
2336_DONSON_P1P2_ENSG00000159147,DONSON,-0.12706102287666998,0.14653254773180818,0.27359357060847816
4116_INCENP_P1P2_ENSG00000149503,INCENP,-0.12887968933324334,0.09829214380872278,0.22717183314196612
2450_EARS2_P1P2_ENSG00000103356,EARS2,-0.1289344142123014,-0.051973067101703796,0.07696134711059759
3759_HIST1H2BB_P1P2_ENSG00000276410,HIST1H2BB,-0.12962438765330653,-0.053275363543090225,0.0763490241102163
8168_SMG7_P1P2_ENSG00000116698,SMG7,-0.13006256573245611,-0.04609777430498458,0.08396479142747154
4110_IMPA2_P1P2_ENSG00000141401,IMPA2,-0.13017776211050228,0.08853635958867992,0.2187141216991822
2233_DIS3_P1P2_ENSG00000083520,DIS3,-0.13024635604052381,0.05387151613703743,0.18411787217756123
2292_DNAJC19_P1P2_ENSG00000205981,DNAJC19,-0.13040984027102775,-0.047248722781561746,0.083161117489466
2426_DYNLL1_P1P2_ENSG00000088986,DYNLL1,-0.13052124618127336,0.08892000908087248,0.21944125526214586
7580_RSRC2_P1P2_ENSG00000111011,RSRC2,-0.13091966496054186,0.049792160527396254,0.1807118254879381
7255_RFT1_P1P2_ENSG00000163933,RFT1,-0.1314914367240276,0.12736811168774673,0.25885954841177433
3969_HSP90B1_P1P2_ENSG00000166598,HSP90B1,-0.13161193975700747,0.11010256464404718,0.24171450440105463
6175_PDHA1_P1P2_ENSG00000131828,PDHA1,-0.13186954942571621,0.07620546014181177,0.208075009567528
6782_PRODH_P2_ENSG00000100033,PRODH,-0.1321743910308749,0.04884359595725261,0.1810179869881275
9709_VBP1_P1P2_ENSG00000155959,VBP1,-0.1324007090340702,0.09488593467046796,0.22728664370453816
7500_RPS12_P1P2_ENSG00000112306,RPS12,-0.13268257769680902,0.0929584479442084,0.22564102564101743
4042_IFITM2_P1P2_ENSG00000185201,IFITM2,-0.13293046752305637,0.04935043565335678,0.18228090317641316
4434_KLHL17_P1P2_ENSG00000187961,KLHL17,-0.13329940187771047,0.08491720738366876,0.21821660926137923
6511_POGZ_P1P2_ENSG00000143442,POGZ,-0.13363261107322635,-0.030724076821410987,0.10290853425181537
8155_SMC1A_P1P2_ENSG00000072501,SMC1A,-0.13418549141587072,0.05418037157685322,0.18836586299272395
4700_LST1_P1_ENSG00000204482,LST1,-0.13494022093823416,0.06976701212719623,0.2047072330654304
6481_PMPCB_P2_ENSG00000105819,PMPCB,-0.13552364839024292,-0.03299781601367056,0.10252583237657237
8245_SNX15_P2_ENSG00000110025,SNX15,-0.13578311944941168,-0.04508277501773069,0.09070034443168098
10706_ZRANB2_P1P2_ENSG00000132485,ZRANB2,-0.1362151244809794,0.04924220425991738,0.18545732874089677
1669_CLOCK_P1P2_ENSG00000134852,CLOCK,-0.13624683580546054,-0.052970907753413496,0.08327592805204703
7070_RAD51_P1P2_ENSG00000051180,RAD51,-0.1367260863108383,-0.03925191868742515,0.09747416762341315
7062_RAD21_P1P2_ENSG00000164754,RAD21,-0.13677205250175692,0.06896847562681757,0.2057405281285745
5400_MYO1H_ENST00000431443.2_ENSG00000174527,MYO1H,-0.13699458680583584,-0.06010978007028635,0.0768848067355495
9475_U2SURP_P1P2_ENSG00000163714,U2SURP,-0.13757372967546588,0.10762336179026737,0.24519709146573324
5748_NOP2_P1P2_ENSG00000111641,NOP2,-0.13757724939557348,0.06284372266717929,0.20042097206275278
5766_NPEPPS_P1P2_ENSG00000141279,NPEPPS,-0.13802736744834385,-0.054713169208782796,0.08331419823956104
1692_CMC4_P1P2_ENSG00000182712,CMC4,-0.13843442307928108,-0.050642612899420965,0.08779181017986012
6213_PELO_P2_ENSG00000152684,PELO,-0.13920888334035086,0.03247117789193389,0.17168006123228474
1119_C7orf26_P1P2_ENSG00000146576,C7orf26,-0.13928792136295345,-0.03140426273302727,0.10788365862992619
3291_GATA1_P1P2_ENSG00000102145,GATA1,-0.13947552921360185,-0.062475911915481165,0.07699961729812069
4893_MCEE_P1P2_ENSG00000124370,MCEE,-0.1395203041146311,0.06491903763812895,0.20443934175276005
1519_CEP97_P1P2_ENSG00000182504,CEP97,-0.13977329753506623,-0.0498383568538608,0.08993494068120542
1260_CCDC144A_P1P2_ENSG00000170160,CCDC144A,-0.1400781594462929,0.04457549535660923,0.18465365480290213
9867_WNK1_P1P2_ENSG00000060237,WNK1,-0.14051429338030386,0.04589979004869639,0.18641408342900026
4505_LAMTOR1_P1P2_ENSG00000149357,LAMTOR1,-0.14058720573615663,0.08134161171503532,0.22192881745119195
4686_LSM11_P1P2_ENSG00000155858,LSM11,-0.14206184662655802,0.04821752574235428,0.1902793723689123
4619_LMO2_P1P2_ENSG00000135363,LMO2,-0.14240606171611941,-0.05254766140996294,0.08985840030615647
8040_SLC35A4_P1P2_ENSG00000176087,SLC35A4,-0.14380082526604718,0.06752715024101758,0.21132797550706475
6256_PGD_P1P2_ENSG00000142657,PGD,-0.14386122230944182,-0.04516240868525996,0.09869881362418187
8963_TMA16_P1P2_ENSG00000198498,TMA16,-0.14419456011009793,0.06234964195647668,0.20654420206657462
653_ATP5F1A_P1_ENSG00000152234,ATP5F1A,-0.14511238804750592,-0.0508529161761043,0.09425947187140163
2291_DNAJC17_P1P2_ENSG00000104129,DNAJC17,-0.1452423063317949,-0.036784594889013866,0.10845771144278105
5023_MFN2_P2_ENSG00000116688,MFN2,-0.1462614277527889,-0.0461848873777541,0.10007654037503477
8818_TERF1_P1P2_ENSG00000147601,TERF1,-0.14653104508206077,-0.058433073402002586,0.08809797168005817
1976_CWF19L2_P1P2_ENSG00000152404,CWF19L2,-0.14712258819640162,0.08892792845112535,0.23605051664752696
5203_MRPL1_P1P2_ENSG00000169288,MRPL1,-0.14721593523497384,-0.05088987323727947,0.09632606199769436
9210_TPP2_P1P2_ENSG00000134900,TPP2,-0.14736922581454365,-0.03466352355660624,0.11270570225793741
490_ARID3A_P1P2_ENSG00000116017,ARID3A,-0.14747349752285335,0.037371508217667014,0.18484500574052037
8118_SLC9B1_P1P2_ENSG00000164037,SLC9B1,-0.14774382556482876,-0.05601018607000128,0.09173363949482749
9656_USP39_P1_ENSG00000168883,USP39,-0.14797842167897712,0.03774679837459423,0.18572522005357134
2361_DPPA2_P1P2_ENSG00000163530,DPPA2,-0.1481912496779671,0.06803530983216295,0.21622655951013006
3404_GLRX5_P1P2_ENSG00000182512,GLRX5,-0.14862123763918267,-0.0700142724650539,0.07860696517412877
3614_H2AFX_P1P2_ENSG00000188486,H2AFX,-0.14927071399281322,-0.0363353906097376,0.11293532338307563
9848_WDR83OS_P1P2_ENSG00000105583,WDR83OS,-0.14943415761116824,-0.052648853363179496,0.09678530424798873
4217_ISY1_P1P2_ENSG00000240682,ISY1,-0.1502276514356079,-0.034881306238527504,0.1153463451970804
6608_PPARGC1B_P1P2_ENSG00000155846,PPARGC1B,-0.15049184027347365,0.1054591738864851,0.25595101415995875
6149_PC_P1P2_ENSG00000173599,PC,-0.1506771332312819,-0.06675061199133207,0.08392652123994984
1443_CDK9_P1P2_ENSG00000136807,CDK9,-0.1517322640965031,-0.05590371453661841,0.09582854955988468
7928_SIRT7_P1P2_ENSG00000187531,SIRT7,-0.15198699707091473,0.09810867839789049,0.25009567546880523
1491_CENPT_P1P2_ENSG00000102901,CENPT,-0.15301997400550227,0.042693764991808825,0.1957137389973111
3617_H3F3A_P1P2_ENSG00000163041,H3F3A,-0.15383388220660327,-0.07239492315570847,0.0814389590508948
10587_ZNF718_ENST00000400172.3_ENSG00000250312,ZNF718,-0.15411070819339553,-0.04829363968977049,0.10581706850362504
5228_MRPL45_P1P2_ENSG00000278845,MRPL45,-0.15536601637130354,-0.08487233095224518,0.07049368541905837
8956_TM7SF2_P1P2_ENSG00000149809,TM7SF2,-0.15552297558220635,-0.06700403183938666,0.08851894374281968
8057_SLC35G2_P1P2_ENSG00000168917,SLC35G2,-0.1568776143228673,-0.0483816326925659,0.10849598163030139
7069_RAD51D_P1P2_ENSG00000185379,RAD51D,-0.15735704081425989,-0.06799615294591589,0.08936088786834401
4954_MED31_P1P2_ENSG00000108590,MED31,-0.15743274864013782,0.10586614152441473,0.26329889016455255
535_ARPC2_P2_ENSG00000163466,ARPC2,-0.1575350506589227,-0.049766202591569164,0.10776884806735354
2613_EMC3_P2_ENSG00000125037,EMC3,-0.15759554246398572,0.05093870935383268,0.2085342518178184
3751_HIST1H2AE_P1P2_ENSG00000277075,HIST1H2AE,-0.15786963389901496,-0.06372497259017582,0.09414466130883914
"9279_TRIM49C_ENST00000432771.1,ENST00000448984.1_ENSG00000204449",TRIM49C,-0.15830869867688543,-0.03668604272588119,0.12162265595100424
3571_GTF2F1_P1P2_ENSG00000125651,GTF2F1,-0.15858944373666312,0.09958124129968553,0.25817068503634866
"10585_ZNF718_ENST00000510175.1,ENST00000511079.1,ENST00000513304.1,ENST00000513889.1_ENSG00000250312",ZNF718,-0.15889953107852162,-0.08928605997251589,0.06961347110600571
7947_SKP1_P1P2_ENSG00000113558,SKP1,-0.1590875518194028,0.0439740631824971,0.2030616150018999
5123_MMGT1_P1P2_ENSG00000169446,MMGT1,-0.15946111595974294,-0.038680404134261756,0.1207807118254812
9436_TUT1_P2_ENSG00000149016,TUT1,-0.15954573815366935,-0.034631846075600145,0.12491389207806922
1560_CHD4_P1P2_ENSG00000111642,CHD4,-0.16036623906128233,0.13140567062106717,0.2917719096823495
6210_PEF1_P1P2_ENSG00000162517,PEF1,-0.16074106894711399,0.05651878562617018,0.21725985457328417
4473_KRT10_P2_ENSG00000186395,KRT10,-0.161316225056857,-0.07907359206796026,0.08224263298889675
6395_PKM_P2_ENSG00000067225,PKM,-0.16132784013322138,-0.035304112616961994,0.1260237275162594
2130_DDX54_P2_ENSG00000123064,DDX54,-0.16137172833554356,-0.034735677818897935,0.12663605051664562
7829_SF1_P1P2_ENSG00000168066,SF1,-0.16165303519678226,0.046115812870562656,0.2077688480673449
6081_PARS2_P1P2_ENSG00000162396,PARS2,-0.1616557832859534,-0.07141468110455981,0.09024110218139358
6565_POLRMT_P1P2_ENSG00000099821,POLRMT,-0.1618788793914992,0.07493704100649813,0.23681592039799731
5763_NPB_P1P2_ENSG00000183979,NPB,-0.16263706771574726,-0.06833932565682187,0.09429774205892538
4272_KANSL3_P1P2_ENSG00000114982,KANSL3,-0.1633439967315659,0.14541987621142116,0.30876387294298707
5602_NEMF_P1P2_ENSG00000165525,NEMF,-0.16420624693463173,-0.0863264153234605,0.07787983161117124
9365_TSR1_P2_ENSG00000167721,TSR1,-0.16461210450698346,-0.043142529306067746,0.12146957520091572
6621_PPIA_P1P2_ENSG00000196262,PPIA,-0.16478616820389846,-0.05981104382579245,0.10497512437810602
4475_KRT17_P1P2_ENSG00000128422,KRT17,-0.16517992335402729,-0.047690447655600925,0.11748947569842635
2205_DHX29_P1P2_ENSG00000067248,DHX29,-0.16562544546456565,0.07467306199810923,0.2402985074626749
8853_TFIP11_P1P2_ENSG00000100109,TFIP11,-0.16594140803153182,-0.035478338762500554,0.13046306926903126
4129_INO80E_P1P2_ENSG00000169592,INO80E,-0.1665265682688247,0.03354997210621794,0.20007654037504263
5261_MRPS31_P1P2_ENSG00000102738,MRPS31,-0.1667811794067589,-0.05055461989662366,0.11622655951013525
1794_COQ5_P1P2_ENSG00000110871,COQ5,-0.1668831768343897,-0.05521076963959696,0.11167240719479274
812_BCR_P1P2_ENSG00000186716,BCR,-0.1669706080356973,-0.057096899654536695,0.10987370838116062
3910_HOXC10_P1P2_ENSG00000180818,HOXC10,-0.16866357987211225,0.03581403206817057,0.20447761194028283
9611_UQCRC1_P2_ENSG00000010256,UQCRC1,-0.17029906520294374,-0.0685769067643716,0.10172215843857213
4973_MEN1_P1P2_ENSG00000133895,MEN1,-0.1704401585985879,-0.07790284516575262,0.09253731343283528
126_ADAM10_P1P2_ENSG00000137845,ADAM10,-0.17113165499539534,-0.06542939705434182,0.1057022579410535
7033_RAB4B_P1P2_ENSG00000167578,RAB4B,-0.1712589199522327,-0.09605800146773365,0.07520091848449906
9678_USPL1_P1P2_ENSG00000132952,USPL1,-0.1717261086475309,0.11024863302869455,0.28197474167622544
6778_PRMT5_P2_ENSG00000100462,PRMT5,-0.17189540718489857,-0.05857738192658393,0.11331802525831464
510_ARL4D_P1P2_ENSG00000175906,ARL4D,-0.17274855349655827,-0.09207499819614477,0.0806735553004135
3605_GYG1_P1P2_ENSG00000163754,GYG1,-0.17301156458191752,-0.07940268589841873,0.09360887868349879
8941_TKT_P2_ENSG00000163931,TKT,-0.17348105463268548,-0.017951012535483295,0.1555300420972022
1973_CWC25_P1P2_ENSG00000273559,CWC25,-0.17498922762583838,0.050345636514987045,0.22533486414082543
3616_H2AFZ_P1P2_ENSG00000164032,H2AFZ,-0.17529801537872708,-0.049082936924854145,0.12621507845387292
3766_HIST1H2BJ_P1P2_ENSG00000124635,HIST1H2BJ,-0.1755506568271776,-0.10712356153441077,0.06842709529276683
10055_ZDHHC7_P1P2_ENSG00000153786,ZDHHC7,-0.17556270509983823,-0.04590330976880594,0.1296593953310323
6158_PDCD6IP_P1P2_ENSG00000170248,PDCD6IP,-0.175586544434899,-0.06379932667754129,0.1117872177573577
5259_MRPS2_P1P2_ENSG00000122140,MRPS2,-0.1771493001645714,-0.037998898327604454,0.13915040183696695
3053_FDXR_P1P2_ENSG00000161513,FDXR,-0.17779918263975406,-0.06134300200447628,0.11645618063527777
3170_FOXL2_P1P2_ENSG00000183770,FOXL2,-0.17798071897320952,-0.045642410515513994,0.13233830845769554
5556_NDUFB4_P1P2_ENSG00000065518,NDUFB4,-0.1785131917079055,-0.049313038627166184,0.12920015308073932
9423_TUBE1_P1P2_ENSG00000074935,TUBE1,-0.17925745006295218,-0.03918856372541156,0.14006888633754064
6485_PNISR_P2_ENSG00000132424,PNISR,-0.18099055347732762,-0.06376896909157682,0.11722158438575078
3038_FBXW7_ENST00000281708.4_ENSG00000109670,FBXW7,-0.18200540385335742,-0.08881749723261884,0.09318790662073859
9907_XRCC5_P1P2_ENSG00000079246,XRCC5,-0.18261290754466203,-0.06405186659556612,0.11856104094909592
7917_SIN3A_P2_ENSG00000169375,SIN3A,-0.18262300643389634,0.06291851671955405,0.24554152315345038
3878_HNRNPU_P1P2_ENSG00000153187,HNRNPU,-0.1828235898681319,-0.09625642568903199,0.0865671641790999
6709_PPY_P1P2_ENSG00000108849,PPY,-0.18334033893008636,-0.053298241723816774,0.13004209720626958
6649_PPP1CA_P2_ENSG00000172531,PPP1CA,-0.1834003704640761,-0.07188104401937935,0.11151932644469675
9677_USP9X_P1P2_ENSG00000124486,USP9X,-0.18373320061280718,-0.07592608235793062,0.10780711825487654
6582_POTEI_ENST00000451531.2_ENSG00000196834,POTEI,-0.18391789792566746,-0.04576252096433069,0.13815537696133676
5470_NAT10_P1P2_ENSG00000135372,NAT10,-0.1850129979202277,-0.04949826389805107,0.13551473402217665
6553_POLR2L_P1P2_ENSG00000177700,POLR2L,-0.18570216588684268,-0.041270478171574664,0.14443168771526801
3086_FIP1L1_P1P2_ENSG00000145216,FIP1L1,-0.18583324161752984,-0.048672889531820855,0.13716035208570898
1147_CACNB3_P1_ENSG00000167535,CACNB3,-0.18589026785204035,-0.07264878296877761,0.11324148488326274
3378_GJA3_P1P2_ENSG00000121743,GJA3,-0.1861516409138086,-0.06812638259005452,0.11802525832375407
9875_GET1_P1P2_ENSG00000182093,GET1,-0.18645359228726838,-0.09904448398264205,0.08740910830462634
6632_PPIL4_P1P2_ENSG00000131013,PPIL4,-0.1877860906346743,-0.04974552423591181,0.1380405663987625
2025_DAP3_P1P2_ENSG00000132676,DAP3,-0.18779807798913326,-0.06032008334697028,0.12747799464216297
2106_DDX19A_P1P2_ENSG00000168872,DDX19A,-0.18819745115406558,0.07674705707402249,0.26494450822808807
3599_GUCD1_P1P2_ENSG00000138867,GUCD1,-0.18908545623219794,0.08244152424999082,0.27152698048218876
5145_MOK_P1P2_ENSG00000080823,MOK,-0.1894228078675366,-0.034237197458056895,0.1551856104094797
837_BIRC5_P1P2_ENSG00000089685,BIRC5,-0.1895417947133861,-0.055366517254545604,0.1341752774588405
4868_MAU2_P1P2_ENSG00000129933,MAU2,-0.18998670764160447,-0.05144862880503537,0.1385380788365691
1290_CCDC6_P1P2_ENSG00000108091,CCDC6,-0.19154910463058616,-0.08580857650200478,0.1057405281285814
1629_CKAP5_P2_ENSG00000175216,CKAP5,-0.1915781152467309,-0.04837107353223226,0.14320704171449866
507_ARL2_P1P2_ENSG00000213465,ARL2,-0.1919419392385108,-0.06350718990825654,0.12843474933025426
9438_TVP23C_P1P2_ENSG00000175106,TVP23C,-0.1931210522446877,-0.03487382683328971,0.158247225411398
9185_TOR2A_P1P2_ENSG00000160404,TOR2A,-0.19534841912446838,-0.043568855404617524,0.15177956371985085
4432_KLHL11_P1P2_ENSG00000178502,KLHL11,-0.19596327361585303,-0.05042175046240085,0.14554152315345217
2579_EIF5_P2_ENSG00000100664,EIF5,-0.19657310573738107,-0.061211452465294865,0.1353616532720862
5906_NUS1_P1P2_ENSG00000153989,NUS1,-0.1972843464103055,0.031150402919959852,0.22843474933026536
5194_MRPL11_P1P2_ENSG00000174547,MRPL11,-0.19812367105182538,-0.05851402696457433,0.13960964408725104
8925_TIMM8A_P1P2_ENSG00000126953,TIMM8A,-0.19874507763758176,-0.08749364250555418,0.11125143513202759
111_ACTR1B_P1P2_ENSG00000115073,ACTR1B,-0.19976239858636458,-0.07676201588449745,0.12300038270186714
8894_THRAP3_P1P2_ENSG00000054118,THRAP3,-0.19993510177607315,-0.06334880250322138,0.13658629927285176
2686_EPS8L1_P2_ENSG00000131037,EPS8L1,-0.1999984702754768,-0.07841408451199959,0.12158438576347719
1659_CLK2_P1P2_ENSG00000176444,CLK2,-0.2004372304621889,-0.05711537818512517,0.14332185227706373
2489_EEF2_P2_ENSG00000167658,EEF2,-0.2005661943608364,-0.05257537920584515,0.14799081515499124
4478_KRT8_P1_ENSG00000170421,KRT8,-0.2007351273888125,-0.07256826937121989,0.12816685801759262
5567_NDUFS3_P1P2_ENSG00000213619,NDUFS3,-0.20183516176023836,-0.03206860990413956,0.1697665518560988
4896_MCL1_P1P2_ENSG00000143384,MCL1,-0.20199158624443725,-0.06839036159844285,0.1336012246459944
5771_NPM3_P1P2_ENSG00000107833,NPM3,-0.20258040157568447,-0.06729528867864029,0.13528511289704417
952_NKAPD1_P1P2_ENSG00000150776,NKAPD1,-0.20414007755026975,-0.12358133281242169,0.08055874473784805
2095_DDN_P1P2_ENSG00000181418,DDN,-0.20486458486051284,-0.06892887877555859,0.13593570608495426
2987_FBLIM1_P1P2_ENSG00000162458,FBLIM1,-0.2049468921615883,-0.0791527857704764,0.1257941063911119
5252_MRPS22_P1P2_ENSG00000175110,MRPS22,-0.20565196655561066,-0.03649773769989759,0.16915422885571307
4795_MANF_P1P2_ENSG00000145050,MANF,-0.20588574365796164,-0.08238784851828877,0.12349789513967288
1791_COQ2_P1P2_ENSG00000173085,COQ2,-0.2060090083175002,-0.07298183648436098,0.13302717183313922
8058_SLC35G6_ENST00000412468.2_ENSG00000259224,SLC35G6,-0.20636049298282302,-0.07555299202607255,0.13080750095675048
663_ATP5ME_P1P2_ENSG00000169020,ATP5ME,-0.20695355905297624,-0.05869485258532121,0.14825870646765504
8841_TFB2M_P1P2_ENSG00000162851,TFB2M,-0.21048536128098225,-0.060887198249993335,0.1495981630309889
2218_DHX9_P1P2_ENSG00000135829,DHX9,-0.21198126263462444,-0.10727402956919108,0.10470723306543336
2681_EPS8L1_P1_ENSG00000131037,EPS8L1,-0.21374942110756592,-0.05645895038426443,0.1572904707233015
7584_RTEL1_P1P2_ENSG00000258366,RTEL1,-0.21495248174785755,-0.06872209521898351,0.14623038652887405
1823_COX7C_P1P2_ENSG00000127184,COX7C,-0.21684931306568556,-0.0664474760966976,0.15040183696898796
9362_TSPYL5_P1P2_ENSG00000180543,TSPYL5,-0.2171196681824343,-0.06794247721420993,0.14917719096822438
8716_TBC1D28_ENST00000405044.1_ENSG00000189375,TBC1D28,-0.21714367673481424,-0.044506860814423795,0.17263681592039046
5315_MTG2_P1P2_ENSG00000101181,MTG2,-0.21792755224718424,-0.03702437582163413,0.18090317642555012
3866_HNRNPH1_P1P2_ENSG00000169045,HNRNPH1,-0.21903823377195575,-0.04678411972679864,0.17225411404515711
7830_SF3A1_P1_ENSG00000099995,SF3A1,-0.22427210495912592,-0.04979832003758654,0.17447378492153937
5428_NAA30_P1P2_ENSG00000139977,NAA30,-0.22490036823040324,-0.075263935011884,0.14963643321851924
8230_SNRPD3_P1P2_ENSG00000100028,SNRPD3,-0.22619265377555478,0.08452299873113814,0.3107156525066929
5000_METTL23_P1P2_ENSG00000181038,METTL23,-0.22744861851661943,-0.05029592046840359,0.17715269804821585
5569_NDUFS5_P1_ENSG00000168653,NDUFS5,-0.22817128474250598,-0.04493362687798979,0.18323765786451618
8481_STAG2_P1_ENSG00000101972,STAG2,-0.22846681262674623,-0.08679057841320749,0.14167623421353875
5242_MRPS11_P1P2_ENSG00000181991,MRPS11,-0.22915644763312498,-0.09612927579999062,0.13302717183313437
7271_RGP1_P1P2_ENSG00000107185,RGP1,-0.23010639301655494,-0.09991121506018663,0.1301951779563683
5250_MRPS18C_P1P2_ENSG00000163319,MRPS18C,-0.2308077446296793,-0.07849239828448754,0.15231534634519175
8647_TADA1_P1P2_ENSG00000152382,TADA1,-0.2311270441620617,-0.10054916433045927,0.13057787983160243
8601_SUPV3L1_P1P2_ENSG00000156502,SUPV3L1,-0.23479036885447468,-0.05048114573928912,0.18430922311518555
6138_PCNX3_P1P2_ENSG00000197136,PCNX3,-0.23503521276910017,-0.07935208992180552,0.15568312284729463
6597_POU5F1B_P1P2_ENSG00000212993,POU5F1B,-0.2353248451221544,-0.060506628512897453,0.17481821660925695
5832_NSRP1_P1P2_ENSG00000126653,NSRP1,-0.2356207249783982,-0.07947835988082198,0.15614236509757623
8857_TFRC_P1P2_ENSG00000072274,TFRC,-0.23736274276084912,-0.09476802404673366,0.14259471871411547
348_ANKS6_P1P2_ENSG00000165138,ANKS6,-0.24058667100945264,-0.08230117541053085,0.1582854955989218
875_BOP1_P2_ENSG00000261236,BOP1,-0.24192886889326287,-0.038101850140876484,0.20382701875238637
110_ACTR1A_P1P2_ENSG00000138107,ACTR1A,-0.2429067419020477,-0.13265033164564322,0.11025641025640448
3551_GSK3B_P1P2_ENSG00000082701,GSK3B,-0.2443894172304752,-0.1390698611646567,0.1053195560658185
4405_KLC2_P1P2_ENSG00000174996,KLC2,-0.24452449325845452,-0.10441733673339756,0.14010715652505695
3809_HLA-C_P1P2_ENSG00000204525,HLA-C,-0.2485484674258653,-0.08884697488855955,0.15970149253730576
1238_CCAR1_P1P2_ENSG00000060339,CCAR1,-0.2489402258117034,-0.10772323384845692,0.14121699196324647
9408_TUBA1B_P1P2_ENSG00000123416,TUBA1B,-0.24898435091824797,-0.051280562169692505,0.19770378874855546
6819_PRRC2A_P1P2_ENSG00000204469,PRRC2A,-0.249027041062006,-0.10363859865863936,0.14538844240336662
7357_RNF14_P1P2_ENSG00000013561,RNF14,-0.24915129395063115,-0.05753246501837916,0.191618828932252
5292_MST1_ENST00000449682.2_ENSG00000173531,MST1,-0.24923538141785045,-0.09274858463255438,0.1564867967852961
4330_KDM6A_P1P2_ENSG00000147050,KDM6A,-0.25392814301868427,-0.16514130796319432,0.08878683505548993
3827_HMGB1_P1_ENSG00000189403,HMGB1,-0.2551746857397449,-0.05264885336317666,0.20252583237656824
1262_CCDC144NL_P2_ENSG00000205212,CCDC144NL,-0.25782131897179184,-0.0989617705600072,0.15885954841178465
1145_CABIN1_P1P2_ENSG00000099991,CABIN1,-0.2591732502354469,-0.1048295839514985,0.1543436662839484
9610_UQCRC1_P1_ENSG00000010256,UQCRC1,-0.2592031949311517,-0.042823554670930984,0.2163796402602207
8595_SUPT20H_P1P2_ENSG00000102710,SUPT20H,-0.25934053847114624,-0.11800873594532062,0.1413318025258256
5558_NDUFB6_P1P2_ENSG00000165264,NDUFB6,-0.25936470947214063,-0.055690771469848716,0.2036739380022919
8974_TMED2_P1P2_ENSG00000086598,TMED2,-0.2602717887258163,-0.10810952313072542,0.15216226559509088
9043_TMEM214_P1P2_ENSG00000119777,TMEM214,-0.26044898632736707,-0.06538584051795925,0.1950631458094078
1516_CEP85_P1P2_ENSG00000130695,CEP85,-0.261134499200017,-0.11609048848436561,0.14504401071565143
5220_MRPL38_P1P2_ENSG00000204316,MRPL38,-0.26127438099969236,-0.14592803580260585,0.11534634519708653
5068_MIER1_P1_ENSG00000198160,MIER1,-0.2623659612741347,-0.09493389085700038,0.1674320704171343
9594_UNC50_P1P2_ENSG00000115446,UNC50,-0.26268303390667114,-0.04967117014854672,0.21301186375812442
2334_DOLK_P1P2_ENSG00000175283,DOLK,-0.264652337615333,-0.17364583168346,0.09100650593187298
2366_DPY19L4_P1P2_ENSG00000156162,DPY19L4,-0.26521748959752217,-0.04122208202003537,0.2239954075774868
8575_SUDS3_P1P2_ENSG00000111707,SUDS3,-0.2663038715161299,-0.08023421977484715,0.1860696517412827
2689_ERAL1_P1P2_ENSG00000132591,ERAL1,-0.2678212905432781,-0.09158707699564106,0.17623421354763705
1715_CNOT11_P1P2_ENSG00000158435,CNOT11,-0.27415099951251526,-0.09255895971152892,0.18159203980098634
2158_DEPDC5_P1P2_ENSG00000100150,DEPDC5,-0.274489190465724,-0.06473029264712696,0.20975889781859705
9587_UMPS_P1P2_ENSG00000114491,UMPS,-0.27669451848265064,-0.06322341247423786,0.2134711060084128
9918_YARS2_P1P2_ENSG00000139131,YARS2,-0.27742658642244944,-0.06625169166547748,0.211174894756972
5229_MRPL46_P1P2_ENSG00000259494,MRPL46,-0.28152308713026414,-0.08270946294351103,0.1988136241867531
2304_DNAJC8_P1P2_ENSG00000126698,DNAJC8,-0.2841073265546,-0.05479236291129896,0.2293149636433011
2384_DSTYK_P1P2_ENSG00000133059,DSTYK,-0.2873512630583323,-0.16044732122902122,0.12690394182931108
9758_VPS41_P2_ENSG00000006715,VPS41,-0.28788411483979737,-0.059296284759433944,0.2285878300803634
5344_MTRNR2L1_P1P2_ENSG00000256618,MTRNR2L1,-0.2943532453376103,-0.07755263301462301,0.2168006123229873
5993_OTOP1_P1P2_ENSG00000163982,OTOP1,-0.30069194313052233,-0.13930656234216401,0.16138538078835832
5146_MON1A_P1P2_ENSG00000164077,MON1A,-0.3204850282613068,-0.2134815839444366,0.10700344431687023
5429_NAA35_P1P2_ENSG00000135040,NAA35,-0.32636944525554773,-0.1639890395915707,0.16238040566397702
8244_SNX15_P1_ENSG00000110025,SNX15,-0.3267325314598565,-0.06052510704348511,0.26620742441637135
