perturbation_id,target_gene,mimetic_score,up_enrichment,down_enrichment
6073_PARN_P1P2_ENSG00000140694,PARN,0.5988747352781635,0.12044470895936013,-0.4784300263188033
3284_GAR1_P1P2_ENSG00000109534,GAR1,0.5919579293285786,0.10000232800119203,-0.4919556013273866
7458_RPL30_P1P2_ENSG00000156482,RPL30,0.579508925320801,0.11651544780620827,-0.46299347751459274
8_AAMP_P1P2_ENSG00000127837,AAMP,0.5779911856014243,0.10356619418363941,-0.4744249914177849
5164_MPHOSPH6_P1P2_ENSG00000135698,MPHOSPH6,0.5771782970901761,0.11223951690937439,-0.4649387801808017
4619_LMO2_P1P2_ENSG00000135363,LMO2,0.5754894298766349,0.06593456089848826,-0.5095548689781466
5752_NOS1AP_P1P2_ENSG00000198929,NOS1AP,0.5606587195219366,0.10427927107245338,-0.4563794484494832
4957_MED7_P1P2_ENSG00000155868,MED7,0.5605595311529654,0.09492273060370005,-0.4656368005492653
1605_CHTF8_P1P2_ENSG00000168802,CHTF8,0.5553655328877309,0.0654811067520144,-0.4898844261357166
4875_MBD3_P1P2_ENSG00000071655,MBD3,0.5543394850619964,0.07199596749705395,-0.4823435175649424
4947_MED24_P1P2_ENSG00000008838,MED24,0.5395711628391848,0.08731117885932044,-0.4522599839798644
8725_TBCB_P1P2_ENSG00000105254,TBCB,0.5333542528558674,0.06783188187520238,-0.46552237098066496
9444_TWSG1_P1P2_ENSG00000128791,TWSG1,0.5163383361825146,0.07930892778338089,-0.4370294083991337
9420_TUBB_P1_ENSG00000196230,TUBB,0.5154902618402402,0.06700645362419322,-0.4484838082160469
2134_DDX5_P1P2_ENSG00000108654,DDX5,0.5069202250004673,0.032106173049438566,-0.47481405195102877
608_ATF5_P1P2_ENSG00000169136,ATF5,0.5055435564760766,0.09311650532605621,-0.41242705115002043
5811_NRF1_P1P2_ENSG00000106459,NRF1,0.5039845266416864,0.07258505301769964,-0.43139947362398673
4930_MED10_P1P2_ENSG00000133398,MED10,0.5035725886381968,-0.053024275991627075,-0.5565968646298238
2685_EPS8L1_P2_ENSG00000131037,EPS8L1,0.4994403774073403,0.15920694108739186,-0.34023343631994846
2746_ESYT1_P2_ENSG00000139641,ESYT1,0.4967056090512424,0.15039596263860538,-0.346309646412637
2226_DIMT1_P1P2_ENSG00000086189,DIMT1,0.49513029012308124,0.06703783103164933,-0.4280924590914319
4949_MED26_P1P2_ENSG00000105085,MED26,0.4949374354168997,0.06649024466280576,-0.428447190754094
7510_RPS20_P1P2_ENSG00000008988,RPS20,0.491010260114462,0.08178723688525634,-0.4092230232292057
1493_CENPW_P1P2_ENSG00000203760,CENPW,0.48869408895231237,0.14960494831836918,-0.3390891406339432
6581_POT1_P1P2_ENSG00000128513,POT1,0.4881082115347008,0.08005236990522159,-0.4080558416294792
4503_LAMTOR1_P1P2_ENSG00000149357,LAMTOR1,0.4874646669293813,0.07812721413157518,-0.4093374527978061
7491_RPP30_P1P2_ENSG00000148688,RPP30,0.4864652711540814,0.09406339450915324,-0.39240187664492815
4523_LAS1L_P1P2_ENSG00000001497,LAS1L,0.4851369751512632,0.09342167591793817,-0.39171529923332504
5548_NDUFAF5_P1P2_ENSG00000101247,NDUFAF5,0.4841494369664556,0.10224075176219415,-0.38190868520426147
1139_CA5A_P1P2_ENSG00000174990,CA5A,0.483763209201252,0.0504184329110563,-0.4333447762901957
2346_DPH1_P1_ENSG00000108963,DPH1,0.48232775693532737,0.045298348536193654,-0.43702940839913373
10637_ZNF787_P1P2_ENSG00000142409,ZNF787,0.48125432047855654,0.14191343479369137,-0.33934088568486515
3282_GAPDH_P2_ENSG00000111640,GAPDH,0.4806857437037126,0.04572751049624898,-0.43495823320746363
7483_RPLP1_P1P2_ENSG00000137818,RPLP1,0.48000489068926466,0.1576567959415802,-0.3223480947476845
6576_POP5_P1P2_ENSG00000167272,POP5,0.4777551267524639,0.07907106679136731,-0.39868405996109657
2905_PRXL2A_P1_ENSG00000122378,PRXL2A,0.47767990877974364,0.042035098160676854,-0.4356448106190668
7059_RAD17_P1P2_ENSG00000152942,RAD17,0.4775841260493809,0.1073815857129549,-0.37020254033642597
4164_IPO7_P1P2_ENSG00000205339,IPO7,0.4753959857452428,0.09900280574752782,-0.37639317999771493
2784_EXOC7_P1P2_ENSG00000182473,EXOC7,0.4744851318135845,0.08002352293384678,-0.3944616088797377
3577_GTF2H4_P1P2_ENSG00000213780,GTF2H4,0.4723267099654407,0.0960594024931868,-0.3762673074722539
1836_CPOX_P1P2_ENSG00000080819,CPOX,0.47141300505841977,0.0616292769430721,-0.4097837281153477
6547_POLR2F_P1P2_ENSG00000100142,POLR2F,0.4699033801774086,0.08069408849643474,-0.3892092916809739
4329_KDM5C_P1P2_ENSG00000126012,KDM5C,0.46942182156404466,0.06315108120473154,-0.4062707403593131
6195_PDRG1_P1P2_ENSG00000088356,PDRG1,0.4681278501232019,0.07585184600373496,-0.39227600411946695
2187_DHFR_P1P2_ENSG00000228716,DHFR,0.4649698440678363,0.08112729915422652,-0.3838425449136098
9779_INTS14_P1P2_ENSG00000138614,INTS14,0.46331409292237624,0.09696782904778675,-0.36634626387458946
496_ARID5B_ENST00000279873.7_ENSG00000150347,ARID5B,0.4609177353070868,0.10238701096791472,-0.3585307243391721
9610_UQCRC1_P1_ENSG00000010256,UQCRC1,0.46032650622129495,0.08656520630139225,-0.3737612999199027
8915_TIMM10_P1P2_ENSG00000134809,TIMM10,0.4598721321531537,0.11494708352058378,-0.3449250486325699
1470_CEBPZ_P1P2_ENSG00000115816,CEBPZ,0.4563589274380663,0.04487019875057127,-0.41148872868749503
4959_MED9_P1P2_ENSG00000141026,MED9,0.45600255426683506,0.10125944864834084,-0.3547431056184942
2135_DDX6_P1P2_ENSG00000110367,DDX6,0.4555847117734969,0.08539361439393159,-0.37019109737956535
2694_ERCC2_P1P2_ENSG00000104884,ERCC2,0.45527457603689087,0.09240697104775925,-0.3628676049891316
9408_TUBA1B_P1P2_ENSG00000123416,TUBA1B,0.45429361444938515,0.09027027081738788,-0.3640233436319973
308_ANAPC4_P1P2_ENSG00000053900,ANAPC4,0.45419263641146584,0.07460687144979673,-0.3795857649616691
6548_POLR2G_P1P2_ENSG00000168002,POLR2G,0.45389317597056344,0.07443328353435541,-0.37945989243620803
5702_NLE1_P1P2_ENSG00000073536,NLE1,0.45224007190620463,0.10809314434011731,-0.34414692756608734
8974_TMED2_P1P2_ENSG00000086598,TMED2,0.4522066642081741,0.09151322102245249,-0.3606934431857216
7427_RPF2_P1P2_ENSG00000197498,RPF2,0.4511507281188136,0.11827511305988063,-0.332875615058933
3731_HINFP_P1P2_ENSG00000172273,HINFP,0.45110086829500207,0.10824699485410212,-0.34285387344089996
4129_INO80E_P1P2_ENSG00000169592,INO80E,0.44961962554260554,0.04531707376322262,-0.4043025517793829
3503_GPN2_P1P2_ENSG00000142751,GPN2,0.447240806967924,0.06811276028065703,-0.37912804668726696
4716_LUC7L3_P1P2_ENSG00000108848,LUC7L3,0.4468700100851529,0.045885915795185285,-0.4009840942899676
760_BAP1_P1P2_ENSG00000163930,BAP1,0.44600276078795,0.05796065070670245,-0.3880421100812475
1671_CLP1_P1P2_ENSG00000172409,CLP1,0.44545428563056644,0.11349410712043767,-0.33196017851012877
880_BPTF_P1P2_ENSG00000171634,BPTF,0.44500438910523843,0.09344242549383797,-0.35156196361140046
2456_EBNA1BP2_P1P2_ENSG00000117395,EBNA1BP2,0.444648553397591,0.0822386666828616,-0.3624098867147294
6704_PPRC1_P1P2_ENSG00000148840,PPRC1,0.4421542373459845,0.17009793799822898,-0.27205629934775555
1771_COPB1_P1P2_ENSG00000129083,COPB1,0.44137764312361955,0.15696295036700714,-0.2844146927566124
9410_TUBA3D_ENST00000321253.6_ENSG00000075886,TUBA3D,0.44086090510737425,0.11197888199259914,-0.3288820231147751
6517_POLD3_P1P2_ENSG00000077514,POLD3,0.44076311199636803,0.06417540173203373,-0.3765877102643343
1828_CPEB1_ENST00000568128.1_ENSG00000214575,CPEB1,0.4405558447671075,0.1224073151870609,-0.31814852958004664
2792_EXOSC5_P1P2_ENSG00000077348,EXOSC5,0.4404119473364836,0.05315940127857913,-0.3872525460579045
5879_NUFIP1_P1P2_ENSG00000083635,NUFIP1,0.43992329693493115,0.09626841651382753,-0.3436548804211036
7503_RPS15A_P1P2_ENSG00000134419,RPS15A,0.43837962115778445,0.0609794609563859,-0.37740016020139855
837_BIRC5_P1P2_ENSG00000089685,BIRC5,0.43831740533531627,0.06385808504694986,-0.3744593202883664
8605_SURF6_P1P2_ENSG00000148296,SURF6,0.4376100209808302,0.09901292749187086,-0.33859709348895933
3677_HEATR1_P1P2_ENSG00000119285,HEATR1,0.43724591435216564,0.08214807707100938,-0.3550978372811563
9682_UTP15_P1P2_ENSG00000164338,UTP15,0.4367744709159939,0.1252742992716383,-0.3115001716443556
4881_MBNL1_P1P2_ENSG00000152601,MBNL1,0.4367227163836457,0.06593658524735654,-0.3707861311362891
7492_RPP38_P1P2_ENSG00000152464,RPP38,0.4367094978650434,0.058954606000982714,-0.37775489186406064
6241_PFDN6_P1P2_ENSG00000204220,PFDN6,0.4360299872934159,0.05943083407222105,-0.37659915322119486
4939_MED17_P1P2_ENSG00000042429,MED17,0.4360112310027349,0.17173614231981532,-0.2642750886829196
2613_EMC3_P2_ENSG00000125037,EMC3,0.43545092219543186,0.06616381840781016,-0.3692871037876217
5163_MPHOSPH10_P1P2_ENSG00000124383,MPHOSPH10,0.4352781548952769,0.09198944909369595,-0.34328870580158094
5990_OSTC_P1P2_ENSG00000198856,OSTC,0.43498688594419693,0.06925854174005215,-0.3657283442041448
3504_GPN3_P1P2_ENSG00000111231,GPN3,0.434942916503027,0.11682871579356201,-0.318114200709465
3683_HECTD1_P1P2_ENSG00000092148,HECTD1,0.433577493260934,-0.07830029595980503,-0.511877789220739
5551_NDUFB10_P1P2_ENSG00000140990,NDUFB10,0.4331007467673602,0.06425991829728017,-0.36884082847008004
4935_MED14_P1P2_ENSG00000180182,MED14,0.43299012954873023,0.05422825748098594,-0.3787618720677443
10146_ZMYM4_P1P2_ENSG00000146463,ZMYM4,0.4319168663395313,0.09821735838667352,-0.3336995079528578
7576_RSL1D1_P1_ENSG00000171490,RSL1D1,0.4318593211826073,0.08365014393120368,-0.3482091772514036
9398_TTI1_P1P2_ENSG00000101407,TTI1,0.43079196062168723,0.06929751045576193,-0.3614944501659253
7522_RPS2_P1P2_ENSG00000140988,RPS2,0.4257797262299008,0.07363417181863696,-0.35214555441126383
687_ATP6V1H_P1P2_ENSG00000047249,ATP6V1H,0.42536930012939256,0.09406137016028518,-0.33130792996910735
2858_FAM136A_P1P2_ENSG00000035141,FAM136A,0.42388053299107303,0.10345485499587638,-0.32042567799519667
7540_RPSA_P1P2_ENSG00000168028,RPSA,0.42383175806677503,0.06983244464418192,-0.3539993134225931
594_INTS13_P1P2_ENSG00000064102,INTS13,0.4228828339022828,-0.11862077062913183,-0.5415036045314147
9802_WDHD1_P1P2_ENSG00000198554,WDHD1,0.4226589456777712,0.12501619479093998,-0.29764275088683123
6783_PRODH_P1_ENSG00000100033,PRODH,0.4221213042962771,0.04549926516136131,-0.37662203913491576
7775_SENP6_P1P2_ENSG00000112701,SENP6,0.4220784715620961,0.03538663039033377,-0.38669184117176236
9839_WDR74_P1_ENSG00000133316,WDR74,0.4219585928952764,0.07900173284263645,-0.3429568600526399
3445_GNL2_P1P2_ENSG00000134697,GNL2,0.42059020001746183,0.1364158093549113,-0.28417439066255057
14_AASDHPPT_P1P2_ENSG00000149313,AASDHPPT,0.42005366427930224,0.11154010437542097,-0.3085135599038813
3286_GART_P1P2_ENSG00000159131,GART,0.4199208477090824,0.06413643301632295,-0.35578441469275945
2095_DDN_P1P2_ENSG00000181418,DDN,0.41955065472578207,-0.09700730385071792,-0.5165579585765
7506_RPS17_ENST00000330339.7_ENSG00000182774,RPS17,0.4193174599169744,0.13306045110589293,-0.28625700881108146
5731_NOC4L_P1P2_ENSG00000184967,NOC4L,0.4193114143898532,0.06934002178199963,-0.3499713926078536
939_BYSL_P1P2_ENSG00000112578,BYSL,0.4190944327530465,0.1322881620126836,-0.28680627074036286
7400_RNGTT_P1P2_ENSG00000111880,RNGTT,0.4189183653403301,0.10340171583809556,-0.31551664950223457
2616_EMC7_P1P2_ENSG00000134153,EMC7,0.41885300753800603,0.059189430469689136,-0.35966357706831686
5934_OIP5_P1P2_ENSG00000104147,OIP5,0.41879966705722826,0.05891867380857094,-0.35988099324865735
81_ACD_P1P2_ENSG00000102977,ACD,0.4187624943343825,0.09936668245659053,-0.319395811877792
16_AATF_P1P2_ENSG00000275700,AATF,0.4186780349971126,0.11830041742072928,-0.3003776175763833
3809_HLA-C_P1P2_ENSG00000204525,HLA-C,0.4178759304348388,-0.07958373314223376,-0.49745966357707255
1745_COG6_P1P2_ENSG00000133103,COG6,0.4161988389830444,-0.05971373682654737,-0.47591257580959173
4405_KLC2_P1P2_ENSG00000174996,KLC2,0.41585090205812925,0.038759701691950726,-0.37709120036617855
9843_WDR77_P1P2_ENSG00000116455,WDR77,0.41485043764484014,0.07094381217281431,-0.34390662547202583
7521_RPS29_P1_ENSG00000213741,RPS29,0.4141523463234035,0.07023427789451704,-0.34391806842888645
5748_NOP2_P1P2_ENSG00000111641,NOP2,0.4135963575863625,0.15118647087163306,-0.2624098867147294
8599_SUPT6H_P1P2_ENSG00000109111,SUPT6H,0.41352996224442595,0.1640162879109745,-0.24951367433345148
8744_TBRG4_P1P2_ENSG00000136270,TBRG4,0.41335460780141375,0.13426088998472843,-0.2790937178166853
7525_RPS3_P1_ENSG00000149273,RPS3,0.41218927334186073,0.06474677420007911,-0.3474424991417816
7484_RPLP2_P1P2_ENSG00000177600,RPLP2,0.41086243500225605,0.19262236176732994,-0.2182400732349261
1483_CENPJ_P1P2_ENSG00000151849,CENPJ,0.4106846405343441,0.07643587065220482,-0.3342487698821393
6238_PFDN2_P1P2_ENSG00000143256,PFDN2,0.41057810707297704,0.06267788965679341,-0.34790021741618365
629_ATIC_P1P2_ENSG00000138363,ATIC,0.41024256697421363,0.06213637633455008,-0.3481061906396635
8943_TLCD1_P1P2_ENSG00000160606,TLCD1,0.41017536707001157,0.12291137805524663,-0.28726398901476496
490_ARID3A_P1P2_ENSG00000116017,ARID3A,0.4094950088848127,0.12454249715577939,-0.2849525117290333
9249_TRAPPC4_P1P2_ENSG00000196655,TRAPPC4,0.40913615420100835,0.10469628693930377,-0.3044398672617046
6481_PMPCB_P2_ENSG00000105819,PMPCB,0.4086747663860092,-0.06944630009757424,-0.47812106648358343
10104_ZFR_P1P2_ENSG00000056097,ZFR,0.4082416297389142,0.07189879875138382,-0.3363428309875304
1636_CLASRP_P1P2_ENSG00000104859,CLASRP,0.4081763295815257,0.21745656759502413,-0.19071976198650162
9033_TMEM199_P1P2_ENSG00000244045,TMEM199,0.4077501797872708,0.0478348576680317,-0.3599153221192391
6525_POLG2_P1P2_ENSG00000256525,POLG2,0.4074753828023954,-0.05095235492503688,-0.4584277377274323
5550_NDUFAF7_P1P2_ENSG00000003509,NDUFAF7,0.406933107795435,0.1109839145238905,-0.2959491932715445
3946_HSCB_P1P2_ENSG00000100209,HSCB,0.4068740096647985,0.1313276084747295,-0.27554640119006896
5365_MYBBP1A_P1P2_ENSG00000132382,MYBBP1A,0.4068649997139864,0.12121446761648944,-0.28565053209749697
9621_URI1_P1P2_ENSG00000105176,URI1,0.40671801979002337,0.1432439380873075,-0.26347408170271586
140_ADAT3_P2_ENSG00000213638,ADAT3,0.40527812990537104,0.11937585275695196,-0.2859022771484191
3866_HNRNPH1_P1P2_ENSG00000169045,HNRNPH1,0.40453504459847156,0.15615422299416487,-0.2483808216043067
3570_GTF2E2_P1P2_ENSG00000197265,GTF2E2,0.404352242559991,0.08995700283004061,-0.3143952397299504
7515_RPS26_P1P2_ENSG00000197728,RPS26,0.40325104392711053,0.036927665966241946,-0.36632337796086856
640_ATP11B_P1P2_ENSG00000058063,ATP11B,0.40253298712617147,0.1349623268675578,-0.26757066025861365
2733_ESPN_P1_ENSG00000187017,ESPN,0.40217891780709925,0.20753422161760288,-0.19464469618949637
5741_NOMO1_P1P2_ENSG00000103512,NOMO1,0.4018070776515089,0.14451219265322154,-0.25729488499828734
5267_MRPS6_P1P2_ENSG00000243927,MRPS6,0.40175621739769446,0.05510328227925614,-0.3466529351184383
592_INTS13_P1P2_ENSG00000064102,INTS13,0.4007785572431302,0.09283714518225161,-0.3079414120608786
2005_CYP2A13_P1P2_ENSG00000197838,CYP2A13,0.40053927382115834,0.059275971383805214,-0.34126330243735314
9820_WDR43_P1P2_ENSG00000163811,WDR43,0.39984494808048276,0.11809646427226415,-0.2817484838082186
6237_PFDN1_P1P2_ENSG00000113068,PFDN1,0.39926429376786976,-0.04254827059876492,-0.4418125643666347
7500_RPS12_P1P2_ENSG00000112306,RPS12,0.39845640507866215,0.10410922576752514,-0.294347179311137
237_AKIRIN2_P1P2_ENSG00000135334,AKIRIN2,0.3978472590807691,0.07708973533663145,-0.3207575237441377
10463_ZNF574_P1_ENSG00000105732,ZNF574,0.3976731770657568,0.06936330179398432,-0.32830987527177247
5970_ORC6_P1P2_ENSG00000091651,ORC6,0.39674278233005333,0.05983924645638076,-0.33690353587367255
2225_UTP25_P1P2_ENSG00000117597,UTP25,0.3965444790815957,0.052798055005612646,-0.34374642407598305
7198_RCC1_P1_ENSG00000180198,RCC1,0.3953060814724342,0.07177936216816275,-0.3235267193042714
9973_ZBTB17_P1P2_ENSG00000116809,ZBTB17,0.39496252976805246,0.1200798200758657,-0.27488270969218676
6533_POLR1A_P1P2_ENSG00000068654,POLR1A,0.39456445045831345,0.05127574465673252,-0.34328870580158094
6963_PWP2_P1P2_ENSG00000241945,PWP2,0.39353889499481143,0.07609982874008915,-0.3174390662547223
1898_CSNK1A1_P1P2_ENSG00000113712,CSNK1A1,0.393108145105766,0.07366656140053178,-0.31944158370523423
10040_ZCCHC9_P1P2_ENSG00000131732,ZCCHC9,0.39248430881882496,0.07848957257897893,-0.31399473623984603
9053_TMEM240_P1P2_ENSG00000205090,TMEM240,0.3922165601538804,0.03484157445757409,-0.3573749856963063
2155_DENR_P1P2_ENSG00000139726,DENR,0.39193065329502075,0.060508293757313064,-0.3314223595377077
1591_CHORDC1_P1P2_ENSG00000110172,CHORDC1,0.3919165645079164,0.2216110375597508,-0.1703055269481656
6574_POP1_P1P2_ENSG00000104356,POP1,0.3918927437314228,0.0762845505743088,-0.31560819315711397
3630_HAPLN2_P1P2_ENSG00000132702,HAPLN2,0.3914187332012863,0.07970114537659029,-0.311717587824696
1788_COPZ1_P1_ENSG00000111481,COPZ1,0.39118752785556465,0.07909232245448533,-0.3120952054010793
4942_MED1_P1P2_ENSG00000125686,MED1,0.3908722618921596,0.12882854979695285,-0.26204371209520677
1929_CTDP1_P1P2_ENSG00000060069,CTDP1,0.3907501548084858,0.07588575384727285,-0.31486440096121293
5232_MRPL49_P1P2_ENSG00000149792,MRPL49,0.3906199374035249,0.0629623106727741,-0.32765762673075083
3567_GTF2A2_P1P2_ENSG00000140307,GTF2A2,0.390248519178361,0.1476463907883832,-0.24260212838997777
9012_TMEM161B_P1P2_ENSG00000164180,TMEM161B,0.389636223486836,0.08129430793585299,-0.308341915550983
1260_CCDC144A_P1P2_ENSG00000170160,CCDC144A,0.3895428923520581,0.0547677464543533,-0.3347751458977048
1320_CCND1_P1_ENSG00000110092,CCND1,0.38949597964801586,0.07159919511889135,-0.3178967845291245
5732_NOL10_P1P2_ENSG00000115761,NOL10,0.3893305462865295,0.11754887790341738,-0.27178166838311213
8649_TADA2B_P1P2_ENSG00000173011,TADA2B,0.3889416365891641,0.137013498358241,-0.2519281382309231
1040_C1orf131_P1P2_ENSG00000143633,C1orf131,0.38892926109755777,0.08394013190657164,-0.30498912919098614
8458_SSRP1_P1P2_ENSG00000149136,SSRP1,0.387262628503596,0.15665271890295238,-0.23060990960064362
2088_DDB1_P2_ENSG00000167986,DDB1,0.3870732635928017,0.08310255756235999,-0.3039707060304417
2695_ERCC3_P1P2_ENSG00000163161,ERCC3,0.3864334138237547,0.05870712935184542,-0.32772628447190927
3572_GTF2F2_P1P2_ENSG00000188342,GTF2F2,0.38637721072743036,0.08171992728538542,-0.30465728344204496
3291_GATA1_P1P2_ENSG00000102145,GATA1,0.3860028861405224,0.080533152761413,-0.30546973337910943
5993_OTOP1_P1P2_ENSG00000163982,OTOP1,0.38584010128477275,-0.07785139659828359,-0.46369149788305636
9302_TRMT10C_P1P2_ENSG00000174173,TRMT10C,0.38545524660906194,0.14246405768584025,-0.24299118892322172
6110_PCBP1_P1P2_ENSG00000169564,PCBP1,0.3854083020074547,0.0967826011263439,-0.2886257008811108
9687_UTP6_P1P2_ENSG00000108651,UTP6,0.3847402402996478,0.12735381164648096,-0.25738642865316685
6879_PSME2_P1P2_ENSG00000100911,PSME2,0.3843978809666461,0.08000378553238378,-0.3043940954342623
1107_C6orf15_P1P2_ENSG00000204542,C6orf15,0.3841625534336953,0.06771902442579615,-0.3164435290078992
2124_DDX47_P1P2_ENSG00000213782,DDX47,0.38377217721267154,0.08019053171547345,-0.30358164549719807
9679_UTP11_P1P2_ENSG00000183520,UTP11,0.3830942200317198,0.049840987396403635,-0.33325323263531614
4379_KIF18A_P1P2_ENSG00000121621,KIF18A,0.3828142828129704,0.06240004777463433,-0.3204142350383361
9340_TSFM_P1P2_ENSG00000123297,TSFM,0.3826873928663115,0.10821662962108447,-0.274470763245227
6486_PNISR_P1_ENSG00000132424,PNISR,0.3826593942381794,0.15584854631507444,-0.22681084792310494
9430_TUFM_P1P2_ENSG00000178952,TUFM,0.38243979314399484,-0.07004904997307054,-0.4524888431170654
9618_URB2_P1P2_ENSG00000135763,URB2,0.38152408560484896,0.09439741207240575,-0.2871266735324432
9390_TTC4_P1P2_ENSG00000243725,TTC4,0.380940035730191,0.09666265845590025,-0.28427737727429075
6493_PNO1_P1P2_ENSG00000115946,PNO1,0.3802041957228678,0.04902213827922153,-0.33118205744364626
7312_RIOK2_P1P2_ENSG00000058729,RIOK2,0.37984956656328267,0.08106251999044616,-0.2987870465728365
3693_HERC1_P1P2_ENSG00000103657,HERC1,0.37940037338276134,0.14639888579836727,-0.2330014875843941
7445_RPL21_P1P2_ENSG00000122026,RPL21,0.37891083116972263,0.09097170770021508,-0.28793912346950756
9362_TSPYL5_P1P2_ENSG00000180543,TSPYL5,0.37880467603157136,0.06157158300032882,-0.31723309303124253
9303_TRMT112_P1P2_ENSG00000173113,TRMT112,0.3785236945323347,0.09290749130541937,-0.28561620322691533
1960_CUL1_P1P2_ENSG00000055130,CUL1,0.37806230015018294,0.14609067868319367,-0.23197162146698924
1323_CCND3_P1P2_ENSG00000112576,CCND3,0.37793863119762117,-0.070201888312624,-0.4481405195102452
7539_RPS9_P1P2_ENSG00000170889,RPS9,0.3775091285451381,0.10536128554250335,-0.2721478430026347
7891_SHC1_P2_ENSG00000160691,SHC1,0.377077174297076,0.039464175098079174,-0.3376129991989968
5216_MRPL34_P1P2_ENSG00000130312,MRPL34,0.37697136867703296,0.059429315810570614,-0.31754205286646237
4394_KIF4A_P1P2_ENSG00000090889,KIF4A,0.3768634229317711,0.05619744284251288,-0.32066598008925823
6829_PRSS50_P1_nan,PRSS50,0.3768189483068036,0.08484046106569604,-0.2919784872411076
8741_TBP_P1P2_ENSG00000112592,TBP,0.3761708798759297,0.17789876636179316,-0.19827211351413654
1918_CSTF3_P1P2_ENSG00000176102,CSTF3,0.37616288182156715,0.10950765811175757,-0.2666552237098096
6488_PNKP_P1P2_ENSG00000039650,PNKP,0.37548695194296444,0.09420762936600857,-0.28127932257695587
9513_UBE2N_P1P2_ENSG00000177889,UBE2N,0.3754815252216912,0.07928058689922465,-0.2962009383224666
6210_PEF1_P1P2_ENSG00000162517,PEF1,0.3754742396158258,0.04658077354419015,-0.32889346607163567
9443_TWISTNB_P1P2_ENSG00000105849,TWISTNB,0.3745342154285195,0.08245274157567174,-0.2920814738528478
4780_MAK16_P1P2_ENSG00000198042,MAK16,0.3743510067134216,0.08744174936131886,-0.2869092573521027
6545_POLR2E_P2_ENSG00000099817,POLR2E,0.3743249740595351,0.06315664816412059,-0.3111683258954145
7453_RPL26_P1P2_ENSG00000161970,RPL26,0.3735985066554207,0.12034298542873333,-0.2532555212266874
6521_POLE2_P1P2_ENSG00000100479,POLE2,0.37352696333108276,0.09915918669759599,-0.27436777663348677
8942_TKT_P1_ENSG00000163931,TKT,0.37318214837186525,0.04863700590704959,-0.32454514246481564
7422_RPAP1_P1P2_ENSG00000103932,RPAP1,0.3731038795254087,0.10711234731348125,-0.26599153221192745
10611_ZNF763_P1P2_ENSG00000197054,ZNF763,0.37277703575280985,0.07175861259226053,-0.30101842316054933
7537_RPS7_P1P2_ENSG00000171863,RPS7,0.3727138757554009,0.060298267562241104,-0.3124156081931598
8916_TIMM13_P1P2_ENSG00000099800,TIMM13,0.37270606505581183,0.10527272027951987,-0.267433344776292
8660_TAF1D_P1_ENSG00000166012,TAF1D,0.3726978010494111,0.07013457871275718,-0.3025632223366539
3370_GINS2_P1P2_ENSG00000131153,GINS2,0.3726932069310752,0.07365441530731676,-0.29903879162375846
4312_POGLUT3_P1P2_ENSG00000178202,POGLUT3,0.3725215702919713,0.0658960982699962,-0.3066254720219751
8931_TINF2_P1P2_ENSG00000092330,TINF2,0.3717307145908848,0.049714465592141294,-0.3220162489987435
2058_DCAF6_P1P2_ENSG00000143164,DCAF6,0.371653821856906,0.034944816249852795,-0.3367090056070532
517_ARL6IP6_P1P2_ENSG00000177917,ARL6IP6,0.37155569420365,0.09838942804047093,-0.2731662661631791
4952_MED29_P1P2_ENSG00000063322,MED29,0.3711829130350752,0.12145182252128325,-0.249731090513792
1152_CAD_P1P2_ENSG00000084774,CAD,0.3711278196474723,-0.052730745405740194,-0.4238585650532125
585_GET3_P1P2_ENSG00000198356,GET3,0.37055171348317417,0.041051770697954106,-0.32949994278522005
5556_NDUFB4_P1P2_ENSG00000065518,NDUFB4,0.3704337994702046,0.027591368986165314,-0.3428424304840393
4001_HYPK_P1P2_ENSG00000242028,HYPK,0.37040378806389973,0.06358378577530514,-0.3068200022885946
9236_TRAIP_P1P2_ENSG00000183763,TRAIP,0.3700654848644488,-0.04979948824460577,-0.4198649731090546
2460_ECD_P1P2_ENSG00000122882,ECD,0.3698847511642846,0.06498716562817809,-0.3048975855361065
9250_TRAPPC5_P1P2_ENSG00000181029,TRAPPC5,0.3698114312010329,0.1234903418315356,-0.24632108936949726
7713_SDAD1_P1P2_ENSG00000198301,SDAD1,0.3697955279010463,0.1321024280040306,-0.2376930998970157
8389_SPTSSA_P1P2_ENSG00000165389,SPTSSA,0.3696096175176098,0.07057082589385125,-0.2990387916237585
3319_GCLC_P1P2_ENSG00000001084,GCLC,0.3695395405431934,-0.04254422190102531,-0.4120837624442187
9117_TMX2_P1P2_ENSG00000213593,TMX2,0.3692435920313705,0.0872433631722298,-0.2820002288591407
7569_RRS1_P1P2_ENSG00000179041,RRS1,0.36881049252861087,0.07861710655767445,-0.2901933859709364
8109_SLC7A6OS_P1P2_ENSG00000103061,SLC7A6OS,0.36797024625932667,-0.08622359742988588,-0.45419384368921256
2073_DCTN1_P1P2_ENSG00000204843,DCTN1,0.3672494853577753,0.060349382371161935,-0.30690010298661335
2582_ELAC2_P1P2_ENSG00000006744,ELAC2,0.3660803844487608,0.10335009494195083,-0.26273028950680993
8647_TADA1_P1P2_ENSG00000152382,TADA1,0.3660113996359256,0.13501242950203823,-0.23099897013388737
8658_TAF1C_P1P2_ENSG00000103168,TAF1C,0.36540119664022536,0.08550647184333636,-0.279894724796889
7508_RPS19BP1_P1P2_ENSG00000187051,RPS19BP1,0.3650934938749147,0.09595514852647524,-0.26913834534843945
4958_MED8_P1P2_ENSG00000159479,MED8,0.365035312330258,0.05478242298364771,-0.31025288934661027
2778_EXOC1_P1P2_ENSG00000090989,EXOC1,0.3650027554424998,-0.04274412635175953,-0.40774688179425933
6564_POLR3K_P1P2_ENSG00000161980,POLR3K,0.36495860781971434,0.14800014575311518,-0.21695846206659913
10231_ZNF236_P1P2_ENSG00000130856,ZNF236,0.3648636511251483,0.125785953448066,-0.2390776976770823
1120_CYREN_P1P2_ENSG00000122783,CYREN,0.3648599922170732,0.1391476681525314,-0.22571232406454184
9429_TUBGCP6_P1P2_ENSG00000128159,TUBGCP6,0.36479410529040707,0.07756444514622385,-0.2872296601441832
5904_NUP98_P1P2_ENSG00000110713,NUP98,0.3647363591579551,0.09396167097852667,-0.27077468817942846
8750_TBX1_P1P2_ENSG00000184058,TBX1,0.36469356315114904,0.09645921139465323,-0.2682343517564958
6916_PTMA_P1P2_ENSG00000187514,PTMA,0.3646414367237426,0.046298376877076566,-0.31834305984666605
674_ATP6V0B_P1P2_ENSG00000117410,ATP6V0B,0.36456802749596523,0.07746423987724306,-0.2871037876187222
1976_CWF19L2_P1P2_ENSG00000152404,CWF19L2,0.36439191720569003,0.10071186227949423,-0.2636800549261958
2988_FBL_P1P2_ENSG00000105202,FBL,0.36376214932640016,-0.05025547282716691,-0.4140176221535671
2614_EMC4_P1P2_ENSG00000128463,EMC4,0.3635406759701025,0.08889826837197716,-0.2746424075981253
9656_USP39_P1_ENSG00000168883,USP39,0.3631736063076281,0.08370227091455967,-0.27947133539306845
7536_RPS6_P1P2_ENSG00000137154,RPS6,0.3631559377309423,0.07498795512423362,-0.2881679826067087
8927_TIMM9_P1P2_ENSG00000100575,TIMM9,0.3628142111720001,0.1299500390699277,-0.2328641721020724
5489_NCAPG2_P1P2_ENSG00000146918,NCAPG2,0.36269952228800056,0.07544697623009627,-0.2872525460579043
679_ATP6V1A_P1P2_ENSG00000114573,ATP6V1A,0.3624405444463598,-0.05091338620932524,-0.41335393065568504
5583_NEDD1_P1P2_ENSG00000139350,NEDD1,0.36236592397969425,0.09938388942196208,-0.26298203455773217
5233_MRPL4_P1P2_ENSG00000105364,MRPL4,0.3616474050810079,0.045066560590787084,-0.31658084449022084
6902_PTCD3_P1P2_ENSG00000132300,PTCD3,0.3610010803143095,0.08259393990922735,-0.27840714040508213
4944_MED21_P1P2_ENSG00000152944,MED21,0.360276064214763,0.08099925908831365,-0.27927680512644937
3969_HSP90B1_P1P2_ENSG00000166598,HSP90B1,0.3598751892813118,0.08071281372346316,-0.2791623755578486
9652_USP36_P1P2_ENSG00000055483,USP36,0.35986209738006525,0.036472693558115464,-0.3233894038219498
7456_RPL28_P1P2_ENSG00000108107,RPL28,0.3597578924063448,0.09970525480478426,-0.26005263760156055
5488_NCAPD3_P1P2_ENSG00000151503,NCAPD3,0.3597393976548834,0.06607879575534942,-0.29366060189953397
9245_TRAPPC1_P1P2_ENSG00000170043,TRAPPC1,0.3597336010538556,0.1078512346503746,-0.251882366403481
5909_NVL_P1P2_ENSG00000143748,NVL,0.359088359101851,0.10135864174288259,-0.2577297173589684
3229_FXN_P1P2_ENSG00000165060,FXN,0.35875750106558796,0.13947611875639654,-0.21928138230919142
1441_CDK7_P1P2_ENSG00000134058,CDK7,0.35857117938421146,0.11774270930753916,-0.2408284700766723
647_ATP2A2_P1P2_ENSG00000174437,ATP2A2,0.35754282993011566,0.07430676173009033,-0.28323606820002534
6219_PES1_P1P2_ENSG00000100029,PES1,0.35747278547869826,0.11316565651657316,-0.2443071289621251
9841_WDR75_P1P2_ENSG00000115368,WDR75,0.3573623320912629,0.055474244209351535,-0.30188808788191135
7455_RPL27_P1P2_ENSG00000131469,RPL27,0.35700320231698585,0.13212621410322933,-0.2248769882137565
897_BRF2_P1P2_ENSG00000104221,BRF2,0.3568648338327393,0.051566744806533324,-0.305298089026206
5828_NSMCE1_P1P2_ENSG00000169189,NSMCE1,0.3563970584083061,0.031634499763149956,-0.32476255864515613
4955_MED4_P1P2_ENSG00000136146,MED4,0.3559294606442912,0.07175506998174047,-0.28417439066255074
1819_COX6C_P1P2_ENSG00000164919,COX6C,0.35590302868010626,-0.08695084476079376,-0.4428538734409
4954_MED31_P1P2_ENSG00000108590,MED31,0.35586633598437606,0.11484333564108466,-0.24102300034329138
2125_DDX49_P1P2_ENSG00000105671,DDX49,0.3557283913416508,0.1034912932755076,-0.2522370980661432
1609_CIAO1_P1P2_ENSG00000144021,CIAO1,0.35522152944458457,0.16592069410873136,-0.1893008353358532
5735_NOL6_P1P2_ENSG00000165271,NOL6,0.35476700134386413,-0.07870364747179266,-0.4334706488156568
9816_WDR36_P1P2_ENSG00000134987,WDR36,0.35411574670045703,0.04778779155684631,-0.3063279551436107
8994_TMEM127_P1P2_ENSG00000135956,TMEM127,0.35369521890452266,0.08407626936796013,-0.2696189495365625
9867_WNK1_P1P2_ENSG00000060237,WNK1,0.3536381972082153,-0.038054216111388546,-0.39169241331960386
2827_FAM102B_P1P2_ENSG00000162636,FAM102B,0.3530209625015444,0.047802974173357445,-0.305217988328187
1284_CCDC59_P1P2_ENSG00000133773,CCDC59,0.35298968064779807,0.12283748932155676,-0.23015219132624132
8578_SUGT1_P1P2_ENSG00000165416,SUGT1,0.3527701620425214,0.06622707930994125,-0.2865430827325801
5745_NOP10_P1P2_ENSG00000182117,NOP10,0.3524611798998475,0.09767230245391109,-0.2547888774459364
6323_PIAS4_P1P2_ENSG00000105229,PIAS4,0.3520459811171778,0.08049317187126669,-0.2715528092459111
9479_UBA2_P1P2_ENSG00000126261,UBA2,0.3520120826552714,0.08904149105439983,-0.26297059160087155
6138_PCNX3_P1P2_ENSG00000197136,PCNX3,0.3515813540312605,0.12828349386419025,-0.22329786016707026
1429_CDK1_P1P2_ENSG00000170312,CDK1,0.35148264666231566,0.06758288696440823,-0.28389975969790743
2450_EARS2_P1P2_ENSG00000103356,EARS2,0.351058349880424,0.038757171255864774,-0.31230117862455925
5253_MRPS23_P1P2_ENSG00000181610,MRPS23,0.3497864505136318,0.05017551104687054,-0.29961093946676126
9814_WDR33_P1P2_ENSG00000136709,WDR33,0.3493066232640693,0.10659006530549103,-0.24271655795857827
952_NKAPD1_P1P2_ENSG00000150776,NKAPD1,0.34927189442302076,0.06292334195706012,-0.28634855246596064
6026_PABPN1_P1P2_ENSG00000100836,PABPN1,0.3491614642811837,0.1079782625418496,-0.24118320173933414
9481_UBA52_P2_ENSG00000221983,UBA52,0.3480507674701324,0.08092638252906037,-0.26712438494107205
2788_EXOSC1_P1P2_ENSG00000171311,EXOSC1,0.34735658502527905,0.09922750847189421,-0.24812907655338484
9971_ZBTB14_P1P2_ENSG00000198081,ZBTB14,0.34672416224684566,0.14551120881967702,-0.20121295342716866
7247_RFC3_P1P2_ENSG00000133119,RFC3,0.34658332058925134,0.07041899972873741,-0.27616432086051396
2734_ESPN_P2_ENSG00000187017,ESPN,0.34650856794574647,-0.07427184171211246,-0.4207804096578589
1737_COASY_P1P2_ENSG00000068120,COASY,0.34626438324366227,0.16408106707476283,-0.1821833161688994
6700_PPP6C_P1P2_ENSG00000119414,PPP6C,0.3462489407557991,0.15967152915263763,-0.18657741160316146
1610_CIAPIN1_P1P2_ENSG00000005194,CIAPIN1,0.34611138350521475,0.09652905143060493,-0.2495823320746098
8654_TAF13_P1P2_ENSG00000197780,TAF13,0.346057228142356,0.1680963630548155,-0.1779608650875405
5490_NCAPG_P1P2_ENSG00000109805,NCAPG,0.34600004529037903,0.05039414072463611,-0.2956059045657429
5726_NOB1_P1P2_ENSG00000141101,NOB1,0.34558569471196465,0.1350696173575719,-0.21051607735439276
10703_ZNRD1_P1P2_ENSG00000066379,ZNRD1,0.3453777665637375,0.06524273967278688,-0.2801350268909506
6372_PIP4K2C_P1P2_ENSG00000166908,PIP4K2C,0.3447452685932121,0.097062467357369,-0.24768280123584308
6670_PPP1R37_P1P2_ENSG00000104866,PPP1R37,0.3445944315654063,0.07954122181600419,-0.2650532097494021
1589_CHMP7_P1P2_ENSG00000147457,CHMP7,0.34330341412419796,0.10317296441598954,-0.2401304497082084
4117_INF2_P1P2_ENSG00000203485,INF2,0.34322950819084286,0.14292054835561802,-0.20030895983522484
6681_PPP2R1A_P1_ENSG00000105568,PPP2R1A,0.34272144839766794,0.1218723809986509,-0.22084906739901705
901_BRIX1_P1P2_ENSG00000113460,BRIX1,0.3426390972533134,0.11503868530686523,-0.22760041194644814
7939_SKA3_P1P2_ENSG00000165480,SKA3,0.34252484687399215,0.07895922151639678,-0.26356562535759537
1770_COPA_P1P2_ENSG00000122218,COPA,0.34239177953606725,0.14413110897879114,-0.1982606705572761
8406_SRF_P1P2_ENSG00000112658,SRF,0.3422993643270669,0.14684221820050639,-0.19545714612656054
1924_CTBP2_P1P2_ENSG00000175029,CTBP2,0.3422429315196263,0.07206327709692158,-0.27017965442270475
7176_RBM42_P1P2_ENSG00000126254,RBM42,0.3421071141110504,0.11038723769498326,-0.23171987641606712
9594_UNC50_P1P2_ENSG00000115446,UNC50,0.3420998698538814,0.12168563481554535,-0.22041423503833604
4994_METTL16_P1P2_ENSG00000127804,METTL16,0.34207178164850416,0.09724971962767417,-0.24482206202083
8395_SRA1_P1P2_ENSG00000213523,SRA1,0.34191200475419015,0.07570305636192222,-0.26620894839226794
2078_DCTN6_P1P2_ENSG00000104671,DCTN6,0.34151507299242995,0.05542970853425196,-0.286085364458178
8227_SNRPC_P1P2_ENSG00000124562,SNRPC,0.3414650220611899,-0.10473019478284638,-0.4461952168440363
9159_TOE1_P1P2_ENSG00000132773,TOE1,0.3413997196105219,-0.06497400736053116,-0.40637372697105306
6543_POLR2D_P2_ENSG00000144231,POLR2D,0.34127153121049747,-0.06005585178527172,-0.4013273829957692
1533_CFDP1_P2_ENSG00000153774,CFDP1,0.3406597705849938,-0.0924904754385825,-0.4331502460235763
7593_RTTN_P1P2_ENSG00000176225,RTTN,0.3406356457739319,0.14454913702006597,-0.19608650875386593
5476_NBAS_P1P2_ENSG00000151779,NBAS,0.3406355322908773,0.06048906244306621,-0.28014646984781105
2353_DPM2_P1P2_ENSG00000136908,DPM2,0.3404952277841352,0.03973999263136868,-0.30075523515276653
2554_EIF3J_P1P2_ENSG00000104131,EIF3J,0.34019832585472964,0.09241253800714655,-0.24778578784758307
7479_RPL7_P1P2_ENSG00000147604,RPL7,0.33988815585777765,0.12487499645738749,-0.21501315940039017
7246_RFC2_P1P2_ENSG00000049541,RFC2,0.3398022536941867,0.06343195961019299,-0.2763702940839937
103_ACSS2_P1P2_ENSG00000131069,ACSS2,0.3397610686882554,0.07175557606896064,-0.26800549261929474
6536_POLR1C_P1_ENSG00000171453,POLR1C,0.33955163489145485,0.08383587793985381,-0.25571575695160104
7245_RFC1_P1P2_ENSG00000035928,RFC1,0.33951020846472235,-0.10646759219897335,-0.4459778006636957
6485_PNISR_P2_ENSG00000132424,PNISR,0.33912917135101384,0.07154706813553949,-0.2675821032154744
6922_PTPMT1_P1P2_ENSG00000110536,PTPMT1,0.33907470420507074,0.04678725712874328,-0.2922874470763275
8818_TERF1_P1P2_ENSG00000147601,TERF1,0.338929226628727,-0.059320000971688554,-0.39824922760041553
6149_PC_P1P2_ENSG00000173599,PC,0.3387665458396581,0.03798842477317039,-0.3007781210664877
3566_GTF2A1_P1P2_ENSG00000165417,GTF2A1,0.33853750383001124,0.17687140931118298,-0.16166609451882824
4474_KRT10_P1_ENSG00000186395,KRT10,0.33822998949664174,0.047350026114102155,-0.2908799633825396
9258_TRIAP1_P1P2_ENSG00000170855,TRIAP1,0.3379513470133446,0.050492827731960385,-0.2874585192813842
7514_RPS25_P1P2_ENSG00000118181,RPS25,0.33758423826071465,-0.046018004558833536,-0.3836022428195482
6716_PRC1_P1P2_ENSG00000198901,PRC1,0.337576285377203,0.10592506670229439,-0.23165121867490865
9758_VPS41_P2_ENSG00000006715,VPS41,0.33734865519975443,0.07707860141785335,-0.2602700537819011
8648_TADA2A_P1P2_ENSG00000276234,TADA2A,0.3371970954731315,0.18732868947701808,-0.1498684059961134
5750_NOP58_P1P2_ENSG00000055044,NOP58,0.33685041092732454,-0.041373642167998805,-0.37822405309532336
3568_GTF2B_P1P2_ENSG00000137947,GTF2B,0.33588455565234654,0.04225828262339429,-0.2936262730289522
5427_NAA25_P1P2_ENSG00000111300,NAA25,0.3355927068118233,0.12979112768377332,-0.20580157912805
3830_HMGB3_P1P2_ENSG00000029993,HMGB3,0.3350286880881353,-0.07327889859226605,-0.40830758668040135
6537_POLR1D_P1_ENSG00000186184,POLR1D,0.3350246628792383,0.10129082605579882,-0.23373383682343948
5190_MRGBP_P1P2_ENSG00000101189,MRGBP,0.334711513378492,0.06739259817080041,-0.2673189152076916
4043_IFITM3_P1P2_ENSG00000142089,IFITM3,0.3346630917944354,-0.0738619110663065,-0.4085250028607419
9691_UXT_P1P2_ENSG00000126756,UXT,0.3344505035436822,0.08835827331138568,-0.2460922302322965
2328_DOHH_P1P2_ENSG00000129932,DOHH,0.33439593924568245,-0.054904896090170775,-0.38930083533585325
8963_TMA16_P1P2_ENSG00000198498,TMA16,0.33375193688595217,0.09726034745923973,-0.23649158942671247
7424_RPAP3_P1P2_ENSG00000005175,RPAP3,0.3337101137896921,0.07618636965420374,-0.2575237441354884
9853_WDR92_P1P2_ENSG00000243667,WDR92,0.3336291247548394,0.12280408756522668,-0.21082503718961274
6748_PRIM2_P1P2_ENSG00000146143,PRIM2,0.3335371241447272,0.13194655314117518,-0.20159057100355202
3741_HIRA_P1_ENSG00000100084,HIRA,0.33323950180982,0.08485868020551318,-0.2483808216043068
7656_SARS2_P1P2_ENSG00000104835,SARS2,0.3331753530225762,-0.04471685432380607,-0.3778922073463823
9218_TPT1_P1P2_ENSG00000133112,TPT1,0.33307121059310274,0.13128610932293172,-0.20178510127017102
3042_FCF1_P1P2_ENSG00000119616,FCF1,0.3323710826919251,0.06629944978197871,-0.2660716329099464
5292_MST1_ENST00000449682.2_ENSG00000173531,MST1,0.3323324252033441,0.046029644564825604,-0.2863027806385185
7909_SIGLEC14_P1P2_ENSG00000254415,SIGLEC14,0.33199866692075186,0.11374715072896513,-0.2182515161917867
4507_LAMTOR3_P1P2_ENSG00000109270,LAMTOR3,0.33155065544434514,0.07614385832796897,-0.2554067971163762
8898_THUMPD1_P1P2_ENSG00000066654,THUMPD1,0.33149985947210436,0.0887489726429447,-0.24275088682915968
6279_PHF10_P1P2_ENSG00000130024,PHF10,0.33147224642927847,-0.04422291319997259,-0.37569515962925104
1029_C1D_P1P2_ENSG00000197223,C1D,0.331356648186625,0.14471057884230495,-0.18664606934432007
1334_CCNL1_P1P2_ENSG00000163660,CCNL1,0.33091938549540967,0.11159223135877612,-0.21932715413663353
2471_ECT2_P1P2_ENSG00000114346,ECT2,0.3309110090830971,0.07239172770078563,-0.2585192813823115
5144_MOG_P1P2_ENSG00000204655,MOG,0.33058180412608285,-0.12418418740613249,-0.45476599153221536
7460_RPL32_P1P2_ENSG00000144713,RPL32,0.33036447575092515,0.13885514974108032,-0.19150932600984483
4480_KRTAP4-2_P1P2_ENSG00000244537,KRTAP4-2,0.3299655556727403,0.06882583716947727,-0.261139718503263
7476_RPL6_P1P2_ENSG00000089009,RPL6,0.32971911027402845,0.1304743454267899,-0.19924476484723852
9043_TMEM214_P1P2_ENSG00000119777,TMEM214,0.32960391346122064,0.12737253687350783,-0.2022313765877128
4805_MAP2K7_P1P2_ENSG00000076984,MAP2K7,0.32912980438915307,0.054224208783244965,-0.2749055956059081
3862_HNRNPDL_P1P2_ENSG00000152795,HNRNPDL,0.32910605824877204,0.1401370686618598,-0.18896898958691222
8601_SUPV3L1_P1P2_ENSG00000156502,SUPV3L1,0.32882994686175726,0.052528310518921865,-0.2763016363428354
7457_RPL29_P1P2_ENSG00000162244,RPL29,0.3287684152733692,0.09244847019955987,-0.23631994507380932
2369_DR1_P1P2_ENSG00000117505,DR1,0.32816236983712893,0.09561860052713694,-0.232543769309992
5205_MRPL21_P1P2_ENSG00000197345,MRPL21,0.32815859640358225,0.09804073394792252,-0.23011786245565974
8325_SPATA5L1_P1P2_ENSG00000171763,SPATA5L1,0.327922257877586,0.12510729049001026,-0.20281496738757576
2113_DDX24_P1P2_ENSG00000089737,DDX24,0.3278706975798704,0.16320654836371215,-0.1646641492161583
10336_ZNF407_ENST00000299687.5_ENSG00000215421,ZNF407,0.32785624999728497,0.059049750397786635,-0.2688064995994983
5220_MRPL38_P1P2_ENSG00000204316,MRPL38,0.3276067109515308,0.06103158793974037,-0.2665751230117904
8169_SMG8_P1P2_ENSG00000167447,SMG8,0.32759114104712417,0.07216145801702686,-0.2554296830300973
9571_UFM1_P1P2_ENSG00000120686,UFM1,0.32747003491466437,0.06203920758887884,-0.26543082732578555
4950_MED27_P1P2_ENSG00000160563,MED27,0.32737861224815784,0.052965063787233695,-0.27441354846092414
1743_COG4_P1P2_ENSG00000103051,COG4,0.327275364097214,0.032230164417613304,-0.29504519967960074
5766_NPEPPS_P1P2_ENSG00000141279,NPEPPS,0.32705521160595086,0.14019172608129035,-0.18686348552466053
4108_IMP4_P1P2_ENSG00000136718,IMP4,0.32699643894865843,0.085435619632946,-0.24156081931571244
2489_EEF2_P2_ENSG00000167658,EEF2,0.32689970061165613,0.09388677007040173,-0.23301293054125438
5734_NOL12_P1P2_ENSG00000273899,NOL12,0.3267859387029204,0.09354414902446487,-0.23324178967845555
3446_GNL3L_P1P2_ENSG00000130119,GNL3L,0.32668834674115665,0.11370059070499425,-0.2129877560361624
4166_IPO9_P1P2_ENSG00000198700,IPO9,0.3266817796992311,0.06549628936852575,-0.26118549033070537
2129_DDX54_P1_ENSG00000123064,DDX54,0.3266502188286347,0.10133839825419712,-0.2253118205744376
5145_MOK_P1P2_ENSG00000080823,MOK,0.32656683250747465,0.06358479794974246,-0.26298203455773217
1129_SPOUT1_P1P2_ENSG00000198917,SPOUT1,0.32614804948760007,0.1107916013814083,-0.21535644810619176
1396_CDC27_P1P2_ENSG00000004897,CDC27,0.3255448004742499,0.06716283457425998,-0.2583819658999899
4116_INCENP_P1P2_ENSG00000149503,INCENP,0.3254370945166889,0.06600237658557308,-0.25943471793111583
9683_UTP18_P1P2_ENSG00000011260,UTP18,0.32515172953424387,0.13675488779033437,-0.18839684174390947
8244_SNX15_P1_ENSG00000110025,SNX15,0.32448238393198914,0.11628922682018845,-0.2081931571118007
676_ATP6V0D1_P1P2_ENSG00000159720,ATP6V0D1,0.3243497267801058,0.07521367002303754,-0.2491360567570683
4953_MED30_P1P2_ENSG00000164758,MED30,0.32380324574187636,0.08457678962561144,-0.23922645611626492
7116_RARS2_P1P2_ENSG00000146282,RARS2,0.3237330219274662,0.060590785973691316,-0.2631422359537749
10736_ZW10_P1P2_ENSG00000086827,ZW10,0.32334998318928854,0.044576668164683704,-0.27877331502460484
8595_SUPT20H_P1P2_ENSG00000102710,SUPT20H,0.32306353838038115,0.16084818193227127,-0.1622153564481099
4897_MCM10_P1P2_ENSG00000065328,MCM10,0.32303875744541166,0.06680806743511057,-0.2562306900103011
6541_POLR2B_P1P2_ENSG00000047315,POLR2B,0.3227143801747654,-0.039375103747883666,-0.36208948392264906
5746_NOP14_P1P2_ENSG00000087269,NOP14,0.3226064145195848,0.05399444518670574,-0.26861196933287906
33_ABCF1_P1_ENSG00000204574,ABCF1,0.32247569380714314,0.12386029158720506,-0.19861540221993806
5492_NCAPH_P1P2_ENSG00000121152,NCAPH,0.3223501954352862,0.06736678772273047,-0.25498340771255573
5084_MIS18BP1_P1P2_ENSG00000129534,MIS18BP1,0.32221133945335867,0.07171357082994456,-0.2504977686234141
9248_TRAPPC3_P1P2_ENSG00000054116,TRAPPC3,0.32199253395675476,0.12670703218309226,-0.1952855017736625
6240_PFDN5_P1P2_ENSG00000123349,PFDN5,0.3217468634813029,0.030580826177259414,-0.29116603730404345
1614_CINP_P1P2_ENSG00000100865,CINP,0.3214495395519422,0.12931085091479688,-0.19213868863714537
1957_CTU2_P1P2_ENSG00000174177,CTU2,0.32122944043178636,0.09350315595987709,-0.22772628447190926
4945_MED22_P1P2_ENSG00000148297,MED22,0.32105465257017235,0.1425445255533503,-0.17851012701682206
2551_EIF3G_P1P2_ENSG00000130811,EIF3G,0.32080931555979364,-0.14482748498947176,-0.4656368005492654
3385_GLB1_P1P2_ENSG00000170266,GLB1,0.32080918595423,0.057598292259296836,-0.26321089369493317
5729_NOC2L_P1P2_ENSG00000188976,NOC2L,0.3203498184922088,0.10819739830683177,-0.212152420185377
7423_RPAP2_P1P2_ENSG00000122484,RPAP2,0.3199866676439155,0.08048558056301253,-0.23950108708090295
5902_NUP88_P1P2_ENSG00000108559,NUP88,0.3199719684249558,0.094282530274135,-0.22568943815082076
9493_UBC_P1P2_ENSG00000150991,UBC,0.31975890226664927,-0.06463290457624195,-0.3843918068428912
6043_PAK1IP1_P1P2_ENSG00000111845,PAK1IP1,0.31969210855259916,-0.052032345046215366,-0.3717244535988145
9428_TUBGCP5_P1P2_ENSG00000275835,TUBGCP5,0.3195365162507643,0.10506117582279517,-0.21447534042796915
5224_MRPL41_P1P2_ENSG00000182154,MRPL41,0.31948947251650883,-0.12019470187415815,-0.439684174390667
8667_TAF6L_P1P2_ENSG00000162227,TAF6L,0.31935341479903784,0.1192847570578745,-0.20006865774116334
1489_CENPP_P1P2_ENSG00000188312,CENPP,0.31933636475024796,0.10108484855846134,-0.2182515161917866
5949_OR1D2_ENST00000331459.1_ENSG00000184166,OR1D2,0.3191511108382018,0.06848169786188467,-0.2506694129763171
686_ATP6V1G1_P1P2_ENSG00000136888,ATP6V1G1,0.31893348947796796,-0.0945234277894572,-0.4134569172674252
4941_MED19_P1P2_ENSG00000156603,MED19,0.3188959304053987,0.0912611895883689,-0.2276347408170298
4472_KRR1_P1P2_ENSG00000111615,KRR1,0.31889453059560724,0.07122317231662466,-0.2476713582789826
9911_XRN2_P1P2_ENSG00000088930,XRN2,0.3187560596082793,0.12528998797536486,-0.19346607163291443
10701_ZNHIT3_P1P2_ENSG00000273611,ZNHIT3,0.3180741948016158,0.0881851914831571,-0.22988900331845868
1119_C7orf26_P1P2_ENSG00000146576,C7orf26,0.317891617783439,-0.051178069823842036,-0.36906968760728104
8464_SSX4_ENST00000376886.2_ENSG00000268009,SSX4,0.31782768974264736,0.07920771033996703,-0.23861997940268034
9482_UBA52_P1_ENSG00000221983,UBA52,0.31777169165246966,0.16630127169594883,-0.1514704199565208
3802_HJURP_P1P2_ENSG00000123485,HJURP,0.3177373109049194,0.060820043483015285,-0.2569172674219041
1475_CENPA_P2_ENSG00000115163,CENPA,0.3174141955687455,0.06830102472539828,-0.24911317084334722
8710_TBC1D1_ENST00000261439.4_ENSG00000065882,TBC1D1,0.3173823042212924,0.1302213018182675,-0.18716100240302488
9616_UQCRQ_P1P2_ENSG00000164405,UQCRQ,0.31672724532392543,-0.05671365180389699,-0.3734408971278224
7832_SF3A2_P2_ENSG00000104897,SF3A2,0.31671674028757796,0.06301494374334922,-0.25370179654422875
2131_DDX55_P1P2_ENSG00000111364,DDX55,0.3166566641386114,0.09855390638600699,-0.2181027577526044
8506_STIL_P1P2_ENSG00000123473,STIL,0.31660106000772215,0.07319792463754071,-0.24340313537018146
8351_SPG7_P1P2_ENSG00000197912,SPG7,0.3161170755461553,-0.05854821796569119,-0.3746652935118465
8869_TGS1_P1P2_ENSG00000137574,TGS1,0.3159021223583514,0.07235022854898783,-0.24355189380936357
9424_TUBG1_P1P2_ENSG00000131462,TUBG1,0.3157865168883702,0.07936358520282087,-0.23642293168554931
758_BANF1_P1P2_ENSG00000175334,BANF1,0.31570968777578723,0.09069538407970894,-0.22501430369607828
874_BOP1_P1_ENSG00000261236,BOP1,0.3151296973356377,0.07315693157296028,-0.24197276576267743
5852_NUBP1_P1P2_ENSG00000103274,NUBP1,0.3149883004588241,0.15558791139829006,-0.15940038906053405
6152_PDCD11_P1P2_ENSG00000148843,PDCD11,0.3149466878239746,0.07148633766949018,-0.24346035015448442
7421_RPAIN_P1P2_ENSG00000129197,RPAIN,0.3143244163246595,0.10158840533941936,-0.21273601098524017
3502_GPN1_P1P2_ENSG00000198522,GPN1,0.3142300524453406,0.09574967711635302,-0.21848037532898756
4862_MASTL_P1P2_ENSG00000120539,MASTL,0.3141977662699459,-0.057835647164088504,-0.3720334134340344
6649_PPP1CA_P2_ENSG00000172531,PPP1CA,0.3141555123827923,0.061575125610847714,-0.2525803867719446
1151_CADM4_P1P2_ENSG00000105767,CADM4,0.3141162635730724,0.1090127048134859,-0.20510355875958647
7668_SBDS_P1P2_ENSG00000126524,SBDS,0.3132422170363509,0.1647698517771648,-0.14847236525918608
3530_GRB2_P2_ENSG00000177885,GRB2,0.3132006044362465,0.06711981716081067,-0.2460807872754358
5272_MRTO4_P1P2_ENSG00000053372,MRTO4,0.31319483386056746,0.1277617179434111,-0.18543311591715633
1350_CCT6A_P1P2_ENSG00000146731,CCT6A,0.31289878534745286,0.08335307073479574,-0.2295457146126571
6686_PPP2R3C_P1P2_ENSG00000092020,PPP2R3C,0.31269948225968036,0.09994058536071912,-0.21275889689896127
7917_SIN3A_P2_ENSG00000169375,SIN3A,0.31227955780726907,0.04742087832448609,-0.26485867948278297
6962_PWP1_P1P2_ENSG00000136045,PWP1,0.3120077546071173,0.11324359394800199,-0.19876416065911534
1365_CD3EAP_P1P2_ENSG00000117877,CD3EAP,0.311978838037895,0.08411523808366402,-0.22786359995423097
5504_NCL_P1_ENSG00000115053,NCL,0.31146802341377394,0.059024952124150855,-0.25244307128962307
7471_RPL39_P1P2_ENSG00000198918,RPL39,0.3111709496614133,0.10883658646196055,-0.20233436319945275
1961_CUL2_P1P2_ENSG00000108094,CUL2,0.3107696396979692,0.06861378662553305,-0.24215585307243614
916_BTAF1_P1P2_ENSG00000095564,BTAF1,0.31018381301068715,0.05164164571465456,-0.2585421672960326
2350_DPH6_P1P2_ENSG00000134146,DPH6,0.3100162956053276,0.04051177563736551,-0.2695045199679621
3588_GTF3C5_P1P2_ENSG00000148308,GTF3C5,0.3100109562027519,0.14496918941021042,-0.16504176679254143
7903_SHQ1_P1P2_ENSG00000144736,SHQ1,0.3096905997629279,0.07132236541116964,-0.23836823435175827
3601_GUK1_P1P2_ENSG00000143774,GUK1,0.30960303069083756,0.13686015393147913,-0.17274287675935843
8430_SRSF11_P2_ENSG00000116754,SRSF11,0.30916864993439125,0.04751399837242327,-0.261654651561968
8226_SNRPB_P1P2_ENSG00000125835,SNRPB,0.30904580229204986,0.08625143222682387,-0.222794370065226
128_ADAM10_P1P2_ENSG00000137845,ADAM10,0.30783600776643516,0.03524188944625889,-0.27259411832017627
5730_NOC3L_P1P2_ENSG00000173145,NOC3L,0.30769449424460243,0.09985606879546388,-0.20783842544913855
751_BAG6_P1P2_ENSG00000204463,BAG6,0.30760992896434436,0.09471371658306135,-0.212896212381283
9923_YBX3_P1P2_ENSG00000060138,YBX3,0.30751907294872927,0.13733941852602455,-0.1701796544227047
9153_TNRC6A_P1P2_ENSG00000090905,TNRC6A,0.3073796127546151,0.06920590866947639,-0.23817370408513872
5673_NIP7_P1P2_ENSG00000132603,NIP7,0.30710147041683206,0.05580269481321438,-0.2512987756036177
9550_UBTF_P1P2_ENSG00000108312,UBTF,0.3069182525980705,-0.0561782115282621,-0.36309646412633256
8040_SLC35A4_P1P2_ENSG00000176087,SLC35A4,0.30667534751659986,0.0663389245849115,-0.24033642293168836
8588_SUMO2_P1P2_ENSG00000188612,SUMO2,0.3065258080734756,0.09509429417027855,-0.21143151390319706
3639_HAUS6_P1P2_ENSG00000147874,HAUS6,0.3057447779697197,0.05245492787245082,-0.2532898500972689
2132_DDX56_P1P2_ENSG00000136271,DDX56,0.3055067963020412,0.10602172936074102,-0.19948506694130017
6047_PALB2_P1P2_ENSG00000083093,PALB2,0.3053101768490235,0.054114387857145715,-0.2511957889918778
3827_HMGB1_P1_ENSG00000189403,HMGB1,0.30516234625378214,-0.0637700258711773,-0.36893237212495944
2785_EXOC8_P1P2_ENSG00000116903,EXOC8,0.30491450372078777,0.10127564343928692,-0.20363886028150083
1415_CDCA5_P1P2_ENSG00000146670,CDCA5,0.30467065734836063,0.08493155676476716,-0.21973910058359344
7734_SEC13_P1P2_ENSG00000157020,SEC13,0.3043683817907936,-0.0793711765110761,-0.38373955830186973
7829_SF1_P1P2_ENSG00000168066,SF1,0.3041893551664151,0.0797471993133397,-0.2244421558530754
9421_TUBB_P2_ENSG00000196230,TUBB,0.3041821352320113,0.10712297514504328,-0.19705916008696803
6535_POLR1C_P2_ENSG00000171453,POLR1C,0.30399202347337756,0.07752446425607422,-0.22646755921730335
3594_GTPBP4_P1P2_ENSG00000107937,GTPBP4,0.3038516710160435,0.08698475260432384,-0.21686691841171968
5707_NMD3_P1P2_ENSG00000169251,NMD3,0.3037635408873092,0.0861871591502652,-0.21757638173704402
2111_DDX21_P1P2_ENSG00000165732,DDX21,0.30370740801427476,0.06109383666743641,-0.24261357134683836
1747_COG8_P1P2_ENSG00000213380,COG8,0.30359887320642664,0.0782527237614074,-0.22534614944501927
2682_EPS8L1_P1_ENSG00000131037,EPS8L1,0.3035302514629508,0.0420472442538861,-0.2614830072090647
6552_POLR2K_P1P2_ENSG00000147669,POLR2K,0.30308922207906386,0.049616284672036055,-0.2534729374070278
4713_LTV1_P1P2_ENSG00000135521,LTV1,0.303020831853557,0.07334924471543887,-0.22967158713811814
7144_RBBP8_P1P2_ENSG00000101773,RBBP8,0.302960072860383,0.029908236265804453,-0.27305183659457855
7463_RPL35_P1P2_ENSG00000136942,RPL35,0.30268650299367544,0.1203429854287332,-0.18234351756494224
7568_RRP9_P1P2_ENSG00000114767,RRP9,0.30262552902202344,0.06789615495176082,-0.2347293740702626
5770_NPM1_P1P2_ENSG00000181163,NPM1,0.30256574109781326,0.052285388654739674,-0.25028035244307356
1301_CCDC86_P1P2_ENSG00000110104,CCDC86,0.3021566006290973,0.11299308077556568,-0.18916351985353166
2939_FAM72D_ENST00000400889.1_ENSG00000215784,FAM72D,0.30171956928210886,0.040888810614065574,-0.2608307586680433
5201_MRPL18_P1P2_ENSG00000112110,MRPL18,0.3015412867953131,0.04616881854951346,-0.2553724682457997
4856_MARS2_P1P2_ENSG00000247626,MARS2,0.3014986086844189,0.07873856748976978,-0.22276004119464915
2133_DDX59_P1P2_ENSG00000118197,DDX59,0.30112474063577777,0.06432419137384525,-0.23680054926193253
5128_MNAT1_P1P2_ENSG00000020426,MNAT1,0.30103717726217005,0.07458106100172719,-0.22645611626044287
6883_PSMG1_P1P2_ENSG00000183527,PSMG1,0.3008600185912948,0.04865724939573337,-0.25220276919556145
3574_GTF2H2C_P1P2_ENSG00000183474,GTF2H2C,0.3006817317611479,0.08082820160895392,-0.21985353015219397
4540_LDB1_P2_ENSG00000198728,LDB1,0.3004018197338328,-0.06258021482389936,-0.36298203455773215
924_BTF3_P1P2_ENSG00000145741,BTF3,0.30016177031853625,-0.08698778912762829,-0.3871495594461645
6970_PXN_P1P2_ENSG00000089159,PXN,0.2998265815099722,0.10419779103050837,-0.19562879047946383
9824_WDR46_P1P2_ENSG00000227057,WDR46,0.2995857237102456,0.11806609903922835,-0.18151962467101723
10738_ZWINT_P1P2_ENSG00000122952,ZWINT,0.2995280243470233,0.06490163688850073,-0.23462638745852255
6980_PYURF_P1P2_ENSG00000145337,PYURF,0.29951132173151745,0.07564131372144453,-0.22387000801007292
9722_VEZT_P1P2_ENSG00000028203,VEZT,0.29931973312941956,0.06294257327130758,-0.23637715985811197
4208_ISG20L2_P1P2_ENSG00000143319,ISG20L2,0.2992314613726866,0.11900489082685661,-0.18022657054582997
7322_RMI1_P1P2_ENSG00000178966,RMI1,0.29896075179348636,0.09390296486134202,-0.20505778693214433
9755_VPS37C_P1P2_ENSG00000167987,VPS37C,0.29885473678920715,0.09022674731672552,-0.20862798947248165
4473_KRT10_P2_ENSG00000186395,KRT10,0.2988252970720863,0.04672551448826493,-0.2520997825838214
7737_SEC16A_P1P2_ENSG00000148396,SEC16A,0.29864939880681984,0.06393146769341781,-0.234717931113402
"3575_GTF2H2_ENST00000274400.5,ENST00000330280.7_ENSG00000145736",GTF2H2,0.2985250624723645,0.07292716797642305,-0.22559789449594145
8266_SOD1_P1P2_ENSG00000142168,SOD1,0.29818645291032964,0.08299020620017558,-0.21519624671015408
5789_NR2C2AP_P1P2_ENSG00000184162,NR2C2AP,0.2970271469519658,0.04927568797496441,-0.24775145897700138
900_BRIP1_P1P2_ENSG00000136492,BRIP1,0.2969177499021353,0.10482483309242742,-0.1920929168097079
1389_CDC16_P1P2_ENSG00000130177,CDC16,0.2967104716581498,0.12458551456923615,-0.17212495708891362
5193_MRPL10_P1P2_ENSG00000159111,MRPL10,0.29654736466477144,0.0739818537367465,-0.22256551092802496
4893_MCEE_P1P2_ENSG00000124370,MCEE,0.29651721732895736,0.11155326264306355,-0.18496395468589383
667_ATP5PO_P1P2_ENSG00000241837,ATP5PO,0.2964236127020808,0.05829568044438415,-0.23812793225769663
7583_RTCB_P1P2_ENSG00000100220,RTCB,0.2956786006153451,0.05099385407683681,-0.24468474653850833
7714_SDC1_P1P2_ENSG00000115884,SDC1,0.2956689623033046,0.05124740377257898,-0.2444215585307256
7512_RPS23_P1P2_ENSG00000186468,RPS23,0.2954557824187008,0.06977778722474054,-0.22567799519396026
7690_SCD_P1P2_ENSG00000099194,SCD,0.2947037693024319,0.06788147842246636,-0.22682229087996558
7526_RPS4X_P1P2_ENSG00000198034,RPS4X,0.294329083904698,0.08724589360832066,-0.2070831902963773
7686_SCAP_P1P2_ENSG00000114650,SCAP,0.2943016149568705,0.10214004040600404,-0.1921615745508665
2580_EIF6_P1P2_ENSG00000242372,EIF6,0.29413846428675194,0.0819517152307932,-0.21218674905595877
9903_XRCC1_P1P2_ENSG00000073050,XRCC1,0.29404031404807546,-0.048104096067500206,-0.34214441011557567
1604_CHTF18_P1P2_ENSG00000127586,CHTF18,0.293398497297137,0.05898952601895497,-0.23440897127818205
671_ATP6AP2_P1P2_ENSG00000182220,ATP6AP2,0.2931456061228485,-0.045028097962290334,-0.33817370408513886
1474_CENPA_P1_ENSG00000115163,CENPA,0.29264707654440314,-0.08373466049645131,-0.3763817370408544
3740_HIRA_P2_ENSG00000100084,HIRA,0.29230765529700237,0.08504137769086638,-0.207266277606136
7975_SLC1A5_P2_ENSG00000105281,SLC1A5,0.29212246153166505,0.10005243063567801,-0.19207003089598704
10663_ZNF830_P1P2_ENSG00000198783,ZNF830,0.29198095718300643,0.08787293567024301,-0.2041080215127634
6740_PREB_P1P2_ENSG00000138073,PREB,0.29138199529996117,0.0747096071548609,-0.2166723881451003
655_ATP5F1C_P1P2_ENSG00000165629,ATP5F1C,0.2909270293199934,0.06778937054896582,-0.2231376587710276
6885_PSMG3_P2_ENSG00000157778,PSMG3,0.29072428275432727,0.09728109703513427,-0.19344318571919303
3472_GON4L_P2_ENSG00000116580,GON4L,0.2906700037623446,0.04093891324855274,-0.24973109051379183
9958_YY1_P1P2_ENSG00000100811,YY1,0.29052559141880996,0.07966622535861571,-0.21085936606019423
670_ATP6AP1_P1P2_ENSG00000071553,ATP6AP1,0.29002562509471164,0.0896022356908863,-0.2004233894038253
7462_RPL35A_P1P2_ENSG00000182899,RPL35A,0.28997412254619004,0.11015949844732006,-0.17981462409886995
2983_FAU_P1P2_ENSG00000149806,FAU,0.28959059446876445,0.06378672674934296,-0.22580386771942149
5424_NAA15_P1P2_ENSG00000164134,NAA15,0.28945023947491616,0.062284659889148955,-0.22716557958576722
7426_RPF1_P1P2_ENSG00000117133,RPF1,0.28943473795222585,0.07671016992384624,-0.21272456802837963
1638_CLCC1_P1P2_ENSG00000121940,CLCC1,0.28940365022888204,-0.04350629370063255,-0.3329099439295146
4292_KCNA10_ENST00000369771.2_ENSG00000143105,KCNA10,0.28905446419107234,-0.05807907511548943,-0.34713353930656177
1406_CDC42_P1P2_ENSG00000070831,CDC42,0.2889402018240963,0.0800604673006926,-0.2088797345234037
3124_FNBP4_P1P2_ENSG00000109920,FNBP4,0.2887408949489203,0.07343021867016561,-0.2153106762787547
9673_USP5_P2_ENSG00000111667,USP5,0.28861522107094545,-0.04978734215139441,-0.33840256322233986
1340_CCP110_P1P2_ENSG00000103540,CCP110,0.2885326498055798,0.1062120181543587,-0.1823206316512211
7251_RFFL_P1P2_ENSG00000092871,RFFL,0.28830946836583704,-0.07272726352568615,-0.3610367318915232
7437_RPL13_P1P2_ENSG00000167526,RPL13,0.2882212616898744,0.10706781163837961,-0.18115345005149477
1560_CHD4_P1P2_ENSG00000111642,CHD4,0.2881959099691353,0.07359469701570487,-0.21460121295343043
9678_USPL1_P1P2_ENSG00000132952,USPL1,0.28812808830560255,0.07052882065483755,-0.21759926765076498
6819_PRRC2A_P1P2_ENSG00000204469,PRRC2A,0.2879485649061497,0.09865917252715707,-0.18928939237899262
8546_STT3B_P1P2_ENSG00000163527,STT3B,0.2876567099849409,0.0571726729097584,-0.2304840370751825
3971_HSPA14_P1P2_ENSG00000284024,HSPA14,0.2876465368848209,0.08178774297247286,-0.20585879391234801
37_ABCG1_P1P2_ENSG00000160179,ABCG1,0.28744325775487534,0.10187282635539731,-0.18557043139947804
265_ALG13_P1P2_ENSG00000101901,ALG13,0.28703413160185476,-0.08605203386330532,-0.3730861654651601
2443_E2F6_P1P2_ENSG00000169016,E2F6,0.28695639893335034,0.07279001834060125,-0.2141663805927491
7241_REV3L_P1P2_ENSG00000009413,REV3L,0.2867215888845628,-0.05005607446364858,-0.33677766334821135
3471_GOLT1B_P1P2_ENSG00000111711,GOLT1B,0.2866234628644082,0.04327754227852447,-0.24334592058588375
2789_EXOSC2_P1P2_ENSG00000130713,EXOSC2,0.2863327909329282,0.06422499827930533,-0.22210779265362285
7057_RAC3_P1P2_ENSG00000169750,RAC3,0.2862957572667964,0.05039920159680741,-0.235896555669989
7937_SKA1_P1P2_ENSG00000154839,SKA1,0.28617328711374646,0.06532421971472942,-0.22084906739901705
6914_PTK2_P1P2_ENSG00000169398,PTK2,0.28595860345690394,0.10081156146125128,-0.18514704199565263
9684_UTP20_P1P2_ENSG00000120800,UTP20,0.2855855253421439,0.07568736765819577,-0.20989815768394812
5667_NHP2_P1P2_ENSG00000145912,NHP2,0.2854166721653508,0.07470606454433845,-0.21071060762101237
9781_INTS14_P1P2_ENSG00000138614,INTS14,0.284960263150571,-0.09796684521423452,-0.3829271083648055
8597_SUPT4H1_P1P2_ENSG00000213246,SUPT4H1,0.2848780400134412,0.1493362160061147,-0.1355418240073265
4553_LEO1_P1P2_ENSG00000166477,LEO1,0.2841472193211071,0.13899331155133626,-0.14515390776977083
6927_PTPN1_P1P2_ENSG00000196396,PTPN1,0.28372409295060314,0.07714439275607028,-0.20657970019453284
7577_RSL24D1_P1P2_ENSG00000137876,RSL24D1,0.2834712758912488,0.07425969561890394,-0.20921158027234488
2067_DCLRE1B_P1P2_ENSG00000118655,DCLRE1B,0.2832978773111432,0.08185606474677355,-0.20144181256436963
4687_LSM12_P1P2_ENSG00000161654,LSM12,0.2830047253264447,0.12419937002262948,-0.1588053553038152
10553_ZNF687_P1P2_ENSG00000143373,ZNF687,0.28299872465743936,0.06941593486455326,-0.21358278979288609
2593_ELL_P1P2_ENSG00000105656,ELL,0.28290690657228895,0.0751600247780297,-0.20774688179425924
5000_METTL23_P1P2_ENSG00000181038,METTL23,0.2828632450920598,0.04272135242699108,-0.2401418926650687
4707_LTBP4_P2_ENSG00000090006,LTBP4,0.2826655277094789,0.0950811359026336,-0.18758439180684527
9364_TSR1_P1_ENSG00000167721,TSR1,0.28252718431242674,0.06586623912418679,-0.21666094518823992
2561_EIF4A3_P1P2_ENSG00000141543,EIF4A3,0.2825132851386529,-0.04031541379715463,-0.32282869893580757
7248_RFC4_P1P2_ENSG00000163918,RFC4,0.28250941907013316,-0.08436322082001692,-0.36687263989015007
3545_GRWD1_P1P2_ENSG00000105447,GRWD1,0.282500215961821,0.054751045576190545,-0.22774917038563045
4662_LRRC37B_P1P2_ENSG00000185158,LRRC37B,0.2823669853139115,-0.03564422878381341,-0.3180112140977249
8006_SLC25A3_P1P2_ENSG00000075415,SLC25A3,0.2823118689239153,0.09258764418424159,-0.1897242247396737
5260_MRPS30_P1P2_ENSG00000112996,MRPS30,0.28228228337446176,-0.08802324357370413,-0.3703055269481659
2689_ERAL1_P1P2_ENSG00000132591,ERAL1,0.2815873948397883,0.08188491171814764,-0.19970248312164063
8839_TFAP4_P1P2_ENSG00000090447,TFAP4,0.28114620225015563,0.059908074317894876,-0.22123812793226075
3349_GFOD2_P1P2_ENSG00000141098,GFOD2,0.28080776614416514,0.1027210285311636,-0.17808673761300153
1348_CCT4_P1P2_ENSG00000115484,CCT4,0.28075762973578633,0.10510824193397744,-0.1756493878018089
1659_CLK2_P1P2_ENSG00000176444,CLK2,0.2798369724447702,-0.05842827529524815,-0.3382652477400183
9366_TSR2_P1P2_ENSG00000158526,TSR2,0.279830984944795,0.08525494649645705,-0.19457603844833798
1131_C9orf16_P1P2_ENSG00000171159,C9orf16,0.27974942196222563,0.09201627171619829,-0.18773315024602732
8231_SNRPE_P1P2_ENSG00000182004,SNRPE,0.27973924472724,-0.10443514593531085,-0.3841743906625508
7497_RPS10-NUDT3_P1P2_ENSG00000270800,RPS10-NUDT3,0.2797310763093003,0.08861081083269907,-0.1911202654766012
3748_HIST1H2AB_P1P2_ENSG00000278463,HIST1H2AB,0.2793751606492502,0.0857488876202981,-0.1936262730289521
3770_HIST1H2BN_P1P2_ENSG00000233822,HIST1H2BN,0.2792791844486826,-0.07774106958496156,-0.3570202540336442
1083_NEPRO_P1P2_ENSG00000163608,NEPRO,0.2791607289414977,0.048013000368433194,-0.23114772857306448
7477_RPL7A_P1P2_ENSG00000148303,RPL7A,0.2788998555226483,0.0443878976327262,-0.2345119578899221
4943_MED20_P1P2_ENSG00000124641,MED20,0.2784750769068112,0.05873597632321776,-0.21973910058359344
1032_C1QBP_P1P2_ENSG00000108561,C1QBP,0.2784134376380709,0.08533642653840033,-0.1930770110996706
1443_CDK9_P1P2_ENSG00000136807,CDK9,0.2781745742354705,0.11131337730218109,-0.16686119693328938
3875_HNRNPR_P1P2_ENSG00000125944,HNRNPR,0.27798536168941396,-0.03890444263602688,-0.31688980432544084
5114_MLLT6_P1P2_ENSG00000275023,MLLT6,0.27776799644789235,-0.06761477045907976,-0.3453827669069721
10587_ZNF718_ENST00000400172.3_ENSG00000250312,ZNF718,0.2774990465858923,-0.07430321911956973,-0.351802265705462
9629_ATP5MD_P1P2_ENSG00000173915,ATP5MD,0.2771234875144738,0.10756175276220922,-0.16956173475226458
7499_RPS11_P1P2_ENSG00000142534,RPS11,0.27633583470441286,0.0546857603251921,-0.22165007437922074
9898_XPO5_P1P2_ENSG00000124571,XPO5,0.27611283530317887,-0.10464011125821655,-0.3807529465613954
6900_PTCD1_P2_ENSG00000106246,PTCD1,0.2759825735612824,0.17027253808811207,-0.10571003547317032
4879_MBIP_P1P2_ENSG00000151332,MBIP,0.2756959937610566,0.08898126667557336,-0.1867147270854832
7516_RPS27A_P1P2_ENSG00000143947,RPS27A,0.27546114538654254,0.076754199511725,-0.19870694587481752
8652_TAF11_P1P2_ENSG00000064995,TAF11,0.27502232704610335,0.12177824877627678,-0.15324407826982658
7511_RPS21_P1P2_ENSG00000171858,RPS21,0.27487752466968285,0.07531235703036385,-0.19956516763931903
4984_METAP1_P1P2_ENSG00000164024,METAP1,0.2746441662381707,0.10508243148590601,-0.16956173475226463
4149_INTS4_P1P2_ENSG00000149262,INTS4,0.2746248131711242,-0.08779651650046569,-0.3624213296715899
7608_RUVBL2_P1P2_ENSG00000183207,RUVBL2,0.2746087420093065,0.04009678411938452,-0.23451195788992202
307_ANAPC2_P1P2_ENSG00000176248,ANAPC2,0.2745775569254207,0.04933439409214135,-0.22524316283327933
4250_JAZF1_P1P2_ENSG00000153814,JAZF1,0.2742481813268537,0.055916564437048205,-0.21833161688980546
8645_TACC3_P1_ENSG00000013810,TACC3,0.2742167927656807,0.0716077986015848,-0.2026089941640959
4107_IMP3_P1P2_ENSG00000177971,IMP3,0.2741938576852246,-0.0906533788406977,-0.36484723652592227
801_BCL2L1_P1_ENSG00000171552,BCL2L1,0.27383437335455507,0.06782682100302494,-0.20600755235153015
4470_KRI1_P1P2_ENSG00000129347,KRI1,0.2736660035753218,0.08065765021680955,-0.1930083533585122
6540_POLR2A_P1P2_ENSG00000181222,POLR2A,0.2731280461716262,0.057725826237992314,-0.21540221993363393
2484_EEF1B2_P1P2_ENSG00000114942,EEF1B2,0.2729239220688763,0.04928277319600431,-0.22364114887287195
3586_GTF3C3_P1P2_ENSG00000119041,GTF3C3,0.2725552808431261,0.16075759232041129,-0.11179768852271482
8717_TBC1D28_ENST00000345096.4_ENSG00000189375,TBC1D28,0.27231165386204287,0.09943146162036283,-0.17288019224168005
9175_TOP2A_P1P2_ENSG00000131747,TOP2A,0.2722617458444178,0.04778526112076056,-0.22447648472365728
1482_CENPI_P1P2_ENSG00000102384,CENPI,0.27218812928245073,0.08928390683136649,-0.18290422245108426
10266_ZNF284_ENST00000421176.3_ENSG00000186026,ZNF284,0.27189969202225295,-0.06526703185920245,-0.3371667238814554
2723_ERVW-1_ENST00000493463.2_ENSG00000242950,ERVW-1,0.27177756808637177,-0.04720629734446017,-0.31898386543083196
9907_XRCC5_P1P2_ENSG00000079246,XRCC5,0.27165805422625305,-0.08221538667087895,-0.353873440897132
5558_NDUFB6_P1P2_ENSG00000165264,NDUFB6,0.2712700861325658,-0.045825691416355,-0.3170957775489208
645_ATP1A1_P1P2_ENSG00000163399,ATP1A1,0.27088670586805075,-0.060684412108839306,-0.33157111797689004
2235_DKC1_P1P2_ENSG00000130826,DKC1,0.27074145202637634,0.09466867482074234,-0.176072777205634
5196_MRPL13_P1P2_ENSG00000172172,MRPL13,0.2704369350913929,0.0540506208677964,-0.2163863142235965
5508_NCOA4_P1P2_ENSG00000266412,NCOA4,0.270413939794734,0.03793882822590032,-0.2324751115688337
3027_FBXO5_P1P2_ENSG00000112029,FBXO5,0.2702583508633434,0.0474983096686942,-0.22276004119464915
1941_CTPS1_P1P2_ENSG00000171793,CTPS1,0.26913452125405574,-0.07725522585659998,-0.34638974711065573
348_ANKS6_P1P2_ENSG00000165138,ANKS6,0.2690378905974038,-0.05548436595369072,-0.3245222565510945
5254_MRPS24_P1P2_ENSG00000062582,MRPS24,0.26900127146064634,0.13088478215981028,-0.13811648930083603
8147_SMARCB1_P2_ENSG00000099956,SMARCB1,0.26882180254419435,0.08169512901175115,-0.1871266735324432
5268_MRPS7_P1P2_ENSG00000125445,MRPS7,0.2685910699982524,0.060512342455052104,-0.20807872754320028
2787_EXOSC10_P1P2_ENSG00000171824,EXOSC10,0.2684526353908252,0.09600727550983108,-0.17244535988099413
8097_SLC4A5_P2_ENSG00000188687,SLC4A5,0.2676924997571504,0.05630675768139543,-0.21138574207575497
3427_GMPS_P1P2_ENSG00000163655,GMPS,0.267645054384583,-0.06228972076131794,-0.32993477514590097
3571_GTF2F1_P1P2_ENSG00000125651,GTF2F1,0.2675354006601112,0.07574000072876755,-0.19179539993134367
5762_NPAT_P1P2_ENSG00000149308,NPAT,0.2675233033166688,0.06723722939516498,-0.2002860739215038
1351_CCT7_P1P2_ENSG00000135624,CCT7,0.26735096048348883,0.08506465770284939,-0.18228630278063945
2731_ESF1_P1_ENSG00000089048,ESF1,0.2669539470667414,0.07034106229731509,-0.19661288476942632
6154_PDCD2_P1P2_ENSG00000071994,PDCD2,0.2663886331211341,0.06636574720741295,-0.20002288591372114
7076_RAD9A_P1P2_ENSG00000172613,RAD9A,0.2660282084376746,0.053509613632774906,-0.2125185948048997
2205_DHX29_P1P2_ENSG00000067248,DHX29,0.2659319612120201,-0.09865208730611941,-0.3645840485181395
1874_CRKL_P1P2_ENSG00000099942,CRKL,0.26585406259278266,-0.06569416947038602,-0.3315482320631687
1395_CDC26_P1P2_ENSG00000176386,CDC26,0.2655873483402239,0.05297720988044479,-0.2126101384597791
6679_PPP2CB_P1P2_ENSG00000104695,PPP2CB,0.26522354786564517,-0.17270985412543202,-0.4379334019910772
4940_MED18_P1P2_ENSG00000130772,MED18,0.2647862614076224,0.0613190454790249,-0.2034672159285975
6335_PIGH_P1P2_ENSG00000100564,PIGH,0.2646005119713845,0.07664994554501671,-0.1879505664263678
5247_MRPS17_P1P2_ENSG00000239789,MRPS17,0.2643392721822216,-0.0720035588053088,-0.3363428309875304
5652_NFS1_P1P2_ENSG00000244005,NFS1,0.2642442410599946,0.09325213670022586,-0.17099210435976875
3246_GAB2_P1P2_ENSG00000033327,GAB2,0.2639783602443097,-0.09479266618892401,-0.3587710264332337
7449_RPL23A_P1P2_ENSG00000198242,RPL23A,0.26384095584491724,0.07571874506565092,-0.18812221077926633
859_BMS1_P1P2_ENSG00000165733,BMS1,0.2637070329016616,0.09152486102844537,-0.17218217187321622
3759_HIST1H2BB_P1P2_ENSG00000276410,HIST1H2BB,0.26333551234718583,0.07642625499508307,-0.18690925735210276
4434_KLHL17_P1P2_ENSG00000187961,KLHL17,0.2630771774256767,0.09622742344924785,-0.16684975397642884
7393_RNF4_P1P2_ENSG00000063978,RNF4,0.262741658626711,-0.04285394727785934,-0.30559560590457036
9904_XRCC2_P1P2_ENSG00000196584,XRCC2,0.2625435781747693,0.0773736502653956,-0.1851699279093737
2779_EXOC2_P1P2_ENSG00000112685,EXOC2,0.26232530576365604,-0.06145315859153762,-0.32377846435519364
8653_TAF12_P1P2_ENSG00000120656,TAF12,0.2615417801443469,0.11303508601457914,-0.1485066941297678
4903_MCM6_P1P2_ENSG00000076003,MCM6,0.2614251202825645,0.08142740887393554,-0.1799977114086289
4144_INTS10_P1P2_ENSG00000104613,INTS10,0.2612069175735504,-0.06894527375269112,-0.3301521913262415
1500_CEP192_P1P2_ENSG00000101639,CEP192,0.2611371010264318,-0.06110800710951273,-0.32224510813594454
5449_NAF1_P1P2_ENSG00000145414,NAF1,0.2610415356720809,0.07840050122877926,-0.18264103444330163
2608_ELP6_P1P2_ENSG00000163832,ELP6,0.26081948305179115,0.0839456988659533,-0.17687378418583788
2658_EP400_P1P2_ENSG00000183495,EP400,0.26062698526478756,0.08027454219349653,-0.180352443071291
8680_TANGO6_P1P2_ENSG00000103047,TANGO6,0.260451067888786,0.049133983554189326,-0.21131708433459667
6511_POGZ_P1P2_ENSG00000143442,POGZ,0.260407061616006,-0.04192730158344669,-0.3023343631994527
10702_ZNHIT6_P1P2_ENSG00000117174,ZNHIT6,0.2603321173091229,0.046692112731939066,-0.21364000457718385
3338_GEMIN7_P1P2_ENSG00000142252,GEMIN7,0.2600097080627819,0.06923273129198226,-0.19077697677079963
7927_SIRT7_P1P2_ENSG00000187531,SIRT7,0.25989649160938566,0.05181776406618538,-0.20807872754320028
7206_RCL1_P1P2_ENSG00000120158,RCL1,0.2598601806420537,0.07688730044981107,-0.18297288019224262
10041_ZCRB1_P1P2_ENSG00000139168,ZCRB1,0.25962628874283306,0.11617738154520955,-0.14344890719762352
9918_YARS2_P1P2_ENSG00000139131,YARS2,0.2595955385499736,0.052878522873119345,-0.20671701567685424
9969_ZBTB11_P1P2_ENSG00000066422,ZBTB11,0.2594434999428911,0.05468322988910635,-0.20476027005378478
3835_HMGN2_P1P2_ENSG00000198830,HMGN2,0.2591762627856662,0.06414250606292617,-0.19503375672274004
536_ARPC2_P1_ENSG00000163466,ARPC2,0.25898382309532636,0.07411141206431218,-0.18487241103101418
7051_RABGGTB_P1P2_ENSG00000137955,RABGGTB,0.2589545746941138,-0.06721546764483037,-0.3261700423389442
964_C12orf45_P1P2_ENSG00000151131,C12orf45,0.25891859552401747,0.08360105347114956,-0.1753175420528679
5944_OPA1_P1P2_ENSG00000198836,OPA1,0.2589159863864131,0.10419576668164018,-0.15472021970477293
2975_FASN_P1P2_ENSG00000169710,FASN,0.2588907328601444,-0.05056114950626206,-0.30945188236640647
6546_POLR2E_P1_ENSG00000099817,POLR2E,0.2588771656226033,0.08147700542120487,-0.17740016020139845
7519_RPS28_P1P2_ENSG00000233927,RPS28,0.2582980731093893,-0.05538770329523685,-0.31368577640462614
1289_CCDC6_P1P2_ENSG00000108091,CCDC6,0.25818877244720523,0.08339760640989789,-0.17479116603730735
3447_GNL3_P1P2_ENSG00000163938,GNL3,0.2579843927469542,0.07076617555963159,-0.18721821718732265
6352_PIK3C3_P1P2_ENSG00000078142,PIK3C3,0.25779513801826826,0.03504653978047932,-0.22274859823778892
455_ARGLU1_P1P2_ENSG00000134884,ARGLU1,0.2572504953640118,0.05577435392906069,-0.2014761414349511
1775_COPG1_P2_ENSG00000181789,COPG1,0.2572428185786129,0.05164721267404244,-0.20559560590457046
1794_COQ5_P1P2_ENSG00000110871,COQ5,0.2571456237033415,0.07332596470345312,-0.18381965899988834
8557_STX5_P1P2_ENSG00000162236,STX5,0.2570432974893841,0.07127833582328665,-0.18576496166609746
6534_POLR1B_P1P2_ENSG00000125630,POLR1B,0.25699503667879664,0.07462863320013324,-0.1823664034786634
5250_MRPS18C_P1P2_ENSG00000163319,MRPS18C,0.2569608749056019,-0.07991977505434954,-0.33688064995995143
761_BARD1_P1P2_ENSG00000138376,BARD1,0.25676342354456144,-0.0879098800370864,-0.3446733035816478
936_BUB3_P1P2_ENSG00000154473,BUB3,0.2567129702800557,0.12955883365114929,-0.12715413662890643
8185_SMNDC1_P1P2_ENSG00000119953,SMNDC1,0.25590175274268884,-0.07391859283461157,-0.3298203455773004
4635_LPIN1_P1P2_ENSG00000134324,LPIN1,0.2551729196718434,0.0697970185389897,-0.18537590113285368
6667_PPP1R2_P1P2_ENSG00000184203,PPP1R2,0.25513029239552165,-0.052364844347815354,-0.307495136743337
759_BANP_P1P2_ENSG00000172530,BANP,0.2541267292968955,0.05134609077990111,-0.20278063851699438
6650_PPP1CB_P1P2_ENSG00000213639,PPP1CB,0.2539768940889629,-0.09539946476216711,-0.34937635885113
10005_ZBTB4_P1_ENSG00000174282,ZBTB4,0.2538662221788559,-0.11348702189941749,-0.3673532440782734
1390_CDC20_P1P2_ENSG00000117399,CDC20,0.25369171260441103,0.09259776592858548,-0.16109394667582555
7311_RIOK1_P1P2_ENSG00000124784,RIOK1,0.2531677374888407,0.10126248517163884,-0.15190525231720184
1895_CSH2_P2_ENSG00000213218,CSH2,0.25315074518922265,-0.1011460851117299,-0.35429683030095255
10676_ZNF84_P1P2_ENSG00000198040,ZNF84,0.25315020393824794,-0.056770839659421264,-0.3099210435976692
2974_FARSB_P1P2_ENSG00000116120,FARSB,0.25296472212190396,-0.05835236221269271,-0.31131708433459665
1022_C19orf53_P1P2_ENSG00000104979,C19orf53,0.2523510739109647,0.08246893636661948,-0.16988213754434517
4432_KLHL11_P1P2_ENSG00000178502,KLHL11,0.2520496339445697,-0.06188788751097864,-0.3139375214555483
812_BCR_P1P2_ENSG00000186716,BCR,0.2518452906937147,0.046478543926345504,-0.20536674676736918
8729_TBCD_P1P2_ENSG00000141556,TBCD,0.25176738265808296,0.08440269562294929,-0.16736468703513366
2782_EXOC5_P1P2_ENSG00000070367,EXOC5,0.25130294716606233,-0.07402031636523589,-0.3253232635312982
9177_TOP3A_P1P2_ENSG00000177302,TOP3A,0.2511342307874368,0.08470786621482845,-0.16642636457260837
1544_CHAF1A_P1P2_ENSG00000167670,CHAF1A,0.2507145199236373,-0.083534249958502,-0.3342487698821393
5829_NSMCE2_P1P2_ENSG00000156831,NSMCE2,0.25068602646626514,0.07439583308029055,-0.17629019338597457
2790_EXOSC3_P1P2_ENSG00000107371,EXOSC3,0.2504397770395408,0.056058268857822315,-0.19438150818171845
8793_TCP1_P1P2_ENSG00000120438,TCP1,0.2503997812082651,0.04852313628321449,-0.20187664492505064
7505_RPS16_P1P2_ENSG00000105193,RPS16,0.24999845303749357,-0.05897282514078973,-0.3089712781782833
1398_CDC37_P1P2_ENSG00000105401,CDC37,0.24963408563405448,-0.06130538112415907,-0.31093946675821355
2334_DOLK_P1P2_ENSG00000175283,DOLK,0.2495367340159469,0.07748043466819157,-0.17205629934775532
7541_RPTOR_P1P2_ENSG00000141564,RPTOR,0.24882520207431377,-0.1617824189349588,-0.41060762100927256
6214_PELO_P1_ENSG00000152684,PELO,0.2487837830834042,0.08187681432267278,-0.16690696876073144
2732_ESPL1_P1P2_ENSG00000135476,ESPL1,0.24874035875011952,0.08119258440522707,-0.16754777434489246
1741_COG2_P1P2_ENSG00000135775,COG2,0.2481498489231877,-0.054436259327187306,-0.302586108250375
8108_SLC7A5_P1P2_ENSG00000103257,SLC7A5,0.24805341965902417,-0.059544703696052796,-0.30759812335507697
9151_TNPO3_P1P2_ENSG00000064419,TNPO3,0.24789762269850873,0.06465011154162291,-0.18324751115688584
9638_USP19_P1P2_ENSG00000172046,USP19,0.24782967407013914,-0.09900634835805813,-0.3468360224281973
5740_NOM1_P1P2_ENSG00000146909,NOM1,0.2477736607956213,0.07543128752636712,-0.1723423732692542
607_ATF4_P1P2_ENSG00000128272,ATF4,0.24766439084961717,0.07071050596576041,-0.17695388488385674
6728_PRDM4_P1P2_ENSG00000110851,PRDM4,0.24757665561831105,-0.07501174122343507,-0.3225883968417461
9785_WARS_P1P2_ENSG00000140105,WARS,0.24755584068367098,-0.09037756130740637,-0.33793340199107735
7271_RGP1_P1P2_ENSG00000107185,RGP1,0.2474427937599416,-0.04406653224990325,-0.29150932600984486
6559_POLR3E_P1P2_ENSG00000058600,POLR3E,0.24734533658103497,0.088276793269442,-0.15906854331159295
6542_POLR2C_P1P2_ENSG00000102978,POLR2C,0.24729656971798694,0.0780781236715237,-0.16921844604646324
8436_SRSF6_P1_ENSG00000124193,SRSF6,0.2470574370623993,-0.07558817456364948,-0.32264561162604877
"8340_SPDYE2_ENST00000432940.1,ENST00000507918.1_ENSG00000205238",SPDYE2,0.24668306389944863,0.03064003838165371,-0.21604302551779492
547_ARRB2_P1P2_ENSG00000141480,ARRB2,0.2466233372686063,-0.05112240022996491,-0.2977457374985712
1536_CFL1_P1P2_ENSG00000172757,CFL1,0.24645992321770632,-0.04064386440101585,-0.2871037876187222
4100_ILF3_P1P2_ENSG00000129351,ILF3,0.24609301648300203,0.09209370306040869,-0.15399931342259335
3369_GINS1_P1P2_ENSG00000101003,GINS1,0.24549899281590476,0.07166903515484375,-0.173829957661061
5518_NDC1_P1P2_ENSG00000058804,NDC1,0.24518308282047746,0.07546114667217489,-0.16972193614830255
2110_DDX20_P1P2_ENSG00000064703,DDX20,0.2445923496063348,0.04288734903418251,-0.2017050005721523
5257_MRPS27_P1P2_ENSG00000113048,MRPS27,0.24454284326175602,-0.12896671160722462,-0.37350955486898063
5285_MSL1_P1P2_ENSG00000188895,MSL1,0.24443495168676854,-0.08758244160766299,-0.33201739329443153
8069_SLC39A10_P1P2_ENSG00000196950,SLC39A10,0.24328161227605466,0.07140840023806315,-0.1718732120379915
8906_TIGD1_P1P2_ENSG00000221944,TIGD1,0.2428079219377327,0.05909124954958396,-0.18371667238814873
106_ACTL6A_P1P2_ENSG00000136518,ACTL6A,0.24213890483176648,-0.04852364237043262,-0.2906625472021991
2993_FBXL14_P1P2_ENSG00000171823,FBXL14,0.24183605021869625,0.07227431546643161,-0.16956173475226463
7502_RPS14_P1P2_ENSG00000164587,RPS14,0.24172568435844757,0.052676594073516436,-0.18904909028493114
3993_HUS1_P1P2_ENSG00000136273,HUS1,0.24112294650534016,0.03097304377047004,-0.21014990273487014
4684_LSG1_P1P2_ENSG00000041802,LSG1,0.24080242640804259,0.10391033349123077,-0.13689209291681181
8840_TFB1M_P1P2_ENSG00000029639,TFB1M,0.2405738152935408,0.06166318478661447,-0.17891063050692632
6948_PUM1_P1P2_ENSG00000134644,PUM1,0.2403912117288009,-0.060009291761303596,-0.3004005034901045
9506_UBE2I_P1P2_ENSG00000103275,UBE2I,0.2402690828588707,0.04859955545298802,-0.19166952740588267
9617_URB1_P1P2_ENSG00000142207,URB1,0.2397046870280996,0.05364220848364276,-0.18606247854445684
8191_SMUG1_P1P2_ENSG00000123415,SMUG1,0.2395735488675462,0.06138382464280468,-0.17818972422474152
4330_KDM6A_P1P2_ENSG00000147050,KDM6A,0.2394026656086633,-0.037436789706593025,-0.27683945531525633
10202_ZNF207_P1_ENSG00000010244,ZNF207,0.23934997023707089,-0.07843238472345308,-0.317782354960524
5264_MRPS35_P1P2_ENSG00000061794,MRPS35,0.23933170165255313,0.0343425724615672,-0.2049891291909859
3038_FBXW7_ENST00000281708.4_ENSG00000109670,FBXW7,0.23932068556019948,-0.0751660978246302,-0.31448678338482966
7523_RPS3A_P1P2_ENSG00000145425,RPS3A,0.23880196711504714,-0.07874008575141522,-0.31754205286646237
7509_RPS19_P1P2_ENSG00000105372,RPS19,0.2387694523404216,0.06966543586255886,-0.16910401647786275
3626_HAMP_P1P2_ENSG00000105697,HAMP,0.2386812858317662,0.08743972501244646,-0.15124156081931975
2857_FAM136A_P1P2_ENSG00000035141,FAM136A,0.23835843901891057,0.05908163389246163,-0.17927680512644895
5569_NDUFS5_P1_ENSG00000168653,NDUFS5,0.2376083710287887,-0.052321826934370014,-0.2899301979631587
5477_NBEAL1_P1P2_ENSG00000144426,NBEAL1,0.23752523950593712,-0.10760578235011274,-0.3451310218560499
593_INTS13_P1P2_ENSG00000064102,INTS13,0.23698629894139767,0.05649654038778519,-0.1804897585536125
1349_CCT5_P1P2_ENSG00000150753,CCT5,0.23678263342698264,0.06880002672140907,-0.16798260670557358
5467_NARS2_P1P2_ENSG00000137513,NARS2,0.23675214814374657,0.04536869465936284,-0.19138345348438374
5023_MFN2_P2_ENSG00000116688,MFN2,0.23673955791687426,0.05511694663411678,-0.18162261128275747
9592_UNC45A_P1_ENSG00000140553,UNC45A,0.23616970916572955,-0.07256126691849223,-0.3087309760842218
4997_METTL1_P1P2_ENSG00000037897,METTL1,0.23583527328568843,0.03702534079913084,-0.1988099324865576
7729_SDR39U1_P1P2_ENSG00000100445,SDR39U1,0.23555215287737769,0.07096810435923834,-0.16458404851813935
6229_PEX1_P1P2_ENSG00000127980,PEX1,0.23512181967201368,-0.07127479321276037,-0.30639661288477404
1497_CEP152_P1P2_ENSG00000103995,CEP152,0.23511410570753255,0.08811788188329271,-0.14699622382423985
2604_ELP2_P1P2_ENSG00000134759,ELP2,0.23454294102538437,0.06775040183325343,-0.16679253919213094
7942_MTREX_P1P2_ENSG00000039123,MTREX,0.23449439261547497,-0.12162186782622544,-0.3561162604417004
6455_PLK4_P1P2_ENSG00000142731,PLK4,0.23437886185113793,0.08953391391658719,-0.14484494793455074
1740_COG1_P1P2_ENSG00000166685,COG1,0.23417465053390474,-0.07893897802771883,-0.31311362856162356
6553_POLR2L_P1P2_ENSG00000177700,POLR2L,0.23394357343863856,0.07974972974942615,-0.1541938436892124
3935_HPS5_P1P2_ENSG00000110756,HPS5,0.23368196953770665,0.07208453276004152,-0.16159743677766514
5441_NACA_P1P2_ENSG00000196531,NACA,0.23356985841493533,0.06458027150567336,-0.16898958690926197
6778_PRMT5_P2_ENSG00000100462,PRMT5,0.23349178380311672,0.05382591814342879,-0.17966586565968792
5344_MTRNR2L1_P1P2_ENSG00000256618,MTRNR2L1,0.23316832398711917,0.047414805277882235,-0.18575351870923693
2190_DHPS_P1P2_ENSG00000095059,DHPS,0.23289702878526777,0.03473934483973176,-0.198157683945536
7701_SCNM1_P1P2_ENSG00000163156,SCNM1,0.23219007390130092,-0.05574904956820671,-0.2879391234695076
821_BET1_P1P2_ENSG00000105829,BET1,0.2319033532722642,-0.058461677051575386,-0.2903650303238396
1479_CENPE_P1P2_ENSG00000138778,CENPE,0.2318111081488753,-0.04213327908078628,-0.2739443872296616
1317_CCNB1_P1P2_ENSG00000134057,CCNB1,0.23179831169971143,-0.12226965946404023,-0.35406797116375166
7728_SDHD_P1P2_ENSG00000204370,SDHD,0.23179080704999688,-0.07880537100241496,-0.31059617805241185
10586_ZNF718_ENST00000502662.1_ENSG00000250312,ZNF718,0.23173262404597297,-0.05094273926791034,-0.2826753633138833
6652_PPP1R10_P1P2_ENSG00000204569,PPP1R10,0.23154588446477067,0.041329612580113216,-0.19021627188465745
1117_C7orf26_P1P2_ENSG00000146576,C7orf26,0.23092967742960974,-0.08209240747713435,-0.3130220849067441
884_BRCA1_P1P2_ENSG00000012048,BRCA1,0.23080706596130282,0.03442304032907736,-0.19638402563222546
1145_CABIN1_P1P2_ENSG00000099991,CABIN1,0.23015400000168895,-0.07136791326069965,-0.3015219132623886
5259_MRPS2_P1P2_ENSG00000122140,MRPS2,0.23015231499012226,-0.05230563214342047,-0.2824579471335427
3717_HHEX_P1P2_ENSG00000152804,HHEX,0.2300228226119933,0.06591937828197716,-0.16410344433001614
7160_RBM15_P1P2_ENSG00000162775,RBM15,0.2298106600096097,-0.0738396432287518,-0.3036503032383615
39_ABHD11_P1P2_ENSG00000106077,ABHD11,0.2294437784315862,-0.0835210916908551,-0.3129648701224413
2105_DDX18_P1P2_ENSG00000088205,DDX18,0.22896008719830452,-0.05072866437510437,-0.2796887515734089
6112_PCBP2_P2_ENSG00000197111,PCBP2,0.22869998356017884,-0.04028960334908359,-0.26898958690926245
8657_TAF1B_P1P2_ENSG00000115750,TAF1B,0.22832882388601464,0.06363034579927468,-0.16469847808673996
7556_RRM1_P1P2_ENSG00000167325,RRM1,0.22816786379348364,0.06094049224067161,-0.16722737155281203
6605_PPAN_P1P2_ENSG00000130810,PPAN,0.22748184750803746,-0.06648771422671634,-0.2939695617347538
1399_CDC40_P1P2_ENSG00000168438,CDC40,0.2274506402904284,-0.09354718554777094,-0.32099782583819936
2212_DHX36_P1P2_ENSG00000174953,DHX36,0.2271217109103189,-0.24296639985750645,-0.47008811076782536
7520_RPS29_P2_ENSG00000213741,RPS29,0.22681625018263799,0.05304350730587479,-0.1737727428767632
9431_TULP1_P1P2_ENSG00000112041,TULP1,0.226103777506015,-0.04185594328584234,-0.26795972079185737
4185_IRF2BP2_P2_ENSG00000168264,IRF2BP2,0.22587689365519292,-0.078093812375249,-0.3039707060304419
3576_GTF2H3_P1P2_ENSG00000111358,GTF2H3,0.22583873235098262,0.09628157478146505,-0.12955715756951758
1548_CHCHD1_P1P2_ENSG00000172586,CHCHD1,0.22572852118352135,0.0922693153247254,-0.13345920585879595
2189_DHODH_P1_ENSG00000102967,DHODH,0.22504581467025153,-0.08025227435595444,-0.305298089026206
7928_SIRT7_P1P2_ENSG00000187531,SIRT7,0.2247259082362829,0.04665061358014189,-0.17807529465614103
8933_TIPIN_P1P2_ENSG00000075131,TIPIN,0.22429184006208802,-0.09131635309502596,-0.31560819315711397
8540_STRIP1_P1P2_ENSG00000143093,STRIP1,0.2236825119561818,0.05581433481920876,-0.16786817713697305
1228_CBX1_P1P2_ENSG00000108468,CBX1,0.22361184518949262,-0.08572560760831337,-0.309337452797806
9765_VPS54_P1P2_ENSG00000143952,VPS54,0.22345036566697135,-0.05247365309948092,-0.2759240187664523
3587_GTF3C4_P1P2_ENSG00000125484,GTF3C4,0.22310551380664548,-0.0478637046394024,-0.2709692184460479
6905_PTEN_P1P2_ENSG00000171862,PTEN,0.22253324511425726,0.07368326227868778,-0.14884998283556947
685_ATP6V1F_P1P2_ENSG00000128524,ATP6V1F,0.22181558984740227,-0.060962760078220844,-0.2827783499256231
3569_GTF2E1_P1P2_ENSG00000153767,GTF2E1,0.22128124433935553,0.0671446154344457,-0.1541366289049098
7518_RPS27_P1P2_ENSG00000177954,RPS27,0.2212091593818215,0.07270246525205382,-0.1485066941297677
654_ATP5F1B_P1P2_ENSG00000110955,ATP5F1B,0.22060108275159176,-0.08841596725413389,-0.30901705000572566
2336_DONSON_P1P2_ENSG00000159147,DONSON,0.22046916713127718,0.0661380079597432,-0.15433115917153398
4089_IK_P2_ENSG00000113141,IK,0.22018627462725177,-0.09760752329013271,-0.3177937979173845
2552_EIF3H_P1P2_ENSG00000147677,EIF3H,0.2193306396581567,-0.07320855246909308,-0.29253919212724977
6539_POLR1E_P1P2_ENSG00000137054,POLR1E,0.21928493371065166,0.07224293805897453,-0.14704199565167714
9828_WDR54_P1P2_ENSG00000005448,WDR54,0.21911329189426637,-0.08346137339924797,-0.30257466529351434
4781_MALSU1_P1P2_ENSG00000156928,MALSU1,0.2187303295295718,-0.04565918872194832,-0.26438951825152013
7498_RPS10_P1P2_ENSG00000124614,RPS10,0.21817336656161943,-0.09296063046321343,-0.31113399702483285
109_ACTR10_P1P2_ENSG00000131966,ACTR10,0.21811149956232856,0.06358581012417501,-0.15452568943815356
4951_MED28_P1P2_ENSG00000118579,MED28,0.21801887316224816,-0.08615780609167369,-0.30417667925392183
6516_POLD2_P1P2_ENSG00000106628,POLD2,0.21780346680660995,-0.08956579741126607,-0.307369264217876
3371_GINS3_P1P2_ENSG00000181938,GINS3,0.21778266757753392,-0.06216927200365771,-0.27995193958119163
339_ANKRD39_P1P2_ENSG00000213337,ANKRD39,0.2171512161807832,0.056675189175402346,-0.16047602700538086
8232_SNRPF_P1P2_ENSG00000139343,SNRPF,0.21670522081824678,-0.10327418185940833,-0.3199794026776551
9712_VCP_P1P2_ENSG00000165280,VCP,0.21665816537433502,-0.09603207378346822,-0.31269023915780325
2107_DDX19B_P1_ENSG00000157349,DDX19B,0.21639326382785562,0.04631659601689095,-0.17007666781096467
809_BCLAF1_P1P2_ENSG00000029363,BCLAF1,0.21619579307810222,-0.0682990003765289,-0.28449479345463113
7643_SAMD4B_P1P2_ENSG00000179134,SAMD4B,0.21608121771190697,-0.052290449526910435,-0.2683716672388174
8739_TBPL1_P1P2_ENSG00000028839,TBPL1,0.2155620707343925,-0.12936297789817755,-0.34492504863257006
5414_MZT1_P1P2_ENSG00000204899,MZT1,0.21408675151311612,-0.0599262934577089,-0.274013044970825
350_ANLN_P1P2_ENSG00000011426,ANLN,0.21403310939531556,-0.1126747519160494,-0.326707861311365
5226_MRPL43_P1P2_ENSG00000055950,MRPL43,0.21396719404575576,-0.09161696890195405,-0.3055841629477098
2791_EXOSC4_P1P2_ENSG00000178896,EXOSC4,0.21334104998026965,-0.07200052228200733,-0.28534157226227697
6747_PRIM1_P1P2_ENSG00000198056,PRIM1,0.21293115098879561,-0.08172498815756134,-0.29465613914635697
8446_SSBP1_P1P2_ENSG00000106028,SSBP1,0.21271861308616777,-0.05122462984781065,-0.2639432429339784
1692_CMC4_P1P2_ENSG00000182712,CMC4,0.21172230428653432,-0.04098395501087139,-0.2527062592974057
6797_PRPF3_P1P2_ENSG00000117360,PRPF3,0.21157103872636918,-0.13200374099671563,-0.3435747797230848
2008_CYP4F11_P1P2_ENSG00000171903,CYP4F11,0.2115432324913134,0.06446690796905469,-0.14707632452225872
4273_KARS_P1P2_ENSG00000065427,KARS,0.2110419017991661,-0.09839853761037985,-0.30944043940954596
1391_CDC23_P1P2_ENSG00000094880,CDC23,0.21086077719744692,-0.06342689873801624,-0.27428767593546316
9702_VARS2_P1P2_ENSG00000137411,VARS2,0.20993692111553588,0.04434589239371279,-0.1655910287218231
6795_PRPF38B_P1P2_ENSG00000134186,PRPF38B,0.2097857938129143,0.04400023482446684,-0.16578555898844743
7647_SAP130_P1P2_ENSG00000136715,SAP130,0.20973011219665216,0.06504536565814392,-0.14468474653850824
6544_POLR2D_P1_ENSG00000144231,POLR2D,0.20962411303689732,0.049937650054859575,-0.15968646298203776
1329_CCNH_P1P2_ENSG00000134480,CCNH,0.209503603924037,0.08349376298113578,-0.1260098409429012
1840_CPSF2_P1P2_ENSG00000165934,CPSF2,0.20939049779175348,0.04971547776657619,-0.15967502002517728
1167_CAMLG_P1P2_ENSG00000164615,CAMLG,0.2091932864963983,-0.06459089933722555,-0.27378418583362385
2376_DROSHA_P1P2_ENSG00000113360,DROSHA,0.20879761858017776,-0.04969877688841266,-0.25849639546859043
115_ACTR3_P1P2_ENSG00000115091,ACTR3,0.20869051332538288,0.05668227439644088,-0.152008238928942
6575_POP4_P1P2_ENSG00000105171,POP4,0.20837962101184837,0.06788299668411747,-0.1404966243277309
5733_NOL11_P1P2_ENSG00000130935,NOL11,0.2074687178787129,0.06685766398238162,-0.14061105389633127
3134_FOLR3_P2_ENSG00000110203,FOLR3,0.20745716970852202,-0.07506943516617907,-0.2825266048747011
9172_TONSL_P1P2_ENSG00000160949,TONSL,0.20658784783388243,-0.09106634600980931,-0.29765419384369174
1966_CUL7_P1P2_ENSG00000044090,CUL7,0.2054906442149288,-0.045052896235927245,-0.25054354045085603
5293_MSTO1_P1P2_ENSG00000125459,MSTO1,0.20517959043298847,0.09251223718890675,-0.11266735324408172
6256_PGD_P1P2_ENSG00000142657,PGD,0.20506273359155935,-0.1328706683995179,-0.33793340199107724
201_AHCTF1_P1P2_ENSG00000153207,AHCTF1,0.20496467008091868,0.0867818116302905,-0.11818285845062816
1808_COX15_P1P2_ENSG00000014919,COX15,0.2045683426703381,-0.08187175345050204,-0.28644009612084015
715_AURKB_P1P2_ENSG00000178999,AURKB,0.20399088259677808,-0.07231075374605747,-0.27630163634283555
5138_MOB4_P1P2_ENSG00000115540,MOB4,0.2038297083596835,-0.07583615730000443,-0.27966586565968793
4956_MED6_P1P2_ENSG00000133997,MED6,0.20379818008160283,0.0848829723919343,-0.11891520768966853
9602_UPF3A_P1P2_ENSG00000169062,UPF3A,0.20361738800679852,-0.038916082642020795,-0.2425334706488193
9132_TNFSF10_P1P2_ENSG00000121858,TNFSF10,0.20350726711152906,-0.07516306130133577,-0.2786703284128648
373_AP2A1_P1P2_ENSG00000196961,AP2A1,0.20302709896107093,0.07186792743114606,-0.13115917152992487
8703_TAZ_P1P2_ENSG00000102125,TAZ,0.20212467311022564,-0.05447219151959809,-0.25659686462982373
7843_SFSWAP_P1P2_ENSG00000061936,SFSWAP,0.20183349516102286,-0.06062216338114864,-0.2624556585421715
5340_MTPAP_P1P2_ENSG00000107951,MTPAP,0.20166559234409728,0.041109464640697375,-0.16055612770339991
4110_IMPA2_P1P2_ENSG00000141401,IMPA2,0.20139143921752384,0.05600867231055197,-0.14538276690697186
5810_NRDE2_P1P2_ENSG00000119720,NRDE2,0.20104524852805716,-0.07030158749437398,-0.27134683602243115
2175_DGCR8_P1P2_ENSG00000128191,DGCR8,0.20049623413501072,-0.08953695043988812,-0.29003318457489885
6709_PPY_P1P2_ENSG00000108849,PPY,0.2001953374349122,-0.0640797512480072,-0.2642750886829194
5546_NDUFAF3_P1P2_ENSG00000178057,NDUFAF3,0.20014745626791014,-0.09121311130275261,-0.29136056757066275
9936_YJEFN3_P1_ENSG00000250067,YJEFN3,0.19917836151354207,-0.037690845489548756,-0.23686920700309083
1261_CCDC144NL_P1_ENSG00000205212,CCDC144NL,0.19916758666825504,-0.047496791407043826,-0.24666437807529887
6590_POU3F1_P1P2_ENSG00000185668,POU3F1,0.19913269225867256,-0.032747385553437064,-0.23188007781210962
5305_MTCP1_P1P2_ENSG00000214827,MTCP1,0.19907001141970568,-0.04415003664071678,-0.24322004806042247
8857_TFRC_P1P2_ENSG00000072274,TFRC,0.19873672916834437,-0.09034668998716852,-0.2890834191555129
7607_RUVBL1_P1P2_ENSG00000175792,RUVBL1,0.19857838537125677,-0.07128086625936746,-0.26985925163062424
680_ATP6V1B2_P1P2_ENSG00000147416,ATP6V1B2,0.1976696856025299,-0.0406413339649305,-0.2383110195674604
263_ALG11_P1P2_ENSG00000253710,ALG11,0.19748971025136697,-0.12101355099134187,-0.31850326124270883
2123_DDX46_P2_ENSG00000145833,DDX46,0.19747802646441906,-0.04996447267736253,-0.2474424991417816
8925_TIMM8A_P1P2_ENSG00000126953,TIMM8A,0.19743948732345704,-0.04962539424194121,-0.24706488156539824
5888_NUP155_P1P2_ENSG00000113569,NUP155,0.19718266656347921,0.06889567720542804,-0.1282869893580512
5115_MLST8_P1P2_ENSG00000167965,MLST8,0.19702121223238947,-0.05381984509682611,-0.2508410573292156
1319_CCNC_P1P2_ENSG00000112237,CCNC,0.19688353812829293,-0.05348835796966008,-0.250371896097953
3599_GUCD1_P1P2_ENSG00000138867,GUCD1,0.19686635527719357,-0.12280408756524167,-0.31967044284243523
8205_SNAPC1_P1P2_ENSG00000023608,SNAPC1,0.19677581681264905,-0.06622910365880406,-0.26300492047145313
7452_RPL26L1_P1P2_ENSG00000037241,RPL26L1,0.19635122753214518,-0.04411106792500409,-0.24046229545714928
1288_CCDC6_P1P2_ENSG00000108091,CCDC6,0.19626232129875998,-0.0931529436056938,-0.2894152649044538
1841_INTS11_P1P2_ENSG00000127054,INTS11,0.1957991608754973,-0.09256335199783067,-0.288362512873328
5531_NDUFA11_P1P2_ENSG00000174886,NDUFA11,0.19549134219485162,-0.051115821096144605,-0.24660716329099622
10380_ZNF468_P1P2_ENSG00000204604,ZNF468,0.19532699932710304,-0.04339596668731741,-0.23872296601442045
2979_FASTKD5_P1P2_ENSG00000215251,FASTKD5,0.19527204739374437,-0.040029474519520866,-0.23530152191326523
7834_SF3A3_P1P2_ENSG00000183431,SF3A3,0.1947265462501649,-0.1108118448701027,-0.3055383911202676
4463_KPNA6_P1P2_ENSG00000025800,KPNA6,0.19418912547613545,-0.04284028292299827,-0.23702940839913372
10542_ZNF674_P1P2_ENSG00000251192,ZNF674,0.19379278736354252,-0.03856789463669064,-0.23236068200023316
1118_C7orf26_P1P2_ENSG00000146576,C7orf26,0.19235833841160702,-0.08882944051046934,-0.28118777892207636
9147_TNNT2_P1P2_ENSG00000118194,TNNT2,0.19234209362002375,-0.09261041810900948,-0.28495251172903324
5560_NDUFB8_P1P2_ENSG00000166136,NDUFB8,0.19212649487132266,-0.0781904750337037,-0.27031696990502635
9212_TPRKB_P1P2_ENSG00000144034,TPRKB,0.19195183241092167,-0.09221111529476851,-0.28416294770569017
5570_NDUFS5_P2_ENSG00000168653,NDUFS5,0.19080248474792944,-0.060622163381149514,-0.25142464812907894
8080_SLC39A9_P1P2_ENSG00000029364,SLC39A9,0.1903567604799714,-0.09233004579077249,-0.2826868062707439
2345_DPH1_P2_ENSG00000108963,DPH1,0.1891410970104858,-0.06033824845238408,-0.24947934546286987
3339_GEMIN8_P1P2_ENSG00000046647,GEMIN8,0.18889367175187713,0.06790728887053857,-0.12098638288133856
682_ATP6V1D_P1P2_ENSG00000100554,ATP6V1D,0.18787007357590121,-0.09207042304843002,-0.27994049662433124
7154_RBM12_P1P2_ENSG00000244462,RBM12,0.1870354304721725,-0.04106847157612001,-0.2281039020482925
4128_INO80D_P1P2_ENSG00000114933,INO80D,0.186192963048113,0.03257126720190312,-0.15362169584620988
5906_NUS1_P1P2_ENSG00000153989,NUS1,0.18577730491267952,-0.040621596563465784,-0.2263989014761453
9483_UBA5_P1P2_ENSG00000081307,UBA5,0.18568987413288857,-0.06462480718076669,-0.25031468131365525
6654_PPP1R12A_P1P2_ENSG00000058272,PPP1R12A,0.18565502777812826,-0.12073014214978535,-0.3063851699279136
4706_LTBP3_P1P2_ENSG00000168056,LTBP3,0.18526646947520448,-0.11685047754390794,-0.3021169470191124
8418_SRP9_P1P2_ENSG00000143742,SRP9,0.18429180856063196,-0.04161504577052926,-0.22590685433116123
7561_RRP12_P1P2_ENSG00000052749,RRP12,0.18423765257233699,-0.059508771503646044,-0.24374642407598304
9910_XRN1_P1P2_ENSG00000114127,XRN1,0.18411270844674024,-0.22750189276621588,-0.4116146012129561
4595_LIN54_P1_ENSG00000189308,LIN54,0.18336829306690955,-0.06918920779131404,-0.2525575008582236
5089_NIFK_P1P2_ENSG00000155438,NIFK,0.18325117923812023,-0.09015538901912046,-0.2734065682572407
5261_MRPS31_P1P2_ENSG00000102738,MRPS31,0.18310411595657416,-0.06536824930261213,-0.2484723652591863
1175_CAP1_P1P2_ENSG00000131236,CAP1,0.1830795230365345,-0.13679689302938045,-0.31987641606591494
3133_FOLR3_P1_ENSG00000110203,FOLR3,0.18306144952060402,-0.08508135858101237,-0.2681428081016164
9793_WBP1_P1P2_ENSG00000239779,WBP1,0.18297705422170546,-0.03596103938168431,-0.21893809360338976
7166_RBM25_P1P2_ENSG00000119707,RBM25,0.18297321341410588,-0.09640657832408302,-0.2793797917381889
2361_DPPA2_P1P2_ENSG00000163530,DPPA2,0.18284531233541368,0.042955164721267175,-0.1398901476141465
4148_INTS3_P1P2_ENSG00000143624,INTS3,0.18249299609690983,-0.11163676703388674,-0.2941297631307966
9474_U2AF2_P1P2_ENSG00000063244,U2AF2,0.182438957170605,0.05903811039179492,-0.12340084677881005
3403_GLRX3_P1P2_ENSG00000108010,GLRX3,0.18158241739469583,0.05202525982517835,-0.1295571575695175
5251_MRPS21_P1P2_ENSG00000266472,MRPS21,0.18143457272699756,-0.07873249444316341,-0.26016706717016097
9937_YJEFN3_P2_ENSG00000250067,YJEFN3,0.1813815009780092,-0.02946642212532473,-0.21084792310333392
923_BTF3L4_P1P2_ENSG00000134717,BTF3L4,0.17833804780764695,-0.1076786589093728,-0.28601670671701973
8396_SRBD1_P1P2_ENSG00000068784,SRBD1,0.17744721078075276,-0.11045758381817312,-0.2879047945989259
6250_PGAM1_P1P2_ENSG00000171314,PGAM1,0.17742596745276648,-0.08684912123015301,-0.2642750886829195
10405_ZNF506_P1P2_ENSG00000081665,ZNF506,0.17628076504887347,-0.03976226046892146,-0.21604302551779492
3871_HNRNPL_P2_ENSG00000104824,HNRNPL,0.1759761836238225,-0.1011035737854954,-0.2770797574093179
4703_LTB4R2_P1P2_ENSG00000213906,LTB4R2,0.17591086494640065,-0.06754948520808357,-0.24346035015448422
5576_NDUFV2_P1P2_ENSG00000178127,NDUFV2,0.17582645182239248,-0.06806873069277282,-0.2438951825151653
3664_HDAC3_P1P2_ENSG00000171720,HDAC3,0.1757883426384006,-0.04971800820266143,-0.22550635084106202
4661_LRRC37A3_P1P2_ENSG00000176809,LRRC37A3,0.17575365055945938,-0.09432301725150541,-0.2700766678109648
7752_SEC61B_P1P2_ENSG00000106803,SEC61B,0.17568770824638433,-0.05965958549432285,-0.23534729374070718
2568_EIF4G1_P1P2_ENSG00000114867,EIF4G1,0.17508497800282405,-0.04847607017202891,-0.22356104817485295
7357_RNF14_P1P2_ENSG00000013561,RNF14,0.17506078626941896,-0.050434121614782626,-0.22549490788420157
6923_PTPN11_P1P2_ENSG00000179295,PTPN11,0.17480081692769406,-0.07146305765750058,-0.24626387458519464
62_ABT1_P1P2_ENSG00000146109,ABT1,0.17448109510349424,-0.0941995319705431,-0.26868062707403734
7501_RPS13_P1P2_ENSG00000110700,RPS13,0.17429620228024661,-0.08907489281072951,-0.2633710950909761
7033_RAB4B_P1P2_ENSG00000167578,RAB4B,0.17407382283149792,-0.14670658682636073,-0.32078040965785865
9593_UNC45A_P2_ENSG00000140553,UNC45A,0.17307892350128484,-0.049566688124763864,-0.2226456116260487
4389_KIF23_P1P2_ENSG00000137807,KIF23,0.17137123105939578,-0.1034199349779117,-0.27479116603730747
9623_UROD_P1P2_ENSG00000126088,UROD,0.17095118495841644,-0.056111408015610736,-0.22706259297402717
6193_PDPK1_P1P2_ENSG00000140992,PDPK1,0.17086980748903996,-0.05124942812144336,-0.22211923561048333
5541_NDUFA8_P1P2_ENSG00000119421,NDUFA8,0.17078383002911418,-0.086511054969173,-0.2572948849982872
7507_RPS18_P1P2_ENSG00000231500,RPS18,0.17031616350117906,-0.06731972161153893,-0.237635885112718
2748_ESYT2_P1P2_ENSG00000117868,ESYT2,0.17019216695572073,-0.04872304073394785,-0.21891520768966857
1100_C5orf30_P1P2_ENSG00000181751,C5orf30,0.16942233397518064,-0.06933496090982129,-0.23875729488500191
8230_SNRPD3_P1P2_ENSG00000100028,SNRPD3,0.16934509457232683,-0.07777700177737445,-0.24712209634970128
5567_NDUFS3_P1P2_ENSG00000213619,NDUFS3,0.16924687261624025,-0.07714287449441551,-0.24638974711065575
3790_HIST2H3A_P1P2_ENSG00000203852,HIST2H3A,0.16893382683470443,-0.05319685173263949,-0.22213067856734392
2550_EIF3F_P1P2_ENSG00000175390,EIF3F,0.16883498954743714,-0.12286886672902719,-0.29170385627646434
2292_DNAJC19_P1P2_ENSG00000205981,DNAJC19,0.1680150472957781,-0.05577486001627613,-0.22378990731205423
8078_SLC39A7_P1P2_ENSG00000112473,SLC39A7,0.1674130056644031,-0.047989214269230765,-0.21540221993363387
7493_RPP40_P1P2_ENSG00000124787,RPP40,0.16711106951362714,-0.053657897187371024,-0.22076896670099816
4319_KDM2A_P1P2_ENSG00000173120,KDM2A,0.1667809459205946,-0.056024867101492015,-0.2228058130220866
9808_WDR1_P1P2_ENSG00000071127,WDR1,0.16657998652210734,-0.04473709781248947,-0.2113170843345968
8855_TFPT_P1P2_ENSG00000105619,TFPT,0.1663246437174832,-0.043333211872403195,-0.2096578555898864
454_ARGFX_P1P2_ENSG00000186103,ARGFX,0.1662746599865651,-0.07288313838853627,-0.23915779837510137
4376_KIF14_P1P2_ENSG00000118193,KIF14,0.1655703540947832,-0.0573842173664854,-0.2229545714612686
700_ATXN10_P1P2_ENSG00000130638,ATXN10,0.16514128678502354,-0.13048750369444045,-0.295628790479464
7793_SERBP1_P1P2_ENSG00000142864,SERBP1,0.16499319388613398,-0.13770734393284156,-0.30270053781897555
1667_CLNS1A_P1P2_ENSG00000074201,CLNS1A,0.1643258245779232,-0.08731623973149608,-0.25164206430941927
7068_RAD51C_P1P2_ENSG00000108384,RAD51C,0.1639714156088503,-0.07853916912624789,-0.2425105847350982
5649_NFKBIE_P1P2_ENSG00000146232,NFKBIE,0.16391661027225946,-0.06946249488851777,-0.23337910516077723
1380_CD8B_P1P2_ENSG00000172116,CD8B,0.16278514494829555,-0.04595727409278678,-0.20874241904108232
1844_CPSF6_P1P2_ENSG00000111605,CPSF6,0.16275929012855866,-0.07793186446579183,-0.24069115459435048
10024_ZC3H3_P1P2_ENSG00000014164,ZC3H3,0.16275174169785195,-0.13007352435089659,-0.29282526604874853
7725_SDHA_P1P2_ENSG00000073578,SDHA,0.16248895331307853,-0.11758885879357436,-0.2800778121066529
9944_YPEL5_P1P2_ENSG00000119801,YPEL5,0.16247151788745906,-0.03647573008142005,-0.1989472479688791
8222_SNRNP70_P1P2_ENSG00000104852,SNRNP70,0.1621121759492002,-0.06625491410687488,-0.22836709005607506
7559_RRN3_P1P2_ENSG00000085721,RRN3,0.16116155051163747,-0.06163281955358854,-0.222794370065226
3308_GBF1_P1P2_ENSG00000107862,GBF1,0.16100807595807645,-0.15613347341828657,-0.317141549376363
7419_RPA2_P1P2_ENSG00000117748,RPA2,0.16048813015154315,-0.08742353022150084,-0.247911660373044
9916_YAE1_P1P2_ENSG00000241127,YAE1,0.1586818947625598,-0.14662763722050662,-0.30530953198306643
9896_XPO1_P1P2_ENSG00000082898,XPO1,0.1583103606915937,-0.05804162466142597,-0.2163519853530197
6550_POLR2I_P1P2_ENSG00000105258,POLR2I,0.15812174030057732,-0.10112989032077971,-0.25925163062135703
1255_CCDC130_P1_ENSG00000104957,CCDC130,0.15807949305006364,-0.06947514706894736,-0.227554640119011
5011_MEX3A_P1P2_ENSG00000254726,MEX3A,0.15801043523419228,-0.0724964877547113,-0.23050692298890357
6760_PRKCA_P1P2_ENSG00000154229,PRKCA,0.15697063465772657,-0.09871079342329295,-0.2556814280810195
5228_MRPL45_P1P2_ENSG00000278845,MRPL45,0.15691413016761657,-0.056348256833189045,-0.21326238700080563
9938_YKT6_P1P2_ENSG00000106636,YKT6,0.15597451564513604,-0.09016348641459747,-0.24613800205973352
9762_VPS51_P1P2_ENSG00000149823,VPS51,0.1555780488303827,-0.06905863728931233,-0.22463668611969503
4487_KXD1_P1P2_ENSG00000105700,KXD1,0.15547812688685278,-0.04330891968598355,-0.19878704657283633
1257_CCDC137_P1P2_ENSG00000185298,CCDC137,0.1551037514306196,-0.042882288162013234,-0.19798603959263283
6513_POLA2_P1P2_ENSG00000014138,POLA2,0.15489410067476525,-0.10087887106113366,-0.2557729717358989
7827_SET_P1P2_ENSG00000119335,SET,0.1544838672453091,-0.04000062754814931,-0.19448449479345842
7210_RCOR1_P1P2_ENSG00000089902,RCOR1,0.15441203746830184,-0.03433953593826998,-0.1887515734065718
2475_EDC4_P1P2_ENSG00000038358,EDC4,0.15401619189167706,-0.07950022875142171,-0.23351642064309877
4301_KCTD10_P1P2_ENSG00000110906,KCTD10,0.15398074910801585,-0.07627442882996556,-0.2302551779379814
8972_TMED10_P1P2_ENSG00000170348,TMED10,0.15397017895615867,-0.06673013000368135,-0.22070030895984002
8659_TAF1D_P2_ENSG00000166012,TAF1D,0.15370036132743942,-0.047489706186007966,-0.2011900675134474
5985_OSGEP_P1P2_ENSG00000092094,OSGEP,0.1529888921385525,-0.08860625604774172,-0.2415951481862942
9942_YPEL1_P1P2_ENSG00000100027,YPEL1,0.15203289411523577,-0.04074660010607561,-0.19277949422131138
5891_NUP205_P1P2_ENSG00000155561,NUP205,0.15198142627877326,-0.05510176401760358,-0.20708319029637684
7947_SKP1_P1P2_ENSG00000113558,SKP1,0.14974005838623,-0.08270072431202194,-0.23244078269825194
4154_INTS9_P1P2_ENSG00000104299,INTS9,0.14931762816795796,-0.08796352528209789,-0.23728115345005585
6273_PHAX_P2_ENSG00000164902,PHAX,0.1490408406776052,-0.04962033336977019,-0.1986611740473754
2796_EXOSC9_P1P2_ENSG00000123737,EXOSC9,0.14824844628375022,-0.09930848242663182,-0.24755692871038204
1773_COPE_P1P2_ENSG00000105669,COPE,0.14747303560706004,-0.1001182219739035,-0.24759125758096356
342_ANKRD49_P1P2_ENSG00000168876,ANKRD49,0.14730796559292222,-0.06375737369075196,-0.21106533928367419
7249_RFC5_P1P2_ENSG00000111445,RFC5,0.14723485098330566,-0.07665804294048842,-0.22389289392379408
2562_EIF4B_P1P2_ENSG00000063046,EIF4B,0.14696655849611334,-0.07334468993048253,-0.22031124842659588
2347_DPH2_P1P2_ENSG00000132768,DPH2,0.1468365884884055,-0.05130965250027003,-0.19814624098867553
7948_SKP2_P1P2_ENSG00000145604,SKP2,0.14625478145052978,-0.07509777605033156,-0.22135255750086133
8184_SMN2_ENST00000380743.4_ENSG00000205571,SMN2,0.14609570220255413,-0.12264213965578569,-0.2687378418583398
9439_TWF1_P1P2_ENSG00000151239,TWF1,0.14482372149349845,-0.060943528763970106,-0.20576725025746856
902_BRK1_P1P2_ENSG00000254999,BRK1,0.14459962145246394,-0.05922232613879566,-0.2038219475912596
8820_TERF2_P1P2_ENSG00000132604,TERF2,0.14445068326804492,-0.13970082148078464,-0.28415150474882955
3751_HIST1H2AE_P1P2_ENSG00000277075,HIST1H2AE,0.14430516715750916,-0.053898288615464134,-0.1982034557729733
6274_PHAX_P1_ENSG00000164902,PHAX,0.14424804010888986,-0.09709536302648199,-0.24134340313537186
2213_DHX37_P1P2_ENSG00000150990,DHX37,0.1439339646405295,-0.07805939844449285,-0.22199336308502232
5209_MRPL27_P1P2_ENSG00000108826,MRPL27,0.1433060630121461,-0.08352767082468011,-0.22683373383682623
7562_RRP15_P1P2_ENSG00000067533,RRP15,0.14269460065322326,-0.08261721992121433,-0.2253118205744376
6258_PGK1_P1P2_ENSG00000102144,PGK1,0.14183555215798732,-0.05742065564611183,-0.19925620780409917
510_ARL4D_P1P2_ENSG00000175906,ARL4D,0.14034433755896913,-0.06842096739583403,-0.20876530495480317
3760_HIST1H2BC_P1P2_ENSG00000180596,HIST1H2BC,0.13962275541667446,-0.0373082435534612,-0.17693099897013567
6834_PSAT1_P1P2_ENSG00000135069,PSAT1,0.13949349973378328,-0.04453213248958516,-0.18402563222336843
7156_RBM14-RBM4_P2_nan,RBM14-RBM4,0.13929250621393632,-0.06198910495439062,-0.20128161116832693
3654_HBS1L_P1P2_ENSG00000112339,HBS1L,0.13906068240982708,-0.08020925694250364,-0.21926993935233072
8564_STXBP4_P1P2_ENSG00000166263,STXBP4,0.13888006215797452,-0.03448073427182382,-0.17336079642979835
7838_SF3B4_P1P2_ENSG00000143368,SF3B4,0.13842207789677546,-0.1543459733676752,-0.29276805126445066
2366_DPY19L4_P1P2_ENSG00000156162,DPY19L4,0.13839054173117749,-0.08479288886729229,-0.2231834305984698
3769_HIST1H2BM_P1P2_ENSG00000273703,HIST1H2BM,0.1379296560770014,-0.06129222285651607,-0.19922187893351745
2394_DTYMK_P1P2_ENSG00000168393,DTYMK,0.13760969700162112,-0.0751377569404796,-0.2127474539421007
5098_MKRN1_P1P2_ENSG00000133606,MKRN1,0.13747654852990912,-0.04097636370261515,-0.17845291223252427
3177_FOXO1_P1P2_ENSG00000150907,FOXO1,0.13693635523879932,-0.08088032859230614,-0.21781668383110547
8338_SPDL1_P1P2_ENSG00000040275,SPDL1,0.13607251467267095,-0.03324891798553226,-0.1693214326582032
2222_DICER1_P1P2_ENSG00000100697,DICER1,0.13599818507150746,-0.13045106541482215,-0.2664492504863296
8136_SMAGP_P1P2_ENSG00000170545,SMAGP,0.13597586500951536,-0.10046995258975494,-0.2364458175992703
3372_GINS4_P1P2_ENSG00000147536,GINS4,0.13490612439668884,-0.08589717117489096,-0.2208032955715798
3424_GMPPB_P1P2_ENSG00000173540,GMPPB,0.13466253052929517,-0.058906527715359244,-0.19356905824465442
1823_COX7C_P1P2_ENSG00000127184,COX7C,0.13453281493768926,-0.07203544229998297,-0.20656825723767225
664_ATP5MF_P1P2_ENSG00000241468,ATP5MF,0.13426830279865415,-0.10062127266765103,-0.23488957546630518
4904_MCM7_P1P2_ENSG00000166508,MCM7,0.13413620107445,-0.047177450373087536,-0.18131365144753755
2640_ENO1_P1P2_ENSG00000074800,ENO1,0.13386628302747225,-0.039551728186628686,-0.17341801121410094
9188_TOX4_P1P2_ENSG00000092203,TOX4,0.13305822289753028,-0.044788212621409626,-0.1778464355189399
9909_XRCC6_P1P2_ENSG00000196419,XRCC6,0.13215204515616952,-0.06875194843577921,-0.20090399359194872
2794_EXOSC7_P1P2_ENSG00000075914,EXOSC7,0.13145840896583405,-0.045804435753242806,-0.17726284471907686
7527_RPS5_P1P2_ENSG00000083845,RPS5,0.13141017720357895,-0.035634107039474186,-0.16704428424305315
9548_UBR5_P1P2_ENSG00000104517,UBR5,0.1304458165276824,-0.05883213289444969,-0.18927794942213208
6453_PLK1_P1P2_ENSG00000166851,PLK1,0.12997321744751533,-0.07411191815152705,-0.20408513559904237
3818_HMBOX1_P1P2_ENSG00000147421,HMBOX1,0.12980106874473438,-0.08486880194985422,-0.2146698706945886
6698_PPP4R2_P1P2_ENSG00000163605,PPP4R2,0.12780342147593668,-0.06424372350632923,-0.1920471449822659
2553_EIF3I_P1P2_ENSG00000084623,EIF3I,0.1276283339578502,-0.1732756596340985,-0.3009039935919487
9478_UBA1_P1_ENSG00000130985,UBA1,0.12753938946823817,-0.13879543144949086,-0.26633482091772903
7070_RAD51_P1P2_ENSG00000051180,RAD51,0.12687079547414185,-0.059351884466357675,-0.1862226799404995
2274_DNAJA1_P1_ENSG00000086061,DNAJA1,0.1253657092903086,-0.10067846052317442,-0.22604416981348302
2544_EIF3A_P1P2_ENSG00000107581,EIF3A,0.12496151579372869,-0.12811091812319977,-0.25307243391692846
2989_FBRSL1_P1P2_ENSG00000112787,FBRSL1,0.1244458661864275,-0.06508382828662673,-0.18952969447305423
"2546_EIF3CL_ENST00000380876.4,ENST00000398943.3,ENST00000398944.3_ENSG00000205609",EIF3CL,0.12414409529143686,-0.17389915908549883,-0.2980432543769357
5834_NSUN4_P1P2_ENSG00000117481,NSUN4,0.12403552834279506,-0.12441395100267007,-0.24844947934546513
6979_PYROXD1_P1P2_ENSG00000121350,PYROXD1,0.12384106545024122,-0.06154627863947294,-0.18538734408971416
10239_ZNF253_P1P2_ENSG00000256771,ZNF253,0.12307437236474376,-0.055492969436381004,-0.17856734180112477
4991_METTL14_P1P2_ENSG00000145388,METTL14,0.12230926491493116,-0.1532371362751378,-0.27554640119006896
6794_PRPF38A_P1P2_ENSG00000134748,PRPF38A,0.12141984590518069,-0.06870488232459725,-0.19012472822977794
5956_OR4N2_ENST00000315947.1_ENSG00000176294,OR4N2,0.12074446950844031,-0.06410505560885299,-0.1848495251172933
2_AAAS_P1P2_ENSG00000094914,AAAS,0.12067563309919992,-0.06458583846505324,-0.18526147156425316
9423_TUBE1_P1P2_ENSG00000074935,TUBE1,0.11972135559868172,-0.04898215738907669,-0.1687035129877584
7566_RRP7A_P1P2_ENSG00000189306,RRP7A,0.11963334649306688,-0.07240235553233844,-0.19203570202540532
3641_HAUS7_P2_ENSG00000213397,HAUS7,0.11883839584625021,-0.055586595571534544,-0.17442499141778475
268_ALG1_P1P2_ENSG00000033011,ALG1,0.11883537179705406,-0.08615375739393188,-0.20498912919098594
7418_RPA1_P1P2_ENSG00000132383,RPA1,0.11826896572461243,-0.08178824905969018,-0.2000572147843026
3667_HDAC7_P1P2_ENSG00000061273,HDAC7,0.11804959444578916,-0.0838728223067037,-0.20192241675249287
1894_CSH2_P1_ENSG00000213218,CSH2,0.11736764923501715,-0.10317245832877998,-0.22054010756379713
9547_UBR4_P1P2_ENSG00000127481,UBR4,0.1172936926060518,-0.12955377277900595,-0.24684746538505775
7434_RPL12_P1P2_ENSG00000197958,RPL12,0.11692268137026225,-0.0713254019344652,-0.18824808330472745
3832_HMGCR_P1P2_ENSG00000113161,HMGCR,0.11640498333452565,-0.11921694137081987,-0.23562192470534551
7420_RPA3_P1P2_ENSG00000106399,RPA3,0.11623003264939226,-0.08208785269218156,-0.19831788534157382
3335_GEMIN4_P1P2_ENSG00000179409,GEMIN4,0.11592117792325983,-0.06618203754762068,-0.18210321547088051
3754_HIST1H2AI_ENST00000358739.3_ENSG00000196747,HIST1H2AI,0.11567417932066801,-0.1328210718522393,-0.2484952511729073
5624_NFATC2IP_P1P2_ENSG00000176953,NFATC2IP,0.11541781471674603,-0.04516119890037488,-0.1605790136171209
8158_SMC4_P1_ENSG00000113810,SMC4,0.1150152476486322,-0.0822842145323973,-0.1972994621810295
1709_CNIH4_P1P2_ENSG00000143771,CNIH4,0.11465631561842306,-0.10992315571697388,-0.22457947133539694
4464_KPNB1_P1P2_ENSG00000108424,KPNB1,0.11459993917029088,-0.160305656435617,-0.2749055956059079
10708_ZRSR2_P1P2_ENSG00000169249,ZRSR2,0.11443165723099005,-0.06465061762883464,-0.1790822748598247
8693_TARS2_P1P2_ENSG00000143374,TARS2,0.1140424098641738,-0.04790975857615352,-0.1619521684403273
8118_SLC9B1_P1P2_ENSG00000164037,SLC9B1,0.11395175030699495,-0.10828191487208902,-0.22223366517908397
1315_CCNA2_P1P2_ENSG00000145386,CCNA2,0.11373535043596789,-0.05388108165008775,-0.16761643208605564
3631_HARS2_P1P2_ENSG00000112855,HARS2,0.1136971443778784,-0.09575473798852821,-0.2094518823664066
9886_XAB2_P1P2_ENSG00000076924,XAB2,0.11342061251977552,-0.06677162915547764,-0.18019224167525316
8413_SRP14_P1P2_ENSG00000140319,SRP14,0.11278973632163634,-0.062482033903794296,-0.17527177022543064
8724_TBCA_P1P2_ENSG00000171530,TBCA,0.11219759415929173,-0.05184863538642647,-0.1640462295457182
1290_CCDC6_P1P2_ENSG00000108091,CCDC6,0.10999682745685438,-0.11319804609847592,-0.2231948735553303
2558_EIF4A1_P1P2_ENSG00000161960,EIF4A1,0.10918081955117748,-0.12478187640946276,-0.23396269596064023
8491_STARD7_P1P2_ENSG00000084090,STARD7,0.10868849693353089,-0.045917293202641506,-0.1546057901361724
126_ADAM10_P1P2_ENSG00000137845,ADAM10,0.10833077975587714,-0.10172757932411376,-0.2100583590799909
9425_TUBGCP2_P1P2_ENSG00000130640,TUBGCP2,0.10768253279592939,-0.06334390043442119,-0.17102643323035058
4593_LIN52_P1P2_ENSG00000205659,LIN52,0.10762787040767896,-0.12596865093343884,-0.2335965213411178
8228_SNRPD1_P1P2_ENSG00000167088,SNRPD1,0.10627731719983748,-0.10579500228752049,-0.21207231948735797
1321_CCND1_P2_ENSG00000110092,CCND1,0.10587134835001374,-0.054833537792568304,-0.16070488614258205
8405_SRFBP1_P1P2_ENSG00000151304,SRFBP1,0.10507893289959971,-0.06082105565744817,-0.16589998855704788
4931_MED11_P1P2_ENSG00000161920,MED11,0.10383246114057522,-0.10576817966501358,-0.2096006408055888
9810_WDR24_P1P2_ENSG00000127580,WDR24,0.10315152261423174,-0.15107664994556266,-0.2542281725597944
5302_MTBP_P1P2_ENSG00000172167,MTBP,0.10188170989733907,-0.09871332385938471,-0.20059503375672377
3436_RACK1_P1P2_ENSG00000204628,RACK1,0.10169262997982031,-0.13007301826368886,-0.23176564824350918
1979_CXXC1_P1P2_ENSG00000154832,CXXC1,0.10168873614864632,0.31776609053701793,0.2160773543883716
8307_SP2_P1P2_ENSG00000167182,SP2,0.10160324893135694,-0.03939686549821325,-0.1410001144295702
3346_GFM1_P1P2_ENSG00000168827,GFM1,0.10091462684399638,-0.11354927062711223,-0.2144638974711086
4973_MEN1_P1P2_ENSG00000133895,MEN1,0.10053307888276146,-0.07939597478470904,-0.1799290536674705
8209_SNAPC5_P1P2_ENSG00000174446,SNAPC5,0.10052637021285324,-0.07074036511155873,-0.17126673532441197
2600_ELOVL1_P1P2_ENSG00000066322,ELOVL1,0.09925492106040523,-0.10672974537740379,-0.20598466643780902
7580_RSRC2_P1P2_ENSG00000111011,RSRC2,0.09886960487763054,-0.10242344924755688,-0.20129305412518742
8245_SNX15_P2_ENSG00000110025,SNX15,0.09848409970699419,-0.07470505236990567,-0.17318915207689986
1352_CCT8_P1P2_ENSG00000156261,CCT8,0.09803551532526085,-0.058618564088860556,-0.1566540794141214
2557_EIF3M_P1P2_ENSG00000149100,EIF3M,0.09714179761447914,-0.15958093954080557,-0.2567227371552847
2556_EIF3L_P1P2_ENSG00000100129,EIF3L,0.09707764201685229,-0.13365814010925234,-0.23073578212610463
430_AQP7_P1P2_ENSG00000165269,AQP7,0.09617365249030352,-0.052161397286560884,-0.1483350497768644
5218_MRPL36_P1P2_ENSG00000171421,MRPL36,0.09570932808379345,-0.19168053345643243,-0.2873898615402259
104_ACTB_P1P2_ENSG00000075624,ACTB,0.09489508448190359,-0.13991439028637775,-0.23480947476828135
7187_RBMXL1_P1P2_ENSG00000213516,RBMXL1,0.09479508675561205,-0.06497147692444458,-0.15976656368005662
8207_SNAPC3_P1P2_ENSG00000164975,SNAPC3,0.0947715666779432,-0.1253451514820334,-0.2201167181599766
1332_CCNK_P2_ENSG00000090061,CCNK,0.09439424827154645,-0.1109267266683807,-0.20532097493992715
9435_TUT1_P1_ENSG00000149016,TUT1,0.0940817299812767,-0.09949877122023795,-0.19358050120151465
8460_SSU72_P1P2_ENSG00000160075,SSU72,0.09399376778384277,-0.08000783423012142,-0.1740016020139642
5950_OR1E2_ENST00000248384.1_ENSG00000127780,OR1E2,0.09343353013798426,-0.0994947225225042,-0.19292825266048846
1187_CAPZB_P1P2_ENSG00000077549,CAPZB,0.09228675262668307,-0.05379403464875265,-0.14608078727543572
8719_TBC1D3_ENST00000537432.1_ENSG00000274611,TBC1D3,0.09126004586251718,-0.11426690230088984,-0.20552694816340702
2545_EIF3B_P1P2_ENSG00000106263,EIF3B,0.09118747080129488,-0.17433490017937,-0.2655223709806649
7362_RNF168_P1P2_ENSG00000163961,RNF168,0.09084402795867884,-0.07336240298307735,-0.1642064309417562
3020_FBXO42_P1P2_ENSG00000037637,FBXO42,0.09002778964694585,-0.0784354212467509,-0.16846321089369676
4272_KANSL3_P1P2_ENSG00000114982,KANSL3,0.08913875451985573,-0.17729905300961332,-0.26643780752946905
8165_SMG1_P1P2_ENSG00000157106,SMG1,0.08815063672357784,-0.16660391185177695,-0.2547545485753548
32_ABCE1_P1P2_ENSG00000164163,ABCE1,0.08746988138241657,-0.13939818132499132,-0.2268680627074079
6050_PAM16_P1P2_ENSG00000217930,PAM16,0.08667517990495006,-0.11192877935812758,-0.19860395926307764
1262_CCDC144NL_P2_ENSG00000205212,CCDC144NL,0.0864203487817817,-0.12515992356059266,-0.21158027234237436
2774_EWSR1_P1P2_ENSG00000182944,EWSR1,0.08627580050874875,-0.08485361933334187,-0.17112941984209062
4505_LAMTOR1_P1P2_ENSG00000149357,LAMTOR1,0.0858788639519315,-0.06877269801168301,-0.15465156196361451
7558_RRM2_P1P2_ENSG00000171848,RRM2,0.08533091010086541,-0.11413127092671357,-0.19946218102757898
8892_THOC7_P1P2_ENSG00000163634,THOC7,0.08520702290362069,-0.06587433651965648,-0.15108135942327716
4900_MCM3_P1P2_ENSG00000112118,MCM3,0.08487318362622162,-0.08336116813027408,-0.1682343517564957
9919_YARS_P1P2_ENSG00000134684,YARS,0.0844074082626328,-0.1329172284234891,-0.2173246366861219
7816_SETD2_P1P2_ENSG00000181555,SETD2,0.08192430451861722,-0.11037458551457076,-0.19229889003318798
9881_WTAP_P1P2_ENSG00000146457,WTAP,0.08181967591183842,-0.19764021652436947,-0.2794598924362079
4857_MARS_P1P2_ENSG00000166986,MARS,0.08167023337756199,-0.12220892899800048,-0.20387916237556247
3994_HUWE1_P1P2_ENSG00000086758,HUWE1,0.08088873419193733,-0.09395964662966787,-0.1748483808216052
9057_TMEM242_P1P2_ENSG00000215712,TMEM242,0.08070467067068327,-0.11661767742406742,-0.1973223480947507
5256_MRPS26_P1P2_ENSG00000125901,MRPS26,0.08048430754431526,-0.044552882065483856,-0.12503718960979912
6081_PARS2_P1P2_ENSG00000162396,PARS2,0.08040940635821192,-0.10290676253983227,-0.1833161688980442
5749_NOP56_P1P2_ENSG00000101361,NOP56,0.07881139359666682,-0.08215668055369783,-0.16096807415036465
2077_DCTN5_P1P2_ENSG00000166847,DCTN5,0.07862122738978217,-0.047983647309842704,-0.12660487469962486
8271_SON_P1_ENSG00000159140,SON,0.07827150367991013,-0.08033932135728071,-0.15861082503719084
572_ASCC3_P1P2_ENSG00000112249,ASCC3,0.07803853055570913,-0.1227853623382157,-0.20082389289392483
4270_KANSL1_P1P2_ENSG00000120071,KANSL1,0.0767731154987153,-0.13761068127437448,-0.21438379677308977
6981_QARS_P1P2_ENSG00000172053,QARS,0.07491846432841683,-0.10066226573223368,-0.1755807300606505
9194_TP53RK_P1P2_ENSG00000172315,TP53RK,0.07436259459920261,-0.08985527929941406,-0.16421787389861667
9255_TREML2_P1P2_ENSG00000112195,TREML2,0.07218757232591091,-0.07576985987457044,-0.14795743220048135
8206_SNAPC2_P1P2_ENSG00000104976,SNAPC2,0.07063906517923794,-0.09864803860838349,-0.16928710378762143
9473_U2AF1_P1P2_ENSG00000160201,U2AF1,0.07018775974044728,-0.08904098496718843,-0.1592287447076357
5339_MTOR_P1P2_ENSG00000198793,MTOR,0.0692268565106337,-0.23829116614642465,-0.30751802265705835
8432_SRSF2_P1P2_ENSG00000161547,SRSF2,0.06643942269995175,-0.1199892304640278,-0.18642865316397955
4004_IARS_P1P2_ENSG00000196305,IARS,0.06497660402402718,-0.09172324721753634,-0.15669985124156352
5482_NBPF15_P1P2_ENSG00000266338,NBPF15,0.06402459701875379,-0.053414469235968424,-0.11743906625472222
9596_UNCX_P1P2_ENSG00000164853,UNCX,0.06374836082118909,-0.14161838594617993,-0.20536674676736902
10020_ZC3H13_P1P2_ENSG00000123200,ZC3H13,0.0594296581360832,-0.25334068171973867,-0.31277033985582187
4628_LPA_P1P2_ENSG00000198670,LPA,0.05567988567033863,-0.0838212014105642,-0.13950108708090284
8738_TBL3_P1P2_ENSG00000183751,TBL3,0.05327246686134454,-0.10200845772957054,-0.15528092459091508
1793_COQ4_P1P2_ENSG00000167113,COQ4,0.05268133259957511,-0.09158002453511252,-0.14426135713468763
7842_SFPQ_P1P2_ENSG00000116560,SFPQ,0.051337975559303556,-0.16496823796627405,-0.2163062135255776
7836_SF3B2_P1P2_ENSG00000087365,SF3B2,0.050000275681154324,-0.07682201519881106,-0.12682229087996538
8499_STAT5B_P1P2_ENSG00000173757,STAT5B,0.047162949558372885,-0.1340706011911454,-0.18123355074951827
5127_MMS22L_P1P2_ENSG00000146263,MMS22L,0.045002963235347845,-0.0985832594445973,-0.14358622267994514
8923_TIMM44_P1P2_ENSG00000104980,TIMM44,0.028752989012265875,-0.07242563554432095,-0.10117862455658683
7188_RBMX_P1P2_ENSG00000147274,RBMX,0.02788928969189307,-0.09928773285073449,-0.12717702254262755
5886_NUP133_P1P2_ENSG00000069248,NUP133,0.02777395104262978,-0.13090553173572447,-0.15867948277835425
1409_CDC6_P1P2_ENSG00000094804,CDC6,0.02767234071709518,-0.1052261602555587,-0.13289850097265388
6828_PRSS50_P2_nan,PRSS50,0.01896592485613957,0.21530417866092272,0.19633825380478315
1484_CENPK_P1P2_ENSG00000123219,CENPK,0.01880880435508632,-0.08607733822415943,-0.10488614257924575
5004_METTL3_P1P2_ENSG00000165819,METTL3,0.01388127023488167,-0.21236887280208122,-0.2262501430369629
1919_CS_P1P2_ENSG00000062485,CS,0.013608235677456476,0.1504774426805427,0.13686920700308622
3616_H2AFZ_P1P2_ENSG00000164032,H2AFZ,0.011336798698908912,-0.1840173608159116,-0.19535415951482052
9163_TOMM20_P1P2_ENSG00000173726,TOMM20,0.01033912295997666,0.15600796378844278,0.14566884082846612
4654_LRR1_P1P2_ENSG00000165501,LRR1,0.00945927061432053,-0.15612031515064198,-0.1655795857649625
6884_PSMG2_P1P2_ENSG00000128789,PSMG2,0.008561476165139026,0.17652119695699148,0.16795972079185245
10163_ZNF131_P1P2_ENSG00000172262,ZNF131,0.00431621318074904,0.15163283979706443,0.1473166266163154
3585_GTF3C2_P1P2_ENSG00000115207,GTF3C2,0.003268412638857743,0.13552610802734583,0.13225769538848808
630_ATL2_P1P2_ENSG00000119787,ATL2,0.0019725906179539066,-0.27429471685429985,-0.27626730747225375
2508_EGLN2_P1_ENSG00000269858,EGLN2,0.0016712691381287892,-0.11890316729624961,-0.1205744364343784
7331_RNASEH2C_P1P2_ENSG00000172922,RNASEH2C,0.0006903377456033422,0.27201428785430815,0.2713239501087048
9703_VARS_P1P2_ENSG00000204394,VARS,-0.009697550027376545,-0.19355153789784663,-0.18385398787047008
8170_SMG9_P1P2_ENSG00000105771,SMG9,-0.01032973041210472,-0.1613309891373628,-0.15100125872525808
6621_PPIA_P1P2_ENSG00000196262,PPIA,-0.012707601684631337,0.15644218662066375,0.1691497883052951
8347_SPEN_P1P2_ENSG00000065526,SPEN,-0.012777192968207035,0.16294085257476013,0.17571804554296716
7375_RNF20_P1P2_ENSG00000155827,RNF20,-0.013795361121942629,0.2307863988048206,0.24458175992676323
7468_RPL37_P1P2_ENSG00000145592,RPL37,-0.01742274651426201,0.11308417647463648,0.1305069229888985
5743_NOMO3_P1P2_ENSG00000103226,NOMO3,-0.01822598350967633,0.1397554789002092,0.15798146240988553
7474_RPL4_P1P2_ENSG00000174444,RPL4,-0.0191543436114531,0.11988902519504305,0.13904336880649615
662_ATP5PD_P1P2_ENSG00000167863,ATP5PD,-0.019737880102061386,0.11031132461243516,0.13004920471449655
3584_GTF3C1_P1P2_ENSG00000077235,GTF3C1,-0.021840745248705634,0.14535229743351996,0.1671930426822256
1701_CMTR1_P1P2_ENSG00000137200,CMTR1,-0.027015131061992853,0.16952909596627025,0.1965442270282631
3589_GTF3C6_P1P2_ENSG00000155115,GTF3C6,-0.027103208896783318,0.11163120007449263,0.13873440897127595
1254_CCDC130_P2_ENSG00000104957,CCDC130,-0.02801762065806826,0.193540910066268,0.22155853072433626
10025_ZC3H4_P1_ENSG00000130749,ZC3H4,-0.028315111928036707,-0.12500809739548197,-0.09669298546744526
1716_CNOT1_P1P2_ENSG00000125107,CNOT1,-0.029151230659092253,-0.197969173215451,-0.16881794255635874
2127_DDX51_P1P2_ENSG00000185163,DDX51,-0.029972279770230675,0.12201307324498531,0.15198535301521598
8730_TBCE_P1P2_ENSG00000285053,TBCE,-0.031525029223831574,0.0911549112727893,0.12267994049662087
825_BGLAP_P1P2_ENSG00000242252,BGLAP,-0.03288749221188117,0.1349005842270681,0.16778807643894927
6221_PET117_P1P2_ENSG00000232838,PET117,-0.03429212162935924,0.19658097597906202,0.23087309760842126
7069_RAD51D_P1P2_ENSG00000185379,RAD51D,-0.034612867059682,0.13128712149736096,0.16589998855704297
2987_FBLIM1_P1P2_ENSG00000162458,FBLIM1,-0.03494201774216332,0.10534863336207795,0.14029065110424127
5214_MRPL32_P1P2_ENSG00000106591,MRPL32,-0.036601790170136705,0.09811614094326043,0.13471793111339714
7443_RPL18_P1P2_ENSG00000063177,RPL18,-0.03707418459161492,0.11573506131752585,0.15280924590914077
5262_MRPS33_P1P2_ENSG00000090263,MRPS33,-0.03764806400692226,0.12306826509251546,0.16071632909943773
1016_C19orf25_P1P2_ENSG00000119559,C19orf25,-0.03787700563303027,0.12044774548265692,0.1583247511156872
9399_TTI2_P1P2_ENSG00000129696,TTI2,-0.037984144835448264,0.13034175057592187,0.16832589541137014
5539_NDUFA6_P1P2_ENSG00000184983,NDUFA6,-0.040470815894976434,0.11916987525961435,0.15964069115459079
7504_RPS15_P1P2_ENSG00000115268,RPS15,-0.04063027304919033,0.09135279137465464,0.13198306442384497
2521_EHMT2_P1P2_ENSG00000204371,EHMT2,-0.04122110626465314,0.2179160947880982,0.25913720105275134
4351_KIAA0586_P1P2_ENSG00000100578,KIAA0586,-0.041326958236920064,0.14486139283299293,0.186188351069913
8598_SUPT5H_P1P2_ENSG00000196235,SUPT5H,-0.04152442881294749,0.12917015866845707,0.17069458748140456
8218_SNRNP27_P1P2_ENSG00000124380,SNRNP27,-0.042150084859554654,0.19398677290449085,0.2361368577640455
1198_CASC3_P1P2_ENSG00000108349,CASC3,-0.04222125580240313,-0.19271902442581715,-0.15049776862341402
6671_PPP1R37_P1P2_ENSG00000104866,PPP1R37,-0.043229659721680413,-0.22474928439269778,-0.18151962467101737
5953_OR2T5_ENST00000366473.2_ENSG00000203661,OR2T5,-0.04458422966018746,0.16416963233775034,0.2087538619979378
8422_SRPRB_P1P2_ENSG00000144867,SRPRB,-0.045063472086270706,0.18643898814945079,0.2315024602357215
5192_MRM1_P1P2_ENSG00000278619,MRM1,-0.04651924556948023,0.15587233241427026,0.2023915779837505
3583_GTF3A_P1P2_ENSG00000122034,GTF3A,-0.0472101527109802,0.23581994226556016,0.28303009497654036
7450_RPL23_P1P2_ENSG00000125691,RPL23,-0.04740490796316238,0.1287708558542069,0.17617576381736927
1856_CRCP_P1P2_ENSG00000241258,CRCP,-0.04788028154096975,0.11121114768433953,0.15909142922530928
3642_HAUS8_P1P2_ENSG00000131351,HAUS8,-0.04894593794482752,0.11259428404853497,0.1615402219933625
6872_PSMD4_P1P2_ENSG00000159352,PSMD4,-0.04990261773521726,0.16147168138367232,0.21137429911888958
9844_WDR7_P1P2_ENSG00000091157,WDR7,-0.05026955296228275,0.07061384330731113,0.12088339626959388
6280_PHF12_P1P2_ENSG00000109118,PHF12,-0.05050040878991775,0.11937028579756225,0.16987069458748
9606_UQCC2_P1P2_ENSG00000137288,UQCC2,-0.05067329106725152,0.14371966007132267,0.1943929511385742
2114_DDX27_P1P2_ENSG00000124228,DDX27,-0.051464911406508135,0.1083016522735438,0.15976656368005193
2918_FAM32A_P1P2_ENSG00000105058,FAM32A,-0.05373619914752584,0.08316733672614177,0.1369035358736676
7142_RBBP6_P1P2_ENSG00000122257,RBBP6,-0.05395842258311992,0.19294625758623557,0.2469046801693555
6886_PSMG3_P1_ENSG00000157778,PSMG3,-0.054183164710361637,0.22334286801649275,0.2775260327268544
4042_IFITM2_P1P2_ENSG00000185201,IFITM2,-0.05615724520179699,0.0952101881429791,0.1513674333447761
785_BCAR1_P1_ENSG00000050820,BCAR1,-0.05665931447202585,0.08509603511030597,0.14175534958233182
3479_GOSR2_P1P2_ENSG00000108433,GOSR2,-0.05676020032667842,0.1253659010579182,0.18212610138459662
8236_SNUPN_P1P2_ENSG00000169371,SNUPN,-0.05682309009817528,0.08085856684197483,0.1376816569401501
2076_DCTN4_P1P2_ENSG00000132912,DCTN4,-0.05715399128996901,0.11283113286611132,0.16998512415608033
1778_COPS2_P1P2_ENSG00000166200,COPS2,-0.05903285973257405,0.10594024931880425,0.1649731090513783
7482_RPLP0_P1P2_ENSG00000089157,RPLP0,-0.059069720915570445,0.1708879401440466,0.22995766105961704
1834_CPNE7_P1P2_ENSG00000178773,CPNE7,-0.060627459315455684,0.09471068005975711,0.1553381393752128
7795_SERF2_P1_ENSG00000140264,SERF2,-0.06077179382614968,0.11821893737879059,0.17899073120494027
4932_MED12_P1P2_ENSG00000184634,MED12,-0.06077816830130339,0.15111106387629084,0.21188923217759423
8372_SPRTN_P1P2_ENSG00000010072,SPRTN,-0.06293264683876297,0.09296619742259195,0.15589884426135492
6680_PPP2R1A_P2_ENSG00000105568,PPP2R1A,-0.06436068437969647,0.10779860157979385,0.17215928595949032
22_ABCB7_P1P2_ENSG00000131269,ABCB7,-0.06458385855735312,0.09723099440064771,0.16181485295800083
7461_RPL34_P1P2_ENSG00000109475,RPL34,-0.0646828156863409,0.08953391391658785,0.15421672960292876
1549_CHCHD2_P1P2_ENSG00000106153,CHCHD2,-0.06530898146858018,0.07693841525873045,0.14224739672731063
7459_RPL31_P1P2_ENSG00000071082,RPL31,-0.06543572943979986,0.09707714388666464,0.1625128733264645
6024_PABPC1_P1P2_ENSG00000070756,PABPC1,-0.06576681503284712,-0.3026016931653611,-0.236834878132514
1927_CTCF_P1P2_ENSG00000102974,CTCF,-0.06645894710350299,0.06790425234723178,0.13436319945073477
5738_NOL9_P1P2_ENSG00000162408,NOL9,-0.06670289278230532,0.10639471563971029,0.1730976084220156
2607_ELP5_P1P2_ENSG00000170291,ELP5,-0.0668921804162128,0.06773420704230478,0.13462638745851757
5470_NAT10_P1P2_ENSG00000135372,NAT10,-0.0669096305050017,0.19963116363620242,0.26654079414120413
9783_WAC_P1P2_ENSG00000095787,WAC,-0.06699265264489829,0.16045900086236767,0.22745165350726596
8853_TFIP11_P1P2_ENSG00000100109,TFIP11,-0.06837431890650886,0.1039108395784426,0.17228515848495146
8826_TEX10_P1P2_ENSG00000136891,TEX10,-0.0684926202768569,0.12869241233556705,0.19718503261242395
7203_RCCD1_P2_ENSG00000166965,RCCD1,-0.06911875489122482,0.12979416420706755,0.19891291909829237
7178_RBM48_P1P2_ENSG00000127993,RBM48,-0.06933208178955588,0.13852922957329888,0.20786131136285477
8223_SNRPA1_P1P2_ENSG00000131876,SNRPA1,-0.06961892073146152,0.10165925754980625,0.17127817828126776
6625_PPIE_P1P2_ENSG00000084072,PPIE,-0.06999095123005236,0.0904393039478815,0.16043025517793386
10746_AC118549.1_P1P2_ENSG00000036549,AC118549.1,-0.07036900498308896,0.16426882543228905,0.234637830415378
3421_GMIP_P1P2_ENSG00000089639,GMIP,-0.07336129164127125,0.25933123610789777,0.332692527749169
6603_PPA1_P1P2_ENSG00000180817,PPA1,-0.07371372987580996,0.1733854805601648,0.24709921043597477
6731_PRDM8_P2_ENSG00000152784,PRDM8,-0.07528847850465561,0.05247213483783029,0.1277606133424859
1491_CENPT_P1P2_ENSG00000102901,CENPT,-0.07647235080173122,0.08275639390589958,0.1592287447076308
3736_HIPK1_P1P2_ENSG00000163349,HIPK1,-0.07648728675066191,0.06888403719944472,0.14537132395010663
3784_HIST2H2AA3_ENST00000369161.3_ENSG00000203812,HIST2H2AA3,-0.07769693957881703,0.10058432830079912,0.17828126787961615
1385_CDAN1_P1P2_ENSG00000140326,CDAN1,-0.07886906359885215,0.08054276841853747,0.15941183201738962
6395_PKM_P2_ENSG00000067225,PKM,-0.07933523309544507,0.04451188900090189,0.12384712209634696
2622_EMG1_P1P2_ENSG00000126749,EMG1,-0.08014663208064321,0.09109721733004289,0.1712438494106861
7473_RPL41_P1P2_ENSG00000229117,RPL41,-0.0802656382899443,0.11307456081750412,0.19334019910744843
507_ARL2_P1P2_ENSG00000213465,ARL2,-0.08067362443503152,0.08036310745648674,0.16103673189151826
5068_MIER1_P1_ENSG00000198160,MIER1,-0.08086208186354557,0.16165994582840812,0.2425220276919537
9622_URM1_P1P2_ENSG00000167118,URM1,-0.08111011015294427,0.09011085334402076,0.17122096349696503
7835_SF3B1_P1P2_ENSG00000115524,SF3B1,-0.08123605106011647,0.08681521338661538,0.16805126444673185
7439_RPL15_P1P2_ENSG00000174748,RPL15,-0.0815731021931926,0.10152565052450614,0.18309875271769874
2121_DDX42_P1P2_ENSG00000198231,DDX42,-0.08190860851805903,0.0985468211649671,0.18045542968302614
4206_ISCU_P1P2_ENSG00000136003,ISCU,-0.08197476723425179,0.1796913272845717,0.2616660945188235
7675_SCAF1_P1P2_ENSG00000126461,SCAF1,-0.08215272341379753,0.11804180685282176,0.2001945302666193
4653_LRPPRC_P1P2_ENSG00000138095,LRPPRC,-0.08217422143587544,0.11853524188944378,0.20070946332531922
3573_GTF2H1_P1P2_ENSG00000110768,GTF2H1,-0.08291978571884204,0.090040507220852,0.17296029293969403
2972_FARS2_P1P2_ENSG00000145982,FARS2,-0.08293614409774552,0.04284483770794989,0.1257809818056954
9_AAR2_P1P2_ENSG00000131043,AAR2,-0.08354177170365276,0.12577279518042725,0.20931456688408
6632_PPIL4_P1P2_ENSG00000131013,PPIL4,-0.08354414470196084,0.07102731656363001,0.15457146126559085
5683_NKAP_P1P2_ENSG00000101882,NKAP,-0.0836280090696805,0.09966527391464257,0.18329328298432307
2260_DMRTA2_P1P2_ENSG00000142700,DMRTA2,-0.0847820139164585,0.0585639066694202,0.1433459205858787
7645_SAMM50_P1P2_ENSG00000100347,SAMM50,-0.08479630656304893,0.041820011093431746,0.12661631765648068
6867_PSMD13_P1P2_ENSG00000185627,PSMD13,-0.08487442783982943,0.22664862971824204,0.31152305755807147
309_ANAPC5_P1P2_ENSG00000089053,ANAPC5,-0.08532384277443689,0.09159571323883342,0.1769195560132703
2102_DDX10_P1P2_ENSG00000178105,DDX10,-0.08535197757528787,0.06897918159624133,0.1543311591715292
3253_GABPA_P1P2_ENSG00000154727,GABPA,-0.08552566556153642,0.08837294984068299,0.1738986154022194
5162_MPG_P1P2_ENSG00000103152,MPG,-0.08556670657672423,0.11854131493603416,0.2041080215127584
7465_RPL36A_P1P2_ENSG00000241343,RPL36A,-0.08563072012938712,0.09168933937398742,0.17732005950337454
653_ATP5F1A_P1_ENSG00000152234,ATP5F1A,-0.08593893832879991,0.08000682205568048,0.1659457603844804
1906_CSNK2B_P1P2_ENSG00000204435,CSNK2B,-0.08612122392553379,0.14303543015387948,0.22915665407941327
7243_REXO2_P1P2_ENSG00000076043,REXO2,-0.08712961839367221,0.09249047543857346,0.17962009383224567
3448_GNPAT_P1P2_ENSG00000116906,GNPAT,-0.08732312581859555,0.09978066180012155,0.1871037876187171
1333_CCNK_P1_ENSG00000090061,CCNK,-0.08804368650905592,0.1801220075062765,0.2681656940153324
9526_UBE3C_P1P2_ENSG00000009335,UBE3C,-0.08897252048775654,0.10083180494993603,0.18980432543769257
8326_SPATA5_P1P2_ENSG00000145375,SPATA5,-0.08920577068296337,0.09381288133671642,0.1830186520196798
2660_EPB41L2_P1P2_ENSG00000079819,EPB41L2,-0.0899048266104581,0.04525937982048054,0.13516420643093863
8156_SMC2_P1P2_ENSG00000136824,SMC2,-0.08997055519594536,0.07667322555699861,0.16664378075294398
3948_HSD17B10_P1P2_ENSG00000072506,HSD17B10,-0.09021192655345692,0.1701267849695974,0.2603387115230543
2781_EXOC4_P1P2_ENSG00000131558,EXOC4,-0.09062930844313308,0.05586342527925772,0.1464927337223908
5146_MON1A_P1P2_ENSG00000164077,MON1A,-0.09084676246275067,0.14347066516054685,0.23431742762329752
7077_RAE1_P1P2_ENSG00000101146,RAE1,-0.0913064788869277,0.09459579826148645,0.18590227714841415
320_ANKLE2_P1P2_ENSG00000176915,ANKLE2,-0.09135518292775768,0.08877984396318783,0.18013502689094552
1347_CCT3_P1P2_ENSG00000163468,CCT3,-0.09150867693951532,0.0814172871295971,0.17292596406911243
127_ADAM10_P1P2_ENSG00000137845,ADAM10,-0.09208326859482477,0.1384350973509343,0.23051836594575906
6577_POP7_P1P2_ENSG00000172336,POP7,-0.09253996732846721,0.09949573469693336,0.19203570202540057
5197_MRPL14_P1P2_ENSG00000180992,MRPL14,-0.09261505027510375,0.07980742369216931,0.17242247396727306
1192_CARF_P1P2_ENSG00000138380,CARF,-0.09287160456183857,0.12851528180959945,0.22138688637143802
9804_WDR12_P1P2_ENSG00000138442,WDR12,-0.0929243563622383,0.09022016818290256,0.18314452454514085
6549_POLR2H_P1P2_ENSG00000163882,POLR2H,-0.09326450166355986,0.08182418125210202,0.17508868291566188
8668_TAF6_P1P2_ENSG00000106290,TAF6,-0.09410184528900606,0.11920631353923178,0.21330815882823784
2128_DDX52_P1P2_ENSG00000278053,DDX52,-0.0945511002493271,0.10703947075421975,0.20159057100354685
4481_KRTAP4-7_ENST00000391417.4_ENSG00000240871,KRTAP4-7,-0.09476461297356098,0.07294336276736932,0.1677079757409303
1779_COPS3_P1P2_ENSG00000141030,COPS3,-0.09538440799858491,0.14380771924709304,0.23919212724567795
5955_OR4K1_ENST00000285600.4_ENSG00000155249,OR4K1,-0.09574798824788677,0.04797554991437029,0.14372353816225705
8651_TAF10_P1P2_ENSG00000166337,TAF10,-0.09584118623291137,0.1037468673201239,0.19958805355303527
4969_MEIS3_P1_ENSG00000105419,MEIS3,-0.09585769009669083,0.1172902673355092,0.21314795743220002
7441_RPL17_P1P2_ENSG00000265681,RPL17,-0.09593369383366149,0.1318154765519638,0.22774917038562528
5894_NUP35_P1P2_ENSG00000163002,NUP35,-0.09595886476678095,0.10570036397792426,0.2016592287447052
1843_CPSF4_P1P2_ENSG00000160917,CPSF4,-0.09607137221162051,0.13194098618178754,0.22801235839340805
2188_DHODH_P2_ENSG00000102967,DHODH,-0.09621131034803386,0.08955365131805858,0.18576496166609244
9543_UBQLN4_P1P2_ENSG00000160803,UBQLN4,-0.09634359574385688,0.09349505856441247,0.18983865430826935
4217_ISY1_P1P2_ENSG00000240682,ISY1,-0.09636590249783597,0.10108231812237081,0.19744822062020678
6448_PLEKHN1_P1P2_ENSG00000187583,PLEKHN1,-0.09812362238211356,0.061642941297938375,0.15976656368005193
9242_TRAPPC11_P1P2_ENSG00000168538,TRAPPC11,-0.09818842736278677,0.1280846015878921,0.22627302895067886
4255_JMJD6_P1P2_ENSG00000070495,JMJD6,-0.09878315534761417,0.06829545776601059,0.16707861311362476
8148_SMARCC1_P1P2_ENSG00000173473,SMARCC1,-0.10002732971737491,0.059544703696057584,0.15957203341343248
5665_NHLRC2_P1P2_ENSG00000196865,NHLRC2,-0.1005950898728119,0.04743100006882789,0.1480260899416398
2313_DNM2_P1P2_ENSG00000079805,DNM2,-0.10061647437708468,0.11843604879490072,0.2190525231719854
1419_CDIPT_P1P2_ENSG00000103502,CDIPT,-0.10073554709175721,0.07216753106363415,0.17290307815539135
5896_NUP43_P1P2_ENSG00000120253,NUP43,-0.10130620023145029,0.09135886442125546,0.19266506465270575
3828_HMGB1_P2_ENSG00000189403,HMGB1,-0.1013287386076216,0.07965306709096981,0.1809818056985914
2304_DNAJC8_P1P2_ENSG00000126698,DNAJC8,-0.10133232562455786,0.061249205443069846,0.1625815310676277
9480_UBA3_P1P2_ENSG00000144744,UBA3,-0.10182500012311899,0.17871053025793085,0.28053553038104984
5853_NUBP2_P1P2_ENSG00000095906,NUBP2,-0.10187581767311299,0.10490985574489473,0.20678567341800771
3766_HIST1H2BJ_P1P2_ENSG00000124635,HIST1H2BJ,-0.10235327800505058,0.08705054394253765,0.18940382194758823
4423_KLF7_P1P2_ENSG00000118263,KLF7,-0.1027674863647878,0.05120894114407935,0.15397642750886714
8481_STAG2_P1_ENSG00000101972,STAG2,-0.10343175667494713,0.07480373937723177,0.1782354960521789
1782_COPS6_P1P2_ENSG00000168090,COPS6,-0.10360240435049897,0.11741830740141629,0.22102071175191526
7343_RNF123_P1P2_ENSG00000164068,RNF123,-0.10409100756588506,0.09505077066960867,0.19914177823549373
5739_NOLC1_P1P2_ENSG00000166197,NOLC1,-0.10420496846957752,0.18674365265412032,0.29094862112369785
2321_DNTTIP2_P1P2_ENSG00000067334,DNTTIP2,-0.10422168310747065,0.051917463247945876,0.15613914635541654
9477_UBA1_P2_ENSG00000130985,UBA1,-0.10443527526292837,0.15626961087964872,0.2607048861425771
9427_TUBGCP4_P1P2_ENSG00000137822,TUBGCP4,-0.1044819641280364,0.060582688578221223,0.16506465270625761
10056_ZDHHC7_P1P2_ENSG00000153786,ZDHHC7,-0.10460596338375067,0.1359593186851336,0.24056528206888428
8728_TBCC_P1P2_ENSG00000124659,TBCC,-0.10543399754088895,0.062388407768641845,0.1678224053095308
7411_ROMO1_P1P2_ENSG00000125995,ROMO1,-0.10545395777361653,0.11531500892737652,0.22076896670099305
7481_RPL9_P1P2_ENSG00000163682,RPL9,-0.10576095312872322,0.12598180920105995,0.23174276232978316
4887_MBTPS1_P1P2_ENSG00000140943,MBTPS1,-0.10584302800121742,0.06200226322203455,0.16784529122325198
287_ALYREF_P1P2_ENSG00000183684,ALYREF,-0.10618930079739615,0.11737174737745183,0.22356104817484798
8618_SYF2_P1P2_ENSG00000117614,SYF2,-0.10631858122001145,0.08998534371418992,0.19630392493420137
1702_CMTR2_P1P2_ENSG00000180917,CMTR2,-0.10654216926687247,0.12180203487547651,0.228344204142349
6512_POLA1_P1P2_ENSG00000101868,POLA1,-0.10686149949456734,0.07457802447842617,0.1814395239729935
9328_TRRAP_P1P2_ENSG00000196367,TRRAP,-0.10765891351613464,0.10952840768766052,0.21718732120379516
1519_CEP97_P1P2_ENSG00000182504,CEP97,-0.10840652987591387,0.059370103606174666,0.16777663348208854
896_BRF1_P1P2_ENSG00000185024,BRF1,-0.10842274527171704,0.09359121513565026,0.2020139604073673
1839_CPSF1_P1P2_ENSG00000071894,CPSF1,-0.1086790067123774,0.12253737960184535,0.23121638631422275
7467_RPL37A_P1P2_ENSG00000197756,RPL37A,-0.10872664770944976,0.1151090314300367,0.22383567913948646
7887_SH3KBP1_P1P2_ENSG00000147010,SH3KBP1,-0.1087470673644377,0.13911882118115915,0.24786588854559685
6360_PIK3R4_P1P2_ENSG00000196455,PIK3R4,-0.10887260798840667,0.05755375658419681,0.16642636457260349
8575_SUDS3_P1P2_ENSG00000111707,SUDS3,-0.1092586583364342,0.16062347920790607,0.26988213754434026
7564_RRP1_P1P2_ENSG00000160214,RRP1,-0.10933677387997605,0.1099560513860708,0.21929282526604685
6128_PCID2_P2_ENSG00000126226,PCID2,-0.109468214476723,0.04350123282846046,0.15296944730518347
8662_TAF2_P1P2_ENSG00000064313,TAF2,-0.10949381352523348,0.11463938249261714,0.22413319601785062
4374_KIF11_P1P2_ENSG00000138160,KIF11,-0.11079354157352102,0.07483410461025002,0.18562764618377103
537_ARPC3_P1_ENSG00000111229,ARPC3,-0.11085459570606214,0.11201987505718274,0.22287447076324488
2000_CYCS_P1P2_ENSG00000172115,CYCS,-0.11113378218533226,0.06319966557756798,0.17433344776290025
6492_PNN_P1P2_ENSG00000100941,PNN,-0.1123620896697469,0.07795716882664563,0.19031925849639253
7918_SIN3A_P1_ENSG00000169375,SIN3A,-0.11244738647451122,0.14189521565387855,0.25434260212838977
7754_SEC62_P1P2_ENSG00000008952,SEC62,-0.11291081858303878,0.07790048705833746,0.19081130564137624
4921_MDN1_P1P2_ENSG00000112159,MDN1,-0.11300858111687205,0.1074514257489012,0.22046000686577324
1715_CNOT11_P1P2_ENSG00000158435,CNOT11,-0.11334218797288814,0.13097638394609265,0.2443185719189808
6565_POLRMT_P1P2_ENSG00000099821,POLRMT,-0.11338863347139441,0.14186940520579958,0.255258038677194
534_ARPC1B_P1P2_ENSG00000130429,ARPC1B,-0.11359676335956075,0.06773977400169283,0.18133653736125357
1677_CLSPN_P1P2_ENSG00000092853,CLSPN,-0.11465096398499076,0.06974084285789538,0.18439180684288614
8670_TAF8_P1P2_ENSG00000137413,TAF8,-0.11545028098483698,0.11324865482017413,0.2286989358050111
7404_RNPC3_P1P2_ENSG00000185946,RNPC3,-0.11554677737983128,0.11709997854189567,0.23264675592172696
9741_VPS13D_P1P2_ENSG00000048707,VPS13D,-0.11587550484622688,0.07090787998040973,0.18678338482663662
4530_LCE1C_P1P2_ENSG00000197084,LCE1C,-0.11590854106616946,0.0410659411400324,0.15697448220620186
4694_LSM5_P2_ENSG00000106355,LSM5,-0.11598329419613318,0.08605355212495519,0.20203684632108837
6251_PGAM5_P1P2_ENSG00000247077,PGAM5,-0.1161316529080626,0.057892835019617846,0.17402448792768044
9041_TMEM214_P1P2_ENSG00000119777,TMEM214,-0.11682750358177346,0.05134963339041951,0.16817713697219297
5255_MRPS25_P1P2_ENSG00000131368,MRPS25,-0.11692949212628273,0.052025765912392934,0.16895525803867567
5809_NRBP1_P1P2_ENSG00000115216,NRBP1,-0.11708211864931051,0.1271220237010697,0.2442041423503802
1892_CSDE1_P1P2_ENSG00000009307,CSDE1,-0.11719861596553638,0.04914764790904825,0.16634626387458462
3086_FIP1L1_P1P2_ENSG00000145216,FIP1L1,-0.11770261528181762,0.10184195503515146,0.21954457031696908
2605_ELP3_P1P2_ENSG00000134014,ELP3,-0.11796453336335316,0.09936010332276349,0.21732463668611665
5464_NAPG_P1P2_ENSG00000134265,NAPG,-0.11803428903406388,0.03696056163534756,0.15499485066941143
6032_PAF1_P1P2_ENSG00000006712,PAF1,-0.11864958080364124,0.200196969144864,0.31884654994850525
8429_SRSF11_P1_ENSG00000116754,SRSF11,-0.11885161915990548,0.08495888547448883,0.20381050463439432
377_AP2M1_P1_ENSG00000161203,AP2M1,-0.11906141446245758,0.05522626147300049,0.17428767593545808
5736_NOL7_P1P2_ENSG00000225921,NOL7,-0.11930711732193955,0.08626560266890465,0.2055727199908442
1628_CKAP5_P1_ENSG00000175216,CKAP5,-0.11977900548247469,0.036142724692601415,0.1559217301750761
3154_FOXD4_ENST00000382500.2_ENSG00000170122,FOXD4,-0.11997992360175924,0.11852562623231547,0.2385055498340747
4146_INTS1_P1P2_ENSG00000164880,INTS1,-0.12019144095597215,0.050514589482293,0.17070603043826515
6554_POLR2M_P1P2_ENSG00000255529,POLR2M,-0.12058332223486085,0.24790277457255178,0.3684860968074126
7199_RCC1_P2_ENSG00000180198,RCC1,-0.12070681359651884,0.11875994461380239,0.23946675821032123
4649_LRP5_P1P2_ENSG00000162337,LRP5,-0.12085962274873634,0.07123329406096678,0.1920929168097031
10094_ZFP69B_P1P2_ENSG00000187801,ZFP69B,-0.12098879556049957,0.08426352163826414,0.20525231719876372
9055_TMEM242_P1P2_ENSG00000215712,TMEM242,-0.12143094257537174,0.04474367694630957,0.1661746195216813
8219_SNRNP35_P1P2_ENSG00000184209,SNRNP35,-0.12154228905995185,0.05647579081188648,0.17801807987183832
3323_GCOM1_P1P2_ENSG00000137878,GCOM1,-0.1218129225783943,0.04045964865400848,0.16227257123240277
3551_GSK3B_P1P2_ENSG00000082701,GSK3B,-0.12188049274455734,0.14030053483296592,0.26218102757752326
1424_CDK12_P1P2_ENSG00000167258,CDK12,-0.12189140188626038,0.1619625859842048,0.2838539878704652
4226_ITGB1BP1_P1P2_ENSG00000119185,ITGB1BP1,-0.12205107057902048,0.11717538553723925,0.23922645611625973
8904_TICRR_P1P2_ENSG00000140534,TICRR,-0.12210569620512929,0.05361234933783796,0.17571804554296724
302_ANAPC11_P1P2_ENSG00000141552,ANAPC11,-0.12267141797398737,0.06792247148704841,0.19059388946103578
10706_ZRANB2_P1P2_ENSG00000132485,ZRANB2,-0.12330834327817931,0.07064977549970881,0.19395811877788813
5487_NCAPD2_P1P2_ENSG00000010292,NCAPD2,-0.12335592913207494,0.06181399877729383,0.18516992790936876
3451_GNPNAT1_P1P2_ENSG00000100522,GNPNAT1,-0.12341191332352475,0.06285653844441208,0.18626845176793683
8633_SYS1_P1P2_ENSG00000204070,SYS1,-0.12354902786507566,0.04544055904418154,0.1689895869092572
8029_SLC2A8_P1P2_ENSG00000136856,SLC2A8,-0.12375967602795597,0.06268042009287907,0.18644009612083504
7831_SF3A1_P2_ENSG00000099995,SF3A1,-0.12404499514461072,0.08279789305769979,0.2068428882023105
1411_CDC7_P1P2_ENSG00000097046,CDC7,-0.12405524506991333,0.06305998550566433,0.18711523057557766
4317_KDM1A_P1P2_ENSG00000004487,KDM1A,-0.12421896562238313,0.08451201046183365,0.20873097608421678
3636_HAUS3_P1P2_ENSG00000214367,HAUS3,-0.12423918388488393,0.0816424959411801,0.20588167982606403
5861_NUDC_P1P2_ENSG00000090273,NUDC,-0.12430688730504422,0.13983088589554862,0.26413777320059284
6892_PSTK_P1_ENSG00000179988,PSTK,-0.12430711705091675,0.05558760774596706,0.17989472479688381
1774_COPG1_P1_ENSG00000181789,COPG1,-0.12434074983876678,0.13927064734626568,0.26361139718503246
8594_SUPT16H_P1P2_ENSG00000092201,SUPT16H,-0.12451344281549082,0.1849384395509106,0.3094518823664014
4686_LSM11_P1P2_ENSG00000155858,LSM11,-0.12456281006859661,0.11192877935811098,0.2364915894267076
7478_RPL7L1_P1P2_ENSG00000146223,RPL7L1,-0.12461142262109315,0.09968197479279534,0.22429339741388848
8661_TAF1_P1P2_ENSG00000147133,TAF1,-0.12476450463998227,0.11488534088009784,0.23964984552008012
435_ARCN1_P1P2_ENSG00000095139,ARCN1,-0.1251557497396032,0.08683646904973097,0.21199221878933416
88_ACOT12_P1P2_ENSG00000172497,ACOT12,-0.12600452207569698,0.06934963743911865,0.19535415951481563
4506_LAMTOR2_P1P2_ENSG00000116586,LAMTOR2,-0.12619726135299167,0.06081498261084594,0.18701224396383762
2277_DNAJA3_P1P2_ENSG00000103423,DNAJA3,-0.12669914524902853,0.10299532780280576,0.2296944730518343
6479_PMPCA_P1P2_ENSG00000165688,PMPCA,-0.1269158564861788,0.06515417440980324,0.19207003089598204
4130_INO80_P1P2_ENSG00000128908,INO80,-0.12748195369427676,0.1372508532630399,0.26473280695731666
3847_HMX3_P1P2_ENSG00000188620,HMX3,-0.12749070763063194,0.13541122622907634,0.2629019338597083
4910_MCRS1_P1P2_ENSG00000187778,MCRS1,-0.12805416713923934,0.0500783423011995,0.17813250944043885
6887_PSMG4_P1P2_ENSG00000180822,PSMG4,-0.12848987678726143,0.12161883130290886,0.2501087080901703
5083_MIS18A_P1P2_ENSG00000159055,MIS18A,-0.1288246724704645,0.025517929657925285,0.1543426021283898
5499_NCKAP1_P1P2_ENSG00000061676,NCKAP1,-0.1291671723195568,0.10147706615166333,0.23064423847122012
2311_DNM1L_P1P2_ENSG00000087470,DNM1L,-0.1294208753876816,0.07079654079265892,0.20021741618034053
7451_RPL24_P1P2_ENSG00000114391,RPL24,-0.12954414506472584,0.16913991489636548,0.2986840599610913
10139_ZMAT5_P1P2_ENSG00000100319,ZMAT5,-0.12957102950179183,0.10515834456846586,0.23472937407025768
2482_EEF1A1_P1P2_ENSG00000156508,EEF1A1,-0.1301257194032373,0.07797589405367893,0.20810161345691625
4902_MCM5_P1P2_ENSG00000100297,MCM5,-0.13027081208922056,0.06223405116744258,0.19250486325666313
9110_TMSB10_P1P2_ENSG00000034510,TMSB10,-0.13028447859837694,0.06889162850769837,0.1991761071060753
5481_NBPF12_P1P2_ENSG00000268043,NBPF12,-0.1305722432646848,0.1567832894049544,0.2873555326696392
7475_RPL5_P1P2_ENSG00000122406,RPL5,-0.1311393400341236,0.14412098723444142,0.27526032726856503
3254_GABPB1_P1P2_ENSG00000104064,GABPB1,-0.1313720349406315,0.11914861959649865,0.2505206545371301
9833_WDR61_P1P2_ENSG00000140395,WDR61,-0.1313963990529368,0.16443836465000186,0.29583476370293865
2579_EIF5_P2_ENSG00000100664,EIF5,-0.13184790379939076,0.05468373597632373,0.1865316397757145
1245_CCDC115_P1P2_ENSG00000136710,CCDC115,-0.1319074640277964,0.08934210686131991,0.22124957088911631
6175_PDHA1_P1P2_ENSG00000131828,PDHA1,-0.13202684341777915,0.12178938269504525,0.2538162261128244
7388_RNF31_P1P2_ENSG00000092098,RNF31,-0.1324994711988058,0.13087162389216503,0.26337109509097084
4115_IMPDH2_P1P2_ENSG00000178035,IMPDH2,-0.13273203615226026,0.10132220346325453,0.23405423961551478
2217_DHX8_P1P2_ENSG00000067596,DHX8,-0.13280904917968528,0.15799081350483035,0.29079986268451563
713_AURKAIP1_P1P2_ENSG00000175756,AURKAIP1,-0.13304005087438348,0.08318606195317034,0.2162261128275538
3869_HNRNPK_P1P2_ENSG00000165119,HNRNPK,-0.13310739991187368,0.12728852639548346,0.26039592630735714
5901_NUP85_P1P2_ENSG00000125450,NUP85,-0.1333773203216327,0.05620958893571938,0.18958690925735205
6597_POU5F1B_P1P2_ENSG00000212993,POU5F1B,-0.13341087638851837,0.058224322146782644,0.191635198535301
5968_ORC4_P1P2_ENSG00000115947,ORC4,-0.13355625601362064,0.09233915536067518,0.2258954113742958
6228_PEX19_P1P2_ENSG00000162735,PEX19,-0.1336812590350281,0.055653905171401966,0.18933516420643007
8235_SNTB2_P1P2_ENSG00000168807,SNTB2,-0.134080157535451,0.072030381427814,0.20611053896326498
176_AFG3L2_P1P2_ENSG00000141385,AFG3L2,-0.13429326855189003,0.07084461907827316,0.2051378876301632
5751_NOP9_P1P2_ENSG00000196943,NOP9,-0.1352547795728032,0.07793894968683393,0.21319372925963714
5825_NSF_ENST00000398238.4_ENSG00000073969,NSF,-0.1355548605916519,0.05327681351293383,0.1888316741045857
8832_TFAM_P1P2_ENSG00000108064,TFAM,-0.1358921098857695,0.16819302571326777,0.30408513559903727
935_BUB1_P1P2_ENSG00000169679,BUB1,-0.1360012496354875,0.06405596514881025,0.20005721478429772
5494_NCBP2_P1P2_ENSG00000114503,NCBP2,-0.1361805375558437,0.10760021539071585,0.24378075294655954
5210_MRPL28_P1P2_ENSG00000086504,MRPL28,-0.13672677098833058,0.0706310502726799,0.2073578212610105
8415_SRP54_P1P2_ENSG00000100883,SRP54,-0.13704599370942155,0.10446905377884864,0.24151504748827018
5720_NMT1_P1P2_ENSG00000136448,NMT1,-0.1388537222380829,0.08305954014891556,0.22191326238699846
8644_TACC3_P2_ENSG00000013810,TACC3,-0.13888783602594112,0.05141997951359087,0.190307815539532
6563_POLR3H_P1P2_ENSG00000100413,POLR3H,-0.13902791686751031,0.15256150984034828,0.2915894267078586
7487_RPP14_P1P2_ENSG00000163684,RPP14,-0.13916372378252828,0.09925028239666725,0.23841400617919553
6912_PTGR2_P1P2_ENSG00000140043,PTGR2,-0.13940940603715857,0.09605231727214426,0.23546172330930284
9438_TVP23C_P1P2_ENSG00000175106,TVP23C,-0.13963425869398077,0.05743634434984287,0.19707060304382365
1469_CEBPG_P1P2_ENSG00000153879,CEBPG,-0.13978102023427635,0.09405580320089812,0.23383682343517448
6119_PCF11_P1P2_ENSG00000165494,PCF11,-0.1399480067084452,0.06244357127530533,0.20239157798375054
9458_TXNL4B_P1P2_ENSG00000140830,TXNL4B,-0.14016468827184272,0.120883486576536,0.2610481748483787
7164_RBM22_P1P2_ENSG00000086589,RBM22,-0.14040025041521886,0.08780663824480857,0.22820688866002742
9436_TUT1_P2_ENSG00000149016,TUT1,-0.14075867125042063,0.06854445267679886,0.20930312392721948
7438_RPL14_P1P2_ENSG00000188846,RPL14,-0.1408346763772701,0.12500809739547003,0.2658427737727401
5699_NKX6-1_P1P2_ENSG00000163623,NKX6-1,-0.14099123293769067,0.09877304215098984,0.2397642750886805
7431_RPL10A_P1P2_ENSG00000198755,RPL10A,-0.14102855437686435,0.1266336495366236,0.26766220391348794
1806_COX11_P1P2_ENSG00000166260,COX11,-0.14107641844843083,0.10032419947123886,0.24140061791966969
5969_ORC5_P1P2_ENSG00000164815,ORC5,-0.14110452889177355,0.08023658565222222,0.22134111454399577
3857_HNRNPA1_P1P2_ENSG00000135486,HNRNPA1,-0.14119025120589998,0.05862666148433609,0.19981691269023608
5123_MMGT1_P1P2_ENSG00000169446,MMGT1,-0.14121237414927634,0.061522492540275794,0.20273486668955212
8217_SNRNP25_P1P2_ENSG00000161981,SNRNP25,-0.1412794805498349,0.1633892458490656,0.3046687263989005
6157_PDCD5_P1P2_ENSG00000105185,PDCD5,-0.14138160582302875,0.14392563756866159,0.28530724339169033
4938_MED16_P1P2_ENSG00000175221,MED16,-0.14154437340960357,0.08528936042721737,0.22683373383682096
2491_EEFSEC_P1P2_ENSG00000132394,EEFSEC,-0.1418721451651309,0.05534721631787489,0.19721936148300578
3825_HMGA1_P1P2_ENSG00000137309,HMGA1,-0.14202241773109792,0.10974551910377728,0.2517679368348752
9318_TRNP1_P1P2_ENSG00000253368,TRNP1,-0.14204845837675084,0.0349397553776827,0.17698821375443355
4380_KIF18B_P1P2_ENSG00000186185,KIF18B,-0.14233904486583693,0.07355522221277576,0.2158942670786127
5462_NAPA_P1P2_ENSG00000105402,NAPA,-0.1425177837866676,0.05141744907750448,0.19393523286417208
6526_POLG_P1P2_ENSG00000140521,POLG,-0.14285320077749747,0.04867901114606356,0.191532211923561
6002_OVCA2_P1P2_ENSG00000262664,OVCA2,-0.1430113718134678,0.03813063528116162,0.1811420070946294
376_AP2M1_P2_ENSG00000161203,AP2M1,-0.1431481261001396,0.05027217370532756,0.19342029980546716
681_ATP6V1C1_P1P2_ENSG00000155097,ATP6V1C1,-0.14320391202631771,0.0771302223139945,0.2203341343403122
3637_HAUS4_P1P2_ENSG00000092036,HAUS4,-0.14323141853543914,0.07124392189252501,0.21447534042796415
8437_SRSF6_P2_ENSG00000124193,SRSF6,-0.14353104051424154,0.05786500022268102,0.20139604073692255
6676_PPP1R8_P1P2_ENSG00000117751,PPP1R8,-0.14365140511514107,0.07670561513889221,0.22035702025403328
8498_STAT5A_P1P2_ENSG00000126561,STAT5A,-0.1448371190971291,0.049395630645402325,0.19423274974253144
3878_HNRNPU_P1P2_ENSG00000153187,HNRNPU,-0.14487286761793386,0.09886211350118371,0.24373498111911757
4349_PRORP_P1P2_ENSG00000100890,PRORP,-0.14547586502968024,0.1174947265711862,0.26297059160086644
7968_SLC16A5_P1P2_ENSG00000170190,SLC16A5,-0.1464547731157393,0.08153469936394761,0.2279894724796869
8920_TIMM22_P1P2_ENSG00000177370,TIMM22,-0.14668741089851034,0.1162259659180584,0.26291337681656873
663_ATP5ME_P1P2_ENSG00000169020,ATP5ME,-0.14694664367745483,0.06158980214014239,0.20853644581759723
2569_EIF4G2_P1_ENSG00000110321,EIF4G2,-0.14720543590166096,0.059351378379145836,0.2065568142808068
7454_RPL27A_P1P2_ENSG00000166441,RPL27A,-0.1473435730416868,0.1064726530711376,0.2538162261128244
5525_NDOR1_P1P2_ENSG00000188566,NDOR1,-0.1478189736177709,0.11606705453189979,0.2638860281496707
535_ARPC2_P2_ENSG00000163466,ARPC2,-0.14802034754563392,0.09382654569157724,0.24184689323721117
10700_ZNHIT2_P1P2_ENSG00000174276,ZNHIT2,-0.148082085773269,0.03977693699821455,0.18785902277148356
5234_MRPL50_P1P2_ENSG00000136897,MRPL50,-0.14916722787273734,0.06275633317543367,0.211923561048171
3985_HSPD1_P1P2_ENSG00000144381,HSPD1,-0.1492067447540547,0.13656965986889824,0.28577640462295295
7062_RAD21_P1P2_ENSG00000164754,RAD21,-0.14937547989594674,0.1114667217289519,0.26084220162489863
9563_UCHL5_P1P2_ENSG00000116750,UCHL5,-0.1495033212448832,0.12769086573303018,0.27719418697791337
9685_UTP23_P1P2_ENSG00000147679,UTP23,-0.14973733892751828,0.04574269311275837,0.19548003204027664
3342_GFER_P1P2_ENSG00000127554,GFER,-0.1501213746905426,0.12259861615508988,0.2727199908456325
4697_LSM7_P1P2_ENSG00000130332,LSM7,-0.15021979227111665,0.06773420704230552,0.21795399931342216
9462_TYK2_P1P2_ENSG00000105397,TYK2,-0.15169378899426555,0.13586771689885369,0.28756150589311924
10272_ZNF292_P1P2_ENSG00000188994,ZNF292,-0.15188875978087787,0.06992151599438068,0.22181027577525855
4003_IARS2_P1P2_ENSG00000067704,IARS2,-0.1519372112124376,0.06679490916746708,0.2187321203799047
10589_ZNF720_P1P2_ENSG00000197302,ZNF720,-0.15223113763392732,0.07723447628070587,0.2294656139146332
6268_PGS1_P1P2_ENSG00000087157,PGS1,-0.15224553684898362,0.11362012283747765,0.26586565968646125
5252_MRPS22_P1P2_ENSG00000175110,MRPS22,-0.15253204500130266,0.09540250128545763,0.2479345462867603
8656_TAF1A_P1P2_ENSG00000143498,TAF1A,-0.1528740715294072,0.1142274274979386,0.2671014990273458
4099_ILF2_P1P2_ENSG00000143621,ILF2,-0.15287544906649247,0.07629264796978133,0.2291680970362738
5588_NEDD8_P1P2_ENSG00000129559,NEDD8,-0.1531726525286822,0.20250877555233213,0.35568142808101433
7727_SDHC_P1P2_ENSG00000143252,SDHC,-0.15395536750502936,0.12473784682155149,0.27869321432658084
8146_SMARCB1_P1_ENSG00000099956,SMARCB1,-0.15437942349154576,0.038411513686621046,0.1927909371781668
216_AIFM1_P1P2_ENSG00000156709,AIFM1,-0.15464897951155915,0.051289915098807676,0.20593889461036682
4998_METTL21A_P1P2_ENSG00000144401,METTL21A,-0.15492905106146215,0.108865433433329,0.26379448449479115
1972_CWC22_P1P2_ENSG00000163510,CWC22,-0.155763150308194,0.09935757288667833,0.25512072319487233
1481_CENPH_P1P2_ENSG00000153044,CENPH,-0.15587501000308016,0.05519032928058935,0.2110653392836695
2573_EIF4H_P1P2_ENSG00000106682,EIF4H,-0.15593694201364516,0.06090709048434853,0.2168440324979937
8160_SMC5_P1P2_ENSG00000198887,SMC5,-0.15594565460131388,0.10306567392597639,0.25901132852729025
5898_NUP54_P1P2_ENSG00000138750,NUP54,-0.1559879670368275,0.051633042231965715,0.2076210092687932
5428_NAA30_P1P2_ENSG00000139977,NAA30,-0.15635581746002977,0.1470198548136831,0.30337567227371287
7480_RPL8_P1P2_ENSG00000161016,RPL8,-0.15640523957832522,0.13369660273772657,0.2901018423160518
5469_NASP_P1P2_ENSG00000132780,NASP,-0.15648977059824287,0.10310514872891065,0.2595949193271535
4484_KTI12_P1P2_ENSG00000198841,KTI12,-0.15740889934256252,0.09589239371156194,0.25330129305412447
9806_WDR18_P1P2_ENSG00000065268,WDR18,-0.157934781571271,0.05871472066010304,0.21664950223137405
6796_PRPF39_P1P2_ENSG00000185246,PRPF39,-0.15802257886037732,0.11054361864505433,0.26856619750543165
1742_COG3_P1P2_ENSG00000136152,COG3,-0.15804687021287567,0.11868959849063589,0.27673646870351154
8626_SYNGR3_P1P2_ENSG00000127561,SYNGR3,-0.15847821194424236,0.05385729555089345,0.2123355074951358
9974_ZBTB17_P1P2_ENSG00000116809,ZBTB17,-0.15880093019393093,0.06286058714214549,0.22166151733607642
8224_SNRPA_P1P2_ENSG00000077312,SNRPA,-0.1592046028358972,0.11066609175158248,0.2698706945874797
5657_NFYB_P1P2_ENSG00000120837,NFYB,-0.15929608578810525,0.10817158785876338,0.26746767364686863
9489_UBAP1_P1P2_ENSG00000165006,UBAP1,-0.15933291173783892,0.10164660536938143,0.26097951710722034
9380_TTC1_P1P2_ENSG00000113312,TTC1,-0.1593331483635825,0.033331916289123235,0.19266506465270575
9905_XRCC3_P1P2_ENSG00000126215,XRCC3,-0.1595685128323876,0.08972774532071838,0.24929625815310597
1033_C1QTNF4_P1P2_ENSG00000172247,C1QTNF4,-0.15986107144589412,0.09833780714433181,0.25819887859022594
9253_TRAPPC8_P1P2_ENSG00000153339,TRAPPC8,-0.15992349713907966,0.10058685873687796,0.2605103558759576
5315_MTG2_P1P2_ENSG00000101181,MTG2,-0.16014305080387672,0.047706817602117556,0.2078498684059943
5737_NOL8_P1P2_ENSG00000198000,NOL8,-0.160750160291528,0.11206137420898388,0.2728115345005119
7547_CNOT9_P1P2_ENSG00000144580,CNOT9,-0.16097829349847453,0.05761651139910842,0.21859480489758296
541_ARPC4_P1P2_ENSG00000241553,ARPC4,-0.16098539303520468,0.13957531185093744,0.3005607048861421
5426_NAA20_P1P2_ENSG00000173418,NAA20,-0.16122917224204775,0.1007229961982748,0.26195216844032254
1346_CCT2_P1P2_ENSG00000166226,CCT2,-0.16179394924527377,0.06571491904628998,0.22750886829156375
3873_HNRNPM_P1_ENSG00000099783,HNRNPM,-0.16254843550014775,0.05573740956221547,0.2182858450623632
9818_WDR3_P1P2_ENSG00000065183,WDR3,-0.16275064060635455,0.12622979193741315,0.2889804325437677
2793_EXOSC6_P1P2_ENSG00000223496,EXOSC6,-0.16276688098509856,0.06846094828598477,0.23122782927108335
8336_SPCS3_P2_ENSG00000129128,SPCS3,-0.16283123231146732,0.07953059398444381,0.24236182629591113
5651_NFRKB_P1P2_ENSG00000170322,NFRKB,-0.1630109583542958,0.1222848420805339,0.2852958004348297
4729_LYRM4_P1P2_ENSG00000214113,LYRM4,-0.16323350931326375,0.10652275570561553,0.2697562650188793
118_ACTR8_P1P2_ENSG00000113812,ACTR8,-0.16346001497985146,0.10883658646196047,0.27229660144181195
6791_PRPF18_P1P2_ENSG00000165630,PRPF18,-0.16379459210565228,0.12625003542610191,0.2900446275317542
7170_RBM33_P1P2_ENSG00000184863,RBM33,-0.16384062276204137,0.04873518682715602,0.2125758095891974
1694_CMPK1_P1P2_ENSG00000162368,CMPK1,-0.16443535978105853,0.17821254043635623,0.34264790021741476
3788_HIST2H2BE_P1P2_ENSG00000184678,HIST2H2BE,-0.16464711205841323,0.04467889778252734,0.20932600984094057
2828_RAMAC_P1P2_ENSG00000169612,RAMAC,-0.16480239712899292,0.07294791755232045,0.23775031468131338
5493_NCBP1_P1P2_ENSG00000136937,NCBP1,-0.1649193487597084,0.14109964654867743,0.30601899530838583
6678_PPP2CA_P1P2_ENSG00000113575,PPP2CA,-0.16501742265964586,0.07840859862425169,0.24342602128389754
857_BMP2K_P1P2_ENSG00000138756,BMP2K,-0.16503574166178328,0.18333363698565783,0.3483693786474411
7546_RPUSD4_P1P2_ENSG00000165526,RPUSD4,-0.16504194170795494,0.03628544128780926,0.2013273829957642
3377_GIT2_P1P2_ENSG00000139436,GIT2,-0.16515788446516808,0.05820863344305568,0.22336651790822376
1568_CHEK1_P1P2_ENSG00000149554,CHEK1,-0.1655648114929018,0.05486086650228976,0.22042567799519155
6558_POLR3D_P1P2_ENSG00000168495,POLR3D,-0.1656533537535052,0.08569119367754963,0.25134454743105483
6006_OXA1L_P1P2_ENSG00000155463,OXA1L,-0.16609912253211764,0.07622837489321682,0.24232749742533446
6896_PTBP1_P1P2_ENSG00000011304,PTBP1,-0.16634727156668064,0.08558086666423745,0.2519281382309181
5598_NELFA_P1P2_ENSG00000185049,NELFA,-0.1665186732479068,0.12979669464315524,0.29631536789106205
6480_PMPCB_P1_ENSG00000105819,PMPCB,-0.16668209264979766,0.060071540489004524,0.2267536331388022
3473_GON4L_P1_ENSG00000116580,GON4L,-0.16689377786583742,0.11134171818634135,0.2782354960521788
9457_TXNL4A_P1P2_ENSG00000141759,TXNL4A,-0.16761661527121008,0.09415246585935337,0.26176908113056346
1781_COPS5_P1P2_ENSG00000121022,COPS5,-0.1676853161678994,0.08800755486997558,0.25569287103787497
2312_DNM1_P1P2_ENSG00000106976,DNM1,-0.16784201505123325,0.05626829505289631,0.22411031010412955
9829_WDR55_P1P2_ENSG00000120314,WDR55,-0.16805369637562595,0.09011085334401857,0.25816454971964453
8267_SOD2_P1P2_ENSG00000112096,SOD2,-0.16826616106673714,0.07400412157429452,0.24227028264103168
1804_COTL1_P1P2_ENSG00000103187,COTL1,-0.1683178648687515,0.06724684505229128,0.23556470992104278
885_BRCA2_P1P2_ENSG00000139618,BRCA2,-0.16845048105415597,0.05253590182717769,0.22098638288133365
5821_NSA2_P1P2_ENSG00000164346,NSA2,-0.16891774111397934,0.08183177256035194,0.2507495136743313
4972_MEMO1_P1_ENSG00000162959,MEMO1,-0.16903677258419975,0.2868735146340155,0.45591028721821525
4139_INPPL1_P1P2_ENSG00000165458,INPPL1,-0.16954148160396176,0.06688145008158258,0.23642293168554435
2422_DYNC1I2_P1P2_ENSG00000077380,DYNC1I2,-0.1699152531607325,0.09505785589064572,0.2649731090513782
697_ATRIP_P1P2_ENSG00000164053,ATRIP,-0.1700059774164474,0.09525320555642958,0.265259182972877
1211_CAST_P2_ENSG00000153113,CAST,-0.1705188910950838,0.19935180349239598,0.3698706945874798
1877_CRLS1_P1P2_ENSG00000088766,CRLS1,-0.17084051301355696,0.06065050426530403,0.23149101727886098
6661_PPP1R15B_P1P2_ENSG00000158615,PPP1R15B,-0.1709171114073627,0.1102020097735504,0.2811191211809131
9324_TRPM7_P1P2_ENSG00000092439,TRPM7,-0.17133525487753373,0.11777105019169523,0.28910630506922896
7433_RPL11_P1P2_ENSG00000142676,RPL11,-0.17140762309102728,0.23704872202855112,0.4084563451195784
7584_RTEL1_P1P2_ENSG00000258366,RTEL1,-0.17208315654333134,0.14735842716189768,0.319441583705229
9315_TRMT6_P1P2_ENSG00000089195,TRMT6,-0.17215808625654772,0.04562426870397111,0.21778235496051884
5889_NUP160_P1P2_ENSG00000030066,NUP160,-0.17241271484058593,0.05841461094039308,0.230827325780979
3638_HAUS5_P1P2_ENSG00000249115,HAUS5,-0.1724865885984056,0.05228741300360601,0.2247740016020116
4479_KRT8_P2_ENSG00000170421,KRT8,-0.1729696189474461,0.060020425680082284,0.2329900446275284
4985_METAP2_P1P2_ENSG00000111142,METAP2,-0.17307301477232526,0.12024429842140208,0.29331731319372734
6150_PDAP1_P1P2_ENSG00000106244,PDAP1,-0.17309514577694474,0.09971638872356693,0.27281153450051165
7488_RPP21_P1P2_ENSG00000241370,RPP21,-0.1734824126801028,0.06149870644107685,0.23498111912117967
3980_HSPA9_P1P2_ENSG00000113013,HSPA9,-0.17369984519144616,0.09594199025883249,0.26964183545027864
4960_MEF2A_P1P2_ENSG00000068305,MEF2A,-0.1737244785914955,0.14180361386759457,0.3155280924590901
7338_RNF113A_P1P2_ENSG00000125352,RNF113A,-0.17425200472631214,0.09585899195522911,0.27011099668154126
10574_ZNF706_P1P2_ENSG00000120963,ZNF706,-0.17426065348408268,0.08282825829071974,0.2570889117748024
5420_N6AMT1_P1P2_ENSG00000156239,N6AMT1,-0.17442783242081833,0.09614088253512527,0.2705687149559436
7823_SETDB1_P1P2_ENSG00000143379,SETDB1,-0.1745147392882805,-0.04488892397760454,0.12962581531067596
9257_TREX2_P1P2_ENSG00000183479,TREX2,-0.17482849664963696,0.10465428170028705,0.279482778349924
20_ABCB10_P1P2_ENSG00000135776,ABCB10,-0.1748322725154548,0.05546867724996378,0.2303009497654186
1831_CPNE1_P1P2_ENSG00000214078,CPNE1,-0.17521134639993163,0.06522806314349146,0.2404394095434231
9826_WDR4_P1P2_ENSG00000160193,WDR4,-0.17570947225525274,0.10695444810176503,0.28266392035701776
9792_WBP1L_P1P2_ENSG00000166272,WBP1L,-0.1757409261056802,0.08020368998311693,0.25594461608879715
9635_USP14_P1P2_ENSG00000101557,USP14,-0.17578781625904477,0.1374173559574528,0.3132051722164976
9174_TOP1_P1P2_ENSG00000198900,TOP1,-0.17580407699943154,0.18571325908020966,0.3615173360796412
968_C12orf60_P1P2_ENSG00000182993,C12orf60,-0.17583439063343964,0.06621847582725147,0.24205286646069113
7950_SLBP_P1P2_ENSG00000163950,SLBP,-0.1758650328679926,0.07451830618681622,0.2503833390548088
2610_EMC1_P1P2_ENSG00000127463,EMC1,-0.17638392070382725,0.11969114509317326,0.2960750657970005
7152_RBM10_P1P2_ENSG00000182872,RBM10,-0.17640957889138953,0.08364305871016596,0.2600526376015555
3614_H2AFX_P1P2_ENSG00000188486,H2AFX,-0.17699071611509967,0.052841072419056286,0.22983178853415595
7802_SERPINB1_P1P2_ENSG00000021355,SERPINB1,-0.17705866443075174,0.10058179786470345,0.2776404622954552
9780_INTS14_P1P2_ENSG00000138614,INTS14,-0.17711973336541548,0.07607857307696902,0.2531983064423845
7755_SEC63_P1P2_ENSG00000025796,SEC63,-0.1774548144936321,0.11391719603388618,0.29137201052751827
9749_VPS33A_P1P2_ENSG00000139719,VPS33A,-0.17775125415152904,0.08453276003773434,0.2622840141892634
1011_C18orf21_P1P2_ENSG00000141428,C18orf21,-0.17821994817725212,0.07859433263290698,0.2568142808101591
7634_SAE1_P1P2_ENSG00000142230,SAE1,-0.17832801831607648,0.07885243711360544,0.25718045542968193
2414_DUT_P1P2_ENSG00000128951,DUT,-0.17840942521599643,0.05926078876729329,0.23767021398328972
5429_NAA35_P1P2_ENSG00000135040,NAA35,-0.17848142143020934,0.12871619843476328,0.3071976198649726
7442_RPL18A_P1P2_ENSG00000105640,RPL18A,-0.1792887206398554,0.0924014040883722,0.2716901247282276
6127_PCID2_P1_ENSG00000126226,PCID2,-0.1794367411958793,0.043952662626065446,0.22338940382194475
4901_MCM4_P1P2_ENSG00000104738,MCM4,-0.18001599232826038,0.08914523893389524,0.26916123126215563
2606_ELP4_P1P2_ENSG00000109911,ELP4,-0.18014719289407735,0.09658927580943397,0.2767364687035113
2570_EIF4G2_P2_ENSG00000110321,EIF4G2,-0.18078295772447497,0.10781985724290952,0.2886028149673845
8621_SYMPK_P1P2_ENSG00000125755,SYMPK,-0.1809147423145897,0.171127825484929,0.3520425677995187
"10585_ZNF718_ENST00000510175.1,ENST00000511079.1,ENST00000513304.1,ENST00000513889.1_ENSG00000250312",ZNF718,-0.181211102888771,0.13877974274573954,0.3199908456345105
5900_NUP62_P1P2_ENSG00000213024,NUP62,-0.18148030223282324,0.07670713340054243,0.25818743563336566
1939_CTNNBL1_P1P2_ENSG00000132792,CTNNBL1,-0.18184924839650904,0.08947470171219565,0.2713239501087047
4126_INO80B_P1P2_ENSG00000115274,INO80B,-0.1821654132250179,0.12434562922835163,0.3065110424533695
3050_FDPS_P1P2_ENSG00000160752,FDPS,-0.1823922457200539,0.0634825683318969,0.2458748140519508
7466_RPL36_P1P2_ENSG00000130255,RPL36,-0.18259778262790527,0.10212586996392202,0.2847236525918273
7403_RNMT_P1P2_ENSG00000101654,RNMT,-0.18282680257332498,0.13773619090418818,0.32056299347751316
5599_NELFB_P1P2_ENSG00000188986,NELFB,-0.1830992027930838,0.15988054317327202,0.34297974596635583
8844_TFDP1_P1P2_ENSG00000198176,TFDP1,-0.18340004490593007,0.06737235468212224,0.2507723995880523
4475_KRT17_P1P2_ENSG00000128422,KRT17,-0.18416306497614882,0.0593888288332097,0.24355189380935852
3132_FNTB_P1P2_ENSG00000257365,FNTB,-0.18481800378856253,0.04897304781916953,0.23379105160773206
7010_RAB18_P1P2_ENSG00000099246,RAB18,-0.18509484805519982,0.058834663330541964,0.2439295113857418
158_ADNP2_P1P2_ENSG00000101544,ADNP2,-0.18544483573655912,0.12080301870902753,0.30624785444558666
167_ADSL_P1P2_ENSG00000239900,ADSL,-0.18554984565475824,0.04768050106683194,0.23323034672159018
2364_DPY19L2_P1P2_ENSG00000177990,DPY19L2,-0.18573669420195,0.1279261962889498,0.3136628904908998
1780_COPS4_P1P2_ENSG00000138663,COPS4,-0.18608497195826967,0.12325248083953133,0.309337452797801
1161_CALR_P1P2_ENSG00000179218,CALR,-0.18635906591103135,0.06512279700234525,0.2514818629133766
3872_HNRNPL_P1_ENSG00000104824,HNRNPL,-0.18648639272928544,0.12240478475097397,0.3088911774802594
1516_CEP85_P1P2_ENSG00000130695,CEP85,-0.18682645043390797,0.12500556695938328,0.31183201739329125
4127_INO80C_P1P2_ENSG00000153391,INO80C,-0.18691372158689254,0.19270637224535317,0.3796200938322457
2382_DSN1_P1P2_ENSG00000149636,DSN1,-0.18788470344023567,0.06313944119873884,0.2510241446389745
1551_CHCHD4_P1P2_ENSG00000163528,CHCHD4,-0.188056330315492,0.08159694809164728,0.26965327840713926
2130_DDX54_P2_ENSG00000123064,DDX54,-0.1883541733621167,0.09433263290862196,0.28268680627073867
9709_VBP1_P1P2_ENSG00000155959,VBP1,-0.18885884440361717,0.06587281825801133,0.2547316626616285
3220_FUNDC2_P1P2_ENSG00000165775,FUNDC2,-0.18898903296874814,0.14106017174574803,0.33004920471449617
5658_NFYC_P1P2_ENSG00000066136,NFYC,-0.18911678661673925,0.12763570222637471,0.31675248884311397
2001_CYFIP1_P1P2_ENSG00000273749,CYFIP1,-0.18936956552409856,0.08187428388658739,0.27124384941068597
8716_TBC1D28_ENST00000405044.1_ENSG00000189375,TBC1D28,-0.18938954650066714,0.056565368249302576,0.24595491474996972
5602_NEMF_P1P2_ENSG00000165525,NEMF,-0.18970743126127254,0.06003510220937504,0.2497425334706476
182_AGBL5_P1_ENSG00000084693,AGBL5,-0.19048094948798366,0.1558515828383692,0.34633253232635286
7826_SETX_P1P2_ENSG00000107290,SETX,-0.19052036049576193,-0.052495414849810226,0.1380249456459517
4280_KAT8_P2_ENSG00000103510,KAT8,-0.19053570197467123,0.057719247104169445,0.2482549490788407
1822_COX7B_P1P2_ENSG00000131174,COX7B,-0.1905536026252714,0.039175199297144574,0.229728801922416
8229_SNRPD2_P1P2_ENSG00000125743,SNRPD2,-0.19062422022522577,0.05989643431190436,0.2505206545371301
7444_RPL19_P1P2_ENSG00000108298,RPL19,-0.190970279259062,0.09846787155910794,0.2894381508181699
9921_YBX1_P1P2_ENSG00000065978,YBX1,-0.1910009619736396,0.05739130258752279,0.2483922645611624
8669_TAF7_P1P2_ENSG00000178913,TAF7,-0.19103108922579543,0.09728565182009023,0.28831674104588567
7538_RPS8_P1P2_ENSG00000142937,RPS8,-0.1911469818086218,0.0552313223451682,0.24637830415379
5619_NF1_P1P2_ENSG00000196712,NF1,-0.19116014309923895,0.06726759462818803,0.258427737727427
9613_UQCRFS1_P1P2_ENSG00000169021,UQCRFS1,-0.19186837239177376,0.06034583976064332,0.25221421215241707
7436_RPL13A_P2_ENSG00000142541,RPL13A,-0.19206137119296035,0.07859888741786254,0.2706602586108229
9811_WDR25_P1P2_ENSG00000176473,WDR25,-0.19223046551257938,-0.06273052272736446,0.12949994278521493
6557_POLR3C_P1P2_ENSG00000186141,POLR3C,-0.19227800397184058,0.11499971659115092,0.3072777205629915
7435_RPL13A_P1_ENSG00000142541,RPL13A,-0.1927766032523729,0.08783902782669574,0.2806156310790686
10544_ZNF676_ENST00000397121.2_ENSG00000196109,ZNF676,-0.19326326478154182,-0.03607136639499944,0.15719189838654238
7141_RBBP5_P1P2_ENSG00000117222,RBBP5,-0.19329138286918252,0.25783574838153184,0.45112713125071435
9925_YEATS2_P1P2_ENSG00000163872,YEATS2,-0.19341435240331611,0.15790730911401768,0.3513216615173338
2109_DDX1_P1P2_ENSG00000079785,DDX1,-0.19384832290424223,0.10188345418695657,0.2957317770911988
6675_PPP1R7_P1P2_ENSG00000115685,PPP1R7,-0.19446990752870244,-0.027322636673914182,0.16714727085478825
9751_VPS35_P1P2_ENSG00000069329,VPS35,-0.19451751582903348,0.049480653297866814,0.2439981691269003
5952_OR2T29_ENST00000328570.3_ENSG00000182783,OR2T29,-0.19485802885579961,0.09111290603377298,0.2859709348895726
9422_TUBD1_P1P2_ENSG00000108423,TUBD1,-0.19503668017993156,0.07997190203771123,0.2750085822176428
2087_DDB1_P1_ENSG00000167986,DDB1,-0.1959954561060907,0.11996746871368046,0.3159629248197712
6239_PFDN4_P1P2_ENSG00000101132,PFDN4,-0.1960544992672736,0.03997937188503182,0.23603387115230542
2487_EEF1G_P1P2_ENSG00000254772,EEF1G,-0.1961885848603235,0.1427975691618745,0.338986154022198
6098_PAXBP1_P1P2_ENSG00000159086,PAXBP1,-0.19637146838007913,0.18107446364875657,0.3774459320288357
1842_CPSF3_P1P2_ENSG00000119203,CPSF3,-0.19654775883252773,0.11975845469304501,0.31630621352557275
5269_MRPS9_P1P2_ENSG00000135972,MRPS9,-0.1968114082778812,0.04331904143032208,0.2401304497082033
7472_RPL3_P1P2_ENSG00000100316,RPL3,-0.19723391208987745,0.06702973363617644,0.2642636457260539
6877_PSMD9_P1P2_ENSG00000110801,PSMD9,-0.19751702304706467,0.08245780244784315,0.2799748254949078
3617_H3F3A_P1P2_ENSG00000163041,H3F3A,-0.19763330052025346,-0.04996194224127591,0.14767135827897754
6249_PFN1_P1P2_ENSG00000108518,PFN1,-0.197701709926006,0.11918809439942966,0.3168898043254357
"3201_FRG2_ENST00000378763.1,ENST00000504750.1_ENSG00000205097",FRG2,-0.19790188265681583,0.05998803609819029,0.2578899187550061
5125_MMP17_P1P2_ENSG00000198598,MMP17,-0.19799722118402258,0.08847720380739414,0.28647442499141673
4737_LZTR1_P1P2_ENSG00000099949,LZTR1,-0.19839215316291328,0.14696772783033238,0.34535988099324566
6160_PDCD7_P1P2_ENSG00000090470,PDCD7,-0.1986637730389023,0.06444413404428567,0.263107907083188
1579_CHMP1A_P1P2_ENSG00000131165,CHMP1A,-0.19870098624178045,0.055515743361148166,0.2542167296029286
3874_HNRNPM_P2_ENSG00000099783,HNRNPM,-0.19944004932800788,0.08289202528006881,0.2823320746080767
6560_POLR3F_P1P2_ENSG00000132664,POLR3F,-0.1996873478302762,0.11968557813378942,0.31937292596406563
3762_HIST1H2BE_ENST00000356530.3_ENSG00000274290,HIST1H2BE,-0.20006192895286173,0.1467855364321911,0.34684746538505284
6798_PRPF40A_P1P2_ENSG00000196504,PRPF40A,-0.20031092421111046,0.11535448373030116,0.3156654079414116
6871_PSMD3_P1P2_ENSG00000108344,PSMD3,-0.2003651792277954,0.04390762086374797,0.24427280009154337
6777_PRMT5_P1_ENSG00000100462,PRMT5,-0.20064127629913278,0.040999643714598466,0.24164092001373125
6852_PSMB4_P1P2_ENSG00000159377,PSMB4,-0.20092587806800385,0.18647542642907758,0.38740130449708143
4594_LIN54_P2_ENSG00000189308,LIN54,-0.2012592212305002,0.057397375634127855,0.25865659686462805
9653_USP37_P1P2_ENSG00000135913,USP37,-0.20149031201600934,0.054179673108144616,0.25566998512415395
9675_USP7_P1P2_ENSG00000187555,USP7,-0.20149792382487977,0.04776400545764447,0.24926192928252425
5241_MRPS10_P1P2_ENSG00000048544,MRPS10,-0.20160619160353418,-0.05499902831254292,0.14660716329099127
1570_CHERP_P1P2_ENSG00000085872,CHERP,-0.20199692724550933,0.10275189985140996,0.3047488270969193
4384_KIF20A_P1P2_ENSG00000112984,KIF20A,-0.20217786240765495,0.10484811310441448,0.30702597551206945
9857_WEE1_P1P2_ENSG00000166483,WEE1,-0.20231985137001304,0.05305261687578147,0.2553724682457945
976_RTRAF_P1P2_ENSG00000087302,RTRAF,-0.20248722269980485,0.0841931755150918,0.28668039821489666
7495_RPRD1B_P1P2_ENSG00000101413,RPRD1B,-0.20256314262747988,0.086497390614307,0.2890605332417869
9631_USP10_P1P2_ENSG00000103194,USP10,-0.20261544105157664,0.10121794949653856,0.3038333905481152
7670_SBNO1_P1P2_ENSG00000139697,SBNO1,-0.20275103264065433,0.08809460187130355,0.2908456345119579
4276_KAT5_P1P2_ENSG00000172977,KAT5,-0.20295155304799667,0.09479418445056936,0.29774573749856603
5893_NUP214_P1P2_ENSG00000126883,NUP214,-0.2031488936709664,0.07452589749507033,0.2776747911660367
3170_FOXL2_P1P2_ENSG00000183770,FOXL2,-0.20317770853628744,0.05571919042240223,0.25889689895868967
3787_HIST2H2AC_P1P2_ENSG00000184260,HIST2H2AC,-0.2032160856528967,0.04625181685310752,0.24946790250600423
8941_TKT_P2_ENSG00000163931,TKT,-0.20333808644609924,0.048567165871097724,0.25190525231719696
6213_PELO_P2_ENSG00000152684,PELO,-0.2039237022202864,0.1257707708315479,0.3296944730518343
9801_WDFY3_P1P2_ENSG00000163625,WDFY3,-0.2042629336458804,0.11263831363641588,0.3169012472822963
8948_TLN1_P1P2_ENSG00000137076,TLN1,-0.20442707376601332,0.06508888915880418,0.2695159629248175
9847_WDR82_P1P2_ENSG00000164091,WDR82,-0.20451868635855852,-0.05476470993105041,0.14975397642750812
9686_UTP3_P1P2_ENSG00000132467,UTP3,-0.20530585406848334,0.07563017980266573,0.28093603387114907
9840_WDR74_P2_ENSG00000133316,WDR74,-0.20545515448833396,0.07118977056029797,0.2766449250486319
5202_MRPL19_P1P2_ENSG00000115364,MRPL19,-0.20553851054503075,0.06606007052831749,0.2715985810733482
4279_KAT7_P1P2_ENSG00000136504,KAT7,-0.20619996028329143,0.1266756547756364,0.3328756150589278
5910_NXF1_P1_ENSG00000162231,NXF1,-0.20726787804397742,0.04210848080714747,0.24937635885112489
8816_TELO2_P1P2_ENSG00000100726,TELO2,-0.20785346000951005,0.10332630884275988,0.31117976885226994
8438_SRSF7_P1P2_ENSG00000115875,SRSF7,-0.20792739106480762,0.10527778115168994,0.3132051722164976
9312_TRMT5_P1P2_ENSG00000126814,TRMT5,-0.20841739203992582,-0.06982029855097151,0.13859709348895433
2031_DAXX_P1_ENSG00000204209,DAXX,-0.20876074238657127,0.13181598263917338,0.34057672502574465
2576_EIF5A_P1P2_ENSG00000132507,EIF5A,-0.20882878281598438,0.09652652099451918,0.3053553038105036
2020_DAD1_P1P2_ENSG00000129562,DAD1,-0.209078781700956,0.06550641111286648,0.2745851928138225
8431_SRSF1_P1P2_ENSG00000136450,SRSF1,-0.2094769284890109,0.14114671265985923,0.3506236411488701
9628_USF2_P1P2_ENSG00000105698,USF2,-0.20961024808872342,0.06814464377533201,0.27775489186405544
8272_SON_P2_ENSG00000159140,SON,-0.20976705913474486,-0.062496204345871546,0.1472708547888733
7750_SEC61A1_P2_ENSG00000058262,SEC61A1,-0.20979772874978173,-0.04467586125922643,0.1651218674905553
2305_DNAJC9_P1P2_ENSG00000213551,DNAJC9,-0.21046116319080233,0.05714382593838802,0.26760498912919034
9338_TSEN34_P1P2_ENSG00000170892,TSEN34,-0.2107603086866644,0.08705408655306508,0.29781439523972947
8890_THOC5_P1P2_ENSG00000100296,THOC5,-0.21131120468870684,-0.08926062681938665,0.12205057786932019
4401_KIN_P1P2_ENSG00000151657,KIN,-0.21164036746308845,0.09966527391464264,0.3113056413777311
7432_RPL10_P1P2_ENSG00000147403,RPL10,-0.21178250938088972,0.18819460470538907,0.3999771140862788
6263_PGPEP1_P1P2_ENSG00000130517,PGPEP1,-0.21205778722679017,0.08655761499314293,0.2986154022199331
7758_SEH1L_P1P2_ENSG00000085415,SEH1L,-0.21219717566876387,0.04085237233443847,0.25304954800320234
301_ANAPC10_P1P2_ENSG00000164162,ANAPC10,-0.2123696656546584,-0.063588340560257,0.1487813250944014
1973_CWC25_P1P2_ENSG00000273559,CWC25,-0.21245921737944612,0.07712769187790597,0.2895869092573521
6033_PAFAH1B1_P1P2_ENSG00000007168,PAFAH1B1,-0.21308656757603095,0.05758513399165238,0.27067170156768333
8208_SNAPC4_P1P2_ENSG00000165684,SNAPC4,-0.21345798065865926,0.13709700274905248,0.35055498340771174
303_ANAPC13_P1P2_ENSG00000129055,ANAPC13,-0.21361359436451385,0.14004243035227273,0.3536560247167866
306_ANAPC1_P1P2_ENSG00000153107,ANAPC1,-0.21422305311840092,0.06271938880859054,0.27694244192699147
1772_COPB2_P1P2_ENSG00000184432,COPB2,-0.21474963059594426,0.11669561485547957,0.33144524545142384
1668_CLOCK_P1P2_ENSG00000134852,CLOCK,-0.21500402516024716,0.047268546072155436,0.2622725712324026
139_ADAT2_P1P2_ENSG00000189007,ADAT2,-0.21511377360450995,-0.048264019628085915,0.16684975397642404
1222_CBLN1_P1P2_ENSG00000102924,CBLN1,-0.21545059742400535,0.1657486244549265,0.38119922187893185
1136_C9orf78_P1P2_ENSG00000136819,C9orf78,-0.21545129729413254,0.05884782159818608,0.2742991188923186
6608_PPARGC1B_P1P2_ENSG00000155846,PPARGC1B,-0.21623199855413117,-0.039758717858402355,0.17647328069572882
3398_GLMN_P1P2_ENSG00000174842,GLMN,-0.21623929917061885,0.11380990554387736,0.3300492047144962
5266_MRPS5_P1P2_ENSG00000144029,MRPS5,-0.21667801483423915,-0.043534634584786104,0.17314338024945305
7032_RAB4A_P1P2_ENSG00000168118,RAB4A,-0.21675733154009744,0.09587569283339756,0.312633024373495
4499_LAMB1_P1P2_ENSG00000091136,LAMB1,-0.2168191076070037,-0.03723334264533961,0.1795857649616641
8650_TADA3_P1P2_ENSG00000171148,TADA3,-0.21690787130899647,0.17127155425456753,0.388179425563564
8663_TAF3_P1P2_ENSG00000165632,TAF3,-0.21737005051722613,0.07687414218216582,0.29424419269939195
7407_RNPS1_P1P2_ENSG00000205937,RNPS1,-0.21750440042921837,0.07616764442717089,0.29367204485638926
5239_MRPL55_P1P2_ENSG00000162910,MRPL55,-0.21752617559182086,-0.02748154806006666,0.1900446275317542
3640_HAUS7_P1_ENSG00000213397,HAUS7,-0.21770341713382962,0.09300719048717769,0.31071060762100733
2209_DHX33_P1P2_ENSG00000005100,DHX33,-0.21807951731723196,0.0983868976043834,0.31646641492161537
83_ACIN1_P2_ENSG00000100813,ACIN1,-0.21846517335850074,-0.046477531751913596,0.17198764160658714
4624_LONP1_P1P2_ENSG00000196365,LONP1,-0.21855479902448227,0.09202993607106393,0.3105847350955462
10236_ZNF24_P1P2_ENSG00000172466,ZNF24,-0.21877777577080335,0.09910756580145533,0.3178853415722587
6866_PSMD12_P1P2_ENSG00000197170,PSMD12,-0.21878259640356734,0.09171059503709932,0.31049319144066667
3768_HIST1H2BL_P1P2_ENSG00000185130,HIST1H2BL,-0.21890484007693134,-0.03556578526517102,0.18333905481176033
9855_WDTC1_P1P2_ENSG00000142784,WDTC1,-0.21912022412511678,0.0962476669379303,0.3153678910630471
2075_DCTN3_P1P2_ENSG00000137100,DCTN3,-0.21918149823967764,0.07540598316551589,0.29458748140519353
2852_FAM133B_P1P2_ENSG00000234545,FAM133B,-0.21964763403186693,0.06403470948569491,0.28368234351756183
2428_DYNLRB1_P2_ENSG00000125971,DYNLRB1,-0.21979271688450608,0.0474117687545798,0.2672044856390859
4868_MAU2_P1P2_ENSG00000129933,MAU2,-0.21987724418651103,0.06713499977732665,0.2870122439638377
9210_TPP2_P1P2_ENSG00000134900,TPP2,-0.21990988505730108,0.049571748996934895,0.269481634054236
1146_CACNB3_P2_ENSG00000167535,CACNB3,-0.22000226326094954,-0.043494653694639084,0.17650760956631045
8956_TM7SF2_P1P2_ENSG00000149809,TM7SF2,-0.2201052664469163,0.08578785633600823,0.3058931227829245
2104_DDX17_P1P2_ENSG00000100201,DDX17,-0.22094994776366306,0.06627971238051512,0.28722966014417817
5503_NCL_P2_ENSG00000115053,NCL,-0.2211089426116572,0.10952385290270232,0.33063279551435953
6529_POLL_P1P2_ENSG00000166169,POLL,-0.22164449744750228,0.11159729223094825,0.33324178967845053
9426_TUBGCP3_P1P2_ENSG00000126216,TUBGCP3,-0.2219303844311844,0.05421105051560336,0.2761414349467878
8055_SLC35G2_P1P2_ENSG00000168917,SLC35G2,-0.22207597559483688,0.07135576716749087,0.29343174276232775
8155_SMC1A_P1P2_ENSG00000072501,SMC1A,-0.22219676636530877,0.09540250128545119,0.31759926765075996
5864_NUDT15_P1P2_ENSG00000136159,NUDT15,-0.22241121224974528,0.08543865615624877,0.30784986840599404
8887_THOC1_P1P2_ENSG00000079134,THOC1,-0.2224367731462666,0.11370008461777888,0.33613685776404545
8317_SPAG7_P1P2_ENSG00000091640,SPAG7,-0.2225297769313889,-0.05287649852424966,0.16965327840713923
8806_TEAD3_P1P2_ENSG00000007866,TEAD3,-0.22271489136976166,0.0309983481313226,0.25371323950108426
10023_ZC3H18_P1P2_ENSG00000158545,ZC3H18,-0.2227630651048566,0.08190566129404385,0.30466872639890047
815_BDP1_P1P2_ENSG00000145734,BDP1,-0.2231692735686532,0.06305340637184129,0.2862226799404945
4685_LSM10_P1P2_ENSG00000181817,LSM10,-0.22339811790372627,0.1247424016065139,0.34814051951024017
2218_DHX9_P1P2_ENSG00000135829,DHX9,-0.2236798283561727,0.05590593660549118,0.2795857649616639
8913_TIMELESS_P1P2_ENSG00000111602,TIMELESS,-0.2236895991925273,0.06332264477131022,0.2870122439638375
6646_PPME1_P1P2_ENSG00000214517,PPME1,-0.2240342715856114,0.09013210900713288,0.31416638059274427
2103_DDX11_P1P2_ENSG00000013573,DDX11,-0.22406181398817898,0.0798059054305179,0.3038677194186969
9677_USP9X_P1P2_ENSG00000124486,USP9X,-0.22443173990753956,0.11852512014509513,0.3429568600526347
7163_RBM19_P1P2_ENSG00000122965,RBM19,-0.22488838857104057,0.2229202851902585,0.44780867376129907
8692_TARDBP_P1P2_ENSG00000120948,TARDBP,-0.22498494323642504,0.1142071840092529,0.33919212724567793
6215_PELP1_P1P2_ENSG00000141456,PELP1,-0.22517244043695644,0.11712072811779632,0.3422931685547528
4701_LST1_P2_ENSG00000204482,LST1,-0.22562283158305596,-0.04059021915600854,0.1850326124270474
1458_CDT1_P1P2_ENSG00000167513,CDT1,-0.22573691521246592,0.0709331843412583,0.2966700995537242
6131_PCM1_P1P2_ENSG00000078674,PCM1,-0.225933680324109,0.14750721680370815,0.37344089712781714
2030_DARS_P1P2_ENSG00000115866,DARS,-0.22618324695882158,-0.09303300093525034,0.13315024602357123
6870_PSMD2_P1P2_ENSG00000175166,PSMD2,-0.22687065884970034,0.12013700793139506,0.3470076667810954
1440_CDK6_P1_ENSG00000105810,CDK6,-0.2270238804117607,0.045959298441654424,0.2729831788534151
2036_DBF4_P1P2_ENSG00000006634,DBF4,-0.2272760114996838,0.06935975918345871,0.2966357706831425
8666_TAF5_P1P2_ENSG00000148835,TAF5,-0.22748251172795741,0.058866040737998296,0.2863485524659557
10280_ZNF317_P1P2_ENSG00000130803,ZNF317,-0.22771023530481718,-0.05171755879721174,0.17599267650760544
2096_DDOST_P1P2_ENSG00000244038,DDOST,-0.22779638465718557,-0.06274317490778836,0.16505320974939722
6854_PSMB6_P2_ENSG00000142507,PSMB6,-0.2279140864366788,0.1697973221913107,0.3977114086279895
1238_CCAR1_P1P2_ENSG00000060339,CCAR1,-0.228096419011076,0.05034505026458283,0.2784414692756588
8161_SMC6_P1P2_ENSG00000163029,SMC6,-0.22828782043213122,0.05208750855287594,0.28037532898500717
5928_OGFOD1_P1P2_ENSG00000087263,OGFOD1,-0.22845954949774305,-0.08343151425343807,0.14502803524430496
1004_C17orf58_P1P2_ENSG00000186665,C17orf58,-0.22855733885611174,-0.09446877037001523,0.13408856848609652
6669_PPP1R37_P1P2_ENSG00000104866,PPP1R37,-0.22857856891082645,-0.07970570016154555,0.1488728687492809
1629_CKAP5_P2_ENSG00000175216,CKAP5,-0.22864543111082922,-0.029755397926257844,0.19889003318457138
1407_CDC45_P1P2_ENSG00000093009,CDC45,-0.22908404743333738,0.07785038442385243,0.3069344318571898
7469_RPL38_P1P2_ENSG00000172809,RPL38,-0.22915525576374085,0.10262183543662395,0.3317770912003648
5229_MRPL46_P1P2_ENSG00000259494,MRPL46,-0.22964474172170446,-0.05443018628058152,0.17521455544112294
2795_EXOSC8_P1P2_ENSG00000120699,EXOSC8,-0.22964634462657418,-0.05038098245699067,0.1792653621695835
7839_SF3B5_P1P2_ENSG00000169976,SF3B5,-0.23026182309072618,-0.09126422611166755,0.13899759697905864
7140_RBBP4_P1P2_ENSG00000162521,RBBP4,-0.23131366975909518,0.05670555440842595,0.2880192241675211
2074_DCTN2_P1P2_ENSG00000175203,DCTN2,-0.2315540929110257,0.09287661998518432,0.32443071289621
9412_TUBB2A_P1P2_ENSG00000137267,TUBB2A,-0.23177764808741808,0.14118264485227583,0.3729602929396939
813_BCS1L_P1P2_ENSG00000074582,BCS1L,-0.23196927320840138,0.03458296388966324,0.26655223709806464
3660_HCRTR1_P1P2_ENSG00000121764,HCRTR1,-0.232302608413891,-0.03042596348884518,0.2018766449250458
1805_COX10_P1P2_ENSG00000006695,COX10,-0.2323530592808548,0.08553228229140396,0.3178853415722588
4313_POGLUT3_P1P2_ENSG00000178202,POGLUT3,-0.23243382857691253,0.11835001396800039,0.3507838425449129
7050_RABGGTA_P1P2_ENSG00000100949,RABGGTA,-0.232660441055178,-0.06470072026332555,0.16795972079185245
5211_MRPL2_P1P2_ENSG00000112651,MRPL2,-0.23282007058829898,-0.045270007652040006,0.18755006293625898
5959_OR7A10_ENST00000248058.1_ENSG00000127515,OR7A10,-0.23290731251920746,-0.03849147546691727,0.19441583705229018
1510_CEP68_P1P2_ENSG00000011523,CEP68,-0.23297103405973457,0.07339124995445286,0.3063622840141874
7585_RTF1_P1P2_ENSG00000137815,RTF1,-0.2330252145792788,0.12071091083552657,0.35373612541480537
1768_COMTD1_P1P2_ENSG00000165644,COMTD1,-0.23340493381616778,-0.06729897203564476,0.166105961780523
6524_POLE_P1P2_ENSG00000177084,POLE,-0.23351782208598043,-0.04992702222329797,0.18359079986268245
2925_FAM50A_P1P2_ENSG00000071859,FAM50A,-0.23359952791267252,0.15455701173717012,0.38815653964984265
5370_MYCBP_P1P2_ENSG00000214114,MYCBP,-0.23361519375299333,0.07298739235525566,0.306602586108249
1825_CPAMD8_ENST00000443236.1_ENSG00000160111,CPAMD8,-0.23390566005288144,0.08080998246914418,0.3147156425220256
10165_ZNF133_P1P2_ENSG00000125846,ZNF133,-0.23409482391868214,-0.05080154093435907,0.18329328298432307
3986_HSPE1_P1P2_ENSG00000115541,HSPE1,-0.2342137598699353,0.07618788791585211,0.31040164778578744
1786_COPS8_P1P2_ENSG00000198612,COPS8,-0.23422368942970279,0.1396405971019346,0.3738642865316374
3959_HSF1_P1P2_ENSG00000185122,HSF1,-0.23439861676498636,0.07220396934326258,0.3066025861082489
9821_WDR44_P1P2_ENSG00000131725,WDR44,-0.2346227570428352,0.09637621309104706,0.33099897013388224
6947_PUF60_P1P2_ENSG00000179950,PUF60,-0.2361919715132802,0.0985488455138377,0.3347408170271179
3548_GSDMA_P1P2_ENSG00000167914,GSDMA,-0.23765941120157064,-0.049823274343808024,0.18783613685776263
8798_TDGF1_P1P2_ENSG00000241186,TDGF1,-0.23801595713391563,0.03618017514666314,0.27419613228057876
457_ARHGAP11B_P1P2_ENSG00000284906,ARHGAP11B,-0.23844993309009244,-0.05940198710084942,0.179047945989243
6000_OTX1_P1P2_ENSG00000115507,OTX1,-0.2384836699793615,0.11546987161578443,0.3539535415951459
1712_CNN2_P1P2_ENSG00000064666,CNN2,-0.23851208859211243,0.09001520285999538,0.3285272914521078
3358_GGPS1_P1P2_ENSG00000152904,GGPS1,-0.23851647575847512,0.06556865984056215,0.30408513559903727
5601_NELFE_P1P2_ENSG00000204356,NELFE,-0.2389352234408452,0.16732407396160195,0.40625929740244715
4121_ING3_P1P2_ENSG00000071243,ING3,-0.23909316678099812,0.04037816861206546,0.27947133539306357
10173_ZNF143_P1P2_ENSG00000166478,ZNF143,-0.2394203015581129,0.14005103383495032,0.3794713353930632
9383_TTC27_P1P2_ENSG00000018699,TTC27,-0.23966403027784225,0.08195171523079678,0.32161574550863903
7397_RNF8_P1P2_ENSG00000112130,RNF8,-0.23974792230400901,0.06183120574267734,0.30157912804668635
5885_NUP107_P1P2_ENSG00000111581,NUP107,-0.23994786188376344,-0.07420807472276325,0.16573978716100018
10397_ZNF492_P1P2_ENSG00000229676,ZNF492,-0.23997634901722012,-0.04876453988574455,0.19121180913147556
332_ANKRD17_P1P2_ENSG00000132466,ANKRD17,-0.24033461925977762,0.046277121213960756,0.2866117404737384
8335_SPCS3_P1_ENSG00000129128,SPCS3,-0.24069893214547694,-0.04692390067734751,0.19377503146812944
2898_FAM207A_P1P2_ENSG00000160256,FAM207A,-0.24093003700343918,-0.06301494374334081,0.17791509326009836
8041_SLC35B1_P1P2_ENSG00000121073,SLC35B1,-0.24267379635111347,-0.08952126173617103,0.15315253461494244
9798_BUD23_P1P2_ENSG00000071462,BUD23,-0.2432025664910355,-0.07346918738587736,0.16973337910515812
9743_VPS18_P1P2_ENSG00000104142,VPS18,-0.2433910212440384,0.13126282931094216,0.37465385055498057
1943_CTR9_P1P2_ENSG00000198730,CTR9,-0.24369360399810175,0.08223613624677556,0.3259297402448773
7335_RNF103_P1P2_ENSG00000239305,RNF103,-0.24392829434414545,-0.048391047519565994,0.19553724682457946
267_ALG1L_ENST00000340333.3_ENSG00000189366,ALG1L,-0.2439430707010095,0.042989072564809334,0.28693214326581884
9615_UQCRH_P1P2_ENSG00000173660,UQCRH,-0.2441485491647293,-0.040212172004874286,0.20393637715985502
7390_RNF40_P1P2_ENSG00000103549,RNF40,-0.24428302277535752,0.19160208993776562,0.43588511271312314
2526_EIF1AD_P1P2_ENSG00000175376,EIF1AD,-0.2443613027407815,0.08558491536197486,0.3299462181027564
5142_MOCS3_P1P2_ENSG00000124217,MOCS3,-0.24456427564713426,0.03641753005145717,0.28098180569859144
1810_COX17_P1P2_ENSG00000138495,COX17,-0.2445993688779294,0.0754601344977395,0.3200595033756689
5206_MRPL22_P1P2_ENSG00000082515,MRPL22,-0.24491028843296447,0.041987525962272634,0.2868978143952371
4504_LAMTOR1_P1P2_ENSG00000149357,LAMTOR1,-0.24525083919476373,0.13058163591680397,0.3758324751115677
378_AP2S1_P1P2_ENSG00000042753,AP2S1,-0.245263072780427,-0.08773932864494363,0.15752374413548337
10055_ZDHHC7_P1P2_ENSG00000153786,ZDHHC7,-0.24584864724064703,0.047010947678678035,0.29285959491932506
2204_DHX16_P1P2_ENSG00000204560,DHX16,-0.24656291288716364,0.06624175583923479,0.31280466872639845
4718_LURAP1_P1P2_ENSG00000171357,LURAP1,-0.24666926139128503,-0.06597352961419728,0.18069573177708775
2106_DDX19A_P1P2_ENSG00000168872,DDX19A,-0.24688786834464455,0.07311442024672649,0.32000228859137103
2599_ELOF1_P1P2_ENSG00000130165,ELOF1,-0.24746227400029397,0.10522109938338542,0.3526833733836794
7193_RBX1_P1P2_ENSG00000100387,RBX1,-0.24758854413345663,0.1402590356811664,0.38784757981462303
4692_LSM3_P1P2_ENSG00000170860,LSM3,-0.2476770737462119,0.0727829331195614,0.3204600068657733
7097_RANGAP1_P1P2_ENSG00000100401,RANGAP1,-0.24794870501916194,-0.06584548954828634,0.1821032154708756
6394_PKMYT1_P1P2_ENSG00000127564,PKMYT1,-0.24824726318978074,-0.04556961128453111,0.20267765190524964
4360_KIAA1143_P1P2_ENSG00000163807,KIAA1143,-0.2486203315754456,-0.030929520269806225,0.2176908113056394
6845_PSMA5_P1P2_ENSG00000143106,PSMA5,-0.248631945729814,0.055670606049563684,0.3043025517793777
1487_CENPN_P1P2_ENSG00000166451,CENPN,-0.2488850043489563,0.07501933253169327,0.32390433688064957
3281_GAPDH_P1_ENSG00000111640,GAPDH,-0.2490396276318853,0.059302287919092575,0.3083419155509779
1606_CHTOP_P1P2_ENSG00000160679,CHTOP,-0.24914503918840492,-0.073827497135542,0.17531754205286293
9875_GET1_P1P2_ENSG00000182093,GET1,-0.24921267919564855,-0.07491356030332968,0.17429911889231886
2314_DNMT1_P1P2_ENSG00000130816,DNMT1,-0.24971072329173333,-0.07938231042985121,0.1703284128618821
5248_MRPS18A_P1P2_ENSG00000096080,MRPS18A,-0.24981479827765296,-0.03427526286170239,0.21553953541595056
683_ATP6V1E1_P1P2_ENSG00000131100,ATP6V1E1,-0.25006202978807934,0.04775236545165015,0.29781439523972947
5768_NPLOC4_P1P2_ENSG00000182446,NPLOC4,-0.25006559133559947,-0.06833999344110714,0.18172559789449233
8306_SP1_P1P2_ENSG00000185591,SP1,-0.25039760119370746,-0.07895922151640192,0.17143837967730555
9848_WDR83OS_P1P2_ENSG00000105583,WDR83OS,-0.25143486792889896,0.0670798362706652,0.3185147041995642
2490_EEF2_P1_ENSG00000167658,EEF2,-0.2517149631761282,0.19803901325137985,0.44975397642750803
5080_MIPEP_P1P2_ENSG00000027001,MIPEP,-0.2520417566353532,0.04451391334977039,0.2965556699851236
3404_GLRX5_P1P2_ENSG00000182512,GLRX5,-0.25229369539970703,0.07718336147178659,0.32947705687149365
7038_RAB6A_P1P2_ENSG00000175582,RAB6A,-0.25250379643940407,0.09369142040462701,0.3461952168440311
5221_MRPL39_P1P2_ENSG00000154719,MRPL39,-0.2526342349035422,-0.057257189475005375,0.19537704542853684
9612_UQCRC2_P1P2_ENSG00000140740,UQCRC2,-0.25342999879932815,0.0612856437226976,0.3147156425220258
3944_HS6ST1_P1P2_ENSG00000136720,HS6ST1,-0.25352453206932546,-0.06247292433388763,0.19105160773543783
2310_DNLZ_P1P2_ENSG00000213221,DNLZ,-0.254289237985039,0.10710222556914095,0.36139146355417995
7301_RHPN1_P1P2_ENSG00000158106,RHPN1,-0.2545226989543642,-0.04828628746563782,0.20623641148872637
3053_FDXR_P1P2_ENSG00000161513,FDXR,-0.2546706443877953,-0.05517413448963963,0.19949650989815568
802_BCL2L1_P2_ENSG00000171552,BCL2L1,-0.25467911621484296,-0.05696770758685352,0.19771140862798947
3336_GEMIN5_P1P2_ENSG00000082516,GEMIN5,-0.25471524708948723,-0.08690428473681674,0.16781096235267046
2681_EPS8L1_P1_ENSG00000131037,EPS8L1,-0.2553980707689771,-0.07401576158028621,0.18138230918869086
2238_DLD_P1P2_ENSG00000091140,DLD,-0.2558092610907163,-0.0687398023425758,0.18706945874814046
8538_STRAP_P1P2_ENSG00000023734,STRAP,-0.25603668282207925,-0.04146979873923537,0.21456688408284386
2291_DNAJC17_P1P2_ENSG00000104129,DNAJC17,-0.2563057809139506,0.0829092322454483,0.33921501315939895
5246_MRPS16_P1P2_ENSG00000182180,MRPS16,-0.25658439483537193,-0.050782815707326685,0.20580157912804525
7169_RBM28_P1P2_ENSG00000106344,RBM28,-0.2572595549680079,0.12819644686286455,0.3854560018308725
5243_MRPS12_P1P2_ENSG00000128626,MRPS12,-0.2573037557881423,0.061634337815242475,0.31893809360338476
5452_NAGLU_P1P2_ENSG00000108784,NAGLU,-0.257456777208606,-0.051678083994281934,0.20577869321432407
2446_E4F1_P1P2_ENSG00000167967,E4F1,-0.2575317331904141,0.08922418853975914,0.3467559217301732
5951_OR2A1_ENST00000408951.1_ENSG00000221970,OR2A1,-0.2576847565219561,0.05441044887911803,0.31209520540107416
2207_DHX30_P1_ENSG00000132153,DHX30,-0.25806254164743264,0.05175551533849155,0.3098180569859242
2158_DEPDC5_P1P2_ENSG00000100150,DEPDC5,-0.2581479574947493,-0.1339461037357403,0.12420185375900894
10_AARS2_P1P2_ENSG00000124608,AARS2,-0.2583596114734045,-0.09607559728414111,0.16228401418926341
9042_TMEM214_P1P2_ENSG00000119777,TMEM214,-0.25859152912863703,0.14676377468186652,0.40535530381050355
7513_RPS24_P1P2_ENSG00000138326,RPS24,-0.2595606228405937,-0.03950111946492477,0.22005950337566896
4896_MCL1_P1P2_ENSG00000143384,MCL1,-0.2595634067198761,-0.050363269404396595,0.2092001373154795
9202_TPI1_P1P2_ENSG00000111669,TPI1,-0.2596342903761303,-0.1224103517103822,0.13722393866574806
9063_TMEM258_P1P2_ENSG00000134825,TMEM258,-0.25971249514946587,-0.04729688695631125,0.21241560819315464
5413_MZF1_P1P2_ENSG00000099326,MZF1,-0.260104283897607,0.07053995457361319,0.33064423847122015
2348_DPH3_P1P2_ENSG00000154813,DPH3,-0.2601455787729385,-0.08090310251707601,0.17924247625586248
7724_SDHAF2_P1P2_ENSG00000167985,SDHAF2,-0.2604119738065923,0.06805810286121781,0.32847007666781014
3891_HOXA3_P2_ENSG00000105997,HOXA3,-0.2606563925631431,0.06884355022207178,0.3294999427852149
9185_TOR2A_P1P2_ENSG00000160404,TOR2A,-0.26073426925715154,0.05272264801026834,0.31345691726741987
888_BRD2_P1_ENSG00000204256,BRD2,-0.26081456585766155,-0.0610548679517232,0.19975969790593837
5258_MRPS28_P1P2_ENSG00000147586,MRPS28,-0.26102910951961855,0.05435022450028927,0.3153793340199078
1971_CWC15_P1P2_ENSG00000150316,CWC15,-0.2610428932297644,0.09329970889862538,0.35434260212838975
1787_COPZ1_P2_ENSG00000111481,COPZ1,-0.26104910036428197,0.04347086759543615,0.30451996795971814
3072_FGFR1OP_P1P2_ENSG00000213066,FGFR1OP,-0.2612510005672602,0.0595522950043146,0.3208032955715748
6865_PSMD11_P1P2_ENSG00000108671,PSMD11,-0.2629711769108024,0.05715698420602979,0.3201281611168322
4508_LAMTOR4_P1P2_ENSG00000188186,LAMTOR4,-0.2638943951456056,-0.044166737518877744,0.21972765762672786
4907_MCMBP_P1P2_ENSG00000197771,MCMBP,-0.26407931611376995,0.1018778872275707,0.36595720334134063
944_TWNK_P1P2_ENSG00000107815,TWNK,-0.26415657719863056,0.047675440194660745,0.3118320173932913
5290_MSRB1_P1P2_ENSG00000198736,MSRB1,-0.2650889220640246,-0.06802976197706163,0.197059160086963
4863_MAT2A_P1P2_ENSG00000168906,MAT2A,-0.2653770909399086,0.12910740385354502,0.3944844947934536
9676_USP8_P1P2_ENSG00000138592,USP8,-0.2658154332838474,0.07376575449507441,0.33958118777892177
1035_C1orf109_P1_ENSG00000116922,C1orf109,-0.26584735232450835,-0.06619064103030993,0.19965671129419843
1432_CDK2_P1P2_ENSG00000123374,CDK2,-0.26667567050204216,-0.06130892373467794,0.20536674676736424
6556_POLR3B_P1P2_ENSG00000013503,POLR3B,-0.2666849476558053,0.11624216070899493,0.38292710836480026
978_C14orf178_P1P2_ENSG00000197734,C14orf178,-0.26687490896076294,0.08847467337131046,0.35534958233207337
7660_SASS6_P1P2_ENSG00000156876,SASS6,-0.2670216463867663,0.0557956095921759,0.3228172559789422
2025_DAP3_P1P2_ENSG00000132676,DAP3,-0.26740400992502056,-0.06724380852898279,0.20016020139603774
9945_YRDC_P1P2_ENSG00000196449,YRDC,-0.2674900459333284,-0.10668217317901126,0.16080787275431718
440_ARF4_P1P2_ENSG00000168374,ARF4,-0.2678042125077947,-0.0635817614264357,0.20422245108135897
7228_RELL2_P1P2_ENSG00000164620,RELL2,-0.2679974356343563,-0.07646522371079528,0.191532211923561
8237_SNW1_P2_ENSG00000100603,SNW1,-0.26817668505524506,-0.04461563688039704,0.22356104817484804
5878_NUF2_P1P2_ENSG00000143228,NUF2,-0.26851108757834613,0.05844851878393592,0.32695960636228205
5227_MRPL44_P1P2_ENSG00000135900,MRPL44,-0.2690354864659654,0.1374755559874041,0.40651104245336955
1418_CDCA8_P1P2_ENSG00000134690,CDCA8,-0.2691797298705244,-0.02974730053078468,0.2394324293397397
8096_SLC4A5_P1_ENSG00000188687,SLC4A5,-0.26952950914053997,-0.06478068204362075,0.20474882709691924
8888_THOC2_P1P2_ENSG00000125676,THOC2,-0.2695995321184176,-0.06553728243310158,0.20406224968531603
6800_PRPF4B_P1P2_ENSG00000112739,PRPF4B,-0.2696885735168775,-0.07773297218949593,0.19195560132738151
9167_TOMM40_P1P2_ENSG00000130204,TOMM40,-0.26985438071923024,0.06944073313818783,0.33929511385741806
5680_NISCH_P1P2_ENSG00000010322,NISCH,-0.2699021411410794,-0.03859421117197707,0.23130792996910235
5936_OLFML3_P1P2_ENSG00000116774,OLFML3,-0.2699969870975721,-0.07308658544978629,0.19691040164778578
8221_SNRNP48_P1P2_ENSG00000168566,SNRNP48,-0.2700374984324501,0.09101067641592836,0.3610481748483785
5484_NBPF3_P1P2_ENSG00000142794,NBPF3,-0.27012961905803246,-0.10346295239136727,0.16666666666666521
675_ATP6V0C_P1P2_ENSG00000185883,ATP6V0C,-0.27014387678408136,-0.06974337329398177,0.20040050349009958
8817_TEN1_P1P2_ENSG00000257949,TEN1,-0.2705173854117612,-0.06277050361750687,0.2077468817942543
10297_ZNF335_P1P2_ENSG00000198026,ZNF335,-0.270555636918683,0.11674268096665849,0.3872983178853415
6857_PSMC1_P1P2_ENSG00000100764,PSMC1,-0.2706061652015257,0.08533845088727143,0.35594461608879713
8124_PRELID3B_P1P2_ENSG00000101166,PRELID3B,-0.27068573166741655,0.11108563805451793,0.3817713697219345
4535_LCN10_P1P2_ENSG00000187922,LCN10,-0.27087443593721666,-0.0593513783791451,0.21152305755807158
4693_LSM4_P1P2_ENSG00000130520,LSM4,-0.2710867873190064,-0.09032239780075543,0.18076438951825094
8417_SRP72_P1P2_ENSG00000174780,SRP72,-0.27149809004664704,0.07755786601239721,0.34905595605904427
4284_KATNB1_P1P2_ENSG00000140854,KATNB1,-0.2721180977221037,0.06500285433190414,0.3371209520540078
2083_DCUN1D5_P1P2_ENSG00000137692,DCUN1D5,-0.27240877611648917,-0.060702631248658656,0.2117061448678305
5356_MVD_P1P2_ENSG00000167508,MVD,-0.2726524527855224,-0.08106302607766341,0.19158942670785897
5225_MRPL42_P1P2_ENSG00000198015,MRPL42,-0.2727853921857069,-0.0679907932613453,0.2047945989243616
4995_METTL17_P1P2_ENSG00000165792,METTL17,-0.27317110357864405,0.03650963792495842,0.3096807415036025
8873_THAP1_P1P2_ENSG00000131931,THAP1,-0.2735532377879959,0.16029502860403885,0.4338482663920348
5555_NDUFB3_P1P2_ENSG00000119013,NDUFB3,-0.273837635627848,-0.043479471078131514,0.23035816454971653
10152_ZNF100_P1P2_ENSG00000197020,ZNF100,-0.27408558535473737,0.08523470300777261,0.35932028836250995
1915_CSTF1_P1P2_ENSG00000101138,CSTF1,-0.2744052102353379,-0.0710409809184854,0.20336422931685255
934_BUB1B_P1P2_ENSG00000156970,BUB1B,-0.2745172269163042,0.09673806545124232,0.3712552923675465
8886_THG1L_P1P2_ENSG00000113272,THG1L,-0.27457495286085676,-0.0918538177195363,0.1827211351413205
5983_OSBP_P1P2_ENSG00000110048,OSBP,-0.274661542177264,-0.05226767560214241,0.22239386657512158
6460_PLRG1_P1P2_ENSG00000171566,PLRG1,-0.27495350099142163,0.08281054523812331,0.35776404622954494
4531_LCE1E_P1P2_ENSG00000186226,LCE1E,-0.2749789644231437,-0.059027482560233095,0.2159514818629106
9461_TXN_P1P2_ENSG00000136810,TXN,-0.275070072839541,0.06628477325268622,0.3413548460922272
5537_NDUFA4_P1P2_ENSG00000189043,NDUFA4,-0.2751901266302756,-0.10585725101521674,0.16933287561505883
5422_NAA10_P1P2_ENSG00000102030,NAA10,-0.27524186264257333,-0.053191284773253154,0.2220505778693202
9587_UMPS_P1P2_ENSG00000114491,UMPS,-0.27530764018630427,0.06800395152899287,0.3433115917152971
2119_DDX3X_P1P2_ENSG00000215301,DDX3X,-0.27538134396274977,-0.050527241662719394,0.2248541023000304
2120_DDX41_P1P2_ENSG00000183258,DDX41,-0.2754507235687958,0.08541436396982399,0.3608650875386198
9164_TOMM22_P1P2_ENSG00000100216,TOMM22,-0.27548274827448027,0.14632752750077807,0.4218102757752583
3518_GPS2_P1P2_ENSG00000132522,GPS2,-0.27637693280858716,-0.09772949030944837,0.1786474424991388
5126_MMS19_P1P2_ENSG00000155229,MMS19,-0.2764920985229982,0.10662954010842145,0.3831216386314197
3214_FTSJ3_P1P2_ENSG00000108592,FTSJ3,-0.27653560100184404,0.07643384630333937,0.3529694473051834
4311_POGLUT3_P1P2_ENSG00000178202,POGLUT3,-0.27660073927385476,-0.06695432664083366,0.2096464126330211
6878_PSME1_P1P2_ENSG00000092010,PSME1,-0.27750144755537837,0.09273542165162402,0.3702368692070024
7631_SACM1L_P1P2_ENSG00000211456,SACM1L,-0.2783481951603901,-0.07378245537322953,0.20456573978716056
"1121_C7orf50_ENST00000357429.6,ENST00000397098.3,ENST00000397100.2_ENSG00000146540",C7orf50,-0.27855721686006896,-0.079781613244098,0.19877560361597096
6860_PSMC3_P1P2_ENSG00000165916,PSMC3,-0.2786431918182232,0.0761342426708474,0.3547774344890706
2764_ETV4_P1P2_ENSG00000175832,ETV4,-0.27931420276536145,0.07296866712821881,0.35228286989358026
524_ARMC7_P1P2_ENSG00000125449,ARMC7,-0.2795078269047956,-0.07712769187790555,0.20238013502689
8772_TCERG1_P1P2_ENSG00000113649,TCERG1,-0.27981732239676826,-0.0473879826553818,0.23242933974138646
8872_THAP11_P1P2_ENSG00000168286,THAP11,-0.2798566342719242,-0.07616055920613056,0.20369607506579365
7657_SARS_P1P2_ENSG00000031698,SARS,-0.27989127589851237,-0.12646411031892682,0.15342716557958558
6868_PSMD14_P1P2_ENSG00000115233,PSMD14,-0.28014333565123517,-0.08472051839525627,0.19542281725597893
4899_MCM3AP_P1P2_ENSG00000160294,MCM3AP,-0.28023020923126457,-0.03850918851951451,0.24172102071175006
7055_RAC1_P1P2_ENSG00000136238,RAC1,-0.2808620492710256,-0.046796366698650275,0.23406568257237534
4160_IPO11_P1P2_ENSG00000086200,IPO11,-0.2816296988318269,0.0744064609118496,0.35603615974367653
3910_HOXC10_P1P2_ENSG00000180818,HOXC10,-0.28175658068248854,-0.0365683440421409,0.24518823664034764
3434_GNB1L_P1P2_ENSG00000185838,GNB1L,-0.2820992854682296,-0.05178689274595049,0.2303123927222791
1219_CBFA2T3_P2_ENSG00000129993,CBFA2T3,-0.2821987340212767,0.05639835946767738,0.3385970934889541
2203_DHX15_P1P2_ENSG00000109606,DHX15,-0.28236528855792564,0.1038688343394293,0.3862341228973549
786_BCAS2_P1P2_ENSG00000116752,BCAS2,-0.2823744400672238,-0.04314798395096419,0.23922645611625962
6653_PPP1R11_P1P2_ENSG00000204619,PPP1R11,-0.2824022936274287,-0.06034027280124811,0.2220620208261806
2271_DNAAF3_P2_ENSG00000167646,DNAAF3,-0.2827113620811689,-0.041184871636038185,0.24152649044513072
4795_MANF_P1P2_ENSG00000145050,MANF,-0.2827551950716292,-0.031753936346375876,0.25100125872525336
2529_EIF1_P1P2_ENSG00000173812,EIF1,-0.283333188404409,0.07270297133926754,0.35603615974367653
10135_ZMAT2_P2_ENSG00000146007,ZMAT2,-0.283333862110211,-0.0695222131801289,0.2138116489300821
5747_NOP16_P1P2_ENSG00000048162,NOP16,-0.28351383753084886,0.04386915823525387,0.32738299576610275
937_BUD13_P1P2_ENSG00000137656,BUD13,-0.2836274799105817,-0.06317891600166911,0.2204485639089126
269_ALG2_P1P2_ENSG00000119523,ALG2,-0.28417421595561465,-0.1216613426291502,0.16251287332646447
1878_CRNKL1_P1P2_ENSG00000101343,CRNKL1,-0.284294058346767,-0.05597274011813913,0.22832131822862792
7830_SF3A1_P1_ENSG00000099995,SF3A1,-0.2843337370439491,-0.05364372674529174,0.23069001029865738
8448_SSBP3_P1P2_ENSG00000157216,SSBP3,-0.28438559262001306,-0.047390513091466156,0.23699507952854693
7719_SDE2_P1P2_ENSG00000143751,SDE2,-0.2846850722759071,0.11140143647795385,0.396086508753861
5198_MRPL15_P1P2_ENSG00000137547,MRPL15,-0.2849114338474987,0.09491463320822673,0.3798260670557254
7980_SLC25A10_P1P2_ENSG00000183048,SLC25A10,-0.2849495484867396,0.07370704837788847,0.35865659686462803
5491_NCAPH2_P1P2_ENSG00000025770,NCAPH2,-0.2850136532150385,0.09801644176150165,0.38303009497654017
3260_GAK_P1P2_ENSG00000178950,GAK,-0.285048286259147,0.03457638475584066,0.3196246710149877
6629_PPIL1_P1P2_ENSG00000137168,PPIL1,-0.28546464134599786,0.04974533691238279,0.33520997825838067
1148_CACTIN_P1P2_ENSG00000105298,CACTIN,-0.28561280846405374,0.14870461915924377,0.4343174276232975
1683_CLTC_P1P2_ENSG00000141367,CLTC,-0.28567509027070825,-0.11988953128226575,0.1657855589884425
2915_FAM229A_P1P2_ENSG00000225828,FAM229A,-0.2860698166179889,-0.07452387314619623,0.21154594347179267
5208_MRPL24_P1P2_ENSG00000143314,MRPL24,-0.28711090908067943,-0.03562904616730282,0.2514818629133766
6474_PMF1_P1P2_ENSG00000160783,PMF1,-0.2872834693593622,0.10179994979614537,0.3890834191555076
4700_LST1_P1_ENSG00000204482,LST1,-0.28745883749262346,0.07680480823343037,0.36426364572605385
6893_PSTK_P2_ENSG00000179988,PSTK,-0.28762575273584523,-0.062485576514311025,0.22514017622153423
3378_GJA3_P1P2_ENSG00000121743,GJA3,-0.28775297468823413,-0.06112521407489309,0.22662776061334103
3021_FBXO42_P1P2_ENSG00000037637,FBXO42,-0.288230682556412,-0.05974916293174131,0.2284815196246707
10464_ZNF574_P2_ENSG00000105732,ZNF574,-0.28825679394656084,-0.049888559594807556,0.23836823435175328
3531_GRB2_P1_ENSG00000177885,GRB2,-0.2883153604858315,0.19255201564415922,0.48086737612999075
5543_NDUFAB1_P1P2_ENSG00000004779,NDUFAB1,-0.2888746716776165,0.09711914912567697,0.3859938208032935
6696_PPP4C_P1P2_ENSG00000149923,PPP4C,-0.2901445209481554,-0.09753667107975263,0.1926078498684028
1718_CNOT3_P1P2_ENSG00000088038,CNOT3,-0.2902339683977726,-0.11575176219569008,0.1744822062020825
6849_PSMB1_P1P2_ENSG00000008018,PSMB1,-0.2903461945672148,0.06903130857959815,0.35937750314681294
5600_NELFCD_P1P2_ENSG00000101158,NELFCD,-0.2905802080107579,0.16750424101086744,0.4580844490216254
5933_OGT_P1P2_ENSG00000147162,OGT,-0.2907320001934901,0.08362433348313125,0.37435633367662136
2044_DBR1_P1P2_ENSG00000138231,DBR1,-0.29074607876501035,0.09481290967760217,0.3855589884426125
5826_NSL1_P1P2_ENSG00000117697,NSL1,-0.2911472126663969,0.07120545926402971,0.36235267193042664
5860_NUDCD3_P1P2_ENSG00000015676,NUDCD3,-0.2913353045585055,0.122693760551917,0.4140290651104225
8426_SRRT_P1P2_ENSG00000087087,SRRT,-0.29145317364385104,-0.07559323543582011,0.21585993820803093
6847_PSMA7_P1P2_ENSG00000101182,PSMA7,-0.29185572806413296,0.1223106525286113,0.41416638059274424
538_ARPC3_P2_ENSG00000111229,ARPC3,-0.29208052179037974,-0.061161652354521465,0.2309188694358583
2233_DIS3_P1P2_ENSG00000083520,DIS3,-0.2923197672688426,-0.056308782030258235,0.2360109852385844
1815_COX5A_P1P2_ENSG00000178741,COX5A,-0.29271416484186297,-0.03981337527784266,0.2529007895640203
9791_WBP11_P2_ENSG00000084463,WBP11,-0.29297024153375706,-0.048033749944331634,0.2449364915894254
5249_MRPS18B_P1P2_ENSG00000204568,MRPS18B,-0.2932652548700548,-0.0615224925402715,0.2317427623297833
2286_DNAJC11_P1P2_ENSG00000007923,DNAJC11,-0.2939256190833657,0.06495983691846353,0.3588854560018292
1268_CCDC174_P1P2_ENSG00000154781,CCDC174,-0.29434270169882504,-0.0755304806209012,0.2188122210779238
5263_MRPS34_P1P2_ENSG00000074071,MRPS34,-0.294404058823503,-0.062432437356518974,0.23197162146698405
6771_PRKRIP1_P1_ENSG00000128563,PRKRIP1,-0.2945439384115667,0.06602363224868865,0.36056757066025535
2539_EIF2B5_P1P2_ENSG00000145191,EIF2B5,-0.29457734645708394,-0.1484050155267738,0.14617233093031015
304_ANAPC15_P1P2_ENSG00000110200,ANAPC15,-0.29462821786461535,-0.055424647662076706,0.23920357020253866
"891_BRD4_ENST00000263377.2,ENST00000371835.4_ENSG00000141867",BRD4,-0.2947622522408701,-0.0897044653087306,0.2050577869321395
6275_PHB2_P1P2_ENSG00000215021,PHB2,-0.295121908359757,-0.11430030405720829,0.1808216043025487
3517_GPS1_P1P2_ENSG00000169727,GPS1,-0.29535682751350845,0.1383541233962048,0.43371095090971323
8233_SNRPG_P1P2_ENSG00000143977,SNRPG,-0.2954889105091889,-0.11082247270165947,0.18466643780752945
1791_COQ2_P1P2_ENSG00000173085,COQ2,-0.2955077425826386,0.050676031304531945,0.3461837738871706
6291_PHF5A_P1P2_ENSG00000100410,PHF5A,-0.29570464355429066,0.10173213410905552,0.3974367776633462
4521_LARS2_P1P2_ENSG00000011376,LARS2,-0.29611888478449955,0.04940119760478912,0.34552008238928866
4747_MAD2L2_P1P2_ENSG00000116670,MAD2L2,-0.29614930140804724,0.08754448506637506,0.3836937864744223
3541_GRPEL1_P1P2_ENSG00000109519,GRPEL1,-0.2967236950065542,-0.08166476377872682,0.21505893122782738
8057_SLC35G2_P1P2_ENSG00000168917,SLC35G2,-0.29692734971471857,0.05040071985845742,0.34732806957317597
"9279_TRIM49C_ENST00000432771.1,ENST00000448984.1_ENSG00000204449",TRIM49C,-0.2970976409575314,-0.053763163328513386,0.243334477629018
6988_QRSL1_P1P2_ENSG00000130348,QRSL1,-0.29751032045784315,-0.055217151903090435,0.24229316855475272
9475_U2SURP_P1P2_ENSG00000163714,U2SURP,-0.29838518006981307,-0.13214190280696853,0.16624327726284455
7648_SAP18_P1P2_ENSG00000150459,SAP18,-0.29863400889086295,-0.06070060689979068,0.23793340199107227
5240_MRPL9_P1P2_ENSG00000143436,MRPL9,-0.2992525956652183,0.05619997327859499,0.3554525689438133
1581_CHMP2A_P1P2_ENSG00000130724,CHMP2A,-0.2999163781997328,0.05316749867405113,0.35308387687378395
7751_SEC61A1_P1_ENSG00000058262,SEC61A1,-0.3000403966356673,-0.059372127955042965,0.24066826868062433
3710_HEXIM1_P1P2_ENSG00000186834,HEXIM1,-0.3008023508129049,0.15339149287630244,0.45419384368920734
9527_UBE3D_P1P2_ENSG00000118420,UBE3D,-0.30092359999795176,0.08894938318089902,0.3898729831788508
3394_GLI4_P1P2_ENSG00000250571,GLI4,-0.30120756325952,-0.0654254371581368,0.2357821261013832
2501_EFR3A_P1P2_ENSG00000132294,EFR3A,-0.301369312313014,-0.10342904454782349,0.19794026776519053
5967_ORC3_P1P2_ENSG00000135336,ORC3,-0.30157634441063547,0.10570137615235593,0.4072777205629914
9192_TP53I13_P1P2_ENSG00000167543,TP53I13,-0.301679032547311,0.05775568538379939,0.35943471793111037
8168_SMG7_P1P2_ENSG00000116698,SMG7,-0.30171159572424655,-0.08749944330406509,0.21421215242018146
3057_FEN1_P1P2_ENSG00000168496,FEN1,-0.3018172354282931,-0.0947683740025026,0.20704886142579046
876_BORA_P1P2_ENSG00000136122,BORA,-0.30209869052647365,-0.06457723498236136,0.23752145554411228
9510_UBE2L3_P1P2_ENSG00000185651,UBE2L3,-0.3023110804424667,-0.07030513010490082,0.23200595033756585
6582_POTEI_ENST00000451531.2_ENSG00000196834,POTEI,-0.3023798404087312,-0.044066532249904616,0.2583133081588266
9611_UQCRC1_P2_ENSG00000010256,UQCRC1,-0.3028187419677626,-0.050478657289884425,0.25234008467787816
1735_COA5_P1P2_ENSG00000183513,COA5,-0.30285707123801797,-0.049510006356456276,0.25334706488156167
2010_CYS1_P1P2_ENSG00000205795,CYS1,-0.3031188542239839,-0.06174112221803539,0.24137773200594848
9397_TTF2_P1P2_ENSG00000116830,TTF2,-0.3032927762647116,0.053418517933707436,0.35671129419841907
9672_USP5_P1_ENSG00000111667,USP5,-0.3033436282487986,0.07280924965484953,0.37615287790364815
6406_PLA2G10_ENST00000438167.3_ENSG00000069764,PLA2G10,-0.3036482774996138,-0.04193641115335316,0.26171186634626065
1298_CCDC84_P1P2_ENSG00000186166,CCDC84,-0.30461888061280157,0.15027298344486967,0.45489186405767124
8428_SRSF10_P1P2_ENSG00000188529,SRSF10,-0.3051137268214079,0.06008824136717131,0.3652019681885792
6842_PSMA2_P1P2_ENSG00000106588,PSMA2,-0.3054900835057335,0.08020622041920067,0.38569630392493415
8678_TAMM41_P1P2_ENSG00000144559,TAMM41,-0.3056304076444169,0.047670885409707604,0.3533012930541245
1386_CDC123_P1P2_ENSG00000151465,CDC123,-0.3066648016874992,-0.09196060212233415,0.21470419956516507
5881_NUMA1_ENST00000393695.3_ENSG00000137497,NUMA1,-0.3070841808582906,0.07285631576603549,0.37994049662432605
7524_RPS3_P2_ENSG00000149273,RPS3,-0.3075317372905347,-0.062057426728688345,0.24547431056184632
5077_MICOS10_P1P2_ENSG00000173436,MICOS10,-0.307716238830017,0.04051582433510249,0.34823206316511945
2429_DYNLRB1_P1_ENSG00000125971,DYNLRB1,-0.3084065586115235,0.09728059094792113,0.4056871495594446
8056_SLC35G2_P1P2_ENSG00000168917,SLC35G2,-0.3085412705852256,-0.06179679181191292,0.24674447877331268
6604_PPA2_P1P2_ENSG00000138777,PPA2,-0.3093116982225997,0.11928425097067157,0.42859594919327126
7272_RGPD6_ENST00000329516.3_ENSG00000183054,RGPD6,-0.3094967122774484,0.0616555934783583,0.3711523057558067
2654_ENY2_P1P2_ENSG00000120533,ENY2,-0.3104230459802984,-0.09090136157705032,0.21952168440324807
4557_LETM1_P1P2_ENSG00000168924,LETM1,-0.3113606418176333,0.08368455786196231,0.3950451996795956
2384_DSTYK_P1P2_ENSG00000133059,DSTYK,-0.31203178066776566,0.11907017607785647,0.43110195674562213
6856_PSMB7_P1P2_ENSG00000136930,PSMB7,-0.31222467835574,0.044635374281861324,0.35686005263760134
5200_MRPL17_P1P2_ENSG00000158042,MRPL17,-0.31247238426429286,-0.062867166275967,0.24960521798832586
3543_GRSF1_P1P2_ENSG00000132463,GRSF1,-0.31263905360438393,0.0820514144125495,0.3946904680169334
5368_MYB_P1P2_ENSG00000118513,MYB,-0.3130956805511266,0.05199185806885209,0.36508753861997867
9946_YTHDC1_P1P2_ENSG00000083896,YTHDC1,-0.3135190124142411,0.11574062827691206,0.4292596406911532
4589_LIMS1_P1P2_ENSG00000169756,LIMS1,-0.31364320673850277,-0.08115665221281367,0.23248655452568912
10447_ZNF559_P1P2_ENSG00000188321,ZNF559,-0.3137892145511016,-0.1044174328827189,0.2093717816683827
3605_GYG1_P1P2_ENSG00000163754,GYG1,-0.3139111865739517,0.17977230123929813,0.4936834878132498
2812_F8A1_P1P2_ENSG00000277203,F8A1,-0.3145825310209136,0.04806765778787238,0.36265018880878597
5022_MFN2_P1_ENSG00000116688,MFN2,-0.31560605622859245,-0.06367791799767436,0.2519281382309181
9609_UQCRB_P1P2_ENSG00000156467,UQCRB,-0.3163663956522954,-0.1416553303130119,0.17471106533928354
110_ACTR1A_P1P2_ENSG00000138107,ACTR1A,-0.31654796706318,-0.05369180503091385,0.26285616203226614
2535_EIF2B1_P1P2_ENSG00000111361,EIF2B1,-0.31664759598690556,-0.11544608551660245,0.2012015104703031
6319_PIAS1_P1P2_ENSG00000033800,PIAS1,-0.3168381610870982,-0.04494206313539077,0.27189609795170744
2373_DRG1_P1P2_ENSG00000185721,DRG1,-0.3174828360060096,-0.1487678800613956,0.16871495594461403
867_BOD1L1_P1_ENSG00000038219,BOD1L1,-0.3182168460728294,-0.05943437668274031,0.2587824693900891
7155_RBM14-RBM4_P1_nan,RBM14-RBM4,-0.3183917379316553,-0.12651623730229272,0.1918755006293626
2612_EMC3_P1_ENSG00000125037,EMC3,-0.3185179923939762,-0.03516749462535549,0.2833504977686207
7779_SEPHS2_P1P2_ENSG00000179918,SEPHS2,-0.31879473342785286,0.05555015729190787,0.37434489071976074
5587_NEDD8-MDP1_P1P2_nan,NEDD8-MDP1,-0.3189689897328516,0.173570202394393,0.4925391921272446
8576_SUGP1_P1P2_ENSG00000105705,SUGP1,-0.3191670179950936,0.11067621349592283,0.42984323149101644
5519_NDC80_P1P2_ENSG00000080986,NDC80,-0.31930770026909133,0.055460579854489774,0.3747682801235811
2707_ERH_P1P2_ENSG00000100632,ERH,-0.3193294180647153,-0.08336420465357325,0.23596521341114207
8552_STX18_P1P2_ENSG00000168818,STX18,-0.3194025065794844,0.06217433287583081,0.3815768394553152
1893_CSE1L_P1P2_ENSG00000124207,CSE1L,-0.31990655356838604,-0.1299763556052324,0.18993019796315364
112_ACTR2_P1P2_ENSG00000138071,ACTR2,-0.320034118506469,-0.058425238771948024,0.26160887973452096
4357_ICE1_P1P2_ENSG00000164151,ICE1,-0.32013324561683526,-0.12038499066775744,0.19974825494907783
7295_RHOQ_P1P2_ENSG00000119729,RHOQ,-0.3205833478085165,-0.11376334551992696,0.20682000228858952
5317_MTHFD1_P1P2_ENSG00000100714,MTHFD1,-0.32081237067264895,0.059917689975020186,0.3807300606476691
7575_RSL1D1_P2_ENSG00000171490,RSL1D1,-0.32102909796283163,-0.05186786670067611,0.2691612312621555
2567_EIF4E_P1P2_ENSG00000151247,EIF4E,-0.32129557333110376,-0.07886508929402934,0.24243048403707443
2122_DDX46_P1_ENSG00000145833,DDX46,-0.32158981382896457,-0.1038875595664646,0.21770225426249998
9583_UHRF1_P1P2_ENSG00000276043,UHRF1,-0.3220142514744052,-0.0405861704582722,0.281428081016133
5204_MRPL20_P1P2_ENSG00000242485,MRPL20,-0.3220618085926961,-0.08733243452243884,0.2347293740702573
2820_FAF2_P1P2_ENSG00000113194,FAF2,-0.3227205760513252,-0.06682173178997022,0.255898844261355
8331_SPC24_P1P2_ENSG00000161888,SPC24,-0.322771312015832,0.04759142971663154,0.37036274173246353
34_ABCF1_P2_ENSG00000204574,ABCF1,-0.32296434924698053,0.05044221901025509,0.3734065682572356
325_ANKRD11_P1P2_ENSG00000167522,ANKRD11,-0.32318150892641606,-0.13096271959125189,0.1922187893351642
4151_INTS6_P1P2_ENSG00000102786,INTS6,-0.32335333941794125,-0.051857744956333,0.27149559446160826
9370_TSSK3_P1P2_ENSG00000162526,TSSK3,-0.32339941201374844,-0.1097136356091274,0.21368577640462105
4522_LARS_P1P2_ENSG00000133706,LARS,-0.3235281804769215,-0.09345608984870393,0.23007209062821757
6630_PPIL2_P1P2_ENSG00000100023,PPIL2,-0.32353777271469614,-0.05846167705157796,0.2650760956631182
46_ABHD17A_P1P2_ENSG00000129968,ABHD17A,-0.32393766149906367,-0.07761657212957135,0.24632108936949232
116_ACTR5_P1P2_ENSG00000101442,ACTR5,-0.32394041459268835,0.24091826489008922,0.5648586794827776
5242_MRPS11_P1P2_ENSG00000181991,MRPS11,-0.324010925311464,-0.08009285688258275,0.24391806842888125
1672_CLPB_P1P2_ENSG00000162129,CLPB,-0.32456952377678444,-0.08155544893984683,0.24301407483693763
4746_MAD2L1_P1P2_ENSG00000164109,MAD2L1,-0.3249519482261942,0.04585706882381078,0.370809017050005
6396_PKM_P1_ENSG00000067225,PKM,-0.32506462200398123,-0.0714200402440552,0.25364458175992605
5448_NAE1_P1P2_ENSG00000159593,NAE1,-0.3252965655455883,0.09835602628413898,0.42365259182972725
3102_FKBP9_P1P2_ENSG00000122642,FKBP9,-0.3255244056979758,-0.05714129550230298,0.26838311019567285
10699_ZNHIT1_P1P2_ENSG00000106400,ZNHIT1,-0.32584701824787343,0.07077730947840834,0.39662432772628176
1147_CACNB3_P1_ENSG00000167535,CACNB3,-0.32663855929493874,-0.04889511038774367,0.27774344890719505
5851_NUB1_P1P2_ENSG00000013374,NUB1,-0.3269387916013772,0.08310812452174811,0.41004691612312527
5298_MT2A_P1P2_ENSG00000125148,MT2A,-0.3271925718074209,-0.036655897130687926,0.29053667467673294
1999_CYC1_P1P2_ENSG00000179091,CYC1,-0.3272425944200156,-0.07214475713886426,0.2550978372811513
6628_PPIH_P1P2_ENSG00000171960,PPIH,-0.3274833167419404,-0.0503921163757669,0.2770912003661735
938_BUD31_P1P2_ENSG00000106245,BUD31,-0.3276496878502041,0.14141999975707187,0.46906968760727596
8058_SLC35G6_ENST00000412468.2_ENSG00000259224,SLC35G6,-0.3282012410880532,-0.09909035883608225,0.22911088225197096
1361_CD2BP2_P1P2_ENSG00000169217,CD2BP2,-0.3286849223837514,-0.1078244120278789,0.2208605103558725
9748_VPS29_P1P2_ENSG00000111237,VPS29,-0.3287715432502594,-0.09956911734340877,0.22920242590685067
1421_CDK11A_P1P2_ENSG00000008128,CDK11A,-0.3287949951894345,-0.06180792573068918,0.26698706945874534
266_ALG14_P1P2_ENSG00000172339,ALG14,-0.3292151603329686,-0.0974723980031853,0.23174276232978328
9601_UPF2_P1P2_ENSG00000151461,UPF2,-0.3295960169023028,-0.1505938427405018,0.17900217416180098
5869_NUDT21_P1P2_ENSG00000167005,NUDT21,-0.3297458514152739,-0.06830861603365147,0.26143723538162245
1296_CCDC78_P1P2_ENSG00000162004,CCDC78,-0.3298650058196904,-0.09547892045523433,0.23438608536445607
10054_ZDHHC7_P1P2_ENSG00000153786,ZDHHC7,-0.33061828962662615,0.03650609531444089,0.36712438494106703
875_BOP1_P2_ENSG00000261236,BOP1,-0.3306312232214265,-0.06785516188717937,0.26277606133424714
7655_SARNP_P1P2_ENSG00000205323,SARNP,-0.33063198820708706,0.048393071868434785,0.37902506007552184
5082_MIS12_P1P2_ENSG00000167842,MIS12,-0.3311138710081505,0.10465681213637203,0.4357706831445225
9734_VMP1_P1P2_ENSG00000062716,VMP1,-0.3311748400110115,-0.051886591927706824,0.27928824808330466
8811_TEFM_P1P2_ENSG00000172171,TEFM,-0.3311793562270108,-0.09068273189928482,0.24049662432772598
7649_SAP30BP_P1P2_ENSG00000161526,SAP30BP,-0.3312239808539299,-0.07333406209892378,0.2578899187550061
8334_SPCS2_P1P2_ENSG00000118363,SPCS2,-0.3313885848786618,-0.06871551015615479,0.262673074722507
5771_NPM3_P1P2_ENSG00000107833,NPM3,-0.33172659342520894,-0.07304711064685979,0.2586794827783492
4000_HYOU1_P1P2_ENSG00000149428,HYOU1,-0.3318314287059679,-0.07406738247642287,0.257764046229545
5536_NDUFA3_P1P2_ENSG00000170906,NDUFA3,-0.33197375717936606,-0.07718487973343477,0.25478887744593126
431_AQR_P1P2_ENSG00000021776,AQR,-0.3321652817083489,-0.07324549683593805,0.25891978487241085
1816_COX5B_P1P2_ENSG00000135940,COX5B,-0.33220488649907715,-0.0551594579603459,0.27704542853873126
6858_PSMC2_P1P2_ENSG00000161057,PSMC2,-0.3325722883062737,0.11604883539208963,0.4486211236983634
784_BCAR1_P2_ENSG00000050820,BCAR1,-0.33259874587883476,-0.05744140522200969,0.27515734065682507
3131_FNTA_P1P2_ENSG00000168522,FNTA,-0.33266923724365255,-0.09161190802978447,0.24105732921386808
7996_SLC25A26_ENST00000354883.6_ENSG00000144741,SLC25A26,-0.3332502061190907,-0.09804022786070994,0.23520997825838072
8213_SNF8_P1P2_ENSG00000159210,SNF8,-0.3333192421834633,0.08426858251043604,0.4175878246938993
111_ACTR1B_P1P2_ENSG00000115073,ACTR1B,-0.33339940233326726,-0.06764817221540655,0.2657512301178607
9655_USP39_P2_ENSG00000168883,USP39,-0.3334678258462149,-0.0644896818938183,0.2689781439523966
3022_FBXO42_P1P2_ENSG00000037637,FBXO42,-0.3334839334921749,-0.044045782674005086,0.2894381508181698
1532_CFDP1_P1_ENSG00000153774,CFDP1,-0.3335658271253494,-0.11013065147596246,0.22343517564938692
714_AURKA_P1P2_ENSG00000087586,AURKA,-0.33365780761705466,-0.11221370646131895,0.2214441011557357
7837_SF3B3_P1P2_ENSG00000189091,SF3B3,-0.3339824036188416,-0.09750225714899452,0.23648014646984708
5235_MRPL51_P1P2_ENSG00000111639,MRPL51,-0.3340610587107684,0.06566431032458829,0.3997253690353567
2536_EIF2B2_P1P2_ENSG00000119718,EIF2B2,-0.33502525649366466,-0.1393850230573451,0.19564023343631953
9222_TRA2B_P1P2_ENSG00000136527,TRA2B,-0.33600169769553856,-0.061874223156118235,0.2741274745394203
6874_PSMD6_P1P2_ENSG00000163636,PSMD6,-0.33661578666970243,-0.05882656593506526,0.2777892207346372
5535_NDUFA2_P1P2_ENSG00000131495,NDUFA2,-0.337008388076133,0.09708018040996348,0.43408856848609645
1206_CASP8AP2_P1P2_ENSG00000118412,CASP8AP2,-0.33709619127218016,0.11881409594603519,0.45591028721821536
6720_PRDM10_P1P2_ENSG00000170325,PRDM10,-0.3373736607380765,0.07279912791050991,0.4101727886485864
9219_TPX2_P1P2_ENSG00000088325,TPX2,-0.33738871475665644,-0.07006979954896984,0.2673189152076866
4205_ISCA2_P1P2_ENSG00000165898,ISCA2,-0.3379280661326848,-0.055847736575530466,0.28208032955715434
8921_TIMM23B_P1P2_ENSG00000204152,TIMM23B,-0.3386343756990027,-0.10168506799789297,0.2369493077011097
2426_DYNLL1_P1P2_ENSG00000088986,DYNLL1,-0.339004367984749,0.14792777528106985,0.4869321432658188
497_ARIH1_P1P2_ENSG00000166233,ARIH1,-0.33957669338391416,0.04722957735644351,0.38680627074035767
3634_HAUS1_P1P2_ENSG00000152240,HAUS1,-0.33976083150655206,-0.053549594522918,0.28621123698363404
6928_PTPN23_P1P2_ENSG00000076201,PTPN23,-0.339806767929621,0.1255096298275587,0.4653163977571797
7099_RAN_P1P2_ENSG00000132341,RAN,-0.3401658117750435,-0.13651550853668723,0.20365030323835628
6774_PRMT1_P1P2_ENSG00000126457,PRMT1,-0.3401679683007459,0.06849435004231244,0.40866231834305833
6861_PSMC4_P1P2_ENSG00000013275,PSMC4,-0.3406625702393288,0.0659629017826412,0.40662547202196997
7161_RBM17_P1P2_ENSG00000134453,RBM17,-0.340741739653475,-0.05988580648034471,0.2808559331731303
7185_RBM8A_P1P2_ENSG00000265241,RBM8A,-0.34090033435724754,-0.04071724704748882,0.30018308730975873
6515_POLD1_P1P2_ENSG00000062822,POLD1,-0.3414315534520078,-0.12914181778431405,0.21228973566769374
7255_RFT1_P1P2_ENSG00000163933,RFT1,-0.3417081635946687,-0.07547632928868478,0.26623183430598396
4281_KAT8_P1_ENSG00000103510,KAT8,-0.3417654017288235,-0.1375772795180463,0.20418812221077726
9523_UBE2Z_P1P2_ENSG00000159202,UBE2Z,-0.3418996962196631,-0.08141222625742661,0.2604874699622365
7186_RBMX2_P1P2_ENSG00000134597,RBMX2,-0.34233777625998196,0.08591488422748758,0.42825266048746957
1221_CBLL1_P1P2_ENSG00000105879,CBLL1,-0.3424449619883855,-0.09613531557575383,0.24630964641263167
2421_DYNC1H1_P1P2_ENSG00000197102,DYNC1H1,-0.3425098369838546,0.10378836647191649,0.4462982034557711
5215_MRPL33_P1P2_ENSG00000243147,MRPL33,-0.34252519256996633,-0.1186551845598983,0.22387000801006804
1714_CNOT10_P1P2_ENSG00000182973,CNOT10,-0.34270817484012805,0.09101421902644569,0.43372239386657374
6158_PDCD6IP_P1P2_ENSG00000170248,PDCD6IP,-0.3428620245549296,-0.0540875652346418,0.2887744593202878
5559_NDUFB7_P1P2_ENSG00000099795,NDUFB7,-0.3440723205811813,-0.06016111792641854,0.2839112026547628
2929_CCNQ_P1P2_ENSG00000262919,CCNQ,-0.344211818093377,0.08941903211831734,0.43363085021169434
7310_RINT1_P1P2_ENSG00000135249,RINT1,-0.34504854826395526,-0.07127580538719704,0.27377274287675823
9400_TTK_P1P2_ENSG00000112742,TTK,-0.34510652091083494,0.1008712797528557,0.44597780066369064
5832_NSRP1_P1P2_ENSG00000126653,NSRP1,-0.34525474334579026,0.10231362832144714,0.4475683716672374
4552_LENG8_P1P2_ENSG00000167615,LENG8,-0.34541973799410247,-0.08127052183664914,0.26414921615745335
6875_PSMD7_P1P2_ENSG00000103035,PSMD7,-0.3457133925565897,-0.07398893895778044,0.27172445359880926
5763_NPB_P1P2_ENSG00000183979,NPB,-0.34609026759374967,-0.10459810601920062,0.24149216157454906
9725_VHL_P1P2_ENSG00000134086,VHL,-0.3461108328726053,-0.13232206985624426,0.21378876301636104
9409_TUBA1C_P1P2_ENSG00000167553,TUBA1C,-0.3461366298388998,-0.05581737134250739,0.29031925849639245
4871_MAX_P1P2_ENSG00000125952,MAX,-0.34642499843942737,-0.1487936905094616,0.19763130792996578
4898_MCM2_P1P2_ENSG00000073111,MCM2,-0.34655827651670984,-0.0788731866895007,0.2676850898272091
8157_SMC3_P1P2_ENSG00000108055,SMC3,-0.3470498444684981,0.07430271303235797,0.4213525575008561
7819_SETD5_P1P2_ENSG00000168137,SETD5,-0.34775439049545886,-0.11011850538274602,0.23763588511271286
7659_SART3_P1P2_ENSG00000075856,SART3,-0.3478099224919922,-0.09541262302981142,0.2523972994621808
7861_SGPP1_P1P2_ENSG00000126821,SGPP1,-0.34799101536987126,0.0698142255043685,0.41780524087423976
8126_SLU7_P1P2_ENSG00000164609,SLU7,-0.34817116754751454,0.10422613191466622,0.45239729946218077
997_C16orf86_P1P2_ENSG00000159761,C16orf86,-0.3482826955146566,-0.12043053851729127,0.22785215699736538
1478_CENPC_P1P2_ENSG00000145241,CENPC,-0.34868731625794064,0.11067874393201167,0.4593660601899523
6708_PPWD1_P1P2_ENSG00000113593,PPWD1,-0.3490438495077007,-0.08183936386861486,0.26720448563908583
8154_SMARCE1_P1P2_ENSG00000073584,SMARCE1,-0.34907999421156716,-0.05282184110480776,0.2962581531067594
3988_HSPH1_P1P2_ENSG00000120694,HSPH1,-0.34920628547079285,-0.11365301850661066,0.2355532669641822
579_ASF1B_P1P2_ENSG00000105011,ASF1B,-0.3495379662419076,-0.10841197928688125,0.24112598695502635
9339_TSEN54_P1P2_ENSG00000182173,TSEN54,-0.3502212123382972,-0.05355111278457303,0.2966700995537242
9812_WDR26_P1P2_ENSG00000162923,WDR26,-0.35088369033875483,-0.05333248310680816,0.29755120723194667
893_BRD8_P1P2_ENSG00000112983,BRD8,-0.3511385855350348,-0.08320175065690354,0.26793683487813125
6276_PHB_P1P2_ENSG00000167085,PHB,-0.3511715080634292,-0.11027438024560392,0.24089712781782532
10073_ZFC3H1_P1P2_ENSG00000133858,ZFC3H1,-0.35130331020067485,-0.03832699712137787,0.31297631307929696
5410_MYSM1_P1P2_ENSG00000162601,MYSM1,-0.3516862112372603,-0.08022494564623373,0.27146126559102657
4778_MAGOH_P1P2_ENSG00000162385,MAGOH,-0.35180459412361403,0.06257920264947063,0.4143837967730847
4152_INTS7_P1P2_ENSG00000143493,INTS7,-0.3522546545148824,-0.06293093326531311,0.2893237212495693
4244_IWS1_P1P2_ENSG00000163166,IWS1,-0.35237456087493,0.11214082990204607,0.4645153907769761
6876_PSMD8_P1P2_ENSG00000099341,PSMD8,-0.35256540659031416,-0.06665168648503954,0.2859137201052746
3337_GEMIN6_P1P2_ENSG00000152147,GEMIN6,-0.3525797655338079,-0.06626554193843406,0.28631422359537384
8238_SNW1_P1_ENSG00000100603,SNW1,-0.35301168618171547,-0.0668576639823792,0.2861540221993363
7898_SHOC2_P1P2_ENSG00000108061,SHOC2,-0.35312832262414606,-0.06346131266877517,0.28966700995537087
5960_OR7A17_ENST00000327462.2_ENSG00000185385,OR7A17,-0.35331379373847627,-0.07130212192248021,0.28201167181599607
6499_PNPT1_P1P2_ENSG00000138035,PNPT1,-0.35354655838184734,0.09548651176347586,0.44903307014532323
3979_HSPA8_P1P2_ENSG00000109971,HSPA8,-0.3540712810749048,-0.06737943990314751,0.2866918411717573
8332_SPC25_P1P2_ENSG00000152253,SPC25,-0.3545387769265505,0.0684386804484342,0.4229774573749847
6801_PRPF4_P1P2_ENSG00000136875,PRPF4,-0.3548227932464859,-0.06410303125998919,0.29071976198649674
9570_UFL1_P1P2_ENSG00000014123,UFL1,-0.35522582074451436,-0.07057082589384553,0.2846549948506688
8695_TARS_P1P2_ENSG00000113407,TARS,-0.3552442009705254,-0.09325770365962144,0.26198649731090395
9600_UPF1_P1P2_ENSG00000005007,UPF1,-0.35684241908571024,-0.16777044288706297,0.1890719761986473
7893_SEM1_P1P2_ENSG00000127922,SEM1,-0.35726197636861434,-0.05354301538909986,0.30371896097951445
9498_UBE2D3_P1P2_ENSG00000109332,UBE2D3,-0.3575407303891708,0.1068259019486231,0.46436663233779385
10029_ZC3H8_P1P2_ENSG00000144161,ZC3H8,-0.35757807392729823,0.08484096715291554,0.4424190410802138
9505_UBE2H_P1P2_ENSG00000186591,UBE2H,-0.3576041819817586,0.12738265861785125,0.48498684059960984
8387_SPTLC1_P1P2_ENSG00000090054,SPTLC1,-0.3577379107946037,-0.05206220419201969,0.30567570660258403
4695_LSM5_P1_ENSG00000106355,LSM5,-0.35862061144011304,-0.08953948087597638,0.26908113056413663
9757_VPS41_P1_ENSG00000006715,VPS41,-0.35862372666492326,-0.0689452737526918,0.2896784529122315
9975_ZBTB17_P1P2_ENSG00000116809,ZBTB17,-0.3604123557087343,0.14585838465057344,0.5062707403593077
5219_MRPL37_P1P2_ENSG00000116221,MRPL37,-0.36044689886285863,0.032550011538788,0.39299691040164664
6841_PSMA1_P1P2_ENSG00000129084,PSMA1,-0.3605664111593686,0.05452684893904037,0.41509326009840897
6863_PSMC6_P1P2_ENSG00000100519,PSMC6,-0.3615353246049103,0.07884687015421515,0.44038219475912543
2780_EXOC3_P1P2_ENSG00000180104,EXOC3,-0.3616088684418039,-0.06991645512220519,0.2916924133195987
699_ATR_P1P2_ENSG00000175054,ATR,-0.36162525340202106,0.08079378767819285,0.4424190410802139
8889_THOC3_P1P2_ENSG00000051596,THOC3,-0.3620273307486602,-0.07500364382796212,0.28702368692069813
9998_ZBTB44_P1P2_ENSG00000196323,ZBTB44,-0.36222980747063116,0.07047416323539837,0.4327039707060295
2856_FAM136A_P1P2_ENSG00000035141,FAM136A,-0.36321281567970576,-0.08043446575408762,0.2827783499256181
7464_RPL36AL_P1P2_ENSG00000165502,RPL36AL,-0.36330536240536115,0.036534436198596004,0.39983979860395713
4061_IGBP1_P1P2_ENSG00000089289,IGBP1,-0.3634719614179185,0.09270151380807967,0.45617347522599816
4478_KRT8_P1_ENSG00000170421,KRT8,-0.3642362965852142,0.033532326827072925,0.39776862341228714
8425_SRRM2_P1P2_ENSG00000167978,SRRM2,-0.3651729606522183,0.059257752243991484,0.4244307128962098
6792_PRPF19_P1P2_ENSG00000110107,PRPF19,-0.36539195041113925,0.12840596697071102,0.4937979173818503
2549_EIF3E_P1P2_ENSG00000104408,EIF3E,-0.36600055116218294,-0.16772843764805137,0.19827211351413157
8397_SRCAP_P1P2_ENSG00000080603,SRCAP,-0.36652320642034353,-0.13068386553466244,0.2358393408856811
1545_CHAF1B_P1P2_ENSG00000159259,CHAF1B,-0.36754774894497483,-0.07059157546975199,0.29695617347522285
8444_SS18L2_P1P2_ENSG00000008324,SS18L2,-0.3676226258430519,0.06734705032126738,0.43496967616431925
7691_SCFD1_P1P2_ENSG00000092108,SCFD1,-0.36766220029982066,-0.07570659897243934,0.29195560132738135
3233_FYN_P1P2_ENSG00000010810,FYN,-0.367903933475801,0.09787018255578077,0.4657741160315818
8341_SPDYE2_ENST00000341656.4_ENSG00000205238,SPDYE2,-0.36966833120958514,0.04960160814274032,0.4192699393523255
6111_PCBP2_P1_ENSG00000197111,PCBP2,-0.37022434927291326,0.06545479021672997,0.4356791394896432
3501_GPKOW_P1P2_ENSG00000068394,GPKOW,-0.3712601858296199,-0.10982295044799746,0.26143723538162245
862_BNIP1_P1P2_ENSG00000113734,BNIP1,-0.37211509591085845,-0.0667483491434942,0.30536674676736425
5965_ORC1_P1P2_ENSG00000085840,ORC1,-0.373167887171132,-0.10386934042665492,0.26929854674447706
1586_CHMP4B_P1P2_ENSG00000101421,CHMP4B,-0.3741657758385008,0.09445763645123369,0.4686234122897345
3388_GLE1_P1P2_ENSG00000119392,GLE1,-0.3743089462964804,-0.10235563356047007,0.27195331273601037
6770_PRKRIP1_P2_ENSG00000128563,PRKRIP1,-0.37431964549796937,0.05950573498034417,0.43382538047831354
5457_NANOG_P1P2_ENSG00000111704,NANOG,-0.3743381018542201,0.05482999518205365,0.4291680970362738
166_ADRM1_P1P2_ENSG00000130706,ADRM1,-0.3746841267319552,0.1085977132955072,0.48328184002746244
8770_ELOB_P1P2_ENSG00000103363,ELOB,-0.3751335874628623,-0.16958375338573922,0.20554983407712304
3833_HMGCS1_P1P2_ENSG00000112972,HMGCS1,-0.3754956108468165,-0.15108778386432778,0.22440782698248868
5194_MRPL11_P1P2_ENSG00000174547,MRPL11,-0.3759376636978413,-0.0736033004983936,0.30233436319944773
4976_MEPCE_P1P2_ENSG00000146834,MEPCE,-0.37606150318773834,-0.12738316470507732,0.24867833848266102
8214_SNIP1_P1P2_ENSG00000163877,SNIP1,-0.3762558117349919,0.0865545784698368,0.4628103902048287
4696_LSM6_P1P2_ENSG00000164167,LSM6,-0.3770445487148781,-0.06057813379326271,0.31646641492161537
8433_SRSF3_P1P2_ENSG00000112081,SRSF3,-0.37760023692679356,0.17306917604951866,0.5506694129763122
2108_DDX19B_P2_ENSG00000157349,DDX19B,-0.3778739683661348,-0.06948628098771985,0.30838768737841493
5238_MRPL54_P1P2_ENSG00000183617,MRPL54,-0.38039345778312805,-0.05934986011749167,0.3210435976656364
2275_DNAJA1_P2_ENSG00000086061,DNAJA1,-0.3806598916289635,0.056575489993644784,0.43723538162260833
3716_HGS_P1P2_ENSG00000185359,HGS,-0.380765163016888,0.1022878178733734,0.4830529808902614
4331_KDM8_P1P2_ENSG00000155666,KDM8,-0.38082081579330174,0.044777078702634455,0.4255978944959362
2686_EPS8L1_P2_ENSG00000131037,EPS8L1,-0.38118391646721034,-0.046912260671354934,0.3342716557958554
6555_POLR3A_P1P2_ENSG00000148606,POLR3A,-0.3815919646701123,0.11792743114176456,0.4995193958118769
2338_DPAGT1_P1P2_ENSG00000172269,DPAGT1,-0.38166866070242333,0.07198736401436326,0.45365602471678657
7117_RARS_P1P2_ENSG00000113643,RARS,-0.3819766275781915,-0.10237941965966706,0.27959720791852444
4888_MBTPS2_P1P2_ENSG00000012174,MBTPS2,-0.38215731708042544,0.11209831857582707,0.4942556356562525
1408_CDC5L_P1P2_ENSG00000096401,CDC5L,-0.38329072756529375,0.09199248561699243,0.47528321318228617
5244_MRPS14_P1P2_ENSG00000120333,MRPS14,-0.3851033690489756,0.06144657945771779,0.4465499485066934
3978_HSPA5_P1P2_ENSG00000044574,HSPA5,-0.3861308150166541,-0.10240269967165005,0.28372811534500403
2543_EIF2S3_P1P2_ENSG00000130741,EIF2S3,-0.38679782723196365,-0.12287747021171137,0.2639203570202523
471_ARHGAP6_P1P2_ENSG00000047648,ARHGAP6,-0.38702791279239557,-0.08306864971881935,0.30395926307357624
7486_RPN2_P1P2_ENSG00000118705,RPN2,-0.38739852801887775,-0.10331568101121157,0.2840828470076662
7814_SETD1A_P1P2_ENSG00000099381,SETD1A,-0.38771118866680965,-0.08384346924811284,0.30386771941869684
2678_EPRS_P1P2_ENSG00000136628,EPRS,-0.38928521341548866,-0.12650915208124164,0.262776061334247
6869_PSMD1_P1P2_ENSG00000173692,PSMD1,-0.38942367380503307,-0.038056240460257025,0.35136743334477605
5400_MYO1H_ENST00000431443.2_ENSG00000174527,MYO1H,-0.3898310760648181,0.0942288850291269,0.484059961093945
3792_HIST2H3D_ENST00000331491.1_ENSG00000183598,HIST2H3D,-0.3906968481710923,-0.046080759373747365,0.34461608879734495
2730_ESF1_P2_ENSG00000089048,ESF1,-0.3917419576076756,-0.043601438097435455,0.34814051951024017
4271_KANSL2_P1P2_ENSG00000139620,KANSL2,-0.39176365844686395,-0.12740846906593056,0.2643551893809334
6793_PRPF31_P1P2_ENSG00000105618,PRPF31,-0.3921743278444928,-0.07399146939386958,0.3181828584506232
5207_MRPL23_P1P2_ENSG00000214026,MRPL23,-0.3922665156008996,0.07382800322276266,0.46609451882366226
9341_TSG101_P1P2_ENSG00000074319,TSG101,-0.3924735121525413,0.08954960262031535,0.48202311477285664
6135_PCNA_P1P2_ENSG00000132646,PCNA,-0.39252098431488713,-0.08318353151708616,0.309337452797801
6025_PABPC4_P1P2_ENSG00000090621,PABPC4,-0.3926045195608619,-0.05223376775859696,0.34037075180226495
6159_PDCD6_P1P2_ENSG00000249915,PDCD6,-0.39325144308450305,-0.04762837408347458,0.34562306900102846
9534_UBL5_P1P2_ENSG00000198258,UBL5,-0.39343067436756773,-0.08807537055706402,0.3053553038105037
204_AHCY_P1P2_ENSG00000101444,AHCY,-0.39428304327596636,-0.0648059864044726,0.32947705687149376
9790_WBP11_P1_ENSG00000084463,WBP11,-0.3943088023335199,-0.10300544954715991,0.29130335278636
6383_PITRM1_P1P2_ENSG00000107959,PITRM1,-0.3950456022213328,-0.04108061766932648,0.3539649845520063
9337_TSEN2_P1P2_ENSG00000154743,TSEN2,-0.39575968520389015,-0.07944202872145711,0.31631765648243304
3285_GARS_P1P2_ENSG00000106105,GARS,-0.39583173075855793,0.06216117460818805,0.457992905366746
5203_MRPL1_P1P2_ENSG00000169288,MRPL1,-0.395836598507994,0.0931438340357735,0.48898043254376755
8791_TCOF1_P1P2_ENSG00000070814,TCOF1,-0.3965801683938317,0.07675774212224548,0.4733379105160772
6741_PRELID1_P1P2_ENSG00000169230,PRELID1,-0.4006345060578951,-0.14219532537360743,0.2584391806842876
3789_HIST2H2BF_P1P2_ENSG00000203814,HIST2H2BF,-0.40093566989143825,-0.12283748932158117,0.2780981805698571
452_ARFRP1_P1P2_ENSG00000101246,ARFRP1,-0.4010324039893074,-0.10063190049920803,0.3004005034900994
6862_PSMC5_P1P2_ENSG00000087191,PSMC5,-0.4011317575098484,-0.04748717574992243,0.35364458175992597
9512_UBE2M_P1P2_ENSG00000130725,UBE2M,-0.40128256882501967,0.07579718858429305,0.47707975740931274
4088_IK_P1_ENSG00000113141,IK,-0.40137073787018773,0.08260912252573852,0.4839798603959262
5079_MIOS_P1P2_ENSG00000164654,MIOS,-0.40142679412652327,-0.15017379035034775,0.25125300377617554
6802_PRPF6_P1P2_ENSG00000101161,PRPF6,-0.4021198991076835,-0.08942965994988554,0.3126902391577979
1588_CHMP6_P1P2_ENSG00000176108,CHMP6,-0.4021733755527031,0.09209370306040994,0.49426707861311303
1920_CT45A5_P1P2_ENSG00000228836,CT45A5,-0.4022959542200222,-0.08113792698578517,0.321158027234237
1550_CHCHD3_P1P2_ENSG00000106554,CHCHD3,-0.40278602993552465,-0.11349663755653709,0.28928939237898754
2164_DESI1_P1P2_ENSG00000100418,DESI1,-0.4035850639921229,-0.06177249962549343,0.3418125643666295
1717_CNOT2_P1P2_ENSG00000111596,CNOT2,-0.4036141969297064,-0.0579682420149567,0.3456459549147497
1587_CHMP5_P1P2_ENSG00000086065,CHMP5,-0.40370925671804164,-0.048565647609448225,0.35514360910859344
2427_DYNLL2_P1P2_ENSG00000264364,DYNLL2,-0.40378386978364084,-0.11742387436082462,0.2863599954228162
3950_HSD17B12_P1P2_ENSG00000149084,HSD17B12,-0.40800980444068624,0.03040420173850901,0.43841400617919524
6855_PSMB6_P1_ENSG00000142507,PSMB6,-0.40801223021939836,-0.11089585534813275,0.29711637487126563
9215_TPR_P1P2_ENSG00000047410,TPR,-0.4085092022723177,-0.12602836922505892,0.2824808330472588
8220_SNRNP40_P1P2_ENSG00000060688,SNRNP40,-0.40929940282236554,-0.09844003676217603,0.3108593660601895
2537_EIF2B3_P1P2_ENSG00000070785,EIF2B3,-0.40963591649186437,-0.1513226083330379,0.25831330815882647
4691_LSM2_P1P2_ENSG00000204392,LSM2,-0.4101524153458468,-0.11702963241873893,0.29312278292710786
4161_IPO13_P1P2_ENSG00000117408,IPO13,-0.410852005296992,-0.10595441976089043,0.3048975855361016
7093_RANBP2_P1P2_ENSG00000153201,RANBP2,-0.41387539180514926,0.09730437704712051,0.5111797688522698
9837_WDR70_P1P2_ENSG00000082068,WDR70,-0.4138958092363372,-0.07912066333863756,0.33477514589769963
6317_PI4KA_P1P2_ENSG00000241973,PI4KA,-0.41482997271476096,-0.08193147174211211,0.33289850097264884
5887_NUP153_P1P2_ENSG00000124789,NUP153,-0.41499973549341507,-0.07797032709428663,0.3370294083991284
9319_TRNT1_P1P2_ENSG00000072756,TRNT1,-0.41625213759392404,-0.09978572267230873,0.3164664149216153
6769_PRKRA_P1P2_ENSG00000180228,PRKRA,-0.41630308742500854,-0.09459579826149021,0.3217072891635183
3861_HNRNPC_P1P2_ENSG00000092199,HNRNPC,-0.4167865687528305,-0.07472225933527879,0.34206430941755167
3195_FOXS1_P1P2_ENSG00000179772,FOXS1,-0.41855537995632025,-0.057919151554901495,0.36063622840141873
2578_EIF5_P1_ENSG00000100664,EIF5,-0.4196855410589504,-0.07589334515553034,0.34379219590342003
2541_EIF2S1_P1P2_ENSG00000134001,EIF2S1,-0.4206724836835313,-0.1210272153461934,0.2996452683373379
523_ARMC6_P1P2_ENSG00000105676,ARMC6,-0.4209127465136923,0.06921198171608063,0.49012472822977293
5468_NARS_P1P2_ENSG00000134440,NARS,-0.4215359702839425,-0.09156686626746502,0.3299691040164775
2973_FARSA_P1P2_ENSG00000179115,FARSA,-0.4262666985692459,-0.173228593522904,0.25303810504634194
3990_HTATSF1_P1P2_ENSG00000102241,HTATSF1,-0.42680669429001505,-0.08301449838659504,0.34379219590342003
4215_IST1_P1P2_ENSG00000182149,IST1,-0.42697796546222544,-0.09348443073285281,0.3334935347293726
2542_EIF2S2_P1P2_ENSG00000125977,EIF2S2,-0.42854589117368325,-0.10372611774422949,0.3248197734294538
5954_OR4F4_ENST00000326183.3_ENSG00000177693,OR4F4,-0.42881481494082774,0.04802464037442346,0.4768394553152512
7658_SART1_P1P2_ENSG00000175467,SART1,-0.4293429967478686,-0.17179636669866402,0.25754663004920453
9747_VPS28_P1P2_ENSG00000160948,VPS28,-0.43008500810051387,0.10915289097260628,0.5392378990731201
2724_ERVW-1_ENST00000603053.1_ENSG00000242950,ERVW-1,-0.43143085898845657,-0.0641005008239096,0.36733035816454696
5430_NAA38_P1P2_ENSG00000183011,NAA38,-0.4316833728819432,-0.1106397752163068,0.3210435976656364
7181_RBM4_P2_ENSG00000173933,RBM4,-0.43274541930122545,-0.04638542387840925,0.3863599954228162
1197_CARS_P1P2_ENSG00000110619,CARS,-0.43286613380245365,-0.09454367127813759,0.338322462524316
1036_C1orf109_P2_ENSG00000116922,C1orf109,-0.433290206189472,0.047336867846457166,0.4806270740359292
1410_CDC73_P1P2_ENSG00000134371,CDC73,-0.4351650653372289,-0.09559532051516773,0.33956974482206115
7430_RPIA_P1P2_ENSG00000153574,RPIA,-0.43656613973956676,-0.03737858967663105,0.3991875500629357
3554_GSPT1_P1P2_ENSG00000103342,GSPT1,-0.4367135557706884,-0.13528318616318433,0.301430369607504
9365_TSR1_P2_ENSG00000167721,TSR1,-0.4375029229186178,-0.06752924171939823,0.3699736811992196
84_ACIN1_P1_ENSG00000100813,ACIN1,-0.43877166473899,-0.07873047009429487,0.3600411946446951
7425_RPE_P1P2_ENSG00000197713,RPE,-0.4394114673218933,-0.16860245027188817,0.27080901705000515
9179_TOPBP1_P1P2_ENSG00000163781,TOPBP1,-0.44013995156954144,-0.03788568906811272,0.4022542625014287
5903_NUP93_P1P2_ENSG00000102900,NUP93,-0.44124706157214555,-0.13190960877434452,0.309337452797801
6850_PSMB2_P1P2_ENSG00000126067,PSMB2,-0.44185227923523807,-0.06038986934852344,0.38146240988671465
4333_KEAP1_P1P2_ENSG00000079999,KEAP1,-0.44287479588214923,0.07023883267946888,0.5131136285616181
2389_DTL_P1P2_ENSG00000143476,DTL,-0.44297791842339307,-0.09484884187001327,0.34812907655337977
9690_UXS1_P1P2_ENSG00000115652,UXS1,-0.4440655965531828,-0.05723643989910388,0.3868291566540789
6846_PSMA6_P1P2_ENSG00000100902,PSMA6,-0.4446029393553894,-0.05867777629325424,0.3859251630621352
1669_CLOCK_P1P2_ENSG00000134852,CLOCK,-0.4446783330774441,-0.06759857566813124,0.3770797574093129
9831_WDR5_P1P2_ENSG00000196363,WDR5,-0.44588495497653596,0.14540695485296345,0.5912919098294994
2372_DRAP1_P1P2_ENSG00000175550,DRAP1,-0.4462663363268478,-0.11864303846668355,0.32762329786016425
2502_EFTUD2_P1P2_ENSG00000108883,EFTUD2,-0.44710374527626773,-0.1101544375751581,0.33694930770110965
6803_PRPF8_P1P2_ENSG00000174231,PRPF8,-0.4475174989393078,-0.10782188159178555,0.3396956173475223
2162_DERL2_P1P2_ENSG00000072849,DERL2,-0.4480879388031035,-0.0824168093832616,0.3656711294198419
9753_VPS37A_P1P2_ENSG00000155975,VPS37A,-0.44814388790028037,-0.0986530994805551,0.34949078841972525
5908_NUTF2_P1P2_ENSG00000102898,NUTF2,-0.44862173833461894,-0.17460869336379917,0.2740130449708198
4145_INTS12_P1P2_ENSG00000138785,INTS12,-0.44930377565914675,0.05639481685715838,0.5056985925163051
6853_PSMB5_P1P2_ENSG00000100804,PSMB5,-0.4498696377008565,-0.06749179126533762,0.38237784643551886
2538_EIF2B4_P1P2_ENSG00000115211,EIF2B4,-0.4499160674938142,-0.18050309118073657,0.2694129763130776
8008_SLC25A42_P1P2_ENSG00000181035,SLC25A42,-0.4500758873699188,-0.10927030320697302,0.3408055841629458
8216_SNRNP200_P1P2_ENSG00000144028,SNRNP200,-0.45524235532447244,-0.08018800127938727,0.37505435404508514
3460_GOLGA6L1_ENST00000560659.2_ENSG00000273976,GOLGA6L1,-0.4568578267572591,-0.08107112347313378,0.37578670328412533
8894_THRAP3_P1P2_ENSG00000054118,THRAP3,-0.457610942563407,-0.12256116570106919,0.33504977686233783
5237_MRPL53_P1P2_ENSG00000204822,MRPL53,-0.46369018747680424,-0.11977211904792295,0.3439180684288813
5199_MRPL16_P1P2_ENSG00000166902,MRPL16,-0.46379987858882143,-0.07026514921475369,0.39353472937406775
5432_NAA50_P1P2_ENSG00000121579,NAA50,-0.46421407888730204,-0.0826830112594291,0.3815310676278729
5016_MFAP1_P1P2_ENSG00000140259,MFAP1,-0.4650285334717983,-0.09799569218561056,0.36703284128618774
10201_ZNF207_P2_ENSG00000010244,ZNF207,-0.46575951462488036,-0.04154621790901088,0.4242132967158695
2186_DHDDS_P1P2_ENSG00000117682,DHDDS,-0.46631853637579157,-0.16232494443163362,0.3039935919441579
5217_MRPL35_P1P2_ENSG00000132313,MRPL35,-0.46664388523658645,-0.09311144445389001,0.37353244078269643
2527_EIF1AX_P1P2_ENSG00000173674,EIF1AX,-0.47059594627038703,-0.14302986319452063,0.32756608307586643
1670_CLOCK_P1P2_ENSG00000134852,CLOCK,-0.4737717374084782,-0.21847936986070762,0.2552923675477706
6844_PSMA4_P1P2_ENSG00000041357,PSMA4,-0.47591461579451944,-0.06986129161555213,0.40605332417896733
7485_RPN1_P1P2_ENSG00000163902,RPN1,-0.4760120495540737,-0.06918060430862381,0.4068314452454499
8424_SRRM1_P1P2_ENSG00000133226,SRRM1,-0.47662593161101013,-0.08055086581400976,0.39607506579700036
7545_RPUSD3_P1P2_ENSG00000156990,RPUSD3,-0.47776133704894774,0.10401003267298659,0.5817713697219343
2112_DDX23_P1P2_ENSG00000174243,DDX23,-0.47831174315577285,-0.09205473434469671,0.38625700881107616
8891_THOC6_P1P2_ENSG00000131652,THOC6,-0.4788899537950714,-0.0888567692201778,0.39003318457489355
8159_SMC4_P2_ENSG00000113810,SMC4,-0.4815458333522172,-0.05444891150761348,0.4270969218446037
9744_VPS25_P1P2_ENSG00000131475,VPS25,-0.4826945051203545,-0.06752114432392689,0.41517336079642764
6851_PSMB3_P1P2_ENSG00000277791,PSMB3,-0.48447935631776906,-0.07579415206098959,0.40868520425677946
9056_TMEM242_P1P2_ENSG00000215712,TMEM242,-0.4847564304692713,-0.09598197114898353,0.38877445932028776
"10531_ZNF658_ENST00000377626.3,ENST00000602553.1_ENSG00000274349",ZNF658,-0.48495421956924817,-0.07959891575874449,0.40535530381050366
6843_PSMA3_P1P2_ENSG00000100567,PSMA3,-0.48509012923057543,-0.07011129870076699,0.41497883052980844
8414_SRP19_P1P2_ENSG00000153037,SRP19,-0.4853895614570846,0.09503153935536461,0.5804211008124492
7623_S100A1_P2_ENSG00000160678,S100A1,-0.4857746234322443,-0.18786868453763558,0.29790593889460876
7753_SEC61G_P1P2_ENSG00000132432,SEC61G,-0.48629978317062994,-0.10486025919763643,0.3814395239729935
3658_HCFC1_P1P2_ENSG00000172534,HCFC1,-0.48740724442867206,-0.07082639993845623,0.4165808444902158
4147_INTS2_P1P2_ENSG00000108506,INTS2,-0.4875202193570295,-0.0969263298959938,0.3905938894610357
117_ACTR6_P1P2_ENSG00000075089,ACTR6,-0.48826131554833174,-0.15533992866196156,0.3329213868863702
4150_INTS5_P1P2_ENSG00000185085,INTS5,-0.48876642238425805,-0.09233662492459548,0.39642979745966256
5374_MYC_P1P2_ENSG00000136997,MYC,-0.491754400160638,-0.11481195823364679,0.3769424419269912
1962_CUL3_P1P2_ENSG00000036257,CUL3,-0.49186804945497564,0.14095035081965437,0.63281840027463
4153_INTS8_P1P2_ENSG00000164941,INTS8,-0.49479164501506984,-0.10384302389137205,0.39094862112369777
7929_SIRT7_P1P2_ENSG00000187531,SIRT7,-0.49574224025766467,-0.20616677395717312,0.2895754663004915
7173_RBM39_P1P2_ENSG00000131051,RBM39,-0.5021229649572947,-0.15453170737633598,0.34759125758095866
7833_SF3A2_P1_ENSG00000104897,SF3A2,-0.5021796917574481,-0.09578307887267927,0.4063966128847689
5911_NXF1_P2_ENSG00000162231,NXF1,-0.5023715634417627,-0.06250430174134214,0.43986726170042056
261_ALDOA_P1P2_ENSG00000149925,ALDOA,-0.5102253984387942,-0.07752142773276471,0.4327039707060295
141_ADAT3_P1_ENSG00000213638,ADAT3,-0.5201997944701452,0.08287836092520835,0.6030781553953536
9926_YEATS4_P1P2_ENSG00000127337,YEATS4,-0.5247195715656866,-0.17215062775060772,0.35256894381507886
7781_SEPSECS_P1P2_ENSG00000109618,SEPSECS,-0.5287233278190007,-0.07529616223941514,0.4534271655795855
10136_ZMAT2_P1_ENSG00000146007,ZMAT2,-0.5288583586293875,-0.08036310745648509,0.44849525117290234
2684_EPS8L1_P2_ENSG00000131037,EPS8L1,-0.5329408654588851,-0.08917155546918609,0.443769309989699
6782_PRODH_P2_ENSG00000100033,PRODH,-0.53639238462249,-0.06573212601166722,0.4706602586108227
9766_VPS72_P1P2_ENSG00000163159,VPS72,-0.5403757994706611,-0.14842019814327972,0.3919556013273814
2251_DMAP1_P1P2_ENSG00000178028,DMAP1,-0.5413509022950981,-0.09719253177215524,0.4441583705229428
1583_CHMP3_P1P2_ENSG00000115561,CHMP3,-0.5440345089340809,-0.06304126027862904,0.4809932486554519
8166_SMG5_P1P2_ENSG00000198952,SMG5,-0.5461700214839238,-0.16511955804417414,0.3810504634397497
4291_KCMF1_P1P2_ENSG00000176407,KCMF1,-0.5511704641304153,-0.160233285963578,0.39093717816683726
5357_MVK_P1P2_ENSG00000110921,MVK,-0.5535438905916276,0.03842315369261439,0.591967044284242
8190_SMU1_P1P2_ENSG00000122692,SMU1,-0.5691793740979844,-0.08577166154506079,0.4834077125529236
2750_ETF1_P1P2_ENSG00000120705,ETF1,-0.5734648127631148,-0.15802826395890424,0.41543654880421055
3511_GPR61_P1P2_ENSG00000156097,GPR61,-0.5839671806612792,-0.07725016498442976,0.5067170156768495
8167_SMG6_P1P2_ENSG00000070366,SMG6,-0.5888347828317649,-0.1796346455162858,0.4092001373154791
5222_MRPL3_P1P2_ENSG00000114686,MRPL3,-0.5935907475131488,-0.09544450652447828,0.49814624098867044
8416_SRP68_P1P2_ENSG00000167881,SRP68,-0.5956061668346199,-0.0695505540642816,0.5260556127703383
7976_SLC1A5_P1_ENSG00000105281,SLC1A5,-0.6068701369943958,-0.161487370087429,0.4453827669069669
2548_EIF3D_P1P2_ENSG00000100353,EIF3D,-0.6201021653988181,-0.24036764199797186,0.37973452340084624
6648_PPP1CA_P1_ENSG00000172531,PPP1CA,-0.6211685372046347,-0.12305662508654626,0.4981119121180885
13_AARS_P1P2_ENSG00000090861,AARS,-0.6282350299585491,-0.15572101233639674,0.4725140176221523
3632_HARS_P1P2_ENSG00000170445,HARS,-0.6475368861277379,-0.1627789046653291,0.4847579814624088
5367_MYBL2_P1P2_ENSG00000101057,MYBL2,-0.6476119855096135,-0.1073785491896704,0.5402334363199431
8841_TFB2M_P1P2_ENSG00000162851,TFB2M,-0.6526191095497642,-0.06271179750033176,0.5899073120494325
