pathway,pathway_size,overlap,pval,odds_ratio,gene_list,fdr
REACTOME_INTERLEUKIN_10_SIGNALING,45,3,0.003549087965922304,10.541544549225915,"IL1A, CD80, CCL3",0.6422107786923913
BIOCARTA_ERYTH_PATHWAY,15,2,0.0045369743650286645,22.65844144481475,"IL1A, CCL3",0.6422107786923913
SCHEIDEREIT_IKK_INTERACTING_PROTEINS,53,3,0.0056302836138170855,8.853673017669744,"TRAF3IP2, DOK1, CSN3",0.6422107786923913
SMIRNOV_RESPONSE_TO_IR_2HR_UP,53,3,0.0056302836138170855,8.853673017669744,"CLK1, CD83, CCL3",0.6422107786923913
BROWN_MYELOID_CELL_DEVELOPMENT_UP,166,5,0.005661864539464333,4.59730841539563,"CD80, GSN, OLR1, RPE, LILRA4",0.6422107786923913
WIERENGA_STAT5A_TARGETS_GROUP2,54,3,0.005931908941659298,8.67992153461777,"CD83, OLR1, CCL3",0.6422107786923913
LI_INDUCED_T_TO_NATURAL_KILLER_UP,315,7,0.006023366631887811,3.3731255575284043,"DAPK2, KLK8, ENDOD1, NEURL3, PRELID2, PLSCR1, CCL3",0.6422107786923913
BLANCO_MELO_COVID19_SARS_COV_2_LOW_MOI_INFECTION_A594_ACE2_EXPRESSING_CELLS_UP,172,5,0.006558528693587378,4.4316750432723016,"CLK1, CD83, IL1A, ZNF436, NEURL3",0.6422107786923913
FARMER_BREAST_CANCER_CLUSTER_5,19,2,0.007257884779993514,17.325846830437534,"TUBD1, SMARCD2",0.6422107786923913
RICKMAN_HEAD_AND_NECK_CANCER_C,112,4,0.007264506266785577,5.473713993707635,"CYP27B1, MMP13, SPRR2G, OLR1",0.6422107786923913
RICKMAN_TUMOR_DIFFERENTIATED_WELL_VS_MODERATELY_DN,113,4,0.007491661363655475,5.423402580459359,"TRAF3IP2, IL1A, KLK8, SPRR2G",0.6422107786923913
THALER_BONE60,60,3,0.007943509780229273,7.7654400391407075,"IBSP, MMP13, SP7",0.6422107786923913
WP_AMPK_REGULATION_OF_MAMMARY_MILK_PROTEIN_SYNTHESIS,20,2,0.008028409875363365,16.363017194936784,"CSN1S1, CSN3",0.6422107786923913
KAAB_HEART_ATRIUM_VS_VENTRICLE_UP,255,6,0.008210609549818003,3.5707869671922965,"DAPK2, COMP, SMARCD2, CSRP1, AGPAT1, LILRA4",0.6422107786923913
BLANCO_MELO_COVID19_SARS_COV_2_INFECTION_CALU3_CELLS_UP,339,7,0.008833173236349542,3.1279809718669966,"IL1A, CD274, BCL2L14, MMP13, NEURL3, KIF6, LAMA2",0.6422107786923913
STEARMAN_LUNG_CANCER_EARLY_VS_LATE_DN,63,3,0.00908203955593794,7.376785400646879,"AGPAT1, LILRA4, CCL3",0.6422107786923913
REACTOME_NUCLEOTIDE_SALVAGE,23,2,0.0105484582076303,14.024716584912566,"GMPR2, TK2",0.6422107786923913
INGRAM_SHH_TARGETS_UP,126,4,0.010878932104171518,4.844408937897595,"DOCK5, NGLY1, PLSCR1, SLC48A1",0.6422107786923913
WP_OREXIN_RECEPTOR_PATHWAY,200,5,0.0120760755882672,3.7934910743788155,"MMP13, CYP11B1, ALPP, SP7, LAMA2",0.6422107786923913
NABA_MATRISOME_POORLY_METASTATIC_BREAST_CANCER,25,2,0.012397199326460157,12.804733620452083,"NGLY1, LAMA2",0.6422107786923913
BLANCO_MELO_HUMAN_PARAINFLUENZA_VIRUS_3_INFECTION_A594_CELLS_UP,202,5,0.012561787134528296,3.7548483176513296,"BTN3A1, IL1A, CD274, PLSCR1, CCL3",0.6422107786923913
CASTELLANO_NRAS_TARGETS_UP,72,3,0.013045841222642485,6.413597810795704,"MMP13, PLSCR1, ANXA8L1",0.6422107786923913
FONTAINE_THYROID_TUMOR_UNCERTAIN_MALIGNANCY_DN,26,2,0.013370704121313621,12.270991065416553,"ODAM, CD274",0.6422107786923913
REACTOME_MISCELLANEOUS_TRANSPORT_AND_BINDING_EVENTS,26,2,0.013370704121313621,12.270991065416553,"CSN1S1, CSN3",0.6422107786923913
UNTERMAN_PROGRESSIVE_VS_STABLE_IPF_MONOCYTE_DN,26,2,0.013370704121313621,12.270991065416553,"CD83, CCL3",0.6422107786923913
MOREAUX_MULTIPLE_MYELOMA_BY_TACI_UP,373,7,0.014316685782151305,2.8357275446754584,"HAMP, DOK1, CD80, CYP11B1, ALPP, LRRC15, SYCP2",0.6422107786923913
LEIN_OLIGODENDROCYTE_MARKERS,76,3,0.015077007727225466,6.061748460240828,"GSN, CSRP1, SLC48A1",0.6422107786923913
REACTOME_ECM_PROTEOGLYCANS,76,3,0.015077007727225466,6.061748460240828,"IBSP, COMP, LAMA2",0.6422107786923913
PYEON_CANCER_HEAD_AND_NECK_VS_CERVICAL_DN,29,2,0.016481978867277577,10.906982291303148,"KLK8, LRRC15",0.6422107786923913
BOYLAN_MULTIPLE_MYELOMA_D_DN,82,3,0.018439912817625387,5.60078127096418,"GSN, CSRP1, LILRA4",0.6422107786923913
ZHANG_RESPONSE_TO_IKK_INHIBITOR_AND_TNF_UP,223,5,0.018477288678331007,3.391907746507789,"CD83, IL1A, MMP13, OLR1, LAMA2",0.6422107786923913
TSAI_RESPONSE_TO_IONIZING_RADIATION,149,4,0.019010327480098024,4.074362746726118,"CLK1, CD83, CD80, CCL3",0.6422107786923913
KEGG_ECM_RECEPTOR_INTERACTION,84,3,0.01964572076067046,5.462301415271434,"IBSP, COMP, LAMA2",0.6422107786923913
CHIARADONNA_NEOPLASTIC_TRANSFORMATION_CDC25_DN,152,4,0.020285967185734673,3.9915669456078153,"TNS2, KLK8, CSRP1, ANXA8L1",0.6422107786923913
WP_PROSTAGLANDIN_SIGNALING,33,2,0.02105794414217798,9.498973200445441,"IL1A, CCL3",0.6422107786923913
PETRETTO_HEART_MASS_QTL_CIS_UP,34,2,0.022275238821392235,9.201971278469205,"DHDDS, TOR1B",0.6422107786923913
REACTOME_METABOLIC_DISORDERS_OF_BIOLOGICAL_OXIDATION_ENZYMES,34,2,0.022275238821392235,9.201971278469205,"CYP27B1, CYP11B1",0.6422107786923913
WP_ALLOGRAFT_REJECTION,89,3,0.02284647740264036,5.1442808156062885,"C8B, IL1A, CD80",0.6422107786923913
KEGG_PRION_DISEASES,35,2,0.023520960250311425,8.922969471588443,"C8B, IL1A",0.6422107786923913
BOYLAN_MULTIPLE_MYELOMA_D_CLUSTER_DN,37,2,0.026095931599149056,8.412794735529282,"GSN, CSRP1",0.6422107786923913
KEGG_GRAFT_VERSUS_HOST_DISEASE,37,2,0.026095931599149056,8.412794735529282,"IL1A, CD80",0.6422107786923913
BLANCO_MELO_COVID19_SARS_COV_2_POS_PATIENT_LUNG_TISSUE_UP,173,4,0.030679717361757362,3.494302221669483,"HAMP, BCL2L14, OLR1, FDCSP",0.6422107786923913
KEGG_TYPE_I_DIABETES_MELLITUS,41,2,0.0315679822692355,7.549422095033464,"IL1A, CD80",0.6422107786923913
MITSIADES_RESPONSE_TO_APLIDIN_UP,444,7,0.03286244918044189,2.3720717499111106,"CLK1, COMP, CLK4, TK2, PNLIPRP1, PLSCR1, CCL3",0.6422107786923913
JAZAERI_BREAST_CANCER_BRCA1_VS_BRCA2_DN,42,2,0.03300065204061468,7.360559328208694,"CD83, MMP13",0.6422107786923913
MCBRYAN_PUBERTAL_BREAST_3_4WK_DN,42,2,0.03300065204061468,7.360559328208694,"LILRA4, ANXA8L1",0.6422107786923913
PID_UPA_UPAR_PATHWAY,42,2,0.03300065204061468,7.360559328208694,"MMP13, KLK4",0.6422107786923913
MUELLER_METHYLATED_IN_GLIOBLASTOMA,43,2,0.03445836280392056,7.180909378706052,"MAST3, MMP13",0.6422107786923913
WP_SENESCENCE_AND_AUTOPHAGY_IN_CANCER,105,3,0.03487210842205562,4.336134345334775,"IL1A, GSN, CCL3",0.6422107786923913
PARK_HSC_MARKERS,44,2,0.03594071125619531,7.0098141881852545,"CLK4, CCL3",0.6422107786923913
REACTOME_AGGREPHAGY,44,2,0.03594071125619531,7.0098141881852545,"DYNC1I2, ARL13B",0.6422107786923913
WP_IL11_SIGNALING,44,2,0.03594071125619531,7.0098141881852545,"IBSP, ATF1",0.6422107786923913
ROZANOV_MMP14_TARGETS_UP,267,5,0.03617717358311397,2.820121326872956,"FKBP7, CD83, LOXL3, DOK1, LRRC17",0.6422107786923913
KUROZUMI_RESPONSE_TO_ONCOCYTIC_VIRUS,45,2,0.03744729838597546,6.846676913031723,"IL1A, CCL3",0.6422107786923913
COULOUARN_TEMPORAL_TGFB1_SIGNATURE_UP,109,3,0.038298532454730534,4.172217843371731,"BCL2L14, ZCCHC10, SLC48A1",0.6422107786923913
PID_A6B1_A6B4_INTEGRIN_PATHWAY,46,2,0.038977729433894936,6.690954968138158,"IL1A, LAMA2",0.6422107786923913
SU_PANCREAS,47,2,0.04053161385362247,6.542153998181849,"PDE5A, PNLIPRP1",0.6422107786923913
HENDRICKS_SMARCA4_TARGETS_DN,48,2,0.04210856527313091,6.399822635257073,"CLK1, MC5R",0.6422107786923913
WP_INTERACTIONS_BETWEEN_IMMUNE_CELLS_AND_MICRORNAS_IN_TUMOR_MICROENVIRONMENT,48,2,0.04210856527313091,6.399822635257073,"CD274, CD80",0.6422107786923913
KEGG_GLYCEROLIPID_METABOLISM,49,2,0.04370820145629592,6.2635479257458755,"PNLIPRP1, AGPAT1",0.6422107786923913
LINDSTEDT_DENDRITIC_CELL_MATURATION_B,49,2,0.04370820145629592,6.2635479257458755,"CD83, CD80",0.6422107786923913
PYEON_CANCER_HEAD_AND_NECK_VS_CERVICAL_UP,195,4,0.04439127453096489,3.090638809193251,"SPICE1, ARL13B, PRELID2, SYCP2",0.6422107786923913
BLANCO_MELO_BETA_INTERFERON_TREATED_BRONCHIAL_EPITHELIAL_CELLS_UP,377,6,0.044639076177693304,2.391493826928583,"CYP27B1, IL1A, CD274, MMP13, PLSCR1, UCA1",0.6422107786923913
NABA_ECM_GLYCOPROTEINS,196,4,0.045083942340111656,3.0744884500947296,"IBSP, COMP, SLIT2, LAMA2",0.6422107786923913
WP_OSTEOARTHRITIC_CHONDROCYTE_HYPERTROPHY,50,2,0.045330144264821716,6.132951328829976,"IBSP, MMP13",0.6422107786923913
WP_SPINAL_CORD_INJURY,117,3,0.04564446346774708,3.878893575928805,"IL1A, KLK8, SLIT2",0.6422107786923913
MONNIER_POSTRADIATION_TUMOR_ESCAPE_DN,385,6,0.04851360112228756,2.3406881704615166,"CEP72, LRRC17, PDE5A, GSN, SPICE1, PRELID2",0.6422107786923913
VILIMAS_NOTCH1_TARGETS_UP,52,2,0.04863945746773037,5.887429725830549,"CD83, CD80",0.6422107786923913
MARKEY_RB1_CHRONIC_LOF_DN,121,3,0.0495596990526524,3.7471462351447116,"MMP13, PLSCR1, CCL3",0.6422107786923913
MATSUDA_NATURAL_KILLER_DIFFERENTIATION,487,7,0.04962639224789227,2.1579574626398332,"DAPK2, MMP13, HABP2, ENDOD1, CSRP1, CSN3, PLSCR1",0.6422107786923913
GOTZMANN_EPITHELIAL_TO_MESENCHYMAL_TRANSITION_DN,205,4,0.05158894300450822,2.936366722189987,"CBX1, DOK1, MMP13, ANXA8L1",0.6422107786923913
SAUL_SEN_MAYO,124,3,0.0526001269969135,3.6540520396767575,"IL1A, MMP13, CCL3",0.6422107786923913
WP_T_CELL_MODULATION_AND_DESMOPLASIA_IN_PANCREATIC_CANCER,55,2,0.05376150496580303,5.553890942729322,"CD274, CD80",0.6422107786923913
DEBIASI_APOPTOSIS_BY_REOVIRUS_INFECTION_UP,299,5,0.05395770417888257,2.51177391843909,"CLK1, ATF1, PGAM1, PLSCR1, RPE",0.6422107786923913
RICKMAN_HEAD_AND_NECK_CANCER_B,56,2,0.05550957138435588,5.450946873482854,"COMP, LRRC17",0.6422107786923913
YAO_TEMPORAL_RESPONSE_TO_PROGESTERONE_CLUSTER_2,56,2,0.05550957138435588,5.450946873482854,"CLK1, CLK4",0.6422107786923913
ZAMORA_NOS2_TARGETS_UP,56,2,0.05550957138435588,5.450946873482854,"CSRP1, CSN3",0.6422107786923913
WP_OVERVIEW_OF_PROINFLAMMATORY_AND_PROFIBROTIC_MEDIATORS,127,3,0.05572844300347003,3.5654624019613563,"IL1A, IL20, CCL3",0.6422107786923913
BERENJENO_TRANSFORMED_BY_RHOA_DN,399,6,0.05577916209345663,2.256755416074652,"CLK1, FKBP7, SLC44A2, GSN, CSRP1, LAMA2",0.6422107786923913
PULVER_FOREY_PERTURB_ACCUMULATION_M_EG1,305,5,0.0577668940551418,2.4612820302454526,"SRBD1, DYNC1I2, GMPR2, DOK1, ZNF595",0.6422107786923913
LENAOUR_DENDRITIC_CELL_MATURATION_DN,129,3,0.057862223815750014,3.5087462846463744,"DOK1, OLR1, PLSCR1",0.6422107786923913
CROMER_TUMORIGENESIS_UP,58,2,0.059064671330219073,5.256088456193727,"LRRC15, CCL3",0.6422107786923913
PLASARI_TGFB1_SIGNALING_VIA_NFIC_10HR_UP,58,2,0.059064671330219073,5.256088456193727,"OLR1, PLSCR1",0.6422107786923913
GRAHAM_CML_QUIESCENT_VS_NORMAL_DIVIDING_UP,59,2,0.06087101525090893,5.163787100406807,"CLK4, CCL3",0.6422107786923913
MEISSNER_BRAIN_HCP_WITH_H3K4ME2_AND_H3K27ME3,60,2,0.06269610164644962,5.074668549852218,"COMP, LRRC15",0.6422107786923913
ISSAEVA_MLL2_TARGETS,61,2,0.06453959503254252,4.98857096698275,"GSN, ANXA8L1",0.6422107786923913
LEE_LIVER_CANCER_MYC_TGFA_UP,61,2,0.06453959503254252,4.98857096698275,"CSN3, PLSCR1",0.6422107786923913
REACTOME_ASSEMBLY_OF_COLLAGEN_FIBRILS_AND_OTHER_MULTIMERIC_STRUCTURES,61,2,0.06453959503254252,4.98857096698275,"LOXL3, MMP13",0.6422107786923913
DIRMEIER_LMP1_RESPONSE_EARLY,62,2,0.06640116359035705,4.905343303420556,"CD83, CCL3",0.6422107786923913
WP_OXIDATION_BY_CYTOCHROME_P450,62,2,0.06640116359035705,4.905343303420556,"CYP27B1, CYP11B1",0.6422107786923913
ZWANG_EGF_PERSISTENTLY_DN,62,2,0.06640116359035705,4.905343303420556,"TNS2, RPE",0.6422107786923913
INGRAM_SHH_TARGETS_DN,63,2,0.06828047913246914,4.824844415599031,"LRRC17, ENDOD1",0.6422107786923913
REACTOME_EXTRACELLULAR_MATRIX_ORGANIZATION,321,5,0.06865867497693776,2.3360110164231496,"IBSP, COMP, LOXL3, MMP13, LAMA2",0.6422107786923913
HOLLERN_EMT_BREAST_TUMOR_UP,139,3,0.06909573453611778,3.2501875140646104,"FKBP7, LOXL3, DOK1",0.6422107786923913
ANASTASSIOU_MULTICANCER_INVASIVENESS_SIGNATURE,64,2,0.07017721706909072,4.746942265987759,"COMP, LRRC15",0.6422107786923913
FLECHNER_PBL_KIDNEY_TRANSPLANT_REJECTED_VS_OK_UP,64,2,0.07017721706909072,4.746942265987759,"CBX1, AGPAT1",0.6422107786923913
REACTOME_CYTOCHROME_P450_ARRANGED_BY_SUBSTRATE_TYPE,64,2,0.07017721706909072,4.746942265987759,"CYP27B1, CYP11B1",0.6422107786923913
HOELZEL_NF1_TARGETS_UP,141,3,0.07145254756395823,3.2029724341361208,"TRAF3IP2, ODAM, ENDOD1",0.6422107786923913
WP_MIRNA_ROLE_IN_IMMUNE_RESPONSE_IN_SEPSIS,65,2,0.07209105637458861,4.671513200391243,"IL1A, CCL3",0.6422107786923913
BLANCO_MELO_COVID19_BRONCHIAL_EPITHELIAL_CELLS_SARS_COV_2_INFECTION_UP,143,3,0.07384508397907942,3.157106356466721,"CYP27B1, MMP13, PLSCR1",0.6422107786923913
IGLESIAS_E2F_TARGETS_UP,143,3,0.07384508397907942,3.157106356466721,"CLK1, GSN, CSRP1",0.6422107786923913
YAMASHITA_METHYLATED_IN_PROSTATE_CANCER,66,2,0.07402167955429005,4.598441293000903,"KLK8, MMP13",0.6422107786923913
ZHANG_FH_DEFICIENT_RCC_C1_VS_OTHERS_UP,233,4,0.07489788263345637,2.576084135671784,"IBSP, COMP, MMP13, OLR1",0.6422107786923913
JECHLINGER_EPITHELIAL_TO_MESENCHYMAL_TRANSITION_UP,67,2,0.07596877261157277,4.5276177519037875,"MMP13, CSN3",0.6422107786923913
KAUFFMANN_DNA_REPLICATION_GENES,146,3,0.07749991211950626,3.0907128034338376,"WRNIP1, TMX1, CCL3",0.6422107786923913
KEGG_VIRAL_MYOCARDITIS,68,2,0.07793202501523647,4.458940378635964,"CD80, LAMA2",0.6422107786923913
WAKABAYASHI_ADIPOGENESIS_PPARG_RXRA_BOUND_WITH_H4K20ME1_MARK,147,3,0.0787355717517538,3.0691963741993273,"ZNF219, ABHD15, SLC48A1",0.6422107786923913
ALFANO_MYC_TARGETS,238,4,0.07953636659437281,2.5208210098933153,"CLK1, LRRC17, GSN, CSRP1",0.6422107786923913
NABA_ECM_REGULATORS,238,4,0.07953636659437281,2.5208210098933153,"LOXL3, MMP13, HABP2, NGLY1",0.6422107786923913
ENGELMANN_CANCER_PROGENITORS_DN,69,2,0.07991112966715504,4.392313076134098,"GSN, ANXA8L1",0.6422107786923913
TURASHVILI_BREAST_LOBULAR_CARCINOMA_VS_DUCTAL_NORMAL_UP,69,2,0.07991112966715504,4.392313076134098,"COMP, LRRC15",0.6422107786923913
PANGAS_TUMOR_SUPPRESSION_BY_SMAD1_AND_SMAD5_DN,148,3,0.07997982909709463,3.047976723293865,"SRBD1, COMP, TMX1",0.6422107786923913
GOZGIT_ESR1_TARGETS_UP,149,3,0.08123262707552603,3.0270477525327135,"ALPP, C11orf86, UCA1",0.6422107786923913
RUTELLA_RESPONSE_TO_CSF2RB_AND_IL4_UP,340,5,0.08296394196815811,2.2027937068289805,"CYP27B1, CD83, IL1A, CD80, CSRP1",0.6422107786923913
GAURNIER_PSMD4_TARGETS,71,2,0.08391568429647199,4.264852149395134,"IL1A, CCL3",0.6422107786923913
REACTOME_AURKA_ACTIVATION_BY_TPX2,71,2,0.08391568429647199,4.264852149395134,"DYNC1I2, CEP72",0.6422107786923913
HUANG_GATA2_TARGETS_UP,152,3,0.085041688050198,2.965946394912574,"GSN, NEURL3, MC5R",0.6422107786923913
BOYLAN_MULTIPLE_MYELOMA_PCA3_DN,72,2,0.08594053695572423,4.203852991499346,"GSN, IGKV2D-29",0.6422107786923913
TURASHVILI_BREAST_LOBULAR_CARCINOMA_VS_LOBULAR_NORMAL_DN,74,2,0.09003392451344579,4.086937938686106,"COMP, LRRC15",0.6422107786923913
WP_EXTRAFOLLICULAR_AND_FOLLICULAR_B_CELL_ACTIVATION_BY_SARSCOV2,74,2,0.09003392451344579,4.086937938686106,"CD80, IFNG-AS1",0.6422107786923913
SCHUETZ_BREAST_CANCER_DUCTAL_INVASIVE_UP,351,5,0.09191224925680444,2.132355104992181,"COMP, LRRC17, MMP13, LRRC15, OLR1",0.6422107786923913
SEKI_INFLAMMATORY_RESPONSE_LPS_UP,75,2,0.09210188183995266,4.03088277629465,"NEURL3, CCL3",0.6422107786923913
WP_PEPTIDE_GPCRS,75,2,0.09210188183995266,4.03088277629465,"GRPR, MC5R",0.6422107786923913
QI_PLASMACYTOMA_UP,254,4,0.09530565139118524,2.3588337354595015,"DOK1, IL20, PLSCR1, CCL3",0.6422107786923913
WP_NETWORK_MAP_OF_SARSCOV2_SIGNALING,254,4,0.09530565139118524,2.3588337354595015,"BTN3A1, IL1A, GSN, CCL3",0.6422107786923913
MA_RAT_AGING_DN,160,3,0.09556038472756287,2.814425405979049,"CD83, GSN, CSRP1",0.6422107786923913
REACTOME_REGULATION_OF_T_CELL_ACTIVATION_BY_CD28_FAMILY,77,2,0.09627890381139471,3.923256864350912,"CD274, CD80",0.6422107786923913
SCHLOSSER_MYC_TARGETS_REPRESSED_BY_SERUM,161,3,0.0969110844111702,2.7965641501458904,"TMX1, PGAM1, DEAF1",0.6422107786923913
BIOCARTA_GRANULOCYTES_PATHWAY,15,1,0.09697672715692895,10.493109047659708,IL1A,0.6422107786923913
CHANG_POU5F1_TARGETS_UP,15,1,0.09697672715692895,10.493109047659708,MMP13,0.6422107786923913
KEGG_MEDICUS_REFERENCE_BCR_BCAP_CD19_PI3K_SIGNALING_PATHWAY,15,1,0.09697672715692895,10.493109047659708,ENSG00000275063,0.6422107786923913
KEGG_TERPENOID_BACKBONE_BIOSYNTHESIS,15,1,0.09697672715692895,10.493109047659708,DHDDS,0.6422107786923913
KINNEY_DNMT1_METHYLATION_TARGETS,15,1,0.09697672715692895,10.493109047659708,SYCP2,0.6422107786923913
KYNG_DNA_DAMAGE_BY_4NQO_OR_GAMMA_RADIATION,15,1,0.09697672715692895,10.493109047659708,AGPAT1,0.6422107786923913
REACTOME_PENTOSE_PHOSPHATE_PATHWAY,15,1,0.09697672715692895,10.493109047659708,RPE,0.6422107786923913
TRAYNOR_RETT_SYNDROM_DN,15,1,0.09697672715692895,10.493109047659708,COMP,0.6422107786923913
TSUNODA_CISPLATIN_RESISTANCE_UP,15,1,0.09697672715692895,10.493109047659708,UCA1,0.6422107786923913
WANG_METASTASIS_OF_BREAST_CANCER,15,1,0.09697672715692895,10.493109047659708,BCL2L14,0.6422107786923913
WATANABE_ULCERATIVE_COLITIS_WITH_CANCER_DN,15,1,0.09697672715692895,10.493109047659708,BTN3A1,0.6422107786923913
WP_BIOMARKERS_FOR_PYRIMIDINE_METABOLISM_DISORDERS,15,1,0.09697672715692895,10.493109047659708,TK2,0.6422107786923913
WP_COVID19_ADVERSE_OUTCOME_PATHWAY,15,1,0.09697672715692895,10.493109047659708,CCL3,0.6422107786923913
WP_FOXP3_IN_COVID19,15,1,0.09697672715692895,10.493109047659708,CD80,0.6422107786923913
BOSCO_INTERFERON_INDUCED_ANTIVIRAL_MODULE,78,2,0.09838741007999775,3.871568103938392,"CD274, CD80",0.6422107786923913
GALINDO_IMMUNE_RESPONSE_TO_ENTEROTOXIN,78,2,0.09838741007999775,3.871568103938392,"CD83, CCL3",0.6422107786923913
ROSS_AML_WITH_AML1_ETO_FUSION,79,2,0.10050887951355904,3.821221908687026,"TRAF3IP2, ENDOD1",0.6422107786923913
BERGER_PLATELET_HYPERREACTIVITY_PRESS_UP,165,3,0.10239093212673418,2.7273242200912664,"GSN, PGAM1, FTH1P20",0.6422107786923913
BOQUEST_STEM_CELL_UP,261,4,0.1026336626373097,2.2943067034113196,"LRRC17, SLIT2, GSN, LAMA2",0.6422107786923913
FONTAINE_PAPILLARY_THYROID_CARCINOMA_DN,80,2,0.10264304072054543,3.772166641476915,"ODAM, CD274",0.6422107786923913
LIAN_LIPA_TARGETS_6M,80,2,0.10264304072054543,3.772166641476915,"MMP13, LILRA4",0.6422107786923913
MORI_PRE_BI_LYMPHOCYTE_DN,80,2,0.10264304072054543,3.772166641476915,"CLK1, TK2",0.6422107786923913
REACTOME_RECRUITMENT_OF_MITOTIC_CENTROSOME_PROTEINS_AND_COMPLEXES,80,2,0.10264304072054543,3.772166641476915,"DYNC1I2, CEP72",0.6422107786923913
REACTOME_CGMP_EFFECTS,16,1,0.1030977106619746,9.793399358138856,PDE5A,0.6422107786923913
REACTOME_DISEASES_ASSOCIATED_WITH_GLYCOSYLATION_PRECURSOR_BIOSYNTHESIS,16,1,0.1030977106619746,9.793399358138856,DHDDS,0.6422107786923913
WP_CLASSICAL_PATHWAY_OF_STEROIDOGENESIS_WITH_GLUCOCORTICOID_AND_MINERALOCORTICOID_METABOLISM,16,1,0.1030977106619746,9.793399358138856,CYP11B1,0.6422107786923913
WP_REGULATION_OF_CYTOTOXIC_T_CELL_RESPONSES_BY_MALAT1_MIR1516_CIRCUIT,16,1,0.1030977106619746,9.793399358138856,CD80,0.6422107786923913
DELACROIX_RARG_BOUND_MEF,366,5,0.10487845434565586,2.043220384663539,"TRAF3IP2, TNS2, PLSCR1, LCTL, AGPAT1",0.6422107786923913
DURAND_STROMA_NS_UP,168,3,0.10657998260262887,2.6775973611997936,"REXO4, OLR1, ZNF595",0.6422107786923913
WARTERS_RESPONSE_TO_IR_SKIN,82,2,0.10694836818927081,3.677735251980431,"COMP, ZNF219",0.6422107786923913
SENESE_HDAC1_TARGETS_DN,266,4,0.10802174394219013,2.250326992343697,"FKBP7, DOK1, GSN, TK2",0.6422107786923913
HINATA_NFKB_TARGETS_KERATINOCYTE_UP,83,2,0.10911900688206563,3.6322682866123746,"CYP27B1, CD83",0.6422107786923913
KESHELAVA_MULTIPLE_DRUG_RESISTANCE,83,2,0.10911900688206563,3.6322682866123746,"IBSP, SLC48A1",0.6422107786923913
LEIN_MIDBRAIN_MARKERS,83,2,0.10911900688206563,3.6322682866123746,"CD83, ENDOD1",0.6422107786923913
YAO_HOXA10_TARGETS_VIA_PROGESTERONE_UP,83,2,0.10911900688206563,3.6322682866123746,"TNS2, LAMA2",0.6422107786923913
BIOCARTA_LAIR_PATHWAY,17,1,0.10917730849096074,9.181153365933794,IL1A,0.6422107786923913
IIZUKA_LIVER_CANCER_PROGRESSION_L0_L1_DN,17,1,0.10917730849096074,9.181153365933794,TMX1,0.6422107786923913
JI_CARCINOGENESIS_BY_KRAS_AND_STK11_DN,17,1,0.10917730849096074,9.181153365933794,LOXL3,0.6422107786923913
KEGG_MEDICUS_REFERENCE_IL1_IL1R_P38_SIGNALING_PATHWAY,17,1,0.10917730849096074,9.181153365933794,IL1A,0.6422107786923913
KEGG_MEDICUS_VARIANT_MUTATION_ACTIVATED_PRKACA_TO_ACTH_CORTISOL_SIGNALING_PATHWAY,17,1,0.10917730849096074,9.181153365933794,CYP11B1,0.6422107786923913
KEGG_STEROID_BIOSYNTHESIS,17,1,0.10917730849096074,9.181153365933794,CYP27B1,0.6422107786923913
PIEPOLI_LGI1_TARGETS_DN,17,1,0.10917730849096074,9.181153365933794,CTAG2,0.6422107786923913
REACTOME_FORMATION_OF_THE_NON_CANONICAL_BAF_NCBAF_COMPLEX,17,1,0.10917730849096074,9.181153365933794,SMARCD2,0.6422107786923913
WP_CELLS_AND_MOLECULES_INVOLVED_IN_LOCAL_ACUTE_INFLAMMATORY_RESPONSE,17,1,0.10917730849096074,9.181153365933794,IL1A,0.6422107786923913
WP_CORI_CYCLE,17,1,0.10917730849096074,9.181153365933794,PGAM1,0.6422107786923913
WP_IRON_METABOLISM_DISORDERS,17,1,0.10917730849096074,9.181153365933794,HAMP,0.6422107786923913
BURTON_ADIPOGENESIS_9,84,2,0.11130128215331918,3.587910271584737,"DOK1, CSRP1",0.6422107786923913
REACTOME_INTEGRIN_CELL_SURFACE_INTERACTIONS,85,2,0.1134949376543813,3.5446211243563224,"IBSP, COMP",0.6422107786923913
SMID_BREAST_CANCER_LUMINAL_A_UP,85,2,0.1134949376543813,3.5446211243563224,"LRRC17, LAMA2",0.6422107786923913
WP_ACUTE_VIRAL_MYOCARDITIS,85,2,0.1134949376543813,3.5446211243563224,"CD80, LAMA2",0.6422107786923913
BANDRES_RESPONSE_TO_CARMUSTIN_WITHOUT_MGMT_48HR_UP,18,1,0.1152157997585691,8.640936303234353,CD80,0.6422107786923913
KEGG_MEDICUS_REFERENCE_BCR_PLCG_CALCINEURIN_SIGNALING_PATHWAY,18,1,0.1152157997585691,8.640936303234353,ENSG00000275063,0.6422107786923913
KEGG_MEDICUS_VARIANT_MUTATION_INACTIVATED_PRKAR1A_TO_ACTH_CORTISOL_SIGNALING_PATHWAY,18,1,0.1152157997585691,8.640936303234353,CYP11B1,0.6422107786923913
NADERI_BREAST_CANCER_PROGNOSIS_DN,18,1,0.1152157997585691,8.640936303234353,CLK4,0.6422107786923913
REACTOME_CROSSLINKING_OF_COLLAGEN_FIBRILS,18,1,0.1152157997585691,8.640936303234353,LOXL3,0.6422107786923913
REACTOME_FORMATION_OF_THE_POLYBROMO_BAF_PBAF_COMPLEX,18,1,0.1152157997585691,8.640936303234353,SMARCD2,0.6422107786923913
SCHEIDEREIT_IKK_TARGETS,18,1,0.1152157997585691,8.640936303234353,DOK1,0.6422107786923913
TOMIDA_METASTASIS_DN,18,1,0.1152157997585691,8.640936303234353,CLK1,0.6422107786923913
TUOMISTO_TUMOR_SUPPRESSION_BY_COL13A1_DN,18,1,0.1152157997585691,8.640936303234353,PLSCR1,0.6422107786923913
WP_MYD88_DISTINCT_INPUTOUTPUT_PATHWAY,18,1,0.1152157997585691,8.640936303234353,IL1A,0.6422107786923913
BLANCO_MELO_COVID19_SARS_COV_2_INFECTION_A594_CELLS_UP,86,2,0.1156997199604189,3.5023626710783153,"IL1A, OLR1",0.6422107786923913
COATES_MACROPHAGE_M1_VS_M2_UP,86,2,0.1156997199604189,3.5023626710783153,"FAM124A, ZNF595",0.6422107786923913
REACTOME_REGULATION_OF_PLK1_ACTIVITY_AT_G2_M_TRANSITION,86,2,0.1156997199604189,3.5023626710783153,"DYNC1I2, CEP72",0.6422107786923913
WP_IL18_SIGNALING,273,4,0.11577410594116151,2.1915020850977656,"CD83, MMP13, ZNF219, CCL3",0.6422107786923913
KEGG_APOPTOSIS,87,2,0.11791537854273085,3.46109853431826,"IL1A, ENDOD1",0.6422107786923913
NABA_CORE_MATRISOME,275,4,0.11803283386594866,2.175253138652399,"IBSP, COMP, SLIT2, LAMA2",0.6422107786923913
VECCHI_GASTRIC_CANCER_ADVANCED_VS_EARLY_UP,176,3,0.11806870640210099,2.5534239330921324,"IBSP, SLIT2, LAMA2",0.6422107786923913
JINESH_BLEBBISHIELD_TO_IMMUNE_CELL_FUSION_PBSHMS_UP,382,5,0.1196452175622801,1.9559613551250674,"IL1A, GSN, ENDOD1, ZNF219, OLR1",0.6422107786923913
ZHOU_INFLAMMATORY_RESPONSE_FIMA_DN,277,4,0.12031064460638757,2.1592422720061992,"DOK1, PDE5A, AKAP14, RPE",0.6422107786923913
BIOCARTA_CYTOKINE_PATHWAY,19,1,0.12121346170182346,8.16074335014899,IL1A,0.6422107786923913
BIOCARTA_ECM_PATHWAY,19,1,0.12121346170182346,8.16074335014899,GSN,0.6422107786923913
HOLLERN_PAPILLARY_BREAST_TUMOR,19,1,0.12121346170182346,8.16074335014899,CSN1S1,0.6422107786923913
KEGG_MEDICUS_REFERENCE_IL1_IL1R_JNK_SIGNALING_PATHWAY,19,1,0.12121346170182346,8.16074335014899,IL1A,0.6422107786923913
LANDIS_ERBB2_BREAST_PRENEOPLASTIC_UP,19,1,0.12121346170182346,8.16074335014899,DOK1,0.6422107786923913
REACTOME_FORMATION_OF_THE_EMBRYONIC_STEM_CELL_BAF_ESBAF_COMPLEX,19,1,0.12121346170182346,8.16074335014899,SMARCD2,0.6422107786923913
SHIN_B_CELL_LYMPHOMA_CLUSTER_9,19,1,0.12121346170182346,8.16074335014899,MMP13,0.6422107786923913
VERRECCHIA_RESPONSE_TO_TGFB1_C1,19,1,0.12121346170182346,8.16074335014899,LRRC17,0.6422107786923913
WP_LTF_DANGER_SIGNAL_RESPONSE_PATHWAY,19,1,0.12121346170182346,8.16074335014899,IL1A,0.6422107786923913
WP_SEROTONIN_RECEPTOR_467_AND_NR3C_SIGNALING,19,1,0.12121346170182346,8.16074335014899,ATF1,0.6422107786923913
XU_HGF_TARGETS_INDUCED_BY_AKT1_6HR,19,1,0.12121346170182346,8.16074335014899,PLSCR1,0.6422107786923913
SAFFORD_T_LYMPHOCYTE_ANERGY,89,2,0.12237833673759238,3.3814160632500934,"ZNF629, CCL3",0.6422107786923913
VANLOO_SP3_TARGETS_DN,89,2,0.12237833673759238,3.3814160632500934,"DAPK2, KLK8",0.6422107786923913
MORI_IMMATURE_B_LYMPHOCYTE_DN,90,2,0.12462514952757037,3.342933051615399,"CBX1, GSN",0.6422107786923913
REACTOME_COLLAGEN_FORMATION,90,2,0.12462514952757037,3.342933051615399,"LOXL3, MMP13",0.6422107786923913
REACTOME_SELECTIVE_AUTOPHAGY,90,2,0.12462514952757037,3.342933051615399,"DYNC1I2, ARL13B",0.6422107786923913
WP_TCELL_RECEPTOR_SIGNALING,90,2,0.12462514952757037,3.342933051615399,"CD83, IL1A",0.6422107786923913
BERTUCCI_MEDULLARY_VS_DUCTAL_BREAST_CANCER_DN,181,3,0.12547297191940138,2.4814835691142574,"PDE5A, ENDOD1, LAMA2",0.6422107786923913
GAUSSMANN_MLL_AF4_FUSION_TARGETS_A_DN,91,2,0.1268818648949667,3.305314826734288,"CEP72, ENDOD1",0.6422107786923913
ARMIGNACCO_SEVERE_COVID19_RISK_EN_POS,20,1,0.1271705696926898,7.731097016952042,CCL3,0.6422107786923913
BIOCARTA_CTLA4_PATHWAY,20,1,0.1271705696926898,7.731097016952042,CD80,0.6422107786923913
DE_YY1_TARGETS_UP,20,1,0.1271705696926898,7.731097016952042,DAPK2,0.6422107786923913
FOURNIER_ACINAR_DEVELOPMENT_EARLY_UP,20,1,0.1271705696926898,7.731097016952042,GSN,0.6422107786923913
KEGG_MEDICUS_VARIANT_MUTATION_INACTIVATED_PDE11A_PDE8B_TO_ACTH_CORTISOL_SIGNALING_PATHWAY,20,1,0.1271705696926898,7.731097016952042,CYP11B1,0.6422107786923913
RAHMAN_TP53_TARGETS_PHOSPHORYLATED,20,1,0.1271705696926898,7.731097016952042,PGAM1,0.6422107786923913
WILSON_PROTEASES_AT_TUMOR_BONE_INTERFACE_UP,20,1,0.1271705696926898,7.731097016952042,MMP13,0.6422107786923913
WP_EXERCISE_AND_HYPERTROPHY_IN_SKELETAL_MUSCLE,20,1,0.1271705696926898,7.731097016952042,IL1A,0.6422107786923913
WP_PYRIMIDINE_METABOLISM_AND_RELATED_DISEASES,20,1,0.1271705696926898,7.731097016952042,TK2,0.6422107786923913
BLANCO_MELO_RESPIRATORY_SYNCYTIAL_VIRUS_INFECTION_A594_CELLS_UP,283,4,0.12725650497821067,2.1125869509062603,"IL1A, CD274, UCA1, CCL3",0.6422107786923913
LEIN_PONS_MARKERS,92,2,0.12914824638477043,3.2685325623824553,"CD83, ENDOD1",0.6422107786923913
PURWIN_MEWO_SOX10_TARGETS,92,2,0.12914824638477043,3.2685325623824553,"TRAF3IP2, RPE",0.6422107786923913
BIOCARTA_NFKB_PATHWAY,21,1,0.1330873972505915,7.344415311622422,IL1A,0.6422107786923913
BIOCARTA_RHO_PATHWAY,21,1,0.1330873972505915,7.344415311622422,GSN,0.6422107786923913
MURATA_VIRULENCE_OF_H_PILORI,21,1,0.1330873972505915,7.344415311622422,MMP13,0.6422107786923913
NIKOLSKY_BREAST_CANCER_6P24_P22_AMPLICON,21,1,0.1330873972505915,7.344415311622422,CD83,0.6422107786923913
PLASARI_NFIC_TARGETS_BASAL_DN,21,1,0.1330873972505915,7.344415311622422,SLIT2,0.6422107786923913
REACTOME_CO_INHIBITION_BY_CTLA4,21,1,0.1330873972505915,7.344415311622422,CD80,0.6422107786923913
REACTOME_FORMATION_OF_THE_URETERIC_BUD,21,1,0.1330873972505915,7.344415311622422,SLIT2,0.6422107786923913
SUZUKI_RESPONSE_TO_TSA_AND_DECITABINE_1A,21,1,0.1330873972505915,7.344415311622422,LAMA2,0.6422107786923913
REACTOME_RECRUITMENT_OF_NUMA_TO_MITOTIC_CENTROSOMES,94,2,0.13370907556040304,3.197366876939737,"DYNC1I2, CEP72",0.6422107786923913
WP_TOLLLIKE_RECEPTOR_SIGNALING,95,2,0.13600306390713332,3.1629318678231453,"CD80, CCL3",0.6422107786923913
REACTOME_ANCHORING_OF_THE_BASAL_BODY_TO_THE_PLASMA_MEMBRANE,96,2,0.13830579964664969,3.1292295184551593,"DYNC1I2, CEP72",0.6422107786923913
KEGG_MEDICUS_REFERENCE_CD80_CD86_CTLA4_PP2A_SIGNALING_PATHWAY,22,1,0.13896421605484122,6.994560430920905,CD80,0.6422107786923913
REACTOME_CHAPERONE_MEDIATED_AUTOPHAGY,22,1,0.13896421605484122,6.994560430920905,ARL13B,0.6422107786923913
REACTOME_NITRIC_OXIDE_STIMULATES_GUANYLATE_CYCLASE,22,1,0.13896421605484122,6.994560430920905,PDE5A,0.6422107786923913
WP_7Q1123_DISTAL_COPY_NUMBER_VARIATION,22,1,0.13896421605484122,6.994560430920905,DAPK2,0.6422107786923913
WP_COMPLEMENT_ACTIVATION,22,1,0.13896421605484122,6.994560430920905,C8B,0.6422107786923913
WP_PI3KAKTMTOR_VITAMIN_D3_SIGNALING,22,1,0.13896421605484122,6.994560430920905,CD80,0.6422107786923913
YIH_RESPONSE_TO_ARSENITE_C1,22,1,0.13896421605484122,6.994560430920905,CLK1,0.6422107786923913
GAVIN_FOXP3_TARGETS_CLUSTER_T4,97,2,0.1406170597405891,3.096236692212758,"ENDOD1, PLSCR1",0.6422107786923913
REACTOME_METABOLISM_OF_NUCLEOTIDES,97,2,0.1406170597405891,3.096236692212758,"GMPR2, TK2",0.6422107786923913
SENGUPTA_NASOPHARYNGEAL_CARCINOMA_WITH_LMP1_UP,405,5,0.14246661206351174,1.8427563984438693,"ODAM, CLK4, CD274, PDE5A, RPE",0.6422107786923913
PULVER_FOREY_CELLCYCLE_ENRICHED_TFS_S1,98,2,0.14293662375755936,3.0639312164988546,"ATF1, ZNF786",0.6422107786923913
GRAHAM_CML_QUIESCENT_VS_CML_DIVIDING_UP,23,1,0.14480129595698732,6.676510535704829,CCL3,0.6422107786923913
HASLINGER_B_CLL_WITH_11Q23_DELETION,23,1,0.14480129595698732,6.676510535704829,GSN,0.6422107786923913
MARKS_HDAC_TARGETS_UP,23,1,0.14480129595698732,6.676510535704829,GSN,0.6422107786923913
OZEN_MIR125B1_TARGETS,23,1,0.14480129595698732,6.676510535704829,SMARCD2,0.6422107786923913
REACTOME_DIGESTION,23,1,0.14480129595698732,6.676510535704829,PNLIPRP1,0.6422107786923913
REACTOME_RHOBTB1_GTPASE_CYCLE,23,1,0.14480129595698732,6.676510535704829,PDE5A,0.6422107786923913
WANG_RESPONSE_TO_FORSKOLIN_UP,23,1,0.14480129595698732,6.676510535704829,NGLY1,0.6422107786923913
WP_CANCER_IMMUNOTHERAPY_BY_PD1_BLOCKADE,23,1,0.14480129595698732,6.676510535704829,CD274,0.6422107786923913
WP_FGF23_SIGNALING_IN_HYPOPHOSPHATEMIC_RICKETS_AND_RELATED_DISORDERS,23,1,0.14480129595698732,6.676510535704829,CYP27B1,0.6422107786923913
WP_POSTCOVID_NEUROINFLAMMATION,23,1,0.14480129595698732,6.676510535704829,IL1A,0.6422107786923913
WP_SILDENAFIL_TREATMENT,23,1,0.14480129595698732,6.676510535704829,PDE5A,0.6422107786923913
JINESH_BLEBBISHIELD_TRANSFORMED_STEM_CELL_SPHERES_DN,300,4,0.147808600111338,1.9906684005783126,"IL1A, ALPP, ZNF219, ZNF786",0.6422107786923913
REACTOME_PEPTIDE_LIGAND_BINDING_RECEPTORS,196,3,0.14862880742660006,2.288027356878141,"GRPR, MC5R, CCL3",0.6422107786923913
FOSTER_TOLERANT_MACROPHAGE_DN,411,5,0.14871115877156,1.815334079731375,"TRAF3IP2, CD83, MMP13, ENDOD1, OLR1",0.6422107786923913
PYEON_HPV_POSITIVE_TUMORS_UP,101,2,0.1499429736151087,2.9709306044945487,"PRELID2, SYCP2",0.6422107786923913
WANG_ESOPHAGUS_CANCER_VS_NORMAL_DN,101,2,0.1499429736151087,2.9709306044945487,"ENDOD1, PGAM1",0.6422107786923913
BIOCARTA_STRESS_PATHWAY,24,1,0.15059890499308004,6.386117150064318,ATF1,0.6422107786923913
GOLUB_ALL_VS_AML_UP,24,1,0.15059890499308004,6.386117150064318,CBX1,0.6422107786923913
MEBARKI_HCC_PROGENITOR_WNT_UP_CTNNB1_INDEPENDENT,24,1,0.15059890499308004,6.386117150064318,LRRC15,0.6422107786923913
REACTOME_RUNX2_REGULATES_OSTEOBLAST_DIFFERENTIATION,24,1,0.15059890499308004,6.386117150064318,SP7,0.6422107786923913
WANG_TNF_TARGETS,24,1,0.15059890499308004,6.386117150064318,MMP13,0.6422107786923913
WP_TRIACYLGLYCERIDE_SYNTHESIS,24,1,0.15059890499308004,6.386117150064318,AGPAT1,0.6422107786923913
YAO_TEMPORAL_RESPONSE_TO_PROGESTERONE_CLUSTER_3,24,1,0.15059890499308004,6.386117150064318,IGKV2D-29,0.6422107786923913
REACTOME_PROGRAMMED_CELL_DEATH,198,3,0.15181508650455797,2.264481917000498,"DAPK2, IL1A, GSN",0.6422107786923913
WHITFIELD_CELL_CYCLE_G2_M,198,3,0.15181508650455797,2.264481917000498,"LRRC17, SLC44A2, OLR1",0.6422107786923913
BASSO_CD40_SIGNALING_UP,102,2,0.1522936002813985,2.9411704086216184,"CD83, CCL3",0.6422107786923913
BROWNE_HCMV_INFECTION_20HR_DN,102,2,0.1522936002813985,2.9411704086216184,"TRAF3IP2, LRRC15",0.6422107786923913
KEGG_TOLL_LIKE_RECEPTOR_SIGNALING_PATHWAY,102,2,0.1522936002813985,2.9411704086216184,"CD80, CCL3",0.6422107786923913
KEGG_FOCAL_ADHESION,199,3,0.1534163665013637,2.2528893917522725,"IBSP, COMP, LAMA2",0.6422107786923913
WP_FOCAL_ADHESION,199,3,0.1534163665013637,2.2528893917522725,"IBSP, COMP, LAMA2",0.6422107786923913
FEKIR_HEPARG_SPHERE_VS_HEPARG_UP,103,2,0.15465146695303222,2.9119995235432063,"TRAF3IP2, AMTN",0.6422107786923913
WP_GENES_RELATED_TO_PRIMARY_CILIUM_DEVELOPMENT_BASED_ON_CRISPR,103,2,0.15465146695303222,2.9119995235432063,"TUBD1, ARL13B",0.6422107786923913
REACTOME_CILIUM_ASSEMBLY,200,3,0.1550229877688948,2.24141455711418,"DYNC1I2, CEP72, ARL13B",0.6422107786923913
KEGG_MEDICUS_REFERENCE_GLYCOLYSIS,25,1,0.15635730939585601,6.119923210668019,PGAM1,0.6422107786923913
LIAN_NEUTROPHIL_GRANULE_CONSTITUENTS,25,1,0.15635730939585601,6.119923210668019,MMP13,0.6422107786923913
MATZUK_SPERMATOGONIA,25,1,0.15635730939585601,6.119923210668019,SYCP2,0.6422107786923913
NAKAJIMA_EOSINOPHIL,25,1,0.15635730939585601,6.119923210668019,CCL3,0.6422107786923913
REACTOME_ENDOGENOUS_STEROLS,25,1,0.15635730939585601,6.119923210668019,CYP11B1,0.6422107786923913
REACTOME_FORMATION_OF_NEURONAL_PROGENITOR_AND_NEURONAL_BAF_NPBAF_AND_NBAF,25,1,0.15635730939585601,6.119923210668019,SMARCD2,0.6422107786923913
WEST_ADRENOCORTICAL_CARCINOMA_VS_ADENOMA_DN,25,1,0.15635730939585601,6.119923210668019,CYP11B1,0.6422107786923913
WP_APOPTOSIS_REGULATION_BY_PARATHYROID_HORMONERELATED_PROTEIN,25,1,0.15635730939585601,6.119923210668019,BCL2L14,0.6422107786923913
WIERENGA_STAT5A_TARGETS_UP,201,3,0.1566348861128459,2.230055629895181,"CD83, OLR1, CCL3",0.6422107786923913
REACTOME_PHASE_I_FUNCTIONALIZATION_OF_COMPOUNDS,104,2,0.15701636832426616,2.883400616589318,"CYP27B1, CYP11B1",0.6422107786923913
RICKMAN_HEAD_AND_NECK_CANCER_A,104,2,0.15701636832426616,2.883400616589318,"ODAM, FDCSP",0.6422107786923913
RUTELLA_RESPONSE_TO_HGF_UP,419,5,0.15721419106262238,1.780007421156897,"CYP27B1, IL1A, CD80, CSRP1, CCL3",0.6422107786923913
MEBARKI_HCC_PROGENITOR_WNT_UP,203,3,0.15987425761932117,2.2076785432694064,"MMP13, ENDOD1, LRRC15",0.6422107786923913
REACTOME_INTRA_GOLGI_AND_RETROGRADE_GOLGI_TO_ER_TRAFFIC,203,3,0.15987425761932117,2.2076785432694064,"DYNC1I2, ALPP, KIF6",0.6422107786923913
REACTOME_AMYLOID_FIBER_FORMATION,106,2,0.1617664661035747,2.8278527395808197,"ODAM, GSN",0.6422107786923913
REACTOME_TRANSCRIPTIONAL_REGULATION_BY_RUNX2,106,2,0.1617664661035747,2.8278527395808197,"MMP13, SP7",0.6422107786923913
WP_COMPLEMENT_SYSTEM_IN_NEURONAL_DEVELOPMENT_AND_PLASTICITY,106,2,0.1617664661035747,2.8278527395808197,"C8B, PLSCR1",0.6422107786923913
BIOCARTA_NKT_PATHWAY,26,1,0.1620767736068378,5.875024784261443,CCL3,0.6422107786923913
DAVIES_MULTIPLE_MYELOMA_VS_MGUS_DN,26,1,0.1620767736068378,5.875024784261443,DOK1,0.6422107786923913
DELACROIX_RAR_TARGETS_DN,26,1,0.1620767736068378,5.875024784261443,PLSCR1,0.6422107786923913
GARGALOVIC_RESPONSE_TO_OXIDIZED_PHOSPHOLIPIDS_RED_DN,26,1,0.1620767736068378,5.875024784261443,ZNF436,0.6422107786923913
KEGG_PENTOSE_AND_GLUCURONATE_INTERCONVERSIONS,26,1,0.1620767736068378,5.875024784261443,RPE,0.6422107786923913
NIKOLSKY_BREAST_CANCER_5P15_AMPLICON,26,1,0.1620767736068378,5.875024784261443,CEP72,0.6422107786923913
REACTOME_CASPASE_ACTIVATION_VIA_EXTRINSIC_APOPTOTIC_SIGNALLING_PATHWAY,26,1,0.1620767736068378,5.875024784261443,DAPK2,0.6422107786923913
REACTOME_CO_INHIBITION_BY_PD_1,26,1,0.1620767736068378,5.875024784261443,CD274,0.6422107786923913
REACTOME_GLUCONEOGENESIS,26,1,0.1620767736068378,5.875024784261443,PGAM1,0.6422107786923913
REACTOME_INTERLEUKIN_20_FAMILY_SIGNALING,26,1,0.1620767736068378,5.875024784261443,IL20,0.6422107786923913
REACTOME_PURINERGIC_SIGNALING_IN_LEISHMANIASIS_INFECTION,26,1,0.1620767736068378,5.875024784261443,IL1A,0.6422107786923913
RIZ_ERYTHROID_DIFFERENTIATION_HEMGN,26,1,0.1620767736068378,5.875024784261443,ZNF436,0.6422107786923913
SCHLINGEMANN_SKIN_CARCINOGENESIS_TPA_DN,26,1,0.1620767736068378,5.875024784261443,DEAF1,0.6422107786923913
TIAN_TNF_SIGNALING_VIA_NFKB,26,1,0.1620767736068378,5.875024784261443,CD83,0.6422107786923913
WILLIAMS_ESR1_TARGETS_UP,26,1,0.1620767736068378,5.875024784261443,IL20,0.6422107786923913
WP_CYTOKINES_AND_INFLAMMATORY_RESPONSE,26,1,0.1620767736068378,5.875024784261443,IL1A,0.6422107786923913
WP_WARBURG_EFFECT_MODULATED_BY_DEUBIQUITINATING_ENZYMES_AND_THEIR_SUBSTRATES,26,1,0.1620767736068378,5.875024784261443,PGAM1,0.6422107786923913
HELLER_SILENCED_BY_METHYLATION_DN,107,2,0.1641512639910113,2.800872342157462,"CLK1, OLR1",0.6422107786923913
PULVER_FOREY_CELLCYCLE_ENRICHED_TFS_G2_M,314,4,0.16562715085127525,1.9003052396641757,"CBX1, ATF1, ZNF436, DEAF1",0.6422107786923913
BOQUEST_STEM_CELL_CULTURED_VS_FRESH_UP,427,5,0.16591196816167617,1.746020161951512,"CLK1, COMP, CD83, GSN, CCL3",0.6422107786923913
WP_MACROPHAGESTIMULATING_PROTEIN_MSP_SIGNALING,108,2,0.16654229949046986,2.7744010088242113,"IBSP, SP7",0.6422107786923913
AKL_HTLV1_INFECTION_UP,27,1,0.16775756028835564,5.648964696508718,CBX1,0.6422107786923913
BIOCARTA_INFLAM_PATHWAY,27,1,0.16775756028835564,5.648964696508718,IL1A,0.6422107786923913
CHEN_LUNG_CANCER_SURVIVAL,27,1,0.16775756028835564,5.648964696508718,PGAM1,0.6422107786923913
KEGG_PENTOSE_PHOSPHATE_PATHWAY,27,1,0.16775756028835564,5.648964696508718,RPE,0.6422107786923913
PID_GLYPICAN_1PATHWAY,27,1,0.16775756028835564,5.648964696508718,SLIT2,0.6422107786923913
REACTOME_CD28_DEPENDENT_PI3K_AKT_SIGNALING,27,1,0.16775756028835564,5.648964696508718,CD80,0.6422107786923913
REACTOME_PYROPTOSIS,27,1,0.16775756028835564,5.648964696508718,IL1A,0.6422107786923913
WP_CELL_INTERACTIONS_IN_PANCREATIC_CANCER_MICROENVIRONMENT,27,1,0.16775756028835564,5.648964696508718,CD80,0.6422107786923913
WP_INTRAFLAGELLAR_TRANSPORT_PROTEINS_BINDING_TO_DYNEIN,27,1,0.16775756028835564,5.648964696508718,DYNC1I2,0.6422107786923913
XU_AKT1_TARGETS_6HR,27,1,0.16775756028835564,5.648964696508718,PLSCR1,0.6422107786923913
PLASARI_TGFB1_SIGNALING_VIA_NFIC_1HR_DN,109,2,0.16893937924814723,2.7484244667564517,"GRPR, ENDOD1",0.6422107786923913
RIZKI_TUMOR_INVASIVENESS_3D_UP,209,3,0.1697123706797589,2.1431543225783347,"MMP13, ZNF219, LILRA4",0.6422107786923913
SANSOM_APC_TARGETS,209,3,0.1697123706797589,2.1431543225783347,"CEP72, CD80, PNLIPRP1",0.6422107786923913
GROSS_HYPOXIA_VIA_HIF1A_DN,110,2,0.17134231223187926,2.7229289717526868,"TRAF3IP2, TK2",0.6422107786923913
DACOSTA_ERCC3_ALLELE_XPCS_VS_TTD_UP,28,1,0.17339993033548962,5.439649798867287,ANXA8L1,0.6422107786923913
PETRETTO_HEART_MASS_QTL_CIS_DN,28,1,0.17339993033548962,5.439649798867287,REXO4,0.6422107786923913
REACTOME_DIGESTION_AND_ABSORPTION,28,1,0.17339993033548962,5.439649798867287,PNLIPRP1,0.6422107786923913
REACTOME_SYNTHESIS_OF_PC,28,1,0.17339993033548962,5.439649798867287,SLC44A2,0.6422107786923913
WANG_ADIPOGENIC_GENES_REPRESSED_BY_SIRT1,28,1,0.17339993033548962,5.439649798867287,OLR1,0.6422107786923913
WILENSKY_RESPONSE_TO_DARAPLADIB,28,1,0.17339993033548962,5.439649798867287,IL1A,0.6422107786923913
WP_INTERACTIONS_OF_NATURAL_KILLER_CELLS_IN_PANCREATIC_CANCER,28,1,0.17339993033548962,5.439649798867287,CCL3,0.6422107786923913
MORI_EMU_MYC_LYMPHOMA_BY_ONSET_TIME_UP,111,2,0.17375090970869123,2.697901283985777,"CBX1, SMARCD2",0.6422107786923913
WP_CHOLESTEROL_BIOSYNTHESIS_PATHWAY_IN_HEPATOCYTES,111,2,0.17375090970869123,2.697901283985777,"CYP27B1, CYP11B1",0.6422107786923913
MCBRYAN_PUBERTAL_BREAST_3_4WK_UP,212,3,0.17469577861999905,2.1122814896948356,"CSN1S1, GSN, CSN3",0.6422107786923913
WP_BURN_WOUND_HEALING,112,2,0.1761649852225422,2.67332864507683,"IL1A, MMP13",0.6422107786923913
CAIRO_HEPATOBLASTOMA_CLASSES_DN,213,3,0.17636602644820984,2.102186563384517,"TNS2, TK2, LAMA2",0.6422107786923913
HOSHIDA_LIVER_CANCER_SURVIVAL_DN,113,2,0.1785843545722675,2.6491987564083455,"C8B, HABP2",0.6422107786923913
BENNETT_SYSTEMIC_LUPUS_ERYTHEMATOSUS,29,1,0.17900414288792543,5.245285963987857,PLSCR1,0.6422107786923913
BERENJENO_ROCK_SIGNALING_NOT_VIA_RHOA_UP,29,1,0.17900414288792543,5.245285963987857,ANXA8L1,0.6422107786923913
KEGG_MEDICUS_VARIANT_MUTATION_ACTIVATED_GNAS_TO_ACTH_CORTISOL_SIGNALING_PATHWAY,29,1,0.17900414288792543,5.245285963987857,CYP11B1,0.6422107786923913
PAL_PRMT5_TARGETS_DN,29,1,0.17900414288792543,5.245285963987857,IL1A,0.6422107786923913
PLASARI_NFIC_TARGETS_BASAL_UP,29,1,0.17900414288792543,5.245285963987857,PLSCR1,0.6422107786923913
REACTOME_EGR2_AND_SOX10_MEDIATED_INITIATION_OF_SCHWANN_CELL_MYELINATION,29,1,0.17900414288792543,5.245285963987857,LAMA2,0.6422107786923913
WAKABAYASHI_ADIPOGENESIS_PPARG_BOUND_36HR,29,1,0.17900414288792543,5.245285963987857,NGLY1,0.6422107786923913
WANG_RESPONSE_TO_ANDROGEN_UP,29,1,0.17900414288792543,5.245285963987857,NGLY1,0.6422107786923913
WEBER_METHYLATED_HCP_IN_SPERM_DN,29,1,0.17900414288792543,5.245285963987857,SYCP2,0.6422107786923913
WILLIAMS_ESR2_TARGETS_UP,29,1,0.17900414288792543,5.245285963987857,LRRC15,0.6422107786923913
WP_KLEEFSTRA_SYNDROME,29,1,0.17900414288792543,5.245285963987857,SMARCD2,0.6422107786923913
WP_RAS_AND_BRADYKININ_PATHWAYS_IN_COVID19,29,1,0.17900414288792543,5.245285963987857,IL1A,0.6422107786923913
WP_SELECTIVE_EXPRESSION_OF_CHEMOKINE_RECEPTORS_DURING_TCELL_POLARIZATION,29,1,0.17900414288792543,5.245285963987857,CCL3,0.6422107786923913
KIM_WT1_TARGETS_12HR_DN,215,3,0.17971981261835654,2.082282416222054,"ATF1, OLR1, PLSCR1",0.6422107786923913
BOSCO_TH1_CYTOTOXIC_MODULE,114,2,0.1810088357897114,2.6254997585991515,"HAMP, BCL2L14",0.6422107786923913
MARKEY_RB1_CHRONIC_LOF_UP,114,2,0.1810088357897114,2.6254997585991515,"DOK1, ANXA8L1",0.6422107786923913
WP_ANDROGEN_RECEPTOR_NETWORK_IN_PROSTATE_CANCER,114,2,0.1810088357897114,2.6254997585991515,"SMARCD2, ATF1",0.6422107786923913
MARZEC_IL2_SIGNALING_UP,115,2,0.18343824911805368,2.6022202120691706,"IL1A, CCL3",0.6422107786923913
BERENJENO_TRANSFORMED_BY_RHOA_REVERSIBLY_DN,30,1,0.18457045534174077,5.064326530340755,CBX1,0.6422107786923913
DAZARD_UV_RESPONSE_CLUSTER_G2,30,1,0.18457045534174077,5.064326530340755,CSRP1,0.6422107786923913
DORSEY_GAB2_TARGETS,30,1,0.18457045534174077,5.064326530340755,GSN,0.6422107786923913
KEGG_MEDICUS_REFERENCE_DYNEIN_RECRUITMENT_TO_THE_KINETOCHORE,30,1,0.18457045534174077,5.064326530340755,DYNC1I2,0.6422107786923913
LY_AGING_PREMATURE_DN,30,1,0.18457045534174077,5.064326530340755,CBX1,0.6422107786923913
NABA_MATRISOME_METASTATIC_COLORECTAL_LIVER_METASTASIS,30,1,0.18457045534174077,5.064326530340755,COMP,0.6422107786923913
REACTOME_LAMININ_INTERACTIONS,30,1,0.18457045534174077,5.064326530340755,LAMA2,0.6422107786923913
REACTOME_MET_ACTIVATES_PTK2_SIGNALING,30,1,0.18457045534174077,5.064326530340755,LAMA2,0.6422107786923913
REACTOME_SIGNALING_BY_ALK,30,1,0.18457045534174077,5.064326530340755,CD274,0.6422107786923913
STEIN_ESRRA_TARGETS_RESPONSIVE_TO_ESTROGEN_UP,30,1,0.18457045534174077,5.064326530340755,ZNF629,0.6422107786923913
WP_INFLAMMATORY_RESPONSE_PATHWAY,30,1,0.18457045534174077,5.064326530340755,CD80,0.6422107786923913
WP_MATRIX_METALLOPROTEINASES,30,1,0.18457045534174077,5.064326530340755,MMP13,0.6422107786923913
REACTOME_CLASS_A_1_RHODOPSIN_LIKE_RECEPTORS,329,4,0.18551679069581062,1.8121266825722866,"OPN5, GRPR, MC5R, CCL3",0.6422107786923913
MIKKELSEN_NPC_ICP_WITH_H3K4ME3,446,5,0.18729982322814734,1.6702424462454653,"FKBP7, LOXL3, CD274, CWF19L2, ZNF595",0.6422107786923913
YANG_BCL3_TARGETS_UP,332,4,0.18958522677165318,1.7954587845778587,"LOXL3, MMP13, ENDOD1, OLR1",0.6422107786923913
ACEVEDO_LIVER_CANCER_WITH_H3K27ME3_DN,221,3,0.18988299884362267,2.024761256965441,"GRPR, PFN1P3, DUXAP10",0.6422107786923913
DAZARD_RESPONSE_TO_UV_NHEK_UP,221,3,0.18988299884362267,2.024761256965441,"CSRP1, CYP11B1, LAMA2",0.6422107786923913
BIOCARTA_IL1R_PATHWAY,31,1,0.1900991233611029,4.895431057916154,IL1A,0.6422107786923913
KEGG_MEDICUS_REFERENCE_CCR_CXCR_GNB_G_PI3K_RAC_SIGNALING_PATHWAY,31,1,0.1900991233611029,4.895431057916154,CCL3,0.6422107786923913
MOSERLE_IFNA_RESPONSE,31,1,0.1900991233611029,4.895431057916154,CD274,0.6422107786923913
PID_AVB3_OPN_PATHWAY,31,1,0.1900991233611029,4.895431057916154,GSN,0.6422107786923913
REACTOME_ATP_DEPENDENT_CHROMATIN_REMODELERS,31,1,0.1900991233611029,4.895431057916154,SMARCD2,0.6422107786923913
REACTOME_MAPK_TARGETS_NUCLEAR_EVENTS_MEDIATED_BY_MAP_KINASES,31,1,0.1900991233611029,4.895431057916154,ATF1,0.6422107786923913
REACTOME_RUNX2_REGULATES_BONE_DEVELOPMENT,31,1,0.1900991233611029,4.895431057916154,SP7,0.6422107786923913
WP_GDNFRET_SIGNALING_AXIS,31,1,0.1900991233611029,4.895431057916154,SLIT2,0.6422107786923913
WP_TUMOR_SUPPRESSOR_ACTIVITY_OF_SMARCB1,31,1,0.1900991233611029,4.895431057916154,SMARCD2,0.6422107786923913
OUELLET_OVARIAN_CANCER_INVASIVE_VS_LMP_UP,118,2,0.19075431692043557,2.534789801377779,"CBX1, PLSCR1",0.6422107786923913
KINSEY_TARGETS_OF_EWSR1_FLII_FUSION_DN,334,4,0.192313272517078,1.7845152151862729,"ATOSB, ZNF436, LRRC17, GSN",0.6422107786923913
OSWALD_HEMATOPOIETIC_STEM_CELL_IN_COLLAGEN_GEL_UP,223,3,0.1933030161175018,2.0062847633779595,"CD83, IL1A, CCL3",0.6422107786923913
CHEN_HOXA5_TARGETS_9HR_UP,224,3,0.19501880175964895,1.9971719226478446,"CLK1, CLK4, ZCCHC10",0.6422107786923913
AMIT_SERUM_RESPONSE_40_MCF10A,32,1,0.19559040088989454,4.7374320666913325,IL1A,0.6422107786923913
DUTTA_APOPTOSIS_VIA_NFKB,32,1,0.19559040088989454,4.7374320666913325,CD274,0.6422107786923913
FIRESTEIN_CTNNB1_PATHWAY,32,1,0.19559040088989454,4.7374320666913325,DAPK2,0.6422107786923913
KEGG_MEDICUS_REFERENCE_ACTH_CORTISOL_SIGNALING_PATHWAY,32,1,0.19559040088989454,4.7374320666913325,CYP11B1,0.6422107786923913
NOJIMA_SFRP2_TARGETS_UP,32,1,0.19559040088989454,4.7374320666913325,CLK1,0.6422107786923913
PEPPER_CHRONIC_LYMPHOCYTIC_LEUKEMIA_UP,32,1,0.19559040088989454,4.7374320666913325,CCL3,0.6422107786923913
PID_IL12_STAT4_PATHWAY,32,1,0.19559040088989454,4.7374320666913325,CD80,0.6422107786923913
SEITZ_NEOPLASTIC_TRANSFORMATION_BY_8P_DELETION_DN,32,1,0.19559040088989454,4.7374320666913325,IL1A,0.6422107786923913
WP_IL17_SIGNALING,32,1,0.19559040088989454,4.7374320666913325,TRAF3IP2,0.6422107786923913
ALTEMEIER_RESPONSE_TO_LPS_WITH_MECHANICAL_VENTILATION,122,2,0.20056759648975875,2.450127174509602,"IL1A, CCL3",0.6422107786923913
BLANCO_MELO_HUMAN_PARAINFLUENZA_VIRUS_3_INFECTION_A594_CELLS_DN,122,2,0.20056759648975875,2.450127174509602,"HABP2, ZNF219",0.6422107786923913
APPEL_IMATINIB_RESPONSE,33,1,0.2010445401632608,4.589308011634834,PLSCR1,0.6422107786923913
BIOCARTA_AGR_PATHWAY,33,1,0.2010445401632608,4.589308011634834,LAMA2,0.6422107786923913
DORN_ADENOVIRUS_INFECTION_12HR_DN,33,1,0.2010445401632608,4.589308011634834,CD83,0.6422107786923913
LIANG_SILENCED_BY_METHYLATION_UP,33,1,0.2010445401632608,4.589308011634834,OLR1,0.6422107786923913
PID_NCADHERIN_PATHWAY,33,1,0.2010445401632608,4.589308011634834,GSN,0.6422107786923913
REACTOME_ACTIVATION_OF_MATRIX_METALLOPROTEINASES,33,1,0.2010445401632608,4.589308011634834,MMP13,0.6422107786923913
ROZANOV_MMP14_TARGETS_SUBSET,33,1,0.2010445401632608,4.589308011634834,LOXL3,0.6422107786923913
WP_ALPHA_6_BETA_4_SIGNALING,33,1,0.2010445401632608,4.589308011634834,LAMA2,0.6422107786923913
WP_MIRTARGETED_GENES_IN_ADIPOCYTES,33,1,0.2010445401632608,4.589308011634834,CSRP1,0.6422107786923913
WP_SIGNAL_TRANSDUCTION_THROUGH_IL1R,33,1,0.2010445401632608,4.589308011634834,IL1A,0.6422107786923913
WP_TYPE_I_COLLAGEN_SYNTHESIS_IN_THE_CONTEXT_OF_OSTEOGENESIS_IMPERFECTA,33,1,0.2010445401632608,4.589308011634834,SP7,0.6422107786923913
REACTOME_SIGNALING_BY_INTERLEUKINS,458,5,0.20129592954702796,1.6256579972510445,"IL1A, CD80, ATF1, IL20, CCL3",0.6422107786923913
COLDREN_GEFITINIB_RESISTANCE_DN,228,3,0.2019190341785892,1.961530590005322,"PDE5A, ENDOD1, ZNF649",0.6422107786923913
MCBRYAN_PUBERTAL_BREAST_5_6WK_UP,123,2,0.20303025381641757,2.4298361316880928,"CSN1S1, SLC44A2",0.6422107786923913
BOYLAN_MULTIPLE_MYELOMA_PCA1_UP,124,2,0.2054963214691964,2.4098777289059,"PLSCR1, IGKV2D-29",0.6422107786923913
LIU_VMYB_TARGETS_UP,124,2,0.2054963214691964,2.4098777289059,"NGLY1, PLSCR1",0.6422107786923913
RICKMAN_TUMOR_DIFFERENTIATED_MODERATELY_VS_POORLY_UP,124,2,0.2054963214691964,2.4098777289059,"SLC44A2, LRRC15",0.6422107786923913
REACTOME_GPCR_LIGAND_BINDING,462,5,0.20603861969408488,1.611316828753202,"OPN5, GRPR, MC5R, TAS2R41, CCL3",0.6422107786923913
BIOCARTA_NUCLEARRS_PATHWAY,34,1,0.2064617917190752,4.450161171345856,CYP27B1,0.6422107786923913
GARGALOVIC_RESPONSE_TO_OXIDIZED_PHOSPHOLIPIDS_PINK_DN,34,1,0.2064617917190752,4.450161171345856,ZNF436,0.6422107786923913
GYORFFY_MITOXANTRONE_RESISTANCE,34,1,0.2064617917190752,4.450161171345856,LAMA2,0.6422107786923913
MUELLER_COMMON_TARGETS_OF_AML_FUSIONS_DN,34,1,0.2064617917190752,4.450161171345856,PLSCR1,0.6422107786923913
PID_IL1_PATHWAY,34,1,0.2064617917190752,4.450161171345856,IL1A,0.6422107786923913
REACTOME_LATE_ENDOSOMAL_MICROAUTOPHAGY,34,1,0.2064617917190752,4.450161171345856,ARL13B,0.6422107786923913
SCHOEN_NFKB_SIGNALING,34,1,0.2064617917190752,4.450161171345856,IL1A,0.6422107786923913
WANG_RESPONSE_TO_BEXAROTENE_UP,34,1,0.2064617917190752,4.450161171345856,BCL2L14,0.6422107786923913
WP_OSX_AND_MIRNAS_IN_TOOTH_DEVELOPMENT,34,1,0.2064617917190752,4.450161171345856,SP7,0.6422107786923913
WP_MRNA_PROCESSING,126,2,0.2104380545600948,2.3709266524885773,"CLK1, CLK4",0.6422107786923913
CLASPER_LYMPHATIC_VESSELS_DURING_METASTASIS_DN,35,1,0.21184240440933289,4.319199438698161,LAMA2,0.6422107786923913
GARGALOVIC_RESPONSE_TO_OXIDIZED_PHOSPHOLIPIDS_BLACK_UP,35,1,0.21184240440933289,4.319199438698161,CLK1,0.6422107786923913
KEGG_ALLOGRAFT_REJECTION,35,1,0.21184240440933289,4.319199438698161,CD80,0.6422107786923913
KEGG_MEDICUS_REFERENCE_ADRB3_UCP1_SIGNALING_PATHWAY,35,1,0.21184240440933289,4.319199438698161,SMARCD2,0.6422107786923913
LIU_LIVER_CANCER,35,1,0.21184240440933289,4.319199438698161,DOK1,0.6422107786923913
MORI_PLASMA_CELL_DN,35,1,0.21184240440933289,4.319199438698161,CD83,0.6422107786923913
OUELLET_CULTURED_OVARIAN_CANCER_INVASIVE_VS_LMP_DN,35,1,0.21184240440933289,4.319199438698161,LRRC17,0.6422107786923913
PID_ERBB1_RECEPTOR_PROXIMAL_PATHWAY,35,1,0.21184240440933289,4.319199438698161,GSN,0.6422107786923913
REACTOME_N_GLYCAN_TRIMMING_IN_THE_ER_AND_CALNEXIN_CALRETICULIN_CYCLE,35,1,0.21184240440933289,4.319199438698161,NGLY1,0.6422107786923913
REACTOME_RHOBTB_GTPASE_CYCLE,35,1,0.21184240440933289,4.319199438698161,PDE5A,0.6422107786923913
WP_2Q112_COPY_NUMBER_VARIATION_SYNDROME,35,1,0.21184240440933289,4.319199438698161,NEURL3,0.6422107786923913
WP_EFFECT_OF_PROGERIN_ON_GENES_INVOLVED_IN_PROGERIA,35,1,0.21184240440933289,4.319199438698161,CBX1,0.6422107786923913
WP_NUCLEAR_RECEPTORS_IN_LIPID_METABOLISM_AND_TOXICITY,35,1,0.21184240440933289,4.319199438698161,CYP27B1,0.6422107786923913
WP_PHOTODYNAMIC_THERAPYINDUCED_NFKB_SURVIVAL_SIGNALING,35,1,0.21184240440933289,4.319199438698161,IL1A,0.6422107786923913
BONOME_OVARIAN_CANCER_SURVIVAL_OPTIMAL_DEBULKING,235,3,0.21412794348086173,1.9021155666991163,"GSN, ENDOD1, PLSCR1",0.6422107786923913
MANNE_COVID19_ICU_VS_HEALTHY_DONOR_PLATELETS_UP,128,2,0.21539154911078054,2.3332121181547696,"CD274, NRSN2",0.6422107786923913
KIM_ALL_DISORDERS_CALB1_CORR_DN,36,1,0.21718662541146694,4.195721233087656,DAPK2,0.6422107786923913
REACTOME_FORMATION_OF_THE_DYSTROPHIN_GLYCOPROTEIN_COMPLEX_DGC,36,1,0.21718662541146694,4.195721233087656,LAMA2,0.6422107786923913
REACTOME_METABOLISM_OF_STEROID_HORMONES,36,1,0.21718662541146694,4.195721233087656,CYP11B1,0.6422107786923913
UNTERMAN_IPF_VS_CTRL_B_CELL_DN,36,1,0.21718662541146694,4.195721233087656,CD83,0.6422107786923913
WP_VITAMIN_DSENSITIVE_CALCIUM_SIGNALING_IN_DEPRESSION,36,1,0.21718662541146694,4.195721233087656,CYP27B1,0.6422107786923913
YANG_BREAST_CANCER_ESR1_UP,36,1,0.21718662541146694,4.195721233087656,TNS2,0.6422107786923913
SENESE_HDAC1_AND_HDAC2_TARGETS_DN,237,3,0.21764508536804075,1.8857927580913922,"ENDOD1, ZNF219, TK2",0.6422107786923913
REACTOME_FORMATION_OF_THE_CORNIFIED_ENVELOPE,129,2,0.21787232588708025,2.3148002982348523,"KLK8, SPRR2G",0.6422107786923913
REACTOME_GLYCEROPHOSPHOLIPID_BIOSYNTHESIS,129,2,0.21787232588708025,2.3148002982348523,"SLC44A2, AGPAT1",0.6422107786923913
KAAB_FAILED_HEART_ATRIUM_UP,37,1,0.22249470023958706,4.079102927305208,LILRA4,0.6422107786923913
REACTOME_RUNX1_INTERACTS_WITH_CO_FACTORS_WHOSE_PRECISE_EFFECT_ON_RUNX1_TARGETS_IS_NOT_KNOWN,37,1,0.22249470023958706,4.079102927305208,SMARCD2,0.6422107786923913
RIZ_ERYTHROID_DIFFERENTIATION_HBZ,37,1,0.22249470023958706,4.079102927305208,ZNF436,0.6422107786923913
SHIN_B_CELL_LYMPHOMA_CLUSTER_8,37,1,0.22249470023958706,4.079102927305208,CD80,0.6422107786923913
WEINMANN_ADAPTATION_TO_HYPOXIA_DN,37,1,0.22249470023958706,4.079102927305208,IL1A,0.6422107786923913
KEGG_CELL_ADHESION_MOLECULES_CAMS,131,2,0.2228411931118128,2.278833022095331,"CD274, CD80",0.6422107786923913
IWANAGA_CARCINOGENESIS_BY_KRAS_PTEN_DN,356,4,0.22308157130525155,1.6723436288628835,"MAST3, SMARCD2, GSN, ZNF595",0.6422107786923913
HIRSCH_CELLULAR_TRANSFORMATION_SIGNATURE_UP,241,3,0.22471482327425646,1.8539701396204538,"IL1A, OLR1, PLSCR1",0.6422107786923913
NIKOLSKY_BREAST_CANCER_17Q11_Q21_AMPLICON,132,2,0.22532899108524485,2.261264391049826,"ABHD15, CCL3",0.6422107786923913
BROWNE_HCMV_INFECTION_48HR_DN,478,5,0.225364965400139,1.556377722359312,"ATOSB, DYNC1I2, DOK1, TK2, LAMA2",0.6422107786923913
CHICAS_RB1_TARGETS_GROWING,242,3,0.22648930577694068,1.8461809212900167,"LRRC17, SLIT2, LRRC15",0.6422107786923913
SENESE_HDAC1_AND_HDAC2_TARGETS_UP,242,3,0.22648930577694068,1.8461809212900167,"IL1A, MC5R, UCA1",0.6422107786923913
BOHN_PRIMARY_IMMUNODEFICIENCY_SYNDROM_DN,38,1,0.22776687275564433,3.968788313294806,PLSCR1,0.6422107786923913
DORN_ADENOVIRUS_INFECTION_32HR_DN,38,1,0.22776687275564433,3.968788313294806,CD83,0.6422107786923913
GRADE_COLON_VS_RECTAL_CANCER_UP,38,1,0.22776687275564433,3.968788313294806,IL1A,0.6422107786923913
LI_ESTROGENE_MCF7_E2_RESPONSE_DN,38,1,0.22776687275564433,3.968788313294806,SLIT2,0.6422107786923913
ONGUSAHA_TP53_TARGETS,38,1,0.22776687275564433,3.968788313294806,ANXA8L1,0.6422107786923913
PID_P38_ALPHA_BETA_DOWNSTREAM_PATHWAY,38,1,0.22776687275564433,3.968788313294806,ATF1,0.6422107786923913
REACTOME_APOPTOTIC_CLEAVAGE_OF_CELLULAR_PROTEINS,38,1,0.22776687275564433,3.968788313294806,GSN,0.6422107786923913
SMID_BREAST_CANCER_RELAPSE_IN_LUNG_DN,38,1,0.22776687275564433,3.968788313294806,COMP,0.6422107786923913
STEARMAN_TUMOR_FIELD_EFFECT_UP,38,1,0.22776687275564433,3.968788313294806,LILRA4,0.6422107786923913
TARTE_PLASMA_CELL_VS_B_LYMPHOCYTE_DN,38,1,0.22776687275564433,3.968788313294806,CD83,0.6422107786923913
KEGG_SYSTEMIC_LUPUS_ERYTHEMATOSUS,133,2,0.2278188400820614,2.243963983373852,"C8B, CD80",0.6422107786923913
WINTER_HYPOXIA_METAGENE,243,3,0.22826649242910246,1.838456613111643,"CLK1, MMP13, PGAM1",0.6422107786923913
PANGAS_TUMOR_SUPPRESSION_BY_SMAD1_AND_SMAD5_UP,134,2,0.23031059848620902,2.226925703081855,"GSN, PLSCR1",0.6422107786923913
REACTOME_GOLGI_TO_ER_RETROGRADE_TRANSPORT,134,2,0.23031059848620902,2.226925703081855,"DYNC1I2, KIF6",0.6422107786923913
REACTOME_HCMV_EARLY_EVENTS,134,2,0.23031059848620902,2.226925703081855,"DYNC1I2, CBX1",0.6422107786923913
SMID_BREAST_CANCER_NORMAL_LIKE_UP,483,5,0.2315130850237373,1.539963514966401,"MAST3, ODAM, CSN3, LAMA2, LILRA4",0.6422107786923913
CONRAD_STEM_CELL,39,1,0.23300338518052122,3.8642797312129487,ZNF436,0.6422107786923913
DORN_ADENOVIRUS_INFECTION_48HR_DN,39,1,0.23300338518052122,3.8642797312129487,CD83,0.6422107786923913
GAZDA_DIAMOND_BLACKFAN_ANEMIA_PROGENITOR_UP,39,1,0.23300338518052122,3.8642797312129487,CD83,0.6422107786923913
HAN_JNK_SINGALING_DN,39,1,0.23300338518052122,3.8642797312129487,ANXA8L1,0.6422107786923913
LIANG_HEMATOPOIESIS_STEM_CELL_NUMBER_SMALL_VS_HUGE_UP,39,1,0.23300338518052122,3.8642797312129487,PLSCR1,0.6422107786923913
MATZUK_MEIOTIC_AND_DNA_REPAIR,39,1,0.23300338518052122,3.8642797312129487,SYCP2,0.6422107786923913
MEISSNER_BRAIN_HCP_WITH_H3_UNMETHYLATED,39,1,0.23300338518052122,3.8642797312129487,SYCP2,0.6422107786923913
PID_RET_PATHWAY,39,1,0.23300338518052122,3.8642797312129487,DOK1,0.6422107786923913
REACTOME_CLASS_C_3_METABOTROPIC_GLUTAMATE_PHEROMONE_RECEPTORS,39,1,0.23300338518052122,3.8642797312129487,TAS2R41,0.6422107786923913
REACTOME_NGF_STIMULATED_TRANSCRIPTION,39,1,0.23300338518052122,3.8642797312129487,ATF1,0.6422107786923913
REACTOME_SYNTHESIS_OF_PA,39,1,0.23300338518052122,3.8642797312129487,AGPAT1,0.6422107786923913
XU_CREBBP_TARGETS_DN,39,1,0.23300338518052122,3.8642797312129487,GSN,0.6422107786923913
MIKKELSEN_ES_ICP_WITH_H3K4ME3_AND_H3K27ME3,136,2,0.23529928611294038,2.19361205055615,"LOXL3, TLR12P",0.6422107786923913
CROONQUIST_NRAS_SIGNALING_UP,40,1,0.2382044781050482,3.7651305632480434,CCL3,0.6422107786923913
EHLERS_ANEUPLOIDY_UP,40,1,0.2382044781050482,3.7651305632480434,CLK4,0.6422107786923913
KRASNOSELSKAYA_ILF3_TARGETS_UP,40,1,0.2382044781050482,3.7651305632480434,PLSCR1,0.6422107786923913
NABA_BASEMENT_MEMBRANES,40,1,0.2382044781050482,3.7651305632480434,LAMA2,0.6422107786923913
REACTOME_RET_SIGNALING,40,1,0.2382044781050482,3.7651305632480434,DOK1,0.6422107786923913
TOMLINS_PROSTATE_CANCER_DN,40,1,0.2382044781050482,3.7651305632480434,GSN,0.6422107786923913
WP_BLADDER_CANCER,40,1,0.2382044781050482,3.7651305632480434,DAPK2,0.6422107786923913
WP_CATABOLISM_OF_SKELETAL_MUSCLE_IN_CACHEXIA,40,1,0.2382044781050482,3.7651305632480434,IL1A,0.6422107786923913
GOLDRATH_ANTIGEN_RESPONSE,367,4,0.23892394085494653,1.6213565441345104,"DOCK5, PGAM1, PLSCR1, CCL3",0.6422107786923913
COULOUARN_TEMPORAL_TGFB1_SIGNATURE_DN,138,2,0.2402939570287726,2.161278211321692,"HAMP, HABP2",0.6422107786923913
REACTOME_REGULATION_OF_ENDOGENOUS_RETROELEMENTS,138,2,0.2402939570287726,2.161278211321692,"SMARCD2, ZNF649",0.6422107786923913
DEURIG_T_CELL_PROLYMPHOCYTIC_LEUKEMIA_UP,368,4,0.24037725518189199,1.616874163058415,"TRAF3IP2, ALPP, AGPAT1, SLC48A1",0.6422107786923913
RUTELLA_RESPONSE_TO_HGF_VS_CSF2RB_AND_IL4_DN,250,3,0.24077774669819832,1.7861377159987428,"CD83, CD80, CSRP1",0.6422107786923913
BILD_HRAS_ONCOGENIC_SIGNATURE,251,3,0.24257453013543345,1.7789046887456315,"CYP27B1, IL1A, CD274",0.6422107786923913
LIU_OVARIAN_CANCER_TUMORS_AND_XENOGRAFTS_XDGS_UP,251,3,0.24257453013543345,1.7789046887456315,"UCA1, DSTNP3, UCA1-AS1",0.6422107786923913
AMIT_EGF_RESPONSE_120_MCF10A,41,1,0.24337039050094345,3.670938853366824,IL1A,0.6422107786923913
CERIBELLI_GENES_INACTIVE_AND_BOUND_BY_NFY,41,1,0.24337039050094345,3.670938853366824,DUXAP10,0.6422107786923913
CHESLER_BRAIN_HIGHEST_EXPRESSION,41,1,0.24337039050094345,3.670938853366824,CSRP1,0.6422107786923913
FEKIR_HEPARG_SPHERE_VS_HEPARG_DN,41,1,0.24337039050094345,3.670938853366824,ZNF219,0.6422107786923913
LIANG_HEMATOPOIESIS_STEM_CELL_NUMBER_LARGE_VS_TINY_UP,41,1,0.24337039050094345,3.670938853366824,PGAM1,0.6422107786923913
MAGRANGEAS_MULTIPLE_MYELOMA_IGLL_VS_IGLK_UP,41,1,0.24337039050094345,3.670938853366824,CCL3,0.6422107786923913
NABA_MATRISOME_HIGHLY_METASTATIC_BREAST_CANCER,41,1,0.24337039050094345,3.670938853366824,HABP2,0.6422107786923913
PIONTEK_PKD1_TARGETS_UP,41,1,0.24337039050094345,3.670938853366824,CYP27B1,0.6422107786923913
REACTOME_MET_PROMOTES_CELL_MOTILITY,41,1,0.24337039050094345,3.670938853366824,LAMA2,0.6422107786923913
PLASARI_TGFB1_TARGETS_10HR_DN,252,3,0.24437351226497414,1.7717297580963676,"PDE5A, RTL3, PLSCR1",0.6422107786923913
SABATES_COLORECTAL_ADENOMA_UP,140,2,0.24529354249370683,2.129881584801387,"ODAM, UCA1",0.6422107786923913
CHIARADONNA_NEOPLASTIC_TRANSFORMATION_KRAS_DN,141,2,0.24779485177327162,2.1145220840514383,"GSN, ANXA8L1",0.6422107786923913
ICHIBA_GRAFT_VERSUS_HOST_DISEASE_35D_UP,141,2,0.24779485177327162,2.1145220840514383,"TRAF3IP2, LILRA4",0.6422107786923913
WP_CYTOKINECYTOKINE_RECEPTOR_INTERACTION,254,3,0.24797785313932344,1.757551409082533,"IL1A, IL20, CCL3",0.6422107786923913
BRACHAT_RESPONSE_TO_CAMPTOTHECIN_DN,42,1,0.2485013597316833,3.581341860756354,SLC44A2,0.6422107786923913
DORN_ADENOVIRUS_INFECTION_24HR_DN,42,1,0.2485013597316833,3.581341860756354,CD83,0.6422107786923913
EPPERT_LSC_R,42,1,0.2485013597316833,3.581341860756354,TRAF3IP2,0.6422107786923913
FLECHNER_PBL_KIDNEY_TRANSPLANT_OK_VS_DONOR_DN,42,1,0.2485013597316833,3.581341860756354,TRAF3IP2,0.6422107786923913
KEGG_BLADDER_CANCER,42,1,0.2485013597316833,3.581341860756354,DAPK2,0.6422107786923913
KORKOLA_TERATOMA,42,1,0.2485013597316833,3.581341860756354,LRRC17,0.6422107786923913
MCGARVEY_SILENCED_BY_METHYLATION_IN_COLON_CANCER,42,1,0.2485013597316833,3.581341860756354,CTAG2,0.6422107786923913
REACTOME_REGULATION_OF_MITF_M_DEPENDENT_GENES_INVOLVED_IN_PIGMENTATION,42,1,0.2485013597316833,3.581341860756354,SMARCD2,0.6422107786923913
WP_METABOLIC_REPROGRAMMING_IN_COLON_CANCER,42,1,0.2485013597316833,3.581341860756354,PGAM1,0.6422107786923913
WP_METABOLIC_REPROGRAMMING_IN_PANCREATIC_CANCER,42,1,0.2485013597316833,3.581341860756354,RPE,0.6422107786923913
WP_SPLICING_FACTOR_NOVA_REGULATED_SYNAPTIC_PROTEINS,42,1,0.2485013597316833,3.581341860756354,CSN3,0.6422107786923913
ZHOU_INFLAMMATORY_RESPONSE_LIVE_DN,376,4,0.2520752116062198,1.581882672071318,"MAST3, DOK1, PDE5A, AKAP14",0.6422107786923913
DAVICIONI_TARGETS_OF_PAX_FOXO1_FUSIONS_UP,257,3,0.2533994896961432,1.7367025375953866,"LRRC17, CSRP1, PLSCR1",0.6422107786923913
ABBUD_LIF_SIGNALING_1_UP,43,1,0.25359762156329657,3.496011391345698,ANXA8L1,0.6422107786923913
AMIT_EGF_RESPONSE_480_MCF10A,43,1,0.25359762156329657,3.496011391345698,CYP27B1,0.6422107786923913
COWLING_MYCN_TARGETS,43,1,0.25359762156329657,3.496011391345698,TK2,0.6422107786923913
KEGG_MEDICUS_REFERENCE_RAB7_REGULATED_MICROTUBULE_MINUS_END_DIRECTED_TRANSPORT,43,1,0.25359762156329657,3.496011391345698,DYNC1I2,0.6422107786923913
LEIN_ASTROCYTE_MARKERS,43,1,0.25359762156329657,3.496011391345698,GSN,0.6422107786923913
MIKKELSEN_ES_ICP_WITH_H3K27ME3,43,1,0.25359762156329657,3.496011391345698,NEURL3,0.6422107786923913
PID_INTEGRIN3_PATHWAY,43,1,0.25359762156329657,3.496011391345698,IBSP,0.6422107786923913
REACTOME_SMOOTH_MUSCLE_CONTRACTION,43,1,0.25359762156329657,3.496011391345698,PDE5A,0.6422107786923913
RIZ_ERYTHROID_DIFFERENTIATION_CCNE1,43,1,0.25359762156329657,3.496011391345698,ATF1,0.6422107786923913
WEBER_METHYLATED_HCP_IN_FIBROBLAST_DN,43,1,0.25359762156329657,3.496011391345698,SYCP2,0.6422107786923913
WP_FAS_LIGAND_PATHWAY_AND_STRESS_INDUCTION_OF_HEAT_SHOCK_PROTEINS,43,1,0.25359762156329657,3.496011391345698,IL1A,0.6422107786923913
WP_INFLAMMATORY_BOWEL_DISEASE_SIGNALING,43,1,0.25359762156329657,3.496011391345698,IL1A,0.6422107786923913
WP_PATHWAYS_INTO_METHIONINE_AND_FOLATE_CYCLES,43,1,0.25359762156329657,3.496011391345698,NGLY1,0.6422107786923913
DARWICHE_SKIN_TUMOR_PROMOTER_UP,145,2,0.2578072416130168,2.055232262936489,"HAMP, PGAM1",0.6422107786923913
SARRIO_EPITHELIAL_MESENCHYMAL_TRANSITION_DN,145,2,0.2578072416130168,2.055232262936489,"ANXA8L1, CCL3",0.6422107786923913
BURTON_ADIPOGENESIS_PEAK_AT_24HR,44,1,0.25865941017508975,3.4146497807431366,ANXA8L1,0.6422107786923913
KEGG_VASOPRESSIN_REGULATED_WATER_REABSORPTION,44,1,0.25865941017508975,3.4146497807431366,DYNC1I2,0.6422107786923913
PID_INSULIN_PATHWAY,44,1,0.25865941017508975,3.4146497807431366,DOK1,0.6422107786923913
REACTOME_ELASTIC_FIBRE_FORMATION,44,1,0.25865941017508975,3.4146497807431366,LOXL3,0.6422107786923913
REACTOME_INTRA_GOLGI_TRAFFIC,44,1,0.25865941017508975,3.4146497807431366,ALPP,0.6422107786923913
REACTOME_NETRIN_1_SIGNALING,44,1,0.25865941017508975,3.4146497807431366,SLIT2,0.6422107786923913
REACTOME_TP53_REGULATES_TRANSCRIPTION_OF_CELL_DEATH_GENES,44,1,0.25865941017508975,3.4146497807431366,BCL2L14,0.6422107786923913
WP_RENINANGIOTENSINALDOSTERONE_SYSTEM_RAAS,44,1,0.25865941017508975,3.4146497807431366,ATF1,0.6422107786923913
WP_VASOPRESSINREGULATED_WATER_REABSORPTION,44,1,0.25865941017508975,3.4146497807431366,DYNC1I2,0.6422107786923913
ZHAN_MULTIPLE_MYELOMA_MF_DN,44,1,0.25865941017508975,3.4146497807431366,TMEM52B,0.6422107786923913
JIANG_MELANOMA_TRM2_CD8,146,2,0.26031151007820436,2.0409244762347245,"CLK1, CCL3",0.6422107786923913
KATSANOU_ELAVL1_TARGETS_DN,146,2,0.26031151007820436,2.0409244762347245,"LAMA2, ANXA8L1",0.6422107786923913
MCLACHLAN_DENTAL_CARIES_UP,262,3,0.26247230406143657,1.7030277194170305,"IBSP, LRRC15, CCL3",0.6422107786923913
REACTOME_DISEASES_OF_METABOLISM,262,3,0.26247230406143657,1.7030277194170305,"CYP27B1, DHDDS, CYP11B1",0.6422107786923913
FAELT_B_CLL_WITH_VH3_21_UP,45,1,0.26368695817029675,3.3369864249546364,ATOSB,0.6422107786923913
LEE_METASTASIS_AND_ALTERNATIVE_SPLICING_DN,45,1,0.26368695817029675,3.3369864249546364,CLK4,0.6422107786923913
SCHAEFFER_SOX9_TARGETS_IN_PROSTATE_DEVELOPMENT_DN,45,1,0.26368695817029675,3.3369864249546364,SLIT2,0.6422107786923913
SHIPP_DLBCL_VS_FOLLICULAR_LYMPHOMA_UP,45,1,0.26368695817029675,3.3369864249546364,PGAM1,0.6422107786923913
TAKEDA_TARGETS_OF_NUP98_HOXA9_FUSION_6HR_DN,45,1,0.26368695817029675,3.3369864249546364,CD80,0.6422107786923913
WP_EFFECT_OF_DASATINIB_ON_THE_BCRABL_SIGNALING_PATHWAY,45,1,0.26368695817029675,3.3369864249546364,DOK1,0.6422107786923913
WP_GLYCOLYSIS_AND_GLUCONEOGENESIS,45,1,0.26368695817029675,3.3369864249546364,PGAM1,0.6422107786923913
ZHANG_ANTIVIRAL_RESPONSE_TO_RIBAVIRIN_DN,45,1,0.26368695817029675,3.3369864249546364,CCL3,0.6422107786923913
KEGG_CYTOKINE_CYTOKINE_RECEPTOR_INTERACTION,264,3,0.2661130586940286,1.689919054559396,"IL1A, IL20, CCL3",0.6422107786923913
LU_AGING_BRAIN_UP,264,3,0.2661130586940286,1.689919054559396,"CLK1, GSN, CSRP1",0.6422107786923913
DURCHDEWALD_SKIN_CARCINOGENESIS_DN,265,3,0.267935719158727,1.6834397717378118,"DAPK2, CD80, ZNF436",0.6422107786923913
CHYLA_CBFA2T3_TARGETS_UP,387,4,0.26834677348058983,1.5361561936244603,"PGAM1, OLR1, MAP3K15, TLR12P",0.6422107786923913
AMIT_EGF_RESPONSE_60_HELA,46,1,0.26868049658666104,3.2627747736731654,PLSCR1,0.6422107786923913
BURTON_ADIPOGENESIS_4,46,1,0.26868049658666104,3.2627747736731654,ANXA8L1,0.6422107786923913
HOLLERN_MICROACINAR_BREAST_TUMOR_UP,46,1,0.26868049658666104,3.2627747736731654,BCL2L14,0.6422107786923913
KEGG_INTESTINAL_IMMUNE_NETWORK_FOR_IGA_PRODUCTION,46,1,0.26868049658666104,3.2627747736731654,CD80,0.6422107786923913
KUNINGER_IGF1_VS_PDGFB_TARGETS_DN,46,1,0.26868049658666104,3.2627747736731654,ANXA8L1,0.6422107786923913
NIKOLSKY_BREAST_CANCER_12Q13_Q21_AMPLICON,46,1,0.26868049658666104,3.2627747736731654,CYP27B1,0.6422107786923913
NUTT_GBM_VS_AO_GLIOMA_UP,46,1,0.26868049658666104,3.2627747736731654,TMX1,0.6422107786923913
REACTOME_KIDNEY_DEVELOPMENT,46,1,0.26868049658666104,3.2627747736731654,SLIT2,0.6422107786923913
WP_CHRONIC_HYPERGLYCEMIA_IMPAIRMENT_OF_NEURON_FUNCTION,46,1,0.26868049658666104,3.2627747736731654,MMP13,0.6422107786923913
WP_GENES_CONTROLLING_NEPHROGENESIS,46,1,0.26868049658666104,3.2627747736731654,SLIT2,0.6422107786923913
BLALOCK_ALZHEIMERS_DISEASE_INCIPIENT_UP,388,4,0.26983556988015317,1.5321291458058321,"DAPK2, TUBD1, SYCP2, LAMA2",0.6422107786923913
LANDIS_ERBB2_BREAST_TUMORS_324_UP,150,2,0.2703296864018352,1.9856268140838524,"DOK1, CSRP1",0.6422107786923913
LINDGREN_BLADDER_CANCER_CLUSTER_2B,389,4,0.27132583524821335,1.528123017715993,"IL1A, GSN, CSRP1, AKAP14",0.6422107786923913
DARWICHE_PAPILLOMA_RISK_HIGH_UP,151,2,0.2728339289761944,1.9722663050998805,"HAMP, PGAM1",0.6422107786923913
BOYAULT_LIVER_CANCER_SUBCLASS_G123_UP,47,1,0.27364025490694466,3.191789715747643,CBX1,0.6422107786923913
PID_DELTA_NP63_PATHWAY,47,1,0.27364025490694466,3.191789715747643,IL1A,0.6422107786923913
RADAEVA_RESPONSE_TO_IFNA1_UP,47,1,0.27364025490694466,3.191789715747643,PLSCR1,0.6422107786923913
REACTOME_SENSORY_PERCEPTION_OF_TASTE,47,1,0.27364025490694466,3.191789715747643,TAS2R41,0.6422107786923913
SATO_SILENCED_EPIGENETICALLY_IN_PANCREATIC_CANCER,47,1,0.27364025490694466,3.191789715747643,DAPK2,0.6422107786923913
TURASHVILI_BREAST_DUCTAL_CARCINOMA_VS_DUCTAL_NORMAL_UP,47,1,0.27364025490694466,3.191789715747643,LRRC15,0.6422107786923913
HOFFMANN_LARGE_TO_SMALL_PRE_BII_LYMPHOCYTE_UP,152,2,0.27533782552187425,1.9590839362326729,"CBX1, GSN",0.6422107786923913
MCBRYAN_PUBERTAL_BREAST_4_5WK_UP,270,3,0.27706980051377195,1.6517713669287304,"CSN1S1, SLC44A2, CSN3",0.6422107786923913
ASTON_MAJOR_DEPRESSIVE_DISORDER_UP,48,1,0.278566461069366,3.1238252984217896,COMP,0.6422107786923913
BERENJENO_ROCK_SIGNALING_NOT_VIA_RHOA_DN,48,1,0.278566461069366,3.1238252984217896,DOCK5,0.6422107786923913
HOFMANN_CELL_LYMPHOMA_UP,48,1,0.278566461069366,3.1238252984217896,ATF1,0.6422107786923913
PULVER_FOREY_CELLCYCLE_ENRICHED_TFS_G1_S,48,1,0.278566461069366,3.1238252984217896,ZNF786,0.6422107786923913
REACTOME_CO_STIMULATION_BY_CD28,48,1,0.278566461069366,3.1238252984217896,CD80,0.6422107786923913
REACTOME_DEVELOPMENTAL_LINEAGE_OF_PANCREATIC_DUCTAL_CELLS,48,1,0.278566461069366,3.1238252984217896,LAMA2,0.6422107786923913
WP_INTEGRATED_CANCER_PATHWAY,48,1,0.278566461069366,3.1238252984217896,ATF1,0.6422107786923913
WP_MOLECULAR_PATHWAY_FOR_OXIDATIVE_STRESS,48,1,0.278566461069366,3.1238252984217896,IL1A,0.6422107786923913
WP_PANCREATIC_CANCER_SUBTYPES,48,1,0.278566461069366,3.1238252984217896,ANXA8L1,0.6422107786923913
ZHAN_MULTIPLE_MYELOMA_CD2_UP,48,1,0.278566461069366,3.1238252984217896,LAMA2,0.6422107786923913
REACTOME_METABOLISM_OF_STEROIDS,154,2,0.2803441418458592,1.9332395551553578,"CYP27B1, CYP11B1",0.6422107786923913
JIANG_AGING_HYPOTHALAMUS_UP,49,1,0.2834593414779718,3.0586927316681085,CLK1,0.6422107786923913
KEGG_DRUG_METABOLISM_OTHER_ENZYMES,49,1,0.2834593414779718,3.0586927316681085,TK2,0.6422107786923913
LINDGREN_BLADDER_CANCER_HIGH_RECURRENCE,49,1,0.2834593414779718,3.0586927316681085,CSRP1,0.6422107786923913
PELLICCIOTTA_HDAC_IN_ANTIGEN_PRESENTATION_DN,49,1,0.2834593414779718,3.0586927316681085,NGLY1,0.6422107786923913
TSUNODA_CISPLATIN_RESISTANCE_DN,49,1,0.2834593414779718,3.0586927316681085,ANXA8L1,0.6422107786923913
WP_INTERLEUKIN1_IL1_STRUCTURAL_PATHWAY,49,1,0.2834593414779718,3.0586927316681085,IL1A,0.6422107786923913
WP_TROP2_REGULATORY_SIGNALING,49,1,0.2834593414779718,3.0586927316681085,MMP13,0.6422107786923913
ZHAN_MULTIPLE_MYELOMA_PR_DN,49,1,0.2834593414779718,3.0586927316681085,TK2,0.6422107786923913
OISHI_CHOLANGIOMA_STEM_CELL_LIKE_DN,274,3,0.2843989710310317,1.6272780176662585,"ATOSB, TRAF3IP2, BCL2L14",0.6422107786923913
RUIZ_TNC_TARGETS_UP,156,2,0.2853477729181598,1.9080664566923358,"PDE5A, GSN",0.6422107786923913
NIKOLSKY_BREAST_CANCER_8Q23_Q24_AMPLICON,157,2,0.2878483184102534,1.895723518087113,"CYP11B1, C8orf33",0.6422107786923913
BUFFA_HYPOXIA_METAGENE,50,1,0.2883191210129342,2.996218636889121,PGAM1,0.6422107786923913
CHIBA_RESPONSE_TO_TSA_UP,50,1,0.2883191210129342,2.996218636889121,MMP13,0.6422107786923913
KEGG_AUTOIMMUNE_THYROID_DISEASE,50,1,0.2883191210129342,2.996218636889121,CD80,0.6422107786923913
KEGG_MEDICUS_REFERENCE_GPCR_PLCB_ITPR_SIGNALING_PATHWAY,50,1,0.2883191210129342,2.996218636889121,GRPR,0.6422107786923913
OHGUCHI_LIVER_HNF4A_TARGETS_UP,50,1,0.2883191210129342,2.996218636889121,GSN,0.6422107786923913
SASAI_RESISTANCE_TO_NEOPLASTIC_TRANSFROMATION,50,1,0.2883191210129342,2.996218636889121,CSRP1,0.6422107786923913
WP_PPAR_SIGNALING,50,1,0.2883191210129342,2.996218636889121,OLR1,0.6422107786923913
MANNE_COVID19_ICU_VS_HEALTHY_DONOR_PLATELETS_DN,158,2,0.29034787979733256,1.88353882228194,"LILRA4, MSANTD3-TMEFF1",0.6422107786923913
REACTOME_HCMV_INFECTION,158,2,0.29034787979733256,1.88353882228194,"DYNC1I2, CBX1",0.6422107786923913
SCHAEFFER_PROSTATE_DEVELOPMENT_6HR_UP,158,2,0.29034787979733256,1.88353882228194,"LRRC17, ARL13B",0.6422107786923913
DESERT_PERIPORTAL_HEPATOCELLULAR_CARCINOMA_SUBCLASS_UP,159,2,0.2928463558078651,1.8715093455290945,"C8B, HAMP",0.6422107786923913
KEGG_PURINE_METABOLISM,159,2,0.2928463558078651,1.8715093455290945,"GMPR2, PDE5A",0.6422107786923913
REACTOME_AUTOPHAGY,159,2,0.2928463558078651,1.8715093455290945,"DYNC1I2, ARL13B",0.6422107786923913
SMIRNOV_CIRCULATING_ENDOTHELIOCYTES_IN_CANCER_UP,159,2,0.2928463558078651,1.8715093455290945,"DAPK2, LRRC17",0.6422107786923913
WP_SUDDEN_INFANT_DEATH_SYNDROME_SIDS_SUSCEPTIBILITY_PATHWAYS,159,2,0.2928463558078651,1.8715093455290945,"IL1A, DEAF1",0.6422107786923913
BURTON_ADIPOGENESIS_11,51,1,0.29314602304078285,2.936243505774441,ATF1,0.6422107786923913
KEGG_TASTE_TRANSDUCTION,51,1,0.29314602304078285,2.936243505774441,TAS2R41,0.6422107786923913
PID_CASPASE_PATHWAY,51,1,0.29314602304078285,2.936243505774441,GSN,0.6422107786923913
PRAMOONJAGO_SOX4_TARGETS_UP,51,1,0.29314602304078285,2.936243505774441,CLK1,0.6422107786923913
REACTOME_CARGO_TRAFFICKING_TO_THE_PERICILIARY_MEMBRANE,51,1,0.29314602304078285,2.936243505774441,ARL13B,0.6422107786923913
STAMBOLSKY_TARGETS_OF_MUTATED_TP53_DN,51,1,0.29314602304078285,2.936243505774441,TMEM52B,0.6422107786923913
BRUINS_UVC_RESPONSE_VIA_TP53_GROUP_D,279,3,0.2935826235476797,1.597659701293444,"SLIT2, LRRC15, SMIM23",0.6422107786923913
REACTOME_MITF_M_REGULATED_MELANOCYTE_DEVELOPMENT,161,2,0.2978396536523521,1.847904334535114,"SMARCD2, MC5R",0.6422107786923913
BREDEMEYER_RAG_SIGNALING_VIA_ATM_NOT_VIA_NFKB_UP,52,1,0.2979402694245683,2.8786203404687796,NEURL3,0.6422107786923913
KENNY_CTNNB1_TARGETS_DN,52,1,0.2979402694245683,2.8786203404687796,TMX1,0.6422107786923913
MORI_IMMATURE_B_LYMPHOCYTE_UP,52,1,0.2979402694245683,2.8786203404687796,CD83,0.6422107786923913
PID_KIT_PATHWAY,52,1,0.2979402694245683,2.8786203404687796,DOK1,0.6422107786923913
PID_PTP1B_PATHWAY,52,1,0.2979402694245683,2.8786203404687796,DOK1,0.6422107786923913
REACTOME_APOPTOTIC_EXECUTION_PHASE,52,1,0.2979402694245683,2.8786203404687796,GSN,0.6422107786923913
WP_NETRINUNC5B_SIGNALING,52,1,0.2979402694245683,2.8786203404687796,IL1A,0.6422107786923913
WU_SILENCED_BY_METHYLATION_IN_BLADDER_CANCER,52,1,0.2979402694245683,2.8786203404687796,LAMA2,0.6422107786923913
CARRILLOREIXACH_HEPATOBLASTOMA_VS_NORMAL_HYPOMETHYLATED_AND_UP,162,2,0.30033427993941286,1.8363231260126731,"ODAM, OLR1",0.6422107786923913
WP_EGFEGFR_SIGNALING,162,2,0.30033427993941286,1.8363231260126731,"ATF1, PLSCR1",0.6422107786923913
PEDRIOLI_MIR31_TARGETS_DN,409,4,0.30139609717140914,1.4521549590972502,"DAPK2, ENDOD1, CWF19L2, LAMA2",0.6422107786923913
RUTELLA_RESPONSE_TO_HGF_VS_CSF2RB_AND_IL4_UP,409,4,0.30139609717140914,1.4521549590972502,"CYP27B1, IL1A, PLSCR1, CCL3",0.6422107786923913
BOYAULT_LIVER_CANCER_SUBCLASS_G3_DN,53,1,0.3027020805339541,2.823213450643623,TNS2,0.6422107786923913
HUPER_BREAST_BASAL_VS_LUMINAL_UP,53,1,0.3027020805339541,2.823213450643623,IL1A,0.6422107786923913
ISHIDA_E2F_TARGETS,53,1,0.3027020805339541,2.823213450643623,ANXA8L1,0.6422107786923913
KEGG_STEROID_HORMONE_BIOSYNTHESIS,53,1,0.3027020805339541,2.823213450643623,CYP11B1,0.6422107786923913
PID_CD8_TCR_PATHWAY,53,1,0.3027020805339541,2.823213450643623,CD80,0.6422107786923913
REACTOME_COPI_INDEPENDENT_GOLGI_TO_ER_RETROGRADE_TRAFFIC,53,1,0.3027020805339541,2.823213450643623,DYNC1I2,0.6422107786923913
SOTIRIOU_BREAST_CANCER_GRADE_1_VS_3_DN,53,1,0.3027020805339541,2.823213450643623,DEAF1,0.6422107786923913
SERVITJA_LIVER_HNF1A_TARGETS_DN,163,2,0.30282742972775445,1.8248857834323364,"C8B, HABP2",0.6422107786923913
BORLAK_LIVER_CANCER_EGF_UP,54,1,0.3074316752552446,2.7698973867494785,PLSCR1,0.6446443434469002
BROWNE_HCMV_INFECTION_30MIN_UP,54,1,0.3074316752552446,2.7698973867494785,SMARCD2,0.6446443434469002
MAYBURD_RESPONSE_TO_L663536_DN,54,1,0.3074316752552446,2.7698973867494785,PLSCR1,0.6446443434469002
REACTOME_SIGNALING_BY_PTK6,54,1,0.3074316752552446,2.7698973867494785,DOK1,0.6446443434469002
SESTO_RESPONSE_TO_UV_C2,54,1,0.3074316752552446,2.7698973867494785,PLSCR1,0.6446443434469002
VERRECCHIA_EARLY_RESPONSE_TO_TGFB1,54,1,0.3074316752552446,2.7698973867494785,LRRC17,0.6446443434469002
ZWANG_CLASS_2_TRANSIENTLY_INDUCED_BY_EGF,54,1,0.3074316752552446,2.7698973867494785,CLK1,0.6446443434469002
DARWICHE_PAPILLOMA_RISK_LOW_UP,165,2,0.3078089237063163,1.8024321047404408,"HAMP, PGAM1",0.6446443434469002
SHETH_LIVER_CANCER_VS_TXNIP_LOSS_PAM4,287,3,0.30831363245061916,1.5524396238822251,"TRAF3IP2, MAST3, ABHD15",0.6446443434469002
BLALOCK_ALZHEIMERS_DISEASE_INCIPIENT_DN,166,2,0.31029708318199634,1.7914106344037326,"DEAF1, RPE",0.6446443434469002
REACTOME_APOPTOSIS,166,2,0.31029708318199634,1.7914106344037326,"DAPK2, GSN",0.6446443434469002
ZHANG_FH_DEFICIENT_RCC_C2_VS_OTHERS_UP,166,2,0.31029708318199634,1.7914106344037326,"ODAM, LCTL",0.6446443434469002
BAKKER_FOXO3_TARGETS_UP,55,1,0.31212927100134524,2.718555991795639,TMX1,0.6446443434469002
CROONQUIST_STROMAL_STIMULATION_UP,55,1,0.31212927100134524,2.718555991795639,CCL3,0.6446443434469002
REACTOME_RHOJ_GTPASE_CYCLE,55,1,0.31212927100134524,2.718555991795639,ARL13B,0.6446443434469002
REACTOME_SENSORY_PROCESSING_OF_SOUND_BY_OUTER_HAIR_CELLS_OF_THE_COCHLEA,55,1,0.31212927100134524,2.718555991795639,GSN,0.6446443434469002
WP_IL1_SIGNALING,55,1,0.31212927100134524,2.718555991795639,IL1A,0.6446443434469002
WP_PHOSPHODIESTERASES_IN_NEURONAL_FUNCTION,55,1,0.31212927100134524,2.718555991795639,PDE5A,0.6446443434469002
BROWNE_HCMV_INFECTION_14HR_DN,290,3,0.3138454622243578,1.536132034984249,"TRAF3IP2, DYNC1I2, PDE5A",0.6472494097757407
REACTOME_FACTORS_INVOLVED_IN_MEGAKARYOCYTE_DEVELOPMENT_AND_PLATELET_PRODUCTION,168,2,0.3152677751856334,1.769766060121922,"DOCK5, KIF6",0.6473680289886816
SHETH_LIVER_CANCER_VS_TXNIP_LOSS_PAM2,168,2,0.3152677751856334,1.769766060121922,"BCL2L14, PLSCR1",0.6473680289886816
SMIRNOV_RESPONSE_TO_IR_6HR_UP,168,2,0.3152677751856334,1.769766060121922,"CLK1, CLK4",0.6473680289886816
BIOCARTA_HIVNEF_PATHWAY,56,1,0.31679508372165455,2.6690815565721477,GSN,0.6477002932987277
DELASERNA_MYOD_TARGETS_DN,56,1,0.31679508372165455,2.6690815565721477,SLIT2,0.6477002932987277
LEE_LIVER_CANCER_MYC_E2F1_UP,56,1,0.31679508372165455,2.6690815565721477,PLSCR1,0.6477002932987277
POOLA_INVASIVE_BREAST_CANCER_UP,292,3,0.31753470302307396,1.5254484011947567,"MMP13, LRRC15, CCL3",0.6482810364445254
NABA_ECM_AFFILIATED,170,2,0.32023037712681446,1.7486368328390156,"MUC19, ANXA8L1",0.6528478891854684
REACTOME_CHEMOKINE_RECEPTORS_BIND_CHEMOKINES,57,1,0.32142932791188916,2.6213740653836988,CCL3,0.6534199051694547
REACTOME_HSP90_CHAPERONE_CYCLE_FOR_STEROID_HORMONE_RECEPTORS_SHR_IN_THE_PRESENCE_OF_LIGAND,57,1,0.32142932791188916,2.6213740653836988,DYNC1I2,0.6534199051694547
REACTOME_ORGANELLE_BIOGENESIS_AND_MAINTENANCE,295,3,0.3230697144489512,1.509697358910248,"DYNC1I2, CEP72, ARL13B",0.6541130847708307
ENK_UV_RESPONSE_EPIDERMIS_UP,296,3,0.3249148513330302,1.50451868857945,"CYP27B1, PGAM1, PLSCR1",0.6541130847708307
BLANCO_MELO_COVID19_BRONCHIAL_EPITHELIAL_CELLS_SARS_COV_2_INFECTION_DN,58,1,0.3260322166238482,2.575340521179957,PDE5A,0.6541130847708307
BOYLAN_MULTIPLE_MYELOMA_C_DN,58,1,0.3260322166238482,2.575340521179957,DOCK5,0.6541130847708307
KOHOUTEK_CCNT2_TARGETS,58,1,0.3260322166238482,2.575340521179957,CSN3,0.6541130847708307
LIM_MAMMARY_LUMINAL_PROGENITOR_UP,58,1,0.3260322166238482,2.575340521179957,CSN3,0.6541130847708307
SU_LIVER,58,1,0.3260322166238482,2.575340521179957,HABP2,0.6541130847708307
ZHENG_IL22_SIGNALING_UP,58,1,0.3260322166238482,2.575340521179957,OLR1,0.6541130847708307
BROWNE_HCMV_INFECTION_18HR_UP,173,2,0.32765761343200706,1.7178697123957305,"CD83, TOR1B",0.6541130847708307
SHEN_SMARCA2_TARGETS_UP,428,4,0.33029465826096416,1.3866235500010644,"GMPR2, CBX1, ATF1, ZCCHC10",0.6541130847708307
BARIS_THYROID_CANCER_DN,59,1,0.33060396147510607,2.530894340499985,ATF1,0.6541130847708307
BEGUM_TARGETS_OF_PAX3_FOXO1_FUSION_UP,59,1,0.33060396147510607,2.530894340499985,SLIT2,0.6541130847708307
CORRE_MULTIPLE_MYELOMA_DN,59,1,0.33060396147510607,2.530894340499985,LAMA2,0.6541130847708307
DACOSTA_UV_RESPONSE_VIA_ERCC3_TTD_UP,59,1,0.33060396147510607,2.530894340499985,SMARCD2,0.6541130847708307
MOLENAAR_TARGETS_OF_CCND1_AND_CDK4_DN,59,1,0.33060396147510607,2.530894340499985,ENDOD1,0.6541130847708307
NABA_MATRISOME_HGSOC_OMENTAL_METASTASIS,59,1,0.33060396147510607,2.530894340499985,COMP,0.6541130847708307
REACTOME_REGULATED_NECROSIS,59,1,0.33060396147510607,2.530894340499985,IL1A,0.6541130847708307
REACTOME_RHOQ_GTPASE_CYCLE,59,1,0.33060396147510607,2.530894340499985,ARL13B,0.6541130847708307
WP_KIT_RECEPTOR_SIGNALING,59,1,0.33060396147510607,2.530894340499985,DOK1,0.6541130847708307
SENGUPTA_NASOPHARYNGEAL_CARCINOMA_WITH_LMP1_DN,175,2,0.3325970273226083,1.697951114180954,"DOCK5, CWF19L2",0.6541130847708307
BAKKER_FOXO3_TARGETS_DN,176,2,0.33506287009180946,1.6881635271246302,"DEAF1, TEX22",0.6541130847708307
BYSTROEM_CORRELATED_WITH_IL5_DN,60,1,0.3351447726586424,2.487954809947741,CLK4,0.6541130847708307
HAHTOLA_MYCOSIS_FUNGOIDES_CD4_UP,60,1,0.3351447726586424,2.487954809947741,CCL3,0.6541130847708307
LEE_LIVER_CANCER_DENA_UP,60,1,0.3351447726586424,2.487954809947741,CSN3,0.6541130847708307
LINDSTEDT_DENDRITIC_CELL_MATURATION_A,60,1,0.3351447726586424,2.487954809947741,CCL3,0.6541130847708307
MIKKELSEN_NPC_LCP_WITH_H3K4ME3,60,1,0.3351447726586424,2.487954809947741,TNS2,0.6541130847708307
MORI_LARGE_PRE_BII_LYMPHOCYTE_DN,60,1,0.3351447726586424,2.487954809947741,CD83,0.6541130847708307
PID_FCER1_PATHWAY,60,1,0.3351447726586424,2.487954809947741,DOK1,0.6541130847708307
WP_TYROBP_CAUSAL_NETWORK_IN_MICROGLIA,60,1,0.3351447726586424,2.487954809947741,LOXL3,0.6541130847708307
HAHTOLA_MYCOSIS_FUNGOIDES_SKIN_UP,177,2,0.3375260323797008,1.6784877982044666,"GSN, LRRC15",0.6541130847708307
AGUIRRE_PANCREATIC_CANCER_COPY_NUMBER_UP,303,3,0.33782831152693593,1.4692346813840589,"CBX1, CEP72, HEXIM2-AS1",0.6541130847708307
WP_FOCAL_ADHESION_PI3KAKTMTORSIGNALING,303,3,0.33782831152693593,1.4692346813840589,"IBSP, COMP, LAMA2",0.6541130847708307
MCBRYAN_PUBERTAL_TGFB1_TARGETS_DN,61,1,0.3396548589524109,2.4464465970200253,CSN3,0.6541130847708307
PID_AR_PATHWAY,61,1,0.3396548589524109,2.4464465970200253,GSN,0.6541130847708307
REACTOME_KINESINS,61,1,0.3396548589524109,2.4464465970200253,KIF6,0.6541130847708307
REACTOME_NUCLEAR_EVENTS_KINASE_AND_TRANSCRIPTION_FACTOR_ACTIVATION,61,1,0.3396548589524109,2.4464465970200253,ATF1,0.6541130847708307
WORSCHECH_TUMOR_REJECTION_UP,61,1,0.3396548589524109,2.4464465970200253,IL1A,0.6541130847708307
DAVICIONI_MOLECULAR_ARMS_VS_ERMS_DN,179,2,0.34244400944429465,1.6594643311702773,"DOK1, LAMA2",0.6541130847708307
KEGG_GLYCOLYSIS_GLUCONEOGENESIS,62,1,0.34413442772883795,2.4062993090497082,PGAM1,0.6541130847708307
NAKAMURA_ADIPOGENESIS_EARLY_UP,62,1,0.34413442772883795,2.4062993090497082,SMARCD2,0.6541130847708307
PID_IL12_2PATHWAY,62,1,0.34413442772883795,2.4062993090497082,CCL3,0.6541130847708307
REACTOME_TRANSCRIPTIONAL_AND_POST_TRANSLATIONAL_REGULATION_OF_MITF_M_EXPRESSION_AND_ACTIVITY,62,1,0.34413442772883795,2.4062993090497082,MC5R,0.6541130847708307
BROWNE_HCMV_INFECTION_18HR_DN,180,2,0.3448986740715422,1.6501129077663477,"TNS2, LRRC17",0.6541130847708307
OKUMURA_INFLAMMATORY_RESPONSE_LPS,181,2,0.3473503578944708,1.6408659695386303,"HAMP, OLR1",0.6541130847708307
WP_METAPATHWAY_BIOTRANSFORMATION_PHASE_I_AND_II,181,2,0.3473503578944708,1.6408659695386303,"CYP27B1, CYP11B1",0.6541130847708307
GERHOLD_ADIPOGENESIS_DN,63,1,0.3485836849642633,2.3674470948318693,ATF1,0.6541130847708307
LEE_LIVER_CANCER_E2F1_UP,63,1,0.3485836849642633,2.3674470948318693,PLSCR1,0.6541130847708307
LEE_LIVER_CANCER_MYC_DN,63,1,0.3485836849642633,2.3674470948318693,PNLIPRP1,0.6541130847708307
PHONG_TNF_TARGETS_UP,63,1,0.3485836849642633,2.3674470948318693,CD83,0.6541130847708307
PID_BCR_5PATHWAY,63,1,0.3485836849642633,2.3674470948318693,DOK1,0.6541130847708307
RIZKI_TUMOR_INVASIVENESS_2D_DN,63,1,0.3485836849642633,2.3674470948318693,DOK1,0.6541130847708307
WP_2Q13_COPY_NUMBER_VARIATION_SYNDROME,63,1,0.3485836849642633,2.3674470948318693,IL1A,0.6541130847708307
WP_ENDOCHONDRAL_OSSIFICATION,63,1,0.3485836849642633,2.3674470948318693,MMP13,0.6541130847708307
WP_ENDOCHONDRAL_OSSIFICATION_WITH_SKELETAL_DYSPLASIAS,63,1,0.3485836849642633,2.3674470948318693,MMP13,0.6541130847708307
WP_HEMATOPOIETIC_STEM_CELL_DIFFERENTIATION,63,1,0.3485836849642633,2.3674470948318693,IL1A,0.6541130847708307
WP_LUNG_FIBROSIS,63,1,0.3485836849642633,2.3674470948318693,CCL3,0.6541130847708307
WP_TAR_SYNDROME,63,1,0.3485836849642633,2.3674470948318693,HAMP,0.6541130847708307
DOUGLAS_BMI1_TARGETS_DN,311,3,0.3525680432847518,1.4308739611145478,"BTN3A1, TOR1B, NGLY1",0.6541130847708307
BREDEMEYER_RAG_SIGNALING_NOT_VIA_ATM_UP,64,1,0.35300283524831366,2.3298282841903037,PRELID2,0.6541130847708307
GENTILE_UV_LOW_DOSE_DN,64,1,0.35300283524831366,2.3298282841903037,SLIT2,0.6541130847708307
HADDAD_T_LYMPHOCYTE_AND_NK_PROGENITOR_DN,64,1,0.35300283524831366,2.3298282841903037,CCL3,0.6541130847708307
LEE_LIVER_CANCER_E2F1_DN,64,1,0.35300283524831366,2.3298282841903037,PNLIPRP1,0.6541130847708307
LEE_LIVER_CANCER_MYC_E2F1_DN,64,1,0.35300283524831366,2.3298282841903037,PNLIPRP1,0.6541130847708307
LIAN_LIPA_TARGETS_3M,64,1,0.35300283524831366,2.3298282841903037,LILRA4,0.6541130847708307
PID_TCR_PATHWAY,64,1,0.35300283524831366,2.3298282841903037,CD80,0.6541130847708307
REACTOME_COLLAGEN_DEGRADATION,64,1,0.35300283524831366,2.3298282841903037,MMP13,0.6541130847708307
ROYLANCE_BREAST_CANCER_16Q_COPY_NUMBER_UP,64,1,0.35300283524831366,2.3298282841903037,PRSS54,0.6541130847708307
DELYS_THYROID_CANCER_UP,443,4,0.35321718462510543,1.338895062954663,"DAPK2, COMP, PDE5A, ENDOD1",0.6541130847708307
REACTOME_ASPARAGINE_N_LINKED_GLYCOSYLATION,312,3,0.3544081642456406,1.426218533896221,"DYNC1I2, DHDDS, NGLY1",0.6541130847708307
WU_CELL_MIGRATION,184,2,0.3546868076336158,1.6137348430817486,"IL1A, OLR1",0.6541130847708307
DELPUECH_FOXO3_TARGETS_UP,65,1,0.3573920817932156,2.293385061334666,GSN,0.6541130847708307
JAZAG_TGFB1_SIGNALING_VIA_SMAD4_DN,65,1,0.3573920817932156,2.293385061334666,AGPAT1,0.6541130847708307
KONIGORSKI_INCREASED_SUBCUTANEOUS_ADIPOSE_TISSUE_MASS_DN,65,1,0.3573920817932156,2.293385061334666,DAPK2,0.6541130847708307
LEE_LIVER_CANCER_ACOX1_UP,65,1,0.3573920817932156,2.293385061334666,PLSCR1,0.6541130847708307
REACTOME_SYNTHESIS_OF_SUBSTRATES_IN_N_GLYCAN_BIOSYTHESIS,65,1,0.3573920817932156,2.293385061334666,DHDDS,0.6541130847708307
TURASHVILI_BREAST_NORMAL_DUCTAL_VS_LOBULAR_UP,65,1,0.3573920817932156,2.293385061334666,RPE,0.6541130847708307
WP_ONCOSTATIN_M_SIGNALING,65,1,0.3573920817932156,2.293385061334666,MMP13,0.6541130847708307
ALCALAY_AML_BY_NPM1_LOCALIZATION_DN,186,2,0.35956157501597275,1.5961389313511045,"GSN, ENDOD1",0.6541130847708307
KYNG_WERNER_SYNDROM_AND_NORMAL_AGING_DN,186,2,0.35956157501597275,1.5961389313511045,"ZNF629, LRRC17",0.6541130847708307
GAJATE_RESPONSE_TO_TRABECTEDIN_UP,66,1,0.36175162644304537,2.2580631683692634,GSN,0.6541130847708307
HOFFMANN_SMALL_PRE_BII_TO_IMMATURE_B_LYMPHOCYTE_UP,66,1,0.36175162644304537,2.2580631683692634,CD83,0.6541130847708307
LEE_LIVER_CANCER_CIPROFIBRATE_DN,66,1,0.36175162644304537,2.2580631683692634,PNLIPRP1,0.6541130847708307
LINDVALL_IMMORTALIZED_BY_TERT_UP,66,1,0.36175162644304537,2.2580631683692634,PDE5A,0.6541130847708307
PID_INTEGRIN1_PATHWAY,66,1,0.36175162644304537,2.2580631683692634,LAMA2,0.6541130847708307
WP_AGERAGE_PATHWAY,66,1,0.36175162644304537,2.2580631683692634,MMP13,0.6541130847708307
WP_SARSCOV2_INNATE_IMMUNITY_EVASION_AND_CELLSPECIFIC_IMMUNE_RESPONSE,66,1,0.36175162644304537,2.2580631683692634,CCL3,0.6541130847708307
PASINI_SUZ12_TARGETS_DN,316,3,0.36176176930052273,1.4078942964082424,"GSN, CSRP1, CSN3",0.6541130847708307
ZHOU_INFLAMMATORY_RESPONSE_LIVE_UP,451,4,0.3654495542955214,1.3147496448917786,"CD83, IL1A, CD80, PNLIPRP1",0.6558100735788296
BROWNE_INTERFERON_RESPONSIVE_GENES,67,1,0.3660816696829161,2.22381163575559,PLSCR1,0.6558100735788296
BRUNO_HEMATOPOIESIS,67,1,0.3660816696829161,2.22381163575559,CCL3,0.6558100735788296
JI_RESPONSE_TO_FSH_UP,67,1,0.3660816696829161,2.22381163575559,BTN3A1,0.6558100735788296
RIGGINS_TAMOXIFEN_RESISTANCE_UP,67,1,0.3660816696829161,2.22381163575559,LRRC15,0.6558100735788296
SHAFFER_IRF4_TARGETS_IN_PLASMA_CELL_VS_MATURE_B_LYMPHOCYTE,67,1,0.3660816696829161,2.22381163575559,CCL3,0.6558100735788296
ZHANG_RESPONSE_TO_CANTHARIDIN_DN,67,1,0.3660816696829161,2.22381163575559,PGAM1,0.6558100735788296
JIANG_MELANOMA_TRM5_CD8,189,2,0.36684808051212114,1.5704507821304543,"CLK1, NEURL3",0.6558100735788296
XIE_ST_HSC_S1PR3_OE_UP,189,2,0.36684808051212114,1.5704507821304543,"GSN, PLSCR1",0.6558100735788296
CHIARETTI_ACUTE_LYMPHOBLASTIC_LEUKEMIA_ZAP70,68,1,0.37038241064810506,2.1905825369125487,LRRC15,0.6604688851531999
OUELLET_CULTURED_OVARIAN_CANCER_INVASIVE_VS_LMP_UP,68,1,0.37038241064810506,2.1905825369125487,CBX1,0.6604688851531999
MARTENS_BOUND_BY_PML_RARA_FUSION,456,4,0.3730901217719259,1.30009278851542,"ATOSB, DAPK2, TK2, ZNF595",0.662276657230346
REACTOME_MITOTIC_G2_G2_M_PHASES,192,2,0.37410226426185356,1.5455738376111712,"DYNC1I2, CEP72",0.662276657230346
KEGG_COMPLEMENT_AND_COAGULATION_CASCADES,69,1,0.3746540471331191,2.1583307644695893,C8B,0.662276657230346
KEGG_PPAR_SIGNALING_PATHWAY,69,1,0.3746540471331191,2.1583307644695893,OLR1,0.662276657230346
MEBARKI_HCC_PROGENITOR_WNT_DN_BLOCKED_BY_FZD8CRD,69,1,0.3746540471331191,2.1583307644695893,SLIT2,0.662276657230346
RIZKI_TUMOR_INVASIVENESS_2D_UP,69,1,0.3746540471331191,2.1583307644695893,CYP27B1,0.662276657230346
YAO_TEMPORAL_RESPONSE_TO_PROGESTERONE_CLUSTER_1,69,1,0.3746540471331191,2.1583307644695893,TNS2,0.662276657230346
FONTAINE_FOLLICULAR_THYROID_ADENOMA_DN,70,1,0.3788967756006977,2.127013825976097,CD274,0.6640426078770573
KEGG_LEISHMANIA_INFECTION,70,1,0.3788967756006977,2.127013825976097,IL1A,0.6640426078770573
PULVER_FOREY_CELLCYCLE_ENRICHED_TFS_M,70,1,0.3788967756006977,2.127013825976097,ZNF436,0.6640426078770573
SESTO_RESPONSE_TO_UV_C7,70,1,0.3788967756006977,2.127013825976097,GSN,0.6640426078770573
YAO_TEMPORAL_RESPONSE_TO_PROGESTERONE_CLUSTER_10,70,1,0.3788967756006977,2.127013825976097,ATF1,0.6640426078770573
CHIANG_LIVER_CANCER_SUBCLASS_UNANNOTATED_DN,194,2,0.37891960477594555,1.5294210993238297,"ATF1, TMX1",0.6640426078770573
KONDO_PROSTATE_CANCER_WITH_H3K27ME3,194,2,0.37891960477594555,1.5294210993238297,"HABP2, SPRR2G",0.6640426078770573
KARLSSON_TGFB1_TARGETS_DN,195,2,0.38132246143639426,1.521470269595245,"GSN, SLC48A1",0.6664629044797661
DER_IFN_GAMMA_RESPONSE_UP,71,1,0.38311079119075797,2.096591657121405,PLSCR1,0.6664629044797661
LIN_APC_TARGETS,71,1,0.38311079119075797,2.096591657121405,DOK1,0.6664629044797661
MIKKELSEN_MEF_LCP_WITH_H3K27ME3,71,1,0.38311079119075797,2.096591657121405,SP7,0.6664629044797661
REACTOME_INTERLEUKIN_17_SIGNALING,71,1,0.38311079119075797,2.096591657121405,ATF1,0.6664629044797661
WP_3Q29_COPY_NUMBER_VARIATION_SYNDROME,71,1,0.38311079119075797,2.096591657121405,HAMP,0.6664629044797661
PLASARI_TGFB1_TARGETS_10HR_UP,196,2,0.38372136508597954,1.5136014071823745,"ENDOD1, OLR1",0.6667100152836983
WAMUNYOKOLI_OVARIAN_CANCER_LMP_DN,197,2,0.38611625896338275,1.5058132510496085,"ATF1, SLIT2",0.667218665180103
LINDVALL_IMMORTALIZED_BY_TERT_DN,72,1,0.3872962877292797,2.0670264507390272,LRRC15,0.667218665180103
MATZUK_SPERMATOCYTE,72,1,0.3872962877292797,2.0670264507390272,SYCP2,0.667218665180103
RAGHAVACHARI_PLATELET_SPECIFIC_GENES,72,1,0.3872962877292797,2.0670264507390272,ENDOD1,0.667218665180103
RAMALHO_STEMNESS_DN,72,1,0.3872962877292797,2.0670264507390272,GSN,0.667218665180103
WP_AXON_GUIDANCE,72,1,0.3872962877292797,2.0670264507390272,SLIT2,0.667218665180103
WP_PRIMARY_FOCAL_SEGMENTAL_GLOMERULOSCLEROSIS_FSGS,72,1,0.3872962877292797,2.0670264507390272,CD80,0.667218665180103
FURUKAWA_DUSP6_TARGETS_PCI35_UP,73,1,0.39145345773712836,2.0382825000605433,ALPP,0.6704155066279966
SANA_RESPONSE_TO_IFNG_UP,73,1,0.39145345773712836,2.0382825000605433,CD274,0.6704155066279966
TURASHVILI_BREAST_DUCTAL_CARCINOMA_VS_LOBULAR_NORMAL_UP,73,1,0.39145345773712836,2.0382825000605433,LRRC15,0.6704155066279966
WP_MECP2_AND_ASSOCIATED_RETT_SYNDROME,73,1,0.39145345773712836,2.0382825000605433,CSRP1,0.6704155066279966
AFFAR_YY1_TARGETS_UP,200,2,0.39327632848584604,1.4829207921078367,"KLK8, ANXA8L1",0.6704155066279966
NIKOLSKY_BREAST_CANCER_17Q21_Q25_AMPLICON,334,3,0.39466174977432034,1.3309158908462613,"TUBD1, CBX1, SMARCD2",0.6704155066279966
DER_IFN_ALPHA_RESPONSE_UP,74,1,0.3955824924388228,2.01032605485272,PLSCR1,0.6704155066279966
KEGG_ARRHYTHMOGENIC_RIGHT_VENTRICULAR_CARDIOMYOPATHY_ARVC,74,1,0.3955824924388228,2.01032605485272,LAMA2,0.6704155066279966
LEE_LIVER_CANCER_DENA_DN,74,1,0.3955824924388228,2.01032605485272,PNLIPRP1,0.6704155066279966
MCCLUNG_COCAIN_REWARD_4WK,74,1,0.3955824924388228,2.01032605485272,CLK1,0.6704155066279966
REACTOME_RHOG_GTPASE_CYCLE,74,1,0.3955824924388228,2.01032605485272,DOCK5,0.6704155066279966
REACTOME_RMTS_METHYLATE_HISTONE_ARGININES,74,1,0.3955824924388228,2.01032605485272,SMARCD2,0.6704155066279966
WP_ARRHYTHMOGENIC_RIGHT_VENTRICULAR_CARDIOMYOPATHY,74,1,0.3955824924388228,2.01032605485272,LAMA2,0.6704155066279966
GARY_CD5_TARGETS_UP,471,4,0.3959589509427889,1.2580053272616456,"CD83, SLC44A2, AGPAT1, CCL3",0.6704155066279966
HAMAI_APOPTOSIS_VIA_TRAIL_DN,202,2,0.39802866080962607,1.4680406937908308,"ZNF629, SMARCD2",0.6704155066279966
ONDER_CDH1_TARGETS_2_DN,473,4,0.3989994476114649,1.2525970735329723,"CYP27B1, CD83, IL1A, KLK8",0.6704155066279966
SEITZ_NEOPLASTIC_TRANSFORMATION_BY_8P_DELETION_UP,75,1,0.39968358177123997,1.9831251892191937,SLIT2,0.6704155066279966
TCGA_GLIOBLASTOMA_COPY_NUMBER_UP,75,1,0.39968358177123997,1.9831251892191937,CYP27B1,0.6704155066279966
WP_AFFECTED_PATHWAYS_IN_DUCHENNE_MUSCULAR_DYSTROPHY,75,1,0.39968358177123997,1.9831251892191937,IL1A,0.6704155066279966
WP_NONGENOMIC_ACTIONS_OF_125DIHYDROXYVITAMIN_D3,75,1,0.39968358177123997,1.9831251892191937,CYP27B1,0.6704155066279966
JIANG_MELANOMA_TRM4,203,2,0.4003983563637584,1.4607116901407504,"CD80, CCL3",0.6704155066279966
REACTOME_MITOTIC_PROMETAPHASE,203,2,0.4003983563637584,1.4607116901407504,"DYNC1I2, CEP72",0.6704155066279966
RAY_TUMORIGENESIS_BY_ERBB2_CDC25A_UP,204,2,0.4027636707557104,1.4534552508823313,"SLIT2, PLSCR1",0.6704155066279966
WP_PI3KAKT_SIGNALING,339,3,0.40372734667659615,1.3109967101631081,"IBSP, COMP, LAMA2",0.6704155066279966
BLANCO_MELO_COVID19_SARS_COV_2_INFECTION_A594_ACE2_EXPRESSING_CELLS_RUXOLITINIB_DN,76,1,0.403756914392265,1.9566496799780142,HABP2,0.6704155066279966
CHEBOTAEV_GR_TARGETS_UP,76,1,0.403756914392265,1.9566496799780142,DOCK5,0.6704155066279966
FRASOR_RESPONSE_TO_ESTRADIOL_DN,76,1,0.403756914392265,1.9566496799780142,SLIT2,0.6704155066279966
REACTOME_MEIOTIC_SYNAPSIS,76,1,0.403756914392265,1.9566496799780142,SYCP2,0.6704155066279966
THEILGAARD_NEUTROPHIL_AT_SKIN_WOUND_UP,76,1,0.403756914392265,1.9566496799780142,CCL3,0.6704155066279966
WP_JOUBERT_SYNDROME,76,1,0.403756914392265,1.9566496799780142,ARL13B,0.6704155066279966
YAMASHITA_LIVER_CANCER_STEM_CELL_DN,76,1,0.403756914392265,1.9566496799780142,C8B,0.6704155066279966
REACTOME_NEUTROPHIL_DEGRANULATION,477,4,0.4050725632809026,1.2419177733576412,"SLC44A2, GSN, PGAM1, OLR1",0.6708707634127056
BERTUCCI_MEDULLARY_VS_DUCTAL_BREAST_CANCER_UP,205,2,0.40512455451674334,1.4462703036354139,"BTN3A1, CD274",0.6708707634127056
PHONG_TNF_RESPONSE_NOT_VIA_P38,340,3,0.4055358657883249,1.3070838028592338,"TUBD1, CD83, CLK4",0.6708707634127056
MIKKELSEN_MEF_ICP_WITH_H3K27ME3,206,2,0.4074809590458872,1.4391557970469016,"NRSN2, TLR12P",0.6708707634127056
BLANCO_MELO_COVID19_SARS_COV_2_INFECTION_A594_CELLS_DN,77,1,0.40780267768938183,1.9308708946409667,HABP2,0.6708707634127056
FRIDMAN_SENESCENCE_UP,77,1,0.40780267768938183,1.9308708946409667,GSN,0.6708707634127056
KEGG_GLYCEROPHOSPHOLIPID_METABOLISM,77,1,0.40780267768938183,1.9308708946409667,AGPAT1,0.6708707634127056
REACTOME_SENSORY_PROCESSING_OF_SOUND,77,1,0.40780267768938183,1.9308708946409667,GSN,0.6708707634127056
NABA_SECRETED_FACTORS,343,3,0.41095167326526805,1.295483183557299,"IL1A, IL20, CCL3",0.6742007072702516
DARWICHE_PAPILLOMA_PROGRESSION_RISK,78,1,0.4118210577882049,1.9057616881217718,KIF6,0.6742007072702516
YAO_TEMPORAL_RESPONSE_TO_PROGESTERONE_CLUSTER_9,78,1,0.4118210577882049,1.9057616881217718,CD83,0.6742007072702516
PEREZ_TP53_AND_TP63_TARGETS,208,2,0.4121801402869377,1.4251340025058177,"ZNF436, SLIT2",0.6742007072702516
JOHNSTONE_PARVB_TARGETS_2_DN,344,3,0.41275359298447356,1.2916616696715717,"ATF1, WRNIP1, C8orf33",0.6742007072702516
GROSS_HYPOXIA_VIA_ELK3_UP,209,2,0.4145228240512583,1.4182247124408462,"ATOSB, PGAM1",0.6742007072702516
BLANCO_MELO_COVID19_SARS_COV_2_INFECTION_A594_ACE2_EXPRESSING_CELLS_RUXOLITINIB_UP,484,4,0.4156718973175725,1.2236572824826446,"CD83, CLK4, IL1A, NEURL3",0.6742007072702516
BILD_CTNNB1_ONCOGENIC_SIGNATURE,79,1,0.4158122395609567,1.8812963073898117,IL1A,0.6742007072702516
REACTOME_SIGNALING_BY_MET,79,1,0.4158122395609567,1.8812963073898117,LAMA2,0.6742007072702516
SLEBOS_HEAD_AND_NECK_CANCER_WITH_HPV_UP,79,1,0.4158122395609567,1.8812963073898117,SPICE1,0.6742007072702516
WANG_TUMOR_INVASIVENESS_DN,211,2,0.4191941517414748,1.4046044851333201,"CLK1, CCL3",0.6742007072702516
FALVELLA_SMOKERS_WITH_LUNG_CANCER,80,1,0.41977640663488613,1.857450303365344,ZNF649,0.6742007072702516
GAVIN_FOXP3_TARGETS_CLUSTER_P2,80,1,0.41977640663488613,1.857450303365344,NEURL3,0.6742007072702516
HINATA_NFKB_TARGETS_FIBROBLAST_UP,80,1,0.41977640663488613,1.857450303365344,CD83,0.6742007072702516
LI_ESTROGENE_LATE_E2_RESPONSE_DN,80,1,0.41977640663488613,1.857450303365344,SLIT2,0.6742007072702516
REACTOME_BIOSYNTHESIS_OF_THE_N_GLYCAN_PRECURSOR_DOLICHOL_LIPID_LINKED_OLIGOSACCHARIDE_LLO_AND_TRANSFER_TO_A_NASCENT_PROTEIN,80,1,0.41977640663488613,1.857450303365344,DHDDS,0.6742007072702516
REACTOME_NON_INTEGRIN_MEMBRANE_ECM_INTERACTIONS,80,1,0.41977640663488613,1.857450303365344,LAMA2,0.6742007072702516
ROSS_AML_WITH_MLL_FUSIONS,80,1,0.41977640663488613,1.857450303365344,PGAM1,0.6742007072702516
SU_TESTIS,80,1,0.41977640663488613,1.857450303365344,SYCP2,0.6742007072702516
WP_CLOCKCONTROLLED_AUTOPHAGY_IN_BONE_METABOLISM,80,1,0.41977640663488613,1.857450303365344,SP7,0.6742007072702516
YAO_TEMPORAL_RESPONSE_TO_PROGESTERONE_CLUSTER_12,80,1,0.41977640663488613,1.857450303365344,FKBP7,0.6742007072702516
FIGAROL_EGFR_TKI_DRUG_TOLERANT_CELL_UP,212,2,0.4215227076759652,1.397891658816289,"PDE5A, ALPP",0.6754806452960569
REACTOME_PHOSPHOLIPID_METABOLISM,212,2,0.4215227076759652,1.397891658816289,"SLC44A2, AGPAT1",0.6754806452960569
HARRIS_HYPOXIA,81,1,0.4237137414006307,1.8342004494225745,MMP13,0.676705560059593
RADMACHER_AML_PROGNOSIS,81,1,0.4237137414006307,1.8342004494225745,ENDOD1,0.676705560059593
SHAFFER_IRF4_TARGETS_IN_ACTIVATED_B_LYMPHOCYTE,81,1,0.4237137414006307,1.8342004494225745,CCL3,0.676705560059593
MCLACHLAN_DENTAL_CARIES_DN,82,1,0.427624425020524,1.8115246659295399,SLIT2,0.6793054946839592
RIZ_ERYTHROID_DIFFERENTIATION,82,1,0.427624425020524,1.8115246659295399,ATF1,0.6793054946839592
WP_CILIARY_LANDSCAPE,215,2,0.4284794327632212,1.3781313672588207,"DYNC1I2, DOCK5",0.6793054946839592
BROWNE_HCMV_INFECTION_1HR_DN,216,2,0.43078855619381273,1.3716677204862224,"DYNC1I2, ATF1",0.6793054946839592
BROWNE_HCMV_INFECTION_16HR_DN,83,1,0.4315086374368464,1.7894019503094605,SLIT2,0.6793054946839592
GHANDHI_BYSTANDER_IRRADIATION_UP,83,1,0.4315086374368464,1.7894019503094605,IL1A,0.6793054946839592
KEGG_HYPERTROPHIC_CARDIOMYOPATHY_HCM,83,1,0.4315086374368464,1.7894019503094605,LAMA2,0.6793054946839592
NELSON_RESPONSE_TO_ANDROGEN_UP,83,1,0.4315086374368464,1.7894019503094605,KLK4,0.6793054946839592
NEMETH_INFLAMMATORY_RESPONSE_LPS_UP,83,1,0.4315086374368464,1.7894019503094605,CCL3,0.6793054946839592
NGUYEN_NOTCH1_TARGETS_DN,83,1,0.4315086374368464,1.7894019503094605,RPE,0.6793054946839592
ODONNELL_TARGETS_OF_MYC_AND_TFRC_UP,83,1,0.4315086374368464,1.7894019503094605,DAPK2,0.6793054946839592
REACTOME_TRANSPORT_OF_BILE_SALTS_AND_ORGANIC_ACIDS_METAL_IONS_AND_AMINE_COMPOUNDS,83,1,0.4315086374368464,1.7894019503094605,SLC44A2,0.6793054946839592
REACTOME_BIOLOGICAL_OXIDATIONS,217,2,0.4330927204175049,1.3652642006596343,"CYP27B1, CYP11B1",0.6793054946839592
REACTOME_KERATINIZATION,217,2,0.4330927204175049,1.3652642006596343,"KLK8, SPRR2G",0.6793054946839592
HESS_TARGETS_OF_HOXA9_AND_MEIS1_DN,84,1,0.4353665573800216,1.7678123121579012,PLSCR1,0.6793054946839592
HILLION_HMGA1B_TARGETS,84,1,0.4353665573800216,1.7678123121579012,CD80,0.6793054946839592
KEGG_SMALL_CELL_LUNG_CANCER,84,1,0.4353665573800216,1.7678123121579012,LAMA2,0.6793054946839592
ONDER_CDH1_SIGNALING_VIA_CTNNB1,84,1,0.4353665573800216,1.7678123121579012,CD83,0.6793054946839592
REACTOME_DEVELOPMENTAL_CELL_LINEAGES_OF_THE_EXOCRINE_PANCREAS,84,1,0.4353665573800216,1.7678123121579012,LAMA2,0.6793054946839592
REACTOME_GLUCOSE_METABOLISM,84,1,0.4353665573800216,1.7678123121579012,PGAM1,0.6793054946839592
WP_PYRIMIDINE_METABOLISM,84,1,0.4353665573800216,1.7678123121579012,TK2,0.6793054946839592
IVANOVA_HEMATOPOIESIS_STEM_CELL_LONG_TERM,219,2,0.437686016398917,1.3526342168521215,"FKBP7, KIF6",0.6821765622515431
DACOSTA_UV_RESPONSE_VIA_ERCC3_XPCS_DN,85,1,0.43919836237675536,1.7467367129944191,SLIT2,0.6822917791071211
KEGG_HEMATOPOIETIC_CELL_LINEAGE,85,1,0.43919836237675536,1.7467367129944191,IL1A,0.6822917791071211
LEIN_CEREBELLUM_MARKERS,85,1,0.43919836237675536,1.7467367129944191,CEP72,0.6822917791071211
CHIANG_LIVER_CANCER_SUBCLASS_UNANNOTATED_UP,86,1,0.44300422875812395,1.7261570102670347,DOCK5,0.6829848510539658
DELASERNA_MYOD_TARGETS_UP,86,1,0.44300422875812395,1.7261570102670347,ATOSB,0.6829848510539658
HUMMERICH_SKIN_CANCER_PROGRESSION_UP,86,1,0.44300422875812395,1.7261570102670347,MMP13,0.6829848510539658
KEGG_TGF_BETA_SIGNALING_PATHWAY,86,1,0.44300422875812395,1.7261570102670347,COMP,0.6829848510539658
MARTIN_VIRAL_GPCR_SIGNALING_UP,86,1,0.44300422875812395,1.7261570102670347,ANXA8L1,0.6829848510539658
REACTOME_CONSTITUTIVE_SIGNALING_BY_ABERRANT_PI3K_IN_CANCER,86,1,0.44300422875812395,1.7261570102670347,CD80,0.6829848510539658
REACTOME_PLATELET_HOMEOSTASIS,86,1,0.44300422875812395,1.7261570102670347,PDE5A,0.6829848510539658
MANNE_COVID19_COMBINED_COHORT_VS_HEALTHY_DONOR_PLATELETS_DN,222,2,0.4445378180940197,1.334119808765674,"LILRA4, MSANTD3-TMEFF1",0.6846074839261798
PULVER_FOREY_CELLCYCLE_ENRICHED_TFS_S2,363,3,0.4466307014506009,1.2230867260268798,"CBX1, ATF1, DEAF1",0.6851014051325457
MORI_LARGE_PRE_BII_LYMPHOCYTE_UP,87,1,0.44678433166760534,1.7060559052633721,CBX1,0.6851014051325457
SMITH_TERT_TARGETS_DN,87,1,0.44678433166760534,1.7060559052633721,GSN,0.6851014051325457
WP_HAIR_FOLLICLE_DEVELOPMENT_CYTODIFFERENTIATION_STAGE_3_OF_3,87,1,0.44678433166760534,1.7060559052633721,KLK4,0.6851014051325457
CAIRO_LIVER_DEVELOPMENT_DN,224,2,0.44907983832363263,1.3220548641536016,"GSN, NGLY1",0.6869535399754045
SCHLESINGER_METHYLATED_DE_NOVO_IN_CANCER,88,1,0.45053884506905695,1.686416894614129,CYP27B1,0.6869535399754045
WP_BARDETBIEDL_SYNDROME,88,1,0.45053884506905695,1.686416894614129,ARL13B,0.6869535399754045
WP_TCELL_ACTIVATION_SARSCOV2,88,1,0.45053884506905695,1.686416894614129,CD80,0.6869535399754045
LINDGREN_BLADDER_CANCER_CLUSTER_3_DN,226,2,0.4536008599872283,1.3102053649785832,"DYNC1I2, TK2",0.6869535399754045
BAELDE_DIABETIC_NEPHROPATHY_UP,89,1,0.454267941754642,1.6672242251031317,CCL3,0.6869535399754045
BRUINS_UVC_RESPONSE_VIA_TP53_GROUP_C,89,1,0.454267941754642,1.6672242251031317,AXDND1,0.6869535399754045
FERRANDO_T_ALL_WITH_MLL_ENL_FUSION_DN,89,1,0.454267941754642,1.6672242251031317,PGAM1,0.6869535399754045
FERRANDO_T_ALL_WITH_MLL_ENL_FUSION_UP,89,1,0.454267941754642,1.6672242251031317,ALPP,0.6869535399754045
LI_DCP2_BOUND_MRNA,89,1,0.454267941754642,1.6672242251031317,DEAF1,0.6869535399754045
LIU_VAV3_PROSTATE_CARCINOGENESIS_UP,89,1,0.454267941754642,1.6672242251031317,IBSP,0.6869535399754045
SEIDEN_ONCOGENESIS_BY_MET,89,1,0.454267941754642,1.6672242251031317,TMX1,0.6869535399754045
XU_HGF_TARGETS_REPRESSED_BY_AKT1_DN,89,1,0.454267941754642,1.6672242251031317,CD80,0.6869535399754045
THEILGAARD_NEUTROPHIL_AT_SKIN_WOUND_DN,227,2,0.45585341399545964,1.3043596120513472,"DAPK2, CBX1",0.6886193292097018
KEGG_DILATED_CARDIOMYOPATHY,90,1,0.4579717933526989,1.6484628515239022,LAMA2,0.6898171254346142
ZHANG_TARGETS_OF_EWSR1_FLI1_FUSION,90,1,0.4579717933526989,1.6484628515239022,CSRP1,0.6898171254346142
MARKEY_RB1_ACUTE_LOF_DN,228,2,0.4581006208964936,1.2985655914503187,"FKBP7, CCL3",0.6898171254346142
JIANG_MELANOMA_TRM10_LAMINA_PROPRIA,91,1,0.46165057033556256,1.6301183973457871,CCL3,0.6921658587055521
MEBARKI_HCC_PROGENITOR_WNT_DN,91,1,0.46165057033556256,1.6301183973457871,SLIT2,0.6921658587055521
MEBARKI_HCC_PROGENITOR_WNT_UP_CTNNB1_DEPENDENT,91,1,0.46165057033556256,1.6301183973457871,MMP13,0.6921658587055521
WP_METABOLIC_EPILEPTIC_DISORDERS,91,1,0.46165057033556256,1.6301183973457871,PGAM1,0.6921658587055521
PULVER_FOREY_CELLCYCLE_ENRICHED_TFS_G2,372,3,0.4624075265238947,1.1930686826429078,"CBX1, ATF1, DEAF1",0.6921658587055521
KAUFFMANN_DNA_REPAIR_GENES,230,2,0.4625788697322418,1.2871300244729027,"WRNIP1, MRE11P1",0.6921658587055521
ZWANG_CLASS_3_TRANSIENTLY_INDUCED_BY_EGF,231,2,0.4648098514970781,1.281487146443913,"IL1A, OLR1",0.6940547389988365
KIM_MYCN_AMPLIFICATION_TARGETS_UP,92,1,0.46530444202732957,1.6121771179735285,COMP,0.6940547389988365
WP_CORTICOTROPINRELEASING_HORMONE_SIGNALING,92,1,0.46530444202732957,1.6121771179735285,CYP11B1,0.6940547389988365
KAYO_CALORIE_RESTRICTION_MUSCLE_UP,93,1,0.46893357661157276,1.5946258664029502,LAMA2,0.697275318200907
REACTOME_REGULATION_OF_ENDOGENOUS_RETROELEMENTS_BY_PIWI_INTERACTING_RNAS_PIRNAS,93,1,0.46893357661157276,1.5946258664029502,SMARCD2,0.697275318200907
WP_GPCRS_OTHER,93,1,0.46893357661157276,1.5946258664029502,GRPR,0.697275318200907
GRAHAM_CML_QUIESCENT_VS_NORMAL_QUIESCENT_UP,94,1,0.47253814113900483,1.577452061092406,CCL3,0.6989831339301497
HECKER_IFNB1_TARGETS,94,1,0.47253814113900483,1.577452061092406,PLSCR1,0.6989831339301497
KIM_GASTRIC_CANCER_CHEMOSENSITIVITY,94,1,0.47253814113900483,1.577452061092406,ZNF219,0.6989831339301497
MORI_MATURE_B_LYMPHOCYTE_UP,94,1,0.47253814113900483,1.577452061092406,CD83,0.6989831339301497
WINTER_HYPOXIA_UP,94,1,0.47253814113900483,1.577452061092406,PGAM1,0.6989831339301497
FISCHER_G2_M_CELL_CYCLE,235,2,0.4736788224407428,1.259400001535454,"TUBD1, CLK4",0.699216767980474
MIYAGAWA_TARGETS_OF_EWSR1_ETS_FUSIONS_DN,235,2,0.4736788224407428,1.259400001535454,"LRRC17, CCL3",0.699216767980474
MIKKELSEN_MEF_HCP_WITH_H3_UNMETHYLATED,236,2,0.47588218854222764,1.253996202192251,"GSN, SYCP2",0.7013626740004459
HOOI_ST7_TARGETS_UP,95,1,0.4761183015350884,1.5606436558849863,ENDOD1,0.7013626740004459
VECCHI_GASTRIC_CANCER_EARLY_DN,381,3,0.47798683769962824,1.164480069886621,"LRRC17, SLIT2, LAMA2",0.7029623262313208
BLANCO_MELO_COVID19_SARS_COV_2_INFECTION_A594_ACE2_EXPRESSING_CELLS_DN,96,1,0.4796742226075984,1.5441891118303739,HABP2,0.7029623262313208
KEGG_FC_GAMMA_R_MEDIATED_PHAGOCYTOSIS,96,1,0.4796742226075984,1.5441891118303739,GSN,0.7029623262313208
WP_COMPLEMENT_SYSTEM,96,1,0.4796742226075984,1.5441891118303739,IBSP,0.7029623262313208
WP_SMALL_CELL_LUNG_CANCER,96,1,0.4796742226075984,1.5441891118303739,LAMA2,0.7029623262313208
CONCANNON_APOPTOSIS_BY_EPOXOMICIN_UP,238,2,0.48027208481503936,1.2433259882334282,"DOK1, SYCP2",0.7031143793125524
PULVER_FOREY_CELLCYCLE_PEAKING_LG1,383,3,0.48142051037969547,1.1583109481853455,"ZNF629, CD83, CD80",0.7040713116858238
IGARASHI_ATF4_TARGETS_DN,97,1,0.4832060680541298,1.5280773707678361,CBX1,0.7045104865174454
KONDO_PROSTATE_CANCER_HCP_WITH_H3K27ME3,97,1,0.4832060680541298,1.5280773707678361,TMX1,0.7045104865174454
MENSE_HYPOXIA_UP,97,1,0.4832060680541298,1.5280773707678361,PRELID2,0.7045104865174454
RUTELLA_RESPONSE_TO_HGF_DN,240,2,0.48463936705896715,1.2328351055997273,"CD83, PLSCR1",0.7052892287863354
YOSHIMURA_MAPK8_TARGETS_DN,385,3,0.4848435074232066,1.1522064246166364,"C8B, OLR1, BPIFB4",0.7052892287863354
KEGG_PYRIMIDINE_METABOLISM,98,1,0.48671400046955826,1.5122978305432564,TK2,0.7052892287863354
LIU_PROSTATE_CANCER_UP,98,1,0.48671400046955826,1.5122978305432564,CCL3,0.7052892287863354
NAKAMURA_ADIPOGENESIS_LATE_UP,98,1,0.48671400046955826,1.5122978305432564,SMARCD2,0.7052892287863354
REACTOME_ANTIMICROBIAL_PEPTIDES,98,1,0.48671400046955826,1.5122978305432564,BPIFB4,0.7052892287863354
UDAYAKUMAR_MED1_TARGETS_DN,242,2,0.4889838441943334,1.2225190710080676,"CYP27B1, GSN",0.7078575893067512
RASHI_RESPONSE_TO_IONIZING_RADIATION_6,99,1,0.4901981813534496,1.4968403217434911,IGKV2D-29,0.7081746315390445
WP_17Q12_COPY_NUMBER_VARIATION_SYNDROME,99,1,0.4901981813534496,1.4968403217434911,CCL3,0.7081746315390445
BROWNE_HCMV_INFECTION_12HR_DN,100,1,0.4936587711174193,1.481695085840766,LRRC17,0.7117289070922874
REACTOME_COPI_DEPENDENT_GOLGI_TO_ER_RETROGRADE_TRAFFIC,100,1,0.4936587711174193,1.481695085840766,KIF6,0.7117289070922874
GAVIN_FOXP3_TARGETS_CLUSTER_P4,101,1,0.4970959290924425,1.4668527546484074,CD83,0.7137916317846071
PUJANA_BREAST_CANCER_LIT_INT_NETWORK,101,1,0.4970959290924425,1.4668527546484074,ATF1,0.7137916317846071
REACTOME_INTERLEUKIN_1_SIGNALING,101,1,0.4970959290924425,1.4668527546484074,IL1A,0.7137916317846071
SHAFFER_IRF4_TARGETS_IN_MYELOMA_VS_MATURE_B_LYMPHOCYTE,101,1,0.4970959290924425,1.4668527546484074,CCL3,0.7137916317846071
BILD_E2F3_ONCOGENIC_SIGNATURE,247,2,0.49974409362700645,1.197465844134955,"CD83, ABHD15",0.71580448709738
KOBAYASHI_EGFR_SIGNALING_24HR_UP,102,1,0.500509813536116,1.4523043309970265,GSN,0.71580448709738
REACTOME_COPI_MEDIATED_ANTEROGRADE_TRANSPORT,102,1,0.500509813536116,1.4523043309970265,DYNC1I2,0.71580448709738
WIELAND_UP_BY_HBV_INFECTION,102,1,0.500509813536116,1.4523043309970265,CD83,0.71580448709738
DER_IFN_BETA_RESPONSE_UP,103,1,0.5039005816398715,1.438041170547398,PLSCR1,0.717920421853249
GROSS_HYPOXIA_VIA_ELK3_AND_HIF1A_DN,103,1,0.5039005816398715,1.438041170547398,TK2,0.717920421853249
REACTOME_REGULATION_OF_ENDOGENOUS_RETROELEMENTS_BY_KRAB_ZFP_PROTEINS,103,1,0.5039005816398715,1.438041170547398,ZNF649,0.717920421853249
HSIAO_LIVER_SPECIFIC_GENES,249,2,0.5040073797831313,1.1877285575740586,"C8B, HABP2",0.717920421853249
VERHAAK_AML_WITH_NPM1_MUTATED_DN,250,2,0.5061301994047844,1.1829188091713985,"GSN, ENDOD1",0.7201217613980949
GHANDHI_DIRECT_IRRADIATION_UP,104,1,0.5072683895361397,1.4240549646627825,IL1A,0.7201217613980949
CHAUHAN_RESPONSE_TO_METHOXYESTRADIOL_DN,105,1,0.5106133923054658,1.410337724269384,CCL3,0.7201217613980949
DAZARD_RESPONSE_TO_UV_SCC_UP,105,1,0.5106133923054658,1.410337724269384,PLSCR1,0.7201217613980949
PID_ERBB1_DOWNSTREAM_PATHWAY,105,1,0.5106133923054658,1.410337724269384,ATF1,0.7201217613980949
REACTOME_CARGO_RECOGNITION_FOR_CLATHRIN_MEDIATED_ENDOCYTOSIS,105,1,0.5106133923054658,1.410337724269384,TOR1B,0.7201217613980949
STEIN_ESRRA_TARGETS_DN,105,1,0.5106133923054658,1.410337724269384,TUBD1,0.7201217613980949
WOO_LIVER_CANCER_RECURRENCE_UP,105,1,0.5106133923054658,1.410337724269384,SLIT2,0.7201217613980949
XU_GH1_EXOGENOUS_TARGETS_DN,105,1,0.5106133923054658,1.410337724269384,CBX1,0.7201217613980949
ZHANG_RESPONSE_TO_IKK_INHIBITOR_AND_TNF_DN,105,1,0.5106133923054658,1.410337724269384,LRRC17,0.7201217613980949
BROWNE_HCMV_INFECTION_4HR_DN,253,2,0.512463148726507,1.1687195120918918,"ZNF629, LRRC17",0.72201491152259345
BORCZUK_MALIGNANT_MESOTHELIOMA_DN,106,1,0.513935743983579,1.3968817646390679,HEXIM2-AS1,0.7226586597713764
MA_RAT_AGING_UP,106,1,0.513935743983579,1.3968817646390679,CCL3,0.7226586597713764
AMBROSINI_FLAVOPIRIDOL_TREATMENT_TP53,107,1,0.5172355975684143,1.3836796910334335,SLIT2,0.7244352906888322
IZADPANAH_STEM_CELL_ADIPOSE_VS_BONE_DN,107,1,0.5172355975684143,1.3836796910334335,LRRC17,0.7244352906888322
KIM_MYCN_AMPLIFICATION_TARGETS_DN,107,1,0.5172355975684143,1.3836796910334335,ZNF595,0.7244352906888322
REACTOME_SENESCENCE_ASSOCIATED_SECRETORY_PHENOTYPE_SASP,107,1,0.5172355975684143,1.3836796910334335,IL1A,0.7244352906888322
REACTOME_INTEGRATION_OF_ENERGY_METABOLISM,108,1,0.5205131050270868,1.370724385152892,AGPAT1,0.7268794391104461
WP_SENESCENCEASSOCIATED_SECRETORY_PHENOTYPE_SASP,108,1,0.5205131050270868,1.370724385152892,IL1A,0.7268794391104461
WP_THERMOGENESIS,108,1,0.5205131050270868,1.370724385152892,SMARCD2,0.7268794391104461
REN_ALVEOLAR_RHABDOMYOSARCOMA_DN,407,3,0.5217502210296472,1.0890457599449022,"DOK1, GSN, ENDOD1",0.7271797889570891
ZHOU_INFLAMMATORY_RESPONSE_LPS_UP,407,3,0.5217502210296472,1.0890457599449022,"CD80, AXDND1, PNLIPRP1",0.7271797889570891
GINESTIER_BREAST_CANCER_20Q13_AMPLIFICATION_UP,109,1,0.5237684173028176,1.3580089923385743,C20orf141,0.7274149566222256
REACTOME_MYD88_INDEPENDENT_TLR4_CASCADE,109,1,0.5237684173028176,1.3580089923385743,ATF1,0.7274149566222256
REACTOME_TOLL_LIKE_RECEPTOR_9_TLR9_CASCADE,109,1,0.5237684173028176,1.3580089923385743,ATF1,0.7274149566222256
WP_GPCRS_CLASS_A_RHODOPSINLIKE,259,2,0.5249677726775424,1.1413154212204293,"GRPR, MC5R",0.7274149566222256
SCHAEFFER_PROSTATE_DEVELOPMENT_48HR_DN,409,3,0.5250340629204476,1.0836433027317074,"CD83, SLIT2, PNLIPRP1",0.7274149566222256
YAGI_AML_WITH_INV_16_TRANSLOCATION,409,3,0.5250340629204476,1.0836433027317074,"CTAG2, TOR1B, PNLIPRP1",0.7274149566222256
KONIGORSKI_INCREASED_SUBCUTANEOUS_ADIPOSE_TISSUE_TOTAL_RATIO_UP,110,1,0.527001684321817,1.3455269094787197,DAPK2,0.7274149566222256
REACTOME_MITF_M_DEPENDENT_GENE_EXPRESSION,110,1,0.527001684321817,1.3455269094787197,SMARCD2,0.7274149566222256
AFFAR_YY1_TARGETS_DN,260,2,0.527030794291999,1.1368719930481883,"MMP13, PLSCR1",0.7274149566222256
SHETH_LIVER_CANCER_VS_TXNIP_LOSS_PAM1,260,2,0.527030794291999,1.1368719930481883,"CYP27B1, SLC48A1",0.7274149566222256
REACTOME_INTERLEUKIN_4_AND_INTERLEUKIN_13_SIGNALING,111,1,0.5302130550001182,1.3332717735747168,IL1A,0.7296839238541277
REACTOME_MITOTIC_SPINDLE_CHECKPOINT,111,1,0.5302130550001182,1.3332717735747168,DYNC1I2,0.7296839238541277
SCHAEFFER_PROSTATE_DEVELOPMENT_12HR_UP,111,1,0.5302130550001182,1.3332717735747168,PGAM1,0.7296839238541277
RIZKI_TUMOR_INVASIVENESS_3D_DN,262,2,0.53113864362005,1.1280876773528314,"CD83, DOK1",0.7302514877983876
BROWNE_HCMV_INFECTION_12HR_UP,112,1,0.5334026772503667,1.3212374509251967,PLSCR1,0.7319498647321812
ROPERO_HDAC2_TARGETS,112,1,0.5334026772503667,1.3212374509251967,COMP,0.7319498647321812
REACTOME_PI3K_AKT_SIGNALING_IN_CANCER,113,1,0.5365706979885638,1.3094180268895481,CD80,0.7341731761901215
WATANABE_RECTAL_CANCER_RADIOTHERAPY_RESPONSIVE_UP,113,1,0.5365706979885638,1.3094180268895481,BTN3A1,0.7341731761901215
WP_HDAC6_INTERACTIONS_IN_THE_CENTRAL_NERVOUS_SYSTEM,113,1,0.5365706979885638,1.3094180268895481,DYNC1I2,0.7341731761901215
HOLLMANN_APOPTOSIS_VIA_CD40_DN,265,2,0.5372547479215148,1.11516170710667,"TMX1, C8orf33",0.7344029839503512
KOYAMA_SEMA3B_TARGETS_UP,266,2,0.5392812245501288,1.110918333035331,"ZNF629, CSN3",0.7356491048365043
ICHIBA_GRAFT_VERSUS_HOST_DISEASE_D7_UP,114,1,0.5397172631407663,1.2978077961949646,C8orf33,0.7356491048365043
REACTOME_COMPLEMENT_CASCADE,114,1,0.5397172631407663,1.2978077961949646,C8B,0.7356491048365043
SWEET_LUNG_CANCER_KRAS_DN,419,3,0.5412649062524164,1.0574102172205517,"TNS2, GSN, LAMA2",0.7363821759919698
CAIRO_HEPATOBLASTOMA_DN,267,2,0.5413015707821514,1.1067069844283741,"C8B, HABP2",0.7363821759919698
LIEN_BREAST_CARCINOMA_METAPLASTIC_VS_DUCTAL_DN,115,1,0.5428425176497373,1.2864012537536458,LRRC17,0.7363821759919698
REACTOME_TOLL_LIKE_RECEPTOR_TLR1_TLR2_CASCADE,115,1,0.5428425176497373,1.2864012537536458,ATF1,0.7363821759919698
SENESE_HDAC2_TARGETS_UP,115,1,0.5428425176497373,1.2864012537536458,IL1A,0.7363821759919698
ACOSTA_PROLIFERATION_INDEPENDENT_MYC_TARGETS_DN,116,1,0.5459466054815585,1.275193085959102,SLC48A1,0.7370797149907569
IKEDA_MIR30_TARGETS_UP,116,1,0.5459466054815585,1.275193085959102,LRRC17,0.7370797149907569
LENAOUR_DENDRITIC_CELL_MATURATION_UP,116,1,0.5459466054815585,1.275193085959102,CD83,0.7370797149907569
LINDGREN_BLADDER_CANCER_WITH_LOH_IN_CHR9Q,116,1,0.5459466054815585,1.275193085959102,TOR1B,0.7370797149907569
REACTOME_MEIOSIS,116,1,0.5459466054815585,1.275193085959102,SYCP2,0.7370797149907569
HOELZEL_NF1_TARGETS_DN,117,1,0.5490296696321916,1.2641781624326502,FAM124A,0.7388321646406985
HOOI_ST7_TARGETS_DN,117,1,0.5490296696321916,1.2641781624326502,MMP13,0.7388321646406985
KEGG_NEUROACTIVE_LIGAND_RECEPTOR_INTERACTION,271,2,0.5493214548066472,1.0901747014181757,"GRPR, MC5R",0.7388321646406985
TORCHIA_TARGETS_OF_EWSR1_FLI1_FUSION_UP,271,2,0.5493214548066472,1.0901747014181757,"IBSP, SLC48A1",0.7388321646406985
KOKKINAKIS_METHIONINE_DEPRIVATION_96HR_UP,118,1,0.5520918521340015,1.253351528193164,IL1A,0.7418571346427612
BLANCO_MELO_RESPIRATORY_SYNCYTIAL_VIRUS_INFECTION_A594_CELLS_DN,119,1,0.5551332940622313,1.2427083962249765,HABP2,0.7452402617458068
MILI_PSEUDOPODIA_CHEMOTAXIS_DN,429,3,0.5571725266418914,1.0324087319607602,"GMPR2, SLC44A2, TOR1B",0.7462981073570736
CERVERA_SDHB_TARGETS_1_UP,120,1,0.5581541355414377,1.2322441404205065,NEURL3,0.7462981073570736
RODRIGUES_DCC_TARGETS_DN,120,1,0.5581541355414377,1.2322441404205065,GSN,0.7462981073570736
MOOTHA_HUMAN_MITODB_6_2002,430,3,0.5587450657231257,1.029972990070897,"CYP27B1, CYP11B1, TK2",0.7462981073570736
WP_VEGFAVEGFR2_SIGNALING,430,3,0.5587450657231257,1.029972990070897,"TRAF3IP2, DOK1, CSRP1",0.7462981073570736
CHIARADONNA_NEOPLASTIC_TRANSFORMATION_CDC25_UP,121,1,0.5611545157518785,1.2219542888757553,PLSCR1,0.7462981073570736
LEE_NEURAL_CREST_STEM_CELL_DN,121,1,0.5611545157518785,1.2219542888757553,SLIT2,0.7462981073570736
REACTOME_DEVELOPMENTAL_CELL_LINEAGES,121,1,0.5611545157518785,1.2219542888757553,LAMA2,0.7462981073570736
REACTOME_NEGATIVE_REGULATION_OF_THE_PI3K_AKT_NETWORK,121,1,0.5611545157518785,1.2219542888757553,CD80,0.7462981073570736
MULLIGHAN_MLL_SIGNATURE_2_DN,277,2,0.5611658291441102,1.0662780377860002,"ENDOD1, CSN3",0.7462981073570736
CUI_TCF21_TARGETS_2_UP,433,3,0.5634425097309329,1.0227337385931792,"COMP, SLIT2, LAMA2",0.7486262290822759
FIGUEROA_AML_METHYLATION_CLUSTER_1_UP,122,1,0.5641345729358629,1.2118345175182592,ENDOD1,0.7488465459773628
HELLER_HDAC_TARGETS_SILENCED_BY_METHYLATION_DN,279,2,0.5650642648941014,1.0585425353566242,"CLK1, OLR1",0.749381592678757
VECCHI_GASTRIC_CANCER_EARLY_UP,435,3,0.5665572301957321,1.0179634293629334,"CEP72, WRNIP1, C8orf33",0.7506619539744198
RIGGI_EWING_SARCOMA_PROGENITOR_UP,437,3,0.5696583354467639,1.013237086116118,"CD274, MMP13, SLIT2",0.7517690095355807
MIKKELSEN_IPS_ICP_WITH_H3K4ME3_AND_H327ME3,124,1,0.5700342665417368,1.192088622176373,LOXL3,0.7517690095355807
MISSIAGLIA_REGULATED_BY_METHYLATION_UP,124,1,0.5700342665417368,1.192088622176373,GSN,0.7517690095355807
REACTOME_MHC_CLASS_II_ANTIGEN_PRESENTATION,124,1,0.5700342665417368,1.192088622176373,DYNC1I2,0.7517690095355807
REACTOME_REGULATION_OF_INSULIN_LIKE_GROWTH_FACTOR_IGF_TRANSPORT_AND_UPTAKE_BY_INSULIN_LIKE_GROWTH_FACTOR_BINDING_PROTEINS_IGFBPS,124,1,0.5700342665417368,1.192088622176373,AMTN,0.7517690095355807
GRYDER_PAX3FOXO1_ENHANCERS_KO_DOWN,438,3,0.5712037596138163,1.0108902122279486,"CSRP1, SPICE1, DEAF1",0.751917622507364
MIKKELSEN_MCV6_HCP_WITH_H3K27ME3,438,3,0.5712037596138163,1.0108902122279486,"COMP, SLIT2, RPRML",0.751917622507364
RASHI_RESPONSE_TO_IONIZING_RADIATION_2,125,1,0.5729541748150286,1.1824545361377408,PLSCR1,0.75352476040830485
BHATI_G2M_ARREST_BY_2METHOXYESTRADIOL_DN,126,1,0.575854303777068,1.1729745954725972,IL1A,0.7552448610827353
CHARAFE_BREAST_CANCER_BASAL_VS_MESENCHYMAL_UP,126,1,0.575854303777068,1.1729745954725972,GSN,0.7552448610827353
WHITFIELD_CELL_CYCLE_M_G1,126,1,0.575854303777068,1.1729745954725972,ZCCHC10,0.7552448610827353
LU_EZH2_TARGETS_UP,285,2,0.576609870287704,1.0359920424028983,"ZNF629, NEURL3",0.7555394525040542
REACTOME_RESOLUTION_OF_SISTER_CHROMATID_COHESION,127,1,0.5787347870741482,1.1636451300530755,DYNC1I2,0.7569297812559861
STEARMAN_LUNG_CANCER_EARLY_VS_LATE_UP,127,1,0.5787347870741482,1.1636451300530755,CLK1,0.7569297812559861
RATTENBACHER_BOUND_BY_CELF1,445,3,0.5819251947179093,0.9947594364971406,"ATF1, GSN, ZCCHC10",0.7597004846602088
REACTOME_METABOLISM_OF_CARBOHYDRATES_AND_CARBOHYDRATE_DERIVATIVES,288,2,0.582298259735523,1.0250716113714513,"PGAM1, RPE",0.7597004846602088
KEGG_AXON_GUIDANCE,129,1,0.5844373467609117,1.1454235178969006,SLIT2,0.7597004846602088
PID_PDGFRB_PATHWAY,129,1,0.5844373467609117,1.1454235178969006,DOK1,0.7597004846602088
WP_EBOLA_VIRUS_INFECTION_IN_HOST,129,1,0.5844373467609117,1.1454235178969006,GSN,0.7597004846602088
PULVER_FOREY_PERTURB_ATTRITION_LG1,447,3,0.5849571897367755,0.9902440649117252,"DYNC1I2, GMPR2, PLSCR1",0.7597004846602088
REACTOME_RHO_GTPASE_CYCLE,448,3,0.5864679368711454,0.9880015994725889,"PDE5A, DOCK5, ARL13B",0.7597004846602088
SCHAEFFER_PROSTATE_DEVELOPMENT_48HR_UP,448,3,0.5864679368711454,0.9880015994725889,"GSN, ENDOD1, PLSCR1",0.7597004846602088
CHIARADONNA_NEOPLASTIC_TRANSFORMATION_KRAS_UP,130,1,0.5872596859636189,1.1365245910257626,PLSCR1,0.7597004846602088
GAL_LEUKEMIC_STEM_CELL_UP,130,1,0.5872596859636189,1.1365245910257626,SLIT2,0.7597004846602088
KOKKINAKIS_METHIONINE_DEPRIVATION_48HR_UP,130,1,0.5872596859636189,1.1365245910257626,IL1A,0.7597004846602088
MIKKELSEN_MEF_LCP_WITH_H3K4ME3,130,1,0.5872596859636189,1.1365245910257626,TNS2,0.7597004846602088
MOOTHA_MITOCHONDRIA,449,3,0.5879751741083603,0.9857691899322253,"CYP27B1, CYP11B1, TK2",0.7599352159456828
SENESE_HDAC1_TARGETS_UP,450,3,0.5894788944073872,0.9835467688013814,"IL1A, TMX1, CCL3",0.7611873563899383
HELLER_HDAC_TARGETS_DN,293,2,0.5916535888411962,1.007371256373379,"CLK1, OLR1",0.7612324203625879
IVANOVA_HEMATOPOIESIS_MATURE_CELL,293,2,0.5916535888411962,1.007371256373379,"TMX1, ENDOD1",0.7612324203625879
WANG_MLL_TARGETS,293,2,0.5916535888411962,1.007371256373379,"MMP13, SLIT2",0.7612324203625879
WANG_SMARCE1_TARGETS_UP,293,2,0.5916535888411962,1.007371256373379,"FKBP7, GSN",0.7612324203625879
REACTOME_RESPONSE_TO_ELEVATED_PLATELET_CYTOSOLIC_CA2,132,1,0.5928471334909605,1.119134321712436,ENDOD1,0.7620790162218941
TOYOTA_TARGETS_OF_MIR34B_AND_MIR34C,453,3,0.5939688855709818,0.9769387699720025,"CEP72, ARL13B, PRELID2",0.7621911749777147
MEBARKI_HCC_PROGENITOR_FZD8CRD_DN,454,3,0.5954584707741086,0.9747556395382391,"ODAM, NEURL3, C11orf86",0.7621911749777147
BYSTRYKH_HEMATOPOIESIS_STEM_CELL_QTL_CIS,133,1,0.5956124993501186,1.1106368037487155,CSRP1,0.7621911749777147
IVANOVA_HEMATOPOIESIS_INTERMEDIATE_PROGENITOR,133,1,0.5956124993501186,1.1106368037487155,PGAM1,0.7621911749777147
QI_HYPOXIA,133,1,0.5956124993501186,1.1106368037487155,PGAM1,0.7621911749777147
PICCALUGA_ANGIOIMMUNOBLASTIC_LYMPHOMA_DN,134,1,0.5983591301836817,1.1022670680075748,CLK1,0.7623649063155521
RASHI_RESPONSE_TO_IONIZING_RADIATION_5,134,1,0.5983591301836817,1.1022670680075748,DEAF1,0.7623649063155521
REACTOME_SIGNALING_BY_NTRKS,134,1,0.5983591301836817,1.1022670680075748,ATF1,0.7623649063155521
TSENG_IRS1_TARGETS_DN,134,1,0.5983591301836817,1.1022670680075748,TRAF3IP2,0.7623649063155521
CHARAFE_BREAST_CANCER_LUMINAL_VS_BASAL_DN,456,3,0.5984269854915472,0.9704182943054338,"IL1A, DOCK5, PLSCR1",0.7623649063155521
YEGNASUBRAMANIAN_PROSTATE_CANCER,135,1,0.6010871525992513,1.0940222536930402,CTAG2,0.7650688892206928
MCCABE_BOUND_BY_HOXC6,459,3,0.6028530285761,0.96398361437084,"MC5R, MAP3K15, NPIPB1P",0.7666307950525383
WP_MEASLES_VIRUS_INFECTION,136,1,0.6037966923510019,1.0858995847734616,IL1A,0.7671452617995319
ACEVEDO_LIVER_CANCER_WITH_H3K9ME3_UP,137,1,0.6064878743454193,1.0778963668651769,MMP13,0.767822282200651
BLANCO_MELO_BRONCHIAL_EPITHELIAL_CELLS_INFLUENZA_A_INFECTION_UP,137,1,0.6064878743454193,1.0778963668651769,CD83,0.767822282200651
PID_P53_DOWNSTREAM_PATHWAY,137,1,0.6064878743454193,1.0778963668651769,BCL2L14,0.767822282200651
ZHANG_BREAST_CANCER_PROGENITORS_DN,137,1,0.6064878743454193,1.0778963668651769,REXO4,0.767822282200651
WALLACE_PROSTATE_CANCER_RACE_UP,302,2,0.6080980600007228,0.9769974471840759,"BTN3A1, CD83",0.7691764794498032
RIEGE_DELTANP63_DIRECT_TARGETS_UP,138,1,0.6091608226470004,1.070009984252659,CYP27B1,0.7698364570396817
ODONNELL_TFRC_TARGETS_DN,139,1,0.6118156604839153,1.0622378970382202,TUBD1,0.7718206426140174
REACTOME_INTERLEUKIN_1_FAMILY_SIGNALING,139,1,0.6118156604839153,1.0622378970382202,IL1A,0.7718206426140174
REACTOME_DEGRADATION_OF_THE_EXTRACELLULAR_MATRIX,140,1,0.6144525102536291,1.054577638414753,MMP13,0.7724651863131745
REACTOME_RHO_GTPASES_ACTIVATE_FORMINS,140,1,0.6144525102536291,1.054577638414753,DYNC1I2,0.7724651863131745
WP_NEUROINFLAMMATION_AND_GLUTAMATERGIC_SIGNALING,140,1,0.6144525102536291,1.054577638414753,IL1A,0.7724651863131745
DELACROIX_RAR_BOUND_ES,467,3,0.6144979556616399,0.947231257987161,"ZNF219, CSN3, AGPAT1",0.7724651863131745
LINDGREN_BLADDER_CANCER_CLUSTER_2A_DN,141,1,0.6170714935284889,1.0470268120553516,GSN,0.7750156533901498
GROSS_HYPOXIA_VIA_ELK3_AND_HIF1A_UP,142,1,0.6196727310612715,1.0395830896140137,PGAM1,0.7762273735036878
PROVENZANI_METASTASIS_DN,142,1,0.6196727310612715,1.0395830896140137,SLC48A1,0.7762273735036878
WP_ECTODERM_DIFFERENTIATION,142,1,0.6196727310612715,1.0395830896140137,ZNF219,0.7762273735036878
LIU_SOX4_TARGETS_DN,309,2,0.6205372673228076,0.9546045954479897,"GMPR2, TMX1",0.7766266766933643
MANNE_COVID19_NONICU_VS_HEALTHY_DONOR_PLATELETS_UP,143,1,0.6222563427906951,1.0322442083319474,NRSN2,0.7774106898956621
RUIZ_TNC_TARGETS_DN,143,1,0.6222563427906951,1.0322442083319474,OLR1,0.7774106898956621
REACTOME_DISEASES_OF_GLYCOSYLATION,144,1,0.6248224478468929,1.025007968744312,DHDDS,0.777690198054933
WP_2Q37_COPY_NUMBER_VARIATION_SYNDROME,144,1,0.6248224478468929,1.025007968744312,HAMP,0.777690198054933
BROWNE_HCMV_INFECTION_30MIN_DN,145,1,0.6273711645568505,1.0178722324825116,LRRC17,0.777690198054933
KIM_ALL_DISORDERS_DURATION_CORR_DN,145,1,0.6273711645568505,1.0178722324825116,MAST3,0.777690198054933
REACTOME_CLATHRIN_MEDIATED_ENDOCYTOSIS,145,1,0.6273711645568505,1.0178722324825116,TOR1B,0.777690198054933
REACTOME_EPIGENETIC_REGULATION_OF_GENE_EXPRESSION,313,2,0.6275078690688248,0.9422612688097881,"SMARCD2, ZNF649",0.777690198054933
REACTOME_G_ALPHA_I_SIGNALLING_EVENTS,313,2,0.6275078690688248,0.9422612688097881,"OPN5, TAS2R41",0.777690198054933
CHANDRAN_METASTASIS_DN,314,2,0.6292349296533759,0.9392248895802758,"DYNC1I2, PDE5A",0.777690198054933
BROCKE_APOPTOSIS_REVERSED_BY_IL6,146,1,0.6299026104498067,1.0108349201674267,PLSCR1,0.777690198054933
BROWNE_HCMV_INFECTION_24HR_UP,146,1,0.6299026104498067,1.0108349201674267,CD83,0.777690198054933
MIKKELSEN_ES_LCP_WITH_H3K4ME3,146,1,0.6299026104498067,1.0108349201674267,TNS2,0.777690198054933
PUIFFE_INVASION_INHIBITED_BY_ASCITES_DN,146,1,0.6299026104498067,1.0108349201674267,ZCCHC10,0.777690198054933
VECCHI_GASTRIC_CANCER_ADVANCED_VS_EARLY_DN,146,1,0.6299026104498067,1.0108349201674267,ODAM,0.777690198054933
LIM_MAMMARY_STEM_CELL_UP,478,3,0.630131270806281,0.9251181475557565,"SLIT2, GSN, ZNF219",0.777690198054933
LEE_NEURAL_CREST_STEM_CELL_UP,147,1,0.6324169022626187,1.0038940093892288,GSN,0.7787975286631084
PODAR_RESPONSE_TO_ADAPHOSTIN_UP,147,1,0.6324169022626187,1.0038940093892288,CLK1,0.7787975286631084
BRUINS_UVC_RESPONSE_EARLY_LATE,316,2,0.6326703746553431,0.9332101511060586,"C8B, TUBD1",0.7787975286631084
ENK_UV_RESPONSE_KERATINOCYTE_DN,481,3,0.6343182628702287,0.9192639349795922,"CBX1, TMX1, PLSCR1",0.7795530364240544
DACOSTA_UV_RESPONSE_VIA_ERCC3_UP,318,2,0.636080951593208,0.9272715485612817,"CLK1, HEXIM2-AS1",0.7795530364240544
ZWANG_DOWN_BY_2ND_EGF_PULSE,318,2,0.636080951593208,0.9272715485612817,"TUBD1, BPIFA4P",0.7795530364240544
SPIELMAN_LYMPHOBLAST_EUROPEAN_VS_ASIAN_UP,483,3,0.6370912627184975,0.9154017808492678,"SMARCD2, DOK1, DEAF1",0.7795530364240544
NIKOLSKY_BREAST_CANCER_20Q12_Q13_AMPLICON,149,1,0.6373944866652652,0.9902935761027992,SYCP2,0.7795530364240544
RUTELLA_RESPONSE_TO_CSF2RB_AND_IL4_DN,319,2,0.6377769279096381,0.9243303479316239,"PLSCR1, CCL3",0.7795530364240544
WP_MIRTARGETED_GENES_IN_LYMPHOCYTES,484,3,0.6384722566814969,0.9134827479237413,"CEP72, DOCK5, CSRP1",0.7795530364240544
SHEN_SMARCA2_TARGETS_DN,320,2,0.6394667036801454,0.921407645418986,"ALPP, LILRA4",0.7795530364240544
BOSCO_ALLERGEN_INDUCED_TH2_ASSOCIATED_MODULE,150,1,0.6398580088146841,0.983630276570874,CD83,0.7795530364240544
TAKEDA_TARGETS_OF_NUP98_HOXA9_FUSION_10D_DN,150,1,0.6398580088146841,0.983630276570874,CCL3,0.7795530364240544
WP_REGULATION_OF_ACTIN_CYTOSKELETON,150,1,0.6398580088146841,0.983630276570874,GSN,0.7795530364240544
ZHANG_FH_DEFICIENT_RCC_TUMOR_VS_NORMAL_DN,150,1,0.6398580088146841,0.983630276570874,PNLIPRP1,0.7795530364240544
DARWICHE_SQUAMOUS_CELL_CARCINOMA_UP,151,1,0.6423048360136073,0.9770558210312045,PGAM1,0.7818646549592501
SMID_BREAST_CANCER_RELAPSE_IN_BONE_DN,323,2,0.644498887999047,0.9127487977872203,"ODAM, CSN3",0.7838648868569605
WILCOX_RESPONSE_TO_PROGESTERONE_UP,153,1,0.6471488562156926,0.964166427929361,ZCCHC10,0.7859730833165078
KEGG_PATHWAYS_IN_CANCER,325,2,0.6478227888532948,0.9070655912913637,"DAPK2, LAMA2",0.7859730833165078
CREIGHTON_ENDOCRINE_THERAPY_RESISTANCE_5,492,3,0.6493877902006415,0.8984130415132244,"SLC44A2, GSN, SYCP2",0.7859730833165078
BIDUS_METASTASIS_DN,154,1,0.6495462726494823,0.9578480979753808,DOK1,0.7859730833165078
GROSS_HYPOXIA_VIA_ELK3_DN,154,1,0.6495462726494823,0.9578480979753808,ATF1,0.7859730833165078
REACTOME_REPRODUCTION,154,1,0.6495462726494823,0.9578480979753808,SYCP2,0.7859730833165078
MEISSNER_NPC_HCP_WITH_H3K4ME2,493,3,0.6507356535836593,0.8965639270274681,"DAPK2, COMP, CSRP1",0.7867432753182219
KEGG_JAK_STAT_SIGNALING_PATHWAY,155,1,0.6519274410042335,0.9516118242532168,IL20,0.7868471149694862
WP_NONALCOHOLIC_FATTY_LIVER_DISEASE,155,1,0.6519274410042335,0.9516118242532168,IL1A,0.7868471149694862
REACTOME_ER_TO_GOLGI_ANTEROGRADE_TRANSPORT,156,1,0.6542924711209177,0.945456018577763,DYNC1I2,0.7870314339856854
WP_INTEGRATED_BREAST_CANCER_PATHWAY,156,1,0.6542924711209177,0.945456018577763,ATF1,0.7870314339856854
WP_MIRTARGETED_GENES_IN_LEUKOCYTES,156,1,0.6542924711209177,0.945456018577763,CSRP1,0.7870314339856854
WP_MYOMETRIAL_RELAXATION_AND_CONTRACTION_PATHWAYS,156,1,0.6542924711209177,0.945456018577763,ATF1,0.7870314339856854
REACTOME_G_ALPHA_S_SIGNALLING_EVENTS,157,1,0.6566414720998321,0.939379133486608,MC5R,0.7891898773632273
TONKS_TARGETS_OF_RUNX1_RUNX1T1_FUSION_ERYTHROCYTE_UP,158,1,0.6589745523055807,0.9333796609431333,OLR1,0.7913255594353091
REACTOME_REGULATION_OF_EXPRESSION_OF_SLITS_AND_ROBOS,159,1,0.6612918193720219,0.9274561310888626,SLIT2,0.792770226593418
SENGUPTA_EBNA1_ANTICORRELATED,159,1,0.6612918193720219,0.9274561310888626,ABHD15,0.792770226593418
ASTON_MAJOR_DEPRESSIVE_DISORDER_DN,161,1,0.665879340998153,0.9158312037463324,LILRA4,0.7975978975087306
GAVIN_FOXP3_TARGETS_CLUSTER_P3,162,1,0.6681498072159092,0.9101270468498432,CD80,0.7989724165279317
WINNEPENNINCKX_MELANOMA_METASTASIS_UP,162,1,0.6681498072159092,0.9101270468498432,C8orf33,0.7989724165279317
MIKKELSEN_MCV6_LCP_WITH_H3K4ME3,163,1,0.670404883620157,0.9044933116423308,TNS2,0.8009959272808426
AMIT_EGF_RESPONSE_480_HELA,164,1,0.6726446742641037,0.8989287020191102,ATOSB,0.8023247036695889
BROWNE_HCMV_INFECTION_6HR_DN,164,1,0.6726446742641037,0.8989287020191102,RPE,0.8023247036695889
BLUM_RESPONSE_TO_SALIRASIB_DN,341,2,0.6735318734088469,0.8640140447205594,"CBX1, PGAM1",0.8027100970358368
IBRAHIM_NRF1_DOWN,165,1,0.674869282499212,0.8934319534878057,PDE5A,0.8029590208999822
WP_CHEMOKINE_SIGNALING,165,1,0.674869282499212,0.8934319534878057,CCL3,0.8029590208999822
KIM_WT1_TARGETS_12HR_UP,166,1,0.6770788109799226,0.8880018322104011,ENDOD1,0.8049149106302673
IBRAHIM_NRF2_DOWN,167,1,0.6792733616683406,0.8826371340799166,PDE5A,0.8060306047358182
WHITFIELD_CELL_CYCLE_G2,167,1,0.6792733616683406,0.8826371340799166,TUBD1,0.8060306047358182
MIKKELSEN_NPC_HCP_WITH_H3K27ME3,345,2,0.6797166027287294,0.8538787316383748,"SLIT2, RPRML",0.8060306047358182
OISHI_CHOLANGIOMA_STEM_CELL_LIKE_UP,346,2,0.6812477909307122,0.8513817322668373,"NRSN2, HABP2",0.8060745386523265
CARRILLOREIXACH_MRS3_VS_LOWER_RISK_HEPATOBLASTOMA_DN,168,1,0.6814530358388958,0.877336683830258,SLIT2,0.8060745386523265
MCBRYAN_PUBERTAL_TGFB1_TARGETS_UP,168,1,0.6814530358388958,0.877336683830258,GSN,0.8060745386523265
JINESH_BLEBBISHIELD_TRANSFORMED_STEM_CELL_SPHERES_UP,169,1,0.6836179340829664,0.8720993341778562,OLR1,0.8071530905161924
CHIANG_LIVER_CANCER_SUBCLASS_CTNNB1_DN,170,1,0.6857681563134763,0.866923964993783,HABP2,0.8071530905161924
OHGUCHI_LIVER_HNF4A_TARGETS_DN,170,1,0.6857681563134763,0.866923964993783,C8B,0.8071530905161924
ONDER_CDH1_TARGETS_1_DN,170,1,0.6857681563134763,0.866923964993783,TMX1,0.8071530905161924
REACTOME_TOLL_LIKE_RECEPTOR_CASCADES,170,1,0.6857681563134763,0.866923964993783,ATF1,0.8071530905161924
SMID_BREAST_CANCER_LUMINAL_B_UP,170,1,0.6857681563134763,0.866923964993783,HEXIM2-AS1,0.8071530905161924
RICKMAN_METASTASIS_UP,350,2,0.6873128770119966,0.8415372404906464,"LAMA2, RPE",0.8083026644529514
IWANAGA_CARCINOGENESIS_BY_KRAS_UP,172,1,0.6900249690205857,0.8567548185241366,IBSP,0.8101530783137736
NAGASHIMA_NRG1_SIGNALING_UP,172,1,0.6900249690205857,0.8567548185241366,LRRC15,0.8101530783137736
GAUSSMANN_MLL_AF4_FUSION_TARGETS_C_UP,174,1,0.6942242598671875,0.8468207968249054,FKBP7,0.8130708821325167
KATSANOU_ELAVL1_TARGETS_UP,174,1,0.6942242598671875,0.8468207968249054,PDE5A,0.8130708821325167
MOREAUX_MULTIPLE_MYELOMA_BY_TACI_DN,174,1,0.6942242598671875,0.8468207968249054,ZCCHC10,0.8130708821325167
ANDERSEN_CHOLANGIOCARCINOMA_CLASS2,175,1,0.6963025772956046,0.8419394240921374,OLR1,0.814164804841122
MIKKELSEN_IPS_LCP_WITH_H3K4ME3,175,1,0.6963025772956046,0.8419394240921374,TNS2,0.814164804841122
PEREZ_TP63_TARGETS,357,2,0.6976987316483287,0.8248432009114204,"ZNF436, SLIT2",0.8150156044372774
CONCANNON_APOPTOSIS_BY_EPOXOMICIN_DN,176,1,0.698366804193912,0.8371138384755062,AGPAT1,0.8150156044372774
JIANG_MELANOMA_TRM1_CD8,177,1,0.700417035851947,0.8323430890582734,CLK1,0.8150156044372774
VERHAAK_GLIOBLASTOMA_PRONEURAL,177,1,0.700417035851947,0.8323430890582734,CBX1,0.8150156044372774
YAO_TEMPORAL_RESPONSE_TO_PROGESTERONE_CLUSTER_13,177,1,0.700417035851947,0.8323430890582734,CSRP1,0.8150156044372774
WANG_LMO4_TARGETS_DN,360,2,0.7020617547750408,0.8178884613566432,"FKBP7, TUBD1",0.8150156044372774
KEGG_CALCIUM_SIGNALING_PATHWAY,178,1,0.7024533669167614,0.8276262464133435,GRPR,0.8150156044372774
MARTORIATI_MDM4_TARGETS_NEUROEPITHELIUM_UP,178,1,0.7024533669167614,0.8276262464133435,PRELID2,0.8150156044372774
REACTOME_SEPARATION_OF_SISTER_CHROMATIDS,178,1,0.7024533669167614,0.8276262464133435,DYNC1I2,0.8150156044372774
BENPORATH_NOS_TARGETS,179,1,0.7044758913969439,0.8229624019996234,DHDDS,0.8150156044372774
BROWNE_HCMV_INFECTION_48HR_UP,179,1,0.7044758913969439,0.8229624019996234,TOR1B,0.8150156044372774
CHIANG_LIVER_CANCER_SUBCLASS_PROLIFERATION_UP,179,1,0.7044758913969439,0.8229624019996234,FDCSP,0.8150156044372774
MANNE_COVID19_COMBINED_COHORT_VS_HEALTHY_DONOR_PLATELETS_UP,179,1,0.7044758913969439,0.8229624019996234,NRSN2,0.8150156044372774
LEE_LIVER_CANCER_SURVIVAL_DN,180,1,0.7064847026669181,0.818350667578614,RPE,0.8166756554793051
JISON_SICKLE_CELL_DISEASE_UP,182,1,0.7104615559286829,0.8092800739086283,DOK1,0.8188914209424882
KYNG_DNA_DAMAGE_DN,182,1,0.7104615559286829,0.8092800739086283,AGPAT1,0.8188914209424882
WP_CILIOPATHIES,182,1,0.7104615559286829,0.8092800739086283,ARL13B,0.8188914209424882
DARWICHE_SQUAMOUS_CELL_CARCINOMA_DN,183,1,0.7124297815367537,0.8048195347127303,HAMP,0.8188914209424882
DOANE_RESPONSE_TO_ANDROGEN_UP,183,1,0.7124297815367537,0.8048195347127303,ENDOD1,0.8188914209424882
GAUSSMANN_MLL_AF4_FUSION_TARGETS_F_UP,183,1,0.7124297815367537,0.8048195347127303,PLSCR1,0.8188914209424882
LASTOWSKA_NEUROBLASTOMA_COPY_NUMBER_UP,183,1,0.7124297815367537,0.8048195347127303,TUBD1,0.8188914209424882
GINESTIER_BREAST_CANCER_20Q13_AMPLIFICATION_DN,184,1,0.7143846611755689,0.8004077445784064,DAPK2,0.8191534027823001
REACTOME_RAC1_GTPASE_CYCLE,184,1,0.7143846611755689,0.8004077445784064,DOCK5,0.8191534027823001
VERHAAK_AML_WITH_NPM1_MUTATED_UP,184,1,0.7143846611755689,0.8004077445784064,CCL3,0.8191534027823001
TONKS_TARGETS_OF_RUNX1_RUNX1T1_FUSION_HSC_UP,185,1,0.7163262851121603,0.7960439086840113,GSN,0.8200581687164957
WP_VITAMIN_D_RECEPTOR_PATHWAY,185,1,0.7163262851121603,0.7960439086840113,CYP27B1,0.8200581687164957
YAGI_AML_WITH_T_8_21_TRANSLOCATION,371,2,0.7176139499656182,0.7933552563261187,"TRAF3IP2, SMARCD2",0.8208719057886452
REACTOME_IMMUNOREGULATORY_INTERACTIONS_BETWEEN_A_LYMPHOID_AND_A_NON_LYMPHOID_CELL,187,1,0.7201701239059575,0.7874570057931198,LILRA4,0.8218140227090437
REACTOME_TRANSPORT_TO_THE_GOLGI_AND_SUBSEQUENT_MODIFICATION,187,1,0.7201701239059575,0.7874570057931198,DYNC1I2,0.8218140227090437
ZHONG_RESPONSE_TO_AZACITIDINE_AND_TSA_UP,187,1,0.7201701239059575,0.7874570057931198,ALPP,0.8218140227090437
KEGG_CHEMOKINE_SIGNALING_PATHWAY,188,1,0.7220725162686497,0.7832324332469335,CCL3,0.8233246719954235
BOYAULT_LIVER_CANCER_SUBCLASS_G3_UP,190,1,0.725838686207422,0.7749174015669245,TMX1,0.8253543363956856
SHEPARD_CRASH_AND_BURN_MUTANT_DN,190,1,0.725838686207422,0.7749174015669245,SLC44A2,0.8253543363956856
LINDGREN_BLADDER_CANCER_CLUSTER_1_DN,378,2,0.7271518562338625,0.7784906016289684,"CD80, SLC44A2",0.8253543363956856
JINESH_BLEBBISHIELD_VS_LIVE_CONTROL_UP,379,2,0.7284919581367876,0.7764121410059859,"ALPP, ZNF786",0.8253543363956856
IVANOVA_HEMATOPOIESIS_STEM_CELL,192,1,0.7295539485761271,0.7667765066737116,SLIT2,0.8253543363956856
WIERENGA_STAT5A_TARGETS_DN,192,1,0.7295539485761271,0.7667765066737116,LOXL3,0.8253543363956856
RICKMAN_TUMOR_DIFFERENTIATED_WELL_VS_POORLY_DN,381,2,0.7311554558900468,0.7722881241496095,"IL1A, KLK8",0.8253543363956856
WP_FATTY_ACID_AND_LIPOPROTEIN_TRANSPORT_IN_HEPATOCYTES,381,2,0.7311554558900468,0.7722881241496095,"LOXL3, OLR1",0.8253543363956856
ALONSO_METASTASIS_UP,193,1,0.731392704283176,0.7627696599676176,PDE5A,0.8253543363956856
FUJII_YBX1_TARGETS_DN,193,1,0.731392704283176,0.7627696599676176,CBX1,0.8253543363956856
REACTOME_CELLULAR_SENESCENCE,193,1,0.731392704283176,0.7627696599676176,IL1A,0.8253543363956856
TONKS_TARGETS_OF_RUNX1_RUNX1T1_FUSION_HSC_DN,193,1,0.731392704283176,0.7627696599676176,SLC48A1,0.8253543363956856
YAGI_AML_FAB_MARKERS,193,1,0.731392704283176,0.7627696599676176,DEAF1,0.8253543363956856
FLORIO_NEOCORTEX_BASAL_RADIAL_GLIA_UP,382,2,0.7324788793489656,0.770242394735219,"DOCK5, AXDND1",0.8254488578684341
REACTOME_CELL_SURFACE_INTERACTIONS_AT_THE_VASCULAR_WALL,194,1,0.7332189897728509,0.7588043349885019,OLR1,0.8254488578684341
STEIN_ESRRA_TARGETS_UP,383,2,0.7337967710495918,0.7682074040578403,"CYP27B1, DHDDS",0.8254488578684341
WANG_TUMOR_INVASIVENESS_UP,383,2,0.7337967710495918,0.7682074040578403,"LOXL3, LRRC17",0.8254488578684341
RAO_BOUND_BY_SALL4_ISOFORM_A,195,1,0.7350328894034512,0.7548798896478114,OR52P1,0.8261862572046691
GAUSSMANN_MLL_AF4_FUSION_TARGETS_A_UP,196,1,0.7368344869640535,0.7509956950280399,PRELID2,0.8269049486986183
RAMALHO_STEMNESS_UP,196,1,0.7368344869640535,0.7509956950280399,ZCCHC10,0.8269049486986183
HAN_SATB1_TARGETS_DN,386,2,0.7377173956614453,0.7621660254839508,"GSN, C8orf33",0.8272433837874206
SHEDDEN_LUNG_CANCER_GOOD_SURVIVAL_A4,198,1,0.7404011082084165,0.7433456061307221,TNS2,0.8292206017409681
FISCHER_G1_S_CELL_CYCLE,199,1,0.7421662966585668,0.7395785169002395,TNS2,0.8292206017409681
XU_GH1_AUTOCRINE_TARGETS_UP,199,1,0.7421662966585668,0.7395785169002395,CBX1,0.8292206017409681
YAMAZAKI_TCEB3_TARGETS_DN,199,1,0.7421662966585668,0.7395785169002395,CWF19L2,0.8292206017409681
EBAUER_TARGETS_OF_PAX3_FOXO1_FUSION_UP,200,1,0.7439195125790327,0.7358492878625451,DOK1,0.8292206017409681
KRIEG_KDM3A_TARGETS_NOT_HYPOXIA,200,1,0.7439195125790327,0.7358492878625451,RPE,0.8292206017409681
MCBRYAN_PUBERTAL_BREAST_4_5WK_DN,200,1,0.7439195125790327,0.7358492878625451,ANXA8L1,0.8292206017409681
WANG_RESPONSE_TO_GSK3_INHIBITOR_SB216763_UP,391,2,0.7441424514569335,0.7523041350085092,"TRAF3IP2, PLSCR1",0.8292206017409681
HOLLMANN_APOPTOSIS_VIA_CD40_UP,203,1,0.7491081324320804,0.7248831391053533,ENDOD1,0.8321474414136224
REACTOME_MUSCLE_CONTRACTION,203,1,0.7491081324320804,0.7248831391053533,PDE5A,0.8321474414136224
STARK_PREFRONTAL_CORTEX_22Q11_DELETION_UP,203,1,0.7491081324320804,0.7248831391053533,ENDOD1,0.8321474414136224
TONKS_TARGETS_OF_RUNX1_RUNX1T1_FUSION_MONOCYTE_UP,203,1,0.7491081324320804,0.7248831391053533,OLR1,0.8321474414136224
HSIAO_HOUSEKEEPING_GENES,396,2,0.7504324153677261,0.742692546320168,"PGAM1, AGPAT1",0.8327425533462908
SHEPARD_CRASH_AND_BURN_MUTANT_UP,204,1,0.7508142627851658,0.7212997834350255,CYP27B1,0.8327425533462908
WP_MIRTARGETED_GENES_IN_MUSCLE_CELL,397,2,0.751674357224745,0.7407994283454156,"DOCK5, CSRP1",0.833047204307486
REACTOME_SIGNALING_BY_ROBO_RECEPTORS,205,1,0.7525088201786386,0.7177515587022051,SLIT2,0.8332414979730476
REACTOME_M_PHASE,399,2,0.7541423077381184,0.7370418037505092,"DYNC1I2, CEP72",0.8332414979730476
LINSLEY_MIR16_TARGETS,206,1,0.7541918829158716,0.7142379507956178,DHDDS,0.8332414979730476
MANNE_COVID19_NONICU_VS_HEALTHY_DONOR_PLATELETS_DN,206,1,0.7541918829158716,0.7142379507956178,MSANTD3-TMEFF1,0.8332414979730476
OSMAN_BLADDER_CANCER_UP,402,2,0.7578046231077785,0.7314758223188561,"TMX1, PLSCR1",0.8365833814448167
BHAT_ESR1_TARGETS_NOT_VIA_AKT1_UP,211,1,0.7624374805823997,0.6971718552432697,IL20,0.8395735057518091
PICCALUGA_ANGIOIMMUNOBLASTIC_LYMPHOMA_UP,211,1,0.7624374805823997,0.6971718552432697,RPE,0.8395735057518091
MONNIER_POSTRADIATION_TUMOR_ESCAPE_UP,407,2,0.763803851219176,0.7223824287853333,"SLIT2, SLC48A1",0.8395735057518091
CAIRO_HEPATOBLASTOMA_UP,212,1,0.7640531904066007,0.6938556944949635,CBX1,0.8395735057518091
REACTOME_MRNA_SPLICING,212,1,0.7640531904066007,0.6938556944949635,CWF19L2,0.8395735057518091
SHEPARD_BMYB_MORPHOLINO_UP,212,1,0.7640531904066007,0.6938556944949635,PGAM1,0.8395735057518091
KEGG_REGULATION_OF_ACTIN_CYTOSKELETON,213,1,0.7656579390986715,0.6905708182816442,GSN,0.8406876908467666
LOCKWOOD_AMPLIFIED_IN_LUNG_CANCER,215,1,0.7688348492814598,0.6840931651869969,AGPAT1,0.8435250505223727
BLANCO_MELO_BETA_INTERFERON_TREATED_BRONCHIAL_EPITHELIAL_CELLS_DN,217,1,0.7719687985343835,0.6777354686297299,KLK8,0.8450089233187905
KIM_WT1_TARGETS_UP,217,1,0.7719687985343835,0.6777354686297299,CD83,0.8450089233187905
REACTOME_G_ALPHA_Q_SIGNALLING_EVENTS,217,1,0.7719687985343835,0.6777354686297299,GRPR,0.8450089233187905
REACTOME_LEISHMANIA_INFECTION,218,1,0.7735198442117996,0.6746005675618076,IL1A,0.8457905685023392
AMUNDSON_RESPONSE_TO_ARSENITE,219,1,0.7750603663577305,0.6714944270538068,CLK1,0.8457905685023392
GRAESSMANN_RESPONSE_TO_MC_AND_SERUM_DEPRIVATION_UP,219,1,0.7750603663577305,0.6714944270538068,DAPK2,0.8457905685023392
WANG_CISPLATIN_RESPONSE_AND_XPC_DN,219,1,0.7750603663577305,0.6714944270538068,BTN3A1,0.8457905685023392
REACTOME_TRANSCRIPTIONAL_REGULATION_BY_RUNX1,220,1,0.7765904361922179,0.6684166531254588,SMARCD2,0.8468108741007863
MOOTHA_PGC,419,2,0.7776786832870698,0.7014479976235928,"ATOSB, PGAM1",0.8471696305270032
RIGGINS_TAMOXIFEN_RESISTANCE_DN,221,1,0.7781101244545279,0.6653668589597732,CLK1,0.8471696305270032
BROWNE_HCMV_INFECTION_16HR_UP,222,1,0.7796195014063854,0.6623446647409713,PLSCR1,0.8481640294352343
REACTOME_MITOTIC_METAPHASE_AND_ANAPHASE,223,1,0.7811186368351914,0.6593496974968023,DYNC1I2,0.8484975726843339
VANTVEER_BREAST_CANCER_ESR1_DN,223,1,0.7811186368351914,0.6593496974968023,PLSCR1,0.8484975726843339
JIANG_MELANOMA_TRM3_CD8,424,2,0.78324659454503065,0.6930767055396169,"PGAM1, CCL3",0.8500559830009966
THUM_SYSTOLIC_HEART_FAILURE_DN,225,1,0.7840864599207727,0.6534399853444527,DOCK5,0.8500559830009966
PUJANA_BRCA2_PCC_NETWORK,425,2,0.784345401040273,0.6914261954690164,"CBX1, SYCP2",0.8500559830009966
DUTERTRE_ESTRADIOL_RESPONSE_6HR_UP,228,1,0.7884631008904134,0.6447706719205408,ENDOD1,0.8532190057544169
RAO_BOUND_BY_SALL4,228,1,0.7884631008904134,0.6447706719205408,CWF19L2,0.8532190057544169
KONDO_EZH2_TARGETS,229,1,0.7899022265539102,0.6419315985179935,DNAJB8-AS1,0.8541267996855731
BOCHKIS_FOXA2_TARGETS,431,2,0.7908361186033346,0.6816847234429751,"C8B, HABP2",0.8544873172152962
DELYS_THYROID_CANCER_DN,233,1,0.7955617277720411,0.6308200526122434,LAMA2,0.858676912618216
ODONNELL_TFRC_TARGETS_UP,436,2,0.796113039488647,0.6737725831441201,"DAPK2, PRELID2",0.858676912618216
BROWNE_HCMV_INFECTION_20HR_UP,235,1,0.7983341921250173,0.6254067353745636,SMARCD2,0.858676912618216
GAL_LEUKEMIC_STEM_CELL_DN,235,1,0.7983341921250173,0.6254067353745636,ALPP,0.858676912618216
HOSHIDA_LIVER_CANCER_SUBCLASS_S1,235,1,0.7983341921250173,0.6254067353745636,CCL3,0.858676912618216
JAATINEN_HEMATOPOIETIC_STEM_CELL_DN,235,1,0.7983341921250173,0.6254067353745636,CCL3,0.858676912618216
WP_PLEURAL_MESOTHELIOMA,439,2,0.7992224650652744,0.6691122057684991,"CD274, LAMA2",0.8588544190081566
AGUIRRE_PANCREATIC_CANCER_COPY_NUMBER_DN,236,1,0.79970632831047606,0.6227346298441017,SLC48A1,0.8588544190081566
LEE_RECENT_THYMIC_EMIGRANT,238,1,0.8024227260655299,0.6174580670237307,PLSCR1,0.8611218244277896
MARTORIATI_MDM4_TARGETS_FETAL_LIVER_UP,239,1,0.8037671132975176,0.6148530412612182,PRELID2,0.8619145457591315
DOANE_RESPONSE_TO_ANDROGEN_DN,242,1,0.8077457735057125,0.6071676747986638,PLSCR1,0.8648775287423844
KAYO_AGING_MUSCLE_UP,242,1,0.8077457735057125,0.6071676747986638,CD83,0.8648775287423844
CHARAFE_BREAST_CANCER_LUMINAL_VS_MESENCHYMAL_UP,451,2,0.8112441371879784,0.6510934638405195,"SLC44A2, SYCP2",0.8677455771378075
WP_MAPK_SIGNALING,245,1,0.8116439656854686,0.5996712927553539,IL1A,0.8677455771378075
FULCHER_INFLAMMATORY_RESPONSE_LECTIN_VS_LPS_DN,454,2,0.814147668018671,0.6467382701325279,"HAMP, TOR1B",0.8691710250751947
REACTOME_SLC_MEDIATED_TRANSMEMBRANE_TRANSPORT,247,1,0.8141988590479513,0.5947752817178894,SLC44A2,0.8691710250751947
YAUCH_HEDGEHOG_SIGNALING_PARACRINE_DN,249,1,0.8167191839474003,0.5899582385995759,MMP13,0.8712079450953153
HELLER_HDAC_TARGETS_SILENCED_BY_METHYLATION_UP,458,2,0.8179570369954937,0.6410204865797259,"GSN, ALPP",0.871232313732579
MITSIADES_RESPONSE_TO_APLIDIN_DN,250,1,0.8179665292668487,0.5875787353721613,PGAM1,0.871232313732579
MASSARWEH_TAMOXIFEN_RESISTANCE_DN,255,1,0.8240773820516847,0.5759622629205577,IL20,0.8770846033354879
PULVER_FOREY_CELLCYCLE_PEAKING_EG1,468,2,0.8271766336744876,0.6271554749579253,"ATOSB, ABHD15",0.8792018887667058
JAEGER_METASTASIS_DN,258,1,0.8276452242780179,0.5692093408006346,KLK8,0.8792018887667058
GAZDA_DIAMOND_BLACKFAN_ANEMIA_ERYTHROID_DN,470,2,0.8289694657897004,0.6244535752568802,"GSN, ENDOD1",0.8792018887667058
BERGER_PLATELET_HYPERREACTIVITY_PRESS_DOWN,260,1,0.8299835957777114,0.5647943029144278,CLK1,0.8792018887667058
RICKMAN_METASTASIS_DN,260,1,0.8299835957777114,0.5647943029144278,PGAM1,0.8792018887667058
KAAB_HEART_ATRIUM_VS_VENTRICLE_DN,261,1,0.8311408874709647,0.5626122553434961,LAMA2,0.8792018887667058
REACTOME_PLATELET_ACTIVATION_SIGNALING_AND_AGGREGATION,261,1,0.8311408874709647,0.5626122553434961,ENDOD1,0.8792018887667058
WP_ALZHEIMERS_DISEASE,261,1,0.8311408874709647,0.5626122553434961,IL1A,0.8792018887667058
CREIGHTON_ENDOCRINE_THERAPY_RESISTANCE_2,473,2,0.8316273663246564,0.62044374958567,"KIF6, AKAP14",0.8792018887667058
FOSTER_KDM1A_TARGETS_UP,264,1,0.8345658282132152,0.5561656737356384,C8B,0.8815342663582735
HOSHIDA_LIVER_CANCER_SUBCLASS_S3,265,1,0.8356920065476535,0.5540493716923418,C8B,0.8815342663582735
RAY_TUMORIGENESIS_BY_ERBB2_CDC25A_DN,265,1,0.8356920065476535,0.5540493716923418,DHDDS,0.8815342663582735
SWEET_LUNG_CANCER_KRAS_UP,480,2,0.8376850050801434,0.6112832273399383,"IBSP, IGKV2D-29",0.8819247464275344
KEGG_MAPK_SIGNALING_PATHWAY,267,1,0.8379214737667087,0.5498645037416081,IL1A,0.8819247464275344
LIN_ENDOMETRIAL_CANCER_MITOCHONDRIAL_SIGNATURE,267,1,0.8379214737667087,0.5498645037416081,MT-TT,0.8819247464275344
MARTINEZ_RESPONSE_TO_TRABECTEDIN_DN,272,1,0.8433640127616594,0.539672574412567,ATF1,0.8869970363339552
ACEVEDO_LIVER_TUMOR_VS_NORMAL_ADJACENT_TISSUE_DN,274,1,0.8454896353941082,0.5357003352884816,HAMP,0.8879201115614878
KUMAR_PATHOGEN_LOAD_BY_MACROPHAGES,274,1,0.8454896353941082,0.5357003352884816,KIF6,0.8879201115614878
BOYLAN_MULTIPLE_MYELOMA_C_D_DN,275,1,0.846541632188374,0.5337359615608585,PLSCR1,0.8883692792065312
FORTSCHEGGER_PHF8_TARGETS_UP,276,1,0.8475864843841472,0.5317858741874861,TRAPPC3L,0.8888102927624476
REACTOME_CELL_CYCLE_CHECKPOINTS,278,1,0.8496549482530298,0.5279279396000665,DYNC1I2,0.8903232631546845
BHAT_ESR1_TARGETS_VIA_AKT1_UP,281,1,0.8527052589838855,0.522244375251592,IL20,0.8923289785159767
RODWELL_AGING_KIDNEY_UP,499,2,0.85314649207559,0.587719699429556,"COMP, DOK1",0.8923289785159767
HUTTMANN_B_CLL_POOR_SURVIVAL_UP,283,1,0.8547044256621759,0.5185225139636883,CCL3,0.8923289785159767
REACTOME_CHROMATIN_ORGANIZATION,283,1,0.8547044256621759,0.5185225139636883,SMARCD2,0.8923289785159767
REACTOME_PROCESSING_OF_CAPPED_INTRON_CONTAINING_PRE_MRNA,283,1,0.8547044256621759,0.5185225139636883,CWF19L2,0.8923289785159767
JINESH_BLEBBISHIELD_VS_LIVE_CONTROL_DN,287,1,0.8586219263987803,0.5112349533985752,HNRNPA1P12,0.8957617311330384
GABRIELY_MIR21_TARGETS,289,1,0.8605409865745185,0.5076670852045695,OLR1,0.8967822516648912
ACEVEDO_LIVER_CANCER_WITH_H3K27ME3_UP,290,1,0.8614907505452609,0.5059016694544318,ENDOD1,0.8967822516648912
BENPORATH_OCT4_TARGETS,290,1,0.8614907505452609,0.5059016694544318,DHDDS,0.8967822516648912
BASAKI_YBX1_TARGETS_UP,294,1,0.865225722582015,0.49896051264738556,UCA1,0.9000118444694498
BLANCO_MELO_MERS_COV_INFECTION_MCR5_CELLS_UP,296,1,0.867055363157586,0.49556052227858105,AXDND1,0.9005983808563832
PURBEY_TARGETS_OF_CTBP1_NOT_SATB1_UP,296,1,0.867055363157586,0.49556052227858105,KLK8,0.9005983808563832
MUELLER_PLURINET,299,1,0.8697534729891875,0.49054610695204826,PLSCR1,0.9020839592300391
SABATES_COLORECTAL_ADENOMA_DN,299,1,0.8697534729891875,0.49054610695204826,FDCSP,0.9020839592300391
SENGUPTA_NASOPHARYNGEAL_CARCINOMA_UP,302,1,0.8723969605310947,0.4856316467474607,CD274,0.9041666968942081
REACTOME_INTRACELLULAR_SIGNALING_BY_SECOND_MESSENGERS,303,1,0.8732661760550953,0.4840151907417959,CD80,0.9044088562783119
HORIUCHI_WTAP_TARGETS_UP,304,1,0.8741294854825128,0.48240940441264674,ENDOD1,0.9046445511575387
CREIGHTON_ENDOCRINE_THERAPY_RESISTANCE_4,307,1,0.8766843761264893,0.4776550174375849,IL20,0.906629263973833
FISCHER_DIRECT_P53_TARGETS_META_ANALYSIS,311,1,0.8800106093581073,0.47145897763665484,ZNF219,0.909408204151479
HELLER_HDAC_TARGETS_UP,314,1,0.8824464183577594,0.4669158749702739,GSN,0.9112636090878748
HORIUCHI_WTAP_TARGETS_DN,319,1,0.8863969822657319,0.4595345236764157,LRRC17,0.9140165983798091
REACTOME_RHO_GTPASE_EFFECTORS,319,1,0.8863969822657319,0.4595345236764157,DYNC1I2,0.9140165983798091
TORCHIA_TARGETS_OF_EWSR1_FLI1_FUSION_DN,320,1,0.8871710583741507,0.4580860202561461,PDE5A,0.9141523650010257
GRESHOCK_CANCER_COPY_NUMBER_UP,322,1,0.8887034626864809,0.4552160882456782,ATF1,0.9150687607835473
WP_ALZHEIMERS_DISEASE_AND_MIRNA_EFFECTS,326,1,0.8917062700108546,0.4495821909443015,IL1A,0.9169300936900985
FARMER_BREAST_CANCER_APOCRINE_VS_BASAL,327,1,0.8924442584404684,0.4481953189857423,PLSCR1,0.9169300936900985
FARMER_BREAST_CANCER_BASAL_VS_LULMINAL,327,1,0.8924442584404684,0.4481953189857423,LRRC17,0.9169300936900985
MULLIGHAN_NPM1_SIGNATURE_3_UP,335,1,0.8981703996077297,0.4373993097252249,LAMA2,0.9221475314875897
YAGI_AML_WITH_11Q23_REARRANGED,343,1,0.9035924183648707,0.42710837691759157,CBX1,0.9270454299446367
MEISSNER_NPC_HCP_WITH_H3K4ME2_AND_H3K27ME3,350,1,0.9080998978914443,0.41849082644763996,RPRML,0.9309986705327992
COLINA_TARGETS_OF_4EBP1_AND_4EBP2,356,1,0.9117957453203056,0.41137484513208805,PLSCR1,0.9341147196478005
REACTOME_TRANSCRIPTIONAL_REGULATION_BY_TP53,359,1,0.913587690961114,0.4079063011661919,BCL2L14,0.9352075688489168
SENGUPTA_NASOPHARYNGEAL_CARCINOMA_DN,360,1,0.9141768996970084,0.4067630020872771,AKAP14,0.9352075688489168
WP_ADHD_AND_AUTISM_ASD_PATHWAYS,366,1,0.9176289405772764,0.4000347653151049,NGLY1,0.9378616953495045
SANSOM_APC_TARGETS_DN,367,1,0.9181906616288791,0.3989348395402705,CYP27B1,0.9378616953495045
WANG_LMO4_TARGETS_UP,368,1,0.9187485617127261,0.3978409079113065,RPE,0.9378616953495045
HATADA_METHYLATED_IN_LUNG_CANCER_UP,377,1,0.9236019392933004,0.3882573685855832,SLIT2,0.9421401861034886
BENPORATH_ES_1,379,1,0.9246405695571176,0.3861896678605695,TMX1,0.9425240189683225
CHARAFE_BREAST_CANCER_LUMINAL_VS_BASAL_UP,382,1,0.9261721654102727,0.38312881954295525,SYCP2,0.9429130478882419
JINESH_BLEBBISHIELD_TO_IMMUNE_CELL_FUSION_PBSHMS_DN,384,1,0.9271759398641186,0.3811148932345834,FTH1P8,0.9429130478882419
MULLIGHAN_MLL_SIGNATURE_1_UP,384,1,0.9271759398641186,0.3811148932345834,TK2,0.9429130478882419
WANG_SMARCE1_TARGETS_DN,385,1,0.9276727105014326,0.3801157969799876,CLK4,0.9429130478882419
TARTE_PLASMA_CELL_VS_PLASMABLAST_UP,397,1,0.9333767535880155,0.36852022529533773,CSN3,0.9480336333731236
LU_EZH2_TARGETS_DN,399,1,0.9342828072659395,0.36665561075264896,ALPP,0.9482770575887531
KUMAR_TARGETS_OF_MLL_AF9_FUSION,404,1,0.9364945304438274,0.3620750440095537,CD83,0.9498444168364693
MOHANKUMAR_HOXA1_TARGETS_UP,409,1,0.9386319998076933,0.35760674605848297,KLK4,0.9513342847053757
LIM_MAMMARY_STEM_CELL_DN,415,1,0.9411024435386288,0.3523872559872284,TK2,0.9531592719967751
MULLIGHAN_MLL_SIGNATURE_2_UP,419,1,0.9426940411990601,0.3489908413949018,TK2,0.9540921910570856
SATO_SILENCED_BY_METHYLATION_IN_PANCREATIC_CANCER_1,422,1,0.9438595200391005,0.3464858847891419,CCL3,0.954592819485174
HAN_SATB1_TARGETS_UP,424,1,0.9446233403501094,0.34483565332927935,TOR1B,0.9546867992316803
THUM_SYSTOLIC_HEART_FAILURE_UP,429,1,0.9464878453795453,0.3407775490963901,GSN,0.9549583220453288
JOHNSTONE_PARVB_TARGETS_3_UP,432,1,0.947576353287424,0.338387881220701,GSN,0.9549583220453288
OSMAN_BLADDER_CANCER_DN,432,1,0.947576353287424,0.338387881220701,TUBD1,0.9549583220453288
ZHANG_BREAST_CANCER_PROGENITORS_UP,432,1,0.947576353287424,0.338387881220701,RPE,0.9549583220453288
BAELDE_DIABETIC_NEPHROPATHY_DN,436,1,0.9489934174912733,0.3352529299535975,PLSCR1,0.9557095775584444
GARY_CD5_TARGETS_DN,439,1,0.9500310834345793,0.33293929297371944,ZCCHC10,0.9560779573744033
GRYDER_PAX3FOXO1_TOP_ENHANCERS,441,1,0.9507111355299378,0.33141439587324417,CSRP1,0.9560861808191529
IVANOVA_HEMATOPOIESIS_EARLY_PROGENITOR,444,1,0.9517139426975556,0.32915286676471645,CSRP1,0.9564187432617385
REACTOME_DISEASES_OF_SIGNAL_TRANSDUCTION_BY_GROWTH_FACTOR_RECEPTORS_AND_SECOND_MESSENGERS,454,1,0.9549119452916974,0.3218307710478885,CD80,0.9589553268525655
CHARAFE_BREAST_CANCER_LUMINAL_VS_MESENCHYMAL_DN,464,1,0.9578986436378871,0.3148249645611551,SLIT2,0.9608872544120449
SCHAEFFER_PROSTATE_DEVELOPMENT_6HR_DN,465,1,0.9581862361283848,0.31414099250535515,CSRP1,0.9608872544120449
LIU_PROSTATE_CANCER_DN,494,1,0.9657256794336835,0.295512812391178,CSRP1,0.9666392240345977
ZHENG_BOUND_BY_FOXP3,494,1,0.9657256794336835,0.295512812391178,ZNF595,0.9666392240345977
FIGAROL_EGFR_TKI_DRUG_TOLERANT_CELL_DN,495,1,0.9659599273205888,0.2949094705249313,PGAM1,0.9666392240345977
PILON_KLF1_TARGETS_UP,499,1,0.9668810576743139,0.29252033365685925,SLC44A2,0.9668810576743139
