pathway,pathway_size,overlap,pval,odds_ratio,gene_list,fdr
GOBP_BIOMINERAL_TISSUE_DEVELOPMENT,181,9,4.637978055492593e-6,7.824707678263831,"IBSP, COMP, ODAM, CYP27B1, MMP13, KLK4, SP7, AMTN, CCL3",0.00559803951297956
GOBP_BONE_MINERALIZATION,127,5,0.0018022064085523415,6.071038123769691,"IBSP, COMP, CYP27B1, MMP13, CCL3",0.6197220751445116
GOBP_POSITIVE_REGULATION_OF_INTERLEUKIN_2_PRODUCTION,37,3,0.0020225797057878926,13.023708506624512,"CD83, IL1A, CD80",0.6197220751445116
GOBP_REGULATION_OF_CD4_POSITIVE_ALPHA_BETA_T_CELL_ACTIVATION,85,4,0.00273026606640308,7.301695326901729,"CD83, LOXL3, CD274, CD80",0.6197220751445116
GOBP_ESTABLISHMENT_OF_LYMPHOCYTE_POLARITY,16,2,0.0051619745812487424,21.039618131657917,"TRAF3IP2, GSN",0.6197220751445116
GOBP_REGULATION_OF_BIOMINERAL_TISSUE_DEVELOPMENT,103,4,0.005421871524979384,5.9722543601680655,"COMP, CYP27B1, AMTN, CCL3",0.6197220751445116
GOBP_ECTOPIC_GERM_CELL_PROGRAMMED_CELL_DEATH,18,2,0.006522956941619752,18.409030151235662,"IL1A, SYCP2",0.6197220751445116
GOBP_EOSINOPHIL_CHEMOTAXIS,21,2,0.008834018534650922,15.50153803381036,"DAPK2, CCL3",0.6197220751445116
GOBP_GROWTH_PLATE_CARTILAGE_DEVELOPMENT,21,2,0.008834018534650922,15.50153803381036,"COMP, MMP13",0.6197220751445116
GOBP_POSITIVE_REGULATION_OF_KERATINOCYTE_DIFFERENTIATION,21,2,0.008834018534650922,15.50153803381036,"CYP27B1, IL20",0.6197220751445116
GOBP_REGULATION_OF_CD4_POSITIVE_ALPHA_BETA_T_CELL_DIFFERENTIATION,64,3,0.009481603097200881,7.255729037482058,"CD83, LOXL3, CD80",0.6197220751445116
GOBP_REGULATION_OF_LEUKOCYTE_DIFFERENTIATION,345,7,0.009664896121721563,3.0721344242044286,"SMARCD2, CD83, LOXL3, CD80, LRRC17, IL20, CCL3",0.6197220751445116
GOBP_PODOSOME_ASSEMBLY,22,2,0.009674202361349624,14.726206777836287,"DOCK5, GSN",0.6197220751445116
GOBP_REGULATION_OF_ALPHA_BETA_T_CELL_ACTIVATION,123,4,0.010023737753338523,4.966794795357846,"CD83, LOXL3, CD274, CD80",0.6197220751445116
GOBP_IRON_ION_TRANSMEMBRANE_TRANSPORT,23,2,0.0105484582076303,14.024716584912566,"HAMP, SLC48A1",0.6197220751445116
GOBP_EXTERNAL_ENCAPSULATING_STRUCTURE_ORGANIZATION,352,7,0.010705923243473523,3.009435208356229,"IBSP, COMP, LOXL3, MMP13, GSN, KLK4, LAMA2",0.6197220751445116
GOBP_INTERLEUKIN_2_PRODUCTION,67,3,0.010741155192603002,6.915258015176259,"CD83, IL1A, CD80",0.6197220751445116
GOBP_HOST_MEDIATED_SUPPRESSION_OF_SYMBIONT_INVASION,24,2,0.011456288126849864,13.386998220333307,"GSN, LRRC15",0.6197220751445116
GOBP_REGULATION_OF_INTEGRIN_MEDIATED_SIGNALING_PATHWAY,24,2,0.011456288126849864,13.386998220333307,"LOXL3, LAMA2",0.6197220751445116
GOBP_NEGATIVE_REGULATION_OF_ADAPTIVE_IMMUNE_RESPONSE,69,3,0.011632019175964882,6.705472839151483,"LOXL3, CD274, CD80",0.6197220751445116
GOBP_EOSINOPHIL_MIGRATION,25,2,0.012397199326460157,12.804733620452083,"DAPK2, CCL3",0.6197220751445116
GOBP_PROGRAMMED_CELL_DEATH_INVOLVED_IN_CELL_DEVELOPMENT,25,2,0.012397199326460157,12.804733620452083,"IL1A, SYCP2",0.6197220751445116
GOBP_ODONTOGENESIS,131,4,0.012406216837383681,4.6532814174581345,"ODAM, KLK4, SP7, AMTN",0.6197220751445116
GOBP_CD4_POSITIVE_ALPHA_BETA_T_CELL_ACTIVATION,134,4,0.013385090625440852,4.5456619211949265,"CD83, LOXL3, CD274, CD80",0.6197220751445116
GOBP_EXTRACELLULAR_MATRIX_DISASSEMBLY,74,3,0.014040462590045658,6.232717511040618,"MMP13, GSN, KLK4",0.6197220751445116
GOBP_REGULATION_OF_OSTEOCLAST_DIFFERENTIATION,74,3,0.014040462590045658,6.232717511040618,"LRRC17, IL20, CCL3",0.6197220751445116
GOBP_AMELOGENESIS,27,2,0.014376319887362324,11.77994791043787,"KLK4, AMTN",0.6197220751445116
GOBP_VASCULAR_ASSOCIATED_SMOOTH_MUSCLE_CONTRACTION,27,2,0.014376319887362324,11.77994791043787,"COMP, DOCK5",0.6197220751445116
GOBP_PLATELET_AGGREGATION,78,3,0.016155665604474744,5.899897758506879,"COMP, TMX1, CSRP1",0.6530310598878722
GOBP_PLATELET_ACTIVATION,142,4,0.01623109510906062,4.2815522391202006,"COMP, TMX1, CSRP1, PLSCR1",0.6530310598878722
GOBP_REGULATION_OF_ALPHA_BETA_T_CELL_DIFFERENTIATION,82,3,0.018439912817625387,5.60078127096418,"CD83, LOXL3, CD80",0.6578472194000219
GOBP_REGULATION_OF_BONE_MINERALIZATION,82,3,0.018439912817625387,5.60078127096418,"COMP, CYP27B1, CCL3",0.6578472194000219
GOBP_NEUTROPHIL_CHEMOTAXIS,83,3,0.01903750113107661,5.530675844047327,"DAPK2, SLIT2, CCL3",0.6578472194000219
GOBP_NEGATIVE_REGULATION_OF_T_CELL_MEDIATED_IMMUNITY,33,2,0.02105794414217798,9.498973200445441,"CD274, CD80",0.6578472194000219
GOBP_REGULATION_OF_NEUTROPHIL_CHEMOTAXIS,33,2,0.02105794414217798,9.498973200445441,"DAPK2, SLIT2",0.6578472194000219
GOBP_BONE_GROWTH,34,2,0.022275238821392235,9.201971278469205,"COMP, MMP13",0.6578472194000219
GOBP_NEGATIVE_REGULATION_OF_OSTEOCLAST_DIFFERENTIATION,34,2,0.022275238821392235,9.201971278469205,"LRRC17, CCL3",0.6578472194000219
GOBP_TOOTH_MINERALIZATION,34,2,0.022275238821392235,9.201971278469205,"SP7, AMTN",0.6578472194000219
GOBP_ODONTOGENESIS_OF_DENTIN_CONTAINING_TOOTH,89,3,0.02284647740264036,5.1442808156062885,"ODAM, KLK4, AMTN",0.6578472194000219
GOBP_CARTILAGE_DEVELOPMENT_INVOLVED_IN_ENDOCHONDRAL_BONE_MORPHOGENESIS,35,2,0.023520960250311425,8.922969471588443,"COMP, MMP13",0.6578472194000219
GOBP_POSITIVE_REGULATION_OF_EPIDERMIS_DEVELOPMENT,35,2,0.023520960250311425,8.922969471588443,"CYP27B1, IL20",0.6578472194000219
GOBP_T_CELL_DIFFERENTIATION,327,6,0.02484222052915803,2.7664031683892465,"TRAF3IP2, SMARCD2, CD83, IL1A, LOXL3, CD80",0.6578472194000219
GOBP_NEGATIVE_REGULATION_OF_CD4_POSITIVE_ALPHA_BETA_T_CELL_ACTIVATION,37,2,0.026095931599149056,8.412794735529282,"LOXL3, CD274",0.6578472194000219
GOBP_POSITIVE_REGULATION_OF_CD4_POSITIVE_ALPHA_BETA_T_CELL_DIFFERENTIATION,39,2,0.02877940061031099,7.957774021197028,"CD83, CD80",0.6578472194000219
GOBP_LEUKOCYTE_CELL_CELL_ADHESION,434,7,0.029594364030045436,2.4280462925949067,"SMARCD2, CD83, IL1A, LOXL3, CD274, CD80, OLR1",0.6578472194000219
GOBP_REGULATION_OF_KERATINOCYTE_DIFFERENTIATION,41,2,0.0315679822692355,7.549422095033464,"CYP27B1, IL20",0.6578472194000219
GOBP_REGULATION_OF_HEMOPOIESIS,446,7,0.03354380026791064,2.3611828525398466,"SMARCD2, CD83, LOXL3, CD80, LRRC17, IL20, CCL3",0.6578472194000219
GOBP_POSITIVE_REGULATION_OF_INTERLEUKIN_10_PRODUCTION,43,2,0.03445836280392056,7.180909378706052,"CD83, CD274",0.6578472194000219
GOBP_HOMOTYPIC_CELL_CELL_ADHESION,105,3,0.03487210842205562,4.336134345334775,"COMP, TMX1, CSRP1",0.6578472194000219
GOBP_NEUTROPHIL_MIGRATION,106,3,0.035713143505410966,4.293961653111709,"DAPK2, SLIT2, CCL3",0.6578472194000219
GOBP_OSSIFICATION,456,7,0.03709162636826896,2.308193452183584,"IBSP, COMP, CYP27B1, LRRC17, MMP13, SP7, CCL3",0.6578472194000219
GOBP_CD4_POSITIVE_ALPHA_BETA_T_CELL_DIFFERENTIATION,108,3,0.037426382519708645,4.2120261367340595,"CD83, LOXL3, CD80",0.6578472194000219
GOBP_POSITIVE_REGULATION_OF_T_CELL_PROLIFERATION,108,3,0.037426382519708645,4.2120261367340595,"IL1A, CD274, CD80",0.6578472194000219
GOBP_REGULATION_OF_NEUTROPHIL_MIGRATION,45,2,0.03744729838597546,6.846676913031723,"DAPK2, SLIT2",0.6578472194000219
GOBP_REGULATION_OF_SIGNALING_RECEPTOR_ACTIVITY,45,2,0.03744729838597546,6.846676913031723,"IL20, TAFA1",0.6578472194000219
GOBP_ACUTE_PHASE_RESPONSE,47,2,0.04053161385362247,6.542153998181849,"IL1A, PLSCR1",0.6578472194000219
GOBP_POSITIVE_REGULATION_OF_CD4_POSITIVE_ALPHA_BETA_T_CELL_ACTIVATION,48,2,0.04210856527313091,6.399822635257073,"CD83, CD80",0.6578472194000219
GOBP_OSTEOCLAST_DIFFERENTIATION,116,3,0.04469068039861637,3.9132877931802468,"LRRC17, IL20, CCL3",0.6578472194000219
GOBP_POSITIVE_REGULATION_OF_PROTEASOMAL_PROTEIN_CATABOLIC_PROCESS,116,3,0.04469068039861637,3.9132877931802468,"HAMP, TMX1, NEURL3",0.6578472194000219
GOBP_LYMPHOCYTE_COSTIMULATION,50,2,0.045330144264821716,6.132951328829976,"CD274, CD80",0.6578472194000219
GOBP_NEGATIVE_REGULATION_OF_ALPHA_BETA_T_CELL_ACTIVATION,50,2,0.045330144264821716,6.132951328829976,"LOXL3, CD274",0.6578472194000219
GOBP_REGULATION_OF_T_HELPER_CELL_DIFFERENTIATION,50,2,0.045330144264821716,6.132951328829976,"LOXL3, CD80",0.6578472194000219
GOBP_POSITIVE_REGULATION_OF_LEUKOCYTE_CELL_CELL_ADHESION,285,5,0.045654829593887905,2.6380036388461203,"SMARCD2, CD83, IL1A, CD274, CD80",0.6578472194000219
GOBP_ACTIVATED_T_CELL_PROLIFERATION,51,2,0.046974019620489825,6.007685204980776,"BTN3A1, CD274",0.6578472194000219
GOBP_CENTRIOLE_ASSEMBLY,51,2,0.046974019620489825,6.007685204980776,"CEP72, SPICE1",0.6578472194000219
GOBP_POSITIVE_REGULATION_OF_HEMOPOIESIS,200,4,0.04791490326681891,3.0115350095055193,"SMARCD2, CD83, CD80, IL20",0.6578472194000219
GOBP_LEUKOCYTE_ACTIVATION_INVOLVED_IN_INFLAMMATORY_RESPONSE,52,2,0.04863945746773037,5.887429725830549,"TRAF3IP2, CCL3",0.6578472194000219
GOBP_TUMOR_NECROSIS_FACTOR_SUPERFAMILY_CYTOKINE_PRODUCTION,202,4,0.04936650332942288,2.981012129207521,"IL1A, CD274, LILRA4, CCL3",0.6578472194000219
GOBP_GRANULOCYTE_CHEMOTAXIS,121,3,0.0495596990526524,3.7471462351447116,"DAPK2, SLIT2, CCL3",0.6578472194000219
GOBP_ALPHA_BETA_T_CELL_ACTIVATION,203,4,0.050101316862227366,2.9659807610176103,"CD83, LOXL3, CD274, CD80",0.6578472194000219
GOBP_REGULATION_OF_GRANULOCYTE_CHEMOTAXIS,53,2,0.05032609173651131,5.771890147588178,"DAPK2, SLIT2",0.6578472194000219
GOBP_REGULATION_OF_BODY_FLUID_LEVELS,389,6,0.05052626163906559,2.3160812532900104,"TRAF3IP2, COMP, TMX1, CSRP1, CSN3, PLSCR1",0.6578472194000219
GOBP_MODULATION_OF_PROCESS_OF_ANOTHER_ORGANISM,122,3,0.05056333821534843,3.7155933005575097,"GSN, LRRC15, CCL3",0.6578472194000219
GOBP_FEAR_RESPONSE,54,2,0.052033560305544076,5.660794399060755,"GRPR, DEAF1",0.6578472194000219
GOBP_HOMOLOGOUS_CHROMOSOME_PAIRING_AT_MEIOSIS,54,2,0.052033560305544076,5.660794399060755,"ANKRD31, SYCP2",0.6578472194000219
GOBP_IRON_ION_TRANSPORT,55,2,0.05376150496580303,5.553890942729322,"HAMP, SLC48A1",0.6578472194000219
GOBP_MONOCYTE_CHEMOTAXIS,55,2,0.05376150496580303,5.553890942729322,"SLIT2, CCL3",0.6578472194000219
GOBP_T_HELPER_17_TYPE_IMMUNE_RESPONSE,55,2,0.05376150496580303,5.553890942729322,"TRAF3IP2, LOXL3",0.6578472194000219
GOBP_POSITIVE_REGULATION_OF_PROTEOLYSIS,209,4,0.05463601053423563,2.8788721492249745,"HAMP, TMX1, GSN, NEURL3",0.6578472194000219
GOBP_REGULATION_OF_LEUKOCYTE_CHEMOTAXIS,126,3,0.05467597844848035,3.5945121205717583,"DAPK2, SLIT2, CCL3",0.6578472194000219
GOBP_POSITIVE_REGULATION_OF_CELL_ACTIVATION,398,6,0.055239609171135344,2.2625517925177605,"SMARCD2, CD83, IL1A, CD274, CD80, CCL3",0.6578472194000219
GOBP_REGULATION_OF_OSSIFICATION,127,3,0.05572844300347003,3.5654624019613563,"COMP, CYP27B1, CCL3",0.6578472194000219
GOBP_REGULATION_OF_T_CELL_ACTIVATION,399,6,0.05577916209345663,2.256755416074652,"SMARCD2, CD83, IL1A, LOXL3, CD274, CD80",0.6578472194000219
GOBP_NEGATIVE_REGULATION_OF_HEMOPOIESIS,128,3,0.056790540100874205,3.5368774788392354,"LOXL3, LRRC17, CCL3",0.6578472194000219
GOBP_RESPONSE_TO_TYPE_II_INTERFERON,128,3,0.056790540100874205,3.5368774788392354,"CYP27B1, GSN, CCL3",0.6578472194000219
GOBP_GRANULOCYTE_ACTIVATION,57,2,0.05727740906850225,5.351746224763071,"TRAF3IP2, CCL3",0.6578472194000219
GOBP_POSITIVE_REGULATION_OF_ALPHA_BETA_T_CELL_DIFFERENTIATION,57,2,0.05727740906850225,5.351746224763071,"CD83, CD80",0.6578472194000219
GOBP_POSITIVE_REGULATION_OF_PEPTIDYL_TYROSINE_PHOSPHORYLATION,57,2,0.05727740906850225,5.351746224763071,"CD80, IL20",0.6578472194000219
GOBP_NEGATIVE_REGULATION_OF_MYELOID_LEUKOCYTE_DIFFERENTIATION,58,2,0.059064671330219073,5.256088456193727,"LRRC17, CCL3",0.6578472194000219
GOBP_HUMORAL_IMMUNE_RESPONSE,307,5,0.059070055177344497,2.4448972453311493,"C8B, TRAF3IP2, HAMP, CD83, CCL3",0.6578472194000219
GOBP_NEGATIVE_REGULATION_OF_CELL_CELL_ADHESION,215,4,0.05938522503640464,2.7967175816448577,"LOXL3, CD274, CD80, TMX1",0.6578472194000219
GOBP_REGULATION_OF_MYELOID_LEUKOCYTE_DIFFERENTIATION,132,3,0.06113432483871956,3.426969557289797,"LRRC17, IL20, CCL3",0.6578472194000219
GOBP_NEGATIVE_REGULATION_OF_IMMUNE_EFFECTOR_PROCESS,135,3,0.06449098574430413,3.3489099538321363,"LOXL3, CD274, CD80",0.6578472194000219
GOBP_ENDOCHONDRAL_BONE_MORPHOGENESIS,61,2,0.06453959503254252,4.98857096698275,"COMP, MMP13",0.6578472194000219
GOBP_NEGATIVE_REGULATION_OF_ACTIN_FILAMENT_POLYMERIZATION,61,2,0.06453959503254252,4.98857096698275,"SLIT2, GSN",0.6578472194000219
GOBP_T_CELL_PROLIFERATION,225,4,0.06777169824886332,2.6697063722245273,"BTN3A1, IL1A, CD274, CD80",0.6578472194000219
GOBP_POSITIVE_REGULATION_OF_PROTEOLYSIS_INVOLVED_IN_PROTEIN_CATABOLIC_PROCESS,139,3,0.06909573453611778,3.2501875140646104,"HAMP, TMX1, NEURL3",0.6578472194000219
GOBP_ALPHA_BETA_T_CELL_DIFFERENTIATION,140,3,0.07026964862692324,3.226407656293616,"CD83, LOXL3, CD80",0.6578472194000219
GOBP_REGULATION_OF_LYMPHOCYTE_DIFFERENTIATION,228,4,0.07040102525923432,2.63381436525148,"SMARCD2, CD83, LOXL3, CD80",0.6578472194000219
GOBP_NEGATIVE_REGULATION_OF_CELL_ACTIVATION,229,4,0.07128897172065222,2.6220630562993685,"LOXL3, CD274, CD80, TMX1",0.6578472194000219
GOBP_POSITIVE_REGULATION_OF_LYMPHOCYTE_DIFFERENTIATION,141,3,0.07145254756395823,3.2029724341361208,"SMARCD2, CD83, CD80",0.6578472194000219
GOBP_SKIN_DEVELOPMENT,327,5,0.07301660171775948,2.292243969642905,"TRAF3IP2, COMP, CYP27B1, SPRR2G, IL20",0.6578472194000219
GOBP_CHROMOSOME_ORGANIZATION_INVOLVED_IN_MEIOTIC_CELL_CYCLE,66,2,0.07402167955429005,4.598441293000903,"ANKRD31, SYCP2",0.6578472194000219
GOBP_FOREBRAIN_CELL_MIGRATION,67,2,0.07596877261157277,4.5276177519037875,"SLIT2, ARL13B",0.6578472194000219
GOBP_INTERLEUKIN_10_PRODUCTION,67,2,0.07596877261157277,4.5276177519037875,"CD83, CD274",0.6578472194000219
GOBP_POSITIVE_REGULATION_OF_CHEMOTAXIS,145,3,0.07627290686434261,3.1125322809619815,"DAPK2, SLIT2, CCL3",0.6578472194000219
GOBP_HOMOLOGOUS_CHROMOSOME_SEGREGATION,68,2,0.07793202501523647,4.458940378635964,"ANKRD31, SYCP2",0.6578472194000219
GOBP_NEGATIVE_REGULATION_OF_LIPID_BIOSYNTHETIC_PROCESS,69,2,0.07991112966715504,4.392313076134098,"TMX1, MALRD1",0.6578472194000219
GOBP_GRANULOCYTE_MIGRATION,148,3,0.07997982909709463,3.047976723293865,"DAPK2, SLIT2, CCL3",0.6578472194000219
GOBP_LYMPHOCYTE_DIFFERENTIATION,440,6,0.08063800264129864,2.042102507658166,"TRAF3IP2, SMARCD2, CD83, IL1A, LOXL3, CD80",0.6578472194000219
GOBP_ALCOHOL_BIOSYNTHETIC_PROCESS,149,3,0.08123262707552603,3.0270477525327135,"CYP27B1, DHDDS, CYP11B1",0.6578472194000219
GOBP_REGULATION_OF_EPIDERMIS_DEVELOPMENT,70,2,0.08190578287020536,4.3276454001030755,"CYP27B1, IL20",0.6578472194000219
GOBP_POSITIVE_REGULATION_OF_CELL_CELL_ADHESION,339,5,0.08217443689643526,2.2094272822859873,"SMARCD2, CD83, IL1A, CD274, CD80",0.6578472194000219
GOBP_GLYCEROLIPID_BIOSYNTHETIC_PROCESS,241,4,0.08238656998184796,2.4887823875944792,"SLC44A2, TMX1, PLSCR1, AGPAT1",0.6578472194000219
GOBP_COLLAGEN_FIBRIL_ORGANIZATION,71,2,0.08391568429647199,4.264852149395134,"COMP, LOXL3",0.6578472194000219
GOBP_WOUND_HEALING,450,6,0.08750719421243137,1.9957618171115485,"COMP, ODAM, IL1A, TMX1, CSRP1, PLSCR1",0.6578472194000219
GOBP_RESPONSE_TO_METAL_ION,346,5,0.08778517265644235,2.163809292700133,"HAMP, IL1A, ATF1, CYP11B1, PLSCR1",0.6578472194000219
GOBP_PHOSPHOLIPID_BIOSYNTHETIC_PROCESS,247,4,0.08823571148780049,2.4270783742532243,"DHDDS, SLC44A2, PLSCR1, AGPAT1",0.6578472194000219
GOBP_HEMOSTASIS,250,4,0.09123361632659938,2.3973550995222266,"COMP, TMX1, CSRP1, PLSCR1",0.6578472194000219
GOBP_NEGATIVE_REGULATION_OF_PROTEIN_POLYMERIZATION,75,2,0.09210188183995266,4.03088277629465,"SLIT2, GSN",0.6578472194000219
GOBP_POSITIVE_REGULATION_OF_ALPHA_BETA_T_CELL_ACTIVATION,75,2,0.09210188183995266,4.03088277629465,"CD83, CD80",0.6578472194000219
GOBP_POSITIVE_REGULATION_OF_EPITHELIAL_CELL_DIFFERENTIATION,75,2,0.09210188183995266,4.03088277629465,"CYP27B1, IL20",0.6578472194000219
GOBP_ALDEHYDE_METABOLIC_PROCESS,76,2,0.09418363519435075,3.9763426182400585,"CYP11B1, RPE",0.6578472194000219
GOBP_NEGATIVE_REGULATION_OF_LEUKOCYTE_MEDIATED_IMMUNITY,76,2,0.09418363519435075,3.9763426182400585,"CD274, CD80",0.6578472194000219
GOBP_NEGATIVE_REGULATION_OF_LEUKOCYTE_CELL_CELL_ADHESION,159,3,0.09421751297055148,2.832515652267863,"LOXL3, CD274, CD80",0.6578472194000219
GOBP_NUCLEOSIDE_MONOPHOSPHATE_METABOLIC_PROCESS,77,2,0.09627890381139471,3.923256864350912,"GMPR2, TK2",0.6578472194000219
GOBP_REGULATION_OF_BEHAVIOR,77,2,0.09627890381139471,3.923256864350912,"GRPR, CCL3",0.6578472194000219
GOBP_ADHESION_OF_SYMBIONT_TO_HOST,15,1,0.09697672715692895,10.493109047659708,LRRC15,0.6578472194000219
GOBP_IMMATURE_T_CELL_PROLIFERATION,15,1,0.09697672715692895,10.493109047659708,IL1A,0.6578472194000219
GOBP_NEGATIVE_REGULATION_OF_CELL_FATE_COMMITMENT,15,1,0.09697672715692895,10.493109047659708,LOXL3,0.6578472194000219
GOBP_PROTEIN_LOCALIZATION_TO_NON_MOTILE_CILIUM,15,1,0.09697672715692895,10.493109047659708,ARL13B,0.6578472194000219
GOBP_REGULATION_OF_BILE_ACID_METABOLIC_PROCESS,15,1,0.09697672715692895,10.493109047659708,MALRD1,0.6578472194000219
GOBP_REGULATION_OF_INTESTINAL_ABSORPTION,15,1,0.09697672715692895,10.493109047659708,HAMP,0.6578472194000219
GOBP_REGULATION_OF_T_HELPER_17_CELL_LINEAGE_COMMITMENT,15,1,0.09697672715692895,10.493109047659708,LOXL3,0.6578472194000219
GOBP_RESPONSE_TO_UV_A,15,1,0.09697672715692895,10.493109047659708,OPN5,0.6578472194000219
GOBP_NEGATIVE_REGULATION_OF_T_CELL_PROLIFERATION,79,2,0.10050887951355904,3.821221908687026,"CD274, CD80",0.6578472194000219
GOBP_CENTROSOME_DUPLICATION,80,2,0.10264304072054543,3.772166641476915,"CEP72, SPICE1",0.6578472194000219
GOBP_ANATOMICAL_STRUCTURE_REGRESSION,16,1,0.1030977106619746,9.793399358138856,OPN5,0.6578472194000219
GOBP_CD40_SIGNALING_PATHWAY,16,1,0.1030977106619746,9.793399358138856,TRAF3IP2,0.6578472194000219
GOBP_GRANULOCYTE_MACROPHAGE_COLONY_STIMULATING_FACTOR_PRODUCTION,16,1,0.1030977106619746,9.793399358138856,CD80,0.6578472194000219
GOBP_IMMATURE_B_CELL_DIFFERENTIATION,16,1,0.1030977106619746,9.793399358138856,TRAF3IP2,0.6578472194000219
GOBP_MYD88_INDEPENDENT_TOLL_LIKE_RECEPTOR_SIGNALING_PATHWAY,16,1,0.1030977106619746,9.793399358138856,CD274,0.6578472194000219
GOBP_NEGATIVE_REGULATION_OF_ACTIVATED_T_CELL_PROLIFERATION,16,1,0.1030977106619746,9.793399358138856,CD274,0.6578472194000219
GOBP_NEGATIVE_REGULATION_OF_ALPHA_BETA_T_CELL_PROLIFERATION,16,1,0.1030977106619746,9.793399358138856,CD274,0.6578472194000219
GOBP_NEGATIVE_REGULATION_OF_DIGESTIVE_SYSTEM_PROCESS,16,1,0.1030977106619746,9.793399358138856,HAMP,0.6578472194000219
GOBP_NEGATIVE_REGULATION_OF_T_HELPER_17_TYPE_IMMUNE_RESPONSE,16,1,0.1030977106619746,9.793399358138856,LOXL3,0.6578472194000219
GOBP_POSITIVE_REGULATION_OF_T_CELL_APOPTOTIC_PROCESS,16,1,0.1030977106619746,9.793399358138856,CD274,0.6578472194000219
GOBP_REGULATION_OF_DNA_TEMPLATED_DNA_REPLICATION_INITIATION,16,1,0.1030977106619746,9.793399358138856,WRNIP1,0.6578472194000219
GOBP_REGULATION_OF_MAMMARY_GLAND_EPITHELIAL_CELL_PROLIFERATION,16,1,0.1030977106619746,9.793399358138856,DEAF1,0.6578472194000219
GOBP_OSTEOBLAST_DIFFERENTIATION,267,4,0.10911443702749929,2.2417317180114193,"IBSP, LRRC17, SP7, CCL3",0.6578472194000219
GOBP_ACTIN_FILAMENT_SEVERING,17,1,0.10917730849096074,9.181153365933794,GSN,0.6578472194000219
GOBP_CELL_MIGRATION_IN_HINDBRAIN,17,1,0.10917730849096074,9.181153365933794,ARL13B,0.6578472194000219
GOBP_CGMP_METABOLIC_PROCESS,17,1,0.10917730849096074,9.181153365933794,PDE5A,0.6578472194000219
GOBP_NEGATIVE_REGULATION_OF_TRIGLYCERIDE_METABOLIC_PROCESS,17,1,0.10917730849096074,9.181153365933794,TMX1,0.6578472194000219
GOBP_REGULATION_OF_PLASMA_MEMBRANE_ORGANIZATION,17,1,0.10917730849096074,9.181153365933794,GSN,0.6578472194000219
GOBP_RELAXATION_OF_CARDIAC_MUSCLE,17,1,0.10917730849096074,9.181153365933794,GSN,0.6578472194000219
GOBP_RESPONSE_TO_MACROPHAGE_COLONY_STIMULATING_FACTOR,17,1,0.10917730849096074,9.181153365933794,DOK1,0.6578472194000219
GOBP_T_CELL_MEDIATED_IMMUNE_RESPONSE_TO_TUMOR_CELL,17,1,0.10917730849096074,9.181153365933794,CD274,0.6578472194000219
GOBP_VITAMIN_CATABOLIC_PROCESS,17,1,0.10917730849096074,9.181153365933794,CYP27B1,0.6578472194000219
GOBP_NEGATIVE_REGULATION_OF_TUMOR_NECROSIS_FACTOR_SUPERFAMILY_CYTOKINE_PRODUCTION,84,2,0.11130128215331918,3.587910271584737,"CD274, LILRA4",0.6578472194000219
GOBP_REGULATION_OF_PEPTIDYL_TYROSINE_PHOSPHORYLATION,84,2,0.11130128215331918,3.587910271584737,"CD80, IL20",0.6578472194000219
GOBP_POSITIVE_REGULATION_OF_LEUKOCYTE_PROLIFERATION,173,3,0.1137075095598188,2.5986194087842223,"IL1A, CD274, CD80",0.6578472194000219
GOBP_STEROID_BIOSYNTHETIC_PROCESS,174,3,0.11515431234772176,2.5833780495378615,"CYP27B1, CYP11B1, MALRD1",0.6578472194000219
GOBP_ALDEHYDE_BIOSYNTHETIC_PROCESS,18,1,0.1152157997585691,8.640936303234353,CYP11B1,0.6578472194000219
GOBP_COMPLEMENT_ACTIVATION_ALTERNATIVE_PATHWAY,18,1,0.1152157997585691,8.640936303234353,C8B,0.6578472194000219
GOBP_GLUCOCORTICOID_BIOSYNTHETIC_PROCESS,18,1,0.1152157997585691,8.640936303234353,CYP11B1,0.6578472194000219
GOBP_MUCUS_SECRETION,18,1,0.1152157997585691,8.640936303234353,TRAF3IP2,0.6578472194000219
GOBP_NEGATIVE_REGULATION_OF_PLATELET_ACTIVATION,18,1,0.1152157997585691,8.640936303234353,TMX1,0.6578472194000219
GOBP_POSITIVE_REGULATION_OF_NEUROINFLAMMATORY_RESPONSE,18,1,0.1152157997585691,8.640936303234353,CCL3,0.6578472194000219
GOBP_POSITIVE_REGULATION_OF_PROTEIN_POLYUBIQUITINATION,18,1,0.1152157997585691,8.640936303234353,HAMP,0.6578472194000219
GOBP_PYRIMIDINE_NUCLEOSIDE_METABOLIC_PROCESS,18,1,0.1152157997585691,8.640936303234353,TK2,0.6578472194000219
GOBP_LYMPHOCYTE_APOPTOTIC_PROCESS,86,2,0.1156997199604189,3.5023626710783153,"TRAF3IP2, CD274",0.6578472194000219
GOBP_VASOCONSTRICTION,87,2,0.11791537854273085,3.46109853431826,"COMP, DOCK5",0.6578472194000219
GOBP_NEGATIVE_REGULATION_OF_LYMPHOCYTE_ACTIVATION,177,3,0.11953616990131892,2.5387051000072556,"LOXL3, CD274, CD80",0.6578472194000219
GOBP_KERATINOCYTE_DIFFERENTIATION,178,3,0.12101039236748778,2.5241544821551822,"CYP27B1, SPRR2G, IL20",0.6578472194000219
GOBP_HEAT_GENERATION,19,1,0.12121346170182346,8.16074335014899,IL1A,0.6578472194000219
GOBP_NUCLEOBASE_CONTAINING_SMALL_MOLECULE_BIOSYNTHETIC_PROCESS,19,1,0.12121346170182346,8.16074335014899,TK2,0.6578472194000219
GOBP_POSITIVE_REGULATION_OF_ERAD_PATHWAY,19,1,0.12121346170182346,8.16074335014899,TMX1,0.6578472194000219
GOBP_POSITIVE_REGULATION_OF_LYMPHOCYTE_CHEMOTAXIS,19,1,0.12121346170182346,8.16074335014899,CCL3,0.6578472194000219
GOBP_REGULATION_OF_MAST_CELL_ACTIVATION,19,1,0.12121346170182346,8.16074335014899,PLSCR1,0.6578472194000219
GOBP_REGULATION_OF_RECEPTOR_CLUSTERING,19,1,0.12121346170182346,8.16074335014899,GSN,0.6578472194000219
GOBP_RESPONSE_TO_INTERLEUKIN_17,19,1,0.12121346170182346,8.16074335014899,TRAF3IP2,0.6578472194000219
GOBP_RESPONSE_TO_LEAD_ION,19,1,0.12121346170182346,8.16074335014899,PLSCR1,0.6578472194000219
GOBP_BIOLOGICAL_PROCESS_INVOLVED_IN_INTERACTION_WITH_HOST,179,3,0.12249130967556808,2.5097692122308497,"CD80, LRRC15, PLSCR1",0.6578472194000219
GOBP_ADAPTIVE_IMMUNE_RESPONSE_BASED_ON_SOMATIC_RECOMBINATION_OF_IMMUNE_RECEPTORS_BUILT_FROM_IMMUNOGLOBULIN_SUPERFAMILY_DOMAINS,389,5,0.12639752820435102,1.9200721025636212,"C8B, TRAF3IP2, LOXL3, CD274, CD80",0.6578472194000219
GOBP_G1_TO_G0_TRANSITION,20,1,0.1271705696926898,7.731097016952042,CYP27B1,0.6578472194000219
GOBP_HEPATOCYTE_APOPTOTIC_PROCESS,20,1,0.1271705696926898,7.731097016952042,GSN,0.6578472194000219
GOBP_NEGATIVE_REGULATION_OF_BONE_MINERALIZATION,20,1,0.1271705696926898,7.731097016952042,CCL3,0.6578472194000219
GOBP_NEGATIVE_REGULATION_OF_VASCULAR_PERMEABILITY,20,1,0.1271705696926898,7.731097016952042,SLIT2,0.6578472194000219
GOBP_PENTOSE_PHOSPHATE_SHUNT,20,1,0.1271705696926898,7.731097016952042,RPE,0.6578472194000219
GOBP_POSITIVE_REGULATION_OF_LYMPHOCYTE_APOPTOTIC_PROCESS,20,1,0.1271705696926898,7.731097016952042,CD274,0.6578472194000219
GOBP_PULMONARY_VALVE_MORPHOGENESIS,20,1,0.1271705696926898,7.731097016952042,SLIT2,0.6578472194000219
GOBP_REGULATION_OF_CD8_POSITIVE_ALPHA_BETA_T_CELL_ACTIVATION,20,1,0.1271705696926898,7.731097016952042,CD274,0.6578472194000219
GOBP_REGULATION_OF_MICROGLIAL_CELL_ACTIVATION,20,1,0.1271705696926898,7.731097016952042,CCL3,0.6578472194000219
GOBP_TOLL_LIKE_RECEPTOR_9_SIGNALING_PATHWAY,20,1,0.1271705696926898,7.731097016952042,LILRA4,0.6578472194000219
GOBP_TRNA_THREONYLCARBAMOYLADENOSINE_METABOLIC_PROCESS,20,1,0.1271705696926898,7.731097016952042,CTAG2,0.6578472194000219
GOBP_VITAMIN_D_METABOLIC_PROCESS,20,1,0.1271705696926898,7.731097016952042,CYP27B1,0.6578472194000219
GOBP_GLYCEROLIPID_METABOLIC_PROCESS,394,5,0.131325722462242,1.8952277246376132,"SLC44A2, TMX1, PNLIPRP1, PLSCR1, AGPAT1",0.6578472194000219
GOBP_RESPONSE_TO_CHEMOKINE,93,2,0.13142406027694983,3.2325586994223445,"SLIT2, CCL3",0.6578472194000219
GOBP_C21_STEROID_HORMONE_BIOSYNTHETIC_PROCESS,21,1,0.1330873972505915,7.344415311622422,CYP11B1,0.6578472194000219
GOBP_HIGH_DENSITY_LIPOPROTEIN_PARTICLE_REMODELING,21,1,0.1330873972505915,7.344415311622422,PNLIPRP1,0.6578472194000219
GOBP_LYMPH_NODE_DEVELOPMENT,21,1,0.1330873972505915,7.344415311622422,TRAF3IP2,0.6578472194000219
GOBP_NEGATIVE_REGULATION_OF_T_HELPER_CELL_DIFFERENTIATION,21,1,0.1330873972505915,7.344415311622422,LOXL3,0.6578472194000219
GOBP_NEURON_PROJECTION_EXTENSION_INVOLVED_IN_NEURON_PROJECTION_GUIDANCE,21,1,0.1330873972505915,7.344415311622422,SLIT2,0.6578472194000219
GOBP_POSITIVE_REGULATION_OF_CHONDROCYTE_DIFFERENTIATION,21,1,0.1330873972505915,7.344415311622422,ZNF219,0.6578472194000219
GOBP_POSITIVE_REGULATION_OF_EPITHELIAL_CELL_APOPTOTIC_PROCESS,21,1,0.1330873972505915,7.344415311622422,GSN,0.6578472194000219
GOBP_PURINE_NUCLEOBASE_METABOLIC_PROCESS,21,1,0.1330873972505915,7.344415311622422,GMPR2,0.6578472194000219
GOBP_REGULATION_OF_GLIAL_CELL_MIGRATION,21,1,0.1330873972505915,7.344415311622422,CCL3,0.6578472194000219
GOBP_RESPONSE_TO_POTASSIUM_ION,21,1,0.1330873972505915,7.344415311622422,CYP11B1,0.6578472194000219
GOBP_BODY_FLUID_SECRETION,95,2,0.13600306390713332,3.1629318678231453,"TRAF3IP2, CSN3",0.6578472194000219
GOBP_SMOOTH_MUSCLE_CELL_MIGRATION,96,2,0.13830579964664969,3.1292295184551593,"SLIT2, DOCK5",0.6578472194000219
GOBP_CD4_POSITIVE_ALPHA_BETA_T_CELL_PROLIFERATION,22,1,0.13896421605484122,6.994560430920905,CD274,0.6578472194000219
GOBP_DOLICHOL_LINKED_OLIGOSACCHARIDE_BIOSYNTHETIC_PROCESS,22,1,0.13896421605484122,6.994560430920905,DHDDS,0.6578472194000219
GOBP_ENAMEL_MINERALIZATION,22,1,0.13896421605484122,6.994560430920905,AMTN,0.6578472194000219
GOBP_GLYCOLYTIC_PROCESS_THROUGH_GLUCOSE_6_PHOSPHATE,22,1,0.13896421605484122,6.994560430920905,PGAM1,0.6578472194000219
GOBP_INTRACELLULAR_SODIUM_ION_HOMEOSTASIS,22,1,0.13896421605484122,6.994560430920905,IL1A,0.6578472194000219
GOBP_NEGATIVE_REGULATION_OF_PHAGOCYTOSIS,22,1,0.13896421605484122,6.994560430920905,PLSCR1,0.6578472194000219
GOBP_PEPTIDYL_TYROSINE_DEPHOSPHORYLATION,22,1,0.13896421605484122,6.994560430920905,TNS2,0.6578472194000219
GOBP_REGULATION_OF_SENSORY_PERCEPTION,22,1,0.13896421605484122,6.994560430920905,CCL3,0.6578472194000219
GOBP_REGULATION_OF_TRIGLYCERIDE_BIOSYNTHETIC_PROCESS,22,1,0.13896421605484122,6.994560430920905,TMX1,0.6578472194000219
GOBP_TERTIARY_ALCOHOL_METABOLIC_PROCESS,22,1,0.13896421605484122,6.994560430920905,CYP11B1,0.6578472194000219
GOBP_MEIOTIC_CHROMOSOME_SEGREGATION,97,2,0.1406170597405891,3.096236692212758,"ANKRD31, SYCP2",0.6578472194000219
GOBP_POSITIVE_REGULATION_OF_LEUKOCYTE_CHEMOTAXIS,97,2,0.1406170597405891,3.096236692212758,"DAPK2, CCL3",0.6578472194000219
GOBP_T_CELL_DIFFERENTIATION_INVOLVED_IN_IMMUNE_RESPONSE,98,2,0.14293662375755936,3.0639312164988546,"LOXL3, CD80",0.6578472194000219
GOBP_MALE_GENITALIA_DEVELOPMENT,23,1,0.14480129595698732,6.676510535704829,SYCP2,0.6578472194000219
GOBP_NEGATIVE_REGULATION_OF_LEUKOCYTE_CHEMOTAXIS,23,1,0.14480129595698732,6.676510535704829,SLIT2,0.6578472194000219
GOBP_PHOSPHATIDYLSERINE_METABOLIC_PROCESS,23,1,0.14480129595698732,6.676510535704829,PLSCR1,0.6578472194000219
GOBP_POSITIVE_REGULATION_OF_ATP_DEPENDENT_ACTIVITY,23,1,0.14480129595698732,6.676510535704829,PLSCR1,0.6578472194000219
GOBP_POSITIVE_REGULATION_OF_STEM_CELL_DIFFERENTIATION,23,1,0.14480129595698732,6.676510535704829,SP7,0.6578472194000219
GOBP_PROTEIN_DNA_COMPLEX_DISASSEMBLY,23,1,0.14480129595698732,6.676510535704829,SMARCD2,0.6578472194000219
GOBP_RETINAL_GANGLION_CELL_AXON_GUIDANCE,23,1,0.14480129595698732,6.676510535704829,SLIT2,0.6578472194000219
GOBP_VITAMIN_BIOSYNTHETIC_PROCESS,23,1,0.14480129595698732,6.676510535704829,CYP27B1,0.6578472194000219
GOBP_MULTICELLULAR_ORGANISMAL_RESPONSE_TO_STRESS,99,2,0.14526427384820084,3.0322918330502393,"GRPR, DEAF1",0.6578472194000219
GOBP_BONE_MORPHOGENESIS,100,2,0.1475997947204654,3.001298151287892,"COMP, MMP13",0.6578472194000219
GOBP_CELLULAR_RESPONSE_TO_VITAMIN_D,24,1,0.15059890499308004,6.386117150064318,CYP27B1,0.6578472194000219
GOBP_ENTRAINMENT_OF_CIRCADIAN_CLOCK_BY_PHOTOPERIOD,24,1,0.15059890499308004,6.386117150064318,OPN5,0.6578472194000219
GOBP_LENS_MORPHOGENESIS_IN_CAMERA_TYPE_EYE,24,1,0.15059890499308004,6.386117150064318,LCTL,0.6578472194000219
GOBP_NEGATIVE_REGULATION_OF_MUSCLE_CONTRACTION,24,1,0.15059890499308004,6.386117150064318,DOCK5,0.6578472194000219
GOBP_PULMONARY_VALVE_DEVELOPMENT,24,1,0.15059890499308004,6.386117150064318,SLIT2,0.6578472194000219
GOBP_REGULATION_OF_CENTRIOLE_REPLICATION,24,1,0.15059890499308004,6.386117150064318,SPICE1,0.6578472194000219
GOBP_REGULATION_OF_RESPIRATORY_GASEOUS_EXCHANGE,24,1,0.15059890499308004,6.386117150064318,GRPR,0.6578472194000219
GOBP_T_HELPER_1_CELL_DIFFERENTIATION,24,1,0.15059890499308004,6.386117150064318,CD80,0.6578472194000219
GOBP_CELLULAR_RESPONSE_TO_TYPE_II_INTERFERON,102,2,0.1522936002813985,2.9411704086216184,"GSN, CCL3",0.6578472194000219
GOBP_TRANSITION_METAL_ION_TRANSPORT,102,2,0.1522936002813985,2.9411704086216184,"HAMP, SLC48A1",0.6578472194000219
GOBP_GLYCEROPHOSPHOLIPID_BIOSYNTHETIC_PROCESS,199,3,0.1534163665013637,2.2528893917522725,"SLC44A2, PLSCR1, AGPAT1",0.6578472194000219
GOBP_NEGATIVE_REGULATION_OF_MYELOID_CELL_DIFFERENTIATION,103,2,0.15465146695303222,2.9119995235432063,"LRRC17, CCL3",0.6578472194000219
GOBP_CONNECTIVE_TISSUE_DEVELOPMENT,306,4,0.15535159871888374,1.9509154490022573,"COMP, MMP13, ZNF219, ABHD15",0.6578472194000219
GOBP_DECIDUALIZATION,25,1,0.15635730939585601,6.119923210668019,CYP27B1,0.6578472194000219
GOBP_DEOXYRIBONUCLEOSIDE_MONOPHOSPHATE_METABOLIC_PROCESS,25,1,0.15635730939585601,6.119923210668019,TK2,0.6578472194000219
GOBP_FC_EPSILON_RECEPTOR_SIGNALING_PATHWAY,25,1,0.15635730939585601,6.119923210668019,LILRA4,0.6578472194000219
GOBP_GLYCOSYL_COMPOUND_BIOSYNTHETIC_PROCESS,25,1,0.15635730939585601,6.119923210668019,TK2,0.6578472194000219
GOBP_NADPH_REGENERATION,25,1,0.15635730939585601,6.119923210668019,RPE,0.6578472194000219
GOBP_NEGATIVE_REGULATION_OF_CD4_POSITIVE_ALPHA_BETA_T_CELL_DIFFERENTIATION,25,1,0.15635730939585601,6.119923210668019,LOXL3,0.6578472194000219
GOBP_NEGATIVE_REGULATION_OF_INTERLEUKIN_10_PRODUCTION,25,1,0.15635730939585601,6.119923210668019,CD274,0.6578472194000219
GOBP_REGULATION_OF_LYMPHOCYTE_CHEMOTAXIS,25,1,0.15635730939585601,6.119923210668019,CCL3,0.6578472194000219
GOBP_STEROID_CATABOLIC_PROCESS,25,1,0.15635730939585601,6.119923210668019,CYP27B1,0.6578472194000219
GOBP_REGULATION_OF_PROTEASOMAL_PROTEIN_CATABOLIC_PROCESS,202,3,0.15825199741108836,2.2188108627472714,"HAMP, TMX1, NEURL3",0.6578472194000219
GOBP_NEGATIVE_REGULATION_OF_LEUKOCYTE_PROLIFERATION,105,2,0.159388101526251,2.8553570282033394,"CD274, CD80",0.6578472194000219
GOBP_HEMATOPOIETIC_OR_LYMPHOID_ORGAN_DEVELOPMENT,106,2,0.1617664661035747,2.8278527395808197,"TRAF3IP2, LRRC17",0.6578472194000219
GOBP_REGULATION_OF_T_CELL_MEDIATED_IMMUNITY,106,2,0.1617664661035747,2.8278527395808197,"CD274, CD80",0.6578472194000219
GOBP_CHONDROCYTE_PROLIFERATION,26,1,0.1620767736068378,5.875024784261443,COMP,0.6578472194000219
GOBP_CONNECTIVE_TISSUE_REPLACEMENT,26,1,0.1620767736068378,5.875024784261443,IL1A,0.6578472194000219
GOBP_GLUCOCORTICOID_METABOLIC_PROCESS,26,1,0.1620767736068378,5.875024784261443,CYP11B1,0.6578472194000219
GOBP_GLYCOLYTIC_PROCESS_THROUGH_FRUCTOSE_6_PHOSPHATE,26,1,0.1620767736068378,5.875024784261443,PGAM1,0.6578472194000219
GOBP_MOTOR_NEURON_AXON_GUIDANCE,26,1,0.1620767736068378,5.875024784261443,SLIT2,0.6578472194000219
GOBP_POSITIVE_REGULATION_OF_PROTEIN_MATURATION,26,1,0.1620767736068378,5.875024784261443,GSN,0.6578472194000219
GOBP_REGULATION_OF_ERAD_PATHWAY,26,1,0.1620767736068378,5.875024784261443,TMX1,0.6578472194000219
GOBP_REGULATION_OF_TYROSINE_PHOSPHORYLATION_OF_STAT_PROTEIN,26,1,0.1620767736068378,5.875024784261443,IL20,0.6578472194000219
GOBP_RESPONSE_TO_MUSCLE_STRETCH,26,1,0.1620767736068378,5.875024784261443,GSN,0.6578472194000219
GOBP_PHOSPHOLIPID_TRANSPORT,108,2,0.16654229949046986,2.7744010088242113,"PRELID2, PLSCR1",0.6578472194000219
GOBP_BARBED_END_ACTIN_FILAMENT_CAPPING,27,1,0.16775756028835564,5.648964696508718,GSN,0.6578472194000219
GOBP_MULTICELLULAR_ORGANISMAL_LEVEL_IRON_ION_HOMEOSTASIS,27,1,0.16775756028835564,5.648964696508718,HAMP,0.6578472194000219
GOBP_PHOSPHATIDYLCHOLINE_BIOSYNTHETIC_PROCESS,27,1,0.16775756028835564,5.648964696508718,SLC44A2,0.6578472194000219
GOBP_POSITIVE_REGULATION_OF_CALCIUM_ION_IMPORT,27,1,0.16775756028835564,5.648964696508718,CCL3,0.6578472194000219
GOBP_POSITIVE_REGULATION_OF_GRANULOCYTE_CHEMOTAXIS,27,1,0.16775756028835564,5.648964696508718,DAPK2,0.6578472194000219
GOBP_POSITIVE_REGULATION_OF_T_HELPER_CELL_DIFFERENTIATION,27,1,0.16775756028835564,5.648964696508718,CD80,0.6578472194000219
GOBP_POSITIVE_REGULATION_OF_VASCULAR_ASSOCIATED_SMOOTH_MUSCLE_CELL_MIGRATION,27,1,0.16775756028835564,5.648964696508718,DOCK5,0.6578472194000219
GOBP_NEGATIVE_REGULATION_OF_CELL_ADHESION,318,4,0.17085422234849346,1.8759672090510433,"LOXL3, CD274, CD80, TMX1",0.6578472194000219
GOBP_MUSCLE_CELL_MIGRATION,110,2,0.17134231223187926,2.7229289717526868,"SLIT2, DOCK5",0.6578472194000219
GOBP_SMOOTH_MUSCLE_CONTRACTION,110,2,0.17134231223187926,2.7229289717526868,"COMP, DOCK5",0.6578472194000219
GOBP_B_CELL_APOPTOTIC_PROCESS,28,1,0.17339993033548962,5.439649798867287,TRAF3IP2,0.6578472194000219
GOBP_CAMP_MEDIATED_SIGNALING,28,1,0.17339993033548962,5.439649798867287,PDE5A,0.6578472194000219
GOBP_CD8_POSITIVE_ALPHA_BETA_T_CELL_ACTIVATION,28,1,0.17339993033548962,5.439649798867287,CD274,0.6578472194000219
GOBP_GMP_METABOLIC_PROCESS,28,1,0.17339993033548962,5.439649798867287,GMPR2,0.6578472194000219
GOBP_MAMMARY_GLAND_EPITHELIAL_CELL_PROLIFERATION,28,1,0.17339993033548962,5.439649798867287,DEAF1,0.6578472194000219
GOBP_POSITIVE_REGULATION_OF_MACROPHAGE_MIGRATION,28,1,0.17339993033548962,5.439649798867287,CCL3,0.6578472194000219
GOBP_REGULATION_OF_ESTABLISHMENT_OR_MAINTENANCE_OF_CELL_POLARITY,28,1,0.17339993033548962,5.439649798867287,GSN,0.6578472194000219
GOBP_SYNAPTONEMAL_COMPLEX_ORGANIZATION,28,1,0.17339993033548962,5.439649798867287,SYCP2,0.6578472194000219
GOBP_MEMBRANELESS_ORGANELLE_ASSEMBLY,434,5,0.1736756389228553,1.717321130133757,"CEP72, DOCK5, GSN, CSRP1, SPICE1",0.6578472194000219
GOBP_TRIGLYCERIDE_METABOLIC_PROCESS,111,2,0.17375090970869123,2.697901283985777,"TMX1, PNLIPRP1",0.6578472194000219
GOBP_ACUTE_INFLAMMATORY_RESPONSE,112,2,0.1761649852225422,2.67332864507683,"IL1A, PLSCR1",0.6578472194000219
GOBP_CHROMOSOME_SEGREGATION,437,5,0.17704515430188364,1.7053062576845546,"SMARCD2, ANKRD31, SPICE1, PLSCR1, SYCP2",0.6578472194000219
GOBP_STEROL_HOMEOSTASIS,113,2,0.1785843545722675,2.6491987564083455,"PNLIPRP1, MALRD1",0.6578472194000219
GOBP_CENTRAL_NERVOUS_SYSTEM_PROJECTION_NEURON_AXONOGENESIS,29,1,0.17900414288792543,5.245285963987857,SLIT2,0.6578472194000219
GOBP_DNA_CATABOLIC_PROCESS,29,1,0.17900414288792543,5.245285963987857,REXO4,0.6578472194000219
GOBP_ENTRAINMENT_OF_CIRCADIAN_CLOCK,29,1,0.17900414288792543,5.245285963987857,OPN5,0.6578472194000219
GOBP_NEGATIVE_REGULATION_OF_BIOMINERAL_TISSUE_DEVELOPMENT,29,1,0.17900414288792543,5.245285963987857,CCL3,0.6578472194000219
GOBP_NEGATIVE_REGULATION_OF_STEROID_BIOSYNTHETIC_PROCESS,29,1,0.17900414288792543,5.245285963987857,MALRD1,0.6578472194000219
GOBP_PHOTOPERIODISM,29,1,0.17900414288792543,5.245285963987857,OPN5,0.6578472194000219
GOBP_POSITIVE_REGULATION_OF_BEHAVIOR,29,1,0.17900414288792543,5.245285963987857,GRPR,0.6578472194000219
GOBP_REGULATION_OF_NUCLEOTIDE_EXCISION_REPAIR,29,1,0.17900414288792543,5.245285963987857,SMARCD2,0.6578472194000219
GOBP_REGULATION_OF_PROTEIN_POLYUBIQUITINATION,29,1,0.17900414288792543,5.245285963987857,HAMP,0.6578472194000219
GOBP_REGULATION_OF_RESPONSE_TO_TUMOR_CELL,29,1,0.17900414288792543,5.245285963987857,CD274,0.6578472194000219
GOBP_REGULATION_OF_T_HELPER_17_CELL_DIFFERENTIATION,29,1,0.17900414288792543,5.245285963987857,LOXL3,0.6578472194000219
GOBP_SIGNAL_TRANSDUCTION_INVOLVED_IN_REGULATION_OF_GENE_EXPRESSION,29,1,0.17900414288792543,5.245285963987857,TRAF3IP2,0.6578472194000219
GOBP_SUBSTRATE_DEPENDENT_CELL_MIGRATION,29,1,0.17900414288792543,5.245285963987857,SLIT2,0.6578472194000219
GOBP_T_CELL_CHEMOTAXIS,29,1,0.17900414288792543,5.245285963987857,CCL3,0.6578472194000219
GOBP_T_HELPER_CELL_LINEAGE_COMMITMENT,29,1,0.17900414288792543,5.245285963987857,LOXL3,0.6578472194000219
GOBP_CARTILAGE_DEVELOPMENT,215,3,0.17971981261835654,2.082282416222054,"COMP, MMP13, ZNF219",0.6578472194000219
GOBP_NEGATIVE_REGULATION_OF_IMMUNE_RESPONSE,215,3,0.17971981261835654,2.082282416222054,"LOXL3, CD274, CD80",0.6578472194000219
GOBP_REGULATION_OF_CHEMOTAXIS,215,3,0.17971981261835654,2.082282416222054,"DAPK2, SLIT2, CCL3",0.6578472194000219
GOBP_POSITIVE_REGULATION_OF_PROTEIN_CATABOLIC_PROCESS,216,3,0.18140322568990183,2.0724705126895837,"HAMP, TMX1, NEURL3",0.6578472194000219
GOBP_COLLAGEN_METABOLIC_PROCESS,115,2,0.18343824911805368,2.6022202120691706,"TNS2, MMP13",0.6578472194000219
GOBP_NUCLEAR_CHROMOSOME_SEGREGATION,328,4,0.1841670684053447,1.8177512407427043,"SMARCD2, ANKRD31, SPICE1, SYCP2",0.6578472194000219
GOBP_GLUCOSE_6_PHOSPHATE_METABOLIC_PROCESS,30,1,0.18457045534174077,5.064326530340755,RPE,0.6578472194000219
GOBP_GLUCOSE_CATABOLIC_PROCESS,30,1,0.18457045534174077,5.064326530340755,PGAM1,0.6578472194000219
GOBP_INFLAMMATORY_RESPONSE_TO_WOUNDING,30,1,0.18457045534174077,5.064326530340755,IL1A,0.6578472194000219
GOBP_ISOPRENOID_BIOSYNTHETIC_PROCESS,30,1,0.18457045534174077,5.064326530340755,DHDDS,0.6578472194000219
GOBP_MEMBRANE_RAFT_ORGANIZATION,30,1,0.18457045534174077,5.064326530340755,GSN,0.6578472194000219
GOBP_NEGATIVE_REGULATION_OF_ALPHA_BETA_T_CELL_DIFFERENTIATION,30,1,0.18457045534174077,5.064326530340755,LOXL3,0.6578472194000219
GOBP_PLASMA_MEMBRANE_PHOSPHOLIPID_SCRAMBLING,30,1,0.18457045534174077,5.064326530340755,PLSCR1,0.6578472194000219
GOBP_POSITIVE_REGULATION_OF_OSTEOCLAST_DIFFERENTIATION,30,1,0.18457045534174077,5.064326530340755,IL20,0.6578472194000219
GOBP_POSITIVE_REGULATION_OF_RECEPTOR_INTERNALIZATION,30,1,0.18457045534174077,5.064326530340755,HAMP,0.6578472194000219
GOBP_BONE_DEVELOPMENT,218,3,0.1847827797226875,2.053120526185091,"COMP, LRRC17, MMP13",0.6578472194000219
GOBP_POSITIVE_REGULATION_OF_TUMOR_NECROSIS_FACTOR_SUPERFAMILY_CYTOKINE_PRODUCTION,116,2,0.18587241699032467,2.579349078627091,"IL1A, CCL3",0.6578472194000219
GOBP_NEGATIVE_REGULATION_OF_LIPID_METABOLIC_PROCESS,117,2,0.18831116400810863,2.5568757040186814,"TMX1, MALRD1",0.6578472194000219
GOBP_REGULATION_OF_ADAPTIVE_IMMUNE_RESPONSE,221,3,0.18988299884362267,2.024761256965441,"LOXL3, CD274, CD80",0.6578472194000219
GOBP_CELLULAR_RESPONSE_TO_VITAMIN,31,1,0.1900991233611029,4.895431057916154,CYP27B1,0.6578472194000219
GOBP_OLEFINIC_COMPOUND_BIOSYNTHETIC_PROCESS,31,1,0.1900991233611029,4.895431057916154,CYP11B1,0.6578472194000219
GOBP_POSITIVE_REGULATION_OF_MACROPHAGE_ACTIVATION,31,1,0.1900991233611029,4.895431057916154,CCL3,0.6578472194000219
GOBP_RECEPTOR_CATABOLIC_PROCESS,31,1,0.1900991233611029,4.895431057916154,HAMP,0.6578472194000219
GOBP_REGULATION_OF_PLATELET_AGGREGATION,31,1,0.1900991233611029,4.895431057916154,TMX1,0.6578472194000219
GOBP_REPLACEMENT_OSSIFICATION,31,1,0.1900991233611029,4.895431057916154,MMP13,0.6578472194000219
GOBP_TYROSINE_PHOSPHORYLATION_OF_STAT_PROTEIN,31,1,0.1900991233611029,4.895431057916154,IL20,0.6578472194000219
GOBP_POSITIVE_REGULATION_OF_CELL_DEVELOPMENT,449,5,0.1907651783148122,1.6588703992904228,"SMARCD2, CD83, CD80, SLIT2, IL20",0.6578472194000219
GOBP_CHONDROCYTE_DIFFERENTIATION,119,2,0.19320170460285704,2.513081435525947,"COMP, ZNF219",0.6578472194000219
GOBP_INTEGRIN_MEDIATED_SIGNALING_PATHWAY,119,2,0.19320170460285704,2.513081435525947,"LOXL3, LAMA2",0.6578472194000219
GOBP_REGULATION_OF_DNA_REPLICATION,119,2,0.19320170460285704,2.513081435525947,"ATF1, WRNIP1",0.6578472194000219
GOBP_BIOLOGICAL_PROCESS_INVOLVED_IN_SYMBIOTIC_INTERACTION,224,3,0.19501880175964895,1.9971719226478446,"CD80, LRRC15, PLSCR1",0.6578472194000219
GOBP_INTERFERON_ALPHA_PRODUCTION,32,1,0.19559040088989454,4.7374320666913325,LILRA4,0.6578472194000219
GOBP_NEGATIVE_REGULATION_OF_PROTEIN_LOCALIZATION_TO_CELL_PERIPHERY,32,1,0.19559040088989454,4.7374320666913325,LRRC15,0.6578472194000219
GOBP_POSITIVE_REGULATION_OF_CHROMOSOME_SEPARATION,32,1,0.19559040088989454,4.7374320666913325,PLSCR1,0.6578472194000219
GOBP_POSITIVE_REGULATION_OF_VASCULAR_ENDOTHELIAL_GROWTH_FACTOR_PRODUCTION,32,1,0.19559040088989454,4.7374320666913325,IL1A,0.6578472194000219
GOBP_REGULATION_OF_MONOCYTE_CHEMOTAXIS,32,1,0.19559040088989454,4.7374320666913325,SLIT2,0.6578472194000219
GOBP_REGULATION_OF_T_HELPER_1_TYPE_IMMUNE_RESPONSE,32,1,0.19559040088989454,4.7374320666913325,CD80,0.6578472194000219
GOBP_RESPONSE_TO_IRON_ION,32,1,0.19559040088989454,4.7374320666913325,HAMP,0.6578472194000219
GOBP_TRIGLYCERIDE_CATABOLIC_PROCESS,32,1,0.19559040088989454,4.7374320666913325,PNLIPRP1,0.6578472194000219
GOBP_MYELOID_LEUKOCYTE_MEDIATED_IMMUNITY,121,2,0.19810851028853907,2.4707592432535925,"TRAF3IP2, CCL3",0.6578472194000219
GOBP_POSITIVE_REGULATION_OF_CANONICAL_NF_KAPPAB_SIGNAL_TRANSDUCTION,227,3,0.20018853406122925,1.9703215883481962,"TRAF3IP2, IL1A, SLC44A2",0.6578472194000219
GOBP_DE_NOVO_POST_TRANSLATIONAL_PROTEIN_FOLDING,33,1,0.2010445401632608,4.589308011634834,TOR1B,0.6578472194000219
GOBP_IMMUNE_RESPONSE_TO_TUMOR_CELL,33,1,0.2010445401632608,4.589308011634834,CD274,0.6578472194000219
GOBP_POSITIVE_REGULATION_OF_CARTILAGE_DEVELOPMENT,33,1,0.2010445401632608,4.589308011634834,ZNF219,0.6578472194000219
GOBP_POSITIVE_REGULATION_OF_DEFENSE_RESPONSE_TO_VIRUS_BY_HOST,33,1,0.2010445401632608,4.589308011634834,TRAF3IP2,0.6578472194000219
GOBP_POSITIVE_REGULATION_OF_LEUKOCYTE_APOPTOTIC_PROCESS,33,1,0.2010445401632608,4.589308011634834,CD274,0.6578472194000219
GOBP_RESPONSE_TO_MUSCLE_ACTIVITY,33,1,0.2010445401632608,4.589308011634834,TNS2,0.6578472194000219
GOBP_SYNAPTIC_TRANSMISSION_CHOLINERGIC,33,1,0.2010445401632608,4.589308011634834,LAMA2,0.6578472194000219
GOBP_REGULATION_OF_MYELOID_CELL_DIFFERENTIATION,228,3,0.2019190341785892,1.961530590005322,"LRRC17, IL20, CCL3",0.6578472194000219
GOBP_TYPE_II_INTERFERON_PRODUCTION,123,2,0.20303025381641757,2.4298361316880928,"BTN3A1, CD274",0.6578472194000219
GOBP_CAMP_PKA_SIGNAL_TRANSDUCTION,34,1,0.2064617917190752,4.450161171345856,ATF1,0.6578472194000219
GOBP_CHONDROCYTE_DEVELOPMENT,34,1,0.2064617917190752,4.450161171345856,COMP,0.6578472194000219
GOBP_MOTOR_BEHAVIOR,34,1,0.2064617917190752,4.450161171345856,GRPR,0.6578472194000219
GOBP_NEURAL_TUBE_PATTERNING,34,1,0.2064617917190752,4.450161171345856,ARL13B,0.6578472194000219
GOBP_POSITIVE_REGULATION_OF_NEUTROPHIL_MIGRATION,34,1,0.2064617917190752,4.450161171345856,DAPK2,0.6578472194000219
GOBP_RELAXATION_OF_MUSCLE,34,1,0.2064617917190752,4.450161171345856,GSN,0.6578472194000219
GOBP_DISRUPTION_OF_ANATOMICAL_STRUCTURE_IN_ANOTHER_ORGANISM,125,2,0.2079656406535612,2.390243852991501,"C8B, HAMP",0.6578472194000219
GOBP_LEUKOCYTE_APOPTOTIC_PROCESS,126,2,0.2104380545600948,2.3709266524885773,"TRAF3IP2, CD274",0.6578472194000219
GOBP_REGULATION_OF_LEUKOCYTE_MIGRATION,233,3,0.21062324349947462,1.9187222502359997,"DAPK2, SLIT2, CCL3",0.6578472194000219
GOBP_FC_RECEPTOR_MEDIATED_STIMULATORY_SIGNALING_PATHWAY,35,1,0.21184240440933289,4.319199438698161,PLSCR1,0.6578472194000219
GOBP_INTERLEUKIN_4_PRODUCTION,35,1,0.21184240440933289,4.319199438698161,CD83,0.6578472194000219
GOBP_INTRA_GOLGI_VESICLE_MEDIATED_TRANSPORT,35,1,0.21184240440933289,4.319199438698161,TRAPPC3L,0.6578472194000219
GOBP_METABOLIC_COMPOUND_SALVAGE,35,1,0.21184240440933289,4.319199438698161,TK2,0.6578472194000219
GOBP_NEGATIVE_REGULATION_OF_STEROID_METABOLIC_PROCESS,35,1,0.21184240440933289,4.319199438698161,MALRD1,0.6578472194000219
GOBP_REGULATION_OF_RESPONSE_TO_NUTRIENT_LEVELS,35,1,0.21184240440933289,4.319199438698161,CYP27B1,0.6578472194000219
GOBP_LEUKOCYTE_CHEMOTAXIS,236,3,0.2158849885670098,1.8939191349093552,"DAPK2, SLIT2, CCL3",0.6578472194000219
GOBP_ANOIKIS,36,1,0.21718662541146694,4.195721233087656,DAPK2,0.6578472194000219
GOBP_CD4_POSITIVE_OR_CD8_POSITIVE_ALPHA_BETA_T_CELL_LINEAGE_COMMITMENT,36,1,0.21718662541146694,4.195721233087656,LOXL3,0.6578472194000219
GOBP_MATERNAL_PLACENTA_DEVELOPMENT,36,1,0.21718662541146694,4.195721233087656,CYP27B1,0.6578472194000219
GOBP_NEGATIVE_REGULATION_OF_SIGNAL_TRANSDUCTION_IN_ABSENCE_OF_LIGAND,36,1,0.21718662541146694,4.195721233087656,IL1A,0.6578472194000219
GOBP_OSTEOBLAST_PROLIFERATION,36,1,0.21718662541146694,4.195721233087656,LRRC17,0.6578472194000219
GOBP_RESPONSE_TO_INTERFERON_BETA,36,1,0.21718662541146694,4.195721233087656,PLSCR1,0.6578472194000219
GOBP_RESPONSE_TO_PROGESTERONE,36,1,0.21718662541146694,4.195721233087656,CSN1S1,0.6578472194000219
GOBP_RESPONSE_TO_STEROL,36,1,0.21718662541146694,4.195721233087656,CCL3,0.6578472194000219
GOBP_MYELOID_LEUKOCYTE_MIGRATION,237,3,0.21764508536804075,1.8857927580913922,"DAPK2, SLIT2, CCL3",0.6578472194000219
GOBP_REGULATION_OF_ACTIN_FILAMENT_POLYMERIZATION,130,2,0.22035558961170698,2.2966761629954644,"SLIT2, GSN",0.6578472194000219
GOBP_B_CELL_HOMEOSTASIS,37,1,0.22249470023958706,4.079102927305208,TRAF3IP2,0.6578472194000219
GOBP_HEMATOPOIETIC_STEM_CELL_DIFFERENTIATION,37,1,0.22249470023958706,4.079102927305208,SP7,0.6578472194000219
GOBP_INTERMEMBRANE_LIPID_TRANSFER,37,1,0.22249470023958706,4.079102927305208,PRELID2,0.6578472194000219
GOBP_NEGATIVE_REGULATION_OF_MONONUCLEAR_CELL_MIGRATION,37,1,0.22249470023958706,4.079102927305208,SLIT2,0.6578472194000219
GOBP_RESPONSE_TO_MINERALOCORTICOID,37,1,0.22249470023958706,4.079102927305208,CSN1S1,0.6578472194000219
GOBP_PEPTIDYL_TYROSINE_MODIFICATION,131,2,0.2228411931118128,2.278833022095331,"CD80, IL20",0.6578472194000219
GOBP_LEUKOCYTE_PROLIFERATION,356,4,0.22308157130525155,1.6723436288628835,"BTN3A1, IL1A, CD274, CD80",0.6578472194000219
GOBP_REGULATION_OF_PROTEOLYSIS_INVOLVED_IN_PROTEIN_CATABOLIC_PROCESS,241,3,0.22471482327425646,1.8539701396204538,"HAMP, TMX1, NEURL3",0.6578472194000219
GOBP_LEUKOCYTE_MEDIATED_IMMUNITY,478,5,0.225364965400139,1.556377722359312,"C8B, TRAF3IP2, CD274, CD80, CCL3",0.6578472194000219
GOBP_BILE_ACID_BIOSYNTHETIC_PROCESS,38,1,0.22776687275564433,3.968788313294806,MALRD1,0.6578472194000219
GOBP_C21_STEROID_HORMONE_METABOLIC_PROCESS,38,1,0.22776687275564433,3.968788313294806,CYP11B1,0.6578472194000219
GOBP_CENTRAL_NERVOUS_SYSTEM_NEURON_AXONOGENESIS,38,1,0.22776687275564433,3.968788313294806,SLIT2,0.6578472194000219
GOBP_DE_NOVO_PROTEIN_FOLDING,38,1,0.22776687275564433,3.968788313294806,TOR1B,0.6578472194000219
GOBP_DETECTION_OF_VISIBLE_LIGHT,38,1,0.22776687275564433,3.968788313294806,OPN5,0.6578472194000219
GOBP_DNA_REPLICATION_INITIATION,38,1,0.22776687275564433,3.968788313294806,WRNIP1,0.6578472194000219
GOBP_PROTEIN_LOCALIZATION_TO_MICROTUBULE_ORGANIZING_CENTER,38,1,0.22776687275564433,3.968788313294806,CEP72,0.6578472194000219
GOBP_PHAGOCYTOSIS,244,3,0.23004632610631545,1.8307964070751501,"GSN, PLSCR1, SLC48A1",0.6578472194000219
GOBP_ANTIMICROBIAL_HUMORAL_IMMUNE_RESPONSE_MEDIATED_BY_ANTIMICROBIAL_PEPTIDE,134,2,0.23031059848620902,2.226925703081855,"HAMP, CCL3",0.6578472194000219
GOBP_REGULATION_OF_CHROMOSOME_SEGREGATION,134,2,0.23031059848620902,2.226925703081855,"SMARCD2, PLSCR1",0.6578472194000219
GOBP_AORTIC_VALVE_MORPHOGENESIS,39,1,0.23300338518052122,3.8642797312129487,SLIT2,0.6578472194000219
GOBP_FOREBRAIN_NEURON_DEVELOPMENT,39,1,0.23300338518052122,3.8642797312129487,SLIT2,0.6578472194000219
GOBP_GLYCOPROTEIN_CATABOLIC_PROCESS,39,1,0.23300338518052122,3.8642797312129487,NGLY1,0.6578472194000219
GOBP_MAINTENANCE_OF_BLOOD_BRAIN_BARRIER,39,1,0.23300338518052122,3.8642797312129487,LAMA2,0.6578472194000219
GOBP_NEGATIVE_REGULATION_OF_PROTEIN_LOCALIZATION_TO_MEMBRANE,39,1,0.23300338518052122,3.8642797312129487,LRRC15,0.6578472194000219
GOBP_OLFACTORY_LOBE_DEVELOPMENT,39,1,0.23300338518052122,3.8642797312129487,SLIT2,0.6578472194000219
GOBP_PHOSPHATIDIC_ACID_METABOLIC_PROCESS,39,1,0.23300338518052122,3.8642797312129487,AGPAT1,0.6578472194000219
GOBP_POSITIVE_REGULATION_OF_SMOOTHENED_SIGNALING_PATHWAY,39,1,0.23300338518052122,3.8642797312129487,TUBD1,0.6578472194000219
GOBP_REGULATION_OF_ACTIN_NUCLEATION,39,1,0.23300338518052122,3.8642797312129487,GSN,0.6578472194000219
GOBP_REGULATION_OF_T_HELPER_17_TYPE_IMMUNE_RESPONSE,39,1,0.23300338518052122,3.8642797312129487,LOXL3,0.6578472194000219
GOBP_BASEMENT_MEMBRANE_ORGANIZATION,40,1,0.2382044781050482,3.7651305632480434,LAMA2,0.6578472194000219
GOBP_COMPLEMENT_ACTIVATION_CLASSICAL_PATHWAY,40,1,0.2382044781050482,3.7651305632480434,C8B,0.6578472194000219
GOBP_NADH_METABOLIC_PROCESS,40,1,0.2382044781050482,3.7651305632480434,PGAM1,0.6578472194000219
GOBP_NEGATIVE_REGULATION_OF_SMOOTH_MUSCLE_CELL_MIGRATION,40,1,0.2382044781050482,3.7651305632480434,SLIT2,0.6578472194000219
GOBP_NUCLEOBASE_METABOLIC_PROCESS,40,1,0.2382044781050482,3.7651305632480434,GMPR2,0.6578472194000219
GOBP_POSITIVE_REGULATION_OF_BMP_SIGNALING_PATHWAY,40,1,0.2382044781050482,3.7651305632480434,NGLY1,0.6578472194000219
GOBP_REGULATION_OF_LAMELLIPODIUM_ASSEMBLY,40,1,0.2382044781050482,3.7651305632480434,SLIT2,0.6578472194000219
GOBP_RENAL_ABSORPTION,40,1,0.2382044781050482,3.7651305632480434,GSN,0.6578472194000219
GOBP_RESPONSE_TO_COPPER_ION,40,1,0.2382044781050482,3.7651305632480434,IL1A,0.6578472194000219
GOBP_RESPONSE_TO_VITAMIN_D,40,1,0.2382044781050482,3.7651305632480434,CYP27B1,0.6578472194000219
GOBP_VASCULAR_ASSOCIATED_SMOOTH_MUSCLE_CELL_DIFFERENTIATION,40,1,0.2382044781050482,3.7651305632480434,COMP,0.6578472194000219
GOBP_SYMBIONT_ENTRY_INTO_HOST,138,2,0.2402939570287726,2.161278211321692,"CD80, PLSCR1",0.6578472194000219
GOBP_T_CELL_MEDIATED_IMMUNITY,138,2,0.2402939570287726,2.161278211321692,"CD274, CD80",0.6578472194000219
GOBP_CELLULAR_RESPONSE_TO_MOLECULE_OF_BACTERIAL_ORIGIN,250,3,0.24077774669819832,1.7861377159987428,"IL1A, CD274, CD80",0.6578472194000219
GOBP_NEUTRAL_LIPID_METABOLIC_PROCESS,139,2,0.24279320115275288,2.1454653118354914,"TMX1, PNLIPRP1",0.6578472194000219
GOBP_T_CELL_ACTIVATION_INVOLVED_IN_IMMUNE_RESPONSE,139,2,0.24279320115275288,2.1454653118354914,"LOXL3, CD80",0.6578472194000219
GOBP_CYCLIC_NUCLEOTIDE_METABOLIC_PROCESS,41,1,0.24337039050094345,3.670938853366824,PDE5A,0.6578472194000219
GOBP_LACTATION,41,1,0.24337039050094345,3.670938853366824,CSN3,0.6578472194000219
GOBP_NADP_METABOLIC_PROCESS,41,1,0.24337039050094345,3.670938853366824,RPE,0.6578472194000219
GOBP_POSITIVE_REGULATION_OF_RESPONSE_TO_ENDOPLASMIC_RETICULUM_STRESS,41,1,0.24337039050094345,3.670938853366824,TMX1,0.6578472194000219
GOBP_REGULATION_OF_ATP_DEPENDENT_ACTIVITY,41,1,0.24337039050094345,3.670938853366824,PLSCR1,0.6578472194000219
GOBP_REGULATION_OF_HOMOTYPIC_CELL_CELL_ADHESION,41,1,0.24337039050094345,3.670938853366824,TMX1,0.6578472194000219
GOBP_T_HELPER_17_CELL_DIFFERENTIATION,41,1,0.24337039050094345,3.670938853366824,LOXL3,0.6578472194000219
GOBP_MAMMARY_GLAND_DEVELOPMENT,140,2,0.24529354249370683,2.129881584801387,"CSN3, DEAF1",0.6578472194000219
GOBP_EPIDERMAL_CELL_DIFFERENTIATION,254,3,0.24797785313932344,1.757551409082533,"CYP27B1, SPRR2G, IL20",0.6578472194000219
GOBP_DNA_SYNTHESIS_INVOLVED_IN_DNA_REPAIR,42,1,0.2485013597316833,3.581341860756354,WRNIP1,0.6578472194000219
GOBP_G0_TO_G1_TRANSITION,42,1,0.2485013597316833,3.581341860756354,SMARCD2,0.6578472194000219
GOBP_POSITIVE_REGULATION_OF_DNA_REPLICATION,42,1,0.2485013597316833,3.581341860756354,ATF1,0.6578472194000219
GOBP_REGULATION_OF_DNA_TEMPLATED_DNA_REPLICATION,42,1,0.2485013597316833,3.581341860756354,WRNIP1,0.6578472194000219
GOBP_REGULATION_OF_NEUROINFLAMMATORY_RESPONSE,42,1,0.2485013597316833,3.581341860756354,CCL3,0.6578472194000219
GOBP_SPLEEN_DEVELOPMENT,42,1,0.2485013597316833,3.581341860756354,TRAF3IP2,0.6578472194000219
GOBP_T_CELL_LINEAGE_COMMITMENT,42,1,0.2485013597316833,3.581341860756354,LOXL3,0.6578472194000219
GOBP_TRIGLYCERIDE_BIOSYNTHETIC_PROCESS,42,1,0.2485013597316833,3.581341860756354,TMX1,0.6578472194000219
GOBP_MYELOID_LEUKOCYTE_DIFFERENTIATION,255,3,0.24978310278862562,1.7505466295093675,"LRRC17, IL20, CCL3",0.6578472194000219
GOBP_MEIOSIS_I_CELL_CYCLE_PROCESS,142,2,0.2502970014061317,2.099382004736787,"ANKRD31, SYCP2",0.6578472194000219
GOBP_PURINE_NUCLEOTIDE_CATABOLIC_PROCESS,142,2,0.2502970014061317,2.099382004736787,"PDE5A, PGAM1",0.6578472194000219
GOBP_RESPONSE_TO_MOLECULE_OF_BACTERIAL_ORIGIN,375,4,0.2506062975140059,1.5861740813438894,"CYP27B1, IL1A, CD274, CD80",0.6578472194000219
GOBP_NUCLEOTIDE_METABOLIC_PROCESS,499,5,0.25149636695077465,1.48967091513718,"GMPR2, PDE5A, TK2, PGAM1, RPE",0.6578472194000219
GOBP_LYMPHOCYTE_MEDIATED_IMMUNITY,376,4,0.2520752116062198,1.581882672071318,"C8B, TRAF3IP2, CD274, CD80",0.6578472194000219
GOBP_FEMALE_MEIOTIC_NUCLEAR_DIVISION,43,1,0.25359762156329657,3.496011391345698,SYCP2,0.6578472194000219
GOBP_MACROPHAGE_CHEMOTAXIS,43,1,0.25359762156329657,3.496011391345698,CCL3,0.6578472194000219
GOBP_NEGATIVE_REGULATION_OF_PLASMA_MEMBRANE_BOUNDED_CELL_PROJECTION_ASSEMBLY,43,1,0.25359762156329657,3.496011391345698,SLIT2,0.6578472194000219
GOBP_NEUTRAL_LIPID_CATABOLIC_PROCESS,43,1,0.25359762156329657,3.496011391345698,PNLIPRP1,0.6578472194000219
GOBP_NUCLEOSIDE_MONOPHOSPHATE_BIOSYNTHETIC_PROCESS,43,1,0.25359762156329657,3.496011391345698,TK2,0.6578472194000219
GOBP_POSITIVE_REGULATION_OF_SUBSTRATE_ADHESION_DEPENDENT_CELL_SPREADING,43,1,0.25359762156329657,3.496011391345698,DOCK5,0.6578472194000219
GOBP_PROTEIN_N_LINKED_GLYCOSYLATION_VIA_ASPARAGINE,43,1,0.25359762156329657,3.496011391345698,DHDDS,0.6578472194000219
GOBP_REGULATION_OF_T_CELL_APOPTOTIC_PROCESS,43,1,0.25359762156329657,3.496011391345698,CD274,0.6578472194000219
GOBP_MYELOID_LEUKOCYTE_ACTIVATION,258,3,0.2552105194042959,1.7298619274723697,"TRAF3IP2, PLSCR1, CCL3",0.6578472194000219
GOBP_APOPTOTIC_PROCESS_INVOLVED_IN_DEVELOPMENT,44,1,0.25865941017508975,3.4146497807431366,SLIT2,0.6578472194000219
GOBP_INTESTINAL_ABSORPTION,44,1,0.25865941017508975,3.4146497807431366,HAMP,0.6578472194000219
GOBP_NEGATIVE_REGULATION_OF_OSSIFICATION,44,1,0.25865941017508975,3.4146497807431366,CCL3,0.6578472194000219
GOBP_NEGATIVE_REGULATION_OF_TYPE_II_INTERFERON_PRODUCTION,44,1,0.25865941017508975,3.4146497807431366,CD274,0.6578472194000219
GOBP_POSITIVE_REGULATION_OF_LYMPHOCYTE_MIGRATION,44,1,0.25865941017508975,3.4146497807431366,CCL3,0.6578472194000219
GOBP_PROTEIN_CONTAINING_COMPLEX_REMODELING,44,1,0.25865941017508975,3.4146497807431366,PNLIPRP1,0.6578472194000219
GOBP_PURINE_NUCLEOSIDE_MONOPHOSPHATE_METABOLIC_PROCESS,44,1,0.25865941017508975,3.4146497807431366,GMPR2,0.6578472194000219
GOBP_PYRIMIDINE_CONTAINING_COMPOUND_BIOSYNTHETIC_PROCESS,44,1,0.25865941017508975,3.4146497807431366,TK2,0.6578472194000219
GOBP_REGULATION_OF_DIGESTIVE_SYSTEM_PROCESS,44,1,0.25865941017508975,3.4146497807431366,HAMP,0.6578472194000219
GOBP_RELEASE_OF_SEQUESTERED_CALCIUM_ION_INTO_CYTOSOL_BY_ENDOPLASMIC_RETICULUM,44,1,0.25865941017508975,3.4146497807431366,CCL3,0.6578472194000219
GOBP_PHOSPHOLIPID_METABOLIC_PROCESS,383,4,0.2624068520305074,1.5524768940172557,"DHDDS, SLC44A2, PLSCR1, AGPAT1",0.6578472194000219
GOBP_AMYLOID_FIBRIL_FORMATION,45,1,0.26368695817029675,3.3369864249546364,GSN,0.6578472194000219
GOBP_COLLAGEN_CATABOLIC_PROCESS,45,1,0.26368695817029675,3.3369864249546364,MMP13,0.6578472194000219
GOBP_NEGATIVE_CHEMOTAXIS,45,1,0.26368695817029675,3.3369864249546364,SLIT2,0.6578472194000219
GOBP_REGULATION_OF_DEFENSE_RESPONSE_TO_VIRUS_BY_HOST,45,1,0.26368695817029675,3.3369864249546364,TRAF3IP2,0.6578472194000219
GOBP_SENSORY_PERCEPTION_OF_BITTER_TASTE,45,1,0.26368695817029675,3.3369864249546364,TAS2R41,0.6578472194000219
GOBP_TYPE_2_IMMUNE_RESPONSE,45,1,0.26368695817029675,3.3369864249546364,TRAF3IP2,0.6578472194000219
GOBP_NEGATIVE_REGULATION_OF_PROTEIN_CONTAINING_COMPLEX_ASSEMBLY,149,2,0.26782520935920384,1.999169098697113,"SLIT2, GSN",0.6578472194000219
GOBP_DETECTION_OF_CHEMICAL_STIMULUS_INVOLVED_IN_SENSORY_PERCEPTION_OF_TASTE,46,1,0.26868049658666104,3.2627747736731654,TAS2R41,0.6578472194000219
GOBP_POSITIVE_REGULATION_OF_MITOTIC_NUCLEAR_DIVISION,46,1,0.26868049658666104,3.2627747736731654,IL1A,0.6578472194000219
GOBP_CARBOHYDRATE_DERIVATIVE_CATABOLIC_PROCESS,266,3,0.2697598329444669,1.677009761028461,"PDE5A, NGLY1, PGAM1",0.6578472194000219
GOBP_REGULATION_OF_MONONUCLEAR_CELL_MIGRATION,150,2,0.2703296864018352,1.9856268140838524,"SLIT2, CCL3",0.6578472194000219
GOBP_ALPHA_BETA_T_CELL_PROLIFERATION,47,1,0.27364025490694466,3.191789715747643,CD274,0.6578472194000219
GOBP_GENITALIA_DEVELOPMENT,47,1,0.27364025490694466,3.191789715747643,SYCP2,0.6578472194000219
GOBP_MODIFIED_AMINO_ACID_BIOSYNTHETIC_PROCESS,47,1,0.27364025490694466,3.191789715747643,PLSCR1,0.6578472194000219
GOBP_NEGATIVE_REGULATION_OF_ACTIN_FILAMENT_DEPOLYMERIZATION,47,1,0.27364025490694466,3.191789715747643,GSN,0.6578472194000219
GOBP_NUCLEAR_MEMBRANE_ORGANIZATION,47,1,0.27364025490694466,3.191789715747643,TOR1B,0.6578472194000219
GOBP_POSITIVE_REGULATION_OF_MYOBLAST_DIFFERENTIATION,47,1,0.27364025490694466,3.191789715747643,SMARCD2,0.6578472194000219
GOBP_POSITIVE_REGULATION_OF_SMOOTH_MUSCLE_CELL_MIGRATION,47,1,0.27364025490694466,3.191789715747643,DOCK5,0.6578472194000219
GOBP_REGULATION_OF_EXTRINSIC_APOPTOTIC_SIGNALING_PATHWAY_IN_ABSENCE_OF_LIGAND,47,1,0.27364025490694466,3.191789715747643,IL1A,0.6578472194000219
GOBP_REGULATION_OF_NEUROBLAST_PROLIFERATION,47,1,0.27364025490694466,3.191789715747643,TAFA1,0.6578472194000219
GOBP_REGULATION_OF_TRIGLYCERIDE_METABOLIC_PROCESS,47,1,0.27364025490694466,3.191789715747643,TMX1,0.6578472194000219
GOBP_SECRETION_BY_TISSUE,47,1,0.27364025490694466,3.191789715747643,TRAF3IP2,0.6578472194000219
GOBP_SODIUM_ION_HOMEOSTASIS,47,1,0.27364025490694466,3.191789715747643,IL1A,0.6578472194000219
GOBP_STEROID_HORMONE_BIOSYNTHETIC_PROCESS,47,1,0.27364025490694466,3.191789715747643,CYP11B1,0.6578472194000219
GOBP_VENTRICULAR_SEPTUM_MORPHOGENESIS,47,1,0.27364025490694466,3.191789715747643,SLIT2,0.6578472194000219
GOBP_POSITIVE_REGULATION_OF_LEUKOCYTE_MIGRATION,152,2,0.27533782552187425,1.9590839362326729,"DAPK2, CCL3",0.6578472194000219
GOBP_REGULATION_OF_PROTEOLYSIS,393,4,0.2773010153015986,1.5123044759511604,"HAMP, TMX1, GSN, NEURL3",0.6578472194000219
GOBP_REGULATION_OF_ACTIN_FILAMENT_LENGTH,153,2,0.2778412659935905,1.9460761682746717,"SLIT2, GSN",0.6578472194000219
GOBP_RESPONSE_TO_CORTICOSTEROID,153,2,0.2778412659935905,1.9460761682746717,"CSN1S1, SLIT2",0.6578472194000219
GOBP_FAT_SOLUBLE_VITAMIN_METABOLIC_PROCESS,48,1,0.278566461069366,3.1238252984217896,CYP27B1,0.6578472194000219
GOBP_LYMPHOCYTE_CHEMOTAXIS,48,1,0.278566461069366,3.1238252984217896,CCL3,0.6578472194000219
GOBP_MYOBLAST_FUSION,48,1,0.278566461069366,3.1238252984217896,DOCK5,0.6578472194000219
GOBP_NEGATIVE_REGULATION_OF_TYPE_I_INTERFERON_PRODUCTION,48,1,0.278566461069366,3.1238252984217896,LILRA4,0.6578472194000219
GOBP_PHAGOCYTOSIS_ENGULFMENT,48,1,0.278566461069366,3.1238252984217896,GSN,0.6578472194000219
GOBP_REGULATION_OF_MACROPHAGE_MIGRATION,48,1,0.278566461069366,3.1238252984217896,CCL3,0.6578472194000219
GOBP_RESPONSE_TO_TUMOR_CELL,48,1,0.278566461069366,3.1238252984217896,CD274,0.6578472194000219
GOBP_RESPONSE_TO_ALCOHOL,271,3,0.2789004177140541,1.6455794847930676,"CSN1S1, SLIT2, CCL3",0.6578472194000219
GOBP_POSITIVE_REGULATION_OF_PHOSPHORYLATION,273,3,0.2825650524262663,1.6333333179012346,"ODAM, CD80, IL20",0.6578472194000219
GOBP_POSITIVE_REGULATION_OF_PROTEIN_MODIFICATION_PROCESS,397,4,0.283297422846448,1.4968079401234655,"HAMP, ODAM, CD80, IL20",0.6578472194000219
GOBP_REGULATION_OF_CELL_FATE_COMMITMENT,49,1,0.2834593414779718,3.0586927316681085,LOXL3,0.6578472194000219
GOBP_REGULATION_OF_CENTROSOME_DUPLICATION,49,1,0.2834593414779718,3.0586927316681085,SPICE1,0.6578472194000219
GOBP_SARCOPLASMIC_RETICULUM_CALCIUM_ION_TRANSPORT,49,1,0.2834593414779718,3.0586927316681085,CCL3,0.6578472194000219
GOBP_SEMI_LUNAR_VALVE_DEVELOPMENT,49,1,0.2834593414779718,3.0586927316681085,SLIT2,0.6578472194000219
GOBP_POSITIVE_REGULATION_OF_CELL_CYCLE_PROCESS,274,3,0.2843989710310317,1.6272780176662585,"IL1A, ANKRD31, PLSCR1",0.6578472194000219
GOBP_SMOOTHENED_SIGNALING_PATHWAY,156,2,0.2853477729181598,1.9080664566923358,"TUBD1, ARL13B",0.6578472194000219
GOBP_ACTIN_FILAMENT_POLYMERIZATION,157,2,0.2878483184102534,1.895723518087113,"SLIT2, GSN",0.6578472194000219
GOBP_CELLULAR_RESPONSE_TO_NUTRIENT,50,1,0.2883191210129342,2.996218636889121,CYP27B1,0.6578472194000219
GOBP_CEREBRAL_CORTEX_CELL_MIGRATION,50,1,0.2883191210129342,2.996218636889121,SLIT2,0.6578472194000219
GOBP_NEGATIVE_REGULATION_OF_VIRAL_GENOME_REPLICATION,50,1,0.2883191210129342,2.996218636889121,PLSCR1,0.6578472194000219
GOBP_NUCLEOSIDE_METABOLIC_PROCESS,50,1,0.2883191210129342,2.996218636889121,TK2,0.6578472194000219
GOBP_OVULATION_CYCLE_PROCESS,50,1,0.2883191210129342,2.996218636889121,SLIT2,0.6578472194000219
GOBP_POSITIVE_REGULATION_OF_EPITHELIAL_CELL_MIGRATION,50,1,0.2883191210129342,2.996218636889121,DOCK5,0.6578472194000219
GOBP_REGULATION_OF_CALCIUM_ION_IMPORT,50,1,0.2883191210129342,2.996218636889121,CCL3,0.6578472194000219
GOBP_REGULATION_OF_VASCULAR_PERMEABILITY,50,1,0.2883191210129342,2.996218636889121,SLIT2,0.6578472194000219
GOBP_SARCOMERE_ORGANIZATION,50,1,0.2883191210129342,2.996218636889121,CSRP1,0.6578472194000219
GOBP_SCHWANN_CELL_DIFFERENTIATION,50,1,0.2883191210129342,2.996218636889121,LAMA2,0.6578472194000219
GOBP_T_HELPER_1_TYPE_IMMUNE_RESPONSE,50,1,0.2883191210129342,2.996218636889121,CD80,0.6578472194000219
GOBP_CELLULAR_RESPONSE_TO_BIOTIC_STIMULUS,277,3,0.2899065442590275,1.60937731258959,"IL1A, CD274, CD80",0.6602211300389551
GOBP_BILE_ACID_METABOLIC_PROCESS,51,1,0.29314602304078285,2.936243505774441,MALRD1,0.6634381623455782
GOBP_NEUTRAL_LIPID_BIOSYNTHETIC_PROCESS,51,1,0.29314602304078285,2.936243505774441,TMX1,0.6634381623455782
GOBP_POSITIVE_T_CELL_SELECTION,51,1,0.29314602304078285,2.936243505774441,LOXL3,0.6634381623455782
GOBP_PURINE_CONTAINING_COMPOUND_CATABOLIC_PROCESS,160,2,0.2953436465810335,1.8596321406314276,"PDE5A, PGAM1",0.6634381623455782
GOBP_VASCULAR_PROCESS_IN_CIRCULATORY_SYSTEM,281,3,0.29726174736724836,1.5861106887194365,"COMP, SLIT2, DOCK5",0.6634381623455782
GOBP_MICROTUBULE_ORGANIZING_CENTER_ORGANIZATION,161,2,0.2978396536523521,1.847904334535114,"CEP72, SPICE1",0.6634381623455782
GOBP_REGULATION_OF_TUBE_SIZE,161,2,0.2978396536523521,1.847904334535114,"COMP, DOCK5",0.6634381623455782
GOBP_ENDOLYSOSOMAL_TOLL_LIKE_RECEPTOR_SIGNALING_PATHWAY,52,1,0.2979402694245683,2.8786203404687796,LILRA4,0.6634381623455782
GOBP_NEGATIVE_REGULATION_OF_CELLULAR_RESPONSE_TO_INSULIN_STIMULUS,52,1,0.2979402694245683,2.8786203404687796,TNS2,0.6634381623455782
GOBP_NEGATIVE_REGULATION_OF_CHEMOTAXIS,52,1,0.2979402694245683,2.8786203404687796,SLIT2,0.6634381623455782
GOBP_REGULATION_OF_LAMELLIPODIUM_ORGANIZATION,52,1,0.2979402694245683,2.8786203404687796,SLIT2,0.6634381623455782
GOBP_POSITIVE_REGULATION_OF_DNA_METABOLIC_PROCESS,282,3,0.2991023327891579,1.5803982738973166,"SMARCD2, ATF1, ANKRD31",0.6634381623455782
GOBP_HUMORAL_IMMUNE_RESPONSE_MEDIATED_BY_CIRCULATING_IMMUNOGLOBULIN,53,1,0.3027020805339541,2.823213450643623,C8B,0.6634381623455782
GOBP_KETONE_BIOSYNTHETIC_PROCESS,53,1,0.3027020805339541,2.823213450643623,CYP11B1,0.6634381623455782
GOBP_VIRAL_TRANSCRIPTION,53,1,0.3027020805339541,2.823213450643623,CCL3,0.6634381623455782
GOBP_REGULATION_OF_LEUKOCYTE_PROLIFERATION,284,3,0.3027853167678141,1.5690954175221927,"IL1A, CD274, CD80",0.6634381623455782
GOBP_DNA_BIOSYNTHETIC_PROCESS,163,2,0.30282742972775445,1.8248857834323364,"WRNIP1, TK2",0.6634381623455782
GOBP_VIRAL_PROCESS,410,4,0.3029107150458671,1.448553025282193,"CD80, LRRC15, PLSCR1, CCL3",0.6634381623455782
GOBP_NEGATIVE_REGULATION_OF_CELL_DEVELOPMENT,286,3,0.30647040972951317,1.5579523188329096,"LOXL3, LRRC17, CCL3",0.6634381623455782
GOBP_NEGATIVE_REGULATION_OF_COAGULATION,54,1,0.3074316752552446,2.7698973867494785,TMX1,0.6634381623455782
GOBP_NEGATIVE_REGULATION_OF_T_CELL_DIFFERENTIATION,54,1,0.3074316752552446,2.7698973867494785,LOXL3,0.6634381623455782
GOBP_PHOTOTRANSDUCTION,54,1,0.3074316752552446,2.7698973867494785,OPN5,0.6634381623455782
GOBP_PORPHYRIN_CONTAINING_COMPOUND_METABOLIC_PROCESS,54,1,0.3074316752552446,2.7698973867494785,SLC48A1,0.6634381623455782
GOBP_POSITIVE_REGULATION_OF_BIOMINERAL_TISSUE_DEVELOPMENT,54,1,0.3074316752552446,2.7698973867494785,AMTN,0.6634381623455782
GOBP_REGULATION_OF_CHONDROCYTE_DIFFERENTIATION,54,1,0.3074316752552446,2.7698973867494785,ZNF219,0.6634381623455782
GOBP_VASCULAR_ASSOCIATED_SMOOTH_MUSCLE_CELL_MIGRATION,54,1,0.3074316752552446,2.7698973867494785,DOCK5,0.6634381623455782
GOBP_ESTABLISHMENT_OF_CELL_POLARITY,165,2,0.3078089237063163,1.8024321047404408,"TRAF3IP2, GSN",0.6634381623455782
GOBP_NEURAL_TUBE_DEVELOPMENT,165,2,0.3078089237063163,1.8024321047404408,"ARL13B, DEAF1",0.6634381623455782
GOBP_RESPONSE_TO_TOPOLOGICALLY_INCORRECT_PROTEIN,165,2,0.3078089237063163,1.8024321047404408,"COMP, TOR1B",0.6634381623455782
GOBP_SECONDARY_ALCOHOL_METABOLIC_PROCESS,165,2,0.3078089237063163,1.8024321047404408,"CYP27B1, CYP11B1",0.6634381623455782
GOBP_REGULATION_OF_EXTRINSIC_APOPTOTIC_SIGNALING_PATHWAY,166,2,0.31029708318199634,1.7914106344037326,"IL1A, BCL2L14",0.6676088759370223
GOBP_REGULATION_OF_EPITHELIAL_CELL_APOPTOTIC_PROCESS,55,1,0.31212927100134524,2.718555991795639,GSN,0.6691652399620314
GOBP_REGULATION_OF_PLATELET_ACTIVATION,55,1,0.31212927100134524,2.718555991795639,TMX1,0.6691652399620314
GOBP_NEGATIVE_REGULATION_OF_CYTOSKELETON_ORGANIZATION,167,2,0.31278339670250255,1.780522757644803,"SLIT2, GSN",0.6693786521629796
GOBP_G_PROTEIN_COUPLED_RECEPTOR_SIGNALING_PATHWAY_COUPLED_TO_CYCLIC_NUCLEOTIDE_SECOND_MESSENGER,56,1,0.31679508372165455,2.6690815565721477,MC5R,0.6708274843018194
GOBP_PHOSPHOLIPID_TRANSLOCATION,56,1,0.31679508372165455,2.6690815565721477,PLSCR1,0.6708274843018194
GOBP_POSITIVE_REGULATION_OF_RECEPTOR_MEDIATED_ENDOCYTOSIS,56,1,0.31679508372165455,2.6690815565721477,HAMP,0.6708274843018194
GOBP_PROTEIN_DESTABILIZATION,56,1,0.31679508372165455,2.6690815565721477,GSN,0.6708274843018194
GOBP_RAC_PROTEIN_SIGNAL_TRANSDUCTION,56,1,0.31679508372165455,2.6690815565721477,DOCK5,0.6708274843018194
GOBP_STRIATED_MUSCLE_ADAPTATION,56,1,0.31679508372165455,2.6690815565721477,GSN,0.6708274843018194
GOBP_GLIAL_CELL_ACTIVATION,57,1,0.32142932791188916,2.6213740653836988,CCL3,0.6758975588669865
GOBP_MALE_MEIOTIC_NUCLEAR_DIVISION,57,1,0.32142932791188916,2.6213740653836988,SYCP2,0.6758975588669865
GOBP_MONOSACCHARIDE_CATABOLIC_PROCESS,57,1,0.32142932791188916,2.6213740653836988,PGAM1,0.6758975588669865
GOBP_NEGATIVE_REGULATION_OF_LEUKOCYTE_MIGRATION,57,1,0.32142932791188916,2.6213740653836988,SLIT2,0.6758975588669865
GOBP_NEGATIVE_REGULATION_OF_SUPRAMOLECULAR_FIBER_ORGANIZATION,172,2,0.3251842018265485,1.7280047638376774,"SLIT2, GSN",0.68083198177333
GOBP_ACTIN_NUCLEATION,58,1,0.3260322166238482,2.575340521179957,GSN,0.68083198177333
GOBP_NUCLEAR_ENVELOPE_ORGANIZATION,58,1,0.3260322166238482,2.575340521179957,TOR1B,0.68083198177333
GOBP_REGULATION_OF_CENTROSOME_CYCLE,58,1,0.3260322166238482,2.575340521179957,SPICE1,0.68083198177333
GOBP_VIRAL_LIFE_CYCLE,298,3,0.32860506768911557,1.494266676805027,"CD80, LRRC15, PLSCR1",0.6850195452517488
GOBP_IMMUNOGLOBULIN_PRODUCTION_INVOLVED_IN_IMMUNOGLOBULIN_MEDIATED_IMMUNE_RESPONSE,59,1,0.33060396147510607,2.530894340499985,TRAF3IP2,0.6856339888323936
GOBP_POSITIVE_REGULATION_OF_CALCIUM_MEDIATED_SIGNALING,59,1,0.33060396147510607,2.530894340499985,CCL3,0.6856339888323936
GOBP_POSITIVE_REGULATION_OF_EXTRINSIC_APOPTOTIC_SIGNALING_PATHWAY,59,1,0.33060396147510607,2.530894340499985,BCL2L14,0.6856339888323936
GOBP_GLYCEROPHOSPHOLIPID_METABOLIC_PROCESS,300,3,0.3322949257497957,1.4841527392620701,"SLC44A2, PLSCR1, AGPAT1",0.68679073106788
GOBP_NEGATIVE_REGULATION_OF_CELL_GROWTH,175,2,0.3325970273226083,1.697951114180954,"CYP27B1, SLIT2",0.68679073106788
GOBP_ACTIN_FILAMENT_DEPOLYMERIZATION,60,1,0.3351447726586424,2.487954809947741,GSN,0.68679073106788
GOBP_MATERNAL_PROCESS_INVOLVED_IN_FEMALE_PREGNANCY,60,1,0.3351447726586424,2.487954809947741,CYP27B1,0.68679073106788
GOBP_P38MAPK_CASCADE,60,1,0.3351447726586424,2.487954809947741,MAP3K15,0.68679073106788
GOBP_RESPONSE_TO_AMYLOID_BETA,60,1,0.3351447726586424,2.487954809947741,MMP13,0.68679073106788
GOBP_RIBONUCLEOSIDE_MONOPHOSPHATE_METABOLIC_PROCESS,60,1,0.3351447726586424,2.487954809947741,GMPR2,0.68679073106788
GOBP_PYRIDINE_CONTAINING_COMPOUND_METABOLIC_PROCESS,177,2,0.3375260323797008,1.6784877982044666,"PGAM1, RPE",0.6885295803984336
GOBP_REGULATION_OF_EPITHELIAL_CELL_DIFFERENTIATION,177,2,0.3375260323797008,1.6784877982044666,"CYP27B1, IL20",0.6885295803984336
GOBP_BIOLOGICAL_PROCESS_INVOLVED_IN_INTRASPECIES_INTERACTION_BETWEEN_ORGANISMS,61,1,0.3396548589524109,2.4464465970200253,GRPR,0.6885295803984336
GOBP_FC_RECEPTOR_SIGNALING_PATHWAY,61,1,0.3396548589524109,2.4464465970200253,LILRA4,0.6885295803984336
GOBP_REGULATION_OF_SUBSTRATE_ADHESION_DEPENDENT_CELL_SPREADING,61,1,0.3396548589524109,2.4464465970200253,DOCK5,0.6885295803984336
GOBP_T_CELL_APOPTOTIC_PROCESS,61,1,0.3396548589524109,2.4464465970200253,CD274,0.6885295803984336
GOBP_MULTICELLULAR_ORGANISM_GROWTH,178,2,0.3399864373798396,1.6689220207477153,"COMP, TNS2",0.6885295803984336
GOBP_ORGANOPHOSPHATE_ESTER_TRANSPORT,179,2,0.34244400944429465,1.6594643311702773,"PRELID2, PLSCR1",0.6888395593179227
GOBP_MACROPHAGE_MIGRATION,62,1,0.34413442772883795,2.4062993090497082,CCL3,0.6888395593179227
GOBP_POLYOL_BIOSYNTHETIC_PROCESS,62,1,0.34413442772883795,2.4062993090497082,CYP27B1,0.6888395593179227
GOBP_POSITIVE_REGULATION_OF_NUCLEAR_DIVISION,62,1,0.34413442772883795,2.4062993090497082,IL1A,0.6888395593179227
GOBP_PROTEIN_LIPID_COMPLEX_ORGANIZATION,62,1,0.34413442772883795,2.4062993090497082,PNLIPRP1,0.6888395593179227
GOBP_REGULATION_OF_MACROPHAGE_ACTIVATION,62,1,0.34413442772883795,2.4062993090497082,CCL3,0.6888395593179227
GOBP_VISUAL_BEHAVIOR,62,1,0.34413442772883795,2.4062993090497082,DEAF1,0.6888395593179227
GOBP_PLASMA_MEMBRANE_ORGANIZATION,180,2,0.3448986740715422,1.6501129077663477,"GSN, PLSCR1",0.689226323848264
GOBP_MUSCLE_CELL_DIFFERENTIATION,439,4,0.3471007195049008,1.3513008122332903,"COMP, DOCK5, CSRP1, LAMA2",0.6908711128930473
GOBP_GLIAL_CELL_MIGRATION,63,1,0.3485836849642633,2.3674470948318693,CCL3,0.6908711128930473
GOBP_HEART_VALVE_MORPHOGENESIS,63,1,0.3485836849642633,2.3674470948318693,SLIT2,0.6908711128930473
GOBP_KERATINOCYTE_PROLIFERATION,63,1,0.3485836849642633,2.3674470948318693,KLK8,0.6908711128930473
GOBP_REGULATION_OF_SMOOTH_MUSCLE_CONTRACTION,63,1,0.3485836849642633,2.3674470948318693,DOCK5,0.6908711128930473
GOBP_MEMBRANE_INVAGINATION,64,1,0.35300283524831366,2.3298282841903037,GSN,0.6916792567284328
GOBP_NEGATIVE_REGULATION_OF_CYTOPLASMIC_PATTERN_RECOGNITION_RECEPTOR_SIGNALING_PATHWAY,64,1,0.35300283524831366,2.3298282841903037,LILRA4,0.6916792567284328
GOBP_NEGATIVE_REGULATION_OF_LYMPHOCYTE_DIFFERENTIATION,64,1,0.35300283524831366,2.3298282841903037,LOXL3,0.6916792567284328
GOBP_POSITIVE_REGULATION_OF_MYELOID_LEUKOCYTE_DIFFERENTIATION,64,1,0.35300283524831366,2.3298282841903037,IL20,0.6916792567284328
GOBP_REGULATION_OF_LYMPHOCYTE_APOPTOTIC_PROCESS,64,1,0.35300283524831366,2.3298282841903037,CD274,0.6916792567284328
GOBP_T_CELL_SELECTION,64,1,0.35300283524831366,2.3298282841903037,LOXL3,0.6916792567284328
GOBP_TETRAPYRROLE_METABOLIC_PROCESS,64,1,0.35300283524831366,2.3298282841903037,SLC48A1,0.6916792567284328
GOBP_ANTIMICROBIAL_HUMORAL_RESPONSE,184,2,0.3546868076336158,1.6137348430817486,"HAMP, CCL3",0.6924113045335653
GOBP_COMPLEMENT_ACTIVATION,65,1,0.3573920817932156,2.293385061334666,C8B,0.6924113045335653
GOBP_HORMONE_BIOSYNTHETIC_PROCESS,65,1,0.3573920817932156,2.293385061334666,CYP11B1,0.6924113045335653
GOBP_MULTICELLULAR_ORGANISMAL_MOVEMENT,65,1,0.3573920817932156,2.293385061334666,COMP,0.6924113045335653
GOBP_RECEPTOR_CLUSTERING,65,1,0.3573920817932156,2.293385061334666,GSN,0.6924113045335653
GOBP_RESPONSE_TO_ESTROGEN,65,1,0.3573920817932156,2.293385061334666,CYP27B1,0.6924113045335653
GOBP_VASCULAR_ENDOTHELIAL_GROWTH_FACTOR_PRODUCTION,65,1,0.3573920817932156,2.293385061334666,IL1A,0.6924113045335653
GOBP_NUCLEOSIDE_PHOSPHATE_CATABOLIC_PROCESS,186,2,0.35956157501597275,1.5961389313511045,"PDE5A, PGAM1",0.6924352324622829
GOBP_NEGATIVE_REGULATION_OF_G_PROTEIN_COUPLED_RECEPTOR_SIGNALING_PATHWAY,66,1,0.36175162644304537,2.2580631683692634,SLIT2,0.6924352324622829
GOBP_NON_MOTILE_CILIUM_ASSEMBLY,66,1,0.36175162644304537,2.2580631683692634,ARL13B,0.6924352324622829
GOBP_PROTEIN_LOCALIZATION_TO_CYTOSKELETON,66,1,0.36175162644304537,2.2580631683692634,CEP72,0.6924352324622829
GOBP_REGULATION_OF_MEMBRANE_LIPID_DISTRIBUTION,66,1,0.36175162644304537,2.2580631683692634,PLSCR1,0.6924352324622829
GOBP_REGULATION_OF_PROTEIN_MATURATION,66,1,0.36175162644304537,2.2580631683692634,GSN,0.6924352324622829
GOBP_ACTIN_POLYMERIZATION_OR_DEPOLYMERIZATION,187,2,0.3619938953468935,1.587483645038393,"SLIT2, GSN",0.6924352324622829
GOBP_RESPONSE_TO_BMP,187,2,0.3619938953468935,1.587483645038393,"COMP, NGLY1",0.6924352324622829
GOBP_ORGAN_GROWTH,188,2,0.3644227520825013,1.5789214263191684,"COMP, MMP13",0.6936586739517736
GOBP_CELLULAR_RESPONSE_TO_HEAT,67,1,0.3660816696829161,2.22381163575559,IL1A,0.6936586739517736
GOBP_NEGATIVE_REGULATION_OF_SMALL_GTPASE_MEDIATED_SIGNAL_TRANSDUCTION,67,1,0.3660816696829161,2.22381163575559,SLIT2,0.6936586739517736
GOBP_REGULATION_OF_DEFENSE_RESPONSE_TO_VIRUS,67,1,0.3660816696829161,2.22381163575559,TRAF3IP2,0.6936586739517736
GOBP_REGULATION_OF_VASOCONSTRICTION,67,1,0.3660816696829161,2.22381163575559,DOCK5,0.6936586739517736
GOBP_SYNCYTIUM_FORMATION,67,1,0.3660816696829161,2.22381163575559,DOCK5,0.6936586739517736
GOBP_REGULATION_OF_RNA_SPLICING,189,2,0.36684808051212114,1.5704507821304543,"CLK1, CLK4",0.694021368617759
GOBP_EMBRYONIC_HEART_TUBE_MORPHOGENESIS,68,1,0.37038241064810506,2.1905825369125487,ARL13B,0.6963420088041476
GOBP_HOMOLOGOUS_RECOMBINATION,68,1,0.37038241064810506,2.1905825369125487,ANKRD31,0.6963420088041476
GOBP_OVULATION_CYCLE,68,1,0.37038241064810506,2.1905825369125487,SLIT2,0.6963420088041476
GOBP_SENSORY_PERCEPTION_OF_TASTE,68,1,0.37038241064810506,2.1905825369125487,TAS2R41,0.6963420088041476
GOBP_GLYCEROLIPID_CATABOLIC_PROCESS,69,1,0.3746540471331191,2.1583307644695893,PNLIPRP1,0.7021854579032217
GOBP_POSITIVE_REGULATION_OF_NEURON_APOPTOTIC_PROCESS,69,1,0.3746540471331191,2.1583307644695893,CCL3,0.7021854579032217
GOBP_LIPID_HOMEOSTASIS,193,2,0.37651285282270563,1.5374551838128614,"PNLIPRP1, MALRD1",0.7034845408003184
GOBP_MYELOID_CELL_HOMEOSTASIS,193,2,0.37651285282270563,1.5374551838128614,"TRAF3IP2, SLC48A1",0.7034845408003184
GOBP_ADIPOSE_TISSUE_DEVELOPMENT,70,1,0.3788967756006977,2.127013825976097,ABHD15,0.7046762455047221
GOBP_PROTEIN_K63_LINKED_UBIQUITINATION,70,1,0.3788967756006977,2.127013825976097,TRAF3IP2,0.7046762455047221
GOBP_APPENDAGE_DEVELOPMENT,194,2,0.37891960477594555,1.5294210993238297,"COMP, ZNF219",0.7046762455047221
GOBP_REGULATION_OF_PHOSPHORYLATION,461,4,0.3807237018327616,1.2857566510951741,"ODAM, CD80, SLIT2, IL20",0.7046762455047221
GOBP_CELL_ACTIVATION_INVOLVED_IN_IMMUNE_RESPONSE,327,3,0.3819112620748343,1.359835590200337,"LOXL3, CD80, CCL3",0.7046762455047221
GOBP_CELL_CHEMOTAXIS,328,3,0.38373659309332186,1.3556279328443648,"DAPK2, SLIT2, CCL3",0.7046762455047221
GOBP_LAMELLIPODIUM_ASSEMBLY,72,1,0.3872962877292797,2.0670264507390272,SLIT2,0.7046762455047221
GOBP_POSITIVE_CHEMOTAXIS,72,1,0.3872962877292797,2.0670264507390272,CCL3,0.7046762455047221
GOBP_POSITIVE_REGULATION_OF_RESPONSE_TO_CYTOKINE_STIMULUS,72,1,0.3872962877292797,2.0670264507390272,AGPAT1,0.7046762455047221
GOBP_REGULATION_OF_EPITHELIAL_CELL_MIGRATION,72,1,0.3872962877292797,2.0670264507390272,DOCK5,0.7046762455047221
GOBP_REGULATION_OF_LYMPHOCYTE_MIGRATION,72,1,0.3872962877292797,2.0670264507390272,CCL3,0.7046762455047221
GOBP_SIGNAL_TRANSDUCTION_IN_ABSENCE_OF_LIGAND,72,1,0.3872962877292797,2.0670264507390272,IL1A,0.7046762455047221
GOBP_COGNITION,330,3,0.3873835545210488,1.3472898228539456,"GRPR, KLK8, DEAF1",0.7046762455047221
GOBP_B_CELL_MEDIATED_IMMUNITY,198,2,0.3885070872537789,1.4981045658967573,"C8B, TRAF3IP2",0.7046762455047221
GOBP_TISSUE_REMODELING,198,2,0.3885070872537789,1.4981045658967573,"IL1A, DOCK5",0.7046762455047221
GOBP_CHAPERONE_MEDIATED_PROTEIN_FOLDING,73,1,0.39145345773712836,2.0382825000605433,TOR1B,0.7046762455047221
GOBP_REGULATION_OF_LIPID_BIOSYNTHETIC_PROCESS,200,2,0.39327632848584604,1.4829207921078367,"TMX1, MALRD1",0.7046762455047221
GOBP_CELLULAR_COMPONENT_DISASSEMBLY,470,4,0.39443778944635943,1.2607268626679315,"SMARCD2, MMP13, GSN, KLK4",0.7046762455047221
GOBP_MYELOID_CELL_DIFFERENTIATION,470,4,0.39443778944635943,1.2607268626679315,"LRRC17, IL20, SLC48A1, CCL3",0.7046762455047221
GOBP_DETECTION_OF_LIGHT_STIMULUS,74,1,0.3955824924388228,2.01032605485272,OPN5,0.7046762455047221
GOBP_GLYCOSYL_COMPOUND_METABOLIC_PROCESS,74,1,0.3955824924388228,2.01032605485272,TK2,0.7046762455047221
GOBP_MAMMARY_GLAND_EPITHELIUM_DEVELOPMENT,74,1,0.3955824924388228,2.01032605485272,DEAF1,0.7046762455047221
GOBP_MAST_CELL_ACTIVATION,74,1,0.3955824924388228,2.01032605485272,PLSCR1,0.7046762455047221
GOBP_NEGATIVE_REGULATION_OF_ENDOCYTOSIS,74,1,0.3955824924388228,2.01032605485272,PLSCR1,0.7046762455047221
GOBP_POSITIVE_REGULATION_OF_INTERLEUKIN_1_PRODUCTION,74,1,0.3955824924388228,2.01032605485272,CCL3,0.7046762455047221
GOBP_PROTEIN_N_LINKED_GLYCOSYLATION,74,1,0.3955824924388228,2.01032605485272,DHDDS,0.7046762455047221
GOBP_REGULATION_OF_LYMPHOCYTE_MEDIATED_IMMUNITY,201,2,0.39565463443934346,1.4754433557681108,"CD274, CD80",0.7046762455047221
GOBP_POSITIVE_REGULATION_OF_PHOSPHORUS_METABOLIC_PROCESS,335,3,0.39647783247397805,1.326884056684257,"ODAM, CD80, IL20",0.7046762455047221
GOBP_RENAL_SYSTEM_DEVELOPMENT,335,3,0.39647783247397805,1.326884056684257,"TRAF3IP2, TNS2, SLIT2",0.7046762455047221
GOBP_REGULATION_OF_PROTEIN_POLYMERIZATION,202,2,0.39802866080962607,1.4680406937908308,"SLIT2, GSN",0.7046762455047221
GOBP_INTRACELLULAR_IRON_ION_HOMEOSTASIS,75,1,0.39968358177123997,1.9831251892191937,HAMP,0.7046762455047221
GOBP_MYOFIBRIL_ASSEMBLY,75,1,0.39968358177123997,1.9831251892191937,CSRP1,0.7046762455047221
GOBP_NEGATIVE_REGULATION_OF_WOUND_HEALING,75,1,0.39968358177123997,1.9831251892191937,TMX1,0.7046762455047221
GOBP_PHOSPHATIDYLCHOLINE_METABOLIC_PROCESS,75,1,0.39968358177123997,1.9831251892191937,SLC44A2,0.7046762455047221
GOBP_PROTEIN_LOCALIZATION_TO_CILIUM,75,1,0.39968358177123997,1.9831251892191937,ARL13B,0.7046762455047221
GOBP_RECEPTOR_METABOLIC_PROCESS,75,1,0.39968358177123997,1.9831251892191937,HAMP,0.7046762455047221
GOBP_REGULATION_OF_CARTILAGE_DEVELOPMENT,75,1,0.39968358177123997,1.9831251892191937,ZNF219,0.7046762455047221
GOBP_REGULATION_OF_PROTEIN_LOCALIZATION_TO_MEMBRANE,203,2,0.4003983563637584,1.4607116901407504,"GSN, LRRC15",0.7046762455047221
GOBP_STEROID_METABOLIC_PROCESS,338,3,0.40191725300215764,1.3149329781074248,"CYP27B1, CYP11B1, MALRD1",0.7046762455047221
GOBP_NEGATIVE_REGULATION_OF_VIRAL_PROCESS,76,1,0.403756914392265,1.9566496799780142,PLSCR1,0.7046762455047221
GOBP_NEUROBLAST_PROLIFERATION,76,1,0.403756914392265,1.9566496799780142,TAFA1,0.7046762455047221
GOBP_REGULATION_OF_COAGULATION,76,1,0.403756914392265,1.9566496799780142,TMX1,0.7046762455047221
GOBP_REGULATION_OF_EXTRACELLULAR_MATRIX_ORGANIZATION,76,1,0.403756914392265,1.9566496799780142,LAMA2,0.7046762455047221
GOBP_MUSCLE_CELL_DEVELOPMENT,205,2,0.40512455451674334,1.4462703036354139,"COMP, CSRP1",0.7046762455047221
GOBP_REGULATION_OF_REPRODUCTIVE_PROCESS,206,2,0.4074809590458872,1.4391557970469016,"ANKRD31, SYCP2",0.7046762455047221
GOBP_HEART_VALVE_DEVELOPMENT,77,1,0.40780267768938183,1.9308708946409667,SLIT2,0.7046762455047221
GOBP_POSITIVE_REGULATION_OF_AXONOGENESIS,77,1,0.40780267768938183,1.9308708946409667,SLIT2,0.7046762455047221
GOBP_REGULATION_OF_MYOBLAST_DIFFERENTIATION,77,1,0.40780267768938183,1.9308708946409667,SMARCD2,0.7046762455047221
GOBP_CANONICAL_NF_KAPPAB_SIGNAL_TRANSDUCTION,342,3,0.4091480590624804,1.2993272432474925,"TRAF3IP2, IL1A, SLC44A2",0.7046762455047221
GOBP_EPITHELIAL_TUBE_MORPHOGENESIS,342,3,0.4091480590624804,1.2993272432474925,"SLIT2, ARL13B, DEAF1",0.7046762455047221
GOBP_REGULATION_OF_RESPONSE_TO_CYTOKINE_STIMULUS,207,2,0.4098328366005036,1.4321107002779034,"SLIT2, AGPAT1",0.7046762455047221
GOBP_CARDIAC_SEPTUM_MORPHOGENESIS,78,1,0.4118210577882049,1.9057616881217718,SLIT2,0.7046762455047221
GOBP_MITOTIC_SPINDLE_ASSEMBLY,78,1,0.4118210577882049,1.9057616881217718,SPICE1,0.7046762455047221
GOBP_MULTICELLULAR_ORGANISMAL_LEVEL_CHEMICAL_HOMEOSTASIS,78,1,0.4118210577882049,1.9057616881217718,HAMP,0.7046762455047221
GOBP_NEGATIVE_REGULATION_OF_REPRODUCTIVE_PROCESS,78,1,0.4118210577882049,1.9057616881217718,SYCP2,0.7046762455047221
GOBP_POSITIVE_REGULATION_OF_TYPE_II_INTERFERON_PRODUCTION,78,1,0.4118210577882049,1.9057616881217718,BTN3A1,0.7046762455047221
GOBP_REGULATION_OF_INSULIN_RECEPTOR_SIGNALING_PATHWAY,78,1,0.4118210577882049,1.9057616881217718,TNS2,0.7046762455047221
GOBP_REGULATION_OF_RECEPTOR_INTERNALIZATION,78,1,0.4118210577882049,1.9057616881217718,HAMP,0.7046762455047221
GOBP_VENTRICULAR_SEPTUM_DEVELOPMENT,78,1,0.4118210577882049,1.9057616881217718,SLIT2,0.7046762455047221
GOBP_SPINDLE_ORGANIZATION,208,2,0.4121801402869377,1.4251340025058177,"CEP72, SPICE1",0.7046762455047221
GOBP_POSITIVE_REGULATION_OF_CELL_CYCLE,345,3,0.41455378890761985,1.2878625038200973,"IL1A, ANKRD31, PLSCR1",0.7077318574420045
GOBP_SMOOTH_MUSCLE_CELL_DIFFERENTIATION,79,1,0.4158122395609567,1.8812963073898117,COMP,0.7078778182652676
GOBP_T_CELL_MIGRATION,79,1,0.4158122395609567,1.8812963073898117,CCL3,0.7078778182652676
GOBP_IMMUNE_SYSTEM_DEVELOPMENT,210,2,0.41686084267007995,1.4113818578564559,"TRAF3IP2, LRRC17",0.7086634325391359
GOBP_EXECUTION_PHASE_OF_APOPTOSIS,80,1,0.41977640663488613,1.857450303365344,PLSCR1,0.7106172830411045
GOBP_REGULATION_OF_VIRAL_GENOME_REPLICATION,80,1,0.41977640663488613,1.857450303365344,PLSCR1,0.7106172830411045
GOBP_RESPONSE_TO_FUNGUS,80,1,0.41977640663488613,1.857450303365344,HAMP,0.7106172830411045
GOBP_KERATINIZATION,81,1,0.4237137414006307,1.8342004494225745,SPRR2G,0.7142772149030185
GOBP_PIGMENT_METABOLIC_PROCESS,81,1,0.4237137414006307,1.8342004494225745,SLC48A1,0.7142772149030185
GOBP_PYRIMIDINE_CONTAINING_COMPOUND_METABOLIC_PROCESS,81,1,0.4237137414006307,1.8342004494225745,TK2,0.7142772149030185
GOBP_LIPID_CATABOLIC_PROCESS,351,3,0.42531715657283353,1.2655260287244456,"CYP27B1, ABHD15, PNLIPRP1",0.7159802063924826
GOBP_POSITIVE_REGULATION_OF_PROTEASOMAL_UBIQUITIN_DEPENDENT_PROTEIN_CATABOLIC_PROCESS,82,1,0.427624425020524,1.8115246659295399,HAMP,0.7168648347219062
GOBP_REGULATION_OF_CELLULAR_RESPONSE_TO_INSULIN_STIMULUS,82,1,0.427624425020524,1.8115246659295399,TNS2,0.7168648347219062
GOBP_RESPIRATORY_GASEOUS_EXCHANGE_BY_RESPIRATORY_SYSTEM,82,1,0.427624425020524,1.8115246659295399,GRPR,0.7168648347219062
GOBP_CHROMOSOME_SEPARATION,83,1,0.4315086374368464,1.7894019503094605,PLSCR1,0.7173979688516166
GOBP_EPITHELIAL_CELL_APOPTOTIC_PROCESS,83,1,0.4315086374368464,1.7894019503094605,GSN,0.7173979688516166
GOBP_LEUKOCYTE_DEGRANULATION,83,1,0.4315086374368464,1.7894019503094605,CCL3,0.7173979688516166
GOBP_LYMPHOCYTE_HOMEOSTASIS,83,1,0.4315086374368464,1.7894019503094605,TRAF3IP2,0.7173979688516166
GOBP_NEGATIVE_REGULATION_OF_MRNA_CATABOLIC_PROCESS,83,1,0.4315086374368464,1.7894019503094605,TRAF3IP2,0.7173979688516166
GOBP_RESPONSE_TO_ACTIVITY,83,1,0.4315086374368464,1.7894019503094605,TNS2,0.7173979688516166
GOBP_REGULATION_OF_DNA_METABOLIC_PROCESS,497,4,0.4352396634261443,1.1911206964452685,"SMARCD2, ATF1, WRNIP1, ANKRD31",0.7188610598600357
GOBP_ARTERY_MORPHOGENESIS,84,1,0.4353665573800216,1.7678123121579012,COMP,0.7188610598600357
GOBP_POSITIVE_REGULATION_OF_MUSCLE_CELL_DIFFERENTIATION,84,1,0.4353665573800216,1.7678123121579012,LAMA2,0.7188610598600357
GOBP_SENSORY_PERCEPTION_OF_PAIN,84,1,0.4353665573800216,1.7678123121579012,CCL3,0.7188610598600357
GOBP_TOLL_LIKE_RECEPTOR_SIGNALING_PATHWAY,84,1,0.4353665573800216,1.7678123121579012,CD274,0.7188610598600357
GOBP_SOMITE_DEVELOPMENT,85,1,0.43919836237675536,1.7467367129944191,LOXL3,0.7241972997113986
GOBP_EMBRYONIC_HEART_TUBE_DEVELOPMENT,86,1,0.44300422875812395,1.7261570102670347,ARL13B,0.7274912981102798
GOBP_NEUROINFLAMMATORY_RESPONSE,86,1,0.44300422875812395,1.7261570102670347,CCL3,0.7274912981102798
GOBP_REGULATION_OF_STEM_CELL_DIFFERENTIATION,86,1,0.44300422875812395,1.7261570102670347,SP7,0.7274912981102798
GOBP_FOREBRAIN_GENERATION_OF_NEURONS,87,1,0.44678433166760534,1.7060559052633721,SLIT2,0.7281559172614248
GOBP_NEGATIVE_REGULATION_OF_MONOATOMIC_ION_TRANSMEMBRANE_TRANSPORT,87,1,0.44678433166760534,1.7060559052633721,HAMP,0.7281559172614248
GOBP_NUCLEOTIDE_EXCISION_REPAIR,87,1,0.44678433166760534,1.7060559052633721,SMARCD2,0.7281559172614248
GOBP_PROTEIN_DEPHOSPHORYLATION,87,1,0.44678433166760534,1.7060559052633721,TNS2,0.7281559172614248
GOBP_REGULATION_OF_STEROID_BIOSYNTHETIC_PROCESS,87,1,0.44678433166760534,1.7060559052633721,MALRD1,0.7281559172614248
GOBP_BONE_REMODELING,88,1,0.45053884506905695,1.686416894614129,DOCK5,0.7281559172614248
GOBP_NEGATIVE_REGULATION_OF_PROTEIN_CONTAINING_COMPLEX_DISASSEMBLY,88,1,0.45053884506905695,1.686416894614129,GSN,0.7281559172614248
GOBP_PERIPHERAL_NERVOUS_SYSTEM_DEVELOPMENT,88,1,0.45053884506905695,1.686416894614129,LAMA2,0.7281559172614248
GOBP_POSITIVE_REGULATION_OF_REPRODUCTIVE_PROCESS,88,1,0.45053884506905695,1.686416894614129,ANKRD31,0.7281559172614248
GOBP_REGULATION_OF_EMBRYONIC_DEVELOPMENT,88,1,0.45053884506905695,1.686416894614129,LAMA2,0.7281559172614248
GOBP_RESPONSE_TO_VITAMIN,88,1,0.45053884506905695,1.686416894614129,CYP27B1,0.7281559172614248
GOBP_MEIOTIC_CELL_CYCLE_PROCESS,226,2,0.4536008599872283,1.3102053649785832,"ANKRD31, SYCP2",0.7281559172614248
GOBP_RESPONSE_TO_KETONE,226,2,0.4536008599872283,1.3102053649785832,"CSN1S1, SLIT2",0.7281559172614248
GOBP_SENSORY_PERCEPTION_OF_LIGHT_STIMULUS,226,2,0.4536008599872283,1.3102053649785832,"OPN5, LCTL",0.7281559172614248
GOBP_ALCOHOL_METABOLIC_PROCESS,367,3,0.4536659623991417,1.209562113074946,"CYP27B1, DHDDS, CYP11B1",0.7281559172614248
GOBP_CALCIUM_ION_IMPORT,89,1,0.454267941754642,1.6672242251031317,CCL3,0.7281559172614248
GOBP_LIPOPROTEIN_METABOLIC_PROCESS,89,1,0.454267941754642,1.6672242251031317,OLR1,0.7281559172614248
GOBP_T_CELL_DIFFERENTIATION_IN_THYMUS,89,1,0.454267941754642,1.6672242251031317,IL1A,0.7281559172614248
GOBP_MUSCLE_CONTRACTION,368,3,0.4554190202666808,1.2062272770042826,"COMP, DOCK5, GSN",0.7290328348300845
GOBP_AMINE_TRANSPORT,90,1,0.4579717933526989,1.6484628515239022,SLC44A2,0.731179834096174
GOBP_CELLULAR_RESPONSE_TO_INTERLEUKIN_1,90,1,0.4579717933526989,1.6484628515239022,CCL3,0.731179834096174
GOBP_CARDIAC_MUSCLE_CELL_CONTRACTION,91,1,0.46165057033556256,1.6301183973457871,GSN,0.7312792467799307
GOBP_CELLULAR_RESPONSE_TO_UV,91,1,0.46165057033556256,1.6301183973457871,OPN5,0.7312792467799307
GOBP_LAMELLIPODIUM_ORGANIZATION,91,1,0.46165057033556256,1.6301183973457871,SLIT2,0.7312792467799307
GOBP_TUBE_CLOSURE,91,1,0.46165057033556256,1.6301183973457871,DEAF1,0.7312792467799307
GOBP_KETONE_METABOLIC_PROCESS,230,2,0.4625788697322418,1.2871300244729027,"CYP11B1, MALRD1",0.7312792467799307
GOBP_PROTEIN_FOLDING,230,2,0.4625788697322418,1.2871300244729027,"TOR1B, NGLY1",0.7312792467799307
GOBP_NEGATIVE_REGULATION_OF_GROWTH,231,2,0.4648098514970781,1.281487146443913,"CYP27B1, SLIT2",0.7312792467799307
GOBP_SKELETAL_SYSTEM_MORPHOGENESIS,231,2,0.4648098514970781,1.281487146443913,"COMP, MMP13",0.7312792467799307
GOBP_DORSAL_VENTRAL_PATTERN_FORMATION,92,1,0.46530444202732957,1.6121771179735285,ARL13B,0.7312792467799307
GOBP_LENS_DEVELOPMENT_IN_CAMERA_TYPE_EYE,92,1,0.46530444202732957,1.6121771179735285,LCTL,0.7312792467799307
GOBP_POSITIVE_REGULATION_OF_GTPASE_ACTIVITY,92,1,0.46530444202732957,1.6121771179735285,ODAM,0.7312792467799307
GOBP_ROOF_OF_MOUTH_DEVELOPMENT,92,1,0.46530444202732957,1.6121771179735285,LOXL3,0.7312792467799307
GOBP_ASSOCIATIVE_LEARNING,93,1,0.46893357661157276,1.5946258664029502,DEAF1,0.7357323316385967
GOBP_REGULATION_OF_PROTEIN_CATABOLIC_PROCESS,376,3,0.4693569969856831,1.1801923101425815,"HAMP, TMX1, NEURL3",0.7357323316385967
GOBP_ESTABLISHMENT_OR_MAINTENANCE_OF_CELL_POLARITY,234,2,0.4714698787900202,1.2648503853552426,"TRAF3IP2, GSN",0.7367659003685265
GOBP_REGULATION_OF_SMOOTHENED_SIGNALING_PATHWAY,94,1,0.47253814113900483,1.577452061092406,TUBD1,0.7367659003685265
GOBP_IMMUNE_RESPONSE_REGULATING_CELL_SURFACE_RECEPTOR_SIGNALING_PATHWAY,378,3,0.47281665881559165,1.1738571348717202,"BTN3A1, PLSCR1, LILRA4",0.7367659003685265
GOBP_LYMPHOCYTE_ACTIVATION_INVOLVED_IN_IMMUNE_RESPONSE,235,2,0.4736788224407428,1.259400001535454,"LOXL3, CD80",0.7367659003685265
GOBP_MONOCARBOXYLIC_ACID_BIOSYNTHETIC_PROCESS,235,2,0.4736788224407428,1.259400001535454,"PNLIPRP1, MALRD1",0.7367659003685265
GOBP_MONONUCLEAR_CELL_MIGRATION,235,2,0.4736788224407428,1.259400001535454,"SLIT2, CCL3",0.7367659003685265
GOBP_REGULATION_OF_RESPONSE_TO_ENDOPLASMIC_RETICULUM_STRESS,95,1,0.4761183015350884,1.5606436558849863,TMX1,0.7393984775149904
GOBP_MONOSACCHARIDE_BIOSYNTHETIC_PROCESS,96,1,0.4796742226075984,1.5441891118303739,PGAM1,0.7393984775149904
GOBP_NEGATIVE_REGULATION_OF_RNA_CATABOLIC_PROCESS,96,1,0.4796742226075984,1.5441891118303739,TRAF3IP2,0.7393984775149904
GOBP_REGULATION_OF_NEURAL_PRECURSOR_CELL_PROLIFERATION,96,1,0.4796742226075984,1.5441891118303739,TAFA1,0.7393984775149904
GOBP_REGULATION_OF_PROTEIN_DEPOLYMERIZATION,96,1,0.4796742226075984,1.5441891118303739,GSN,0.7393984775149904
GOBP_EXTRINSIC_APOPTOTIC_SIGNALING_PATHWAY,238,2,0.48027208481503936,1.2433259882334282,"IL1A, BCL2L14",0.7393984775149904
GOBP_PROTEIN_PROCESSING,238,2,0.48027208481503936,1.2433259882334282,"COMP, GSN",0.7393984775149904
GOBP_SISTER_CHROMATID_SEGREGATION,238,2,0.48027208481503936,1.2433259882334282,"SMARCD2, SPICE1",0.7393984775149904
GOBP_RIBOSE_PHOSPHATE_METABOLIC_PROCESS,385,3,0.4848435074232066,1.1522064246166364,"GMPR2, PDE5A, PGAM1",0.7436250614769073
GOBP_EXPORT_ACROSS_PLASMA_MEMBRANE,98,1,0.48671400046955826,1.5122978305432564,HAMP,0.7436250614769073
GOBP_POSITIVE_REGULATION_OF_CELL_DIVISION,98,1,0.48671400046955826,1.5122978305432564,IL1A,0.7436250614769073
GOBP_POSITIVE_REGULATION_OF_DOUBLE_STRAND_BREAK_REPAIR,98,1,0.48671400046955826,1.5122978305432564,SMARCD2,0.7436250614769073
GOBP_POSITIVE_REGULATION_OF_MONONUCLEAR_CELL_MIGRATION,98,1,0.48671400046955826,1.5122978305432564,CCL3,0.7436250614769073
GOBP_REGULATION_OF_LEUKOCYTE_APOPTOTIC_PROCESS,98,1,0.48671400046955826,1.5122978305432564,CD274,0.7436250614769073
GOBP_CENTRAL_NERVOUS_SYSTEM_NEURON_DEVELOPMENT,99,1,0.4901981813534496,1.4968403217434911,SLIT2,0.7451753210247024
GOBP_NEGATIVE_REGULATION_OF_RESPONSE_TO_WOUNDING,99,1,0.4901981813534496,1.4968403217434911,TMX1,0.7451753210247024
GOBP_REGULATION_OF_CALCIUM_MEDIATED_SIGNALING,99,1,0.4901981813534496,1.4968403217434911,CCL3,0.7451753210247024
GOBP_SUBSTRATE_ADHESION_DEPENDENT_CELL_SPREADING,99,1,0.4901981813534496,1.4968403217434911,DOCK5,0.7451753210247024
GOBP_RESPONSE_TO_TUMOR_NECROSIS_FACTOR,243,2,0.49114747366956346,1.2174252613957401,"TRAF3IP2, CCL3",0.7456792461876266
GOBP_NEURON_PROJECTION_GUIDANCE,244,2,0.49330533439322677,1.212373549383072,"SLIT2, LAMA2",0.7476112129720516
GOBP_AXIS_SPECIFICATION,100,1,0.4936587711174193,1.481695085840766,ARL13B,0.7476112129720516
GOBP_ENDOSOME_ORGANIZATION,101,1,0.4970959290924425,1.4668527546484074,ANXA8L1,0.750932148203477
GOBP_MYELOID_CELL_ACTIVATION_INVOLVED_IN_IMMUNE_RESPONSE,101,1,0.4970959290924425,1.4668527546484074,CCL3,0.750932148203477
GOBP_CELL_MIGRATION_INVOLVED_IN_SPROUTING_ANGIOGENESIS,102,1,0.500509813536116,1.4523043309970265,SLIT2,0.7527326757912437
GOBP_NEGATIVE_REGULATION_OF_ENDOTHELIAL_CELL_MIGRATION,102,1,0.500509813536116,1.4523043309970265,SLIT2,0.7527326757912437
GOBP_NEGATIVE_REGULATION_OF_EXTRINSIC_APOPTOTIC_SIGNALING_PATHWAY,102,1,0.500509813536116,1.4523043309970265,IL1A,0.7527326757912437
GOBP_ORGANOPHOSPHATE_CATABOLIC_PROCESS,248,2,0.5018786716494016,1.1925774096218642,"PDE5A, PGAM1",0.7527326757912437
GOBP_LEUKOCYTE_MIGRATION,396,3,0.5034724390919234,1.1197421644094216,"DAPK2, SLIT2, CCL3",0.7527326757912437
GOBP_MESONEPHROS_DEVELOPMENT,103,1,0.5039005816398715,1.438041170547398,SLIT2,0.7527326757912437
GOBP_POSITIVE_REGULATION_OF_INTERLEUKIN_6_PRODUCTION,103,1,0.5039005816398715,1.438041170547398,IL1A,0.7527326757912437
GOBP_PRIMARY_ALCOHOL_METABOLIC_PROCESS,103,1,0.5039005816398715,1.438041170547398,CYP11B1,0.7527326757912437
GOBP_REGULATION_OF_PLASMA_LIPOPROTEIN_PARTICLE_LEVELS,103,1,0.5039005816398715,1.438041170547398,PNLIPRP1,0.7527326757912437
GOBP_REGULATION_OF_CALCIUM_ION_TRANSPORT,250,2,0.5061301994047844,1.1829188091713985,"TMX1, CCL3",0.754030721884385
GOBP_ENDOPLASMIC_RETICULUM_ORGANIZATION,104,1,0.5072683895361397,1.4240549646627825,TOR1B,0.754030721884385
GOBP_RESPONSE_TO_HEAT,104,1,0.5072683895361397,1.4240549646627825,IL1A,0.754030721884385
GOBP_SPINAL_CORD_DEVELOPMENT,104,1,0.5072683895361397,1.4240549646627825,LOXL3,0.754030721884385
GOBP_NEGATIVE_REGULATION_OF_CYTOKINE_PRODUCTION,400,3,0.510160687320458,1.1083830186321968,"CD83, CD274, LILRA4",0.7570750212007368
GOBP_NEURAL_TUBE_FORMATION,105,1,0.5106133923054658,1.410337724269384,DEAF1,0.7570750212007368
GOBP_EPIDERMIS_DEVELOPMENT,401,3,0.5118253664455685,1.1055789078967613,"CYP27B1, SPRR2G, IL20",0.7570750212007368
GOBP_REGULATION_OF_ACTIN_FILAMENT_BASED_PROCESS,401,3,0.5118253664455685,1.1055789078967613,"ODAM, SLIT2, GSN",0.7570750212007368
GOBP_NEGATIVE_REGULATION_OF_MRNA_METABOLIC_PROCESS,106,1,0.513935743983579,1.3968817646390679,TRAF3IP2,0.7574120183005859
GOBP_PYRIDINE_CONTAINING_COMPOUND_CATABOLIC_PROCESS,106,1,0.513935743983579,1.3968817646390679,PGAM1,0.7574120183005859
GOBP_REGULATION_OF_PHAGOCYTOSIS,106,1,0.513935743983579,1.3968817646390679,PLSCR1,0.7574120183005859
GOBP_REGULATION_OF_APOPTOTIC_SIGNALING_PATHWAY,403,3,0.515145754316755,1.1000127480866535,"DAPK2, IL1A, BCL2L14",0.7582694212930772
GOBP_METAPHASE_CHROMOSOME_ALIGNMENT,107,1,0.5172355975684143,1.3836796910334335,SPICE1,0.7594931463078783
GOBP_REGULATION_OF_SISTER_CHROMATID_SEGREGATION,107,1,0.5172355975684143,1.3836796910334335,SMARCD2,0.7594931463078783
GOBP_CELLULAR_RESPONSE_TO_NUTRIENT_LEVELS,256,2,0.5187424802209639,1.1548556314754699,"CYP27B1, SP7",0.7607802838720578
GOBP_POSITIVE_REGULATION_OF_UBIQUITIN_DEPENDENT_PROTEIN_CATABOLIC_PROCESS,108,1,0.5205131050270868,1.370724385152892,HAMP,0.7619807118428346
GOBP_REGULATION_OF_ORGANELLE_ASSEMBLY,257,2,0.5208236017152763,1.1503068288149794,"GSN, SPICE1",0.7619807118428346
GOBP_NUCLEOSIDE_DIPHOSPHATE_CATABOLIC_PROCESS,109,1,0.5237684173028176,1.3580089923385743,PGAM1,0.7635126566237934
GOBP_POLYOL_METABOLIC_PROCESS,109,1,0.5237684173028176,1.3580089923385743,CYP27B1,0.7635126566237934
GOBP_VIRAL_GENE_EXPRESSION,109,1,0.5237684173028176,1.3580089923385743,CCL3,0.7635126566237934
GOBP_NEGATIVE_REGULATION_OF_RESPONSE_TO_CYTOKINE_STIMULUS,110,1,0.527001684321817,1.3455269094787197,SLIT2,0.7645324915582129
GOBP_POSITIVE_REGULATION_OF_CALCIUM_ION_TRANSPORT,110,1,0.527001684321817,1.3455269094787197,CCL3,0.7645324915582129
GOBP_POSITIVE_REGULATION_OF_PROTEIN_UBIQUITINATION,110,1,0.527001684321817,1.3455269094787197,HAMP,0.7645324915582129
GOBP_TISSUE_MIGRATION,110,1,0.527001684321817,1.3455269094787197,DOCK5,0.7645324915582129
GOBP_CELLULAR_SENESCENCE,111,1,0.5302130550001182,1.3332717735747168,COMP,0.7645963648568013
GOBP_DEVELOPMENT_OF_PRIMARY_FEMALE_SEXUAL_CHARACTERISTICS,111,1,0.5302130550001182,1.3332717735747168,SLIT2,0.7645963648568013
GOBP_NEUROPEPTIDE_SIGNALING_PATHWAY,111,1,0.5302130550001182,1.3332717735747168,GRPR,0.7645963648568013
GOBP_POSITIVE_REGULATION_OF_MYELOID_CELL_DIFFERENTIATION,111,1,0.5302130550001182,1.3332717735747168,IL20,0.7645963648568013
GOBP_POSITIVE_REGULATION_OF_TRANSMEMBRANE_RECEPTOR_PROTEIN_SERINE_THREONINE_KINASE_SIGNALING_PATHWAY,111,1,0.5302130550001182,1.3332717735747168,NGLY1,0.7645963648568013
GOBP_REGULATION_OF_LEUKOCYTE_MEDIATED_IMMUNITY,262,2,0.53113864362005,1.1280876773528314,"CD274, CD80",0.7650171155720769
GOBP_DEFENSE_RESPONSE_TO_GRAM_NEGATIVE_BACTERIUM,112,1,0.5334026772503667,1.3212374509251967,HAMP,0.7655374927957106
GOBP_ERAD_PATHWAY,112,1,0.5334026772503667,1.3212374509251967,TMX1,0.7655374927957106
GOBP_IMMUNOGLOBULIN_PRODUCTION,112,1,0.5334026772503667,1.3212374509251967,TRAF3IP2,0.7655374927957106
GOBP_AXON_EXTENSION,113,1,0.5365706979885638,1.3094180268895481,SLIT2,0.7664388549966823
GOBP_DIGESTIVE_SYSTEM_PROCESS,113,1,0.5365706979885638,1.3094180268895481,HAMP,0.7664388549966823
GOBP_INTERLEUKIN_1_BETA_PRODUCTION,113,1,0.5365706979885638,1.3094180268895481,CCL3,0.7664388549966823
GOBP_RESPONSE_TO_ESTRADIOL,113,1,0.5365706979885638,1.3094180268895481,CSN1S1,0.7664388549966823
GOBP_PROTEIN_POLYUBIQUITINATION,265,2,0.5372547479215148,1.11516170710667,"TRAF3IP2, HAMP",0.7665088424837688
GOBP_LYMPHOCYTE_MIGRATION,114,1,0.5397172631407663,1.2978077961949646,CCL3,0.7669966575273498
GOBP_MYOBLAST_DIFFERENTIATION,114,1,0.5397172631407663,1.2978077961949646,SMARCD2,0.7669966575273498
GOBP_PROTEIN_CONTAINING_COMPLEX_DISASSEMBLY,267,2,0.5413015707821514,1.1067069844283741,"SMARCD2, GSN",0.7669966575273498
GOBP_CARDIAC_SEPTUM_DEVELOPMENT,115,1,0.5428425176497373,1.2864012537536458,SLIT2,0.7669966575273498
GOBP_RAS_PROTEIN_SIGNAL_TRANSDUCTION,115,1,0.5428425176497373,1.2864012537536458,DOK1,0.7669966575273498
GOBP_REGULATION_OF_CIRCADIAN_RHYTHM,115,1,0.5428425176497373,1.2864012537536458,OPN5,0.7669966575273498
GOBP_REGULATION_OF_VIRAL_LIFE_CYCLE,115,1,0.5428425176497373,1.2864012537536458,PLSCR1,0.7669966575273498
GOBP_REGULATION_OF_IMMUNE_EFFECTOR_PROCESS,420,3,0.5428704119440462,1.0548561086547736,"LOXL3, CD274, CD80",0.7669966575273498
GOBP_CELL_KILLING,268,2,0.5433157764588932,1.1025273000963545,"C8B, HAMP",0.7669966575273498
GOBP_MACROPHAGE_ACTIVATION,116,1,0.5459466054815585,1.275193085959102,CCL3,0.7698102252526181
GOBP_REGULATION_OF_STEROID_METABOLIC_PROCESS,117,1,0.5490296696321916,1.2641781624326502,MALRD1,0.7730566885449417
GOBP_REGULATION_OF_ACTIN_FILAMENT_ORGANIZATION,272,2,0.5513110049542334,1.0861181690121744,"SLIT2, GSN",0.7730566885449417
GOBP_LEUKOCYTE_HOMEOSTASIS,118,1,0.5520918521340015,1.253351528193164,TRAF3IP2,0.7730566885449417
GOBP_NEGATIVE_REGULATION_OF_MONOATOMIC_ION_TRANSPORT,118,1,0.5520918521340015,1.253351528193164,HAMP,0.7730566885449417
GOBP_RESPONSE_TO_INTERLEUKIN_1,118,1,0.5520918521340015,1.253351528193164,CCL3,0.7730566885449417
GOBP_VITAMIN_METABOLIC_PROCESS,118,1,0.5520918521340015,1.253351528193164,CYP27B1,0.7730566885449417
GOBP_TISSUE_HOMEOSTASIS,273,2,0.5532943699175392,1.0820915741144232,"COMP, LAMA2",0.7738427630248781
GOBP_ARTERY_DEVELOPMENT,119,1,0.5551332940622313,1.2427083962249765,COMP,0.7746195213099575
GOBP_REGULATION_OF_PROTEIN_LOCALIZATION_TO_PLASMA_MEMBRANE,119,1,0.5551332940622313,1.2427083962249765,LRRC15,0.7746195213099575
GOBP_ORGANIC_CATION_TRANSPORT,120,1,0.5581541355414377,1.2322441404205065,SLC44A2,0.7770381102635701
GOBP_REGULATION_OF_MITOTIC_NUCLEAR_DIVISION,120,1,0.5581541355414377,1.2322441404205065,IL1A,0.7770381102635701
GOBP_HEART_MORPHOGENESIS,276,2,0.5592072783507165,1.0701881366413315,"SLIT2, ARL13B",0.7776073559554318
GOBP_ISOPRENOID_METABOLIC_PROCESS,121,1,0.5611545157518785,1.2219542888757553,DHDDS,0.7785369606631506
GOBP_DNA_REPLICATION,277,2,0.5611658291441102,1.0662780377860002,"ATF1, WRNIP1",0.7785369606631506
GOBP_PROTEIN_DEPOLYMERIZATION,122,1,0.5641345729358629,1.2118345175182592,GSN,0.7817570947572751
GOBP_RESPONSE_TO_INSULIN,280,2,0.5670041385365094,1.0547165224640147,"TNS2, SP7",0.7831613208188724
GOBP_ACTIN_MEDIATED_CELL_CONTRACTION,123,1,0.5670944444040551,1.201880644048418,GSN,0.7831613208188724
GOBP_CELLULAR_RESPONSE_TO_LIGHT_STIMULUS,123,1,0.5670944444040551,1.201880644048418,OPN5,0.7831613208188724
GOBP_REGULATION_OF_BMP_SIGNALING_PATHWAY,124,1,0.5700342665417368,1.192088622176373,NGLY1,0.784966729854415
GOBP_REGULATION_OF_NERVOUS_SYSTEM_PROCESS,124,1,0.5700342665417368,1.192088622176373,CCL3,0.784966729854415
GOBP_POSITIVE_REGULATION_OF_RESPONSE_TO_BIOTIC_STIMULUS,439,3,0.5727457530090613,1.0085541038162675,"CD274, PLSCR1, LILRA4",0.784966729854415
GOBP_TELENCEPHALON_DEVELOPMENT,283,2,0.5727863221880094,1.0434018722356373,"SLIT2, ARL13B",0.784966729854415
GOBP_MUSCLE_ADAPTATION,125,1,0.5729541748150286,1.1824545361377408,GSN,0.784966729854415
GOBP_POSITIVE_REGULATION_OF_HYDROLASE_ACTIVITY,125,1,0.5729541748150286,1.1824545361377408,ODAM,0.784966729854415
GOBP_VIRAL_GENOME_REPLICATION,125,1,0.5729541748150286,1.1824545361377408,PLSCR1,0.784966729854415
GOBP_PEPTIDYL_AMINO_ACID_MODIFICATION,440,3,0.5742843069907049,1.006228686976202,"LOXL3, CD80, IL20",0.785374174755843
GOBP_PROTEIN_POLYMERIZATION,284,2,0.5747012229356705,1.039683819323229,"SLIT2, GSN",0.785374174755843
GOBP_EMBRYONIC_EPITHELIAL_TUBE_FORMATION,126,1,0.575854303777068,1.1729745954725972,DEAF1,0.785374174755843
GOBP_FEMALE_SEX_DIFFERENTIATION,126,1,0.575854303777068,1.1729745954725972,SLIT2,0.785374174755843
GOBP_MITOTIC_NUCLEAR_DIVISION,286,2,0.5785122608550154,1.0323262639113513,"IL1A, SPICE1",0.7866361351334424
GOBP_CEREBRAL_CORTEX_DEVELOPMENT,127,1,0.5787347870741482,1.1636451300530755,SLIT2,0.7866361351334424
GOBP_CHROMOSOME_LOCALIZATION,127,1,0.5787347870741482,1.1636451300530755,SPICE1,0.7866361351334424
GOBP_POSITIVE_REGULATION_OF_CELL_SUBSTRATE_ADHESION,128,1,0.5815957574518124,1.1544625853458854,DOCK5,0.7883094388602878
GOBP_PYRUVATE_METABOLIC_PROCESS,128,1,0.5815957574518124,1.1544625853458854,PGAM1,0.7883094388602878
GOBP_CALCIUM_ION_TRANSPORT,445,3,0.5819251947179093,0.9947594364971406,"CYP27B1, TMX1, CCL3",0.7883094388602878
GOBP_NEGATIVE_REGULATION_OF_SMALL_MOLECULE_METABOLIC_PROCESS,129,1,0.5844373467609117,1.1454235178969006,MALRD1,0.7902145384148138
GOBP_CELL_SURFACE_RECEPTOR_SIGNALING_PATHWAY_VIA_JAK_STAT,130,1,0.5872596859636189,1.1365245910257626,IL20,0.7902145384148138
GOBP_MEMORY,130,1,0.5872596859636189,1.1365245910257626,KLK8,0.7902145384148138
GOBP_PEPTIDYL_LYSINE_MODIFICATION,130,1,0.5872596859636189,1.1365245910257626,LOXL3,0.7902145384148138
GOBP_REGULATION_OF_RECEPTOR_MEDIATED_ENDOCYTOSIS,130,1,0.5872596859636189,1.1365245910257626,HAMP,0.7902145384148138
GOBP_TUMOR_NECROSIS_FACTOR_MEDIATED_SIGNALING_PATHWAY,130,1,0.5872596859636189,1.1365245910257626,TRAF3IP2,0.7902145384148138
GOBP_LYSOSOMAL_TRANSPORT,131,1,0.590062905139402,1.1277625707192003,SLC48A1,0.7913399183369535
GOBP_NEGATIVE_REGULATION_OF_PHOSPHORYLATION,131,1,0.590062905139402,1.1277625707192003,SLIT2,0.7913399183369535
GOBP_TYPE_I_INTERFERON_PRODUCTION,131,1,0.590062905139402,1.1277625707192003,LILRA4,0.7913399183369535
GOBP_REGULATION_OF_MONOATOMIC_ION_TRANSPORT,452,3,0.5924757567964671,0.9791316248174423,"HAMP, TMX1, CCL3",0.7914500677448112
GOBP_RESPONSE_TO_PEPTIDE_HORMONE,452,3,0.5924757567964671,0.9791316248174423,"TNS2, CYP11B1, SP7",0.7914500677448112
GOBP_NEGATIVE_REGULATION_OF_NEURON_PROJECTION_DEVELOPMENT,132,1,0.5928471334909605,1.119134321712436,SLIT2,0.7914500677448112
GOBP_INTERLEUKIN_1_PRODUCTION,133,1,0.5956124993501186,1.1106368037487155,CCL3,0.7914500677448112
GOBP_SEX_DIFFERENTIATION,296,2,0.5971915297643838,0.9970400287597581,"SLIT2, SYCP2",0.7914500677448112
GOBP_CARDIAC_VENTRICLE_DEVELOPMENT,134,1,0.5983591301836817,1.1022670680075748,SLIT2,0.7914500677448112
GOBP_NEGATIVE_REGULATION_OF_TRANSMEMBRANE_TRANSPORT,134,1,0.5983591301836817,1.1022670680075748,HAMP,0.7914500677448112
GOBP_POSITIVE_REGULATION_OF_POST_TRANSLATIONAL_PROTEIN_MODIFICATION,134,1,0.5983591301836817,1.1022670680075748,HAMP,0.7914500677448112
GOBP_REGULATION_OF_PROTEASOMAL_UBIQUITIN_DEPENDENT_PROTEIN_CATABOLIC_PROCESS,134,1,0.5983591301836817,1.1022670680075748,HAMP,0.7914500677448112
GOBP_REGULATION_OF_PROTEIN_CONTAINING_COMPLEX_DISASSEMBLY,134,1,0.5983591301836817,1.1022670680075748,GSN,0.7914500677448112
GOBP_MEIOTIC_CELL_CYCLE,298,2,0.6008521254395274,0.9902688863363173,"ANKRD31, SYCP2",0.7914500677448112
GOBP_CARDIAC_CHAMBER_MORPHOGENESIS,135,1,0.6010871525992513,1.0940222536930402,SLIT2,0.7914500677448112
GOBP_DEFENSE_RESPONSE_TO_GRAM_POSITIVE_BACTERIUM,135,1,0.6010871525992513,1.0940222536930402,HAMP,0.7914500677448112
GOBP_HEMATOPOIETIC_PROGENITOR_CELL_DIFFERENTIATION,135,1,0.6010871525992513,1.0940222536930402,SP7,0.7914500677448112
GOBP_NEGATIVE_REGULATION_OF_RESPONSE_TO_BIOTIC_STIMULUS,135,1,0.6010871525992513,1.0940222536930402,CD274,0.7914500677448112
GOBP_NUCLEOSIDE_DIPHOSPHATE_METABOLIC_PROCESS,135,1,0.6010871525992513,1.0940222536930402,PGAM1,0.7914500677448112
GOBP_CELLULAR_COMPONENT_ASSEMBLY_INVOLVED_IN_MORPHOGENESIS,136,1,0.6037966923510019,1.0858995847734616,CSRP1,0.7914500677448112
GOBP_EMBRYONIC_SKELETAL_SYSTEM_DEVELOPMENT,136,1,0.6037966923510019,1.0858995847734616,DEAF1,0.7914500677448112
GOBP_REGULATION_OF_CYTOPLASMIC_PATTERN_RECOGNITION_RECEPTOR_SIGNALING_PATHWAY,136,1,0.6037966923510019,1.0858995847734616,LILRA4,0.7914500677448112
GOBP_RHYTHMIC_PROCESS,301,2,0.606295980738793,0.9802820174093286,"OPN5, SLIT2",0.7914500677448112
GOBP_INSULIN_RECEPTOR_SIGNALING_PATHWAY,137,1,0.6064878743454193,1.0778963668651769,TNS2,0.7914500677448112
GOBP_MITOTIC_SPINDLE_ORGANIZATION,137,1,0.6064878743454193,1.0778963668651769,SPICE1,0.7914500677448112
GOBP_NUCLEOSOME_ORGANIZATION,137,1,0.6064878743454193,1.0778963668651769,SMARCD2,0.7914500677448112
GOBP_REGULATION_OF_WOUND_HEALING,137,1,0.6064878743454193,1.0778963668651769,TMX1,0.7914500677448112
GOBP_ENDOPLASMIC_RETICULUM_TO_GOLGI_VESICLE_MEDIATED_TRANSPORT,138,1,0.6091608226470004,1.070009984252659,TRAPPC3L,0.7914500677448112
GOBP_MYOTUBE_DIFFERENTIATION,138,1,0.6091608226470004,1.070009984252659,DOCK5,0.7914500677448112
GOBP_RENAL_SYSTEM_PROCESS,138,1,0.6091608226470004,1.070009984252659,GSN,0.7914500677448112
GOBP_SEQUESTERING_OF_CALCIUM_ION,138,1,0.6091608226470004,1.070009984252659,CCL3,0.7914500677448112
GOBP_SPINDLE_ASSEMBLY,138,1,0.6091608226470004,1.070009984252659,SPICE1,0.7914500677448112
GOBP_REGULATION_OF_CELL_SHAPE,139,1,0.6118156604839153,1.0622378970382202,CCL3,0.7940446260258988
GOBP_PROTEIN_AUTOPHOSPHORYLATION,140,1,0.6144525102536291,1.054577638414753,DAPK2,0.796610289877691
GOBP_CAMERA_TYPE_EYE_MORPHOGENESIS,141,1,0.6170714935284889,1.0470268120553516,LCTL,0.7974360735427046
GOBP_POSITIVE_REGULATION_OF_DNA_REPAIR,141,1,0.6170714935284889,1.0470268120553516,SMARCD2,0.7974360735427046
GOBP_REGULATION_OF_VIRAL_PROCESS,141,1,0.6170714935284889,1.0470268120553516,PLSCR1,0.7974360735427046
GOBP_NEGATIVE_REGULATION_OF_CELLULAR_RESPONSE_TO_GROWTH_FACTOR_STIMULUS,142,1,0.6196727310612715,1.0395830896140137,SLIT2,0.7990865239219602
GOBP_RECEPTOR_INTERNALIZATION,142,1,0.6196727310612715,1.0395830896140137,HAMP,0.7990865239219602
GOBP_TAXIS,473,3,0.6230798271499549,0.9350412454676442,"DAPK2, SLIT2, CCL3",0.8022986112246806
GOBP_REGULATION_OF_AXONOGENESIS,144,1,0.6248224478468929,1.025007968744312,SLIT2,0.8022986112246806
GOBP_REGULATION_OF_KETONE_METABOLIC_PROCESS,144,1,0.6248224478468929,1.025007968744312,MALRD1,0.8022986112246806
GOBP_SPECIFICATION_OF_SYMMETRY,144,1,0.6248224478468929,1.025007968744312,ARL13B,0.8022986112246806
GOBP_DIGESTION,145,1,0.6273711645568505,1.0178722324825116,HAMP,0.8038609295330346
GOBP_REGULATION_OF_GTPASE_ACTIVITY,145,1,0.6273711645568505,1.0178722324825116,ODAM,0.8038609295330346
GOBP_ACTIN_FILAMENT_BASED_MOVEMENT,146,1,0.6299026104498067,1.0108349201674267,GSN,0.8056869108720139
GOBP_MUSCLE_SYSTEM_PROCESS,478,3,0.630131270806281,0.9251181475557565,"COMP, DOCK5, GSN",0.8056869108720139
GOBP_PHOSPHOLIPASE_C_ACTIVATING_G_PROTEIN_COUPLED_RECEPTOR_SIGNALING_PATHWAY,147,1,0.6324169022626187,1.0038940093892288,GRPR,0.8077536518846358
GOBP_REGULATION_OF_DOUBLE_STRAND_BREAK_REPAIR,148,1,0.6349141559450904,0.997047532769648,SMARCD2,0.8092306084748934
GOBP_REGULATION_OF_NUCLEAR_DIVISION,148,1,0.6349141559450904,0.997047532769648,IL1A,0.8092306084748934
GOBP_REGULATION_OF_ENDOCYTOSIS,318,2,0.636080951593208,0.9272715485612817,"HAMP, PLSCR1",0.8098264688473422
GOBP_B_CELL_DIFFERENTIATION,149,1,0.6373944866652652,0.9902935761027992,TRAF3IP2,0.8098264688473422
GOBP_RESPONSE_TO_PURINE_CONTAINING_COMPOUND,149,1,0.6373944866652652,0.9902935761027992,ATF1,0.8098264688473422
GOBP_STRIATED_MUSCLE_CELL_DIFFERENTIATION,320,2,0.6394667036801454,0.921407645418986,"DOCK5, CSRP1",0.8116049540924664
GOBP_RNA_SPLICING,486,3,0.6412232213825861,0.9096685209908918,"CLK1, CLK4, CWF19L2",0.8124534101935534
GOBP_KIDNEY_EPITHELIUM_DEVELOPMENT,151,1,0.6423048360136073,0.9770558210312045,SLIT2,0.8124534101935534
GOBP_T_CELL_RECEPTOR_SIGNALING_PATHWAY,151,1,0.6423048360136073,0.9770558210312045,BTN3A1,0.8124534101935534
GOBP_REPRODUCTIVE_SYSTEM_DEVELOPMENT,322,2,0.6428276774936565,0.9156170410653861,"SLIT2, SYCP2",0.8124534101935534
GOBP_TUBE_FORMATION,153,1,0.6471488562156926,0.964166427929361,DEAF1,0.8170592776698128
GOBP_CARDIAC_MUSCLE_CONTRACTION,154,1,0.6495462726494823,0.9578480979753808,GSN,0.8175206997788582
GOBP_DETECTION_OF_ABIOTIC_STIMULUS,154,1,0.6495462726494823,0.9578480979753808,OPN5,0.8175206997788582
GOBP_POSITIVE_REGULATION_OF_APOPTOTIC_SIGNALING_PATHWAY,154,1,0.6495462726494823,0.9578480979753808,BCL2L14,0.8175206997788582
GOBP_DEFENSE_RESPONSE_TO_VIRUS,327,2,0.6511220419567116,0.9014523319518314,"TRAF3IP2, PLSCR1",0.8175269282018092
GOBP_DEPHOSPHORYLATION,155,1,0.6519274410042335,0.9516118242532168,TNS2,0.8175269282018092
GOBP_MORPHOGENESIS_OF_EMBRYONIC_EPITHELIUM,155,1,0.6519274410042335,0.9516118242532168,DEAF1,0.8175269282018092
GOBP_PROTEIN_LOCALIZATION_TO_NUCLEUS,328,2,0.6527624434834813,0.8986715301622603,"TRAF3IP2, TOR1B",0.8175269282018092
GOBP_REGULATION_OF_INNATE_IMMUNE_RESPONSE,495,3,0.6534203128019507,0.8928882482324942,"CD274, PLSCR1, LILRA4",0.8175269282018092
GOBP_APPENDAGE_MORPHOGENESIS,156,1,0.6542924711209177,0.945456018577763,ZNF219,0.8175269282018092
GOBP_REGULATION_OF_PROTEIN_LOCALIZATION_TO_CELL_PERIPHERY,156,1,0.6542924711209177,0.945456018577763,LRRC15,0.8175269282018092
GOBP_CALCIUM_ION_HOMEOSTASIS,330,2,0.6560248338668224,0.8931607949081425,"CYP27B1, CCL3",0.817921833668212
GOBP_ERK1_AND_ERK2_CASCADE,330,2,0.6560248338668224,0.8931607949081425,"IL1A, CCL3",0.817921833668212
GOBP_POSITIVE_REGULATION_OF_PROTEIN_SECRETION,157,1,0.6566414720998321,0.939379133486608,IL1A,0.817921833668212
GOBP_HETEROCHROMATIN_FORMATION,158,1,0.6589745523055807,0.9333796609431333,CBX1,0.8182945315152632
GOBP_POSITIVE_REGULATION_OF_NEURON_PROJECTION_DEVELOPMENT,158,1,0.6589745523055807,0.9333796609431333,ATF1,0.8182945315152632
GOBP_RESPONSE_TO_UV,158,1,0.6589745523055807,0.9333796609431333,OPN5,0.8182945315152632
GOBP_SMALL_GTPASE_MEDIATED_SIGNAL_TRANSDUCTION,500,3,0.6600673556743373,0.8838284765540771,"DOK1, SLIT2, DOCK5",0.8186453599815696
GOBP_ERYTHROCYTE_HOMEOSTASIS,159,1,0.6612918193720219,0.9274561310888626,SLC48A1,0.8186453599815696
GOBP_NUCLEUS_ORGANIZATION,159,1,0.6612918193720219,0.9274561310888626,TOR1B,0.8186453599815696
GOBP_ORGANIC_ACID_BIOSYNTHETIC_PROCESS,334,2,0.6624761845291862,0.8823385076003364,"PNLIPRP1, MALRD1",0.8192712650888605
GOBP_CELLULAR_RESPONSE_TO_PEPTIDE_HORMONE_STIMULUS,335,2,0.6640737722292176,0.8796735599746803,"TNS2, CYP11B1",0.820118739372215
GOBP_DNA_TEMPLATED_DNA_REPLICATION,161,1,0.665879340998153,0.9158312037463324,WRNIP1,0.820118739372215
GOBP_PLACENTA_DEVELOPMENT,161,1,0.665879340998153,0.9158312037463324,CYP27B1,0.820118739372215
GOBP_RESPONSE_TO_NUTRIENT,161,1,0.665879340998153,0.9158312037463324,CYP27B1,0.820118739372215
GOBP_CELL_SURFACE_RECEPTOR_SIGNALING_PATHWAY_VIA_STAT,162,1,0.6681498072159092,0.9101270468498432,IL20,0.8212391214965402
GOBP_LEARNING,162,1,0.6681498072159092,0.9101270468498432,DEAF1,0.8212391214965402
GOBP_ACTIVATION_OF_INNATE_IMMUNE_RESPONSE,339,2,0.6704033836350667,0.869171926599981,"CD274, LILRA4",0.8215012127203345
GOBP_RESPONSE_TO_LIGHT_STIMULUS,339,2,0.6704033836350667,0.869171926599981,"OPN5, DEAF1",0.8215012127203345
GOBP_HINDBRAIN_DEVELOPMENT,163,1,0.670404883620157,0.9044933116423308,ARL13B,0.8215012127203345
GOBP_REGULATION_OF_G_PROTEIN_COUPLED_RECEPTOR_SIGNALING_PATHWAY,164,1,0.6726446742641037,0.8989287020191102,SLIT2,0.8234098598750234
GOBP_POSITIVE_REGULATION_OF_CATALYTIC_ACTIVITY,341,2,0.6735318734088469,0.8640140447205594,"ODAM, PLSCR1",0.823660558464517
GOBP_POSITIVE_REGULATION_OF_ENDOCYTOSIS,165,1,0.674869282499212,0.8934319534878057,HAMP,0.8238247226338373
GOBP_RESPONSE_TO_STEROID_HORMONE,342,2,0.6750870723167668,0.861457859141911,"CSN1S1, SLIT2",0.8238247226338373
GOBP_BRANCHING_MORPHOGENESIS_OF_AN_EPITHELIAL_TUBE,166,1,0.6770788109799226,0.8880018322104011,SLIT2,0.8238247226338373
GOBP_OLEFINIC_COMPOUND_METABOLIC_PROCESS,166,1,0.6770788109799226,0.8880018322104011,CYP11B1,0.8238247226338373
GOBP_POSITIVE_REGULATION_OF_INFLAMMATORY_RESPONSE,166,1,0.6770788109799226,0.8880018322104011,CCL3,0.8238247226338373
GOBP_VACUOLAR_TRANSPORT,168,1,0.6814530358388958,0.877336683830258,SLC48A1,0.828311998245264
GOBP_NEURAL_PRECURSOR_CELL_PROLIFERATION,169,1,0.6836179340829664,0.8720993341778562,TAFA1,0.8292732125006438
GOBP_REGULATION_OF_MUSCLE_CELL_DIFFERENTIATION,169,1,0.6836179340829664,0.8720993341778562,LAMA2,0.8292732125006438
GOBP_MICROTUBULE_CYTOSKELETON_ORGANIZATION_INVOLVED_IN_MITOSIS,170,1,0.6857681563134763,0.866923964993783,SPICE1,0.8310463500706485
GOBP_REGULATION_OF_LIPID_METABOLIC_PROCESS,350,2,0.6873128770119966,0.8415372404906464,"TMX1, MALRD1",0.8319638163684724
GOBP_NEURON_PROJECTION_EXTENSION,171,1,0.6879038017694576,0.8618094825050838,SLIT2,0.8319638163684724
GOBP_GLIOGENESIS,352,2,0.690309769710823,0.8366993759600191,"LAMA2, CCL3",0.8340379299709343
GOBP_EYE_MORPHOGENESIS,174,1,0.6942242598671875,0.8468207968249054,LCTL,0.8370888553742977
GOBP_FEMALE_GAMETE_GENERATION,174,1,0.6942242598671875,0.8468207968249054,SYCP2,0.8370888553742977
GOBP_POSITIVE_REGULATION_OF_CELL_PROJECTION_ORGANIZATION,356,2,0.6962326960309777,0.8271876423054036,"ATF1, SLIT2",0.8370888553742977
GOBP_REGULATION_OF_UBIQUITIN_DEPENDENT_PROTEIN_CATABOLIC_PROCESS,175,1,0.6963025772956046,0.8419394240921374,HAMP,0.8370888553742977
GOBP_RESPONSE_TO_TEMPERATURE_STIMULUS,175,1,0.6963025772956046,0.8419394240921374,IL1A,0.8370888553742977
GOBP_CARDIAC_CHAMBER_DEVELOPMENT,177,1,0.700417035851947,0.8323430890582734,SLIT2,0.8377363555823756
GOBP_INTERLEUKIN_6_PRODUCTION,177,1,0.700417035851947,0.8323430890582734,IL1A,0.8377363555823756
GOBP_MALE_SEX_DIFFERENTIATION,177,1,0.700417035851947,0.8323430890582734,SYCP2,0.8377363555823756
GOBP_REGULATION_OF_RESPONSE_TO_WOUNDING,177,1,0.700417035851947,0.8323430890582734,TMX1,0.8377363555823756
GOBP_HOMEOSTASIS_OF_NUMBER_OF_CELLS,359,2,0.7006132491636443,0.8201937204995423,"TRAF3IP2, SLC48A1",0.8377363555823756
GOBP_IMPORT_INTO_NUCLEUS,178,1,0.7024533669167614,0.8276262464133435,TRAF3IP2,0.8377363555823756
GOBP_POSITIVE_REGULATION_OF_SUPRAMOLECULAR_FIBER_ORGANIZATION,178,1,0.7024533669167614,0.8276262464133435,GSN,0.8377363555823756
GOBP_REGULATION_OF_CELLULAR_COMPONENT_SIZE,361,2,0.7035044409443042,0.8155960448829727,"SLIT2, GSN",0.8377363555823756
GOBP_NEGATIVE_REGULATION_OF_PHOSPHORUS_METABOLIC_PROCESS,179,1,0.7044758913969439,0.8229624019996234,SLIT2,0.8377363555823756
GOBP_POSITIVE_REGULATION_OF_SYNAPTIC_TRANSMISSION,179,1,0.7044758913969439,0.8229624019996234,LAMA2,0.8377363555823756
GOBP_REGULATION_OF_MUSCLE_CONTRACTION,179,1,0.7044758913969439,0.8229624019996234,DOCK5,0.8377363555823756
GOBP_FATTY_ACID_BIOSYNTHETIC_PROCESS,180,1,0.7064847026669181,0.818350667578614,PNLIPRP1,0.8392982638966242
GOBP_CARBOHYDRATE_CATABOLIC_PROCESS,181,1,0.7084798934712093,0.8137901746504487,PGAM1,0.840840935515978
GOBP_NEGATIVE_REGULATION_OF_ORGANELLE_ORGANIZATION,366,2,0.7106310080433693,0.8043228979369538,"SLIT2, GSN",0.8425654486329537
GOBP_CELLULAR_RESPONSE_TO_METAL_ION,183,1,0.7124297815367537,0.8048195347127303,CYP11B1,0.8438692309272441
GOBP_TEMPERATURE_HOMEOSTASIS,184,1,0.7143846611755689,0.8004077445784064,IL1A,0.8450630293445944
GOBP_PROTEIN_LOCALIZATION_TO_CELL_PERIPHERY,369,2,0.7148379063470016,0.7977064514722463,"ARL13B, LRRC15",0.8450630293445944
GOBP_NEUROMUSCULAR_PROCESS,185,1,0.7163262851121603,0.7960439086840113,COMP,0.8459939590316805
GOBP_CELLULAR_RESPONSE_TO_RADIATION,186,1,0.718254743004572,0.7917272493932329,OPN5,0.8466147214907407
GOBP_JNK_CASCADE,186,1,0.718254743004572,0.7917272493932329,MAP3K15,0.8466147214907407
GOBP_BLOOD_VESSEL_ENDOTHELIAL_CELL_MIGRATION,187,1,0.7201701239059575,0.7874570057931198,SLIT2,0.8478030419613426
GOBP_CELLULAR_RESPONSE_TO_STARVATION,188,1,0.7220725162686497,0.7832324332469335,SP7,0.8478030419613426
GOBP_MODIFIED_AMINO_ACID_METABOLIC_PROCESS,188,1,0.7220725162686497,0.7832324332469335,PLSCR1,0.8478030419613426
GOBP_POSITIVE_REGULATION_OF_CYTOSKELETON_ORGANIZATION,188,1,0.7220725162686497,0.7832324332469335,GSN,0.8478030419613426
GOBP_SMALL_MOLECULE_CATABOLIC_PROCESS,375,2,0.7230979742638238,0.7847928508633469,"CYP27B1, PGAM1",0.8480999944359713
GOBP_REGULATION_OF_CELL_DIVISION,189,1,0.7239620079482056,0.77905280296127,IL1A,0.8480999944359713
GOBP_ADENYLATE_CYCLASE_ACTIVATING_G_PROTEIN_COUPLED_RECEPTOR_SIGNALING_PATHWAY,190,1,0.725838686207422,0.7749174015669245,MC5R,0.8480999944359713
GOBP_EPITHELIAL_TO_MESENCHYMAL_TRANSITION,190,1,0.725838686207422,0.7749174015669245,LOXL3,0.8480999944359713
GOBP_NEGATIVE_REGULATION_OF_CELL_PROJECTION_ORGANIZATION,190,1,0.725838686207422,0.7749174015669245,SLIT2,0.8480999944359713
GOBP_CALCIUM_ION_TRANSMEMBRANE_IMPORT_INTO_CYTOSOL,193,1,0.731392704283176,0.7627696599676176,CCL3,0.8512931476082869
GOBP_PALLIUM_DEVELOPMENT,193,1,0.731392704283176,0.7627696599676176,SLIT2,0.8512931476082869
GOBP_POSITIVE_REGULATION_OF_VASCULATURE_DEVELOPMENT,193,1,0.731392704283176,0.7627696599676176,IL1A,0.8512931476082869
GOBP_REGULATION_OF_INTRINSIC_APOPTOTIC_SIGNALING_PATHWAY,193,1,0.731392704283176,0.7627696599676176,DAPK2,0.8512931476082869
GOBP_POSITIVE_REGULATION_OF_MONOATOMIC_ION_TRANSPORT,195,1,0.7350328894034512,0.7548798896478114,CCL3,0.8547058742870575
GOBP_CYTOPLASMIC_PATTERN_RECOGNITION_RECEPTOR_SIGNALING_PATHWAY,197,1,0.7386238656783426,0.7471511350467324,LILRA4,0.8572298133401535
GOBP_MITOTIC_SISTER_CHROMATID_SEGREGATION,197,1,0.7386238656783426,0.7471511350467324,SPICE1,0.8572298133401535
GOBP_REGULATION_OF_CELLULAR_RESPONSE_TO_GROWTH_FACTOR_STIMULUS,388,2,0.7403037444978182,0.7581906105671097,"SLIT2, NGLY1",0.8576431263028396
GOBP_CARBOHYDRATE_BIOSYNTHETIC_PROCESS,198,1,0.7404011082084165,0.7433456061307221,PGAM1,0.8576431263028396
GOBP_REGULATION_OF_PATTERN_RECOGNITION_RECEPTOR_SIGNALING_PATHWAY,199,1,0.7421662966585668,0.7395785169002395,LILRA4,0.8586806299316622
GOBP_GLUCOSE_METABOLIC_PROCESS,200,1,0.7439195125790327,0.7358492878625451,PGAM1,0.8586806299316622
GOBP_REGULATION_OF_PROTEIN_UBIQUITINATION,200,1,0.7439195125790327,0.7358492878625451,HAMP,0.8586806299316622
GOBP_PROTEIN_LOCALIZATION_TO_EXTRACELLULAR_REGION,391,2,0.7441424514569335,0.7523041350085092,"COMP, IL1A",0.8586806299316622
GOBP_POSITIVE_REGULATION_OF_ERK1_AND_ERK2_CASCADE,201,1,0.7456608369697313,0.7321573511147544,CCL3,0.8587906776931925
GOBP_REGULATION_OF_BLOOD_PRESSURE,201,1,0.7456608369697313,0.7321573511147544,CYP11B1,0.8587906776931925
GOBP_STRIATED_MUSCLE_CONTRACTION,202,1,0.7473903502839605,0.7285021500555325,GSN,0.8597662450571578
GOBP_REGULATION_OF_PROTEIN_STABILITY,394,2,0.7479325246976103,0.7465077585650169,"GSN, CSN3",0.8597662450571578
GOBP_TRNA_METABOLIC_PROCESS,203,1,0.7491081324320804,0.7248831391053533,CTAG2,0.8602983024219991
GOBP_NEGATIVE_REGULATION_OF_GENE_EXPRESSION_EPIGENETIC,205,1,0.7525088201786386,0.7177515587022051,CBX1,0.8625623418381926
GOBP_REGULATION_OF_CELL_CYCLE_G1_S_PHASE_TRANSITION,205,1,0.7525088201786386,0.7177515587022051,SMARCD2,0.8625623418381926
GOBP_SPROUTING_ANGIOGENESIS,206,1,0.7541918829158716,0.7142379507956178,SLIT2,0.8636713497907562
GOBP_CYTOSKELETON_DEPENDENT_INTRACELLULAR_TRANSPORT,208,1,0.7575238349963357,0.7073125786886316,DYNC1I2,0.8637112182163256
GOBP_POSITIVE_REGULATION_OF_PHOSPHATIDYLINOSITOL_3_KINASE_PROTEIN_KINASE_B_SIGNAL_TRANSDUCTION,208,1,0.7575238349963357,0.7073125786886316,CCL3,0.8637112182163256
GOBP_PROTEIN_HOMOOLIGOMERIZATION,208,1,0.7575238349963357,0.7073125786886316,COMP,0.8637112182163256
GOBP_GLYCOPROTEIN_METABOLIC_PROCESS,402,2,0.7578046231077785,0.7314758223188561,"DHDDS, NGLY1",0.8637112182163256
GOBP_REGULATION_OF_SUPRAMOLECULAR_FIBER_ORGANIZATION,402,2,0.7578046231077785,0.7314758223188561,"SLIT2, GSN",0.8637112182163256
GOBP_CIRCADIAN_RHYTHM,211,1,0.7624374805823997,0.6971718552432697,OPN5,0.8673534769679137
GOBP_NUCLEAR_RECEPTOR_MEDIATED_SIGNALING_PATHWAY,211,1,0.7624374805823997,0.6971718552432697,CYP27B1,0.8673534769679137
GOBP_ANTIGEN_RECEPTOR_MEDIATED_SIGNALING_PATHWAY,213,1,0.7656579390986715,0.6905708182816442,BTN3A1,0.8701969232505616
GOBP_MORPHOGENESIS_OF_A_BRANCHING_STRUCTURE,214,1,0.7672518008325379,0.6873167859760636,SLIT2,0.8704707861271508
GOBP_FOREBRAIN_DEVELOPMENT,410,2,0.767341272940587,0.7170333737649468,"SLIT2, ARL13B",0.8704707861271508
GOBP_ACTOMYOSIN_STRUCTURE_ORGANIZATION,216,1,0.7704071576214023,0.6808995315677071,CSRP1,0.8731281119709227
GOBP_REGULATION_OF_HYDROLASE_ACTIVITY,217,1,0.7719687985343835,0.6777354686297299,ODAM,0.8740772418677307
GOBP_REGULATION_OF_CELL_GROWTH,415,2,0.7731347688181993,0.7082909714908541,"CYP27B1, SLIT2",0.8745770065263041
GOBP_CELLULAR_RESPONSE_TO_INSULIN_STIMULUS,219,1,0.7750603663577305,0.6714944270538068,TNS2,0.8759343278967984
GOBP_MAINTENANCE_OF_LOCATION,221,1,0.7781101244545279,0.6653668589597732,CCL3,0.8769177593058964
GOBP_POSITIVE_REGULATION_OF_EPITHELIAL_CELL_PROLIFERATION,221,1,0.7781101244545279,0.6653668589597732,ODAM,0.8769177593058964
GOBP_PROTEIN_CONTAINING_COMPLEX_LOCALIZATION,221,1,0.7781101244545279,0.6653668589597732,CEP72,0.8769177593058964
GOBP_NEGATIVE_REGULATION_OF_PROTEIN_MODIFICATION_PROCESS,222,1,0.7796195014063854,0.6623446647409713,SLIT2,0.8769811166798761
GOBP_RRNA_PROCESSING,222,1,0.7796195014063854,0.6623446647409713,REXO4,0.8769811166798761
GOBP_RESPONSE_TO_STARVATION,223,1,0.7811186368351914,0.6593496974968023,SP7,0.8778493432589163
GOBP_REGULATION_OF_EPITHELIAL_CELL_PROLIFERATION,423,2,0.7821428835332793,0.6947350565131183,"ODAM, DEAF1",0.8781827538834123
GOBP_REGULATION_OF_CELL_SUBSTRATE_ADHESION,225,1,0.7840864599207727,0.6534399853444527,DOCK5,0.8787444196152967
GOBP_INTRACELLULAR_RECEPTOR_SIGNALING_PATHWAY,425,2,0.784345401040273,0.6914261954690164,"CYP27B1, LILRA4",0.8787444196152967
GOBP_MULTI_MULTICELLULAR_ORGANISM_PROCESS,226,1,0.7855552848093663,0.650524527348849,CYP27B1,0.8787444196152967
GOBP_NUCLEOTIDE_BIOSYNTHETIC_PROCESS,226,1,0.7855552848093663,0.650524527348849,TK2,0.8787444196152967
GOBP_RESPONSE_TO_MECHANICAL_STIMULUS,228,1,0.7884631008904134,0.6447706719205408,GSN,0.881180521087712
GOBP_NEGATIVE_REGULATION_OF_PROTEIN_LOCALIZATION,229,1,0.7899022265539102,0.6419315985179935,LRRC15,0.8819722363095001
GOBP_MICROTUBULE_BASED_TRANSPORT,231,1,0.7927512459067452,0.6363275144964962,DYNC1I2,0.882308535896476
GOBP_REGULATED_EXOCYTOSIS,231,1,0.7927512459067452,0.6363275144964962,CCL3,0.882308535896476
GOBP_RESPIRATORY_SYSTEM_DEVELOPMENT,231,1,0.7927512459067452,0.6363275144964962,LOXL3,0.882308535896476
GOBP_POSITIVE_REGULATION_OF_NEUROGENESIS,232,1,0.794161271361753,0.6335618626413314,SLIT2,0.882308535896476
GOBP_REGULATION_OF_CELL_PROJECTION_ASSEMBLY,232,1,0.794161271361753,0.6335618626413314,SLIT2,0.882308535896476
GOBP_REGULATION_OF_DNA_REPAIR,233,1,0.7955617277720411,0.6308200526122434,SMARCD2,0.882308535896476
GOBP_REGULATION_OF_PROTEIN_CONTAINING_COMPLEX_ASSEMBLY,436,2,0.796113039488647,0.6737725831441201,"SLIT2, GSN",0.882308535896476
GOBP_RESPONSE_TO_VIRUS,436,2,0.796113039488647,0.6737725831441201,"TRAF3IP2, PLSCR1",0.882308535896476
GOBP_DEVELOPMENTAL_CELL_GROWTH,235,1,0.7983341921250173,0.6254067353745636,SLIT2,0.882308535896476
GOBP_SENSORY_SYSTEM_DEVELOPMENT,439,2,0.7992224650652744,0.6691122057684991,"OPN5, LCTL",0.882308535896476
GOBP_ATP_METABOLIC_PROCESS,236,1,0.79970632831047606,0.6227346298441017,PGAM1,0.882308535896476
GOBP_FERTILIZATION,236,1,0.79970632831047606,0.6227346298441017,SYCP2,0.882308535896476
GOBP_HORMONE_MEDIATED_SIGNALING_PATHWAY,236,1,0.79970632831047606,0.6227346298441017,CYP27B1,0.882308535896476
GOBP_PRODUCTION_OF_MOLECULAR_MEDIATOR_OF_IMMUNE_RESPONSE,237,1,0.8010691519426286,0.6200851692755187,TRAF3IP2,0.88257141133546
GOBP_CELL_SURFACE_RECEPTOR_PROTEIN_SERINE_THREONINE_KINASE_SIGNALING_PATHWAY,442,2,0.8022898634658651,0.6645153789930871,"COMP, NGLY1",0.88257141133546
GOBP_NEGATIVE_REGULATION_OF_RESPONSE_TO_EXTERNAL_STIMULUS,442,2,0.8022898634658651,0.6645153789930871,"TMX1, SLIT2",0.88257141133546
GOBP_CELLULAR_PROCESS_INVOLVED_IN_REPRODUCTION_IN_MULTICELLULAR_ORGANISM,443,2,0.80330306353372,0.6629970015925118,"AXDND1, DEAF1",0.88257141133546
GOBP_CALCIUM_MEDIATED_SIGNALING,240,1,0.8051023758340806,0.61226981487724,CCL3,0.88257141133546
GOBP_REGULATION_OF_ENDOTHELIAL_CELL_MIGRATION,240,1,0.8051023758340806,0.61226981487724,SLIT2,0.88257141133546
GOBP_REGULATION_OF_NEURON_PROJECTION_DEVELOPMENT,446,2,0.8063150855025385,0.6584829066175933,"ATF1, SLIT2",0.88257141133546
GOBP_CENTRAL_NERVOUS_SYSTEM_NEURON_DIFFERENTIATION,242,1,0.8077457735057125,0.6071676747986638,SLIT2,0.88257141133546
GOBP_NEGATIVE_REGULATION_OF_APOPTOTIC_SIGNALING_PATHWAY,242,1,0.8077457735057125,0.6071676747986638,IL1A,0.88257141133546
GOBP_PROTEIN_STABILIZATION,242,1,0.8077457735057125,0.6071676747986638,CSN3,0.88257141133546
GOBP_DEVELOPMENTAL_GROWTH_INVOLVED_IN_MORPHOGENESIS,243,1,0.8090540309430518,0.6046482295942418,SLIT2,0.88257141133546
GOBP_GLAND_DEVELOPMENT,449,2,0.8092860700262202,0.6540294035211879,"CSN3, DEAF1",0.88257141133546
GOBP_REGULATION_OF_CELL_MORPHOGENESIS,244,1,0.8103534082951089,0.6021495205641252,CCL3,0.88257141133546
GOBP_REGULATION_OF_CHROMOSOME_ORGANIZATION,244,1,0.8103534082951089,0.6021495205641252,SMARCD2,0.88257141133546
GOBP_REGULATION_OF_INFLAMMATORY_RESPONSE,451,2,0.8112441371879784,0.6510934638405195,"IL20, CCL3",0.88257141133546
GOBP_HORMONE_METABOLIC_PROCESS,245,1,0.8116439656854686,0.5996712927553539,CYP11B1,0.88257141133546
GOBP_DEVELOPMENT_OF_PRIMARY_SEXUAL_CHARACTERISTICS,247,1,0.8141988590479513,0.5947752817178894,SLIT2,0.8837572148119399
GOBP_GLYCOSYLATION,247,1,0.8141988590479513,0.5947752817178894,DHDDS,0.8837572148119399
GOBP_REGULATION_OF_POST_TRANSLATIONAL_PROTEIN_MODIFICATION,248,1,0.8154633132479454,0.592357009059403,HAMP,0.8841883464747712
GOBP_CILIUM_ORGANIZATION,456,2,0.8160611582211227,0.6438667841192971,"GSN, ARL13B",0.8841883464747712
GOBP_RESPONSE_TO_RADIATION,458,2,0.8179570369954937,0.6410204865797259,"OPN5, DEAF1",0.8854476624695613
GOBP_ESTABLISHMENT_OF_PROTEIN_LOCALIZATION_TO_ORGANELLE,461,2,0.8207681074470107,0.6367975483998429,"TRAF3IP2, NEURL3",0.887694539147439
GOBP_NUCLEIC_ACID_CATABOLIC_PROCESS,464,2,0.8235402554146616,0.6326294535726433,"TRAF3IP2, REXO4",0.8898953341857623
GOBP_SPERMATID_DIFFERENTIATION,256,1,0.82527477382357,0.5736936341824064,AXDND1,0.8906353227877846
GOBP_ACTIN_FILAMENT_ORGANIZATION,467,2,0.8262739016403011,0.6285151406138875,"SLIT2, GSN",0.8906353227877846
GOBP_AMEBOIDAL_TYPE_CELL_MIGRATION,257,1,0.8264640362146181,0.5714427291060961,DOCK5,0.8906353227877846
GOBP_NEGATIVE_REGULATION_OF_TRANSPORT,468,2,0.8271766336744876,0.6271554749579253,"HAMP, PLSCR1",0.8906353227877846
GOBP_POSITIVE_REGULATION_OF_PROTEIN_TRANSPORT,260,1,0.8299835957777114,0.5647943029144278,IL1A,0.8921620052184985
GOBP_PROTEIN_DNA_COMPLEX_ORGANIZATION,261,1,0.8311408874709647,0.5626122553434961,SMARCD2,0.8921620052184985
GOBP_GLIAL_CELL_DIFFERENTIATION,262,1,0.8322903213554511,0.5604469284434435,LAMA2,0.8921620052184985
GOBP_REGULATION_OF_MUSCLE_SYSTEM_PROCESS,262,1,0.8322903213554511,0.5604469284434435,DOCK5,0.8921620052184985
GOBP_REGULATION_OF_NEURON_APOPTOTIC_PROCESS,262,1,0.8322903213554511,0.5604469284434435,CCL3,0.8921620052184985
GOBP_STEM_CELL_DIFFERENTIATION,264,1,0.8345658282132152,0.5561656737356384,SP7,0.8938074131795481
GOBP_GENERATION_OF_PRECURSOR_METABOLITES_AND_ENERGY,478,2,0.8359746359393486,0.6138730268465317,"PGAM1, RPE",0.894522504945739
GOBP_RRNA_METABOLIC_PROCESS,266,1,0.8368105378004743,0.5519490417397851,REXO4,0.8946238433349624
GOBP_MONOSACCHARIDE_METABOLIC_PROCESS,268,1,0.839024865891457,0.547795580260123,PGAM1,0.8961973567530872
GOBP_CELL_CYCLE_G1_S_PHASE_TRANSITION,271,1,0.8422902884682498,0.541680761969536,SMARCD2,0.8977606949459154
GOBP_RESPONSE_TO_TOXIC_SUBSTANCE,271,1,0.8422902884682498,0.541680761969536,CCL3,0.8977606949459154
GOBP_LIPID_LOCALIZATION,486,2,0.8427198569790574,0.6036422486297277,"PRELID2, PLSCR1",0.8977606949459154
GOBP_MESENCHYMAL_CELL_DIFFERENTIATION,273,1,0.8444304452721156,0.5376791529404379,LOXL3,0.8982166331052688
GOBP_HEART_PROCESS,274,1,0.8454896353941082,0.5357003352884816,GSN,0.8982166331052688
GOBP_POSITIVE_REGULATION_OF_IMMUNE_EFFECTOR_PROCESS,275,1,0.846541632188374,0.5337359615608585,CD80,0.8982166331052688
GOBP_PROTEIN_COMPLEX_OLIGOMERIZATION,276,1,0.8475864843841472,0.5317858741874861,COMP,0.8982166331052688
GOBP_REGULATION_OF_MICROTUBULE_BASED_PROCESS,276,1,0.8475864843841472,0.5317858741874861,SPICE1,0.8982166331052688
GOBP_MICROTUBULE_BASED_MOVEMENT,492,2,0.8476128791275072,0.5961883959277748,"DYNC1I2, KIF6",0.8982166331052688
GOBP_REGULATION_OF_BLOOD_CIRCULATION,278,1,0.8496549482530298,0.5279279396000665,DOCK5,0.8990973182896516
GOBP_ADENYLATE_CYCLASE_MODULATING_G_PROTEIN_COUPLED_RECEPTOR_SIGNALING_PATHWAY,279,1,0.8506786557471268,0.5260197884999837,MC5R,0.8990973182896516
GOBP_CARBOHYDRATE_HOMEOSTASIS,279,1,0.8506786557471268,0.5260197884999837,CYP11B1,0.8990973182896516
GOBP_CELL_GROWTH,498,2,0.8523673291157957,0.5889148783709119,"CYP27B1, SLIT2",0.8994143345895783
GOBP_REGULATION_OF_PROTEIN_SECRETION,281,1,0.8527052589838855,0.522244375251592,IL1A,0.8994143345895783
GOBP_NUCLEOSIDE_TRIPHOSPHATE_METABOLIC_PROCESS,283,1,0.8547044256621759,0.5185225139636883,PGAM1,0.8994143345895783
GOBP_RECEPTOR_MEDIATED_ENDOCYTOSIS,283,1,0.8547044256621759,0.5185225139636883,HAMP,0.8994143345895783
GOBP_RESPONSE_TO_ENDOPLASMIC_RETICULUM_STRESS,283,1,0.8547044256621759,0.5185225139636883,TMX1,0.8994143345895783
GOBP_POSITIVE_REGULATION_OF_NERVOUS_SYSTEM_DEVELOPMENT,284,1,0.8556938362725168,0.5166813104995308,SLIT2,0.8996711327359999
GOBP_B_CELL_ACTIVATION,292,1,0.8633709663373824,0.5024072382785839,TRAF3IP2,0.9069527905737342
GOBP_REGULATION_OF_MRNA_CATABOLIC_PROCESS,293,1,0.8643015053014105,0.5006779735355854,TRAF3IP2,0.9071407973033065
GOBP_ENDOSOMAL_TRANSPORT,297,1,0.867960871262922,0.49387775677495405,ANXA8L1,0.908611250315999
GOBP_ORGANIC_HYDROXY_COMPOUND_TRANSPORT,297,1,0.867960871262922,0.49387775677495405,SLC44A2,0.908611250315999
GOBP_SENSORY_ORGAN_MORPHOGENESIS,297,1,0.867960871262922,0.49387775677495405,LCTL,0.908611250315999
GOBP_PROTEIN_LOCALIZATION_TO_PLASMA_MEMBRANE,298,1,0.8688602273094654,0.4922063230254634,LRRC15,0.908764553173765
GOBP_CELL_FATE_COMMITMENT,302,1,0.8723969605310947,0.4856316467474607,LOXL3,0.9116737068060877
GOBP_ENDOTHELIAL_CELL_MIGRATION,303,1,0.8732661760550953,0.4840151907417959,SLIT2,0.9117926249987025
GOBP_EMBRYONIC_ORGAN_MORPHOGENESIS,304,1,0.8741294854825128,0.48240940441264674,ARL13B,0.9119051762985246
GOBP_EPIGENETIC_REGULATION_OF_GENE_EXPRESSION,308,1,0.8775244587629979,0.4760908705824264,CBX1,0.9146563227348347
GOBP_REGULATION_OF_SMALL_GTPASE_MEDIATED_SIGNAL_TRANSDUCTION,310,1,0.8791875368153255,0.4729929486554552,SLIT2,0.9155991000311456
GOBP_GOLGI_VESICLE_TRANSPORT,312,1,0.8808280885623493,0.46993487138316814,TRAPPC3L,0.9165168128403066
GOBP_NEURON_APOPTOTIC_PROCESS,316,1,0.8840428264534346,0.4639352150194568,CCL3,0.9183089539291385
GOBP_NUCLEOSIDE_PHOSPHATE_BIOSYNTHETIC_PROCESS,317,1,0.88483290258458,0.46245903374623276,TK2,0.9183089539291385
GOBP_RIBOSOME_BIOGENESIS,317,1,0.88483290258458,0.46245903374623276,REXO4,0.9183089539291385
GOBP_REGULATION_OF_SYNAPSE_STRUCTURE_OR_ACTIVITY,318,1,0.8856176090545843,0.4609921659194529,KLK8,0.9183337234784221
GOBP_REGULATION_OF_MONOATOMIC_ION_TRANSMEMBRANE_TRANSPORT,321,1,0.8879398732914722,0.4566465699821814,HAMP,0.91995143953889
GOBP_DOUBLE_STRAND_BREAK_REPAIR,324,1,0.8902151063802803,0.45238169718862115,SMARCD2,0.9215176958842182
GOBP_GLYCOPROTEIN_BIOSYNTHETIC_PROCESS,328,1,0.8931772303516519,0.44681692942441725,DHDDS,0.9230007851322293
GOBP_POSITIVE_REGULATION_OF_SECRETION,328,1,0.8931772303516519,0.44681692942441725,IL1A,0.9230007851322293
GOBP_POSITIVE_REGULATION_OF_ESTABLISHMENT_OF_PROTEIN_LOCALIZATION,330,1,0.8946282604451141,0.44408528810512327,IL1A,0.9237094186118501
GOBP_INTRINSIC_APOPTOTIC_SIGNALING_PATHWAY,333,1,0.8967680246057782,0.4400495348904537,DAPK2,0.9250625325978348
GOBP_REGULATION_OF_TRANSMEMBRANE_RECEPTOR_PROTEIN_SERINE_THREONINE_KINASE_SIGNALING_PATHWAY,334,1,0.8974716037051074,0.4387204429908047,NGLY1,0.9250625325978348
GOBP_MESENCHYME_DEVELOPMENT,341,1,0.9022645290335596,0.4296357089456875,LOXL3,0.9282008927373607
GOBP_PHOSPHATIDYLINOSITOL_3_KINASE_PROTEIN_KINASE_B_SIGNAL_TRANSDUCTION,341,1,0.9022645290335596,0.4296357089456875,CCL3,0.9282008927373607
GOBP_NUCLEAR_TRANSPORT,342,1,0.9029307385840486,0.42836833716623,TRAF3IP2,0.9282008927373607
GOBP_RNA_SPLICING_VIA_TRANSESTERIFICATION_REACTIONS,343,1,0.9035924183648707,0.42710837691759157,CWF19L2,0.9282008927373607
GOBP_DNA_RECOMBINATION,346,1,0.905550585268545,0.42337232087565424,ANKRD31,0.929421391512869
GOBP_CALCIUM_ION_TRANSMEMBRANE_TRANSPORT,348,1,0.9068339387386034,0.42091750595446464,CCL3,0.9299478029375483
GOBP_CELLULAR_RESPONSE_TO_ABIOTIC_STIMULUS,351,1,0.9087264282135569,0.41728788674918144,OPN5,0.9309447653607739
GOBP_DEFENSE_RESPONSE_TO_BACTERIUM,352,1,0.9093486978959009,0.4160918014079295,HAMP,0.9309447653607739
GOBP_REGULATION_OF_SMALL_MOLECULE_METABOLIC_PROCESS,354,1,0.9105805707493361,0.41371996078773704,MALRD1,0.9314158888936006
GOBP_REGULATION_OF_MITOTIC_CELL_CYCLE_PHASE_TRANSITION,357,1,0.9123971414261257,0.4102121684094838,SMARCD2,0.9324837846751344
GOBP_MRNA_CATABOLIC_PROCESS,361,1,0.9147621009713215,0.4056260546698671,TRAF3IP2,0.9341098611441497
GOBP_CELL_SUBSTRATE_ADHESION,363,1,0.9159205897022494,0.40337100426724765,DOCK5,0.9345022415643407
GOBP_EXOCYTOSIS,367,1,0.9181906616288791,0.3989348395402705,CCL3,0.9360271356301157
GOBP_MUSCLE_ORGAN_DEVELOPMENT,371,1,0.9203995945382308,0.3945945918878132,LAMA2,0.9362191500161537
GOBP_REGULATION_OF_AUTOPHAGY,371,1,0.9203995945382308,0.3945945918878132,DAPK2,0.9362191500161537
GOBP_NEGATIVE_REGULATION_OF_CATABOLIC_PROCESS,373,1,0.9214816488974239,0.39245947005854304,TRAF3IP2,0.9362191500161537
GOBP_REGULATION_OF_NEUROGENESIS,373,1,0.9214816488974239,0.39245947005854304,SLIT2,0.9362191500161537
GOBP_REGULATION_OF_VASCULATURE_DEVELOPMENT,377,1,0.9236019392933004,0.3882573685855832,IL1A,0.937584138542484
GOBP_VESICLE_ORGANIZATION,400,1,0.9347312144369527,0.36573031331036787,ANXA8L1,0.9480845175003377
GOBP_REGULATION_OF_MRNA_METABOLIC_PROCESS,407,1,0.9377857614735559,0.3593808584470202,TRAF3IP2,0.9503840588569117
GOBP_FATTY_ACID_METABOLIC_PROCESS,413,1,0.9402901864938158,0.35411019445745534,PNLIPRP1,0.9521226972298957
GOBP_NEGATIVE_REGULATION_OF_LOCOMOTION,421,1,0.9434736781727535,0.34731689420282275,SLIT2,0.9545454564581002
GOBP_RESPONSE_TO_XENOBIOTIC_STIMULUS,444,1,0.9517139426975556,0.32915286676471645,TRAF3IP2,0.9614051616472787
GOBP_REGULATION_OF_TRANSMEMBRANE_TRANSPORT,452,1,0.9542897116578523,0.3232692137986133,HAMP,0.9614051616472787
GOBP_MUSCLE_TISSUE_DEVELOPMENT,453,1,0.9546018918175276,0.3225484012255267,CSRP1,0.9614051616472787
GOBP_REGULATION_OF_PROTEIN_TRANSPORT,456,1,0.9555257298905243,0.32040497394764894,IL1A,0.9614051616472787
GOBP_SENSORY_PERCEPTION_OF_SMELL,456,1,0.9555257298905243,0.32040497394764894,OR52P1,0.9614051616472787
GOBP_MITOTIC_CELL_CYCLE_PHASE_TRANSITION,457,1,0.9558294896244693,0.31969676551954335,SMARCD2,0.9614051616472787
GOBP_REGULATION_OF_NERVOUS_SYSTEM_DEVELOPMENT,457,1,0.9558294896244693,0.31969676551954335,SLIT2,0.9614051616472787
GOBP_REGULATION_OF_CELL_CYCLE_PHASE_TRANSITION,466,1,0.958471869026996,0.3134599622648329,SMARCD2,0.9622628080494878
GOBP_POSITIVE_REGULATION_OF_MAPK_CASCADE,470,1,0.9595950697232276,0.3107648831038884,CCL3,0.9622628080494878
GOBP_EMBRYONIC_ORGAN_DEVELOPMENT,471,1,0.959871102644228,0.31009828107733944,ARL13B,0.9622628080494878
GOBP_PROTEASOME_MEDIATED_UBIQUITIN_DEPENDENT_PROTEIN_CATABOLIC_PROCESS,471,1,0.959871102644228,0.31009828107733944,HAMP,0.9622628080494878
GOBP_PATTERN_SPECIFICATION_PROCESS,481,1,0.9625300569388834,0.30358502377545993,ARL13B,0.9641276171993628
GOBP_RIBONUCLEOPROTEIN_COMPLEX_BIOGENESIS,490,1,0.9647724986712358,0.29795085641498315,REXO4,0.9650132444112116
GOBP_ESTABLISHMENT_OF_ORGANELLE_LOCALIZATION,491,1,0.9650132444112116,0.29733761370901474,SPICE1,0.9650132444112116
