pathway,pathway_size,overlap,pval,odds_ratio,gene_list,fdr
GOBP_IRON_ION_TRANSMEMBRANE_TRANSPORT,23,4,2.312213953246638e-4,15.576507784562232,"SLC40A1, SCARA5, MMGT1, SLC48A1",0.30153674290052773
GOBP_GOLGI_TO_PLASMA_MEMBRANE_PROTEIN_TRANSPORT,44,5,3.004850452421801e-4,9.4946137491867,"ATP2C1, RAB11FIP3, BLZF1, ACSL3, SYS1",0.30153674290052773
GOBP_TRANSITION_METAL_ION_TRANSPORT,102,7,4.637196935308687e-4,5.465673800276434,"ATP2C1, SLC40A1, SLC39A6, SLC30A5, SCARA5, MMGT1, SLC48A1",0.31022847497215117
GOBP_POSITIVE_REGULATION_OF_SMOOTHENED_SIGNALING_PATHWAY,39,4,0.0018128720637457002,8.453465399762258,"TUBD1, POR, PDCL, IFT172",0.7906414613232131
GOBP_GOLGI_TO_PLASMA_MEMBRANE_TRANSPORT,68,5,0.0022164533550765664,5.875163519162913,"ATP2C1, RAB11FIP3, BLZF1, ACSL3, SYS1",0.7906414613232131
GOBP_ESTABLISHMENT_OF_PROTEIN_LOCALIZATION_TO_PLASMA_MEMBRANE,69,5,0.0023636516033578867,5.783263414480038,"ATP2C1, RAB11FIP3, BLZF1, ACSL3, SYS1",0.7906414613232131
GOBP_CALCIUM_INDEPENDENT_CELL_CELL_ADHESION_VIA_PLASMA_MEMBRANE_CELL_ADHESION_MOLECULES,23,3,0.003474806363729213,11.083803914922628,"CLDN11, CLDN12, CLDN23",0.9093604696158022
GOBP_REGULATION_OF_ENDOTHELIAL_CELL_CHEMOTAXIS,24,3,0.0039319884808757975,10.555820139807802,"PRKD2, HRG, CXCL13",0.9093604696158022
GOBP_IRON_ION_TRANSPORT,55,4,0.006353346124638712,5.799782829894193,"SLC40A1, SCARA5, MMGT1, SLC48A1",0.9093604696158022
GOBP_REGULATION_OF_SMOOTHENED_SIGNALING_PATHWAY,94,5,0.008797167450035085,4.156941327508668,"TUBD1, GLIS2, POR, PDCL, IFT172",0.9093604696158022
GOBP_ANTIMICROBIAL_HUMORAL_IMMUNE_RESPONSE_MEDIATED_BY_ANTIMICROBIAL_PEPTIDE,134,6,0.009617112001170686,3.4705644811435032,"CCL8, HRG, CXCL13, REG1B, CCL3L3, CCL3",0.9093604696158022
GOBP_ENDOTHELIAL_CELL_CHEMOTAXIS,33,3,0.009696627099425955,7.387917421254609,"PRKD2, HRG, CXCL13",0.9093604696158022
GOBP_ANTIMICROBIAL_HUMORAL_RESPONSE,184,7,0.012478783598005607,2.9293639109376497,"CCL8, HRG, SEMG2, CXCL13, REG1B, CCL3L3, CCL3",0.9093604696158022
GOBP_INTERLEUKIN_2_PRODUCTION,67,4,0.01259728970990948,4.6940817410455,"HDAC7, PRKD2, IL1A, CD80",0.9093604696158022
GOBP_POSITIVE_REGULATION_OF_INTERLEUKIN_2_PRODUCTION,37,3,0.013276005628372466,6.518297046790525,"PRKD2, IL1A, CD80",0.9093604696158022
GOBP_ESTABLISHMENT_OF_PROTEIN_LOCALIZATION_TO_MEMBRANE,279,9,0.013682897047454567,2.47141622303101,"SEC62, ATP2C1, RAB11FIP3, BLZF1, ACSL3, TRMT10B, MMGT1, SYS1, SACM1L",0.9093604696158022
GOBP_POSITIVE_REGULATION_OF_CHEMOTAXIS,145,6,0.013790513445160739,3.195302824828936,"PRKD2, EDN3, MOSPD2, NTRK3, CXCL13, CCL3",0.9093604696158022
GOBP_NEUROTROPHIN_SIGNALING_PATHWAY,39,3,0.015311362839844897,6.155955221509739,"NTRK3, NTRK1, AKT1S1",0.9093604696158022
GOBP_REGULATION_OF_APOPTOTIC_PROCESS_INVOLVED_IN_DEVELOPMENT,15,2,0.016771827017255214,11.35479299350321,"TNFRSF1B, PML",0.9093604696158022
GOBP_POST_GOLGI_VESICLE_MEDIATED_TRANSPORT,112,5,0.017707876534921143,3.4565588754147933,"ATP2C1, RAB11FIP3, BLZF1, ACSL3, SYS1",0.9093604696158022
GOBP_REGULATION_OF_STEROID_HORMONE_BIOSYNTHETIC_PROCESS,16,2,0.01899951214754632,10.543553040202362,"NR5A2, POR",0.9093604696158022
GOBP_VESICLE_MEDIATED_TRANSPORT_TO_THE_PLASMA_MEMBRANE,157,6,0.01962770124564877,2.9407562235355162,"ATP2C1, RAB11FIP3, BLZF1, ACSL3, SYS1, SACM1L",0.9093604696158022
GOBP_SUPPRESSION_OF_VIRAL_RELEASE_BY_HOST,17,2,0.021343944345528606,9.840478404751527,"PML, TRIM8",0.9093604696158022
GOBP_SERTOLI_CELL_DEVELOPMENT,18,2,0.023801603562322384,9.225288091680994,"NR5A2, NTRK1",0.9093604696158022
GOBP_GRANULOCYTE_CHEMOTAXIS,121,5,0.0238262454159458,3.1878776752146543,"CCL8, EDN3, MOSPD2, CXCL13, CCL3",0.9093604696158022
GOBP_NEUTROPHIL_CHEMOTAXIS,83,4,0.02558738301333735,3.742339023144209,"EDN3, MOSPD2, CXCL13, CCL3",0.9093604696158022
GOBP_GOLGI_VESICLE_TRANSPORT,312,9,0.02597286226543116,2.2009823945305906,"ATP2C1, RAB11FIP3, YKT6, BLZF1, YIPF4, ACSL3, WHAMM, RAB33B, SYS1",0.9093604696158022
GOBP_LONG_CHAIN_FATTY_ACYL_COA_BIOSYNTHETIC_PROCESS,19,2,0.026369042906536987,8.68247310409476,"ACSL3, HACD2",0.9093604696158022
GOBP_POSITIVE_REGULATION_OF_LYMPHOCYTE_CHEMOTAXIS,19,2,0.026369042906536987,8.68247310409476,"CXCL13, CCL3",0.9093604696158022
GOBP_SENSORY_PERCEPTION_OF_PAIN,84,4,0.02659104003712117,3.6954954360441534,"NPY1R, NTRK1, MC1R, CCL3",0.9093604696158022
GOBP_REGULATION_OF_CHEMOTAXIS,215,7,0.02666688095754188,2.4914281300224355,"PRKD2, HRG, EDN3, MOSPD2, NTRK3, CXCL13, CCL3",0.9093604696158022
GOBP_CELLULAR_RESPONSE_TO_AMYLOID_BETA,49,3,0.02799189583723549,4.81686585400509,"NTRK1, MIR200A, MIR140",0.9093604696158022
GOBP_CELLULAR_RESPONSE_TO_GONADOTROPIN_STIMULUS,20,2,0.029042887319925378,8.1999708886057,"POR, NSMF",0.9093604696158022
GOBP_RNA_DECAPPING,20,2,0.029042887319925378,8.1999708886057,"NUDT12, NUDT16",0.9093604696158022
GOBP_RESPONSE_TO_TEMPERATURE_STIMULUS,175,6,0.031215091425349388,2.626715001895667,"HSPB6, IL1A, PSIP1, DRGX, SCARA5, NTRK1",0.9093604696158022
GOBP_EOSINOPHIL_CHEMOTAXIS,21,2,0.03181983227532185,7.768258376578719,"CCL8, CCL3",0.9093604696158022
GOBP_POSITIVE_REGULATION_OF_MYELINATION,21,2,0.03181983227532185,7.768258376578719,"TNFRSF1B, CDK18",0.9093604696158022
GOBP_REGULATION_OF_GLIAL_CELL_MIGRATION,21,2,0.03181983227532185,7.768258376578719,"RRAS, CCL3",0.9093604696158022
GOBP_PEPTIDYL_TYROSINE_MODIFICATION,131,5,0.032056241620747584,2.9343601401738653,"EPHA3, TNK2, HRG, CD80, NTRK1",0.9093604696158022
GOBP_CELL_CELL_JUNCTION_ORGANIZATION,225,7,0.03293989272294534,2.37672757759804,"CLDN11, HDAC7, CLDN12, GJB2, TMIGD1, NF2, CLDN23",0.9093604696158022
GOBP_EPHRIN_RECEPTOR_SIGNALING_PATHWAY,53,3,0.03423333540950074,4.431208112308275,"EPHA3, NTRK3, NTRK1",0.9093604696158022
GOBP_AMINE_CATABOLIC_PROCESS,22,2,0.03469664249650379,7.3797171129834975,"SMOX, MOXD2P",0.9093604696158022
GOBP_NEGATIVE_REGULATION_OF_TELOMERE_MAINTENANCE_VIA_TELOMERASE,22,2,0.03469664249650379,7.3797171129834975,"HNRNPC, PML",0.9093604696158022
GOBP_REGULATION_OF_HORMONE_BIOSYNTHETIC_PROCESS,22,2,0.03469664249650379,7.3797171129834975,"NR5A2, POR",0.9093604696158022
GOBP_TRNA_PROCESSING,135,5,0.035787690950252665,2.843873881404898,"ALKBH1, TRMT10B, DUS1L, FAM98B, CLP1",0.9093604696158022
GOBP_REGULATION_OF_CHONDROCYTE_DIFFERENTIATION,54,3,0.035896866298621655,4.344246072275667,"NR5A2, CCN2, POR",0.9093604696158022
GOBP_RESPONSE_TO_CHEMOKINE,93,4,0.036679717402034816,3.321273070998032,"CCL8, CXCL13, CCL3L3, CCL3",0.9093604696158022
GOBP_BENZENE_CONTAINING_COMPOUND_METABOLIC_PROCESS,23,2,0.03767015069962517,7.028179776992495,"CYP4B1, TDO2",0.9093604696158022
GOBP_POSITIVE_REGULATION_OF_LEUKOCYTE_CHEMOTAXIS,97,4,0.041779217872858376,3.178201198735124,"EDN3, MOSPD2, CXCL13, CCL3",0.9093604696158022
GOBP_CELL_AGGREGATION,25,2,0.043894924475019206,6.416810491889798,"CCN2, TMIGD1",0.9093604696158022
GOBP_EOSINOPHIL_MIGRATION,25,2,0.043894924475019206,6.416810491889798,"CCL8, CCL3",0.9093604696158022
GOBP_LONG_CHAIN_FATTY_ACYL_COA_METABOLIC_PROCESS,25,2,0.043894924475019206,6.416810491889798,"ACSL3, HACD2",0.9093604696158022
GOBP_PROGRAMMED_CELL_DEATH_INVOLVED_IN_CELL_DEVELOPMENT,25,2,0.043894924475019206,6.416810491889798,"IL1A, NTRK1",0.9093604696158022
GOBP_PROTEIN_DEACETYLATION,25,2,0.043894924475019206,6.416810491889798,"HDAC7, SIRT5",0.9093604696158022
GOBP_REGULATION_OF_LYMPHOCYTE_CHEMOTAXIS,25,2,0.043894924475019206,6.416810491889798,"CXCL13, CCL3",0.9093604696158022
GOBP_SERTOLI_CELL_DIFFERENTIATION,25,2,0.043894924475019206,6.416810491889798,"NR5A2, NTRK1",0.9093604696158022
GOBP_ACYL_COA_METABOLIC_PROCESS,99,4,0.04447157368197312,3.111183321666554,"ACSL3, TDO2, ACSM5, HACD2",0.9093604696158022
GOBP_POSITIVE_REGULATION_OF_LIPID_BIOSYNTHETIC_PROCESS,99,4,0.04447157368197312,3.111183321666554,"CREBL2, NR5A2, ACSL3, POR",0.9093604696158022
GOBP_SNRNA_METABOLIC_PROCESS,59,3,0.044823509147784865,3.9560226782036665,"METTL4, INTS7, SNAPC4",0.9093604696158022
GOBP_RESPONSE_TO_AMYLOID_BETA,60,3,0.04672889679993392,3.886551123290689,"NTRK1, MIR200A, MIR140",0.9093604696158022
GOBP_NEUROTROPHIN_TRK_RECEPTOR_SIGNALING_PATHWAY,26,2,0.04714018440948778,6.1493364276135845,"NTRK1, AKT1S1",0.9093604696158022
GOBP_GRANULOCYTE_MIGRATION,148,5,0.04970168904516894,2.5847541400696223,"CCL8, EDN3, MOSPD2, CXCL13, CCL3",0.9093604696158022
GOBP_DETECTION_OF_TEMPERATURE_STIMULUS,27,2,0.050470128678679324,5.903260287380729,"DRGX, NTRK1",0.9093604696158022
GOBP_RESPONSE_TO_HEAT,104,4,0.051617348504633835,2.955366757331187,"HSPB6, IL1A, PSIP1, SCARA5",0.9093604696158022
GOBP_CELLULAR_RESPONSE_TO_MOLECULE_OF_BACTERIAL_ORIGIN,250,7,0.05270179764832263,2.1312778355649247,"TNFRSF1B, TNIP3, IL1A, CD80, TRIM41, CXCL13, MIR140",0.9093604696158022
GOBP_FATTY_ACYL_COA_BIOSYNTHETIC_PROCESS,28,2,0.05388191181315432,5.676113080077363,"ACSL3, HACD2",0.9093604696158022
GOBP_RESPONSE_TO_GONADOTROPIN,28,2,0.05388191181315432,5.676113080077363,"POR, NSMF",0.9093604696158022
GOBP_POSITIVE_REGULATION_OF_LEUKOCYTE_MIGRATION,152,5,0.05453945719226254,2.5142453668363367,"CCL8, EDN3, MOSPD2, CXCL13, CCL3",0.9093604696158022
GOBP_NEUTROPHIL_MIGRATION,106,4,0.054640831771773105,2.897317448995414,"EDN3, MOSPD2, CXCL13, CCL3",0.9093604696158022
GOBP_TAXIS,473,11,0.05616613001940095,1.7639455732727678,"ALKBH1, PRKD2, CCL8, HRG, EDN3, MOSPD2, NTRK3, CXCL13, CMTM5, CCL3L3",0.9093604696158022
GOBP_TRNA_METABOLIC_PROCESS,203,6,0.056768898237466545,2.252274424416084,"ALKBH1, YARS2, TRMT10B, DUS1L, FAM98B, CLP1",0.9093604696158022
GOBP_VASCULAR_ENDOTHELIAL_GROWTH_FACTOR_PRODUCTION,65,3,0.05683997651716088,3.5728086165351893,"IL1A, NDRG2, MIR140",0.9093604696158022
GOBP_3_UTR_MEDIATED_MRNA_STABILIZATION,29,2,0.05737274921839712,5.465791591033538,"HNRNPC, NICOL1",0.9093604696158022
GOBP_T_CELL_CHEMOTAXIS,29,2,0.05737274921839712,5.465791591033538,"CXCL13, CCL3",0.9093604696158022
GOBP_RESPONSE_TO_RETINOIC_ACID,108,4,0.057758051625545113,2.841500806337234,"EPHA3, NTRK3, GDAP2, RXRB",0.9093604696158022
GOBP_POSITIVE_REGULATION_OF_PROTEIN_LOCALIZATION_TO_PLASMA_MEMBRANE,66,3,0.05897668227800088,3.516036162809888,"ATP2C1, EPHA3, ACSL3",0.9093604696158022
GOBP_GOLGI_ORGANIZATION,156,5,0.05964014754268139,2.4474721577159815,"BLZF1, YIPF4, RAB33B, NPLOC4, TANGO2",0.9093604696158022
GOBP_SMOOTHENED_SIGNALING_PATHWAY,156,5,0.05964014754268139,2.4474721577159815,"TUBD1, GLIS2, POR, PDCL, IFT172",0.9093604696158022
GOBP_APOPTOTIC_PROCESS_INVOLVED_IN_MORPHOGENESIS,30,2,0.06093991605783126,5.2704930648040955,"TNFRSF1B, PML",0.9093604696158022
GOBP_NEGATIVE_REGULATION_OF_TELOMERE_MAINTENANCE_VIA_TELOMERE_LENGTHENING,30,2,0.06093991605783126,5.2704930648040955,"HNRNPC, PML",0.9093604696158022
GOBP_POSITIVE_REGULATION_OF_STEROID_BIOSYNTHETIC_PROCESS,30,2,0.06093991605783126,5.2704930648040955,"NR5A2, POR",0.9093604696158022
GOBP_POSITIVE_REGULATION_OF_NEURON_PROJECTION_DEVELOPMENT,158,5,0.06228892656461569,2.415394831754979,"EPHA3, ATF1, NTRK3, NTRK1, NCKIPSD",0.9093604696158022
GOBP_NEGATIVE_REGULATION_OF_DNA_BIOSYNTHETIC_PROCESS,31,2,0.0645807461547766,5.088663401856341,"HNRNPC, PML",0.9093604696158022
GOBP_CELLULAR_RESPONSE_TO_RETINOIC_ACID,69,3,0.0656092407086203,3.3560410657466493,"EPHA3, NTRK3, RXRB",0.9093604696158022
GOBP_REGULATION_OF_PEPTIDASE_ACTIVITY,32,2,0.06829263091304259,4.918955715919738,"SEMG2, SERPINB4",0.9093604696158022
GOBP_ZINC_ION_TRANSPORT,32,2,0.06829263091304259,4.918955715919738,"SLC39A6, SLC30A5",0.9093604696158022
GOBP_CELL_CELL_JUNCTION_ASSEMBLY,163,5,0.06919676030201798,2.3387543852052524,"CLDN11, HDAC7, CLDN12, GJB2, CLDN23",0.9093604696158022
GOBP_REGULATION_OF_VASCULATURE_DEVELOPMENT,377,9,0.0695178937792728,1.8101627555116484,"HSPB6, EPN1, PRKD2, HRG, IL1A, RRAS, PML, CXCL13, NTRK1",0.9093604696158022
GOBP_PROTEIN_DEACYLATION,33,2,0.07207301825585657,4.760196912493399,"HDAC7, SIRT5",0.9093604696158022
GOBP_POSITIVE_CHEMOTAXIS,72,3,0.07256718672408094,3.209958585560177,"ALKBH1, NTRK3, CCL3",0.9093604696158022
GOBP_PEPTIDYL_AMINO_ACID_MODIFICATION,440,10,0.07478538333203363,1.72165414375274,"EPHA3, HDAC7, TNK2, PRKD2, CREBL2, HRG, CD80, SIRT5, PML, NTRK1",0.9093604696158022
GOBP_CAMP_PKA_SIGNAL_TRANSDUCTION,34,2,0.07591941158282954,4.611360533883162,"ATF1, MC1R",0.9093604696158022
GOBP_REGULATION_OF_MITOCHONDRIAL_GENE_EXPRESSION,34,2,0.07591941158282954,4.611360533883162,"ALKBH1, METTL4",0.9093604696158022
GOBP_CELL_CHEMOTAXIS,328,8,0.07624386196117122,1.8495472111515718,"PRKD2, CCL8, HRG, EDN3, MOSPD2, CXCL13, CCL3L3, CCL3",0.9093604696158022
GOBP_REGULATION_OF_MEMBRANE_PERMEABILITY,74,3,0.07738107006916096,3.1194285977148235,"IER3, TMIGD1, SPG7",0.9093604696158022
GOBP_ERK1_AND_ERK2_CASCADE,330,8,0.07832370846466781,1.837995059026319,"PRKD2, IL1A, CCN2, RRAS, DUSP15, NDRG2, NTRK1, CCL3",0.9093604696158022
GOBP_INTRACELLULAR_ZINC_ION_HOMEOSTASIS,35,2,0.07982936874466882,4.471544541504472,"SLC39A6, SLC30A5",0.9093604696158022
GOBP_PROTEIN_LOCALIZATION_TO_GOLGI_APPARATUS,35,2,0.07982936874466882,4.471544541504472,"RAB33B, SYS1",0.9093604696158022
GOBP_REGULATION_OF_CARTILAGE_DEVELOPMENT,75,3,0.0798392927683214,3.0760496451719215,"NR5A2, CCN2, POR",0.9093604696158022
GOBP_CELLULAR_RESPONSE_TO_BIOTIC_STIMULUS,277,7,0.0809680755820757,1.91724566026775,"TNFRSF1B, TNIP3, IL1A, CD80, TRIM41, CXCL13, MIR140",0.9093604696158022
GOBP_RESPONSE_TO_ELECTRICAL_STIMULUS,36,2,0.08380050103534975,4.339953018955183,"NSMF, NTRK1",0.9093604696158022
GOBP_SNRNA_PROCESSING,36,2,0.08380050103534975,4.339953018955183,"METTL4, INTS7",0.9093604696158022
GOBP_REGULATION_OF_GLIAL_CELL_DIFFERENTIATION,77,3,0.08485607333359171,2.992808952393369,"TNFRSF1B, NTRK3, DUSP15",0.9093604696158022
GOBP_REGULATION_OF_MYOBLAST_DIFFERENTIATION,77,3,0.08485607333359171,2.992808952393369,"SMARCD2, CCL8, CMTM5",0.9093604696158022
GOBP_DNA_INTEGRITY_CHECKPOINT_SIGNALING,124,4,0.08598505800329785,2.4619476355432472,"CDC5L, IER3, MDC1, INTS7",0.9093604696158022
GOBP_CELL_CELL_ADHESION_VIA_PLASMA_MEMBRANE_ADHESION_MOLECULES,282,7,0.0870051750380703,1.882222213379271,"CLDN11, ATP2C1, IL1RN, CLDN12, NEXN, SCARF2, CLDN23",0.9093604696158022
GOBP_POSITIVE_REGULATION_OF_PROTEIN_LOCALIZATION_TO_CELL_PERIPHERY,78,3,0.08741372204647707,2.9528534198311327,"ATP2C1, EPHA3, ACSL3",0.9093604696158022
GOBP_NAD_METABOLIC_PROCESS,37,2,0.08783047220146269,4.2158810117043455,"NUDT12, GPD2",0.9093604696158022
GOBP_NEGATIVE_REGULATION_OF_SMOOTHENED_SIGNALING_PATHWAY,37,2,0.08783047220146269,4.2158810117043455,"GLIS2, IFT172",0.9093604696158022
GOBP_POSITIVE_REGULATION_OF_STEROID_METABOLIC_PROCESS,37,2,0.08783047220146269,4.2158810117043455,"NR5A2, POR",0.9093604696158022
GOBP_REGULATION_OF_HORMONE_METABOLIC_PROCESS,37,2,0.08783047220146269,4.2158810117043455,"NR5A2, POR",0.9093604696158022
GOBP_REGULATION_OF_LEUKOCYTE_CHEMOTAXIS,126,4,0.08991062680561741,2.4215034451388964,"EDN3, MOSPD2, CXCL13, CCL3",0.9093604696158022
GOBP_REGULATION_OF_CELL_MATRIX_ADHESION,127,4,0.09190517953551802,2.4017745717657597,"EPHA3, HRG, RRAS, NF2",0.9093604696158022
GOBP_MITOTIC_CYTOKINETIC_PROCESS,38,2,0.09191699746845894,4.098701893499433,"RAB11FIP3, SPART",0.9093604696158022
GOBP_NEGATIVE_REGULATION_OF_STRIATED_MUSCLE_CELL_APOPTOTIC_PROCESS,38,2,0.09191699746845894,4.098701893499433,"HSPB6, SIRT5",0.9093604696158022
GOBP_POSITIVE_REGULATION_OF_NERVOUS_SYSTEM_PROCESS,38,2,0.09191699746845894,4.098701893499433,"TNFRSF1B, CDK18",0.9093604696158022
GOBP_RETINOIC_ACID_RECEPTOR_SIGNALING_PATHWAY,38,2,0.09191699746845894,4.098701893499433,"PML, RXRB",0.9093604696158022
GOBP_MITOTIC_NUCLEAR_DIVISION,286,7,0.0920139950348892,1.8551072867517469,"TUBG2, IL1A, EDN3, EML3, SMARCA5, SPICE1, CCDC8",0.9093604696158022
GOBP_POSITIVE_REGULATION_OF_BLOOD_VESSEL_ENDOTHELIAL_CELL_MIGRATION,80,3,0.09262522225315489,2.87605577277642,"HDAC7, PRKD2, MIR200A",0.9093604696158022
GOBP_PIGMENT_METABOLIC_PROCESS,81,3,0.09527813324309611,2.8391338270527022,"SLC48A1, UGT1A10, MC1R",0.9093604696158022
GOBP_TIGHT_JUNCTION_ASSEMBLY,81,3,0.09527813324309611,2.8391338270527022,"CLDN11, CLDN12, CLDN23",0.9093604696158022
GOBP_LIPID_DROPLET_ORGANIZATION,39,2,0.09605784258351915,3.9878567814642203,"MOSPD2, SPART",0.9093604696158022
GOBP_MAINTENANCE_OF_BLOOD_BRAIN_BARRIER,39,2,0.09605784258351915,3.9878567814642203,"CLDN12, LAMA2",0.9093604696158022
GOBP_NEGATIVE_REGULATION_OF_TELOMERE_MAINTENANCE,39,2,0.09605784258351915,3.9878567814642203,"HNRNPC, PML",0.9093604696158022
GOBP_LENS_FIBER_CELL_DIFFERENTIATION,40,2,0.10025082287477619,3.8828456224969385,"NTRK3, NF2",0.9093604696158022
GOBP_NADH_METABOLIC_PROCESS,40,2,0.10025082287477619,3.8828456224969385,"NUDT12, GPD2",0.9093604696158022
GOBP_GLIOGENESIS,352,8,0.10340995437321383,1.7197869907345777,"TNFRSF1B, RRAS, NTRK3, DUSP15, CNP, NF2, LAMA2, CCL3",0.9093604696158022
GOBP_FOCAL_ADHESION_ASSEMBLY,84,3,0.10341977638540134,2.733837907679744,"EPHA3, HRG, WHAMM",0.9093604696158022
GOBP_REGULATION_OF_PEPTIDYL_TYROSINE_PHOSPHORYLATION,84,3,0.10341977638540134,2.733837907679744,"TNK2, HRG, CD80",0.9093604696158022
GOBP_XENOBIOTIC_METABOLIC_PROCESS,133,4,0.10430686396713489,2.2898246855843416,"SMOX, POR, UGT2A3, UGT1A10",0.9093604696158022
GOBP_FATTY_ACYL_COA_METABOLIC_PROCESS,41,2,0.10449380232662625,3.7832196509917497,"ACSL3, HACD2",0.9093604696158022
GOBP_MACROMOLECULE_DEACYLATION,41,2,0.10449380232662625,3.7832196509917497,"HDAC7, SIRT5",0.9093604696158022
GOBP_NADP_METABOLIC_PROCESS,41,2,0.10449380232662625,3.7832196509917497,"NUDT12, RPE",0.9093604696158022
GOBP_REGULATION_OF_ENDOTHELIAL_CELL_MIGRATION,240,6,0.1053931009360567,1.8949214122143845,"HDAC7, PRKD2, HRG, RRAS, CXCL13, MIR200A",0.9093604696158022
GOBP_PROTEIN_LOCALIZATION_TO_PLASMA_MEMBRANE,298,7,0.10798339147327253,1.7782350720662288,"ATP2C1, EPHA3, RAB11FIP3, BLZF1, ACSL3, ARL6IP5, SYS1",0.9093604696158022
GOBP_CELL_MATRIX_ADHESION,242,6,0.10849406830648796,1.8787971466440836,"EPHA3, HRG, CCN2, RRAS, WHAMM, NF2",0.9093604696158022
GOBP_AMINE_BIOSYNTHETIC_PROCESS,42,2,0.10878469267086682,3.6885749779019585,"SMOX, MOXD2P",0.9093604696158022
GOBP_NEGATIVE_REGULATION_OF_VASCULAR_ASSOCIATED_SMOOTH_MUSCLE_CELL_PROLIFERATION,42,2,0.10878469267086682,3.6885749779019585,"NDRG2, MIR140",0.9093604696158022
GOBP_POSITIVE_REGULATION_OF_DNA_REPLICATION,42,2,0.10878469267086682,3.6885749779019585,"ATF1, SMARCA5",0.9093604696158022
GOBP_REGULATION_OF_NEUROINFLAMMATORY_RESPONSE,42,2,0.10878469267086682,3.6885749779019585,"TNFRSF1B, CCL3",0.9093604696158022
GOBP_NEURON_PROJECTION_GUIDANCE,244,6,0.11164150057821084,1.8629438771323186,"EPHA3, EDN3, NEXN, DRGX, LAMA2, NTRK1",0.9093604696158022
GOBP_POSITIVE_REGULATION_OF_ENDOTHELIAL_CELL_MIGRATION,137,4,0.11297544011544479,2.2208029511926246,"HDAC7, PRKD2, RRAS, MIR200A",0.9093604696158022
GOBP_POSITIVE_REGULATION_OF_LIPID_METABOLIC_PROCESS,137,4,0.11297544011544479,2.2208029511926246,"CREBL2, NR5A2, ACSL3, POR",0.9093604696158022
GOBP_REGULATION_OF_DNA_BIOSYNTHETIC_PROCESS,88,3,0.11468392220508156,2.605005253213288,"HNRNPC, PRKD2, PML",0.9093604696158022
GOBP_APOPTOTIC_PROCESS_INVOLVED_IN_DEVELOPMENT,44,2,0.1175020863562809,3.512806298893383,"TNFRSF1B, PML",0.9093604696158022
GOBP_NEGATIVE_REGULATION_OF_OSSIFICATION,44,2,0.1175020863562809,3.512806298893383,"BMP3, CCL3",0.9093604696158022
GOBP_POSITIVE_REGULATION_OF_LYMPHOCYTE_MIGRATION,44,2,0.1175020863562809,3.512806298893383,"CXCL13, CCL3",0.9093604696158022
GOBP_REGULATION_OF_OLIGODENDROCYTE_DIFFERENTIATION,44,2,0.1175020863562809,3.512806298893383,"TNFRSF1B, DUSP15",0.9093604696158022
GOBP_TIGHT_JUNCTION_ORGANIZATION,89,3,0.11756963965858364,2.5746696572208156,"CLDN11, CLDN12, CLDN23",0.9093604696158022
GOBP_POSITIVE_REGULATION_OF_VASCULATURE_DEVELOPMENT,193,5,0.11892299272276764,1.9645207147639236,"HSPB6, PRKD2, IL1A, RRAS, NTRK1",0.9093604696158022
GOBP_HUMORAL_IMMUNE_RESPONSE,307,7,0.12086850073686084,1.724616702305699,"CCL8, HRG, SEMG2, CXCL13, REG1B, CCL3L3, CCL3",0.9093604696158022
GOBP_RNA_SPLICING,486,10,0.12127951008917613,1.5540223829305433,"RBM22, HNRNPC, CDC5L, METTL4, ZC3H10, CWC27, PSIP1, FAM98B, CLP1, DDX39B",0.9093604696158022
GOBP_POSITIVE_REGULATION_OF_MITOCHONDRIAL_MEMBRANE_PERMEABILITY,45,2,0.12192464393476067,3.4310534247528612,"IER3, SPG7",0.9093604696158022
GOBP_REGULATION_OF_TELOMERE_MAINTENANCE_VIA_TELOMERASE,45,2,0.12192464393476067,3.4310534247528612,"HNRNPC, PML",0.9093604696158022
GOBP_SIGNALING_RECEPTOR_LIGAND_PRECURSOR_PROCESSING,45,2,0.12192464393476067,3.4310534247528612,"MEP1A, SLC30A5",0.9093604696158022
GOBP_EPIGENETIC_REGULATION_OF_GENE_EXPRESSION,308,7,0.12234707405314736,1.7188570324634638,"HDAC7, ALKBH1, METTL4, SMARCA1, CBX1, EZH1, SMARCA5",0.9093604696158022
GOBP_SIGNAL_TRANSDUCTION_IN_RESPONSE_TO_DNA_DAMAGE,195,5,0.12271545311374843,1.9437737252863965,"CDC5L, IER3, MDC1, PML, INTS7",0.9093604696158022
GOBP_PROTEIN_LOCALIZATION_TO_CELL_PERIPHERY,369,8,0.12551355525688584,1.6383124294011804,"ATP2C1, EPHA3, RAB11FIP3, BLZF1, ACSL3, ARL6IP5, SYS1, SACM1L",0.9093604696158022
GOBP_AMIDE_METABOLIC_PROCESS,490,10,0.12594204763962677,1.540964111702972,"MEP1A, ACSL3, GSTT2B, FPGS, ARL6IP5, SLC30A5, TDO2, ST6GALNAC6, ACSM5, HACD2",0.9093604696158022
GOBP_MRNA_CIS_SPLICING_VIA_SPLICEOSOME,46,2,0.12638721916924825,3.353016590237584,"RBM22, PSIP1",0.9093604696158022
GOBP_NEGATIVE_REGULATION_OF_GLIOGENESIS,46,2,0.12638721916924825,3.353016590237584,"NTRK3, NF2",0.9093604696158022
GOBP_POSITIVE_REGULATION_OF_MITOTIC_NUCLEAR_DIVISION,46,2,0.12638721916924825,3.353016590237584,"IL1A, EDN3",0.9093604696158022
GOBP_SUBSTANTIA_NIGRA_DEVELOPMENT,46,2,0.12638721916924825,3.353016590237584,"NDRG2, CNP",0.9093604696158022
GOBP_TRNA_MODIFICATION,93,3,0.1293762542204625,2.460068516708533,"ALKBH1, TRMT10B, DUS1L",0.9093604696158022
GOBP_ACUTE_PHASE_RESPONSE,47,2,0.1308879494317811,3.278448059379602,"IL1A, IL1RN",0.9093604696158022
GOBP_ANTEROGRADE_AXONAL_TRANSPORT,47,2,0.1308879494317811,3.278448059379602,"BLOC1S4, SPG7",0.9093604696158022
GOBP_NEURON_RECOGNITION,47,2,0.1308879494317811,3.278448059379602,"EPHA3, NEXN",0.9093604696158022
GOBP_POSITIVE_REGULATION_OF_MYOBLAST_DIFFERENTIATION,47,2,0.1308879494317811,3.278448059379602,"SMARCD2, CCL8",0.9093604696158022
GOBP_POSITIVE_REGULATION_OF_NF_KAPPAB_TRANSCRIPTION_FACTOR_ACTIVITY,94,3,0.1323913304526421,2.4329924230487805,"PRKD2, TRIM8, NTRK1",0.9093604696158022
GOBP_RESPONSE_TO_MOLECULE_OF_BACTERIAL_ORIGIN,375,8,0.133860510998314,1.6113588319285461,"TNFRSF1B, TNIP3, IL1A, CD80, TRIM41, CXCL13, TAP2, MIR140",0.9093604696158022
GOBP_POSITIVE_REGULATION_OF_ERK1_AND_ERK2_CASCADE,201,5,0.13442308299114408,1.8840732045282376,"PRKD2, CCN2, DUSP15, NTRK1, CCL3",0.9093604696158022
GOBP_LYMPHOCYTE_CHEMOTAXIS,48,2,0.1354250147068659,3.2071216384684482,"CXCL13, CCL3",0.9093604696158022
GOBP_REGULATION_OF_MYELINATION,48,2,0.1354250147068659,3.2071216384684482,"TNFRSF1B, CDK18",0.9093604696158022
GOBP_VESICLE_MEDIATED_TRANSPORT_BETWEEN_ENDOSOMAL_COMPARTMENTS,48,2,0.1354250147068659,3.2071216384684482,"RAB11FIP3, NF2",0.9093604696158022
GOBP_POSITIVE_REGULATION_OF_PROTEIN_LOCALIZATION_TO_NUCLEUS,95,3,0.13543076746728325,2.4065049401125385,"RBM22, GLIS2, TRIM8",0.9093604696158022
GOBP_CELLULAR_RESPONSE_TO_XENOBIOTIC_STIMULUS,202,5,0.13642137466313214,1.8744766741164067,"RBM22, SMOX, POR, UGT2A3, UGT1A10",0.9093604696158022
GOBP_REGULATION_OF_PROTEIN_LOCALIZATION_TO_NUCLEUS,148,4,0.13835645569782087,2.05076503243632,"RBM22, GLIS2, TRIM8, NF2",0.9093604696158022
GOBP_PHENOL_CONTAINING_COMPOUND_BIOSYNTHETIC_PROCESS,49,2,0.13999663678642446,3.138830384321679,"MOXD2P, MC1R",0.9093604696158022
GOBP_REGULATION_OF_CELL_ADHESION_MEDIATED_BY_INTEGRIN,49,2,0.13999663678642446,3.138830384321679,"HRG, CXCL13",0.9093604696158022
GOBP_NEGATIVE_REGULATION_OF_CHROMOSOME_ORGANIZATION,97,3,0.14158070430566133,2.3552206646171214,"HNRNPC, PML, SMARCA5",0.9093604696158022
GOBP_REGULATION_OF_NEURON_APOPTOTIC_PROCESS,262,6,0.14198514644145543,1.7314112815957095,"ALKBH1, NSMF, NTRK1, AKT1S1, MIR200A, CCL3",0.9093604696158022
GOBP_NEGATIVE_REGULATION_OF_GENE_EXPRESSION_EPIGENETIC,205,5,0.14249459290296485,1.8462628747019145,"METTL4, SMARCA1, CBX1, EZH1, SMARCA5",0.9093604696158022
GOBP_POSITIVE_REGULATION_OF_MEMBRANE_PERMEABILITY,50,2,0.14460107847861867,3.073384599021593,"IER3, SPG7",0.9093604696158022
GOBP_SCHWANN_CELL_DIFFERENTIATION,50,2,0.14460107847861867,3.073384599021593,"NTRK3, LAMA2",0.9093604696158022
GOBP_POSITIVE_REGULATION_OF_MONONUCLEAR_CELL_MIGRATION,98,3,0.14469019441936087,2.3303882785768057,"MOSPD2, CXCL13, CCL3",0.9093604696158022
GOBP_SULFUR_COMPOUND_METABOLIC_PROCESS,323,7,0.14561201681361804,1.6368364176036192,"ACSL3, GSTT2B, ARL6IP5, TDO2, BPNT1, ACSM5, HACD2",0.9093604696158022
GOBP_THIOESTER_BIOSYNTHETIC_PROCESS,51,2,0.14923664283032578,3.010610070194387,"ACSL3, HACD2",0.9093604696158022
GOBP_MEMBRANE_LIPID_BIOSYNTHETIC_PROCESS,153,4,0.15058578099958259,1.9817746626434949,"PRKD2, SLC30A5, ST6GALNAC6, HACD2",0.9093604696158022
GOBP_MUSCLE_CELL_APOPTOTIC_PROCESS,100,3,0.15097569614059572,2.2822595303546027,"HSPB6, SIRT5, MIR140",0.9093604696158022
GOBP_CELL_KILLING,268,6,0.15286643078454343,1.6915833455228597,"CCL8, HRG, RNF19B, CXCL13, TAP2, SERPINB4",0.9093604696158022
GOBP_CYTOKINETIC_PROCESS,52,2,0.15390167236304353,2.950346522455802,"RAB11FIP3, SPART",0.9093604696158022
GOBP_NEGATIVE_REGULATION_OF_CHEMOTAXIS,52,2,0.15390167236304353,2.950346522455802,"HRG, CXCL13",0.9093604696158022
GOBP_POSITIVE_REGULATION_OF_STRESS_FIBER_ASSEMBLY,52,2,0.15390167236304353,2.950346522455802,"CCN2, NF2",0.9093604696158022
GOBP_RESPONSE_TO_NERVE_GROWTH_FACTOR,52,2,0.15390167236304353,2.950346522455802,"NTRK3, NTRK1",0.9093604696158022
GOBP_DEPHOSPHORYLATION,155,4,0.15558953954122115,1.9554578063407586,"TNS2, DUSP15, ALPI, SACM1L",0.9093604696158022
GOBP_CELL_SUBSTRATE_JUNCTION_ORGANIZATION,102,3,0.15734653807694476,2.2360753779949185,"EPHA3, HRG, WHAMM",0.9093604696158022
GOBP_KETONE_BIOSYNTHETIC_PROCESS,53,2,0.15859454832200606,2.8924462510396376,"SIRT5, PDSS1",0.9093604696158022
GOBP_VIRAL_TRANSCRIPTION,53,2,0.15859454832200606,2.8924462510396376,"TRIM8, CCL3",0.9093604696158022
GOBP_ENSHEATHMENT_OF_NEURONS,158,4,0.1632095593310724,1.917264186955622,"CLDN11, TNFRSF1B, CDK18, NTRK3",0.9093604696158022
GOBP_HETEROCHROMATIN_FORMATION,158,4,0.1632095593310724,1.917264186955622,"SMARCA1, CBX1, EZH1, SMARCA5",0.9093604696158022
GOBP_REGULATION_OF_TELOMERE_MAINTENANCE_VIA_TELOMERE_LENGTHENING,54,2,0.16331368993828996,2.8367729130845043,"HNRNPC, PML",0.9093604696158022
GOBP_CARTILAGE_DEVELOPMENT,215,5,0.1635510461518453,1.7580387717351573,"NR5A2, CCN2, POR, BMP3, HOXC4",0.9093604696158022
GOBP_REGULATION_OF_HYDROLASE_ACTIVITY,217,5,0.16790484974072598,1.7413927145655472,"EPHA3, SEMG2, PNLIP, NTRK1, SERPINB4",0.9093604696158022
GOBP_MITOCHONDRIAL_RNA_METABOLIC_PROCESS,55,2,0.16805755370370434,2.783200455756038,"METTL4, YARS2",0.9093604696158022
GOBP_MONOCYTE_CHEMOTAXIS,55,2,0.16805755370370434,2.783200455756038,"MOSPD2, CCL3",0.9093604696158022
GOBP_REGULATION_OF_T_CELL_MEDIATED_IMMUNITY,106,3,0.1703282131923137,2.149087751153221,"TNFRSF1B, CD80, TAP2",0.9093604696158022
GOBP_PLACENTA_DEVELOPMENT,161,4,0.17096132740116454,1.8805301963248309,"ALKBH1, PLCD3, PHLDA2, RXRB",0.9093604696158022
GOBP_G_PROTEIN_COUPLED_RECEPTOR_SIGNALING_PATHWAY_COUPLED_TO_CYCLIC_NUCLEOTIDE_SECOND_MESSENGER,56,2,0.17282463265824882,2.731612163466644,"NPY1R, MC1R",0.9093604696158022
GOBP_GLUTATHIONE_METABOLIC_PROCESS,56,2,0.17282463265824882,2.731612163466644,"GSTT2B, ARL6IP5",0.9093604696158022
GOBP_NUCLEIC_ACID_CATABOLIC_PROCESS,464,9,0.17383338156014827,1.4618146060985748,"TNFRSF1B, HNRNPC, NUDT12, INTS7, SIDT2, CSDC2, NUDT16, MIR140, NICOL1",0.9093604696158022
GOBP_DNA_BIOSYNTHETIC_PROCESS,163,4,0.1761992750431901,1.8568109738567868,"HNRNPC, PRKD2, CCN2, PML",0.9093604696158022
GOBP_OLIGODENDROCYTE_DIFFERENTIATION,108,3,0.17693108847032468,2.108079298468854,"TNFRSF1B, DUSP15, CNP",0.9093604696158022
GOBP_POSITIVE_REGULATION_OF_T_CELL_PROLIFERATION,108,3,0.17693108847032468,2.108079298468854,"IL1A, NR5A2, CD80",0.9093604696158022
GOBP_POSITIVE_REGULATION_OF_CELL_MATRIX_ADHESION,57,2,0.17761345568994005,2.6818998090348978,"HRG, RRAS",0.9093604696158022
GOBP_POSITIVE_REGULATION_OF_PEPTIDYL_TYROSINE_PHOSPHORYLATION,57,2,0.17761345568994005,2.6818998090348978,"TNK2, CD80",0.9093604696158022
GOBP_METHYLATION,222,5,0.17898433627384203,1.701119995598841,"METTL4, EZH1, TRMT10B, FAM98B, METTL9",0.9093604696158022
GOBP_REGULATION_OF_GLIOGENESIS,109,3,0.18025880868210384,2.088155380412337,"TNFRSF1B, NTRK3, NF2",0.9093604696158022
GOBP_NEGATIVE_REGULATION_OF_MUSCLE_CELL_APOPTOTIC_PROCESS,58,2,0.18242258684679863,2.633962895792158,"HSPB6, SIRT5",0.9093604696158022
GOBP_REGULATION_OF_MITOCHONDRIAL_MEMBRANE_PERMEABILITY,58,2,0.18242258684679863,2.633962895792158,"IER3, SPG7",0.9093604696158022
GOBP_ACTIVATION_OF_ADENYLATE_CYCLASE_ACTIVITY,15,1,0.18320275430262078,5.265017832873824,P2RY11,0.9093604696158022
GOBP_FORMATION_OF_CYTOPLASMIC_TRANSLATION_INITIATION_COMPLEX,15,1,0.18320275430262078,5.265017832873824,EIF3CL,0.9093604696158022
GOBP_IMMATURE_T_CELL_PROLIFERATION,15,1,0.18320275430262078,5.265017832873824,IL1A,0.9093604696158022
GOBP_LIPID_DROPLET_FORMATION,15,1,0.18320275430262078,5.265017832873824,MOSPD2,0.9093604696158022
GOBP_MITOCHONDRIAL_DNA_REPLICATION,15,1,0.18320275430262078,5.265017832873824,METTL4,0.9093604696158022
GOBP_NEGATIVE_REGULATION_OF_MITOCHONDRIAL_OUTER_MEMBRANE_PERMEABILIZATION_INVOLVED_IN_APOPTOTIC_SIGNALING_PATHWAY,15,1,0.18320275430262078,5.265017832873824,IER3,0.9093604696158022
GOBP_PHENOL_CONTAINING_COMPOUND_CATABOLIC_PROCESS,15,1,0.18320275430262078,5.265017832873824,MOXD2P,0.9093604696158022
GOBP_POSITIVE_REGULATION_OF_BONE_RESORPTION,15,1,0.18320275430262078,5.265017832873824,PLEKHM1,0.9093604696158022
GOBP_POSITIVE_REGULATION_OF_ENDOTHELIAL_CELL_CHEMOTAXIS,15,1,0.18320275430262078,5.265017832873824,PRKD2,0.9093604696158022
GOBP_POSITIVE_REGULATION_OF_RUFFLE_ASSEMBLY,15,1,0.18320275430262078,5.265017832873824,PLEKHM1,0.9093604696158022
GOBP_PROTEIN_HOMOTRIMERIZATION,15,1,0.18320275430262078,5.265017832873824,SCARA5,0.9093604696158022
GOBP_PYRIMIDINE_RIBONUCLEOSIDE_TRIPHOSPHATE_BIOSYNTHETIC_PROCESS,15,1,0.18320275430262078,5.265017832873824,CTPS2,0.9093604696158022
GOBP_RAP_PROTEIN_SIGNAL_TRANSDUCTION,15,1,0.18320275430262078,5.265017832873824,CXCL13,0.9093604696158022
GOBP_REGULATION_OF_RRNA_PROCESSING,15,1,0.18320275430262078,5.265017832873824,NUDT16,0.9093604696158022
GOBP_REGULATION_OF_T_CELL_CHEMOTAXIS,15,1,0.18320275430262078,5.265017832873824,CXCL13,0.9093604696158022
GOBP_RESPONSE_TO_L_LEUCINE,15,1,0.18320275430262078,5.265017832873824,STAMBPL1,0.9093604696158022
GOBP_INTRINSIC_APOPTOTIC_SIGNALING_PATHWAY_IN_RESPONSE_TO_DNA_DAMAGE,110,3,0.18360339826069583,2.068603872034646,"TNFRSF1B, IER3, PML",0.9093604696158022
GOBP_T_CELL_PROLIFERATION,225,5,0.18576036610081628,1.6778350417183985,"TNFRSF1B, CCND3, IL1A, NR5A2, CD80",0.9093604696158022
GOBP_POSITIVE_REGULATION_OF_CELL_JUNCTION_ASSEMBLY,111,3,0.18696437083131326,2.049414428622603,"HRG, NTRK3, NTRK1",0.9093604696158022
GOBP_POSITIVE_REGULATION_OF_PROTEIN_LOCALIZATION_TO_MEMBRANE,111,3,0.18696437083131326,2.049414428622603,"ATP2C1, EPHA3, ACSL3",0.9093604696158022
GOBP_SECONDARY_METABOLIC_PROCESS,59,2,0.18725062466079914,2.587707979467424,"UGT1A10, MC1R",0.9093604696158022
GOBP_TRANSCRIPTION_BY_RNA_POLYMERASE_III,59,2,0.18725062466079914,2.587707979467424,"SMARCA5, SNAPC4",0.9093604696158022
GOBP_RESPONSE_TO_LEUKEMIA_INHIBITORY_FACTOR,112,3,0.19034124248153067,2.0305770850855276,"NR5A2, PML, SMARCA5",0.9093604696158022
GOBP_FATTY_ACID_METABOLIC_PROCESS,413,8,0.19279656343687368,1.4591985643262628,"ACSL3, POR, PRKAB2, CYP4B1, PNLIP, ACSM5, HACD2, UGT1A10",0.9093604696158022
GOBP_ANTIGEN_PROCESSING_AND_PRESENTATION_OF_PEPTIDE_ANTIGEN_VIA_MHC_CLASS_IB,16,1,0.1941496371129593,4.913931203937504,TAP2,0.9093604696158022
GOBP_AUTOPHAGOSOME_LYSOSOME_FUSION,16,1,0.1941496371129593,4.913931203937504,PLEKHM1,0.9093604696158022
GOBP_CALCIUM_IMPORT_INTO_THE_MITOCHONDRION,16,1,0.1941496371129593,4.913931203937504,SPG7,0.9093604696158022
GOBP_COPPER_ION_TRANSPORT,16,1,0.1941496371129593,4.913931203937504,MMGT1,0.9093604696158022
GOBP_DENDRITE_SELF_AVOIDANCE,16,1,0.1941496371129593,4.913931203937504,NEXN,0.9093604696158022
GOBP_ERYTHROSE_4_PHOSPHATE_PHOSPHOENOLPYRUVATE_FAMILY_AMINO_ACID_CATABOLIC_PROCESS,16,1,0.1941496371129593,4.913931203937504,TDO2,0.9093604696158022
GOBP_FOLIC_ACID_METABOLIC_PROCESS,16,1,0.1941496371129593,4.913931203937504,FPGS,0.9093604696158022
GOBP_GRANULOCYTE_MACROPHAGE_COLONY_STIMULATING_FACTOR_PRODUCTION,16,1,0.1941496371129593,4.913931203937504,CD80,0.9093604696158022
GOBP_INTESTINAL_EPITHELIAL_CELL_DEVELOPMENT,16,1,0.1941496371129593,4.913931203937504,TMIGD1,0.9093604696158022
GOBP_MYD88_INDEPENDENT_TOLL_LIKE_RECEPTOR_SIGNALING_PATHWAY,16,1,0.1941496371129593,4.913931203937504,TNIP3,0.9093604696158022
GOBP_NEGATIVE_REGULATION_OF_ASTROCYTE_DIFFERENTIATION,16,1,0.1941496371129593,4.913931203937504,NTRK3,0.9093604696158022
GOBP_NEGATIVE_REGULATION_OF_VIRAL_TRANSCRIPTION,16,1,0.1941496371129593,4.913931203937504,TRIM8,0.9093604696158022
GOBP_NEUROTRANSMITTER_RECEPTOR_TRANSPORT_TO_PLASMA_MEMBRANE,16,1,0.1941496371129593,4.913931203937504,SACM1L,0.9093604696158022
GOBP_PHENOTYPIC_SWITCHING,16,1,0.1941496371129593,4.913931203937504,MIR140,0.9093604696158022
GOBP_POSITIVE_REGULATION_OF_MYOBLAST_FUSION,16,1,0.1941496371129593,4.913931203937504,CCL8,0.9093604696158022
GOBP_POSITIVE_REGULATION_OF_PHOSPHOLIPID_METABOLIC_PROCESS,16,1,0.1941496371129593,4.913931203937504,ACSL3,0.9093604696158022
GOBP_POST_TRANSLATIONAL_PROTEIN_TARGETING_TO_ENDOPLASMIC_RETICULUM_MEMBRANE,16,1,0.1941496371129593,4.913931203937504,SEC62,0.9093604696158022
GOBP_PROTEIN_LOCALIZATION_TO_SITE_OF_DOUBLE_STRAND_BREAK,16,1,0.1941496371129593,4.913931203937504,MDC1,0.9093604696158022
GOBP_PTERIDINE_CONTAINING_COMPOUND_BIOSYNTHETIC_PROCESS,16,1,0.1941496371129593,4.913931203937504,FPGS,0.9093604696158022
GOBP_REGULATION_OF_AMINO_ACID_TRANSMEMBRANE_TRANSPORT,16,1,0.1941496371129593,4.913931203937504,ARL6IP5,0.9093604696158022
GOBP_REGULATION_OF_GOLGI_ORGANIZATION,16,1,0.1941496371129593,4.913931203937504,RAB33B,0.9093604696158022
GOBP_REGULATION_OF_MAMMARY_GLAND_EPITHELIAL_CELL_PROLIFERATION,16,1,0.1941496371129593,4.913931203937504,DEAF1,0.9093604696158022
GOBP_REGULATION_OF_MITOTIC_CYTOKINESIS,16,1,0.1941496371129593,4.913931203937504,RAB11FIP3,0.9093604696158022
GOBP_REGULATION_OF_REGULATORY_NCRNA_PROCESSING,16,1,0.1941496371129593,4.913931203937504,ZC3H10,0.9093604696158022
GOBP_REGULATION_OF_VASCULOGENESIS,16,1,0.1941496371129593,4.913931203937504,RRAS,0.9093604696158022
GOBP_RESPONSE_TO_CORTICOSTERONE,16,1,0.1941496371129593,4.913931203937504,NTRK3,0.9093604696158022
GOBP_RESPONSE_TO_FOLLICLE_STIMULATING_HORMONE,16,1,0.1941496371129593,4.913931203937504,POR,0.9093604696158022
GOBP_RNA_CAPPING,16,1,0.1941496371129593,4.913931203937504,RNGTT,0.9093604696158022
GOBP_SNRNA_TRANSCRIPTION_BY_RNA_POLYMERASE_II,16,1,0.1941496371129593,4.913931203937504,SNAPC4,0.9093604696158022
GOBP_T_CELL_TOLERANCE_INDUCTION,16,1,0.1941496371129593,4.913931203937504,NR5A2,0.9093604696158022
GOBP_EPITHELIAL_CELL_DEVELOPMENT,229,5,0.1949371520945257,1.6477586429505786,"NR5A2, SIDT2, KRT2, TMIGD1, NTRK1",0.9093604696158022
GOBP_RNA_TEMPLATED_DNA_BIOSYNTHETIC_PROCESS,61,2,0.1969579828337714,2.499902036511346,"HNRNPC, PML",0.9093604696158022
GOBP_STRIATED_MUSCLE_CELL_APOPTOTIC_PROCESS,61,2,0.1969579828337714,2.499902036511346,"HSPB6, SIRT5",0.9093604696158022
GOBP_AMINE_METABOLIC_PROCESS,114,3,0.1971407604074608,1.9939206327853745,"SMOX, TDO2, MOXD2P",0.9093604696158022
GOBP_MYOBLAST_DIFFERENTIATION,114,3,0.1971407604074608,1.9939206327853745,"SMARCD2, CCL8, CMTM5",0.9093604696158022
GOBP_PIGMENTATION,114,3,0.1971407604074608,1.9939206327853745,"EDN3, BLOC1S4, MC1R",0.9093604696158022
GOBP_SPHINGOLIPID_BIOSYNTHETIC_PROCESS,114,3,0.1971407604074608,1.9939206327853745,"PRKD2, ST6GALNAC6, HACD2",0.9093604696158022
GOBP_CRANIAL_NERVE_DEVELOPMENT,62,2,0.20183466675559333,2.458194213560244,"DRGX, NTRK1",0.9093604696158022
GOBP_FATTY_ACID_DERIVATIVE_BIOSYNTHETIC_PROCESS,62,2,0.20183466675559333,2.458194213560244,"ACSL3, HACD2",0.9093604696158022
GOBP_OVARIAN_FOLLICLE_DEVELOPMENT,62,2,0.20183466675559333,2.458194213560244,"SPO11, NR5A2",0.9093604696158022
GOBP_POSITIVE_REGULATION_OF_ACTIN_FILAMENT_BUNDLE_ASSEMBLY,62,2,0.20183466675559333,2.458194213560244,"CCN2, NF2",0.9093604696158022
GOBP_POSITIVE_REGULATION_OF_NUCLEAR_DIVISION,62,2,0.20183466675559333,2.458194213560244,"IL1A, EDN3",0.9093604696158022
GOBP_PROTEIN_LIPID_COMPLEX_ORGANIZATION,62,2,0.20183466675559333,2.458194213560244,"ACSL3, PNLIP",0.9093604696158022
GOBP_RNA_MODIFICATION,173,4,0.20315984235019485,1.746635887180737,"ALKBH1, METTL4, TRMT10B, DUS1L",0.9093604696158022
GOBP_POSITIVE_REGULATION_OF_CELL_PROJECTION_ORGANIZATION,356,7,0.20332362848133442,1.4812087637576214,"EPHA3, RAB11FIP3, ATF1, NTRK3, NTRK1, NCKIPSD, PLEKHM1",0.9093604696158022
GOBP_REGULATION_OF_LEUKOCYTE_MIGRATION,233,5,0.20426815790546407,1.6187375564142614,"CCL8, EDN3, MOSPD2, CXCL13, CCL3",0.9093604696158022
GOBP_AMIDE_CATABOLIC_PROCESS,17,1,0.20494999291092408,4.606730400101731,TDO2,0.9093604696158022
GOBP_FACULTATIVE_HETEROCHROMATIN_FORMATION,17,1,0.20494999291092408,4.606730400101731,SMARCA5,0.9093604696158022
GOBP_GANGLIOSIDE_BIOSYNTHETIC_PROCESS,17,1,0.20494999291092408,4.606730400101731,ST6GALNAC6,0.9093604696158022
GOBP_GOLGI_TO_ENDOSOME_TRANSPORT,17,1,0.20494999291092408,4.606730400101731,SYS1,0.9093604696158022
GOBP_MITOTIC_INTRA_S_DNA_DAMAGE_CHECKPOINT_SIGNALING,17,1,0.20494999291092408,4.606730400101731,MDC1,0.9093604696158022
GOBP_NEGATIVE_REGULATION_BY_HOST_OF_VIRAL_PROCESS,17,1,0.20494999291092408,4.606730400101731,CCL8,0.9093604696158022
GOBP_NEGATIVE_REGULATION_OF_GLIAL_CELL_PROLIFERATION,17,1,0.20494999291092408,4.606730400101731,NF2,0.9093604696158022
GOBP_POSITIVE_REGULATION_OF_MEMBRANE_PROTEIN_ECTODOMAIN_PROTEOLYSIS,17,1,0.20494999291092408,4.606730400101731,TNFRSF1B,0.9093604696158022
GOBP_POSITIVE_REGULATION_OF_NEURON_MIGRATION,17,1,0.20494999291092408,4.606730400101731,NSMF,0.9093604696158022
GOBP_POSITIVE_REGULATION_OF_RAS_PROTEIN_SIGNAL_TRANSDUCTION,17,1,0.20494999291092408,4.606730400101731,NTRK1,0.9093604696158022
GOBP_POSITIVE_REGULATION_OF_RESPONSE_TO_TUMOR_CELL,17,1,0.20494999291092408,4.606730400101731,HRG,0.9093604696158022
GOBP_PROTEIN_LOCALIZATION_TO_PHAGOPHORE_ASSEMBLY_SITE,17,1,0.20494999291092408,4.606730400101731,RAB33B,0.9093604696158022
GOBP_PURINE_DEOXYRIBONUCLEOTIDE_METABOLIC_PROCESS,17,1,0.20494999291092408,4.606730400101731,NUDT16,0.9093604696158022
GOBP_PURINE_NUCLEOSIDE_BISPHOSPHATE_METABOLIC_PROCESS,17,1,0.20494999291092408,4.606730400101731,BPNT1,0.9093604696158022
GOBP_REGULATION_OF_FIBRINOLYSIS,17,1,0.20494999291092408,4.606730400101731,HRG,0.9093604696158022
GOBP_REGULATION_OF_INTEGRIN_ACTIVATION,17,1,0.20494999291092408,4.606730400101731,CXCL13,0.9093604696158022
GOBP_REGULATION_OF_PIGMENTATION,17,1,0.20494999291092408,4.606730400101731,EDN3,0.9093604696158022
GOBP_SNO_S_RNA_METABOLIC_PROCESS,17,1,0.20494999291092408,4.606730400101731,NUDT16,0.9093604696158022
GOBP_TAIL_ANCHORED_MEMBRANE_PROTEIN_INSERTION_INTO_ER_MEMBRANE,17,1,0.20494999291092408,4.606730400101731,MMGT1,0.9093604696158022
GOBP_VASCULAR_ASSOCIATED_SMOOTH_MUSCLE_CELL_APOPTOTIC_PROCESS,17,1,0.20494999291092408,4.606730400101731,MIR140,0.9093604696158022
GOBP_CONSTITUTIVE_HETEROCHROMATIN_FORMATION,63,2,0.20672498318879814,2.4178538601853186,"EZH1, SMARCA5",0.9093604696158022
GOBP_GLIAL_CELL_MIGRATION,63,2,0.20672498318879814,2.4178538601853186,"RRAS, CCL3",0.9093604696158022
GOBP_KERATINOCYTE_PROLIFERATION,63,2,0.20672498318879814,2.4178538601853186,"IFT172, KRT2",0.9093604696158022
GOBP_PROTEIN_EXPORT_FROM_NUCLEUS,63,2,0.20672498318879814,2.4178538601853186,"RBM22, CSE1L",0.9093604696158022
GOBP_MITOCHONDRIAL_MEMBRANE_ORGANIZATION,118,3,0.21090959382050983,1.9244327492518971,"IER3, TRMT10B, SPG7",0.9093604696158022
GOBP_LEUKOCYTE_CHEMOTAXIS,236,5,0.2113621984221633,1.597631311656897,"CCL8, EDN3, MOSPD2, CXCL13, CCL3",0.9093604696158022
GOBP_CYTOPLASMIC_MICROTUBULE_ORGANIZATION,64,2,0.21162769334951664,2.3788148085052216,"TUBG2, IFT172",0.9093604696158022
GOBP_MYELOID_LEUKOCYTE_MIGRATION,237,5,0.2137443660319438,1.5907171969943277,"CCL8, EDN3, MOSPD2, CXCL13, CCL3",0.9093604696158022
GOBP_PYRIDINE_CONTAINING_COMPOUND_METABOLIC_PROCESS,177,4,0.21426850399292652,1.7061322136709876,"NUDT12, GPD2, IER3, RPE",0.9093604696158022
GOBP_CHONDROCYTE_DIFFERENTIATION,119,3,0.21438444061595754,1.907809570208652,"NR5A2, CCN2, POR",0.9093604696158022
GOBP_REGULATION_OF_DNA_REPLICATION,119,3,0.21438444061595754,1.907809570208652,"METTL4, ATF1, SMARCA5",0.9093604696158022
GOBP_REGULATION_OF_PROTEIN_LOCALIZATION_TO_PLASMA_MEMBRANE,119,3,0.21438444061595754,1.907809570208652,"ATP2C1, EPHA3, ACSL3",0.9093604696158022
GOBP_CELL_CELL_ADHESION_MEDIATED_BY_INTEGRIN,18,1,0.21560578051966484,4.335670864579875,CXCL13,0.9093604696158022
GOBP_ECTOPIC_GERM_CELL_PROGRAMMED_CELL_DEATH,18,1,0.21560578051966484,4.335670864579875,IL1A,0.9093604696158022
GOBP_GAP_JUNCTION_ASSEMBLY,18,1,0.21560578051966484,4.335670864579875,GJB2,0.9093604696158022
GOBP_GLUCOCORTICOID_BIOSYNTHETIC_PROCESS,18,1,0.21560578051966484,4.335670864579875,NR5A2,0.9093604696158022
GOBP_INSULIN_METABOLIC_PROCESS,18,1,0.21560578051966484,4.335670864579875,SLC30A5,0.9093604696158022
GOBP_INTESTINAL_CHOLESTEROL_ABSORPTION,18,1,0.21560578051966484,4.335670864579875,PNLIP,0.9093604696158022
GOBP_L_GLUTAMATE_IMPORT_ACROSS_PLASMA_MEMBRANE,18,1,0.21560578051966484,4.335670864579875,ARL6IP5,0.9093604696158022
GOBP_LONG_CHAIN_FATTY_ACID_IMPORT_INTO_CELL,18,1,0.21560578051966484,4.335670864579875,ACSL3,0.9093604696158022
GOBP_MORPHOGENESIS_OF_AN_ENDOTHELIUM,18,1,0.21560578051966484,4.335670864579875,PRKD2,0.9093604696158022
GOBP_NEGATIVE_REGULATION_OF_PEPTIDASE_ACTIVITY,18,1,0.21560578051966484,4.335670864579875,SERPINB4,0.9093604696158022
GOBP_NOREPINEPHRINE_METABOLIC_PROCESS,18,1,0.21560578051966484,4.335670864579875,MOXD2P,0.9093604696158022
GOBP_NUCLEAR_BODY_ORGANIZATION,18,1,0.21560578051966484,4.335670864579875,PML,0.9093604696158022
GOBP_NUCLEOBASE_BIOSYNTHETIC_PROCESS,18,1,0.21560578051966484,4.335670864579875,CTPS2,0.9093604696158022
GOBP_NUCLEOLUS_ORGANIZATION,18,1,0.21560578051966484,4.335670864579875,SMARCA5,0.9093604696158022
GOBP_POSITIVE_REGULATION_OF_NEUROINFLAMMATORY_RESPONSE,18,1,0.21560578051966484,4.335670864579875,CCL3,0.9093604696158022
GOBP_POSITIVE_REGULATION_OF_SMOOTH_MUSCLE_CELL_APOPTOTIC_PROCESS,18,1,0.21560578051966484,4.335670864579875,MIR140,0.9093604696158022
GOBP_POSITIVE_REGULATION_OF_TRANSCRIPTION_BY_RNA_POLYMERASE_III,18,1,0.21560578051966484,4.335670864579875,SMARCA5,0.9093604696158022
GOBP_PROTEIN_TRIMERIZATION,18,1,0.21560578051966484,4.335670864579875,SCARA5,0.9093604696158022
GOBP_PYRIMIDINE_RIBONUCLEOSIDE_TRIPHOSPHATE_METABOLIC_PROCESS,18,1,0.21560578051966484,4.335670864579875,CTPS2,0.9093604696158022
GOBP_QUATERNARY_AMMONIUM_GROUP_TRANSPORT,18,1,0.21560578051966484,4.335670864579875,SLC25A20,0.9093604696158022
GOBP_REGULATION_OF_CLATHRIN_DEPENDENT_ENDOCYTOSIS,18,1,0.21560578051966484,4.335670864579875,TNK2,0.9093604696158022
GOBP_SYNAPTIC_VESICLE_LUMEN_ACIDIFICATION,18,1,0.21560578051966484,4.335670864579875,ATP6V1D,0.9093604696158022
GOBP_TOXIN_METABOLIC_PROCESS,18,1,0.21560578051966484,4.335670864579875,UGT1A10,0.9093604696158022
GOBP_SISTER_CHROMATID_SEGREGATION,238,5,0.21613503934778788,1.5838624309551435,"TUBG2, SMARCD2, EML3, SMARCA5, SPICE1",0.9093604696158022
GOBP_HORMONE_BIOSYNTHETIC_PROCESS,65,2,0.2165415891219722,2.3410150917738433,"NR5A2, POR",0.9093604696158022
GOBP_INTRINSIC_APOPTOTIC_SIGNALING_PATHWAY_IN_RESPONSE_TO_OXIDATIVE_STRESS,65,2,0.2165415891219722,2.3410150917738433,"PML, ARL6IP5",0.9093604696158022
GOBP_LONG_CHAIN_FATTY_ACID_TRANSPORT,65,2,0.2165415891219722,2.3410150917738433,"ACSL3, SLC25A20",0.9093604696158022
GOBP_PHOSPHATIDYLINOSITOL_BIOSYNTHETIC_PROCESS,120,3,0.2178714174061846,1.891470548069007,"SLC30A5, BPNT1, SACM1L",0.9093604696158022
GOBP_REGULATION_OF_MITOTIC_NUCLEAR_DIVISION,120,3,0.2178714174061846,1.891470548069007,"IL1A, EDN3, CCDC8",0.9093604696158022
GOBP_IN_UTERO_EMBRYONIC_DEVELOPMENT,429,8,0.22039343523829794,1.4033487648660439,"EPN1, ALKBH1, NR5A2, MED21, PLCD3, SLC25A20, PHLDA2, RXRB",0.9093604696158022
GOBP_FATTY_ACID_BIOSYNTHETIC_PROCESS,180,4,0.22270758186758577,1.6769626646998754,"PRKAB2, PNLIP, ACSM5, HACD2",0.9093604696158022
GOBP_ENDOTHELIAL_CELL_MIGRATION,303,6,0.22288033771918894,1.491326158395455,"HDAC7, PRKD2, HRG, RRAS, CXCL13, MIR200A",0.9093604696158022
GOBP_MODULATION_OF_PROCESS_OF_ANOTHER_ORGANISM,122,3,0.22487993701734346,1.8596163200231544,"CCL8, TRIM8, CCL3",0.9093604696158022
GOBP_AMINO_ACID_BETAINE_METABOLIC_PROCESS,19,1,0.2261189326092835,4.094729053081976,POR,0.9093604696158022
GOBP_CELLULAR_RESPONSE_TO_ATP,19,1,0.2261189326092835,4.094729053081976,P2RY11,0.9093604696158022
GOBP_CHEMOSENSORY_BEHAVIOR,19,1,0.2261189326092835,4.094729053081976,NTRK1,0.9093604696158022
GOBP_HEAT_GENERATION,19,1,0.2261189326092835,4.094729053081976,IL1A,0.9093604696158022
GOBP_INTRACILIARY_ANTEROGRADE_TRANSPORT,19,1,0.2261189326092835,4.094729053081976,IFT172,0.9093604696158022
GOBP_MITOTIC_CHROMOSOME_CONDENSATION,19,1,0.2261189326092835,4.094729053081976,SMARCA5,0.9093604696158022
GOBP_NEGATIVE_REGULATION_OF_NEUROINFLAMMATORY_RESPONSE,19,1,0.2261189326092835,4.094729053081976,TNFRSF1B,0.9093604696158022
GOBP_NEGATIVE_REGULATION_OF_POST_TRANSCRIPTIONAL_GENE_SILENCING,19,1,0.2261189326092835,4.094729053081976,ZC3H10,0.9093604696158022
GOBP_PLASMA_MEMBRANE_TUBULATION,19,1,0.2261189326092835,4.094729053081976,WHAMM,0.9093604696158022
GOBP_POLYAMINE_METABOLIC_PROCESS,19,1,0.2261189326092835,4.094729053081976,SMOX,0.9093604696158022
GOBP_POSITIVE_REGULATION_OF_T_CELL_RECEPTOR_SIGNALING_PATHWAY,19,1,0.2261189326092835,4.094729053081976,PRKD2,0.9093604696158022
GOBP_POSITIVE_REGULATION_OF_VASCULAR_ENDOTHELIAL_GROWTH_FACTOR_RECEPTOR_SIGNALING_PATHWAY,19,1,0.2261189326092835,4.094729053081976,PRKD2,0.9093604696158022
GOBP_PYRIMIDINE_NUCLEOSIDE_TRIPHOSPHATE_BIOSYNTHETIC_PROCESS,19,1,0.2261189326092835,4.094729053081976,CTPS2,0.9093604696158022
GOBP_REGULATION_OF_EARLY_ENDOSOME_TO_LATE_ENDOSOME_TRANSPORT,19,1,0.2261189326092835,4.094729053081976,NF2,0.9093604696158022
GOBP_REGULATION_OF_PHOSPHOLIPID_BIOSYNTHETIC_PROCESS,19,1,0.2261189326092835,4.094729053081976,ACSL3,0.9093604696158022
GOBP_RNA_POLYMERASE_II_TRANSCRIPTION_INITIATION_SURVEILLANCE,19,1,0.2261189326092835,4.094729053081976,INTS7,0.9093604696158022
GOBP_SYNAPTIC_VESICLE_CYTOSKELETAL_TRANSPORT,19,1,0.2261189326092835,4.094729053081976,BLOC1S4,0.9093604696158022
GOBP_VENTRICULAR_CARDIAC_MUSCLE_CELL_DIFFERENTIATION,19,1,0.2261189326092835,4.094729053081976,RXRB,0.9093604696158022
GOBP_CELLULAR_RESPONSE_TO_HEAT,67,2,0.22639825480411452,2.268904862863536,"IL1A, SCARA5",0.9093604696158022
GOBP_CIRCADIAN_REGULATION_OF_GENE_EXPRESSION,67,2,0.22639825480411452,2.268904862863536,"NUDT12, PML",0.9093604696158022
GOBP_POSITIVE_REGULATION_OF_SYNAPSE_ASSEMBLY,67,2,0.22639825480411452,2.268904862863536,"NTRK3, NTRK1",0.9093604696158022
GOBP_MITOCHONDRIAL_TRANSPORT,182,4,0.22838132421507937,1.6580625449505986,"IER3, TRMT10B, SLC25A20, SPG7",0.9093604696158022
GOBP_NUCLEOTIDE_METABOLIC_PROCESS,499,9,0.22916951567942984,1.35656656086347,"CTPS2, VPS9D1, NUDT12, GPD2, IER3, BPNT1, CNP, RPE, NUDT16",0.9093604696158022
GOBP_CONNECTIVE_TISSUE_DEVELOPMENT,306,6,0.22932672095543324,1.4763354775211377,"NR5A2, CCN2, POR, SPART, BMP3, HOXC4",0.9093604696158022
GOBP_PROTEIN_SUMOYLATION,68,2,0.23133875649618865,2.234488617215377,"HDAC7, PML",0.9093604696158022
GOBP_RNA_POLYMERASE_II_PREINITIATION_COMPLEX_ASSEMBLY,68,2,0.23133875649618865,2.234488617215377,"MED21, TAF11L11",0.9093604696158022
GOBP_REGULATION_OF_NERVOUS_SYSTEM_PROCESS,124,3,0.23193153987793536,1.8288151242982098,"TNFRSF1B, CDK18, CCL3",0.9093604696158022
GOBP_HORMONE_METABOLIC_PROCESS,245,5,0.23309585254316936,1.5374785140814085,"MEP1A, NR5A2, POR, SLC30A5, PNLIP",0.9093604696158022
GOBP_DISRUPTION_OF_ANATOMICAL_STRUCTURE_IN_ANOTHER_ORGANISM,125,3,0.23547238429116052,1.813793229657874,"CCL8, HRG, CXCL13",0.9093604696158022
GOBP_POSITIVE_REGULATION_OF_HYDROLASE_ACTIVITY,125,3,0.23547238429116052,1.813793229657874,"SEMG2, PNLIP, NTRK1",0.9093604696158022
GOBP_AXONAL_TRANSPORT,69,2,0.2362859062211908,2.2010997221638973,"BLOC1S4, SPG7",0.9093604696158022
GOBP_NEGATIVE_REGULATION_OF_OSTEOBLAST_DIFFERENTIATION,69,2,0.2362859062211908,2.2010997221638973,"HDAC7, MIR140",0.9093604696158022
GOBP_NEURAL_NUCLEUS_DEVELOPMENT,69,2,0.2362859062211908,2.2010997221638973,"NDRG2, CNP",0.9093604696158022
GOBP_POSITIVE_REGULATION_OF_NEURON_APOPTOTIC_PROCESS,69,2,0.2362859062211908,2.2010997221638973,"MIR200A, CCL3",0.9093604696158022
GOBP_REGULATION_OF_CELL_SUBSTRATE_JUNCTION_ORGANIZATION,69,2,0.2362859062211908,2.2010997221638973,"EPHA3, HRG",0.9093604696158022
GOBP_BEHAVIORAL_RESPONSE_TO_PAIN,20,1,0.23649135604556482,3.8791495358198693,NTRK1,0.9093604696158022
GOBP_DETECTION_OF_TEMPERATURE_STIMULUS_INVOLVED_IN_SENSORY_PERCEPTION_OF_PAIN,20,1,0.23649135604556482,3.8791495358198693,NTRK1,0.9093604696158022
GOBP_DNA_REPLICATION_CHECKPOINT_SIGNALING,20,1,0.23649135604556482,3.8791495358198693,MDC1,0.9093604696158022
GOBP_FATTY_ACID_TRANSMEMBRANE_TRANSPORT,20,1,0.23649135604556482,3.8791495358198693,SLC25A20,0.9093604696158022
GOBP_KERATINOCYTE_MIGRATION,20,1,0.23649135604556482,3.8791495358198693,KRT2,0.9093604696158022
GOBP_NEGATIVE_REGULATION_OF_BONE_MINERALIZATION,20,1,0.23649135604556482,3.8791495358198693,CCL3,0.9093604696158022
GOBP_NEGATIVE_REGULATION_OF_CELLULAR_RESPONSE_TO_VASCULAR_ENDOTHELIAL_GROWTH_FACTOR_STIMULUS,20,1,0.23649135604556482,3.8791495358198693,HRG,0.9093604696158022
GOBP_NEGATIVE_REGULATION_OF_NUCLEOTIDE_CATABOLIC_PROCESS,20,1,0.23649135604556482,3.8791495358198693,IER3,0.9093604696158022
GOBP_NEUROTRANSMITTER_RECEPTOR_TRANSPORT,20,1,0.23649135604556482,3.8791495358198693,SACM1L,0.9093604696158022
GOBP_PENTOSE_PHOSPHATE_SHUNT,20,1,0.23649135604556482,3.8791495358198693,RPE,0.9093604696158022
GOBP_POSITIVE_REGULATION_OF_PROTEIN_EXPORT_FROM_NUCLEUS,20,1,0.23649135604556482,3.8791495358198693,RBM22,0.9093604696158022
GOBP_POSITIVE_REGULATION_OF_TYPE_I_INTERFERON_MEDIATED_SIGNALING_PATHWAY,20,1,0.23649135604556482,3.8791495358198693,TRIM41,0.9093604696158022
GOBP_PYRIMIDINE_NUCLEOBASE_METABOLIC_PROCESS,20,1,0.23649135604556482,3.8791495358198693,CTPS2,0.9093604696158022
GOBP_REGULATION_OF_CALCIUM_ION_TRANSPORT_INTO_CYTOSOL,20,1,0.23649135604556482,3.8791495358198693,PML,0.9093604696158022
GOBP_REGULATION_OF_ENDOPEPTIDASE_ACTIVITY,20,1,0.23649135604556482,3.8791495358198693,SEMG2,0.9093604696158022
GOBP_REGULATION_OF_MICROGLIAL_CELL_ACTIVATION,20,1,0.23649135604556482,3.8791495358198693,CCL3,0.9093604696158022
GOBP_REGULATION_OF_TOLERANCE_INDUCTION,20,1,0.23649135604556482,3.8791495358198693,NR5A2,0.9093604696158022
GOBP_REGULATION_OF_VIRAL_TRANSCRIPTION,20,1,0.23649135604556482,3.8791495358198693,TRIM8,0.9093604696158022
GOBP_RESPONSE_TO_HYDROPEROXIDE,20,1,0.23649135604556482,3.8791495358198693,TMIGD1,0.9093604696158022
GOBP_SNRNA_TRANSCRIPTION,20,1,0.23649135604556482,3.8791495358198693,SNAPC4,0.9093604696158022
GOBP_CELL_CYCLE_CHECKPOINT_SIGNALING,185,4,0.23695877762775236,1.630495519454372,"CDC5L, IER3, MDC1, INTS7",0.9093604696158022
GOBP_NUCLEOSIDE_PHOSPHATE_CATABOLIC_PROCESS,186,4,0.2398348181130981,1.6215084671849431,"NUDT12, IER3, CNP, NUDT16",0.9093604696158022
GOBP_NEGATIVE_REGULATION_OF_SMOOTH_MUSCLE_CELL_PROLIFERATION,70,2,0.241238640446193,2.1686928534189223,"NDRG2, MIR140",0.9093604696158022
GOBP_CHROMOSOME_LOCALIZATION,127,3,0.24258196520886482,1.7844763062393616,"SPO11, EML3, SPICE1",0.9093604696158022
GOBP_REGULATION_OF_OSSIFICATION,127,3,0.24258196520886482,1.7844763062393616,"BMP3, RXRB, CCL3",0.9093604696158022
GOBP_TRANSLATIONAL_INITIATION,127,3,0.24258196520886482,1.7844763062393616,"ALKBH1, PML, EIF3CL",0.9093604696158022
GOBP_BLOOD_VESSEL_ENDOTHELIAL_CELL_MIGRATION,187,4,0.24271891557526534,1.6126196340653092,"HDAC7, PRKD2, HRG, MIR200A",0.9093604696158022
GOBP_MODIFIED_AMINO_ACID_METABOLIC_PROCESS,188,4,0.2456108383887154,1.6038274186963,"POR, GSTT2B, FPGS, ARL6IP5",0.9093604696158022
GOBP_PROTEIN_LOCALIZATION_TO_CHROMOSOME,128,3,0.24614983564072582,1.77016964760751,"SPO11, MDC1, PML",0.9093604696158022
GOBP_AXONAL_FASCICULATION,21,1,0.246724932234077,3.6851279689020533,EPHA3,0.9093604696158022
GOBP_CARTILAGE_CONDENSATION,21,1,0.246724932234077,3.6851279689020533,CCN2,0.9093604696158022
GOBP_CHRONIC_INFLAMMATORY_RESPONSE,21,1,0.246724932234077,3.6851279689020533,CXCL13,0.9093604696158022
GOBP_DORSAL_SPINAL_CORD_DEVELOPMENT,21,1,0.246724932234077,3.6851279689020533,DRGX,0.9093604696158022
GOBP_GLYCOSYLCERAMIDE_METABOLIC_PROCESS,21,1,0.246724932234077,3.6851279689020533,ST6GALNAC6,0.9093604696158022
GOBP_GROWTH_PLATE_CARTILAGE_DEVELOPMENT,21,1,0.246724932234077,3.6851279689020533,POR,0.9093604696158022
GOBP_HIGH_DENSITY_LIPOPROTEIN_PARTICLE_REMODELING,21,1,0.246724932234077,3.6851279689020533,PNLIP,0.9093604696158022
GOBP_LABYRINTHINE_LAYER_BLOOD_VESSEL_DEVELOPMENT,21,1,0.246724932234077,3.6851279689020533,PLCD3,0.9093604696158022
GOBP_MAGNESIUM_ION_TRANSPORT,21,1,0.246724932234077,3.6851279689020533,MMGT1,0.9093604696158022
GOBP_MITOCHONDRIAL_TRANSCRIPTION,21,1,0.246724932234077,3.6851279689020533,METTL4,0.9093604696158022
GOBP_MYELOID_DENDRITIC_CELL_DIFFERENTIATION,21,1,0.246724932234077,3.6851279689020533,BATF3,0.9093604696158022
GOBP_NEGATIVE_REGULATION_OF_TOLL_LIKE_RECEPTOR_4_SIGNALING_PATHWAY,21,1,0.246724932234077,3.6851279689020533,MIR140,0.9093604696158022
GOBP_PEPTIDE_CROSS_LINKING,21,1,0.246724932234077,3.6851279689020533,KRT2,0.9093604696158022
GOBP_POSITIVE_REGULATION_OF_CHONDROCYTE_DIFFERENTIATION,21,1,0.246724932234077,3.6851279689020533,POR,0.9093604696158022
GOBP_POSITIVE_REGULATION_OF_STRESS_ACTIVATED_PROTEIN_KINASE_SIGNALING_CASCADE,21,1,0.246724932234077,3.6851279689020533,ARL6IP5,0.9093604696158022
GOBP_REGULATION_OF_ENDOCYTIC_RECYCLING,21,1,0.246724932234077,3.6851279689020533,RAB11FIP3,0.9093604696158022
GOBP_REGULATION_OF_MYOBLAST_FUSION,21,1,0.246724932234077,3.6851279689020533,CCL8,0.9093604696158022
GOBP_REGULATION_OF_TRANSLATION_IN_RESPONSE_TO_STRESS,21,1,0.246724932234077,3.6851279689020533,PML,0.9093604696158022
GOBP_RESPONSE_TO_MURAMYL_DIPEPTIDE,21,1,0.246724932234077,3.6851279689020533,TRIM41,0.9093604696158022
GOBP_TRNA_WOBBLE_BASE_MODIFICATION,21,1,0.246724932234077,3.6851279689020533,ALKBH1,0.9093604696158022
GOBP_UBIQUINONE_METABOLIC_PROCESS,21,1,0.246724932234077,3.6851279689020533,PDSS1,0.9093604696158022
GOBP_LAMELLIPODIUM_ASSEMBLY,72,2,0.25115674390712095,2.106656847484745,"HRG, WHAMM",0.9093604696158022
GOBP_POSITIVE_REGULATION_OF_FAT_CELL_DIFFERENTIATION,72,2,0.25115674390712095,2.106656847484745,"CREBL2, WDFY2",0.9093604696158022
GOBP_POSITIVE_REGULATION_OF_SMALL_GTPASE_MEDIATED_SIGNAL_TRANSDUCTION,72,2,0.25115674390712095,2.106656847484745,"ARHGEF3, NTRK1",0.9093604696158022
GOBP_REGULATION_OF_LYMPHOCYTE_MIGRATION,72,2,0.25115674390712095,2.106656847484745,"CXCL13, CCL3",0.9093604696158022
GOBP_TELOMERE_MAINTENANCE_VIA_TELOMERE_LENGTHENING,72,2,0.25115674390712095,2.106656847484745,"HNRNPC, PML",0.9093604696158022
GOBP_NEURON_APOPTOTIC_PROCESS,316,6,0.25122328490500945,1.4284620127847576,"ALKBH1, NSMF, NTRK1, AKT1S1, MIR200A, CCL3",0.9093604696158022
GOBP_PEPTIDYL_LYSINE_MODIFICATION,130,3,0.25330960064657054,1.7422322354691795,"HDAC7, SIRT5, PML",0.9093604696158022
GOBP_RESPONSE_TO_FIBROBLAST_GROWTH_FACTOR,130,3,0.25330960064657054,1.7422322354691795,"PRKD2, CCN2, CXCL13",0.9093604696158022
GOBP_NEGATIVE_REGULATION_OF_CELL_CYCLE_PROCESS,317,6,0.253444979074939,1.4238439936776517,"CDC5L, MIIP, IER3, MDC1, INTS7, SMARCA5",0.9093604696158022
GOBP_ALDITOL_METABOLIC_PROCESS,22,1,0.2568215174596762,3.5095846453245025,GPD2,0.9093604696158022
GOBP_DNA_DOUBLE_STRAND_BREAK_PROCESSING,22,1,0.2568215174596762,3.5095846453245025,SPO11,0.9093604696158022
GOBP_INTRACELLULAR_SODIUM_ION_HOMEOSTASIS,22,1,0.2568215174596762,3.5095846453245025,IL1A,0.9093604696158022
GOBP_LATE_ENDOSOME_TO_LYSOSOME_TRANSPORT,22,1,0.2568215174596762,3.5095846453245025,PLEKHM1,0.9093604696158022
GOBP_LIPID_DIGESTION,22,1,0.2568215174596762,3.5095846453245025,PNLIP,0.9093604696158022
GOBP_LIPID_IMPORT_INTO_CELL,22,1,0.2568215174596762,3.5095846453245025,ACSL3,0.9093604696158022
GOBP_LYSOSOMAL_LUMEN_ACIDIFICATION,22,1,0.2568215174596762,3.5095846453245025,ATP6V1D,0.9093604696158022
GOBP_MEIOTIC_SPINDLE_ORGANIZATION,22,1,0.2568215174596762,3.5095846453245025,TUBG2,0.9093604696158022
GOBP_MRNA_5_SPLICE_SITE_RECOGNITION,22,1,0.2568215174596762,3.5095846453245025,PSIP1,0.9093604696158022
GOBP_NEGATIVE_REGULATION_OF_MEMBRANE_PERMEABILITY,22,1,0.2568215174596762,3.5095846453245025,IER3,0.9093604696158022
GOBP_PEPTIDYL_TYROSINE_DEPHOSPHORYLATION,22,1,0.2568215174596762,3.5095846453245025,TNS2,0.9093604696158022
GOBP_POSITIVE_REGULATION_OF_CELL_ADHESION_MEDIATED_BY_INTEGRIN,22,1,0.2568215174596762,3.5095846453245025,CXCL13,0.9093604696158022
GOBP_POSITIVE_REGULATION_OF_LYASE_ACTIVITY,22,1,0.2568215174596762,3.5095846453245025,P2RY11,0.9093604696158022
GOBP_POSITIVE_REGULATION_OF_PEPTIDYL_SERINE_PHOSPHORYLATION,22,1,0.2568215174596762,3.5095846453245025,CREBL2,0.9093604696158022
GOBP_REGULATION_OF_COLLATERAL_SPROUTING,22,1,0.2568215174596762,3.5095846453245025,SPART,0.9093604696158022
GOBP_REGULATION_OF_KETONE_BIOSYNTHETIC_PROCESS,22,1,0.2568215174596762,3.5095846453245025,SIRT5,0.9093604696158022
GOBP_REGULATION_OF_RIG_I_SIGNALING_PATHWAY,22,1,0.2568215174596762,3.5095846453245025,NPLOC4,0.9093604696158022
GOBP_REGULATION_OF_SENSORY_PERCEPTION,22,1,0.2568215174596762,3.5095846453245025,CCL3,0.9093604696158022
GOBP_SYMPATHETIC_NERVOUS_SYSTEM_DEVELOPMENT,22,1,0.2568215174596762,3.5095846453245025,NTRK1,0.9093604696158022
GOBP_MAMMARY_GLAND_EPITHELIUM_DEVELOPMENT,74,2,0.261085093729791,2.048067286263242,"PML, DEAF1",0.9093604696158022
GOBP_REGULATION_OF_ORGANELLE_ASSEMBLY,257,5,0.26298245417887944,1.4639584281216331,"RAB11FIP3, TBC1D19, EML3, SPICE1, NF2",0.9093604696158022
GOBP_POSITIVE_REGULATION_OF_DNA_BINDING_TRANSCRIPTION_FACTOR_ACTIVITY,133,3,0.26410302136835523,1.7019378910229592,"PRKD2, TRIM8, NTRK1",0.9093604696158022
GOBP_INTRACELLULAR_IRON_ION_HOMEOSTASIS,75,2,0.26605073211229757,2.0199764007249126,"SLC40A1, SCARA5",0.9093604696158022
GOBP_MITOTIC_DNA_INTEGRITY_CHECKPOINT_SIGNALING,75,2,0.26605073211229757,2.0199764007249126,"IER3, MDC1",0.9093604696158022
GOBP_NEGATIVE_REGULATION_OF_CELL_CYCLE_G2_M_PHASE_TRANSITION,75,2,0.26605073211229757,2.0199764007249126,"MIIP, IER3",0.9093604696158022
GOBP_PROTEIN_LOCALIZATION_TO_CILIUM,75,2,0.26605073211229757,2.0199764007249126,"RAB11FIP3, ATP6V1D",0.9093604696158022
GOBP_ANTIGEN_PROCESSING_AND_PRESENTATION_VIA_MHC_CLASS_IB,23,1,0.2667829432214964,3.349999804778566,TAP2,0.9093604696158022
GOBP_MITOCHONDRIAL_DNA_METABOLIC_PROCESS,23,1,0.2667829432214964,3.349999804778566,METTL4,0.9093604696158022
GOBP_MITOCHONDRIAL_ELECTRON_TRANSPORT_CYTOCHROME_C_TO_OXYGEN,23,1,0.2667829432214964,3.349999804778566,MTCO2P12,0.9093604696158022
GOBP_NEGATIVE_REGULATION_OF_ORGANIC_ACID_TRANSPORT,23,1,0.2667829432214964,3.349999804778566,ARL6IP5,0.9093604696158022
GOBP_PHASIC_SMOOTH_MUSCLE_CONTRACTION,23,1,0.2667829432214964,3.349999804778566,EDN3,0.9093604696158022
GOBP_POSITIVE_REGULATION_OF_MONOCYTE_CHEMOTAXIS,23,1,0.2667829432214964,3.349999804778566,MOSPD2,0.9093604696158022
GOBP_POSITIVE_REGULATION_OF_STEM_CELL_DIFFERENTIATION,23,1,0.2667829432214964,3.349999804778566,NR5A2,0.9093604696158022
GOBP_POSITIVE_REGULATION_OF_TISSUE_REMODELING,23,1,0.2667829432214964,3.349999804778566,HRG,0.9093604696158022
GOBP_PROTEIN_DNA_COMPLEX_DISASSEMBLY,23,1,0.2667829432214964,3.349999804778566,SMARCD2,0.9093604696158022
GOBP_RAB_PROTEIN_SIGNAL_TRANSDUCTION,23,1,0.2667829432214964,3.349999804778566,RAB33B,0.9093604696158022
GOBP_REGULATION_OF_FLAGELLATED_SPERM_MOTILITY,23,1,0.2667829432214964,3.349999804778566,SEMG2,0.9093604696158022
GOBP_NEURON_MIGRATION,196,4,0.2690003942494522,1.5367867764855028,"ALKBH1, NTRK3, DRGX, NSMF",0.9093604696158022
GOBP_SENSORY_PERCEPTION_OF_SMELL,456,8,0.26992787443591015,1.3181482127894908,"OR13C9, OR13C4, OR9K2, OR7A2P, OR4K17, OR5D18, OR6M1, OR8D2",0.9093604696158022
GOBP_CELL_SURFACE_TOLL_LIKE_RECEPTOR_SIGNALING_PATHWAY,76,2,0.271016127275308,1.9926447282960704,"TNIP3, MIR140",0.9093604696158022
GOBP_NEGATIVE_REGULATION_OF_LEUKOCYTE_MEDIATED_IMMUNITY,76,2,0.271016127275308,1.9926447282960704,"CD80, SERPINB4",0.9093604696158022
GOBP_POSITIVE_REGULATION_OF_RESPONSE_TO_WOUNDING,76,2,0.271016127275308,1.9926447282960704,"HRG, NTRK3",0.9093604696158022
GOBP_REGULATION_OF_EXTRACELLULAR_MATRIX_ORGANIZATION,76,2,0.271016127275308,1.9926447282960704,"TNFRSF1B, LAMA2",0.9093604696158022
GOBP_REGULATION_OF_POTASSIUM_ION_TRANSMEMBRANE_TRANSPORT,76,2,0.271016127275308,1.9926447282960704,"EDN3, GNB2",0.9093604696158022
GOBP_MITOTIC_SISTER_CHROMATID_SEGREGATION,197,4,0.27195245372817756,1.5287974771520765,"TUBG2, EML3, SMARCA5, SPICE1",0.9093604696158022
GOBP_SENSORY_PERCEPTION_OF_MECHANICAL_STIMULUS,197,4,0.27195245372817756,1.5287974771520765,"CLIC5, GJB2, DRGX, NTRK1",0.9093604696158022
GOBP_TISSUE_REMODELING,198,4,0.2749100682352729,1.5208905417287577,"HRG, IL1A, PML, PLEKHM1",0.9093604696158022
GOBP_GLIAL_CELL_DIFFERENTIATION,262,5,0.27568847328874235,1.4353513907730386,"TNFRSF1B, NTRK3, DUSP15, CNP, LAMA2",0.9093604696158022
GOBP_REGULATION_OF_BEHAVIOR,77,2,0.2759803953804202,1.966041900452856,"MC1R, CCL3",0.9093604696158022
GOBP_REGULATION_OF_MITOCHONDRIAL_MEMBRANE_POTENTIAL,77,2,0.2759803953804202,1.966041900452856,"SPART, ARL6IP5",0.9093604696158022
GOBP_ANTIGEN_PROCESSING_AND_PRESENTATION_OF_ENDOGENOUS_PEPTIDE_ANTIGEN,24,1,0.2766110165634793,3.2042919061152784,TAP2,0.9093604696158022
GOBP_AROMATIC_AMINO_ACID_FAMILY_CATABOLIC_PROCESS,24,1,0.2766110165634793,3.2042919061152784,TDO2,0.9093604696158022
GOBP_CATECHOL_CONTAINING_COMPOUND_BIOSYNTHETIC_PROCESS,24,1,0.2766110165634793,3.2042919061152784,MOXD2P,0.9093604696158022
GOBP_CELLULAR_RESPONSE_TO_VITAMIN_D,24,1,0.2766110165634793,3.2042919061152784,RXRB,0.9093604696158022
GOBP_ECTODERM_DEVELOPMENT,24,1,0.2766110165634793,3.2042919061152784,NF2,0.9093604696158022
GOBP_ENTRAINMENT_OF_CIRCADIAN_CLOCK_BY_PHOTOPERIOD,24,1,0.2766110165634793,3.2042919061152784,PML,0.9093604696158022
GOBP_HOST_MEDIATED_SUPPRESSION_OF_SYMBIONT_INVASION,24,1,0.2766110165634793,3.2042919061152784,TRIM8,0.9093604696158022
GOBP_INTESTINAL_LIPID_ABSORPTION,24,1,0.2766110165634793,3.2042919061152784,PNLIP,0.9093604696158022
GOBP_MELANOCYTE_DIFFERENTIATION,24,1,0.2766110165634793,3.2042919061152784,EDN3,0.9093604696158022
GOBP_MIDBODY_ABSCISSION,24,1,0.2766110165634793,3.2042919061152784,SPART,0.9093604696158022
GOBP_MITOCHONDRIAL_CALCIUM_ION_TRANSMEMBRANE_TRANSPORT,24,1,0.2766110165634793,3.2042919061152784,SPG7,0.9093604696158022
GOBP_NEGATIVE_REGULATION_OF_KERATINOCYTE_PROLIFERATION,24,1,0.2766110165634793,3.2042919061152784,IFT172,0.9093604696158022
GOBP_NEGATIVE_REGULATION_OF_RECEPTOR_SIGNALING_PATHWAY_VIA_JAK_STAT,24,1,0.2766110165634793,3.2042919061152784,NF2,0.9093604696158022
GOBP_ONE_CARBON_METABOLIC_PROCESS,24,1,0.2766110165634793,3.2042919061152784,FPGS,0.9093604696158022
GOBP_POSITIVE_REGULATION_OF_CYCLASE_ACTIVITY,24,1,0.2766110165634793,3.2042919061152784,P2RY11,0.9093604696158022
GOBP_POSITIVE_REGULATION_OF_SMOOTH_MUSCLE_CELL_DIFFERENTIATION,24,1,0.2766110165634793,3.2042919061152784,MIR140,0.9093604696158022
GOBP_POSITIVE_REGULATION_OF_SYNCYTIUM_FORMATION_BY_PLASMA_MEMBRANE_FUSION,24,1,0.2766110165634793,3.2042919061152784,CCL8,0.9093604696158022
GOBP_PULMONARY_VALVE_DEVELOPMENT,24,1,0.2766110165634793,3.2042919061152784,TNFRSF1B,0.9093604696158022
GOBP_PYRIMIDINE_NUCLEOSIDE_TRIPHOSPHATE_METABOLIC_PROCESS,24,1,0.2766110165634793,3.2042919061152784,CTPS2,0.9093604696158022
GOBP_QUINONE_METABOLIC_PROCESS,24,1,0.2766110165634793,3.2042919061152784,PDSS1,0.9093604696158022
GOBP_REGULATION_OF_CENTRIOLE_REPLICATION,24,1,0.2766110165634793,3.2042919061152784,SPICE1,0.9093604696158022
GOBP_REGULATION_OF_INTEGRIN_MEDIATED_SIGNALING_PATHWAY,24,1,0.2766110165634793,3.2042919061152784,LAMA2,0.9093604696158022
GOBP_REGULATION_OF_VASCULAR_ASSOCIATED_SMOOTH_MUSCLE_CELL_DIFFERENTIATION,24,1,0.2766110165634793,3.2042919061152784,MIR140,0.9093604696158022
GOBP_SNRNA_3_END_PROCESSING,24,1,0.2766110165634793,3.2042919061152784,INTS7,0.9093604696158022
GOBP_T_HELPER_1_CELL_DIFFERENTIATION,24,1,0.2766110165634793,3.2042919061152784,CD80,0.9093604696158022
GOBP_TYPE_B_PANCREATIC_CELL_DEVELOPMENT,24,1,0.2766110165634793,3.2042919061152784,SIDT2,0.9093604696158022
GOBP_GLYCEROPHOSPHOLIPID_BIOSYNTHETIC_PROCESS,199,4,0.2778730161243906,1.513064703078476,"ACSL3, SLC30A5, BPNT1, SACM1L",0.9093604696158022
GOBP_NUCLEAR_CHROMOSOME_SEGREGATION,328,6,0.2782198474124592,1.3749388844923307,"TUBG2, SPO11, SMARCD2, EML3, SMARCA5, SPICE1",0.9093604696158022
GOBP_PROTEIN_LOCALIZATION_TO_NUCLEUS,328,6,0.2782198474124592,1.3749388844923307,"RBM22, CSE1L, GLIS2, PML, TRIM8, NF2",0.9093604696158022
GOBP_MITOTIC_SPINDLE_ORGANIZATION,137,3,0.2785774538104278,1.6510186696560385,"TUBG2, EML3, SPICE1",0.9093604696158022
GOBP_REGULATION_OF_LIPID_BIOSYNTHETIC_PROCESS,200,4,0.2808410768606716,1.5053187199241016,"CREBL2, NR5A2, ACSL3, POR",0.9093604696158022
GOBP_MITOTIC_SPINDLE_ASSEMBLY,78,2,0.2809426762576296,1.9401391470147433,"EML3, SPICE1",0.9093604696158022
GOBP_SOMATIC_STEM_CELL_POPULATION_MAINTENANCE,78,2,0.2809426762576296,1.9401391470147433,"NR5A2, MED21",0.9093604696158022
GOBP_ENDOPLASMIC_RETICULUM_TO_GOLGI_VESICLE_MEDIATED_TRANSPORT,138,3,0.28220826422823564,1.6387603385817353,"YKT6, YIPF4, WHAMM",0.9093604696158022
GOBP_T_CELL_MEDIATED_IMMUNITY,138,3,0.28220826422823564,1.6387603385817353,"TNFRSF1B, CD80, TAP2",0.9093604696158022
GOBP_REGULATION_OF_LYMPHOCYTE_MEDIATED_IMMUNITY,201,4,0.28381403105091574,1.4976513761921006,"TNFRSF1B, CD80, TAP2, SERPINB4",0.9093604696158022
GOBP_INORGANIC_ION_IMPORT_ACROSS_PLASMA_MEMBRANE,139,3,0.2858431780835841,1.6266822770803504,"SLC39A6, SLC30A5, ASIC5",0.9093604696158022
GOBP_GLYCOLIPID_BIOSYNTHETIC_PROCESS,79,2,0.28590213293114797,1.9149091923560144,"SLC30A5, ST6GALNAC6",0.9093604696158022
GOBP_MECHANORECEPTOR_DIFFERENTIATION,79,2,0.28590213293114797,1.9149091923560144,"NTRK3, NTRK1",0.9093604696158022
GOBP_T_CELL_MIGRATION,79,2,0.28590213293114797,1.9149091923560144,"CXCL13, CCL3",0.9093604696158022
GOBP_BRANCHING_INVOLVED_IN_MAMMARY_GLAND_DUCT_MORPHOGENESIS,25,1,0.28630752040049867,3.0707263316919695,PML,0.9093604696158022
GOBP_EPITHELIAL_CELL_MATURATION,25,1,0.28630752040049867,3.0707263316919695,TMIGD1,0.9093604696158022
GOBP_NADPH_REGENERATION,25,1,0.28630752040049867,3.0707263316919695,RPE,0.9093604696158022
GOBP_NEGATIVE_REGULATION_OF_AMINE_TRANSPORT,25,1,0.28630752040049867,3.0707263316919695,ARL6IP5,0.9093604696158022
GOBP_NEGATIVE_REGULATION_OF_CHONDROCYTE_DIFFERENTIATION,25,1,0.28630752040049867,3.0707263316919695,NR5A2,0.9093604696158022
GOBP_NEGATIVE_REGULATION_OF_SYSTEMIC_ARTERIAL_BLOOD_PRESSURE,25,1,0.28630752040049867,3.0707263316919695,IER3,0.9093604696158022
GOBP_NEGATIVE_REGULATION_OF_TRANSLATIONAL_INITIATION,25,1,0.28630752040049867,3.0707263316919695,PML,0.9093604696158022
GOBP_POSITIVE_REGULATION_OF_OLIGODENDROCYTE_DIFFERENTIATION,25,1,0.28630752040049867,3.0707263316919695,TNFRSF1B,0.9093604696158022
GOBP_PYRIMIDINE_RIBONUCLEOTIDE_BIOSYNTHETIC_PROCESS,25,1,0.28630752040049867,3.0707263316919695,CTPS2,0.9093604696158022
GOBP_REGULATION_OF_HETEROTYPIC_CELL_CELL_ADHESION,25,1,0.28630752040049867,3.0707263316919695,IL1RN,0.9093604696158022
GOBP_REGULATION_OF_MITOCHONDRIAL_OUTER_MEMBRANE_PERMEABILIZATION_INVOLVED_IN_APOPTOTIC_SIGNALING_PATHWAY,25,1,0.28630752040049867,3.0707263316919695,IER3,0.9093604696158022
GOBP_REGULATION_OF_MITOCHONDRIAL_TRANSLATION,25,1,0.28630752040049867,3.0707263316919695,ALKBH1,0.9093604696158022
GOBP_REGULATION_OF_MITOTIC_SPINDLE_ASSEMBLY,25,1,0.28630752040049867,3.0707263316919695,EML3,0.9093604696158022
GOBP_TUMOR_NECROSIS_FACTOR_SUPERFAMILY_CYTOKINE_PRODUCTION,202,4,0.2867916604728911,1.4900614803760808,"IL1A, MIR140, MC1R, CCL3",0.9093604696158022
GOBP_NEGATIVE_REGULATION_OF_CELL_CYCLE,398,7,0.28683986011522855,1.3211304700690258,"CDC5L, MIIP, IER3, MDC1, PML, INTS7, SMARCA5",0.9093604696158022
GOBP_OSTEOBLAST_DIFFERENTIATION,267,5,0.28851720449903523,1.4078362250736,"HDAC7, HNRNPC, BMP3, MIR140, CCL3",0.9093604696158022
GOBP_REGULATION_OF_CELL_CYCLE_PHASE_TRANSITION,466,8,0.2890383807178681,1.289141717210376,"CDC5L, SMARCD2, CCND3, MIIP, CDK18, IER3, MDC1, INTS7",0.9093604696158022
GOBP_MAMMARY_GLAND_DEVELOPMENT,140,3,0.2894818142060658,1.6147805376430249,"PML, DEAF1, MTCO2P12",0.9093604696158022
GOBP_PANCREAS_DEVELOPMENT,80,2,0.29085795115366064,1.8903261596009653,"NR5A2, SIDT2",0.9093604696158022
GOBP_KERATINIZATION,81,2,0.29580933894886463,1.8663654820954245,"KRT2, LIPK",0.9093604696158022
GOBP_TRANSMISSION_OF_NERVE_IMPULSE,81,2,0.29580933894886463,1.8663654820954245,"NTRK3, ASIC5",0.9093604696158022
GOBP_CHONDROCYTE_PROLIFERATION,26,1,0.29587421384013923,2.947846002674564,CCN2,0.9093604696158022
GOBP_CONNECTIVE_TISSUE_REPLACEMENT,26,1,0.29587421384013923,2.947846002674564,IL1A,0.9093604696158022
GOBP_ENDOPLASMIC_RETICULUM_CALCIUM_ION_HOMEOSTASIS,26,1,0.29587421384013923,2.947846002674564,PML,0.9093604696158022
GOBP_GLUCOCORTICOID_METABOLIC_PROCESS,26,1,0.29587421384013923,2.947846002674564,NR5A2,0.9093604696158022
GOBP_INTESTINAL_EPITHELIAL_CELL_DIFFERENTIATION,26,1,0.29587421384013923,2.947846002674564,TMIGD1,0.9093604696158022
GOBP_MAINTENANCE_OF_PROTEIN_LOCATION_IN_NUCLEUS,26,1,0.29587421384013923,2.947846002674564,PML,0.9093604696158022
GOBP_NEGATIVE_REGULATION_OF_NATURAL_KILLER_CELL_MEDIATED_IMMUNITY,26,1,0.29587421384013923,2.947846002674564,SERPINB4,0.9093604696158022
GOBP_NEGATIVE_REGULATION_OF_VASCULAR_ASSOCIATED_SMOOTH_MUSCLE_CELL_MIGRATION,26,1,0.29587421384013923,2.947846002674564,MIR140,0.9093604696158022
GOBP_POSITIVE_REGULATION_OF_FOCAL_ADHESION_ASSEMBLY,26,1,0.29587421384013923,2.947846002674564,HRG,0.9093604696158022
GOBP_PROTEIN_LOCALIZATION_TO_CHROMOSOME_TELOMERIC_REGION,26,1,0.29587421384013923,2.947846002674564,PML,0.9093604696158022
GOBP_REGULATION_OF_CAMP_PKA_SIGNAL_TRANSDUCTION,26,1,0.29587421384013923,2.947846002674564,MC1R,0.9093604696158022
GOBP_REGULATION_OF_POSITIVE_CHEMOTAXIS,26,1,0.29587421384013923,2.947846002674564,NTRK3,0.9093604696158022
GOBP_SECONDARY_METABOLITE_BIOSYNTHETIC_PROCESS,26,1,0.29587421384013923,2.947846002674564,MC1R,0.9093604696158022
GOBP_TRABECULA_FORMATION,26,1,0.29587421384013923,2.947846002674564,SLC40A1,0.9093604696158022
GOBP_XENOBIOTIC_CATABOLIC_PROCESS,26,1,0.29587421384013923,2.947846002674564,UGT1A10,0.9093604696158022
GOBP_NEGATIVE_REGULATION_OF_CELLULAR_RESPONSE_TO_GROWTH_FACTOR_STIMULUS,142,3,0.29676875041065376,1.5914908029119972,"HRG, SPART, CXCL13",0.9093604696158022
GOBP_PURINE_NUCLEOTIDE_CATABOLIC_PROCESS,142,3,0.29676875041065376,1.5914908029119972,"NUDT12, IER3, NUDT16",0.9093604696158022
GOBP_RESPONSE_TO_ACID_CHEMICAL,142,3,0.29676875041065376,1.5914908029119972,"STAMBPL1, NSMF, NTRK1",0.9093604696158022
GOBP_POSITIVE_REGULATION_OF_MAPK_CASCADE,470,8,0.2967763631776151,1.2778907128635533,"PRKD2, CCN2, EDN3, NTRK3, ARL6IP5, DUSP15, NTRK1, CCL3",0.9093604696158022
GOBP_REGULATION_OF_BONE_MINERALIZATION,82,2,0.30075552616216716,1.8430038215179105,"RXRB, CCL3",0.9093604696158022
GOBP_TRANSCRIPTION_PREINITIATION_COMPLEX_ASSEMBLY,82,2,0.30075552616216716,1.8430038215179105,"MED21, TAF11L11",0.9093604696158022
GOBP_VASCULOGENESIS,82,2,0.30075552616216716,1.8430038215179105,"HDAC7, RRAS",0.9093604696158022
GOBP_REGULATION_OF_CELL_JUNCTION_ASSEMBLY,272,5,0.301450970213651,1.3813515899197286,"EPHA3, HRG, NTRK3, NTRK1, NCKIPSD",0.9093604696158022
GOBP_REGULATION_OF_INTRACELLULAR_TRANSPORT,273,5,0.30404878872322144,1.3761732508069835,"RBM22, RAB11FIP3, REEP5, IER3, NF2",0.9093604696158022
GOBP_COLUMNAR_CUBOIDAL_EPITHELIAL_CELL_DEVELOPMENT,27,1,0.3053128325001955,2.834418006192406,TMIGD1,0.9093604696158022
GOBP_EMBRYONIC_CAMERA_TYPE_EYE_MORPHOGENESIS,27,1,0.3053128325001955,2.834418006192406,IFT172,0.9093604696158022
GOBP_FIBRINOLYSIS,27,1,0.3053128325001955,2.834418006192406,HRG,0.9093604696158022
GOBP_INDOLE_CONTAINING_COMPOUND_METABOLIC_PROCESS,27,1,0.3053128325001955,2.834418006192406,TDO2,0.9093604696158022
GOBP_INTEGRIN_ACTIVATION,27,1,0.3053128325001955,2.834418006192406,CXCL13,0.9093604696158022
GOBP_MODULATION_BY_HOST_OF_VIRAL_GENOME_REPLICATION,27,1,0.3053128325001955,2.834418006192406,CCL8,0.9093604696158022
GOBP_MULTICELLULAR_ORGANISMAL_LEVEL_IRON_ION_HOMEOSTASIS,27,1,0.3053128325001955,2.834418006192406,SLC40A1,0.9093604696158022
GOBP_NEGATIVE_REGULATION_OF_EXTRACELLULAR_MATRIX_ORGANIZATION,27,1,0.3053128325001955,2.834418006192406,TNFRSF1B,0.9093604696158022
GOBP_NEGATIVE_REGULATION_OF_MYOBLAST_DIFFERENTIATION,27,1,0.3053128325001955,2.834418006192406,CMTM5,0.9093604696158022
GOBP_OLIGOSACCHARIDE_BIOSYNTHETIC_PROCESS,27,1,0.3053128325001955,2.834418006192406,ST6GALNAC6,0.9093604696158022
GOBP_PHOSPHATIDYLCHOLINE_BIOSYNTHETIC_PROCESS,27,1,0.3053128325001955,2.834418006192406,ACSL3,0.9093604696158022
GOBP_POSITIVE_REGULATION_OF_CALCIUM_ION_IMPORT,27,1,0.3053128325001955,2.834418006192406,CCL3,0.9093604696158022
GOBP_POSITIVE_REGULATION_OF_CHOLESTEROL_EFFLUX,27,1,0.3053128325001955,2.834418006192406,EEPD1,0.9093604696158022
GOBP_POSITIVE_REGULATION_OF_GRANULOCYTE_CHEMOTAXIS,27,1,0.3053128325001955,2.834418006192406,MOSPD2,0.9093604696158022
GOBP_POSITIVE_REGULATION_OF_T_HELPER_CELL_DIFFERENTIATION,27,1,0.3053128325001955,2.834418006192406,CD80,0.9093604696158022
GOBP_PROTEIN_LOCALIZATION_TO_ENDOSOME,27,1,0.3053128325001955,2.834418006192406,NF2,0.9093604696158022
GOBP_REGULATION_OF_PLATELET_DERIVED_GROWTH_FACTOR_RECEPTOR_SIGNALING_PATHWAY,27,1,0.3053128325001955,2.834418006192406,PHF14,0.9093604696158022
GOBP_SYNAPTIC_VESICLE_MATURATION,27,1,0.3053128325001955,2.834418006192406,ATP6V1D,0.9093604696158022
GOBP_VASCULAR_ASSOCIATED_SMOOTH_MUSCLE_CONTRACTION,27,1,0.3053128325001955,2.834418006192406,EDN3,0.9093604696158022
GOBP_APICAL_JUNCTION_ASSEMBLY,83,2,0.305695764019396,1.8202189920566256,"CLDN11, CLDN23",0.9093604696158022
GOBP_NEGATIVE_REGULATION_OF_MRNA_CATABOLIC_PROCESS,83,2,0.305695764019396,1.8202189920566256,"HNRNPC, NICOL1",0.9093604696158022
GOBP_RESPONSE_TO_AXON_INJURY,83,2,0.305695764019396,1.8202189920566256,"NTRK3, NTRK1",0.9093604696158022
GOBP_POSITIVE_REGULATION_OF_CELL_CYCLE_PROCESS,274,5,0.3066499723792725,1.3710334123566024,"RAB11FIP3, CCND3, IL1A, EDN3, NUDT16",0.9093604696158022
GOBP_CANONICAL_NF_KAPPAB_SIGNAL_TRANSDUCTION,342,6,0.3104916707489909,1.3173271838812322,"ATP2C1, TNIP3, IL1A, LURAP1L, TRIM8, MIR140",0.9093604696158022
GOBP_NEGATIVE_REGULATION_OF_TUMOR_NECROSIS_FACTOR_SUPERFAMILY_CYTOKINE_PRODUCTION,84,2,0.3106293246933962,1.7979898901344769,"MIR140, MC1R",0.9093604696158022
GOBP_POSITIVE_REGULATION_OF_MUSCLE_CELL_DIFFERENTIATION,84,2,0.3106293246933962,1.7979898901344769,"LAMA2, MIR140",0.9093604696158022
GOBP_REGULATION_OF_MICROTUBULE_BASED_PROCESS,276,5,0.3118618852846263,1.3608675326165618,"EPHA3, SEMG2, EML3, SPICE1, STMND1",0.9093604696158022
GOBP_RNA_SPLICING_VIA_TRANSESTERIFICATION_REACTIONS,343,6,0.3128220682287579,1.3133952280524737,"RBM22, HNRNPC, CDC5L, CWC27, PSIP1, DDX39B",0.9093604696158022
GOBP_CIRCADIAN_RHYTHM,211,4,0.31376531886298575,1.4250523727140036,"NUDT12, PML, NTRK3, NTRK1",0.9093604696158022
GOBP_ERYTHROSE_4_PHOSPHATE_PHOSPHOENOLPYRUVATE_FAMILY_AMINO_ACID_METABOLIC_PROCESS,28,1,0.31462508882193785,2.7293920831247824,TDO2,0.9093604696158022
GOBP_FOLIC_ACID_CONTAINING_COMPOUND_METABOLIC_PROCESS,28,1,0.31462508882193785,2.7293920831247824,FPGS,0.9093604696158022
GOBP_HEMATOPOIETIC_STEM_CELL_HOMEOSTASIS,28,1,0.31462508882193785,2.7293920831247824,GLIS2,0.9093604696158022
GOBP_LATE_ENDOSOME_TO_VACUOLE_TRANSPORT_VIA_MULTIVESICULAR_BODY_SORTING_PATHWAY,28,1,0.31462508882193785,2.7293920831247824,LEPROTL1,0.9093604696158022
GOBP_MAMMARY_GLAND_EPITHELIAL_CELL_PROLIFERATION,28,1,0.31462508882193785,2.7293920831247824,DEAF1,0.9093604696158022
GOBP_NEGATIVE_REGULATION_OF_VASCULAR_ENDOTHELIAL_GROWTH_FACTOR_PRODUCTION,28,1,0.31462508882193785,2.7293920831247824,MIR140,0.9093604696158022
GOBP_POSITIVE_REGULATION_OF_ANTIGEN_RECEPTOR_MEDIATED_SIGNALING_PATHWAY,28,1,0.31462508882193785,2.7293920831247824,PRKD2,0.9093604696158022
GOBP_POSITIVE_REGULATION_OF_HEART_RATE,28,1,0.31462508882193785,2.7293920831247824,EDN3,0.9093604696158022
GOBP_POSITIVE_REGULATION_OF_MACROPHAGE_MIGRATION,28,1,0.31462508882193785,2.7293920831247824,CCL3,0.9093604696158022
GOBP_PROTEIN_K63_LINKED_DEUBIQUITINATION,28,1,0.31462508882193785,2.7293920831247824,STAMBPL1,0.9093604696158022
GOBP_REGULATION_OF_MEMBRANE_PROTEIN_ECTODOMAIN_PROTEOLYSIS,28,1,0.31462508882193785,2.7293920831247824,TNFRSF1B,0.9093604696158022
GOBP_SYNAPTONEMAL_COMPLEX_ORGANIZATION,28,1,0.31462508882193785,2.7293920831247824,SPO11,0.9093604696158022
GOBP_PHOSPHOLIPASE_C_ACTIVATING_G_PROTEIN_COUPLED_RECEPTOR_SIGNALING_PATHWAY,147,3,0.3150253931765508,1.5360968157660595,"PRKD2, P2RY11, MC1R",0.9093604696158022
GOBP_CELL_SURFACE_PATTERN_RECOGNITION_RECEPTOR_SIGNALING_PATHWAY,85,2,0.3155555008783737,1.7762964292142163,"TNIP3, MIR140",0.9093604696158022
GOBP_CELLULAR_RESPONSE_TO_VASCULAR_ENDOTHELIAL_GROWTH_FACTOR_STIMULUS,85,2,0.3155555008783737,1.7762964292142163,"PRKD2, HRG",0.9093604696158022
GOBP_REGULATION_OF_NUCLEAR_DIVISION,148,3,0.31868061257266245,1.525476451329878,"IL1A, EDN3, CCDC8",0.9093604696158022
GOBP_AXO_DENDRITIC_TRANSPORT,86,2,0.32047360537186687,1.755119479260354,"BLOC1S4, SPG7",0.9093604696158022
GOBP_FATTY_ACID_DERIVATIVE_METABOLIC_PROCESS,86,2,0.32047360537186687,1.755119479260354,"ACSL3, HACD2",0.9093604696158022
GOBP_NEUROINFLAMMATORY_RESPONSE,86,2,0.32047360537186687,1.755119479260354,"TNFRSF1B, CCL3",0.9093604696158022
GOBP_POSTSYNAPSE_ASSEMBLY,86,2,0.32047360537186687,1.755119479260354,"NTRK3, NCKIPSD",0.9093604696158022
GOBP_REGULATION_OF_TISSUE_REMODELING,86,2,0.32047360537186687,1.755119479260354,"HRG, PLEKHM1",0.9093604696158022
GOBP_REGULATION_OF_TRANSLATIONAL_INITIATION,86,2,0.32047360537186687,1.755119479260354,"ALKBH1, PML",0.9093604696158022
GOBP_NEGATIVE_REGULATION_OF_NERVOUS_SYSTEM_DEVELOPMENT,149,3,0.3223363219961679,1.515001571336747,"SPART, NTRK3, NF2",0.9093604696158022
GOBP_CELLULAR_RESPONSE_TO_GROWTH_HORMONE_STIMULUS,29,1,0.3238126723792071,2.631868011361355,LEPROTL1,0.9093604696158022
GOBP_DETECTION_OF_STIMULUS_INVOLVED_IN_SENSORY_PERCEPTION_OF_PAIN,29,1,0.3238126723792071,2.631868011361355,NTRK1,0.9093604696158022
GOBP_ENDOPLASMIC_RETICULUM_TO_CYTOSOL_TRANSPORT,29,1,0.3238126723792071,2.631868011361355,NPLOC4,0.9093604696158022
GOBP_ENTRAINMENT_OF_CIRCADIAN_CLOCK,29,1,0.3238126723792071,2.631868011361355,PML,0.9093604696158022
GOBP_GANGLIOSIDE_METABOLIC_PROCESS,29,1,0.3238126723792071,2.631868011361355,ST6GALNAC6,0.9093604696158022
GOBP_MALE_MEIOSIS_I,29,1,0.3238126723792071,2.631868011361355,SPO11,0.9093604696158022
GOBP_NEGATIVE_REGULATION_OF_BIOMINERAL_TISSUE_DEVELOPMENT,29,1,0.3238126723792071,2.631868011361355,CCL3,0.9093604696158022
GOBP_NEGATIVE_REGULATION_OF_GLIAL_CELL_DIFFERENTIATION,29,1,0.3238126723792071,2.631868011361355,NTRK3,0.9093604696158022
GOBP_NEGATIVE_REGULATION_OF_INTERLEUKIN_2_PRODUCTION,29,1,0.3238126723792071,2.631868011361355,HDAC7,0.9093604696158022
GOBP_PHOSPHATIDYLINOSITOL_DEPHOSPHORYLATION,29,1,0.3238126723792071,2.631868011361355,SACM1L,0.9093604696158022
GOBP_PHOTOPERIODISM,29,1,0.3238126723792071,2.631868011361355,PML,0.9093604696158022
GOBP_POSITIVE_REGULATION_OF_BEHAVIOR,29,1,0.3238126723792071,2.631868011361355,MC1R,0.9093604696158022
GOBP_POSITIVE_REGULATION_OF_CILIUM_ASSEMBLY,29,1,0.3238126723792071,2.631868011361355,RAB11FIP3,0.9093604696158022
GOBP_POSITIVE_REGULATION_OF_RHO_PROTEIN_SIGNAL_TRANSDUCTION,29,1,0.3238126723792071,2.631868011361355,ARHGEF3,0.9093604696158022
GOBP_POSTSYNAPTIC_DENSITY_ASSEMBLY,29,1,0.3238126723792071,2.631868011361355,NTRK3,0.9093604696158022
GOBP_PROTEIN_REFOLDING,29,1,0.3238126723792071,2.631868011361355,HSPB6,0.9093604696158022
GOBP_REGULATION_OF_FEEDING_BEHAVIOR,29,1,0.3238126723792071,2.631868011361355,MC1R,0.9093604696158022
GOBP_REGULATION_OF_NUCLEOTIDE_EXCISION_REPAIR,29,1,0.3238126723792071,2.631868011361355,SMARCD2,0.9093604696158022
GOBP_REGULATION_OF_RESPONSE_TO_TUMOR_CELL,29,1,0.3238126723792071,2.631868011361355,HRG,0.9093604696158022
GOBP_TYPE_B_PANCREATIC_CELL_PROLIFERATION,29,1,0.3238126723792071,2.631868011361355,SIDT2,0.9093604696158022
GOBP_REGULATION_OF_STEROID_BIOSYNTHETIC_PROCESS,87,2,0.32538297066420707,1.7344408104743514,"NR5A2, POR",0.9093604696158022
GOBP_REGULATION_OF_MONONUCLEAR_CELL_MIGRATION,150,3,0.3259921845503959,1.504669206716426,"MOSPD2, CXCL13, CCL3",0.9093604696158022
GOBP_POSITIVE_REGULATION_OF_DNA_METABOLIC_PROCESS,282,5,0.3275641878153756,1.3312506916369669,"PRKD2, SMARCD2, ATF1, PML, SMARCA5",0.9093604696158022
GOBP_PERIPHERAL_NERVOUS_SYSTEM_DEVELOPMENT,88,2,0.33028294853534856,1.714243040955264,"NTRK3, LAMA2",0.9093604696158022
GOBP_REGULATION_OF_EMBRYONIC_DEVELOPMENT,88,2,0.33028294853534856,1.714243040955264,"PHLDA2, LAMA2",0.9093604696158022
GOBP_REGULATION_OF_LEUKOCYTE_PROLIFERATION,284,5,0.3328168884218936,1.321661487447523,"TNFRSF1B, CCL8, IL1A, NR5A2, CD80",0.9093604696158022
GOBP_COTRANSLATIONAL_PROTEIN_TARGETING_TO_MEMBRANE,30,1,0.33287725018339265,2.5410697373532387,SEC62,0.9093604696158022
GOBP_DEOXYRIBONUCLEOTIDE_CATABOLIC_PROCESS,30,1,0.33287725018339265,2.5410697373532387,NUDT16,0.9093604696158022
GOBP_GLUCOSE_6_PHOSPHATE_METABOLIC_PROCESS,30,1,0.33287725018339265,2.5410697373532387,RPE,0.9093604696158022
GOBP_INFLAMMATORY_RESPONSE_TO_WOUNDING,30,1,0.33287725018339265,2.5410697373532387,IL1A,0.9093604696158022
GOBP_INNERVATION,30,1,0.33287725018339265,2.5410697373532387,NTRK1,0.9093604696158022
GOBP_ISOPRENOID_BIOSYNTHETIC_PROCESS,30,1,0.33287725018339265,2.5410697373532387,PDSS1,0.9093604696158022
GOBP_NEGATIVE_REGULATION_OF_NUCLEOTIDE_METABOLIC_PROCESS,30,1,0.33287725018339265,2.5410697373532387,IER3,0.9093604696158022
GOBP_NEGATIVE_REGULATION_OF_SPROUTING_ANGIOGENESIS,30,1,0.33287725018339265,2.5410697373532387,EPN1,0.9093604696158022
GOBP_PERIPHERAL_NERVOUS_SYSTEM_AXON_ENSHEATHMENT,30,1,0.33287725018339265,2.5410697373532387,NTRK3,0.9093604696158022
GOBP_POSITIVE_REGULATION_OF_COAGULATION,30,1,0.33287725018339265,2.5410697373532387,HRG,0.9093604696158022
GOBP_POSITIVE_REGULATION_OF_SMOOTH_MUSCLE_CONTRACTION,30,1,0.33287725018339265,2.5410697373532387,EDN3,0.9093604696158022
GOBP_PROTEIN_LIPID_COMPLEX_ASSEMBLY,30,1,0.33287725018339265,2.5410697373532387,ACSL3,0.9093604696158022
GOBP_REGULATION_OF_LYSOSOMAL_LUMEN_PH,30,1,0.33287725018339265,2.5410697373532387,ATP6V1D,0.9093604696158022
GOBP_REGULATION_OF_OSTEOBLAST_PROLIFERATION,30,1,0.33287725018339265,2.5410697373532387,NF2,0.9093604696158022
GOBP_REGULATION_OF_SYNCYTIUM_FORMATION_BY_PLASMA_MEMBRANE_FUSION,30,1,0.33287725018339265,2.5410697373532387,CCL8,0.9093604696158022
GOBP_REGULATION_OF_TRANSCRIPTION_BY_RNA_POLYMERASE_III,30,1,0.33287725018339265,2.5410697373532387,SMARCA5,0.9093604696158022
GOBP_RIG_I_SIGNALING_PATHWAY,30,1,0.33287725018339265,2.5410697373532387,NPLOC4,0.9093604696158022
GOBP_SENSORY_PERCEPTION_OF_TEMPERATURE_STIMULUS,30,1,0.33287725018339265,2.5410697373532387,NTRK1,0.9093604696158022
GOBP_PHOSPHATIDYLINOSITOL_METABOLIC_PROCESS,152,3,0.3333030438094491,1.4844205458461677,"SLC30A5, BPNT1, SACM1L",0.9093604696158022
GOBP_CELL_ADHESION_MEDIATED_BY_INTEGRIN,89,2,0.3351729096589531,1.694509587969994,"HRG, CXCL13",0.9093604696158022
GOBP_NEGATIVE_REGULATION_OF_LOCOMOTION,421,7,0.3356204124530947,1.2472318926486665,"HRG, MIIP, SEMG2, RRAS, CXCL13, NF2, MIR140",0.9093604696158022
GOBP_DIGESTIVE_SYSTEM_DEVELOPMENT,153,3,0.33695738906564676,1.474498702018006,"NR5A2, IFT172, TMIGD1",0.9093604696158022
GOBP_RESPONSE_TO_CORTICOSTEROID,153,3,0.33695738906564676,1.474498702018006,"POR, IL1RN, NTRK3",0.9093604696158022
GOBP_IMPORT_ACROSS_PLASMA_MEMBRANE,219,4,0.3379214218341618,1.3718356147865338,"SLC39A6, ARL6IP5, SLC30A5, ASIC5",0.9093604696158022
GOBP_CELLULAR_RESPONSE_TO_INTERLEUKIN_1,90,2,0.3400522432135811,1.6752246225460288,"IL1RN, CCL3",0.9093604696158022
GOBP_NATURAL_KILLER_CELL_MEDIATED_IMMUNITY,90,2,0.3400522432135811,1.6752246225460288,"RNF19B, SERPINB4",0.9093604696158022
GOBP_ANTIGEN_PROCESSING_AND_PRESENTATION_OF_ENDOGENOUS_ANTIGEN,31,1,0.341820466984346,2.456324681353646,TAP2,0.9093604696158022
GOBP_CALCIUM_ION_TRANSPORT_INTO_CYTOSOL,31,1,0.341820466984346,2.456324681353646,PML,0.9093604696158022
GOBP_CELLULAR_RESPONSE_TO_VITAMIN,31,1,0.341820466984346,2.456324681353646,RXRB,0.9093604696158022
GOBP_INTRACELLULAR_PROTEIN_TRANSMEMBRANE_TRANSPORT,31,1,0.341820466984346,2.456324681353646,SEC62,0.9093604696158022
GOBP_MITOCHONDRIAL_GENOME_MAINTENANCE,31,1,0.341820466984346,2.456324681353646,METTL4,0.9093604696158022
GOBP_POSITIVE_REGULATION_OF_CELL_SUBSTRATE_JUNCTION_ORGANIZATION,31,1,0.341820466984346,2.456324681353646,HRG,0.9093604696158022
GOBP_POSITIVE_REGULATION_OF_MACROPHAGE_ACTIVATION,31,1,0.341820466984346,2.456324681353646,CCL3,0.9093604696158022
GOBP_POSITIVE_REGULATION_OF_POTASSIUM_ION_TRANSMEMBRANE_TRANSPORT,31,1,0.341820466984346,2.456324681353646,EDN3,0.9093604696158022
GOBP_POSITIVE_REGULATION_OF_VIRAL_GENOME_REPLICATION,31,1,0.341820466984346,2.456324681353646,NR5A2,0.9093604696158022
GOBP_PROTEIN_INSERTION_INTO_ER_MEMBRANE,31,1,0.341820466984346,2.456324681353646,MMGT1,0.9093604696158022
GOBP_REGULATION_OF_ADENYLATE_CYCLASE_ACTIVITY,31,1,0.341820466984346,2.456324681353646,P2RY11,0.9093604696158022
GOBP_REGULATION_OF_PEPTIDYL_SERINE_PHOSPHORYLATION,31,1,0.341820466984346,2.456324681353646,CREBL2,0.9093604696158022
GOBP_SPINAL_CORD_MOTOR_NEURON_DIFFERENTIATION,31,1,0.341820466984346,2.456324681353646,IFT172,0.9093604696158022
GOBP_TOLERANCE_INDUCTION,31,1,0.341820466984346,2.456324681353646,NR5A2,0.9093604696158022
GOBP_TYPE_B_PANCREATIC_CELL_DIFFERENTIATION,31,1,0.341820466984346,2.456324681353646,SIDT2,0.9093604696158022
GOBP_LEUKOCYTE_PROLIFERATION,356,6,0.3433408223420787,1.2643244193020298,"TNFRSF1B, CCL8, CCND3, IL1A, NR5A2, CD80",0.9093604696158022
GOBP_LEUKOCYTE_MEDIATED_CYTOTOXICITY,155,3,0.3442623157028739,1.4550466660884296,"RNF19B, TAP2, SERPINB4",0.9093604696158022
GOBP_LAMELLIPODIUM_ORGANIZATION,91,2,0.344920356500907,1.6563730271253403,"HRG, WHAMM",0.9093604696158022
GOBP_TUBE_CLOSURE,91,2,0.344920356500907,1.6563730271253403,"IFT172, DEAF1",0.9093604696158022
GOBP_MEMBRANE_LIPID_METABOLIC_PROCESS,222,4,0.3470014544031906,1.3528862990277455,"PRKD2, SLC30A5, ST6GALNAC6, HACD2",0.9093604696158022
GOBP_REGULATION_OF_PROTEIN_LOCALIZATION_TO_CELL_PERIPHERY,156,3,0.3479122724119271,1.445511354356643,"ATP2C1, EPHA3, ACSL3",0.9093604696158022
GOBP_LENS_DEVELOPMENT_IN_CAMERA_TYPE_EYE,92,2,0.34977667457080786,1.6379403560413583,"NTRK3, NF2",0.9093604696158022
GOBP_NEGATIVE_REGULATION_OF_CANONICAL_NF_KAPPAB_SIGNAL_TRANSDUCTION,92,2,0.34977667457080786,1.6379403560413583,"TNIP3, MIR140",0.9093604696158022
GOBP_REGULATION_OF_DNA_METABOLIC_PROCESS,497,8,0.3500768256210295,1.2067608970262704,"HNRNPC, METTL4, PRKD2, SMARCD2, ATF1, IER3, PML, SMARCA5",0.9093604696158022
GOBP_COLLATERAL_SPROUTING,32,1,0.3506439455672914,2.3770470480956556,SPART,0.9093604696158022
GOBP_GPI_ANCHOR_METABOLIC_PROCESS,32,1,0.3506439455672914,2.3770470480956556,SLC30A5,0.9093604696158022
GOBP_MYELOID_DENDRITIC_CELL_ACTIVATION,32,1,0.3506439455672914,2.3770470480956556,BATF3,0.9093604696158022
GOBP_NEGATIVE_REGULATION_OF_CHEMOKINE_PRODUCTION,32,1,0.3506439455672914,2.3770470480956556,MIR140,0.9093604696158022
GOBP_POSITIVE_REGULATION_OF_SYNAPTIC_TRANSMISSION_GLUTAMATERGIC,32,1,0.3506439455672914,2.3770470480956556,NTRK1,0.9093604696158022
GOBP_POSITIVE_REGULATION_OF_VASCULAR_ENDOTHELIAL_GROWTH_FACTOR_PRODUCTION,32,1,0.3506439455672914,2.3770470480956556,IL1A,0.9093604696158022
GOBP_PURINERGIC_NUCLEOTIDE_RECEPTOR_SIGNALING_PATHWAY,32,1,0.3506439455672914,2.3770470480956556,P2RY11,0.9093604696158022
GOBP_REGULATION_OF_CILIUM_DEPENDENT_CELL_MOTILITY,32,1,0.3506439455672914,2.3770470480956556,SEMG2,0.9093604696158022
GOBP_REGULATION_OF_MONOCYTE_CHEMOTAXIS,32,1,0.3506439455672914,2.3770470480956556,MOSPD2,0.9093604696158022
GOBP_REGULATION_OF_RUFFLE_ASSEMBLY,32,1,0.3506439455672914,2.3770470480956556,PLEKHM1,0.9093604696158022
GOBP_REGULATION_OF_T_HELPER_1_TYPE_IMMUNE_RESPONSE,32,1,0.3506439455672914,2.3770470480956556,CD80,0.9093604696158022
GOBP_SODIUM_ION_IMPORT_ACROSS_PLASMA_MEMBRANE,32,1,0.3506439455672914,2.3770470480956556,ASIC5,0.9093604696158022
GOBP_TRIGLYCERIDE_CATABOLIC_PROCESS,32,1,0.3506439455672914,2.3770470480956556,PNLIP,0.9093604696158022
GOBP_EMBRYONIC_PLACENTA_DEVELOPMENT,93,2,0.3546206398532332,1.619912798601859,"PLCD3, PHLDA2",0.9093604696158022
GOBP_FIBROBLAST_GROWTH_FACTOR_RECEPTOR_SIGNALING_PATHWAY,93,2,0.3546206398532332,1.619912798601859,"PRKD2, CCN2",0.9093604696158022
GOBP_MIDBRAIN_DEVELOPMENT,93,2,0.3546206398532332,1.619912798601859,"NDRG2, CNP",0.9093604696158022
GOBP_PEPTIDYL_SERINE_MODIFICATION,93,2,0.3546206398532332,1.619912798601859,"PRKD2, CREBL2",0.9093604696158022
GOBP_SPLICEOSOMAL_COMPLEX_ASSEMBLY,93,2,0.3546206398532332,1.619912798601859,"PSIP1, DDX39B",0.9093604696158022
GOBP_MRNA_CATABOLIC_PROCESS,361,6,0.35516211588129154,1.246407991834955,"HNRNPC, NUDT12, CSDC2, NUDT16, MIR140, NICOL1",0.9093604696158022
GOBP_REGULATION_OF_CELL_SUBSTRATE_ADHESION,225,4,0.3560851540062976,1.334451444327286,"EPHA3, HRG, RRAS, NF2",0.9093604696158022
GOBP_ESTABLISHMENT_OF_PROTEIN_LOCALIZATION_TO_MITOCHONDRIAL_MEMBRANE,33,1,0.35934928704577407,2.3027242667177776,TRMT10B,0.9093604696158022
GOBP_FACE_MORPHOGENESIS,33,1,0.35934928704577407,2.3027242667177776,RRAS,0.9093604696158022
GOBP_IMMUNE_RESPONSE_TO_TUMOR_CELL,33,1,0.35934928704577407,2.3027242667177776,HRG,0.9093604696158022
GOBP_NEGATIVE_REGULATION_OF_CARTILAGE_DEVELOPMENT,33,1,0.35934928704577407,2.3027242667177776,NR5A2,0.9093604696158022
GOBP_NEGATIVE_REGULATION_OF_T_CELL_MEDIATED_IMMUNITY,33,1,0.35934928704577407,2.3027242667177776,CD80,0.9093604696158022
GOBP_POSITIVE_REGULATION_OF_CARTILAGE_DEVELOPMENT,33,1,0.35934928704577407,2.3027242667177776,POR,0.9093604696158022
GOBP_POSITIVE_REGULATION_OF_DEFENSE_RESPONSE_TO_VIRUS_BY_HOST,33,1,0.35934928704577407,2.3027242667177776,PML,0.9093604696158022
GOBP_PYRIMIDINE_RIBONUCLEOTIDE_METABOLIC_PROCESS,33,1,0.35934928704577407,2.3027242667177776,CTPS2,0.9093604696158022
GOBP_REGULATION_OF_ASTROCYTE_DIFFERENTIATION,33,1,0.35934928704577407,2.3027242667177776,NTRK3,0.9093604696158022
GOBP_REGULATION_OF_GENE_SILENCING_BY_REGULATORY_NCRNA,33,1,0.35934928704577407,2.3027242667177776,ZC3H10,0.9093604696158022
GOBP_REGULATION_OF_NEURON_PROJECTION_REGENERATION,33,1,0.35934928704577407,2.3027242667177776,NTRK3,0.9093604696158022
GOBP_REGULATION_OF_NEUTROPHIL_CHEMOTAXIS,33,1,0.35934928704577407,2.3027242667177776,MOSPD2,0.9093604696158022
GOBP_REGULATION_OF_PRESYNAPSE_ORGANIZATION,33,1,0.35934928704577407,2.3027242667177776,NTRK3,0.9093604696158022
GOBP_RESPONSE_TO_ATP,33,1,0.35934928704577407,2.3027242667177776,P2RY11,0.9093604696158022
GOBP_RESPONSE_TO_MUSCLE_ACTIVITY,33,1,0.35934928704577407,2.3027242667177776,TNS2,0.9093604696158022
GOBP_RESPONSE_TO_PROTOZOAN,33,1,0.35934928704577407,2.3027242667177776,IER3,0.9093604696158022
GOBP_SYNAPTIC_TRANSMISSION_CHOLINERGIC,33,1,0.35934928704577407,2.3027242667177776,LAMA2,0.9093604696158022
GOBP_HIPPOCAMPUS_DEVELOPMENT,94,2,0.3594517117967241,1.6022771445794894,"EZH1, NF2",0.9093604696158022
GOBP_RNA_3_END_PROCESSING,94,2,0.3594517117967241,1.6022771445794894,"INTS7, CLP1",0.9093604696158022
GOBP_CELL_SUBSTRATE_ADHESION,363,6,0.35989920772666184,1.239381941847359,"EPHA3, HRG, CCN2, RRAS, WHAMM, NF2",0.9093604696158022
GOBP_POSITIVE_REGULATION_OF_CANONICAL_NF_KAPPAB_SIGNAL_TRANSDUCTION,227,4,0.3621405186490898,1.322437099558281,"ATP2C1, IL1A, LURAP1L, TRIM8",0.9093604696158022
GOBP_PURINE_CONTAINING_COMPOUND_CATABOLIC_PROCESS,160,3,0.36248830816395194,1.4085847968121363,"NUDT12, IER3, NUDT16",0.9093604696158022
GOBP_REGULATION_OF_POTASSIUM_ION_TRANSPORT,95,2,0.3642693665134862,1.5850207519287098,"EDN3, GNB2",0.9093604696158022
GOBP_REGULATION_OF_STEM_CELL_PROLIFERATION,95,2,0.3642693665134862,1.5850207519287098,"NF2, MIR320E",0.9093604696158022
GOBP_RESPONSE_TO_NUTRIENT,161,3,0.36612489640628376,1.3996452979105358,"POR, TMIGD1, RXRB",0.9093604696158022
GOBP_BONE_GROWTH,34,1,0.36793807115071153,2.232905896157502,POR,0.9093604696158022
GOBP_CELL_COMMUNICATION_BY_ELECTRICAL_COUPLING,34,1,0.36793807115071153,2.232905896157502,GJB2,0.9093604696158022
GOBP_GLUTAMATE_METABOLIC_PROCESS,34,1,0.36793807115071153,2.232905896157502,FPGS,0.9093604696158022
GOBP_L_GLUTAMATE_TRANSMEMBRANE_TRANSPORT,34,1,0.36793807115071153,2.232905896157502,ARL6IP5,0.9093604696158022
GOBP_MAMMARY_GLAND_DUCT_MORPHOGENESIS,34,1,0.36793807115071153,2.232905896157502,PML,0.9093604696158022
GOBP_MITOCHONDRIAL_OUTER_MEMBRANE_PERMEABILIZATION,34,1,0.36793807115071153,2.232905896157502,IER3,0.9093604696158022
GOBP_NEGATIVE_REGULATION_OF_CELL_KILLING,34,1,0.36793807115071153,2.232905896157502,SERPINB4,0.9093604696158022
GOBP_NEGATIVE_REGULATION_OF_OSTEOCLAST_DIFFERENTIATION,34,1,0.36793807115071153,2.232905896157502,CCL3,0.9093604696158022
GOBP_PIGMENT_CELL_DIFFERENTIATION,34,1,0.36793807115071153,2.232905896157502,EDN3,0.9093604696158022
GOBP_PLACENTA_BLOOD_VESSEL_DEVELOPMENT,34,1,0.36793807115071153,2.232905896157502,PLCD3,0.9093604696158022
GOBP_POSITIVE_REGULATION_OF_MUSCLE_CELL_APOPTOTIC_PROCESS,34,1,0.36793807115071153,2.232905896157502,MIR140,0.9093604696158022
GOBP_POSITIVE_REGULATION_OF_NEUTROPHIL_MIGRATION,34,1,0.36793807115071153,2.232905896157502,MOSPD2,0.9093604696158022
GOBP_PYRIMIDINE_NUCLEOTIDE_BIOSYNTHETIC_PROCESS,34,1,0.36793807115071153,2.232905896157502,CTPS2,0.9093604696158022
GOBP_REGULATION_OF_SPINDLE_ASSEMBLY,34,1,0.36793807115071153,2.232905896157502,EML3,0.9093604696158022
GOBP_RESPONSE_TO_PAIN,34,1,0.36793807115071153,2.232905896157502,NTRK1,0.9093604696158022
GOBP_SPERM_CAPACITATION,34,1,0.36793807115071153,2.232905896157502,SEMG2,0.9093604696158022
GOBP_VACUOLAR_ACIDIFICATION,34,1,0.36793807115071153,2.232905896157502,ATP6V1D,0.9093604696158022
GOBP_NEGATIVE_REGULATION_OF_RNA_CATABOLIC_PROCESS,96,2,0.3690730964308928,1.5681315165633583,"HNRNPC, NICOL1",0.9093604696158022
GOBP_REGULATION_OF_NEURAL_PRECURSOR_CELL_PROLIFERATION,96,2,0.3690730964308928,1.5681315165633583,"NTRK3, NF2",0.9093604696158022
GOBP_VASCULAR_ASSOCIATED_SMOOTH_MUSCLE_CELL_PROLIFERATION,96,2,0.3690730964308928,1.5681315165633583,"NDRG2, MIR140",0.9093604696158022
GOBP_CELL_RECOGNITION,162,3,0.3697579426316743,1.3908182455350904,"EPHA3, ST6GALNAC6, NEXN",0.9093604696158022
GOBP_KETONE_METABOLIC_PROCESS,230,4,0.3712192951806591,1.3048142885342178,"SIRT5, PDSS1, TDO2, UGT1A10",0.9093604696158022
GOBP_NERVE_DEVELOPMENT,97,2,0.37386240994931896,1.5515978440429992,"DRGX, NTRK1",0.9093604696158022
GOBP_SKELETAL_SYSTEM_MORPHOGENESIS,231,4,0.3742437067529222,1.2990435295639304,"CCN2, POR, RAB33B, HOXC4",0.9093604696158022
GOBP_CARTILAGE_DEVELOPMENT_INVOLVED_IN_ENDOCHONDRAL_BONE_MORPHOGENESIS,35,1,0.3764118565155947,2.1671944884164973,POR,0.9093604696158022
GOBP_INTERLEUKIN_1_MEDIATED_SIGNALING_PATHWAY,35,1,0.3764118565155947,2.1671944884164973,IL1RN,0.9093604696158022
GOBP_INTRA_GOLGI_VESICLE_MEDIATED_TRANSPORT,35,1,0.3764118565155947,2.1671944884164973,RAB33B,0.9093604696158022
GOBP_POSITIVE_REGULATION_OF_EPIDERMIS_DEVELOPMENT,35,1,0.3764118565155947,2.1671944884164973,KRT2,0.9093604696158022
GOBP_PTERIDINE_CONTAINING_COMPOUND_METABOLIC_PROCESS,35,1,0.3764118565155947,2.1671944884164973,FPGS,0.9093604696158022
GOBP_REGULATION_OF_MESENCHYMAL_CELL_PROLIFERATION,35,1,0.3764118565155947,2.1671944884164973,PHF14,0.9093604696158022
GOBP_REGULATION_OF_RESPONSE_TO_NUTRIENT_LEVELS,35,1,0.3764118565155947,2.1671944884164973,RXRB,0.9093604696158022
GOBP_VERY_LONG_CHAIN_FATTY_ACID_METABOLIC_PROCESS,35,1,0.3764118565155947,2.1671944884164973,HACD2,0.9093604696158022
GOBP_DNA_TEMPLATED_TRANSCRIPTION_INITIATION,232,4,0.3772669044227339,1.293323391286079,"INTS7, MED21, SMARCA5, TAF11L11",0.9093604696158022
GOBP_REGULATION_OF_CELL_PROJECTION_ASSEMBLY,232,4,0.3772669044227339,1.293323391286079,"RAB11FIP3, TBC1D19, HRG, PLEKHM1",0.9093604696158022
GOBP_RHYTHMIC_PROCESS,301,5,0.37766508187222836,1.2453851993705367,"NUDT12, NR5A2, PML, NTRK3, NTRK1",0.9093604696158022
GOBP_MITOTIC_CYTOKINESIS,98,2,0.37863683110619284,1.5354086230288748,"RAB11FIP3, SPART",0.9093604696158022
GOBP_POSITIVE_REGULATION_OF_CELL_DIVISION,98,2,0.37863683110619284,1.5354086230288748,"RAB11FIP3, IL1A",0.9093604696158022
GOBP_NEURAL_TUBE_DEVELOPMENT,165,3,0.38063305909519074,1.364990944135081,"IFT172, DEAF1, MARCKS",0.9093604696158022
GOBP_MULTICELLULAR_ORGANISMAL_RESPONSE_TO_STRESS,99,2,0.3833958992461679,1.5195532003817582,"DEAF1, NTRK1",0.9093604696158022
GOBP_REGULATION_OF_CILIUM_ASSEMBLY,99,2,0.3833958992461679,1.5195532003817582,"RAB11FIP3, TBC1D19",0.9093604696158022
GOBP_EMBRYONIC_EYE_MORPHOGENESIS,36,1,0.3847721809578879,2.1052380181231496,IFT172,0.9093604696158022
GOBP_GLANDULAR_EPITHELIAL_CELL_DIFFERENTIATION,36,1,0.3847721809578879,2.1052380181231496,NR5A2,0.9093604696158022
GOBP_MATERNAL_PLACENTA_DEVELOPMENT,36,1,0.3847721809578879,2.1052380181231496,RXRB,0.9093604696158022
GOBP_MITOTIC_G2_DNA_DAMAGE_CHECKPOINT_SIGNALING,36,1,0.3847721809578879,2.1052380181231496,IER3,0.9093604696158022
GOBP_NEGATIVE_REGULATION_OF_SIGNAL_TRANSDUCTION_IN_ABSENCE_OF_LIGAND,36,1,0.3847721809578879,2.1052380181231496,IL1A,0.9093604696158022
GOBP_OSTEOBLAST_PROLIFERATION,36,1,0.3847721809578879,2.1052380181231496,NF2,0.9093604696158022
GOBP_POSITIVE_REGULATION_OF_SIGNAL_TRANSDUCTION_BY_P53_CLASS_MEDIATOR,36,1,0.3847721809578879,2.1052380181231496,PML,0.9093604696158022
GOBP_POSITIVE_REGULATION_OF_TRANSCRIPTION_BY_RNA_POLYMERASE_I,36,1,0.3847721809578879,2.1052380181231496,SMARCA5,0.9093604696158022
GOBP_POSTSYNAPTIC_SPECIALIZATION_ASSEMBLY,36,1,0.3847721809578879,2.1052380181231496,NTRK3,0.9093604696158022
GOBP_RESPONSE_TO_STEROL,36,1,0.3847721809578879,2.1052380181231496,CCL3,0.9093604696158022
GOBP_MONOCARBOXYLIC_ACID_BIOSYNTHETIC_PROCESS,235,4,0.38632750659426496,1.2764601264912774,"PRKAB2, PNLIP, ACSM5, HACD2",0.9093604696158022
GOBP_PROTEIN_RNA_COMPLEX_ORGANIZATION,235,4,0.38632750659426496,1.2764601264912774,"PSIP1, CLP1, DDX39B, EIF3CL",0.9093604696158022
GOBP_NEGATIVE_REGULATION_OF_VASCULATURE_DEVELOPMENT,167,3,0.3878604241783863,1.3482976883480335,"EPN1, HRG, PML",0.9093604696158022
GOBP_HORMONE_MEDIATED_SIGNALING_PATHWAY,236,4,0.3893441498386112,1.2709359535407183,"CALCOCO1, NR5A2, PML, RXRB",0.9093604696158022
GOBP_REGULATION_OF_NEURON_PROJECTION_DEVELOPMENT,446,7,0.3897645040705362,1.175689989653223,"EPHA3, ATF1, SPART, NTRK3, NSMF, NTRK1, NCKIPSD",0.9093604696158022
GOBP_VACUOLAR_TRANSPORT,168,3,0.3914665074056368,1.3401028173241192,"LEPROTL1, SLC48A1, PLEKHM1",0.9093604696158022
GOBP_CELLULAR_RESPONSE_TO_ACID_CHEMICAL,101,2,0.3928662084531518,1.4888032897809507,"STAMBPL1, NSMF",0.9093604696158022
GOBP_REGULATION_OF_EXTENT_OF_CELL_GROWTH,101,2,0.3928662084531518,1.4888032897809507,"SPART, NTRK3",0.9093604696158022
GOBP_ACETYL_COA_METABOLIC_PROCESS,37,1,0.3930205617566772,2.0467235738346305,TDO2,0.9093604696158022
GOBP_ANTIGEN_PROCESSING_AND_PRESENTATION_OF_PEPTIDE_ANTIGEN_VIA_MHC_CLASS_I,37,1,0.3930205617566772,2.0467235738346305,TAP2,0.9093604696158022
GOBP_BICARBONATE_TRANSPORT,37,1,0.3930205617566772,2.0467235738346305,SLC39A6,0.9093604696158022
GOBP_NEGATIVE_REGULATION_OF_RECEPTOR_SIGNALING_PATHWAY_VIA_STAT,37,1,0.3930205617566772,2.0467235738346305,NF2,0.9093604696158022
GOBP_NEUROMUSCULAR_SYNAPTIC_TRANSMISSION,37,1,0.3930205617566772,2.0467235738346305,RIMBP3B,0.9093604696158022
GOBP_NEURON_FATE_SPECIFICATION,37,1,0.3930205617566772,2.0467235738346305,NTRK3,0.9093604696158022
GOBP_POSITIVE_REGULATION_OF_CELL_MIGRATION_INVOLVED_IN_SPROUTING_ANGIOGENESIS,37,1,0.3930205617566772,2.0467235738346305,HDAC7,0.9093604696158022
GOBP_POSITIVE_REGULATION_OF_STEROL_TRANSPORT,37,1,0.3930205617566772,2.0467235738346305,EEPD1,0.9093604696158022
GOBP_POSITIVE_REGULATION_OF_T_CELL_MIGRATION,37,1,0.3930205617566772,2.0467235738346305,CXCL13,0.9093604696158022
GOBP_REGULATION_OF_PHOSPHOLIPID_METABOLIC_PROCESS,37,1,0.3930205617566772,2.0467235738346305,ACSL3,0.9093604696158022
GOBP_REGULATION_OF_PROTEIN_EXPORT_FROM_NUCLEUS,37,1,0.3930205617566772,2.0467235738346305,RBM22,0.9093604696158022
GOBP_REGULATION_OF_VASCULAR_ENDOTHELIAL_GROWTH_FACTOR_RECEPTOR_SIGNALING_PATHWAY,37,1,0.3930205617566772,2.0467235738346305,PRKD2,0.9093604696158022
GOBP_RESPONSE_TO_MINERALOCORTICOID,37,1,0.3930205617566772,2.0467235738346305,NTRK3,0.9093604696158022
GOBP_RNA_SURVEILLANCE,37,1,0.3930205617566772,2.0467235738346305,INTS7,0.9093604696158022
GOBP_MITOCHONDRIAL_GENE_EXPRESSION,169,3,0.3950671852938764,1.3320066796852705,"ALKBH1, METTL4, YARS2",0.9093604696158022
GOBP_PROTEIN_PROCESSING,238,4,0.3953711093258161,1.2600292530990922,"MEP1A, IFT172, SLC30A5, SPG7",0.9093604696158022
GOBP_NEGATIVE_REGULATION_OF_ENDOTHELIAL_CELL_MIGRATION,102,2,0.3975766018606759,1.473889583133638,"HRG, CXCL13",0.9093604696158022
GOBP_SMAD_PROTEIN_SIGNAL_TRANSDUCTION,102,2,0.3975766018606759,1.473889583133638,"PML, MIR140",0.9093604696158022
GOBP_MICROTUBULE_CYTOSKELETON_ORGANIZATION_INVOLVED_IN_MITOSIS,170,3,0.3986622088130459,1.3240075017778774,"TUBG2, EML3, SPICE1",0.9093604696158022
GOBP_REGULATION_OF_MICROTUBULE_CYTOSKELETON_ORGANIZATION,170,3,0.3986622088130459,1.3240075017778774,"EPHA3, EML3, STMND1",0.9093604696158022
GOBP_ALCOHOL_CATABOLIC_PROCESS,38,1,0.4011584959266291,1.99137207237103,GPD2,0.9093604696158022
GOBP_AXONEMAL_DYNEIN_COMPLEX_ASSEMBLY,38,1,0.4011584959266291,1.99137207237103,DNAI4,0.9093604696158022
GOBP_ENTEROENDOCRINE_CELL_DIFFERENTIATION,38,1,0.4011584959266291,1.99137207237103,SIDT2,0.9093604696158022
GOBP_LATE_ENDOSOME_TO_VACUOLE_TRANSPORT,38,1,0.4011584959266291,1.99137207237103,LEPROTL1,0.9093604696158022
GOBP_NEGATIVE_REGULATION_OF_EXOCYTOSIS,38,1,0.4011584959266291,1.99137207237103,RAB33B,0.9093604696158022
GOBP_POSITIVE_REGULATION_OF_D_GLUCOSE_IMPORT,38,1,0.4011584959266291,1.99137207237103,CREBL2,0.9093604696158022
GOBP_POSITIVE_REGULATION_OF_T_CELL_MEDIATED_CYTOTOXICITY,38,1,0.4011584959266291,1.99137207237103,TAP2,0.9093604696158022
GOBP_PROTEIN_LOCALIZATION_TO_MICROTUBULE_ORGANIZING_CENTER,38,1,0.4011584959266291,1.99137207237103,RAB11FIP3,0.9093604696158022
GOBP_REGULATION_OF_TOLL_LIKE_RECEPTOR_4_SIGNALING_PATHWAY,38,1,0.4011584959266291,1.99137207237103,MIR140,0.9093604696158022
GOBP_RNA_5_END_PROCESSING,38,1,0.4011584959266291,1.99137207237103,RNGTT,0.9093604696158022
GOBP_CALCIUM_MEDIATED_SIGNALING,240,4,0.4013885551513159,1.249307411985977,"NR5A2, TPCN1, P2RY11, CCL3",0.9093604696158022
GOBP_INNATE_IMMUNE_RESPONSE_ACTIVATING_CELL_SURFACE_RECEPTOR_SIGNALING_PATHWAY,103,2,0.40226994631385204,1.459271197406281,"TNIP3, MIR140",0.9093604696158022
GOBP_REGULATION_OF_BIOMINERAL_TISSUE_DEVELOPMENT,103,2,0.40226994631385204,1.459271197406281,"RXRB, CCL3",0.9093604696158022
GOBP_REGULATION_OF_DNA_TEMPLATED_TRANSCRIPTION_ELONGATION,103,2,0.40226994631385204,1.459271197406281,"INTS7, MED21",0.9093604696158022
GOBP_REGULATION_OF_PLASMA_LIPOPROTEIN_PARTICLE_LEVELS,103,2,0.40226994631385204,1.459271197406281,"ACSL3, PNLIP",0.9093604696158022
GOBP_GLYCEROLIPID_BIOSYNTHETIC_PROCESS,241,4,0.40439331287619407,1.2440143511829316,"ACSL3, SLC30A5, BPNT1, SACM1L",0.9093604696158022
GOBP_NUCLEAR_EXPORT,172,3,0.4058343177374196,1.3082931404428506,"RBM22, CSE1L, DDX39B",0.9093604696158022
GOBP_REGULATION_OF_SYNAPSE_ASSEMBLY,172,3,0.4058343177374196,1.3082931404428506,"NTRK3, NTRK1, NCKIPSD",0.9093604696158022
GOBP_ENDOCRINE_PROCESS,104,2,0.4069458529529093,1.4449394466895786,"RAB11FIP3, EDN3",0.9093604696158022
GOBP_ENDOPLASMIC_RETICULUM_ORGANIZATION,104,2,0.4069458529529093,1.4449394466895786,"REEP5, MMGT1",0.9093604696158022
GOBP_MITOCHONDRIAL_TRANSMEMBRANE_TRANSPORT,104,2,0.4069458529529093,1.4449394466895786,"SLC25A20, SPG7",0.9093604696158022
GOBP_SPINAL_CORD_DEVELOPMENT,104,2,0.4069458529529093,1.4449394466895786,"IFT172, DRGX",0.9093604696158022
GOBP_ANTIGEN_PROCESSING_AND_PRESENTATION_OF_EXOGENOUS_PEPTIDE_ANTIGEN,39,1,0.40918746048829036,1.9389338077282792,TAP2,0.9093604696158022
GOBP_DETECTION_OF_MECHANICAL_STIMULUS_INVOLVED_IN_SENSORY_PERCEPTION,39,1,0.40918746048829036,1.9389338077282792,NTRK1,0.9093604696158022
GOBP_NEURONAL_ACTION_POTENTIAL,39,1,0.40918746048829036,1.9389338077282792,ASIC5,0.9093604696158022
GOBP_POSITIVE_REGULATION_OF_AXON_EXTENSION,39,1,0.40918746048829036,1.9389338077282792,NTRK3,0.9093604696158022
GOBP_POSITIVE_REGULATION_OF_CD4_POSITIVE_ALPHA_BETA_T_CELL_DIFFERENTIATION,39,1,0.40918746048829036,1.9389338077282792,CD80,0.9093604696158022
GOBP_POSITIVE_REGULATION_OF_POTASSIUM_ION_TRANSPORT,39,1,0.40918746048829036,1.9389338077282792,EDN3,0.9093604696158022
GOBP_REGULATION_OF_ACTIN_NUCLEATION,39,1,0.40918746048829036,1.9389338077282792,WHAMM,0.9093604696158022
GOBP_REGULATION_OF_AMINO_ACID_TRANSPORT,39,1,0.40918746048829036,1.9389338077282792,ARL6IP5,0.9093604696158022
GOBP_REGULATION_OF_CELLULAR_RESPONSE_TO_VASCULAR_ENDOTHELIAL_GROWTH_FACTOR_STIMULUS,39,1,0.40918746048829036,1.9389338077282792,HRG,0.9093604696158022
GOBP_RESPONSE_TO_INTERLEUKIN_4,39,1,0.40918746048829036,1.9389338077282792,PML,0.9093604696158022
GOBP_SMOOTH_MUSCLE_CELL_APOPTOTIC_PROCESS,39,1,0.40918746048829036,1.9389338077282792,MIR140,0.9093604696158022
GOBP_VESICLE_DOCKING_INVOLVED_IN_EXOCYTOSIS,39,1,0.40918746048829036,1.9389338077282792,YKT6,0.9093604696158022
GOBP_POSITIVE_REGULATION_OF_LEUKOCYTE_PROLIFERATION,173,3,0.40941092612660623,1.3005746159037155,"IL1A, NR5A2, CD80",0.9093604696158022
GOBP_OSSIFICATION,456,7,0.4115103155241404,1.1493039336645203,"HDAC7, HNRNPC, CCN2, BMP3, RXRB, MIR140, CCL3",0.9093604696158022
GOBP_NEGATIVE_REGULATION_OF_LEUKOCYTE_PROLIFERATION,105,2,0.4116039463690814,1.4308859823910915,"CCL8, CD80",0.9093604696158022
GOBP_NEURAL_TUBE_FORMATION,105,2,0.4116039463690814,1.4308859823910915,"IFT172, DEAF1",0.9093604696158022
GOBP_ACTIN_FILAMENT_BUNDLE_ORGANIZATION,174,3,0.41298092606670533,1.2929463665047103,"CCN2, NF2, MARCKS",0.9093604696158022
GOBP_SPHINGOLIPID_METABOLIC_PROCESS,174,3,0.41298092606670533,1.2929463665047103,"PRKD2, ST6GALNAC6, HACD2",0.9093604696158022
GOBP_REGULATION_OF_CHROMOSOME_ORGANIZATION,244,4,0.41338985910922876,1.2283998218125278,"HNRNPC, SMARCD2, PML, SMARCA5",0.9093604696158022
GOBP_NEGATIVE_REGULATION_OF_MRNA_METABOLIC_PROCESS,106,2,0.4162438643147882,1.4171027770180855,"HNRNPC, NICOL1",0.9093604696158022
GOBP_PYRIDINE_CONTAINING_COMPOUND_CATABOLIC_PROCESS,106,2,0.4162438643147882,1.4171027770180855,"NUDT12, IER3",0.9093604696158022
GOBP_NEGATIVE_REGULATION_OF_MITOTIC_CELL_CYCLE,245,4,0.41638229075347855,1.2232813661263324,"MIIP, IER3, MDC1, PML",0.9093604696158022
GOBP_NEGATIVE_REGULATION_OF_CELL_GROWTH,175,3,0.4165440894278828,1.2854068176794493,"HRG, SPART, PML",0.9093604696158022
GOBP_AROMATIC_AMINO_ACID_METABOLIC_PROCESS,40,1,0.41710891273479056,1.889184684773679,TDO2,0.9093604696158022
GOBP_BASEMENT_MEMBRANE_ORGANIZATION,40,1,0.41710891273479056,1.889184684773679,LAMA2,0.9093604696158022
GOBP_EMBRYONIC_CAMERA_TYPE_EYE_DEVELOPMENT,40,1,0.41710891273479056,1.889184684773679,IFT172,0.9093604696158022
GOBP_GLYCOSPHINGOLIPID_BIOSYNTHETIC_PROCESS,40,1,0.41710891273479056,1.889184684773679,ST6GALNAC6,0.9093604696158022
GOBP_HEAD_MORPHOGENESIS,40,1,0.41710891273479056,1.889184684773679,RRAS,0.9093604696158022
GOBP_NEGATIVE_REGULATION_OF_CELL_MATRIX_ADHESION,40,1,0.41710891273479056,1.889184684773679,NF2,0.9093604696158022
GOBP_NEGATIVE_REGULATION_OF_SMOOTH_MUSCLE_CELL_MIGRATION,40,1,0.41710891273479056,1.889184684773679,MIR140,0.9093604696158022
GOBP_NUCLEOBASE_METABOLIC_PROCESS,40,1,0.41710891273479056,1.889184684773679,CTPS2,0.9093604696158022
GOBP_PEPTIDYL_THREONINE_PHOSPHORYLATION,40,1,0.41710891273479056,1.889184684773679,PRKD2,0.9093604696158022
GOBP_PIGMENT_GRANULE_ORGANIZATION,40,1,0.41710891273479056,1.889184684773679,BLOC1S4,0.9093604696158022
GOBP_POSITIVE_REGULATION_OF_BLOOD_CIRCULATION,40,1,0.41710891273479056,1.889184684773679,EDN3,0.9093604696158022
GOBP_POSITIVE_REGULATION_OF_BMP_SIGNALING_PATHWAY,40,1,0.41710891273479056,1.889184684773679,MIR140,0.9093604696158022
GOBP_POSITIVE_REGULATION_OF_PROTEIN_IMPORT_INTO_NUCLEUS,40,1,0.41710891273479056,1.889184684773679,RBM22,0.9093604696158022
GOBP_REGULATION_OF_LAMELLIPODIUM_ASSEMBLY,40,1,0.41710891273479056,1.889184684773679,HRG,0.9093604696158022
GOBP_RESPONSE_TO_COPPER_ION,40,1,0.41710891273479056,1.889184684773679,IL1A,0.9093604696158022
GOBP_RESPONSE_TO_VITAMIN_D,40,1,0.41710891273479056,1.889184684773679,RXRB,0.9093604696158022
GOBP_T_CELL_CYTOKINE_PRODUCTION,40,1,0.41710891273479056,1.889184684773679,TNFRSF1B,0.9093604696158022
GOBP_TRNA_METHYLATION,40,1,0.41710891273479056,1.889184684773679,TRMT10B,0.9093604696158022
GOBP_VASCULAR_ASSOCIATED_SMOOTH_MUSCLE_CELL_DIFFERENTIATION,40,1,0.41710891273479056,1.889184684773679,MIR140,0.9093604696158022
GOBP_REGULATION_OF_CELLULAR_RESPONSE_TO_GROWTH_FACTOR_STIMULUS,388,6,0.41920368452042156,1.157763887323885,"PRKD2, HRG, SPART, CXCL13, VASN, MIR140",0.9093604696158022
GOBP_AMIDE_BIOSYNTHETIC_PROCESS,176,3,0.42010019218598393,1.2779544312677058,"ACSL3, ST6GALNAC6, HACD2",0.9093604696158022
GOBP_METAPHASE_CHROMOSOME_ALIGNMENT,107,2,0.4208652574191514,1.40358210888707,"EML3, SPICE1",0.9093604696158022
GOBP_PHOSPHOLIPID_BIOSYNTHETIC_PROCESS,247,4,0.422356632293417,1.2131708363751539,"ACSL3, SLC30A5, BPNT1, SACM1L",0.9093604696158022
GOBP_CYCLIC_NUCLEOTIDE_METABOLIC_PROCESS,41,1,0.4249242904949949,1.8419230178870827,CNP,0.9093604696158022
GOBP_LACTATION,41,1,0.4249242904949949,1.8419230178870827,MTCO2P12,0.9093604696158022
GOBP_MRNA_3_END_PROCESSING,41,1,0.4249242904949949,1.8419230178870827,CLP1,0.9093604696158022
GOBP_NEGATIVE_REGULATION_OF_MUSCLE_HYPERTROPHY,41,1,0.4249242904949949,1.8419230178870827,TNFRSF1B,0.9093604696158022
GOBP_PROTEIN_METHYLATION,41,1,0.4249242904949949,1.8419230178870827,FAM98B,0.9093604696158022
GOBP_REGULATION_OF_FIBROBLAST_GROWTH_FACTOR_RECEPTOR_SIGNALING_PATHWAY,41,1,0.4249242904949949,1.8419230178870827,PRKD2,0.9093604696158022
GOBP_REGULATION_OF_GLYCOGEN_METABOLIC_PROCESS,41,1,0.4249242904949949,1.8419230178870827,PHLDA2,0.9093604696158022
GOBP_REGULATION_OF_STRESS_ACTIVATED_PROTEIN_KINASE_SIGNALING_CASCADE,41,1,0.4249242904949949,1.8419230178870827,ARL6IP5,0.9093604696158022
GOBP_ORGANOPHOSPHATE_CATABOLIC_PROCESS,248,4,0.42533824966890965,1.208177726395248,"NUDT12, IER3, CNP, NUDT16",0.9093604696158022
GOBP_FEEDING_BEHAVIOR,108,2,0.4254677889087517,1.390316547698833,"NPY1R, MC1R",0.9093604696158022
GOBP_REGULATION_OF_ACTOMYOSIN_STRUCTURE_ORGANIZATION,108,2,0.4254677889087517,1.390316547698833,"CCN2, NF2",0.9093604696158022
GOBP_IMPORT_INTO_NUCLEUS,178,3,0.42719034016618895,1.2633051688336014,"RBM22, CSE1L, PML",0.9093604696158022
GOBP_MULTICELLULAR_ORGANISM_GROWTH,178,3,0.42719034016618895,1.2633051688336014,"TNS2, GPD2, NPY1R",0.9093604696158022
GOBP_POSITIVE_REGULATION_OF_SUPRAMOLECULAR_FIBER_ORGANIZATION,178,3,0.42719034016618895,1.2633051688336014,"CCN2, WHAMM, NF2",0.9093604696158022
GOBP_VIRAL_GENE_EXPRESSION,109,2,0.4300511343335487,1.377298940922355,"TRIM8, CCL3",0.9093604696158022
GOBP_NEGATIVE_REGULATION_OF_SECRETION,179,3,0.43072395762848914,1.25610538928411,"TNFRSF1B, RAB11FIP3, RAB33B",0.9093604696158022
GOBP_POSITIVE_REGULATION_OF_SYNAPTIC_TRANSMISSION,179,3,0.43072395762848914,1.25610538928411,"LAMA2, NTRK1, MIR320E",0.9093604696158022
GOBP_BIOLOGICAL_PROCESS_INVOLVED_IN_INTERACTION_WITH_SYMBIONT,42,1,0.4326350123931444,1.796966798093596,HRG,0.9093604696158022
GOBP_G0_TO_G1_TRANSITION,42,1,0.4326350123931444,1.796966798093596,SMARCD2,0.9093604696158022
GOBP_MATURE_B_CELL_DIFFERENTIATION,42,1,0.4326350123931444,1.796966798093596,PHF14,0.9093604696158022
GOBP_MODIFIED_AMINO_ACID_TRANSPORT,42,1,0.4326350123931444,1.796966798093596,SLC25A20,0.9093604696158022
GOBP_NEGATIVE_REGULATION_OF_NON_CANONICAL_NF_KAPPAB_SIGNAL_TRANSDUCTION,42,1,0.4326350123931444,1.796966798093596,HDAC7,0.9093604696158022
GOBP_NEGATIVE_REGULATION_OF_SMAD_PROTEIN_SIGNAL_TRANSDUCTION,42,1,0.4326350123931444,1.796966798093596,MIR140,0.9093604696158022
GOBP_REGULATION_OF_CILIUM_MOVEMENT,42,1,0.4326350123931444,1.796966798093596,SEMG2,0.9093604696158022
GOBP_REGULATION_OF_DNA_TEMPLATED_DNA_REPLICATION,42,1,0.4326350123931444,1.796966798093596,METTL4,0.9093604696158022
GOBP_REGULATION_OF_HIPPO_SIGNALING,42,1,0.4326350123931444,1.796966798093596,NF2,0.9093604696158022
GOBP_RESPONSE_TO_GROWTH_HORMONE,42,1,0.4326350123931444,1.796966798093596,LEPROTL1,0.9093604696158022
GOBP_SPLEEN_DEVELOPMENT,42,1,0.4326350123931444,1.796966798093596,SLC40A1,0.9093604696158022
GOBP_POSITIVE_REGULATION_OF_PLASMA_MEMBRANE_BOUNDED_CELL_PROJECTION_ASSEMBLY,110,2,0.4346149812978608,1.3645224009351684,"RAB11FIP3, PLEKHM1",0.9093604696158022
GOBP_REGULATION_OF_ACTIN_FILAMENT_BUNDLE_ASSEMBLY,110,2,0.4346149812978608,1.3645224009351684,"CCN2, NF2",0.9093604696158022
GOBP_CELLULAR_RESPONSE_TO_OXYGEN_LEVELS,181,3,0.4377672401162419,1.2419485193816722,"HIF3A, VASN, MIR140",0.9093604696158022
GOBP_CELLULAR_SENESCENCE,111,2,0.43915902919632976,1.3519802928715914,"PML, PRELP",0.9093604696158022
GOBP_DEVELOPMENT_OF_PRIMARY_FEMALE_SEXUAL_CHARACTERISTICS,111,2,0.43915902919632976,1.3519802928715914,"SPO11, NR5A2",0.9093604696158022
GOBP_REGULATION_OF_SYSTEMIC_ARTERIAL_BLOOD_PRESSURE,111,2,0.43915902919632976,1.3519802928715914,"EDN3, IER3",0.9093604696158022
GOBP_REGULATION_OF_TELOMERE_MAINTENANCE,111,2,0.43915902919632976,1.3519802928715914,"HNRNPC, PML",0.9093604696158022
GOBP_DNA_METHYLATION_DEPENDENT_CONSTITUTIVE_HETEROCHROMATIN_FORMATION,43,1,0.44024247810504247,1.7541513506058806,SMARCA5,0.9093604696158022
GOBP_EXCITATORY_SYNAPSE_ASSEMBLY,43,1,0.44024247810504247,1.7541513506058806,NTRK3,0.9093604696158022
GOBP_MACROPHAGE_CHEMOTAXIS,43,1,0.44024247810504247,1.7541513506058806,CCL3,0.9093604696158022
GOBP_NEGATIVE_REGULATION_OF_PLASMA_MEMBRANE_BOUNDED_CELL_PROJECTION_ASSEMBLY,43,1,0.44024247810504247,1.7541513506058806,HRG,0.9093604696158022
GOBP_NEGATIVE_REGULATION_OF_REACTIVE_OXYGEN_SPECIES_METABOLIC_PROCESS,43,1,0.44024247810504247,1.7541513506058806,SIRT5,0.9093604696158022
GOBP_NEUTRAL_LIPID_CATABOLIC_PROCESS,43,1,0.44024247810504247,1.7541513506058806,PNLIP,0.9093604696158022
GOBP_PHOSPHOLIPID_DEPHOSPHORYLATION,43,1,0.44024247810504247,1.7541513506058806,SACM1L,0.9093604696158022
GOBP_POSITIVE_REGULATION_OF_GLIAL_CELL_DIFFERENTIATION,43,1,0.44024247810504247,1.7541513506058806,TNFRSF1B,0.9093604696158022
GOBP_REGULATION_OF_GLIAL_CELL_PROLIFERATION,43,1,0.44024247810504247,1.7541513506058806,NF2,0.9093604696158022
GOBP_REGULATION_OF_T_CELL_APOPTOTIC_PROCESS,43,1,0.44024247810504247,1.7541513506058806,PRKD2,0.9093604696158022
GOBP_ACUTE_INFLAMMATORY_RESPONSE,112,2,0.4436829889547804,1.339666223133782,"IL1A, IL1RN",0.9093604696158022
GOBP_NEGATIVE_REGULATION_OF_CYTOKINE_PRODUCTION,400,6,0.44748561167919165,1.1222662481668044,"HDAC7, PML, NDRG2, NPLOC4, MIR140, MC1R",0.9093604696158022
GOBP_DEOXYRIBONUCLEOTIDE_METABOLIC_PROCESS,44,1,0.4477480686108275,1.7133273192210103,NUDT16,0.9093604696158022
GOBP_DOPAMINE_METABOLIC_PROCESS,44,1,0.4477480686108275,1.7133273192210103,MOXD2P,0.9093604696158022
GOBP_INTESTINAL_ABSORPTION,44,1,0.4477480686108275,1.7133273192210103,PNLIP,0.9093604696158022
GOBP_L_GLUTAMATE_IMPORT,44,1,0.4477480686108275,1.7133273192210103,ARL6IP5,0.9093604696158022
GOBP_MIRNA_PROCESSING,44,1,0.4477480686108275,1.7133273192210103,ZC3H10,0.9093604696158022
GOBP_POSITIVE_REGULATION_OF_BONE_MINERALIZATION,44,1,0.4477480686108275,1.7133273192210103,RXRB,0.9093604696158022
GOBP_PROTEIN_CONTAINING_COMPLEX_REMODELING,44,1,0.4477480686108275,1.7133273192210103,PNLIP,0.9093604696158022
GOBP_PYRIMIDINE_CONTAINING_COMPOUND_BIOSYNTHETIC_PROCESS,44,1,0.4477480686108275,1.7133273192210103,CTPS2,0.9093604696158022
GOBP_RELEASE_OF_SEQUESTERED_CALCIUM_ION_INTO_CYTOSOL_BY_ENDOPLASMIC_RETICULUM,44,1,0.4477480686108275,1.7133273192210103,CCL3,0.9093604696158022
GOBP_RESPONSE_TO_DEXAMETHASONE,44,1,0.4477480686108275,1.7133273192210103,POR,0.9093604696158022
GOBP_RUFFLE_ASSEMBLY,44,1,0.4477480686108275,1.7133273192210103,PLEKHM1,0.9093604696158022
GOBP_AXON_EXTENSION,113,2,0.44818658277589574,1.3275740285238173,"EDN3, NTRK3",0.9093604696158022
GOBP_COLUMNAR_CUBOIDAL_EPITHELIAL_CELL_DIFFERENTIATION,113,2,0.44818658277589574,1.3275740285238173,"NR5A2, TMIGD1",0.9093604696158022
GOBP_INTERLEUKIN_1_BETA_PRODUCTION,113,2,0.44818658277589574,1.3275740285238173,"PML, CCL3",0.9093604696158022
GOBP_REGULATION_OF_CELL_KILLING,113,2,0.44818658277589574,1.3275740285238173,"TAP2, SERPINB4",0.9093604696158022
GOBP_STEROL_HOMEOSTASIS,113,2,0.44818658277589574,1.3275740285238173,"NR5A2, PNLIP",0.9093604696158022
GOBP_SPERMATID_DIFFERENTIATION,256,4,0.44903930023553074,1.1696594494001173,"SPO11, SEMG2, DNALI1, RIMBP3B",0.9093604696158022
GOBP_REGULATION_OF_CELL_SIZE,185,3,0.4517524233353871,1.2145681995637716,"SPART, NTRK3, AKT1S1",0.9093604696158022
GOBP_LIPOSACCHARIDE_METABOLIC_PROCESS,114,2,0.452669543889618,1.3156977659579845,"SLC30A5, ST6GALNAC6",0.9093604696158022
GOBP_LYMPHOCYTE_MIGRATION,114,2,0.452669543889618,1.3156977659579845,"CXCL13, CCL3",0.9093604696158022
GOBP_TORC1_SIGNALING,114,2,0.452669543889618,1.3156977659579845,"STAMBPL1, AKT1S1",0.9093604696158022
GOBP_CALCIUM_ION_HOMEOSTASIS,330,5,0.45371778672907837,1.1336835799616036,"ATP2C1, CCL8, EDN3, PML, CCL3",0.9093604696158022
GOBP_AMINO_ACID_ACTIVATION,45,1,0.45515314644437455,1.6743589255722926,YARS2,0.9093604696158022
GOBP_INNER_MITOCHONDRIAL_MEMBRANE_ORGANIZATION,45,1,0.45515314644437455,1.6743589255722926,TRMT10B,0.9093604696158022
GOBP_MAINTENANCE_OF_PROTEIN_LOCALIZATION_IN_ORGANELLE,45,1,0.45515314644437455,1.6743589255722926,PML,0.9093604696158022
GOBP_REGULATION_OF_DEFENSE_RESPONSE_TO_VIRUS_BY_HOST,45,1,0.45515314644437455,1.6743589255722926,PML,0.9093604696158022
GOBP_REGULATION_OF_NEUTROPHIL_MIGRATION,45,1,0.45515314644437455,1.6743589255722926,MOSPD2,0.9093604696158022
GOBP_REGULATION_OF_POSTSYNAPSE_ASSEMBLY,45,1,0.45515314644437455,1.6743589255722926,NCKIPSD,0.9093604696158022
GOBP_REGULATION_OF_TYPE_I_INTERFERON_MEDIATED_SIGNALING_PATHWAY,45,1,0.45515314644437455,1.6743589255722926,TRIM41,0.9093604696158022
GOBP_RAS_PROTEIN_SIGNAL_TRANSDUCTION,115,2,0.45713161630820276,1.304031702727212,"RRAS, NTRK1",0.9093604696158022
GOBP_PROTON_TRANSMEMBRANE_TRANSPORT,187,3,0.4586912797231877,1.2013244579096034,"ATP6V1D, MTCO2P12, ASIC5",0.9093604696158022
GOBP_POSITIVE_REGULATION_OF_PROTEIN_TRANSPORT,260,4,0.46077459403805987,1.1513030830150868,"ATP2C1, RBM22, IL1A, ACSL3",0.9093604696158022
GOBP_PHENOL_CONTAINING_COMPOUND_METABOLIC_PROCESS,116,2,0.46157255458584423,1.2925703072701134,"MOXD2P, MC1R",0.9093604696158022
GOBP_POSITIVE_REGULATION_OF_TUMOR_NECROSIS_FACTOR_SUPERFAMILY_CYTOKINE_PRODUCTION,116,2,0.46157255458584423,1.2925703072701134,"IL1A, CCL3",0.9093604696158022
GOBP_POSITIVE_REGULATION_OF_CYTOSKELETON_ORGANIZATION,188,3,0.46214663823131386,1.194809968770861,"CCN2, WHAMM, NF2",0.9093604696158022
GOBP_ARP2_3_COMPLEX_MEDIATED_ACTIN_NUCLEATION,46,1,0.4624590559393773,1.6371224604808416,WHAMM,0.9093604696158022
GOBP_AUTONOMIC_NERVOUS_SYSTEM_DEVELOPMENT,46,1,0.4624590559393773,1.6371224604808416,NTRK1,0.9093604696158022
GOBP_NEGATIVE_REGULATION_OF_INTERLEUKIN_1_BETA_PRODUCTION,46,1,0.4624590559393773,1.6371224604808416,PML,0.9093604696158022
GOBP_POSITIVE_REGULATION_OF_D_GLUCOSE_TRANSMEMBRANE_TRANSPORT,46,1,0.4624590559393773,1.6371224604808416,CREBL2,0.9093604696158022
GOBP_POSITIVE_REGULATION_OF_DNA_BIOSYNTHETIC_PROCESS,46,1,0.4624590559393773,1.6371224604808416,PRKD2,0.9093604696158022
GOBP_PRESYNAPSE_ASSEMBLY,46,1,0.4624590559393773,1.6371224604808416,NTRK3,0.9093604696158022
GOBP_PROTEIN_DNA_COMPLEX_ORGANIZATION,261,4,0.46369502533699114,1.1468032733560523,"SMARCD2, MED21, SMARCA5, TAF11L11",0.9093604696158022
GOBP_REGULATION_OF_RNA_SPLICING,189,3,0.46559238472459386,1.1883655279019438,"RBM22, METTL4, ZC3H10",0.9093604696158022
GOBP_TRANSCRIPTION_INITIATION_AT_RNA_POLYMERASE_II_PROMOTER,189,3,0.46559238472459386,1.1883655279019438,"INTS7, MED21, TAF11L11",0.9093604696158022
GOBP_REGULATION_OF_STEROID_METABOLIC_PROCESS,117,2,0.4659921235827873,1.281308240427435,"NR5A2, POR",0.9093604696158022
GOBP_STRESS_FIBER_ASSEMBLY,117,2,0.4659921235827873,1.281308240427435,"CCN2, NF2",0.9093604696158022
GOBP_REGULATION_OF_LEUKOCYTE_MEDIATED_IMMUNITY,262,4,0.46660985560130497,1.142338345942263,"TNFRSF1B, CD80, TAP2, SERPINB4",0.9093604696158022
GOBP_POSITIVE_REGULATION_OF_PHOSPHORUS_METABOLIC_PROCESS,335,5,0.4666156008533855,1.1164089303482938,"TNK2, CREBL2, CD80, ACSL3, WDFY2",0.9093604696158022
GOBP_EPITHELIAL_TO_MESENCHYMAL_TRANSITION,190,3,0.46902834965802065,1.1819900115338247,"EPHA3, SLC39A6, VASN",0.9093604696158022
GOBP_CHROMOSOME_CONDENSATION,47,1,0.46966712347215134,1.6015049720873755,SMARCA5,0.9093604696158022
GOBP_DEVELOPMENTAL_PIGMENTATION,47,1,0.46966712347215134,1.6015049720873755,EDN3,0.9093604696158022
GOBP_ENDOCRINE_PANCREAS_DEVELOPMENT,47,1,0.46966712347215134,1.6015049720873755,SIDT2,0.9093604696158022
GOBP_HETEROPHILIC_CELL_CELL_ADHESION_VIA_PLASMA_MEMBRANE_CELL_ADHESION_MOLECULES,47,1,0.46966712347215134,1.6015049720873755,SCARF2,0.9093604696158022
GOBP_MESENCHYMAL_CELL_PROLIFERATION,47,1,0.46966712347215134,1.6015049720873755,PHF14,0.9093604696158022
GOBP_MICROTUBULE_NUCLEATION,47,1,0.46966712347215134,1.6015049720873755,TUBG2,0.9093604696158022
GOBP_MODIFIED_AMINO_ACID_BIOSYNTHETIC_PROCESS,47,1,0.46966712347215134,1.6015049720873755,FPGS,0.9093604696158022
GOBP_MRNA_SPLICE_SITE_RECOGNITION,47,1,0.46966712347215134,1.6015049720873755,PSIP1,0.9093604696158022
GOBP_POSTSYNAPTIC_DENSITY_ORGANIZATION,47,1,0.46966712347215134,1.6015049720873755,NTRK3,0.9093604696158022
GOBP_PROTEIN_INSERTION_INTO_MEMBRANE,47,1,0.46966712347215134,1.6015049720873755,MMGT1,0.9093604696158022
GOBP_REGULATION_OF_BONE_REMODELING,47,1,0.46966712347215134,1.6015049720873755,PLEKHM1,0.9093604696158022
GOBP_REGULATION_OF_EXTRINSIC_APOPTOTIC_SIGNALING_PATHWAY_IN_ABSENCE_OF_LIGAND,47,1,0.46966712347215134,1.6015049720873755,IL1A,0.9093604696158022
GOBP_REGULATION_OF_RAS_PROTEIN_SIGNAL_TRANSDUCTION,47,1,0.46966712347215134,1.6015049720873755,NTRK1,0.9093604696158022
GOBP_SODIUM_ION_HOMEOSTASIS,47,1,0.46966712347215134,1.6015049720873755,IL1A,0.9093604696158022
GOBP_STEROID_HORMONE_BIOSYNTHETIC_PROCESS,47,1,0.46966712347215134,1.6015049720873755,NR5A2,0.9093604696158022
GOBP_SYNAPTIC_VESICLE_TRANSPORT,47,1,0.46966712347215134,1.6015049720873755,BLOC1S4,0.9093604696158022
GOBP_VENTRAL_SPINAL_CORD_DEVELOPMENT,47,1,0.46966712347215134,1.6015049720873755,IFT172,0.9093604696158022
GOBP_FATTY_ACID_TRANSPORT,118,2,0.4703900982338609,1.2702403471488608,"ACSL3, SLC25A20",0.9093604696158022
GOBP_RESPONSE_TO_INTERLEUKIN_1,118,2,0.4703900982338609,1.2702403471488608,"IL1RN, CCL3",0.9093604696158022
GOBP_VIRAL_PROCESS,410,6,0.4708277975003047,1.094295748660825,"CCL8, NR5A2, CD80, TRIM8, TPCN1, CCL3",0.9093604696158022
GOBP_INTEGRIN_MEDIATED_SIGNALING_PATHWAY,119,2,0.4747662633213464,1.2593616486251094,"CCN2, LAMA2",0.9093604696158022
GOBP_ANTIGEN_PROCESSING_AND_PRESENTATION_OF_EXOGENOUS_ANTIGEN,48,1,0.4767786577012,1.5674031214565434,TAP2,0.9093604696158022
GOBP_BLASTOCYST_FORMATION,48,1,0.4767786577012,1.5674031214565434,NR5A2,0.9093604696158022
GOBP_CALCIUM_DEPENDENT_CELL_CELL_ADHESION_VIA_PLASMA_MEMBRANE_CELL_ADHESION_MOLECULES,48,1,0.4767786577012,1.5674031214565434,ATP2C1,0.9093604696158022
GOBP_CYTOPLASMIC_TRANSLATIONAL_INITIATION,48,1,0.4767786577012,1.5674031214565434,EIF3CL,0.9093604696158022
GOBP_INTRINSIC_APOPTOTIC_SIGNALING_PATHWAY_IN_RESPONSE_TO_DNA_DAMAGE_BY_P53_CLASS_MEDIATOR,48,1,0.4767786577012,1.5674031214565434,PML,0.9093604696158022
GOBP_MYOBLAST_FUSION,48,1,0.4767786577012,1.5674031214565434,CCL8,0.9093604696158022
GOBP_NEGATIVE_REGULATION_OF_HYDROLASE_ACTIVITY,48,1,0.4767786577012,1.5674031214565434,SERPINB4,0.9093604696158022
GOBP_NEGATIVE_REGULATION_OF_TYPE_I_INTERFERON_PRODUCTION,48,1,0.4767786577012,1.5674031214565434,NPLOC4,0.9093604696158022
GOBP_POSITIVE_REGULATION_OF_CD4_POSITIVE_ALPHA_BETA_T_CELL_ACTIVATION,48,1,0.4767786577012,1.5674031214565434,CD80,0.9093604696158022
GOBP_POSITIVE_REGULATION_OF_RNA_SPLICING,48,1,0.4767786577012,1.5674031214565434,RBM22,0.9093604696158022
GOBP_REGULATION_OF_HUMORAL_IMMUNE_RESPONSE,48,1,0.4767786577012,1.5674031214565434,CXCL13,0.9093604696158022
GOBP_REGULATION_OF_MACROPHAGE_MIGRATION,48,1,0.4767786577012,1.5674031214565434,CCL3,0.9093604696158022
GOBP_REGULATION_OF_SPINDLE_ORGANIZATION,48,1,0.4767786577012,1.5674031214565434,EML3,0.9093604696158022
GOBP_REGULATION_OF_T_CELL_MEDIATED_CYTOTOXICITY,48,1,0.4767786577012,1.5674031214565434,TAP2,0.9093604696158022
GOBP_REGULATION_OF_TRANSCRIPTION_BY_RNA_POLYMERASE_I,48,1,0.4767786577012,1.5674031214565434,SMARCA5,0.9093604696158022
GOBP_RESPONSE_TO_TUMOR_CELL,48,1,0.4767786577012,1.5674031214565434,HRG,0.9093604696158022
GOBP_TRABECULA_MORPHOGENESIS,48,1,0.4767786577012,1.5674031214565434,SLC40A1,0.9093604696158022
GOBP_POSITIVE_REGULATION_OF_CELL_CELL_ADHESION,339,5,0.47686647471026045,1.102961598312544,"SMARCD2, IL1A, NR5A2, CD80, CXCL13",0.9093604696158022
GOBP_REGULATION_OF_NUCLEOCYTOPLASMIC_TRANSPORT,120,2,0.47912041325211197,1.2486673348200938,"RBM22, IER3",0.9093604696158022
GOBP_REGULATION_OF_CELL_GROWTH,415,6,0.48239785652401246,1.0808234053763754,"OGFR, HRG, SPART, PML, NTRK3, RAB33B",0.9093604696158022
GOBP_ISOPRENOID_METABOLIC_PROCESS,121,2,0.4834523518389382,1.23815275737961,"PDSS1, PNLIP",0.9093604696158022
GOBP_BODY_MORPHOGENESIS,49,1,0.48379494980359106,1.534722181230711,RRAS,0.9093604696158022
GOBP_ESTABLISHMENT_OF_PROTEIN_LOCALIZATION_TO_ENDOPLASMIC_RETICULUM,49,1,0.48379494980359106,1.534722181230711,SEC62,0.9093604696158022
GOBP_LABYRINTHINE_LAYER_DEVELOPMENT,49,1,0.48379494980359106,1.534722181230711,PLCD3,0.9093604696158022
GOBP_MAMMARY_GLAND_MORPHOGENESIS,49,1,0.48379494980359106,1.534722181230711,PML,0.9093604696158022
GOBP_NEGATIVE_REGULATION_OF_FATTY_ACID_METABOLIC_PROCESS,49,1,0.48379494980359106,1.534722181230711,UGT1A10,0.9093604696158022
GOBP_REGULATION_OF_CENTROSOME_DUPLICATION,49,1,0.48379494980359106,1.534722181230711,SPICE1,0.9093604696158022
GOBP_REGULATION_OF_KERATINOCYTE_PROLIFERATION,49,1,0.48379494980359106,1.534722181230711,IFT172,0.9093604696158022
GOBP_REGULATION_OF_MITOCHONDRIAL_MEMBRANE_PERMEABILITY_INVOLVED_IN_APOPTOTIC_PROCESS,49,1,0.48379494980359106,1.534722181230711,IER3,0.9093604696158022
GOBP_REGULATION_OF_POLYSACCHARIDE_METABOLIC_PROCESS,49,1,0.48379494980359106,1.534722181230711,PHLDA2,0.9093604696158022
GOBP_REGULATION_OF_SMOOTH_MUSCLE_CELL_DIFFERENTIATION,49,1,0.48379494980359106,1.534722181230711,MIR140,0.9093604696158022
GOBP_RESPONSE_TO_NICOTINE,49,1,0.48379494980359106,1.534722181230711,NTRK1,0.9093604696158022
GOBP_SARCOPLASMIC_RETICULUM_CALCIUM_ION_TRANSPORT,49,1,0.48379494980359106,1.534722181230711,CCL3,0.9093604696158022
GOBP_SEMI_LUNAR_VALVE_DEVELOPMENT,49,1,0.48379494980359106,1.534722181230711,TNFRSF1B,0.9093604696158022
GOBP_VESICLE_TRANSPORT_ALONG_MICROTUBULE,49,1,0.48379494980359106,1.534722181230711,BLOC1S4,0.9093604696158022
GOBP_NUCLEAR_TRANSPORT,342,5,0.48451170007899447,1.0930855903626389,"RBM22, CSE1L, IER3, PML, DDX39B",0.9093604696158022
GOBP_RESPONSE_TO_STEROID_HORMONE,342,5,0.48451170007899447,1.0930855903626389,"CALCOCO1, POR, IL1RN, NTRK3, RXRB",0.9093604696158022
GOBP_REGULATION_OF_CELL_CYCLE_G2_M_PHASE_TRANSITION,122,2,0.48776189208596477,1.2278134228945932,"MIIP, IER3",0.9093604696158022
GOBP_CELLULAR_RESPONSE_TO_NUTRIENT,50,1,0.4907172737081822,1.5033751568975628,RXRB,0.9093604696158022
GOBP_CLATHRIN_DEPENDENT_ENDOCYTOSIS,50,1,0.4907172737081822,1.5033751568975628,TNK2,0.9093604696158022
GOBP_EXTRACELLULAR_MATRIX_ASSEMBLY,50,1,0.4907172737081822,1.5033751568975628,THSD4,0.9093604696158022
GOBP_INTRACILIARY_TRANSPORT,50,1,0.4907172737081822,1.5033751568975628,IFT172,0.9093604696158022
GOBP_LYMPHOCYTE_COSTIMULATION,50,1,0.4907172737081822,1.5033751568975628,CD80,0.9093604696158022
GOBP_MODULATION_BY_HOST_OF_VIRAL_PROCESS,50,1,0.4907172737081822,1.5033751568975628,CCL8,0.9093604696158022
GOBP_MULTIVESICULAR_BODY_SORTING_PATHWAY,50,1,0.4907172737081822,1.5033751568975628,LEPROTL1,0.9093604696158022
GOBP_NEGATIVE_REGULATION_OF_BLOOD_PRESSURE,50,1,0.4907172737081822,1.5033751568975628,IER3,0.9093604696158022
GOBP_OVULATION_CYCLE_PROCESS,50,1,0.4907172737081822,1.5033751568975628,NR5A2,0.9093604696158022
GOBP_PEPTIDYL_THREONINE_MODIFICATION,50,1,0.4907172737081822,1.5033751568975628,PRKD2,0.9093604696158022
GOBP_POSITIVE_REGULATION_OF_CYTOKINESIS,50,1,0.4907172737081822,1.5033751568975628,RAB11FIP3,0.9093604696158022
GOBP_POSITIVE_REGULATION_OF_MUSCLE_CONTRACTION,50,1,0.4907172737081822,1.5033751568975628,EDN3,0.9093604696158022
GOBP_PROTEIN_EXIT_FROM_ENDOPLASMIC_RETICULUM,50,1,0.4907172737081822,1.5033751568975628,NPLOC4,0.9093604696158022
GOBP_REGULATION_OF_CALCIUM_ION_IMPORT,50,1,0.4907172737081822,1.5033751568975628,CCL3,0.9093604696158022
GOBP_REGULATION_OF_T_HELPER_CELL_DIFFERENTIATION,50,1,0.4907172737081822,1.5033751568975628,CD80,0.9093604696158022
GOBP_T_HELPER_1_TYPE_IMMUNE_RESPONSE,50,1,0.4907172737081822,1.5033751568975628,CD80,0.9093604696158022
GOBP_MACROMOLECULE_METHYLATION,123,2,0.4920488559781824,1.2176449864984247,"TRMT10B, FAM98B",0.9093604696158022
GOBP_REGULATION_OF_EPITHELIAL_TO_MESENCHYMAL_TRANSITION,123,2,0.4920488559781824,1.2176449864984247,"EPHA3, VASN",0.9093604696158022
GOBP_POSITIVE_REGULATION_OF_CELL_CYCLE,345,5,0.492117646012317,1.0833838649053067,"RAB11FIP3, CCND3, IL1A, EDN3, NUDT16",0.9093604696158022
GOBP_REGULATION_OF_BMP_SIGNALING_PATHWAY,124,2,0.49631307427490845,1.2076432457791277,"SPART, MIR140",0.9093604696158022
GOBP_BILE_ACID_METABOLIC_PROCESS,51,1,0.49754688632573973,1.4732820135055895,NR5A2,0.9093604696158022
GOBP_CENTRIOLE_ASSEMBLY,51,1,0.49754688632573973,1.4732820135055895,SPICE1,0.9093604696158022
GOBP_EXOCRINE_SYSTEM_DEVELOPMENT,51,1,0.49754688632573973,1.4732820135055895,NR5A2,0.9093604696158022
GOBP_INTEGRATED_STRESS_RESPONSE_SIGNALING,51,1,0.49754688632573973,1.4732820135055895,BATF3,0.9093604696158022
GOBP_INTRACELLULAR_LIPID_TRANSPORT,51,1,0.49754688632573973,1.4732820135055895,SLC25A20,0.9093604696158022
GOBP_NEGATIVE_REGULATION_OF_CYTOKINE_PRODUCTION_INVOLVED_IN_INFLAMMATORY_RESPONSE,51,1,0.49754688632573973,1.4732820135055895,MIR140,0.9093604696158022
GOBP_NEGATIVE_REGULATION_OF_TORC1_SIGNALING,51,1,0.49754688632573973,1.4732820135055895,AKT1S1,0.9093604696158022
GOBP_MESENCHYMAL_CELL_DIFFERENTIATION,273,4,0.4982705017083878,1.0954151124790559,"EPHA3, EDN3, SLC39A6, VASN",0.9093604696158022
GOBP_POSITIVE_REGULATION_OF_PHOSPHORYLATION,273,4,0.4982705017083878,1.0954151124790559,"TNK2, CREBL2, CD80, WDFY2",0.9093604696158022
GOBP_TISSUE_HOMEOSTASIS,273,4,0.4982705017083878,1.0954151124790559,"CCN2, CLDN12, LAMA2, PLEKHM1",0.9093604696158022
GOBP_CALCIUM_ION_TRANSMEMBRANE_TRANSPORT,348,5,0.49968216275582567,1.0738518489305557,"ATP2C1, PML, TPCN1, SPG7, CCL3",0.9093604696158022
GOBP_VIRAL_GENOME_REPLICATION,125,2,0.5005543863071642,1.1978041349885287,"CCL8, NR5A2",0.9093604696158022
GOBP_CELL_GROWTH,498,7,0.5016016127209995,1.0502191881510097,"OGFR, HRG, EDN3, SPART, PML, NTRK3, RAB33B",0.9093604696158022
GOBP_MAINTENANCE_OF_CELL_NUMBER,200,3,0.5028152876024405,1.121794780826832,"NR5A2, MED21, TRIM8",0.9093604696158022
GOBP_AMINO_ACID_IMPORT_ACROSS_PLASMA_MEMBRANE,52,1,0.5042850277759882,1.4443689933542234,ARL6IP5,0.9093604696158022
GOBP_DENDRITIC_CELL_DIFFERENTIATION,52,1,0.5042850277759882,1.4443689933542234,BATF3,0.9093604696158022
GOBP_LEUKOCYTE_ACTIVATION_INVOLVED_IN_INFLAMMATORY_RESPONSE,52,1,0.5042850277759882,1.4443689933542234,CCL3,0.9093604696158022
GOBP_MEMBRANE_PROTEIN_ECTODOMAIN_PROTEOLYSIS,52,1,0.5042850277759882,1.4443689933542234,TNFRSF1B,0.9093604696158022
GOBP_MRNA_TRANSCRIPTION,52,1,0.5042850277759882,1.4443689933542234,RXRB,0.9093604696158022
GOBP_NEGATIVE_REGULATION_OF_CELLULAR_RESPONSE_TO_INSULIN_STIMULUS,52,1,0.5042850277759882,1.4443689933542234,TNS2,0.9093604696158022
GOBP_REGULATION_OF_LAMELLIPODIUM_ORGANIZATION,52,1,0.5042850277759882,1.4443689933542234,HRG,0.9093604696158022
GOBP_REGULATION_OF_T_CELL_MIGRATION,52,1,0.5042850277759882,1.4443689933542234,CXCL13,0.9093604696158022
GOBP_RESPONSE_TO_GAMMA_RADIATION,52,1,0.5042850277759882,1.4443689933542234,PML,0.9093604696158022
GOBP_RESPONSE_TO_ZINC_ION,52,1,0.5042850277759882,1.4443689933542234,SLC30A5,0.9093604696158022
GOBP_RETINOL_METABOLIC_PROCESS,52,1,0.5042850277759882,1.4443689933542234,PNLIP,0.9093604696158022
GOBP_RETROGRADE_VESICLE_MEDIATED_TRANSPORT_GOLGI_TO_ENDOPLASMIC_RETICULUM,52,1,0.5042850277759882,1.4443689933542234,RAB33B,0.9093604696158022
GOBP_REGULATION_OF_LIPID_METABOLIC_PROCESS,350,5,0.5047011312523616,1.0675892683864139,"CREBL2, NR5A2, ACSL3, POR, UGT1A10",0.9093604696158022
GOBP_CYTOSKELETON_DEPENDENT_CYTOKINESIS,126,2,0.504772639778907,1.188123719531619,"RAB11FIP3, SPART",0.9093604696158022
GOBP_ELECTRON_TRANSPORT_CHAIN,126,2,0.504772639778907,1.188123719531619,"POR, MTCO2P12",0.9093604696158022
GOBP_EMBRYONIC_EPITHELIAL_TUBE_FORMATION,126,2,0.504772639778907,1.188123719531619,"IFT172, DEAF1",0.9093604696158022
GOBP_FEMALE_SEX_DIFFERENTIATION,126,2,0.504772639778907,1.188123719531619,"SPO11, NR5A2",0.9093604696158022
GOBP_LIMBIC_SYSTEM_DEVELOPMENT,126,2,0.504772639778907,1.188123719531619,"EZH1, NF2",0.9093604696158022
GOBP_SMALL_GTPASE_MEDIATED_SIGNAL_TRANSDUCTION,500,7,0.5057964559248287,1.0459219747107515,"TNK2, RRAS, CXCL13, ARHGEF3, RAB33B, NTRK1, ARHGAP19",0.9093604696158022
GOBP_REGULATION_OF_BLOOD_PRESSURE,201,3,0.5061334884592816,1.1161096757023339,"EDN3, IER3, NPY1R",0.9093604696158022
GOBP_BLASTOCYST_DEVELOPMENT,127,2,0.5089676905720277,1.1785981907204293,"NR5A2, MED21",0.9093604696158022
GOBP_BONE_MINERALIZATION,127,2,0.5089676905720277,1.1785981907204293,"RXRB, CCL3",0.9093604696158022
GOBP_CELL_DIFFERENTIATION_IN_SPINAL_CORD,53,1,0.5109329216116415,1.4165680124120315,IFT172,0.9093604696158022
GOBP_REGULATION_OF_GRANULOCYTE_CHEMOTAXIS,53,1,0.5109329216116415,1.4165680124120315,MOSPD2,0.9093604696158022
GOBP_REGULATION_OF_NEURON_MIGRATION,53,1,0.5109329216116415,1.4165680124120315,NSMF,0.9093604696158022
GOBP_REGULATION_OF_SYSTEMIC_ARTERIAL_BLOOD_PRESSURE_MEDIATED_BY_A_CHEMICAL_SIGNAL,53,1,0.5109329216116415,1.4165680124120315,EDN3,0.9093604696158022
GOBP_REGULATION_OF_T_CELL_RECEPTOR_SIGNALING_PATHWAY,53,1,0.5109329216116415,1.4165680124120315,PRKD2,0.9093604696158022
GOBP_MEMBRANE_FUSION,203,3,0.5127351451988784,1.1049100186059768,"YKT6, YIPF4, PLEKHM1",0.9093604696158022
GOBP_REGULATION_OF_PROTEIN_LOCALIZATION_TO_MEMBRANE,203,3,0.5127351451988784,1.1049100186059768,"ATP2C1, EPHA3, ACSL3",0.9093604696158022
GOBP_POSITIVE_REGULATION_OF_CELL_SUBSTRATE_ADHESION,128,2,0.5131394025550645,1.1692238607777181,"HRG, RRAS",0.9093604696158022
GOBP_MITOCHONDRION_ORGANIZATION,429,6,0.5143522009105481,1.0447952381764807,"METTL4, SIRT5, IER3, TRMT10B, SPG7, MARCKS",0.9093604696158022
GOBP_RESPONSE_TO_OXYGEN_LEVELS,354,5,0.5146786976602259,1.0552794395796554,"HIF3A, PML, VASN, MIR140, MTCO2P12",0.9093604696158022
GOBP_NEGATIVE_REGULATION_OF_SMALL_MOLECULE_METABOLIC_PROCESS,129,2,0.5172876473955618,1.1599971580767068,"IER3, UGT1A10",0.9093604696158022
GOBP_NUCLEOSIDE_TRIPHOSPHATE_BIOSYNTHETIC_PROCESS,129,2,0.5172876473955618,1.1599971580767068,"CTPS2, VPS9D1",0.9093604696158022
GOBP_BLOOD_VESSEL_REMODELING,54,1,0.517491775039441,1.3898161250649221,HRG,0.9093604696158022
GOBP_CALCINEURIN_MEDIATED_SIGNALING,54,1,0.517491775039441,1.3898161250649221,NR5A2,0.9093604696158022
GOBP_FACE_DEVELOPMENT,54,1,0.517491775039441,1.3898161250649221,RRAS,0.9093604696158022
GOBP_FEAR_RESPONSE,54,1,0.517491775039441,1.3898161250649221,DEAF1,0.9093604696158022
GOBP_HOMOLOGOUS_CHROMOSOME_PAIRING_AT_MEIOSIS,54,1,0.517491775039441,1.3898161250649221,SPO11,0.9093604696158022
GOBP_IMPORT_INTO_THE_MITOCHONDRION,54,1,0.517491775039441,1.3898161250649221,SPG7,0.9093604696158022
GOBP_MITOTIC_G2_M_TRANSITION_CHECKPOINT,54,1,0.517491775039441,1.3898161250649221,IER3,0.9093604696158022
GOBP_NEGATIVE_REGULATION_OF_AXONOGENESIS,54,1,0.517491775039441,1.3898161250649221,SPART,0.9093604696158022
GOBP_NEGATIVE_REGULATION_OF_COAGULATION,54,1,0.517491775039441,1.3898161250649221,HRG,0.9093604696158022
GOBP_PORPHYRIN_CONTAINING_COMPOUND_METABOLIC_PROCESS,54,1,0.517491775039441,1.3898161250649221,SLC48A1,0.9093604696158022
GOBP_POSITIVE_REGULATION_OF_BIOMINERAL_TISSUE_DEVELOPMENT,54,1,0.517491775039441,1.3898161250649221,RXRB,0.9093604696158022
GOBP_PROTEIN_MONOUBIQUITINATION,54,1,0.517491775039441,1.3898161250649221,TRIM41,0.9093604696158022
GOBP_PYRIMIDINE_NUCLEOTIDE_METABOLIC_PROCESS,54,1,0.517491775039441,1.3898161250649221,CTPS2,0.9093604696158022
GOBP_VASCULAR_ASSOCIATED_SMOOTH_MUSCLE_CELL_MIGRATION,54,1,0.517491775039441,1.3898161250649221,MIR140,0.9093604696158022
GOBP_INTRACELLULAR_PH_REDUCTION,55,1,0.5239627791382511,1.3640550483367748,ATP6V1D,0.9093604696158022
GOBP_LUNG_ALVEOLUS_DEVELOPMENT,55,1,0.5239627791382511,1.3640550483367748,PHF14,0.9093604696158022
GOBP_NEGATIVE_REGULATION_OF_INTERLEUKIN_1_PRODUCTION,55,1,0.5239627791382511,1.3640550483367748,PML,0.9093604696158022
GOBP_POSITIVE_REGULATION_OF_G1_S_TRANSITION_OF_MITOTIC_CELL_CYCLE,55,1,0.5239627791382511,1.3640550483367748,CCND3,0.9093604696158022
GOBP_POSITIVE_REGULATION_OF_STEM_CELL_PROLIFERATION,55,1,0.5239627791382511,1.3640550483367748,MIR320E,0.9093604696158022
GOBP_POSITIVE_REGULATION_OF_TORC1_SIGNALING,55,1,0.5239627791382511,1.3640550483367748,STAMBPL1,0.9093604696158022
GOBP_REGULATION_OF_PLATELET_ACTIVATION,55,1,0.5239627791382511,1.3640550483367748,HRG,0.9093604696158022
GOBP_LYSOSOMAL_TRANSPORT,131,2,0.5255132602133326,1.1419729016332516,"SLC48A1, PLEKHM1",0.9093604696158022
GOBP_MITOCHONDRIAL_TRANSLATION,131,2,0.5255132602133326,1.1419729016332516,"ALKBH1, YARS2",0.9093604696158022
GOBP_STEM_CELL_PROLIFERATION,131,2,0.5255132602133326,1.1419729016332516,"NF2, MIR320E",0.9093604696158022
GOBP_NUCLEOSIDE_TRIPHOSPHATE_METABOLIC_PROCESS,283,4,0.526331734302627,1.0559684059360357,"CTPS2, VPS9D1, IER3, NUDT16",0.9093604696158022
GOBP_CYTOSKELETON_DEPENDENT_INTRACELLULAR_TRANSPORT,208,3,0.5290310181097622,1.0778669441478028,"IFT172, BLOC1S4, SPG7",0.9093604696158022
GOBP_NEGATIVE_REGULATION_OF_INFLAMMATORY_RESPONSE,208,3,0.5290310181097622,1.0778669441478028,"TNFRSF1B, NR5A2, IER3",0.9093604696158022
GOBP_NEGATIVE_REGULATION_OF_TRANSMEMBRANE_RECEPTOR_PROTEIN_SERINE_THREONINE_KINASE_SIGNALING_PATHWAY,208,3,0.5290310181097622,1.0778669441478028,"SPART, VASN, MIR140",0.9093604696158022
GOBP_POSITIVE_REGULATION_OF_PHOSPHATIDYLINOSITOL_3_KINASE_PROTEIN_KINASE_B_SIGNAL_TRANSDUCTION,208,3,0.5290310181097622,1.0778669441478028,"NTRK3, NTRK1, CCL3",0.9093604696158022
GOBP_PROTEIN_HOMOOLIGOMERIZATION,208,3,0.5290310181097622,1.0778669441478028,"MOSPD2, TDO2, SCARA5",0.9093604696158022
GOBP_SPINDLE_ORGANIZATION,208,3,0.5290310181097622,1.0778669441478028,"TUBG2, EML3, SPICE1",0.9093604696158022
GOBP_RESPONSE_TO_VIRUS,436,6,0.530047303216119,1.0276609121450535,"CCL8, BATF3, PML, TRIM41, SMARCA5, TRIM8",0.9093604696158022
GOBP_CEREBELLAR_CORTEX_DEVELOPMENT,56,1,0.5303471090742509,1.3392307380132695,CLP1,0.9093604696158022
GOBP_PHOSPHATIDYLINOSITOL_PHOSPHATE_BIOSYNTHETIC_PROCESS,56,1,0.5303471090742509,1.3392307380132695,BPNT1,0.9093604696158022
GOBP_POSITIVE_REGULATION_OF_OSSIFICATION,56,1,0.5303471090742509,1.3392307380132695,RXRB,0.9093604696158022
GOBP_POSTSYNAPTIC_SPECIALIZATION_ORGANIZATION,56,1,0.5303471090742509,1.3392307380132695,NTRK3,0.9093604696158022
GOBP_REGULATION_OF_GLYCOLYTIC_PROCESS,56,1,0.5303471090742509,1.3392307380132695,IER3,0.9093604696158022
GOBP_POSITIVE_REGULATION_OF_LEUKOCYTE_CELL_CELL_ADHESION,285,4,0.5318528172106406,1.048415975998498,"SMARCD2, IL1A, NR5A2, CD80",0.9093604696158022
GOBP_CHROMOSOME_SEGREGATION,437,6,0.5322724847845917,1.025258585359603,"TUBG2, SPO11, SMARCD2, EML3, SMARCA5, SPICE1",0.9093604696158022
GOBP_INTERLEUKIN_1_PRODUCTION,133,2,0.5336436514392198,1.124499004159776,"PML, CCL3",0.9093604696158022
GOBP_NEGATIVE_REGULATION_OF_CELL_DEVELOPMENT,286,4,0.5346014086737038,1.0446799335292134,"SPART, NTRK3, NF2, CCL3",0.9093604696158022
GOBP_COCHLEA_DEVELOPMENT,57,1,0.5366459243132562,1.315293010181021,NTRK3,0.9093604696158022
GOBP_GLIAL_CELL_ACTIVATION,57,1,0.5366459243132562,1.315293010181021,CCL3,0.9093604696158022
GOBP_GRANULOCYTE_ACTIVATION,57,1,0.5366459243132562,1.315293010181021,CCL3,0.9093604696158022
GOBP_MALE_MEIOTIC_NUCLEAR_DIVISION,57,1,0.5366459243132562,1.315293010181021,SPO11,0.9093604696158022
GOBP_NEGATIVE_REGULATION_OF_EPITHELIAL_TO_MESENCHYMAL_TRANSITION,57,1,0.5366459243132562,1.315293010181021,VASN,0.9093604696158022
GOBP_NEGATIVE_REGULATION_OF_UBIQUITIN_DEPENDENT_PROTEIN_CATABOLIC_PROCESS,57,1,0.5366459243132562,1.315293010181021,PML,0.9093604696158022
GOBP_POSITIVE_REGULATION_OF_ALPHA_BETA_T_CELL_DIFFERENTIATION,57,1,0.5366459243132562,1.315293010181021,CD80,0.9093604696158022
GOBP_POSITIVE_REGULATION_OF_FIBROBLAST_PROLIFERATION,57,1,0.5366459243132562,1.315293010181021,PML,0.9093604696158022
GOBP_PRESYNAPSE_ORGANIZATION,57,1,0.5366459243132562,1.315293010181021,NTRK3,0.9093604696158022
GOBP_PROTEIN_LOCALIZATION_TO_POSTSYNAPSE,57,1,0.5366459243132562,1.315293010181021,SACM1L,0.9093604696158022
GOBP_REGULATION_OF_CHOLESTEROL_EFFLUX,57,1,0.5366459243132562,1.315293010181021,EEPD1,0.9093604696158022
GOBP_RUFFLE_ORGANIZATION,57,1,0.5366459243132562,1.315293010181021,PLEKHM1,0.9093604696158022
GOBP_STRESS_ACTIVATED_PROTEIN_KINASE_SIGNALING_CASCADE,57,1,0.5366459243132562,1.315293010181021,ARL6IP5,0.9093604696158022
GOBP_NEGATIVE_REGULATION_OF_TRANSFORMING_GROWTH_FACTOR_BETA_RECEPTOR_SIGNALING_PATHWAY,134,2,0.5376728958569452,1.1159606224378513,"VASN, MIR140",0.9093604696158022
GOBP_NUCLEAR_RECEPTOR_MEDIATED_SIGNALING_PATHWAY,211,3,0.5386612819011662,1.0622651704180768,"CALCOCO1, PML, RXRB",0.9093604696158022
GOBP_REGULATION_OF_DNA_BINDING_TRANSCRIPTION_FACTOR_ACTIVITY,211,3,0.5386612819011662,1.0622651704180768,"PRKD2, TRIM8, NTRK1",0.9093604696158022
GOBP_NEGATIVE_REGULATION_OF_IMMUNE_EFFECTOR_PROCESS,135,2,0.5416780568524602,1.10755063743231,"CD80, SERPINB4",0.9093604696158022
GOBP_ACTIN_NUCLEATION,58,1,0.542860368830212,1.2921952026046963,WHAMM,0.9093604696158022
GOBP_CATECHOL_CONTAINING_COMPOUND_METABOLIC_PROCESS,58,1,0.542860368830212,1.2921952026046963,MOXD2P,0.9093604696158022
GOBP_DETECTION_OF_MECHANICAL_STIMULUS,58,1,0.542860368830212,1.2921952026046963,NTRK1,0.9093604696158022
GOBP_FIBROBLAST_MIGRATION,58,1,0.542860368830212,1.2921952026046963,PML,0.9093604696158022
GOBP_HIPPO_SIGNALING,58,1,0.542860368830212,1.2921952026046963,NF2,0.9093604696158022
GOBP_NEGATIVE_REGULATION_OF_MYELOID_LEUKOCYTE_DIFFERENTIATION,58,1,0.542860368830212,1.2921952026046963,CCL3,0.9093604696158022
GOBP_PIGMENT_BIOSYNTHETIC_PROCESS,58,1,0.542860368830212,1.2921952026046963,MC1R,0.9093604696158022
GOBP_REGULATION_OF_CENTROSOME_CYCLE,58,1,0.542860368830212,1.2921952026046963,SPICE1,0.9093604696158022
GOBP_SPERM_FLAGELLUM_ASSEMBLY,58,1,0.542860368830212,1.2921952026046963,DNALI1,0.9093604696158022
GOBP_VASCULAR_ENDOTHELIAL_GROWTH_FACTOR_SIGNALING_PATHWAY,58,1,0.542860368830212,1.2921952026046963,HRG,0.9093604696158022
GOBP_NEGATIVE_REGULATION_OF_RESPONSE_TO_EXTERNAL_STIMULUS,442,6,0.5433313986074365,1.0134122491464568,"TNFRSF1B, HRG, NR5A2, IER3, CXCL13, SERPINB4",0.9093604696158022
GOBP_NEGATIVE_REGULATION_OF_ORGANELLE_ORGANIZATION,366,5,0.5440886082529413,1.0199867170946015,"HNRNPC, IER3, PML, SMARCA5, TOGARAM2",0.9093604696158022
GOBP_EMBRYONIC_SKELETAL_SYSTEM_DEVELOPMENT,136,2,0.5456590557257405,1.0992661745898284,"DEAF1, HOXC4",0.9093604696158022
GOBP_MITOTIC_CELL_CYCLE_CHECKPOINT_SIGNALING,136,2,0.5456590557257405,1.0992661745898284,"IER3, MDC1",0.9093604696158022
GOBP_NEGATIVE_REGULATION_OF_DNA_METABOLIC_PROCESS,136,2,0.5456590557257405,1.0992661745898284,"HNRNPC, PML",0.9093604696158022
GOBP_EXOCYTOSIS,367,5,0.5465016546335286,1.0171512750713703,"YKT6, CCL8, RAB33B, SACM1L, CCL3",0.9093604696158022
GOBP_RESPONSE_TO_XENOBIOTIC_STIMULUS,444,6,0.547722785108724,1.0087494446641643,"RBM22, SMOX, POR, UGT2A3, NTRK1, UGT1A10",0.9093604696158022
GOBP_PEPTIDE_TRANSPORT,291,4,0.5482217362906112,1.0263902482684217,"EDN3, IL1RN, SIDT2, TAP2",0.9093604696158022
GOBP_CELL_DIFFERENTIATION_INVOLVED_IN_KIDNEY_DEVELOPMENT,59,1,0.5489915713158913,1.269893871134088,GLIS2,0.9093604696158022
GOBP_NEUROMUSCULAR_PROCESS_CONTROLLING_BALANCE,59,1,0.5489915713158913,1.269893871134088,BLOC1S4,0.9093604696158022
GOBP_POSITIVE_REGULATION_OF_CALCIUM_MEDIATED_SIGNALING,59,1,0.5489915713158913,1.269893871134088,CCL3,0.9093604696158022
GOBP_POSITIVE_REGULATION_OF_EXTRINSIC_APOPTOTIC_SIGNALING_PATHWAY,59,1,0.5489915713158913,1.269893871134088,PML,0.9093604696158022
GOBP_REGULATION_OF_NATURAL_KILLER_CELL_MEDIATED_IMMUNITY,59,1,0.5489915713158913,1.269893871134088,SERPINB4,0.9093604696158022
GOBP_VESICLE_CYTOSKELETAL_TRAFFICKING,59,1,0.5489915713158913,1.269893871134088,BLOC1S4,0.9093604696158022
GOBP_VESICLE_DOCKING,59,1,0.5489915713158913,1.269893871134088,YKT6,0.9093604696158022
GOBP_DNA_TEMPLATED_TRANSCRIPTION_ELONGATION,137,2,0.5496158201985601,1.091104444529031,"INTS7, MED21",0.9093604696158022
GOBP_NUCLEOSOME_ORGANIZATION,137,2,0.5496158201985601,1.091104444529031,"SMARCD2, SMARCA5",0.9093604696158022
GOBP_POSITIVE_REGULATION_OF_INTRACELLULAR_TRANSPORT,137,2,0.5496158201985601,1.091104444529031,"RBM22, NF2",0.9093604696158022
GOBP_CALCIUM_ION_TRANSPORT,445,6,0.5499113921812686,1.0064339745567377,"ATP2C1, CCL8, PML, TPCN1, SPG7, CCL3",0.9093604696158022
GOBP_NEGATIVE_REGULATION_OF_CELL_CELL_ADHESION,215,3,0.551324197861446,1.0421496759825044,"CD80, IL1RN, NF2",0.9093604696158022
GOBP_ORGANELLE_MEMBRANE_FUSION,138,2,0.5535482842569476,1.0830627399091715,"YIPF4, PLEKHM1",0.9093604696158022
GOBP_SPINDLE_ASSEMBLY,138,2,0.5535482842569476,1.0830627399091715,"EML3, SPICE1",0.9093604696158022
GOBP_SYMBIONT_ENTRY_INTO_HOST,138,2,0.5535482842569476,1.0830627399091715,"CD80, TPCN1",0.9093604696158022
GOBP_REGULATION_OF_MRNA_CATABOLIC_PROCESS,293,4,0.5536112511150103,1.0192515752661886,"HNRNPC, CSDC2, MIR140, NICOL1",0.9093604696158022
GOBP_ENDOCRINE_HORMONE_SECRETION,60,1,0.5550406453808459,1.2483485169850388,RAB11FIP3,0.9093604696158022
GOBP_MATERNAL_PROCESS_INVOLVED_IN_FEMALE_PREGNANCY,60,1,0.5550406453808459,1.2483485169850388,RXRB,0.9093604696158022
GOBP_NEURON_PROJECTION_REGENERATION,60,1,0.5550406453808459,1.2483485169850388,NTRK3,0.9093604696158022
GOBP_P38MAPK_CASCADE,60,1,0.5550406453808459,1.2483485169850388,MAP3K6,0.9093604696158022
GOBP_POSITIVE_REGULATION_OF_GENE_EXPRESSION_EPIGENETIC,60,1,0.5550406453808459,1.2483485169850388,ALKBH1,0.9093604696158022
GOBP_REGULATION_OF_D_GLUCOSE_IMPORT,60,1,0.5550406453808459,1.2483485169850388,CREBL2,0.9093604696158022
GOBP_REGULATION_OF_MICROTUBULE_BASED_MOVEMENT,60,1,0.5550406453808459,1.2483485169850388,SEMG2,0.9093604696158022
GOBP_T_CELL_MEDIATED_CYTOTOXICITY,60,1,0.5550406453808459,1.2483485169850388,TAP2,0.9093604696158022
GOBP_REGULATION_OF_CELL_SHAPE,139,2,0.5574563879967044,1.075138432435947,"NF2, CCL3",0.9098149592103365
GOBP_REGULATION_OF_GENERATION_OF_PRECURSOR_METABOLITES_AND_ENERGY,139,2,0.5574563879967044,1.075138432435947,"IER3, PHLDA2",0.9098149592103365
GOBP_ENDOCHONDRAL_BONE_MORPHOGENESIS,61,1,0.5610086897566304,1.2275213412922792,POR,0.9098149592103365
GOBP_NEGATIVE_REGULATION_OF_CARBOHYDRATE_METABOLIC_PROCESS,61,1,0.5610086897566304,1.2275213412922792,IER3,0.9098149592103365
GOBP_REGULATION_OF_NEURONAL_SYNAPTIC_PLASTICITY,61,1,0.5610086897566304,1.2275213412922792,NSMF,0.9098149592103365
GOBP_RIBOSOME_ASSEMBLY,61,1,0.5610086897566304,1.2275213412922792,VCX,0.9098149592103365
GOBP_T_CELL_APOPTOTIC_PROCESS,61,1,0.5610086897566304,1.2275213412922792,PRKD2,0.9098149592103365
GOBP_NEGATIVE_REGULATION_OF_PROTEOLYSIS,140,2,0.561340077471931,1.067328969997498,"PML, SERPINB4",0.9098149592103365
GOBP_ENDOSOMAL_TRANSPORT,297,4,0.5642867203280758,1.0052665981205977,"RAB11FIP3, LEPROTL1, YKT6, NF2",0.9098149592103365
GOBP_REGULATION_OF_TRANSMEMBRANE_TRANSPORT,452,6,0.5650951274815481,0.9905164154765908,"CREBL2, EDN3, PML, ARL6IP5, GNB2, SPG7",0.9098149592103365
GOBP_POSITIVE_REGULATION_OF_LYMPHOCYTE_DIFFERENTIATION,141,2,0.5651993045465011,1.059631873924032,"SMARCD2, CD80",0.9098149592103365
GOBP_PROTEIN_MODIFICATION_BY_SMALL_PROTEIN_REMOVAL,141,2,0.5651993045465011,1.059631873924032,"USP48, STAMBPL1",0.9098149592103365
GOBP_REGULATION_OF_VIRAL_PROCESS,141,2,0.5651993045465011,1.059631873924032,"NR5A2, TRIM8",0.9098149592103365
GOBP_GLIAL_CELL_PROLIFERATION,62,1,0.5668967884943523,1.2073770238046024,NF2,0.9098149592103365
GOBP_MACROPHAGE_MIGRATION,62,1,0.5668967884943523,1.2073770238046024,CCL3,0.9098149592103365
GOBP_MESENCHYMAL_CELL_MIGRATION,62,1,0.5668967884943523,1.2073770238046024,EDN3,0.9098149592103365
GOBP_PLATELET_DERIVED_GROWTH_FACTOR_RECEPTOR_SIGNALING_PATHWAY,62,1,0.5668967884943523,1.2073770238046024,PHF14,0.9098149592103365
GOBP_POSITIVE_REGULATION_OF_DNA_TEMPLATED_TRANSCRIPTION_ELONGATION,62,1,0.5668967884943523,1.2073770238046024,MED21,0.9098149592103365
GOBP_REGULATION_OF_MACROPHAGE_ACTIVATION,62,1,0.5668967884943523,1.2073770238046024,CCL3,0.9098149592103365
GOBP_REGULATION_OF_PROTEIN_IMPORT_INTO_NUCLEUS,62,1,0.5668967884943523,1.2073770238046024,RBM22,0.9098149592103365
GOBP_RESPONSE_TO_ISCHEMIA,62,1,0.5668967884943523,1.2073770238046024,SIRT5,0.9098149592103365
GOBP_SYNAPTIC_VESICLE_LOCALIZATION,62,1,0.5668967884943523,1.2073770238046024,BLOC1S4,0.9098149592103365
GOBP_VISUAL_BEHAVIOR,62,1,0.5668967884943523,1.2073770238046024,DEAF1,0.9098149592103365
GOBP_VIRAL_LIFE_CYCLE,298,4,0.5669336306762224,1.0018298137707833,"CCL8, NR5A2, CD80, TPCN1",0.9098149592103365
GOBP_LYMPHOCYTE_MEDIATED_IMMUNITY,376,5,0.5679381592141057,0.9923201399383106,"TNFRSF1B, RNF19B, CD80, TAP2, SERPINB4",0.9098149592103365
GOBP_PLATELET_ACTIVATION,142,2,0.5690340267484417,1.0520447363648933,"HRG, BLOC1S4",0.9098149592103365
GOBP_PROTEIN_CONTAINING_COMPLEX_LOCALIZATION,221,3,0.5699269667501745,1.0133605279748088,"IFT172, PML, SACM1L",0.9098149592103365
GOBP_REGULATION_OF_ADAPTIVE_IMMUNE_RESPONSE,221,3,0.5699269667501745,1.0133605279748088,"TNFRSF1B, CD80, TAP2",0.9098149592103365
GOBP_GLYCEROPHOSPHOLIPID_METABOLIC_PROCESS,300,4,0.5722006676086241,0.9950259096184828,"ACSL3, SLC30A5, BPNT1, SACM1L",0.9098149592103365
GOBP_BONE_RESORPTION,63,1,0.5727060111605707,1.1878825229966394,PLEKHM1,0.9098149592103365
GOBP_HETEROTYPIC_CELL_CELL_ADHESION,63,1,0.5727060111605707,1.1878825229966394,IL1RN,0.9098149592103365
GOBP_POSITIVE_REGULATION_OF_NUCLEOCYTOPLASMIC_TRANSPORT,63,1,0.5727060111605707,1.1878825229966394,RBM22,0.9098149592103365
GOBP_REGULATION_OF_SMOOTH_MUSCLE_CONTRACTION,63,1,0.5727060111605707,1.1878825229966394,EDN3,0.9098149592103365
GOBP_VASCULAR_ENDOTHELIAL_GROWTH_FACTOR_RECEPTOR_SIGNALING_PATHWAY,63,1,0.5727060111605707,1.1878825229966394,PRKD2,0.9098149592103365
GOBP_CILIUM_ORGANIZATION,456,6,0.573660473351733,0.9816430079379412,"RAB11FIP3, ATP6V1D, TBC1D19, IFT172, DNAI4, DNALI1",0.9098149592103365
GOBP_REGULATION_OF_PROTEIN_TRANSPORT,456,6,0.573660473351733,0.9816430079379412,"ATP2C1, RBM22, RAB11FIP3, IL1A, ACSL3, SIDT2",0.9098149592103365
GOBP_REGULATION_OF_NERVOUS_SYSTEM_DEVELOPMENT,457,6,0.5757887736585671,0.9794492497548123,"TNFRSF1B, CDK18, SPART, NTRK3, NF2, NTRK1",0.9098149592103365
GOBP_REGULATION_OF_AXONOGENESIS,144,2,0.5766298141134881,1.037191044520864,"SPART, NTRK3",0.9098149592103365
GOBP_REGULATION_OF_KETONE_METABOLIC_PROCESS,144,2,0.5766298141134881,1.037191044520864,"SIRT5, UGT1A10",0.9098149592103365
GOBP_RESPONSE_TO_IONIZING_RADIATION,144,2,0.5766298141134881,1.037191044520864,"PML, INTS7",0.9098149592103365
GOBP_CARDIAC_MUSCLE_CELL_PROLIFERATION,64,1,0.5784374130305876,1.169006895217605,RXRB,0.9098149592103365
GOBP_CELLULAR_PIGMENTATION,64,1,0.5784374130305876,1.169006895217605,BLOC1S4,0.9098149592103365
GOBP_MEMBRANE_PROTEIN_PROTEOLYSIS,64,1,0.5784374130305876,1.169006895217605,TNFRSF1B,0.9098149592103365
GOBP_NEGATIVE_REGULATION_OF_CYTOPLASMIC_PATTERN_RECOGNITION_RECEPTOR_SIGNALING_PATHWAY,64,1,0.5784374130305876,1.169006895217605,NPLOC4,0.9098149592103365
GOBP_NEURON_CELLULAR_HOMEOSTASIS,64,1,0.5784374130305876,1.169006895217605,ATP6V1D,0.9098149592103365
GOBP_OLIGOSACCHARIDE_METABOLIC_PROCESS,64,1,0.5784374130305876,1.169006895217605,ST6GALNAC6,0.9098149592103365
GOBP_POSITIVE_REGULATION_OF_VIRAL_PROCESS,64,1,0.5784374130305876,1.169006895217605,NR5A2,0.9098149592103365
GOBP_REGULATION_OF_CD4_POSITIVE_ALPHA_BETA_T_CELL_DIFFERENTIATION,64,1,0.5784374130305876,1.169006895217605,CD80,0.9098149592103365
GOBP_REGULATION_OF_DENDRITE_MORPHOGENESIS,64,1,0.5784374130305876,1.169006895217605,NSMF,0.9098149592103365
GOBP_REGULATION_OF_LYMPHOCYTE_APOPTOTIC_PROCESS,64,1,0.5784374130305876,1.169006895217605,PRKD2,0.9098149592103365
GOBP_TETRAPYRROLE_METABOLIC_PROCESS,64,1,0.5784374130305876,1.169006895217605,SLC48A1,0.9098149592103365
GOBP_BIOLOGICAL_PROCESS_INVOLVED_IN_SYMBIOTIC_INTERACTION,224,3,0.5790476475736509,0.9995521583387491,"HRG, CD80, TPCN1",0.910061572968142
GOBP_REGULATION_OF_GTPASE_ACTIVITY,145,2,0.5803908213824346,1.0299200065538567,"EPHA3, NTRK1",0.9114588251287529
GOBP_POSITIVE_REGULATION_OF_INTERLEUKIN_8_PRODUCTION,65,1,0.5840920352791596,1.1507211307948493,PRKD2,0.9131709156431522
GOBP_PROTEIN_HOMOTETRAMERIZATION,65,1,0.5840920352791596,1.1507211307948493,TDO2,0.9131709156431522
GOBP_VESICLE_TARGETING,65,1,0.5840920352791596,1.1507211307948493,YKT6,0.9131709156431522
GOBP_CYTOSOLIC_TRANSPORT,146,2,0.584127207718699,1.02274995522438,"YKT6, SYS1",0.9131709156431522
GOBP_REGULATION_OF_PHOSPHORYLATION,461,6,0.5842486583677436,0.9707706459531495,"TNK2, CREBL2, HRG, CD80, WDFY2, AKT1S1",0.9131709156431522
GOBP_MULTI_MULTICELLULAR_ORGANISM_PROCESS,226,3,0.585059950019763,0.9905529817137597,"EPN1, CLIC5, RXRB",0.9131709156431522
GOBP_NEGATIVE_REGULATION_OF_DEFENSE_RESPONSE,306,4,0.5877833611614474,0.9751549047740294,"TNFRSF1B, NR5A2, IER3, SERPINB4",0.9131709156431522
GOBP_MICROTUBULE_POLYMERIZATION_OR_DEPOLYMERIZATION,147,2,0.5878389568847977,1.0156788011537443,"TUBG2, STMND1",0.9131709156431522
GOBP_REGULATION_OF_FAT_CELL_DIFFERENTIATION,147,2,0.5878389568847977,1.0156788011537443,"CREBL2, WDFY2",0.9131709156431522
GOBP_STEROID_HORMONE_RECEPTOR_SIGNALING_PATHWAY,147,2,0.5878389568847977,1.0156788011537443,"CALCOCO1, RXRB",0.9131709156431522
GOBP_ANTIVIRAL_INNATE_IMMUNE_RESPONSE,66,1,0.5896709051686723,1.1329980052663116,SMARCA5,0.9131709156431522
GOBP_CHROMOSOME_ORGANIZATION_INVOLVED_IN_MEIOTIC_CELL_CYCLE,66,1,0.5896709051686723,1.1329980052663116,SPO11,0.9131709156431522
GOBP_MITOTIC_METAPHASE_CHROMOSOME_ALIGNMENT,66,1,0.5896709051686723,1.1329980052663116,EML3,0.9131709156431522
GOBP_NEGATIVE_REGULATION_OF_CELL_SUBSTRATE_ADHESION,66,1,0.5896709051686723,1.1329980052663116,NF2,0.9131709156431522
GOBP_NON_MOTILE_CILIUM_ASSEMBLY,66,1,0.5896709051686723,1.1329980052663116,IFT172,0.9131709156431522
GOBP_NON_PROTEINOGENIC_AMINO_ACID_METABOLIC_PROCESS,66,1,0.5896709051686723,1.1329980052663116,TDO2,0.9131709156431522
GOBP_PROTEIN_LOCALIZATION_TO_CYTOSKELETON,66,1,0.5896709051686723,1.1329980052663116,RAB11FIP3,0.9131709156431522
GOBP_WATER_SOLUBLE_VITAMIN_METABOLIC_PROCESS,66,1,0.5896709051686723,1.1329980052663116,FPGS,0.9131709156431522
GOBP_REGULATION_OF_DOUBLE_STRAND_BREAK_REPAIR,148,2,0.5915260574918129,1.0087045122065124,"SMARCD2, PML",0.9146323554592206
GOBP_REGULATION_OF_REACTIVE_OXYGEN_SPECIES_METABOLIC_PROCESS,148,2,0.5915260574918129,1.0087045122065124,"SIRT5, IER3",0.9146323554592206
GOBP_INTRINSIC_APOPTOTIC_SIGNALING_PATHWAY_IN_RESPONSE_TO_ENDOPLASMIC_RETICULUM_STRESS,67,1,0.5951750362348018,1.1158119441372971,PML,0.9146579825922828
GOBP_MAINTENANCE_OF_PROTEIN_LOCATION,67,1,0.5951750362348018,1.1158119441372971,PML,0.9146579825922828
GOBP_NEGATIVE_REGULATION_OF_INTERLEUKIN_6_PRODUCTION,67,1,0.5951750362348018,1.1158119441372971,MIR140,0.9146579825922828
GOBP_REGULATION_OF_DEFENSE_RESPONSE_TO_VIRUS,67,1,0.5951750362348018,1.1158119441372971,PML,0.9146579825922828
GOBP_REGULATION_OF_VASOCONSTRICTION,67,1,0.5951750362348018,1.1158119441372971,EDN3,0.9146579825922828
GOBP_SYNCYTIUM_FORMATION,67,1,0.5951750362348018,1.1158119441372971,CCL8,0.9146579825922828
GOBP_B_CELL_DIFFERENTIATION,149,2,0.5951885028727062,1.0018251115434482,"PHF14, NTRK1",0.9146579825922828
GOBP_RESPONSE_TO_PURINE_CONTAINING_COMPOUND,149,2,0.5951885028727062,1.0018251115434482,"ATF1, P2RY11",0.9146579825922828
GOBP_REGULATION_OF_SMALL_GTPASE_MEDIATED_SIGNAL_TRANSDUCTION,310,4,0.5979855597599311,0.9623404877047615,"CXCL13, ARHGEF3, NTRK1, ARHGAP19",0.9166654714362746
GOBP_MICROTUBULE_BASED_TRANSPORT,231,3,0.5998488613980271,0.968745766423433,"IFT172, BLOC1S4, SPG7",0.9166654714362746
GOBP_NEGATIVE_REGULATION_OF_GROWTH,231,3,0.5998488613980271,0.968745766423433,"HRG, SPART, PML",0.9166654714362746
GOBP_EMBRYONIC_HEART_TUBE_MORPHOGENESIS,68,1,0.6006054284697067,1.099138899748586,IFT172,0.9166654714362746
GOBP_HOMOLOGOUS_CHROMOSOME_SEGREGATION,68,1,0.6006054284697067,1.099138899748586,SPO11,0.9166654714362746
GOBP_HOMOLOGOUS_RECOMBINATION,68,1,0.6006054284697067,1.099138899748586,SPO11,0.9166654714362746
GOBP_OVULATION_CYCLE,68,1,0.6006054284697067,1.099138899748586,NR5A2,0.9166654714362746
GOBP_REGULATION_OF_CARBOHYDRATE_CATABOLIC_PROCESS,68,1,0.6006054284697067,1.099138899748586,IER3,0.9166654714362746
GOBP_REGULATION_OF_MULTICELLULAR_ORGANISM_GROWTH,68,1,0.6006054284697067,1.099138899748586,NPY1R,0.9166654714362746
GOBP_T_CELL_RECEPTOR_SIGNALING_PATHWAY,151,2,0.6024394241547941,0.9883433330604257,"PRKD2, SLC39A6",0.9178280145325269
GOBP_PROTEIN_LOCALIZATION_TO_EXTRACELLULAR_REGION,391,5,0.6024664418822798,0.9535080893331417,"RAB11FIP3, IL1A, IL1RN, SIDT2, TANGO2",0.9178280145325269
GOBP_REGULATION_OF_DNA_REPAIR,233,3,0.6056666439575398,0.9602883594484836,"SMARCD2, IER3, PML",0.9178280145325269
GOBP_GLYCEROLIPID_CATABOLIC_PROCESS,69,1,0.6059630685027728,1.0829562390091207,PNLIP,0.9178280145325269
GOBP_NEGATIVE_REGULATION_OF_ADAPTIVE_IMMUNE_RESPONSE,69,1,0.6059630685027728,1.0829562390091207,CD80,0.9178280145325269
GOBP_POSITIVE_REGULATION_OF_CELL_CYCLE_G1_S_PHASE_TRANSITION,69,1,0.6059630685027728,1.0829562390091207,CCND3,0.9178280145325269
GOBP_ENDOTHELIUM_DEVELOPMENT,152,2,0.6060279092260655,0.9817372616025908,"PRKD2, SLC40A1",0.9178280145325269
GOBP_REGULATION_OF_PROTEOLYSIS,393,5,0.606950390669659,0.9485598863170904,"TNFRSF1B, SPOP, SEMG2, PML, SERPINB4",0.9178280145325269
GOBP_GLYCEROLIPID_METABOLIC_PROCESS,394,5,0.6091814427514766,0.9461048652833566,"ACSL3, SLC30A5, BPNT1, PNLIP, SACM1L",0.9178280145325269
GOBP_TUBE_FORMATION,153,2,0.6095917571752099,0.9752186877792153,"IFT172, DEAF1",0.9178280145325269
GOBP_ADIPOSE_TISSUE_DEVELOPMENT,70,1,0.6112489297789554,1.0672426408910696,SPART,0.9178280145325269
GOBP_ANTIGEN_PROCESSING_AND_PRESENTATION_OF_PEPTIDE_ANTIGEN,70,1,0.6112489297789554,1.0672426408910696,TAP2,0.9178280145325269
GOBP_GLUTAMINE_FAMILY_AMINO_ACID_METABOLIC_PROCESS,70,1,0.6112489297789554,1.0672426408910696,FPGS,0.9178280145325269
GOBP_GLYCOSPHINGOLIPID_METABOLIC_PROCESS,70,1,0.6112489297789554,1.0672426408910696,ST6GALNAC6,0.9178280145325269
GOBP_NEGATIVE_REGULATION_OF_HORMONE_SECRETION,70,1,0.6112489297789554,1.0672426408910696,RAB11FIP3,0.9178280145325269
GOBP_POSITIVE_REGULATION_OF_GLIOGENESIS,70,1,0.6112489297789554,1.0672426408910696,TNFRSF1B,0.9178280145325269
GOBP_PROTEIN_K63_LINKED_UBIQUITINATION,70,1,0.6112489297789554,1.0672426408910696,TRIM8,0.9178280145325269
GOBP_REGULATION_OF_EPIDERMIS_DEVELOPMENT,70,1,0.6112489297789554,1.0672426408910696,KRT2,0.9178280145325269
GOBP_REGULATION_OF_SPROUTING_ANGIOGENESIS,70,1,0.6112489297789554,1.0672426408910696,EPN1,0.9178280145325269
GOBP_REGULATORY_NCRNA_PROCESSING,70,1,0.6112489297789554,1.0672426408910696,ZC3H10,0.9178280145325269
GOBP_DEVELOPMENTAL_CELL_GROWTH,235,3,0.6114280296113546,0.9519767698343633,"EDN3, SPART, NTRK3",0.9178280145325269
GOBP_MONONUCLEAR_CELL_MIGRATION,235,3,0.6114280296113546,0.9519767698343633,"MOSPD2, CXCL13, CCL3",0.9178280145325269
GOBP_DETECTION_OF_ABIOTIC_STIMULUS,154,2,0.6131309831307867,0.9687858846633176,"DRGX, NTRK1",0.9196964746961801
GOBP_LEUKOCYTE_MIGRATION,396,5,0.6136215283226487,0.941232496172804,"CCL8, EDN3, MOSPD2, CXCL13, CCL3",0.9197448897263302
GOBP_NUCLEOSIDE_PHOSPHATE_BIOSYNTHETIC_PROCESS,317,4,0.6154706433840109,0.940703364950377,"CTPS2, VPS9D1, ACSL3, HACD2",0.9213955346811614
GOBP_CERAMIDE_BIOSYNTHETIC_PROCESS,71,1,0.6164639727347366,1.0519780027110257,ST6GALNAC6,0.9213955346811614
GOBP_POSITIVE_REGULATION_OF_T_CELL_MEDIATED_IMMUNITY,71,1,0.6164639727347366,1.0519780027110257,TAP2,0.9213955346811614
GOBP_MORPHOGENESIS_OF_EMBRYONIC_EPITHELIUM,155,2,0.6166456062344199,0.962437170476334,"IFT172, DEAF1",0.9213955346811614
GOBP_NUCLEOBASE_CONTAINING_COMPOUND_TRANSPORT,237,3,0.6171327189674656,0.9438072586744048,"SLC35A5, SIDT2, DDX39B",0.9213955346811614
GOBP_NEGATIVE_REGULATION_OF_CELL_ADHESION,318,4,0.617929543584442,0.937691099452856,"HRG, CD80, IL1RN, NF2",0.9213955346811614
GOBP_POSITIVE_REGULATION_OF_CELL_ACTIVATION,398,5,0.6180320330509539,0.9364097186051988,"SMARCD2, IL1A, NR5A2, CD80, CCL3",0.9213955346811614
GOBP_LEUKOCYTE_MEDIATED_IMMUNITY,478,6,0.6192052216318336,0.9355276081587545,"TNFRSF1B, RNF19B, CD80, TAP2, SERPINB4, CCL3",0.9213955346811614
GOBP_EXTRINSIC_APOPTOTIC_SIGNALING_PATHWAY,238,3,0.6199637182394866,0.939774648910055,"TNFRSF1B, IL1A, PML",0.9213955346811614
GOBP_REGULATION_OF_T_CELL_ACTIVATION,399,5,0.6202261120179837,0.9340166906496393,"TNFRSF1B, SMARCD2, IL1A, NR5A2, CD80",0.9213955346811614
GOBP_POSITIVE_REGULATION_OF_CELL_KILLING,72,1,0.6216091449717451,1.037143354331106,TAP2,0.9213955346811614
GOBP_POSITIVE_REGULATION_OF_DNA_TEMPLATED_TRANSCRIPTION_INITIATION,72,1,0.6216091449717451,1.037143354331106,MED21,0.9213955346811614
GOBP_POSITIVE_REGULATION_OF_RESPONSE_TO_CYTOKINE_STIMULUS,72,1,0.6216091449717451,1.037143354331106,TRIM41,0.9213955346811614
GOBP_REGULATION_OF_ORGANIC_ACID_TRANSPORT,72,1,0.6216091449717451,1.037143354331106,ARL6IP5,0.9213955346811614
GOBP_SIGNAL_TRANSDUCTION_IN_ABSENCE_OF_LIGAND,72,1,0.6216091449717451,1.037143354331106,IL1A,0.9213955346811614
GOBP_EPIDERMIS_DEVELOPMENT,401,5,0.6245917687801557,0.9292668927377288,"ATP2C1, CCN2, IFT172, KRT2, LIPK",0.9222849897000966
GOBP_REGULATION_OF_ACTIN_FILAMENT_BASED_PROCESS,401,5,0.6245917687801557,0.9292668927377288,"EPHA3, HRG, CCN2, WHAMM, NF2",0.9222849897000966
GOBP_REGULATION_OF_MONOATOMIC_ION_TRANSMEMBRANE_TRANSPORT,321,4,0.6252469914637039,0.9287683319376543,"EDN3, PML, GNB2, SPG7",0.9222849897000966
GOBP_ACIDIC_AMINO_ACID_TRANSPORT,73,1,0.6266853814280566,1.0227207795099578,ARL6IP5,0.9222849897000966
GOBP_CHAPERONE_MEDIATED_PROTEIN_FOLDING,73,1,0.6266853814280566,1.0227207795099578,HSPB6,0.9222849897000966
GOBP_MRNA_EXPORT_FROM_NUCLEUS,73,1,0.6266853814280566,1.0227207795099578,DDX39B,0.9222849897000966
GOBP_TRANSCRIPTION_BY_RNA_POLYMERASE_I,73,1,0.6266853814280566,1.0227207795099578,SMARCA5,0.9222849897000966
GOBP_TRANSLATIONAL_ELONGATION,73,1,0.6266853814280566,1.0227207795099578,ALKBH1,0.9222849897000966
GOBP_RESPONSE_TO_UV,158,2,0.6270421077517638,0.9438793905411327,"PML, MC1R",0.9222849897000966
GOBP_NUCLEUS_ORGANIZATION,159,2,0.6304585873221699,0.9378510671214029,"PML, SMARCA5",0.9222849897000966
GOBP_ORGANIC_ACID_TRANSMEMBRANE_TRANSPORT,159,2,0.6304585873221699,0.9378510671214029,"ARL6IP5, SLC25A20",0.9222849897000966
GOBP_CELLULAR_RESPONSE_TO_IONIZING_RADIATION,74,1,0.6316936045472107,1.0086933437180656,INTS7,0.9222849897000966
GOBP_NEGATIVE_REGULATION_OF_ENDOCYTOSIS,74,1,0.6316936045472107,1.0086933437180656,EPHA3,0.9222849897000966
GOBP_NEGATIVE_REGULATION_OF_PROTEOLYSIS_INVOLVED_IN_PROTEIN_CATABOLIC_PROCESS,74,1,0.6316936045472107,1.0086933437180656,PML,0.9222849897000966
GOBP_POSITIVE_REGULATION_OF_INTERLEUKIN_1_PRODUCTION,74,1,0.6316936045472107,1.0086933437180656,CCL3,0.9222849897000966
GOBP_POSITIVE_REGULATION_OF_TELOMERE_MAINTENANCE,74,1,0.6316936045472107,1.0086933437180656,PML,0.9222849897000966
GOBP_REGULATION_OF_ANTIGEN_RECEPTOR_MEDIATED_SIGNALING_PATHWAY,74,1,0.6316936045472107,1.0086933437180656,PRKD2,0.9222849897000966
GOBP_REGULATION_OF_OSTEOCLAST_DIFFERENTIATION,74,1,0.6316936045472107,1.0086933437180656,CCL3,0.9222849897000966
GOBP_REGULATION_OF_SYNAPTIC_TRANSMISSION_GLUTAMATERGIC,74,1,0.6316936045472107,1.0086933437180656,NTRK1,0.9222849897000966
GOBP_REGULATION_OF_OSTEOBLAST_DIFFERENTIATION,160,2,0.6338506161722739,0.931899051592442,"HDAC7, MIR140",0.9222849897000966
GOBP_DEVELOPMENTAL_GROWTH_INVOLVED_IN_MORPHOGENESIS,243,3,0.6339041161602406,0.92011567630615,"EDN3, SPART, NTRK3",0.9222849897000966
GOBP_REACTIVE_OXYGEN_SPECIES_METABOLIC_PROCESS,243,3,0.6339041161602406,0.92011567630615,"CCN2, SIRT5, IER3",0.9222849897000966
GOBP_INSULIN_SECRETION_INVOLVED_IN_CELLULAR_RESPONSE_TO_GLUCOSE_STIMULUS,75,1,0.6366347244449799,0.9950450278058728,SIDT2,0.9222849897000966
GOBP_INTERMEDIATE_FILAMENT_ORGANIZATION,75,1,0.6366347244449799,0.9950450278058728,KRT2,0.9222849897000966
GOBP_L_ALPHA_AMINO_ACID_TRANSMEMBRANE_TRANSPORT,75,1,0.6366347244449799,0.9950450278058728,ARL6IP5,0.9222849897000966
GOBP_NEGATIVE_REGULATION_OF_BMP_SIGNALING_PATHWAY,75,1,0.6366347244449799,0.9950450278058728,SPART,0.9222849897000966
GOBP_NEGATIVE_REGULATION_OF_WOUND_HEALING,75,1,0.6366347244449799,0.9950450278058728,HRG,0.9222849897000966
GOBP_PHOSPHATIDYLCHOLINE_METABOLIC_PROCESS,75,1,0.6366347244449799,0.9950450278058728,ACSL3,0.9222849897000966
GOBP_POSITIVE_REGULATION_OF_ALPHA_BETA_T_CELL_ACTIVATION,75,1,0.6366347244449799,0.9950450278058728,CD80,0.9222849897000966
GOBP_PROTEIN_AUTOUBIQUITINATION,75,1,0.6366347244449799,0.9950450278058728,RNF19B,0.9222849897000966
GOBP_CELL_CYCLE_G2_M_PHASE_TRANSITION,161,2,0.6372182352888273,0.9260219041827379,"MIIP, IER3",0.9222849897000966
GOBP_REGULATION_OF_MRNA_METABOLIC_PROCESS,407,5,0.6375066574593555,0.9153010690256801,"HDAC7, HNRNPC, CSDC2, MIR140, NICOL1",0.9222849897000966
GOBP_DEFENSE_RESPONSE_TO_VIRUS,327,4,0.6396124351986419,0.9114200409154044,"PML, TRIM41, SMARCA5, TRIM8",0.9222849897000966
GOBP_POSITIVE_REGULATION_OF_AUTOPHAGY,162,2,0.6405614889470413,0.9202182211150656,"TRIM8, TPCN1",0.9222849897000966
GOBP_PROTEINOGENIC_AMINO_ACID_METABOLIC_PROCESS,162,2,0.6405614889470413,0.9202182211150656,"FPGS, TDO2",0.9222849897000966
GOBP_SULFUR_COMPOUND_BIOSYNTHETIC_PROCESS,162,2,0.6405614889470413,0.9202182211150656,"ACSL3, HACD2",0.9222849897000966
GOBP_ALDEHYDE_METABOLIC_PROCESS,76,1,0.6415096390739088,0.9817606669784502,RPE,0.9222849897000966
GOBP_NEGATIVE_REGULATION_OF_TOR_SIGNALING,76,1,0.6415096390739088,0.9817606669784502,AKT1S1,0.9222849897000966
GOBP_NEGATIVE_REGULATION_OF_VIRAL_PROCESS,76,1,0.6415096390739088,0.9817606669784502,TRIM8,0.9222849897000966
GOBP_PROTON_MOTIVE_FORCE_DRIVEN_ATP_SYNTHESIS,76,1,0.6415096390739088,0.9817606669784502,VPS9D1,0.9222849897000966
GOBP_REGULATION_OF_COAGULATION,76,1,0.6415096390739088,0.9817606669784502,HRG,0.9222849897000966
GOBP_REGULATION_OF_MUSCLE_HYPERTROPHY,76,1,0.6415096390739088,0.9817606669784502,TNFRSF1B,0.9222849897000966
GOBP_RIBONUCLEOPROTEIN_COMPLEX_BIOGENESIS,490,6,0.6428491065493314,0.9121407600316163,"PSIP1, CLP1, VCX, DDX39B, NUDT16, EIF3CL",0.9228010025945531
GOBP_DEVELOPMENT_OF_PRIMARY_SEXUAL_CHARACTERISTICS,247,3,0.6447975522270317,0.9049685990509051,"SPO11, NR5A2, NTRK1",0.9228010025945531
GOBP_HEART_VALVE_DEVELOPMENT,77,1,0.6463192343856653,0.9688258945879573,TNFRSF1B,0.9228010025945531
GOBP_L_AMINO_ACID_CATABOLIC_PROCESS,77,1,0.6463192343856653,0.9688258945879573,TDO2,0.9228010025945531
GOBP_NEGATIVE_REGULATION_OF_PROTEIN_SECRETION,77,1,0.6463192343856653,0.9688258945879573,RAB11FIP3,0.9228010025945531
GOBP_NEURON_FATE_COMMITMENT,77,1,0.6463192343856653,0.9688258945879573,NTRK3,0.9228010025945531
GOBP_POSITIVE_REGULATION_OF_AXONOGENESIS,77,1,0.6463192343856653,0.9688258945879573,NTRK3,0.9228010025945531
GOBP_PROTEIN_TRANSMEMBRANE_TRANSPORT,77,1,0.6463192343856653,0.9688258945879573,SEC62,0.9228010025945531
GOBP_POSITIVE_REGULATION_OF_ESTABLISHMENT_OF_PROTEIN_LOCALIZATION,330,4,0.6466589429551057,0.9029853656781811,"ATP2C1, RBM22, IL1A, ACSL3",0.9228010025945531
GOBP_MICROTUBULE_BASED_MOVEMENT,492,6,0.6467030315959863,0.9083552345457182,"SEMG2, IFT172, DNAI4, DNALI1, BLOC1S4, SPG7",0.9228010025945531
GOBP_ESTABLISHMENT_OF_RNA_LOCALIZATION,165,2,0.6504455472641155,0.9032344369198009,"SIDT2, DDX39B",0.9228010025945531
GOBP_CELL_CELL_RECOGNITION,78,1,0.6510643844912243,0.9562270903059094,ST6GALNAC6,0.9228010025945531
GOBP_CHOLESTEROL_EFFLUX,78,1,0.6510643844912243,0.9562270903059094,EEPD1,0.9228010025945531
GOBP_DNA_DAMAGE_RESPONSE_SIGNAL_TRANSDUCTION_BY_P53_CLASS_MEDIATOR,78,1,0.6510643844912243,0.9562270903059094,PML,0.9228010025945531
GOBP_MULTICELLULAR_ORGANISMAL_LEVEL_CHEMICAL_HOMEOSTASIS,78,1,0.6510643844912243,0.9562270903059094,SLC40A1,0.9228010025945531
GOBP_NEGATIVE_REGULATION_OF_REPRODUCTIVE_PROCESS,78,1,0.6510643844912243,0.9562270903059094,SEMG2,0.9228010025945531
GOBP_PLATELET_AGGREGATION,78,1,0.6510643844912243,0.9562270903059094,BLOC1S4,0.9228010025945531
GOBP_POSITIVE_REGULATION_OF_TOR_SIGNALING,78,1,0.6510643844912243,0.9562270903059094,STAMBPL1,0.9228010025945531
GOBP_REGULATION_OF_INSULIN_RECEPTOR_SIGNALING_PATHWAY,78,1,0.6510643844912243,0.9562270903059094,TNS2,0.9228010025945531
GOBP_REGULATION_OF_RECEPTOR_SIGNALING_PATHWAY_VIA_JAK_STAT,78,1,0.6510643844912243,0.9562270903059094,NF2,0.9228010025945531
GOBP_REGULATION_OF_CALCIUM_ION_TRANSPORT,250,3,0.6528159147413435,0.8939302431547191,"PML, SPG7, CCL3",0.9237997394776231
GOBP_INTRINSIC_APOPTOTIC_SIGNALING_PATHWAY,333,4,0.6536137986229689,0.8947045143048648,"TNFRSF1B, IER3, PML, ARL6IP5",0.9237997394776231
GOBP_CELLULAR_RESPONSE_TO_CARBOHYDRATE_STIMULUS,166,2,0.6536918443174394,0.8977112550666015,"SIDT2, MIR320E",0.9237997394776231
GOBP_REGULATION_OF_EXTRINSIC_APOPTOTIC_SIGNALING_PATHWAY,166,2,0.6536918443174394,0.8977112550666015,"IL1A, PML",0.9237997394776231
GOBP_ANTIBACTERIAL_HUMORAL_RESPONSE,79,1,0.6557459518189175,0.9439513322821939,SEMG2,0.9237997394776231
GOBP_MESODERM_MORPHOGENESIS,79,1,0.6557459518189175,0.9439513322821939,NF2,0.9237997394776231
GOBP_NEGATIVE_REGULATION_OF_T_CELL_PROLIFERATION,79,1,0.6557459518189175,0.9439513322821939,CD80,0.9237997394776231
GOBP_SMOOTH_MUSCLE_CELL_DIFFERENTIATION,79,1,0.6557459518189175,0.9439513322821939,MIR140,0.9237997394776231
GOBP_ORGANIC_ACID_BIOSYNTHETIC_PROCESS,334,4,0.6559116236948743,0.8919776884989755,"PRKAB2, PNLIP, ACSM5, HACD2",0.9237997394776231
GOBP_POSITIVE_REGULATION_OF_CYTOSOLIC_CALCIUM_ION_CONCENTRATION,167,2,0.656914043349428,0.8922550208717079,"PML, CXCL13",0.9245627524560323
GOBP_MUSCLE_CELL_PROLIFERATION,252,3,0.6580890882573802,0.8867191083784025,"NDRG2, RXRB, MIR140",0.9255252290863444
GOBP_CENTROSOME_DUPLICATION,80,1,0.6603647872703763,0.9319863529375795,SPICE1,0.9255252290863444
GOBP_REGULATION_OF_D_GLUCOSE_TRANSMEMBRANE_TRANSPORT,80,1,0.6603647872703763,0.9319863529375795,CREBL2,0.9255252290863444
GOBP_REGULATION_OF_STEROL_TRANSPORT,80,1,0.6603647872703763,0.9319863529375795,EEPD1,0.9255252290863444
GOBP_REGULATION_OF_VIRAL_GENOME_REPLICATION,80,1,0.6603647872703763,0.9319863529375795,NR5A2,0.9255252290863444
GOBP_RESPONSE_TO_FUNGUS,80,1,0.6603647872703763,0.9319863529375795,HRG,0.9255252290863444
GOBP_NEURAL_PRECURSOR_CELL_PROLIFERATION,169,2,0.6632863983030188,0.8815385848466974,"NTRK3, NF2",0.9265019965035121
GOBP_REGULATION_OF_MUSCLE_CELL_DIFFERENTIATION,169,2,0.6632863983030188,0.8815385848466974,"LAMA2, MIR140",0.9265019965035121
GOBP_MOTILE_CILIUM_ASSEMBLY,81,1,0.6649217303743953,0.920320498071787,DNALI1,0.9265019965035121
GOBP_PYRIMIDINE_CONTAINING_COMPOUND_METABOLIC_PROCESS,81,1,0.6649217303743953,0.920320498071787,CTPS2,0.9265019965035121
GOBP_RECEPTOR_LOCALIZATION_TO_SYNAPSE,81,1,0.6649217303743953,0.920320498071787,SACM1L,0.9265019965035121
GOBP_AMIDE_TRANSPORT,338,4,0.6650001671998662,0.8812336682571781,"EDN3, IL1RN, SIDT2, TAP2",0.9265019965035121
GOBP_PROTEIN_LOCALIZATION_TO_ENDOPLASMIC_RETICULUM,82,1,0.6694176094387436,0.9089426890005906,SEC62,0.9265019965035121
GOBP_REGULATION_OF_ALPHA_BETA_T_CELL_DIFFERENTIATION,82,1,0.6694176094387436,0.9089426890005906,CD80,0.9265019965035121
GOBP_REGULATION_OF_CELL_MIGRATION_INVOLVED_IN_SPROUTING_ANGIOGENESIS,82,1,0.6694176094387436,0.9089426890005906,HDAC7,0.9265019965035121
GOBP_REGULATION_OF_CELLULAR_RESPONSE_TO_INSULIN_STIMULUS,82,1,0.6694176094387436,0.9089426890005906,TNS2,0.9265019965035121
GOBP_NEURON_PROJECTION_EXTENSION,171,2,0.6695631401561288,0.8710757922759738,"EDN3, NTRK3",0.9265019965035121
GOBP_REGULATION_OF_EPITHELIAL_CELL_PROLIFERATION,423,5,0.6705770169257601,0.8800189880628824,"PRKD2, IFT172, RAB33B, DEAF1, TMIGD1",0.9265019965035121
GOBP_AMEBOIDAL_TYPE_CELL_MIGRATION,257,3,0.6710183497510274,0.8691881015870084,"EDN3, PML, KRT2",0.9265019965035121
GOBP_MESENCHYME_DEVELOPMENT,341,4,0.6717082781763697,0.8733430302451297,"EPHA3, EDN3, SLC39A6, VASN",0.9265019965035121
GOBP_PHOSPHATIDYLINOSITOL_3_KINASE_PROTEIN_KINASE_B_SIGNAL_TRANSDUCTION,341,4,0.6717082781763697,0.8733430302451297,"RRAS, NTRK3, NTRK1, CCL3",0.9265019965035121
GOBP_POSITIVE_REGULATION_OF_CATALYTIC_ACTIVITY,341,4,0.6717082781763697,0.8733430302451297,"SEMG2, PNLIP, NTRK1, P2RY11",0.9265019965035121
GOBP_REGULATION_OF_CALCIUM_ION_TRANSMEMBRANE_TRANSPORT,172,2,0.6726658321845845,0.8659367147478917,"PML, SPG7",0.9265019965035121
GOBP_CELLULAR_RESPONSE_TO_OXIDATIVE_STRESS,258,3,0.6735607137104144,0.8657643990838026,"PML, ARL6IP5, TMIGD1",0.9265019965035121
GOBP_PURINE_CONTAINING_COMPOUND_BIOSYNTHETIC_PROCESS,258,3,0.6735607137104144,0.8657643990838026,"VPS9D1, ACSL3, HACD2",0.9265019965035121
GOBP_D_GLUCOSE_IMPORT,83,1,0.6738532416999554,0.8978423874633773,CREBL2,0.9265019965035121
GOBP_LEUKOCYTE_DEGRANULATION,83,1,0.6738532416999554,0.8978423874633773,CCL3,0.9265019965035121
GOBP_LYMPHOCYTE_HOMEOSTASIS,83,1,0.6738532416999554,0.8978423874633773,SLC40A1,0.9265019965035121
GOBP_NEGATIVE_REGULATION_OF_BLOOD_VESSEL_ENDOTHELIAL_CELL_MIGRATION,83,1,0.6738532416999554,0.8978423874633773,HRG,0.9265019965035121
GOBP_REGULATION_OF_DNA_TEMPLATED_TRANSCRIPTION_INITIATION,83,1,0.6738532416999554,0.8978423874633773,MED21,0.9265019965035121
GOBP_RESPONSE_TO_ACTIVITY,83,1,0.6738532416999554,0.8978423874633773,TNS2,0.9265019965035121
GOBP_EPITHELIAL_TUBE_MORPHOGENESIS,342,4,0.6739236222958654,0.8707439443514963,"PRKD2, IFT172, PML, DEAF1",0.9265019965035121
GOBP_INTRACELLULAR_RECEPTOR_SIGNALING_PATHWAY,425,5,0.6745679376227298,0.8757977390899677,"CALCOCO1, NR5A2, PML, NPLOC4, RXRB",0.9265019965035121
GOBP_ADULT_LOCOMOTORY_BEHAVIOR,84,1,0.6782294334711185,0.8870095630675076,CNP,0.9265019965035121
GOBP_NEGATIVE_REGULATION_OF_ERK1_AND_ERK2_CASCADE,84,1,0.6782294334711185,0.8870095630675076,NDRG2,0.9265019965035121
GOBP_REGULATION_OF_AXON_EXTENSION,84,1,0.6782294334711185,0.8870095630675076,NTRK3,0.9265019965035121
GOBP_REGULATION_OF_SMAD_PROTEIN_SIGNAL_TRANSDUCTION,84,1,0.6782294334711185,0.8870095630675076,MIR140,0.9265019965035121
GOBP_RNA_METHYLATION,84,1,0.6782294334711185,0.8870095630675076,TRMT10B,0.9265019965035121
GOBP_TOLL_LIKE_RECEPTOR_SIGNALING_PATHWAY,84,1,0.6782294334711185,0.8870095630675076,TNIP3,0.9265019965035121
GOBP_HORMONE_TRANSPORT,344,4,0.6783232123411866,0.8655916387857081,"RAB11FIP3, EDN3, IL1RN, SIDT2",0.9265019965035121
GOBP_INTRACELLULAR_GLUCOSE_HOMEOSTASIS,174,2,0.6788002312462087,0.8558378298367181,"SIDT2, MIR320E",0.9265019965035121
GOBP_STEROID_BIOSYNTHETIC_PROCESS,174,2,0.6788002312462087,0.8558378298367181,"NR5A2, POR",0.9265019965035121
GOBP_SMOOTH_MUSCLE_CELL_PROLIFERATION,175,2,0.6818320941574032,0.8508759499664166,"NDRG2, MIR140",0.9265019965035121
GOBP_REGULATION_OF_CD4_POSITIVE_ALPHA_BETA_T_CELL_ACTIVATION,85,1,0.6825469802876991,0.876434663058079,CD80,0.9265019965035121
GOBP_TRANSFORMING_GROWTH_FACTOR_BETA_RECEPTOR_SIGNALING_PATHWAY,262,3,0.6835853523684678,0.8523339676413437,"PML, VASN, MIR140",0.9265019965035121
GOBP_EMBRYONIC_HEART_TUBE_DEVELOPMENT,86,1,0.6868066670514148,0.86610858422159,IFT172,0.9265019965035121
GOBP_LYMPHOCYTE_APOPTOTIC_PROCESS,86,1,0.6868066670514148,0.86610858422159,PRKD2,0.9265019965035121
GOBP_OUTFLOW_TRACT_MORPHOGENESIS,86,1,0.6868066670514148,0.86610858422159,NPY1R,0.9265019965035121
GOBP_REGULATION_OF_STEM_CELL_DIFFERENTIATION,86,1,0.6868066670514148,0.86610858422159,NR5A2,0.9265019965035121
GOBP_INTERLEUKIN_6_PRODUCTION,177,2,0.6878255524514847,0.8411223118201188,"IL1A, MIR140",0.9265019965035121
GOBP_MALE_SEX_DIFFERENTIATION,177,2,0.6878255524514847,0.8411223118201188,"NR5A2, NTRK1",0.9265019965035121
GOBP_NEGATIVE_REGULATION_OF_CATALYTIC_ACTIVITY,177,2,0.6878255524514847,0.8411223118201188,"AKT1S1, SERPINB4",0.9265019965035121
GOBP_NEGATIVE_REGULATION_OF_EPITHELIAL_CELL_PROLIFERATION,177,2,0.6878255524514847,0.8411223118201188,"IFT172, TMIGD1",0.9265019965035121
GOBP_REGULATION_OF_RESPONSE_TO_WOUNDING,177,2,0.6878255524514847,0.8411223118201188,"HRG, NTRK3",0.9265019965035121
GOBP_KERATINOCYTE_DIFFERENTIATION,178,2,0.6907873162274536,0.8363286203442014,"KRT2, LIPK",0.9265019965035121
GOBP_CILIUM_MOVEMENT,265,3,0.6909520243890319,0.8425302652989155,"SEMG2, DNAI4, DNALI1",0.9265019965035121
GOBP_ADENYLATE_CYCLASE_INHIBITING_G_PROTEIN_COUPLED_RECEPTOR_SIGNALING_PATHWAY,87,1,0.6910092681721962,0.8560226467498114,NPY1R,0.9265019965035121
GOBP_NEGATIVE_REGULATION_OF_KINASE_ACTIVITY,87,1,0.6910092681721962,0.8560226467498114,AKT1S1,0.9265019965035121
GOBP_NUCLEOTIDE_EXCISION_REPAIR,87,1,0.6910092681721962,0.8560226467498114,SMARCD2,0.9265019965035121
GOBP_POSITIVE_REGULATION_OF_LIPID_TRANSPORT,87,1,0.6910092681721962,0.8560226467498114,EEPD1,0.9265019965035121
GOBP_PROTEIN_DEPHOSPHORYLATION,87,1,0.6910092681721962,0.8560226467498114,TNS2,0.9265019965035121
GOBP_VASOCONSTRICTION,87,1,0.6910092681721962,0.8560226467498114,EDN3,0.9265019965035121
GOBP_LIPID_CATABOLIC_PROCESS,351,4,0.6933945252854754,0.8480262858032027,"SPART, PLCD3, PNLIP, LIPK",0.9265019965035121
GOBP_ACTION_POTENTIAL,179,2,0.6937258852511712,0.8315890948732687,"NTRK3, ASIC5",0.9265019965035121
GOBP_BIOLOGICAL_PROCESS_INVOLVED_IN_INTERACTION_WITH_HOST,179,2,0.6937258852511712,0.8315890948732687,"CD80, TPCN1",0.9265019965035121
GOBP_NEGATIVE_REGULATION_OF_NEURON_APOPTOTIC_PROCESS,179,2,0.6937258852511712,0.8315890948732687,"ALKBH1, NTRK1",0.9265019965035121
GOBP_NEGATIVE_REGULATION_OF_PHOSPHORUS_METABOLIC_PROCESS,179,2,0.6937258852511712,0.8315890948732687,"IER3, AKT1S1",0.9265019965035121
GOBP_BONE_REMODELING,88,1,0.6951555477082516,0.8461685699061513,PLEKHM1,0.9265019965035121
GOBP_INTRINSIC_APOPTOTIC_SIGNALING_PATHWAY_BY_P53_CLASS_MEDIATOR,88,1,0.6951555477082516,0.8461685699061513,PML,0.9265019965035121
GOBP_MEMBRANE_DOCKING,88,1,0.6951555477082516,0.8461685699061513,YKT6,0.9265019965035121
GOBP_POSITIVE_REGULATION_OF_ORGANELLE_ASSEMBLY,88,1,0.6951555477082516,0.8461685699061513,RAB11FIP3,0.9265019965035121
GOBP_RESPONSE_TO_VITAMIN,88,1,0.6951555477082516,0.8461685699061513,RXRB,0.9265019965035121
GOBP_STRIATED_MUSCLE_CELL_PROLIFERATION,88,1,0.6951555477082516,0.8461685699061513,RXRB,0.9265019965035121
GOBP_DEFENSE_RESPONSE_TO_BACTERIUM,352,4,0.6955059546632871,0.8455746355509156,"SEMG2, CXCL13, PRB3, MIR140",0.9265019965035121
GOBP_CALCIUM_ION_IMPORT,89,1,0.6992462595042667,0.8365384493511298,CCL3,0.9265019965035121
GOBP_CYTOKINE_PRODUCTION_INVOLVED_IN_INFLAMMATORY_RESPONSE,89,1,0.6992462595042667,0.8365384493511298,MIR140,0.9265019965035121
GOBP_GLUCAN_METABOLIC_PROCESS,89,1,0.6992462595042667,0.8365384493511298,PHLDA2,0.9265019965035121
GOBP_ODONTOGENESIS_OF_DENTIN_CONTAINING_TOOTH,89,1,0.6992462595042667,0.8365384493511298,NF2,0.9265019965035121
GOBP_REGULATION_OF_NUCLEOTIDE_METABOLIC_PROCESS,89,1,0.6992462595042667,0.8365384493511298,IER3,0.9265019965035121
GOBP_STEM_CELL_DEVELOPMENT,89,1,0.6992462595042667,0.8365384493511298,EDN3,0.9265019965035121
GOBP_T_CELL_DIFFERENTIATION_IN_THYMUS,89,1,0.6992462595042667,0.8365384493511298,IL1A,0.9265019965035121
GOBP_BIOMINERAL_TISSUE_DEVELOPMENT,181,2,0.6995337966064721,0.8222689107058261,"RXRB, CCL3",0.9265019965035121
GOBP_CARBOHYDRATE_CATABOLIC_PROCESS,181,2,0.6995337966064721,0.8222689107058261,"GPD2, IER3",0.9265019965035121
GOBP_MONOCARBOXYLIC_ACID_TRANSPORT,181,2,0.6995337966064721,0.8222689107058261,"ACSL3, SLC25A20",0.9265019965035121
GOBP_POSITIVE_REGULATION_OF_RESPONSE_TO_BIOTIC_STIMULUS,439,5,0.70159938943092,0.8473383508499859,"TNIP3, HRG, TRIM41, NPLOC4, MIR140",0.9265019965035121
GOBP_NEGATIVE_REGULATION_OF_MAPK_CASCADE,182,2,0.7024033221101373,0.8176864868229462,"NDRG2, NF2",0.9265019965035121
GOBP_RIBOSE_PHOSPHATE_BIOSYNTHETIC_PROCESS,182,2,0.7024033221101373,0.8176864868229462,"CTPS2, VPS9D1",0.9265019965035121
GOBP_AMINE_TRANSPORT,90,1,0.7032821473277575,0.8271247359964745,ARL6IP5,0.9265019965035121
GOBP_ASTROCYTE_DIFFERENTIATION,90,1,0.7032821473277575,0.8271247359964745,NTRK3,0.9265019965035121
GOBP_PROTEIN_LOCALIZATION_TO_SYNAPSE,90,1,0.7032821473277575,0.8271247359964745,SACM1L,0.9265019965035121
GOBP_REACTIVE_NITROGEN_SPECIES_METABOLIC_PROCESS,90,1,0.7032821473277575,0.8271247359964745,POR,0.9265019965035121
GOBP_REGULATION_OF_NEUROTRANSMITTER_SECRETION,90,1,0.7032821473277575,0.8271247359964745,FER1L5,0.9265019965035121
GOBP_VACUOLAR_LOCALIZATION,90,1,0.7032821473277575,0.8271247359964745,PLEKHM1,0.9265019965035121
GOBP_LYMPHOCYTE_DIFFERENTIATION,440,5,0.7034692510289327,0.8453756344194346,"PHF14, SMARCD2, IL1A, CD80, NTRK1",0.9265019965035121
GOBP_TOR_SIGNALING,183,2,0.7052500190799673,0.8131546974577502,"STAMBPL1, AKT1S1",0.9265019965035121
GOBP_RESPONSE_TO_TOXIC_SUBSTANCE,271,3,0.7052966030240464,0.823581318230915,"CNP, UGT1A10, CCL3",0.9265019965035121
GOBP_REGULATION_OF_MITOTIC_CELL_CYCLE_PHASE_TRANSITION,357,4,0.7059069587482252,0.8335247398342404,"SMARCD2, CCND3, MIIP, IER3",0.9265019965035121
GOBP_CELLULAR_RESPONSE_TO_UV,91,1,0.7072639450036114,0.8179202162689427,MC1R,0.9265019965035121
GOBP_ENDOCYTIC_RECYCLING,91,1,0.7072639450036114,0.8179202162689427,RAB11FIP3,0.9265019965035121
GOBP_REGULATION_OF_ACTIN_FILAMENT_ORGANIZATION,272,3,0.7076371811731177,0.8205053429319993,"CCN2, WHAMM, NF2",0.9265019965035121
GOBP_ORGANELLE_FUSION,184,2,0.7080739832112339,0.8086727079753367,"YIPF4, PLEKHM1",0.9265019965035121
GOBP_TEMPERATURE_HOMEOSTASIS,184,2,0.7080739832112339,0.8086727079753367,"IL1A, PRKAB2",0.9265019965035121
GOBP_CELLULAR_PROCESS_INVOLVED_IN_REPRODUCTION_IN_MULTICELLULAR_ORGANISM,443,5,0.7090298736457059,0.8395412581805146,"SPO11, SEMG2, DNALI1, DEAF1, RIMBP3B",0.9265019965035121
GOBP_REGULATION_OF_HORMONE_SECRETION,273,3,0.7099634776116148,0.8174521526351892,"RAB11FIP3, EDN3, SIDT2",0.9265019965035121
GOBP_NEUROMUSCULAR_PROCESS,185,2,0.7108753117344675,0.8042397019841909,"SPART, BLOC1S4",0.9265019965035121
GOBP_CARBOHYDRATE_DERIVATIVE_TRANSPORT,92,1,0.7111923765468291,0.8089179936754297,SLC35A5,0.9265019965035121
GOBP_DORSAL_VENTRAL_PATTERN_FORMATION,92,1,0.7111923765468291,0.8089179936754297,IFT172,0.9265019965035121
GOBP_POSITIVE_REGULATION_OF_GTPASE_ACTIVITY,92,1,0.7111923765468291,0.8089179936754297,NTRK1,0.9265019965035121
GOBP_RESPONSE_TO_TYPE_I_INTERFERON,92,1,0.7111923765468291,0.8089179936754297,TRIM41,0.9265019965035121
GOBP_ROOF_OF_MOUTH_DEVELOPMENT,92,1,0.7111923765468291,0.8089179936754297,IFT172,0.9265019965035121
GOBP_CELLULAR_RESPONSE_TO_RADIATION,186,2,0.7136541033572614,0.7998548808404388,"INTS7, MC1R",0.9265019965035121
GOBP_JNK_CASCADE,186,2,0.7136541033572614,0.7998548808404388,"CCN2, MAP3K6",0.9265019965035121
GOBP_REGULATION_OF_CARBOHYDRATE_METABOLIC_PROCESS,186,2,0.7136541033572614,0.7998548808404388,"IER3, PHLDA2",0.9265019965035121
GOBP_SODIUM_ION_TRANSMEMBRANE_TRANSPORT,186,2,0.7136541033572614,0.7998548808404388,"TPCN1, ASIC5",0.9265019965035121
GOBP_SYNAPSE_ASSEMBLY,275,3,0.7145733219209335,0.81141312182721,"NTRK3, NTRK1, NCKIPSD",0.9265019965035121
GOBP_ASSOCIATIVE_LEARNING,93,1,0.7150681562934984,0.8001114715703529,DEAF1,0.9265019965035121
GOBP_ORGANELLE_TRANSPORT_ALONG_MICROTUBULE,93,1,0.7150681562934984,0.8001114715703529,BLOC1S4,0.9265019965035121
GOBP_POSITIVE_REGULATION_OF_INTRACELLULAR_PROTEIN_TRANSPORT,93,1,0.7150681562934984,0.8001114715703529,RBM22,0.9265019965035121
GOBP_REGULATION_OF_FIBROBLAST_PROLIFERATION,93,1,0.7150681562934984,0.8001114715703529,PML,0.9265019965035121
GOBP_REGULATION_OF_CELLULAR_RESPONSE_TO_TRANSFORMING_GROWTH_FACTOR_BETA_STIMULUS,187,2,0.7164104582073596,0.795517463168182,"VASN, MIR140",0.9265019965035121
GOBP_RESPONSE_TO_BMP,187,2,0.7164104582073596,0.795517463168182,"SPART, MIR140",0.9265019965035121
GOBP_PROTEIN_COMPLEX_OLIGOMERIZATION,276,3,0.7168569207727249,0.8084267879110202,"MOSPD2, TDO2, SCARA5",0.9265019965035121
GOBP_EMBRYONIC_SKELETAL_SYSTEM_MORPHOGENESIS,94,1,0.7188919890300227,0.7914943370348175,HOXC4,0.9265019965035121
GOBP_REGULATION_OF_RHO_PROTEIN_SIGNAL_TRANSDUCTION,94,1,0.7188919890300227,0.7914943370348175,ARHGEF3,0.9265019965035121
GOBP_RNA_EXPORT_FROM_NUCLEUS,94,1,0.7188919890300227,0.7914943370348175,DDX39B,0.9265019965035121
GOBP_DNA_REPLICATION,277,3,0.7191263398318254,0.8054622520525104,"METTL4, ATF1, SMARCA5",0.9265019965035121
GOBP_ORGAN_GROWTH,188,2,0.7191444777769946,0.791226684395305,"POR, RXRB",0.9265019965035121
GOBP_GLAND_DEVELOPMENT,449,5,0.7199305892542022,0.8281090344684306,"NR5A2, PML, DEAF1, MTCO2P12, UGT1A10",0.9265019965035121
GOBP_NOTCH_SIGNALING_PATHWAY,189,2,0.7218562648684641,0.7869817963041759,"EPN1, IFT172",0.9265019965035121
GOBP_REGULATION_OF_CELL_DIVISION,189,2,0.7218562648684641,0.7869817963041759,"RAB11FIP3, IL1A",0.9265019965035121
GOBP_TELOMERE_ORGANIZATION,189,2,0.7218562648684641,0.7869817963041759,"HNRNPC, PML",0.9265019965035121
GOBP_BODY_FLUID_SECRETION,95,1,0.7226645701206245,0.7830605457847716,MTCO2P12,0.9265019965035121
GOBP_L_AMINO_ACID_TRANSPORT,95,1,0.7226645701206245,0.7830605457847716,ARL6IP5,0.9265019965035121
GOBP_REGULATION_OF_CYTOKINESIS,95,1,0.7226645701206245,0.7830605457847716,RAB11FIP3,0.9265019965035121
GOBP_ADENYLATE_CYCLASE_MODULATING_G_PROTEIN_COUPLED_RECEPTOR_SIGNALING_PATHWAY,279,3,0.7236227519361967,0.7995976267668976,"ADGRG7, NPY1R, MC1R",0.9265019965035121
GOBP_ADENYLATE_CYCLASE_ACTIVATING_G_PROTEIN_COUPLED_RECEPTOR_SIGNALING_PATHWAY,190,2,0.7245459235409155,0.7827820665966866,"ADGRG7, MC1R",0.9265019965035121
GOBP_NEGATIVE_REGULATION_OF_CELL_PROJECTION_ORGANIZATION,190,2,0.7245459235409155,0.7827820665966866,"HRG, SPART",0.9265019965035121
GOBP_REGULATION_OF_MONOATOMIC_ION_TRANSPORT,452,5,0.7252706521691658,0.8225080121125141,"EDN3, PML, GNB2, SPG7, CCL3",0.9265019965035121
GOBP_EXOCYTIC_PROCESS,96,1,0.726386585633148,0.7748043080323305,YKT6,0.9265019965035121
GOBP_MONOSACCHARIDE_BIOSYNTHETIC_PROCESS,96,1,0.726386585633148,0.7748043080323305,GPD2,0.9265019965035121
GOBP_NEURAL_CREST_CELL_DIFFERENTIATION,96,1,0.726386585633148,0.7748043080323305,EDN3,0.9265019965035121
GOBP_SMOOTH_MUSCLE_CELL_MIGRATION,96,1,0.726386585633148,0.7748043080323305,MIR140,0.9265019965035121
GOBP_AMINO_ACID_METABOLIC_PROCESS,281,3,0.7280627948488494,0.7938173845785292,"FPGS, YARS2, TDO2",0.9265019965035121
GOBP_REGULATION_OF_PROTEIN_SECRETION,281,3,0.7280627948488494,0.7938173845785292,"RAB11FIP3, IL1A, SIDT2",0.9265019965035121
GOBP_POSITIVE_REGULATION_OF_TRANSMEMBRANE_TRANSPORT,192,2,0.729859277838601,0.7745152302242063,"CREBL2, EDN3",0.9265019965035121
GOBP_INTERMEDIATE_FILAMENT_BASED_PROCESS,97,1,0.7300587124631881,0.7667200752307682,KRT2,0.9265019965035121
GOBP_MEIOTIC_CHROMOSOME_SEGREGATION,97,1,0.7300587124631881,0.7667200752307682,SPO11,0.9265019965035121
GOBP_RESPONSE_TO_ENDOPLASMIC_RETICULUM_STRESS,283,3,0.7324467205339491,0.7881197172781872,"PML, NPLOC4, MARCKS",0.9265019965035121
GOBP_CALCIUM_ION_TRANSMEMBRANE_IMPORT_INTO_CYTOSOL,193,2,0.7324831874039326,0.7704467348362666,"PML, CCL3",0.9265019965035121
GOBP_LIPID_HOMEOSTASIS,193,2,0.7324831874039326,0.7704467348362666,"NR5A2, PNLIP",0.9265019965035121
GOBP_NEGATIVE_REGULATION_OF_MITOTIC_CELL_CYCLE_PHASE_TRANSITION,193,2,0.7324831874039326,0.7704467348362666,"MIIP, IER3",0.9265019965035121
GOBP_PALLIUM_DEVELOPMENT,193,2,0.7324831874039326,0.7704467348362666,"EZH1, NF2",0.9265019965035121
GOBP_EXPORT_ACROSS_PLASMA_MEMBRANE,98,1,0.7336816184565589,0.7588025276394061,SLC40A1,0.9265019965035121
GOBP_NEGATIVE_REGULATION_OF_INNATE_IMMUNE_RESPONSE,98,1,0.7336816184565589,0.7588025276394061,SERPINB4,0.9265019965035121
GOBP_POSITIVE_REGULATION_OF_DOUBLE_STRAND_BREAK_REPAIR,98,1,0.7336816184565589,0.7588025276394061,SMARCD2,0.9265019965035121
GOBP_REGULATION_OF_LEUKOCYTE_APOPTOTIC_PROCESS,98,1,0.7336816184565589,0.7588025276394061,PRKD2,0.9265019965035121
GOBP_REGULATION_OF_RECEPTOR_SIGNALING_PATHWAY_VIA_STAT,98,1,0.7336816184565589,0.7588025276394061,NF2,0.9265019965035121
GOBP_T_CELL_DIFFERENTIATION_INVOLVED_IN_IMMUNE_RESPONSE,98,1,0.7336816184565589,0.7588025276394061,CD80,0.9265019965035121
GOBP_POSITIVE_REGULATION_OF_NERVOUS_SYSTEM_DEVELOPMENT,284,3,0.7346177221898178,0.7853012982220069,"TNFRSF1B, NTRK3, NTRK1",0.9265019965035121
GOBP_CYTOKINESIS,194,2,0.7350853963321267,0.7664206196083346,"RAB11FIP3, SPART",0.9265019965035121
GOBP_LIPID_MODIFICATION,194,2,0.7350853963321267,0.7664206196083346,"POR, SACM1L",0.9265019965035121
GOBP_NEGATIVE_REGULATION_OF_RESPONSE_TO_WOUNDING,99,1,0.7372559625301345,0.7510465626498356,HRG,0.9265019965035121
GOBP_POSITIVE_REGULATION_OF_JNK_CASCADE,99,1,0.7372559625301345,0.7510465626498356,CCN2,0.9265019965035121
GOBP_PROTEIN_TETRAMERIZATION,99,1,0.7372559625301345,0.7510465626498356,TDO2,0.9265019965035121
GOBP_REGULATION_OF_CALCIUM_MEDIATED_SIGNALING,99,1,0.7372559625301345,0.7510465626498356,CCL3,0.9265019965035121
GOBP_REGULATION_OF_MUSCLE_ADAPTATION,99,1,0.7372559625301345,0.7510465626498356,TNFRSF1B,0.9265019965035121
GOBP_NEGATIVE_REGULATION_OF_CATABOLIC_PROCESS,373,4,0.7374466604425978,0.7971595260865063,"HNRNPC, IER3, PML, NICOL1",0.9265019965035121
GOBP_REGULATION_OF_NEUROGENESIS,373,4,0.7374466604425978,0.7971595260865063,"TNFRSF1B, SPART, NTRK3, NF2",0.9265019965035121
GOBP_POSITIVE_REGULATION_OF_MONOATOMIC_ION_TRANSPORT,195,2,0.7376660142091434,0.7624362257814508,"EDN3, CCL3",0.9265019965035121
GOBP_AXIS_SPECIFICATION,100,1,0.7407823947910721,0.7434472838196414,IFT172,0.9265019965035121
GOBP_BONE_MORPHOGENESIS,100,1,0.7407823947910721,0.7434472838196414,POR,0.9265019965035121
GOBP_NUTRIENT_STORAGE,100,1,0.7407823947910721,0.7434472838196414,MOSPD2,0.9265019965035121
GOBP_REGULATION_OF_DENDRITE_DEVELOPMENT,100,1,0.7407823947910721,0.7434472838196414,NSMF,0.9265019965035121
GOBP_ESTABLISHMENT_OF_PROTEIN_LOCALIZATION_TO_ORGANELLE,461,5,0.7408503097410197,0.8061471310189819,"SEC62, RBM22, CSE1L, PML, TRMT10B",0.9265019965035121
GOBP_ATP_SYNTHESIS_COUPLED_ELECTRON_TRANSPORT,101,1,0.7442615566544513,0.7359999905641027,MTCO2P12,0.9265019965035121
GOBP_ENDOSOME_ORGANIZATION,101,1,0.7442615566544513,0.7359999905641027,ATP6V1D,0.9265019965035121
GOBP_MYELOID_CELL_ACTIVATION_INVOLVED_IN_IMMUNE_RESPONSE,101,1,0.7442615566544513,0.7359999905641027,CCL3,0.9265019965035121
GOBP_POSITIVE_REGULATION_OF_COLD_INDUCED_THERMOGENESIS,101,1,0.7442615566544513,0.7359999905641027,PRKAB2,0.9265019965035121
GOBP_TERPENOID_METABOLIC_PROCESS,101,1,0.7442615566544513,0.7359999905641027,PNLIP,0.9265019965035121
GOBP_CARBOHYDRATE_BIOSYNTHETIC_PROCESS,198,2,0.7452794315476321,0.7507269867783987,"GPD2, ST6GALNAC6",0.9265019965035121
GOBP_IMMUNE_RESPONSE_REGULATING_CELL_SURFACE_RECEPTOR_SIGNALING_PATHWAY,378,4,0.7467620795476604,0.7864334896095861,"TNIP3, PRKD2, SLC39A6, MIR140",0.9265019965035121
GOBP_CELL_MIGRATION_INVOLVED_IN_SPROUTING_ANGIOGENESIS,102,1,0.7476940809593402,0.728700168460267,HDAC7,0.9265019965035121
GOBP_CELLULAR_RESPONSE_TO_TYPE_II_INTERFERON,102,1,0.7476940809593402,0.728700168460267,CCL3,0.9265019965035121
GOBP_ENERGY_RESERVE_METABOLIC_PROCESS,102,1,0.7476940809593402,0.728700168460267,PHLDA2,0.9265019965035121
GOBP_NEGATIVE_REGULATION_OF_DEVELOPMENTAL_GROWTH,102,1,0.7476940809593402,0.728700168460267,SPART,0.9265019965035121
GOBP_NEGATIVE_REGULATION_OF_EXTRINSIC_APOPTOTIC_SIGNALING_PATHWAY,102,1,0.7476940809593402,0.728700168460267,IL1A,0.9265019965035121
GOBP_POSITIVE_REGULATION_OF_MITOTIC_CELL_CYCLE_PHASE_TRANSITION,102,1,0.7476940809593402,0.728700168460267,CCND3,0.9265019965035121
GOBP_GASTRULATION,199,2,0.7477747996400821,0.7469031574587807,"IL1RN, NF2",0.9265019965035121
GOBP_REGULATION_OF_PATTERN_RECOGNITION_RECEPTOR_SIGNALING_PATHWAY,199,2,0.7477747996400821,0.7469031574587807,"NPLOC4, MIR140",0.9265019965035121
GOBP_ALPHA_AMINO_ACID_METABOLIC_PROCESS,200,2,0.7502491381455129,0.7431179526774941,"FPGS, TDO2",0.9265019965035121
GOBP_GLUCOSE_METABOLIC_PROCESS,200,2,0.7502491381455129,0.7431179526774941,"GPD2, NPY1R",0.9265019965035121
GOBP_POSITIVE_REGULATION_OF_HEMOPOIESIS,200,2,0.7502491381455129,0.7431179526774941,"SMARCD2, CD80",0.9265019965035121
GOBP_ACTIN_FILAMENT_ORGANIZATION,467,5,0.7508709204114716,0.7955940085810406,"CCN2, WHAMM, CORO6, NF2, MARCKS",0.9265019965035121
GOBP_AXONEME_ASSEMBLY,103,1,0.7510805920833155,0.721543480121374,DNAI4,0.9265019965035121
GOBP_DICARBOXYLIC_ACID_METABOLIC_PROCESS,103,1,0.7510805920833155,0.721543480121374,FPGS,0.9265019965035121
GOBP_MICROTUBULE_POLYMERIZATION,103,1,0.7510805920833155,0.721543480121374,TUBG2,0.9265019965035121
GOBP_NEGATIVE_REGULATION_OF_MYELOID_CELL_DIFFERENTIATION,103,1,0.7510805920833155,0.721543480121374,CCL3,0.9265019965035121
GOBP_NEGATIVE_REGULATION_OF_TRANSFERASE_ACTIVITY,103,1,0.7510805920833155,0.721543480121374,AKT1S1,0.9265019965035121
GOBP_POSITIVE_REGULATION_OF_INTERLEUKIN_6_PRODUCTION,103,1,0.7510805920833155,0.721543480121374,IL1A,0.9265019965035121
GOBP_PRIMARY_ALCOHOL_METABOLIC_PROCESS,103,1,0.7510805920833155,0.721543480121374,PNLIP,0.9265019965035121
GOBP_REGULATION_OF_PH,103,1,0.7510805920833155,0.721543480121374,ATP6V1D,0.9265019965035121
GOBP_NEGATIVE_REGULATION_OF_TRANSPORT,468,5,0.7525126957009058,0.793861746582514,"TNFRSF1B, EPHA3, RAB11FIP3, ARL6IP5, RAB33B",0.9266426720447168
GOBP_ATP_BIOSYNTHETIC_PROCESS,104,1,0.7544217060554554,0.7145257566028659,VPS9D1,0.9266426720447168
GOBP_CHEMOKINE_PRODUCTION,104,1,0.7544217060554554,0.7145257566028659,MIR140,0.9266426720447168
GOBP_HEART_GROWTH,104,1,0.7544217060554554,0.7145257566028659,RXRB,0.9266426720447168
GOBP_REGULATION_OF_MICROTUBULE_POLYMERIZATION_OR_DEPOLYMERIZATION,104,1,0.7544217060554554,0.7145257566028659,STMND1,0.9266426720447168
GOBP_PHOSPHOLIPID_METABOLIC_PROCESS,383,4,0.7558230328663365,0.775990462009724,"ACSL3, SLC30A5, BPNT1, SACM1L",0.9266426720447168
GOBP_EMBRYONIC_ORGAN_DEVELOPMENT,471,5,0.757389636384734,0.7887095681919231,"EPN1, IFT172, PLCD3, PHLDA2, HOXC4",0.9266426720447168
GOBP_MACROAUTOPHAGY,384,4,0.7576048841617745,0.7739348344715341,"ATP6V1D, SPART, RAB33B, PLEKHM1",0.9266426720447168
GOBP_HOMOTYPIC_CELL_CELL_ADHESION,105,1,0.7577180306678246,0.7076429893042038,BLOC1S4,0.9266426720447168
GOBP_INTERLEUKIN_8_PRODUCTION,105,1,0.7577180306678246,0.7076429893042038,PRKD2,0.9266426720447168
GOBP_MIRNA_MEDIATED_GENE_SILENCING_BY_MRNA_DESTABILIZATION,105,1,0.7577180306678246,0.7076429893042038,MIR140,0.9266426720447168
GOBP_POSITIVE_REGULATION_OF_CHROMOSOME_ORGANIZATION,105,1,0.7577180306678246,0.7076429893042038,PML,0.9266426720447168
GOBP_RIBOSE_PHOSPHATE_METABOLIC_PROCESS,385,4,0.7593766676903398,0.7718899976290464,"CTPS2, VPS9D1, IER3, BPNT1",0.9266426720447168
GOBP_SEX_DIFFERENTIATION,296,3,0.7595940772021239,0.7529808612571798,"SPO11, NR5A2, NTRK1",0.9266426720447168
GOBP_RNA_LOCALIZATION,204,2,0.7599385005641853,0.7283519063005891,"SIDT2, DDX39B",0.9266426720447168
GOBP_HEMATOPOIETIC_OR_LYMPHOID_ORGAN_DEVELOPMENT,106,1,0.7609701655854724,0.7008913223334392,SLC40A1,0.9266426720447168
GOBP_REGULATION_OF_CELL_CYCLE_G1_S_PHASE_TRANSITION,205,2,0.7623094250930545,0.7247513186366802,"SMARCD2, CCND3",0.9266426720447168
GOBP_DICARBOXYLIC_ACID_TRANSPORT,107,1,0.7641787024549661,0.6942670453039786,ARL6IP5,0.9266426720447168
GOBP_POSITIVE_REGULATION_OF_LIPID_LOCALIZATION,107,1,0.7641787024549661,0.6942670453039786,EEPD1,0.9266426720447168
GOBP_REGULATION_OF_SISTER_CHROMATID_SEGREGATION,107,1,0.7641787024549661,0.6942670453039786,SMARCD2,0.9266426720447168
GOBP_SPROUTING_ANGIOGENESIS,206,2,0.7646600180118973,0.721186030851607,"HDAC7, EPN1",0.9266426720447168
GOBP_ADAPTIVE_IMMUNE_RESPONSE_BASED_ON_SOMATIC_RECOMBINATION_OF_IMMUNE_RECEPTORS_BUILT_FROM_IMMUNOGLOBULIN_SUPERFAMILY_DOMAINS,389,4,0.7663635401536657,0.7638168755492591,"TNFRSF1B, CD80, CXCL13, TAP2",0.9266426720447168
GOBP_REGULATION_OF_RESPONSE_TO_CYTOKINE_STIMULUS,207,2,0.7669903976732988,0.7176555263617802,"IL1RN, TRIM41",0.9266426720447168
GOBP_CD4_POSITIVE_ALPHA_BETA_T_CELL_DIFFERENTIATION,108,1,0.7673442250114727,0.6877665865352673,CD80,0.9266426720447168
GOBP_POLYSACCHARIDE_METABOLIC_PROCESS,108,1,0.7673442250114727,0.6877665865352673,PHLDA2,0.9266426720447168
GOBP_REGULATION_OF_NEUROTRANSMITTER_TRANSPORT,108,1,0.7673442250114727,0.6877665865352673,FER1L5,0.9266426720447168
GOBP_RETROGRADE_TRANSPORT_ENDOSOME_TO_GOLGI,108,1,0.7673442250114727,0.6877665865352673,YKT6,0.9266426720447168
GOBP_SYNAPTIC_TRANSMISSION_GLUTAMATERGIC,108,1,0.7673442250114727,0.6877665865352673,NTRK1,0.9266426720447168
GOBP_GENERATION_OF_PRECURSOR_METABOLITES_AND_ENERGY,478,5,0.7684882448150304,0.7769419782237147,"POR, IER3, PHLDA2, RPE, MTCO2P12",0.9266426720447168
GOBP_B_CELL_ACTIVATION_INVOLVED_IN_IMMUNE_RESPONSE,109,1,0.7704673091844163,0.6813865066312143,PHF14,0.9266426720447168
GOBP_LONG_CHAIN_FATTY_ACID_METABOLIC_PROCESS,109,1,0.7704673091844163,0.6813865066312143,ACSL3,0.9266426720447168
GOBP_MUSCLE_HYPERTROPHY,109,1,0.7704673091844163,0.6813865066312143,TNFRSF1B,0.9266426720447168
GOBP_NUCLEOSIDE_DIPHOSPHATE_CATABOLIC_PROCESS,109,1,0.7704673091844163,0.6813865066312143,IER3,0.9266426720447168
GOBP_POLYOL_METABOLIC_PROCESS,109,1,0.7704673091844163,0.6813865066312143,GPD2,0.9266426720447168
GOBP_PROTEIN_TARGETING_TO_MITOCHONDRION,109,1,0.7704673091844163,0.6813865066312143,TRMT10B,0.9266426720447168
GOBP_POSITIVE_REGULATION_OF_PROTEOLYSIS,209,2,0.7715909930096942,0.7106968508449651,"TNFRSF1B, SEMG2",0.9266426720447168
GOBP_MUSCLE_CELL_MIGRATION,110,1,0.7735485232017242,0.6751234924120972,MIR140,0.9266426720447168
GOBP_NEGATIVE_REGULATION_OF_RESPONSE_TO_CYTOKINE_STIMULUS,110,1,0.7735485232017242,0.6751234924120972,IL1RN,0.9266426720447168
GOBP_POSITIVE_REGULATION_OF_CALCIUM_ION_TRANSPORT,110,1,0.7735485232017242,0.6751234924120972,CCL3,0.9266426720447168
GOBP_POSITIVE_REGULATION_OF_ENDOTHELIAL_CELL_PROLIFERATION,110,1,0.7735485232017242,0.6751234924120972,PRKD2,0.9266426720447168
GOBP_REGULATION_OF_FATTY_ACID_METABOLIC_PROCESS,110,1,0.7735485232017242,0.6751234924120972,UGT1A10,0.9266426720447168
GOBP_SMOOTH_MUSCLE_CONTRACTION,110,1,0.7735485232017242,0.6751234924120972,EDN3,0.9266426720447168
GOBP_TISSUE_MIGRATION,110,1,0.7735485232017242,0.6751234924120972,KRT2,0.9266426720447168
GOBP_IMMUNE_SYSTEM_DEVELOPMENT,210,2,0.7738614476639512,0.7072676958423787,"NR5A2, SLC40A1",0.9266426720447168
GOBP_REGULATION_OF_PROTEIN_STABILITY,394,4,0.7748731985557895,0.7539583514702889,"USP48, CREBL2, PML, NF2",0.9266426720447168
GOBP_ENDOTHELIAL_CELL_PROLIFERATION,211,2,0.776112166953547,0.7038713557199984,"PRKD2, THAP1",0.9266426720447168
GOBP_AMINO_ACID_CATABOLIC_PROCESS,111,1,0.7765884276926825,0.6689743511774551,TDO2,0.9266426720447168
GOBP_APOPTOTIC_MITOCHONDRIAL_CHANGES,111,1,0.7765884276926825,0.6689743511774551,IER3,0.9266426720447168
GOBP_CELL_FATE_SPECIFICATION,111,1,0.7765884276926825,0.6689743511774551,NTRK3,0.9266426720447168
GOBP_LYTIC_VACUOLE_ORGANIZATION,111,1,0.7765884276926825,0.6689743511774551,ATP6V1D,0.9266426720447168
GOBP_NEUROPEPTIDE_SIGNALING_PATHWAY,111,1,0.7765884276926825,0.6689743511774551,NPY1R,0.9266426720447168
GOBP_POSITIVE_REGULATION_OF_TRANSMEMBRANE_RECEPTOR_PROTEIN_SERINE_THREONINE_KINASE_SIGNALING_PATHWAY,111,1,0.7765884276926825,0.6689743511774551,MIR140,0.9266426720447168
GOBP_REGULATION_OF_HEART_RATE,111,1,0.7765884276926825,0.6689743511774551,EDN3,0.9266426720447168
GOBP_REGULATION_OF_NON_CANONICAL_NF_KAPPAB_SIGNAL_TRANSDUCTION,111,1,0.7765884276926825,0.6689743511774551,HDAC7,0.9266426720447168
GOBP_TRIGLYCERIDE_METABOLIC_PROCESS,111,1,0.7765884276926825,0.6689743511774551,PNLIP,0.9266426720447168
GOBP_AMINO_ACID_TRANSMEMBRANE_TRANSPORT,112,1,0.7795875757894202,0.6629360052790944,ARL6IP5,0.9280649568259153
GOBP_DEFENSE_RESPONSE_TO_GRAM_NEGATIVE_BACTERIUM,112,1,0.7795875757894202,0.6629360052790944,PRB3,0.9280649568259153
GOBP_ERAD_PATHWAY,112,1,0.7795875757894202,0.6629360052790944,NPLOC4,0.9280649568259153
GOBP_POSITIVE_REGULATION_OF_PROTEIN_MODIFICATION_PROCESS,397,4,0.7798606925623377,0.7481636464769121,"TNK2, CREBL2, CD80, WDFY2",0.9280649568259153
GOBP_ANTIGEN_RECEPTOR_MEDIATED_SIGNALING_PATHWAY,213,2,0.7805548814759069,0.6971752538667556,"PRKD2, SLC39A6",0.9280649568259153
GOBP_INSULIN_SECRETION,213,2,0.7805548814759069,0.6971752538667556,"IL1RN, SIDT2",0.9280649568259153
GOBP_CERAMIDE_METABOLIC_PROCESS,113,1,0.782546513227041,0.6570054869848273,ST6GALNAC6,0.9282333640937774
GOBP_DIGESTIVE_SYSTEM_PROCESS,113,1,0.782546513227041,0.6570054869848273,PNLIP,0.9282333640937774
GOBP_FIBROBLAST_PROLIFERATION,113,1,0.782546513227041,0.6570054869848273,PML,0.9282333640937774
GOBP_INTERFERON_MEDIATED_SIGNALING_PATHWAY,113,1,0.782546513227041,0.6570054869848273,TRIM41,0.9282333640937774
GOBP_VESICLE_ORGANIZATION,400,4,0.7847602889851053,0.7424567400437556,"ATP6V1D, YIPF4, BLOC1S4, PLEKHM1",0.92907235858017
GOBP_LOCOMOTORY_BEHAVIOR,215,2,0.7849201036661785,0.6906049004043652,"NPY1R, CNP",0.92907235858017
GOBP_NEGATIVE_REGULATION_OF_IMMUNE_RESPONSE,215,2,0.7849201036661785,0.6906049004043652,"CD80, SERPINB4",0.92907235858017
GOBP_LIPID_OXIDATION,114,1,0.7854657784424166,0.6511799336149315,POR,0.92907235858017
GOBP_ACTOMYOSIN_STRUCTURE_ORGANIZATION,216,2,0.7870739585163844,0.687365777552303,"CCN2, NF2",0.92907235858017
GOBP_POSITIVE_REGULATION_OF_PROTEIN_CATABOLIC_PROCESS,216,2,0.7870739585163844,0.687365777552303,"TNFRSF1B, IER3",0.92907235858017
GOBP_REGULATION_OF_SUPRAMOLECULAR_FIBER_ORGANIZATION,402,4,0.7879782061492837,0.7386999322911212,"CCN2, WHAMM, NF2, TOGARAM2",0.92907235858017
GOBP_ESTABLISHMENT_OF_ORGANELLE_LOCALIZATION,491,5,0.7880689280539479,0.7559872280663018,"SPO11, YKT6, EML3, SPICE1, BLOC1S4",0.92907235858017
GOBP_COLLAGEN_METABOLIC_PROCESS,115,1,0.7883459026716639,0.6454565829345863,TNS2,0.92907235858017
GOBP_REGULATION_OF_CIRCADIAN_RHYTHM,115,1,0.7883459026716639,0.6454565829345863,PML,0.92907235858017
GOBP_REGULATION_OF_VIRAL_LIFE_CYCLE,115,1,0.7883459026716639,0.6454565829345863,NR5A2,0.92907235858017
GOBP_LONG_TERM_SYNAPTIC_POTENTIATION,116,1,0.7911874100463233,0.6398327687867027,MIR320E,0.9293088367937804
GOBP_MACROPHAGE_ACTIVATION,116,1,0.7911874100463233,0.6398327687867027,CCL3,0.9293088367937804
GOBP_OOGENESIS,116,1,0.7911874100463233,0.6398327687867027,SPO11,0.9293088367937804
GOBP_OSTEOCLAST_DIFFERENTIATION,116,1,0.7911874100463233,0.6398327687867027,CCL3,0.9293088367937804
GOBP_BONE_DEVELOPMENT,218,2,0.7913247643650079,0.6809775074824235,"POR, IFT172",0.9293088367937804
GOBP_CELL_MATURATION,218,2,0.7913247643650079,0.6809775074824235,"SEMG2, TMIGD1",0.9293088367937804
GOBP_REGULATION_OF_INNATE_IMMUNE_RESPONSE,495,5,0.7938280784558189,0.7497633054129936,"TNIP3, TRIM41, NPLOC4, SERPINB4, MIR140",0.9313498369960949
GOBP_NEGATIVE_REGULATION_OF_LIPID_METABOLIC_PROCESS,117,1,0.7939908176882502,0.6343059169506419,UGT1A10,0.9313498369960949
GOBP_ANTIGEN_PROCESSING_AND_PRESENTATION,118,1,0.7967566358032451,0.6288735412133076,TAP2,0.9317252690828941
GOBP_LEUKOCYTE_HOMEOSTASIS,118,1,0.7967566358032451,0.6288735412133076,SLC40A1,0.9317252690828941
GOBP_REGULATION_OF_MITOCHONDRION_ORGANIZATION,118,1,0.7967566358032451,0.6288735412133076,IER3,0.9317252690828941
GOBP_VITAMIN_METABOLIC_PROCESS,118,1,0.7967566358032451,0.6288735412133076,FPGS,0.9317252690828941
GOBP_CELLULAR_RESPONSE_TO_STEROID_HORMONE_STIMULUS,221,2,0.7975605442373752,0.6716138787485778,"CALCOCO1, RXRB",0.9317252690828941
GOBP_MAINTENANCE_OF_LOCATION,221,2,0.7975605442373752,0.6716138787485778,"PML, CCL3",0.9317252690828941
GOBP_VESICLE_LOCALIZATION,221,2,0.7975605442373752,0.6716138787485778,"YKT6, BLOC1S4",0.9317252690828941
GOBP_METENCEPHALON_DEVELOPMENT,119,1,0.7994853677734306,0.6235332396400126,CLP1,0.932744350792719
GOBP_REGULATION_OF_SYNAPSE_STRUCTURE_OR_ACTIVITY,318,3,0.8004150355017622,0.7001224111473359,"NTRK3, NTRK1, NCKIPSD",0.932744350792719
GOBP_CILIUM_OR_FLAGELLUM_DEPENDENT_CELL_MOTILITY,223,2,0.8016255379950085,0.6655126907944825,"SEMG2, DNALI1",0.932744350792719
GOBP_RESPONSE_TO_OXIDATIVE_STRESS,411,4,0.801985317294639,0.7222512064538176,"PML, ARL6IP5, PSIP1, TMIGD1",0.932744350792719
GOBP_ORGANIC_CATION_TRANSPORT,120,1,0.8021775102483998,0.618282691033369,SLC25A20,0.932744350792719
GOBP_REGULATION_OF_SIGNAL_TRANSDUCTION_BY_P53_CLASS_MEDIATOR,120,1,0.8021775102483998,0.618282691033369,PML,0.932744350792719
GOBP_MYELOID_LEUKOCYTE_MEDIATED_IMMUNITY,121,1,0.8048335532351453,0.6131196515692344,CCL3,0.932744350792719
GOBP_PRODUCTION_OF_MOLECULAR_MEDIATOR_INVOLVED_IN_INFLAMMATORY_RESPONSE,121,1,0.8048335532351453,0.6131196515692344,MIR140,0.932744350792719
GOBP_REGULATION_OF_POSTSYNAPTIC_MEMBRANE_NEUROTRANSMITTER_RECEPTOR_LEVELS,121,1,0.8048335532351453,0.6131196515692344,SACM1L,0.932744350792719
GOBP_REPRODUCTIVE_SYSTEM_DEVELOPMENT,322,3,0.8071782830493722,0.6912950951668732,"SPO11, NR5A2, NTRK1",0.932744350792719
GOBP_RESPONSE_TO_TRANSFORMING_GROWTH_FACTOR_BETA,322,3,0.8071782830493722,0.6912950951668732,"PML, VASN, MIR140",0.932744350792719
GOBP_MONOSACCHARIDE_TRANSMEMBRANE_TRANSPORT,122,1,0.8074539801867913,0.6080419515994707,CREBL2,0.932744350792719
GOBP_MEIOTIC_CELL_CYCLE_PROCESS,226,2,0.8075871874981368,0.6565651897088461,"TUBG2, SPO11",0.932744350792719
GOBP_NUCLEOTIDE_BIOSYNTHETIC_PROCESS,226,2,0.8075871874981368,0.6565651897088461,"CTPS2, VPS9D1",0.932744350792719
GOBP_RESPONSE_TO_KETONE,226,2,0.8075871874981368,0.6565651897088461,"POR, NTRK3",0.932744350792719
GOBP_SENSORY_PERCEPTION_OF_LIGHT_STIMULUS,226,2,0.8075871874981368,0.6565651897088461,"CLIC5, PDCL",0.932744350792719
GOBP_CELLULAR_RESPONSE_TO_LIGHT_STIMULUS,123,1,0.8100392680901407,0.6030474926119431,MC1R,0.932744350792719
GOBP_POSITIVE_REGULATION_OF_CELL_CYCLE_PHASE_TRANSITION,123,1,0.8100392680901407,0.6030474926119431,CCND3,0.932744350792719
GOBP_REGULATION_OF_ALPHA_BETA_T_CELL_ACTIVATION,123,1,0.8100392680901407,0.6030474926119431,CD80,0.932744350792719
GOBP_RESPONSE_TO_ETHANOL,123,1,0.8100392680901407,0.6030474926119431,NTRK3,0.932744350792719
GOBP_DOUBLE_STRAND_BREAK_REPAIR,324,3,0.8104868800224136,0.6869639354565027,"SPO11, SMARCD2, PML",0.932744350792719
GOBP_REGULATION_OF_LYMPHOCYTE_DIFFERENTIATION,228,2,0.8114724878124118,0.6507321580269,"SMARCD2, CD80",0.932744350792719
GOBP_REGULATION_OF_SYNAPTIC_PLASTICITY,229,2,0.813388765096059,0.6478541864479245,"NSMF, MIR320E",0.932744350792719
GOBP_MUSCLE_ADAPTATION,125,1,0.8151063028846732,0.5933002420047535,TNFRSF1B,0.932744350792719
GOBP_PROTEIN_LOCALIZATION_TO_CELL_JUNCTION,125,1,0.8151063028846732,0.5933002420047535,SACM1L,0.932744350792719
GOBP_REGULATION_OF_IMMUNE_EFFECTOR_PROCESS,420,4,0.8152336275869875,0.706514204328426,"TNFRSF1B, CD80, TAP2, SERPINB4",0.932744350792719
GOBP_PROTEIN_FOLDING,230,2,0.815287623348439,0.6450014602335346,"HSPB6, CWC27",0.932744350792719
GOBP_CELL_ACTIVATION_INVOLVED_IN_IMMUNE_RESPONSE,327,3,0.8153597477856456,0.6805674542171782,"PHF14, CD80, CCL3",0.932744350792719
GOBP_T_CELL_DIFFERENTIATION,327,3,0.8153597477856456,0.6805674542171782,"SMARCD2, IL1A, CD80",0.932744350792719
GOBP_POSITIVE_REGULATION_OF_SECRETION,328,3,0.8169602554375515,0.6784615357782815,"IL1A, ACSL3, EDN3",0.932744350792719
GOBP_RESPIRATORY_SYSTEM_DEVELOPMENT,231,2,0.8171691845881804,0.6421736486584321,"PHF14, CCN2",0.932744350792719
GOBP_LEUKOCYTE_APOPTOTIC_PROCESS,126,1,0.8175889721895193,0.5885435837072452,PRKD2,0.932744350792719
GOBP_CELLULAR_RESPONSE_TO_CHEMICAL_STRESS,329,3,0.8185489670310848,0.6763685370843577,"PML, ARL6IP5, TMIGD1",0.932744350792719
GOBP_POSITIVE_REGULATION_OF_NEUROGENESIS,232,2,0.8190335706956278,0.6393704267490627,"TNFRSF1B, NTRK3",0.932744350792719
GOBP_COGNITION,330,3,0.8201259397290297,0.6742883396056369,"ARL6IP5, DEAF1, NTRK1",0.932744350792719
GOBP_NEGATIVE_REGULATION_OF_HEMOPOIESIS,128,1,0.8224548745655335,0.5792549911240158,CCL3,0.932744350792719
GOBP_PROTEIN_TARGETING_TO_MEMBRANE,128,1,0.8224548745655335,0.5792549911240158,SEC62,0.932744350792719
GOBP_PYRUVATE_METABOLIC_PROCESS,128,1,0.8224548745655335,0.5792549911240158,IER3,0.932744350792719
GOBP_RESPONSE_TO_TYPE_II_INTERFERON,128,1,0.8224548745655335,0.5792549911240158,CCL3,0.932744350792719
GOBP_REGULATION_OF_DEVELOPMENTAL_GROWTH,332,3,0.823244898062624,0.670165881380182,"SPART, NTRK3, NPY1R",0.932744350792719
GOBP_LYMPHOCYTE_ACTIVATION_INVOLVED_IN_IMMUNE_RESPONSE,235,2,0.8245248945751328,0.6311051329639896,"PHF14, CD80",0.932744350792719
GOBP_RESPONSE_TO_ORGANOPHOSPHORUS,129,1,0.8248389935277989,0.5747195455256455,P2RY11,0.932744350792719
GOBP_REGULATION_OF_TRANSMEMBRANE_RECEPTOR_PROTEIN_SERINE_THREONINE_KINASE_SIGNALING_PATHWAY,334,3,0.8263175914917423,0.6660932413808229,"SPART, VASN, MIR140",0.932744350792719
GOBP_ATP_METABOLIC_PROCESS,236,2,0.8263217955654575,0.6283971307264566,"VPS9D1, IER3",0.932744350792719
GOBP_CELL_SURFACE_RECEPTOR_SIGNALING_PATHWAY_VIA_JAK_STAT,130,1,0.8271911384049445,0.5702544169125977,NF2,0.932744350792719
GOBP_CHLORIDE_TRANSPORT,130,1,0.8271911384049445,0.5702544169125977,CLIC5,0.932744350792719
GOBP_CYTOKINE_PRODUCTION_INVOLVED_IN_IMMUNE_RESPONSE,130,1,0.8271911384049445,0.5702544169125977,TNFRSF1B,0.932744350792719
GOBP_GLAND_MORPHOGENESIS,130,1,0.8271911384049445,0.5702544169125977,PML,0.932744350792719
GOBP_REGULATION_OF_RECEPTOR_MEDIATED_ENDOCYTOSIS,130,1,0.8271911384049445,0.5702544169125977,TNK2,0.932744350792719
GOBP_TUMOR_NECROSIS_FACTOR_MEDIATED_SIGNALING_PATHWAY,130,1,0.8271911384049445,0.5702544169125977,TNFRSF1B,0.932744350792719
GOBP_CELLULAR_RESPONSE_TO_PEPTIDE_HORMONE_STIMULUS,335,3,0.8278367336836053,0.664075321862997,"LEPROTL1, TNS2, POR",0.932744350792719
GOBP_NEGATIVE_REGULATION_OF_PHOSPHORYLATION,131,1,0.829511737467957,0.565857982585227,AKT1S1,0.932744350792719
GOBP_ODONTOGENESIS,131,1,0.829511737467957,0.565857982585227,NF2,0.932744350792719
GOBP_TYPE_I_INTERFERON_PRODUCTION,131,1,0.829511737467957,0.565857982585227,NPLOC4,0.932744350792719
GOBP_NEGATIVE_REGULATION_OF_NEURON_PROJECTION_DEVELOPMENT,132,1,0.8318012132586912,0.5615286693919683,SPART,0.932744350792719
GOBP_POSITIVE_REGULATION_OF_MONOATOMIC_ION_TRANSMEMBRANE_TRANSPORT,132,1,0.8318012132586912,0.5615286693919683,EDN3,0.932744350792719
GOBP_REGULATION_OF_MYELOID_LEUKOCYTE_DIFFERENTIATION,132,1,0.8318012132586912,0.5615286693919683,CCL3,0.932744350792719
GOBP_ACTIVATION_OF_INNATE_IMMUNE_RESPONSE,339,3,0.833799964985014,0.6561237580482474,"TNIP3, NPLOC4, MIR140",0.932744350792719
GOBP_RESPONSE_TO_LIGHT_STIMULUS,339,3,0.833799964985014,0.6561237580482474,"PML, DEAF1, MC1R",0.932744350792719
GOBP_AUTOPHAGOSOME_ORGANIZATION,133,1,0.8340599826664146,0.557264951852516,RAB33B,0.932744350792719
GOBP_FORMATION_OF_PRIMARY_GERM_LAYER,133,1,0.8340599826664146,0.557264951852516,NF2,0.932744350792719
GOBP_MRNA_TRANSPORT,133,1,0.8340599826664146,0.557264951852516,DDX39B,0.932744350792719
GOBP_LEUKOCYTE_CELL_CELL_ADHESION,434,4,0.8343888039519607,0.6833438068799383,"SMARCD2, IL1A, NR5A2, CD80",0.932744350792719
GOBP_MEMBRANELESS_ORGANELLE_ASSEMBLY,434,4,0.8343888039519607,0.6833438068799383,"MOSPD2, EML3, SPICE1, VCX",0.932744350792719
GOBP_POTASSIUM_ION_TRANSPORT,241,2,0.835060183974642,0.6151970361358193,"EDN3, GNB2",0.932744350792719
GOBP_PROTEIN_TARGETING,340,3,0.8352627310193874,0.654165361025511,"SEC62, PML, TRMT10B",0.932744350792719
GOBP_CD4_POSITIVE_ALPHA_BETA_T_CELL_ACTIVATION,134,1,0.8362884570033279,0.5530653503656704,CD80,0.932744350792719
GOBP_NEGATIVE_REGULATION_OF_TRANSMEMBRANE_TRANSPORT,134,1,0.8362884570033279,0.5530653503656704,ARL6IP5,0.932744350792719
GOBP_REGULATION_OF_CHROMOSOME_SEGREGATION,134,1,0.8362884570033279,0.5530653503656704,SMARCD2,0.932744350792719
GOBP_REGULATION_OF_MRNA_PROCESSING,134,1,0.8362884570033279,0.5530653503656704,HDAC7,0.932744350792719
GOBP_NEGATIVE_REGULATION_OF_APOPTOTIC_SIGNALING_PATHWAY,242,2,0.8367594793955222,0.6126230176902919,"IL1A, IER3",0.932744350792719
GOBP_POSTSYNAPSE_ORGANIZATION,242,2,0.8367594793955222,0.6126230176902919,"NTRK3, NCKIPSD",0.932744350792719
GOBP_PROTEIN_STABILIZATION,242,2,0.8367594793955222,0.6126230176902919,"CREBL2, PML",0.932744350792719
GOBP_RESPONSE_TO_TUMOR_NECROSIS_FACTOR,243,2,0.8384429263933253,0.6100703603935764,"TNFRSF1B, CCL3",0.932744350792719
GOBP_GLIAL_CELL_DEVELOPMENT,135,1,0.8384870420790806,0.5489284294974318,NTRK3,0.932744350792719
GOBP_HEMATOPOIETIC_PROGENITOR_CELL_DIFFERENTIATION,135,1,0.8384870420790806,0.5489284294974318,DNAI4,0.932744350792719
GOBP_INORGANIC_ANION_TRANSMEMBRANE_TRANSPORT,135,1,0.8384870420790806,0.5489284294974318,CLIC5,0.932744350792719
GOBP_MICROTUBULE_BUNDLE_FORMATION,135,1,0.8384870420790806,0.5489284294974318,DNAI4,0.932744350792719
GOBP_NEGATIVE_REGULATION_OF_RESPONSE_TO_BIOTIC_STIMULUS,135,1,0.8384870420790806,0.5489284294974318,SERPINB4,0.932744350792719
GOBP_NUCLEOSIDE_DIPHOSPHATE_METABOLIC_PROCESS,135,1,0.8384870420790806,0.5489284294974318,IER3,0.932744350792719
GOBP_POSITIVE_REGULATION_OF_ADAPTIVE_IMMUNE_RESPONSE,135,1,0.8384870420790806,0.5489284294974318,TAP2,0.932744350792719
GOBP_POSITIVE_REGULATION_OF_MITOTIC_CELL_CYCLE,135,1,0.8384870420790806,0.5489284294974318,CCND3,0.932744350792719
GOBP_REGULATION_OF_CELL_MORPHOGENESIS,244,2,0.8401106439097006,0.6075387994380441,"NF2, CCL3",0.932744350792719
GOBP_CARDIAC_MUSCLE_CELL_DIFFERENTIATION,136,1,0.8406561382742903,0.5448527963451776,RXRB,0.932744350792719
GOBP_REGULATION_OF_CYTOPLASMIC_PATTERN_RECOGNITION_RECEPTOR_SIGNALING_PATHWAY,136,1,0.8406561382742903,0.5448527963451776,NPLOC4,0.932744350792719
GOBP_STEROL_TRANSPORT,136,1,0.8406561382742903,0.5448527963451776,EEPD1,0.932744350792719
GOBP_MUSCLE_CELL_DIFFERENTIATION,439,4,0.8408162407115147,0.6754301079145251,"CCL8, LAMA2, RXRB, MIR140",0.932744350792719
GOBP_SENSORY_SYSTEM_DEVELOPMENT,439,4,0.8408162407115147,0.6754301079145251,"GPD2, IFT172, NTRK3, NF2",0.932744350792719
GOBP_VACUOLE_ORGANIZATION,245,2,0.8417627505486487,0.6050280743750399,"ATP6V1D, RAB33B",0.932744350792719
GOBP_REGULATION_OF_LEUKOCYTE_DIFFERENTIATION,345,3,0.8424112506816437,0.6445451651237046,"SMARCD2, CD80, CCL3",0.932744350792719
GOBP_INSULIN_RECEPTOR_SIGNALING_PATHWAY,137,1,0.8427961406130826,0.5408370989740092,TNS2,0.932744350792719
GOBP_PROTEIN_LOCALIZATION_TO_MITOCHONDRION,137,1,0.8427961406130826,0.5408370989740092,TRMT10B,0.932744350792719
GOBP_REGULATION_OF_WOUND_HEALING,137,1,0.8427961406130826,0.5408370989740092,HRG,0.932744350792719
GOBP_RESPONSE_TO_CARBOHYDRATE,246,2,0.8433993645642206,0.6025379290255586,"SIDT2, MIR320E",0.932744350792719
GOBP_RESPONSE_TO_METAL_ION,346,3,0.843808305775634,0.6426547826052644,"IL1A, ATF1, SLC30A5",0.932744350792719
GOBP_CELL_SURFACE_RECEPTOR_PROTEIN_SERINE_THREONINE_KINASE_SIGNALING_PATHWAY,442,4,0.8445712979974885,0.6707686140031364,"SPART, PML, VASN, MIR140",0.932744350792719
GOBP_CARBOHYDRATE_TRANSPORT,138,1,0.8449074388346602,0.5368800249215794,CREBL2,0.932744350792719
GOBP_ENDOCRINE_SYSTEM_DEVELOPMENT,138,1,0.8449074388346602,0.5368800249215794,SIDT2,0.932744350792719
GOBP_MYOTUBE_DIFFERENTIATION,138,1,0.8449074388346602,0.5368800249215794,CCL8,0.932744350792719
GOBP_SEQUESTERING_OF_CALCIUM_ION,138,1,0.8449074388346602,0.5368800249215794,CCL3,0.932744350792719
GOBP_NEUTRAL_LIPID_METABOLIC_PROCESS,139,1,0.8469904174639207,0.5329802997679274,PNLIP,0.9340163559615873
GOBP_T_CELL_ACTIVATION_INVOLVED_IN_IMMUNE_RESPONSE,139,1,0.8469904174639207,0.5329802997679274,CD80,0.9340163559615873
GOBP_ALPHA_BETA_T_CELL_DIFFERENTIATION,140,1,0.8490454558811293,0.5291366857670478,CD80,0.9340523300642064
GOBP_NON_CANONICAL_NF_KAPPAB_SIGNAL_TRANSDUCTION,140,1,0.8490454558811293,0.5291366857670478,HDAC7,0.9340523300642064
GOBP_PROTEIN_AUTOPHOSPHORYLATION,140,1,0.8490454558811293,0.5291366857670478,NTRK1,0.9340523300642064
GOBP_HEMOSTASIS,250,2,0.8497932465690797,0.5927781657999391,"HRG, BLOC1S4",0.9340523300642064
GOBP_CELLULAR_RESPONSE_TO_ABIOTIC_STIMULUS,351,3,0.8506335937837417,0.6333658340226715,"INTS7, NSMF, MC1R",0.9340523300642064
GOBP_CAMERA_TYPE_EYE_MORPHOGENESIS,141,1,0.8510729283906624,0.5253479805371064,IFT172,0.9340523300642064
GOBP_POSITIVE_REGULATION_OF_DNA_REPAIR,141,1,0.8510729283906624,0.5253479805371064,SMARCD2,0.9340523300642064
GOBP_EXTERNAL_ENCAPSULATING_STRUCTURE_ORGANIZATION,352,3,0.8519670691916538,0.6315399833842562,"TNFRSF1B, THSD4, LAMA2",0.9340523300642064
GOBP_SODIUM_ION_TRANSPORT,252,2,0.8529002787772795,0.5880154013452354,"TPCN1, ASIC5",0.9340523300642064
GOBP_POSITIVE_REGULATION_OF_CELL_DEVELOPMENT,449,4,0.8530436805980377,0.6601362177775767,"TNFRSF1B, SMARCD2, CD80, NTRK3",0.9340523300642064
GOBP_DENDRITE_MORPHOGENESIS,142,1,0.8530732042888343,0.5216130158063919,NSMF,0.9340523300642064
GOBP_MEIOSIS_I_CELL_CYCLE_PROCESS,142,1,0.8530732042888343,0.5216130158063919,SPO11,0.9340523300642064
GOBP_MESODERM_DEVELOPMENT,142,1,0.8530732042888343,0.5216130158063919,NF2,0.9340523300642064
GOBP_REGULATION_OF_SMALL_MOLECULE_METABOLIC_PROCESS,354,3,0.8546029127578154,0.6279194932293356,"SIRT5, IER3, UGT1A10",0.934258550835068
GOBP_HEPATICOBILIARY_SYSTEM_DEVELOPMENT,143,1,0.8550466479308179,0.5179306562122548,UGT1A10,0.934258550835068
GOBP_REGULATION_OF_POSTSYNAPSE_ORGANIZATION,143,1,0.8550466479308179,0.5179306562122548,NCKIPSD,0.934258550835068
GOBP_REGULATION_OF_INFLAMMATORY_RESPONSE,451,4,0.8553912603370706,0.6571595545963235,"TNFRSF1B, NR5A2, IER3, CCL3",0.934258550835068
GOBP_EPIDERMAL_CELL_DIFFERENTIATION,254,2,0.8559486081617766,0.5833282363259357,"KRT2, LIPK",0.934258550835068
GOBP_RESPONSE_TO_PEPTIDE_HORMONE,452,4,0.8565530514814268,0.6556811895118554,"LEPROTL1, TNS2, POR, REG1B",0.934258550835068
GOBP_NEGATIVE_REGULATION_OF_ESTABLISHMENT_OF_PROTEIN_LOCALIZATION,144,1,0.8569936187966734,0.5142997981504411,RAB11FIP3,0.934258550835068
GOBP_SPECIFICATION_OF_SYMMETRY,144,1,0.8569936187966734,0.5142997981504411,IFT172,0.934258550835068
GOBP_MYELOID_LEUKOCYTE_DIFFERENTIATION,255,2,0.8574510466558023,0.5810124433320694,"BATF3, CCL3",0.934258550835068
GOBP_ORGANIC_ACID_TRANSPORT,357,3,0.8584798005337198,0.6225654632965686,"ACSL3, ARL6IP5, SLC25A20",0.9343582009955649
GOBP_DIGESTION,145,1,0.8589144715564944,0.5107193686723702,PNLIP,0.9343582009955649
GOBP_CELLULAR_RESPONSE_TO_NUTRIENT_LEVELS,256,2,0.858939153381573,0.5787148849286139,"PRKAB2, RXRB",0.9343582009955649
GOBP_HOMEOSTASIS_OF_NUMBER_OF_CELLS,359,3,0.8610138329290535,0.6190462413742879,"GLIS2, SLC40A1, SLC48A1",0.9352727996185242
GOBP_MYELOID_LEUKOCYTE_ACTIVATION,258,2,0.8618728258525543,0.5741736171465139,"BATF3, CCL3",0.9352727996185242
GOBP_MITOTIC_CELL_CYCLE_PHASE_TRANSITION,457,4,0.8622435082118127,0.6483872690617185,"SMARCD2, CCND3, MIIP, IER3",0.9352727996185242
GOBP_DEVELOPMENTAL_MATURATION,360,3,0.8622658591301963,0.6173014170598266,"ATP6V1D, SEMG2, TMIGD1",0.9352727996185242
GOBP_RHO_PROTEIN_SIGNAL_TRANSDUCTION,147,1,0.862679217773384,0.5037056506523915,ARHGEF3,0.9352727996185242
GOBP_FAT_CELL_DIFFERENTIATION,259,2,0.8633186175784394,0.5719294887093126,"CREBL2, WDFY2",0.9352727996185242
GOBP_RESPONSE_TO_RADIATION,458,4,0.8633581610501696,0.6469477640565267,"PML, INTS7, DEAF1, MC1R",0.9352727996185242
GOBP_REGULATION_OF_CELLULAR_COMPONENT_SIZE,361,3,0.8635079709482438,0.6155663403671987,"SPART, NTRK3, AKT1S1",0.9352727996185242
GOBP_REGULATION_OF_JNK_CASCADE,148,1,0.8645237970950274,0.5002703601930022,CCN2,0.9356087938924236
GOBP_VESICLE_MEDIATED_TRANSPORT_IN_SYNAPSE,260,2,0.8647505294820358,0.5697027566164993,"ATP6V1D, SACM1L",0.9356087938924236
GOBP_ALCOHOL_BIOSYNTHETIC_PROCESS,149,1,0.866343630164097,0.4968814925772566,MOXD2P,0.9363229217767058
GOBP_NEGATIVE_REGULATION_OF_CANONICAL_WNT_SIGNALING_PATHWAY,149,1,0.866343630164097,0.4968814925772566,TLE7,0.9363229217767058
GOBP_REGULATION_OF_MUSCLE_SYSTEM_PROCESS,262,2,0.8675731604225309,0.5653006785558375,"TNFRSF1B, EDN3",0.937147111392906
GOBP_OXIDATIVE_PHOSPHORYLATION,150,1,0.8681390485480296,0.49353811311703566,MTCO2P12,0.9372539378353391
GOBP_REGULATION_OF_INTRACELLULAR_PROTEIN_TRANSPORT,151,1,0.8699103793773177,0.49023931204923665,RBM22,0.9385643319702818
GOBP_STEM_CELL_DIFFERENTIATION,264,2,0.8703416068439078,0.5609658077934825,"NR5A2, EDN3",0.9385643319702818
GOBP_ALCOHOL_METABOLIC_PROCESS,367,3,0.8707557479465196,0.6053560813675666,"GPD2, PNLIP, MOXD2P",0.9385643319702818
GOBP_PROTEIN_POLYUBIQUITINATION,265,2,0.8717057861781654,0.5588230960096883,"SPOP, TRIM8",0.9388974457410028
GOBP_ORGANIC_ANION_TRANSPORT,466,4,0.8720004179677274,0.6356560624567349,"ACSL3, SLC39A6, ARL6IP5, SLC25A20",0.9388974457410028
GOBP_CARBOHYDRATE_DERIVATIVE_CATABOLIC_PROCESS,266,2,0.8730567487231335,0.5566966168908439,"IER3, NUDT16",0.9393771728745333
GOBP_ADULT_BEHAVIOR,153,1,0.8733820650642148,0.4837719257441639,CNP,0.9393771728745333
GOBP_POSITIVE_REGULATION_OF_APOPTOTIC_SIGNALING_PATHWAY,154,1,0.8750830525278321,0.4806016383391852,PML,0.9398275181740646
GOBP_POSITIVE_REGULATION_OF_HORMONE_SECRETION,154,1,0.8750830525278321,0.4806016383391852,EDN3,0.9398275181740646
GOBP_REGULATION_OF_AUTOPHAGY,371,3,0.875396778802143,0.5987342104939707,"ATP6V1D, TRIM8, TPCN1",0.9398275181740646
GOBP_MONOSACCHARIDE_METABOLIC_PROCESS,268,2,0.8757194576508323,0.5524916243473336,"GPD2, NPY1R",0.9398275181740646
GOBP_MYELOID_CELL_DIFFERENTIATION,470,4,0.8761421457417413,0.6301555983723146,"BATF3, PML, SLC48A1, CCL3",0.9398275181740646
GOBP_NEUROTRANSMITTER_SECRETION,155,1,0.8767612177635036,0.47747252349756475,FER1L5,0.9399891901983716
GOBP_REGULATION_OF_MEMBRANE_POTENTIAL,472,4,0.8781692133291918,0.627440625715164,"SPART, NTRK3, ARL6IP5, ASIC5",0.9405010402439823
GOBP_POSITIVE_REGULATION_OF_LEUKOCYTE_MEDIATED_IMMUNITY,156,1,0.8784168665908112,0.47438378433098605,TAP2,0.9405010402439823
GOBP_CELL_CYCLE_G1_S_PHASE_TRANSITION,271,2,0.879617094747816,0.5463013751005656,"SMARCD2, CCND3",0.9405010402439823
GOBP_RESPONSE_TO_ALCOHOL,271,2,0.879617094747816,0.5463013751005656,"NTRK3, CCL3",0.9405010402439823
GOBP_POSITIVE_REGULATION_OF_PROTEIN_SECRETION,157,1,0.8800503007365215,0.4713346443841663,IL1A,0.9405010402439823
GOBP_REGULATION_OF_LIPID_TRANSPORT,157,1,0.8800503007365215,0.4713346443841663,EEPD1,0.9405010402439823
GOBP_ERYTHROCYTE_HOMEOSTASIS,159,1,0.8832517117536396,0.46535215461414997,SLC48A1,0.9429181837710396
GOBP_NEGATIVE_REGULATION_OF_LEUKOCYTE_CELL_CELL_ADHESION,159,1,0.8832517117536396,0.46535215461414997,CD80,0.9429181837710396
GOBP_POSITIVE_REGULATION_OF_IMMUNE_EFFECTOR_PROCESS,275,2,0.8846384102236835,0.5382593418900942,"CD80, TAP2",0.943734824488291
GOBP_HEART_MORPHOGENESIS,276,2,0.885863092628435,0.5362855216950164,"IFT172, NPY1R",0.943734824488291
GOBP_DNA_TEMPLATED_DNA_REPLICATION,161,1,0.8863677848332977,0.4595192270871857,METTL4,0.943734824488291
GOBP_MICROTUBULE_ORGANIZING_CENTER_ORGANIZATION,161,1,0.8863677848332977,0.4595192270871857,SPICE1,0.943734824488291
GOBP_REGULATION_OF_TUBE_SIZE,161,1,0.8863677848332977,0.4595192270871857,EDN3,0.943734824488291
GOBP_CELL_SURFACE_RECEPTOR_SIGNALING_PATHWAY_VIA_STAT,162,1,0.8878945320127154,0.45665710736855303,NF2,0.944358413221791
GOBP_LEARNING,162,1,0.8878945320127154,0.45665710736855303,DEAF1,0.944358413221791
GOBP_HINDBRAIN_DEVELOPMENT,163,1,0.8894007919349215,0.4538303224609819,CLP1,0.9446474111205639
GOBP_CARBOHYDRATE_HOMEOSTASIS,279,2,0.8894652406047571,0.5304495695654914,"SIDT2, MIR320E",0.9446474111205639
GOBP_REGULATION_OF_G_PROTEIN_COUPLED_RECEPTOR_SIGNALING_PATHWAY,164,1,0.8908868391684973,0.4510382220305315,PDCL,0.9446474111205639
GOBP_LIPID_LOCALIZATION,486,4,0.8915692203149429,0.609066682129195,"EEPD1, ACSL3, SPART, SLC25A20",0.9446474111205639
GOBP_RESPONSE_TO_TOPOLOGICALLY_INCORRECT_PROTEIN,165,1,0.8923529446069386,0.44828017160506434,CREB3L4,0.9446474111205639
GOBP_BRANCHING_MORPHOGENESIS_OF_AN_EPITHELIAL_TUBE,166,1,0.8937993755177841,0.44555555209358544,PML,0.9446474111205639
GOBP_OLEFINIC_COMPOUND_METABOLIC_PROCESS,166,1,0.8937993755177841,0.44555555209358544,PNLIP,0.9446474111205639
GOBP_POSITIVE_REGULATION_OF_CELL_GROWTH,166,1,0.8937993755177841,0.44555555209358544,NTRK3,0.9446474111205639
GOBP_POSITIVE_REGULATION_OF_INFLAMMATORY_RESPONSE,166,1,0.8937993755177841,0.44555555209358544,CCL3,0.9446474111205639
GOBP_ANATOMICAL_STRUCTURE_MATURATION,283,2,0.8941041300978958,0.5228621395124595,"SEMG2, TMIGD1",0.9446474111205639
GOBP_TELENCEPHALON_DEVELOPMENT,283,2,0.8941041300978958,0.5228621395124595,"EZH1, NF2",0.9446474111205639
GOBP_REGULATION_OF_BODY_FLUID_LEVELS,389,3,0.8944997275491265,0.5706341470402582,"HRG, BLOC1S4, MTCO2P12",0.9446474111205639
GOBP_AMINO_ACID_TRANSPORT,167,1,0.8952263955910874,0.4428637593229552,ARL6IP5,0.9446474111205639
GOBP_DETOXIFICATION,167,1,0.8952263955910874,0.4428637593229552,UGT1A10,0.9446474111205639
GOBP_NEGATIVE_REGULATION_OF_CYTOSKELETON_ORGANIZATION,167,1,0.8952263955910874,0.4428637593229552,TOGARAM2,0.9446474111205639
GOBP_ADAPTIVE_THERMOGENESIS,169,1,0.898023240384173,0.43757630923705504,PRKAB2,0.947100705964811
GOBP_CYTOPLASMIC_TRANSLATION,170,1,0.8993935750238833,0.4349795142240972,EIF3CL,0.9480477442609947
GOBP_CARDIOCYTE_DIFFERENTIATION,171,1,0.9007455187583995,0.4324132697404731,RXRB,0.9484765247366778
GOBP_HOMOPHILIC_CELL_ADHESION_VIA_PLASMA_MEMBRANE_ADHESION_MOLECULES,171,1,0.9007455187583995,0.4324132697404731,NEXN,0.9484765247366778
GOBP_NEGATIVE_REGULATION_OF_SUPRAMOLECULAR_FIBER_ORGANIZATION,172,1,0.9020793180950886,0.42987703981198805,TOGARAM2,0.9493829005856543
GOBP_B_CELL_ACTIVATION,292,2,0.9038873468161653,0.50655570578303,"PHF14, NTRK1",0.9501411619412691
GOBP_EYE_MORPHOGENESIS,174,1,0.9046934531488615,0.4248925416859898,IFT172,0.9501411619412691
GOBP_FEMALE_GAMETE_GENERATION,174,1,0.9046934531488615,0.4248925416859898,SPO11,0.9501411619412691
GOBP_POSITIVE_REGULATION_OF_DEVELOPMENTAL_GROWTH,174,1,0.9046934531488615,0.4248925416859898,NTRK3,0.9501411619412691
GOBP_REGULATION_OF_UBIQUITIN_DEPENDENT_PROTEIN_CATABOLIC_PROCESS,175,1,0.9059742655568583,0.42244326243410507,PML,0.9509886772869323
GOBP_REGULATION_OF_APOPTOTIC_SIGNALING_PATHWAY,403,3,0.907494327341687,0.5505269905188721,"IL1A, IER3, PML",0.9516328224899608
GOBP_INORGANIC_ANION_TRANSPORT,177,1,0.908484548027287,0.4176282020860417,CLIC5,0.9516328224899608
GOBP_MONOATOMIC_ANION_TRANSPORT,177,1,0.908484548027287,0.4176282020860417,CLIC5,0.9516328224899608
GOBP_NEGATIVE_REGULATION_OF_LYMPHOCYTE_ACTIVATION,177,1,0.908484548027287,0.4176282020860417,CD80,0.9516328224899608
GOBP_MEIOTIC_CELL_CYCLE,298,2,0.9099334780061887,0.49623564299242084,"TUBG2, SPO11",0.9522043151785269
GOBP_ORGANOPHOSPHATE_ESTER_TRANSPORT,179,1,0.9109278949390989,0.4129213453405262,SLC35A5,0.9522043151785269
GOBP_REGULATION_OF_INSULIN_SECRETION,179,1,0.9109278949390989,0.4129213453405262,SIDT2,0.9522043151785269
GOBP_REGULATION_OF_MUSCLE_CONTRACTION,179,1,0.9109278949390989,0.4129213453405262,EDN3,0.9522043151785269
GOBP_PLASMA_MEMBRANE_ORGANIZATION,180,1,0.9121250264836276,0.4106073599011076,WHAMM,0.9529593587468197
GOBP_CELL_FATE_COMMITMENT,302,2,0.9137643559187634,0.4895849358597136,"PML, NTRK3",0.9541753706186046
GOBP_EMBRYONIC_ORGAN_MORPHOGENESIS,304,2,0.9156219695398496,0.4863256489202253,"IFT172, HOXC4",0.955617937008049
GOBP_NEGATIVE_REGULATION_OF_WNT_SIGNALING_PATHWAY,184,1,0.916755000957991,0.4016043127252045,TLE7,0.9563031636812307
GOBP_REGULATION_OF_LIPID_LOCALIZATION,185,1,0.9178739123124667,0.39941471293607367,EEPD1,0.9569729568888938
GOBP_PURINE_NUCLEOTIDE_BIOSYNTHETIC_PROCESS,191,1,0.92427890482352415,0.38676113099351467,VPS9D1,0.962650628946971
GOBP_REGULATION_OF_EXOCYTOSIS,191,1,0.92427890482352415,0.38676113099351467,RAB33B,0.962650628946971
GOBP_REGENERATION,192,1,0.925296808629728,0.38472949130937384,NTRK3,0.9631205917840148
GOBP_MYELOID_CELL_HOMEOSTASIS,193,1,0.926301046240279,0.3827190145384681,SLC48A1,0.9631205917840148
GOBP_RIBOSOME_BIOGENESIS,317,2,0.9268094543167313,0.4661491107192815,"VCX, NUDT16",0.9631205917840148
GOBP_APPENDAGE_DEVELOPMENT,194,1,0.9272918009030156,0.3807293717235993,IFT172,0.9631205917840148
GOBP_SIGNAL_TRANSDUCTION_BY_P53_CLASS_MEDIATOR,194,1,0.9272918009030156,0.3807293717235993,PML,0.9631205917840148
GOBP_REGULATION_OF_ENDOCYTOSIS,318,2,0.9276094189927755,0.4646658306467809,"EPHA3, TNK2",0.9631205917840148
GOBP_REGULATION_OF_MACROAUTOPHAGY,195,1,0.9282692534117468,0.37876024069019143,ATP6V1D,0.9633073379510734
GOBP_STRIATED_MUSCLE_CELL_DIFFERENTIATION,320,2,0.9291846454298427,0.461727256918129,"CCL8, RXRB",0.96375895781793
GOBP_AEROBIC_RESPIRATION,197,1,0.930184963068781,0.3748822581444123,MTCO2P12,0.963800320536419
GOBP_CYTOPLASMIC_PATTERN_RECOGNITION_RECEPTOR_SIGNALING_PATHWAY,197,1,0.930184963068781,0.3748822581444123,NPLOC4,0.963800320536419
GOBP_SKIN_DEVELOPMENT,327,2,0.9344465571820141,0.4517270644742685,"KRT2, LIPK",0.9675351054380835
GOBP_POSITIVE_REGULATION_OF_MRNA_CATABOLIC_PROCESS,202,1,0.9347536469578694,0.3655249370740851,MIR140,0.9675351054380835
GOBP_ALPHA_BETA_T_CELL_ACTIVATION,203,1,0.9356309069596926,0.36370906090562927,CD80,0.9679439331278883
GOBP_POSITIVE_REGULATION_OF_PROTEIN_CONTAINING_COMPLEX_ASSEMBLY,206,1,0.9381926357980273,0.35836772758994545,CXCL13,0.9695945520322558
GOBP_REGULATION_OF_REPRODUCTIVE_PROCESS,206,1,0.9381926357980273,0.35836772758994545,SEMG2,0.9695945520322558
GOBP_REGULATION_OF_HEMOPOIESIS,446,3,0.9388355441119799,0.49671554516496097,"SMARCD2, CD80, CCL3",0.9697596176184989
GOBP_RENAL_SYSTEM_DEVELOPMENT,335,2,0.9400063697275569,0.4408130835296924,"TNS2, GLIS2",0.970469539116876
GOBP_WOUND_HEALING,450,3,0.9411865023894681,0.4922361573810086,"HRG, IL1A, BLOC1S4",0.9711883343422428
GOBP_STEROID_METABOLIC_PROCESS,338,2,0.9419735075730398,0.4368543292803108,"NR5A2, POR",0.971500940235915
GOBP_MORPHOGENESIS_OF_A_BRANCHING_STRUCTURE,214,1,0.9445370079366868,0.34485975475587005,PML,0.9736444658083876
GOBP_NEGATIVE_REGULATION_OF_TRANSLATION,216,1,0.9460187367760342,0.3416398309979736,PML,0.9739193389685467
GOBP_ENERGY_DERIVATION_BY_OXIDATION_OF_ORGANIC_COMPOUNDS,345,2,0.9463277594957246,0.4278865390409079,"PHLDA2, MTCO2P12",0.9739193389685467
GOBP_NEUROTRANSMITTER_TRANSPORT,217,1,0.9467447086834253,0.3400522297005447,FER1L5,0.9739193389685467
GOBP_REGULATION_OF_PEPTIDE_TRANSPORT,217,1,0.9467447086834253,0.3400522297005447,SIDT2,0.9739193389685467
GOBP_CELLULAR_RESPONSE_TO_INSULIN_STIMULUS,219,1,0.9481675304061473,0.3369207225539831,TNS2,0.974883316355091
GOBP_POSITIVE_REGULATION_OF_EPITHELIAL_CELL_PROLIFERATION,221,1,0.9495523859700583,0.33384615190066347,PRKD2,0.975505577312206
GOBP_NEGATIVE_REGULATION_OF_PROTEIN_MODIFICATION_PROCESS,222,1,0.9502308936947498,0.3323297347004889,AKT1S1,0.975505577312206
GOBP_RRNA_PROCESSING,222,1,0.9502308936947498,0.3323297347004889,NUDT16,0.975505577312206
GOBP_ANTERIOR_POSTERIOR_PATTERN_SPECIFICATION,224,1,0.9515606887268921,0.32933770076269003,HOXC4,0.9758724079074464
GOBP_REGULATION_OF_HEART_CONTRACTION,224,1,0.9515606887268921,0.32933770076269003,EDN3,0.9758724079074464
GOBP_PROTEASOME_MEDIATED_UBIQUITIN_DEPENDENT_PROTEIN_CATABOLIC_PROCESS,471,3,0.952212373460821,0.4699756100730132,"SPOP, PML, NPLOC4",0.9760419987415054
GOBP_REGULATION_OF_MYELOID_CELL_DIFFERENTIATION,228,1,0.9541147639224419,0.32351180208114877,CCL3,0.9761319869147165
GOBP_RESPONSE_TO_MECHANICAL_STIMULUS,228,1,0.9541147639224419,0.32351180208114877,NTRK1,0.9761319869147165
GOBP_NEGATIVE_REGULATION_OF_MOLECULAR_FUNCTION,359,2,0.9541202229575582,0.41100599270412047,"AKT1S1, SERPINB4",0.9761319869147165
GOBP_NEGATIVE_REGULATION_OF_CELL_ACTIVATION,229,1,0.95473198321554,0.3220872676445835,CD80,0.9761319869147165
GOBP_NEGATIVE_REGULATION_OF_PROTEIN_LOCALIZATION,229,1,0.95473198321554,0.3220872676445835,RAB11FIP3,0.9761319869147165
GOBP_REGULATED_EXOCYTOSIS,231,1,0.955941657185826,0.31927536053915634,CCL3,0.9768711333869413
GOBP_WNT_SIGNALING_PATHWAY,484,3,0.9580376714772254,0.45716934926388003,"CALCOCO1, NDRG2, TLE7",0.9776687963110139
GOBP_FERTILIZATION,236,1,0.9588264705653835,0.3124549901120841,RIMBP3B,0.9776687963110139
GOBP_CELLULAR_RESPIRATION,237,1,0.9593803872706087,0.31112559587611044,MTCO2P12,0.9776687963110139
GOBP_POSITIVE_REGULATION_OF_MRNA_METABOLIC_PROCESS,237,1,0.9593803872706087,0.31112559587611044,MIR140,0.9776687963110139
GOBP_PRODUCTION_OF_MOLECULAR_MEDIATOR_OF_IMMUNE_RESPONSE,237,1,0.9593803872706087,0.31112559587611044,TNFRSF1B,0.9776687963110139
GOBP_EAR_DEVELOPMENT,238,1,0.9599268614238102,0.3098074201568354,NTRK3,0.9776687963110139
GOBP_DENDRITE_DEVELOPMENT,239,1,0.9604659928983413,0.3085003215443853,NSMF,0.9776687963110139
GOBP_REGULATION_OF_PROTEOLYSIS_INVOLVED_IN_PROTEIN_CATABOLIC_PROCESS,241,1,0.9615226206300884,0.30591880178462183,PML,0.9776687963110139
GOBP_SMALL_MOLECULE_CATABOLIC_PROCESS,375,2,0.9617016170898778,0.393265579390414,"GPD2, TDO2",0.9776687963110139
GOBP_CENTRAL_NERVOUS_SYSTEM_NEURON_DIFFERENTIATION,242,1,0.9620403100128045,0.30464410945502657,IFT172,0.9776687963110139
GOBP_REGULATION_OF_PROTEIN_CATABOLIC_PROCESS,376,2,0.9621332301402629,0.39220720245959373,"TNFRSF1B, IER3",0.9776687963110139
GOBP_ORGANIC_ACID_CATABOLIC_PROCESS,244,1,0.963054912958084,0.3021261986803514,TDO2,0.9776687963110139
GOBP_PHAGOCYTOSIS,244,1,0.963054912958084,0.3021261986803514,SLC48A1,0.9776687963110139
GOBP_GLYCOSYLATION,247,1,0.9645262595188806,0.2984260980903372,ST6GALNAC6,0.9786674433035355
GOBP_CARDIAC_MUSCLE_TISSUE_DEVELOPMENT,255,1,0.9681700027114153,0.28898647138609695,RXRB,0.9818682139675646
GOBP_POSITIVE_REGULATION_OF_GROWTH,262,1,0.9710502606826643,0.2812014918891763,NTRK3,0.9842918551465188
GOBP_RRNA_METABOLIC_PROCESS,266,1,0.9725776823459025,0.27693758937137114,NUDT16,0.9852190771311469
GOBP_PROTEIN_CONTAINING_COMPLEX_DISASSEMBLY,267,1,0.972946791666135,0.2758916508777152,SMARCD2,0.9852190771311469
GOBP_FOREBRAIN_DEVELOPMENT,410,2,0.9743182357784428,0.3593093195168853,"EZH1, NF2",0.9861102870435373
GOBP_REGULATION_OF_KINASE_ACTIVITY,273,1,0.9750595462572458,0.26977752512359765,AKT1S1,0.9862057161333515
GOBP_HEART_PROCESS,274,1,0.9753952897482325,0.26878463290699434,EDN3,0.9862057161333515
GOBP_REGULATION_OF_CANONICAL_WNT_SIGNALING_PATHWAY,276,1,0.9760532953323016,0.26682051157659437,TLE7,0.9863741005699543
GOBP_REGULATION_OF_BLOOD_CIRCULATION,278,1,0.9766937257530923,0.264884753008957,EDN3,0.9863776916209172
GOBP_RESPONSE_TO_INSULIN,280,1,0.9773170498530364,0.26297674725219766,TNS2,0.9863776916209172
GOBP_VASCULAR_PROCESS_IN_CIRCULATORY_SYSTEM,281,1,0.9776224401211806,0.2620329658331824,EDN3,0.9863776916209172
GOBP_RECEPTOR_MEDIATED_ENDOCYTOSIS,283,1,0.9782209565855841,0.26016548345078433,TNK2,0.9863776916209172
GOBP_PROTEIN_POLYMERIZATION,284,1,0.9785141923354489,0.2592416405760549,TUBG2,0.9863776916209172
GOBP_REGULATION_OF_PROTEIN_CONTAINING_COMPLEX_ASSEMBLY,436,2,0.9809838194020429,0.3376300694567948,"HRG, CXCL13",0.988370745752962
GOBP_ORGANIC_HYDROXY_COMPOUND_TRANSPORT,297,1,0.9819860122177863,0.2477997217264392,EEPD1,0.9883881276434789
GOBP_SENSORY_ORGAN_MORPHOGENESIS,297,1,0.9819860122177863,0.2477997217264392,IFT172,0.9883881276434789
GOBP_REGULATION_OF_TRANSLATION,447,2,0.9832681851207751,0.3292206939775261,"ALKBH1, PML",0.9891825802192459
GOBP_REGULATION_OF_TRANSFERASE_ACTIVITY,324,1,0.9875094035162635,0.22697864480837246,AKT1S1,0.9922280952222611
GOBP_GLYCOPROTEIN_BIOSYNTHETIC_PROCESS,328,1,0.9881691124380216,0.22418646505062942,ST6GALNAC6,0.9922280952222611
GOBP_MUSCLE_SYSTEM_PROCESS,478,2,0.9883634652315503,0.3076126462831775,"TNFRSF1B, EDN3",0.9922280952222611
GOBP_CANONICAL_WNT_SIGNALING_PATHWAY,330,1,0.9884857995134595,0.22281583577735237,TLE7,0.9922280952222611
GOBP_PATTERN_SPECIFICATION_PROCESS,481,2,0.9887674092897469,0.3056699738016729,"IFT172, HOXC4",0.9922280952222611
GOBP_DNA_RECOMBINATION,346,1,0.9907327532117634,0.2124228903291606,SPO11,0.993703466114947
GOBP_REGULATION_OF_WNT_SIGNALING_PATHWAY,355,1,0.9917982790618185,0.20698971386719647,TLE7,0.994275297740794
GOBP_MUSCLE_CONTRACTION,368,1,0.9931250631269402,0.19961223992310403,EDN3,0.9948865621960971
GOBP_MUSCLE_ORGAN_DEVELOPMENT,371,1,0.9933994372899744,0.19798336729735494,LAMA2,0.9948865621960971
GOBP_GLYCOPROTEIN_METABOLIC_PROCESS,402,1,0.9956673512718566,0.18257880880306027,ST6GALNAC6,0.9966605356621526
GOBP_MUSCLE_TISSUE_DEVELOPMENT,453,1,0.9978335025164056,0.16183344633017516,RXRB,0.9982806391318546
GOBP_CELLULAR_COMPONENT_DISASSEMBLY,470,1,0.9982806391318546,0.15592094430069176,SMARCD2,0.9982806391318546
