perturbation_id,target_gene,mimetic_score,up_enrichment,down_enrichment
8657_TAF1B_P1P2_ENSG00000115750,TAF1B,0.3105107506108907,0.14003549394922676,-0.1704752566616639
3022_FBXO42_P1P2_ENSG00000037637,FBXO42,0.2929838981688495,0.04650218170792905,-0.24648171646092046
9678_USPL1_P1P2_ENSG00000132952,USPL1,0.29175339907968006,0.0855834256110125,-0.20616997346866756
5144_MOG_P1P2_ENSG00000204655,MOG,0.284605352625007,0.10467254607292985,-0.17993280655207716
857_BMP2K_P1P2_ENSG00000138756,BMP2K,0.28191218427279896,0.1538005220280125,-0.12811166224478648
9550_UBTF_P1P2_ENSG00000108312,UBTF,0.2770984110651586,0.08077097998892764,-0.19632743107623096
8652_TAF11_P1P2_ENSG00000064995,TAF11,0.2707432201705562,0.13652070315590506,-0.13422251701465115
8648_TADA2A_P1P2_ENSG00000276234,TADA2A,0.2667112115584495,0.18045558807246312,-0.08625562348598638
5499_NCKAP1_P1P2_ENSG00000061676,NCKAP1,0.26035458053109833,0.18470283292468362,-0.07565174760641472
936_BUB3_P1P2_ENSG00000154473,BUB3,0.25656341972691626,0.1285296211342288,-0.12803379859268746
2682_EPS8L1_P1_ENSG00000131037,EPS8L1,0.25356039232858996,0.101385977747902,-0.15217441458068795
5600_NELFCD_P1P2_ENSG00000101158,NELFCD,0.24961875276685913,0.10594877929817703,-0.1436699734686821
2353_DPM2_P1P2_ENSG00000136908,DPM2,0.24798780485868369,0.15251110627752973,-0.09547669858115396
9192_TP53I13_P1P2_ENSG00000167543,TP53I13,0.24607029393863689,0.10407438898996539,-0.14199590494867148
9600_UPF1_P1P2_ENSG00000005007,UPF1,0.2449676287156291,0.11158430884020888,-0.1333833198754202
9824_WDR46_P1P2_ENSG00000227057,WDR46,0.24295557305603852,0.12925301220703148,-0.11370256084900704
2610_EMC1_P1P2_ENSG00000127463,EMC1,0.24260250257719995,0.1734812083102697,-0.06912129426693027
663_ATP5ME_P1P2_ENSG00000169020,ATP5ME,0.2411622227361045,0.06333461862954687,-0.17782760410655762
4244_IWS1_P1P2_ENSG00000163166,IWS1,0.24086923423163706,0.09037033009044404,-0.15049890414119302
8097_SLC4A5_P2_ENSG00000188687,SLC4A5,0.23984006949425404,0.12428320018983242,-0.11555686930442162
9677_USP9X_P1P2_ENSG00000124486,USP9X,0.23874239322369345,0.06480941364128152,-0.1739329795824119
3319_GCLC_P1P2_ENSG00000001084,GCLC,0.23851898559328302,0.06688154182815784,-0.17163744376512519
6720_PRDM10_P1P2_ENSG00000170325,PRDM10,0.2359055140191818,0.10167434548763127,-0.13423116853155054
9867_WNK1_P1P2_ENSG00000060237,WNK1,0.23533227531517753,0.14898148514329804,-0.08635079017187951
5098_MKRN1_P1P2_ENSG00000133606,MKRN1,0.23527364955447072,0.1291541432676983,-0.10611950628677241
2088_DDB1_P2_ENSG00000167986,DDB1,0.2341566757449813,0.05748404914445698,-0.17667262660052432
2123_DDX46_P2_ENSG00000145833,DDX46,0.23346831338578544,0.08965847372723286,-0.1438098396585526
5720_NMT1_P1P2_ENSG00000136448,NMT1,0.23321660643657122,0.10784459120989867,-0.12537201522667255
2562_EIF4B_P1P2_ENSG00000063046,EIF4B,0.23088424594060175,0.08861870204857074,-0.142265543892031
5426_NAA20_P1P2_ENSG00000173418,NAA20,0.22923700733414965,0.11343645363706184,-0.11580055369708779
6268_PGS1_P1P2_ENSG00000087157,PGS1,0.2292319016336925,0.07220975375043148,-0.15702214788326102
939_BYSL_P1P2_ENSG00000112578,BYSL,0.22913269995688088,0.12584368161566076,-0.10328901834122012
8118_SLC9B1_P1P2_ENSG00000164037,SLC9B1,0.22889965101769658,0.06102273326478497,-0.1678769177529116
7607_RUVBL1_P1P2_ENSG00000175792,RUVBL1,0.22721187827503353,0.08135018719186331,-0.14586169108317024
5427_NAA25_P1P2_ENSG00000111300,NAA25,0.22624375612635206,0.11769028975191102,-0.10855346637444103
9412_TUBB2A_P1P2_ENSG00000137267,TUBB2A,0.22606467264619157,0.09337347412271445,-0.13269119852347713
9616_UQCRQ_P1P2_ENSG00000164405,UQCRQ,0.22559964388067305,0.08067952622004498,-0.14492011766062807
8444_SS18L2_P1P2_ENSG00000008324,SS18L2,0.22494601509567333,0.08116645574626769,-0.14377955934940564
1549_CHCHD2_P1P2_ENSG00000106153,CHCHD2,0.2247241820995908,0.09557577974637468,-0.12914840235321612
7584_RTEL1_P1P2_ENSG00000258366,RTEL1,0.2232211056937148,0.09886564370270991,-0.1243554619910049
3021_FBXO42_P1P2_ENSG00000037637,FBXO42,0.2216659350091541,0.08340171768304362,-0.13826421732611047
20_ABCB10_P1P2_ENSG00000135776,ABCB10,0.22150479509908466,0.13588794194416254,-0.08561685315492214
1238_CCAR1_P1P2_ENSG00000060339,CCAR1,0.22007864149938974,0.06038173297476879,-0.15969690852462096
6529_POLL_P1P2_ENSG00000166169,POLL,0.2196517997449869,0.08304002214664707,-0.1366117775983398
902_BRK1_P1P2_ENSG00000254999,BRK1,0.21951355928331934,0.13858294444884875,-0.0809306148344706
2658_EP400_P1P2_ENSG00000183495,EP400,0.2184154666774877,0.11962812096286934,-0.09878734571461836
5968_ORC4_P1P2_ENSG00000115947,ORC4,0.21834633340705484,0.1402793706662511,-0.07806696274080373
1323_CCND3_P1P2_ENSG00000112576,CCND3,0.21704650954043608,0.14828281130534432,-0.06876369823509175
4121_ING3_P1P2_ENSG00000071243,ING3,0.21656718209171777,0.11137915579110325,-0.10518802630061454
5482_NBPF15_P1P2_ENSG00000266338,NBPF15,0.21506074249958668,0.09381261699491357,-0.1212481255046731
9610_UQCRC1_P1_ENSG00000010256,UQCRC1,0.2148618255650065,0.07789389385431293,-0.13696793171069357
1301_CCDC86_P1P2_ENSG00000110104,CCDC86,0.21435186581439114,0.06197846634502065,-0.15237339946937048
6621_PPIA_P1P2_ENSG00000196262,PPIA,0.2141795483386795,0.07131416594163051,-0.142865382397049
1219_CBFA2T3_P2_ENSG00000129993,CBFA2T3,0.21415092181374767,0.1226798755569676,-0.09147104625678007
3543_GRSF1_P1P2_ENSG00000132463,GRSF1,0.2128725317918916,0.08636860977089392,-0.1265039220209977
1747_COG8_P1P2_ENSG00000213380,COG8,0.21254535108401923,0.1427824026470584,-0.06976294843696082
3760_HIST1H2BC_P1P2_ENSG00000180596,HIST1H2BC,0.2116063013341974,0.053622393155632345,-0.15798390817856506
2155_DENR_P1P2_ENSG00000139726,DENR,0.21114188548618051,0.12925383611485214,-0.08188804937132839
3835_HMGN2_P1P2_ENSG00000198830,HMGN2,0.21053570242517777,0.05131462733001242,-0.15922107509516534
4394_KIF4A_P1P2_ENSG00000090889,KIF4A,0.21038286352191926,0.0953508529093883,-0.11503201061253095
2125_DDX49_P1P2_ENSG00000105671,DDX49,0.21007294408696017,0.12677469746105033,-0.08329824662590984
5268_MRPS7_P1P2_ENSG00000125445,MRPS7,0.208371832610152,0.05796521131588153,-0.15040662129427046
7486_RPN2_P1P2_ENSG00000118705,RPN2,0.20835056848907377,0.12498599356693298,-0.08336457492214079
8956_TM7SF2_P1P2_ENSG00000149809,TM7SF2,0.20815679126048958,0.05042233515252155,-0.15773445610796805
10104_ZFR_P1P2_ENSG00000056097,ZFR,0.2080550897851724,0.08617251970787951,-0.1218825700772929
2898_FAM207A_P1P2_ENSG00000160256,FAM207A,0.20787879554046607,0.08927947612645798,-0.11859931941400807
9255_TREML2_P1P2_ENSG00000112195,TREML2,0.20738491038457316,0.06220092145851497,-0.1451839889260582
8546_STT3B_P1P2_ENSG00000163527,STT3B,0.206940978848688,0.12149427219278602,-0.08544670665590198
8335_SPCS3_P1_ENSG00000129128,SPCS3,0.20680553461746182,0.07198317909778892,-0.1348223555196729
4893_MCEE_P1P2_ENSG00000124370,MCEE,0.20663568700243584,0.10708989163964683,-0.099545795362789
579_ASF1B_P1P2_ENSG00000105011,ASF1B,0.20639077590045024,0.10324883334651787,-0.10314194255393239
9656_USP39_P1_ENSG00000168883,USP39,0.20620106899895535,0.10677351103378963,-0.09942755796516572
3871_HNRNPL_P2_ENSG00000104824,HNRNPL,0.20585950112495782,0.08173330433178119,-0.12412619679317664
7947_SKP1_P1P2_ENSG00000113558,SKP1,0.20584866509756755,0.07292820137626015,-0.13292046372130742
3891_HOXA3_P2_ENSG00000105997,HOXA3,0.20579040005432103,0.09445691291623955,-0.11133348713808147
307_ANAPC2_P1P2_ENSG00000176248,ANAPC2,0.20552391056968014,0.08971614727517976,-0.11580776329450038
8798_TDGF1_P1P2_ENSG00000241186,TDGF1,0.20545664273910652,0.09545548920351563,-0.1100011535355909
7670_SBNO1_P1P2_ENSG00000139697,SBNO1,0.20534367382764812,0.10804150518074071,-0.09730216864690742
8458_SSRP1_P1P2_ENSG00000149136,SSRP1,0.2048613799875968,0.08364065095310044,-0.12122072903449636
342_ANKRD49_P1P2_ENSG00000168876,ANKRD49,0.20410940086234264,0.09315513854834649,-0.11095426231399613
6914_PTK2_P1P2_ENSG00000169398,PTK2,0.20349945886564647,0.1117169580004921,-0.09178250086515435
6923_PTPN11_P1P2_ENSG00000179295,PTPN11,0.2028495597057922,0.0640201099422622,-0.13882944976352998
8155_SMC1A_P1P2_ENSG00000072501,SMC1A,0.20278522032629542,0.09102204118221402,-0.11176317914408139
7750_SEC61A1_P2_ENSG00000058262,SEC61A1,0.20267752902489627,0.07926652429539596,-0.1234110047295003
265_ALG13_P1P2_ENSG00000101901,ALG13,0.20221113513280572,0.12034904031217726,-0.08186209482062846
9318_TRNP1_P1P2_ENSG00000253368,TRNP1,0.20167108627591604,0.11572691739830283,-0.0859441688776132
4687_LSM12_P1P2_ENSG00000161654,LSM12,0.20135829206888123,0.10654776028897471,-0.0948105317799065
9833_WDR61_P1P2_ENSG00000140395,WDR61,0.2007276222087423,0.13108867884733447,-0.06963894336140784
6221_PET117_P1P2_ENSG00000232838,PET117,0.2003326878792583,0.13205924226845944,-0.06827344561079886
7948_SKP2_P1P2_ENSG00000145604,SKP2,0.2002747585007476,0.05936173508397402,-0.1409130234167736
8943_TLCD1_P1P2_ENSG00000160606,TLCD1,0.20004133173678867,0.10054888739487654,-0.09949244434191215
6796_PRPF39_P1P2_ENSG00000185246,PRPF39,0.19995977508822432,0.09293185952702795,-0.10702791556119637
5587_NEDD8-MDP1_P1P2_nan,NEDD8-MDP1,0.1998741660562581,0.08043564950301922,-0.11943851655323888
7724_SDHAF2_P1P2_ENSG00000167985,SDHAF2,0.19837668163608482,0.07215537583379816,-0.12622130580228666
9055_TMEM242_P1P2_ENSG00000215712,TMEM242,0.19812227201448168,0.07975510163727154,-0.11836717037721015
6526_POLG_P1P2_ENSG00000140521,POLG,0.1978173074884107,0.09994990640408248,-0.0978674010843282
3601_GUK1_P1P2_ENSG00000143774,GUK1,0.1975115165454246,0.08342396319440036,-0.11408755335102422
1474_CENPA_P1_ENSG00000115163,CENPA,0.1972494538474832,0.06952710986316708,-0.12772234398431612
5204_MRPL20_P1P2_ENSG00000242485,MRPL20,0.19706844147829322,0.05390169790925406,-0.14316674356903916
9855_WDTC1_P1P2_ENSG00000142784,WDTC1,0.19694888753888662,0.11416396424900042,-0.08278492328988618
5210_MRPL28_P1P2_ENSG00000086504,MRPL28,0.19657024985723312,0.10368468058741843,-0.09288556926981469
1894_CSH2_P1_ENSG00000213218,CSH2,0.1964681349358477,0.09534343773893775,-0.10112469719690996
653_ATP5F1A_P1_ENSG00000152234,ATP5F1A,0.19635613891801457,0.06483001133697774,-0.13152612758103682
4480_KRTAP4-2_P1P2_ENSG00000244537,KRTAP4-2,0.19625295463669223,0.09028052413720736,-0.10597243049948489
2599_ELOF1_P1P2_ENSG00000130165,ELOF1,0.19604867179923358,0.07454388462654335,-0.12150478717269021
5080_MIPEP_P1P2_ENSG00000027001,MIPEP,0.19582651570278425,0.07633753196763225,-0.11948898373515199
5896_NUP43_P1P2_ENSG00000120253,NUP43,0.19562191746325247,0.10667134646313566,-0.08895057100011682
9474_U2AF2_P1P2_ENSG00000063244,U2AF2,0.19550742670307042,0.050830993435104915,-0.1446764332679655
6160_PDCD7_P1P2_ENSG00000090470,PDCD7,0.19385107367448662,0.0728812386300729,-0.1209698350444137
3377_GIT2_P1P2_ENSG00000139436,GIT2,0.19360734966886659,0.1030000131825348,-0.09060733648633179
6582_POTEI_ENST00000451531.2_ENSG00000196834,POTEI,0.19349822399422562,0.0984627527749343,-0.09503547121929133
9792_WBP1L_P1P2_ENSG00000166272,WBP1L,0.19330805567011305,0.06978169738195593,-0.12352635828815711
1714_CNOT10_P1P2_ENSG00000182973,CNOT10,0.1932152975246449,0.059882444831135015,-0.13333285269350986
5234_MRPL50_P1P2_ENSG00000136897,MRPL50,0.19281495395372863,0.08019094887816798,-0.11262400507556065
4099_ILF2_P1P2_ENSG00000143621,ILF2,0.1927093458874537,0.11213632708482069,-0.08057301880263303
9808_WDR1_P1P2_ENSG00000071127,WDR1,0.19213717215251952,0.09264184397164071,-0.09949532818087882
9749_VPS33A_P1P2_ENSG00000139719,VPS33A,0.19167059112527107,0.09294668986791461,-0.09872390125735647
8576_SUGP1_P1P2_ENSG00000105705,SUGP1,0.1914492243418382,0.13579978380659563,-0.05564944053524255
5680_NISCH_P1P2_ENSG00000010322,NISCH,0.1908589409246572,0.08290819689420227,-0.10795074403045492
7160_RBM15_P1P2_ENSG00000162775,RBM15,0.19073906166092303,0.11221212660497545,-0.07852693505594757
8232_SNRPF_P1P2_ENSG00000139343,SNRPF,0.19004299733645091,0.07596842126077785,-0.11407457607567308
1737_COASY_P1P2_ENSG00000068120,COASY,0.18986478283242114,0.10231864140895504,-0.08754614142346609
5285_MSL1_P1P2_ENSG00000188895,MSL1,0.18944655704969196,0.12561133960823118,-0.06383521744146078
8235_SNTB2_P1P2_ENSG00000168807,SNTB2,0.18928769009498023,0.07502999024493603,-0.11425769985004419
3385_GLB1_P1P2_ENSG00000170266,GLB1,0.18890041686326534,0.09367749611115836,-0.09522292075210698
8605_SURF6_P1P2_ENSG00000148296,SURF6,0.1879841272702055,0.11300143030400106,-0.07498269696620444
2218_DHX9_P1P2_ENSG00000135829,DHX9,0.1879483172080042,0.09404907854148929,-0.09389923866651492
2794_EXOSC7_P1P2_ENSG00000075914,EXOSC7,0.18785701196872762,0.08395373592766003,-0.1039032760410676
10094_ZFP69B_P1P2_ENSG00000187801,ZFP69B,0.18729728561921913,0.07759316749717216,-0.10970411812204697
1810_COX17_P1P2_ENSG00000138495,COX17,0.18721545253527344,0.08593935379262388,-0.10127609874264958
4117_INF2_P1P2_ENSG00000203485,INF2,0.18685237459387874,0.08819191779378502,-0.09866045680009372
5197_MRPL14_P1P2_ENSG00000180992,MRPL14,0.18678146290286968,0.1074960781987477,-0.079285384704122
3170_FOXL2_P1P2_ENSG00000183770,FOXL2,0.18645731340406863,0.12083844156187067,-0.06561887184219795
6159_PDCD6_P1P2_ENSG00000249915,PDCD6,0.18644360252856157,0.04569639985235613,-0.14074720267620544
5457_NANOG_P1P2_ENSG00000111704,NANOG,0.18593412874006052,0.10198990218566668,-0.08394422655439383
5464_NAPG_P1P2_ENSG00000134265,NAPG,0.1858580920173238,0.08408885681141308,-0.10176923520591073
4276_KAT5_P1P2_ENSG00000172977,KAT5,0.18555095440465097,0.10262760684437648,-0.08292334756027447
377_AP2M1_P1_ENSG00000161203,AP2M1,0.18538624767413509,0.07171540905376045,-0.11367083862037462
8491_STARD7_P1P2_ENSG00000084090,STARD7,0.18486484059435365,0.08364065095309797,-0.10122418964125567
837_BIRC5_P1P2_ENSG00000089685,BIRC5,0.1837889690553997,0.07249729758232819,-0.11129167147307151
7301_RHPN1_P1P2_ENSG00000158106,RHPN1,0.18371061090653945,0.09602892905165333,-0.08768168185488612
3971_HSPA14_P1P2_ENSG00000284024,HSPA14,0.18353443953044174,0.06017822774130596,-0.12335621178913576
1715_CNOT11_P1P2_ENSG00000158435,CNOT11,0.18349710775260603,0.06470889688629465,-0.11878821086631136
8_AAMP_P1P2_ENSG00000127837,AAMP,0.1833199321954886,0.07619252418994685,-0.10712740800554174
9623_UROD_P1P2_ENSG00000126088,UROD,0.18302250063328246,0.04282178544121783,-0.14020071519206462
10589_ZNF720_P1P2_ENSG00000197302,ZNF720,0.1819668443462486,0.08999545202879308,-0.09197139231745552
6887_PSMG4_P1P2_ENSG00000180822,PSMG4,0.18188812658240855,0.10156311793088542,-0.08032500865152312
5809_NRBP1_P1P2_ENSG00000115216,NRBP1,0.18160044786874122,0.13677117113555123,-0.04482927673318998
4868_MAU2_P1P2_ENSG00000129933,MAU2,0.18159184640027043,0.09176026259590722,-0.08983158380436321
7831_SF3A1_P2_ENSG00000099995,SF3A1,0.18147729888178304,0.044285869651189816,-0.13719142923059324
6770_PRKRIP1_P2_ENSG00000128563,PRKRIP1,0.18110733071774637,0.1106911927548858,-0.07041613796286059
"10531_ZNF658_ENST00000377626.3,ENST00000602553.1_ENSG00000274349",ZNF658,0.18110560493070543,0.06428705607846606,-0.11681854885223937
7608_RUVBL2_P1P2_ENSG00000183207,RUVBL2,0.18105886575826025,0.0786321152680053,-0.10242675049025494
825_BGLAP_P1P2_ENSG00000242252,BGLAP,0.1809636785625892,0.09002758443408314,-0.09093609412850605
5484_NBPF3_P1P2_ENSG00000142794,NBPF3,0.18093040317883524,0.06627761739039147,-0.11465278578844379
8217_SNRNP25_P1P2_ENSG00000161981,SNRNP25,0.18032801674670654,0.07131169421815141,-0.10901632252855513
8109_SLC7A6OS_P1P2_ENSG00000103061,SLC7A6OS,0.18005709486793647,0.0684741556592587,-0.11158293920867778
6542_POLR2C_P1P2_ENSG00000102978,POLR2C,0.17985138484229984,0.08556282791531543,-0.09428855692698443
5888_NUP155_P1P2_ENSG00000113569,NUP155,0.1796265541484891,0.09465135516359886,-0.08497519898489025
9709_VBP1_P1P2_ENSG00000155959,VBP1,0.17915848240786936,0.0958270716338453,-0.08333141077402406
1770_COPA_P1P2_ENSG00000122218,COPA,0.17892723363460517,0.07975922117641744,-0.09916801245818771
9570_UFL1_P1P2_ENSG00000014123,UFL1,0.1785935003266655,0.06562343457513005,-0.11297006575153543
5763_NPB_P1P2_ENSG00000183979,NPB,0.17820777574513882,0.06766013472540867,-0.11054764101973015
1570_CHERP_P1P2_ENSG00000085872,CHERP,0.17781993721134154,0.06698535421445448,-0.11083458299688707
1775_COPG1_P2_ENSG00000181789,COPG1,0.17708776306631493,0.0869923079965222,-0.09009545506979273
9853_WDR92_P1P2_ENSG00000243667,WDR92,0.17708002023355843,0.09283299058768817,-0.08424702964587026
3759_HIST1H2BB_P1P2_ENSG00000276410,HIST1H2BB,0.17696071784786432,0.07507612908329675,-0.10188458876456757
2025_DAP3_P1P2_ENSG00000132676,DAP3,0.17644195411605693,0.065558345856737,-0.11088360825931992
6112_PCBP2_P2_ENSG00000197111,PCBP2,0.176360524422848,0.07405777900814803,-0.10230274541469996
1440_CDK6_P1_ENSG00000105810,CDK6,0.1763427304278009,0.07546748530148498,-0.10087524512631595
3338_GEMIN7_P1P2_ENSG00000142252,GEMIN7,0.1755377123382999,0.09411828679902068,-0.08141942553927921
9132_TNFSF10_P1P2_ENSG00000121858,TNFSF10,0.17535892158349248,0.08295927917952296,-0.0923996424039695
5481_NBPF12_P1P2_ENSG00000268043,NBPF12,0.17534640865799664,0.07467159033984902,-0.10067481831814762
5599_NELFB_P1P2_ENSG00000188986,NELFB,0.17518310546954174,0.13267964486278147,-0.042503460606760274
7362_RNF168_P1P2_ENSG00000163961,RNF168,0.17503078016621082,0.0719609335864388,-0.103069846579772
1147_CACNB3_P1_ENSG00000167535,CACNB3,0.1748943000483853,0.08873240132880758,-0.08616189871957773
3825_HMGA1_P1P2_ENSG00000137309,HMGA1,0.17450091723932226,0.0914232842943443,-0.08307763294497794
9422_TUBD1_P1P2_ENSG00000108423,TUBD1,0.17404202950964254,0.10147743151678973,-0.07256459799285281
4504_LAMTOR1_P1P2_ENSG00000149357,LAMTOR1,0.17380989417770304,0.06814459252814563,-0.1056653016495574
5493_NCBP1_P1P2_ENSG00000136937,NCBP1,0.17336668616766088,0.07408332015081451,-0.09928336601684637
607_ATF4_P1P2_ENSG00000128272,ATF4,0.17318223530198493,0.07938681483826183,-0.09379542046372309
5789_NR2C2AP_P1P2_ENSG00000184162,NR2C2AP,0.17305290241585444,0.09727138205594908,-0.07578152035990536
9527_UBE3D_P1P2_ENSG00000118420,UBE3D,0.1729283111102567,0.10405791083340402,-0.06887040027685268
6900_PTCD1_P2_ENSG00000106246,PTCD1,0.17290213475357152,0.07860492630968945,-0.09429720844388208
1671_CLP1_P1P2_ENSG00000172409,CLP1,0.17289491348516378,0.09719558253580038,-0.0756993309493634
1544_CHAF1A_P1P2_ENSG00000167670,CHAF1A,0.17270056241985066,0.09905019905613946,-0.07365036336371121
2567_EIF4E_P1P2_ENSG00000151247,EIF4E,0.17258600522622358,0.07380731102850281,-0.09877869419772077
7484_RPLP2_P1P2_ENSG00000177600,RPLP2,0.17251090144201053,0.0833728809090754,-0.08913802053293514
5211_MRPL2_P1P2_ENSG00000112651,MRPL2,0.1724546229584795,0.08415147380632644,-0.08830314915215305
8347_SPEN_P1P2_ENSG00000065526,SPEN,0.17155557298805535,0.07887187244589089,-0.09268370054216447
6175_PDHA1_P1P2_ENSG00000131828,PDHA1,0.17136957181848345,0.1191980410767595,-0.05217153074172394
7465_RPL36A_P1P2_ENSG00000241343,RPL36A,0.17123780229790894,0.10704210498564326,-0.06419569731226568
8891_THOC6_P1P2_ENSG00000131652,THOC6,0.17094965613606333,0.055004910490657394,-0.11594474564540594
2600_ELOVL1_P1P2_ENSG00000066322,ELOVL1,0.17074693744042657,0.06282214796066651,-0.10792478947976007
8148_SMARCC1_P1P2_ENSG00000173473,SMARCC1,0.17057908071897615,0.10651315616020164,-0.0640659245587745
7116_RARS2_P1P2_ENSG00000146282,RARS2,0.1705089705822198,0.12254063513407014,-0.04796833544814966
888_BRD2_P1_ENSG00000204256,BRD2,0.17047306819748986,0.09053016820902406,-0.07994289998846581
3640_HAUS7_P1_ENSG00000213397,HAUS7,0.1704449852673515,0.09542912415303341,-0.07501586111431809
1391_CDC23_P1P2_ENSG00000094880,CDC23,0.17039795863480137,0.08181651902238829,-0.08858143961241308
5548_NDUFAF5_P1P2_ENSG00000101247,NDUFAF5,0.17027620910315733,0.08567735110338666,-0.08459885799977068
8464_SSX4_ENST00000376886.2_ENSG00000268009,SSX4,0.16984650247989658,0.060202944976143896,-0.10964355750375268
7093_RANBP2_P1P2_ENSG00000153201,RANBP2,0.1691486010757225,0.07512968309210062,-0.09401891798362189
7755_SEC63_P1P2_ENSG00000025796,SEC63,0.16887013832567754,0.07452823037781384,-0.09434190794786369
8237_SNW1_P2_ENSG00000100603,SNW1,0.16882888098675958,0.060886788473203224,-0.10794209251355634
5413_MZF1_P1P2_ENSG00000099326,MZF1,0.16877903793712468,0.1012179005510328,-0.06756113738609189
1976_CWF19L2_P1P2_ENSG00000152404,CWF19L2,0.16873951045300317,0.10449622979779387,-0.06424328065520929
7556_RRM1_P1P2_ENSG00000167325,RRM1,0.16868996400637243,0.09541594162777986,-0.07327402237859258
4042_IFITM2_P1P2_ENSG00000185201,IFITM2,0.1686621432935207,0.08460544701943486,-0.08405669627408584
5894_NUP35_P1P2_ENSG00000163002,NUP35,0.16861736543798458,0.09703327269372122,-0.07158409274426336
7725_SDHA_P1P2_ENSG00000073578,SDHA,0.16841557356024978,0.09198518943289712,-0.07643038412735267
7483_RPLP1_P1P2_ENSG00000137818,RPLP1,0.1670409996698965,0.0775050093595943,-0.0895359903103022
4628_LPA_P1P2_ENSG00000198670,LPA,0.1666318812192585,0.06325058003111327,-0.10338130118814524
6210_PEF1_P1P2_ENSG00000162517,PEF1,0.16568565509826527,0.09482108017612532,-0.07086457492213993
5261_MRPS31_P1P2_ENSG00000102738,MRPS31,0.1653500984725133,0.10219835086609884,-0.06315174760641447
1380_CD8B_P1P2_ENSG00000172116,CD8B,0.1645816625938708,0.07454965198134109,-0.09003201061252973
7909_SIGLEC14_P1P2_ENSG00000254415,SIGLEC14,0.16446301865014637,0.10018801576630543,-0.06427500288384094
5239_MRPL55_P1P2_ENSG00000162910,MRPL55,0.16429594983510065,0.052610634343115664,-0.111685315491985
3766_HIST1H2BJ_P1P2_ENSG00000124635,HIST1H2BJ,0.16423636598809704,0.07194198370640209,-0.09229438228169497
1791_COQ2_P1P2_ENSG00000173085,COQ2,0.16403953464565002,0.08497620554194309,-0.07906332910370692
662_ATP5PD_P1P2_ENSG00000167863,ATP5PD,0.16384750525356667,0.08215844077092203,-0.08168906448264465
9958_YY1_P1P2_ENSG00000100811,YY1,0.163830799645601,0.06781914893617305,-0.09601165070942792
8191_SMUG1_P1P2_ENSG00000123415,SMUG1,0.16357018057788708,0.10168588019721865,-0.061884300380668444
8716_TBC1D28_ENST00000405044.1_ENSG00000189375,TBC1D28,0.16355382146931263,0.06645640538902534,-0.09709741608028728
5206_MRPL22_P1P2_ENSG00000082515,MRPL22,0.16342810731486118,0.0969599448970492,-0.06646816241781198
2975_FASN_P1P2_ENSG00000169710,FASN,0.16330606564711547,0.08397598143901255,-0.07933008420810292
141_ADAT3_P1_ENSG00000213638,ADAT3,0.1632979356375386,0.09305050225421488,-0.07024743338332373
5965_ORC1_P1P2_ENSG00000085840,ORC1,0.1627691570109944,0.1041897360858578,-0.058579420925136606
1840_CPSF2_P1P2_ENSG00000165934,CPSF2,0.16268951049040314,0.06615732684753498,-0.09653218364286817
3754_HIST1H2AI_ENST00000358739.3_ENSG00000196747,HIST1H2AI,0.1626860108827358,0.044059294998548965,-0.11862671588418683
9847_WDR82_P1P2_ENSG00000164091,WDR82,0.16260335254138608,0.04875227398560475,-0.11385107855578133
3588_GTF3C5_P1P2_ENSG00000148308,GTF3C5,0.16250568679830635,0.07864941733239036,-0.083856269465916
6545_POLR2E_P2_ENSG00000099817,POLR2E,0.16224459266014107,0.05481870732157744,-0.10742588533856365
4703_LTB4R2_P1P2_ENSG00000213906,LTB4R2,0.1617320093870405,0.06734540193519693,-0.09438660745184356
2073_DCTN1_P1P2_ENSG00000204843,DCTN1,0.1616295297564745,0.07286640828917414,-0.08876312146730037
2188_DHODH_P2_ENSG00000102967,DHODH,0.16138888809181973,0.08473644836405055,-0.07665243972776917
9328_TRRAP_P1P2_ENSG00000196367,TRRAP,0.16138098842288623,0.08602339239104789,-0.07535759603183835
4553_LEO1_P1P2_ENSG00000166477,LEO1,0.16120971580562374,0.06568110812307176,-0.09552860768255197
2361_DPPA2_P1P2_ENSG00000163530,DPPA2,0.16102911692050842,0.0757640921194869,-0.08526502480102152
7076_RAD9A_P1P2_ENSG00000172613,RAD9A,0.1609832460589071,0.05622923752274077,-0.10475400853616633
2121_DDX42_P1P2_ENSG00000198231,DDX42,0.16079677943701098,0.07545100714493135,-0.08534577229207965
5766_NPEPPS_P1P2_ENSG00000141279,NPEPPS,0.16033685030836348,0.06732727596299228,-0.09300957434537119
9523_UBE2Z_P1P2_ENSG00000159202,UBE2Z,0.16011562407111002,0.08561308629281646,-0.07450253777829356
9210_TPP2_P1P2_ENSG00000134900,TPP2,0.16004588683604537,0.09498503783385309,-0.06506084900219229
2812_F8A1_P1P2_ENSG00000277203,F8A1,0.15981279963349504,0.06393524743600246,-0.09587755219749258
3985_HSPD1_P1P2_ENSG00000144381,HSPD1,0.15959485038056737,0.06785128134145861,-0.09174356903910874
8147_SMARCB1_P2_ENSG00000099956,SMARCB1,0.1592148861588431,0.07737153629149748,-0.08184334986734564
7331_RNASEH2C_P1P2_ENSG00000172922,RNASEH2C,0.15918602594782802,0.06673159060349595,-0.09245443534433206
7397_RNF8_P1P2_ENSG00000112130,RNF8,0.15908500142840398,0.06834068259116587,-0.09074431883723813
3421_GMIP_P1P2_ENSG00000089639,GMIP,0.1589728924832043,0.050872188826492706,-0.10810070365671157
2988_FBL_P1P2_ENSG00000105202,FBL,0.15884130046063705,0.08334239631944114,-0.07549890414119591
1500_CEP192_P1P2_ENSG00000101639,CEP192,0.15873925512805828,0.08111207782963475,-0.07762717729842353
2286_DNAJC11_P1P2_ENSG00000007923,DNAJC11,0.15772165526618265,0.05935102428221259,-0.09837063098397007
4292_KCNA10_ENST00000369771.2_ENSG00000143105,KCNA10,0.15708348236095562,0.10751173244747038,-0.04957174991348525
9791_WBP11_P2_ENSG00000084463,WBP11,0.15655514810669915,0.051896306256425884,-0.10465884185027327
5298_MT2A_P1P2_ENSG00000125148,MT2A,0.15611670771832187,0.07936044978776198,-0.07675625793055989
2570_EIF4G2_P2_ENSG00000110321,EIF4G2,0.1560494371315722,0.07411957209523105,-0.08192986503634114
5470_NAT10_P1P2_ENSG00000135372,NAT10,0.15591650763926151,0.06796086108256237,-0.08795564655669914
7519_RPS28_P1P2_ENSG00000233927,RPS28,0.15516284532419594,0.08913446834876375,-0.06602837697543218
5367_MYBL2_P1P2_ENSG00000101057,MYBL2,0.15514681125481877,0.06648606607082441,-0.08866074518399435
4862_MASTL_P1P2_ENSG00000120539,MASTL,0.15504278884757536,0.0921895185741834,-0.06285327027339196
2487_EEF1G_P1P2_ENSG00000254772,EEF1G,0.1545469341252523,0.056146022832134296,-0.09840091129311801
9903_XRCC1_P1P2_ENSG00000073050,XRCC1,0.1541280715318191,0.07609859869757715,-0.07802947283424194
4185_IRF2BP2_P2_ENSG00000168264,IRF2BP2,0.15392686858323393,-0.05343124653958776,-0.20735811512282168
6867_PSMD13_P1P2_ENSG00000185627,PSMD13,0.15318445317555152,0.10524351419758247,-0.047940938977969055
1735_COA5_P1P2_ENSG00000183513,COA5,0.15284937163925294,0.06737671043265073,-0.08547266120660221
5227_MRPL44_P1P2_ENSG00000135900,MRPL44,0.15273323025021784,0.059379037148358696,-0.09335419310185915
5909_NVL_P1P2_ENSG00000143748,NVL,0.1527201250881064,0.08739684673996846,-0.06532327834813793
287_ALYREF_P1P2_ENSG00000183684,ALYREF,0.1511067607358572,0.048070078304201264,-0.10303668243165592
5960_OR7A17_ENST00000327462.2_ENSG00000185385,OR7A17,0.15095022864603014,0.051404433283239834,-0.09954579536279029
10736_ZW10_P1P2_ENSG00000086827,ZW10,0.15068094903254678,0.04499113475177301,-0.10568981428077377
8436_SRSF6_P1_ENSG00000124193,SRSF6,0.1500994419967434,0.08178273880144733,-0.06831670319529606
2305_DNAJC9_P1P2_ENSG00000213551,DNAJC9,0.1500760926256815,0.07940329299481126,-0.07067279963087025
166_ADRM1_P1P2_ENSG00000130706,ADRM1,0.15001212183302878,0.09247376677477255,-0.05753835505825624
1979_CXXC1_P1P2_ENSG00000154832,CXXC1,0.15000844330173724,0.05886327084816419,-0.09114517245357304
5068_MIER1_P1_ENSG00000198160,MIER1,0.14996872657257151,0.0728721756439701,-0.07709655092860142
10611_ZNF763_P1P2_ENSG00000197054,ZNF763,0.14977668997639956,0.08488887131219058,-0.06488781866420898
9174_TOP1_P1P2_ENSG00000198900,TOP1,0.14955036127007848,0.06189030820744078,-0.08766005306263772
3323_GCOM1_P1P2_ENSG00000137878,GCOM1,0.14928954596232538,0.05146540246249462,-0.09782414349983076
1288_CCDC6_P1P2_ENSG00000108091,CCDC6,0.14921576478349563,0.037425189169235526,-0.11179057561426012
1432_CDK2_P1P2_ENSG00000123374,CDK2,0.14908193000950481,0.09889448047668362,-0.0501874495328212
8351_SPG7_P1P2_ENSG00000197912,SPG7,0.14901708254242124,0.06511178781407786,-0.08390529472834338
3404_GLRX5_P1P2_ENSG00000182512,GLRX5,0.14827456169654935,0.05287428484800574,-0.0954002768485436
3566_GTF2A1_P1P2_ENSG00000165417,GTF2A1,0.14814577210108584,0.04635635002241019,-0.10178942207867565
5258_MRPS28_P1P2_ENSG00000147586,MRPS28,0.1473202383740322,0.04146316143320397,-0.10585707694082822
7564_RRP1_P1P2_ENSG00000160214,RRP1,0.14728141896212535,0.05783915341823179,-0.08944226554389356
6650_PPP1CB_P1P2_ENSG00000213639,PPP1CB,0.14705818614958702,0.05679114266129022,-0.0902670434882968
4311_POGLUT3_P1P2_ENSG00000178202,POGLUT3,0.1470365842538664,0.08204638930634911,-0.06499019494751727
654_ATP5F1B_P1P2_ENSG00000110955,ATP5F1B,0.14684944917269183,0.05805172163779562,-0.0887977275348962
9340_TSFM_P1P2_ENSG00000123297,TSFM,0.14669745147466157,0.05030945978011517,-0.09638799169454638
1668_CLOCK_P1P2_ENSG00000134852,CLOCK,0.14655999891939922,0.07708399245959831,-0.06947600645980091
6829_PRSS50_P1_nan,PRSS50,0.1458539854493393,0.04929440533628615,-0.09655958011305316
3394_GLI4_P1P2_ENSG00000250571,GLI4,0.145791026516995,0.051658196894197775,-0.09413282962279723
1780_COPS4_P1P2_ENSG00000138663,COPS4,0.14578332143439898,0.053148646154662235,-0.09263467527973676
3371_GINS3_P1P2_ENSG00000181938,GINS3,0.1455972421033434,0.07648748319227952,-0.0691097589110639
5400_MYO1H_ENST00000431443.2_ENSG00000174527,MYO1H,0.14545646253433364,0.05970118510902006,-0.0857552774253136
6239_PFDN4_P1P2_ENSG00000101132,PFDN4,0.1451720539240505,0.03286815497376562,-0.11230389895028488
3654_HBS1L_P1P2_ENSG00000112339,HBS1L,0.14497668983893558,0.07486191304807108,-0.07011477679086449
7271_RGP1_P1P2_ENSG00000107185,RGP1,0.14496113194246504,0.07680303989032301,-0.06815809205214203
5508_NCOA4_P1P2_ENSG00000266412,NCOA4,0.14482629348165332,0.07162725091618809,-0.07319904256546524
5340_MTPAP_P1P2_ENSG00000107951,MTPAP,0.14456073016863236,0.05403269925387526,-0.0905280309147571
6680_PPP2R1A_P2_ENSG00000105568,PPP2R1A,0.1442168708063441,0.0625378997600813,-0.08167897104626279
4432_KLHL11_P1P2_ENSG00000178502,KLHL11,0.14410097030745833,0.03921142133987145,-0.10488954896758688
5293_MSTO1_P1P2_ENSG00000125459,MSTO1,0.14385107228690225,0.08761188668302358,-0.05623918560387868
8336_SPCS3_P2_ENSG00000129128,SPCS3,0.14378034510789958,0.0411228875003298,-0.10265745760756978
2915_FAM229A_P1P2_ENSG00000225828,FAM229A,0.14371695524198028,-0.044410279733185204,-0.18812723497516548
3869_HNRNPK_P1P2_ENSG00000165119,HNRNPK,0.14370285211453587,0.0565662158243046,-0.08713663629023127
784_BCAR1_P2_ENSG00000050820,BCAR1,0.14298684500083042,0.08581906324976274,-0.05716778175106768
3308_GBF1_P1P2_ENSG00000107862,GBF1,0.14292054905645335,0.0668592963168047,-0.07606125273964863
538_ARPC3_P2_ENSG00000111229,ARPC3,0.1427673798107219,0.06899733712990166,-0.07377004268082024
4129_INO80E_P1P2_ENSG00000169592,INO80E,0.14256010541516279,0.047830321126314274,-0.09472978428884851
4686_LSM11_P1P2_ENSG00000155858,LSM11,0.14242686002656385,0.07672147301537137,-0.06570538701119248
4329_KDM5C_P1P2_ENSG00000126012,KDM5C,0.14180842498382554,0.059366678530942935,-0.0824417464528826
10280_ZNF317_P1P2_ENSG00000130803,ZNF317,0.14172312821759162,0.048650109414959855,-0.09307301880263176
3291_GATA1_P1P2_ENSG00000102145,GATA1,0.14162056451402666,0.05199517519576091,-0.08962538931826573
7473_RPL41_P1P2_ENSG00000229117,RPL41,0.1407424060861281,0.048844551662316604,-0.09189785442381149
5194_MRPL11_P1P2_ENSG00000174547,MRPL11,0.14074194209743074,0.03874344169368869,-0.10199850040374203
3731_HINFP_P1P2_ENSG00000172273,HINFP,0.14040236209472404,0.07748853120303906,-0.06291383089168498
8599_SUPT6H_P1P2_ENSG00000109111,SUPT6H,0.1396026056484522,0.042671010308733145,-0.09693159533971905
5262_MRPS33_P1P2_ENSG00000090263,MRPS33,0.1387963740032665,0.07195187060033481,-0.06684450340293167
"3201_FRG2_ENST00000378763.1,ENST00000504750.1_ENSG00000205097",FRG2,0.13839825432770608,0.05624489177147017,-0.08215336255623591
8841_TFB2M_P1P2_ENSG00000162851,TFB2M,0.13835580373379086,0.04919471248912341,-0.08916109124466744
7403_RNMT_P1P2_ENSG00000101654,RNMT,0.13810867616863798,0.08123648791162903,-0.05687218825700893
6549_POLR2H_P1P2_ENSG00000163882,POLR2H,0.13793117064921256,0.054491615913944094,-0.08343955473526847
10380_ZNF468_P1P2_ENSG00000204604,ZNF468,0.13776729824299055,0.04912962377072984,-0.08863767447226073
5467_NARS2_P1P2_ENSG00000137513,NARS2,0.13738521254177427,0.07077862585357221,-0.06660658668820206
2312_DNM1_P1P2_ENSG00000106976,DNM1,0.13737228290082132,0.03684021461150972,-0.1005320682893116
3260_GAK_P1P2_ENSG00000178950,GAK,0.13707374763098695,0.052580149753490305,-0.08449359787749666
3751_HIST1H2AE_P1P2_ENSG00000277075,HIST1H2AE,0.13673578643748502,-0.06992011389701645,-0.20665590033450149
3792_HIST2H3D_ENST00000331491.1_ENSG00000183598,HIST2H3D,0.1364680827508727,-0.06401928603442995,-0.20048736878530263
7295_RHOQ_P1P2_ENSG00000119729,RHOQ,0.13608802276614898,-0.0601427997047089,-0.19623082247085788
8923_TIMM44_P1P2_ENSG00000104980,TIMM44,0.1360472390150581,0.07585142634923607,-0.060195812665822045
2384_DSTYK_P1P2_ENSG00000133059,DSTYK,0.13590943102658104,0.06852853357589216,-0.06738089745068887
5952_OR2T29_ENST00000328570.3_ENSG00000182783,OR2T29,0.13566936675318947,0.06641685781328288,-0.0692525089399066
8857_TFRC_P1P2_ENSG00000072274,TFRC,0.1354072621232818,-0.045996302301668804,-0.1814035644249506
2925_FAM50A_P1P2_ENSG00000071859,FAM50A,0.13501403592230188,0.0715465079490628,-0.06346752797323907
8169_SMG8_P1P2_ENSG00000167447,SMG8,0.13446532933285896,0.04130002768330125,-0.0931653016495577
3630_HAPLN2_P1P2_ENSG00000132702,HAPLN2,0.13403495406023772,-0.060475658467135714,-0.19451061252737342
3862_HNRNPDL_P1P2_ENSG00000152795,HNRNPDL,0.13328560860784947,0.07482730891929998,-0.05845829968854949
4729_LYRM4_P1P2_ENSG00000214113,LYRM4,0.13322150610778635,0.057160253368137556,-0.0760612527396488
6499_PNPT1_P1P2_ENSG00000138035,PNPT1,0.1329826158721587,0.05982971473015421,-0.07315290114200451
4127_INO80C_P1P2_ENSG00000153391,INO80C,0.13280897278776946,0.045030682327505914,-0.08777829046026354
8839_TFAP4_P1P2_ENSG00000090447,TFAP4,0.13277813386740173,0.04029486013340551,-0.09248327373399622
9758_VPS41_P2_ENSG00000006715,VPS41,0.13269707661970082,0.07523514329405635,-0.05746193332564446
9734_VMP1_P1P2_ENSG00000062716,VMP1,0.13254436643955578,0.06182686730470592,-0.07071749913484986
9911_XRN2_P1P2_ENSG00000088930,XRN2,0.13177267330703551,0.07025462047510404,-0.061518052831931486
9408_TUBA1B_P1P2_ENSG00000123416,TUBA1B,0.13154016585274986,0.0729751641224434,-0.058565001730306473
1768_COMTD1_P1P2_ENSG00000165644,COMTD1,0.13019785468749184,0.04149529383848766,-0.08870256084900417
3857_HNRNPA1_P1P2_ENSG00000135486,HNRNPA1,0.1299030913739356,-0.054204072082048006,-0.1841071634559836
1591_CHORDC1_P1P2_ENSG00000110172,CHORDC1,0.1296727426741225,0.06807538427061169,-0.06159735840351081
10041_ZCRB1_P1P2_ENSG00000139168,ZCRB1,0.12963868208311882,0.08039857365077079,-0.04924010843234804
9302_TRMT10C_P1P2_ENSG00000174173,TRMT10C,0.12951596693796188,0.07575832476469897,-0.05375764217326292
1418_CDCA8_P1P2_ENSG00000134690,CDCA8,0.12912303338628492,0.05572500593213654,-0.07339802745414838
1255_CCDC130_P1_ENSG00000104957,CCDC130,0.12902056303169857,0.0757863376308437,-0.053234225400854845
9592_UNC45A_P1_ENSG00000140553,UNC45A,0.12875052086866734,0.08665944923410607,-0.04209107163456126
4593_LIN52_P1P2_ENSG00000205659,LIN52,0.12852086330480028,0.06792708086161021,-0.06059378244319007
8498_STAT5A_P1P2_ENSG00000126561,STAT5A,0.1279026698175016,0.057290430804924575,-0.070612239012577
7436_RPL13A_P2_ENSG00000142541,RPL13A,0.12726722383905525,0.07516346331304152,-0.05210376052601374
3133_FOLR3_P1_ENSG00000110203,FOLR3,0.12712014928728727,0.07146494107411352,-0.055655208213173754
2989_FBRSL1_P1P2_ENSG00000112787,FBRSL1,0.12700078271111356,0.06220668881331194,-0.06479409389780162
1519_CEP97_P1P2_ENSG00000182504,CEP97,0.1262420000023115,0.05344525297266073,-0.07279674702965078
6852_PSMB4_P1P2_ENSG00000159377,PSMB4,0.12497821861040416,0.03948825437000568,-0.08548996424039848
176_AFG3L2_P1P2_ENSG00000141385,AFG3L2,0.12464731607070964,0.06306437686203183,-0.06158293920867781
6214_PELO_P1_ENSG00000152684,PELO,0.12411380112889059,0.0705017928234336,-0.053612008305456975
5220_MRPL38_P1P2_ENSG00000204316,MRPL38,0.12355999505465731,-0.1003470299770485,-0.22390702503170581
3471_GOLT1B_P1P2_ENSG00000111711,GOLT1B,0.12350734834239419,0.04517074665823083,-0.07833660168416336
1692_CMC4_P1P2_ENSG00000182712,CMC4,0.12285045711429383,0.05976792164307114,-0.0630825354712227
5243_MRPS12_P1P2_ENSG00000128626,MRPS12,0.12258982217477578,0.04980028474254465,-0.07278953743223113
5560_NDUFB8_P1P2_ENSG00000166136,NDUFB8,0.12249283775946983,0.05650771836853584,-0.06598511939093399
5240_MRPL9_P1P2_ENSG00000143436,MRPL9,0.12159953815055011,-0.04405105592027242,-0.16565059407082253
9655_USP39_P2_ENSG00000168883,USP39,0.12145065771144205,-0.048606442300086386,-0.17005710001152843
5126_MMS19_P1P2_ENSG00000155229,MMS19,0.1202302077316609,0.05008947639009666,-0.07014073134156425
2251_DMAP1_P1P2_ENSG00000178028,DMAP1,0.12007365425769452,0.17512902396584576,0.05505536970815124
9362_TSPYL5_P1P2_ENSG00000180543,TSPYL5,0.11968727725976958,0.06381001344617884,-0.05587726381359073
1261_CCDC144NL_P1_ENSG00000205212,CCDC144NL,0.1186473396970682,0.05837798913760314,-0.06026935055946505
5225_MRPL42_P1P2_ENSG00000198015,MRPL42,0.1183507416037996,0.05792566374014707,-0.06042507786365253
7400_RNGTT_P1P2_ENSG00000111880,RNGTT,0.11792411741656189,0.06199494450157621,-0.05592917291498569
8272_SON_P2_ENSG00000159140,SON,0.11766069666305175,0.0576307047377998,-0.06002999192525195
376_AP2M1_P2_ENSG00000161203,AP2M1,0.1173388956389585,0.04376351208837494,-0.07357538355058356
8159_SMC4_P2_ENSG00000113810,SMC4,0.11673695789397268,0.05181885892061626,-0.06491809897335642
9675_USP7_P1P2_ENSG00000187555,USP7,0.11671515751524547,0.05488132431648915,-0.06183383319875632
3518_GPS2_P1P2_ENSG00000132522,GPS2,0.1152092842516574,0.06029522265285446,-0.05491406159880294
7779_SEPHS2_P1P2_ENSG00000179918,SEPHS2,0.11498875184953057,0.06987397505866628,-0.045114776790864286
9702_VARS2_P1P2_ENSG00000137411,VARS2,0.1147768680560479,-0.04549536634237715,-0.16027223439842506
8481_STAG2_P1_ENSG00000101972,STAG2,0.11352812286320813,-0.0410528553349688,-0.15458097819817693
5601_NELFE_P1P2_ENSG00000204356,NELFE,0.11244805603768665,0.16973984286430743,0.05729178682662078
7062_RAD21_P1P2_ENSG00000164754,RAD21,0.11214654800879473,0.05839034775501588,-0.05375620025377885
7781_SEPSECS_P1P2_ENSG00000109618,SEPSECS,0.11150129392513783,-0.053829194020402815,-0.16533048794554064
2482_EEF1A1_P1P2_ENSG00000156508,EEF1A1,0.11111574678461464,0.05165819689419762,-0.05945754989041702
2856_FAM136A_P1P2_ENSG00000035141,FAM136A,0.10996105428661054,0.046571389965462395,-0.06338966432114815
3874_HNRNPM_P2_ENSG00000099783,HNRNPM,0.1098931209620405,-0.049782158770333026,-0.15967527973237353
7310_RINT1_P1P2_ENSG00000135249,RINT1,0.10945745688359082,0.06783645100055567,-0.04162100588303515
10706_ZRANB2_P1P2_ENSG00000132485,ZRANB2,0.10770719379724722,0.06378200058003437,-0.04392519321721284
5199_MRPL16_P1P2_ENSG00000166902,MRPL16,0.10652195434389777,-0.0652221914629959,-0.17174414580689368
6988_QRSL1_P1P2_ENSG00000130348,QRSL1,0.10648845327650695,-0.05185593477286475,-0.1583443880493717
4475_KRT17_P1P2_ENSG00000128422,KRT17,0.1059605375434716,-0.048764632603020254,-0.15472517014649184
1516_CEP85_P1P2_ENSG00000130695,CEP85,0.10548656305307319,-0.04517816182867936,-0.15066472488175256
7891_SHC1_P2_ENSG00000160691,SHC1,0.10523393170000031,0.037300779087241366,-0.06793315261275894
6771_PRKRIP1_P1_ENSG00000128563,PRKRIP1,0.1040131699296931,-0.06432083629939651,-0.16833400622908962
2164_DESI1_P1P2_ENSG00000100418,DESI1,0.10378664089660039,0.188314844841689,0.08452820394508861
3567_GTF2A2_P1P2_ENSG00000140307,GTF2A2,0.1035348386975825,0.046436269081706366,-0.05709856961587613
6251_PGAM5_P1P2_ENSG00000247077,PGAM5,0.10244745031666247,-0.10474340214610667,-0.20719085246276914
1787_COPZ1_P2_ENSG00000111481,COPZ1,0.09963771648480052,-0.08545571989770123,-0.18509343638250175
1284_CCDC59_P1P2_ENSG00000133773,CCDC59,0.09641919389848516,0.14898725249809233,0.05256805859960717
5123_MMGT1_P1P2_ENSG00000169446,MMGT1,0.09418230796324731,0.036031137124625565,-0.05815117083862174
5906_NUS1_P1P2_ENSG00000153989,NUS1,0.0936597378324061,0.04297915183632545,-0.05068058599608065
875_BOP1_P2_ENSG00000261236,BOP1,0.09288105894232637,-0.0628822932320885,-0.15576335217441487
2162_DERL2_P1P2_ENSG00000072849,DERL2,0.09280730044020635,0.05134923145877743,-0.04145806898142893
8653_TAF12_P1P2_ENSG00000120656,TAF12,0.09244727687881996,0.1498226950354692,0.05737541815664923
4473_KRT10_P2_ENSG00000186395,KRT10,0.0923178597296028,-0.05505352105249207,-0.14737138078209486
9324_TRPM7_P1P2_ENSG00000092439,TRPM7,0.09066721199423283,-0.05394866065543236,-0.1446158726496652
5217_MRPL35_P1P2_ENSG00000132313,MRPL35,0.08841409666197939,-0.05003757019694719,-0.13845166685892657
1289_CCDC6_P1P2_ENSG00000108091,CCDC6,0.08607394073771864,-0.03674876084262829,-0.12282270158034693
1856_CRCP_P1P2_ENSG00000241258,CRCP,0.08602185982174657,-0.04838810672572324,-0.1344099665474698
1960_CUL1_P1P2_ENSG00000055130,CUL1,0.08501249673816724,-0.051717518257798356,-0.1367300149959656
10637_ZNF787_P1P2_ENSG00000142409,ZNF787,0.08441031781790723,0.14078936961165087,0.05637905179374364
7485_RPN1_P1P2_ENSG00000163902,RPN1,0.08410262663116398,0.18759062986106062,0.10348800322989664
10708_ZRSR2_P1P2_ENSG00000169249,ZRSR2,0.08373359182380093,-0.10825077776898177,-0.1919843695927827
6778_PRMT5_P2_ENSG00000100462,PRMT5,0.08155484964089163,0.12707624772602247,0.04552139808513084
1962_CUL3_P1P2_ENSG00000036257,CUL3,0.08058251329251048,-0.12533945002503888,-0.20592196331754936
268_ALG1_P1P2_ENSG00000033011,ALG1,0.08040453226547913,0.15787309842074146,0.07746856615526233
2471_ECT2_P1P2_ENSG00000114346,ECT2,0.07835841747850703,0.1363682802077713,0.05800986272926428
3369_GINS1_P1P2_ENSG00000101003,GINS1,0.07744473439563229,0.1349066677212744,0.05746193332564212
8974_TMED2_P1P2_ENSG00000086598,TMED2,0.07588544173888664,-0.07904736481319374,-0.1549328065520804
4108_IMP4_P1P2_ENSG00000136718,IMP4,0.07487663255251209,0.20185494608348228,0.1269783135309702
893_BRD8_P1P2_ENSG00000112983,BRD8,0.0748737434292746,0.13209631812070305,0.057222574691428454
62_ABT1_P1P2_ENSG00000146109,ABT1,0.07438236822226968,0.15213210867675808,0.0777497404544884
5266_MRPS5_P1P2_ENSG00000144029,MRPS5,0.07351254321002165,-0.12475282765165241,-0.19826537086167406
10397_ZNF492_P1P2_ENSG00000229676,ZNF492,0.07346092692903011,-0.06380259827571963,-0.13726352520474974
4530_LCE1C_P1P2_ENSG00000197084,LCE1C,0.07313869333669838,-0.06259639721584885,-0.13573509055254723
6905_PTEN_P1P2_ENSG00000171862,PTEN,0.07312823749112701,-0.0671575509504504,-0.1402857884415774
9258_TRIAP1_P1P2_ENSG00000170855,TRIAP1,0.07267216256698998,0.1353408671465223,0.06266870457953232
5424_NAA15_P1P2_ENSG00000164134,NAA15,0.07229492072909137,0.15509570513328969,0.08280078440419832
2031_DAXX_P1_ENSG00000204209,DAXX,0.07194511446111544,-0.07584730681007955,-0.147792421271195
4939_MED17_P1P2_ENSG00000042429,MED17,0.07185029262089598,-0.07832562155605968,-0.15017591417695567
4653_LRPPRC_P1P2_ENSG00000138095,LRPPRC,0.07117355092608374,-0.047673778639035685,-0.11884732956511943
2345_DPH1_P2_ENSG00000108963,DPH1,0.07024527149251938,-0.07170881779113406,-0.14195408928365344
1146_CACNB3_P2_ENSG00000167535,CACNB3,0.06972977738890435,-0.06972979118878894,-0.1394595685776933
8654_TAF13_P1P2_ENSG00000197780,TAF13,0.06939830059427124,-0.08002204777346825,-0.1494203483677395
9821_WDR44_P1P2_ENSG00000131725,WDR44,0.06922711102357726,-0.03934654222363035,-0.10857365324720761
1536_CFL1_P1P2_ENSG00000172757,CFL1,0.06891605784811326,-0.06121717551213958,-0.13013323336025284
1151_CADM4_P1P2_ENSG00000105767,CADM4,0.06885927372906818,0.16182126473148936,0.09296199100242118
7311_RIOK1_P1P2_ENSG00000124784,RIOK1,0.06874287139627856,0.14745148830710814,0.07870861691082957
7843_SFSWAP_P1P2_ENSG00000061936,SFSWAP,0.06859041839627163,0.14783542935485897,0.07924501095858734
667_ATP5PO_P1P2_ENSG00000241837,ATP5PO,0.06812668408509491,-0.057079510401011155,-0.12520619448610606
9483_UBA5_P1P2_ENSG00000081307,UBA5,0.06777501463923795,-0.08565098605288192,-0.15342600069211987
8644_TACC3_P2_ENSG00000013810,TACC3,0.06763166406722138,-0.06390311503071425,-0.13153477909793562
3220_FUNDC2_P1P2_ENSG00000165775,FUNDC2,0.06728533250625536,0.14313750692083285,0.07585217441457749
3042_FCF1_P1P2_ENSG00000119616,FCF1,0.06675907266734578,0.14608627303647612,0.07932720036913034
7059_RAD17_P1P2_ENSG00000152942,RAD17,0.06640560794068709,0.11279215771574572,0.04638654977505863
7727_SDHC_P1P2_ENSG00000143252,SDHC,0.06633369790414016,-0.04861468137836461,-0.11494837928250477
10165_ZNF133_P1P2_ENSG00000125846,ZNF133,0.06623401032223858,-0.06351423053599478,-0.12974824085823336
6603_PPA1_P1P2_ENSG00000180817,PPA1,0.06612266041010176,0.13341127501386105,0.06728861460375929
2556_EIF3L_P1P2_ENSG00000100129,EIF3L,0.06578726715929212,-0.07903912573492486,-0.14482639289421698
5735_NOL6_P1P2_ENSG00000165271,NOL6,0.06561668111605308,0.15307053969258755,0.08745385857653447
3969_HSP90B1_P1P2_ENSG00000166598,HSP90B1,0.0655660664119805,0.1446740950196609,0.07910802860768039
1898_CSNK1A1_P1P2_ENSG00000113712,CSNK1A1,0.06537361460199047,0.12366032587202873,0.05828671127003826
7170_RBM33_P1P2_ENSG00000184863,RBM33,0.06372396532619486,-0.06217290859236897,-0.12589687391856383
5226_MRPL43_P1P2_ENSG00000055950,MRPL43,0.06347756666618508,-0.09093470695245508,-0.15441227361864016
2521_EHMT2_P1P2_ENSG00000204371,EHMT2,0.06303791454689912,0.12727398560468922,0.0642360710577901
6481_PMPCB_P2_ENSG00000105819,PMPCB,0.06192167863342844,-0.07153662105512036,-0.1334582996885488
4250_JAZF1_P1P2_ENSG00000153814,JAZF1,0.06186317811734543,0.12698891349627922,0.06512573537893379
6256_PGD_P1P2_ENSG00000142657,PGD,0.061822843452545004,-0.08326742070710667,-0.14509026415965168
7656_SARS2_P1P2_ENSG00000104835,SARS2,0.06181495085464364,-0.0637243270320822,-0.12553927788672584
5429_NAA35_P1P2_ENSG00000135040,NAA35,0.06155164242022722,-0.09950499617706167,-0.1610566385972889
4301_KCTD10_P1P2_ENSG00000110906,KCTD10,0.06063304461170442,-0.08310181523372127,-0.1437348598454257
2187_DHFR_P1P2_ENSG00000228716,DHFR,0.060252575609814195,-0.04618992064119768,-0.10644249625101188
6485_PNISR_P2_ENSG00000132424,PNISR,0.06024023242701319,-0.07221304938173563,-0.13245328180874882
1589_CHMP7_P1P2_ENSG00000147457,CHMP7,0.06021523776838725,0.17168426533788486,0.11146902756949761
4384_KIF20A_P1P2_ENSG00000112984,KIF20A,0.060110888288076855,0.1370488280735185,0.07693793978544165
6534_POLR1B_P1P2_ENSG00000125630,POLR1B,0.059793840116331445,0.13026477101954467,0.07047093090321323
3605_GYG1_P1P2_ENSG00000163754,GYG1,0.0595349800998978,-0.062116882860078826,-0.12165186295997663
9816_WDR36_P1P2_ENSG00000134987,WDR36,0.05907217714956792,0.1170805979593486,0.05800842080978068
2852_FAM133B_P1P2_ENSG00000234545,FAM133B,0.059065940369756195,-0.07675278151281896,-0.13581872188257516
128_ADAM10_P1P2_ENSG00000137845,ADAM10,0.05905483609949855,-0.06238794853541439,-0.12144278463491294
1614_CINP_P1P2_ENSG00000100865,CINP,0.05903582128765372,0.14831082417148725,0.08927500288383353
5224_MRPL41_P1P2_ENSG00000182154,MRPL41,0.058924874195971505,-0.1288649516201207,-0.18778982581609222
7827_SET_P1P2_ENSG00000119335,SET,0.058423492039631736,-0.05522571778849557,-0.1136492098281273
4154_INTS9_P1P2_ENSG00000104299,INTS9,0.058414620655574734,0.10678669355902304,0.048372072903448304
5750_NOP58_P1P2_ENSG00000055044,NOP58,0.057996001765497115,0.12606613672915742,0.06807013496366031
1421_CDK11A_P1P2_ENSG00000008128,CDK11A,0.057961492905526726,-0.06684528988372766,-0.12480678278925439
7420_RPA3_P1P2_ENSG00000106399,RPA3,0.05691663651140755,0.11845487621609992,0.06153823970469237
9042_TMEM214_P1P2_ENSG00000119777,TMEM214,0.05584434390107024,-0.0705355730443703,-0.12637991694544054
5539_NDUFA6_P1P2_ENSG00000184983,NDUFA6,0.055637892805077555,-0.0475732618840462,-0.10321115468912376
4635_LPIN1_P1P2_ENSG00000134324,LPIN1,0.05545372628217328,0.11809647631100953,0.06264275002883625
9512_UBE2M_P1P2_ENSG00000130725,UBE2M,0.05530461650985534,-0.08457166679848586,-0.1398762833083412
4487_KXD1_P1P2_ENSG00000105700,KXD1,0.05530056549506217,-0.0637399812808111,-0.11904054677587327
5861_NUDC_P1P2_ENSG00000090273,NUDC,0.05521567709972451,0.14251957605000218,0.08730389895027767
3511_GPR61_P1P2_ENSG00000156097,GPR61,0.05487038091212386,-0.06230143821349958,-0.11717181912562344
5215_MRPL33_P1P2_ENSG00000243147,MRPL33,0.05484511255527702,-0.06351917398296462,-0.11836428653824164
4949_MED26_P1P2_ENSG00000105085,MED26,0.05456720128840216,0.10618359302908337,0.05161639174068121
2102_DDX10_P1P2_ENSG00000178105,DDX10,0.0545039460571759,0.1358945332067854,0.0813905871496095
5953_OR2T5_ENST00000366473.2_ENSG00000203661,OR2T5,0.05448913390707008,-0.06665084763636608,-0.12113998154343616
3424_GMPPB_P1P2_ENSG00000173540,GMPPB,0.05429268791662621,-0.04946495425663776,-0.10375764217326397
2129_DDX54_P1_ENSG00000123064,DDX54,0.05334924055761013,0.16780448337684767,0.11445524281923754
8601_SUPV3L1_P1P2_ENSG00000156502,SUPV3L1,0.0533459033174702,-0.05572088639299705,-0.10906678971046725
5739_NOLC1_P1P2_ENSG00000166197,NOLC1,0.05330812570370305,0.12956115373461385,0.0762530280309108
7411_ROMO1_P1P2_ENSG00000125995,ROMO1,0.05328872854312483,0.1338487700704025,0.08056004152727766
39_ABHD11_P1P2_ENSG00000106077,ABHD11,0.05311959846637011,0.10467831342772617,0.051558714961356056
1915_CSTF1_P1P2_ENSG00000101138,CSTF1,0.053075982350346745,0.16254795143558762,0.10947196908524087
6073_PARN_P1P2_ENSG00000140694,PARN,0.0529730738771344,0.1316052690553541,0.0786321951782197
3349_GFOD2_P1P2_ENSG00000141098,GFOD2,0.05270552792005728,0.11630859632471556,0.06360306840465828
8108_SLC7A5_P1P2_ENSG00000103257,SLC7A5,0.05254072061748587,-0.06354389121779407,-0.11608461183527993
6521_POLE2_P1P2_ENSG00000100479,POLE2,0.05224579706532473,0.13773431938623298,0.08548852232090826
5751_NOP9_P1P2_ENSG00000196943,NOP9,0.05148742191005071,0.14743418624272692,0.09594676433267621
5570_NDUFS5_P2_ENSG00000168653,NDUFS5,0.0514168298979305,-0.04117314587782512,-0.09258997577575562
2001_CYFIP1_P1P2_ENSG00000273749,CYFIP1,0.05058138852005635,0.11605895225289722,0.06547756373284087
3282_GAPDH_P2_ENSG00000111640,GAPDH,0.05051960149657046,-0.09734635766826961,-0.14786595916484008
9063_TMEM258_P1P2_ENSG00000134825,TMEM258,0.05036372621402406,0.11485357510086079,0.06448984888683673
4523_LAS1L_P1P2_ENSG00000001497,LAS1L,0.05005280324431527,0.13110021355692159,0.08104741031260632
4713_LTV1_P1P2_ENSG00000135521,LTV1,0.04973659884389933,0.11293304595429018,0.06319644711039085
1672_CLPB_P1P2_ENSG00000162129,CLPB,0.0493417630906319,-0.05329694956365644,-0.10263871265428834
2292_DNAJC19_P1P2_ENSG00000205981,DNAJC19,0.04933728669267024,-0.05428481504917156,-0.1036221017418418
6886_PSMG3_P1_ENSG00000157778,PSMG3,0.04918580622514118,0.10888848242769894,0.05970267620255776
1040_C1orf131_P1P2_ENSG00000143633,C1orf131,0.049153018400188916,0.1352601241793976,0.08610710577920867
7426_RPF1_P1P2_ENSG00000117133,RPF1,0.048991674855921735,0.1252043291413058,0.07621265428538407
5588_NEDD8_P1P2_ENSG00000129559,NEDD8,0.0486057333915126,-0.06006452846107131,-0.10867026185258391
1669_CLOCK_P1P2_ENSG00000134852,CLOCK,0.048317633704574134,-0.054107674866196914,-0.10242530857077105
1035_C1orf109_P1_ENSG00000116922,C1orf109,0.04829519643911867,-0.08011926889714185,-0.12841446533626052
3548_GSDMA_P1P2_ENSG00000167914,GSDMA,0.04814037711575701,-0.07794250441614044,-0.12608288153189745
1340_CCP110_P1P2_ENSG00000103540,CCP110,0.048095662766415456,-0.05561872182235052,-0.10371438458876597
687_ATP6V1H_P1P2_ENSG00000047249,ATP6V1H,0.0478579705948549,0.14625599804899633,0.09839802745414143
9611_UQCRC1_P2_ENSG00000010256,UQCRC1,0.047646584738606626,-0.06255932136359865,-0.11020590610220528
10703_ZNRD1_P1P2_ENSG00000066379,ZNRD1,0.047643943101370226,0.13164728835456757,0.08400334525319735
7737_SEC16A_P1P2_ENSG00000148396,SEC16A,0.047631128573707424,-0.066110364101344,-0.11374149267505142
1939_CTNNBL1_P1P2_ENSG00000132792,CTNNBL1,0.04755116151886399,0.17363692688972213,0.12608576537085814
1167_CAMLG_P1P2_ENSG00000164615,CAMLG,0.04666017366093042,-0.07112301932557911,-0.11778319298650954
2350_DPH6_P1P2_ENSG00000134146,DPH6,0.04660533109031437,-0.10332545677448668,-0.14993078786480105
1022_C19orf53_P1P2_ENSG00000104979,C19orf53,0.04653826122952827,0.14152759102534784,0.09498932979581957
2778_EXOC1_P1P2_ENSG00000090989,EXOC1,0.04617768223126775,0.1690321060402382,0.12285442380897044
5077_MICOS10_P1P2_ENSG00000173436,MICOS10,0.04603369965760888,0.1432363758601659,0.09720267620255703
1638_CLCC1_P1P2_ENSG00000121940,CLCC1,0.045738115724639386,0.11365396530359664,0.06791584957895726
8730_TBCE_P1P2_ENSG00000285053,TBCE,0.04571290349882799,-0.061359711566348174,-0.10707261506517617
4164_IPO7_P1P2_ENSG00000205339,IPO7,0.045628094006278264,0.1471680640143521,0.10153997000807383
7456_RPL28_P1P2_ENSG00000108107,RPL28,0.04546241983747651,0.1151402950249224,0.06967787518744589
5492_NCAPH_P1P2_ENSG00000121152,NCAPH,0.04537081618941563,0.12140034670042688,0.07602953051101125
2190_DHPS_P1P2_ENSG00000095059,DHPS,0.04506319078983348,-0.04988432334097835,-0.09494751413081183
7917_SIN3A_P2_ENSG00000169375,SIN3A,0.044887721137248426,0.12232889082233242,0.077441169685084
7487_RPP14_P1P2_ENSG00000163684,RPP14,0.04486750824235228,0.17426392074667102,0.12939641250431874
1206_CASP8AP2_P1P2_ENSG00000118412,CASP8AP2,0.0441653961740114,0.12831293337552963,0.08414753720151823
8055_SLC35G2_P1P2_ENSG00000168917,SLC35G2,0.04414257562839918,-0.059975546415669864,-0.10411812204406905
7647_SAP130_P1P2_ENSG00000136715,SAP130,0.043729524355576394,0.10625692082575576,0.06252739647017937
715_AURKB_P1P2_ENSG00000178999,AURKB,0.04331417843911943,0.14432640591633256,0.10101222747721313
6885_PSMG3_P2_ENSG00000157778,PSMG3,0.04324763812609558,-0.0835071778849806,-0.1267548160110762
497_ARIH1_P1P2_ENSG00000166233,ARIH1,0.04308366267674567,-0.10541241530225977,-0.14849607797900544
2113_DDX24_P1P2_ENSG00000089737,DDX24,0.042939024721434765,0.12681259722114166,0.0838735724997069
9974_ZBTB17_P1P2_ENSG00000116809,ZBTB17,0.04293622440422391,-0.07320750612986686,-0.11614373053409077
6406_PLA2G10_ENST00000438167.3_ENSG00000069764,PLA2G10,0.04293255224066224,0.09527422948140218,0.052341677240739945
3038_FBXW7_ENST00000281708.4_ENSG00000109670,FBXW7,0.04292322416703705,-0.0948565082127066,-0.13777973237974364
6649_PPP1CA_P2_ENSG00000172531,PPP1CA,0.04289294543556821,0.11099768646682512,0.06810474103125691
5737_NOL8_P1P2_ENSG00000198000,NOL8,0.042822339680585186,0.0991062247884394,0.05628388510785422
6575_POP4_P1P2_ENSG00000105171,POP4,0.04243670485549621,0.13630566321285592,0.09386895835735971
4434_KLHL17_P1P2_ENSG00000187961,KLHL17,0.04221407807947157,-0.07408826359777301,-0.11630234167724458
6157_PDCD5_P1P2_ENSG00000105185,PDCD5,0.04220623096805223,0.1064076959582434,0.06420146499019116
2764_ETV4_P1P2_ENSG00000175832,ETV4,0.0419808648529456,-0.040388785625774866,-0.08236965047872047
5023_MFN2_P2_ENSG00000116688,MFN2,0.04184648722548215,-0.07217185399034877,-0.11401834121583092
2414_DUT_P1P2_ENSG00000128951,DUT,0.04158235668902435,0.11260265891534461,0.07102030222632026
4701_LST1_P2_ENSG00000204482,LST1,0.04142076961246767,-0.0732536449682244,-0.11467441458069207
5292_MST1_ENST00000449682.2_ENSG00000173531,MST1,0.04133373527414344,-0.05663460017400666,-0.0979683354481501
4330_KDM6A_P1P2_ENSG00000147050,KDM6A,0.04127568722783928,-0.09044942524188238,-0.13172511246972166
9498_UBE2D3_P1P2_ENSG00000109332,UBE2D3,0.041155389290808045,0.14117990192201837,0.10002451263121033
2058_DCAF6_P1P2_ENSG00000143164,DCAF6,0.04113963747329709,0.10246447309447575,0.06132483562117866
5255_MRPS25_P1P2_ENSG00000131368,MRPS25,0.040772420262306444,-0.04199375807429723,-0.08276617833660367
9601_UPF2_P1P2_ENSG00000151461,UPF2,0.040563920982217866,0.1756126578607481,0.13504873687853022
697_ATRIP_P1P2_ENSG00000164053,ATRIP,0.040234876716308335,0.1182283015634611,0.07799342484715277
2158_DEPDC5_P1P2_ENSG00000100150,DEPDC5,0.04010460921894446,-0.08250036251943946,-0.12260497173838392
3637_HAUS4_P1P2_ENSG00000092036,HAUS4,0.03997986024082581,0.1366591196709759,0.0966792594301501
10146_ZMYM4_P1P2_ENSG00000146463,ZMYM4,0.039884252623103994,-0.054000566848583426,-0.09388481947168742
2119_DDX3X_P1P2_ENSG00000215301,DDX3X,0.039743971789669194,0.13722349653300425,0.09747952474333506
8963_TMA16_P1P2_ENSG00000198498,TMA16,0.03938395881580439,0.14727270030847694,0.10788874149267255
5536_NDUFA3_P1P2_ENSG00000170906,NDUFA3,0.03932213503058635,0.14775880592688045,0.10843667089629411
7469_RPL38_P1P2_ENSG00000172809,RPL38,0.03930599592221476,0.10492630968389202,0.06562031376167726
8430_SRSF11_P2_ENSG00000116754,SRSF11,0.03915807915778485,0.10890660839990889,0.06974852924212403
4778_MAGOH_P1P2_ENSG00000162385,MAGOH,0.03912510281009883,0.10923122808406013,0.0701061252739613
6681_PPP2R1A_P1_ENSG00000105568,PPP2R1A,0.038673550492708986,0.12439277993093195,0.08571922943822297
8041_SLC35B1_P1P2_ENSG00000121073,SLC35B1,0.03864334361199654,-0.038682472514435885,-0.07732581612643243
5250_MRPS18C_P1P2_ENSG00000163319,MRPS18C,0.03863590939539957,-0.07879112947875624,-0.11742703887415581
5235_MRPL51_P1P2_ENSG00000111639,MRPL51,0.03840649889933884,-0.06884491418175821,-0.10725141308109705
8575_SUDS3_P1P2_ENSG00000111707,SUDS3,0.03833105150498366,0.1270004482058694,0.08866939670088574
5731_NOC4L_P1P2_ENSG00000184967,NOC4L,0.038309470271100834,0.12982809987082242,0.09151862959972158
1804_COTL1_P1P2_ENSG00000103187,COTL1,0.03822284312515656,0.12079724617048625,0.08257440304532969
3551_GSK3B_P1P2_ENSG00000082701,GSK3B,0.0381421911119854,-0.0794362493079041,-0.1175784404198895
5598_NELFA_P1P2_ENSG00000185049,NELFA,0.03790323029913566,0.14508110548658076,0.1071778751874451
5228_MRPL45_P1P2_ENSG00000278845,MRPL45,0.03789041856566495,-0.060079358801970524,-0.09796977736763547
1036_C1orf109_P2_ENSG00000116922,C1orf109,0.0377495280651485,-0.06017987555695763,-0.09792940362210613
3086_FIP1L1_P1P2_ENSG00000145216,FIP1L1,0.03765340783590694,-0.1240434430119376,-0.16169685084784455
7752_SEC61B_P1P2_ENSG00000106803,SEC61B,0.037650521658947736,0.10026299137863859,0.06261246971969085
4205_ISCA2_P1P2_ENSG00000165898,ISCA2,0.03765030192485001,0.10418479263888651,0.0665344907140365
9110_TMSB10_P1P2_ENSG00000034510,TMSB10,0.03759000721142905,0.11782129109653613,0.08023128388510709
8925_TIMM8A_P1P2_ENSG00000126953,TIMM8A,0.037535443737330615,-0.09215656226105773,-0.12969200599838834
6043_PAK1IP1_P1P2_ENSG00000111845,PAK1IP1,0.03740620931337188,0.12617654037808038,0.0887703310647085
7246_RFC2_P1P2_ENSG00000049541,RFC2,0.037374557528910585,0.12491925703288703,0.08754469950397645
6006_OXA1L_P1P2_ENSG00000155463,OXA1L,0.037312719487563456,-0.04345784228426862,-0.08077056177183208
3285_GARS_P1P2_ENSG00000106105,GARS,0.03693757438056722,-0.0684782751983943,-0.10541584957896152
6802_PRPF6_P1P2_ENSG00000101161,PRPF6,0.03676311866017892,-0.0650969574731715,-0.10186007613335042
2779_EXOC2_P1P2_ENSG00000112685,EXOC2,0.03673071440048531,0.1419288341374772,0.10519811973699189
9571_UFM1_P1P2_ENSG00000120686,UFM1,0.036681602308862936,-0.058727326056578856,-0.09540892836544179
4863_MAT2A_P1P2_ENSG00000168906,MAT2A,0.03663354444671843,0.1482712765957535,0.11163773214903508
5738_NOL9_P1P2_ENSG00000162408,NOL9,0.036562114593823636,0.10329414827705953,0.0667320336832359
2733_ESPN_P1_ENSG00000187017,ESPN,0.03599917349263977,0.1432808668828751,0.10728169339023534
2660_EPB41L2_P1P2_ENSG00000079819,EPB41L2,0.03582234451092722,-0.09039175169394698,-0.1262140962048742
2133_DDX59_P1P2_ENSG00000118197,DDX59,0.03580446720319652,-0.0838186150438931,-0.11962308224708962
5114_MLLT6_P1P2_ENSG00000275023,MLLT6,0.03572408881220944,0.12282900287380266,0.08710491406159322
4969_MEIS3_P1_ENSG00000105419,MEIS3,0.035432558403105524,0.10913483086820679,0.07370227246510126
1961_CUL2_P1P2_ENSG00000108094,CUL2,0.0353309816401851,0.12060033219964385,0.08526935055945875
3693_HERC1_P1P2_ENSG00000103657,HERC1,0.03481847548310818,0.12439772337789953,0.08957924789479135
1702_CMTR2_P1P2_ENSG00000180917,CMTR2,0.034560038720927264,0.10828538189776038,0.07372534317683312
1443_CDK9_P1P2_ENSG00000136807,CDK9,0.03450734116189315,0.12235772759631293,0.08785038643441978
6963_PWP2_P1P2_ENSG00000241945,PWP2,0.03438153567333334,0.09934433415066575,0.06496279847733241
5127_MMS22L_P1P2_ENSG00000146263,MMS22L,0.0342825339621335,0.08323281657835147,0.04895028261621796
10464_ZNF574_P2_ENSG00000105732,ZNF574,0.0342696984494906,0.09540852645733236,0.06113882800784176
4956_MED6_P1P2_ENSG00000133997,MED6,0.03418757009309022,-0.05273998787207608,-0.0869275579651663
9338_TSEN34_P1P2_ENSG00000170892,TSEN34,0.03415978190316721,0.11601610904585817,0.08185632714269096
5448_NAE1_P1P2_ENSG00000159593,NAE1,0.03382607948345634,-0.11558273352842599,-0.14940881301188233
4805_MAP2K7_P1P2_ENSG00000076984,MAP2K7,0.03379796709069316,0.13616559888213228,0.10236763179143912
4270_KANSL1_P1P2_ENSG00000120071,KANSL1,0.03375689114646077,0.12663957657730154,0.09288268543084077
2036_DBF4_P1P2_ENSG00000006634,DBF4,0.03366901505165584,-0.06965893511560942,-0.10332795016726526
304_ANAPC15_P1P2_ENSG00000110200,ANAPC15,0.03357311936557759,-0.05664778269925259,-0.09022090206483017
5732_NOL10_P1P2_ENSG00000115761,NOL10,0.033438126254554126,0.15784838118591668,0.12441025493136255
332_ANKRD17_P1P2_ENSG00000132466,ANKRD17,0.03340735745520275,0.08936104300140081,0.05595368554619806
5477_NBEAL1_P1P2_ENSG00000144426,NBEAL1,0.033367141876406825,-0.11199131930711465,-0.14535846118352147
373_AP2A1_P1P2_ENSG00000196961,AP2A1,0.03336217609488658,0.09428471618024538,0.0609225400853588
8231_SNRPE_P1P2_ENSG00000182004,SNRPE,0.03295450768019356,-0.06349692847161556,-0.09645143615180912
5198_MRPL15_P1P2_ENSG00000137547,MRPL15,0.03273285701018848,0.098393544517396,0.06566068750720752
1493_CENPW_P1P2_ENSG00000203760,CENPW,0.032729413343488514,0.11941472883546587,0.08668531549197736
7506_RPS17_ENST00000330339.7_ENSG00000182774,RPS17,0.03265183726554563,0.15472329879513194,0.12207146152958631
3736_HIPK1_P1P2_ENSG00000163349,HIPK1,0.03257551658019607,0.10512569537821145,0.07255017879801538
8160_SMC5_P1P2_ENSG00000198887,SMC5,0.0324360529637235,0.0942641184845443,0.061828065520820805
5344_MTRNR2L1_P1P2_ENSG00000256618,MTRNR2L1,0.032284694794557464,-0.06827476996493247,-0.10055946475948993
676_ATP6V0D1_P1P2_ENSG00000159720,ATP6V0D1,0.03168361384149296,0.10095919349312119,0.06927557965162823
2489_EEF2_P2_ENSG00000167658,EEF2,0.031675408540668595,-0.07612249202456803,-0.10779790056523662
4985_METAP2_P1P2_ENSG00000111142,METAP2,0.03149395896525785,0.10355532705846188,0.07206136809320403
5246_MRPS16_P1P2_ENSG00000182180,MRPS16,0.031474851944921806,-0.06645310975770015,-0.09792796170262195
7968_SLC16A5_P1P2_ENSG00000170190,SLC16A5,0.03146118762035395,0.1296328337156337,0.09817164609527974
5852_NUBP1_P1P2_ENSG00000103274,NUBP1,0.0314146556556551,0.10351495557490557,0.07210029991925047
1100_C5orf30_P1P2_ENSG00000181751,C5orf30,0.03140236001220968,0.12076099422606872,0.08935863421385903
4089_IK_P2_ENSG00000113141,IK,0.03126786491442033,-0.0449548828073511,-0.07622274772177143
2334_DOLK_P1P2_ENSG00000175283,DOLK,0.031080311559148352,-0.09089598328455364,-0.121976294843702
2369_DR1_P1P2_ENSG00000117505,DR1,0.030805640419823116,0.10553600147645702,0.0747303610566339
5146_MON1A_P1P2_ENSG00000164077,MON1A,0.030743954405582002,-0.07658388040812902,-0.10732783481371103
572_ASCC3_P1P2_ENSG00000112249,ASCC3,0.03066861229730422,0.17620587149674866,0.14553725919944444
8772_TCERG1_P1P2_ENSG00000113649,TCERG1,0.030503501054567936,0.09368985472857635,0.06318635367400842
9202_TPI1_P1P2_ENSG00000111669,TPI1,0.03016722246164373,0.08821745893643733,0.0580502364747936
4995_METTL17_P1P2_ENSG00000165792,METTL17,0.030092013315308155,0.07760470220675972,0.04751268889145156
8540_STRIP1_P1P2_ENSG00000143093,STRIP1,0.030070362625688143,0.10373081942577614,0.073660456800088
2905_PRXL2A_P1_ENSG00000122378,PRXL2A,0.03006411468809035,0.08656717155739231,0.05650305686930196
2277_DNAJA3_P1P2_ENSG00000103423,DNAJA3,0.030015717530634103,-0.07537850325608055,-0.10539422078671465
1545_CHAF1B_P1P2_ENSG00000159259,CHAF1B,0.02987921581956357,0.13295483007725667,0.1030756142576931
7272_RGPD6_ENST00000329516.3_ENSG00000183054,RGPD6,0.029819352704958252,-0.05596476311001622,-0.08578411581497447
7566_RRP7A_P1P2_ENSG00000189306,RRP7A,0.029721516306804058,0.12036057502176124,0.09063905871495719
7537_RPS7_P1P2_ENSG00000171863,RPS7,0.02969420050715961,0.11156783068364999,0.08187363017649038
6280_PHF12_P1P2_ENSG00000109118,PHF12,0.029680095193740555,-0.07418136518231325,-0.1038614603760538
2347_DPH2_P1P2_ENSG00000132768,DPH2,0.029597209914200007,-0.05073212449576797,-0.08032933440996798
5214_MRPL32_P1P2_ENSG00000106591,MRPL32,0.02950043669833871,0.11029406918190052,0.0807936324835618
6605_PPAN_P1P2_ENSG00000130810,PPAN,0.02948282044841398,0.13059021461152218,0.1011073941631082
6319_PIAS1_P1P2_ENSG00000033800,PIAS1,0.02946689862210064,-0.07420855414062123,-0.10367545276272187
1487_CENPN_P1P2_ENSG00000166451,CENPN,0.0294535205221044,0.09103357589180813,0.061580055369703735
3378_GJA3_P1P2_ENSG00000121743,GJA3,0.029286523557829958,-0.07547325265627133,-0.10475977621410129
2918_FAM32A_P1P2_ENSG00000105058,FAM32A,0.028979916823484338,-0.04802723509715572,-0.07700715192064006
5247_MRPS17_P1P2_ENSG00000239789,MRPS17,0.02895555196155719,-0.06537049487199563,-0.09432604683355282
867_BOD1L1_P1_ENSG00000038219,BOD1L1,0.028641906665042446,-0.05568298663291693,-0.08432489329795938
1346_CCT2_P1P2_ENSG00000166226,CCT2,0.028433029826271813,0.13925030978935504,0.11081727996308323
1260_CCDC144A_P1P2_ENSG00000170160,CCDC144A,0.028316576209521924,0.11108996414353756,0.08277338793401563
182_AGBL5_P1_ENSG00000084693,AGBL5,0.02826765712656623,0.14228311450342365,0.11401545737685742
9618_URB2_P1P2_ENSG00000135763,URB2,0.028156973924922113,0.10304450420522633,0.07488753028030422
5967_ORC3_P1P2_ENSG00000135336,ORC3,0.02798102965809099,0.12196389965462655,0.09398286999653556
3950_HSD17B12_P1P2_ENSG00000149084,HSD17B12,0.027790888192488067,0.13692112236020984,0.10913023416772177
8170_SMG9_P1P2_ENSG00000105771,SMG9,0.027737483112452638,0.09009184924464333,0.0623543661321907
6135_PCNA_P1P2_ENSG00000132646,PCNA,0.027640720351075856,0.13328439320837662,0.10564367285730077
9925_YEATS2_P1P2_ENSG00000163872,YEATS2,0.027291886425486467,0.094545894961647,0.06725400853616054
8806_TEAD3_P1P2_ENSG00000007866,TEAD3,0.027228543737800648,-0.054329306071867894,-0.08155784980966854
3677_HEATR1_P1P2_ENSG00000119285,HEATR1,0.02688535120007844,0.10036268422580064,0.0734773330257222
6678_PPP2CA_P1P2_ENSG00000113575,PPP2CA,0.02645980686526403,0.12192352817106146,0.09546372130579743
3634_HAUS1_P1P2_ENSG00000152240,HAUS1,0.026411201321574776,0.13281476574653409,0.10640356442495931
7010_RAB18_P1P2_ENSG00000099246,RAB18,0.02639081032038909,-0.0657478446571188,-0.0921386549775079
4875_MBD3_P1P2_ENSG00000071655,MBD3,0.026342867799627745,-0.07036667193967507,-0.09670953973930281
1568_CHEK1_P1P2_ENSG00000149554,CHEK1,0.026159702435450807,0.10316973819505261,0.0770100357596018
4649_LRP5_P1P2_ENSG00000162337,LRP5,0.026134484298120556,-0.05703254765482098,-0.08316703195294153
9439_TWF1_P1P2_ENSG00000151239,TWF1,0.026046738789250748,-0.08654410213819676,-0.1125908409274475
7070_RAD51_P1P2_ENSG00000051180,RAD51,0.026036337516037567,0.11380309262042915,0.08776675510439158
4379_KIF18A_P1P2_ENSG00000121621,KIF18A,0.02566426286992886,0.0964812544491147,0.07081699157918585
2723_ERVW-1_ENST00000493463.2_ENSG00000242950,ERVW-1,0.025641299858303115,-0.04514685333122444,-0.07078815318952755
3473_GON4L_P1_ENSG00000116580,GON4L,0.025429065516720015,0.09941683803949945,0.07398777252277944
4479_KRT8_P2_ENSG00000170421,KRT8,0.025188080603079616,0.09167787181313633,0.06648979121005671
5259_MRPS2_P1P2_ENSG00000122140,MRPS2,0.02513063823213242,-0.07059407050013469,-0.09572470873226711
2689_ERAL1_P1P2_ENSG00000132591,ERAL1,0.02510344532013041,-0.09628598829390196,-0.12138943361403237
1778_COPS2_P1P2_ENSG00000166200,COPS2,0.02499957378048362,0.13260714097392845,0.10760756719344483
8916_TIMM13_P1P2_ENSG00000099800,TIMM13,0.02493486668851151,-0.06176919375675399,-0.0867040604452655
2020_DAD1_P1P2_ENSG00000129562,DAD1,0.024880059758163972,0.14068638113317475,0.11580632137501078
1604_CHTF18_P1P2_ENSG00000127586,CHTF18,0.024821504821773657,0.12327144137731284,0.09844993655553919
9779_INTS14_P1P2_ENSG00000138614,INTS14,0.024745860617133283,-0.07442936143847012,-0.0991752220556034
2684_EPS8L1_P2_ENSG00000131037,EPS8L1,0.02467044278042499,-0.140140954151163,-0.164811396931588
84_ACIN1_P1_ENSG00000100813,ACIN1,0.02454853960597679,-0.06000850272878212,-0.08455704233475891
645_ATP1A1_P1P2_ENSG00000163399,ATP1A1,0.024542823554155768,0.10083478341111399,0.07629195985695822
7559_RRN3_P1P2_ENSG00000085721,RRN3,0.024272248554946974,0.14327674734372903,0.11900449878878205
1395_CDC26_P1P2_ENSG00000176386,CDC26,0.0242296279332206,0.13558474386354566,0.11135511593032506
8338_SPDL1_P1P2_ENSG00000040275,SPDL1,0.024178723183922862,0.09927677370877694,0.07509805052485408
9757_VPS41_P1_ENSG00000006715,VPS41,0.02417610258868161,0.08722547391178459,0.06304937132310298
8448_SSBP3_P1P2_ENSG00000157216,SSBP3,0.024136265404931495,-0.058380460861078204,-0.0825167262660097
6000_OTX1_P1P2_ENSG00000115507,OTX1,0.024010081996534205,-0.08567817501119922,-0.10968825700773342
6275_PHB2_P1P2_ENSG00000215021,PHB2,0.023938440506996728,0.08268079833373514,0.05874235782673841
5832_NSRP1_P1P2_ENSG00000126653,NSRP1,0.02391817275459944,-0.0886697843338797,-0.11258795708847914
6608_PPARGC1B_P1P2_ENSG00000155846,PPARGC1B,0.023908415458168533,0.11856610377284911,0.09465768831468058
6544_POLR2D_P1_ENSG00000144231,POLR2D,0.023830641448456452,0.08387793640750235,0.0600472949590459
7480_RPL8_P1P2_ENSG00000161016,RPL8,0.023809683529504258,0.11602187640064993,0.09221219287114567
1742_COG3_P1P2_ENSG00000136152,COG3,0.02361565987941179,0.13776809960717498,0.11415243972776319
4130_INO80_P1P2_ENSG00000128908,INO80,0.023436332714892247,0.13618290094651894,0.1127465682316267
6590_POU3F1_P1P2_ENSG00000185668,POU3F1,0.023375463955631157,0.10859434733317937,0.08521888337754821
944_TWNK_P1P2_ENSG00000107815,TWNK,0.023323709504458015,-0.0485776055261133,-0.07190131503057132
6513_POLA2_P1P2_ENSG00000014138,POLA2,0.023300476615278565,0.123434575127216,0.10013409851193744
2226_DIMT1_P1P2_ENSG00000086189,DIMT1,0.022981742554581575,0.12100487094308993,0.09802312838850835
6453_PLK1_P1P2_ENSG00000166851,PLK1,0.022979824082018943,0.09274565635794386,0.06976583227592492
9687_UTP6_P1P2_ENSG00000108651,UTP6,0.022972687989074717,0.14290434100556737,0.11993165301649265
5252_MRPS22_P1P2_ENSG00000175110,MRPS22,0.022940103589234193,-0.07332532494924308,-0.09626542853847728
4521_LARS2_P1P2_ENSG00000011376,LARS2,0.022910810752953384,-0.07256732974768412,-0.0954781405006375
9420_TUBB_P1_ENSG00000196230,TUBB,0.02290315617498509,0.10081583353107988,0.07791267735609479
6543_POLR2D_P2_ENSG00000144231,POLR2D,0.02279950182235929,-0.06754973107647891,-0.0903492328988382
2450_EARS2_P1P2_ENSG00000103356,EARS2,0.022662156187883628,-0.08680116138046647,-0.1094633175683501
1839_CPSF1_P1P2_ENSG00000071894,CPSF1,0.0224625898782108,0.12578188852857067,0.10331929865035987
1510_CEP68_P1P2_ENSG00000011523,CEP68,0.02228341071106492,-0.06594475862796174,-0.08822816933902666
6912_PTGR2_P1P2_ENSG00000140043,PTGR2,0.022281076986685647,0.07864859342456561,0.05636751643787996
1815_COX5A_P1P2_ENSG00000178741,COX5A,0.021991459309684727,-0.06844861451659516,-0.09044007382627989
6486_PNISR_P1_ENSG00000132424,PNISR,0.02192829451918682,0.10303049777215655,0.08110220325296973
1822_COX7B_P1P2_ENSG00000131174,COX7B,0.02192219085337592,-0.11523751614858631,-0.13715970700196223
8244_SNX15_P1_ENSG00000110025,SNX15,0.021751440617811632,-0.04931500303197897,-0.0710664436497906
6539_POLR1E_P1P2_ENSG00000137054,POLR1E,0.021726202654986287,0.09598361412112646,0.07425741146614018
10574_ZNF706_P1P2_ENSG00000120963,ZNF706,0.021657851246381213,-0.05173152469086864,-0.07338937593724985
1129_SPOUT1_P1P2_ENSG00000198917,SPOUT1,0.02164312079325824,0.11558850088323182,0.09394538008997358
4115_IMPDH2_P1P2_ENSG00000178035,IMPDH2,0.02161541534577202,0.1174266392470252,0.09581122390125318
2929_CCNQ_P1P2_ENSG00000262919,CCNQ,0.021567708697007783,-0.03846084130876204,-0.06002855000576982
537_ARPC3_P1_ENSG00000111229,ARPC3,0.02150827528044018,0.11421504653432905,0.09270677125388888
9245_TRAPPC1_P1P2_ENSG00000170043,TRAPPC1,0.021404755581462,-0.04184792638877878,-0.06325268197024078
640_ATP11B_P1P2_ENSG00000058063,ATP11B,0.02128692136550786,0.15316199346147974,0.13187507209597188
934_BUB1B_P1P2_ENSG00000156970,BUB1B,0.021228822605471792,0.14231112736956866,0.12108230476409687
6047_PALB2_P1P2_ENSG00000083093,PALB2,0.021085566770023184,0.1035446162566944,0.08245904948667121
4208_ISG20L2_P1P2_ENSG00000143319,ISG20L2,0.021057587187128926,0.10292256584671934,0.08186497865959041
37_ABCG1_P1P2_ENSG00000160179,ABCG1,0.02078420063690295,0.09628022093912672,0.07549602030222377
3254_GABPB1_P1P2_ENSG00000104064,GABPB1,0.020493649051975718,0.10923369980753646,0.08874005075556074
8136_SMAGP_P1P2_ENSG00000170545,SMAGP,0.020481467229267705,0.08768356666403249,0.06720209943476478
760_BAP1_P1P2_ENSG00000163930,BAP1,0.02038483503478733,0.08810458356402841,0.06771974852924108
9438_TVP23C_P1P2_ENSG00000175106,TVP23C,0.020331246716295312,0.08498691634370123,0.06465566962740592
4464_KPNB1_P1P2_ENSG00000108424,KPNB1,0.02017924827694835,0.09196376782937252,0.07178451955242417
1745_COG6_P1P2_ENSG00000133103,COG6,0.02010869986951898,0.1305193585383372,0.11041065866881823
4503_LAMTOR1_P1P2_ENSG00000149357,LAMTOR1,0.020070572486951363,-0.08236771335916941,-0.10243828584612077
1298_CCDC84_P1P2_ENSG00000186166,CCDC84,0.02004681584748312,0.10266880223576189,0.08262198638827876
2554_EIF3J_P1P2_ENSG00000104131,EIF3J,0.02004391121361135,-0.09181299269687768,-0.11185690391048903
8405_SRFBP1_P1P2_ENSG00000151304,SRFBP1,0.020010419726322032,0.10152933770993867,0.08151891798361664
4506_LAMTOR2_P1P2_ENSG00000116586,LAMTOR2,0.020003748800581644,0.09191515726752968,0.07191140846694803
6709_PPY_P1P2_ENSG00000108849,PPY,0.019811888561933083,-0.04995105987503044,-0.06976294843696353
2784_EXOC7_P1P2_ENSG00000182473,EXOC7,0.019759300641853078,0.13495857391442842,0.11519927327257534
4474_KRT10_P1_ENSG00000186395,KRT10,0.019663499502257833,-0.07062949853673445,-0.09029299803899228
9410_TUBA3D_ENST00000321253.6_ENSG00000075886,TUBA3D,0.019575919573294673,0.11381545123784455,0.09423953166454987
9679_UTP11_P1P2_ENSG00000183520,UTP11,0.01957217084495108,0.1182225342086557,0.09865036336370461
5551_NDUFB10_P1P2_ENSG00000140990,NDUFB10,0.019454646917860433,0.08342973054918863,0.0639750836313282
5089_NIFK_P1P2_ENSG00000155438,NIFK,0.019362510091472565,0.09920591763559485,0.07984340754412228
4718_LURAP1_P1P2_ENSG00000171357,LURAP1,0.0192872200464866,-0.10481590603495637,-0.12410312608144297
900_BRIP1_P1P2_ENSG00000136492,BRIP1,0.019266750541688846,0.09508143504970311,0.07581468450801426
9831_WDR5_P1P2_ENSG00000196363,WDR5,0.01925135368218968,0.10150132484379616,0.08224997116160648
9909_XRCC6_P1P2_ENSG00000196419,XRCC6,0.01919566471710739,-0.08838883176461124,-0.10758449648171863
5504_NCL_P1_ENSG00000115053,NCL,0.01907868290217818,0.1097898375912947,0.09071115468911652
9631_USP10_P1P2_ENSG00000103194,USP10,0.019066124642260665,-0.07048284294339215,-0.08954896758565281
7187_RBMXL1_P1P2_ENSG00000213516,RBMXL1,0.01891541387133623,-0.06810586886023758,-0.0870212827315738
1145_CABIN1_P1P2_ENSG00000099991,CABIN1,0.01887669731248036,-0.06827147433361871,-0.08714817164609907
1161_CALR_P1P2_ENSG00000179218,CALR,0.018866723266223448,0.10606824593319504,0.08720152266697159
884_BRCA1_P1P2_ENSG00000012048,BRCA1,0.01883767149118412,0.102523794458074,0.08368612296688988
9635_USP14_P1P2_ENSG00000101557,USP14,0.018831248526632774,-0.09166304147221979,-0.11049428999885257
5221_MRPL39_P1P2_ENSG00000154719,MRPL39,0.018447398413822036,-0.06425821930448854,-0.08270561771831057
8656_TAF1A_P1P2_ENSG00000143498,TAF1A,0.01834721139304657,0.08416795196289124,0.06582074056984467
7188_RBMX_P1P2_ENSG00000147274,RBMX,0.018332829587216243,0.09820651744048564,0.0798736878532694
7903_SHQ1_P1P2_ENSG00000144736,SHQ1,0.01816450484735274,0.1428977497429541,0.12473324489560136
9462_TYK2_P1P2_ENSG00000105397,TYK2,0.01810098057490586,0.0818222863771877,0.06372130580228184
5652_NFS1_P1P2_ENSG00000244005,NFS1,0.018034040368629378,0.10009656199741933,0.08206252162878995
2748_ESYT2_P1P2_ENSG00000117868,ESYT2,0.017976374595011904,-0.06554104379234635,-0.08351741838735825
3253_GABPA_P1P2_ENSG00000154727,GABPA,0.017778458990239276,0.12493326346595356,0.10715480447571428
5142_MOCS3_P1P2_ENSG00000124217,MOCS3,0.01774183513254582,0.09109372116322911,0.0733518860306833
6800_PRPF4B_P1P2_ENSG00000112739,PRPF4B,0.017730546046147738,0.06831596535633237,0.050585419310184634
104_ACTB_P1P2_ENSG00000075624,ACTB,0.017493861724174234,-0.0823561786495755,-0.09985004037374974
3873_HNRNPM_P1_ENSG00000099783,HNRNPM,0.017446818402492292,0.09918202430859083,0.08173520590609853
9923_YBX3_P1P2_ENSG00000060138,YBX3,0.01737059927763314,-0.09193410714756213,-0.10930470642519527
1296_CCDC78_P1P2_ENSG00000162004,CCDC78,0.017365426079278143,0.09966153866434972,0.08229611258507158
8499_STAT5B_P1P2_ENSG00000173757,STAT5B,0.01714700774347795,-0.06819732262911593,-0.08534433037259388
7505_RPS16_P1P2_ENSG00000105193,RPS16,0.01698881071166332,0.12294105433837595,0.10595224362671263
5242_MRPS11_P1P2_ENSG00000181991,MRPS11,0.016904061246804852,-0.13283783516569952,-0.14974189641250438
5898_NUP54_P1P2_ENSG00000138750,NUP54,0.016818470614738956,0.08227873131377929,0.06546026069904033
4953_MED30_P1P2_ENSG00000164758,MED30,0.016767676758928984,-0.07733198871575361,-0.0940996654746826
2552_EIF3H_P1P2_ENSG00000147677,EIF3H,0.01674568439798462,-0.05246068311845677,-0.0692063675164414
8942_TKT_P1_ENSG00000163931,TKT,0.01668035252748104,0.08784340478263783,0.07116305225515679
6195_PDRG1_P1P2_ENSG00000088356,PDRG1,0.016646440428053175,0.10854573677134177,0.0918992963432886
8920_TIMM22_P1P2_ENSG00000177370,TIMM22,0.01647942660356727,0.12616335785284277,0.1096839312492755
"10585_ZNF718_ENST00000510175.1,ENST00000511079.1,ENST00000513304.1,ENST00000513889.1_ENSG00000250312",ZNF718,0.01642714750871642,-0.05473302090748412,-0.07116016841620054
9012_TMEM161B_P1P2_ENSG00000164180,TMEM161B,0.016341806320460533,-0.053627336602599815,-0.06996914292306035
2542_EIF2S2_P1P2_ENSG00000125977,EIF2S2,0.016282642876490387,-0.0417993158269395,-0.05808195870342989
9609_UQCRB_P1P2_ENSG00000156467,UQCRB,0.016263838693854726,-0.08853631126577786,-0.10480014995963259
6154_PDCD2_P1P2_ENSG00000071994,PDCD2,0.01606926363661948,0.10113962930739574,0.08507036567077626
4540_LDB1_P2_ENSG00000198728,LDB1,0.016034765554270858,0.16538878562578746,0.1493540200715166
3132_FNTB_P1P2_ENSG00000257365,FNTB,0.016005284347321763,0.12906763294577275,0.11306234859845099
7421_RPAIN_P1P2_ENSG00000129197,RPAIN,0.015893307014488572,0.09454424714598628,0.0786509401314977
5164_MPHOSPH6_P1P2_ENSG00000135698,MPHOSPH6,0.01582906075587137,0.12356063302487091,0.10773157226899954
2346_DPH1_P1_ENSG00000108963,DPH1,0.015791329959139774,-0.048610561839224686,-0.06440189179836446
7422_RPAP1_P1P2_ENSG00000103932,RPAP1,0.01575368122056016,-0.05680514909435673,-0.07255883031491689
9676_USP8_P1P2_ENSG00000138592,USP8,0.015729054768596512,0.16949102270031408,0.15376196793171756
5269_MRPS9_P1P2_ENSG00000135972,MRPS9,0.01535193754807418,-0.07033124390307906,-0.08568318145115324
685_ATP6V1F_P1P2_ENSG00000128524,ATP6V1F,0.015343855305967907,0.12171425558281256,0.10637040027684465
348_ANKS6_P1P2_ENSG00000165138,ANKS6,0.01511132304604395,-0.036887177357695616,-0.051998500403739566
1320_CCND1_P1_ENSG00000110092,CCND1,0.015086482144260893,0.1380894236600027,0.12300294151574181
263_ALG11_P1P2_ENSG00000253710,ALG11,0.015070293918870728,0.09613356534579015,0.08106327142691942
3472_GON4L_P2_ENSG00000116580,GON4L,0.01506458098436926,-0.06293172770175619,-0.07799630868612545
3589_GTF3C6_P1P2_ENSG00000155115,GTF3C6,0.014973232178438073,-0.06857302459858791,-0.08354625677702598
4144_INTS10_P1P2_ENSG00000104613,INTS10,0.0149609508671332,-0.10672984391888937,-0.12169079478602257
2607_ELP5_P1P2_ENSG00000170291,ELP5,0.014942536921592656,0.08221529041103248,0.06727275348943983
7435_RPL13A_P1_ENSG00000142541,RPL13A,0.014926876096046982,0.07496407761871084,0.060037201522663855
9712_VCP_P1P2_ENSG00000165280,VCP,0.014916376398692727,-0.06852029449760753,-0.08343667089630026
862_BNIP1_P1P2_ENSG00000113734,BNIP1,0.014820367823270536,-0.06084724089746198,-0.07566760872073251
10163_ZNF131_P1P2_ENSG00000172262,ZNF131,0.014675138068517724,0.090028408341905,0.07535327027338727
5488_NCAPD3_P1P2_ENSG00000151503,NCAPD3,0.014587845466611016,0.14802163252393719,0.13343378705732617
7568_RRP9_P1P2_ENSG00000114767,RRP9,0.014436849497553528,0.12240057080335151,0.10796372130579798
2044_DBR1_P1P2_ENSG00000138231,DBR1,0.014426894725548978,-0.08595665585698899,-0.10038355058253796
7169_RBM28_P1P2_ENSG00000106344,RBM28,0.014357832735655676,0.09151061852409274,0.07715278578843707
269_ALG2_P1P2_ENSG00000119523,ALG2,0.01433882056594657,0.11833870521238293,0.10399988464643636
5828_NSMCE1_P1P2_ENSG00000169189,NSMCE1,0.014233516439814242,0.11544761264468033,0.10121409620486609
9593_UNC45A_P2_ENSG00000140553,UNC45A,0.0141819030860693,-0.0515955798992844,-0.0657774829853537
6237_PFDN1_P1P2_ENSG00000113068,PFDN1,0.014070059646576899,0.1063442550555019,0.092274195408925
7539_RPS9_P1P2_ENSG00000170889,RPS9,0.014037482032648013,0.13999347465001422,0.1259559926173662
6229_PEX1_P1P2_ENSG00000127980,PEX1,0.01398341626767484,-0.05313216799810039,-0.06711558426577523
4478_KRT8_P1_ENSG00000170421,KRT8,0.013977167854877154,-0.05925792269766923,-0.07323509055254639
1290_CCDC6_P1P2_ENSG00000108091,CCDC6,0.013860396212954096,-0.08541864404544011,-0.09927904025839421
2508_EGLN2_P1_ENSG00000269858,EGLN2,0.013805183953012626,0.11691828811727534,0.10311310416426271
547_ARRB2_P1P2_ENSG00000141480,ARRB2,0.013471863178737373,0.08806668380395168,0.0745948206252143
6131_PCM1_P1P2_ENSG00000078674,PCM1,0.013255467499113813,-0.08648066123546166,-0.09973612873457548
1411_CDC7_P1P2_ENSG00000097046,CDC7,0.013250221993794914,0.13214080914340318,0.11889058714960826
3748_HIST1H2AB_P1P2_ENSG00000278463,HIST1H2AB,0.013169476175443423,-0.05171257481083076,-0.06488205098627418
1919_CS_P1P2_ENSG00000062485,CS,0.01314312859343883,0.09500810725302757,0.08186497865958874
5432_NAA50_P1P2_ENSG00000121579,NAA50,0.013051408862663011,0.14010470220676152,0.1270532933440985
7497_RPS10-NUDT3_P1P2_ENSG00000270800,RPS10-NUDT3,0.01304027678350117,0.1329070434232487,0.11986676663974752
5449_NAF1_P1P2_ENSG00000145414,NAF1,0.013016370645009656,0.14046474992750663,0.12744837928249697
8078_SLC39A7_P1P2_ENSG00000112473,SLC39A7,0.012821500695491636,0.11481567534077358,0.10199417464528195
6748_PRIM2_P1P2_ENSG00000146143,PRIM2,0.012797674809358284,0.06579398349548049,0.05299630868612221
5244_MRPS14_P1P2_ENSG00000120333,MRPS14,0.012679189127412144,0.062872406338161,0.05019321721074886
3948_HSD17B10_P1P2_ENSG00000072506,HSD17B10,0.012608334631902154,-0.10634425505549248,-0.11895258968739464
7996_SLC25A26_ENST00000354883.6_ENSG00000144741,SLC25A26,0.01249769965391094,-0.05820826412507392,-0.07070596377898486
1317_CCNB1_P1P2_ENSG00000134057,CCNB1,0.012483272798800654,-0.07277742624376828,-0.08526069904256893
2484_EEF1B2_P1P2_ENSG00000114942,EEF1B2,0.012454431690981746,-0.10214067731813689,-0.11459510900911864
8597_SUPT4H1_P1P2_ENSG00000213246,SUPT4H1,0.012381516656061367,0.08527198845211516,0.07289047179605379
4795_MANF_P1P2_ENSG00000145050,MANF,0.012279489020062276,-0.0680094716443772,-0.08028896066443948
1782_COPS6_P1P2_ENSG00000168090,COPS6,0.012250738428988842,0.07012938648527856,0.057878648056289714
3802_HJURP_P1P2_ENSG00000123485,HJURP,0.012223799123583165,0.09873464235809501,0.08651084323451184
9236_TRAIP_P1P2_ENSG00000183763,TRAIP,0.01217577249181627,0.11032290595587715,0.09814713346406088
6576_POP5_P1P2_ENSG00000167272,POP5,0.012161115124984356,0.15501496216616237,0.142853847041178
6574_POP1_P1P2_ENSG00000104356,POP1,0.012000826950666149,0.126122986369282,0.11412215941861584
9248_TRAPPC3_P1P2_ENSG00000054116,TRAPPC3,0.011886143105796915,-0.06230061430567073,-0.07418675741146764
9435_TUT1_P1_ENSG00000149016,TUT1,0.011804429735113073,0.12037952490179697,0.1085750951666839
6455_PLK4_P1P2_ENSG00000142731,PLK4,0.011653137258092153,0.12946228479528818,0.11780914753719603
7388_RNF31_P1P2_ENSG00000092098,RNF31,0.011592099288371141,0.112246730733746,0.10065463144537486
7068_RAD51C_P1P2_ENSG00000108384,RAD51C,0.01154936077816171,0.11033526457329006,0.09878590379512835
8820_TERF2_P1P2_ENSG00000132604,TERF2,0.011539280552435208,0.12848183448022144,0.11694255392778623
6630_PPIL2_P1P2_ENSG00000100023,PPIL2,0.01151410356771912,0.09989800021092426,0.08838389664320515
9510_UBE2L3_P1P2_ENSG00000185651,UBE2L3,0.01150939270436041,-0.11749337578105307,-0.12900276848541348
8168_SMG7_P1P2_ENSG00000116698,SMG7,0.011430770247315161,0.12031443618340523,0.10888366593609007
3445_GNL2_P1P2_ENSG00000134697,GNL2,0.011308066012825996,0.08974416014132856,0.07843609412850257
3573_GTF2H1_P1P2_ENSG00000110768,GTF2H1,0.011162175173965644,-0.05640472989005646,-0.0675669050640221
9428_TUBGCP5_P1P2_ENSG00000275835,TUBGCP5,0.011153325288131538,0.11625339450026381,0.10510006921213227
5128_MNAT1_P1P2_ENSG00000020426,MNAT1,0.011140621254782268,0.0819648224313879,0.07082420117660564
3583_GTF3A_P1P2_ENSG00000122034,GTF3A,0.011133025316919981,-0.06922803132167796,-0.08036105663859794
6675_PPP1R7_P1P2_ENSG00000115685,PPP1R7,0.010911395175708424,0.1033254567745058,0.09241406159879738
964_C12orf45_P1P2_ENSG00000151131,C12orf45,0.010727014925276446,0.11839802657598233,0.10767101165070589
5430_NAA38_P1P2_ENSG00000183011,NAA38,0.01071641174758875,-0.04897472909910698,-0.05969114084669573
1470_CEBPZ_P1P2_ENSG00000115816,CEBPZ,0.010683363834271625,0.15115660180865997,0.14047323797438835
2490_EEF2_P1_ENSG00000167658,EEF2,0.010646729103909805,-0.0626359447915814,-0.0732826738954912
301_ANAPC10_P1P2_ENSG00000164162,ANAPC10,0.0106281348851847,0.11114434206016922,0.10051620717498452
1131_C9orf16_P1P2_ENSG00000171159,C9orf16,0.010579703703158624,0.08951181813388852,0.0789321144307299
9755_VPS37C_P1P2_ENSG00000167987,VPS37C,0.010515460238736826,-0.07637460781986727,-0.0868900680586041
9945_YRDC_P1P2_ENSG00000196449,YRDC,0.010510283523876757,-0.09059855255872007,-0.10110883608259683
83_ACIN1_P2_ENSG00000100813,ACIN1,0.010384535991135174,0.0802066031269033,0.06982206713576812
5229_MRPL46_P1P2_ENSG00000259494,MRPL46,0.010344906661381721,-0.043373803685834406,-0.05371871034721613
2681_EPS8L1_P1_ENSG00000131037,EPS8L1,0.010214435263709673,-0.05296326689340572,-0.06317770215711539
8008_SLC25A42_P1P2_ENSG00000181035,SLC25A42,0.010181113804225289,0.07852088771124989,0.0683397739070246
8395_SRA1_P1P2_ENSG00000213523,SRA1,0.010162135126869129,0.09739826386143952,0.08723612873457039
5969_ORC5_P1P2_ENSG00000164815,ORC5,0.010086355774344136,0.12637427825674716,0.11628792248240302
8670_TAF8_P1P2_ENSG00000137413,TAF8,0.01005914094594311,0.10474999340873983,0.09469085246279672
7472_RPL3_P1P2_ENSG00000100316,RPL3,0.009995244151981109,0.11649974294076343,0.10650449878878232
8595_SUPT20H_P1P2_ENSG00000102710,SUPT20H,0.00985797536743023,-0.09529977062404152,-0.10515774599147175
6249_PFN1_P1P2_ENSG00000108518,PFN1,0.009814578491265907,0.1351274750191225,0.1253128965278566
2561_EIF4A3_P1P2_ENSG00000141543,EIF4A3,0.009727012533292848,0.09505836563052983,0.08533135309723698
5743_NOMO3_P1P2_ENSG00000103226,NOMO3,0.009691257442631718,-0.06825746790054586,-0.07794872534317758
5489_NCAPG2_P1P2_ENSG00000146918,NCAPG2,0.009646727643335004,0.11989012365210058,0.11024339600876558
6916_PTMA_P1P2_ENSG00000187514,PTMA,0.009608724726075268,0.0959580729784658,0.08634934825239053
109_ACTR10_P1P2_ENSG00000131966,ACTR10,0.009509053814308568,0.11384923145878824,0.10434017764447967
9969_ZBTB11_P1P2_ENSG00000066422,ZBTB11,0.009467251588054948,0.1466976126446881,0.13723036105663317
9629_ATP5MD_P1P2_ENSG00000173915,ATP5MD,0.0094441883275182,0.16862344775766827,0.15917925943015007
5256_MRPS26_P1P2_ENSG00000125901,MRPS26,0.009414897487084142,-0.07697770834980944,-0.08639260583689358
5602_NEMF_P1P2_ENSG00000165525,NEMF,0.00929070096154265,-0.06253130849745403,-0.07182200945899668
5821_NSA2_P1P2_ENSG00000164346,NSA2,0.00924136531520195,0.11947899364603042,0.11023762833082847
5422_NAA10_P1P2_ENSG00000102030,NAA10,0.008990872758036242,0.09760836035752621,0.08861748759948997
7499_RPS11_P1P2_ENSG00000142534,RPS11,0.008964584671511636,0.09988481768569436,0.09092023301418273
4217_ISY1_P1P2_ENSG00000240682,ISY1,0.008957365950178875,-0.11318763347305819,-0.12214499942323706
6629_PPIL1_P1P2_ENSG00000137168,PPIL1,0.00889396230338782,-0.0661218988109305,-0.07501586111431832
6928_PTPN23_P1P2_ENSG00000076201,PTPN23,0.008865938963764558,0.15462525376362501,0.14575931479986046
6883_PSMG1_P1P2_ENSG00000183527,PSMG1,0.00886480442490982,0.11237443644705465,0.10350963202214483
6488_PNKP_P1P2_ENSG00000039650,PNKP,0.008749674458994439,0.08632494265601649,0.07757526819702205
6777_PRMT5_P1_ENSG00000100462,PRMT5,0.008745007048241563,0.10712861530755521,0.09838360825931365
4499_LAMB1_P1P2_ENSG00000091136,LAMB1,0.008595709285426634,0.1210510097814445,0.11245530049601786
5469_NASP_P1P2_ENSG00000132780,NASP,0.00843401053603536,0.09159960056948678,0.08316559003345142
4110_IMPA2_P1P2_ENSG00000141401,IMPA2,0.008410589219163031,0.09785718052150283,0.0894465913023398
8915_TIMM10_P1P2_ENSG00000134809,TIMM10,0.008340713832943672,0.09866543410055949,0.09032472026761582
2429_DYNLRB1_P1_ENSG00000125971,DYNLRB1,0.008242156532069445,0.12241622505208233,0.11417406852001288
22_ABCB7_P1P2_ENSG00000131269,ABCB7,0.008190098425857384,0.08095800706583547,0.07276790863997809
9596_UNCX_P1P2_ENSG00000164853,UNCX,0.008133991110631927,0.09338748055577974,0.08525348944514781
6372_PIP4K2C_P1P2_ENSG00000166908,PIP4K2C,0.007938179022667372,0.11396540246250823,0.10602722343984086
2127_DDX51_P1P2_ENSG00000185163,DDX51,0.007931578655150096,0.11044484431439315,0.10251326565924306
6541_POLR2B_P1P2_ENSG00000047315,POLR2B,0.007918970080690424,0.10386429249388245,0.09594532241319202
4535_LCN10_P1P2_ENSG00000187922,LCN10,0.007806039261528341,0.07165279205884875,0.06384675279732041
2000_CYCS_P1P2_ENSG00000172115,CYCS,0.00780087241190161,-0.11921781486460509,-0.1270186872765067
8437_SRSF6_P2_ENSG00000124193,SRSF6,0.00777456851058822,0.09289972712173039,0.08512515861114217
3762_HIST1H2BE_ENST00000356530.3_ENSG00000274290,HIST1H2BE,0.007745536427993152,0.12944498273090446,0.12169944630291131
4998_METTL21A_P1P2_ENSG00000144401,METTL21A,0.007596261075767843,-0.09967966463654572,-0.10727592571231356
8669_TAF7_P1P2_ENSG00000178913,TAF7,0.007591060847836922,0.09975134461758783,0.09216028376975091
9481_UBA52_P2_ENSG00000221983,UBA52,0.007563825186512663,0.08952829629044075,0.08196447110392809
303_ANAPC13_P1P2_ENSG00000129055,ANAPC13,0.007448598640246287,0.10932021012945699,0.1018716114892107
8208_SNAPC4_P1P2_ENSG00000165684,SNAPC4,0.007418933206420397,-0.09283051886418257,-0.10024945207060297
1222_CBLN1_P1P2_ENSG00000102924,CBLN1,0.00737241964158146,-0.07883562050146242,-0.08620804014304388
6263_PGPEP1_P1P2_ENSG00000130517,PGPEP1,0.007320329468651188,0.10454319254397068,0.0972228630753195
7631_SACM1L_P1P2_ENSG00000211456,SACM1L,0.0072147268387035834,0.13271507289937712,0.12550034606067353
8659_TAF1D_P2_ENSG00000166012,TAF1D,0.007201131722764195,0.0812422552664227,0.07404112354365851
7524_RPS3_P2_ENSG00000149273,RPS3,0.006812660350961952,-0.0625494344696651,-0.06936209482062705
3910_HOXC10_P1P2_ENSG00000180818,HOXC10,0.006670000800874529,-0.06416429381211897,-0.0708342946129935
3177_FOXO1_P1P2_ENSG00000150907,FOXO1,0.006621150641427376,0.07609283134277622,0.06947168070134885
8651_TAF10_P1P2_ENSG00000166337,TAF10,0.006350217414812731,0.0918401816552058,0.08548996424039307
9365_TSR1_P2_ENSG00000167721,TSR1,0.006215592795579622,-0.13038753328586303,-0.13660312608144265
6241_PFDN6_P1P2_ENSG00000204220,PFDN6,0.005864327747892847,0.07279390440032951,0.06692957665243666
8413_SRP14_P1P2_ENSG00000140319,SRP14,0.005861778870374423,0.09990376756572494,0.09404198869535052
5558_NDUFB6_P1P2_ENSG00000165264,NDUFB6,0.005811664726648222,-0.08286782541062598,-0.0886794901372742
5956_OR4N2_ENST00000315947.1_ENSG00000176294,OR4N2,0.005723047124311778,-0.09313783648394992,-0.0988608836082617
2426_DYNLL1_P1P2_ENSG00000088986,DYNLL1,0.005642792248202209,-0.05045941100477167,-0.05610220325297388
7518_RPS27_P1P2_ENSG00000177954,RPS27,0.005470681904190838,-0.04482058583142165,-0.05029126773561249
1918_CSTF3_P1P2_ENSG00000176102,CSTF3,0.005468982576485135,0.11418538585252118,0.10871640327603604
5370_MYCBP_P1P2_ENSG00000214114,MYCBP,0.005252831284513523,0.10807034195471553,0.102817510670202
4896_MCL1_P1P2_ENSG00000143384,MCL1,0.005218752920892383,-0.06678926415143797,-0.07200801707233036
7404_RNPC3_P1P2_ENSG00000185946,RNPC3,0.005181937917349125,0.07925334177015635,0.07407140385280722
3053_FDXR_P1P2_ENSG00000161513,FDXR,0.005153189816356124,-0.14294636030476335,-0.14809955012111947
4146_INTS1_P1P2_ENSG00000164880,INTS1,0.005096728265423206,0.10007019694692952,0.09497346868150632
1774_COPG1_P1_ENSG00000181789,COPG1,0.005029899541891314,0.05385473516306988,0.048824835621178564
6581_POT1_P1P2_ENSG00000128513,POT1,0.004974382961648011,0.0998584526351926,0.09488406967354458
3569_GTF2E1_P1P2_ENSG00000153767,GTF2E1,0.004870157072264333,0.05198776002531198,0.04711760295304765
1712_CNN2_P1P2_ENSG00000064666,CNN2,0.004825909866974648,0.05862104194679896,0.05379513207982431
1957_CTU2_P1P2_ENSG00000174177,CTU2,0.0048040521787053175,0.11785342350180819,0.11304937132310287
1629_CKAP5_P2_ENSG00000175216,CKAP5,0.0047877379293374475,-0.04685316644256368,-0.05164090437190113
8826_TEX10_P1P2_ENSG00000136891,TEX10,0.00465145253090718,0.12453119644600476,0.11987974391509758
6646_PPME1_P1P2_ENSG00000214517,PPME1,0.004486860685584973,0.10259794616257138,0.09811108547698641
2608_ELP6_P1P2_ENSG00000163832,ELP6,0.004221811314644164,0.06480117456299933,0.06057936324835517
5851_NUB1_P1P2_ENSG00000013374,NUB1,0.004147986474120416,0.06992258562050255,0.06577459914638213
1415_CDCA5_P1P2_ENSG00000146670,CDCA5,0.004000603838437478,0.1048109625879983,0.10081035874956082
2311_DNM1L_P1P2_ENSG00000087470,DNM1L,0.003971396310693209,-0.08345362387618505,-0.08742502018687826
6553_POLR2L_P1P2_ENSG00000177700,POLR2L,0.0035977862630624385,0.10309888212186478,0.09950109585880235
8650_TADA3_P1P2_ENSG00000171148,TADA3,0.0034402953266194913,0.07575255740990319,0.0723122620832837
7247_RFC3_P1P2_ENSG00000133119,RFC3,0.0033077910083831735,0.09877007039469657,0.0954622793863134
8506_STIL_P1P2_ENSG00000123473,STIL,0.0032952064221969946,0.11749667141238891,0.11420146499019192
4405_KLC2_P1P2_ENSG00000174996,KLC2,0.0032936002533648506,0.07263406628173748,0.06934046602837263
9587_UMPS_P1P2_ENSG00000114491,UMPS,0.0032528903298742473,0.07128120962851911,0.06802831929864486
6604_PPA2_P1P2_ENSG00000138777,PPA2,0.0030786971879296354,-0.08443572200690534,-0.08751441919483498
1943_CTR9_P1P2_ENSG00000198730,CTR9,0.0029388612590195706,0.0951712410029305,0.09223237974391094
2107_DDX19B_P1_ENSG00000157349,DDX19B,0.0027589746089041606,0.07415994357879603,0.07140096896989187
6597_POU5F1B_P1P2_ENSG00000212993,POU5F1B,0.0027416461802317604,-0.08347504547971077,-0.08621669165994253
4557_LETM1_P1P2_ENSG00000168924,LETM1,0.0026846709913634914,0.0951794800812187,0.0924948090898552
4685_LSM10_P1P2_ENSG00000181817,LSM10,0.002673155308914363,0.1132107028922561,0.11053754758334174
9513_UBE2N_P1P2_ENSG00000177889,UBE2N,0.0026445024767039332,0.0731341783332031,0.07048967585649916
81_ACD_P1P2_ENSG00000102977,ACD,0.00253565629776073,0.10404967175513272,0.10151401545737199
6828_PRSS50_P2_nan,PRSS50,0.002468707252696878,-0.13487123968466955,-0.13733994693736643
8832_TFAM_P1P2_ENSG00000108064,TFAM,0.002453055170890367,-0.05771968678319943,-0.060172741954089795
4901_MCM4_P1P2_ENSG00000104738,MCM4,0.0024469650388762587,0.05465310184819443,0.05220613680931817
5853_NUBP2_P1P2_ENSG00000095906,NUBP2,0.0023805710315128875,0.1109729692319928,0.10859239820047992
5748_NOP2_P1P2_ENSG00000111641,NOP2,0.002286614612903387,0.09672513116613667,0.09443851655323328
6970_PXN_P1P2_ENSG00000089159,PXN,0.0022068163503395632,-0.0966872314060386,-0.09889404775637817
3769_HIST1H2BM_P1P2_ENSG00000273703,HIST1H2BM,0.0021130351107397916,-0.06994400722401792,-0.07205704233475771
7418_RPA1_P1P2_ENSG00000132383,RPA1,0.0020715415386673847,0.08607200295289986,0.08400046141423248
6648_PPP1CA_P1_ENSG00000172531,PPP1CA,0.00205722103409281,-0.07377765034669392,-0.07583487138078673
1004_C17orf58_P1P2_ENSG00000186665,C17orf58,0.002055547785547507,-0.088031255767346,-0.0900868035528935
8058_SLC35G6_ENST00000412468.2_ENSG00000259224,SLC35G6,0.0018488352896192106,-0.10084467030503436,-0.10269350559465357
7522_RPS2_P1P2_ENSG00000140988,RPS2,0.0017911831638555975,0.13400943209683078,0.13221824893297518
4126_INO80B_P1P2_ENSG00000115274,INO80B,0.0016876003388502092,0.09672018771916752,0.09503258738031731
10201_ZNF207_P2_ENSG00000010244,ZNF207,0.0015792459004743131,-0.09437616994910702,-0.09595541584958134
8588_SUMO2_P1P2_ENSG00000188612,SUMO2,0.0015136084170741665,0.0771177726805401,0.07560416426346593
2788_EXOSC1_P1P2_ENSG00000171311,EXOSC1,0.0014255955207050225,0.1259079464262279,0.12448235090552288
3847_HMX3_P1P2_ENSG00000188620,HMX3,0.0012496543521953035,0.11536027841494387,0.11411062406274856
9409_TUBA1C_P1P2_ENSG00000167553,TUBA1C,0.0011669293302763867,-0.07360957314982858,-0.07477650248010496
7152_RBM10_P1P2_ENSG00000182872,RBM10,0.0011028446788563795,0.05914010387830004,0.058037259199443664
7814_SETD1A_P1P2_ENSG00000099381,SETD1A,0.0010739017824447222,0.09409356956419128,0.09301966778174656
9303_TRMT112_P1P2_ENSG00000173113,TRMT112,0.0010670332290722145,0.11741840016873853,0.11635136693966631
350_ANLN_P1P2_ENSG00000011426,ANLN,0.0009689838827238451,0.11004442511008106,0.10907544122735721
8724_TBCA_P1P2_ENSG00000171530,TBCA,0.0009433458175447246,0.07130757467900474,0.07036422886146002
675_ATP6V0C_P1P2_ENSG00000185883,ATP6V0C,0.0008075283424913704,0.13139929209839826,0.1305917637559069
8770_ELOB_P1P2_ENSG00000103363,ELOB,0.0007677904002336977,0.09063974795011949,0.08987195754988579
901_BRIX1_P1P2_ENSG00000113460,BRIX1,0.0006061066292641082,0.06827394605710975,0.06766783942784564
885_BRCA2_P1P2_ENSG00000139618,BRCA2,0.00041739708486586424,0.10546844103456944,0.10505104394970358
7927_SIRT7_P1P2_ENSG00000187531,SIRT7,0.0002754329665773103,-0.05194079727912618,-0.05221623024570349
8692_TARDBP_P1P2_ENSG00000120948,TARDBP,1.609417312824213e-05,0.08407567428617416,0.08405958011304591
9249_TRAPPC4_P1P2_ENSG00000196655,TRAPPC4,-3.688149367575555e-07,0.061729646181024014,0.06173001499596077
2979_FASTKD5_P1P2_ENSG00000215251,FASTKD5,-4.3929579248966344e-05,-0.08359451211472319,-0.08355058253547422
10023_ZC3H18_P1P2_ENSG00000158545,ZC3H18,-8.699609392667784e-05,-0.10171059743203316,-0.10162360133810648
9505_UBE2H_P1P2_ENSG00000186591,UBE2H,-0.00010336624623079327,0.10958056500304413,0.10968393124927492
4661_LRRC37A3_P1P2_ENSG00000176809,LRRC37A3,-0.00015602643528082882,-0.07186700809406621,-0.07171098165878538
9615_UQCRH_P1P2_ENSG00000173660,UQCRH,-0.00019404146071162753,-0.08455354082627081,-0.08435949936555918
2593_ELL_P1P2_ENSG00000105656,ELL,-0.00021749822777310246,0.09513086951936751,0.09534836774714062
3342_GFER_P1P2_ENSG00000127554,GFER,-0.00022018122673866936,0.16507570065122035,0.16529588187795902
8662_TAF2_P1P2_ENSG00000064313,TAF2,-0.0002428969234350431,0.1513864720925966,0.15162936901603163
4151_INTS6_P1P2_ENSG00000102786,INTS6,-0.00033109400868150396,0.0784640380711431,0.07879513207982461
7835_SF3B1_P1P2_ENSG00000115524,SF3B1,-0.0003703483268318597,0.08421985815603483,0.08459020648286669
4376_KIF14_P1P2_ENSG00000118193,KIF14,-0.0004142103321635726,-0.08146306256425943,-0.08104885223209586
306_ANAPC1_P1P2_ENSG00000153107,ANAPC1,-0.00043780066942092355,0.09325235967202188,0.0936901603414428
5241_MRPS10_P1P2_ENSG00000048544,MRPS10,-0.00047704012320233524,-0.08875711856362575,-0.08828007844042342
46_ABHD17A_P1P2_ENSG00000129968,ABHD17A,-0.000499911211456476,-0.05555528091961243,-0.05505536970815596
158_ADNP2_P1P2_ENSG00000101544,ADNP2,-0.0005269506897491172,0.09983785493950331,0.10036480562925243
9480_UBA3_P1P2_ENSG00000144744,UBA3,-0.0005422393739240583,-0.10890825621554855,-0.10836601684162449
6792_PRPF19_P1P2_ENSG00000110107,PRPF19,-0.0005761003984759983,0.05794131798887725,0.05851741838735325
9875_GET1_P1P2_ENSG00000182093,GET1,-0.000622876541754025,-0.08146553428774668,-0.08084265774599265
2828_RAMAC_P1P2_ENSG00000169612,RAMAC,-0.0007557970242162426,0.11809730021883261,0.11885309724304885
7668_SBDS_P1P2_ENSG00000126524,SBDS,-0.0007931295053617698,-0.06853594874633921,-0.06774281924097744
"8340_SPDYE2_ENST00000432940.1,ENST00000507918.1_ENSG00000205238",SPDYE2,-0.0011939352401883069,-0.06571406443617855,-0.06452012919599025
7419_RPA2_P1P2_ENSG00000117748,RPA2,-0.0012474913208795763,0.09235759577104981,0.09360508709192938
4997_METTL1_P1P2_ENSG00000037897,METTL1,-0.001252446419843442,0.07050179282343588,0.07175423924327932
5452_NAGLU_P1P2_ENSG00000108784,NAGLU,-0.0012549295672209387,-0.06164972712172631,-0.06039479755450537
5420_N6AMT1_P1P2_ENSG00000156239,N6AMT1,-0.0012592670156741648,0.05988244483113529,0.06114171184680946
6871_PSMD3_P1P2_ENSG00000108344,PSMD3,-0.0013594179399985945,0.09737025099528712,0.09872966893528572
809_BCLAF1_P1P2_ENSG00000029363,BCLAF1,-0.0013836471028274983,-0.06945378206649185,-0.06807013496366435
4351_KIAA0586_P1P2_ENSG00000100578,KIAA0586,-0.0013902549025254785,0.114658308945666,0.11604856384819148
1385_CDAN1_P1P2_ENSG00000140326,CDAN1,-0.0014462626721137156,0.08486992143216025,0.08631618410427397
2131_DDX55_P1P2_ENSG00000111364,DDX55,-0.0015918418725059252,0.08757069129163882,0.08916253316414474
10231_ZNF236_P1P2_ENSG00000130856,ZNF236,-0.0017148838246316966,0.08141033246328927,0.08312521628792097
7032_RAB4A_P1P2_ENSG00000168118,RAB4A,-0.001721318802324484,0.13376143584065334,0.13548275464297782
5658_NFYC_P1P2_ENSG00000066136,NFYC,-0.001772289680940689,0.10598667905824422,0.1077589687391849
3664_HDAC3_P1P2_ENSG00000171720,HDAC3,-0.0017948487125492019,0.08582483060455391,0.08761967931710311
9594_UNC50_P1P2_ENSG00000115446,UNC50,-0.001966136992524986,0.07679150518073173,0.07875764217325672
7312_RIOK2_P1P2_ENSG00000058729,RIOK2,-0.00203610797067659,0.08298234859870514,0.08501845656938173
7819_SETD5_P1P2_ENSG00000168137,SETD5,-0.0020466755270998616,0.06570912098921884,0.0677557965163187
3284_GAR1_P1P2_ENSG00000109534,GAR1,-0.0021111618205247873,0.16518610430014868,0.16729726612067347
6877_PSMD9_P1P2_ENSG00000110801,PSMD9,-0.0022393052342538355,-0.08815896148065129,-0.08591965624639746
8941_TKT_P2_ENSG00000163931,TKT,-0.0022474346735877476,0.08267008753197015,0.0849175222055579
2_AAAS_P1P2_ENSG00000094914,AAAS,-0.0024196939083595964,-0.07079839964143407,-0.06837870573307447
9219_TPX2_P1P2_ENSG00000088325,TPX2,-0.0025460100315938122,0.07706669039521338,0.0796127004268072
7950_SLBP_P1P2_ENSG00000163950,SLBP,-0.0027024072966769785,0.16622999551795858,0.16893240281463556
1268_CCDC174_P1P2_ENSG00000154781,CCDC174,-0.002725905748584792,0.09665839463207783,0.09938430038066262
7830_SF3A1_P1_ENSG00000099995,SF3A1,-0.002754926730444099,0.07785846581771365,0.08061339254815775
2128_DDX52_P1P2_ENSG00000278053,DDX52,-0.002767921113107502,0.10022261989507751,0.10299054100818501
8855_TFPT_P1P2_ENSG00000105619,TFPT,-0.0027889907429124172,0.057154486013342165,0.05994347675625458
7690_SCD_P1P2_ENSG00000099194,SCD,-0.0028018431157732365,0.0659546455218984,0.06875648863767164
5216_MRPL34_P1P2_ENSG00000130312,MRPL34,-0.002849562747065368,0.09412240633817538,0.09697196908524075
2501_EFR3A_P1P2_ENSG00000132294,EFR3A,-0.002961108804227966,-0.08045130375174284,-0.07749019494751487
4944_MED21_P1P2_ENSG00000152944,MED21,-0.0029837662219668326,-0.08782775053388794,-0.08484398431192111
10054_ZDHHC7_P1P2_ENSG00000153786,ZDHHC7,-0.0030076626853110106,0.08499845105329129,0.0880061137386023
1825_CPAMD8_ENST00000443236.1_ENSG00000160111,CPAMD8,-0.003017812043654061,0.0639377191594828,0.06695553120313687
5829_NSMCE2_P1P2_ENSG00000156831,NSMCE2,-0.003130033707102367,0.11465748503784369,0.11778751874494606
7504_RPS15_P1P2_ENSG00000115268,RPS15,-0.003197456397000531,0.09742545281974385,0.10062290921674438
3372_GINS4_P1P2_ENSG00000147536,GINS4,-0.003256266536669508,0.11030066044452634,0.11355692698119585
3571_GTF2F1_P1P2_ENSG00000125651,GTF2F1,-0.003350565691059876,0.10952289145509005,0.11287345714614992
9163_TOMM20_P1P2_ENSG00000173726,TOMM20,-0.0033957515943320027,0.09246882332780211,0.09586457492213411
6335_PIGH_P1P2_ENSG00000100564,PIGH,-0.0038972401392607797,0.07977157979383151,0.08366881993309229
9686_UTP3_P1P2_ENSG00000132467,UTP3,-0.004350432973180246,0.1278894447520459,0.13223987772522613
5462_NAPA_P1P2_ENSG00000105402,NAPA,-0.004388464174546955,0.09343279548631066,0.09782125966085761
9461_TXN_P1P2_ENSG00000136810,TXN,-0.0044372400501827974,-0.061753539508024466,-0.05731629945784167
7939_SKA3_P1P2_ENSG00000165480,SKA3,-0.004470358293641147,0.08448598038440638,0.08895633867804753
7069_RAD51D_P1P2_ENSG00000185379,RAD51D,-0.004738042667977824,0.06430682986633628,0.0690448725343141
1771_COPB1_P1P2_ENSG00000129083,COPB1,-0.004872207480316415,0.06181368477945641,0.06668589225977282
1029_C1D_P1P2_ENSG00000197223,C1D,-0.004889718976381116,0.08391666007540993,0.08880637905179105
4921_MDN1_P1P2_ENSG00000112159,MDN1,-0.004957616090434949,0.07147565187588016,0.07643326796631511
9399_TTI2_P1P2_ENSG00000129696,TTI2,-0.004959932593453412,0.07605575549052246,0.08101568808397587
10056_ZDHHC7_P1P2_ENSG00000153786,ZDHHC7,-0.005042672840874882,0.09324000105461035,0.09828267389548523
7193_RBX1_P1P2_ENSG00000100387,RBX1,-0.005133500576675623,0.08932808668829062,0.09446158726496624
3614_H2AFX_P1P2_ENSG00000188486,H2AFX,-0.005155235035164921,-0.0962859882939045,-0.09113075325873958
5745_NOP10_P1P2_ENSG00000182117,NOP10,-0.005183928829907841,0.14010387829894072,0.14528780712884856
1441_CDK7_P1P2_ENSG00000134058,CDK7,-0.005189828633429844,0.06157969495636918,0.06676952358979903
9179_TOPBP1_P1P2_ENSG00000163781,TOPBP1,-0.005194935189250058,0.09022120277360546,0.09541613796285552
3057_FEN1_P1P2_ENSG00000168496,FEN1,-0.005227864415754804,0.08602833583801642,0.09125620025377122
2130_DDX54_P2_ENSG00000123064,DDX54,-0.005293832792857098,0.07592804977721662,0.08122188257007372
430_AQP7_P1P2_ENSG00000165269,AQP7,-0.00540876790631889,-0.0785991589548857,-0.07319039104856681
1407_CDC45_P1P2_ENSG00000093009,CDC45,-0.00559732715335666,0.06253048458963417,0.06812781174299083
4472_KRR1_P1P2_ENSG00000111615,KRR1,-0.0056409711353127695,0.0951621780168366,0.10080314915214937
8668_TAF6_P1P2_ENSG00000106290,TAF6,-0.005898129847181466,0.10035691687100651,0.10625504671818797
3809_HLA-C_P1P2_ENSG00000204525,HLA-C,-0.005956479153513952,-0.10087515489466319,-0.09491867574114923
7464_RPL36AL_P1P2_ENSG00000165502,RPL36AL,-0.006075207436353217,-0.0737315115083365,-0.06765630407198328
5673_NIP7_P1P2_ENSG00000132603,NIP7,-0.006130619205710064,0.10275448864986042,0.10888510785557048
1551_CHCHD4_P1P2_ENSG00000163528,CHCHD4,-0.00634926858547194,0.06401928603443399,0.07036855461990593
1786_COPS8_P1P2_ENSG00000198612,COPS8,-0.006393683727679261,0.05894401381528777,0.06533769754296703
507_ARL2_P1P2_ENSG00000213465,ARL2,-0.006455238452687334,-0.07772499274960834,-0.071269754296921
5885_NUP107_P1P2_ENSG00000111581,NUP107,-0.006468954631449253,0.13031585330487508,0.13678480793632433
6110_PCBP1_P1P2_ENSG00000169564,PCBP1,-0.006486934621157209,-0.08554305412744741,-0.0790561195062902
7520_RPS29_P2_ENSG00000213741,RPS29,-0.0065328450576965374,0.09415783437476302,0.10069067943245956
679_ATP6V1A_P1P2_ENSG00000114573,ATP6V1A,-0.0066588322640790815,0.06703478868412477,0.07369362094820385
1941_CTPS1_P1P2_ENSG00000171793,CTPS1,-0.006692367470093899,0.08836329062195483,0.09505565809204873
647_ATP2A2_P1P2_ENSG00000174437,ATP2A2,-0.006711157415633107,0.12593101584541042,0.13264217326104352
5190_MRGBP_P1P2_ENSG00000101189,MRGBP,-0.006721582030833048,0.11345952305625448,0.12018110508708753
4706_LTBP3_P1P2_ENSG00000168056,LTBP3,-0.006800374553715807,0.05650854227636283,0.06330891683007864
8161_SMC6_P1P2_ENSG00000163029,SMC6,-0.00692923877513596,0.13588135068154686,0.14281058945668282
8325_SPATA5L1_P1P2_ENSG00000171763,SPATA5L1,-0.007009193170564115,0.12907916765536276,0.13608836082592687
897_BRF2_P1P2_ENSG00000104221,BRF2,-0.007191589883588062,0.053602619367765406,0.06079420925135347
3358_GGPS1_P1P2_ENSG00000152904,GGPS1,-0.007372672772963967,0.07600055366606685,0.08337322643903082
6670_PPP1R37_P1P2_ENSG00000104866,PPP1R37,-0.007419046551933733,0.1205887974900541,0.12800784404198784
7477_RPL7A_P1P2_ENSG00000148303,RPL7A,-0.007450875017060141,0.08572019431042795,0.09317106932748809
1361_CD2BP2_P1P2_ENSG00000169217,CD2BP2,-0.007624538364118277,0.11907692662606997,0.12670146499018825
1329_CCNH_P1P2_ENSG00000134480,CCNH,-0.0076270882680891244,0.08002863903609722,0.08765572730418635
7508_RPS19BP1_P1P2_ENSG00000187051,RPS19BP1,-0.007643430079243618,0.11801985288303118,0.1256632829622748
6219_PES1_P1P2_ENSG00000100029,PES1,-0.007696496453231477,0.13132184476259395,0.13901834121582543
8678_TAMM41_P1P2_ENSG00000144559,TAMM41,-0.007703342748062544,-0.07736824066016487,-0.06966489791210233
9430_TUFM_P1P2_ENSG00000178952,TUFM,-0.007770201960655906,-0.13039247673283408,-0.12262227477217817
3638_HAUS5_P1P2_ENSG00000249115,HAUS5,-0.007774158447972579,0.08728149964407582,0.0950556580920484
938_BUD31_P1P2_ENSG00000106245,BUD31,-0.007830163727502823,0.07215455192597285,0.07998471565347567
1659_CLK2_P1P2_ENSG00000176444,CLK2,-0.00798422445499658,-0.09361982256319981,-0.08563559810820323
3568_GTF2B_P1P2_ENSG00000137947,GTF2B,-0.008121764998945485,0.07443100925413706,0.08255277425308255
2491_EEFSEC_P1P2_ENSG00000132394,EEFSEC,-0.008197056203425895,0.08734164491550235,0.09553870111892825
534_ARPC1B_P1P2_ENSG00000130429,ARPC1B,-0.0082596166681312,0.06421125655830703,0.07247087322643823
9741_VPS13D_P1P2_ENSG00000048707,VPS13D,-0.008357705494386442,0.11636544596483403,0.12472315145922047
7834_SF3A3_P1P2_ENSG00000183431,SF3A3,-0.008464857648895832,0.08395785546679949,0.09242271311569532
2010_CYS1_P1P2_ENSG00000205795,CYS1,-0.008554284750884433,-0.0809819003928309,-0.07242761564194647
2366_DPY19L4_P1P2_ENSG00000156162,DPY19L4,-0.008591564370401511,-0.11047038545703292,-0.1018788210866314
9172_TONSL_P1P2_ENSG00000160949,TONSL,-0.008605889988154591,0.10844769173983716,0.11705358172799175
1805_COX10_P1P2_ENSG00000006695,COX10,-0.008646070344867987,-0.09353331224128376,-0.08488724189641578
4423_KLF7_P1P2_ENSG00000118263,KLF7,-0.00867055410272577,0.16330429882149156,0.17197485292421733
2103_DDX11_P1P2_ENSG00000013573,DDX11,-0.008743559293240374,0.10232605657940708,0.11106961587264745
7097_RANGAP1_P1P2_ENSG00000100401,RANGAP1,-0.008773864769159784,0.08439287879987398,0.09316674356903376
801_BCL2L1_P1_ENSG00000171552,BCL2L1,-0.008777454152269909,-0.11992637559649756,-0.11114892144422765
5811_NRF1_P1P2_ENSG00000106459,NRF1,-0.008794649923138387,0.10610037833847884,0.11489502826161722
6193_PDPK1_P1P2_ENSG00000140992,PDPK1,-0.0088465281173008,0.09819580663872446,0.10704233475602526
7658_SART1_P1P2_ENSG00000175467,SART1,-0.008894706243958876,-0.07133558754514818,-0.062440881301189306
5219_MRPL37_P1P2_ENSG00000116221,MRPL37,-0.009136612311073003,-0.11778091961295623,-0.10864430730188322
1083_NEPRO_P1P2_ENSG00000163608,NEPRO,-0.009158602999289805,0.0982370020301194,0.1073956050294092
7513_RPS24_P1P2_ENSG00000138326,RPS24,-0.009165267139135097,0.15100170713702554,0.16016697427616064
8341_SPDYE2_ENST00000341656.4_ENSG00000205238,SPDYE2,-0.009169033202895999,-0.08692886709377262,-0.07775983389087662
6238_PFDN2_P1P2_ENSG00000143256,PFDN2,-0.009196787292223063,-0.09525198397004227,-0.0860551966778192
6842_PSMA2_P1P2_ENSG00000106588,PSMA2,-0.00920110453502325,0.09944897044478884,0.10865007497981209
7154_RBM12_P1P2_ENSG00000244462,RBM12,-0.009230693784244265,0.05770320862664391,0.06693390241088817
699_ATR_P1P2_ENSG00000175054,ATR,-0.00937029747169274,0.12287102217301643,0.13224131964470917
7728_SDHD_P1P2_ENSG00000204370,SDHD,-0.009430392599656438,-0.061907610271822774,-0.052477217672166336
9793_WBP1_P1P2_ENSG00000239779,WBP1,-0.009497641650182798,-0.07488580637506614,-0.06538816472488335
1011_C18orf21_P1P2_ENSG00000141428,C18orf21,-0.009726311380013161,0.07625102164570893,0.0859773330257221
5770_NPM1_P1P2_ENSG00000181163,NPM1,-0.009815363964616478,0.09212690157927143,0.10194226554388791
7249_RFC5_P1P2_ENSG00000111445,RFC5,-0.009884610523553605,0.0817118827282602,0.09159649325181381
7512_RPS23_P1P2_ENSG00000186468,RPS23,-0.009911519625024609,0.09874864879117036,0.10866016841619497
3866_HNRNPH1_P1P2_ENSG00000169045,HNRNPH1,-0.009936838182358215,-0.09642605262462801,-0.0864892144422698
6548_POLR2G_P1P2_ENSG00000168002,POLR2G,-0.009936921095876586,0.05946554747027617,0.06940246856615276
7467_RPL37A_P1P2_ENSG00000197756,RPL37A,-0.009939881651694488,0.09392302064383652,0.10386290229553101
8080_SLC39A9_P1P2_ENSG00000029364,SLC39A9,-0.010002504025909659,-0.08619064568008128,-0.07618814165417162
9973_ZBTB17_P1P2_ENSG00000116809,ZBTB17,-0.010029222570781524,0.06715095968784077,0.07718018225862229
9722_VEZT_P1P2_ENSG00000028203,VEZT,-0.010081426602476073,0.05770897598144156,0.06779040258391764
6002_OVCA2_P1P2_ENSG00000262664,OVCA2,-0.01009076993963405,-0.09538463313031662,-0.08529386319068256
4781_MALSU1_P1P2_ENSG00000156928,MALSU1,-0.010257744664391652,0.04653513802103856,0.056792882685430215
5543_NDUFAB1_P1P2_ENSG00000004779,NDUFAB1,-0.010437113874904244,0.06408272693718062,0.07451984081208486
1107_C6orf15_P1P2_ENSG00000204542,C6orf15,-0.010530661466441216,-0.07878536212396038,-0.06825470065751917
5546_NDUFAF3_P1P2_ENSG00000178057,NDUFAF3,-0.010569099955217126,0.1146154657386308,0.12518456569384792
3641_HAUS7_P2_ENSG00000213397,HAUS7,-0.010617381733267775,-0.08983067046323041,-0.07921328872996264
5222_MRPL3_P1P2_ENSG00000114686,MRPL3,-0.010707216483823029,-0.07102415038623784,-0.06031693390241481
5734_NOL12_P1P2_ENSG00000273899,NOL12,-0.010732849131674035,0.11440701705819327,0.1251398661898673
8750_TBX1_P1P2_ENSG00000184058,TBX1,-0.010740885564168925,-0.09510038492972768,-0.08435949936555875
4856_MARS2_P1P2_ENSG00000247626,MARS2,-0.010756421506237457,0.07189007751325242,0.08264649901948988
1221_CBLL1_P1P2_ENSG00000105879,CBLL1,-0.010769687762338914,0.09175367133328635,0.10252335909562527
3667_HDAC7_P1P2_ENSG00000061273,HDAC7,-0.010773054826244535,0.07096647683830654,0.08173953166455107
1319_CCNC_P1P2_ENSG00000112237,CCNC,-0.010929262827276368,-0.07854230931476242,-0.06761304648748605
8948_TLN1_P1P2_ENSG00000137076,TLN1,-0.010932271226587909,0.12221024809512918,0.13314251932171708
3585_GTF3C2_P1P2_ENSG00000115207,GTF3C2,-0.011074618396913649,0.06722593530016609,0.07830055369707974
8229_SNRPD2_P1P2_ENSG00000125743,SNRPD2,-0.01131766231029828,0.07785352237074589,0.08917118468104417
4313_POGLUT3_P1P2_ENSG00000178202,POGLUT3,-0.01133509045567549,0.07641003585646927,0.08774512631214476
5619_NF1_P1P2_ENSG00000196712,NF1,-0.011361654996586326,0.07259122307470088,0.0839528780712872
4947_MED24_P1P2_ENSG00000008838,MED24,-0.011372094818310308,0.10083231168762914,0.11220440650593945
8598_SUPT5H_P1P2_ENSG00000196235,SUPT5H,-0.01141898845089484,0.0554341664689309,0.06685315491982574
9053_TMEM240_P1P2_ENSG00000205090,TMEM240,-0.011435549730044459,0.09366596140157019,0.10510151113161464
2993_FBXL14_P1P2_ENSG00000171823,FBXL14,-0.011565761970739441,0.1419510796488289,0.15351684161956833
5267_MRPS6_P1P2_ENSG00000243927,MRPS6,-0.011578268908675471,-0.10541406311792811,-0.09383579420925264
5192_MRM1_P1P2_ENSG00000278619,MRM1,-0.011794261881846332,0.051086404861718976,0.06288066674356531
923_BTF3L4_P1P2_ENSG00000134717,BTF3L4,-0.011941403437291692,-0.08376918057421957,-0.07182777713692788
4958_MED8_P1P2_ENSG00000159479,MED8,-0.011992780900028421,-0.0675225421181635,-0.055529761218135076
8717_TBC1D28_ENST00000345096.4_ENSG00000189375,TBC1D28,-0.012116226661069096,0.06587719818608602,0.07799342484715512
1581_CHMP2A_P1P2_ENSG00000130724,CHMP2A,-0.012120480644778164,0.10871381396820844,0.1208342946129866
1806_COX11_P1P2_ENSG00000166260,COX11,-0.012165024491096632,0.12064152759103047,0.1328065520821271
5193_MRPL10_P1P2_ENSG00000159111,MRPL10,-0.01220902096001357,0.10074085791874926,0.11294987887876283
9397_TTF2_P1P2_ENSG00000116830,TTF2,-0.012385243144861405,0.10256169421815017,0.11494693736301158
7468_RPL37_P1P2_ENSG00000145592,RPL37,-0.012528831489700548,0.06972979118880551,0.08225862267850606
7457_RPL29_P1P2_ENSG00000162244,RPL29,-0.012647892243920308,0.0844250112051505,0.09707290344907081
5667_NHP2_P1P2_ENSG00000145912,NHP2,-0.012650319431327606,0.14245119170028941,0.15510151113161702
7751_SEC61A1_P1_ENSG00000058262,SEC61A1,-0.01265802293625809,0.09979583564027589,0.11245385857653398
1836_CPOX_P1P2_ENSG00000080819,CPOX,-0.012826287401315833,0.09194069841019266,0.10476698581150849
4973_MEN1_P1P2_ENSG00000133895,MEN1,-0.012915561544807469,0.05662388937225005,0.06953945091705752
10236_ZNF24_P1P2_ENSG00000172466,ZNF24,-0.012995374139513044,0.04361438477154664,0.05660975891105968
1033_C1QTNF4_P1P2_ENSG00000172247,C1QTNF4,-0.013109572934655533,0.05609246882332798,0.06920204175798352
6872_PSMD4_P1P2_ENSG00000159352,PSMD4,-0.013161082028747953,0.0673355150412678,0.08049659707001575
4589_LIMS1_P1P2_ENSG00000169756,LIMS1,-0.013205164072319434,0.052638647209258385,0.06584381128157782
7471_RPL39_P1P2_ENSG00000198918,RPL39,-0.013251603657456715,0.10575433705081004,0.11900594070826676
9653_USP37_P1P2_ENSG00000135913,USP37,-0.013270233383390118,0.07428600147645052,0.08755623485984064
2095_DDN_P1P2_ENSG00000181418,DDN,-0.013384385133397417,-0.06848733818450106,-0.055102953051103645
7816_SETD2_P1P2_ENSG00000181555,SETD2,-0.013384840017183014,0.1124255187323793,0.1258103587495623
4161_IPO13_P1P2_ENSG00000117408,IPO13,-0.013401708867054662,0.09732328824910444,0.1107249971161591
7861_SGPP1_P1P2_ENSG00000126821,SGPP1,-0.01344272100096916,0.07562897123573527,0.08907169223670443
6794_PRPF38A_P1P2_ENSG00000134748,PRPF38A,-0.013472408313166942,0.1091628437343553,0.12263525204752224
5810_NRDE2_P1P2_ENSG00000119720,NRDE2,-0.013480277455027334,0.09887553059664497,0.1123558080516723
7453_RPL26_P1P2_ENSG00000161970,RPL26,-0.013491121598879482,0.10859764296450193,0.12208876456338141
5162_MPG_P1P2_ENSG00000103152,MPG,-0.013536106510087326,-0.09954371984496242,-0.0860076133348751
7525_RPS3_P1_ENSG00000149273,RPS3,-0.013608806791038638,0.11712426507422609,0.13073307186526473
6554_POLR2M_P1P2_ENSG00000255529,POLR2M,-0.013674945633130112,-0.08846298346910106,-0.07478803783597095
9478_UBA1_P1_ENSG00000130985,UBA1,-0.013700839813983512,0.09428306836457812,0.10798390817856163
9366_TSR2_P1P2_ENSG00000158526,TSR2,-0.013763272220840325,0.11666122887501197,0.1304245010958523
3642_HAUS8_P1P2_ENSG00000131351,HAUS8,-0.013773848673062875,0.08851736138576342,0.1022912100588263
471_ARHGAP6_P1P2_ENSG00000047648,ARHGAP6,-0.013788202308826741,0.10572961981598059,0.11951782212480733
2787_EXOSC10_P1P2_ENSG00000171824,EXOSC10,-0.013814721914506542,0.12316762899101631,0.13698235090552285
2606_ELP4_P1P2_ENSG00000109911,ELP4,-0.013828933540456279,0.06431589285243756,0.07814482639289384
1743_COG4_P1P2_ENSG00000103051,COG4,-0.0138367472355648,0.08612720477735233,0.09996395201291713
5201_MRPL18_P1P2_ENSG00000112110,MRPL18,-0.013887869019805488,0.06104580268396417,0.07493367170376966
6535_POLR1C_P2_ENSG00000171453,POLR1C,-0.013950530816899176,0.069135753644972,0.08308628446187118
8695_TARS_P1P2_ENSG00000113407,TARS,-0.013971168410681231,0.08085666640302154,0.09482783481370277
4700_LST1_P1_ENSG00000204482,LST1,-0.01398004321619696,-0.1026580914339853,-0.08867804821778834
4003_IARS2_P1P2_ENSG00000067704,IARS2,-0.014061085656572353,0.1158414405863597,0.12990252624293205
4374_KIF11_P1P2_ENSG00000138160,KIF11,-0.014183984724495904,0.048307363758601285,0.06249134848309719
4684_LSG1_P1P2_ENSG00000041802,LSG1,-0.014198254933517701,0.1302070974716003,0.144405352405118
593_INTS13_P1P2_ENSG00000064102,INTS13,-0.014261681694196157,-0.08334404413508194,-0.06908236244088578
5365_MYBBP1A_P1P2_ENSG00000132382,MYBBP1A,-0.014294944209441898,0.07649984180970108,0.09079478601914298
4317_KDM1A_P1P2_ENSG00000004487,KDM1A,-0.01441423931502292,0.06964245695905515,0.08405669627407807
8931_TINF2_P1P2_ENSG00000092330,TINF2,-0.014484036900919484,0.10582684093966074,0.12031087784058023
5357_MVK_P1P2_ENSG00000110921,MVK,-0.014670438705063515,0.09447998233542156,0.10915042104048507
1842_CPSF3_P1P2_ENSG00000119203,CPSF3,-0.014695914041542177,0.08592699517520233,0.10062290921674451
2134_DDX5_P1P2_ENSG00000108654,DDX5,-0.01471775779685637,0.06402834902053757,0.07874610681739394
1841_INTS11_P1P2_ENSG00000127054,INTS11,-0.014888758407631042,-0.11190398507737659,-0.09701522666974555
10544_ZNF676_ENST00000397121.2_ENSG00000196109,ZNF676,-0.014929986854174779,-0.09664933164596587,-0.08171934479179109
5476_NBAS_P1P2_ENSG00000151779,NBAS,-0.01496426755944738,0.040925973529489665,0.055890241088937045
5736_NOL7_P1P2_ENSG00000225921,NOL7,-0.015015405595641712,0.0933405178095945,0.10835592340523621
"9279_TRIM49C_ENST00000432771.1,ENST00000448984.1_ENSG00000204449",TRIM49C,-0.015088189531410237,-0.08188078383294609,-0.06679259430153585
2217_DHX8_P1P2_ENSG00000067596,DHX8,-0.015108927887337184,-0.1271850035592757,-0.11207607567193852
9458_TXNL4B_P1P2_ENSG00000140830,TXNL4B,-0.015188118136530149,0.07663908223259912,0.09182720036912927
2939_FAM72D_ENST00000400889.1_ENSG00000215784,FAM72D,-0.015243493923493237,0.07233581164807977,0.08757930557157301
7753_SEC61G_P1P2_ENSG00000132432,SEC61G,-0.015377701713226638,0.07060972474887811,0.08598742646210475
5911_NXF1_P2_ENSG00000162231,NXF1,-0.015501889342960082,-0.09157323551899049,-0.07607134617603041
10701_ZNHIT3_P1P2_ENSG00000273611,ZNHIT3,-0.015786204699290124,0.10051757889743151,0.11630378359672164
10025_ZC3H4_P1_ENSG00000130749,ZC3H4,-0.01583932241426371,0.09635354873580942,0.11219287115007313
6540_POLR2A_P1P2_ENSG00000181222,POLR2A,-0.01592228768006909,0.04770096759735441,0.0636232552774235
3504_GPN3_P1P2_ENSG00000111231,GPN3,-0.015976091094676237,0.05577526430963255,0.07175135540430878
10_AARS2_P1P2_ENSG00000124608,AARS2,-0.016040315665000332,-0.12147779403621263,-0.1054374783712123
6797_PRPF3_P1P2_ENSG00000117360,PRPF3,-0.016040765226535525,0.04831065938991232,0.06435142461644784
2746_ESYT1_P2_ENSG00000139641,ESYT1,-0.01613364922489139,-0.07331296633182638,-0.05717931710693499
5260_MRPS30_P1P2_ENSG00000112996,MRPS30,-0.016147835322902343,0.05487967650083243,0.07102751182373478
2785_EXOC8_P1P2_ENSG00000116903,EXOC8,-0.016167354040540247,0.05766036541960075,0.073827719460141
7393_RNF4_P1P2_ENSG00000063978,RNF4,-0.0164002355750235,0.07441041155843893,0.09081064713346243
5541_NDUFA8_P1P2_ENSG00000119421,NDUFA8,-0.01643064434117919,0.06567369295262321,0.0821043372938024
5949_OR1D2_ENST00000331459.1_ENSG00000184166,OR1D2,-0.01649733877219839,-0.07485037833847226,-0.05835303956627387
4954_MED31_P1P2_ENSG00000108590,MED31,-0.016576113199312376,0.11787566901316598,0.13445178221247836
7144_RBBP8_P1P2_ENSG00000101773,RBBP8,-0.01658919184507164,0.10497903978487193,0.12156823162994357
126_ADAM10_P1P2_ENSG00000137845,ADAM10,-0.016655161514725278,-0.09259817685675355,-0.07594301534202827
3072_FGFR1OP_P1P2_ENSG00000213066,FGFR1OP,-0.016795138940225635,-0.11634814390043101,-0.09955300496020537
5200_MRPL17_P1P2_ENSG00000158042,MRPL17,-0.016871171861338297,-0.0975523346252158,-0.0806811627638775
7181_RBM4_P2_ENSG00000173933,RBM4,-0.016884938715817283,0.05256943895172997,0.06945437766754725
2135_DDX6_P1P2_ENSG00000110367,DDX6,-0.01690850899947874,0.12398576946400944,0.14089427846348818
7648_SAP18_P1P2_ENSG00000150459,SAP18,-0.017005122090775482,0.10568348097762634,0.12268860306840182
2382_DSN1_P1P2_ENSG00000149636,DSN1,-0.017079673536464876,0.09068506288065012,0.107764736417115
7459_RPL31_P1P2_ENSG00000071082,RPL31,-0.017108708318226806,0.11992555168869284,0.13703426000691965
3787_HIST2H2AC_P1P2_ENSG00000184260,HIST2H2AC,-0.0171914944893255,0.09381179308709031,0.11100328757641581
2774_EWSR1_P1P2_ENSG00000182944,EWSR1,-0.017292525433516948,0.0771532007171298,0.09444572615064675
6536_POLR1C_P1_ENSG00000171453,POLR1C,-0.017423027852474585,0.06811740356982818,0.08554043142230276
7038_RAB6A_P1P2_ENSG00000175582,RAB6A,-0.01748937867334907,0.05381353977168102,0.07130291844503009
1429_CDK1_P1P2_ENSG00000170312,CDK1,-0.01759872166805898,0.10462558332674562,0.1222243049948046
8680_TANGO6_P1P2_ENSG00000103047,TANGO6,-0.017649045775701352,0.07633670805980143,0.09398575383550278
5699_NKX6-1_P1P2_ENSG00000163623,NKX6-1,-0.017672025856628026,0.0636897229033199,0.08136174875994792
"3575_GTF2H2_ENST00000274400.5,ENST00000330280.7_ENSG00000145736",GTF2H2,-0.017676166171661623,0.07876229270479108,0.0964384588764527
"1121_C7orf50_ENST00000357429.6,ENST00000397098.3,ENST00000397100.2_ENSG00000146540",C7orf50,-0.01774926288637607,0.05618227477655738,0.07393153766293345
7243_REXO2_P1P2_ENSG00000076043,REXO2,-0.017782162308120672,-0.11030725170713031,-0.09252508939900964
8663_TAF3_P1P2_ENSG00000165632,TAF3,-0.0178272296766344,0.05434660813626008,0.07217383781289448
5428_NAA30_P1P2_ENSG00000139977,NAA30,-0.018039639007151012,-0.12149592000842548,-0.10345628100127446
9222_TRA2B_P1P2_ENSG00000136527,TRA2B,-0.018066514255137972,0.05670133670806317,0.07476785096320114
6032_PAF1_P1P2_ENSG00000006712,PAF1,-0.01807629217540288,0.08048178834137654,0.09855808051677942
7511_RPS21_P1P2_ENSG00000171858,RPS21,-0.01808957584295172,0.08227378786681569,0.10036336370976741
5768_NPLOC4_P1P2_ENSG00000182446,NPLOC4,-0.018107264304813186,0.05238817922961747,0.07049544353443066
8972_TMED10_P1P2_ENSG00000170348,TMED10,-0.01816589291675144,-0.08871180363309772,-0.07054591071634628
2076_DCTN4_P1P2_ENSG00000132912,DCTN4,-0.018267287619709083,0.13641606686177712,0.1546833544814862
1779_COPS3_P1P2_ENSG00000141030,COPS3,-0.018286005353330623,-0.08833445384797231,-0.07004844849464169
6801_PRPF4_P1P2_ENSG00000136875,PRPF4,-0.018353007336067012,0.052365933718263466,0.07071894105433048
1781_COPS5_P1P2_ENSG00000121022,COPS5,-0.018477429925412348,0.10025887183949456,0.1187363017649069
"891_BRD4_ENST00000263377.2,ENST00000371835.4_ENSG00000141867",BRD4,-0.018479361247467394,-0.08953571146087523,-0.07105635021340784
8626_SYNGR3_P1P2_ENSG00000127561,SYNGR3,-0.018582830460817573,0.09173554536107642,0.110318375821894
3154_FOXD4_ENST00000382500.2_ENSG00000170122,FOXD4,-0.01867951542189214,0.10780421972633364,0.12648373514822578
6858_PSMC2_P1P2_ENSG00000161057,PSMC2,-0.018754856389680025,0.05910302802604983,0.07785788441572986
4145_INTS12_P1P2_ENSG00000138785,INTS12,-0.01876593613943961,0.15391257349258372,0.17267850963202333
5205_MRPL21_P1P2_ENSG00000197345,MRPL21,-0.018881784346919075,0.06347633077593011,0.08235811512284918
5707_NMD3_P1P2_ENSG00000169251,NMD3,-0.018934005314856686,0.0874248596061238,0.10635886492098048
7156_RBM14-RBM4_P2_nan,RBM14-RBM4,-0.018986395398245856,0.04453880935432028,0.06352520475256614
8221_SNRNP48_P1P2_ENSG00000168566,SNRNP48,-0.018994278834218906,0.0712713227345887,0.0902656015688076
8040_SLC35A4_P1P2_ENSG00000176087,SLC35A4,-0.01914266126006152,0.06150389543621047,0.08064655669627199
8618_SYF2_P1P2_ENSG00000117614,SYF2,-0.019196310689716847,0.077859289725551,0.09705560041526785
6853_PSMB5_P1P2_ENSG00000100804,PSMB5,-0.019216433695139215,0.06936644783674922,0.08858288153188844
2539_EIF2B5_P1P2_ENSG00000145191,EIF2B5,-0.019275205229276504,0.07052321442696331,0.08979841965623982
6323_PIAS4_P1P2_ENSG00000105229,PIAS4,-0.01942152930166116,0.10490076854122342,0.12432229784288458
536_ARPC2_P1_ENSG00000163466,ARPC2,-0.019433126110837237,0.10232111313243888,0.12175423924327612
7657_SARS_P1P2_ENSG00000031698,SARS,-0.01945473625610418,0.054194185188119054,0.07364892144422323
9033_TMEM199_P1P2_ENSG00000244045,TMEM199,-0.019550252767803908,-0.09765037965672238,-0.07810012688891847
7423_RPAP2_P1P2_ENSG00000122484,RPAP2,-0.01964362462909365,0.06516863745419038,0.08481226208328403
608_ATF5_P1P2_ENSG00000169136,ATF5,-0.019658393288569775,0.08243527380105858,0.10209366708962836
2238_DLD_P1P2_ENSG00000091140,DLD,-0.01976813180465324,0.07780655962457492,0.09757469142922816
9818_WDR3_P1P2_ENSG00000065183,WDR3,-0.019774897561999863,0.08091433995097537,0.10068923751297523
594_INTS13_P1P2_ENSG00000064102,INTS13,-0.019937646834264203,-0.11728739882411497,-0.09734975198985077
4128_INO80D_P1P2_ENSG00000114933,INO80D,-0.019950477252726237,0.05656209628516447,0.0765125735378907
4887_MBTPS1_P1P2_ENSG00000140943,MBTPS1,-0.020021430913700858,0.05823298135991274,0.0782544122736136
3594_GTPBP4_P1P2_ENSG00000107937,GTPBP4,-0.020077114309382138,0.08147871681300485,0.10155583112238699
2075_DCTN3_P1P2_ENSG00000137100,DCTN3,-0.020121002755046413,0.10744417200559292,0.12756517476063933
2321_DNTTIP2_P1P2_ENSG00000067334,DNTTIP2,-0.02013919120701224,0.10118823986923482,0.12132743107624706
2780_EXOC3_P1P2_ENSG00000180104,EXOC3,-0.020198807995126244,0.14316634369480663,0.16336515168993287
1579_CHMP1A_P1P2_ENSG00000131165,CHMP1A,-0.02023124800914146,0.04568321732711239,0.06591446533625385
2558_EIF4A1_P1P2_ENSG00000161960,EIF4A1,-0.020254972733937185,0.07941482770440215,0.09966980043833934
1175_CAP1_P1P2_ENSG00000131236,CAP1,-0.02030416884153692,0.06775817975691494,0.08806234859845186
3994_HUWE1_P1P2_ENSG00000086758,HUWE1,-0.020387824958174247,-0.07150531255766865,-0.0511174875994944
7155_RBM14-RBM4_P1_nan,RBM14-RBM4,-0.02058186700815179,0.09762813414538007,0.11821000115353186
5196_MRPL13_P1P2_ENSG00000172172,MRPL13,-0.020615761563059706,0.040811450341426164,0.06142721190448587
9443_TWISTNB_P1P2_ENSG00000105849,TWISTNB,-0.02063031007025687,0.10194293943948701,0.12257324950974388
10587_ZNF718_ENST00000400172.3_ENSG00000250312,ZNF718,-0.02091222030764303,-0.12389266787945181,-0.10298044757180878
2972_FARS2_P1P2_ENSG00000145982,FARS2,-0.020964029882421742,0.061830986843841404,0.08279501672626315
714_AURKA_P1P2_ENSG00000087586,AURKA,-0.02096860892433844,0.13252804582247346,0.1534966547468119
1683_CLTC_P1P2_ENSG00000141367,CLTC,-0.020989535631926015,0.0722031624878099,0.09319269811973592
2622_EMG1_P1P2_ENSG00000126749,EMG1,-0.021065774867375375,0.10571066993594283,0.1267764448033182
2213_DHX37_P1P2_ENSG00000150990,DHX37,-0.021077364567509957,0.1030041327216764,0.12408149728918635
523_ARMC6_P1P2_ENSG00000105676,ARMC6,-0.02112790012171477,0.07113620185082807,0.09226410197254284
490_ARID3A_P1P2_ENSG00000116017,ARID3A,-0.02117640891397589,0.04721239025547695,0.06838879916945284
3788_HIST2H2BE_P1P2_ENSG00000184678,HIST2H2BE,-0.02126511009509957,0.045787029713411614,0.06705213980851119
5726_NOB1_P1P2_ENSG00000141101,NOB1,-0.021398561284828616,0.059968955153049744,0.08136751643787836
7491_RPP30_P1P2_ENSG00000148688,RPP30,-0.021459712295947758,0.1109474280893274,0.13240714038527515
4149_INTS4_P1P2_ENSG00000149262,INTS4,-0.02146521659709527,0.0658055182050691,0.08727073480216437
9844_WDR7_P1P2_ENSG00000091157,WDR7,-0.021492167497464007,0.07623536739698299,0.097727534894447
7245_RFC1_P1P2_ENSG00000035928,RFC1,-0.021577445730755956,0.07254096469719978,0.09411841042795574
5879_NUFIP1_P1P2_ENSG00000083635,NUFIP1,-0.021589003364166498,0.09499739645126506,0.11658639981543156
5729_NOC2L_P1P2_ENSG00000188976,NOC2L,-0.021593240924848586,0.07136442431912207,0.09295766524397066
9444_TWSG1_P1P2_ENSG00000128791,TWSG1,-0.02164858006410736,0.09581883255557067,0.11746741261967802
3639_HAUS6_P1P2_ENSG00000147874,HAUS6,-0.021737129427217963,0.08800736244035184,0.10974449186756981
7033_RAB4B_P1P2_ENSG00000167578,RAB4B,-0.02180232457218638,-0.10501117219013935,-0.08320884761795297
116_ACTR5_P1P2_ENSG00000101442,ACTR5,-0.021804032985795113,0.07253931688154588,0.094343349867341
7338_RNF113A_P1P2_ENSG00000125352,RNF113A,-0.021829502961980662,-0.09052110522291275,-0.06869160226093209
1794_COQ5_P1P2_ENSG00000110871,COQ5,-0.021952370438374988,0.06564568008647997,0.08759805052485496
4737_LZTR1_P1P2_ENSG00000099949,LZTR1,-0.021965620214414644,-0.10228486118799987,-0.08031924097358523
2373_DRG1_P1P2_ENSG00000185721,DRG1,-0.02208091019084349,-0.12915496717550534,-0.10707405698466185
5893_NUP214_P1P2_ENSG00000126883,NUP214,-0.02208578560767825,0.06815530332991032,0.09024108893758857
9_AAR2_P1P2_ENSG00000131043,AAR2,-0.02208611456255216,0.074026470510692,0.09611258507324416
664_ATP5MF_P1P2_ENSG00000241468,ATP5MF,-0.022109209908834804,-0.07626914761791638,-0.054159937709081576
8578_SUGT1_P1P2_ENSG00000165416,SUGT1,-0.022387376245931054,0.09063315668750656,0.11302053293343761
2389_DTL_P1P2_ENSG00000143476,DTL,-0.02239670093611036,0.07691261963142124,0.0993093205675316
3427_GMPS_P1P2_ENSG00000163655,GMPS,-0.022476279673674757,0.07443512879327349,0.09691140846694825
3586_GTF3C3_P1P2_ENSG00000119041,GTF3C3,-0.02255602621509073,-0.09784152627276911,-0.07528550005767838
6150_PDAP1_P1P2_ENSG00000106244,PDAP1,-0.022664387990600457,0.07148718658547115,0.09415157457607161
6550_POLR2I_P1P2_ENSG00000105258,POLR2I,-0.02291684249195071,0.0736038057950426,0.0965206482869933
8853_TFIP11_P1P2_ENSG00000100109,TFIP11,-0.022947001833296246,-0.10870227925860859,-0.08575527742531235
3944_HS6ST1_P1P2_ENSG00000136720,HS6ST1,-0.022953599007454528,-0.0938974795011694,-0.07094388049371488
7460_RPL32_P1P2_ENSG00000144713,RPL32,-0.022989371984755425,0.11075298584198223,0.13374235782673766
3872_HNRNPL_P1_ENSG00000104824,HNRNPL,-0.023106303504156114,0.11318104221045656,0.13628734571461268
5125_MMP17_P1P2_ENSG00000198598,MMP17,-0.023127549510481946,0.07693733686625705,0.10006488637673899
2260_DMRTA2_P1P2_ENSG00000142700,DMRTA2,-0.023216633686626617,0.056612354662660666,0.07982898834928728
4972_MEMO1_P1_ENSG00000162959,MEMO1,-0.02330523965598076,-0.07886528118326258,-0.05556004152728182
7569_RRS1_P1P2_ENSG00000179041,RRS1,-0.02338494217453957,0.08630764059163501,0.10969258276617458
9337_TSEN2_P1P2_ENSG00000154743,TSEN2,-0.023392719164938527,0.07805208415724252,0.10144480332218105
2106_DDX19A_P1P2_ENSG00000168872,DDX19A,-0.02342741232782672,0.06857714413773794,0.09200455646556466
8933_TIPIN_P1P2_ENSG00000075131,TIPIN,-0.02344790528866246,0.11080489203512982,0.13425279732379228
5702_NLE1_P1P2_ENSG00000073536,NLE1,-0.023474074688374563,0.09625715151995035,0.11973122620832491
7450_RPL23_P1P2_ENSG00000125691,RPL23,-0.023495884932322242,0.08846627910043642,0.11196216403275866
8660_TAF1D_P1_ENSG00000166012,TAF1D,-0.02353925388551467,0.09780692214401297,0.12134617602952764
2225_UTP25_P1P2_ENSG00000117597,UTP25,-0.023828087400703662,0.13891992275041046,0.16274801015111412
1828_CPEB1_ENST00000568128.1_ENSG00000214575,CPEB1,-0.023922115194873847,0.1075636386406285,0.13148575383550234
5683_NKAP_P1P2_ENSG00000101882,NKAP,-0.024136170459261405,0.05300940573176241,0.07714557619102382
2526_EIF1AD_P1P2_ENSG00000175376,EIF1AD,-0.024162452919369498,0.08459720794116367,0.10875966086053317
6215_PELP1_P1P2_ENSG00000141456,PELP1,-0.024327225037883662,0.10999911017955315,0.1343263352174368
7510_RPS20_P1P2_ENSG00000008988,RPS20,-0.024507349783963545,0.096913806058693,0.12142115584265654
9820_WDR43_P1P2_ENSG00000163811,WDR43,-0.02464269163733389,0.10439900867411585,0.12904170031144974
1349_CCT5_P1P2_ENSG00000150753,CCT5,-0.02476422941831935,0.08977464473094493,0.11453887414926428
1843_CPSF4_P1P2_ENSG00000160917,CPSF4,-0.024868423488069086,0.09280662553719046,0.11767504902525955
8906_TIGD1_P1P2_ENSG00000221944,TIGD1,-0.024997276589729986,0.0763927337920872,0.10139001038181719
1254_CCDC130_P2_ENSG00000104957,CCDC130,-0.025158393499943976,0.06964492868254374,0.09480332218248771
2348_DPH3_P1P2_ENSG00000154813,DPH3,-0.02529917458961431,0.03817988873948508,0.06347906332909939
1148_CACTIN_P1P2_ENSG00000105298,CACTIN,-0.0253166039895186,-0.10662355980910755,-0.08130695581958895
8334_SPCS2_P1P2_ENSG00000118363,SPCS2,-0.025326409053418097,0.04264134962693278,0.06796775868035088
7248_RFC4_P1P2_ENSG00000163918,RFC4,-0.025334517374686075,0.09544642621742098,0.12078094359210706
7210_RCOR1_P1P2_ENSG00000089902,RCOR1,-0.025458518306471875,-0.0958040022146511,-0.07034548390817923
320_ANKLE2_P1P2_ENSG00000176915,ANKLE2,-0.025579867716785665,0.05165078172374879,0.07723064944053445
9257_TREX2_P1P2_ENSG00000183479,TREX2,-0.025600549162326902,0.11194847610010106,0.13754902526242796
2364_DPY19L2_P1P2_ENSG00000177990,DPY19L2,-0.025830590975750425,0.05595652403174391,0.08178711500749433
5951_OR2A1_ENST00000408951.1_ENSG00000221970,OR2A1,-0.025891663464246123,0.1055335297529631,0.13142519321720922
4139_INPPL1_P1P2_ENSG00000165458,INPPL1,-0.02601220128399115,0.08409132853489955,0.1101035298188907
8146_SMARCB1_P1_ENSG00000099956,SMARCB1,-0.026030187660424642,0.08158170529147168,0.10761189295189633
440_ARF4_P1P2_ENSG00000168374,ARF4,-0.02606430896342808,0.07660612591948604,0.10267043488291412
5518_NDC1_P1P2_ENSG00000058804,NDC1,-0.026110112650265013,0.07425469297898747,0.10036480562925248
4380_KIF18B_P1P2_ENSG00000186185,KIF18B,-0.02612680634011616,0.07808504047035489,0.10421184681047105
2983_FAU_P1P2_ENSG00000149806,FAU,-0.026164663578979883,0.11037645996467994,0.13654112354365983
5248_MRPS18A_P1P2_ENSG00000096080,MRPS18A,-0.02628266588393466,0.05470995148830757,0.08099261737224223
8326_SPATA5_P1P2_ENSG00000145375,SPATA5,-0.02637331872582721,0.07341183527116966,0.09978515399699688
5302_MTBP_P1P2_ENSG00000172167,MTBP,-0.02637924202339538,0.10560109019485046,0.13198033221824584
4001_HYPK_P1P2_ENSG00000242028,HYPK,-0.026392379689431686,0.10111079253342863,0.1275031722228603
2105_DDX18_P1P2_ENSG00000088205,DDX18,-0.02643690513589861,0.15315128265971256,0.17958818779561117
7836_SF3B2_P1P2_ENSG00000087365,SF3B2,-0.026453304085517174,-0.11666122887499757,-0.09020792478948039
1386_CDC123_P1P2_ENSG00000151465,CDC123,-0.026476801396935756,0.0747762266339762,0.10125302803091196
1198_CASC3_P1P2_ENSG00000108349,CASC3,-0.02649450358266607,0.056164972712174646,0.08265947629484072
8406_SRF_P1P2_ENSG00000112658,SRF,-0.026634975409891584,0.10373905850405109,0.13037403391394267
2781_EXOC4_P1P2_ENSG00000131558,EXOC4,-0.026665579503693693,0.1095179480081265,0.1361835275118202
2573_EIF4H_P1P2_ENSG00000106682,EIF4H,-0.026826199217995894,-0.10095672176961715,-0.07413052255162125
4716_LUC7L3_P1P2_ENSG00000108848,LUC7L3,-0.026889016007458244,0.10475246513222944,0.13164148113968768
2112_DDX23_P1P2_ENSG00000174243,DDX23,-0.026957315713920613,-0.106385450446878,-0.07942813473295739
5665_NHLRC2_P1P2_ENSG00000196865,NHLRC2,-0.027148308421061668,0.06347056342113107,0.09061887184219274
9801_WDFY3_P1P2_ENSG00000163625,WDFY3,-0.02732709813042497,0.14052819083024626,0.16785528896067123
2612_EMC3_P1_ENSG00000125037,EMC3,-0.02735836452485091,0.0625395475757355,0.08989791210058641
6892_PSTK_P1_ENSG00000179988,PSTK,-0.0273900307745015,0.08727573228928456,0.11466576306378606
5410_MYSM1_P1P2_ENSG00000162601,MYSM1,-0.027566066432485145,0.04900274196525024,0.07656880839773539
4507_LAMTOR3_P1P2_ENSG00000109270,LAMTOR3,-0.027586229412008653,0.0890174734372194,0.11660370284922805
7442_RPL18A_P1P2_ENSG00000105640,RPL18A,-0.027635270204096576,0.06723582219410372,0.0948710923982003
8793_TCP1_P1P2_ENSG00000120438,TCP1,-0.027718536387753387,0.06071871127633205,0.08843724766408544
431_AQR_P1P2_ENSG00000021776,AQR,-0.027894883836245526,0.07212818687548077,0.1000230707117263
7540_RPSA_P1P2_ENSG00000168028,RPSA,-0.027929544381175495,0.10251225974848137,0.13044180412965686
302_ANAPC11_P1P2_ENSG00000141552,ANAPC11,-0.028045599340186023,0.08194257692004744,0.10998817626023347
1483_CENPJ_P1P2_ENSG00000151849,CENPJ,-0.02805625401091981,0.09563592501779723,0.12369217902871704
6740_PREB_P1P2_ENSG00000138073,PREB,-0.028176800897553055,-0.07270327453926514,-0.04452647364171209
204_AHCY_P1P2_ENSG00000101444,AHCY,-0.02822142689705727,0.03995541010835969,0.06817683700541696
106_ACTL6A_P1P2_ENSG00000136518,ACTL6A,-0.028242153981158286,0.07533236441773365,0.10357451839889194
6556_POLR3B_P1P2_ENSG00000013503,POLR3B,-0.02825168456750829,0.06161017954599454,0.08986186411350283
5657_NFYB_P1P2_ENSG00000120837,NFYB,-0.02835573843321887,0.08052215982493942,0.10887789825815829
5209_MRPL27_P1P2_ENSG00000108826,MRPL27,-0.028417429199478303,-0.11621879037147625,-0.08780136117199795
10702_ZNHIT6_P1P2_ENSG00000117174,ZNHIT6,-0.028437924118152033,0.09148507738144314,0.11992300149959517
8645_TACC3_P1_ENSG00000013810,TACC3,-0.02854322818724958,0.09226943763348808,0.12081266582073766
8267_SOD2_P1P2_ENSG00000112096,SOD2,-0.028559825752940374,0.08335475493686627,0.11191458068980664
9683_UTP18_P1P2_ENSG00000011260,UTP18,-0.028573760582366353,0.05265100582667495,0.0812247664090413
8633_SYS1_P1P2_ENSG00000204070,SYS1,-0.028713278448060778,0.0868753130849845,0.11558859153304528
9426_TUBGCP3_P1P2_ENSG00000126216,TUBGCP3,-0.029060713982795514,0.09670782910175486,0.12576854308455038
4107_IMP3_P1P2_ENSG00000177971,IMP3,-0.02906596939137779,0.13535899311872676,0.16442496251010455
1497_CEP152_P1P2_ENSG00000103995,CEP152,-0.029128553616241087,0.10162326320230358,0.13075181681854467
3717_HHEX_P1P2_ENSG00000152804,HHEX,-0.02916785152005484,-0.09772535526904741,-0.06855750374899257
5569_NDUFS5_P1_ENSG00000168653,NDUFS5,-0.029391730419278353,-0.11665381370454912,-0.08726208328527077
4903_MCM6_P1P2_ENSG00000076003,MCM6,-0.02943076988842125,0.09114974689551825,0.1205805167839395
6547_POLR2F_P1P2_ENSG00000100142,POLR2F,-0.029581929840700377,0.07948485986975906,0.10906678971045944
4994_METTL16_P1P2_ENSG00000127804,METTL16,-0.029690058709478384,0.09392137282818099,0.12361143153765937
751_BAG6_P1P2_ENSG00000204463,BAG6,-0.029709245735069167,0.07975262991379115,0.10946187564886031
7558_RRM2_P1P2_ENSG00000171848,RRM2,-0.029712526330936143,0.09051039442116547,0.12022292075210161
7655_SARNP_P1P2_ENSG00000205323,SARNP,-0.029923484009820436,0.08361181417912684,0.11353529818894728
4897_MCM10_P1P2_ENSG00000065328,MCM10,-0.02998430536277004,0.06988303804476874,0.09986734340753878
8224_SNRPA_P1P2_ENSG00000077312,SNRPA,-0.02999533409468129,0.057164372907276204,0.08715970700195749
3636_HAUS3_P1P2_ENSG00000214367,HAUS3,-0.030025498454168784,0.11391843971632172,0.1439439381704905
7576_RSL1D1_P1_ENSG00000171490,RSL1D1,-0.030168250802001917,0.11028335838013831,0.14045160918214022
7449_RPL23A_P1P2_ENSG00000198242,RPL23A,-0.030434727912345055,0.09061585462312158,0.12105058253546663
7526_RPS4X_P1P2_ENSG00000198034,RPS4X,-0.0304952052559814,0.10383545571990796,0.13433066097588936
10272_ZNF292_P1P2_ENSG00000188994,ZNF292,-0.030583210473075384,0.0642532758575242,0.09483648633059959
8818_TERF1_P1P2_ENSG00000147601,TERF1,-0.03062099698265583,0.05116467610535508,0.08178567308801091
7887_SH3KBP1_P1P2_ENSG00000147010,SH3KBP1,-0.030624357374695405,0.08540546152021415,0.11602981889490956
1773_COPE_P1P2_ENSG00000105669,COPE,-0.030847167294132838,0.0915155619710603,0.12236272926519313
1489_CENPP_P1P2_ENSG00000188312,CENPP,-0.031060782558092012,0.08425528619262576,0.11531606875071777
1365_CD3EAP_P1P2_ENSG00000117877,CD3EAP,-0.031109450258392984,0.08890295024915706,0.12001240050755005
5864_NUDT15_P1P2_ENSG00000136159,NUDT15,-0.03111523664034574,0.07085442537372642,0.10196966201407216
1245_CCDC115_P1P2_ENSG00000136710,CCDC115,-0.031158536270840254,0.08998721295051997,0.12114574922136022
4281_KAT8_P1_ENSG00000103510,KAT8,-0.031178517057365657,0.12307370349865179,0.15425222055601745
8206_SNAPC2_P1P2_ENSG00000104976,SNAPC2,-0.03132255401330701,0.050454467557805485,0.0817770215711125
6628_PPIH_P1P2_ENSG00000171960,PPIH,-0.0314635491916551,0.07428105802947685,0.10574460722113195
7795_SERF2_P1_ENSG00000140264,SERF2,-0.03157351958804111,0.040702694508159026,0.07227621409620014
4389_KIF23_P1P2_ENSG00000137807,KIF23,-0.03159169916320201,0.08575891797833395,0.11735061714153595
8904_TICRR_P1P2_ENSG00000140534,TICRR,-0.03166071330961151,0.09693110812307654,0.12859182143268805
6862_PSMC5_P1P2_ENSG00000087191,PSMC5,-0.03172550599523616,0.073200090959427,0.10492559695466316
9810_WDR24_P1P2_ENSG00000127580,WDR24,-0.031742014336717195,0.1068105868860291,0.1385526012227463
33_ABCF1_P1_ENSG00000204574,ABCF1,-0.03184063978178314,0.05089525824566969,0.08273589802745283
1390_CDC20_P1P2_ENSG00000117399,CDC20,-0.03186555380788897,0.05438286008067701,0.08624841388856598
5163_MPHOSPH10_P1P2_ENSG00000124383,MPHOSPH10,-0.031966947522426875,0.11405191278441612,0.146018860306843
1484_CENPK_P1P2_ENSG00000123219,CENPK,-0.03200133876001984,0.10654116902634342,0.13854250778636326
517_ARL6IP6_P1P2_ENSG00000177917,ARL6IP6,-0.03203346648929811,0.09539616783991792,0.12742963432921603
5934_OIP5_P1P2_ENSG00000104147,OIP5,-0.032055493331014775,0.043677001766457696,0.07573249509747247
5519_NDC80_P1P2_ENSG00000080986,NDC80,-0.032056516482158015,0.07664402567956552,0.10870054216172353
7430_RPIA_P1P2_ENSG00000153574,RPIA,-0.03209005273362357,0.07225589258878619,0.10434594532240976
7839_SF3B5_P1P2_ENSG00000169976,SF3B5,-0.03216148553279061,0.045713701916737876,0.07787518744952848
6515_POLD1_P1P2_ENSG00000062822,POLD1,-0.03216301414839656,0.06196693163542637,0.09412994578382293
896_BRF1_P1P2_ENSG00000185024,BRF1,-0.032222613620095986,0.07422420838936139,0.10644682200945738
7562_RRP15_P1P2_ENSG00000067533,RRP15,-0.03236006100512587,0.10090646339214815,0.13326652439727402
3517_GPS1_P1P2_ENSG00000169727,GPS1,-0.03241006385621126,0.07056029027921112,0.10297035413542238
1211_CAST_P2_ENSG00000153113,CAST,-0.03254256684389145,0.0751717023913122,0.10771426923520365
2456_EBNA1BP2_P1P2_ENSG00000117395,EBNA1BP2,-0.0325702802938027,0.1028879617179596,0.1354582420117623
4957_MED7_P1P2_ENSG00000155868,MED7,-0.03264632209172638,0.07037161538664319,0.10301793747836957
8744_TBRG4_P1P2_ENSG00000136270,TBRG4,-0.03265652647861206,0.06499891244167529,0.09765543892028734
4043_IFITM3_P1P2_ENSG00000142089,IFITM3,-0.032657646666328116,0.051903721426876506,0.08456136809320462
2791_EXOSC4_P1P2_ENSG00000178896,EXOSC4,-0.032800487934227074,0.10867920983944854,0.1414796977736756
5651_NFRKB_P1P2_ENSG00000170322,NFRKB,-0.03292225195008855,0.053975025705922816,0.08689727765601137
7077_RAE1_P1P2_ENSG00000101146,RAE1,-0.03300187165019672,0.14046392601967417,0.17346579766987089
9606_UQCC2_P1P2_ENSG00000137288,UQCC2,-0.03307571356001747,0.0870664597010259,0.12014217326104337
8223_SNRPA1_P1P2_ENSG00000131876,SNRPA1,-0.033166038188366415,0.05211628964644488,0.0852823278348113
3436_RACK1_P1P2_ENSG00000204628,RACK1,-0.03332929902668845,0.06892730496454158,0.10225660399123003
4349_PRORP_P1P2_ENSG00000100890,PRORP,-0.033424127044543867,-0.102558398586823,-0.06913427154227914
7546_RPUSD4_P1P2_ENSG00000165526,RPUSD4,-0.03343700268336096,0.09415701046694076,0.12759401315030172
4004_IARS_P1P2_ENSG00000196305,IARS,-0.033506675651916284,0.05826428985736619,0.09177096550928247
2613_EMC3_P2_ENSG00000125037,EMC3,-0.03352008230213932,0.09166304147222654,0.12518312377436586
2077_DCTN5_P1P2_ENSG00000166847,DCTN5,-0.03384546607549263,0.07188760578977157,0.1057330718652642
4152_INTS7_P1P2_ENSG00000143493,INTS7,-0.03390912500160011,0.12350955073954901,0.15741867574114912
309_ANAPC5_P1P2_ENSG00000089053,ANAPC5,-0.03393525976847103,0.11202015608110791,0.14595541584957894
7833_SF3A2_P1_ENSG00000104897,SF3A2,-0.034096146300034644,0.0791017427298379,0.11319788902987254
8658_TAF1C_P1P2_ENSG00000103168,TAF1C,-0.03443194372088915,0.08710023992197093,0.12153218364286007
9829_WDR55_P1P2_ENSG00000120314,WDR55,-0.03444710982158318,0.07101920693928519,0.10546631676086837
2108_DDX19B_P2_ENSG00000157349,DDX19B,-0.03446031426321018,-0.11242634264018846,-0.07796602837697827
9806_WDR18_P1P2_ENSG00000065268,WDR18,-0.03447069502663726,0.07652538295236545,0.11099607797900271
6803_PRPF8_P1P2_ENSG00000174231,PRPF8,-0.0344790771221698,0.0459814719607676,0.0804605490829374
9743_VPS18_P1P2_ENSG00000104142,VPS18,-0.03448075179631785,0.06484154604656614,0.09932229784288399
8396_SRBD1_P1P2_ENSG00000068784,SRBD1,-0.03451228793524867,0.07990258113845897,0.11441486907370764
1396_CDC27_P1P2_ENSG00000004897,CDC27,-0.03457040638772285,0.09146200796225498,0.12603241434997783
785_BCAR1_P1_ENSG00000050820,BCAR1,-0.034596937968528,0.08705492499144275,0.12165186295997076
874_BOP1_P1_ENSG00000261236,BOP1,-0.03461280332165438,0.10551293205727737,0.14012573537893175
8564_STXBP4_P1P2_ENSG00000166263,STXBP4,-0.034670398746155864,0.07832562155606608,0.11299602030222194
9617_URB1_P1P2_ENSG00000142207,URB1,-0.03471812807161884,0.1066664030161657,0.14138453108778454
454_ARGFX_P1P2_ENSG00000186103,ARGFX,-0.03472958560815647,-0.08589898230904694,-0.05116939670089047
4280_KAT8_P2_ENSG00000103510,KAT8,-0.034835325362828906,0.062367350839729135,0.09720267620255804
1481_CENPH_P1P2_ENSG00000153044,CENPH,-0.03484758821723431,0.06799876084262907,0.10284634905986338
3626_HAMP_P1P2_ENSG00000105697,HAMP,-0.0348586507646296,0.0632365735980385,0.0980952243626681
140_ADAT3_P2_ENSG00000213638,ADAT3,-0.03493081904574766,0.09026239816499781,0.12519321721074547
1398_CDC37_P1P2_ENSG00000105401,CDC37,-0.034959642228908,0.04954981676290085,0.08450945899180885
6686_PPP2R3C_P1P2_ENSG00000092020,PPP2R3C,-0.03502909211790922,0.07952852698463263,0.11455761910254185
2313_DNM2_P1P2_ENSG00000079805,DNM2,-0.035135955614811934,0.08976311002135838,0.12489906563617031
7185_RBM8A_P1P2_ENSG00000265241,RBM8A,-0.03521094151053454,0.09354814258220469,0.12875908409273923
8431_SRSF1_P1P2_ENSG00000136450,SRSF1,-0.035325762518147605,0.10610202615413748,0.1414277886722851
10746_AC118549.1_P1P2_ENSG00000036549,AC118549.1,-0.03536660532754837,0.14388561522846588,0.17925222055601425
4147_INTS2_P1P2_ENSG00000108506,INTS2,-0.03546565647891048,0.12865650293971254,0.16412215941862301
1606_CHTOP_P1P2_ENSG00000160679,CHTOP,-0.035603983693734687,0.0717772021408474,0.10738118583458209
7942_MTREX_P1P2_ENSG00000039123,MTREX,-0.03561087298498297,0.09179569063250106,0.12740656361748404
2795_EXOSC8_P1P2_ENSG00000120699,EXOSC8,-0.03583951091418382,0.08427670779615759,0.12011621871034141
9798_BUD23_P1P2_ENSG00000071462,BUD23,-0.03587974975895926,0.07083959503282602,0.10671934479178528
1482_CENPI_P1P2_ENSG00000102384,CENPI,-0.03605819665650624,0.0976610904585009,0.13371928711500713
2207_DHX30_P1_ENSG00000132153,DHX30,-0.036110729034809955,-0.13753822932319468,-0.10142750028838472
2654_ENY2_P1P2_ENSG00000120533,ENY2,-0.03623518131487273,0.08000227398561778,0.11623745530049051
8165_SMG1_P1P2_ENSG00000157106,SMG1,-0.036311418687545255,0.08774124021197924,0.12405265889952449
8887_THOC1_P1P2_ENSG00000079134,THOC1,-0.03632623676819073,0.06544876611564256,0.10177500288383329
4902_MCM5_P1P2_ENSG00000100297,MCM5,-0.03632931698025488,0.1167477391969319,0.15307705617718678
8927_TIMM9_P1P2_ENSG00000100575,TIMM9,-0.0363509005711494,0.07182334097919897,0.10817424155034837
2789_EXOSC2_P1P2_ENSG00000130713,EXOSC2,-0.03647930376913788,0.09517371272641659,0.13165301649555447
9747_VPS28_P1P2_ENSG00000160948,VPS28,-0.03668973543575055,0.07521042605922967,0.11190016149498022
8693_TARS2_P1P2_ENSG00000143374,TARS2,-0.036758659008378505,0.0700601782277438,0.1068188372361223
4150_INTS5_P1P2_ENSG00000185085,INTS5,-0.03690590613504326,0.10988293917583432,0.14678884531087757
1741_COG2_P1P2_ENSG00000135775,COG2,-0.03714113188639677,0.09494301853463984,0.1320841504210366
6555_POLR3A_P1P2_ENSG00000148606,POLR3A,-0.037141365230330695,0.054990080149757994,0.09213144538008869
1740_COG1_P1P2_ENSG00000166685,COG1,-0.03721447196236016,0.1575888502201566,0.19480332218251675
6653_PPP1R11_P1P2_ENSG00000204619,PPP1R11,-0.037323972648578785,0.08621536291492123,0.12353933556350001
9936_YJEFN3_P1_ENSG00000250067,YJEFN3,-0.037349015968044866,0.11039293812124022,0.1477419540892851
3875_HNRNPR_P1P2_ENSG00000125944,HNRNPR,-0.037428670205943274,0.05411591394447551,0.09154458415041879
7714_SDC1_P1P2_ENSG00000115884,SDC1,-0.03759051225767916,0.10075156872051398,0.13834208097819314
7713_SDAD1_P1P2_ENSG00000198301,SDAD1,-0.03759733781463813,0.08286782541064387,0.120465163225282
10553_ZNF687_P1P2_ENSG00000143373,ZNF687,-0.03766051929428661,0.07449774578818895,0.11215826508247556
681_ATP6V1C1_P1P2_ENSG00000155097,ATP6V1C1,-0.037741168646321765,0.08745204856442598,0.12519321721074775
6947_PUF60_P1P2_ENSG00000179950,PUF60,-0.037819912888519575,0.05905112183289979,0.09687103472141936
2124_DDX47_P1P2_ENSG00000213782,DDX47,-0.03800299022599282,0.1354282013762693,0.1734311916022621
4910_MCRS1_P1P2_ENSG00000187778,MCRS1,-0.038011339893638404,0.04915846054470217,0.08716980043834058
2790_EXOSC3_P1P2_ENSG00000107371,EXOSC3,-0.03803102974154689,0.08440523741729279,0.12243626715883968
2730_ESF1_P2_ENSG00000089048,ESF1,-0.03806629134287336,0.10345810593478226,0.14152439727765562
2067_DCLRE1B_P1P2_ENSG00000118655,DCLRE1B,-0.03807400484607601,0.0830400221466528,0.12111402699272882
8710_TBC1D1_ENST00000261439.4_ENSG00000065882,TBC1D1,-0.03818625937462551,0.0571404795802678,0.09532673895489331
7583_RTCB_P1P2_ENSG00000100220,RTCB,-0.038216546944877985,0.06829948719977087,0.10651603414464886
759_BANP_P1P2_ENSG00000172530,BANP,-0.03826874728898917,0.0882034525033691,0.12647219979235827
4707_LTBP4_P2_ENSG00000090006,LTBP4,-0.03834954855408812,0.059751443486515496,0.09810099204060362
9685_UTP23_P1P2_ENSG00000147679,UTP23,-0.038406289296566795,0.05775099528065854,0.09615728457722533
3827_HMGB1_P1_ENSG00000189403,HMGB1,-0.038568400712663306,0.07610601386802228,0.11467441458068559
8414_SRP19_P1P2_ENSG00000153037,SRP19,-0.03864658526018071,0.05977451290569262,0.09842109816587333
8372_SPRTN_P1P2_ENSG00000010072,SPRTN,-0.03865947840549962,0.06562590629861687,0.10428538470411648
6525_POLG2_P1P2_ENSG00000256525,POLG2,-0.0388034168992767,0.06845520577922604,0.10725862267850274
683_ATP6V1E1_P1P2_ENSG00000131100,ATP6V1E1,-0.03895733824008436,0.0950460070131139,0.13400334525319826
6081_PARS2_P1P2_ENSG00000162396,PARS2,-0.03901680254489455,-0.09731504917080407,-0.05829824662590952
4654_LRR1_P1P2_ENSG00000165501,LRR1,-0.039041513925224605,0.07167338975455213,0.11071490367977674
4226_ITGB1BP1_P1P2_ENSG00000119185,ITGB1BP1,-0.0391063573435797,0.04884784729362733,0.08795420463720703
8738_TBL3_P1P2_ENSG00000183751,TBL3,-0.039151110013313645,0.10126733502071084,0.14041844503402448
7478_RPL7L1_P1P2_ENSG00000146223,RPL7L1,-0.03923187461171637,0.061131489098051994,0.10036336370976837
9398_TTI1_P1P2_ENSG00000101407,TTI1,-0.039419020052310044,0.07776289250969005,0.1171819125620001
9998_ZBTB44_P1P2_ENSG00000196323,ZBTB44,-0.03944716658368175,-0.10002652983204163,-0.060579363248359885
1550_CHCHD3_P1P2_ENSG00000106554,CHCHD3,-0.03945910437989565,0.06524443697435132,0.10470354135424698
4952_MED29_P1P2_ENSG00000063322,MED29,-0.03947981952688931,0.07834951488307408,0.11782933440996339
139_ADAT2_P1P2_ENSG00000189007,ADAT2,-0.039731620091196296,-0.10399941337762095,-0.06426779328642465
325_ANKRD11_P1P2_ENSG00000167522,ANKRD11,-0.03979205487560758,0.11066647552005474,0.15045853039566232
266_ALG14_P1P2_ENSG00000172339,ALG14,-0.039793022846127415,0.05441334467030659,0.094206367516434
682_ATP6V1D_P1P2_ENSG00000100554,ATP6V1D,-0.03994684971647165,0.08667098394369017,0.12661783366016183
6857_PSMC1_P1P2_ENSG00000100764,PSMC1,-0.03996208810512265,0.057174259801209576,0.09713634790633223
6512_POLA1_P1P2_ENSG00000101868,POLA1,-0.040033301797455026,0.04878028685175047,0.0888135886492055
2111_DDX21_P1P2_ENSG00000165732,DDX21,-0.040066099867798716,0.06062890532310458,0.1006950051909033
10676_ZNF84_P1P2_ENSG00000198040,ZNF84,-0.04009032745294444,0.09965906694087237,0.1397493943938168
7501_RPS13_P1P2_ENSG00000110700,RPS13,-0.04009147552558742,0.1017674470721742,0.14185892259776162
7463_RPL35_P1P2_ENSG00000136942,RPL35,-0.04022897501195366,0.1036443091038606,0.14387328411581427
1816_COX5B_P1P2_ENSG00000135940,COX5B,-0.04024976963198186,0.07772664056526883,0.11797641019725069
9429_TUBGCP6_P1P2_ENSG00000128159,TUBGCP6,-0.0402593534981491,0.04657303778111793,0.08683239127926703
2189_DHODH_P1_ENSG00000102967,DHODH,-0.04029966677878695,0.08961151098104388,0.12991117775983083
6819_PRRC2A_P1P2_ENSG00000204469,PRRC2A,-0.040321882713463195,-0.08740920535736751,-0.04708732264390432
1677_CLSPN_P1P2_ENSG00000092853,CLSPN,-0.0403747101551252,0.07604010124180144,0.11641481139692664
2078_DCTN6_P1P2_ENSG00000104671,DCTN6,-0.040519104426090705,0.09803349679665187,0.13855260122274257
2132_DDX56_P1P2_ENSG00000136271,DDX56,-0.04066642783242001,0.05465886920298679,0.0953252970354068
7928_SIRT7_P1P2_ENSG00000187531,SIRT7,-0.040691586474283364,0.06251235861742094,0.1032039450917043
6394_PKMYT1_P1P2_ENSG00000127564,PKMYT1,-0.04081411558677696,0.06925769200348443,0.11007180759026139
3946_HSCB_P1P2_ENSG00000100209,HSCB,-0.04090759889277884,0.0906834150649985,0.13159101395777734
8661_TAF1_P1P2_ENSG00000147133,TAF1,-0.041130223178732855,0.08245092804977992,0.12358115122851278
10040_ZCCHC9_P1P2_ENSG00000131732,ZCCHC9,-0.04115721065076547,0.08985703551372465,0.13101424616449012
2233_DIS3_P1P2_ENSG00000083520,DIS3,-0.04122204857575926,0.12943344802131151,0.17065549659707077
3828_HMGB1_P2_ENSG00000189403,HMGB1,-0.0413852610763889,0.053469970207492584,0.09485523128388149
8418_SRP9_P1P2_ENSG00000143742,SRP9,-0.041409194738661906,0.05784244904954623,0.09925164378820814
5730_NOC3L_P1P2_ENSG00000173145,NOC3L,-0.04154125763086368,0.09504023965832288,0.13658149728918656
9212_TPRKB_P1P2_ENSG00000144034,TPRKB,-0.0416179135247602,0.10657247752380099,0.1481903910485612
680_ATP6V1B2_P1P2_ENSG00000147416,ATP6V1B2,-0.04168080471208681,0.10037421893539071,0.14205502364747752
6276_PHB_P1P2_ENSG00000167085,PHB,-0.041770593577005466,0.05586177463154987,0.09763236820855534
9364_TSR1_P1_ENSG00000167721,TSR1,-0.04177680631153782,0.1410110008173237,0.18278780712886153
1893_CSE1L_P1P2_ENSG00000124207,CSE1L,-0.041865438455082324,0.06850052070975358,0.11036595916483591
5891_NUP205_P1P2_ENSG00000155561,NUP205,-0.04210402073985814,0.12817369295263256,0.1702777136924907
7455_RPL27_P1P2_ENSG00000131469,RPL27,-0.042250082823020924,0.06963998523557711,0.11189006805859804
7492_RPP38_P1P2_ENSG00000152464,RPP38,-0.04242721582091451,0.0950699003401186,0.1374971161610331
8666_TAF5_P1P2_ENSG00000148835,TAF5,-0.04243222864759562,0.08159735954019592,0.12402958818779154
4898_MCM2_P1P2_ENSG00000073111,MCM2,-0.042637316802919836,0.07655751535764688,0.11919483216056671
8428_SRSF10_P1P2_ENSG00000188529,SRSF10,-0.042675152695655555,0.06802677370877147,0.11070192640442703
1347_CCT3_P1P2_ENSG00000163468,CCT3,-0.042745499578772495,0.09563262938650469,0.13837812896527718
3545_GRWD1_P1P2_ENSG00000105447,GRWD1,-0.04278508973275477,0.05958830973661566,0.10237339946937044
9848_WDR83OS_P1P2_ENSG00000105583,WDR83OS,-0.042793563808658494,-0.14946099949905556,-0.10666743569039706
5531_NDUFA11_P1P2_ENSG00000174886,NDUFA11,-0.04289982501364259,0.055906265654250525,0.09880609066789312
3447_GNL3_P1P2_ENSG00000163938,GNL3,-0.04301897974409659,0.07595523873553855,0.11897421847963514
7536_RPS6_P1P2_ENSG00000137154,RPS6,-0.043047530578619736,0.08920532442195417,0.1322528550005739
6654_PPP1R12A_P1P2_ENSG00000058272,PPP1R12A,-0.043084550147768505,0.09184018165520301,0.13492473180297151
9748_VPS29_P1P2_ENSG00000111237,VPS29,-0.04314309232969964,0.06316818924833575,0.10631128157803539
2443_E2F6_P1P2_ENSG00000169016,E2F6,-0.043188328376449675,0.043332608294444644,0.08652093667089432
3959_HSF1_P1P2_ENSG00000185122,HSF1,-0.04326336871149168,0.059118682274776915,0.1023820509862686
9690_UXS1_P1P2_ENSG00000115652,UXS1,-0.043370924218734355,0.07067481346726832,0.11404573768600268
2186_DHDDS_P1P2_ENSG00000117682,DHDDS,-0.04342432357730454,0.10094930659918312,0.14437363017648766
5990_OSTC_P1P2_ENSG00000198856,OSTC,-0.04355753330664382,0.07405695510032106,0.11761448840696488
7050_RABGGTA_P1P2_ENSG00000100949,RABGGTA,-0.04360950237871335,0.10453907300483585,0.1481485753835492
8873_THAP1_P1P2_ENSG00000131931,THAP1,-0.04372367245256158,0.07238689393340485,0.11611056638596642
8124_PRELID3B_P1P2_ENSG00000101166,PRELID3B,-0.04376181133503616,0.07661683672125193,0.12037864805628809
5016_MFAP1_P1P2_ENSG00000140259,MFAP1,-0.044187142341503005,0.09804667932189162,0.14223382166339463
7516_RPS27A_P1P2_ENSG00000143947,RPS27A,-0.044202306332280464,0.0929574006696791,0.13715970700195956
7493_RPP40_P1P2_ENSG00000124787,RPP40,-0.04429372181878691,0.1436532732210242,0.1879469950398111
9971_ZBTB14_P1P2_ENSG00000198081,ZBTB14,-0.044296508203008525,0.050002142160351815,0.09429865036336034
5733_NOL11_P1P2_ENSG00000130935,NOL11,-0.04443144639953116,0.11645937145720191,0.16089081785673306
7775_SENP6_P1P2_ENSG00000112701,SENP6,-0.04444237777173496,0.08729715389281487,0.13173953166454982
6352_PIK3C3_P1P2_ENSG00000078142,PIK3C3,-0.044493001010488586,0.11214127053179634,0.15663427154228493
7322_RMI1_P1P2_ENSG00000178966,RMI1,-0.0445344518142501,0.0872468955153141,0.1317813473295642
5079_MIOS_P1P2_ENSG00000164654,MIOS,-0.04479068332805734,0.08324599910359294,0.12803668243165028
9672_USP5_P1_ENSG00000111667,USP5,-0.04486978062744122,0.09055818107517187,0.1354279617026131
5441_NACA_P1P2_ENSG00000196531,NACA,-0.04493414146713276,0.0885313678188252,0.13346550928595796
1717_CNOT2_P1P2_ENSG00000111596,CNOT2,-0.04495523772733506,0.07902676711751368,0.12398200484484874
5556_NDUFB4_P1P2_ENSG00000065518,NDUFB4,-0.04504036269798262,-0.1296089403886069,-0.08456857769062429
10663_ZNF830_P1P2_ENSG00000198783,ZNF830,-0.045296780016367985,0.05720639220649314,0.10250317222286112
4271_KANSL2_P1P2_ENSG00000139620,KANSL2,-0.045350922365119686,0.11544761264468721,0.1607985350098069
1895_CSH2_P2_ENSG00000213218,CSH2,-0.045404842147568444,0.08148118853647716,0.1268860306840456
4899_MCM3AP_P1P2_ENSG00000160294,MCM3AP,-0.04543461279144993,0.0981200071185707,0.14355461991002064
8894_THRAP3_P1P2_ENSG00000054118,THRAP3,-0.04550150152366925,-0.14923030530727022,-0.10372880378360097
2731_ESF1_P1_ENSG00000089048,ESF1,-0.04561733011476321,0.08718922196736453,0.13280655208212774
7474_RPL4_P1P2_ENSG00000174444,RPL4,-0.04603101053800951,0.07715072899365161,0.12318173953166112
8158_SMC4_P1_ENSG00000113810,SMC4,-0.04612064769894757,0.08140126947719416,0.12752191717614172
4470_KRI1_P1P2_ENSG00000129347,KRI1,-0.04613751438189159,0.08096624614411757,0.12710376052600916
7198_RCC1_P1_ENSG00000180198,RCC1,-0.04624349559695859,0.08280685623139214,0.12905035182835073
9424_TUBG1_P1P2_ENSG00000131462,TUBG1,-0.04625496803589092,0.09638980068022483,0.14264476871611576
7645_SAMM50_P1P2_ENSG00000100347,SAMM50,-0.04639162473933889,0.06484236995439245,0.11123399469373134
8817_TEN1_P1P2_ENSG00000257949,TEN1,-0.046460235019795404,0.0651299137862885,0.11159014880608391
7502_RPS14_P1P2_ENSG00000164587,RPS14,-0.04654369666416122,0.10621902106567974,0.15276271772984096
8167_SMG6_P1P2_ENSG00000070366,SMG6,-0.04690010468724955,0.07398609902713216,0.1208862037143817
5950_OR1E2_ENST00000248384.1_ENSG00000127780,OR1E2,-0.047001043632039205,0.07039138917451111,0.11739243280655032
5889_NUP160_P1P2_ENSG00000030066,NUP160,-0.047235397213898175,0.06194386221625049,0.10917925943014867
6747_PRIM1_P1P2_ENSG00000198056,PRIM1,-0.04728947233085823,0.07854395713043602,0.12583342946129425
16_AATF_P1P2_ENSG00000275700,AATF,-0.04730596023862613,0.13752504679797609,0.1848310070366022
8166_SMG5_P1P2_ENSG00000198952,SMG5,-0.047307564810729535,0.07057512062010911,0.11788268543083864
876_BORA_P1P2_ENSG00000136122,BORA,-0.04742952056169261,0.07444007224024143,0.12186959280193405
4907_MCMBP_P1P2_ENSG00000197771,MCMBP,-0.04743514871986858,0.10871463787604586,0.15614978659591444
7488_RPP21_P1P2_ENSG00000241370,RPP21,-0.047438958084188035,0.05905688918769676,0.1064958472718848
9839_WDR74_P1_ENSG00000133316,WDR74,-0.04756595194264407,0.08666521658889931,0.13423116853154338
5869_NUDT21_P1P2_ENSG00000167005,NUDT21,-0.047612250468388184,0.08579269819927327,0.13340494866766145
1409_CDC6_P1P2_ENSG00000094804,CDC6,-0.04761628123951278,0.0989101347254201,0.14652641596493288
5232_MRPL49_P1P2_ENSG00000149792,MRPL49,-0.047715870815454225,0.06755549843128202,0.11527136924673624
4273_KARS_P1P2_ENSG00000065427,KARS,-0.04784004964442315,0.0559507566769485,0.10379080632137165
7438_RPL14_P1P2_ENSG00000188846,RPL14,-0.04797098987786422,0.09884669382267627,0.1468176837005405
4662_LRRC37B_P1P2_ENSG00000185158,LRRC37B,-0.04798540236282571,0.07299164227899588,0.12097704464182159
2122_DDX46_P1_ENSG00000145833,DDX46,-0.047998214020246247,0.08106511508345203,0.12906332910369828
9975_ZBTB17_P1P2_ENSG00000116809,ZBTB17,-0.04800819715239377,0.08644935273801968,0.13445754989041345
4945_MED22_P1P2_ENSG00000148297,MED22,-0.04801371875095237,0.09308675419863585,0.14110047294958822
6769_PRKRA_P1P2_ENSG00000180228,PRKRA,-0.04819703412737143,0.05606527986501007,0.1042623139923815
655_ATP5F1C_P1P2_ENSG00000165629,ATP5F1C,-0.04819734283857166,-0.1332778019457367,-0.08508045910716505
3740_HIRA_P2_ENSG00000100084,HIRA,-0.04831931172416021,0.12817451686045797,0.17649382858461818
7481_RPL9_P1P2_ENSG00000163682,RPL9,-0.04849732941791651,0.04807090221202763,0.09656823162994414
9652_USP36_P1P2_ENSG00000055483,USP36,-0.048643307047926396,0.05788282053310394,0.10652612758103033
2820_FAF2_P1P2_ENSG00000113194,FAF2,-0.048781063562347876,-0.15256466028631374,-0.10378359672396587
5881_NUMA1_ENST00000393695.3_ENSG00000137497,NUMA1,-0.04884921669705437,0.041769655145138404,0.09061887184219278
4943_MED20_P1P2_ENSG00000124641,MED20,-0.049162123983520864,0.05666755648712121,0.10582968047064208
1628_CKAP5_P1_ENSG00000175216,CKAP5,-0.04920131325580564,0.10905655962457665,0.1582578728803823
6704_PPRC1_P1P2_ENSG00000148840,PPRC1,-0.049415073551875244,0.04556127896859982,0.09497635252047507
7729_SDR39U1_P1P2_ENSG00000100445,SDR39U1,-0.0494240915837187,0.0888675222125642,0.1382916137962829
5902_NUP88_P1P2_ENSG00000108559,NUP88,-0.04943693872934034,0.10125085686415373,0.15068779559349407
1389_CDC16_P1P2_ENSG00000130177,CDC16,-0.04955365690137632,0.06310639616125387,0.11266005306263019
4061_IGBP1_P1P2_ENSG00000089289,IGBP1,-0.04957744574064031,0.06857055287511347,0.11814799861575379
2209_DHX33_P1P2_ENSG00000005100,DHX33,-0.04990728218978921,0.07679562471988355,0.12670290690967276
2338_DPAGT1_P1P2_ENSG00000172269,DPAGT1,-0.0500026043242634,0.05751123810277167,0.10751384242703507
6098_PAXBP1_P1P2_ENSG00000159086,PAXBP1,-0.05003002491577423,0.06529469535184056,0.11532472026761478
10152_ZNF100_P1P2_ENSG00000197020,ZNF100,-0.05014354954922021,0.051034498668564174,0.10117804821778438
9725_VHL_P1P2_ENSG00000134086,VHL,-0.050216829996612714,0.061145495531126956,0.11136232552773967
7482_RPLP0_P1P2_ENSG00000089157,RPLP0,-0.05031918328007462,0.06441146616046003,0.11473064944053465
9766_VPS72_P1P2_ENSG00000163159,VPS72,-0.05045481698443441,0.07342913733555433,0.12388395431998873
5928_OGFOD1_P1P2_ENSG00000087263,OGFOD1,-0.050491972689876985,0.09319962957104846,0.14369160226092545
6849_PSMB1_P1P2_ENSG00000008018,PSMB1,-0.050599587046330566,0.061688450789635224,0.11228803783596579
8057_SLC35G2_P1P2_ENSG00000168917,SLC35G2,-0.05061983311044303,0.059068423897284436,0.10968825700772747
1929_CTDP1_P1P2_ENSG00000060069,CTDP1,-0.05069737679851641,0.05703419547048365,0.10773157226900006
6716_PRC1_P1P2_ENSG00000198901,PRC1,-0.05080384908888852,0.05293360621160462,0.10373745530049314
5218_MRPL36_P1P2_ENSG00000171421,MRPL36,-0.050849405993033434,-0.12661650715810496,-0.07576710116507153
4900_MCM3_P1P2_ENSG00000112118,MCM3,-0.05098990490685999,0.11261748925625463,0.16360739416311462
2614_EMC4_P1P2_ENSG00000128463,EMC4,-0.05101094509304778,0.11314149463472332,0.1641524397277711
1016_C19orf25_P1P2_ENSG00000119559,C19orf25,-0.051284397373415974,0.07826053283767717,0.12954493021109315
6360_PIK3R4_P1P2_ENSG00000196455,PIK3R4,-0.05132330144758987,0.0961475717788528,0.14747087322644267
758_BANF1_P1P2_ENSG00000175334,BANF1,-0.05134763028908773,0.06713200980780322,0.11847964009689095
6492_PNN_P1P2_ENSG00000100941,PNN,-0.05138313169710783,0.10884728703631698,0.1602304187334248
7660_SASS6_P1P2_ENSG00000156876,SASS6,-0.05153589831241298,0.10379920377548832,0.1553351020879013
2549_EIF3E_P1P2_ENSG00000104408,EIF3E,-0.0516869995295476,0.0653507210841314,0.117037720613679
2796_EXOSC9_P1P2_ENSG00000123737,EXOSC9,-0.05169340422727314,0.06936727174457495,0.1210606759718481
3479_GOSR2_P1P2_ENSG00000108433,GOSR2,-0.05180878553781665,0.05148023280339668,0.10328901834121333
6896_PTBP1_P1P2_ENSG00000011304,PTBP1,-0.05187055330605968,0.05831949168182626,0.11019004498788594
9814_WDR33_P1P2_ENSG00000136709,WDR33,-0.05190446913107037,0.06805890611405506,0.11996337524512543
6860_PSMC3_P1P2_ENSG00000165916,PSMC3,-0.05201363839138261,0.04591720715020073,0.09793084554158334
1874_CRKL_P1P2_ENSG00000099942,CRKL,-0.05202025402243053,0.0794337775844396,0.13145403160687014
7509_RPS19_P1P2_ENSG00000105372,RPS19,-0.05223775983446112,0.12322942207811093,0.17546718191257205
2475_EDC4_P1P2_ENSG00000038358,EDC4,-0.052304407543470724,0.07745969442906854,0.12976410197253926
541_ARPC4_P1P2_ENSG00000241553,ARPC4,-0.05234406646888376,0.10881927417017434,0.1611633406390581
6962_PWP1_P1P2_ENSG00000136045,PWP1,-0.052443387117677764,0.09840013578001347,0.15084352289769123
1718_CNOT3_P1P2_ENSG00000088038,CNOT3,-0.05255063340048674,0.08237842416093905,0.13492905756142579
5487_NCAPD2_P1P2_ENSG00000010292,NCAPD2,-0.05258597827646931,0.08821169158164156,0.14079766985811087
457_ARHGAP11B_P1P2_ENSG00000284906,ARHGAP11B,-0.052634233880295034,-0.17920160035855318,-0.12656736647825814
2973_FARSA_P1P2_ENSG00000179115,FARSA,-0.052891227506471905,0.09142905164913837,0.14432027915561027
1119_C7orf26_P1P2_ENSG00000146576,C7orf26,-0.052960105459561674,0.08914105961137966,0.14210116507094134
7407_RNPS1_P1P2_ENSG00000205937,RNPS1,-0.05310173566184641,0.05812504943447115,0.11122678509631756
3988_HSPH1_P1P2_ENSG00000120694,HSPH1,-0.05322260502156144,0.10510015423556167,0.1583227592571231
2792_EXOSC5_P1P2_ENSG00000077348,EXOSC5,-0.05330211276372478,0.11606142397639348,0.16936353674011825
9802_WDHD1_P1P2_ENSG00000198554,WDHD1,-0.05347040108400673,0.049808523820824166,0.1032789249048309
6731_PRDM8_P2_ENSG00000152784,PRDM8,-0.05369860922016444,0.05667744338105403,0.11037605260121847
4951_MED28_P1P2_ENSG00000118579,MED28,-0.05373636851007926,0.06883832291914956,0.12257469142922882
670_ATP6AP1_P1P2_ENSG00000071553,ATP6AP1,-0.05384116217260684,0.0715423884099268,0.12538355058253364
8898_THUMPD1_P1P2_ENSG00000066654,THUMPD1,-0.05393199142905257,0.11545173218382747,0.16938372361288004
8236_SNUPN_P1P2_ENSG00000169371,SNUPN,-0.0540843919285828,0.04136923594083494,0.09545362786941775
1458_CDT1_P1P2_ENSG00000167513,CDT1,-0.05408796844316632,0.08314383453295265,0.13723180297611898
7476_RPL6_P1P2_ENSG00000089009,RPL6,-0.05416712468680476,0.0620962851643887,0.11626340985119346
6708_PPWD1_P1P2_ENSG00000113593,PPWD1,-0.054270610209119954,0.0671880355400956,0.12145864574921555
1548_CHCHD1_P1P2_ENSG00000172586,CHCHD1,-0.054275881071308915,0.04729148540694392,0.10156736647825283
3576_GTF2H3_P1P2_ENSG00000111358,GTF2H3,-0.0544609595287414,0.06011973028553502,0.11458068981427642
2579_EIF5_P2_ENSG00000100664,EIF5,-0.05466695977067228,0.10077051860054419,0.15543747837121646
9506_UBE2I_P1P2_ENSG00000103275,UBE2I,-0.05474077389059273,0.04687705976957003,0.10161783366016276
6493_PNO1_P1P2_ENSG00000115946,PNO1,-0.05475324733619279,0.10406120646472618,0.15881445380091896
5305_MTCP1_P1P2_ENSG00000214827,MTCP1,-0.05476485707090466,0.03921224524769927,0.09397710231860393
7793_SERBP1_P1P2_ENSG00000142864,SERBP1,-0.054896379314588836,0.04837821983179065,0.10327459914637949
2987_FBLIM1_P1P2_ENSG00000162458,FBLIM1,-0.05491070474225991,-0.13711886023885858,-0.08220815549659867
5985_OSGEP_P1P2_ENSG00000092094,OSGEP,-0.05491397495969509,0.04257131746157104,0.09748529242126613
4881_MBNL1_P1P2_ENSG00000152601,MBNL1,-0.0549979290669375,0.09244987344777063,0.14744780251470813
4940_MED18_P1P2_ENSG00000130772,MED18,-0.05500850175555898,0.05688589206148628,0.11189439381704526
7503_RPS15A_P1P2_ENSG00000134419,RPS15A,-0.05501001643820011,0.11700809407051735,0.17201811050871746
9526_UBE3C_P1P2_ENSG00000009335,UBE3C,-0.055132842952058225,0.05920848822800591,0.11434133118006413
9682_UTP15_P1P2_ENSG00000164338,UTP15,-0.05531955557729297,0.097526793482573,0.15284634905986597
1587_CHMP5_P1P2_ENSG00000086065,CHMP5,-0.05532376439768445,0.1138220425004635,0.16914580689814795
5901_NUP85_P1P2_ENSG00000125450,NUP85,-0.055633575543253586,0.06243079174247507,0.11806436728572865
1187_CAPZB_P1P2_ENSG00000077549,CAPZB,-0.055638319594837754,0.08092587466055315,0.1365641942553909
7163_RBM19_P1P2_ENSG00000122965,RBM19,-0.055885580178965874,0.12269470589787239,0.17858028607683826
32_ABCE1_P1P2_ENSG00000164163,ABCE1,-0.05594207704699827,0.06854748345593735,0.12448956050293562
9151_TNPO3_P1P2_ENSG00000064419,TNPO3,-0.05595329430164998,0.09228179625089437,0.14823509055254436
3124_FNBP4_P1P2_ENSG00000109920,FNBP4,-0.05599002551731409,0.09712307864694868,0.15311310416426277
9765_VPS54_P1P2_ENSG00000143952,VPS54,-0.05603085391855764,0.10523774684278708,0.16126860076134472
7826_SETX_P1P2_ENSG00000107290,SETX,-0.056049302040704546,0.07052815787393013,0.12657745991463468
7437_RPL13_P1P2_ENSG00000167526,RPL13,-0.05608955379199414,0.07938022357563622,0.13546977736763036
2104_DDX17_P1P2_ENSG00000100201,DDX17,-0.05612352759182797,-0.1267573953966542,-0.07063386780482624
9613_UQCRFS1_P1P2_ENSG00000169021,UQCRFS1,-0.05627223494281894,0.10824501041420415,0.16451724535702308
7441_RPL17_P1P2_ENSG00000265681,RPL17,-0.05627546856958002,0.06301741411584916,0.11929288268542917
629_ATIC_P1P2_ENSG00000138363,ATIC,-0.05630191845339248,0.11597573756229636,0.17227765601568884
6979_PYROXD1_P1P2_ENSG00000121350,PYROXD1,-0.0563145516434006,0.1061580518864216,0.1624726035298222
2109_DDX1_P1P2_ENSG00000079785,DDX1,-0.056385258901858984,0.0519605710669946,0.10834582996885359
9400_TTK_P1P2_ENSG00000112742,TTK,-0.056540487356413024,0.0798218381713267,0.13636232552773972
761_BARD1_P1P2_ENSG00000138376,BARD1,-0.05659122597455915,0.08466641619869944,0.1412576421732586
5011_MEX3A_P1P2_ENSG00000254726,MEX3A,-0.05661820443673371,0.1102940691819077,0.16691227361864142
4484_KTI12_P1P2_ENSG00000198841,KTI12,-0.05673255364329803,0.07398609902713273,0.13071865267043076
7643_SAMD4B_P1P2_ENSG00000179134,SAMD4B,-0.05690151787402485,0.06759092646788069,0.12449244434190554
6874_PSMD6_P1P2_ENSG00000163636,PSMD6,-0.05692972576368817,0.06001427008358162,0.11694399584726979
686_ATP6V1G1_P1P2_ENSG00000136888,ATP6V1G1,-0.05701199823980252,0.1019379959925183,0.1589499942323208
8892_THOC7_P1P2_ENSG00000163634,THOC7,-0.05736517649478319,0.07456036278309859,0.13192553927788178
7458_RPL30_P1P2_ENSG00000156482,RPL30,-0.05773084610102151,0.07527469086978957,0.13300553697081108
6479_PMPCA_P1P2_ENSG00000165688,PMPCA,-0.0578253169559302,0.07020848163675016,0.12803379859268035
7444_RPL19_P1P2_ENSG00000108298,RPL19,-0.05788657684569355,0.08268903741200802,0.14057561425770157
5138_MOB4_P1P2_ENSG00000115540,MOB4,-0.05794662941442345,0.09935669276808042,0.15730332218250387
8816_TELO2_P1P2_ENSG00000100726,TELO2,-0.058022612306102325,0.05108310923040407,0.1091057215365064
1906_CSNK2B_P1P2_ENSG00000204435,CSNK2B,-0.058023672808248244,0.05162853621239766,0.1096522090206459
1032_C1QBP_P1P2_ENSG00000108561,C1QBP,-0.05807963142278884,0.06508047931662572,0.12316011073941456
435_ARCN1_P1P2_ENSG00000095139,ARCN1,-0.0581249467334847,0.061365478921144606,0.1194904256546293
8389_SPTSSA_P1P2_ENSG00000165389,SPTSSA,-0.05838984160625785,0.06492888027631045,0.1233187218825683
2732_ESPL1_P1P2_ENSG00000135476,ESPL1,-0.05839758692909425,0.05610812307205562,0.11450571000114987
3434_GNB1L_P1P2_ENSG00000185838,GNB1L,-0.05867146202653464,0.03980298716022036,0.098474449186755
3531_GRB2_P1_ENSG00000177885,GRB2,-0.05878116731639445,0.09340478262016198,0.15218594993655643
8056_SLC35G2_P1P2_ENSG00000168917,SLC35G2,-0.058912150489223075,-0.13131525349995254,-0.07240310301072947
8791_TCOF1_P1P2_ENSG00000070814,TCOF1,-0.058998663339229276,0.059819827836221445,0.11881849117545072
2616_EMC7_P1P2_ENSG00000134153,EMC7,-0.0591623253063291,0.07643722481479269,0.1355995501211218
7829_SF1_P1P2_ENSG00000168066,SF1,-0.059188743332508356,0.036915190223838046,0.0961039335563464
5272_MRTO4_P1P2_ENSG00000053372,MRTO4,-0.05945080884364465,0.07086266445200487,0.13031347329564952
4780_MAK16_P1P2_ENSG00000198042,MAK16,-0.05945653371526842,0.12156924780511492,0.18102578152038334
9780_INTS14_P1P2_ENSG00000138614,INTS14,-0.05948920636988281,0.05029710116270064,0.10978630753258345
1352_CCT8_P1P2_ENSG00000156261,CCT8,-0.05964323100092779,0.08608436157030742,0.14572759257123521
2446_E4F1_P1P2_ENSG00000167967,E4F1,-0.059697359207617484,0.05583788130454698,0.11553524051216446
4284_KATNB1_P1P2_ENSG00000140854,KATNB1,-0.05989751545392359,-0.15119697329219906,-0.09129945783827546
9904_XRCC2_P1P2_ENSG00000196584,XRCC2,-0.05995209793616248,0.08034090010282342,0.1402929980389859
5746_NOP14_P1P2_ENSG00000087269,NOP14,-0.060164310551443376,0.0627521157953042,0.12291642634674757
9312_TRMT5_P1P2_ENSG00000126814,TRMT5,-0.06042797822068385,0.08117716654802856,0.14160514476871242
5356_MVD_P1P2_ENSG00000167508,MVD,-0.06064452269603515,0.10781493052810245,0.1684594532241376
6980_PYURF_P1P2_ENSG00000145337,PYURF,-0.06112181923905552,0.07510496585726184,0.13622678509631736
9857_WEE1_P1P2_ENSG00000166483,WEE1,-0.06123010714895652,0.0887035645548277,0.14993367170378422
7754_SEC62_P1P2_ENSG00000008952,SEC62,-0.06125886503913423,0.06888446175749562,0.13014332679662985
6856_PSMB7_P1P2_ENSG00000136930,PSMB7,-0.06133738606873909,0.07326435576999393,0.13460174183873302
9188_TOX4_P1P2_ENSG00000092203,TOX4,-0.061499785001966845,0.059986257217435016,0.12148604221940186
4279_KAT7_P1P2_ENSG00000136504,KAT7,-0.061540436855586494,0.07230285533497288,0.13384329219055938
7734_SEC13_P1P2_ENSG00000157020,SEC13,-0.061540621272562865,0.06088843628886166,0.12242905756142453
4930_MED10_P1P2_ENSG00000133398,MED10,-0.06181888213714817,0.09344844973504077,0.15526733187218894
1348_CCT4_P1P2_ENSG00000115484,CCT4,-0.06191497107898303,0.0878499960452514,0.14976496712423443
9691_UXT_P1P2_ENSG00000126756,UXT,-0.06195042279972049,-0.14705683645758533,-0.08510641365786484
6517_POLD3_P1P2_ENSG00000077514,POLD3,-0.06222313085439665,0.0988969522001705,0.16112008305456715
4255_JMJD6_P1P2_ENSG00000070495,JMJD6,-0.062418889510486186,0.06337416620527905,0.12579305571576524
7439_RPL15_P1P2_ENSG00000174748,RPL15,-0.06251478825687465,0.0874693506288099,0.14998413888568454
7051_RABGGTB_P1P2_ENSG00000137955,RABGGTB,-0.06258036660594571,0.07040786733106993,0.13298823393701564
1192_CARF_P1P2_ENSG00000138380,CARF,-0.06265202140117797,0.047827849402831635,0.1104798708040096
10020_ZC3H13_P1P2_ENSG00000123200,ZC3H13,-0.06268693007835899,0.06425821930449516,0.12694514938285414
3577_GTF2H4_P1P2_ENSG00000213780,GTF2H4,-0.06277452129815674,0.08346351077012752,0.14623803206828426
1788_COPZ1_P1_ENSG00000111481,COPZ1,-0.06286433481663377,0.054096964064435316,0.11696129888106908
1351_CCT7_P1P2_ENSG00000135624,CCT7,-0.06321373968971074,0.0696663502860627,0.13288008997577344
1878_CRNKL1_P1P2_ENSG00000101343,CRNKL1,-0.0633878615131124,0.052382411874820956,0.11577027338793336
7593_RTTN_P1P2_ENSG00000176225,RTTN,-0.06391556051531774,0.06631139761133548,0.13022695812665322
2291_DNAJC17_P1P2_ENSG00000104129,DNAJC17,-0.06440373535983343,-0.15827269371720046,-0.09386895835736703
10139_ZMAT5_P1P2_ENSG00000100319,ZMAT5,-0.0645219775855305,0.0513723008779574,0.11589427846348789
1610_CIAPIN1_P1P2_ENSG00000005194,CIAPIN1,-0.0645487986793162,0.0741912520762506,0.1387400507555668
7691_SCFD1_P1P2_ENSG00000092108,SCFD1,-0.0645813215117917,0.0553921471697144,0.1199734686815061
5084_MIS18BP1_P1P2_ENSG00000129534,MIS18BP1,-0.06489272211804964,0.0985459674655319,0.16343868958358154
924_BTF3_P1P2_ENSG00000145741,BTF3,-0.06512565892819146,0.09422374700098081,0.15934940592917227
1350_CCT6A_P1P2_ENSG00000146731,CCT6A,-0.06563607042626103,0.08637108149437674,0.15200715192063777
5983_OSBP_P1P2_ENSG00000110048,OSBP,-0.06575682364625222,0.09818509583696473,0.16394191948321696
6516_POLD2_P1P2_ENSG00000106628,POLD2,-0.0658298857471415,0.05660493949221286,0.12243482523935437
9602_UPF3A_P1P2_ENSG00000169062,UPF3A,-0.06596663264422283,0.10754963220754708,0.1735162648517699
8387_SPTLC1_P1P2_ENSG00000090054,SPTLC1,-0.06603010390295995,0.0675868069287366,0.13361691083169655
2376_DROSHA_P1P2_ENSG00000113360,DROSHA,-0.06604211598297301,0.09080123388437196,0.15684334986734497
7251_RFFL_P1P2_ENSG00000092871,RFFL,-0.06615856897245632,0.10307086925571866,0.169229438228175
3861_HNRNPC_P1P2_ENSG00000092199,HNRNPC,-0.06622983917598067,0.07730315194179153,0.1435329911177722
5264_MRPS35_P1P2_ENSG00000061794,MRPS35,-0.06632590793117621,-0.12718500355927753,-0.060859095628101316
267_ALG1L_ENST00000340333.3_ENSG00000189366,ALG1L,-0.0665600825323942,0.06705538637982061,0.13361546891221482
6783_PRODH_P1_ENSG00000100033,PRODH,-0.06711137251813618,0.06821132906220326,0.13532270158033943
2083_DCUN1D5_P1P2_ENSG00000137692,DCUN1D5,-0.0671233645825936,0.06900969574731763,0.13613306032991124
9167_TOMM40_P1P2_ENSG00000130204,TOMM40,-0.06712942169746708,0.05946966700941633,0.1265990887068834
3986_HSPE1_P1P2_ENSG00000115541,HSPE1,-0.06731415846457824,0.09561120778297107,0.1629253662475493
6847_PSMA7_P1P2_ENSG00000101182,PSMA7,-0.06739736918248394,0.08075120620106695,0.1481485753835509
1560_CHD4_P1P2_ENSG00000111642,CHD4,-0.06797340759542812,0.07140973924965109,0.13938314684507921
5649_NFKBIE_P1P2_ENSG00000146232,NFKBIE,-0.06798776007168433,0.05918953834796939,0.12717729841965372
7241_REV3L_P1P2_ENSG00000009413,REV3L,-0.06799290684873023,0.09957832397375006,0.1675712308224803
1583_CHMP3_P1P2_ENSG00000115561,CHMP3,-0.0679943452517191,0.11789791452452025,0.18589225977623935
5954_OR4F4_ENST00000326183.3_ENSG00000177693,OR4F4,-0.06814959079458338,0.06518181997943578,0.13333141077401917
112_ACTR2_P1P2_ENSG00000138071,ACTR2,-0.06827471643800656,0.11091694349970702,0.17919165993771358
9840_WDR74_P2_ENSG00000133316,WDR74,-0.06835373665937532,-0.12211714651057236,-0.05376340985119704
4595_LIN54_P1_ENSG00000189308,LIN54,-0.06840681947542691,0.12309594901000483,0.19150276848543174
4904_MCM7_P1P2_ENSG00000166508,MCM7,-0.0685658615711135,0.07564050594532687,0.14420636751644036
7521_RPS29_P1_ENSG00000213741,RPS29,-0.06857239677872194,0.06360403648923889,0.13217643326796083
7454_RPL27A_P1P2_ENSG00000166441,RPL27A,-0.0685789537316602,0.06666155843813762,0.13524051216979782
5022_MFN2_P1_ENSG00000116688,MFN2,-0.06862868545062036,0.0535350589258896,0.12216374437650995
7507_RPS18_P1P2_ENSG00000231500,RPS18,-0.06863884473119936,0.08044553639695909,0.14908438112815844
7178_RBM48_P1P2_ENSG00000127993,RBM48,-0.06864407774817508,0.04149117429934758,0.11013525204752266
674_ATP6V0B_P1P2_ENSG00000117410,ATP6V0B,-0.06891523367416141,0.057536779245432546,0.12645201291959396
"2546_EIF3CL_ENST00000380876.4,ENST00000398943.3,ENST00000398944.3_ENSG00000205609",EIF3CL,-0.06897273046541463,0.05432436262490427,0.1232970930903189
2005_CYP2A13_P1P2_ENSG00000197838,CYP2A13,-0.06934274394484796,-0.15419682169315233,-0.08485407774830436
6652_PPP1R10_P1P2_ENSG00000204569,PPP1R10,-0.06939220964490357,0.04116408289171836,0.11055629253662193
5970_ORC6_P1P2_ENSG00000091651,ORC6,-0.06939488990669301,0.10003064937120051,0.16942553927789353
8416_SRP68_P1P2_ENSG00000167881,SRP68,-0.06974379794500678,0.05526196973292251,0.12500576767792929
2087_DDB1_P1_ENSG00000167986,DDB1,-0.06979607396052927,0.07284004323868527,0.14263611719921454
9427_TUBGCP4_P1P2_ENSG00000137822,TUBGCP4,-0.0699266202122439,0.07193951198293085,0.14186613219517474
10738_ZWINT_P1P2_ENSG00000122952,ZWINT,-0.06994636740773577,0.05673923646814158,0.12668560387587735
9175_TOP2A_P1P2_ENSG00000131747,TOP2A,-0.06995427876667254,0.054558352447995895,0.12451263121466843
2114_DDX27_P1P2_ENSG00000124228,DDX27,-0.07004271476523657,0.10354708798017734,0.1735898027454139
2640_ENO1_P1P2_ENSG00000074800,ENO1,-0.0703338816626531,-0.12619384244244827,-0.05585996077979517
10073_ZFC3H1_P1P2_ENSG00000133858,ZFC3H1,-0.07047409649983917,0.08958761765404448,0.16006171415388365
2793_EXOSC6_P1P2_ENSG00000223496,EXOSC6,-0.07051411703611446,0.042842383136914644,0.1133565001730291
6033_PAFAH1B1_P1P2_ENSG00000007168,PAFAH1B1,-0.07057202887010028,0.08012586015977932,0.1506978890298796
7461_RPL34_P1P2_ENSG00000109475,RPL34,-0.07108225348012703,0.07629056922145125,0.14737282270157828
4552_LENG8_P1P2_ENSG00000167615,LENG8,-0.07130201360053444,-0.1374731406048031,-0.06617112700426865
3195_FOXS1_P1P2_ENSG00000179772,FOXS1,-0.07151192799864615,0.057596100609034404,0.12910802860768056
3370_GINS2_P1P2_ENSG00000131153,GINS2,-0.0716595936655336,0.07915364892299923,0.15081324258853282
2422_DYNC1I2_P1P2_ENSG00000077380,DYNC1I2,-0.0717253329375278,0.0649643083129041,0.1366896412504319
7479_RPL7_P1P2_ENSG00000147604,RPL7,-0.07176132325390887,0.05290559334546138,0.12466691659937025
713_AURKAIP1_P1P2_ENSG00000175756,AURKAIP1,-0.0718187720496197,0.12236596667458302,0.19418473872420272
8417_SRP72_P1P2_ENSG00000174780,SRP72,-0.0718567009871787,0.07505470747976864,0.14691140846694734
7575_RSL1D1_P2_ENSG00000171490,RSL1D1,-0.07188980077373938,0.07758245669540753,0.1494722574691469
7228_RELL2_P1P2_ENSG00000164620,RELL2,-0.07203166148773457,0.10582766484749095,0.17785932633522553
8703_TAZ_P1P2_ENSG00000102125,TAZ,-0.07216900390983938,0.06446007672229828,0.13662908063213766
3102_FKBP9_P1P2_ENSG00000122642,FKBP9,-0.07254615813921785,0.06426893010625413,0.13681508824547198
7206_RCL1_P1P2_ENSG00000120158,RCL1,-0.07270285153211828,0.12930574230800734,0.20200859384012562
9881_WTAP_P1P2_ENSG00000146457,WTAP,-0.07309658272237181,0.09409686519549997,0.16719344791787177
6383_PITRM1_P1P2_ENSG00000107959,PITRM1,-0.0731119725678646,0.052597451817874355,0.12570942438573895
117_ACTR6_P1P2_ENSG00000075089,ACTR6,-0.07371797163006596,0.06328600806770751,0.13700397969777348
2974_FARSB_P1P2_ENSG00000116120,FARSB,-0.07373889366165055,0.05434825595190983,0.12808714961356038
7500_RPS12_P1P2_ENSG00000112306,RPS12,-0.07380962334971922,0.09613933270058042,0.16994895605029964
6868_PSMD14_P1P2_ENSG00000115233,PSMD14,-0.07392877559010252,0.068349745577273,0.14227852116737552
2536_EIF2B2_P1P2_ENSG00000119718,EIF2B2,-0.0739708005917644,0.07576244430384023,0.14973324489560463
1257_CCDC137_P1P2_ENSG00000185298,CCDC137,-0.07404946705265943,0.06067916370059857,0.134728630753258
10173_ZNF143_P1P2_ENSG00000166478,ZNF143,-0.07437194320786714,0.07356755385061622,0.14793949705848336
1605_CHTF8_P1P2_ENSG00000168802,CHTF8,-0.07463649766385654,0.06002580479316989,0.13466230245702643
2394_DTYMK_P1P2_ENSG00000168393,DTYMK,-0.07468915418432785,0.07336569643281059,0.14805485061713844
3993_HUS1_P1P2_ENSG00000136273,HUS1,-0.07469790541794225,0.10455719897704319,0.17925510439498543
8156_SMC2_P1P2_ENSG00000136824,SMC2,-0.0752213879775036,0.07264312926784877,0.14786451724535238
813_BCS1L_P1P2_ENSG00000074582,BCS1L,-0.07530640631250315,0.049604194679533184,0.12491060099203634
7577_RSL24D1_P1P2_ENSG00000137876,RSL24D1,-0.07554494852810183,0.10856221492790148,0.1841071634560033
6841_PSMA1_P1P2_ENSG00000129084,PSMA1,-0.07556734213186236,0.06338899654618507,0.13895633867804744
9684_UTP20_P1P2_ENSG00000120800,UTP20,-0.07561389838899017,0.09652821719529008,0.17214211558428025
2543_EIF2S3_P1P2_ENSG00000130741,EIF2S3,-0.07585292713692299,0.0465227794036218,0.12237570654054479
3832_HMGCR_P1P2_ENSG00000113161,HMGCR,-0.07601134287639436,0.05774110838672533,0.1337524512631197
115_ACTR3_P1P2_ENSG00000115091,ACTR3,-0.07622052551813363,0.06327941680508598,0.1394999423232196
7842_SFPQ_P1P2_ENSG00000116560,SFPQ,-0.07637555320872934,0.07285157794828022,0.14922713115700956
3050_FDPS_P1P2_ENSG00000160752,FDPS,-0.07638369519341465,-0.12741899338236592,-0.051035298188951285
1478_CENPC_P1P2_ENSG00000145241,CENPC,-0.07648130261952836,0.07790790028738272,0.15438920290691108
5860_NUDCD3_P1P2_ENSG00000015676,NUDCD3,-0.07656993185483996,0.06784551398666153,0.14441544584150148
6279_PHF10_P1P2_ENSG00000130024,PHF10,-0.07657577898679659,0.05088125181259735,0.12745703079939394
110_ACTR1A_P1P2_ENSG00000138107,ACTR1A,-0.0766470285474913,-0.1443725447546675,-0.06772551620717619
10055_ZDHHC7_P1P2_ENSG00000153786,ZDHHC7,-0.07692753963370665,0.06070223311977689,0.13762977275348354
10005_ZBTB4_P1_ENSG00000174282,ZBTB4,-0.07695817588928357,0.05602573228927847,0.13298390817856204
4166_IPO9_P1P2_ENSG00000198700,IPO9,-0.07708724752753193,0.05821815101901079,0.13530539854654272
10699_ZNHIT1_P1P2_ENSG00000106400,ZNHIT1,-0.07726421600998129,0.06232945107964913,0.13959366708963042
1831_CPNE1_P1P2_ENSG00000214078,CPNE1,-0.07742381145164358,0.05783832951040317,0.13526214096204675
2074_DCTN2_P1P2_ENSG00000175203,DCTN2,-0.07745320757814989,0.06779278388568502,0.1452459914638349
8890_THOC5_P1P2_ENSG00000100296,THOC5,-0.07747620605895401,0.07753302222573911,0.15500922828469313
6669_PPP1R37_P1P2_ENSG00000104866,PPP1R37,-0.07788054415246898,0.05148847188167405,0.12936901603414303
5904_NUP98_P1P2_ENSG00000110713,NUP98,-0.07817417193873334,0.08258110548658325,0.1607552774253166
7538_RPS8_P1P2_ENSG00000142937,RPS8,-0.07818134258847015,0.09291538137046632,0.17109672395893646
6524_POLE_P1P2_ENSG00000177084,POLE,-0.07824220676675786,0.068921537609754,0.14716374437651186
7918_SIN3A_P1_ENSG00000169375,SIN3A,-0.07834639146550446,0.07178626512694983,0.15013265659245428
6728_PRDM4_P1P2_ENSG00000110851,PRDM4,-0.07836036670621306,0.08224495109284334,0.1606053177990564
7176_RBM42_P1P2_ENSG00000126254,RBM42,-0.07886956729072733,0.06013291281077879,0.13900248010150612
8446_SSBP1_P1P2_ENSG00000106028,SSBP1,-0.07896194063541273,0.039689287879986254,0.11865122851539898
2827_FAM102B_P1P2_ENSG00000162636,FAM102B,-0.07896243781231237,0.07797463682143944,0.1569370746337518
10463_ZNF574_P1_ENSG00000105732,ZNF574,-0.07896392776537621,0.08618487832529691,0.16514880609067312
6565_POLRMT_P1P2_ENSG00000099821,POLRMT,-0.07976379079028274,0.05694603733291291,0.13670982812319565
4879_MBIP_P1P2_ENSG00000151332,MBIP,-0.07989029193874812,0.05002521157953309,0.1299155035182812
1469_CEBPG_P1P2_ENSG00000153879,CEBPG,-0.08024422654662869,0.043499861583484914,0.1237440881301136
8226_SNRPB_P1P2_ENSG00000125835,SNRPB,-0.08047432814063729,0.0510748701521275,0.1315491982927648
3587_GTF3C4_P1P2_ENSG00000125484,GTF3C4,-0.08050585916638742,0.06236817474755588,0.1428740339139433
7545_RPUSD3_P1P2_ENSG00000156990,RPUSD3,-0.0809179119606249,0.06372103140077678,0.14463894336140168
6902_PTCD3_P1P2_ENSG00000132300,PTCD3,-0.08114257441340042,0.0624538611616447,0.14359643557504512
9489_UBAP1_P1P2_ENSG00000165006,UBAP1,-0.08191686588262675,0.07681539850774233,0.15873226439036908
10136_ZMAT2_P1_ENSG00000146007,ZMAT2,-0.08194463209913824,0.057679315299638684,0.13962394739877693
9790_WBP11_P1_ENSG00000084463,WBP11,-0.08209704809029672,0.06843213636004425,0.15052918445034097
2096_DDOST_P1P2_ENSG00000244038,DDOST,-0.08215014668307973,0.06760328508529588,0.1497534317683756
859_BMS1_P1P2_ENSG00000165733,BMS1,-0.08256060754559896,0.09201402620687177,0.17457463375247073
3388_GLE1_P1P2_ENSG00000119392,GLE1,-0.08279958310875396,0.07414758496138205,0.156947168070136
2235_DKC1_P1P2_ENSG00000130826,DKC1,-0.08281798487006871,0.0900811384428908,0.1728991233129595
8432_SRSF2_P1P2_ENSG00000161547,SRSF2,-0.0828647019550541,0.048884923145877224,0.13174962510093133
3134_FOLR3_P2_ENSG00000110203,FOLR3,-0.08329842857183811,0.10618853647605839,0.1894869650478965
8029_SLC2A8_P1P2_ENSG00000136856,SLC2A8,-0.08380553831795734,0.07617110258641552,0.15997664090437286
7893_SEM1_P1P2_ENSG00000127922,SEM1,-0.08384739194222737,0.0878780089113925,0.17172540085361987
7498_RPS10_P1P2_ENSG00000124614,RPS10,-0.08389285593457736,0.10519902317489492,0.18909187910947228
5747_NOP16_P1P2_ENSG00000048162,NOP16,-0.083936484348895,0.07872933639168114,0.16266582074057614
5525_NDOR1_P1P2_ENSG00000188566,NDOR1,-0.08409141386243134,0.08287276885760479,0.16696418272003613
3716_HGS_P1P2_ENSG00000185359,HGS,-0.08411338128469542,0.11097544095547587,0.1950888222401713
9938_YKT6_P1P2_ENSG00000106636,YKT6,-0.08414461082235897,0.11688780352765216,0.20103241435001112
8647_TADA1_P1P2_ENSG00000152382,TADA1,-0.08434015274760259,-0.1577972989005655,-0.07345714615296292
9804_WDR12_P1P2_ENSG00000138442,WDR12,-0.08435867277759367,0.11024710643572229,0.19460577921331595
7427_RPF2_P1P2_ENSG00000197498,RPF2,-0.08458100954640203,0.07114773656041627,0.1557287461068183
7452_RPL26L1_P1P2_ENSG00000037241,RPL26L1,-0.08493490250744866,0.08226142924938872,0.16719633175683737
9177_TOP3A_P1P2_ENSG00000177302,TOP3A,-0.0852205598004607,0.11447952094703434,0.19970008074749504
786_BCAS2_P1P2_ENSG00000116752,BCAS2,-0.08553977708609653,0.0912626222679235,0.17680239935402003
5908_NUTF2_P1P2_ENSG00000102898,NUTF2,-0.08564658553542066,0.04536766062906945,0.13101424616449012
4931_MED11_P1P2_ENSG00000161920,MED11,-0.08568892304991237,0.07674042289541068,0.16242934594532304
6537_POLR1D_P1_ENSG00000186184,POLR1D,-0.08572024863567775,0.05863175274856057,0.14435200138423832
2857_FAM136A_P1P2_ENSG00000035141,FAM136A,-0.08612120153153795,0.09716839357747821,0.18328959510901616
9194_TP53RK_P1P2_ENSG00000172315,TP53RK,-0.08632108554325146,0.06174530042975465,0.14806638597300611
5878_NUF2_P1P2_ENSG00000143228,NUF2,-0.08636025192975635,0.110049368557045,0.19640962048680136
1973_CWC25_P1P2_ENSG00000273559,CWC25,-0.0866313424677341,0.0697808734741294,0.1564122159418635
2580_EIF6_P1P2_ENSG00000242372,EIF6,-0.08681829925253555,0.07936868886604924,0.1661869881185848
7937_SKA1_P1P2_ENSG00000154839,SKA1,-0.0868350871657591,0.11429249387013232,0.20112758103589143
3935_HPS5_P1P2_ENSG00000110756,HPS5,-0.08707689663349719,0.044064238445517157,0.13114113507901434
3570_GTF2E2_P1P2_ENSG00000197265,GTF2E2,-0.08722647623000865,0.05934031348045202,0.14656678971046067
2750_ETF1_P1P2_ENSG00000120705,ETF1,-0.08724704031931554,0.05871991088612932,0.14596695120544487
9919_YARS_P1P2_ENSG00000134684,YARS,-0.087527603887003,0.047819610324554326,0.13534721421155732
8415_SRP54_P1P2_ENSG00000100883,SRP54,-0.08771004753111454,0.07244539138917676,0.1601554389202913
5490_NCAPG_P1P2_ENSG00000109805,NCAPG,-0.08788640448367993,0.05461273036463207,0.142499134848312
6700_PPP6C_P1P2_ENSG00000119414,PPP6C,-0.08804887146607397,0.07196093358644094,0.16000980505251491
7898_SHOC2_P1P2_ENSG00000108061,SHOC2,-0.08836274966929294,0.04904064172532965,0.1374033913946226
9826_WDR4_P1P2_ENSG00000160193,WDR4,-0.08851298384911688,0.06129379894013062,0.1498067827892475
6026_PABPN1_P1P2_ENSG00000100836,PABPN1,-0.08858737425784494,0.05077414379498446,0.1393615180528294
976_RTRAF_P1P2_ENSG00000087302,RTRAF,-0.08953822274029893,0.06925604418783463,0.15879426692813356
8397_SRCAP_P1P2_ENSG00000080603,SRCAP,-0.09001343802505501,0.03616461019272647,0.12617804821778147
8219_SNRNP35_P1P2_ENSG00000184209,SNRNP35,-0.0911239904286435,0.037385641593502744,0.12850963202214624
3833_HMGCS1_P1P2_ENSG00000112972,HMGCS1,-0.09116657826134553,0.1430790094650597,0.23424558772640522
5315_MTG2_P1P2_ENSG00000101181,MTG2,-0.09124111681949691,0.08373292862981559,0.1749740454493125
7580_RSRC2_P1P2_ENSG00000111011,RSRC2,-0.09143908230162867,-0.04475549711302635,0.046683585188602314
7561_RRP12_P1P2_ENSG00000052749,RRP12,-0.0916332534739267,0.09359428142055365,0.18522753489448035
111_ACTR1B_P1P2_ENSG00000115073,ACTR1B,-0.09201195956582932,-0.18036990165834976,-0.08835794209252044
10700_ZNHIT2_P1P2_ENSG00000174276,ZNHIT2,-0.09210740432181762,0.06356366500567028,0.1556710693274879
4747_MAD2L2_P1P2_ENSG00000116670,MAD2L2,-0.09220907914774112,0.08780880065386196,0.18001787980160308
7443_RPL18_P1P2_ENSG00000063177,RPL18,-0.09223706106862871,0.06149318463445104,0.15373024570307975
1532_CFDP1_P1_ENSG00000153774,CFDP1,-0.0922808483909724,0.06359497350312855,0.15587582189410096
6577_POP7_P1P2_ENSG00000172336,POP7,-0.09273149881014732,0.08471832239185044,0.17744982120199776
9905_XRCC3_P1P2_ENSG00000126215,XRCC3,-0.09289212859875906,0.05824698779298221,0.15113911639174127
5082_MIS12_P1P2_ENSG00000167842,MIS12,-0.09376969674787368,0.059266985683779125,0.1530366824316528
9425_TUBGCP2_P1P2_ENSG00000130640,TUBGCP2,-0.0939242034633526,0.08527610799125664,0.17920031145460924
9482_UBA52_P1_ENSG00000221983,UBA52,-0.09469473960841426,0.06202460518337394,0.1567193447917882
9944_YPEL5_P1P2_ENSG00000119801,YPEL5,-0.0947170689076436,0.07820368319756256,0.17292075210520616
2502_EFTUD2_P1P2_ENSG00000108883,EFTUD2,-0.09494284141677956,-0.053986560415511656,0.04095628100126791
6474_PMF1_P1P2_ENSG00000160783,PMF1,-0.09507510904566606,0.0787771230456999,0.17385223209136597
1966_CUL7_P1P2_ENSG00000044090,CUL7,-0.09566305862441075,0.07614308972026802,0.17180614834467878
8921_TIMM23B_P1P2_ENSG00000204152,TIMM23B,-0.09574764674816552,0.052778711539983175,0.1485263582881487
6152_PDCD11_P1P2_ENSG00000148843,PDCD11,-0.09641523311534038,0.11855621687891064,0.21497144999425102
4000_HYOU1_P1P2_ENSG00000149428,HYOU1,-0.09656728764769798,-0.03155402198845312,0.06501326565924485
2336_DONSON_P1P2_ENSG00000159147,DONSON,-0.09717023265302763,0.07536120119171102,0.17253143384473865
2604_ELP2_P1P2_ENSG00000134759,ELP2,-0.09738539065563995,0.06990034010915605,0.167285730764796
13_AARS_P1P2_ENSG00000090861,AARS,-0.09750655428037852,0.06698041076749225,0.16448696504787078
7585_RTF1_P1P2_ENSG00000137815,RTF1,-0.09765433871014689,0.0796282198317933,0.1772825585419402
9153_TNRC6A_P1P2_ENSG00000090905,TNRC6A,-0.0977527172964824,0.05974814785520337,0.15750086515168576
4291_KCMF1_P1P2_ENSG00000176407,KCMF1,-0.09818065057434279,0.08350553006934679,0.18168618064368958
3502_GPN1_P1P2_ENSG00000198522,GPN1,-0.09862513671072215,0.04240324026470388,0.14102837697542603
3446_GNL3L_P1P2_ENSG00000130119,GNL3L,-0.0993067154829376,0.0748281328271298,0.1741348483100674
9431_TULP1_P1P2_ENSG00000112041,TULP1,-0.09992488133240492,0.07472761607214555,0.17465249740455047
671_ATP6AP2_P1P2_ENSG00000182220,ATP6AP2,-0.10083776616843568,0.044313058609507544,0.14515082477794322
6564_POLR3K_P1P2_ENSG00000161980,POLR3K,-0.10117663676835006,-0.04725029001555416,0.05392634675279591
1262_CCDC144NL_P2_ENSG00000205212,CCDC144NL,-0.10226015085312756,-0.04698993514197533,0.05527021571115223
8538_STRAP_P1P2_ENSG00000023734,STRAP,-0.10281528033109602,0.06681068575496693,0.16962596608606295
1139_CA5A_P1P2_ENSG00000174990,CA5A,-0.10282277400515721,-0.0347367779271804,0.06808599607797682
1588_CHMP6_P1P2_ENSG00000176108,CHMP6,-0.10290717195248789,0.07453399773260824,0.17744116968509613
5263_MRPS34_P1P2_ENSG00000074071,MRPS34,-0.10385453337265313,0.056514309631154586,0.16036884300380772
9341_TSG101_P1P2_ENSG00000074319,TSG101,-0.10389352015125364,0.09793627567297167,0.2018297958242253
6884_PSMG2_P1P2_ENSG00000128789,PSMG2,-0.10406572127811925,0.06475421181682062,0.16881993309493987
7541_RPTOR_P1P2_ENSG00000141564,RPTOR,-0.10409643512492589,0.07984490759049914,0.18394134271542503
2535_EIF2B1_P1P2_ENSG00000111361,EIF2B1,-0.1041102675574777,0.06569593846397874,0.16980620602145644
5207_MRPL23_P1P2_ENSG00000214026,MRPL23,-0.10466173177184995,0.12878503256084187,0.23344676433269182
7527_RPS5_P1P2_ENSG00000083845,RPS5,-0.10474037667750498,0.06552291782013893,0.1702632944976439
2568_EIF4G1_P1P2_ENSG00000114867,EIF4G1,-0.10522835098612703,0.057947909251502214,0.16317626023762924
5555_NDUFB3_P1P2_ENSG00000119013,NDUFB3,-0.10526915015283927,0.0545113897018136,0.15978053985465288
7523_RPS3A_P1P2_ENSG00000145425,RPS3A,-0.10591538920029356,0.10325377679349462,0.20916916599378818
7462_RPL35A_P1P2_ENSG00000182899,RPL35A,-0.1062506010563936,0.08241879564450637,0.18866939670089997
935_BUB1_P1P2_ENSG00000169679,BUB1,-0.1063519198788688,0.052515884942918756,0.15886780482178756
4153_INTS8_P1P2_ENSG00000164941,INTS8,-0.10700041602888906,0.10110172954731773,0.2081021455762068
8332_SPC25_P1P2_ENSG00000152253,SPC25,-0.10716013002431281,0.08034419573414288,0.1875043257584557
4746_MAD2L1_P1P2_ENSG00000164109,MAD2L1,-0.1080702521032411,0.09988481768568457,0.20795506978892567
7445_RPL21_P1P2_ENSG00000122026,RPL21,-0.10846220588033892,0.08442336338949896,0.19288556926983788
3584_GTF3C1_P1P2_ENSG00000077235,GTF3C1,-0.10903663759221567,0.050082061219649324,0.159118698811865
9057_TMEM242_P1P2_ENSG00000215712,TMEM242,-0.11004341150100833,0.0336294458066379,0.14367285730764623
1410_CDC73_P1P2_ENSG00000134371,CDC73,-0.11006197334887949,0.08550844999869464,0.19557042334757413
4955_MED4_P1P2_ENSG00000136146,MED4,-0.110728520826139,0.07024390967333903,0.18097243049947803
8729_TBCD_P1P2_ENSG00000141556,TBCD,-0.11186493465954574,-0.051520604286956456,0.06034433037258928
9910_XRN1_P1P2_ENSG00000114127,XRN1,-0.11266681667208478,0.05821650320335625,0.17088331987544103
5257_MRPS27_P1P2_ENSG00000113048,MRPS27,-0.1129535887164719,0.07356590603496385,0.18651949475143575
5740_NOM1_P1P2_ENSG00000146909,NOM1,-0.11303041986539197,0.08087314455957714,0.19390356442496912
7515_RPS26_P1P2_ENSG00000197728,RPS26,-0.11319225108250751,0.07584483508661309,0.1890370861691206
5503_NCL_P2_ENSG00000115053,NCL,-0.11370556795575755,0.07572948799072064,0.1894350559464782
8426_SRRT_P1P2_ENSG00000087087,SRRT,-0.11370838923893731,0.045201231247858326,0.15890962048679563
9477_UBA1_P2_ENSG00000130985,UBA1,-0.1144964247338575,-0.04807584565899345,0.06642057907486405
2271_DNAAF3_P2_ENSG00000167646,DNAAF3,-0.11455539260307727,0.04849686255899359,0.16305225516207086
9751_VPS35_P1P2_ENSG00000069329,VPS35,-0.11468755338723136,0.10950064594374195,0.2241881993309733
5491_NCAPH2_P1P2_ENSG00000025770,NCAPH2,-0.11478755504062113,0.05976544991959168,0.1745530049602128
6533_POLR1A_P1P2_ENSG00000068654,POLR1A,-0.11529116413364367,0.07756268290754799,0.19285384704119166
7161_RBM17_P1P2_ENSG00000134453,RBM17,-0.11536915200393923,0.0503679572358889,0.16573710923982812
7434_RPL12_P1P2_ENSG00000197958,RPL12,-0.11545137996300768,0.06576185109019918,0.18121323105320686
8190_SMU1_P1P2_ENSG00000122692,SMU1,-0.11553807295312438,-0.04135852513907569,0.07417954781404869
5115_MLST8_P1P2_ENSG00000167965,MLST8,-0.11621213702830441,0.051797437317092465,0.16800957434539687
6774_PRMT1_P1P2_ENSG00000126457,PRMT1,-0.11627936349714013,0.056798557831738705,0.17307792132887884
8741_TBP_P1P2_ENSG00000112592,TBP,-0.11640185957347957,-0.036310441878246565,0.080091417695233
7466_RPL36_P1P2_ENSG00000130255,RPL36,-0.11643585605003977,0.06678020116533583,0.1832160572153756
2707_ERH_P1P2_ENSG00000100632,ERH,-0.11662310426764955,0.06318713912837248,0.17981024339602203
118_ACTR8_P1P2_ENSG00000113812,ACTR8,-0.11705632391831612,0.0673248042395025,0.18438112815781862
7055_RAC1_P1P2_ENSG00000136238,RAC1,-0.11712320384975357,0.09555271032720435,0.21267591417695791
9926_YEATS4_P1P2_ENSG00000127337,YEATS4,-0.1173887497133344,0.07764672150597413,0.19503547121930853
5145_MOK_P1P2_ENSG00000080823,MOK,-0.1179425684659677,-0.056211111550523774,0.06173145691544393
216_AIFM1_P1P2_ENSG00000156709,AIFM1,-0.11832314617541093,-0.04677077565978504,0.07155237051562588
2578_EIF5_P1_ENSG00000100664,EIF5,-0.11870141924291852,0.06859527010995117,0.1872966893528697
9898_XPO5_P1P2_ENSG00000124571,XPO5,-0.11888702928201277,0.06885232935221143,0.1877393586342242
4272_KANSL3_P1P2_ENSG00000114982,KANSL3,-0.11897873606826163,0.07327671438740944,0.19225545045567108
9896_XPO1_P1P2_ENSG00000082898,XPO1,-0.1196375122765616,0.05166396424899104,0.17130147652555264
3346_GFM1_P1P2_ENSG00000168827,GFM1,-0.1196608896466072,-0.0678628160510379,0.0517980735955693
6782_PRODH_P2_ENSG00000100033,PRODH,-0.12001726320794252,-0.04556375069208203,0.07445351251586049
815_BDP1_P1P2_ENSG00000145734,BDP1,-0.12002259082842691,-0.057094340741912664,0.06292825008651425
9370_TSSK3_P1P2_ENSG00000162526,TSSK3,-0.1203529073662066,0.0699934416936954,0.190346349059902
9622_URM1_P1P2_ENSG00000167118,URM1,-0.12085262980779464,0.07724547839384728,0.19809810820164192
7975_SLC1A5_P2_ENSG00000105281,SLC1A5,-0.12087079936567177,-0.06537708613461939,0.055493713231052386
4938_MED16_P1P2_ENSG00000175221,MED16,-0.12151681675919619,0.0823504112947983,0.2038672280539945
3830_HMGB3_P1P2_ENSG00000029993,HMGB3,-0.12174289360765456,-0.04073153128213285,0.0810113623255217
8307_SP2_P1P2_ENSG00000167182,SP2,-0.1217980626050705,0.05421560679163831,0.17601366939670882
6138_PCNX3_P1P2_ENSG00000197136,PCNX3,-0.12203989429332639,-0.05238076405916131,0.06965913023416508
1819_COX6C_P1P2_ENSG00000164919,COX6C,-0.12215010729060552,-0.05589390703682909,0.06625620025377643
3554_GSPT1_P1P2_ENSG00000103342,GSPT1,-0.12231744389232392,-0.05089772996915247,0.07141971392317145
9421_TUBB_P2_ENSG00000196230,TUBB,-0.12241902422877858,-0.06142727200822484,0.06099175222055374
6560_POLR3F_P1P2_ENSG00000132664,POLR3F,-0.12256756590480833,-0.06467594057316935,0.05789162533163898
5886_NUP133_P1P2_ENSG00000069248,NUP133,-0.12260617434539031,0.09131700018456101,0.21392317452995133
6546_POLR2E_P1_ENSG00000099817,POLR2E,-0.12305382356932719,0.051522252102612756,0.17457607567193995
2310_DNLZ_P1P2_ENSG00000213221,DNLZ,-0.12324051186414603,-0.05029957288618113,0.0729409389779649
7547_CNOT9_P1P2_ENSG00000144580,CNOT9,-0.12329842284277001,-0.08288430356719043,0.04041411927557959
3789_HIST2H2BF_P1P2_ENSG00000203814,HIST2H2BF,-0.12334191844719194,-0.049224373170921,0.07411754527627094
7199_RCC1_P2_ENSG00000180198,RCC1,-0.12352861345192333,0.06230885338395496,0.1858374668358783
3131_FNTA_P1P2_ENSG00000168522,FNTA,-0.12355012308212536,0.09694676237180984,0.2204968854539352
8271_SON_P1_ENSG00000159140,SON,-0.12411675706572672,-0.05083264125075743,0.0732841158149693
6661_PPP1R15B_P1P2_ENSG00000158615,PPP1R15B,-0.12415615588375951,-0.04617426639247067,0.07798188949128884
8739_TBPL1_P1P2_ENSG00000028839,TBPL1,-0.12472916116779413,-0.05818025125892898,0.06654890990886515
1877_CRLS1_P1P2_ENSG00000088766,CRLS1,-0.12487333749143656,0.07389382135042052,0.19876715884185708
9563_UCHL5_P1P2_ENSG00000116750,UCHL5,-0.12491189609264688,-0.05776747343720805,0.06714442265543884
9242_TRAPPC11_P1P2_ENSG00000168538,TRAPPC11,-0.1250379339557185,-0.05825110733211755,0.06678682662360094
5936_OLFML3_P1P2_ENSG00000116774,OLFML3,-0.12506216049541485,-0.0560043106857509,0.06905784980966397
8218_SNRNP27_P1P2_ENSG00000124380,SNRNP27,-0.1258071181468159,-0.046808675419864096,0.07899844272695179
1609_CIAO1_P1P2_ENSG00000144021,CIAO1,-0.12580851478890798,-0.06599913654459177,0.05980937824431619
5741_NOMO1_P1P2_ENSG00000103512,NOMO1,-0.12598061386109544,-0.04217913733554765,0.08380147652554779
5900_NUP62_P1P2_ENSG00000213024,NUP62,-0.12598594304024519,0.07499456220834551,0.20098050524859068
4522_LARS_P1P2_ENSG00000133706,LARS,-0.12623332394589581,-0.07594205621028684,0.05029126773560899
2428_DYNLRB1_P2_ENSG00000125971,DYNLRB1,-0.1267948133954287,-0.05451138970180805,0.07228342369362063
167_ADSL_P1P2_ENSG00000239900,ADSL,-0.1272992643399706,-0.04742413456721787,0.07987512977275273
5825_NSF_ENST00000398238.4_ENSG00000073969,NSF,-0.12739624326192692,-0.04081474597273941,0.08658149728918751
1772_COPB2_P1P2_ENSG00000184432,COPB2,-0.1276832010918729,-0.06259062986105361,0.06509257123081928
10405_ZNF506_P1P2_ENSG00000081665,ZNF506,-0.12838503058520234,-0.06211441113659359,0.06627061944860875
3978_HSPA5_P1P2_ENSG00000044574,HSPA5,-0.12923100790895928,-0.05139619420496028,0.077834813703999
7451_RPL24_P1P2_ENSG00000114391,RPL24,-0.12976227211593214,-0.05839446729415347,0.07136780482177867
10447_ZNF559_P1P2_ENSG00000188321,ZNF559,-0.13025293373837032,-0.06580057475809778,0.06445235898027254
452_ARFRP1_P1P2_ENSG00000101246,ARFRP1,-0.13031311065835413,-0.04323703498642213,0.087076075671932
9380_TTC1_P1P2_ENSG00000113312,TTC1,-0.13071982746853228,0.050379491945478014,0.1810993194140103
3574_GTF2H2C_P1P2_ENSG00000183474,GTF2H2C,-0.13074101909257593,0.06095929236204792,0.19170031145462385
6927_PTPN1_P1P2_ENSG00000196396,PTPN1,-0.13087997232150445,0.09245893643386621,0.22333890875537066
88_ACOT12_P1P2_ENSG00000172497,ACOT12,-0.13095354028598827,-0.05406318384349698,0.07689035644249129
1533_CFDP1_P2_ENSG00000153774,CFDP1,-0.13111523711554873,-0.0431076814574599,0.08800755565808883
6863_PSMC6_P1P2_ENSG00000100519,PSMC6,-0.13124519170090768,-0.05456823934192821,0.07667695235897946
1491_CENPT_P1P2_ENSG00000102901,CENPT,-0.13166158076509252,-0.06405718579450917,0.06760439497058335
10202_ZNF207_P1_ENSG00000010244,ZNF207,-0.13180641248941638,0.0539791452450631,0.18578555773447947
2274_DNAJA1_P1_ENSG00000086061,DNAJA1,-0.13193565856533024,-0.06203861161643595,0.06989704694889427
6119_PCF11_P1P2_ENSG00000165494,PCF11,-0.13211660087052685,0.042409007619498174,0.17452560849002502
7164_RBM22_P1P2_ENSG00000086589,RBM22,-0.1323997394329144,-0.06223882121859155,0.07016091821432284
6981_QARS_P1P2_ENSG00000172053,QARS,-0.13270365079398483,-0.05716437290726514,0.07553927788671969
4692_LSM3_P1P2_ENSG00000170860,LSM3,-0.13290736142941387,-0.046348934851956985,0.08655842657745688
1406_CDC42_P1P2_ENSG00000070831,CDC42,-0.13293419653220923,0.09436710696302288,0.2273013034952321
9946_YTHDC1_P1P2_ENSG00000083896,YTHDC1,-0.1330211860493266,-0.0626079319254388,0.0704132541238878
6870_PSMD2_P1P2_ENSG00000175166,PSMD2,-0.13305493933573154,-0.05576949695483453,0.077285442380897
5567_NDUFS3_P1P2_ENSG00000213619,NDUFS3,-0.13320303432047775,-0.05963774420627953,0.07356529011419824
9785_WARS_P1P2_ENSG00000140105,WARS,-0.13333691536028475,-0.06351917398296462,0.06981774137732011
6563_POLR3H_P1P2_ENSG00000100413,POLR3H,-0.13338271494135745,-0.051238003902026555,0.0821447110393309
7980_SLC25A10_P1P2_ENSG00000183048,SLC25A10,-0.13388698487138304,-0.043705014632603095,0.09018197023877994
9886_XAB2_P1P2_ENSG00000076924,XAB2,-0.1339964361934813,-0.079194844314372,0.05480159187910931
9703_VARS_P1P2_ENSG00000204394,VARS,-0.13400192167657118,-0.0364373236837249,0.0975645979928463
7186_RBMX2_P1P2_ENSG00000134597,RBMX2,-0.1340568715861504,-0.07040045216061358,0.06365641942553682
8331_SPC24_P1P2_ENSG00000161888,SPC24,-0.1346338561482711,0.06214489572622604,0.19677875187449714
5535_NDUFA2_P1P2_ENSG00000131495,NDUFA2,-0.13470010886812844,-0.04582163384217792,0.08887847502595053
2557_EIF3M_P1P2_ENSG00000149100,EIF3M,-0.13497681442967818,-0.05940293047535898,0.07557388395431922
8725_TBCB_P1P2_ENSG00000105254,TBCB,-0.13549314671624485,-0.06084641698963668,0.07464672972660817
952_NKAPD1_P1P2_ENSG00000150776,NKAPD1,-0.13555655876462475,-0.07613073110284231,0.05942582766178245
3631_HARS2_P1P2_ENSG00000112855,HARS2,-0.13556845843050547,-0.036540312162199266,0.09902814626830621
4331_KDM8_P1P2_ENSG00000155666,KDM8,-0.13610861354288994,-0.035589522528935796,0.10051909101395415
5251_MRPS21_P1P2_ENSG00000266472,MRPS21,-0.1362375630538365,-0.057635648184765104,0.07860191486907138
1694_CMPK1_P1P2_ENSG00000162368,CMPK1,-0.13665485808399325,-0.043602026154131134,0.09305283192986212
237_AKIRIN2_P1P2_ENSG00000135334,AKIRIN2,-0.1367614649900316,0.10911176144902697,0.24587322643905857
9612_UQCRC2_P1P2_ENSG00000140740,UQCRC2,-0.13680196012151638,-0.0688688075087626,0.06793315261275377
6559_POLR3E_P1P2_ENSG00000058600,POLR3E,-0.1376396523673038,-0.05161041024018563,0.08602924212711817
6317_PI4KA_P1P2_ENSG00000241973,PI4KA,-0.13783991475510043,0.0667785533496837,0.20461846810478415
8216_SNRNP200_P1P2_ENSG00000144028,SNRNP200,-0.13860102474448555,-0.06956336180758681,0.06903766293689875
802_BCL2L1_P2_ENSG00000171552,BCL2L1,-0.1389074375007534,-0.060285335758916606,0.07862210174183681
9918_YARS2_P1P2_ENSG00000139131,YARS2,-0.1392115384490176,-0.06653302881699766,0.07267850963201994
3398_GLMN_P1P2_ENSG00000174842,GLMN,-0.13922428656222946,-0.0669466305465453,0.07227765601568417
3660_HCRTR1_P1P2_ENSG00000121764,HCRTR1,-0.13946854621724447,-0.0824146761053528,0.05705387011189167
4991_METTL14_P1P2_ENSG00000145388,METTL14,-0.13992085566686457,-0.0757986962482484,0.06412215941861615
9250_TRAPPC5_P1P2_ENSG00000181029,TRAPPC5,-0.14011680985969222,-0.08944920113896405,0.05066760872072816
8621_SYMPK_P1P2_ENSG00000125755,SYMPK,-0.14025855169678741,-0.04494334809776017,0.09531520359902725
4959_MED9_P1P2_ENSG00000141026,MED9,-0.14049051931989792,-0.0812694442247328,0.05922107509516514
1118_C7orf26_P1P2_ENSG00000146576,C7orf26,-0.14053539196902282,-0.0745026892351443,0.06603270273387853
2460_ECD_P1P2_ENSG00000122882,ECD,-0.14086751251231477,-0.0769818278889476,0.06388568462336716
5559_NDUFB7_P1P2_ENSG00000099795,NDUFB7,-0.1409940704761128,-0.07921214637875698,0.061781924097355806
8886_THG1L_P1P2_ENSG00000113272,THG1L,-0.14125763162373722,-0.07004122834769973,0.07121640327603748
5944_OPA1_P1P2_ENSG00000198836,OPA1,-0.14154431721911037,-0.04520535078699646,0.09633896643211391
4505_LAMTOR1_P1P2_ENSG00000149357,LAMTOR1,-0.14167303967781483,-0.0786568325028259,0.06301620717498893
5537_NDUFA4_P1P2_ENSG00000189043,NDUFA4,-0.1418056928678219,-0.06768814759155062,0.0741175452762713
7431_RPL10A_P1P2_ENSG00000198755,RPL10A,-0.1420319007584071,0.05053933006406787,0.19257123082247496
7802_SERPINB1_P1P2_ENSG00000021355,SERPINB1,-0.14228533815165317,-0.06950733607529426,0.0727780020763589
2008_CYP4F11_P1P2_ENSG00000171903,CYP4F11,-0.14257123829266316,-0.04398431938621954,0.09858691890644362
8233_SNRPG_P1P2_ENSG00000143977,SNRPG,-0.1426116665155252,-0.07610024651322127,0.06651142000230395
1701_CMTR1_P1P2_ENSG00000137200,CMTR1,-0.14311072716974088,-0.08065975243217396,0.06245097473756693
1844_CPSF6_P1P2_ENSG00000111605,CPSF6,-0.14321424466377145,0.07206145034143732,0.21527569500520877
5959_OR7A10_ENST00000248058.1_ENSG00000127515,OR7A10,-0.14327337547076063,-0.04169303171715749,0.10158034375360316
6291_PHF5A_P1P2_ENSG00000100410,PHF5A,-0.14362835039413763,-0.059062656542485326,0.0845656938516523
6861_PSMC4_P1P2_ENSG00000013275,PSMC4,-0.1437586004800362,-0.054219726330772065,0.08953887414926412
103_ACSS2_P1P2_ENSG00000131069,ACSS2,-0.14383486408393636,-0.04968905718579415,0.09414580689814221
4360_KIAA1143_P1P2_ENSG00000163807,KIAA1143,-0.14388698045008838,-0.07540157267526,0.06848540777482838
524_ARMC7_P1P2_ENSG00000125449,ARMC7,-0.14401846796589712,-0.07788483086819527,0.06613363709770186
9534_UBL5_P1P2_ENSG00000198258,UBL5,-0.14444957446263498,-0.05999202457222179,0.0844575498904132
4206_ISCU_P1P2_ENSG00000136003,ISCU,-0.1445564379025141,-0.04608198871575833,0.09847444918675576
5254_MRPS24_P1P2_ENSG00000062582,MRPS24,-0.144612927528455,-0.07094670305043121,0.0736662244780238
6128_PCID2_P2_ENSG00000126226,PCID2,-0.14479196793617627,-0.048238155501067075,0.09655381243510919
9043_TMEM214_P1P2_ENSG00000119777,TMEM214,-0.14509282221809822,-0.06463804081309613,0.08045478140500208
5237_MRPL53_P1P2_ENSG00000204822,MRPL53,-0.14511859278900732,-0.0605687600516701,0.08454983273733722
7433_RPL11_P1P2_ENSG00000142676,RPL11,-0.14644544501417495,-0.05545888370376287,0.09098656131041206
1475_CENPA_P2_ENSG00000115163,CENPA,-0.14670682338105123,-0.044804931582694524,0.10190189179835671
3683_HECTD1_P1P2_ENSG00000092148,HECTD1,-0.14687555873476696,-0.06999096997020518,0.07688458876456178
7203_RCCD1_P2_ENSG00000166965,RCCD1,-0.14708155910974158,-0.05874957156792765,0.08833198754181394
3503_GPN2_P1P2_ENSG00000142751,GPN2,-0.14736318926217862,-0.0653194125866697,0.08204377667550893
10024_ZC3H3_P1P2_ENSG00000014164,ZC3H3,-0.1478158816307838,-0.05186911729810737,0.09594676433267643
4619_LMO2_P1P2_ENSG00000135363,LMO2,-0.1479322227953706,-0.08203650241239757,0.06589572038297302
10297_ZNF335_P1P2_ENSG00000198026,ZNF335,-0.14800726828162522,-0.044099666482110916,0.1039076017995143
2686_EPS8L1_P2_ENSG00000131037,EPS8L1,-0.14832414201566804,-0.057673547944843126,0.09065059407082492
4691_LSM2_P1P2_ENSG00000204392,LSM2,-0.14861991751266032,-0.08016046428853307,0.06845945322412725
9907_XRCC5_P1P2_ENSG00000079246,XRCC5,-0.14873860785524645,-0.08678221150042303,0.06195639635482343
8719_TBC1D3_ENST00000537432.1_ENSG00000274611,TBC1D3,-0.14880957054510352,-0.06289135621819518,0.08591821432690833
4088_IK_P1_ENSG00000113141,IK,-0.14917577608584767,-0.06364111234147445,0.08553466374437323
9475_U2SURP_P1P2_ENSG00000163714,U2SURP,-0.1493027092513277,-0.040792500461390185,0.1085102087899375
3980_HSPA9_P1P2_ENSG00000113013,HSPA9,-0.14970558350899926,0.05409531624878103,0.2038008997577803
8994_TMEM127_P1P2_ENSG00000135956,TMEM127,-0.14973809339690436,-0.06787599857628071,0.08186209482062366
8844_TFDP1_P1P2_ENSG00000198176,TFDP1,-0.1497902569792796,-0.0743634488122503,0.07542680816702932
8213_SNF8_P1P2_ENSG00000159210,SNF8,-0.14979872997173038,-0.08857915447282698,0.06121957549890339
4160_IPO11_P1P2_ENSG00000086200,IPO11,-0.149922828358274,0.06382154815576566,0.21374437651403966
535_ARPC2_P2_ENSG00000163466,ARPC2,-0.15015745704491418,-0.0720688655118682,0.078088591533046
7343_RNF123_P1P2_ENSG00000164068,RNF123,-0.15062977972795,-0.061199049539929024,0.08943073018802096
5374_MYC_P1P2_ENSG00000136997,MYC,-0.15081992682000153,0.049446828284426314,0.20026675510442785
4693_LSM4_P1P2_ENSG00000130520,LSM4,-0.1511080684388545,-0.043112624904426244,0.10799544353442825
6460_PLRG1_P1P2_ENSG00000171566,PLRG1,-0.15137685845966617,-0.07664649740303127,0.0747303610566349
4888_MBTPS2_P1P2_ENSG00000012174,MBTPS2,-0.15140951419706367,-0.07836764085527662,0.07304187334178706
1920_CT45A5_P1P2_ENSG00000228836,CT45A5,-0.152577903770663,-0.08163690711591652,0.07094099665474647
7335_RNF103_P1P2_ENSG00000239305,RNF103,-0.15262761226170485,0.0482043752801289,0.20083198754183373
4960_MEF2A_P1P2_ENSG00000068305,MEF2A,-0.15324956151033786,-0.057164372907272276,0.09608518860306557
2110_DDX20_P1P2_ENSG00000064703,DDX20,-0.15341109207569895,-0.038146932426376186,0.11526415964932277
1152_CAD_P1P2_ENSG00000084774,CAD,-0.15362295748829896,-0.07296198159719337,0.08066097589110559
10586_ZNF718_ENST00000502662.1_ENSG00000250312,ZNF718,-0.15381189999645928,-0.07205073953966129,0.081761160456798
8306_SP1_P1P2_ENSG00000185591,SP1,-0.15398968841402982,-0.08271705027814631,0.07127263813588353
8154_SMARCE1_P1P2_ENSG00000073584,SMARCE1,-0.1540145095473563,-0.09191680508317522,0.06209770446418106
8184_SMN2_ENST00000380743.4_ENSG00000205571,SMN2,-0.15418044627559668,-0.06778784043871107,0.0863926058368856
6552_POLR2K_P1P2_ENSG00000147669,POLR2K,-0.1542047849823369,-0.04515674022515714,0.10904804475717976
4508_LAMTOR4_P1P2_ENSG00000188186,LAMTOR4,-0.15420765488833182,-0.06378776793482374,0.0904198869535081
2203_DHX15_P1P2_ENSG00000109606,DHX15,-0.15426254577763984,-0.04365722797859141,0.11060531779904843
7057_RAC3_P1P2_ENSG00000169750,RAC3,-0.1544578407681701,-0.06907313665005237,0.08538470411811773
8006_SLC25A3_P1P2_ENSG00000075415,SLC25A3,-0.15450349930885,-0.07033865907352899,0.08416484023532102
6676_PPP1R8_P1P2_ENSG00000117751,PPP1R8,-0.1547049613003184,-0.062892180126024,0.0918127811742944
1709_CNIH4_P1P2_ENSG00000143771,CNIH4,-0.15489159688557558,-0.059037115399822246,0.09585448148575332
5955_OR4K1_ENST00000285600.4_ENSG00000155249,OR4K1,-0.15498033604495864,-0.07081405389015952,0.08416628215479914
2544_EIF3A_P1P2_ENSG00000107581,EIF3A,-0.15539668848047994,0.05139619420496239,0.20679288268544233
4694_LSM5_P2_ENSG00000106355,LSM5,-0.1556593586025185,-0.05092409501964082,0.1047352635828777
6149_PC_P1P2_ENSG00000173599,PC,-0.15611497750236655,-0.08082947744469439,0.07528550005767216
5208_MRPL24_P1P2_ENSG00000143314,MRPL24,-0.1565374479548279,-0.08104286957209095,0.07549457838273696
1972_CWC22_P1P2_ENSG00000163510,CWC22,-0.15696480186457262,-0.08968483877771191,0.06727996308686071
2304_DNAJC8_P1P2_ENSG00000126698,DNAJC8,-0.15718752096312222,-0.06313688075087272,0.09405064021224949
10336_ZNF407_ENST00000299687.5_ENSG00000215421,ZNF407,-0.1572331155033792,-0.10598585515039777,0.051247260352981425
9812_WDR26_P1P2_ENSG00000162923,WDR26,-0.1577425081461667,0.055477009675973674,0.21321951782214038
6448_PLEKHN1_P1P2_ENSG00000187583,PLEKHN1,-0.15805393169521803,-0.08845968783779723,0.0695942438574208
1117_C7orf26_P1P2_ENSG00000146576,C7orf26,-0.15874297561029432,-0.04779736481320323,0.1109456107970911
5993_OTOP1_P1P2_ENSG00000163982,OTOP1,-0.15904659293445406,-0.07002969363811191,0.08901689929634216
7255_RFT1_P1P2_ENSG00000163933,RFT1,-0.1603208926897035,-0.07640262068601575,0.08391827200368775
4319_KDM2A_P1P2_ENSG00000173120,KDM2A,-0.16037351775169878,-0.05627125682195479,0.10410226092974399
7357_RNF14_P1P2_ENSG00000013561,RNF14,-0.16051144182288424,-0.0872576063170622,0.07325383550582204
2678_EPRS_P1P2_ENSG00000136628,EPRS,-0.16055089766533565,-0.07055205120092628,0.08999884646440935
8228_SNRPD1_P1P2_ENSG00000167088,SNRPD1,-0.1605871610716694,-0.059354319913522656,0.10123284115814674
8594_SUPT16H_P1P2_ENSG00000092201,SUPT16H,-0.16112929747851135,-0.052453267948004825,0.10867602953050652
2605_ELP3_P1P2_ENSG00000134014,ELP3,-0.16115004866494015,-0.04973437211632171,0.11141567654861845
2372_DRAP1_P1P2_ENSG00000175550,DRAP1,-0.16117274738737233,-0.05269714466503188,0.10847560272234046
9493_UBC_P1P2_ENSG00000150991,UBC,-0.16149477314470395,-0.051523899918266614,0.10997087322643735
2694_ERCC2_P1P2_ENSG00000104884,ERCC2,-0.1618357148715465,-0.0730336615782081,0.08880205329333839
8230_SNRPD3_P1P2_ENSG00000100028,SNRPD3,-0.16234310215554187,-0.05397996915289015,0.10836313300265173
3990_HTATSF1_P1P2_ENSG00000102241,HTATSF1,-0.16280380666423933,-0.05929417464209358,0.10350963202214576
8649_TADA2B_P1P2_ENSG00000173011,TADA2B,-0.1628744766857465,-0.08842096416988592,0.07445351251586058
2222_DICER1_P1P2_ENSG00000100697,DICER1,-0.1631030214180687,0.0568084447256719,0.2199114661437406
8207_SNAPC3_P1P2_ENSG00000164975,SNAPC3,-0.16399942351655689,-0.09499492472777235,0.06900449878878454
9185_TOR2A_P1P2_ENSG00000160404,TOR2A,-0.16406311791184838,-0.07950463365761305,0.08455848425423533
2529_EIF1_P1P2_ENSG00000173812,EIF1,-0.16408639355034335,-0.07952358353765485,0.0845628100126885
455_ARGLU1_P1P2_ENSG00000134884,ARGLU1,-0.16425653379570287,0.052717742360726974,0.21697427615642986
7675_SCAF1_P1P2_ENSG00000126461,SCAF1,-0.16554576626967965,-0.0731663107384815,0.09237945553119814
880_BPTF_P1P2_ENSG00000171634,BPTF,-0.16563911794432123,-0.04673699543884627,0.11890212250547495
6741_PRELID1_P1P2_ENSG00000169230,PRELID1,-0.16565465360126688,-0.048869268897150424,0.11678538470411647
6875_PSMD7_P1P2_ENSG00000103035,PSMD7,-0.1657726156849838,-0.05378305518204833,0.11198956050293547
8209_SNAPC5_P1P2_ENSG00000174446,SNAPC5,-0.16577599468599818,-0.05229837327638415,0.11347762140961404
2695_ERCC3_P1P2_ENSG00000163161,ERCC3,-0.165901063894257,-0.07742344248464066,0.08847762140961633
8811_TEFM_P1P2_ENSG00000172171,TEFM,-0.16613160946138883,-0.10236560415512559,0.06376600530626324
5368_MYB_P1P2_ENSG00000118513,MYB,-0.16613268269899067,-0.06850464024888295,0.09762804245010773
2527_EIF1AX_P1P2_ENSG00000173674,EIF1AX,-0.1664235950203989,-0.05646569906931223,0.10995789595108668
3616_H2AFZ_P1P2_ENSG00000164032,H2AFZ,-0.16653583141516826,-0.1010712449576773,0.06546458645749097
1586_CHMP4B_P1P2_ENSG00000101421,CHMP4B,-0.16684348296993454,-0.06233027498747426,0.10451320798246028
1670_CLOCK_P1P2_ENSG00000134852,CLOCK,-0.1671783738735983,-0.06315830235439603,0.10402007151920226
3784_HIST2H2AA3_ENST00000369161.3_ENSG00000203812,HIST2H2AA3,-0.1672740541784466,-0.04296184977194277,0.12431220440650384
8840_TFB1M_P1P2_ENSG00000029639,TFB1M,-0.16730251808873808,-0.09376318252523753,0.07353933556350055
5834_NSUN4_P1P2_ENSG00000117481,NSUN4,-0.16732503381981093,-0.052197856521395,0.11512717729841593
3541_GRPEL1_P1P2_ENSG00000109519,GRPEL1,-0.16735479408525356,-0.0541266247462342,0.11322816933901937
7425_RPE_P1P2_ENSG00000197713,RPE,-0.1673911415075648,-0.10392938121226128,0.0634617602953035
8433_SRSF3_P1P2_ENSG00000112081,SRSF3,-0.16743167473138976,-0.11211243375780792,0.055319240973581846
8245_SNX15_P2_ENSG00000110025,SNX15,-0.1675142140627766,-0.06174941996888121,0.1057647940938954
4481_KRTAP4-7_ENST00000391417.4_ENSG00000240871,KRTAP4-7,-0.16770179923768472,-0.09609319386221192,0.0716086053754728
5550_NDUFAF7_P1P2_ENSG00000003509,NDUFAF7,-0.167719958854307,-0.07712848348229287,0.09059147537201412
8913_TIMELESS_P1P2_ENSG00000111602,TIMELESS,-0.16790683996770295,-0.06521477629254041,0.10269206367516252
10266_ZNF284_ENST00000421176.3_ENSG00000186026,ZNF284,-0.16831990517349438,-0.06785128134145167,0.10046862383204272
8096_SLC4A5_P1_ENSG00000188687,SLC4A5,-0.16849784957186376,-0.09043953834796356,0.07805831122390018
4696_LSM6_P1P2_ENSG00000164167,LSM6,-0.16852705449549088,-0.0691917793772551,0.0993352751182358
7140_RBBP4_P1P2_ENSG00000162521,RBBP4,-0.1685361185080323,-0.07285899311871623,0.09567712538931607
7659_SART3_P1P2_ENSG00000075856,SART3,-0.16955269236753207,-0.06881442959212986,0.10073826277540222
1197_CARS_P1P2_ENSG00000110619,CARS,-0.1699721739610474,-0.07090221202772719,0.09906996193332024
7141_RBBP5_P1P2_ENSG00000117222,RBBP5,-0.17015558741947961,-0.054702536317855585,0.11545305110162404
6834_PSAT1_P1P2_ENSG00000135069,PSAT1,-0.17018943437799594,-0.06457459991035677,0.10561483446763917
9543_UBQLN4_P1P2_ENSG00000160803,UBQLN4,-0.17070606338162936,-0.08645759181628189,0.08424847156534747
8126_SLU7_P1P2_ENSG00000164609,SLU7,-0.17071578230062723,-0.09314195602308867,0.07757382627753855
5000_METTL23_P1P2_ENSG00000181038,METTL23,-0.17087198399096742,-0.10673396345803712,0.06413802053293031
9937_YJEFN3_P2_ENSG00000250067,YJEFN3,-0.17088072520727948,-0.07572124891243884,0.09515947629484066
9828_WDR54_P1P2_ENSG00000005448,WDR54,-0.1709527411381606,-0.06244397426770783,0.10850876687045277
378_AP2S1_P1P2_ENSG00000042753,AP2S1,-0.1709573293610086,-0.0834948192675763,0.08746251009343228
6845_PSMA5_P1P2_ENSG00000143106,PSMA5,-0.17136204873880823,-0.08067540668090178,0.09068664205790643
5253_MRPS23_P1P2_ENSG00000181610,MRPS23,-0.17143346671161605,-0.08909986421998124,0.08233360249163481
10239_ZNF253_P1P2_ENSG00000256771,ZNF253,-0.17165053917606732,-0.09347975823247884,0.07817078094358847
3451_GNPNAT1_P1P2_ENSG00000100522,GNPNAT1,-0.17179945960830661,-0.0715860555247946,0.10021340408351201
4935_MED14_P1P2_ENSG00000180182,MED14,-0.17183740582428042,-0.04505951910147847,0.12677788672280194
9041_TMEM214_P1P2_ENSG00000119777,TMEM214,-0.17188481102293532,-0.06294491022699918,0.10893990079593614
201_AHCTF1_P1P2_ENSG00000153207,AHCTF1,-0.17198604170465742,-0.05765624588045856,0.11432979582419885
1892_CSDE1_P1P2_ENSG00000009307,CSDE1,-0.17223683687141456,-0.06309650926731095,0.1091403276041036
978_C14orf178_P1P2_ENSG00000197734,C14orf178,-0.17235333855974166,-0.06466358195575693,0.10768975660398475
6274_PHAX_P1_ENSG00000164902,PHAX,-0.1725709828840876,-0.07354283661577923,0.09902814626830836
8552_STX18_P1P2_ENSG00000168818,STX18,-0.17258577902934158,-0.07784445938463441,0.09474131964470717
1808_COX15_P1P2_ENSG00000014919,COX15,-0.17266689989729922,-0.06015103878298787,0.11251586111431136
3768_HIST1H2BL_P1P2_ENSG00000185130,HIST1H2BL,-0.17324250507671118,-0.06251894988003592,0.11072355519667526
8214_SNIP1_P1P2_ENSG00000163877,SNIP1,-0.17328081391096578,-0.09569689419704758,0.07758391971391819
1924_CTBP2_P1P2_ENSG00000175029,CTBP2,-0.17350553047991035,-0.08496879037147922,0.08853674010843111
6240_PFDN5_P1P2_ENSG00000123349,PFDN5,-0.17364087206717704,-0.08116480793060286,0.09247606413657417
9423_TUBE1_P1P2_ENSG00000074935,TUBE1,-0.17376303156639633,-0.08469278124917566,0.08907025031722068
5752_NOS1AP_P1P2_ENSG00000198929,NOS1AP,-0.17381726857568652,-0.06520324158295746,0.10861402699272905
5887_NUP153_P1P2_ENSG00000124789,NUP153,-0.17428010296548,-0.058238748714703234,0.11604135425077676
5771_NPM3_P1P2_ENSG00000107833,NPM3,-0.17447641185019852,-0.05820579240159178,0.11627061944860674
4695_LSM5_P1_ENSG00000106355,LSM5,-0.17455612723727193,-0.07662672361517354,0.09792940362209838
8205_SNAPC1_P1P2_ENSG00000023608,SNAPC1,-0.17498828359159635,-0.080437297318673,0.09455098627292334
1333_CCNK_P1_ENSG00000090061,CCNK,-0.17516785255865927,-0.06300093595928606,0.11216691659937321
8157_SMC3_P1P2_ENSG00000108055,SMC3,-0.17545937036536774,-0.07692003480186647,0.09853933556350128
1228_CBX1_P1P2_ENSG00000108468,CBX1,-0.17548399025950823,-0.11544678873684691,0.0600372015226613
9159_TOE1_P1P2_ENSG00000132773,TOE1,-0.17567884340581902,-0.07889576577287762,0.09678307763294142
5290_MSRB1_P1P2_ENSG00000198736,MSRB1,-0.17567885230164015,-0.08976640565266245,0.0859124466489777
8422_SRPRB_P1P2_ENSG00000144867,SRPRB,-0.17641580784924182,-0.0836859658836196,0.09272984196562224
700_ATXN10_P1P2_ENSG00000130638,ATXN10,-0.17648939366240932,-0.06812481874027541,0.1083645749221339
7432_RPL10_P1P2_ENSG00000147403,RPL10,-0.17684005989664647,-0.0815133209417549,0.09532673895489159
2782_EXOC5_P1P2_ENSG00000070367,EXOC5,-0.17720217944766856,0.04701630019246447,0.22421847964013303
7099_RAN_P1P2_ENSG00000132341,RAN,-0.17737174505788467,-0.09570430936749463,0.08166743569039002
9548_UBR5_P1P2_ENSG00000104517,UBR5,-0.17772029123824384,-0.08810787919533598,0.08961241204290785
8728_TBCC_P1P2_ENSG00000124659,TBCC,-0.1777350471242582,-0.060039811226236015,0.1176952358980222
3020_FBXO42_P1P2_ENSG00000037637,FBXO42,-0.17787048177538448,-0.05457483060454917,0.1232956511708353
3339_GEMIN8_P1P2_ENSG00000046647,GEMIN8,-0.17835500217192474,-0.0686480002109157,0.10970700196100903
2427_DYNLL2_P1P2_ENSG00000264364,DYNLL2,-0.178777157678512,-0.08183546890241698,0.09694168877609502
6111_PCBP2_P1_ENSG00000197111,PCBP2,-0.17878565690218712,-0.0992594716443741,0.079526185257813
9673_USP5_P2_ENSG00000111667,USP5,-0.17885334266474254,-0.09341384560626156,0.08543949705848097
2734_ESPN_P2_ENSG00000187017,ESPN,-0.1789678411802323,-0.08661578211921221,0.09235205906102009
5238_MRPL54_P1P2_ENSG00000183617,MRPL54,-0.17928598650182118,-0.05911209101214726,0.12017389548967392
630_ATL2_P1P2_ENSG00000119787,ATL2,-0.17952671364608358,-0.05674582773075873,0.12278088591532486
2328_DOHH_P1P2_ENSG00000129932,DOHH,-0.1797217945669347,-0.09701185109018348,0.08270994347675122
6893_PSTK_P2_ENSG00000179988,PSTK,-0.17975105748441172,-0.06369960979725262,0.1160514476871591
2545_EIF3B_P1P2_ENSG00000106263,EIF3B,-0.17991973098563602,-0.06057782303778035,0.11934190794785565
7686_SCAP_P1P2_ENSG00000114650,SCAP,-0.1799442209021243,-0.07568911650715511,0.1042551043949692
3530_GRB2_P2_ENSG00000177885,GRB2,-0.18012318731115284,-0.05430129320572459,0.12582189410542827
1823_COX7C_P1P2_ENSG00000127184,COX7C,-0.1801381877178744,-0.0990749162909562,0.0810632714269182
8438_SRSF7_P1P2_ENSG00000115875,SRSF7,-0.1801664252412582,0.06667144533207195,0.24683787057333015
1793_COQ4_P1P2_ENSG00000167113,COQ4,-0.1801707382072037,-0.08796863877243986,0.09220209943476385
6876_PSMD8_P1P2_ENSG00000099341,PSMD8,-0.18023934884882004,-0.06929229613224458,0.11094705271657544
3599_GUCD1_P1P2_ENSG00000138867,GUCD1,-0.18025258045307896,-0.08681187218223127,0.09344070827084769
6480_PMPCB_P1_ENSG00000105819,PMPCB,-0.18042038113853248,-0.07720922644941675,0.10321115468911575
5749_NOP56_P1P2_ENSG00000101361,NOP56,-0.18055810701184444,-0.10438005879405929,0.07617804821778516
8889_THOC3_P1P2_ENSG00000051596,THOC3,-0.18072243217294692,-0.08327895541669414,0.09744347675625278
1321_CCND1_P2_ENSG00000110092,CCND1,-0.18081394838358011,-0.04549124680323906,0.13532270158034107
9436_TUT1_P2_ENSG00000149016,TUT1,-0.1808914126556382,-0.07467818160246424,0.10621323105317397
3572_GTF2F2_P1P2_ENSG00000188342,GTF2F2,-0.1809036306698416,-0.0955823710089849,0.0853212596608567
6025_PABPC4_P1P2_ENSG00000090621,PABPC4,-0.18093572937369967,-0.04842188694666334,0.13251384242703634
6879_PSME2_P1P2_ENSG00000100911,PSME2,-0.1809408439129246,-0.09684377389331644,0.08409707001960813
6395_PKM_P2_ENSG00000067225,PKM,-0.1811699814330784,-0.11750491049064339,0.063665070942435
7424_RPAP3_P1P2_ENSG00000005175,RPAP3,-0.1813475912881898,-0.0982699583432177,0.08307763294497211
9056_TMEM242_P1P2_ENSG00000215712,TMEM242,-0.18165271797271806,-0.07150448864984484,0.11014822932287323
2212_DHX36_P1P2_ENSG00000174953,DHX36,-0.181781356434495,0.05898603311450852,0.24076738954900354
1424_CDK12_P1P2_ENSG00000167258,CDK12,-0.18196218501394135,-0.04815494081045907,0.13380724420348228
9811_WDR25_P1P2_ENSG00000176473,WDR25,-0.18200174266398783,-0.051691153207308195,0.13031058945667964
812_BCR_P1P2_ENSG00000186716,BCR,-0.18244197975878484,-0.058335969838380825,0.124106009920404
8425_SRRM2_P1P2_ENSG00000167978,SRRM2,-0.18245733879207948,-0.09303237628198976,0.0894249625100897
3632_HARS_P1P2_ENSG00000170445,HARS,-0.18283717858652557,-0.06367406865458979,0.11916310993193578
6791_PRPF18_P1P2_ENSG00000165630,PRPF18,-0.18287122389497987,-0.12882952358352864,0.054041700311451224
3741_HIRA_P1_ENSG00000100084,HIRA,-0.18289963885931687,-0.06653385272481772,0.11636578613449916
5083_MIS18A_P1P2_ENSG00000159055,MIS18A,-0.18304292081195653,-0.03865775527960182,0.1443851655323547
8317_SPAG7_P1P2_ENSG00000091640,SPAG7,-0.18317714842718055,-0.047382939175828004,0.13579420925135255
8888_THOC2_P1P2_ENSG00000125676,THOC2,-0.18330254592502418,-0.04458989163964281,0.13871265428538138
6698_PPP4R2_P1P2_ENSG00000163605,PPP4R2,-0.18373471856932072,-0.07752148751614703,0.10621323105317369
6865_PSMD11_P1P2_ENSG00000108671,PSMD11,-0.18387403333305444,-0.035892720609560724,0.1479813127234937
9921_YBX1_P1P2_ENSG00000065978,YBX1,-0.18389664847669512,-0.04770014368952451,0.13619650478717063
5233_MRPL4_P1P2_ENSG00000105364,MRPL4,-0.1839881397676435,-0.09123955284873854,0.09274858691890495
5624_NFATC2IP_P1P2_ENSG00000176953,NFATC2IP,-0.184516009577004,-0.10735024651321623,0.07716576306378778
4942_MED1_P1P2_ENSG00000125686,MED1,-0.18454966938137796,-0.054386155711987086,0.13016351366939088
5762_NPAT_P1P2_ENSG00000149308,NPAT,-0.1845528082335462,-0.11601116559887514,0.06854164263467104
9457_TXNL4A_P1P2_ENSG00000141759,TXNL4A,-0.18472496851194556,-0.058010526246405125,0.12671444226554043
7390_RNF40_P1P2_ENSG00000103549,RNF40,-0.18493547307478433,-0.04726100081731688,0.13767447225746746
9753_VPS37A_P1P2_ENSG00000155975,VPS37A,-0.18494581852108188,-0.06114549553112136,0.12380032298996053
7837_SF3B3_P1P2_ENSG00000189091,SF3B3,-0.18499039513743842,-0.07804466898678969,0.10694572615064872
585_GET3_P1P2_ENSG00000198356,GET3,-0.185237612725142,-0.07748441166389282,0.10775320106124918
10029_ZC3H8_P1P2_ENSG00000144161,ZC3H8,-0.18556310047303146,-0.06966882200954329,0.11589427846348817
8429_SRSF11_P1_ENSG00000116754,SRSF11,-0.18586915775806392,-0.10717640196155306,0.07869275579651086
592_INTS13_P1P2_ENSG00000064102,INTS13,-0.1859150918787522,-0.09984691792558853,0.08606817395316366
4984_METAP1_P1P2_ENSG00000164024,METAP1,-0.18624386757866213,-0.05540697751060597,0.13083689006805616
7475_RPL5_P1P2_ENSG00000122406,RPL5,-0.18631840832275873,-0.08897874976929664,0.09733965855346209
6851_PSMB3_P1P2_ENSG00000277791,PSMB3,-0.18734320455239054,-0.07053474913654227,0.11680845541584826
7495_RPRD1B_P1P2_ENSG00000101413,RPRD1B,-0.1874536312391773,-0.055528091961295364,0.13192553927788192
2582_ELAC2_P1P2_ENSG00000006744,ELAC2,-0.18747980502976475,-0.10308569959661293,0.08439410543315183
7649_SAP30BP_P1P2_ENSG00000161526,SAP30BP,-0.18755403586514907,-0.057629880829968325,0.12992415503518076
3229_FXN_P1P2_ENSG00000165060,FXN,-0.1879600001620673,-0.06567946030741555,0.12228053985465175
4401_KIN_P1P2_ENSG00000151657,KIN,-0.18864774912858814,-0.08121753803157868,0.10743021109700947
6213_PELO_P2_ENSG00000152684,PELO,-0.18877996585368315,-0.06333297081388828,0.12544699503979487
8220_SNRNP40_P1P2_ENSG00000060688,SNRNP40,-0.188790787643967,-0.11283335310711658,0.07595743453685043
3658_HCFC1_P1P2_ENSG00000172534,HCFC1,-0.1889323809134434,-0.09671442036436129,0.0922179605490821
1927_CTCF_P1P2_ENSG00000102974,CTCF,-0.18912407673167597,-0.05769167391705465,0.13143240281462132
5933_OGT_P1P2_ENSG00000147162,OGT,-0.1892622602259555,-0.08037138469244601,0.10889087553350948
6846_PSMA6_P1P2_ENSG00000100902,PSMA6,-0.18938240007226836,-0.07582835693004217,0.1135540431422262
4531_LCE1E_P1P2_ENSG00000186226,LCE1E,-0.18977139025225068,-0.09638980068021355,0.09338158957203713
1315_CCNA2_P1P2_ENSG00000145386,CCNA2,-0.1899082550377964,-0.10216457064513748,0.08774368439265891
4116_INCENP_P1P2_ENSG00000149503,INCENP,-0.19010151186152904,-0.07204579609269865,0.1180557157688304
3337_GEMIN6_P1P2_ENSG00000152147,GEMIN6,-0.1902467641218979,-0.10091552637821574,0.08933123774368214
4932_MED12_P1P2_ENSG00000184634,MED12,-0.1905270011677711,-0.06617298109625774,0.12435402007151336
2275_DNAJA1_P2_ENSG00000086061,DNAJA1,-0.1908148070648979,-0.06178320018982871,0.12903160687506918
3770_HIST1H2BN_P1P2_ENSG00000233822,HIST1H2BN,-0.19092590070928744,-0.09737272271875347,0.09355317799053398
916_BTAF1_P1P2_ENSG00000095564,BTAF1,-0.19101522182189823,-0.07670417095098035,0.11431105087091789
34_ABCF1_P2_ENSG00000204574,ABCF1,-0.191194272570053,-0.053811068048193716,0.1373832045218593
2421_DYNC1H1_P1P2_ENSG00000197102,DYNC1H1,-0.1914246882165504,-0.05901322207282109,0.1324114661437293
6793_PRPF31_P1P2_ENSG00000105618,PRPF31,-0.19162723429925466,-0.1131002992433127,0.07852693505594194
6557_POLR3C_P1P2_ENSG00000186141,POLR3C,-0.1918805530817279,-0.08820510031901421,0.1036754527627137
9843_WDR77_P1P2_ENSG00000116455,WDR77,-0.19197358889810417,-0.07844261646760878,0.11353097243049538
9916_YAE1_P1P2_ENSG00000241127,YAE1,-0.19218546520236957,-0.0652691542091773,0.12691631099319228
1636_CLASRP_P1P2_ENSG00000104859,CLASRP,-0.19273206867416948,-0.1036401895647005,0.08909187910946897
14_AASDHPPT_P1P2_ENSG00000149313,AASDHPPT,-0.19273218762710592,-0.08313477154682615,0.10959741608027979
1999_CYC1_P1P2_ENSG00000179091,CYC1,-0.19282008417466662,-0.07686236125391649,0.11595772292075014
7375_RNF20_P1P2_ENSG00000155827,RNF20,-0.1928976230726814,-0.08265855282236785,0.11023907025031356
6844_PSMA4_P1P2_ENSG00000041357,PSMA4,-0.1929103075276421,-0.08420832344643488,0.10870198408120722
2550_EIF3F_P1P2_ENSG00000175390,EIF3F,-0.19321242328476845,-0.07441700282105301,0.11879542046371544
8869_TGS1_P1P2_ENSG00000137574,TGS1,-0.19338621613428958,-0.07551362413982889,0.11787259199446071
9841_WDR75_P1P2_ENSG00000115368,WDR75,-0.1936196802872767,-0.04836503730654529,0.1452546429807314
7701_SCNM1_P1P2_ENSG00000163156,SCNM1,-0.19372464675279172,-0.07934149990771504,0.1143831468450767
3286_GART_P1P2_ENSG00000159131,GART,-0.1938840312991482,-0.09494960979725002,0.09893442150189817
6854_PSMB6_P2_ENSG00000142507,PSMB6,-0.19405692704049576,-0.08632247093252889,0.10773445610796686
9253_TRAPPC8_P1P2_ENSG00000153339,TRAPPC8,-0.19418316665596516,-0.09055818107516217,0.10362498558080299
9479_UBA2_P1P2_ENSG00000126261,UBA2,-0.19434023106874443,-0.08507589838908512,0.10926433267965932
9339_TSEN54_P1P2_ENSG00000182173,TSEN54,-0.1944425834778362,-0.06711965119037916,0.12732293228745703
6866_PSMD12_P1P2_ENSG00000197170,PSMD12,-0.19474597129771742,-0.06771286482638388,0.12703310647133353
3617_H3F3A_P1P2_ENSG00000163041,H3F3A,-0.19484704883085258,-0.08721641092567438,0.1076306379051782
821_BET1_P1P2_ENSG00000105829,BET1,-0.19589916612535668,-0.06276529832053723,0.13313386780481945
510_ARL4D_P1P2_ENSG00000175906,ARL4D,-0.19590521843118058,-0.11650880592685783,0.07939641250432274
3214_FTSJ3_P1P2_ENSG00000108592,FTSJ3,-0.19626862038533227,-0.06067916370059455,0.1355894566847377
1399_CDC40_P1P2_ENSG00000168438,CDC40,-0.19653627934579088,-0.08866484088691653,0.10787143845887436
6850_PSMB2_P1P2_ENSG00000126067,PSMB2,-0.19721230831137812,-0.07808668828600196,0.11912562002537616
2553_EIF3I_P1P2_ENSG00000084623,EIF3I,-0.19737644934063722,-0.06394842996123973,0.1334280193793975
3460_GOLGA6L1_ENST00000560659.2_ENSG00000273976,GOLGA6L1,-0.19747360522838198,-0.046827625299903156,0.15064597992847883
4950_MED27_P1P2_ENSG00000160563,MED27,-0.19756179961448256,-0.04994529252023514,0.14761650709424742
7117_RARS_P1P2_ENSG00000113643,RARS,-0.19759555594217706,-0.07246434126920767,0.1251312146729694
4857_MARS_P1P2_ENSG00000166986,MARS,-0.1977730115462305,-0.04862951171926467,0.14914349982696584
2551_EIF3G_P1P2_ENSG00000130811,EIF3G,-0.1980914796640549,-0.05580574889925716,0.14228573076479775
9383_TTC27_P1P2_ENSG00000018699,TTC27,-0.19817838322636036,-0.08931490416303547,0.10886347906332489
3818_HMBOX1_P1P2_ENSG00000147421,HMBOX1,-0.19818617831250657,-0.09724748872893603,0.10093868958357055
5203_MRPL1_P1P2_ENSG00000169288,MRPL1,-0.19905020829408276,-0.06947355585435784,0.1295766524397249
3501_GPKOW_P1P2_ENSG00000068394,GPKOW,-0.19979432475924824,-0.1341148922987605,0.06567943246048775
308_ANAPC4_P1P2_ENSG00000053900,ANAPC4,-0.1998226409763006,-0.10299342191989565,0.09682921905640494
3790_HIST2H3A_P1P2_ENSG00000203852,HIST2H3A,-0.19985044864957133,-0.10668370508053712,0.0931667435690342
5583_NEDD1_P1P2_ENSG00000139350,NEDD1,-0.19986916625016227,-0.05202483587755781,0.14784433037260444
4976_MEPCE_P1P2_ENSG00000146834,MEPCE,-0.20039301912631052,-0.0773295169922728,0.12306350213403773
6511_POGZ_P1P2_ENSG00000143442,POGZ,-0.20068249023153453,-0.0689544939228523,0.13172799630868223
9621_URI1_P1P2_ENSG00000105176,URI1,-0.20101152651403748,-0.04927545545624701,0.15173607105779047
10542_ZNF674_P1P2_ENSG00000251192,ZNF674,-0.20151190087782547,-0.08185853832159563,0.11965336255622984
1334_CCNL1_P1P2_ENSG00000163660,CCNL1,-0.20247485366780263,-0.06792790476943242,0.1345469488983702
1971_CWC15_P1P2_ENSG00000150316,CWC15,-0.20295714146326344,-0.07773076010440232,0.12522638135886113
2548_EIF3D_P1P2_ENSG00000100353,EIF3D,-0.2030021923707283,-0.06042951962877348,0.14257267274195484
5004_METTL3_P1P2_ENSG00000165819,METTL3,-0.20348389505762438,-0.06596947586279549,0.13751441919482887
339_ANKRD39_P1P2_ENSG00000213337,ANKRD39,-0.20394346090272225,-0.05484177674075201,0.14910168416197025
2030_DARS_P1P2_ENSG00000115866,DARS,-0.204496494372071,-0.07403882912810193,0.1304576652439691
9315_TRMT6_P1P2_ENSG00000089195,TRMT6,-0.20476035328221642,-0.04852405151730598,0.15623630176491043
9762_VPS51_P1P2_ENSG00000149823,VPS51,-0.20490454469831154,-0.055886491866381574,0.14901805283192998
7719_SDE2_P1P2_ENSG00000143751,SDE2,-0.20503606960313359,-0.07240831553692458,0.132627754066209
127_ADAM10_P1P2_ENSG00000137845,ADAM10,-0.20553994427788655,-0.06825334836140523,0.13728659591648132
4871_MAX_P1P2_ENSG00000125952,MAX,-0.20558210273570793,-0.058458732104721974,0.14712337063098596
6795_PRPF38B_P1P2_ENSG00000134186,PRPF38B,-0.20570500505401398,-0.08549361965777838,0.1202113853962356
6273_PHAX_P2_ENSG00000164902,PHAX,-0.20602253335236842,-0.08003193466740315,0.1259905986849653
8460_SSU72_P1P2_ENSG00000160075,SSU72,-0.20641066989577306,-0.1011231511508248,0.10528751874494825
6760_PRKCA_P1P2_ENSG00000154229,PRKCA,-0.20644182629009866,-0.08916330512272262,0.11727852116737604
937_BUD13_P1P2_ENSG00000137656,BUD13,-0.20647951106811008,-0.10774407445489564,0.09873543661321443
5826_NSL1_P1P2_ENSG00000117697,NSL1,-0.2068489327481372,-0.047415895488939444,0.15943303725919775
8557_STX5_P1P2_ENSG00000162236,STX5,-0.20710561561022195,-0.08012586015976789,0.12697975545045406
2724_ERVW-1_ENST00000603053.1_ENSG00000242950,ERVW-1,-0.2072621768965473,-0.08362334888870791,0.1236388280078394
9628_USF2_P1P2_ENSG00000105698,USF2,-0.20744647408141248,-0.1104745049961703,0.09697196908524218
6250_PGAM1_P1P2_ENSG00000171314,PGAM1,-0.20827053308092772,-0.10492383796038736,0.10334669512054036
1834_CPNE7_P1P2_ENSG00000178773,CPNE7,-0.20899478235224356,-0.08665368187929898,0.12234110047294457
6948_PUM1_P1P2_ENSG00000134644,PUM1,-0.20912069744174827,-0.04888739486936004,0.16023330257238821
9942_YPEL1_P1P2_ENSG00000100027,YPEL1,-0.20912228695942292,-0.08301777663528598,0.12610451032413694
9837_WDR70_P1P2_ENSG00000082068,WDR70,-0.20932085971361777,-0.12346176408552181,0.08585909562809596
2175_DGCR8_P1P2_ENSG00000128191,DGCR8,-0.20963815297634708,0.07265795960874409,0.2822961125850912
4697_LSM7_P1P2_ENSG00000130332,LSM7,-0.21100958541037956,-0.1081848651427631,0.10282472026761645
3336_GEMIN5_P1P2_ENSG00000082516,GEMIN5,-0.211039976194833,-0.12459546125655004,0.08644451493828297
4333_KEAP1_P1P2_ENSG00000079999,KEAP1,-0.21122761309088772,-0.11757494265600697,0.09365267043488075
9781_INTS14_P1P2_ENSG00000138614,INTS14,-0.21169843021517648,-0.12989977985181694,0.08179865036335952
6922_PTPMT1_P1P2_ENSG00000110536,PTPMT1,-0.2119104642870031,-0.139645785546667,0.0722646787403361
6158_PDCD6IP_P1P2_ENSG00000170248,PDCD6IP,-0.21220216025700633,-0.09523797753697213,0.11696418272003421
1419_CDIPT_P1P2_ENSG00000103502,CDIPT,-0.212234380156763,-0.06797321969996407,0.1442611604567989
8667_TAF6L_P1P2_ENSG00000162227,TAF6L,-0.21303651444530622,-0.09343938674891812,0.1195971276963881
4357_ICE1_P1P2_ENSG00000164151,ICE1,-0.21490804294497484,-0.0985970497508389,0.11631099319413594
997_C16orf86_P1P2_ENSG00000159761,C16orf86,-0.2160261118704202,-0.08822157847556915,0.12780453339485107
9583_UHRF1_P1P2_ENSG00000276043,UHRF1,-0.21648852205556912,-0.05206355954546528,0.16442496251010383
3878_HNRNPU_P1P2_ENSG00000153187,HNRNPU,-0.21743828595254444,-0.14852751193016958,0.06891077402237486
5576_NDUFV2_P1P2_ENSG00000178127,NDUFV2,-0.21749190285929443,-0.07760552611457427,0.13988637674472015
3403_GLRX3_P1P2_ENSG00000108010,GLRX3,-0.21838477102144588,-0.11968826623427548,0.0986965047871704
7929_SIRT7_P1P2_ENSG00000187531,SIRT7,-0.21920442241346616,-0.06780431859526524,0.1514001038182009
8185_SMNDC1_P1P2_ENSG00000119953,SMNDC1,-0.2194152338627232,-0.06628338474517813,0.1531318491175451
9218_TPT1_P1P2_ENSG00000133112,TPT1,-0.21992746037203997,-0.10056536555141958,0.11936209482062038
5317_MTHFD1_P1P2_ENSG00000100714,MTHFD1,-0.22011949409798837,-0.0702175446228472,0.14990194947514116
6558_POLR3D_P1P2_ENSG00000168495,POLR3D,-0.2215250932454871,-0.07875487753433563,0.14277021571115148
2538_EIF2B4_P1P2_ENSG00000115211,EIF2B4,-0.2220239347358629,-0.06149071291096192,0.16053322182490098
3027_FBXO5_P1P2_ENSG00000112029,FBXO5,-0.22347237650115243,-0.07375787655883025,0.1497144999423222
9319_TRNT1_P1P2_ENSG00000072756,TRNT1,-0.22367392581601192,-0.09048814890979785,0.13318577690621405
496_ARID5B_ENST00000279873.7_ENSG00000150347,ARID5B,-0.22385279144388792,-0.11501670885074243,0.10883608259314549
7976_SLC1A5_P1_ENSG00000105281,SLC1A5,-0.22413102908052135,-0.12698891349625788,0.09714211558426346
3448_GNPAT_P1P2_ENSG00000116906,GNPAT,-0.22497891115296859,-0.0933042658651638,0.1316746452878048
8872_THAP11_P1P2_ENSG00000168286,THAP11,-0.225034020388782,-0.083982572701621,0.141051447687161
1120_CYREN_P1P2_ENSG00000122783,CYREN,-0.2250636455823801,-0.08832209523055315,0.13674155035182695
4624_LONP1_P1P2_ENSG00000196365,LONP1,-0.22512187665808436,-0.08578198739750316,0.1393398892605812
3233_FYN_P1P2_ENSG00000010810,FYN,-0.22522574369279025,-0.06652808537003206,0.15869765832275817
4100_ILF3_P1P2_ENSG00000129351,ILF3,-0.22548262078006487,-0.055330354082626654,0.17015226669743821
8227_SNRPC_P1P2_ENSG00000124562,SNRPC,-0.2255055863767627,-0.07191232302458922,0.1535932633521735
5903_NUP93_P1P2_ENSG00000102900,NUP93,-0.22701238079382635,-0.10520479052967074,0.1218075902641556
6869_PSMD1_P1P2_ENSG00000173692,PSMD1,-0.2272157601363815,-0.07456695404571444,0.15264880609066706
7634_SAE1_P1P2_ENSG00000142230,SAE1,-0.22830656648497044,-0.06915470352499724,0.1591518629599732
5468_NARS_P1P2_ENSG00000134440,NARS,-0.2283727783943637,-0.06755549843127577,0.16081727996308792
5910_NXF1_P1_ENSG00000162231,NXF1,-0.2285671686354468,-0.09073696907379326,0.13783019956165352
9783_WAC_P1P2_ENSG00000095787,WAC,-0.22920961987381375,-0.06915799915631599,0.16005162071749776
2685_EPS8L1_P2_ENSG00000131037,EPS8L1,-0.22925254897864863,-0.06399127316827877,0.16526127581036987
7142_RBBP6_P1P2_ENSG00000122257,RBBP6,-0.22982326218511617,-0.11322965277227076,0.11659360941284541
5494_NCBP2_P1P2_ENSG00000114503,NCBP2,-0.22992662981898346,-0.051418439716311826,0.17850819010267163
7832_SF3A2_P2_ENSG00000104897,SF3A2,-0.23024660182280735,-0.09425340768277393,0.1359931941400334
2541_EIF2S1_P1P2_ENSG00000134001,EIF2S1,-0.23060890139988374,-0.06912833847451638,0.16148056292536736
9164_TOMM22_P1P2_ENSG00000100216,TOMM22,-0.2308412400618733,-0.12456744839040398,0.1062737916714693
7823_SETDB1_P1P2_ENSG00000143379,SETDB1,-0.23113253075931228,-0.14621645047323736,0.0849160802860749
9147_TNNT2_P1P2_ENSG00000118194,TNNT2,-0.2314954204631035,-0.13629412850325098,0.09520129195985254
9117_TMX2_P1P2_ENSG00000213593,TMX2,-0.23169590600642592,-0.10951053283766739,0.12218537316875852
5249_MRPS18B_P1P2_ENSG00000204568,MRPS18B,-0.2325690936536447,-0.08005582799439999,0.15251326565924472
1667_CLNS1A_P1P2_ENSG00000074201,CLNS1A,-0.23267146790308174,-0.09479801075693164,0.1378734571461501
4148_INTS3_P1P2_ENSG00000143624,INTS3,-0.23310432368093392,-0.0750959028711443,0.15800842080978963
7173_RBM39_P1P2_ENSG00000131051,RBM39,-0.23336935263715758,-0.04708056500302844,0.18628878763412912
1479_CENPE_P1P2_ENSG00000138778,CENPE,-0.23433385191036482,-0.06437191858472203,0.1699619333256428
10135_ZMAT2_P2_ENSG00000146007,ZMAT2,-0.23491616338964683,-0.1271932426375443,0.10772292075210253
8238_SNW1_P1_ENSG00000100603,SNW1,-0.2355701046684867,-0.08068776529831846,0.15488233937016826
6878_PSME1_P1P2_ENSG00000092010,PSME1,-0.23574676854548932,-0.0893659864483589,0.14638078209713043
8424_SRRM1_P1P2_ENSG00000133226,SRRM1,-0.23661290181575761,-0.12699385694322696,0.10961904487253067
2569_EIF4G2_P1_ENSG00000110321,EIF4G2,-0.23694098622763055,-0.10959786706740864,0.1273431191602219
6625_PPIE_P1P2_ENSG00000084072,PPIE,-0.23724073229699638,-0.07224765351050368,0.1649930787864927
4215_IST1_P1P2_ENSG00000182149,IST1,-0.23724278027200063,-0.0724602217300672,0.16478255854193344
2858_FAM136A_P1P2_ENSG00000035141,FAM136A,-0.2393286285913407,-0.07965623269792972,0.15967239589341098
1408_CDC5L_P1P2_ENSG00000096401,CDC5L,-0.24021617264950296,-0.12852797331855736,0.1116881993309456
4594_LIN54_P2_ENSG00000189308,LIN54,-0.24216498128945205,-0.044835416172323374,0.19732956511712868
2537_EIF2B3_P1P2_ENSG00000070785,EIF2B3,-0.24229399618835498,-0.07306744179914998,0.169226554389205
6855_PSMB6_P1_ENSG00000142507,PSMB6,-0.2431282755796309,-0.08363323578264402,0.15949503979698687
7758_SEH1L_P1P2_ENSG00000085415,SEH1L,-0.24563547570340813,-0.05218467399615015,0.19345080170725798
6050_PAM16_P1P2_ENSG00000217930,PAM16,-0.24710140406408326,-0.08323446439399476,0.1638669396700885
8266_SOD1_P1P2_ENSG00000142168,SOD1,-0.24756326835444598,-0.04946660207229152,0.19809666628215444
2204_DHX16_P1P2_ENSG00000204560,DHX16,-0.25063236956800666,-0.1326227952226418,0.11800957434536485
4312_POGLUT3_P1P2_ENSG00000178202,POGLUT3,-0.2506549899198926,-0.06345490917239625,0.18720008074749633
2576_EIF5A_P1P2_ENSG00000132507,EIF5A,-0.2519376434295355,-0.08617169580004232,0.1657659476294932
9744_VPS25_P1P2_ENSG00000131475,VPS25,-0.25269501326330335,-0.050297101162697894,0.20239791210060543
1136_C9orf78_P1P2_ENSG00000136819,C9orf78,-0.2528534589025484,-0.11207453399771608,0.14077892490483235
261_ALDOA_P1P2_ENSG00000149925,ALDOA,-0.25312455540910084,-0.14120709088032543,0.11191746452877542
8069_SLC39A10_P1P2_ENSG00000196950,SLC39A10,-0.2540807922240473,-0.15155454928945367,0.10252624293459361
3710_HEXIM1_P1P2_ENSG00000186834,HEXIM1,-0.25440006132590676,-0.056199576840938265,0.1982004844849685
9473_U2AF1_P1P2_ENSG00000160201,U2AF1,-0.25444476370008473,-0.13703070210128682,0.11741406159879794
5414_MZT1_P1P2_ENSG00000204899,MZT1,-0.25531003774541905,-0.06499396899469598,0.1903160687507231
3246_GAB2_P1P2_ENSG00000033327,GAB2,-0.25593895243193765,-0.07913222731946461,0.17680672511247303
6228_PEX19_P1P2_ENSG00000162735,PEX19,-0.256670753428167,-0.0915205054180148,0.16515024801015216
4463_KPNA6_P1P2_ENSG00000025800,KPNA6,-0.2577220929476171,-0.10300990007645332,0.15471219287116378
6671_PPP1R37_P1P2_ENSG00000104866,PPP1R37,-0.2614033808861667,-0.05768755437791,0.2037158265082567
7623_S100A1_P2_ENSG00000160678,S100A1,-0.26382580132211253,-0.134970108623995,0.1288556926981175
2120_DDX41_P1P2_ENSG00000183258,DDX41,-0.26666611659008843,-0.12869028316063166,0.13797583342945677
5202_MRPL19_P1P2_ENSG00000115364,MRPL19,-0.267557447830082,-0.10996862558991354,0.15758882224016846
6632_PPIL4_P1P2_ENSG00000131013,PPIL4,-0.2688257662368906,-0.15691983706397877,0.11190592917291178
968_C12orf60_P1P2_ENSG00000182993,C12orf60,-0.26935584657889516,-0.06740060375964986,0.2019552428192453
6843_PSMA3_P1P2_ENSG00000100567,PSMA3,-0.2719453733139483,-0.12909152627276668,0.14285384704118162
6679_PPP2CB_P1P2_ENSG00000104695,PPP2CB,-0.2724645708495508,-0.05733739355110798,0.2151271772984428
6696_PPP4C_P1P2_ENSG00000149923,PPP4C,-0.27577007582493346,-0.08293785757599297,0.1928322182489405
1332_CCNK_P2_ENSG00000090061,CCNK,-0.2761572156385022,-0.11078923778637935,0.16536797785212287
2314_DNMT1_P1P2_ENSG00000130816,DNMT1,-0.27654120854048725,-0.09921827625299388,0.17732293228749335
2205_DHX29_P1P2_ENSG00000067248,DHX29,-0.2767781364327515,-0.09480789765087033,0.1819702387818812
4941_MED19_P1P2_ENSG00000156603,MED19,-0.2779924222247926,-0.10613003902026838,0.1718623832045242
3335_GEMIN4_P1P2_ENSG00000179409,GEMIN4,-0.27815252662841283,-0.1235960610614488,0.15455646556696406
6127_PCID2_P1_ENSG00000126226,PCID2,-0.27877389706019867,-0.08856020459278112,0.19021369246741754
9215_TPR_P1P2_ENSG00000047410,TPR,-0.28114830061558344,-0.05593345461256373,0.22521484600301972
7514_RPS25_P1P2_ENSG00000118181,RPS25,-0.2817247441109686,-0.09113326873894938,0.1905914753720192
8222_SNRNP70_P1P2_ENSG00000104852,SNRNP70,-0.28347549203793865,-0.11594607688048005,0.1675294151574586
9390_TTC4_P1P2_ENSG00000243725,TTC4,-0.28368968666999217,-0.15330700123915103,0.1303826854308411
9638_USP19_P1P2_ENSG00000172046,USP19,-0.2848712005469194,-0.09145212106830387,0.1934190794786155
7838_SF3B4_P1P2_ENSG00000143368,SF3B4,-0.28521007875008036,-0.06890917899232177,0.2163008997577586
6667_PPP1R2_P1P2_ENSG00000184203,PPP1R2,-0.2886688417392252,-0.10549315826938165,0.18317568346984353
9547_UBR4_P1P2_ENSG00000127481,UBR4,-0.28887212531878004,-0.06921155316512319,0.21966057215365684
6396_PKM_P1_ENSG00000067225,PKM,-0.29198141194521693,-0.15940556698040306,0.13257584496481387
6258_PGK1_P1P2_ENSG00000102144,PGK1,-0.2943454000092713,-0.13987977536974944,0.15446562463952185
3979_HSPA8_P1P2_ENSG00000109971,HSPA8,-0.2968248356652899,-0.11867568351392933,0.17814915215136054
1716_CNOT1_P1P2_ENSG00000125107,CNOT1,-0.29866129372851147,-0.04756255108228444,0.25109874264622706
7166_RBM25_P1P2_ENSG00000119707,RBM25,-0.3307088559701284,-0.10499798966489059,0.2257108663052378
5339_MTOR_P1P2_ENSG00000198793,MTOR,-0.346813806116023,-0.09494219462679783,0.2518716114892252
6798_PRPF40A_P1P2_ENSG00000196504,PRPF40A,-0.3490280362301874,-0.11593454217089035,0.23309349405929708
3281_GAPDH_P1_ENSG00000111640,GAPDH,-0.3603510946282862,-0.19177196208704098,0.16857913254124524
6024_PABPC1_P1P2_ENSG00000070756,PABPC1,-0.38903570287077077,-0.09086549869492373,0.29817020417584705
