Perturbation,Gene_Target,Axis_Score
1421_CDK11A_P1P2_ENSG00000008128,CDK11A,inf
8609_SUV39H2_P1P2_ENSG00000152455,SUV39H2,inf
8080_SLC39A9_P1P2_ENSG00000029364,SLC39A9,inf
3770_HIST1H2BN_P1P2_ENSG00000233822,HIST1H2BN,inf
982_C14orf93_P2_ENSG00000100802,C14orf93,inf
5490_NCAPG_P1P2_ENSG00000109805,NCAPG,inf
9088_TMEM63A_P2_ENSG00000196187,TMEM63A,inf
9048_TMEM223_P1P2_ENSG00000168569,TMEM223,inf
7100_RAP1A_P1P2_ENSG00000116473,RAP1A,inf
4360_KIAA1143_P1P2_ENSG00000163807,KIAA1143,inf
2599_ELOF1_P1P2_ENSG00000130165,ELOF1,inf
9955_YWHAQ_P1P2_ENSG00000134308,YWHAQ,inf
3296_GATA5_P1P2_ENSG00000130700,GATA5,inf
7118_RASA1_P1_ENSG00000145715,RASA1,inf
3310_GBX1_P2_ENSG00000164900,GBX1,inf
8940_TK1_P1P2_ENSG00000167900,TK1,inf
8954_TM2D3_P1P2_ENSG00000184277,TM2D3,inf
7336_RNF10_P1P2_ENSG00000022840,RNF10,inf
5727_NOBOX_ENST00000483238.1_ENSG00000106410,NOBOX,inf
3787_HIST2H2AC_P1P2_ENSG00000184260,HIST2H2AC,inf
5739_NOLC1_P1P2_ENSG00000166197,NOLC1,inf
1314_CCM2_P1P2_ENSG00000136280,CCM2,inf
5822_NSD1_P1P2_ENSG00000165671,NSD1,inf
580_ASH1L_P1P2_ENSG00000116539,ASH1L,inf
9692_VAC14_P1P2_ENSG00000103043,VAC14,inf
5476_NBAS_P1P2_ENSG00000151779,NBAS,inf
8258_SNX6_P1P2_ENSG00000129515,SNX6,inf
2598_ELMSAN1_P2_ENSG00000156030,ELMSAN1,inf
842_BLMH_P1P2_ENSG00000108578,BLMH,inf
3589_GTF3C6_P1P2_ENSG00000155115,GTF3C6,inf
9734_VMP1_P1P2_ENSG00000062716,VMP1,inf
5893_NUP214_P1P2_ENSG00000126883,NUP214,inf
9536_UBL7_P1_ENSG00000138629,UBL7,inf
5813_NRIP1_P1P2_ENSG00000180530,NRIP1,inf
1616_CIRBP_P1P2_ENSG00000099622,CIRBP,inf
2521_EHMT2_P1P2_ENSG00000204371,EHMT2,inf
2727_ESCO1_P1P2_ENSG00000141446,ESCO1,inf
5674_NIPA1_P1P2_ENSG00000170113,NIPA1,inf
136_ADAR_P1_ENSG00000160710,ADAR,inf
5672_NIN_P1P2_ENSG00000100503,NIN,inf
9722_VEZT_P1P2_ENSG00000028203,VEZT,inf
5938_OLIG2_P1P2_ENSG00000205927,OLIG2,inf
4968_MEIS3_P2_ENSG00000105419,MEIS3,inf
1337_CCNT1_P1P2_ENSG00000129315,CCNT1,inf
2060_DCAF8_P2_ENSG00000132716,DCAF8,inf
5477_NBEAL1_P1P2_ENSG00000144426,NBEAL1,inf
1481_CENPH_P1P2_ENSG00000153044,CENPH,inf
5527_NDRG3_P1P2_ENSG00000101079,NDRG3,inf
3657_HCFC1R1_P1P2_ENSG00000103145,HCFC1R1,inf
3965_HSFY1_ENST00000307393.2_ENSG00000172468,HSFY1,inf
7800_SERINC3_P1P2_ENSG00000132824,SERINC3,inf
7908_SIGIRR_P2_ENSG00000185187,SIGIRR,inf
7899_SHOX2_P1P2_ENSG00000168779,SHOX2,inf
8053_SLC35F6_P1P2_ENSG00000213699,SLC35F6,inf
798_BCL2L11_P2_ENSG00000153094,BCL2L11,inf
3827_HMGB1_P1_ENSG00000189403,HMGB1,inf
3025_FBXO46_P1P2_ENSG00000177051,FBXO46,inf
935_BUB1_P1P2_ENSG00000169679,BUB1,inf
9328_TRRAP_P1P2_ENSG00000196367,TRRAP,inf
1170_CAMTA2_P1P2_ENSG00000108509,CAMTA2,inf
6202_PDXK_P1P2_ENSG00000160209,PDXK,inf
9469_TYW3_P1P2_ENSG00000162623,TYW3,inf
3987_HSPG2_P1P2_ENSG00000142798,HSPG2,inf
2357_DPP7_P1_ENSG00000176978,DPP7,inf
2380_DSCR4_P1P2_ENSG00000184029,DSCR4,inf
4560_LGALS1_P1_ENSG00000100097,LGALS1,inf
1858_CREB3L1_P1P2_ENSG00000157613,CREB3L1,inf
7051_RABGGTB_P1P2_ENSG00000137955,RABGGTB,inf
3157_FOXF1_P1P2_ENSG00000103241,FOXF1,inf
232_AKAP8L_P1P2_ENSG00000011243,AKAP8L,inf
3173_FOXN2_P1P2_ENSG00000170802,FOXN2,inf
4425_KLF9_P1P2_ENSG00000119138,KLF9,inf
7175_RBM41_P1P2_ENSG00000089682,RBM41,inf
1884_CRY2_P1P2_ENSG00000121671,CRY2,inf
4528_LBX1_P1P2_ENSG00000138136,LBX1,inf
6898_PTBP3_P1P2_ENSG00000119314,PTBP3,inf
4680_LRRFIP1_P1P2_ENSG00000124831,LRRFIP1,inf
4589_LIMS1_P1P2_ENSG00000169756,LIMS1,inf
7181_RBM4_P2_ENSG00000173933,RBM4,inf
8587_SUMO1_P1P2_ENSG00000116030,SUMO1,inf
8672_TAF9_P1P2_ENSG00000273841,TAF9,inf
201_AHCTF1_P1P2_ENSG00000153207,AHCTF1,inf
2862_FAM156B_ENST00000509613.1_ENSG00000179304,FAM156B,inf
1250_CCDC125_P1P2_ENSG00000183323,CCDC125,inf
2819_FAF1_P1P2_ENSG00000185104,FAF1,inf
10182_ZNF169_P1P2_ENSG00000175787,ZNF169,inf
6101_PBK_P1P2_ENSG00000168078,PBK,inf
2485_EEF1D_P1P2_ENSG00000104529,EEF1D,inf
1648_CLEC16A_P1P2_ENSG00000038532,CLEC16A,inf
6897_PTBP2_P1P2_ENSG00000117569,PTBP2,inf
7502_RPS14_P1P2_ENSG00000164587,RPS14,inf
697_ATRIP_P1P2_ENSG00000164053,ATRIP,inf
1045_C1orf216_P1P2_ENSG00000142686,C1orf216,inf
8866_TGIF2_P1P2_ENSG00000118707,TGIF2,inf
8758_TBX5_P2_ENSG00000089225,TBX5,inf
8769_ELOB_P1P2_ENSG00000103363,ELOB,inf
8793_TCP1_P1P2_ENSG00000120438,TCP1,inf
6495_PNPLA4_P1P2_ENSG00000006757,PNPLA4,inf
6231_PEX2_P1P2_ENSG00000164751,PEX2,inf
6401_PKNOX1_P1P2_ENSG00000160199,PKNOX1,inf
632_ATMIN_P1P2_ENSG00000166454,ATMIN,inf
3089_FIZ1_P1P2_ENSG00000179943,FIZ1,inf
4165_IPO8_P1P2_ENSG00000133704,IPO8,inf
4890_MCAT_P1P2_ENSG00000100294,MCAT,inf
1703_CNBD2_P1P2_ENSG00000149646,CNBD2,inf
2915_FAM229A_P1P2_ENSG00000225828,FAM229A,inf
1680_CLSTN3_P2_ENSG00000139182,CLSTN3,inf
10515_ZNF627_P1P2_ENSG00000198551,ZNF627,inf
4119_ING1_P2_ENSG00000153487,ING1,inf
1976_CWF19L2_P1P2_ENSG00000152404,CWF19L2,inf
341_ANKRD46_P1P2_ENSG00000186106,ANKRD46,inf
3452_GNPTAB_P1P2_ENSG00000111670,GNPTAB,inf
3493_GPATCH8_P1P2_ENSG00000186566,GPATCH8,inf
8737_TBL2_P1_ENSG00000106638,TBL2,inf
756_BAK1_P1P2_ENSG00000030110,BAK1,inf
2182_DGKZ_P1P2_ENSG00000149091,DGKZ,inf
7718_SDCCAG8_P1P2_ENSG00000054282,SDCCAG8,inf
7647_SAP130_P1P2_ENSG00000136715,SAP130,inf
7634_SAE1_P1P2_ENSG00000142230,SAE1,inf
7668_SBDS_P1P2_ENSG00000126524,SBDS,inf
4079_IKBKE_P1P2_ENSG00000263528,IKBKE,inf
7809_SERTAD2_P1P2_ENSG00000179833,SERTAD2,inf
6734_PRDX1_P1P2_ENSG00000117450,PRDX1,inf
6681_PPP2R1A_P1_ENSG00000105568,PPP2R1A,inf
6604_PPA2_P1P2_ENSG00000138777,PPA2,inf
4755_MAFG_P1P2_ENSG00000197063,MAFG,inf
10447_ZNF559_P1P2_ENSG00000188321,ZNF559,inf
9125_TNFRSF10A_P1P2_ENSG00000104689,TNFRSF10A,inf
9130_TNFRSF1B_P2_ENSG00000028137,TNFRSF1B,inf
2118_DDX39B_P1P2_ENSG00000198563,DDX39B,inf
8248_SNX1_P1P2_ENSG00000028528,SNX1,inf
9845_WDR81_P2_ENSG00000167716,WDR81,inf
9836_WDR6_P1P2_ENSG00000178252,WDR6,inf
8246_SNX17_P1P2_ENSG00000115234,SNX17,inf
8430_SRSF11_P2_ENSG00000116754,SRSF11,inf
2668_EPHB6_P1P2_ENSG00000106123,EPHB6,inf
2642_ENO3_P2_ENSG00000108515,ENO3,inf
9815_WDR34_P1P2_ENSG00000119333,WDR34,inf
10101_ZFPL1_P1P2_ENSG00000162300,ZFPL1,inf
1526_CERS6_P1P2_ENSG00000172292,CERS6,inf
5340_MTPAP_P1P2_ENSG00000107951,MTPAP,inf
1588_CHMP6_P1P2_ENSG00000176108,CHMP6,0.74185777
3291_GATA1_P1P2_ENSG00000102145,GATA1,0.565145
4147_INTS2_P1P2_ENSG00000108506,INTS2,0.5255565
4540_LDB1_P2_ENSG00000198728,LDB1,0.49626836
4932_MED12_P1P2_ENSG00000184634,MED12,0.4928953
2376_DROSHA_P1P2_ENSG00000113360,DROSHA,0.44659308
4953_MED30_P1P2_ENSG00000164758,MED30,0.43276504
9747_VPS28_P1P2_ENSG00000160948,VPS28,0.40203592
8155_SMC1A_P1P2_ENSG00000072501,SMC1A,0.40035602
1583_CHMP3_P1P2_ENSG00000115561,CHMP3,0.40025055
8599_SUPT6H_P1P2_ENSG00000109111,SUPT6H,0.39307225
6163_GATD1_P1P2_ENSG00000177225,GATD1,0.3586226
4959_MED9_P1P2_ENSG00000141026,MED9,0.3535288
9341_TSG101_P1P2_ENSG00000074319,TSG101,0.35232544
6870_PSMD2_P1P2_ENSG00000175166,PSMD2,0.34609205
4317_KDM1A_P1P2_ENSG00000004487,KDM1A,0.33777666
7504_RPS15_P1P2_ENSG00000115268,RPS15,0.33591545
4150_INTS5_P1P2_ENSG00000185085,INTS5,0.32580724
4153_INTS8_P1P2_ENSG00000164941,INTS8,0.3210708
6927_PTPN1_P1P2_ENSG00000196396,PTPN1,0.30665365
2203_DHX15_P1P2_ENSG00000109606,DHX15,0.2980023
2541_EIF2S1_P1P2_ENSG00000134001,EIF2S1,0.2935773
2537_EIF2B3_P1P2_ENSG00000070785,EIF2B3,0.28945053
8157_SMC3_P1P2_ENSG00000108055,SMC3,0.2860648
680_ATP6V1B2_P1P2_ENSG00000147416,ATP6V1B2,0.2840367
8842_TFCP2L1_P1P2_ENSG00000115112,TFCP2L1,0.27322134
4696_LSM6_P1P2_ENSG00000164167,LSM6,0.27256206
2932_RIPOR1_P1_ENSG00000039523,RIPOR1,0.27167282
4944_MED21_P1P2_ENSG00000152944,MED21,0.26873598
1893_CSE1L_P1P2_ENSG00000124207,CSE1L,0.26454753
4941_MED19_P1P2_ENSG00000156603,MED19,0.2629481
6050_PAM16_P1P2_ENSG00000217930,PAM16,0.2618147
4152_INTS7_P1P2_ENSG00000143493,INTS7,0.26004368
8653_TAF12_P1P2_ENSG00000120656,TAF12,0.2566942
5587_NEDD8-MDP1_P1P2_nan,NEDD8-MDP1,0.24706332
8598_SUPT5H_P1P2_ENSG00000196235,SUPT5H,0.24102946
5588_NEDD8_P1P2_ENSG00000129559,NEDD8,0.24032748
13_AARS_P1P2_ENSG00000090861,AARS,0.2352271
7893_SEM1_P1P2_ENSG00000127922,SEM1,0.23390332
8008_SLC25A42_P1P2_ENSG00000181035,SLC25A42,0.22864838
7515_RPS26_P1P2_ENSG00000197728,RPS26,0.2269142
6875_PSMD7_P1P2_ENSG00000103035,PSMD7,0.22617695
2291_DNAJC17_P1P2_ENSG00000104129,DNAJC17,0.22481449
7657_SARS_P1P2_ENSG00000031698,SARS,0.22112471
2988_FBL_P1P2_ENSG00000105202,FBL,0.21977335
8332_SPC25_P1P2_ENSG00000152253,SPC25,0.21639986
2543_EIF2S3_P1P2_ENSG00000130741,EIF2S3,0.21607037
5861_NUDC_P1P2_ENSG00000090273,NUDC,0.21582928
4957_MED7_P1P2_ENSG00000155868,MED7,0.21573196
6276_PHB_P1P2_ENSG00000167085,PHB,0.21423833
2536_EIF2B2_P1P2_ENSG00000119718,EIF2B2,0.21119344
8431_SRSF1_P1P2_ENSG00000136450,SRSF1,0.21080965
2764_ETV4_P1P2_ENSG00000175832,ETV4,0.20953861
4956_MED6_P1P2_ENSG00000133997,MED6,0.20741634
8921_TIMM23B_P1P2_ENSG00000204152,TIMM23B,0.20677142
3980_HSPA9_P1P2_ENSG00000113013,HSPA9,0.20556654
5427_NAA25_P1P2_ENSG00000111300,NAA25,0.20438722
1716_CNOT1_P1P2_ENSG00000125107,CNOT1,0.20178106
9478_UBA1_P1_ENSG00000130985,UBA1,0.19795233
8651_TAF10_P1P2_ENSG00000166337,TAF10,0.19700794
7501_RPS13_P1P2_ENSG00000110700,RPS13,0.19609995
2292_DNAJC19_P1P2_ENSG00000205981,DNAJC19,0.19595005
6868_PSMD14_P1P2_ENSG00000115233,PSMD14,0.19143052
5900_NUP62_P1P2_ENSG00000213024,NUP62,0.18998039
2538_EIF2B4_P1P2_ENSG00000115211,EIF2B4,0.18967138
3818_HMBOX1_P1P2_ENSG00000147421,HMBOX1,0.18785046
7536_RPS6_P1P2_ENSG00000137154,RPS6,0.18612826
3654_HBS1L_P1P2_ENSG00000112339,HBS1L,0.18495367
8029_SLC2A8_P1P2_ENSG00000136856,SLC2A8,0.1841417
7012_RAB1B_P1P2_ENSG00000174903,RAB1B,0.18303847
9242_TRAPPC11_P1P2_ENSG00000168538,TRAPPC11,0.18038355
6552_POLR2K_P1P2_ENSG00000147669,POLR2K,0.17920528
2793_EXOSC6_P1P2_ENSG00000223496,EXOSC6,0.17890799
8923_TIMM44_P1P2_ENSG00000104980,TIMM44,0.17784968
9656_USP39_P1_ENSG00000168883,USP39,0.17778586
1701_CMTR1_P1P2_ENSG00000137200,CMTR1,0.17749171
4940_MED18_P1P2_ENSG00000130772,MED18,0.1767663
2893_TAFA2_P2_ENSG00000198673,TAFA2,0.17407136
5735_NOL6_P1P2_ENSG00000165271,NOL6,0.1739275
7155_RBM14-RBM4_P1_nan,RBM14-RBM4,0.17346917
4939_MED17_P1P2_ENSG00000042429,MED17,0.17328322
679_ATP6V1A_P1P2_ENSG00000114573,ATP6V1A,0.17267996
6603_PPA1_P1P2_ENSG00000180817,PPA1,0.17109035
3554_GSPT1_P1P2_ENSG00000103342,GSPT1,0.16978483
9380_TTC1_P1P2_ENSG00000113312,TTC1,0.16953038
3504_GPN3_P1P2_ENSG00000111231,GPN3,0.16895725
8500_STAT6_P1P2_ENSG00000166888,STAT6,0.1687143
968_C12orf60_P1P2_ENSG00000182993,C12orf60,0.16847602
7441_RPL17_P1P2_ENSG00000265681,RPL17,0.16789405
4951_MED28_P1P2_ENSG00000118579,MED28,0.16784729
6275_PHB2_P1P2_ENSG00000215021,PHB2,0.16532448
3833_HMGCS1_P1P2_ENSG00000112972,HMGCS1,0.16522688
11174_non-targeting_non-targeting_non-targeting,non-targeting,0.16503832
3677_HEATR1_P1P2_ENSG00000119285,HEATR1,0.1645845
1040_C1orf131_P1P2_ENSG00000143633,C1orf131,0.1638136
10184_ZNF174_P1P2_ENSG00000103343,ZNF174,0.16339682
9847_WDR82_P1P2_ENSG00000164091,WDR82,0.16247539
7513_RPS24_P1P2_ENSG00000138326,RPS24,0.16214065
825_BGLAP_P1P2_ENSG00000242252,BGLAP,0.16188107
9443_TWISTNB_P1P2_ENSG00000105849,TWISTNB,0.16049868
7526_RPS4X_P1P2_ENSG00000198034,RPS4X,0.16026065
1747_COG8_P1P2_ENSG00000213380,COG8,0.15984042
7424_RPAP3_P1P2_ENSG00000005175,RPAP3,0.15976055
1610_CIAPIN1_P1P2_ENSG00000005194,CIAPIN1,0.1593535
699_ATR_P1P2_ENSG00000175054,ATR,0.15929243
127_ADAM10_P1P2_ENSG00000137845,ADAM10,0.15909018
1860_CREB3L3_P1P2_ENSG00000060566,CREB3L3,0.15806463
691_ATP8B2_P2_ENSG00000143515,ATP8B2,0.1578022
6549_POLR2H_P1P2_ENSG00000163882,POLR2H,0.1562241
9400_TTK_P1P2_ENSG00000112742,TTK,0.15589257
8666_TAF5_P1P2_ENSG00000148835,TAF5,0.15525886
2925_FAM50A_P1P2_ENSG00000071859,FAM50A,0.1550663
7454_RPL27A_P1P2_ENSG00000166441,RPL27A,0.1545696
4935_MED14_P1P2_ENSG00000180182,MED14,0.15393314
10029_ZC3H8_P1P2_ENSG00000144161,ZC3H8,0.15383293
6238_PFDN2_P1P2_ENSG00000143256,PFDN2,0.15369281
4952_MED29_P1P2_ENSG00000063322,MED29,0.1536547
7507_RPS18_P1P2_ENSG00000231500,RPS18,0.15149415
4930_MED10_P1P2_ENSG00000133398,MED10,0.15110964
6062_PAPOLA_P1P2_ENSG00000090060,PAPOLA,0.15089418
6474_PMF1_P1P2_ENSG00000160783,PMF1,0.1506669
2539_EIF2B5_P1P2_ENSG00000145191,EIF2B5,0.15047008
3308_GBF1_P1P2_ENSG00000107862,GBF1,0.15042487
4931_MED11_P1P2_ENSG00000161920,MED11,0.15041777
1581_CHMP2A_P1P2_ENSG00000130724,CHMP2A,0.15026909
7117_RARS_P1P2_ENSG00000113643,RARS,0.15004134
4945_MED22_P1P2_ENSG00000148297,MED22,0.14978403
1346_CCT2_P1P2_ENSG00000166226,CCT2,0.14847071
8040_SLC35A4_P1P2_ENSG00000176087,SLC35A4,0.14839795
2162_DERL2_P1P2_ENSG00000072849,DERL2,0.14829646
11328_non-targeting_non-targeting_non-targeting,non-targeting,0.14807642
10737_ZWILCH_P1P2_ENSG00000174442,ZWILCH,0.14764439
6981_QARS_P1P2_ENSG00000172053,QARS,0.14656033
7247_RFC3_P1P2_ENSG00000133119,RFC3,0.14629479
1742_COG3_P1P2_ENSG00000136152,COG3,0.14608425
2222_DICER1_P1P2_ENSG00000100697,DICER1,0.14487009
6548_POLR2G_P1P2_ENSG00000168002,POLR2G,0.1445471
2858_FAM136A_P1P2_ENSG00000035141,FAM136A,0.14441293
5468_NARS_P1P2_ENSG00000134440,NARS,0.14401121
1408_CDC5L_P1P2_ENSG00000096401,CDC5L,0.14366937
3950_HSD17B12_P1P2_ENSG00000149084,HSD17B12,0.14295796
6963_PWP2_P1P2_ENSG00000241945,PWP2,0.14189388
7516_RPS27A_P1P2_ENSG00000143947,RPS27A,0.14148086
7527_RPS5_P1P2_ENSG00000083845,RPS5,0.14132175
1876_CRLF3_P1P2_ENSG00000176390,CRLF3,0.14119945
2175_DGCR8_P1P2_ENSG00000128191,DGCR8,0.1408638
7509_RPS19_P1P2_ENSG00000105372,RPS19,0.14063361
7062_RAD21_P1P2_ENSG00000164754,RAD21,0.14061041
6731_PRDM8_P2_ENSG00000152784,PRDM8,0.14038345
7466_RPL36_P1P2_ENSG00000130255,RPL36,0.13999611
9383_TTC27_P1P2_ENSG00000018699,TTC27,0.13996814
2382_DSN1_P1P2_ENSG00000149636,DSN1,0.13968137
862_BNIP1_P1P2_ENSG00000113734,BNIP1,0.13947658
1197_CARS_P1P2_ENSG00000110619,CARS,0.13918954
10558_ZNF695_ENST00000339986.7_ENSG00000197472,ZNF695,0.1382634
6152_PDCD11_P1P2_ENSG00000148843,PDCD11,0.13776852
6748_PRIM2_P1P2_ENSG00000146143,PRIM2,0.13742092
5430_NAA38_P1P2_ENSG00000183011,NAA38,0.13718536
4994_METTL16_P1P2_ENSG00000127804,METTL16,0.13702033
7050_RABGGTA_P1P2_ENSG00000100949,RABGGTA,0.13642
4472_KRR1_P1P2_ENSG00000111615,KRR1,0.13619706
4312_POGLUT3_P1P2_ENSG00000178202,POGLUT3,0.13602589
10751_non-targeting_non-targeting_non-targeting,non-targeting,0.13537848
1419_CDIPT_P1P2_ENSG00000103502,CDIPT,0.13494608
5426_NAA20_P1P2_ENSG00000173418,NAA20,0.13486935
1941_CTPS1_P1P2_ENSG00000171793,CTPS1,0.13424097
505_ARL1_P1P2_ENSG00000120805,ARL1,0.13418175
8661_TAF1_P1P2_ENSG00000147133,TAF1,0.13367882
8184_SMN2_ENST00000380743.4_ENSG00000205571,SMN2,0.13310775
9366_TSR2_P1P2_ENSG00000158526,TSR2,0.13274744
4888_MBTPS2_P1P2_ENSG00000012174,MBTPS2,0.1326073
2124_DDX47_P1P2_ENSG00000213782,DDX47,0.13242318
1200_KNL1_P1P2_ENSG00000137812,KNL1,0.13215908
8680_TANGO6_P1P2_ENSG00000103047,TANGO6,0.1319226
377_AP2M1_P1_ENSG00000161203,AP2M1,0.13160373
5964_LTO1_P1P2_ENSG00000149716,LTO1,0.13156568
2622_EMG1_P1P2_ENSG00000126749,EMG1,0.1314466
7411_ROMO1_P1P2_ENSG00000125995,ROMO1,0.13106906
2105_DDX18_P1P2_ENSG00000088205,DDX18,0.13054028
7753_SEC61G_P1P2_ENSG00000132432,SEC61G,0.13010952
2487_EEF1G_P1P2_ENSG00000254772,EEF1G,0.13008328
5869_NUDT21_P1P2_ENSG00000167005,NUDT21,0.12924159
5748_NOP2_P1P2_ENSG00000111641,NOP2,0.1286243
7186_RBMX2_P1P2_ENSG00000134597,RBMX2,0.1285503
3986_HSPE1_P1P2_ENSG00000115541,HSPE1,0.12849644
6446_PLEKHJ1_P1P2_ENSG00000104886,PLEKHJ1,0.12819019
3447_GNL3_P1P2_ENSG00000163938,GNL3,0.12810801
7499_RPS11_P1P2_ENSG00000142534,RPS11,0.1277298
3716_HGS_P1P2_ENSG00000185359,HGS,0.12766288
4598_LIN9_P1P2_ENSG00000183814,LIN9,0.12683423
8594_SUPT16H_P1P2_ENSG00000092201,SUPT16H,0.12672056
7508_RPS19BP1_P1P2_ENSG00000187051,RPS19BP1,0.12652399
6874_PSMD6_P1P2_ENSG00000163636,PSMD6,0.12595083
821_BET1_P1P2_ENSG00000105829,BET1,0.12584841
6863_PSMC6_P1P2_ENSG00000100519,PSMC6,0.12569557
1545_CHAF1B_P1P2_ENSG00000159259,CHAF1B,0.12539566
4950_MED27_P1P2_ENSG00000160563,MED27,0.12536097
9703_VARS_P1P2_ENSG00000204394,VARS,0.12504305
1693_CMIP_P1P2_ENSG00000153815,CMIP,0.124808826
8230_SNRPD3_P1P2_ENSG00000100028,SNRPD3,0.123973034
32_ABCE1_P1P2_ENSG00000164163,ABCE1,0.12384272
1943_CTR9_P1P2_ENSG00000198730,CTR9,0.12354476
7312_RIOK2_P1P2_ENSG00000058729,RIOK2,0.12309868
7169_RBM28_P1P2_ENSG00000106344,RBM28,0.12285463
2135_DDX6_P1P2_ENSG00000110367,DDX6,0.12243273
8321_SPATA22_P1P2_ENSG00000141255,SPATA22,0.122037314
2321_DNTTIP2_P1P2_ENSG00000067334,DNTTIP2,0.12192649
9215_TPR_P1P2_ENSG00000047410,TPR,0.121871166
6652_PPP1R10_P1P2_ENSG00000204569,PPP1R10,0.12180307
5791_NR2E1_P1P2_ENSG00000112333,NR2E1,0.1215814
4154_INTS9_P1P2_ENSG00000104299,INTS9,0.12152019
2791_EXOSC4_P1P2_ENSG00000178896,EXOSC4,0.12141123
2783_EXOC6_P1P2_ENSG00000138190,EXOC6,0.121361844
7469_RPL38_P1P2_ENSG00000172809,RPL38,0.121360295
2790_EXOSC3_P1P2_ENSG00000107371,EXOSC3,0.12116085
8557_STX5_P1P2_ENSG00000162236,STX5,0.12061538
4869_MAVS_P1_ENSG00000088888,MAVS,0.12003514
6534_POLR1B_P1P2_ENSG00000125630,POLR1B,0.11959053
6857_PSMC1_P1P2_ENSG00000100764,PSMC1,0.119485594
5470_NAT10_P1P2_ENSG00000135372,NAT10,0.119048126
7455_RPL27_P1P2_ENSG00000131469,RPL27,0.118584365
5548_NDUFAF5_P1P2_ENSG00000101247,NDUFAF5,0.11853304
4746_MAD2L1_P1P2_ENSG00000164109,MAD2L1,0.11823934
7691_SCFD1_P1P2_ENSG00000092108,SCFD1,0.11814653
8458_SSRP1_P1P2_ENSG00000149136,SSRP1,0.11789497
2795_EXOSC8_P1P2_ENSG00000120699,EXOSC8,0.11777705
8229_SNRPD2_P1P2_ENSG00000125743,SNRPD2,0.11769485
687_ATP6V1H_P1P2_ENSG00000047249,ATP6V1H,0.11753395
10056_ZDHHC7_P1P2_ENSG00000153786,ZDHHC7,0.11735833
2328_DOHH_P1P2_ENSG00000129932,DOHH,0.11728599
7505_RPS16_P1P2_ENSG00000105193,RPS16,0.1169965
4108_IMP4_P1P2_ENSG00000136718,IMP4,0.116633676
1351_CCT7_P1P2_ENSG00000135624,CCT7,0.11652888
7833_SF3A2_P1_ENSG00000104897,SF3A2,0.116332784
2238_DLD_P1P2_ENSG00000091140,DLD,0.11632072
4985_METAP2_P1P2_ENSG00000111142,METAP2,0.11625184
16_AATF_P1P2_ENSG00000275700,AATF,0.11623067
7522_RPS2_P1P2_ENSG00000140988,RPS2,0.115503706
2128_DDX52_P1P2_ENSG00000278053,DDX52,0.115326405
6632_PPIL4_P1P2_ENSG00000131013,PPIL4,0.11507411
9844_WDR7_P1P2_ENSG00000091157,WDR7,0.114954755
681_ATP6V1C1_P1P2_ENSG00000155097,ATP6V1C1,0.11473438
6872_PSMD4_P1P2_ENSG00000159352,PSMD4,0.11447808
10202_ZNF207_P1_ENSG00000010244,ZNF207,0.11436
8903_TIAL1_P1P2_ENSG00000151923,TIAL1,0.114269316
2233_DIS3_P1P2_ENSG00000083520,DIS3,0.1141452
3573_GTF2H1_P1P2_ENSG00000110768,GTF2H1,0.11405518
4148_INTS3_P1P2_ENSG00000143624,INTS3,0.11379799
1455_CDR2L_P1P2_ENSG00000109089,CDR2L,0.11346972
2750_ETF1_P1P2_ENSG00000120705,ETF1,0.11319256
7623_S100A1_P2_ENSG00000160678,S100A1,0.1131017
4003_IARS2_P1P2_ENSG00000067704,IARS2,0.11275369
3502_GPN1_P1P2_ENSG00000198522,GPN1,0.11264932
7561_RRP12_P1P2_ENSG00000052749,RRP12,0.11234963
8910_TIGD5_P1P2_ENSG00000179886,TIGD5,0.11233323
7491_RPP30_P1P2_ENSG00000148688,RPP30,0.11230252
4943_MED20_P1P2_ENSG00000124641,MED20,0.112095125
7148_RBFOX2_P1_ENSG00000100320,RBFOX2,0.112054415
4695_LSM5_P1_ENSG00000106355,LSM5,0.11191549
2122_DDX46_P1_ENSG00000145833,DDX46,0.11166041
3622_HADHB_P1P2_ENSG00000138029,HADHB,0.111333154
4942_MED1_P1P2_ENSG00000125686,MED1,0.11111956
7431_RPL10A_P1P2_ENSG00000198755,RPL10A,0.11071128
2307_DNASE1L1_P1_ENSG00000013563,DNASE1L1,0.11066217
7476_RPL6_P1P2_ENSG00000089009,RPL6,0.1106275
8662_TAF2_P1P2_ENSG00000064313,TAF2,0.1105517
9065_DMAC1_P1P2_ENSG00000137038,DMAC1,0.11051662
5163_MPHOSPH10_P1P2_ENSG00000124383,MPHOSPH10,0.11025058
3557_GSTCD_P1P2_ENSG00000138780,GSTCD,0.11006417
6274_PHAX_P1_ENSG00000164902,PHAX,0.11004955
6575_POP4_P1P2_ENSG00000105171,POP4,0.11003899
6032_PAF1_P1P2_ENSG00000006712,PAF1,0.109977454
7423_RPAP2_P1P2_ENSG00000122484,RPAP2,0.1099698
2087_DDB1_P1_ENSG00000167986,DDB1,0.10977488
1910_CSRNP3_P1_ENSG00000178662,CSRNP3,0.10948922
7451_RPL24_P1P2_ENSG00000114391,RPL24,0.10941312
9684_UTP20_P1P2_ENSG00000120800,UTP20,0.10928357
8123_SLMAP_P1P2_ENSG00000163681,SLMAP,0.10916788
8227_SNRPC_P1P2_ENSG00000124562,SNRPC,0.108866274
8124_PRELID3B_P1P2_ENSG00000101166,PRELID3B,0.10859921
10703_ZNRD1_P1P2_ENSG00000066379,ZNRD1,0.1082563
7422_RPAP1_P1P2_ENSG00000103932,RPAP1,0.108145125
1298_CCDC84_P1P2_ENSG00000186166,CCDC84,0.107900426
4955_MED4_P1P2_ENSG00000136146,MED4,0.1077266
9818_WDR3_P1P2_ENSG00000065183,WDR3,0.10763518
6887_PSMG4_P1P2_ENSG00000180822,PSMG4,0.10760106
7607_RUVBL1_P1P2_ENSG00000175792,RUVBL1,0.107186735
7439_RPL15_P1P2_ENSG00000174748,RPL15,0.10639402
5082_MIS12_P1P2_ENSG00000167842,MIS12,0.10614792
4547_LEF1_P2_ENSG00000138795,LEF1,0.105589546
8633_SYS1_P1P2_ENSG00000204070,SYS1,0.10557273
6605_PPAN_P1P2_ENSG00000130810,PPAN,0.10553609
5494_NCBP2_P1P2_ENSG00000114503,NCBP2,0.105199896
6867_PSMD13_P1P2_ENSG00000185627,PSMD13,0.104773484
9837_WDR70_P1P2_ENSG00000082068,WDR70,0.10455954
5733_NOL11_P1P2_ENSG00000130935,NOL11,0.10449651
9672_USP5_P1_ENSG00000111667,USP5,0.104293786
10231_ZNF236_P1P2_ENSG00000130856,ZNF236,0.10400886
7444_RPL19_P1P2_ENSG00000108298,RPL19,0.103722416
9_AAR2_P1P2_ENSG00000131043,AAR2,0.10345859
6480_PMPCB_P1_ENSG00000105819,PMPCB,0.10323833
7814_SETD1A_P1P2_ENSG00000099381,SETD1A,0.10314029
10020_ZC3H13_P1P2_ENSG00000123200,ZC3H13,0.10312074
2731_ESF1_P1_ENSG00000089048,ESF1,0.103076875
3503_GPN2_P1P2_ENSG00000142751,GPN2,0.102998585
7566_RRP7A_P1P2_ENSG00000189306,RRP7A,0.102892905
6576_POP5_P1P2_ENSG00000167272,POP5,0.10260874
2132_DDX56_P1P2_ENSG00000136271,DDX56,0.10226935
8738_TBL3_P1P2_ENSG00000183751,TBL3,0.10212689
1478_CENPC_P1P2_ENSG00000145241,CENPC,0.10209737
3436_RACK1_P1P2_ENSG00000204628,RACK1,0.10193732
2102_DDX10_P1P2_ENSG00000178105,DDX10,0.10193199
3336_GEMIN5_P1P2_ENSG00000082516,GEMIN5,0.10155765
6574_POP1_P1P2_ENSG00000104356,POP1,0.10145178
7645_SAMM50_P1P2_ENSG00000100347,SAMM50,0.10139927
3471_GOLT1B_P1P2_ENSG00000111711,GOLT1B,0.10128123
7631_SACM1L_P1P2_ENSG00000211456,SACM1L,0.10119457
2205_DHX29_P1P2_ENSG00000067248,DHX29,0.10104762
5598_NELFA_P1P2_ENSG00000185049,NELFA,0.10094856
7375_RNF20_P1P2_ENSG00000155827,RNF20,0.100728914
9626_USE1_P1P2_ENSG00000053501,USE1,0.10047197
7518_RPS27_P1P2_ENSG00000177954,RPS27,0.1002417
8660_TAF1D_P1_ENSG00000166012,TAF1D,0.09976377
5192_MRM1_P1P2_ENSG00000278619,MRM1,0.09942164
5499_NCKAP1_P1P2_ENSG00000061676,NCKAP1,0.099326655
5128_MNAT1_P1P2_ENSG00000020426,MNAT1,0.0992379
9583_UHRF1_P1P2_ENSG00000276043,UHRF1,0.099061094
9679_UTP11_P1P2_ENSG00000183520,UTP11,0.09905873
9685_UTP23_P1P2_ENSG00000147679,UTP23,0.09890097
4185_IRF2BP2_P2_ENSG00000168264,IRF2BP2,0.09889928
2549_EIF3E_P1P2_ENSG00000104408,EIF3E,0.09889479
2658_EP400_P1P2_ENSG00000183495,EP400,0.09889456
7434_RPL12_P1P2_ENSG00000197958,RPL12,0.098133154
9364_TSR1_P1_ENSG00000167721,TSR1,0.09805852
7432_RPL10_P1P2_ENSG00000147403,RPL10,0.097992815
9762_VPS51_P1P2_ENSG00000149823,VPS51,0.09798534
4958_MED8_P1P2_ENSG00000159479,MED8,0.09792301
3214_FTSJ3_P1P2_ENSG00000108592,FTSJ3,0.09787681
3050_FDPS_P1P2_ENSG00000160752,FDPS,0.09750741
1844_CPSF6_P1P2_ENSG00000111605,CPSF6,0.09737515
8546_STT3B_P1P2_ENSG00000163527,STT3B,0.09719376
9909_XRCC6_P1P2_ENSG00000196419,XRCC6,0.09712783
1804_COTL1_P1P2_ENSG00000103187,COTL1,0.096934
7493_RPP40_P1P2_ENSG00000124787,RPP40,0.09689169
5599_NELFB_P1P2_ENSG00000188986,NELFB,0.09683155
6215_PELP1_P1P2_ENSG00000141456,PELP1,0.09663597
3551_GSK3B_P1P2_ENSG00000082701,GSK3B,0.09649503
6516_POLD2_P1P2_ENSG00000106628,POLD2,0.09636131
10738_ZWINT_P1P2_ENSG00000122952,ZWINT,0.09627921
9916_YAE1_P1P2_ENSG00000241127,YAE1,0.09619352
7569_RRS1_P1P2_ENSG00000179041,RRS1,0.09589305
4682_LRSAM1_P1P2_ENSG00000148356,LRSAM1,0.09589004
7525_RPS3_P1_ENSG00000149273,RPS3,0.09578169
4691_LSM2_P1P2_ENSG00000204392,LSM2,0.09575558
6861_PSMC4_P1P2_ENSG00000013275,PSMC4,0.09566189
5809_NRBP1_P1P2_ENSG00000115216,NRBP1,0.09565529
4158_IP6K1_P1P2_ENSG00000176095,IP6K1,0.095643215
6801_PRPF4_P1P2_ENSG00000136875,PRPF4,0.09522615
1780_COPS4_P1P2_ENSG00000138663,COPS4,0.09520571
685_ATP6V1F_P1P2_ENSG00000128524,ATP6V1F,0.09497627
2828_RAMAC_P1P2_ENSG00000169612,RAMAC,0.094926946
2792_EXOSC5_P1P2_ENSG00000077348,EXOSC5,0.09473648
5441_NACA_P1P2_ENSG00000196531,NACA,0.09468222
9164_TOMM22_P1P2_ENSG00000100216,TOMM22,0.09467324
2501_EFR3A_P1P2_ENSG00000132294,EFR3A,0.09464867
4684_LSG1_P1P2_ENSG00000041802,LSG1,0.093927056
6866_PSMD12_P1P2_ENSG00000197170,PSMD12,0.09367854
7539_RPS9_P1P2_ENSG00000170889,RPS9,0.09348836
2789_EXOSC2_P1P2_ENSG00000130713,EXOSC2,0.09347715
3385_GLB1_P1P2_ENSG00000170266,GLB1,0.09347019
7774_SENP5_P1P2_ENSG00000119231,SENP5,0.09328043
1808_COX15_P1P2_ENSG00000014919,COX15,0.09320314
6006_OXA1L_P1P2_ENSG00000155463,OXA1L,0.093079165
3634_HAUS1_P1P2_ENSG00000152240,HAUS1,0.09305555
8816_TELO2_P1P2_ENSG00000100726,TELO2,0.09295749
4470_KRI1_P1P2_ENSG00000129347,KRI1,0.09275722
9855_WDTC1_P1P2_ENSG00000142784,WDTC1,0.09274787
7477_RPL7A_P1P2_ENSG00000148303,RPL7A,0.09264381
7497_RPS10-NUDT3_P1P2_ENSG00000270800,RPS10-NUDT3,0.092617
1718_CNOT3_P1P2_ENSG00000088038,CNOT3,0.09241854
6880_PSME3_P1P2_ENSG00000131467,PSME3,0.09229429
6946_PTTG1_P1P2_ENSG00000164611,PTTG1,0.09225661
7453_RPL26_P1P2_ENSG00000161970,RPL26,0.09204565
4161_IPO13_P1P2_ENSG00000117408,IPO13,0.091916904
5022_MFN2_P1_ENSG00000116688,MFN2,0.091855586
7608_RUVBL2_P1P2_ENSG00000183207,RUVBL2,0.09163544
7480_RPL8_P1P2_ENSG00000161016,RPL8,0.09154789
9765_VPS54_P1P2_ENSG00000143952,VPS54,0.09143709
9461_TXN_P1P2_ENSG00000136810,TXN,0.091429055
1578_CHML_P1P2_ENSG00000203668,CHML,0.09130894
1083_NEPRO_P1P2_ENSG00000163608,NEPRO,0.09110793
1347_CCT3_P1P2_ENSG00000163468,CCT3,0.09109351
7479_RPL7_P1P2_ENSG00000147604,RPL7,0.09107958
857_BMP2K_P1P2_ENSG00000138756,BMP2K,0.09107546
9117_TMX2_P1P2_ENSG00000213593,TMX2,0.09107286
7166_RBM25_P1P2_ENSG00000119707,RBM25,0.09088763
9453_TXNDC9_P1P2_ENSG00000115514,TXNDC9,0.090801746
8216_SNRNP200_P1P2_ENSG00000144028,SNRNP200,0.090719014
5031_MFSD6_P1P2_ENSG00000151690,MFSD6,0.09060738
585_GET3_P1P2_ENSG00000198356,GET3,0.0904377
9804_WDR12_P1P2_ENSG00000138442,WDR12,0.090011604
10237_ZNF250_P1P2_ENSG00000196150,ZNF250,0.089951016
2685_EPS8L1_P2_ENSG00000131037,EPS8L1,0.08986828
8107_SLC7A1_P1P2_ENSG00000139514,SLC7A1,0.08977064
4273_KARS_P1P2_ENSG00000065427,KARS,0.08971647
9971_ZBTB14_P1P2_ENSG00000198081,ZBTB14,0.08953773
978_C14orf178_P1P2_ENSG00000197734,C14orf178,0.08951401
5448_NAE1_P1P2_ENSG00000159593,NAE1,0.08950648
8667_TAF6L_P1P2_ENSG00000162227,TAF6L,0.08942764
5089_NIFK_P1P2_ENSG00000155438,NIFK,0.08927114
9317_TRNAU1AP_P1P2_ENSG00000180098,TRNAU1AP,0.08920153
2827_FAM102B_P1P2_ENSG00000162636,FAM102B,0.08911719
2490_EEF2_P1_ENSG00000167658,EEF2,0.0890826
4692_LSM3_P1P2_ENSG00000170860,LSM3,0.08890974
6541_POLR2B_P1P2_ENSG00000047315,POLR2B,0.088901855
7450_RPL23_P1P2_ENSG00000125691,RPL23,0.08877323
1331_CCNJ_P1P2_ENSG00000107443,CCNJ,0.08872572
9764_VPS53_P1P2_ENSG00000141252,VPS53,0.088164076
2468_ECI2_P1P2_ENSG00000198721,ECI2,0.08812203
5731_NOC4L_P1P2_ENSG00000184967,NOC4L,0.08811445
9790_WBP11_P1_ENSG00000084463,WBP11,0.088027686
6181_PDIA6_P1P2_ENSG00000143870,PDIA6,0.08800482
6524_POLE_P1P2_ENSG00000177084,POLE,0.08796236
1187_CAPZB_P1P2_ENSG00000077549,CAPZB,0.08791876
2796_EXOSC9_P1P2_ENSG00000123737,EXOSC9,0.087813586
1410_CDC73_P1P2_ENSG00000134371,CDC73,0.087758005
1906_CSNK2B_P1P2_ENSG00000204435,CSNK2B,0.08773806
5009_METTL8_P1P2_ENSG00000123600,METTL8,0.08765658
2277_DNAJA3_P1P2_ENSG00000103423,DNAJA3,0.08757385
5074_MIIP_P1P2_ENSG00000116691,MIIP,0.087273195
6542_POLR2C_P1P2_ENSG00000102978,POLR2C,0.087098494
3343_GFI1B_P1P2_ENSG00000165702,GFI1B,0.08701443
9687_UTP6_P1P2_ENSG00000108651,UTP6,0.086831205
9896_XPO1_P1P2_ENSG00000082898,XPO1,0.08675789
3286_GART_P1P2_ENSG00000159131,GART,0.08656448
7537_RPS7_P1P2_ENSG00000171863,RPS7,0.086503066
7438_RPL14_P1P2_ENSG00000188846,RPL14,0.086091384
1683_CLTC_P1P2_ENSG00000141367,CLTC,0.08595203
5677_NIPBL_P1P2_ENSG00000164190,NIPBL,0.085897066
9940_YME1L1_P1P2_ENSG00000136758,YME1L1,0.085719444
9682_UTP15_P1P2_ENSG00000164338,UTP15,0.08560062
9831_WDR5_P1P2_ENSG00000196363,WDR5,0.08547827
5699_NKX6-1_P1P2_ENSG00000163623,NKX6-1,0.085192725
6855_PSMB6_P1_ENSG00000142507,PSMB6,0.085135415
7659_SART3_P1P2_ENSG00000075856,SART3,0.085090734
547_ARRB2_P1P2_ENSG00000141480,ARRB2,0.085083276
373_AP2A1_P1P2_ENSG00000196961,AP2A1,0.08501353
3369_GINS1_P1P2_ENSG00000101003,GINS1,0.08492568
6704_PPRC1_P1P2_ENSG00000148840,PPRC1,0.08482936
109_ACTR10_P1P2_ENSG00000131966,ACTR10,0.084817745
9816_WDR36_P1P2_ENSG00000134987,WDR36,0.08471419
7206_RCL1_P1P2_ENSG00000120158,RCL1,0.08468492
332_ANKRD17_P1P2_ENSG00000132466,ANKRD17,0.08458868
8426_SRRT_P1P2_ENSG00000087087,SRRT,0.0844334
786_BCAS2_P1P2_ENSG00000116752,BCAS2,0.084215194
8670_TAF8_P1P2_ENSG00000137413,TAF8,0.08419449
7512_RPS23_P1P2_ENSG00000186468,RPS23,0.083708316
6499_PNPT1_P1P2_ENSG00000138035,PNPT1,0.08368975
3412_GLUL_P1P2_ENSG00000135821,GLUL,0.08366501
2429_DYNLRB1_P1_ENSG00000125971,DYNLRB1,0.083585516
4871_MAX_P1P2_ENSG00000125952,MAX,0.08355163
2235_DKC1_P1P2_ENSG00000130826,DKC1,0.08348197
8416_SRP68_P1P2_ENSG00000167881,SRP68,0.08334289
7478_RPL7L1_P1P2_ENSG00000146223,RPL7L1,0.083332084
2606_ELP4_P1P2_ENSG00000109911,ELP4,0.0833271
7506_RPS17_ENST00000330339.7_ENSG00000182774,RPS17,0.08291143
10040_ZCCHC9_P1P2_ENSG00000131732,ZCCHC9,0.08281533
9763_VPS52_P1P2_ENSG00000223501,VPS52,0.08263497
5794_NR2F2_P1P2_ENSG00000185551,NR2F2,0.08261305
8388_SPTLC2_P1P2_ENSG00000100596,SPTLC2,0.08249553
3935_HPS5_P1P2_ENSG00000110756,HPS5,0.08249437
4713_LTV1_P1P2_ENSG00000135521,LTV1,0.08229107
7540_RPSA_P1P2_ENSG00000168028,RPSA,0.08228515
3215_FUBP1_P1P2_ENSG00000162613,FUBP1,0.08215189
9303_TRMT112_P1P2_ENSG00000173113,TRMT112,0.08201651
1479_CENPE_P1P2_ENSG00000138778,CENPE,0.08175089
8932_TIPARP_P1P2_ENSG00000163659,TIPARP,0.08170253
5707_NMD3_P1P2_ENSG00000169251,NMD3,0.08162569
4061_IGBP1_P1P2_ENSG00000089289,IGBP1,0.081605576
6796_PRPF39_P1P2_ENSG00000185246,PRPF39,0.08156519
7583_RTCB_P1P2_ENSG00000100220,RTCB,0.08152029
901_BRIX1_P1P2_ENSG00000113460,BRIX1,0.08150732
6493_PNO1_P1P2_ENSG00000115946,PNO1,0.08148506
8335_SPCS3_P1_ENSG00000129128,SPCS3,0.08138323
8517_STK24_P1P2_ENSG00000102572,STK24,0.0813408
33_ABCF1_P1_ENSG00000204574,ABCF1,0.081328765
8353_SPHK2_P1P2_ENSG00000063176,SPHK2,0.08117257
608_ATF5_P1P2_ENSG00000169136,ATF5,0.08105666
700_ATXN10_P1P2_ENSG00000130638,ATXN10,0.08105177
1484_CENPK_P1P2_ENSG00000123219,CENPK,0.081036605
1464_CDYL_P2_ENSG00000153046,CDYL,0.08100841
2442_E2F5_P1P2_ENSG00000133740,E2F5,0.081002414
2535_EIF2B1_P1P2_ENSG00000111361,EIF2B1,0.08097567
10702_ZNHIT6_P1P2_ENSG00000117174,ZNHIT6,0.08093208
9686_UTP3_P1P2_ENSG00000132467,UTP3,0.08082338
8820_TERF2_P1P2_ENSG00000132604,TERF2,0.08081397
5745_NOP10_P1P2_ENSG00000182117,NOP10,0.08064888
10699_ZNHIT1_P1P2_ENSG00000106400,ZNHIT1,0.08050892
3042_FCF1_P1P2_ENSG00000119616,FCF1,0.08033141
7947_SKP1_P1P2_ENSG00000113558,SKP1,0.08023261
8663_TAF3_P1P2_ENSG00000165632,TAF3,0.08016493
2694_ERCC2_P1P2_ENSG00000104884,ERCC2,0.08015449
9250_TRAPPC5_P1P2_ENSG00000181029,TRAPPC5,0.08004169
4619_LMO2_P1P2_ENSG00000135363,LMO2,0.08000358
7461_RPL34_P1P2_ENSG00000109475,RPL34,0.07978832
2980_FASTK_P1P2_ENSG00000164896,FASTK,0.07961034
1773_COPE_P1P2_ENSG00000105669,COPE,0.079063825
5005_METTL4_P1P2_ENSG00000101574,METTL4,0.07899546
5852_NUBP1_P1P2_ENSG00000103274,NUBP1,0.07846936
7751_SEC61A1_P1_ENSG00000058262,SEC61A1,0.07840368
7445_RPL21_P1P2_ENSG00000122026,RPL21,0.078210525
7487_RPP14_P1P2_ENSG00000163684,RPP14,0.07796573
4424_KLF8_P1P2_ENSG00000102349,KLF8,0.07796243
2419_DXO_P1P2_ENSG00000204348,DXO,0.07791268
1167_CAMLG_P1P2_ENSG00000164615,CAMLG,0.07784754
3031_FBXO8_P1_ENSG00000164117,FBXO8,0.0778095
1329_CCNH_P1P2_ENSG00000134480,CCNH,0.07779949
8595_SUPT20H_P1P2_ENSG00000102710,SUPT20H,0.07737837
6792_PRPF19_P1P2_ENSG00000110107,PRPF19,0.07710707
8232_SNRPF_P1P2_ENSG00000139343,SNRPF,0.0770683
4722_LYL1_P1P2_ENSG00000104903,LYL1,0.07703485
7500_RPS12_P1P2_ENSG00000112306,RPS12,0.07702203
3681_HEBP1_P1P2_ENSG00000013583,HEBP1,0.076980144
3942_HS3ST3A1_P1P2_ENSG00000153976,HS3ST3A1,0.076953076
939_BYSL_P1P2_ENSG00000112578,BYSL,0.07695029
9821_WDR44_P1P2_ENSG00000131725,WDR44,0.07695009
7503_RPS15A_P1P2_ENSG00000134419,RPS15A,0.07686081
4938_MED16_P1P2_ENSG00000175221,MED16,0.07685036
2548_EIF3D_P1P2_ENSG00000100353,EIF3D,0.076789096
10790_non-targeting_non-targeting_non-targeting,non-targeting,0.07667653
10057_ZDHHC8_P1P2_ENSG00000099904,ZDHHC8,0.07659811
8218_SNRNP27_P1P2_ENSG00000124380,SNRNP27,0.0765936
4998_METTL21A_P1P2_ENSG00000144401,METTL21A,0.07654011
666_ATP5MG_P1P2_ENSG00000167283,ATP5MG,0.07649259
4921_MDN1_P1P2_ENSG00000112159,MDN1,0.07642354
4645_LRIF1_P1P2_ENSG00000121931,LRIF1,0.07621707
7403_RNMT_P1P2_ENSG00000101654,RNMT,0.07617
6715_PRAME_P1P2_ENSG00000185686,PRAME,0.076097324
9489_UBAP1_P1P2_ENSG00000165006,UBAP1,0.07609006
7754_SEC62_P1P2_ENSG00000008952,SEC62,0.07607035
7077_RAE1_P1P2_ENSG00000101146,RAE1,0.076015845
7463_RPL35_P1P2_ENSG00000136942,RPL35,0.07596374
6098_PAXBP1_P1P2_ENSG00000159086,PAXBP1,0.07590838
4149_INTS4_P1P2_ENSG00000149262,INTS4,0.075750925
2907_FAM216A_P1P2_ENSG00000204856,FAM216A,0.07572993
1349_CCT5_P1P2_ENSG00000150753,CCT5,0.07571579
1348_CCT4_P1P2_ENSG00000115484,CCT4,0.07568654
5750_NOP58_P1P2_ENSG00000055044,NOP58,0.07551966
2113_DDX24_P1P2_ENSG00000089737,DDX24,0.075482406
5600_NELFCD_P1P2_ENSG00000101158,NELFCD,0.07545046
8222_SNRNP70_P1P2_ENSG00000104852,SNRNP70,0.07539253
2973_FARSA_P1P2_ENSG00000179115,FARSA,0.075391695
9875_GET1_P1P2_ENSG00000182093,GET1,0.07533497
9480_UBA3_P1P2_ENSG00000144744,UBA3,0.07523013
6565_POLRMT_P1P2_ENSG00000099821,POLRMT,0.075153805
837_BIRC5_P1P2_ENSG00000089685,BIRC5,0.07508059
3331_GDI2_P2_ENSG00000057608,GDI2,0.07506837
9396_TTF1_P1P2_ENSG00000125482,TTF1,0.07497702
7538_RPS8_P1P2_ENSG00000142937,RPS8,0.074973464
3220_FUNDC2_P1P2_ENSG00000165775,FUNDC2,0.07495214
6479_PMPCA_P1P2_ENSG00000165688,PMPCA,0.074811965
4208_ISG20L2_P1P2_ENSG00000143319,ISG20L2,0.07475513
497_ARIH1_P1P2_ENSG00000166233,ARIH1,0.074686326
6798_PRPF40A_P1P2_ENSG00000196504,PRPF40A,0.07464095
9210_TPP2_P1P2_ENSG00000134900,TPP2,0.07460213
2983_FAU_P1P2_ENSG00000149806,FAU,0.07453858
8772_TCERG1_P1P2_ENSG00000113649,TCERG1,0.074263476
2212_DHX36_P1P2_ENSG00000174953,DHX36,0.07406243
2542_EIF2S2_P1P2_ENSG00000125977,EIF2S2,0.07397782
7311_RIOK1_P1P2_ENSG00000124784,RIOK1,0.07390218
7498_RPS10_P1P2_ENSG00000124614,RPS10,0.07390075
7142_RBBP6_P1P2_ENSG00000122257,RBBP6,0.07377943
6795_PRPF38B_P1P2_ENSG00000134186,PRPF38B,0.07356801
964_C12orf45_P1P2_ENSG00000151131,C12orf45,0.073511004
3240_G2E3_P1P2_ENSG00000092140,G2E3,0.07337357
7246_RFC2_P1P2_ENSG00000049541,RFC2,0.073154345
2421_DYNC1H1_P1P2_ENSG00000197102,DYNC1H1,0.072684325
7458_RPL30_P1P2_ENSG00000156482,RPL30,0.07267267
7690_SCD_P1P2_ENSG00000099194,SCD,0.072665535
10160_ZNF121_P1P2_ENSG00000197961,ZNF121,0.07266039
3570_GTF2E2_P1P2_ENSG00000197265,GTF2E2,0.07251306
6291_PHF5A_P1P2_ENSG00000100410,PHF5A,0.07249689
9910_XRN1_P1P2_ENSG00000114127,XRN1,0.072378814
1772_COPB2_P1P2_ENSG00000184432,COPB2,0.0723086
7178_RBM48_P1P2_ENSG00000127993,RBM48,0.072234906
7577_RSL24D1_P1P2_ENSG00000137876,RSL24D1,0.072089076
8905_TIFA_P1P2_ENSG00000145365,TIFA,0.071929485
3525_GRAMD4_ENST00000406902.1_ENSG00000075240,GRAMD4,0.07180769
8462_SSX2IP_P1P2_ENSG00000117155,SSX2IP,0.07175947
5146_MON1A_P1P2_ENSG00000164077,MON1A,0.07169962
7474_RPL4_P1P2_ENSG00000174444,RPL4,0.07147581
4697_LSM7_P1P2_ENSG00000130332,LSM7,0.07125238
228_AKAP11_P1P2_ENSG00000023516,AKAP11,0.071237184
8695_TARS_P1P2_ENSG00000113407,TARS,0.071232684
7648_SAP18_P1P2_ENSG00000150459,SAP18,0.07114692
4947_MED24_P1P2_ENSG00000008838,MED24,0.07108457
22_ABCB7_P1P2_ENSG00000131269,ABCB7,0.07106792
7163_RBM19_P1P2_ENSG00000122965,RBM19,0.07101198
5826_NSL1_P1P2_ENSG00000117697,NSL1,0.07100392
4110_IMPA2_P1P2_ENSG00000141401,IMPA2,0.07083827
2226_DIMT1_P1P2_ENSG00000086189,DIMT1,0.07068833
8446_SSBP1_P1P2_ENSG00000106028,SSBP1,0.070676096
976_RTRAF_P1P2_ENSG00000087302,RTRAF,0.07043374
1828_CPEB1_ENST00000568128.1_ENSG00000214575,CPEB1,0.07034213
9311_TRMT44_P1P2_ENSG00000155275,TRMT44,0.07030103
7739_SEC22B_P1P2_ENSG00000265808,SEC22B,0.07018343
7310_RINT1_P1P2_ENSG00000135249,RINT1,0.07004002
7730_SDSL_P1P2_ENSG00000139410,SDSL,0.07001273
6263_PGPEP1_P1P2_ENSG00000130517,PGPEP1,0.069989584
2427_DYNLL2_P1P2_ENSG00000264364,DYNLL2,0.06996092
3632_HARS_P1P2_ENSG00000170445,HARS,0.06991212
5740_NOM1_P1P2_ENSG00000146909,NOM1,0.069895
5835_NSUN5_P1P2_ENSG00000130305,NSUN5,0.06979829
2111_DDX21_P1P2_ENSG00000165732,DDX21,0.069740884
8650_TADA3_P1P2_ENSG00000171148,TADA3,0.06974034
8855_TFPT_P1P2_ENSG00000105619,TFPT,0.069723725
6843_PSMA3_P1P2_ENSG00000100567,PSMA3,0.06959567
7519_RPS28_P1P2_ENSG00000233927,RPS28,0.069549784
9397_TTF2_P1P2_ENSG00000116830,TTF2,0.06947331
6858_PSMC2_P1P2_ENSG00000161057,PSMC2,0.06937181
2502_EFTUD2_P1P2_ENSG00000108883,EFTUD2,0.0693476
6844_PSMA4_P1P2_ENSG00000041357,PSMA4,0.069224305
2070_DCP2_P1P2_ENSG00000172795,DCP2,0.06920714
1184_CAPRIN1_P1P2_ENSG00000135387,CAPRIN1,0.069146566
7950_SLBP_P1P2_ENSG00000163950,SLBP,0.069145106
2186_DHDDS_P1P2_ENSG00000117682,DHDDS,0.06911834
3177_FOXO1_P1P2_ENSG00000150907,FOXO1,0.06905648
1269_CCDC17_P1P2_ENSG00000159588,CCDC17,0.06903747
6150_PDAP1_P1P2_ENSG00000106244,PDAP1,0.068949506
1770_COPA_P1P2_ENSG00000122218,COPA,0.06884878
6219_PES1_P1P2_ENSG00000100029,PES1,0.068821386
9824_WDR46_P1P2_ENSG00000227057,WDR46,0.06839824
600_ATAD3A_P1P2_ENSG00000197785,ATAD3A,0.06838284
9475_U2SURP_P1P2_ENSG00000163714,U2SURP,0.06836995
4554_LEPROTL1_P1P2_ENSG00000104660,LEPROTL1,0.06831506
9197_TP73_P1P2_ENSG00000078900,TP73,0.0681156
7332_RNASEK_P1P2_ENSG00000219200,RNASEK,0.068097875
4499_LAMB1_P1P2_ENSG00000091136,LAMB1,0.06803349
7419_RPA2_P1P2_ENSG00000117748,RPA2,0.06792646
7713_SDAD1_P1P2_ENSG00000198301,SDAD1,0.06785343
843_BLM_P1P2_ENSG00000197299,BLM,0.0678025
6947_PUF60_P1P2_ENSG00000179950,PUF60,0.067556
"7854_SGK3_ENST00000396596.1,ENST00000522398.1_ENSG00000104205",SGK3,0.067423314
4544_LDLRAP1_P1_ENSG00000157978,LDLRAP1,0.067374304
2580_EIF6_P1P2_ENSG00000242372,EIF6,0.067308515
1788_COPZ1_P1_ENSG00000111481,COPZ1,0.067139745
2262_DMRTC2_P1P2_ENSG00000142025,DMRTC2,0.06698707
4401_KIN_P1P2_ENSG00000151657,KIN,0.06693676
8710_TBC1D1_ENST00000261439.4_ENSG00000065882,TBC1D1,0.06692603
760_BAP1_P1P2_ENSG00000163930,BAP1,0.06677598
4522_LARS_P1P2_ENSG00000133706,LARS,0.066769704
8563_STXBP3_P1P2_ENSG00000116266,STXBP3,0.066633105
2545_EIF3B_P1P2_ENSG00000106263,EIF3B,0.06662169
6017_P2RY1_P1P2_ENSG00000169860,P2RY1,0.0665915
1746_COG7_P1P2_ENSG00000168434,COG7,0.06655897
8037_SLC35A1_P1P2_ENSG00000164414,SLC35A1,0.06646216
2747_ESYT1_P1_ENSG00000139641,ESYT1,0.06646035
3731_HINFP_P1P2_ENSG00000172273,HINFP,0.06632946
8892_THOC7_P1P2_ENSG00000163634,THOC7,0.06632676
5601_NELFE_P1P2_ENSG00000204356,NELFE,0.066296965
5368_MYB_P1P2_ENSG00000118513,MYB,0.06614558
936_BUB3_P1P2_ENSG00000154473,BUB3,0.066127785
6876_PSMD8_P1P2_ENSG00000099341,PSMD8,0.06604267
3637_HAUS4_P1P2_ENSG00000092036,HAUS4,0.06589344
2576_EIF5A_P1P2_ENSG00000132507,EIF5A,0.06580982
2213_DHX37_P1P2_ENSG00000150990,DHX37,0.06562214
4653_LRPPRC_P1P2_ENSG00000138095,LRPPRC,0.065577604
3569_GTF2E1_P1P2_ENSG00000153767,GTF2E1,0.0655599
8996_TMEM129_P1P2_ENSG00000168936,TMEM129,0.065376274
5130_MNT_P1P2_ENSG00000070444,MNT,0.06532452
339_ANKRD39_P1P2_ENSG00000213337,ANKRD39,0.06532244
9841_WDR75_P1P2_ENSG00000115368,WDR75,0.06530402
8109_SLC7A6OS_P1P2_ENSG00000103061,SLC7A6OS,0.065257266
5784_NR1H3_P2_ENSG00000025434,NR1H3,0.06502167
507_ARL2_P1P2_ENSG00000213465,ARL2,0.06487484
5016_MFAP1_P1P2_ENSG00000140259,MFAP1,0.06485163
9331_TSC1_P1P2_ENSG00000165699,TSC1,0.06467943
669_DMAC2L_P1P2_ENSG00000125375,DMAC2L,0.0646643
1778_COPS2_P1P2_ENSG00000166200,COPS2,0.064594485
3640_HAUS7_P1_ENSG00000213397,HAUS7,0.06455622
859_BMS1_P1P2_ENSG00000165733,BMS1,0.06454883
8791_TCOF1_P1P2_ENSG00000070814,TCOF1,0.06448215
4433_KLHL12_P1P2_ENSG00000117153,KLHL12,0.0643898
7481_RPL9_P1P2_ENSG00000163682,RPL9,0.06430962
9760_VPS4A_P1P2_ENSG00000132612,VPS4A,0.06424586
8832_TFAM_P1P2_ENSG00000108064,TFAM,0.06419675
8576_SUGP1_P1P2_ENSG00000105705,SUGP1,0.06412105
10500_ZNF610_P1P2_ENSG00000167554,ZNF610,0.06406298
5702_NLE1_P1P2_ENSG00000073536,NLE1,0.06405356
916_BTAF1_P1P2_ENSG00000095564,BTAF1,0.06382404
7459_RPL31_P1P2_ENSG00000071082,RPL31,0.06381919
9398_TTI1_P1P2_ENSG00000101407,TTI1,0.06379005
7548_RRAGA_P1P2_ENSG00000155876,RRAGA,0.063784786
4898_MCM2_P1P2_ENSG00000073111,MCM2,0.0637707
5746_NOP14_P1P2_ENSG00000087269,NOP14,0.06375834
934_BUB1B_P1P2_ENSG00000156970,BUB1B,0.06371958
8405_SRFBP1_P1P2_ENSG00000151304,SRFBP1,0.06369219
6533_POLR1A_P1P2_ENSG00000068654,POLR1A,0.063651115
2127_DDX51_P1P2_ENSG00000185163,DDX51,0.0635492
10136_ZMAT2_P1_ENSG00000146007,ZMAT2,0.06349174
5068_MIER1_P1_ENSG00000198160,MIER1,0.06347565
10595_ZNF729_P1P2_ENSG00000196350,ZNF729,0.06342091
959_SPINDOC_P1P2_ENSG00000168005,SPINDOC,0.0632302
1929_CTDP1_P1P2_ENSG00000060069,CTDP1,0.06319144
"4761_MAGEA3_ENST00000370278.3,ENST00000393902.3_ENSG00000221867",MAGEA3,0.063035235
431_AQR_P1P2_ENSG00000021776,AQR,0.06302911
8433_SRSF3_P1P2_ENSG00000112081,SRSF3,0.06267419
2110_DDX20_P1P2_ENSG00000064703,DDX20,0.062584184
6536_POLR1C_P1_ENSG00000171453,POLR1C,0.062568694
2781_EXOC4_P1P2_ENSG00000131558,EXOC4,0.06256527
1741_COG2_P1P2_ENSG00000135775,COG2,0.062478323
4868_MAU2_P1P2_ENSG00000129933,MAU2,0.062434636
6537_POLR1D_P1_ENSG00000186184,POLR1D,0.062413808
2993_FBXL14_P1P2_ENSG00000171823,FBXL14,0.06227458
7468_RPL37_P1P2_ENSG00000145592,RPL37,0.06221717
2613_EMC3_P2_ENSG00000125037,EMC3,0.06219433
1311_CCDC97_P1P2_ENSG00000142039,CCDC97,0.06209183
5881_NUMA1_ENST00000393695.3_ENSG00000137497,NUMA1,0.061947994
874_BOP1_P1_ENSG00000261236,BOP1,0.061824072
7193_RBX1_P1P2_ENSG00000100387,RBX1,0.061684836
983_C14orf93_P1_ENSG00000100802,C14orf93,0.061658256
9517_UBE2R2_P1P2_ENSG00000107341,UBE2R2,0.0616004
8271_SON_P1_ENSG00000159140,SON,0.0615665
5125_MMP17_P1P2_ENSG00000198598,MMP17,0.061545055
7393_RNF4_P1P2_ENSG00000063978,RNF4,0.061522447
1709_CNIH4_P1P2_ENSG00000143771,CNIH4,0.061450817
3134_FOLR3_P2_ENSG00000110203,FOLR3,0.061433356
2176_DGKD_P1P2_ENSG00000077044,DGKD,0.06143155
6550_POLR2I_P1P2_ENSG00000105258,POLR2I,0.06142634
5762_NPAT_P1P2_ENSG00000149308,NPAT,0.061405327
7511_RPS21_P1P2_ENSG00000171858,RPS21,0.061370086
1841_INTS11_P1P2_ENSG00000127054,INTS11,0.06136683
3736_HIPK1_P1P2_ENSG00000163349,HIPK1,0.061299704
5817_NRM_P1P2_ENSG00000137404,NRM,0.061262004
2051_DCAF13_P1P2_ENSG00000164934,DCAF13,0.061249774
4737_LZTR1_P1P2_ENSG00000099949,LZTR1,0.061188232
5435_NAB1_P1P2_ENSG00000138386,NAB1,0.06114766
6517_POLD3_P1P2_ENSG00000077514,POLD3,0.061083008
5737_NOL8_P1P2_ENSG00000198000,NOL8,0.06104904
2225_UTP25_P1P2_ENSG00000117597,UTP25,0.061039064
4842_MAPRE3_P1P2_ENSG00000084764,MAPRE3,0.061033893
3234_FYTTD1_P1P2_ENSG00000122068,FYTTD1,0.060956057
3342_GFER_P1P2_ENSG00000127554,GFER,0.060702015
1203_CASP3_P1P2_ENSG00000164305,CASP3,0.060696617
9653_USP37_P1P2_ENSG00000135913,USP37,0.060659055
1544_CHAF1A_P1P2_ENSG00000167670,CHAF1A,0.06064931
7565_RRP36_P1P2_ENSG00000124541,RRP36,0.06063811
2544_EIF3A_P1P2_ENSG00000107581,EIF3A,0.060412187
6070_PARG_ENST00000402038.3_ENSG00000227345,PARG,0.060386397
2671_EPM2AIP1_P1P2_ENSG00000178567,EPM2AIP1,0.060378533
10455_ZNF567_P1P2_ENSG00000189042,ZNF567,0.060365617
5418_N4BP2L2_P1P2_ENSG00000244754,N4BP2L2,0.060292628
3948_HSD17B10_P1P2_ENSG00000072506,HSD17B10,0.06023046
5649_NFKBIE_P1P2_ENSG00000146232,NFKBIE,0.06010434
1011_C18orf21_P1P2_ENSG00000141428,C18orf21,0.060027346
5928_OGFOD1_P1P2_ENSG00000087263,OGFOD1,0.060009528
8196_SMYD4_P1P2_ENSG00000186532,SMYD4,0.05999029
2336_DONSON_P1P2_ENSG00000159147,DONSON,0.059931256
7910_SIGMAR1_P1P2_ENSG00000147955,SIGMAR1,0.05987771
8654_TAF13_P1P2_ENSG00000197780,TAF13,0.059849672
6886_PSMG3_P1_ENSG00000157778,PSMG3,0.059755176
3946_HSCB_P1P2_ENSG00000100209,HSCB,0.059724312
2364_DPY19L2_P1P2_ENSG00000177990,DPY19L2,0.05971576
1457_CDS2_P1P2_ENSG00000101290,CDS2,0.059684273
4271_KANSL2_P1P2_ENSG00000139620,KANSL2,0.059550438
1120_CYREN_P1P2_ENSG00000122783,CYREN,0.05935541
9262_TRIM13_P1P2_ENSG00000204977,TRIM13,0.059348635
937_BUD13_P1P2_ENSG00000137656,BUD13,0.059299503
9167_TOMM40_P1P2_ENSG00000130204,TOMM40,0.059172828
5058_MICA_P1P2_ENSG00000204520,MICA,0.05909591
4887_MBTPS1_P1P2_ENSG00000140943,MBTPS1,0.05908854
1192_CARF_P1P2_ENSG00000138380,CARF,0.059068557
9172_TONSL_P1P2_ENSG00000160949,TONSL,0.059029788
686_ATP6V1G1_P1P2_ENSG00000136888,ATP6V1G1,0.058983307
895_BABAM2_P1P2_ENSG00000158019,BABAM2,0.058851477
1956_CTU1_P1P2_ENSG00000142544,CTU1,0.058742214
3572_GTF2F2_P1P2_ENSG00000188342,GTF2F2,0.0586411
1937_CTNNB1_P1P2_ENSG00000168036,CTNNB1,0.058487605
8158_SMC4_P1_ENSG00000113810,SMC4,0.058450356
3381_GKAP1_P1P2_ENSG00000165113,GKAP1,0.05842844
4752_MAFA_P1P2_ENSG00000182759,MAFA,0.0584274
4913_MCU_P1P2_ENSG00000156026,MCU,0.058346532
8912_TIGD7_P1P2_ENSG00000140993,TIGD7,0.058227718
4585_LIME1_P2_ENSG00000203896,LIME1,0.058193255
9073_TMEM41B_P1P2_ENSG00000166471,TMEM41B,0.058128912
11220_non-targeting_non-targeting_non-targeting,non-targeting,0.058100954
3802_HJURP_P1P2_ENSG00000123485,HJURP,0.0580958
5424_NAA15_P1P2_ENSG00000164134,NAA15,0.058084305
1782_COPS6_P1P2_ENSG00000168090,COPS6,0.05806958
5334_MTMR3_P1P2_ENSG00000100330,MTMR3,0.05800334
6043_PAK1IP1_P1P2_ENSG00000111845,PAK1IP1,0.057967447
1577_CHKB_P1P2_ENSG00000100288,CHKB,0.05791435
8898_THUMPD1_P1P2_ENSG00000066654,THUMPD1,0.05789422
9506_UBE2I_P1P2_ENSG00000103275,UBE2I,0.05784196
6377_PISD_ENST00000266095.5_ENSG00000241878,PISD,0.057832163
3335_GEMIN4_P1P2_ENSG00000179409,GEMIN4,0.05780521
4605_LLGL2_P2_ENSG00000073350,LLGL2,0.057726108
8190_SMU1_P1P2_ENSG00000122692,SMU1,0.057470597
8205_SNAPC1_P1P2_ENSG00000023608,SNAPC1,0.05745889
7897_SHMT2_P1P2_ENSG00000182199,SHMT2,0.057442486
5190_MRGBP_P1P2_ENSG00000101189,MRGBP,0.05731753
3541_GRPEL1_P1P2_ENSG00000109519,GRPEL1,0.057295408
3531_GRB2_P1_ENSG00000177885,GRB2,0.057275552
7564_RRP1_P1P2_ENSG00000160214,RRP1,0.057157055
7141_RBBP5_P1P2_ENSG00000117222,RBBP5,0.057148278
9680_UTP14A_P1P2_ENSG00000156697,UTP14A,0.057112865
4285_KATNBL1_P1P2_ENSG00000134152,KATNBL1,0.05709796
8674_TAL1_ENST00000371884.2_ENSG00000162367,TAL1,0.057095595
9691_UXT_P1P2_ENSG00000126756,UXT,0.057082977
662_ATP5PD_P1P2_ENSG00000167863,ATP5PD,0.057079688
7388_RNF31_P1P2_ENSG00000092098,RNF31,0.05703789
8857_TFRC_P1P2_ENSG00000072274,TFRC,0.057024833
6760_PRKCA_P1P2_ENSG00000154229,PRKCA,0.05693412
7442_RPL18A_P1P2_ENSG00000105640,RPL18A,0.056848787
5927_OGDH_P1P2_ENSG00000105953,OGDH,0.056841403
8101_SLC5A3_P1P2_ENSG00000198743,SLC5A3,0.056647863
4991_METTL14_P1P2_ENSG00000145388,METTL14,0.056624904
2076_DCTN4_P1P2_ENSG00000132912,DCTN4,0.05658861
6195_PDRG1_P1P2_ENSG00000088356,PDRG1,0.05643471
4844_MARCH3_P1P2_ENSG00000173926,MARCH3,0.056411482
8605_SURF6_P1P2_ENSG00000148296,SURF6,0.05639127
5255_MRPS25_P1P2_ENSG00000131368,MRPS25,0.056364972
9766_VPS72_P1P2_ENSG00000163159,VPS72,0.056253765
5730_NOC3L_P1P2_ENSG00000173145,NOC3L,0.056241803
6573_PON2_P1P2_ENSG00000105854,PON2,0.056147028
2989_FBRSL1_P1P2_ENSG00000112787,FBRSL1,0.05614568
289_AMD1_P1P2_ENSG00000123505,AMD1,0.05609087
746_BAG1_P1P2_ENSG00000107262,BAG1,0.05605134
6214_PELO_P1_ENSG00000152684,PELO,0.05595439
7460_RPL32_P1P2_ENSG00000144713,RPL32,0.05595176
1097_C5orf22_P1P2_ENSG00000082213,C5orf22,0.0559416
4507_LAMTOR3_P1P2_ENSG00000109270,LAMTOR3,0.055883385
8886_THG1L_P1P2_ENSG00000113272,THG1L,0.05583191
1538_CFLAR_P1_ENSG00000003402,CFLAR,0.055801343
6625_PPIE_P1P2_ENSG00000084072,PPIE,0.055790555
3396_GLIS2_P1P2_ENSG00000126603,GLIS2,0.055763002
3672_HDHD2_P1P2_ENSG00000167220,HDHD2,0.05576149
1771_COPB1_P1P2_ENSG00000129083,COPB1,0.055748194
4130_INO80_P1P2_ENSG00000128908,INO80,0.055741202
7711_SCYL1_P1P2_ENSG00000142186,SCYL1,0.055662066
8208_SNAPC4_P1P2_ENSG00000165684,SNAPC4,0.055526342
6154_PDCD2_P1P2_ENSG00000071994,PDCD2,0.055472065
8572_SUCLG1_P1P2_ENSG00000163541,SUCLG1,0.05546543
1842_CPSF3_P1P2_ENSG00000119203,CPSF3,0.055414297
10183_ZNF16_P1P2_ENSG00000170631,ZNF16,0.055388976
1614_CINP_P1P2_ENSG00000100865,CINP,0.05538586
3728_HIGD1A_P1P2_ENSG00000181061,HIGD1A,0.055365764
66_ACAD10_P1P2_ENSG00000111271,ACAD10,0.055342387
3566_GTF2A1_P1P2_ENSG00000165417,GTF2A1,0.055335738
4553_LEO1_P1P2_ENSG00000166477,LEO1,0.05531494
8703_TAZ_P1P2_ENSG00000102125,TAZ,0.055306524
5504_NCL_P1_ENSG00000115053,NCL,0.055257212
1781_COPS5_P1P2_ENSG00000121022,COPS5,0.055211376
6777_PRMT5_P1_ENSG00000100462,PRMT5,0.05519737
10015_ZBTB8OS_P1P2_ENSG00000176261,ZBTB8OS,0.055195574
7568_RRP9_P1P2_ENSG00000114767,RRP9,0.05502181
85_ACLY_P1P2_ENSG00000131473,ACLY,0.05501144
6710_PQBP1_P1P2_ENSG00000102103,PQBP1,0.05499841
3742_HIRIP3_P1P2_ENSG00000149929,HIRIP3,0.05494199
5347_MTR_P1P2_ENSG00000116984,MTR,0.05490338
3975_HSPA1B_P2_ENSG00000204388,HSPA1B,0.05475217
6556_POLR3B_P1P2_ENSG00000013503,POLR3B,0.054726273
1482_CENPI_P1P2_ENSG00000102384,CENPI,0.054718353
9833_WDR61_P1P2_ENSG00000140395,WDR61,0.0546345
654_ATP5F1B_P1P2_ENSG00000110955,ATP5F1B,0.054603793
7398_RNFT1_P1P2_ENSG00000189050,RNFT1,0.054599997
645_ATP1A1_P1P2_ENSG00000163399,ATP1A1,0.054578032
3445_GNL2_P1P2_ENSG00000134697,GNL2,0.054405086
9457_TXNL4A_P1P2_ENSG00000141759,TXNL4A,0.054350454
1171_CAND1_P1P2_ENSG00000111530,CAND1,0.054284923
5483_NBPF1_P1P2_ENSG00000219481,NBPF1,0.054220837
1301_CCDC86_P1P2_ENSG00000110104,CCDC86,0.054125488
265_ALG13_P1P2_ENSG00000101901,ALG13,0.05406446
7917_SIN3A_P2_ENSG00000169375,SIN3A,0.054025985
7420_RPA3_P1P2_ENSG00000106399,RPA3,0.053972717
4144_INTS10_P1P2_ENSG00000104613,INTS10,0.05389644
6643_PPM1H_P1P2_ENSG00000111110,PPM1H,0.053749252
10571_ZNF705D_ENST00000400085.3_ENSG00000215343,ZNF705D,0.053731948
"7696_SCLY_ENST00000254663.6,ENST00000555827.1_ENSG00000132330",SCLY,0.053662278
10805_non-targeting_non-targeting_non-targeting,non-targeting,0.053599242
1532_CFDP1_P1_ENSG00000153774,CFDP1,0.053567134
1652_CLHC1_P1P2_ENSG00000162994,CLHC1,0.053565215
7437_RPL13_P1P2_ENSG00000167526,RPL13,0.05353135
9683_UTP18_P1P2_ENSG00000011260,UTP18,0.053515
1469_CEBPG_P1P2_ENSG00000153879,CEBPG,0.05349964
5582_NECAP2_P1P2_ENSG00000157191,NECAP2,0.053469345
4002_IAH1_P1P2_ENSG00000134330,IAH1,0.05345354
9575_UGDH_P1P2_ENSG00000109814,UGDH,0.05344286
382_AP3M2_P1P2_ENSG00000070718,AP3M2,0.05339635
5667_NHP2_P1P2_ENSG00000145912,NHP2,0.053361833
8219_SNRNP35_P1P2_ENSG00000184209,SNRNP35,0.053338796
7611_RWDD3_P1P2_ENSG00000122481,RWDD3,0.053333636
2708_ERI1_P1P2_ENSG00000104626,ERI1,0.053287797
162_ADPGK_P1P2_ENSG00000159322,ADPGK,0.053236995
5653_NFU1_P1P2_ENSG00000169599,NFU1,0.053229254
1630_CKB_P1P2_ENSG00000166165,CKB,0.053193226
8621_SYMPK_P1P2_ENSG00000125755,SYMPK,0.053193208
7252_RFK_P1P2_ENSG00000135002,RFK,0.053130735
7733_SEC11C_P1P2_ENSG00000166562,SEC11C,0.053119335
616_ATG12_P1P2_ENSG00000145782,ATG12,0.053116474
3577_GTF2H4_P1P2_ENSG00000213780,GTF2H4,0.052987225
5417_N4BP1_P1P2_ENSG00000102921,N4BP1,0.05290085
7256_COP1_P1P2_ENSG00000143207,COP1,0.052792966
5747_NOP16_P1P2_ENSG00000048162,NOP16,0.052770484
2048_DCAF10_P1P2_ENSG00000122741,DCAF10,0.05276641
7942_MTREX_P1P2_ENSG00000039123,MTREX,0.052656397
946_C10orf88_P1P2_ENSG00000119965,C10orf88,0.05261018
7901_SHPK_P1P2_ENSG00000197417,SHPK,0.052606154
182_AGBL5_P1_ENSG00000084693,AGBL5,0.05258045
7533_RPS6KB2_P1P2_ENSG00000175634,RPS6KB2,0.052521706
8161_SMC6_P1P2_ENSG00000163029,SMC6,0.052480686
8552_STX18_P1P2_ENSG00000168818,STX18,0.052450016
1470_CEBPZ_P1P2_ENSG00000115816,CEBPZ,0.052412655
10676_ZNF84_P1P2_ENSG00000198040,ZNF84,0.052307885
6327_PIEZO1_P1P2_ENSG00000103335,PIEZO1,0.052303612
4631_LPCAT2_P1P2_ENSG00000087253,LPCAT2,0.052237295
4624_LONP1_P1P2_ENSG00000196365,LONP1,0.05222479
8401_SREBF1_P1_ENSG00000072310,SREBF1,0.05216332
2635_ENDOD1_P1P2_ENSG00000149218,ENDOD1,0.05214002
2309_DNASE2_P1P2_ENSG00000105612,DNASE2,0.0520363
6545_POLR2E_P2_ENSG00000099817,POLR2E,0.051998023
2251_DMAP1_P1P2_ENSG00000178028,DMAP1,0.05181597
5493_NCBP1_P1P2_ENSG00000136937,NCBP1,0.051747542
8656_TAF1A_P1P2_ENSG00000143498,TAF1A,0.05167846
2678_EPRS_P1P2_ENSG00000136628,EPRS,0.051644184
6313_PHYH_P1P2_ENSG00000107537,PHYH,0.051475048
6615_PPDPF_P1P2_ENSG00000125534,PPDPF,0.05143166
9435_TUT1_P1_ENSG00000149016,TUT1,0.051431216
1391_CDC23_P1P2_ENSG00000094880,CDC23,0.051375657
4371_KIAA1958_P1P2_ENSG00000165185,KIAA1958,0.051363956
534_ARPC1B_P1P2_ENSG00000130429,ARPC1B,0.05135428
118_ACTR8_P1P2_ENSG00000113812,ACTR8,0.05123744
3087_FIS1_P1_ENSG00000214253,FIS1,0.05121862
8916_TIMM13_P1P2_ENSG00000099800,TIMM13,0.0511852
192_AGPAT1_P1_ENSG00000204310,AGPAT1,0.05114401
7433_RPL11_P1P2_ENSG00000142676,RPL11,0.051142324
1779_COPS3_P1P2_ENSG00000141030,COPS3,0.051070727
10345_ZNF41_P1P2_ENSG00000147124,ZNF41,0.05093122
323_ANKRA2_P1P2_ENSG00000164331,ANKRA2,0.05091951
731_B3GNTL1_P1_ENSG00000175711,B3GNTL1,0.050876502
9324_TRPM7_P1P2_ENSG00000092439,TRPM7,0.050832454
1245_CCDC115_P1P2_ENSG00000136710,CCDC115,0.050821457
6026_PABPN1_P1P2_ENSG00000100836,PABPN1,0.05081002
9716_VDAC3_P1P2_ENSG00000078668,VDAC3,0.05072894
4532_LCLAT1_P1P2_ENSG00000172954,LCLAT1,0.05071339
6521_POLE2_P1P2_ENSG00000100479,POLE2,0.050599903
7467_RPL37A_P1P2_ENSG00000197756,RPL37A,0.05055061
1223_CBL_P1P2_ENSG00000110395,CBL,0.050530512
9428_TUBGCP5_P1P2_ENSG00000275835,TUBGCP5,0.050504755
1745_COG6_P1P2_ENSG00000133103,COG6,0.05048393
7449_RPL23A_P1P2_ENSG00000198242,RPL23A,0.050354578
4414_KLF16_P1P2_ENSG00000129911,KLF16,0.050328627
629_ATIC_P1P2_ENSG00000138363,ATIC,0.050316367
7279_RGS20_P1_ENSG00000147509,RGS20,0.050288826
7729_SDR39U1_P1P2_ENSG00000100445,SDR39U1,0.050241493
2339_DPCD_P1P2_ENSG00000166171,DPCD,0.050183147
5212_MRPL30_P2_ENSG00000185414,MRPL30,0.05017099
4693_LSM4_P1P2_ENSG00000130520,LSM4,0.050157983
10687_ZNF883_P1P2_ENSG00000285447,ZNF883,0.05015253
10923_non-targeting_non-targeting_non-targeting,non-targeting,0.050071128
10114_ZGPAT_P1P2_ENSG00000197114,ZGPAT,0.0500573
3246_GAB2_P1P2_ENSG00000033327,GAB2,0.050055865
9256_TRERF1_P1P2_ENSG00000124496,TRERF1,0.050042883
1918_CSTF3_P1P2_ENSG00000176102,CSTF3,0.050020326
4933_MED13L_P1P2_ENSG00000123066,MED13L,0.05000328
5673_NIP7_P1P2_ENSG00000132603,NIP7,0.049913295
6547_POLR2F_P1P2_ENSG00000100142,POLR2F,0.049885128
1002_C17orf49_P2_ENSG00000258315,C17orf49,0.04987519
"1422_CDK11B_ENST00000317673.7,ENST00000340677.5,ENST00000407249.3_ENSG00000248333",CDK11B,0.04985975
799_BCL2L12_P1P2_ENSG00000126453,BCL2L12,0.04982251
4206_ISCU_P1P2_ENSG00000136003,ISCU,0.049768865
204_AHCY_P1P2_ENSG00000101444,AHCY,0.04974326
7602_RUNX2_P1_ENSG00000124813,RUNX2,0.049735915
8275_SORT1_P1P2_ENSG00000134243,SORT1,0.049658753
7203_RCCD1_P2_ENSG00000166965,RCCD1,0.04960263
176_AFG3L2_P1P2_ENSG00000141385,AFG3L2,0.049595498
4857_MARS_P1P2_ENSG00000166986,MARS,0.049571477
3479_GOSR2_P1P2_ENSG00000108433,GOSR2,0.049559776
1677_CLSPN_P1P2_ENSG00000092853,CLSPN,0.04943459
5732_NOL10_P1P2_ENSG00000115761,NOL10,0.049250893
9212_TPRKB_P1P2_ENSG00000144034,TPRKB,0.04921326
5107_MLF2_P1P2_ENSG00000089693,MLF2,0.049190685
9042_TMEM214_P1P2_ENSG00000119777,TMEM214,0.049182758
8668_TAF6_P1P2_ENSG00000106290,TAF6,0.049173918
8618_SYF2_P1P2_ENSG00000117614,SYF2,0.049122795
4004_IARS_P1P2_ENSG00000196305,IARS,0.048992217
100_ACSL3_P1P2_ENSG00000123983,ACSL3,0.048987024
8351_SPG7_P1P2_ENSG00000197912,SPG7,0.048959512
6912_PTGR2_P1P2_ENSG00000140043,PTGR2,0.048932925
7830_SF3A1_P1_ENSG00000099995,SF3A1,0.048891943
6769_PRKRA_P1P2_ENSG00000180228,PRKRA,0.04888456
4497_LAGE3_P1P2_ENSG00000196976,LAGE3,0.048883233
4274_KAT2A_P1P2_ENSG00000108773,KAT2A,0.048873734
670_ATP6AP1_P1P2_ENSG00000071553,ATP6AP1,0.048825663
0_A1BG_P1_ENSG00000121410,A1BG,0.04878998
5241_MRPS10_P1P2_ENSG00000048544,MRPS10,0.04878453
2482_EEF1A1_P1P2_ENSG00000156508,EEF1A1,0.048740577
5485_NBR1_P1P2_ENSG00000188554,NBR1,0.04870268
3872_HNRNPL_P1_ENSG00000104824,HNRNPL,0.04848704
2077_DCTN5_P1P2_ENSG00000166847,DCTN5,0.048467595
876_BORA_P1P2_ENSG00000136122,BORA,0.048453107
2918_FAM32A_P1P2_ENSG00000105058,FAM32A,0.048449364
1268_CCDC174_P1P2_ENSG00000154781,CCDC174,0.048388295
9174_TOP1_P1P2_ENSG00000198900,TOP1,0.048356622
6044_PAK1_ENST00000356341.3_ENSG00000149269,PAK1,0.048356555
2313_DNM2_P1P2_ENSG00000079805,DNM2,0.048326332
8288_SOX2_P1P2_ENSG00000181449,SOX2,0.04830515
6110_PCBP1_P1P2_ENSG00000169564,PCBP1,0.04829197
4329_KDM5C_P1P2_ENSG00000126012,KDM5C,0.048266985
7521_RPS29_P1_ENSG00000213741,RPS29,0.04826583
9938_YKT6_P1P2_ENSG00000106636,YKT6,0.04814585
5659_NGDN_P1P2_ENSG00000129460,NGDN,0.04813132
541_ARPC4_P1P2_ENSG00000241553,ARPC4,0.048130445
5830_NSMCE4A_P1P2_ENSG00000107672,NSMCE4A,0.047938388
9676_USP8_P1P2_ENSG00000138592,USP8,0.047938175
6040_PAICS_P1P2_ENSG00000128050,PAICS,0.047880247
5332_MTMR1_P1P2_ENSG00000063601,MTMR1,0.047875736
9872_WNT5B_ENST00000310594.3_ENSG00000111186,WNT5B,0.047869083
4937_MED15_P1_ENSG00000099917,MED15,0.047861353
3776_HIST1H4A_ENST00000359907.3_ENSG00000278637,HIST1H4A,0.04783075
9925_YEATS2_P1P2_ENSG00000163872,YEATS2,0.047818314
7245_RFC1_P1P2_ENSG00000035928,RFC1,0.04780846
3891_HOXA3_P2_ENSG00000105997,HOXA3,0.047808174
1209_CASP9_P1P2_ENSG00000132906,CASP9,0.047803737
4805_MAP2K7_P1P2_ENSG00000076984,MAP2K7,0.047757518
10522_ZNF644_P1P2_ENSG00000122482,ZNF644,0.047739446
7053_RABL3_P1P2_ENSG00000144840,RABL3,0.047726747
1667_CLNS1A_P1P2_ENSG00000074201,CLNS1A,0.047708
6803_PRPF8_P1P2_ENSG00000174231,PRPF8,0.047609843
10193_ZNF189_P1P2_ENSG00000136870,ZNF189,0.04759051
2968_FANCM_P1P2_ENSG00000187790,FANCM,0.047466498
3978_HSPA5_P1P2_ENSG00000044574,HSPA5,0.04744322
8649_TADA2B_P1P2_ENSG00000173011,TADA2B,0.04735151
5232_MRPL49_P1P2_ENSG00000149792,MRPL49,0.04734765
3072_FGFR1OP_P1P2_ENSG00000213066,FGFR1OP,0.047340043
6544_POLR2D_P1_ENSG00000144231,POLR2D,0.04726467
3717_HHEX_P1P2_ENSG00000152804,HHEX,0.047263645
5736_NOL7_P1P2_ENSG00000225921,NOL7,0.04726111
1990_CYB5B_P1P2_ENSG00000103018,CYB5B,0.047219764
2654_ENY2_P1P2_ENSG00000120533,ENY2,0.047209453
5465_CIAO3_P1P2_ENSG00000103245,CIAO3,0.04717563
9905_XRCC3_P1P2_ENSG00000126215,XRCC3,0.047171853
7726_SDHB_P1P2_ENSG00000117118,SDHB,0.047150098
10736_ZW10_P1P2_ENSG00000086827,ZW10,0.04699513
8468_AC015871.1_P1P2_ENSG00000180953,AC015871.1,0.04678997
"8675_TAL1_ENST00000294339.3,ENST00000371883.3_ENSG00000162367",TAL1,0.04678064
8976_TMED4_P1P2_ENSG00000158604,TMED4,0.04675994
1551_CHCHD4_P1P2_ENSG00000163528,CHCHD4,0.046737157
9132_TNFSF10_P1P2_ENSG00000121858,TNFSF10,0.04663581
6747_PRIM1_P1P2_ENSG00000198056,PRIM1,0.04660262
6980_PYURF_P1P2_ENSG00000145337,PYURF,0.046583503
683_ATP6V1E1_P1P2_ENSG00000131100,ATP6V1E1,0.046505798
2974_FARSB_P1P2_ENSG00000116120,FARSB,0.04645629
6513_POLA2_P1P2_ENSG00000014138,POLA2,0.046453547
4904_MCM7_P1P2_ENSG00000166508,MCM7,0.046429425
1786_COPS8_P1P2_ENSG00000198612,COPS8,0.046407495
9975_ZBTB17_P1P2_ENSG00000116809,ZBTB17,0.04639176
5657_NFYB_P1P2_ENSG00000120837,NFYB,0.04637755
9639_USP1_P1P2_ENSG00000162607,USP1,0.046248045
5933_OGT_P1P2_ENSG00000147162,OGT,0.046237968
1966_CUL7_P1P2_ENSG00000044090,CUL7,0.046156585
5658_NFYC_P1P2_ENSG00000066136,NFYC,0.046125986
2929_CCNQ_P1P2_ENSG00000262919,CCNQ,0.046124056
8744_TBRG4_P1P2_ENSG00000136270,TBRG4,0.04610054
2391_DTWD1_P1P2_ENSG00000104047,DTWD1,0.0460924
1998_CYBRD1_P1P2_ENSG00000071967,CYBRD1,0.046078715
1287_CCDC69_P1P2_ENSG00000198624,CCDC69,0.046078403
4341_KIAA0100_P1P2_ENSG00000007202,KIAA0100,0.0460709
1284_CCDC59_P1P2_ENSG00000133773,CCDC59,0.046032827
3358_GGPS1_P1P2_ENSG00000152904,GGPS1,0.045966785
5364_MXRA8_P1P2_ENSG00000162576,MXRA8,0.04595888
1013_C18orf32_P1P2_ENSG00000177576,C18orf32,0.045906894
2574_EIF5A2_P1P2_ENSG00000163577,EIF5A2,0.045862503
4865_MAT2B_P1_ENSG00000038274,MAT2B,0.04585222
8093_SLC4A1AP_P1P2_ENSG00000163798,SLC4A1AP,0.0458462
5365_MYBBP1A_P1P2_ENSG00000132382,MYBBP1A,0.045834538
4126_INO80B_P1P2_ENSG00000115274,INO80B,0.045805402
2201_DHRSX_P1P2_ENSG00000169084,DHRSX,0.04579808
2460_ECD_P1P2_ENSG00000122882,ECD,0.045774058
4875_MBD3_P1P2_ENSG00000071655,MBD3,0.04574906
3435_GNB1_P1P2_ENSG00000078369,GNB1,0.045747187
7484_RPLP2_P1P2_ENSG00000177600,RPLP2,0.045710605
8247_SNX19_P1P2_ENSG00000120451,SNX19,0.0457065
4128_INO80D_P1P2_ENSG00000114933,INO80D,0.045675814
10857_non-targeting_non-targeting_non-targeting,non-targeting,0.04567483
7080_RAI14_P1P2_ENSG00000039560,RAI14,0.045642044
8439_SRSF8_P1P2_ENSG00000263465,SRSF8,0.04554686
7210_RCOR1_P1P2_ENSG00000089902,RCOR1,0.045535218
1152_CAD_P1P2_ENSG00000084774,CAD,0.045492135
2975_FASN_P1P2_ENSG00000169710,FASN,0.045488268
2074_DCTN2_P1P2_ENSG00000175203,DCTN2,0.04547801
9267_TRIM24_P1P2_ENSG00000122779,TRIM24,0.04545713
6902_PTCD3_P1P2_ENSG00000132300,PTCD3,0.045413446
6539_POLR1E_P1P2_ENSG00000137054,POLR1E,0.0453982
2129_DDX54_P1_ENSG00000123064,DDX54,0.04533879
3925_HOXD3_P1P2_ENSG00000128652,HOXD3,0.0453082
2189_DHODH_P1_ENSG00000102967,DHODH,0.045287922
6922_PTPMT1_P1P2_ENSG00000110536,PTPMT1,0.04522722
5189_MRFAP1_P1P2_ENSG00000179010,MRFAP1,0.045165155
8613_SWSAP1_P1P2_ENSG00000173928,SWSAP1,0.04516323
7488_RPP21_P1P2_ENSG00000241370,RPP21,0.04513671
1598_CHRNB1_P1P2_ENSG00000170175,CHRNB1,0.04510012
1001_C17orf49_P1_ENSG00000258315,C17orf49,0.04509333
6655_PPP1R12B_P1P2_ENSG00000077157,PPP1R12B,0.045089558
3663_HDAC2_P1P2_ENSG00000196591,HDAC2,0.045084603
9412_TUBB2A_P1P2_ENSG00000137267,TUBB2A,0.04498814
7426_RPF1_P1P2_ENSG00000117133,RPF1,0.044979848
1561_CHD6_P1P2_ENSG00000124177,CHD6,0.044961512
7719_SDE2_P1P2_ENSG00000143751,SDE2,0.044950746
11229_non-targeting_non-targeting_non-targeting,non-targeting,0.044845153
103_ACSS2_P1P2_ENSG00000131069,ACSS2,0.04477545
7263_RFX6_P1P2_ENSG00000185002,RFX6,0.044768143
1536_CFL1_P1P2_ENSG00000172757,CFL1,0.044766173
9184_TOR1B_P1P2_ENSG00000136816,TOR1B,0.044766024
4454_KNOP1_P1P2_ENSG00000103550,KNOP1,0.044727176
5810_NRDE2_P1P2_ENSG00000119720,NRDE2,0.0447194
9479_UBA2_P1P2_ENSG00000126261,UBA2,0.044625483
2527_EIF1AX_P1P2_ENSG00000173674,EIF1AX,0.04461906
5685_NKIRAS2_P1P2_ENSG00000168256,NKIRAS2,0.0445858
8331_SPC24_P1P2_ENSG00000161888,SPC24,0.044584803
7886_SH3GLB2_P1P2_ENSG00000148341,SH3GLB2,0.044573773
2982_FAT1_P1_ENSG00000083857,FAT1,0.044573724
3730_HILPDA_P1P2_ENSG00000135245,HILPDA,0.04451732
248_AKT2_P1P2_ENSG00000105221,AKT2,0.0445051
1486_CENPM_P1P2_ENSG00000100162,CENPM,0.04449775
2198_DHRS4_P1P2_ENSG00000157326,DHRS4,0.04448039
11205_non-targeting_non-targeting_non-targeting,non-targeting,0.044379804
9729_VIM_P1P2_ENSG00000026025,VIM,0.04432701
8826_TEX10_P1P2_ENSG00000136891,TEX10,0.04431042
815_BDP1_P1P2_ENSG00000145734,BDP1,0.04429139
9820_WDR43_P1P2_ENSG00000163811,WDR43,0.044284124
6358_PIK3R2_P1_ENSG00000105647,PIK3R2,0.044270996
378_AP2S1_P1P2_ENSG00000042753,AP2S1,0.044226024
6920_PTP4A2_P1P2_ENSG00000184007,PTP4A2,0.044225734
9678_USPL1_P1P2_ENSG00000132952,USPL1,0.044217147
7271_RGP1_P1P2_ENSG00000107185,RGP1,0.044212043
5651_NFRKB_P1P2_ENSG00000170322,NFRKB,0.04416752
3555_GSR_P1P2_ENSG00000104687,GSR,0.044034664
7025_RAB35_P1P2_ENSG00000111737,RAB35,0.043963175
2150_DENND4A_P1P2_ENSG00000174485,DENND4A,0.043957412
47_ABHD17B_P1P2_ENSG00000107362,ABHD17B,0.043860395
4716_LUC7L3_P1P2_ENSG00000108848,LUC7L3,0.043854836
3866_HNRNPH1_P1P2_ENSG00000169045,HNRNPH1,0.04384412
9898_XPO5_P1P2_ENSG00000124571,XPO5,0.043792773
23_ABCB8_P1P2_ENSG00000197150,ABCB8,0.043789197
5943_ONECUT3_P1P2_ENSG00000205922,ONECUT3,0.043783236
1843_CPSF4_P1P2_ENSG00000160917,CPSF4,0.043771375
10995_non-targeting_non-targeting_non-targeting,non-targeting,0.043764666
6323_PIAS4_P1P2_ENSG00000105229,PIAS4,0.043752335
8957_TM7SF3_P1P2_ENSG00000064115,TM7SF3,0.043703735
4107_IMP3_P1P2_ENSG00000177971,IMP3,0.04368743
8264_SOCS3_P1P2_ENSG00000184557,SOCS3,0.043660864
3421_GMIP_P1P2_ENSG00000089639,GMIP,0.04363027
1964_CUL4B_P1P2_ENSG00000158290,CUL4B,0.04362708
7496_RPRD2_P1P2_ENSG00000163125,RPRD2,0.043590643
10567_ZNF704_P1P2_ENSG00000164684,ZNF704,0.043486804
2787_EXOSC10_P1P2_ENSG00000171824,EXOSC10,0.043485444
3123_FNBP1_P1P2_ENSG00000187239,FNBP1,0.043463346
3517_GPS1_P1P2_ENSG00000169727,GPS1,0.043408945
6878_PSME1_P1P2_ENSG00000092010,PSME1,0.043404263
7943_SKIV2L_P1P2_ENSG00000204351,SKIV2L,0.043381404
1352_CCT8_P1P2_ENSG00000156261,CCT8,0.043359227
9012_TMEM161B_P1P2_ENSG00000164180,TMEM161B,0.043287937
8578_SUGT1_P1P2_ENSG00000165416,SUGT1,0.04325956
6475_PML_P1P2_ENSG00000140464,PML,0.0432263
6515_POLD1_P1P2_ENSG00000062822,POLD1,0.04319868
10426_ZNF532_P2_ENSG00000074657,ZNF532,0.043196417
7446_RPL22L1_P1P2_ENSG00000163584,RPL22L1,0.04316302
6135_PCNA_P1P2_ENSG00000132646,PCNA,0.043138355
8383_SPTAN1_P1P2_ENSG00000197694,SPTAN1,0.043135114
6147_PCYT1A_P1P2_ENSG00000161217,PCYT1A,0.04306471
5838_NT5C3A_P2_ENSG00000122643,NT5C3A,0.043038163
6889_PSPH_P1_ENSG00000146733,PSPH,0.043036297
1572_CHI3L2_P2_ENSG00000064886,CHI3L2,0.0430121
5768_NPLOC4_P1P2_ENSG00000182446,NPLOC4,0.042991184
9107_TMOD1_P1P2_ENSG00000136842,TMOD1,0.0429863
9771_VSIG10_P1P2_ENSG00000176834,VSIG10,0.042982325
1108_SMIM29_P1P2_ENSG00000186577,SMIM29,0.04296664
10025_ZC3H4_P1_ENSG00000130749,ZC3H4,0.042939015
7214_RDH11_P1P2_ENSG00000072042,RDH11,0.042892624
8811_TEFM_P1P2_ENSG00000172171,TEFM,0.042876035
10691_ZNF8_P1P2_ENSG00000278129,ZNF8,0.042867664
7323_RMI2_P1P2_ENSG00000175643,RMI2,0.042841256
8389_SPTSSA_P1P2_ENSG00000165389,SPTSSA,0.042830795
3847_HMX3_P1P2_ENSG00000188620,HMX3,0.042811982
8076_SLC39A4_P2_ENSG00000147804,SLC39A4,0.042734075
3599_GUCD1_P1P2_ENSG00000138867,GUCD1,0.042713188
9587_UMPS_P1P2_ENSG00000114491,UMPS,0.04268614
1319_CCNC_P1P2_ENSG00000112237,CCNC,0.042671952
3265_GALK2_P2_ENSG00000156958,GALK2,0.042655397
4593_LIN52_P1P2_ENSG00000205659,LIN52,0.04261626
8979_TMED8_P1P2_ENSG00000100580,TMED8,0.042600043
9409_TUBA1C_P1P2_ENSG00000167553,TUBA1C,0.04259842
8156_SMC2_P1P2_ENSG00000136824,SMC2,0.04258108
10928_non-targeting_non-targeting_non-targeting,non-targeting,0.042564373
2462_ECE2_P1P2_ENSG00000145194,ECE2,0.042554904
1688_CMAS_P1P2_ENSG00000111726,CMAS,0.042546242
2901_FAM20B_P1P2_ENSG00000116199,FAM20B,0.042532623
3861_HNRNPC_P1P2_ENSG00000092199,HNRNPC,0.0425093
1211_CAST_P2_ENSG00000153113,CAST,0.0424843
9629_ATP5MD_P1P2_ENSG00000173915,ATP5MD,0.042432
4464_KPNB1_P1P2_ENSG00000108424,KPNB1,0.04235157
1462_CDX4_P1P2_ENSG00000131264,CDX4,0.042257853
2200_DHRS7_P1P2_ENSG00000100612,DHRS7,0.042216904
6590_POU3F1_P1P2_ENSG00000185668,POU3F1,0.042201355
6800_PRPF4B_P1P2_ENSG00000112739,PRPF4B,0.042183835
9798_BUD23_P1P2_ENSG00000071462,BUD23,0.042092763
7824_SETDB2_P1P2_ENSG00000136169,SETDB2,0.04202393
106_ACTL6A_P1P2_ENSG00000136518,ACTL6A,0.041979466
4893_MCEE_P1P2_ENSG00000124370,MCEE,0.041932475
626_ATG5_P1P2_ENSG00000057663,ATG5,0.041931592
6905_PTEN_P1P2_ENSG00000171862,PTEN,0.041879054
3628_HAND2_P2_ENSG00000164107,HAND2,0.04184384
2456_EBNA1BP2_P1P2_ENSG00000117395,EBNA1BP2,0.041739486
3701_HES4_P1P2_ENSG00000188290,HES4,0.04170202
10929_non-targeting_non-targeting_non-targeting,non-targeting,0.0416933
3024_FBXO45_P1P2_ENSG00000174013,FBXO45,0.0416912
7752_SEC61B_P1P2_ENSG00000106803,SEC61B,0.04168938
7482_RPLP0_P1P2_ENSG00000089157,RPLP0,0.04164255
4960_MEF2A_P1P2_ENSG00000068305,MEF2A,0.041639898
9179_TOPBP1_P1P2_ENSG00000163781,TOPBP1,0.04156476
9169_TOMM6_P1P2_ENSG00000214736,TOMM6,0.041563295
1274_CCDC28B_P2_ENSG00000160050,CCDC28B,0.04155017
4001_HYPK_P1P2_ENSG00000242028,HYPK,0.041539192
10442_ZNF554_P1P2_ENSG00000172006,ZNF554,0.04153479
3985_HSPD1_P1P2_ENSG00000144381,HSPD1,0.041519847
9741_VPS13D_P1P2_ENSG00000048707,VPS13D,0.0415014
9003_TMEM147_P1P2_ENSG00000105677,TMEM147,0.041501325
9087_TMEM62_P1P2_ENSG00000137842,TMEM62,0.04149056
8730_TBCE_P1P2_ENSG00000285053,TBCE,0.041490555
5772_NPRL2_P1P2_ENSG00000114388,NPRL2,0.041469526
8860_TGFBR1_P1P2_ENSG00000106799,TGFBR1,0.041464694
4701_LST1_P2_ENSG00000204482,LST1,0.041380942
7510_RPS20_P1P2_ENSG00000008988,RPS20,0.041293174
7327_RNASE1_P1P2_ENSG00000129538,RNASE1,0.041281264
1743_COG4_P1P2_ENSG00000103051,COG4,0.04126157
2209_DHX33_P1P2_ENSG00000005100,DHX33,0.04125966
4620_LMO4_P1P2_ENSG00000143013,LMO4,0.041246653
10743_ZYG11B_P1P2_ENSG00000162378,ZYG11B,0.041241758
5492_NCAPH_P1P2_ENSG00000121152,NCAPH,0.04124025
4859_MAST1_P1_ENSG00000105613,MAST1,0.041237377
638_ATOX1_P1P2_ENSG00000177556,ATOX1,0.041212577
2848_FAM126B_P1P2_ENSG00000155744,FAM126B,0.04119529
9474_U2AF2_P1P2_ENSG00000063244,U2AF2,0.04119172
2300_DNAJC4_P1P2_ENSG00000110011,DNAJC4,0.04117711
5726_NOB1_P1P2_ENSG00000141101,NOB1,0.041169696
1327_CCNF_P1P2_ENSG00000162063,CCNF,0.041115113
3795_HIST3H2A_P1P2_ENSG00000181218,HIST3H2A,0.041084718
6695_PPP3R1_P1P2_ENSG00000221823,PPP3R1,0.041033138
8317_SPAG7_P1P2_ENSG00000091640,SPAG7,0.041001335
6976_PYGB_P1P2_ENSG00000100994,PYGB,0.04098468
5461_NAP1L4_P1P2_ENSG00000205531,NAP1L4,0.04098362
4106_IMMT_P1P2_ENSG00000132305,IMMT,0.040973186
6540_POLR2A_P1P2_ENSG00000181222,POLR2A,0.040948577
10312_ZNF358_P1_ENSG00000198816,ZNF358,0.04093885
9814_WDR33_P1P2_ENSG00000136709,WDR33,0.040931992
7855_SGK3_ENST00000345714.4_ENSG00000104205,SGK3,0.040931616
1962_CUL3_P1P2_ENSG00000036257,CUL3,0.040920496
6155_PDCD4_P2_ENSG00000150593,PDCD4,0.040852707
1799_CORO1B_P2_ENSG00000172725,CORO1B,0.04077003
9482_UBA52_P1_ENSG00000221983,UBA52,0.040726747
5937_OLIG1_P1P2_ENSG00000184221,OLIG1,0.040699463
10519_ZNF638_P1P2_ENSG00000075292,ZNF638,0.040687602
8819_TERF2IP_P1P2_ENSG00000166848,TERF2IP,0.040681195
6802_PRPF6_P1P2_ENSG00000101161,PRPF6,0.040660642
7111_RARA_P1_ENSG00000131759,RARA,0.04064864
9466_TYROBP_P1P2_ENSG00000011600,TYROBP,0.040643964
9241_TRAPPC10_P1P2_ENSG00000160218,TRAPPC10,0.04063761
5855_NUCB1_P1P2_ENSG00000104805,NUCB1,0.040629894
2626_EML3_P1P2_ENSG00000149499,EML3,0.040611304
437_AREL1_P1P2_ENSG00000119682,AREL1,0.04060666
9543_UBQLN4_P1P2_ENSG00000160803,UBQLN4,0.040579665
6871_PSMD3_P1P2_ENSG00000108344,PSMD3,0.040573318
9661_USP44_P2_ENSG00000136014,USP44,0.040506277
924_BTF3_P1P2_ENSG00000145741,BTF3,0.040427368
10338_ZNF410_P1P2_ENSG00000119725,ZNF410,0.04040025
4813_MAP3K6_P1P2_ENSG00000142733,MAP3K6,0.040302657
230_AKAP17A_P1P2_ENSG00000197976,AKAP17A,0.04029851
1148_CACTIN_P1P2_ENSG00000105298,CACTIN,0.04026851
3303_GBA2_P1P2_ENSG00000070610,GBA2,0.040256422
1483_CENPJ_P1P2_ENSG00000151849,CENPJ,0.040249992
5550_NDUFAF7_P1P2_ENSG00000003509,NDUFAF7,0.04023997
3448_GNPAT_P1P2_ENSG00000116906,GNPAT,0.040179104
6437_PLEKHA5_P1P2_ENSG00000052126,PLEKHA5,0.04016711
8214_SNIP1_P1P2_ENSG00000163877,SNIP1,0.040151045
2248_DLX4_P1P2_ENSG00000108813,DLX4,0.040116787
2900_TASOR2_P1P2_ENSG00000108021,TASOR2,0.040094066
9750_VPS33B_P1P2_ENSG00000184056,VPS33B,0.04007816
8931_TINF2_P1P2_ENSG00000092330,TINF2,0.040069986
4608_LMAN2L_P1P2_ENSG00000114988,LMAN2L,0.04004781
5065_MIDN_P2_ENSG00000167470,MIDN,0.040020097
594_INTS13_P1P2_ENSG00000064102,INTS13,0.039917897
6486_PNISR_P1_ENSG00000132424,PNISR,0.039873306
79_ACBD6_P1P2_ENSG00000230124,ACBD6,0.039834
8626_SYNGR3_P1P2_ENSG00000127561,SYNGR3,0.039830953
6823_PRRX1_P2_ENSG00000116132,PRRX1,0.039816156
3741_HIRA_P1_ENSG00000100084,HIRA,0.039786793
4978_MESD_P1P2_ENSG00000117899,MESD,0.039771467
4881_MBNL1_P1P2_ENSG00000152601,MBNL1,0.039763227
3478_GOSR1_P1P2_ENSG00000108587,GOSR1,0.039756387
8963_TMA16_P1P2_ENSG00000198498,TMA16,0.039739005
5420_N6AMT1_P1P2_ENSG00000156239,N6AMT1,0.039698817
6352_PIK3C3_P1P2_ENSG00000078142,PIK3C3,0.039691336
9246_TRAPPC2L_P1P2_ENSG00000167515,TRAPPC2L,0.039679054
6895_PTAR1_P1P2_ENSG00000188647,PTAR1,0.03966524
4983_METAP1D_P1P2_ENSG00000172878,METAP1D,0.039653633
6923_PTPN11_P1P2_ENSG00000179295,PTPN11,0.039642982
9154_TNRC6B_P1P2_ENSG00000100354,TNRC6B,0.039633308
715_AURKB_P1P2_ENSG00000178999,AURKB,0.03959577
7585_RTF1_P1P2_ENSG00000137815,RTF1,0.039583392
4008_ICA1_P1P2_ENSG00000003147,ICA1,0.03955706
11132_non-targeting_non-targeting_non-targeting,non-targeting,0.039546806
9484_UBA6_P1P2_ENSG00000033178,UBA6,0.039530803
1993_CYB5R2_P1P2_ENSG00000166394,CYB5R2,0.039482992
10286_ZNF324B_P1P2_ENSG00000249471,ZNF324B,0.039474044
9636_USP15_P1P2_ENSG00000135655,USP15,0.03938947
10411_ZNF513_P1P2_ENSG00000163795,ZNF513,0.03938184
9337_TSEN2_P1P2_ENSG00000154743,TSEN2,0.039379425
10287_ZNF324_P1P2_ENSG00000083812,ZNF324,0.03931529
8725_TBCB_P1P2_ENSG00000105254,TBCB,0.039289016
7911_SIK3_P1P2_ENSG00000160584,SIK3,0.0392455
6865_PSMD11_P1P2_ENSG00000108671,PSMD11,0.039218955
4232_ITM2C_P1P2_ENSG00000135916,ITM2C,0.039215297
9302_TRMT10C_P1P2_ENSG00000174173,TRMT10C,0.03921205
1717_CNOT2_P1P2_ENSG00000111596,CNOT2,0.03919873
4826_MAPK14_P1P2_ENSG00000112062,MAPK14,0.03907871
1472_CELF1_P1P2_ENSG00000149187,CELF1,0.039048113
7615_RXRG_P1P2_ENSG00000143171,RXRG,0.039001714
6779_PRMT6_P1P2_ENSG00000198890,PRMT6,0.038984384
7675_SCAF1_P1P2_ENSG00000126461,SCAF1,0.03897893
4333_KEAP1_P1P2_ENSG00000079999,KEAP1,0.038953457
278_ALKBH5_P1P2_ENSG00000091542,ALKBH5,0.038905755
3194_FOXRED2_P1P2_ENSG00000100350,FOXRED2,0.03890042
6636_PPIP5K2_P1P2_ENSG00000145725,PPIP5K2,0.038844932
678_ATP6V0E2_P1P2_ENSG00000171130,ATP6V0E2,0.038820043
3088_FIS1_P2_ENSG00000214253,FIS1,0.03881722
8644_TACC3_P2_ENSG00000013810,TACC3,0.03874936
8334_SPCS2_P1P2_ENSG00000118363,SPCS2,0.038691342
9900_XPO7_P1P2_ENSG00000130227,XPO7,0.038676996
8669_TAF7_P1P2_ENSG00000178913,TAF7,0.038646024
7902_SHPRH_P1P2_ENSG00000146414,SHPRH,0.03864305
8889_THOC3_P1P2_ENSG00000051596,THOC3,0.038574487
5878_NUF2_P1P2_ENSG00000143228,NUF2,0.038558047
8043_SLC35B3_P1P2_ENSG00000124786,SLC35B3,0.03854469
10118_ZIC1_P1P2_ENSG00000152977,ZIC1,0.03851896
3977_HSPA4_P1P2_ENSG00000170606,HSPA4,0.038487088
5619_NF1_P1P2_ENSG00000196712,NF1,0.03847532
630_ATL2_P1P2_ENSG00000119787,ATL2,0.038463242
10922_non-targeting_non-targeting_non-targeting,non-targeting,0.038454823
789_BCCIP_P1P2_ENSG00000107949,BCCIP,0.038449354
1409_CDC6_P1P2_ENSG00000094804,CDC6,0.038434595
10123_ZIC5_P1P2_ENSG00000139800,ZIC5,0.038418327
5371_MYCL_P1P2_ENSG00000116990,MYCL,0.0384141
1979_CXXC1_P1P2_ENSG00000154832,CXXC1,0.03841147
5538_NDUFA5_P1P2_ENSG00000128609,NDUFA5,0.038326513
3153_FOXD4L1_ENST00000306507.5_ENSG00000184492,FOXD4L1,0.038308315
9319_TRNT1_P1P2_ENSG00000072756,TRNT1,0.0382645
9339_TSEN54_P1P2_ENSG00000182173,TSEN54,0.038228415
5083_MIS18A_P1P2_ENSG00000159055,MIS18A,0.03819867
8438_SRSF7_P1P2_ENSG00000115875,SRSF7,0.03819603
6130_PCK2_P1P2_ENSG00000100889,PCK2,0.038161624
10252_ZNF26_P1P2_ENSG00000198393,ZNF26,0.038152542
4694_LSM5_P2_ENSG00000106355,LSM5,0.03813857
4262_JRK_P2_ENSG00000234616,JRK,0.03811524
986_C15orf41_P1P2_ENSG00000186073,C15orf41,0.038102612
10007_ZBTB6_P1P2_ENSG00000186130,ZBTB6,0.03809358
3981_HSPB11_P1P2_ENSG00000081870,HSPB11,0.03809137
10139_ZMAT5_P1P2_ENSG00000100319,ZMAT5,0.038074657
240_AKR1A1_P1P2_ENSG00000117448,AKR1A1,0.038072255
3159_FOXG1_P1P2_ENSG00000176165,FOXG1,0.03806973
8233_SNRPG_P1P2_ENSG00000143977,SNRPG,0.038004715
6834_PSAT1_P1P2_ENSG00000135069,PSAT1,0.037997447
4083_IKZF2_P1_ENSG00000030419,IKZF2,0.03796664
6856_PSMB7_P1P2_ENSG00000136930,PSMB7,0.03796477
8647_TADA1_P1P2_ENSG00000152382,TADA1,0.037904587
7795_SERF2_P1_ENSG00000140264,SERF2,0.03789185
11281_non-targeting_non-targeting_non-targeting,non-targeting,0.037874557
5275_MSANTD1_P1P2_ENSG00000188981,MSANTD1,0.037874255
2716_ERMAP_P1_ENSG00000164010,ERMAP,0.037873715
8262_SOCS1_P1P2_ENSG00000185338,SOCS1,0.037808586
552_ARRDC4_P1P2_ENSG00000140450,ARRDC4,0.037808336
8741_TBP_P1P2_ENSG00000112592,TBP,0.037804708
709_ATXN7_ENST00000398590.3_ENSG00000163635,ATXN7,0.037748333
2104_DDX17_P1P2_ENSG00000100201,DDX17,0.03774217
9420_TUBB_P1_ENSG00000196230,TUBB,0.037742145
9839_WDR74_P1_ENSG00000133316,WDR74,0.037713423
7475_RPL5_P1P2_ENSG00000122406,RPL5,0.03767445
1335_CCNL2_P1P2_ENSG00000221978,CCNL2,0.037660632
2748_ESYT2_P1P2_ENSG00000117868,ESYT2,0.03765665
4802_MAP2K3_P1P2_ENSG00000034152,MAP2K3,0.03765394
4151_INTS6_P1P2_ENSG00000102786,INTS6,0.03764228
2863_FAM156B_ENST00000452154.2_ENSG00000179304,FAM156B,0.03762318
6964_PWWP2A_P1P2_ENSG00000170234,PWWP2A,0.037608836
7322_RMI1_P1P2_ENSG00000178966,RMI1,0.037589654
2794_EXOSC7_P1P2_ENSG00000075914,EXOSC7,0.037584294
5580_NECAB3_P1_ENSG00000125967,NECAB3,0.03753648
8039_SLC35A3_P1P2_ENSG00000117620,SLC35A3,0.037523698
963_C12orf43_P1P2_ENSG00000157895,C12orf43,0.037465595
7413_RORA_ENST00000335670.6_ENSG00000069667,RORA,0.037455413
9196_TP63_P1P2_ENSG00000073282,TP63,0.03742126
4125_INIP_P1P2_ENSG00000148153,INIP,0.037419565
7638_SALL1_P1P2_ENSG00000103449,SALL1,0.03740556
4215_IST1_P1P2_ENSG00000182149,IST1,0.037389867
10955_non-targeting_non-targeting_non-targeting,non-targeting,0.03735785
5872_NUDT3_P1P2_ENSG00000272325,NUDT3,0.037285417
4536_LCORL_P1P2_ENSG00000178177,LCORL,0.03727023
4349_PRORP_P1P2_ENSG00000100890,PRORP,0.03725035
398_APEH_P1P2_ENSG00000164062,APEH,0.037235484
9177_TOP3A_P1P2_ENSG00000177302,TOP3A,0.037216786
7626_S100PBP_P1P2_ENSG00000116497,S100PBP,0.037213366
8121_SLIRP_P1P2_ENSG00000119705,SLIRP,0.037125673
5104_MLEC_P2_ENSG00000110917,MLEC,0.03709517
1079_C2orf68_P1P2_ENSG00000168887,C2orf68,0.03707553
3413_GLYR1_P1P2_ENSG00000140632,GLYR1,0.0370482
2414_DUT_P1P2_ENSG00000128951,DUT,0.0370447
2423_DYNC1LI1_P1P2_ENSG00000144635,DYNC1LI1,0.03702507
9309_TRMT2A_P1P2_ENSG00000099899,TRMT2A,0.0369979
2294_DNAJC21_P1P2_ENSG00000168724,DNAJC21,0.03699051
3399_GLO1_P1P2_ENSG00000124767,GLO1,0.036976606
9738_VPS13A_P1P2_ENSG00000197969,VPS13A,0.03696951
8424_SRRM1_P1P2_ENSG00000133226,SRRM1,0.036963705
60_ABRACL_P1P2_ENSG00000146386,ABRACL,0.036921777
3446_GNL3L_P1P2_ENSG00000130119,GNL3L,0.036858086
7806_SERPING1_P1P2_ENSG00000149131,SERPING1,0.03685508
9777_VWA1_P1P2_ENSG00000179403,VWA1,0.036851693
5077_MICOS10_P1P2_ENSG00000173436,MICOS10,0.036850292
6443_PLEKHG4_P2_ENSG00000196155,PLEKHG4,0.036834165
4139_INPPL1_P1P2_ENSG00000165458,INPPL1,0.036819667
1316_CCNB1IP1_P1P2_ENSG00000100814,CCNB1IP1,0.036809932
189_AGO1_P1P2_ENSG00000092847,AGO1,0.036768306
2740_ESRRG_ENST00000360012.3_ENSG00000196482,ESRRG,0.036727376
10707_ZRANB3_P1P2_ENSG00000121988,ZRANB3,0.036703173
9565_UCK2_P1P2_ENSG00000143179,UCK2,0.03664583
8181_SMIM7_P1P2_ENSG00000214046,SMIM7,0.036632378
9616_UQCRQ_P1P2_ENSG00000164405,UQCRQ,0.03663091
3163_FOXI3_P1P2_ENSG00000214336,FOXI3,0.036624905
140_ADAT3_P2_ENSG00000213638,ADAT3,0.036536384
1905_CSNK2A2_P1P2_ENSG00000070770,CSNK2A2,0.036535308
8215_SNRK_P1P2_ENSG00000163788,SNRK,0.036522344
4035_IER5L_P1P2_ENSG00000188483,IER5L,0.03652086
1365_CD3EAP_P1P2_ENSG00000117877,CD3EAP,0.036512744
1721_CNOT6_P1P2_ENSG00000113300,CNOT6,0.036484253
8223_SNRPA1_P1P2_ENSG00000131876,SNRPA1,0.036437396
1254_CCDC130_P2_ENSG00000104957,CCDC130,0.036417354
7685_SCAPER_P1P2_ENSG00000140386,SCAPER,0.036412846
6310_PHTF1_P1P2_ENSG00000116793,PHTF1,0.03639688
1300_CCDC85C_P1P2_ENSG00000205476,CCDC85C,0.036394406
1807_COX14_P1P2_ENSG00000178449,COX14,0.036373846
5444_NADK2_P1P2_ENSG00000152620,NADK2,0.03635936
2125_DDX49_P1P2_ENSG00000105671,DDX49,0.036340196
5886_NUP133_P1P2_ENSG00000069248,NUP133,0.036332935
1651_CLEC2L_P1P2_ENSG00000236279,CLEC2L,0.036332577
2553_EIF3I_P1P2_ENSG00000084623,EIF3I,0.036328454
4115_IMPDH2_P1P2_ENSG00000178035,IMPDH2,0.036290076
2510_EGR1_P1_ENSG00000120738,EGR1,0.036272693
8600_SUPT7L_P1P2_ENSG00000119760,SUPT7L,0.03621983
8160_SMC5_P1P2_ENSG00000198887,SMC5,0.0362198
11081_non-targeting_non-targeting_non-targeting,non-targeting,0.03621904
5093_MKLN1_P1P2_ENSG00000128585,MKLN1,0.0362144
4780_MAK16_P1P2_ENSG00000198042,MAK16,0.03619697
9266_TRIM23_P1P2_ENSG00000113595,TRIM23,0.036182474
4066_IGF2BP2_P1P2_ENSG00000073792,IGF2BP2,0.036174655
5690_NKX2-1_P1P2_ENSG00000136352,NKX2-1,0.03616149
4649_LRP5_P1P2_ENSG00000162337,LRP5,0.036150247
1032_C1QBP_P1P2_ENSG00000108561,C1QBP,0.036115907
7980_SLC25A10_P1P2_ENSG00000183048,SLC25A10,0.036112726
6953_PURG_P1P2_ENSG00000172733,PURG,0.036111485
4847_MARCH7_P1P2_ENSG00000136536,MARCH7,0.03604563
5486_NCAM2_P1P2_ENSG00000154654,NCAM2,0.035997402
6813_PRR14_P1P2_ENSG00000156858,PRR14,0.035989795
2547_EIF3C_P1P2_ENSG00000184110,EIF3C,0.03598223
5882_NUMBL_P1P2_ENSG00000105245,NUMBL,0.035967126
7523_RPS3A_P1P2_ENSG00000145425,RPS3A,0.035964392
2334_DOLK_P1P2_ENSG00000175283,DOLK,0.035909455
10568_ZNF705A_P1P2_ENSG00000196946,ZNF705A,0.035904814
10064_ZFAND1_P1_ENSG00000104231,ZFAND1,0.03589271
62_ABT1_P1P2_ENSG00000146109,ABT1,0.035872493
7843_SFSWAP_P1P2_ENSG00000061936,SFSWAP,0.03584161
3576_GTF2H3_P1P2_ENSG00000111358,GTF2H3,0.03583719
4604_LLGL2_P1_ENSG00000073350,LLGL2,0.035815977
105_ACTG1_P1P2_ENSG00000184009,ACTG1,0.035809427
9866_WIZ_P1P2_ENSG00000011451,WIZ,0.035789263
7727_SDHC_P1P2_ENSG00000143252,SDHC,0.035783287
7553_RRAS_P1P2_ENSG00000126458,RRAS,0.035733894
8729_TBCD_P1P2_ENSG00000141556,TBCD,0.035719547
5400_MYO1H_ENST00000431443.2_ENSG00000174527,MYO1H,0.03568659
7443_RPL18_P1P2_ENSG00000063177,RPL18,0.035653066
8990_TMEM120B_P1P2_ENSG00000188735,TMEM120B,0.035645563
5820_NRTN_ENST00000303212.2_ENSG00000171119,NRTN,0.035639256
7125_RASSF1_P1_ENSG00000068028,RASSF1,0.03563245
7057_RAC3_P1P2_ENSG00000169750,RAC3,0.035632085
9923_YBX3_P1P2_ENSG00000060138,YBX3,0.03558447
8597_SUPT4H1_P1P2_ENSG00000213246,SUPT4H1,0.03557631
6850_PSMB2_P1P2_ENSG00000126067,PSMB2,0.035553426
2089_DDB2_P1P2_ENSG00000134574,DDB2,0.035550393
6910_PTGES3_P1P2_ENSG00000110958,PTGES3,0.035444573
2581_ELAC1_P1P2_ENSG00000141642,ELAC1,0.03544034
5503_NCL_P2_ENSG00000115053,NCL,0.035407484
3937_HRAS_P1_ENSG00000174775,HRAS,0.035396267
1898_CSNK1A1_P1P2_ENSG00000113712,CSNK1A1,0.035361063
10904_non-targeting_non-targeting_non-targeting,non-targeting,0.035355505
3682_HEBP2_P1P2_ENSG00000051620,HEBP2,0.035345346
11124_non-targeting_non-targeting_non-targeting,non-targeting,0.03533324
5728_NOBOX_ENST00000223140.5_ENSG00000106410,NOBOX,0.035321154
7483_RPLP1_P1P2_ENSG00000137818,RPLP1,0.03524984
7485_RPN1_P1P2_ENSG00000163902,RPN1,0.035235364
7471_RPL39_P1P2_ENSG00000198918,RPL39,0.03521969
1424_CDK12_P1P2_ENSG00000167258,CDK12,0.035199054
7997_SLC25A28_P1P2_ENSG00000155287,SLC25A28,0.03515474
9972_ZBTB16_P1P2_ENSG00000109906,ZBTB16,0.035138417
7274_RGS14_P1_ENSG00000169220,RGS14,0.03513314
5112_MLLT1_P1P2_ENSG00000130382,MLLT1,0.035114095
10178_ZNF155_P1P2_ENSG00000204920,ZNF155,0.03511047
4963_MEF2D_P1P2_ENSG00000116604,MEF2D,0.0350763
9008_TMEM158_P1P2_ENSG00000249992,TMEM158,0.035069443
1520_CEPT1_P1P2_ENSG00000134255,CEPT1,0.03506451
3526_GRAMD4_ENST00000361034.3_ENSG00000075240,GRAMD4,0.0350506
485_ARHGEF9_P1P2_ENSG00000131089,ARHGEF9,0.035048332
1671_CLP1_P1P2_ENSG00000172409,CLP1,0.03503145
3362_GHITM_P1P2_ENSG00000165678,GHITM,0.03501577
5944_OPA1_P1P2_ENSG00000198836,OPA1,0.035007585
885_BRCA2_P1P2_ENSG00000139618,BRCA2,0.03498813
5273_MS4A3_P1P2_ENSG00000149516,MS4A3,0.034978807
1385_CDAN1_P1P2_ENSG00000140326,CDAN1,0.034935247
1283_CCDC58_P1P2_ENSG00000160124,CCDC58,0.03493134
15_AASDH_P1P2_ENSG00000157426,AASDH,0.034928802
156_ADK_P2_ENSG00000156110,ADK,0.034922954
217_AIFM2_P1P2_ENSG00000042286,AIFM2,0.034887332
6268_PGS1_P1P2_ENSG00000087157,PGS1,0.03486301
7188_RBMX_P1P2_ENSG00000147274,RBMX,0.03486274
5909_NVL_P1P2_ENSG00000143748,NVL,0.03485615
4897_MCM10_P1P2_ENSG00000065328,MCM10,0.034854736
3395_GLIS1_ENST00000312233.2_ENSG00000174332,GLIS1,0.034840122
9745_VPS26A_P1P2_ENSG00000122958,VPS26A,0.034825623
1420_CDK10_P1P2_ENSG00000185324,CDK10,0.03480213
5247_MRPS17_P1P2_ENSG00000239789,MRPS17,0.03480056
4879_MBIP_P1P2_ENSG00000151332,MBIP,0.034742955
1686_CLU_P2_ENSG00000120885,CLU,0.03473274
5509_NCOA5_P1P2_ENSG00000124160,NCOA5,0.0347122
5406_MYPOP_P1P2_ENSG00000176182,MYPOP,0.03469808
7121_RASA3_P1P2_ENSG00000185989,RASA3,0.034693897
8658_TAF1C_P1P2_ENSG00000103168,TAF1C,0.03468679
5502_NCLN_P1P2_ENSG00000125912,NCLN,0.034681905
9594_UNC50_P1P2_ENSG00000115446,UNC50,0.034657247
1640_CLCN3_P1P2_ENSG00000109572,CLCN3,0.034637265
6971_PYCARD_P1P2_ENSG00000103490,PYCARD,0.03463498
4595_LIN54_P1_ENSG00000189308,LIN54,0.03459194
1330_CCNI_P1P2_ENSG00000118816,CCNI,0.034582466
831_BHLHE41_P1P2_ENSG00000123095,BHLHE41,0.0345752
7735_SEC14L1_P2_ENSG00000129657,SEC14L1,0.034569487
7797_SERGEF_P1P2_ENSG00000129158,SERGEF,0.034568615
1413_CDCA3_P1P2_ENSG00000111665,CDCA3,0.034567986
18_ABCA7_P1_ENSG00000064687,ABCA7,0.03455735
326_ANKRD12_P1P2_ENSG00000101745,ANKRD12,0.034554414
3455_GOLGA1_P1P2_ENSG00000136935,GOLGA1,0.034510218
362_ANXA4_P1P2_ENSG00000196975,ANXA4,0.034491286
9944_YPEL5_P1P2_ENSG00000119801,YPEL5,0.034459006
3658_HCFC1_P1P2_ENSG00000172534,HCFC1,0.034421623
8645_TACC3_P1_ENSG00000013810,TACC3,0.034412205
7415_RORC_P2_ENSG00000143365,RORC,0.034411464
710_AUH_P1P2_ENSG00000148090,AUH,0.03440128
4566_LHPP_P1P2_ENSG00000107902,LHPP,0.03436892
2558_EIF4A1_P1P2_ENSG00000161960,EIF4A1,0.034367256
9534_UBL5_P1P2_ENSG00000198258,UBL5,0.034355696
9708_VAX2_P1P2_ENSG00000116035,VAX2,0.034336273
4465_KPTN_P1P2_ENSG00000118162,KPTN,0.034321945
10539_ZNF670_P1P2_ENSG00000277462,ZNF670,0.034304917
1118_C7orf26_P1P2_ENSG00000146576,C7orf26,0.03425946
6797_PRPF3_P1P2_ENSG00000117360,PRPF3,0.034246285
4928_MECP2_P1P2_ENSG00000169057,MECP2,0.03424583
7173_RBM39_P1P2_ENSG00000131051,RBM39,0.03417972
9600_UPF1_P1P2_ENSG00000005007,UPF1,0.03416113
10384_ZNF473_P1P2_ENSG00000142528,ZNF473,0.034140904
7324_RMND1_P1P2_ENSG00000155906,RMND1,0.034129784
3564_GSX1_P1P2_ENSG00000169840,GSX1,0.034127552
2496_EFHD2_P1P2_ENSG00000142634,EFHD2,0.034115363
1303_CCDC88B_P1P2_ENSG00000168071,CCDC88B,0.0340949
4877_MBD5_P1P2_ENSG00000204406,MBD5,0.03408961
4855_MARK4_P1P2_ENSG00000007047,MARK4,0.03408884
1165_CAMKK2_P1P2_ENSG00000110931,CAMKK2,0.034076735
1971_CWC15_P1P2_ENSG00000150316,CWC15,0.034055244
3341_GET4_P1P2_ENSG00000239857,GET4,0.034023024
9867_WNK1_P1P2_ENSG00000060237,WNK1,0.034004938
7864_SGSM3_P1P2_ENSG00000100359,SGSM3,0.034004334
7400_RNGTT_P1P2_ENSG00000111880,RNGTT,0.033971667
9579_UGT8_P1P2_ENSG00000174607,UGT8,0.03395141
1289_CCDC6_P1P2_ENSG00000108091,CCDC6,0.033922523
198_AGPS_P1P2_ENSG00000018510,AGPS,0.033911638
10294_ZNF331_P1_ENSG00000130844,ZNF331,0.03389151
10209_ZNF214_P1P2_ENSG00000149050,ZNF214,0.03388984
9419_TUBB6_P1P2_ENSG00000176014,TUBB6,0.03388758
1069_C22orf46_P1P2_nan,C22orf46,0.033836707
2515_EHBP1L1_P1P2_ENSG00000173442,EHBP1L1,0.03383591
1530_CETN2_P2_ENSG00000147400,CETN2,0.033828557
8119_SLC9B2_P1P2_ENSG00000164038,SLC9B2,0.033826143
7547_CNOT9_P1P2_ENSG00000144580,CNOT9,0.033810016
7960_SLC12A5_P2_ENSG00000124140,SLC12A5,0.033802714
6279_PHF10_P1P2_ENSG00000130024,PHF10,0.033789475
7295_RHOQ_P1P2_ENSG00000119729,RHOQ,0.03378875
3124_FNBP4_P1P2_ENSG00000109920,FNBP4,0.03378577
6094_PAX7_P1P2_ENSG00000009709,PAX7,0.03376338
6024_PABPC1_P1P2_ENSG00000070756,PABPC1,0.033763215
7217_RDH14_P1P2_ENSG00000240857,RDH14,0.03371583
3971_HSPA14_P1P2_ENSG00000284024,HSPA14,0.033685323
3710_HEXIM1_P1P2_ENSG00000186834,HEXIM1,0.033679713
2148_DENND2D_P1_ENSG00000162777,DENND2D,0.033671614
7351_RNF144A_P1_ENSG00000151692,RNF144A,0.033626705
5843_NT5DC2_P1P2_ENSG00000168268,NT5DC2,0.033592053
458_ARHGAP12_P1P2_ENSG00000165322,ARHGAP12,0.033571664
10463_ZNF574_P1_ENSG00000105732,ZNF574,0.03356752
4299_KCNMB3_P1P2_ENSG00000171121,KCNMB3,0.03355742
1904_CSNK2A1_P1P2_ENSG00000101266,CSNK2A1,0.0335283
7035_RAB5B_P1P2_ENSG00000111540,RAB5B,0.033518076
5021_MFN1_P1P2_ENSG00000171109,MFN1,0.033516392
5650_NFKBIL1_P1P2_ENSG00000204498,NFKBIL1,0.033507124
9733_VMA21_P1P2_ENSG00000160131,VMA21,0.033496186
10976_non-targeting_non-targeting_non-targeting,non-targeting,0.033442523
10613_ZNF765_P1_ENSG00000196417,ZNF765,0.033432353
1441_CDK7_P1P2_ENSG00000134058,CDK7,0.033423524
4599_LIPH_P1P2_ENSG00000163898,LIPH,0.033381153
7152_RBM10_P1P2_ENSG00000182872,RBM10,0.03336431
4308_KCTD6_P1P2_ENSG00000168301,KCTD6,0.033357725
1445_CDKL1_P1P2_ENSG00000100490,CDKL1,0.033353835
5357_MVK_P1P2_ENSG00000110921,MVK,0.033337805
3377_GIT2_P1P2_ENSG00000139436,GIT2,0.033329636
624_ATG4C_P1P2_ENSG00000125703,ATG4C,0.033329062
3458_GOLGA4_P1P2_ENSG00000144674,GOLGA4,0.03329569
4297_KCNIP3_ENST00000468529.1_ENSG00000115041,KCNIP3,0.033280578
6237_PFDN1_P1P2_ENSG00000113068,PFDN1,0.033273086
5851_NUB1_P1P2_ENSG00000013374,NUB1,0.033231158
5258_MRPS28_P1P2_ENSG00000147586,MRPS28,0.033231054
9074_TMEM43_P1P2_ENSG00000170876,TMEM43,0.03321716
8110_SLC7A6_P1P2_ENSG00000103064,SLC7A6,0.03321541
5120_MMAB_P1P2_ENSG00000139428,MMAB,0.033198398
6821_PRRC2C_P1P2_ENSG00000117523,PRRC2C,0.033198327
3775_HIST1H3J_ENST00000359303.2_ENSG00000197153,HIST1H3J,0.03319741
9445_TXLNA_P1P2_ENSG00000084652,TXLNA,0.033153724
656_ATP5F1D_P1P2_ENSG00000099624,ATP5F1D,0.033135742
10024_ZC3H3_P1P2_ENSG00000014164,ZC3H3,0.03308983
8411_SRI_P2_ENSG00000075142,SRI,0.033072997
9563_UCHL5_P1P2_ENSG00000116750,UCHL5,0.033067085
1582_CHMP2B_P1P2_ENSG00000083937,CHMP2B,0.033066068
354_ANP32B_P1P2_ENSG00000136938,ANP32B,0.033049084
6793_PRPF31_P1P2_ENSG00000105618,PRPF31,0.03302825
2272_DNAAF3_P1_ENSG00000167646,DNAAF3,0.033023756
10694_ZNF92_P1P2_ENSG00000146757,ZNF92,0.03302362
5283_MSH6_P1P2_ENSG00000116062,MSH6,0.032968253
5669_NINJ1_P1P2_ENSG00000131669,NINJ1,0.03291099
6120_PCGF1_P1P2_ENSG00000115289,PCGF1,0.03288838
1584_CHMP4A_P1_ENSG00000254505,CHMP4A,0.032877166
10721_ZSCAN29_P1P2_ENSG00000140265,ZSCAN29,0.032872453
8154_SMARCE1_P1P2_ENSG00000073584,SMARCE1,0.03285139
2674_EPN2_P2_ENSG00000072134,EPN2,0.032848768
4336_KHDC1_ENST00000257765.5_ENSG00000135314,KHDC1,0.032842096
6286_PHF20_P1P2_ENSG00000025293,PHF20,0.032830052
9178_TOP3B_P1P2_ENSG00000100038,TOP3B,0.032822117
9635_USP14_P1P2_ENSG00000101557,USP14,0.032811865
7686_SCAP_P1P2_ENSG00000114650,SCAP,0.03281025
6455_PLK4_P1P2_ENSG00000142731,PLK4,0.032801002
9163_TOMM20_P1P2_ENSG00000173726,TOMM20,0.032768525
1141_CAAP1_P1P2_ENSG00000120159,CAAP1,0.032753956
10126_ZIM3_ENST00000269834.1_ENSG00000141946,ZIM3,0.032753605
2319_DNPH1_P1P2_ENSG00000112667,DNPH1,0.032752603
10532_ZNF660_P1P2_ENSG00000144792,ZNF660,0.032739665
7613_RXRA_P1P2_ENSG00000186350,RXRA,0.03273719
7153_RBM12B_P1P2_ENSG00000183808,RBM12B,0.032732714
9219_TPX2_P1P2_ENSG00000088325,TPX2,0.03272248
4973_MEN1_P1P2_ENSG00000133895,MEN1,0.032667495
1386_CDC123_P1P2_ENSG00000151465,CDC123,0.03266721
9139_TNK2_P2_ENSG00000061938,TNK2,0.03266717
8936_TJAP1_P2_ENSG00000137221,TJAP1,0.0326616
5129_MND1_P1P2_ENSG00000121211,MND1,0.03266047
4778_MAGOH_P1P2_ENSG00000162385,MAGOH,0.03266027
3685_HECTD4_P1P2_ENSG00000173064,HECTD4,0.03263285
6698_PPP4R2_P1P2_ENSG00000163605,PPP4R2,0.03262392
8897_THTPA_P1P2_ENSG00000259431,THTPA,0.032622572
7881_SH3BP5_P1_ENSG00000131370,SH3BP5,0.032594834
7374_RNF208_P1P2_ENSG00000212864,RNF208,0.032591045
10448_ZNF560_P1P2_ENSG00000198028,ZNF560,0.032541353
9843_WDR77_P1P2_ENSG00000116455,WDR77,0.032537576
9218_TPT1_P1P2_ENSG00000133112,TPT1,0.03249731
3034_FBXW2_P1P2_ENSG00000119402,FBXW2,0.03249501
3067_FEZF2_P1P2_ENSG00000153266,FEZF2,0.032493945
"2019_DACH2_ENST00000373125.4,ENST00000373131.1_ENSG00000126733",DACH2,0.032411635
5000_METTL23_P1P2_ENSG00000181038,METTL23,0.03241068
7802_SERPINB1_P1P2_ENSG00000021355,SERPINB1,0.03239357
5335_MTMR4_P2_ENSG00000108389,MTMR4,0.03237322
6020_P4HB_P1P2_ENSG00000185624,P4HB,0.032357868
5131_MNX1_P1P2_ENSG00000130675,MNX1,0.032356285
9224_TRABD_P2_ENSG00000170638,TRABD,0.03235179
4539_LCP2_P1P2_ENSG00000043462,LCP2,0.032346305
9147_TNNT2_P1P2_ENSG00000118194,TNNT2,0.03233659
6011_OXR1_ENST00000312046.6_ENSG00000164830,OXR1,0.032334507
4071_IGFLR1_P1_ENSG00000126246,IGFLR1,0.032332517
9922_YBX2_P1P2_ENSG00000006047,YBX2,0.03231866
8720_TBC1D4_P1P2_ENSG00000136111,TBC1D4,0.032313846
4416_KLF1_P1P2_ENSG00000105610,KLF1,0.032308646
5836_NSUN6_P1P2_ENSG00000241058,NSUN6,0.032298427
1649_CLEC2B_P1P2_ENSG00000110852,CLEC2B,0.032297302
2031_DAXX_P1_ENSG00000204209,DAXX,0.03225966
9596_UNCX_P1P2_ENSG00000164853,UNCX,0.032223128
5885_NUP107_P1P2_ENSG00000111581,NUP107,0.032207247
10221_ZNF227_P1P2_ENSG00000131115,ZNF227,0.03220166
1641_CLCN6_P1P2_ENSG00000011021,CLCN6,0.032185007
199_AGRN_P1P2_ENSG00000188157,AGRN,0.032177992
3233_FYN_P1P2_ENSG00000010810,FYN,0.032159716
211_AHSA1_P1P2_ENSG00000100591,AHSA1,0.032146264
6589_POU2F3_P2_ENSG00000137709,POU2F3,0.03212985
7495_RPRD1B_P1P2_ENSG00000101413,RPRD1B,0.032117043
1026_MICOS13_P1P2_ENSG00000174917,MICOS13,0.032111306
1672_CLPB_P1P2_ENSG00000162129,CLPB,0.032102738
5948_OPN3_P1P2_ENSG00000054277,OPN3,0.03208541
2215_DHX40_P1P2_ENSG00000108406,DHX40,0.03206386
6089_PAX2_P1P2_ENSG00000075891,PAX2,0.03202896
5695_NKX2-6_P1P2_ENSG00000180053,NKX2-6,0.032015357
5965_ORC1_P1P2_ENSG00000085840,ORC1,0.03201323
1748_COIL_P1P2_ENSG00000121058,COIL,0.032010082
10353_ZNF430_P1P2_ENSG00000118620,ZNF430,0.031981982
3667_HDAC7_P1P2_ENSG00000061273,HDAC7,0.031943984
4316_KDELR3_P1P2_ENSG00000100196,KDELR3,0.031901952
5879_NUFIP1_P1P2_ENSG00000083635,NUFIP1,0.031901445
7260_RFX3_P1P2_ENSG00000080298,RFX3,0.031883813
4363_VIRMA_P1P2_ENSG00000164944,VIRMA,0.031858474
10144_ZMYM3_P1_ENSG00000147130,ZMYM3,0.031845886
4306_KCTD3_P1P2_ENSG00000136636,KCTD3,0.03184559
10746_AC118549.1_P1P2_ENSG00000036549,AC118549.1,0.031839695
6265_PGRMC1_P1P2_ENSG00000101856,PGRMC1,0.031824753
10033_TUT4_P1P2_ENSG00000134744,TUT4,0.03182205
8944_TLE3_P1P2_ENSG00000140332,TLE3,0.031805925
3567_GTF2A2_P1P2_ENSG00000140307,GTF2A2,0.031790897
4949_MED26_P1P2_ENSG00000105085,MED26,0.031776633
8051_SLC35F2_P1P2_ENSG00000110660,SLC35F2,0.031768512
3878_HNRNPU_P1P2_ENSG00000153187,HNRNPU,0.031747058
4651_LRP8_P1P2_ENSG00000157193,LRP8,0.03174067
8962_TM9SF4_P1P2_ENSG00000101337,TM9SF4,0.031734046
4919_MDM2_P1P2_ENSG00000135679,MDM2,0.03173267
3740_HIRA_P2_ENSG00000100084,HIRA,0.03171483
2773_EVX2_P1P2_ENSG00000174279,EVX2,0.031704247
5369_MYCBP2_P1P2_ENSG00000005810,MYCBP2,0.031683914
7028_RAB3IL1_P1P2_ENSG00000167994,RAB3IL1,0.03167545
2523_EID1_P1P2_ENSG00000255302,EID1,0.031655602
9405_TTL_P1P2_ENSG00000114999,TTL,0.031634692
2271_DNAAF3_P2_ENSG00000167646,DNAAF3,0.031600356
7435_RPL13A_P1_ENSG00000142541,RPL13A,0.03156934
3738_HIPK3_P1_ENSG00000110422,HIPK3,0.031498116
4537_LCOR_P1P2_ENSG00000196233,LCOR,0.031471938
1458_CDT1_P1P2_ENSG00000167513,CDT1,0.031406432
8850_TFEB_P2_ENSG00000112561,TFEB,0.031401403
5860_NUDCD3_P1P2_ENSG00000015676,NUDCD3,0.031386178
6045_PAK2_P1P2_ENSG00000180370,PAK2,0.031368624
6467_PLTP_P1_ENSG00000100979,PLTP,0.031362273
2876_ATPSCKMT_P1P2_ENSG00000150756,ATPSCKMT,0.031361815
7385_RNF25_P1_ENSG00000163481,RNF25,0.031348176
5517_NCSTN_P1P2_ENSG00000162736,NCSTN,0.031343326
7088_RALGDS_P2_ENSG00000160271,RALGDS,0.03134166
117_ACTR6_P1P2_ENSG00000075089,ACTR6,0.031334408
3361_GHDC_P1P2_ENSG00000167925,GHDC,0.031304907
9618_URB2_P1P2_ENSG00000135763,URB2,0.031286348
1328_CCNG1_P1P2_ENSG00000113328,CCNG1,0.031269766
5816_NRL_P1_ENSG00000129535,NRL,0.031244444
3219_FUNDC1_P1P2_ENSG00000069509,FUNDC1,0.031230303
5902_NUP88_P1P2_ENSG00000108559,NUP88,0.031225948
9076_TMEM50A_P1P2_ENSG00000183726,TMEM50A,0.031221379
2568_EIF4G1_P1P2_ENSG00000114867,EIF4G1,0.031216463
8601_SUPV3L1_P1P2_ENSG00000156502,SUPV3L1,0.03119856
3984_HSPBP1_P1P2_ENSG00000133265,HSPBP1,0.031174302
3456_GOLGA2_P1P2_ENSG00000167110,GOLGA2,0.031148257
5361_MXI1_P1_ENSG00000119950,MXI1,0.031140853
10092_ZFP62_P1P2_ENSG00000196670,ZFP62,0.031106288
2746_ESYT1_P2_ENSG00000139641,ESYT1,0.031096065
9931_YIPF2_P1P2_ENSG00000130733,YIPF2,0.031054178
6595_POU4F2_P1P2_ENSG00000151615,POU4F2,0.031043934
10343_ZNF418_P1P2_ENSG00000196724,ZNF418,0.031040827
6993_QTRT2_P1P2_ENSG00000151576,QTRT2,0.031039312
8823_TET1_P1P2_ENSG00000138336,TET1,0.031024465
3605_GYG1_P1P2_ENSG00000163754,GYG1,0.03097715
3095_FKBP1B_P1P2_ENSG00000119782,FKBP1B,0.030949224
5279_MSGN1_P1P2_ENSG00000151379,MSGN1,0.03094179
5449_NAF1_P1P2_ENSG00000145414,NAF1,0.030939857
575_ASCL3_P1P2_ENSG00000176009,ASCL3,0.030935543
4146_INTS1_P1P2_ENSG00000164880,INTS1,0.030929586
5374_MYC_P1P2_ENSG00000136997,MYC,0.030929532
8525_STK40_P1P2_ENSG00000196182,STK40,0.030924294
3449_GNPDA1_P1P2_ENSG00000113552,GNPDA1,0.030888375
2491_EEFSEC_P1P2_ENSG00000132394,EEFSEC,0.030840147
9627_USF1_P1P2_ENSG00000158773,USF1,0.030811114
3453_GNPTG_P1P2_ENSG00000090581,GNPTG,0.03079572
8929_TIMP1_P1_ENSG00000102265,TIMP1,0.030751916
3712_HEXIM2_P1_ENSG00000168517,HEXIM2,0.030743623
8370_SPRED1_P1P2_ENSG00000166068,SPRED1,0.030711407
6612_PPCDC_P1_ENSG00000138621,PPCDC,0.030703506
1579_CHMP1A_P1P2_ENSG00000131165,CHMP1A,0.030703451
958_C11orf80_P1P2_ENSG00000173715,C11orf80,0.030676013
6021_PA2G4_P1P2_ENSG00000170515,PA2G4,0.030673604
1448_CDKN2AIPNL_P1P2_ENSG00000237190,CDKN2AIPNL,0.030670727
10017_ZC2HC1C_P1P2_ENSG00000119703,ZC2HC1C,0.030669726
2605_ELP3_P1P2_ENSG00000134014,ELP3,0.030643346
922_BTBD7_P1P2_ENSG00000011114,BTBD7,0.030631596
2526_EIF1AD_P1P2_ENSG00000175376,EIF1AD,0.030627199
7240_REV1_P1P2_ENSG00000135945,REV1,0.030610925
6013_OXSR1_P1P2_ENSG00000172939,OXSR1,0.030609334
6460_PLRG1_P1P2_ENSG00000171566,PLRG1,0.030599046
8575_SUDS3_P1P2_ENSG00000111707,SUDS3,0.030573301
3876_HNRNPUL1_P1P2_ENSG00000105323,HNRNPUL1,0.030562034
2374_DRG2_P1P2_ENSG00000108591,DRG2,0.030524494
3630_HAPLN2_P1P2_ENSG00000132702,HAPLN2,0.030519383
2253_DMC1_P1P2_ENSG00000100206,DMC1,0.030487884
873_BOLA3_P1P2_ENSG00000163170,BOLA3,0.030453624
996_C16orf72_P2_ENSG00000182831,C16orf72,0.030453134
7656_SARS2_P1P2_ENSG00000104835,SARS2,0.030436931
3439_GNE_P1P2_ENSG00000159921,GNE,0.030424409
9028_TMEM186_P1P2_ENSG00000184857,TMEM186,0.030410383
7877_SH3BP1_P1P2_ENSG00000100092,SH3BP1,0.030393634
4504_LAMTOR1_P1P2_ENSG00000149357,LAMTOR1,0.030387493
6308_PHPT1_P1P2_ENSG00000054148,PHPT1,0.030370811
7456_RPL28_P1P2_ENSG00000108107,RPL28,0.03036796
4834_MAPKAP1_P2_ENSG00000119487,MAPKAP1,0.030353254
10587_ZNF718_ENST00000400172.3_ENSG00000250312,ZNF718,0.030325707
8553_STX1A_P1P2_ENSG00000106089,STX1A,0.030323742
605_ATF2_P1P2_ENSG00000115966,ATF2,0.030322552
2707_ERH_P1P2_ENSG00000100632,ERH,0.030305428
7447_RPL22_P1_ENSG00000116251,RPL22,0.030304192
7353_RNF145_P2_ENSG00000145860,RNF145,0.030292625
2123_DDX46_P2_ENSG00000145833,DDX46,0.03026644
4903_MCM6_P1P2_ENSG00000076003,MCM6,0.03026498
7377_RNF213_P1_ENSG00000173821,RNF213,0.030247249
8371_SPRED2_ENST00000443619.2_ENSG00000198369,SPRED2,0.03023437
1915_CSTF1_P1P2_ENSG00000101138,CSTF1,0.030204644
10427_ZNF532_P1_ENSG00000074657,ZNF532,0.03018911
6383_PITRM1_P1P2_ENSG00000107959,PITRM1,0.030150952
6315_PI4K2A_P1P2_ENSG00000155252,PI4K2A,0.030110534
5464_NAPG_P1P2_ENSG00000134265,NAPG,0.030089168
3273_GALNT6_P1P2_ENSG00000139629,GALNT6,0.03008668
6788_PROSER2_P1P2_ENSG00000148426,PROSER2,0.030080361
6628_PPIH_P1P2_ENSG00000171960,PPIH,0.030076843
5052_MICAL1_P1P2_ENSG00000135596,MICAL1,0.030064497
6453_PLK1_P1P2_ENSG00000166851,PLK1,0.03004763
1397_CDC34_P1P2_ENSG00000099804,CDC34,0.030040115
2902_FAM210A_P1P2_ENSG00000177150,FAM210A,0.029956853
8505_STEAP3_P1P2_ENSG00000115107,STEAP3,0.029937124
9667_USP4_P1P2_ENSG00000114316,USP4,0.029922688
3586_GTF3C3_P1P2_ENSG00000119041,GTF3C3,0.029920632
388_AP5B1_P1P2_ENSG00000254470,AP5B1,0.029919729
1633_CLASP1_P1P2_ENSG00000074054,CLASP1,0.029909838
5024_MFSD10_P1P2_ENSG00000109736,MFSD10,0.029873554
8837_TFAP2D_P1P2_ENSG00000008197,TFAP2D,0.029856648
6290_PHF3_P1P2_ENSG00000118482,PHF3,0.029842114
10766_non-targeting_non-targeting_non-targeting,non-targeting,0.029834058
6229_PEX1_P1P2_ENSG00000127980,PEX1,0.029827112
4917_MDK_P1P2_ENSG00000110492,MDK,0.029821716
6826_PRSS16_P2_ENSG00000112812,PRSS16,0.029808281
6477_PMM2_P1P2_ENSG00000140650,PMM2,0.029798007
2723_ERVW-1_ENST00000493463.2_ENSG00000242950,ERVW-1,0.029776666
5507_NCOA3_P1P2_ENSG00000124151,NCOA3,0.029769694
4335_KEL_P1_ENSG00000197993,KEL,0.029754054
2770_EVL_P2_ENSG00000196405,EVL,0.029749531
9525_UBE3B_P1P2_ENSG00000151148,UBE3B,0.029745929
4032_IER2_P1P2_ENSG00000160888,IER2,0.029736096
10282_ZNF319_P1_ENSG00000166188,ZNF319,0.029722836
10516_ZNF628_P1P2_ENSG00000197483,ZNF628,0.029721098
5898_NUP54_P1P2_ENSG00000138750,NUP54,0.029714722
2868_FAM160B2_P1P2_ENSG00000158863,FAM160B2,0.029690165
10073_ZFC3H1_P1P2_ENSG00000133858,ZFC3H1,0.029681152
7744_SEC24A_P1P2_ENSG00000113615,SEC24A,0.02968006
6362_PILRB_P1P2_ENSG00000121716,PILRB,0.029675376
20_ABCB10_P1P2_ENSG00000135776,ABCB10,0.029660804
9721_VEZF1_P1P2_ENSG00000136451,VEZF1,0.029660456
577_ASCL5_P1P2_ENSG00000232237,ASCL5,0.02964592
7462_RPL35A_P1P2_ENSG00000182899,RPL35A,0.029640246
216_AIFM1_P1P2_ENSG00000156709,AIFM1,0.029604701
8623_SYNC_P1P2_ENSG00000162520,SYNC,0.029588858
7190_RBPJL_P1P2_ENSG00000124232,RBPJL,0.02957193
7130_RAVER1_P1_ENSG00000161847,RAVER1,0.029571414
3427_GMPS_P1P2_ENSG00000163655,GMPS,0.02956518
8266_SOD1_P1P2_ENSG00000142168,SOD1,0.029563336
10331_ZNF396_P1P2_ENSG00000186496,ZNF396,0.029534338
7605_RUSC1_P2_ENSG00000160753,RUSC1,0.029532844
6677_PPP1R9B_P1P2_ENSG00000108819,PPP1R9B,0.029520798
10416_ZNF518A_P1P2_ENSG00000177853,ZNF518A,0.029509837
7834_SF3A3_P1P2_ENSG00000183431,SF3A3,0.029490534
4058_IFT80_P1P2_ENSG00000068885,IFT80,0.029475862
2030_DARS_P1P2_ENSG00000115866,DARS,0.02946445
10368_ZNF444_P1P2_ENSG00000167685,ZNF444,0.029445933
3642_HAUS8_P1P2_ENSG00000131351,HAUS8,0.029430503
8273_SORBS3_P1P2_ENSG00000120896,SORBS3,0.029422354
1253_CCDC12_P2_ENSG00000160799,CCDC12,0.029408105
7070_RAD51_P1P2_ENSG00000051180,RAD51,0.029400146
559_AR_P1P2_ENSG00000169083,AR,0.029397001
1642_CLCN7_P1P2_ENSG00000103249,CLCN7,0.029367274
6717_PRCC_P1P2_ENSG00000143294,PRCC,0.029354367
4587_LIMK1_P2_ENSG00000106683,LIMK1,0.029352173
4789_MAN2B1_P1_ENSG00000104774,MAN2B1,0.029323183
2695_ERCC3_P1P2_ENSG00000163161,ERCC3,0.029317115
9812_WDR26_P1P2_ENSG00000162923,WDR26,0.029301459
3198_FRA10AC1_P1P2_ENSG00000148690,FRA10AC1,0.029297432
3656_HCCS_P1P2_ENSG00000004961,HCCS,0.029263915
4764_MAGEB1_P2_ENSG00000214107,MAGEB1,0.029228916
2100_DDT_ENST00000398344.4_ENSG00000099977,DDT,0.029217178
4753_MAFB_P1P2_ENSG00000204103,MAFB,0.029216003
6504_POC1B_P1P2_ENSG00000139323,POC1B,0.029214019
9751_VPS35_P1P2_ENSG00000069329,VPS35,0.029206038
2120_DDX41_P1P2_ENSG00000183258,DDX41,0.029191274
7299_RHOXF2B_ENST00000371402.2_ENSG00000203989,RHOXF2B,0.029176572
10551_ZNF683_P1P2_ENSG00000176083,ZNF683,0.029166097
3158_FOXF2_P1P2_ENSG00000137273,FOXF2,0.029141635
9849_WDR83_P2_ENSG00000123154,WDR83,0.02910414
7492_RPP38_P1P2_ENSG00000152464,RPP38,0.029103557
4129_INO80E_P1P2_ENSG00000169592,INO80E,0.029085837
4346_KIAA0319L_P1P2_ENSG00000142687,KIAA0319L,0.029082442
10255_ZNF274_P1P2_ENSG00000171606,ZNF274,0.029037198
9111_TMSB4X_P2_ENSG00000205542,TMSB4X,0.029026277
3305_GBA_P1_ENSG00000177628,GBA,0.02902404
8765_TCEA2_P1P2_ENSG00000171703,TCEA2,0.028973714
2267_DMXL1_P1P2_ENSG00000172869,DMXL1,0.028969875
6175_PDHA1_P1P2_ENSG00000131828,PDHA1,0.028955793
5076_MINK1_P1P2_ENSG00000141503,MINK1,0.028919414
7710_SCRT2_P1P2_ENSG00000215397,SCRT2,0.028911253
2333_DOK4_P1_ENSG00000125170,DOK4,0.02888546
4623_LNPEP_P1P2_ENSG00000113441,LNPEP,0.02887418
10688_ZNF888_ENST00000454258.1_ENSG00000213793,ZNF888,0.028870896
10489_ZNF596_P1P2_ENSG00000172748,ZNF596,0.028869452
3229_FXN_P1P2_ENSG00000165060,FXN,0.028814115
1504_CEP350_P1P2_ENSG00000135837,CEP350,0.028809788
8895_THRA_P1P2_ENSG00000126351,THRA,0.0287976
6842_PSMA2_P1P2_ENSG00000106588,PSMA2,0.028796565
2657_EP300_P1P2_ENSG00000100393,EP300,0.028786836
1099_TMEM267_P1P2_ENSG00000151881,TMEM267,0.028777134
8477_ST7L_P1P2_ENSG00000007341,ST7L,0.028767345
8924_TIMM50_P1P2_ENSG00000105197,TIMM50,0.02872993
5243_MRPS12_P1P2_ENSG00000128626,MRPS12,0.028723922
10457_ZNF569_P1P2_ENSG00000196437,ZNF569,0.028710289
8700_TATDN3_P2_ENSG00000203705,TATDN3,0.028682157
10937_non-targeting_non-targeting_non-targeting,non-targeting,0.028659493
2774_EWSR1_P1P2_ENSG00000182944,EWSR1,0.028653098
5883_NUMB_P1_ENSG00000133961,NUMB,0.028643345
1654_CLIC2_P1P2_ENSG00000155962,CLIC2,0.028637089
2474_EDC3_P1P2_ENSG00000179151,EDC3,0.028547946
9805_WDR13_P1P2_ENSG00000101940,WDR13,0.028535357
1129_SPOUT1_P1P2_ENSG00000198917,SPOUT1,0.028532945
1852_CR1L_P1P2_ENSG00000197721,CR1L,0.028522225
3200_FRG1_P1P2_ENSG00000109536,FRG1,0.028516786
8853_TFIP11_P1P2_ENSG00000100109,TFIP11,0.028513387
6261_PGM2_P1P2_ENSG00000169299,PGM2,0.028490184
2033_DAZAP1_P1P2_ENSG00000071626,DAZAP1,0.02848134
1090_C4orf33_P2_ENSG00000151470,C4orf33,0.028461127
256_ALDH1B1_P1P2_ENSG00000137124,ALDH1B1,0.028456232
653_ATP5F1A_P1_ENSG00000152234,ATP5F1A,0.02845128
9023_TMEM181_P1P2_ENSG00000146433,TMEM181,0.028450131
9519_UBE2T_P1P2_ENSG00000077152,UBE2T,0.028444711
7988_SLC25A19_P1P2_ENSG00000125454,SLC25A19,0.02844365
8770_ELOB_P1P2_ENSG00000103363,ELOB,0.02843139
330_ANKRD13D_P1P2_ENSG00000172932,ANKRD13D,0.028429572
4969_MEIS3_P1_ENSG00000105419,MEIS3,0.028411519
7555_RREB1_P1P2_ENSG00000124782,RREB1,0.028403413
"2741_ESRRG_ENST00000366940.2,ENST00000493603.1_ENSG00000196482",ESRRG,0.028373303
5162_MPG_P1P2_ENSG00000103152,MPG,0.028361026
8206_SNAPC2_P1P2_ENSG00000104976,SNAPC2,0.028356478
8077_SLC39A6_P1P2_ENSG00000141424,SLC39A6,0.028353492
4934_MED13_P1P2_ENSG00000108510,MED13,0.028320312
3508_GPR137_P2_ENSG00000173264,GPR137,0.028318068
3679_HEATR5A_P1P2_ENSG00000129493,HEATR5A,0.028317412
1020_C19orf48_P1P2_ENSG00000167747,C19orf48,0.028303018
4715_LUC7L2_P1_ENSG00000146963,LUC7L2,0.028300028
3146_FOXB2_ENST00000376708.1_ENSG00000204612,FOXB2,0.028299727
1995_CYB5R4_P1P2_ENSG00000065615,CYB5R4,0.028297735
4295_KCNH2_P2_ENSG00000055118,KCNH2,0.02828734
6148_PCYT2_P1P2_ENSG00000185813,PCYT2,0.028286757
9313_TRMT61A_P1P2_ENSG00000166166,TRMT61A,0.028280513
10145_ZMYM3_P2_ENSG00000147130,ZMYM3,0.02826818
6049_PALM_P1P2_ENSG00000099864,PALM,0.028249444
1221_CBLL1_P1P2_ENSG00000105879,CBLL1,0.028191969
655_ATP5F1C_P1P2_ENSG00000165629,ATP5F1C,0.028183589
8624_SYNGR1_P1P2_ENSG00000100321,SYNGR1,0.02816072
490_ARID3A_P1P2_ENSG00000116017,ARID3A,0.02814978
9752_VPS36_P1P2_ENSG00000136100,VPS36,0.028147489
8106_SLC7A11_P1P2_ENSG00000151012,SLC7A11,0.028138041
9801_WDFY3_P1P2_ENSG00000163625,WDFY3,0.028135113
190_AGO2_P1P2_ENSG00000123908,AGO2,0.028131412
8249_SNX24_P1P2_ENSG00000064652,SNX24,0.028122881
7692_SCFD2_P1P2_ENSG00000184178,SCFD2,0.028118944
6794_PRPF38A_P1P2_ENSG00000134748,PRPF38A,0.028108578
1835_CPNE8_P1P2_ENSG00000139117,CPNE8,0.028085133
7144_RBBP8_P1P2_ENSG00000101773,RBBP8,0.02806132
8346_SPEG_P1_ENSG00000072195,SPEG,0.028041907
1987_CYB561D2_P1P2_ENSG00000114395,CYB561D2,0.028023625
429_AQP3_P1_ENSG00000165272,AQP3,0.028000569
7624_S100A4_P1P2_ENSG00000196154,S100A4,0.0279985
1760_COMMD3_P1P2_ENSG00000148444,COMMD3,0.027991042
8711_TBC1D20_P1P2_ENSG00000125875,TBC1D20,0.02798426
3082_FH_P1P2_ENSG00000091483,FH,0.027971203
2021_DAG1_P1P2_ENSG00000173402,DAG1,0.027949527
10288_ZNF326_P1P2_ENSG00000162664,ZNF326,0.02794438
10188_ZNF17_P1P2_ENSG00000186272,ZNF17,0.027936073
1433_CDK4_P1P2_ENSG00000135446,CDK4,0.027931055
9933_YIPF4_P1P2_ENSG00000119820,YIPF4,0.02791487
1722_CNOT7_P1P2_ENSG00000198791,CNOT7,0.027913427
3724_HIF1AN_P1P2_ENSG00000166135,HIF1AN,0.027885437
334_ANKRD27_P1P2_ENSG00000105186,ANKRD27,0.027878558
6424_PLCL2_P1P2_ENSG00000154822,PLCL2,0.027869826
3115_FLYWCH1_P1P2_ENSG00000059122,FLYWCH1,0.02785901
689_ATP7B_P1P2_ENSG00000123191,ATP7B,0.027851285
1500_CEP192_P1P2_ENSG00000101639,CEP192,0.027849011
4557_LETM1_P1P2_ENSG00000168924,LETM1,0.027848925
4814_MAP3K7_P1P2_ENSG00000135341,MAP3K7,0.027834792
4506_LAMTOR2_P1P2_ENSG00000116586,LAMTOR2,0.02782991
4159_IP6K2_P1P2_ENSG00000068745,IP6K2,0.027822513
3418_GMEB2_P1P2_ENSG00000101216,GMEB2,0.02781865
2405_DUSP1_P1P2_ENSG00000120129,DUSP1,0.027805125
10669_ZNF83_ENST00000541777.2_ENSG00000167766,ZNF83,0.02778513
2768_EVA1B_P1P2_ENSG00000142694,EVA1B,0.027784431
947_C11orf1_P1P2_ENSG00000137720,C11orf1,0.027780661
2389_DTL_P1P2_ENSG00000143476,DTL,0.027763776
6847_PSMA7_P1P2_ENSG00000101182,PSMA7,0.027738037
3848_JPT2_P1P2_ENSG00000206053,JPT2,0.027725529
64_ACAA2_P1P2_ENSG00000167315,ACAA2,0.027681308
2154_DENND5A_P1P2_ENSG00000184014,DENND5A,0.027673889
469_ARHGAP4_P1_ENSG00000089820,ARHGAP4,0.027644064
2699_ERCC6L2_P1P2_ENSG00000182150,ERCC6L2,0.027637094
8676_TAL2_ENST00000334077.3_ENSG00000186051,TAL2,0.027627286
10480_ZNF586_P1P2_ENSG00000083828,ZNF586,0.027617378
2475_EDC4_P1P2_ENSG00000038358,EDC4,0.02760403
4920_MDM4_P1P2_ENSG00000198625,MDM4,0.027603578
5579_NECAB3_P2_ENSG00000125967,NECAB3,0.027569627
4996_METTL18_P1P2_ENSG00000171806,METTL18,0.027565427
2265_DMTN_P1_ENSG00000158856,DMTN,0.027535968
7643_SAMD4B_P1P2_ENSG00000179134,SAMD4B,0.027510626
9270_TRIM27_P1P2_ENSG00000204713,TRIM27,0.027493486
9850_WDR83_P1_ENSG00000123154,WDR83,0.027486285
2446_E4F1_P1P2_ENSG00000167967,E4F1,0.027472967
8225_SNRPB2_P1P2_ENSG00000125870,SNRPB2,0.027470136
5012_MEX3B_P1_ENSG00000183496,MEX3B,0.02746106
2833_FAM111A_P1_ENSG00000166801,FAM111A,0.027447157
2369_DR1_P1P2_ENSG00000117505,DR1,0.027421858
10359_ZNF438_P2_ENSG00000183621,ZNF438,0.027410606
5897_NUP50_P1P2_ENSG00000093000,NUP50,0.027400613
10190_ZNF181_P1P2_ENSG00000197841,ZNF181,0.027379805
499_ARL11_P1P2_ENSG00000152213,ARL11,0.027348291
8228_SNRPD1_P1P2_ENSG00000167088,SNRPD1,0.02734178
3765_HIST1H2BH_P1P2_ENSG00000275713,HIST1H2BH,0.027335789
4533_LCMT1_P1P2_ENSG00000205629,LCMT1,0.027334992
2351_DPH7_P1P2_ENSG00000148399,DPH7,0.02732495
904_BRMS1_P1P2_ENSG00000174744,BRMS1,0.027313657
5920_OBSL1_P1P2_ENSG00000124006,OBSL1,0.02730403
7063_RAD23A_P1P2_ENSG00000179262,RAD23A,0.027300809
7158_RBM15B_P1_ENSG00000259956,RBM15B,0.02728724
1292_CCDC71_P1P2_ENSG00000177352,CCDC71,0.02728387
4331_KDM8_P1P2_ENSG00000155666,KDM8,0.027280131
4580_LIMA1_P2_ENSG00000050405,LIMA1,0.027261004
6984_QPCTL_P1P2_ENSG00000011478,QPCTL,0.027258892
757_BAMBI_P1P2_ENSG00000095739,BAMBI,0.027255213
4120_ING2_P1P2_ENSG00000168556,ING2,0.02725109
4914_MDC1_P1P2_ENSG00000137337,MDC1,0.027249604
2600_ELOVL1_P1P2_ENSG00000066322,ELOVL1,0.02723043
931_BTN3A2_P1P2_ENSG00000186470,BTN3A2,0.027225982
9977_ZBTB1_P1P2_ENSG00000126804,ZBTB1,0.0272209
2469_ECM1_P1P2_ENSG00000143369,ECM1,0.027207235
4076_IKBIP_P1P2_ENSG00000166130,IKBIP,0.02718472
5910_NXF1_P1_ENSG00000162231,NXF1,0.02718138
2301_DNAJC5_P1P2_ENSG00000101152,DNAJC5,0.027163215
3867_HNRNPH2_P1P2_ENSG00000126945,HNRNPH2,0.027144311
4954_MED31_P1P2_ENSG00000108590,MED31,0.027141634
8697_TATDN1_P1P2_ENSG00000147687,TATDN1,0.027124008
2444_E2F7_P1P2_ENSG00000165891,E2F7,0.027115256
7198_RCC1_P1_ENSG00000180198,RCC1,0.027107514
11269_non-targeting_non-targeting_non-targeting,non-targeting,0.027096452
7114_RARG_P1_ENSG00000172819,RARG,0.02708867
8480_STAG1_P1P2_ENSG00000118007,STAG1,0.027076265
618_ATG16L1_P1P2_ENSG00000085978,ATG16L1,0.027071768
3077_FGGY_P1P2_ENSG00000172456,FGGY,0.027071686
5602_NEMF_P1P2_ENSG00000165525,NEMF,0.027065866
4440_KLHL23_P2_ENSG00000213160,KLHL23,0.027064655
357_ANXA11_P1P2_ENSG00000122359,ANXA11,0.027059948
253_ALDH18A1_P1P2_ENSG00000059573,ALDH18A1,0.027015194
5999_OTUD7B_P1P2_ENSG00000264522,OTUD7B,0.026991386
3706_HESX1_P2_ENSG00000163666,HESX1,0.026951885
3029_FBXO7_P1P2_ENSG00000100225,FBXO7,0.02693935
113_ACTR3B_P1P2_ENSG00000133627,ACTR3B,0.026938474
104_ACTB_P1P2_ENSG00000075624,ACTB,0.026937956
9521_UBE2V2_P1P2_ENSG00000169139,UBE2V2,0.026929423
8244_SNX15_P1_ENSG00000110025,SNX15,0.026880674
3398_GLMN_P1P2_ENSG00000174842,GLMN,0.026871674
2784_EXOC7_P1P2_ENSG00000182473,EXOC7,0.026818981
6189_PDLIM5_P1P2_ENSG00000163110,PDLIM5,0.0268119
7839_SF3B5_P1P2_ENSG00000169976,SF3B5,0.026806943
1489_CENPP_P1P2_ENSG00000188312,CENPP,0.026794186
3114_FLVCR1_P1P2_ENSG00000162769,FLVCR1,0.026789375
4180_IRAK4_P1P2_ENSG00000198001,IRAK4,0.026783412
78_ACBD5_P1P2_ENSG00000107897,ACBD5,0.026782038
8259_SNX8_P1P2_ENSG00000106266,SNX8,0.02675887
2585_ELF2_P1P2_ENSG00000109381,ELF2,0.026740614
9026_TMEM184C_P1P2_ENSG00000164168,TMEM184C,0.026732635
2905_PRXL2A_P1_ENSG00000122378,PRXL2A,0.026728092
5884_NUMB_P2_ENSG00000133961,NUMB,0.026720552
3629_HAND2_P1_ENSG00000164107,HAND2,0.026712654
5354_MMUT_P1P2_ENSG00000146085,MMUT,0.026711823
8788_TCFL5_P1P2_ENSG00000101190,TCFL5,0.026710747
1212_CAST_P1_ENSG00000153113,CAST,0.026704092
639_ATP11A_P1P2_ENSG00000068650,ATP11A,0.02669977
5078_MINPP1_P1P2_ENSG00000107789,MINPP1,0.026695572
810_BCORL1_P1P2_ENSG00000085185,BCORL1,0.026690193
223_AIRE_P1P2_ENSG00000160224,AIRE,0.026682269
9015_TMEM167A_P1P2_ENSG00000174695,TMEM167A,0.02666125
8192_SMURF1_P1P2_ENSG00000198742,SMURF1,0.026640598
3239_G0S2_P1P2_ENSG00000123689,G0S2,0.026585368
7762_SELENOK_P1P2_ENSG00000113811,SELENOK,0.026568478
1920_CT45A5_P1P2_ENSG00000228836,CT45A5,0.026533244
2437_E2F1_P1P2_ENSG00000101412,E2F1,0.026531758
2520_EHMT1_P1P2_ENSG00000181090,EHMT1,0.026495188
8140_SMARCA1_P1P2_ENSG00000102038,SMARCA1,0.02649096
6690_PPP2R5D_P1P2_ENSG00000112640,PPP2R5D,0.026488945
9151_TNPO3_P1P2_ENSG00000064419,TNPO3,0.026487058
6944_PTS_P1P2_ENSG00000150787,PTS,0.026477044
9767_VPS8_P1P2_ENSG00000156931,VPS8,0.02647451
1894_CSH2_P1_ENSG00000213218,CSH2,0.026472349
9473_U2AF1_P1P2_ENSG00000160201,U2AF1,0.02646789
9941_YOD1_P1P2_ENSG00000180667,YOD1,0.026465483
11312_non-targeting_non-targeting_non-targeting,non-targeting,0.026460068
9822_WDR45B_P1P2_ENSG00000141580,WDR45B,0.026452962
9119_TMX4_P1P2_ENSG00000125827,TMX4,0.026450975
7452_RPL26L1_P1P2_ENSG00000037241,RPL26L1,0.02643204
10204_ZNF20_P1_ENSG00000132010,ZNF20,0.026419735
6194_PDPR_P1P2_ENSG00000090857,PDPR,0.026410097
9641_USP21_P1P2_ENSG00000143258,USP21,0.026401822
3969_HSP90B1_P1P2_ENSG00000166598,HSP90B1,0.026393833
8689_TAPT1_P1P2_ENSG00000169762,TAPT1,0.026391966
6785_PROS1_P1P2_ENSG00000184500,PROS1,0.026387483
10161_ZNF124_P1P2_ENSG00000196418,ZNF124,0.026379464
4356_KIAA0930_P1_ENSG00000100364,KIAA0930,0.02637741
3329_GDF15_P1P2_ENSG00000130513,GDF15,0.026364977
10439_ZNF550_P1P2_ENSG00000251369,ZNF550,0.02636034
1965_CUL5_P1P2_ENSG00000166266,CUL5,0.026337214
4809_MAP3K2_P1P2_ENSG00000169967,MAP3K2,0.026322866
8506_STIL_P1P2_ENSG00000123473,STIL,0.026297906
3422_GMNN_P1P2_ENSG00000112312,GMNN,0.026297653
8699_TATDN3_P1_ENSG00000203705,TATDN3,0.02626471
10528_ZNF653_P1P2_ENSG00000161914,ZNF653,0.026242264
6456_PLOD1_P1P2_ENSG00000083444,PLOD1,0.0262118
7571_RSBN1L_P1P2_ENSG00000187257,RSBN1L,0.026206512
7237_REST_P2_ENSG00000084093,REST,0.02620424
6305_PHOSPHO2_P1P2_ENSG00000144362,PHOSPHO2,0.02618843
2811_F2R_P1P2_ENSG00000181104,F2R,0.02618282
7248_RFC4_P1P2_ENSG00000163918,RFC4,0.02618178
7734_SEC13_P1P2_ENSG00000157020,SEC13,0.026173295
271_ALG5_P1P2_ENSG00000120697,ALG5,0.02616289
1438_CDK5_P1P2_ENSG00000164885,CDK5,0.026154565
5251_MRPS21_P1P2_ENSG00000266472,MRPS21,0.02615442
11263_non-targeting_non-targeting_non-targeting,non-targeting,0.026152447
4183_IRF2BP1_P1P2_ENSG00000170604,IRF2BP1,0.026091909
9740_VPS13C_P1P2_ENSG00000129003,VPS13C,0.026078159
10429_ZNF536_P1P2_ENSG00000198597,ZNF536,0.026052723
6204_PDZD11_P1P2_ENSG00000120509,PDZD11,0.026041867
4899_MCM3AP_P1P2_ENSG00000160294,MCM3AP,0.026013708
7826_SETX_P1P2_ENSG00000107290,SETX,0.02600832
343_ANKRD52_P1P2_ENSG00000139645,ANKRD52,0.026006335
10657_ZNF816_P1_ENSG00000180257,ZNF816,0.025995035
3865_HNRNPF_P1_ENSG00000169813,HNRNPF,0.025967563
4907_MCMBP_P1P2_ENSG00000197771,MCMBP,0.025966395
4014_ICAM5_P2_ENSG00000105376,ICAM5,0.025954876
138_ADAT1_P1P2_ENSG00000065457,ADAT1,0.025915906
10247_ZNF264_P1P2_ENSG00000083844,ZNF264,0.025912048
8375_SPRY4_P1P2_ENSG00000187678,SPRY4,0.025885426
5679_NIPSNAP3A_P1P2_ENSG00000136783,NIPSNAP3A,0.025869608
10459_ZNF570_P1_ENSG00000171827,ZNF570,0.02586066
9571_UFM1_P1P2_ENSG00000120686,UFM1,0.02585778
9903_XRCC1_P1P2_ENSG00000073050,XRCC1,0.02585135
7270_RGL2_P1_ENSG00000237441,RGL2,0.025838222
4750_MAEA_P1_ENSG00000090316,MAEA,0.025835378
614_ATF7_P1P2_ENSG00000170653,ATF7,0.02583167
5181_MPZ_P2_ENSG00000158887,MPZ,0.025827015
8489_STARD3_P1P2_ENSG00000131748,STARD3,0.025822857
5117_MLXIP_P1P2_ENSG00000175727,MLXIP,0.025815044
3218_FUCA2_P1P2_ENSG00000001036,FUCA2,0.025785632
2519_EHF_P1P2_ENSG00000135373,EHF,0.025758203
3723_HIC2_P2_ENSG00000169635,HIC2,0.025738975
6190_PDLIM7_P2_ENSG00000196923,PDLIM7,0.025715323
1960_CUL1_P1P2_ENSG00000055130,CUL1,0.025713004
3248_GABARAPL1_P1P2_ENSG00000139112,GABARAPL1,0.025686497
6235_PEX7_P1P2_ENSG00000112357,PEX7,0.02568235
10433_ZNF543_P1P2_ENSG00000178229,ZNF543,0.025676321
7979_SLC22A23_P1P2_ENSG00000137266,SLC22A23,0.025672212
7261_RFX4_P1P2_ENSG00000111783,RFX4,0.025668168
814_BDH2_P1P2_ENSG00000164039,BDH2,0.02566519
2008_CYP4F11_P1P2_ENSG00000171903,CYP4F11,0.025657479
5157_MOSPD3_P1P2_ENSG00000106330,MOSPD3,0.025634572
2712_ERLEC1_P1P2_ENSG00000068912,ERLEC1,0.025606757
1534_CFD_P1P2_ENSG00000197766,CFD,0.02560379
7083_RALBP1_P1P2_ENSG00000017797,RALBP1,0.02558745
6890_PSPH_P2_ENSG00000146733,PSPH,0.025584174
9104_TMEM9_P1P2_ENSG00000116857,TMEM9,0.025577249
4901_MCM4_P1P2_ENSG00000104738,MCM4,0.025574012
1516_CEP85_P1P2_ENSG00000130695,CEP85,0.025567291
236_AKIRIN1_P1P2_ENSG00000174574,AKIRIN1,0.025557008
3720_HIBCH_P1P2_ENSG00000198130,HIBCH,0.02555144
623_ATG4B_P1P2_ENSG00000168397,ATG4B,0.02554453
10444_ZNF556_P1P2_ENSG00000172000,ZNF556,0.025524989
3853_HNF4G_P1_ENSG00000164749,HNF4G,0.025520436
6613_PPCDC_P2_ENSG00000138621,PPCDC,0.025518544
9892_XPC_P1_ENSG00000154767,XPC,0.025507085
2029_DARS2_P1P2_ENSG00000117593,DARS2,0.025497848
2457_EBPL_P1P2_ENSG00000123179,EBPL,0.025493363
4272_KANSL3_P1P2_ENSG00000114982,KANSL3,0.025466884
10487_ZNF595_P1_ENSG00000272602,ZNF595,0.025464589
8722_TBC1D7_P1P2_ENSG00000145979,TBC1D7,0.025455218
9188_TOX4_P1P2_ENSG00000092203,TOX4,0.025443688
491_ARID3B_P1P2_ENSG00000179361,ARID3B,0.02543138
10284_ZNF320_P1P2_ENSG00000182986,ZNF320,0.025420416
6227_PEX16_P1P2_ENSG00000121680,PEX16,0.025393704
8879_THAP6_P1P2_ENSG00000174796,THAP6,0.02537347
881_BRAF_P1P2_ENSG00000157764,BRAF,0.025371995
7918_SIN3A_P1_ENSG00000169375,SIN3A,0.025360163
9183_TOR1A_P1P2_ENSG00000136827,TOR1A,0.025355006
9223_TRABD_P1_ENSG00000170638,TRABD,0.02530134
1564_CHD8_P2_ENSG00000100888,CHD8,0.02530098
6228_PEX19_P1P2_ENSG00000162735,PEX19,0.025279244
4700_LST1_P1_ENSG00000204482,LST1,0.025262741
2227_DIP2A_P1P2_ENSG00000160305,DIP2A,0.025254503
6864_PSMD10_P1P2_ENSG00000101843,PSMD10,0.025252739
10276_ZNF302_P1P2_ENSG00000089335,ZNF302,0.025240531
7594_RUFY1_P1_ENSG00000176783,RUFY1,0.025233306
3411_GLUD2_P1P2_ENSG00000182890,GLUD2,0.025228126
8733_TBKBP1_P1P2_ENSG00000198933,TBKBP1,0.025226843
6817_PRR7_P1P2_ENSG00000131188,PRR7,0.025193378
7017_RAB24_P1P2_ENSG00000169228,RAB24,0.025189925
7559_RRN3_P1P2_ENSG00000085721,RRN3,0.025187803
8359_SPIN1_P1P2_ENSG00000106723,SPIN1,0.025180567
6342_PIGQ_P1P2_ENSG00000007541,PIGQ,0.025179792
2332_DOK4_P2_ENSG00000125170,DOK4,0.025177205
11116_non-targeting_non-targeting_non-targeting,non-targeting,0.025162108
3523_GPX4_P1P2_ENSG00000167468,GPX4,0.025150837
2401_DUSP12_P1P2_ENSG00000081721,DUSP12,0.025147364
8362_SPINT2_P1P2_ENSG00000167642,SPINT2,0.025145909
10100_ZFP92_ENST00000338647.5_ENSG00000189420,ZFP92,0.025139576
3429_GNA13_P1P2_ENSG00000120063,GNA13,0.025134506
6271_PHACTR2_P1P2_ENSG00000112419,PHACTR2,0.025134409
3005_FBXO17_P2_ENSG00000269190,FBXO17,0.025133753
3729_HIGD2A_P1P2_ENSG00000146066,HIGD2A,0.025130728
949_SELENOH_P1P2_ENSG00000211450,SELENOH,0.025127444
7618_S100A10_P2_ENSG00000197747,S100A10,0.025124842
8448_SSBP3_P1P2_ENSG00000157216,SSBP3,0.02512066
4811_MAP3K4_P1P2_ENSG00000085511,MAP3K4,0.025111938
4029_IDI1_P1P2_ENSG00000067064,IDI1,0.02509254
2028_DAP_P1P2_ENSG00000112977,DAP,0.025085906
3241_G3BP1_P1P2_ENSG00000145907,G3BP1,0.025085228
1123_STMP1_P1P2_ENSG00000243317,STMP1,0.02508408
3539_GRK6_P1P2_ENSG00000198055,GRK6,0.025070604
749_BAG4_P1P2_ENSG00000156735,BAG4,0.025050072
4460_KPNA3_P1P2_ENSG00000102753,KPNA3,0.025016455
7037_RAB5C_P2_ENSG00000108774,RAB5C,0.025003174
10476_ZNF583_P1P2_ENSG00000198440,ZNF583,0.025001254
292_AMHR2_P1P2_ENSG00000135409,AMHR2,0.02499085
9537_UBLCP1_P1P2_ENSG00000164332,UBLCP1,0.02498228
173_TLE5_P1P2_ENSG00000104964,TLE5,0.024977013
5741_NOMO1_P1P2_ENSG00000103512,NOMO1,0.024973864
8684_TAOK2_P1P2_ENSG00000149930,TAOK2,0.024971329
992_TEDC2_P1P2_ENSG00000162062,TEDC2,0.024960576
5593_NEK2_P1P2_ENSG00000117650,NEK2,0.024960417
6416_PLBD1_P1P2_ENSG00000121316,PLBD1,0.024956124
10211_ZNF217_P1_ENSG00000171940,ZNF217,0.024942845
4476_KRT18_P1P2_ENSG00000111057,KRT18,0.024917291
8395_SRA1_P1P2_ENSG00000213523,SRA1,0.024917133
203_AHCYL1_P2_ENSG00000168710,AHCYL1,0.024914496
5091_MKKS_P1P2_ENSG00000125863,MKKS,0.024911286
483_ARHGEF6_P1P2_ENSG00000129675,ARHGEF6,0.024893174
8414_SRP19_P1P2_ENSG00000153037,SRP19,0.024892965
2308_DNASE1L1_P2_ENSG00000013563,DNASE1L1,0.024880849
"1121_C7orf50_ENST00000357429.6,ENST00000397098.3,ENST00000397100.2_ENSG00000146540",C7orf50,0.024879219
2567_EIF4E_P1P2_ENSG00000151247,EIF4E,0.024850873
8019_SLC27A4_P1P2_ENSG00000167114,SLC27A4,0.024849445
5811_NRF1_P1P2_ENSG00000106459,NRF1,0.024837336
5447_NADSYN1_P1P2_ENSG00000172890,NADSYN1,0.024835942
1868_CREG1_P1P2_ENSG00000143162,CREG1,0.024834534
750_BAG5_P1P2_ENSG00000166170,BAG5,0.024800343
736_B4GALT3_P1P2_ENSG00000158850,B4GALT3,0.024798036
4635_LPIN1_P1P2_ENSG00000134324,LPIN1,0.024790598
1195_CARM1_P1P2_ENSG00000142453,CARM1,0.024784068
2803_EZH2_P1P2_ENSG00000106462,EZH2,0.02477952
809_BCLAF1_P1P2_ENSG00000029363,BCLAF1,0.024776911
6029_PACS2_P1P2_ENSG00000179364,PACS2,0.024772752
2194_DHRS1_P1P2_ENSG00000157379,DHRS1,0.02475653
9408_TUBA1B_P1P2_ENSG00000123416,TUBA1B,0.024746424
10110_ZFYVE28_P1P2_ENSG00000159733,ZFYVE28,0.024727786
1974_CWC27_P1P2_ENSG00000153015,CWC27,0.024722869
7913_SIL1_P1P2_ENSG00000120725,SIL1,0.024705678
8432_SRSF2_P1P2_ENSG00000161547,SRSF2,0.02469307
10868_non-targeting_non-targeting_non-targeting,non-targeting,0.024679154
7837_SF3B3_P1P2_ENSG00000189091,SF3B3,0.024651695
1189_CARD8_P1_ENSG00000105483,CARD8,0.024627298
9214_TPRX1_ENST00000535759.1_ENSG00000178928,TPRX1,0.024624467
5803_NR5A2_P1_ENSG00000116833,NR5A2,0.024600852
368_AP1G1_P1P2_ENSG00000166747,AP1G1,0.02457954
4068_IGF2R_P1P2_ENSG00000197081,IGF2R,0.024567455
10045_ZDHHC17_P1P2_ENSG00000186908,ZDHHC17,0.02455506
1908_CSRNP1_P1P2_ENSG00000144655,CSRNP1,0.024544366
10609_ZNF75D_P1P2_ENSG00000186376,ZNF75D,0.024538537
8143_SMARCA5_P1P2_ENSG00000153147,SMARCA5,0.02452371
1229_CBX2_P1P2_ENSG00000173894,CBX2,0.024509968
3221_FUOM_P1P2_ENSG00000148803,FUOM,0.02450954
9529_UBE4B_P1P2_ENSG00000130939,UBE4B,0.024496656
6560_POLR3F_P1P2_ENSG00000132664,POLR3F,0.02449451
10420_ZNF524_P1P2_ENSG00000171443,ZNF524,0.024485141
952_NKAPD1_P1P2_ENSG00000150776,NKAPD1,0.024482653
2960_FANCA_P1P2_ENSG00000187741,FANCA,0.024481144
6108_PCBD1_P1P2_ENSG00000166228,PCBD1,0.024476938
3604_GXYLT1_P1P2_ENSG00000151233,GXYLT1,0.024458956
3495_GPBP1_P1P2_ENSG00000062194,GPBP1,0.024456035
5153_MORF4L2_P2_ENSG00000123562,MORF4L2,0.024454683
11175_non-targeting_non-targeting_non-targeting,non-targeting,0.024452725
7909_SIGLEC14_P1P2_ENSG00000254415,SIGLEC14,0.024450786
8050_SLC35E3_P1P2_ENSG00000175782,SLC35E3,0.02444335
5557_NDUFB5_P1P2_ENSG00000136521,NDUFB5,0.024433665
10677_ZNF850_P1P2_ENSG00000267041,ZNF850,0.024418637
423_APPL1_P1P2_ENSG00000157500,APPL1,0.024414457
6053_PAN2_P1P2_ENSG00000135473,PAN2,0.024404412
4823_MAP7D3_P1P2_ENSG00000129680,MAP7D3,0.024402387
900_BRIP1_P1P2_ENSG00000136492,BRIP1,0.024399552
7418_RPA1_P1P2_ENSG00000132383,RPA1,0.024385696
6142_PCSK6_P1P2_ENSG00000140479,PCSK6,0.024379293
6918_PTOV1_P1P2_ENSG00000104960,PTOV1,0.024359507
1557_CHD2_P1_ENSG00000173575,CHD2,0.024349302
2656_EOMES_P1P2_ENSG00000163508,EOMES,0.024333524
4421_KLF5_P1P2_ENSG00000102554,KLF5,0.024330247
9384_TTC31_P1P2_ENSG00000115282,TTC31,0.024325231
10608_ZNF75A_P1P2_ENSG00000162086,ZNF75A,0.024313984
5845_NT5M_P1P2_ENSG00000205309,NT5M,0.024302581
2676_EPOR_P2_ENSG00000187266,EPOR,0.024288183
307_ANAPC2_P1P2_ENSG00000176248,ANAPC2,0.024282947
10716_ZSCAN21_P1P2_ENSG00000166529,ZSCAN21,0.024276977
4191_IRF5_P1_ENSG00000128604,IRF5,0.024271067
3425_GMPR2_P1P2_ENSG00000100938,GMPR2,0.024259714
7290_RHOBTB1_P1P2_ENSG00000072422,RHOBTB1,0.024236599
4758_MAGEA12_P1P2_ENSG00000213401,MAGEA12,0.024234762
8125_SLTM_P1P2_ENSG00000137776,SLTM,0.024200633
8794_TCTA_P1P2_ENSG00000145022,TCTA,0.02419694
6553_POLR2L_P1P2_ENSG00000177700,POLR2L,0.02419015
11119_non-targeting_non-targeting_non-targeting,non-targeting,0.02418385
1731_CNTROB_P1P2_ENSG00000170037,CNTROB,0.024165092
6115_PCCA_P1P2_ENSG00000175198,PCCA,0.024155736
163_ADPRHL2_P1P2_ENSG00000116863,ADPRHL2,0.024150915
11165_non-targeting_non-targeting_non-targeting,non-targeting,0.024149965
4846_MARCH6_P1P2_ENSG00000145495,MARCH6,0.02414667
8838_TFAP2E_P1P2_ENSG00000116819,TFAP2E,0.024142724
8425_SRRM2_P1P2_ENSG00000167978,SRRM2,0.02413799
4772_MAGED2_P2_ENSG00000102316,MAGED2,0.024137836
8783_TCF3_P1P2_ENSG00000071564,TCF3,0.02412797
6197_PDS5B_P1P2_ENSG00000083642,PDS5B,0.024125349
3373_GIPC1_P1P2_ENSG00000123159,GIPC1,0.02412402
2992_FBXL13_P1P2_ENSG00000161040,FBXL13,0.024123296
9022_TMEM179B_P1P2_ENSG00000185475,TMEM179B,0.024121843
1374_CD63_P1P2_ENSG00000135404,CD63,0.024117839
4357_ICE1_P1P2_ENSG00000164151,ICE1,0.024116853
10230_ZNF235_P1P2_ENSG00000159917,ZNF235,0.024108738
4204_ISCA1_P1P2_ENSG00000135070,ISCA1,0.02410631
387_AP4S1_P1P2_ENSG00000100478,AP4S1,0.024088098
5268_MRPS7_P1P2_ENSG00000125445,MRPS7,0.024085693
10641_ZNF791_P1P2_ENSG00000173875,ZNF791,0.024084387
5281_MSH3_P1P2_ENSG00000113318,MSH3,0.02408277
2158_DEPDC5_P1P2_ENSG00000100150,DEPDC5,0.024079554
7552_RRAS2_P1P2_ENSG00000133818,RRAS2,0.024079112
9749_VPS33A_P1P2_ENSG00000139719,VPS33A,0.024072526
7651_SAP30_P1P2_ENSG00000164105,SAP30,0.024070917
9394_TTC8_P1P2_ENSG00000165533,TTC8,0.024065109
3101_FKBP8_P1P2_ENSG00000105701,FKBP8,0.02406421
10549_ZNF681_P1P2_ENSG00000196172,ZNF681,0.024049392
"9279_TRIM49C_ENST00000432771.1,ENST00000448984.1_ENSG00000204449",TRIM49C,0.02404801
8367_SPPL2A_P1P2_ENSG00000138600,SPPL2A,0.024046414
352_ANO6_P1P2_ENSG00000177119,ANO6,0.024033623
3771_HIST1H2BO_P1P2_ENSG00000274641,HIST1H2BO,0.024029765
724_B2M_P2_ENSG00000166710,B2M,0.024016133
734_B4GALT1_P1P2_ENSG00000086062,B4GALT1,0.023995815
9451_TXNDC17_P1P2_ENSG00000129235,TXNDC17,0.023994269
9462_TYK2_P1P2_ENSG00000105397,TYK2,0.02396115
8864_TGIF2LX_P1P2_ENSG00000153779,TGIF2LX,0.023953253
9039_TMEM208_P1P2_ENSG00000168701,TMEM208,0.023947978
4986_METRNL_P1P2_ENSG00000176845,METRNL,0.023944305
1008_NDUFAF8_P1P2_ENSG00000224877,NDUFAF8,0.023937691
2561_EIF4A3_P1P2_ENSG00000141543,EIF4A3,0.02393564
2726_ESAM_P2_ENSG00000149564,ESAM,0.023932936
395_APBB3_P1P2_ENSG00000113108,APBB3,0.023925792
1350_CCT6A_P1P2_ENSG00000146731,CCT6A,0.02391196
8238_SNW1_P1_ENSG00000100603,SNW1,0.023907434
6768_PRKDC_P1P2_ENSG00000253729,PRKDC,0.023902819
6472_PMAIP1_P1P2_ENSG00000141682,PMAIP1,0.0238992
7551_RRAGD_P1P2_ENSG00000025039,RRAGD,0.02388174
4863_MAT2A_P1P2_ENSG00000168906,MAT2A,0.023874426
4113_IMPDH1_P2_ENSG00000106348,IMPDH1,0.023872947
774_BAZ2B_P1P2_ENSG00000123636,BAZ2B,0.023841038
3608_GYPC_P1P2_ENSG00000136732,GYPC,0.023827333
10456_ZNF568_P1P2_ENSG00000198453,ZNF568,0.023825979
5328_TESMIN_P1P2_ENSG00000132749,TESMIN,0.023806673
3532_GRHL1_P1P2_ENSG00000134317,GRHL1,0.023800703
4045_IFNAR2_P1P2_ENSG00000159110,IFNAR2,0.02379877
6611_PPAT_P1P2_ENSG00000128059,PPAT,0.023791032
2891_MCRIP1_P1P2_ENSG00000225663,MCRIP1,0.023780243
348_ANKS6_P1P2_ENSG00000165138,ANKS6,0.023769958
9455_TXNIP_P2_ENSG00000265972,TXNIP,0.023757182
9809_WDR20_P1P2_ENSG00000140153,WDR20,0.023748435
8221_SNRNP48_P1P2_ENSG00000168566,SNRNP48,0.023732204
5689_NKX1-2_P1P2_ENSG00000229544,NKX1-2,0.023729986
9208_TPMT_P1P2_ENSG00000137364,TPMT,0.023707852
6113_PCBP4_P2_ENSG00000090097,PCBP4,0.023704339
2144_DEGS1_P1P2_ENSG00000143753,DEGS1,0.023699159
8591_SUN1_P1_ENSG00000164828,SUN1,0.023689507
867_BOD1L1_P1_ENSG00000038219,BOD1L1,0.023674136
7995_SLC25A25_ENST00000373064.5_ENSG00000148339,SLC25A25,0.023655893
3014_FBXO33_P1P2_ENSG00000165355,FBXO33,0.023651905
8652_TAF11_P1P2_ENSG00000064995,TAF11,0.023636289
4373_KIDINS220_P1P2_ENSG00000134313,KIDINS220,0.023612969
2015_D2HGDH_P1P2_ENSG00000180902,D2HGDH,0.023599148
1031_C1GALT1_P1P2_ENSG00000106392,C1GALT1,0.023590319
6010_OXNAD1_P1_ENSG00000154814,OXNAD1,0.02358423
7722_SDF4_P1P2_ENSG00000078808,SDF4,0.023582404
10156_ZNF10_P1P2_ENSG00000256223,ZNF10,0.02357649
94_ACP1_P1P2_ENSG00000143727,ACP1,0.023573391
6835_PSD4_P1P2_ENSG00000125637,PSD4,0.023572087
2662_EPB41_P1_ENSG00000159023,EPB41,0.02355583
6723_PRDM14_P1P2_ENSG00000147596,PRDM14,0.023546742
9606_UQCC2_P1P2_ENSG00000137288,UQCC2,0.023536488
5259_MRPS2_P1P2_ENSG00000122140,MRPS2,0.02353147
7421_RPAIN_P1P2_ENSG00000129197,RPAIN,0.023530915
725_B3GALNT2_P1P2_ENSG00000162885,B3GALNT2,0.023524787
9370_TSSK3_P1P2_ENSG00000162526,TSSK3,0.02351493
9813_WDR27_P1P2_ENSG00000184465,WDR27,0.02350082
2930_SINHCAF_P1P2_ENSG00000139146,SINHCAF,0.023494152
6348_PIGW_P1P2_ENSG00000277161,PIGW,0.023481349
6712_SLC66A1_P1P2_ENSG00000040487,SLC66A1,0.023472346
1983_CXorf40A_P1P2_ENSG00000197620,CXorf40A,0.023467097
6284_PHF1_P1P2_ENSG00000112511,PHF1,0.023465175
3178_FOXO3_P2_ENSG00000118689,FOXO3,0.02345447
4276_KAT5_P1P2_ENSG00000172977,KAT5,0.02343819
2231_DIS3L2_P1P2_ENSG00000144535,DIS3L2,0.023420904
9853_WDR92_P1P2_ENSG00000243667,WDR92,0.023409778
8239_SNX10_P1P2_ENSG00000086300,SNX10,0.023398405
2604_ELP2_P1P2_ENSG00000134759,ELP2,0.023397345
3403_GLRX3_P1P2_ENSG00000108010,GLRX3,0.023393083
9161_TOM1L1_P1P2_ENSG00000141198,TOM1L1,0.023375407
2246_DLX2_P1P2_ENSG00000115844,DLX2,0.02336869
8032_SLC30A6_P1P2_ENSG00000152683,SLC30A6,0.023359805
2530_EIF2AK1_P1P2_ENSG00000086232,EIF2AK1,0.023356771
4820_MAP4K5_P1P2_ENSG00000012983,MAP4K5,0.023356043
7038_RAB6A_P1P2_ENSG00000175582,RAB6A,0.023350062
3501_GPKOW_P1P2_ENSG00000068394,GPKOW,0.023346238
524_ARMC7_P1P2_ENSG00000125449,ARMC7,0.023341754
5743_NOMO3_P1P2_ENSG00000103226,NOMO3,0.023331594
7234_REPS1_P1P2_ENSG00000135597,REPS1,0.023307726
2090_DDHD1_P1P2_ENSG00000100523,DDHD1,0.023298701
8147_SMARCB1_P2_ENSG00000099956,SMARCB1,0.023295937
2813_FABP5_P1P2_ENSG00000164687,FABP5,0.023267547
7782_SEPTIN11_P1P2_ENSG00000138758,SEPTIN11,0.023266757
522_ARMC5_P1P2_ENSG00000140691,ARMC5,0.023254948
2363_DPY19L1_ENST00000310974.4_ENSG00000173852,DPY19L1,0.02323695
4852_MARK2_P1_ENSG00000072518,MARK2,0.023235483
2765_ETV5_P1P2_ENSG00000244405,ETV5,0.023209682
540_ARPC4-TTLL3_P1_nan,ARPC4-TTLL3,0.023196103
1793_COQ4_P1P2_ENSG00000167113,COQ4,0.023193857
7717_ENTR1_P1P2_ENSG00000165689,ENTR1,0.023185397
4231_ITM2B_P1P2_ENSG00000136156,ITM2B,0.023184568
2717_ERMARD_P1P2_ENSG00000130023,ERMARD,0.023180317
3602_GULP1_P1P2_ENSG00000144366,GULP1,0.023176588
9871_WNT5B_ENST00000397196.2_ENSG00000111186,WNT5B,0.023175448
3780_HIST1H4E_P1P2_ENSG00000276966,HIST1H4E,0.023166662
10544_ZNF676_ENST00000397121.2_ENSG00000196109,ZNF676,0.023164688
1885_CRYAB_P2_ENSG00000109846,CRYAB,0.023135204
5229_MRPL46_P1P2_ENSG00000259494,MRPL46,0.023133006
7140_RBBP4_P1P2_ENSG00000162521,RBBP4,0.023125922
2696_ERCC4_P1_ENSG00000175595,ERCC4,0.023111124
3749_HIST1H2AC_P1P2_ENSG00000180573,HIST1H2AC,0.023108887
3236_FZD3_P1P2_ENSG00000104290,FZD3,0.023103964
3370_GINS2_P1P2_ENSG00000131153,GINS2,0.023099154
7365_RNF181_P1P2_ENSG00000168894,RNF181,0.023098888
5463_NAPEPLD_P1P2_ENSG00000161048,NAPEPLD,0.023096563
4699_LSS_P1P2_ENSG00000160285,LSS,0.023085551
6417_PLBD2_P1P2_ENSG00000151176,PLBD2,0.023078397
502_ARL15_P1P2_ENSG00000185305,ARL15,0.023075666
3430_GNAI2_P1P2_ENSG00000114353,GNAI2,0.023072997
8047_SLC35D2_P1P2_ENSG00000130958,SLC35D2,0.023067012
6860_PSMC3_P1P2_ENSG00000165916,PSMC3,0.023057673
7386_RNF26_P1P2_ENSG00000173456,RNF26,0.023057433
5422_NAA10_P1P2_ENSG00000102030,NAA10,0.023054214
10597_ZNF732_P1P2_ENSG00000186777,ZNF732,0.023052769
7201_RCC2_P2_ENSG00000179051,RCC2,0.023050623
8743_TBRG1_P1P2_ENSG00000154144,TBRG1,0.02304023
8778_TCF20_P1P2_ENSG00000100207,TCF20,0.023026114
1191_CARD9_P1P2_ENSG00000187796,CARD9,0.023024617
6457_PLOD2_P1P2_ENSG00000152952,PLOD2,0.023022935
1294_CCDC77_P2_ENSG00000120647,CCDC77,0.023013243
2647_ENPP3_P2_ENSG00000154269,ENPP3,0.023013191
5367_MYBL2_P1P2_ENSG00000101057,MYBL2,0.023002028
3777_HIST1H4B_ENST00000377364.3_ENSG00000278705,HIST1H4B,0.022981137
6406_PLA2G10_ENST00000438167.3_ENSG00000069764,PLA2G10,0.022980152
1744_COG5_P1P2_ENSG00000164597,COG5,0.022974372
1168_CAMSAP1_P1P2_ENSG00000130559,CAMSAP1,0.022955677
5812_NRGN_P1P2_ENSG00000154146,NRGN,0.022937221
8875_THAP2_P2_ENSG00000173451,THAP2,0.022926029
9584_UHRF2_P1P2_ENSG00000147854,UHRF2,0.022913972
5300_MTA2_P1P2_ENSG00000149480,MTA2,0.02290321
266_ALG14_P1P2_ENSG00000172339,ALG14,0.02290138
1453_CDKN3_P1P2_ENSG00000100526,CDKN3,0.022896456
8750_TBX1_P1P2_ENSG00000184058,TBX1,0.022870991
5188_MRFAP1L1_P1P2_ENSG00000178988,MRFAP1L1,0.022869363
7695_SCLT1_P1P2_ENSG00000151466,SCLT1,0.022865726
6316_PI4K2B_P1P2_ENSG00000038210,PI4K2B,0.02285811
2652_ENTPD6_P1P2_ENSG00000197586,ENTPD6,0.022850493
5127_MMS22L_P1P2_ENSG00000146263,MMS22L,0.02284811
7170_RBM33_P1P2_ENSG00000184863,RBM33,0.02283568
3461_GOLGA7_P1P2_ENSG00000147533,GOLGA7,0.022820488
8736_TBL2_P2_ENSG00000106638,TBL2,0.022806196
866_BOD1L1_P2_ENSG00000038219,BOD1L1,0.022804571
8779_TCF21_P1P2_ENSG00000118526,TCF21,0.022799078
10096_ZFP82_P1P2_ENSG00000181007,ZFP82,0.022797715
10263_ZNF281_P1P2_ENSG00000162702,ZNF281,0.02279603
9808_WDR1_P1P2_ENSG00000071127,WDR1,0.02277472
9349_TSPAN13_P1P2_ENSG00000106537,TSPAN13,0.022753512
2965_FANCG_P1P2_ENSG00000221829,FANCG,0.022739343
1601_CHST12_P1P2_ENSG00000136213,CHST12,0.022734897
9491_UBAP2_P1P2_ENSG00000137073,UBAP2,0.022732802
10186_ZNF177_P1_ENSG00000188629,ZNF177,0.022726074
4473_KRT10_P2_ENSG00000186395,KRT10,0.022718446
1806_COX11_P1P2_ENSG00000166260,COX11,0.022699226
10730_ZSCAN5B_ENST00000358992.3_ENSG00000197213,ZSCAN5B,0.022696877
3858_HNRNPA2B1_P1P2_ENSG00000122566,HNRNPA2B1,0.022695603
8063_SLC38A1_P1P2_ENSG00000111371,SLC38A1,0.022682428
435_ARCN1_P1P2_ENSG00000095139,ARCN1,0.022677734
3485_GPALPP1_P1P2_ENSG00000133114,GPALPP1,0.022676926
9216_TPST2_P1_ENSG00000128294,TPST2,0.022675587
8481_STAG2_P1_ENSG00000101972,STAG2,0.022669625
9612_UQCRC2_P1P2_ENSG00000140740,UQCRC2,0.022664227
9306_TRMT13_P1P2_ENSG00000122435,TRMT13,0.022661548
8887_THOC1_P1P2_ENSG00000079134,THOC1,0.022633597
7544_RPUSD2_P1P2_ENSG00000166133,RPUSD2,0.022631716
583_ASL_P1P2_ENSG00000126522,ASL,0.022631083
5106_MLF1_P1P2_ENSG00000178053,MLF1,0.022614326
5159_MPC1_P1P2_ENSG00000060762,MPC1,0.022612909
1166_CAMKMT_P1P2_ENSG00000143919,CAMKMT,0.022611845
6997_R3HDM1_P1_ENSG00000048991,R3HDM1,0.022608042
4625_LONP2_P1_ENSG00000102910,LONP2,0.022593629
1309_CCDC93_P1P2_ENSG00000125633,CCDC93,0.022590179
4196_IRF9_P1P2_ENSG00000213928,IRF9,0.022580924
10997_non-targeting_non-targeting_non-targeting,non-targeting,0.022578007
7414_RORB_P1P2_ENSG00000198963,RORB,0.022569198
5301_MTA3_P1P2_ENSG00000057935,MTA3,0.02255518
5069_MIER1_P2_ENSG00000198160,MIER1,0.02255018
1080_C2orf69_P1P2_ENSG00000178074,C2orf69,0.02254753
8856_TFR2_P1P2_ENSG00000106327,TFR2,0.022524308
3540_GRN_P1P2_ENSG00000030582,GRN,0.022495061
8251_SNX27_P1P2_ENSG00000143376,SNX27,0.022490164
9290_TRIOBP_P2_ENSG00000100106,TRIOBP,0.022490006
8309_SP4_P1P2_ENSG00000105866,SP4,0.022474512
1774_COPG1_P1_ENSG00000181789,COPG1,0.022461819
4189_IRF4_P1_ENSG00000137265,IRF4,0.022450292
4402_KISS1R_P1P2_ENSG00000116014,KISS1R,0.022449713
5796_NR3C1_P1P2_ENSG00000113580,NR3C1,0.022446461
561_ASAH2B_P1P2_ENSG00000204147,ASAH2B,0.022442011
7147_RBFOX2_P2_ENSG00000100320,RBFOX2,0.022438597
8440_SRSF9_P1P2_ENSG00000111786,SRSF9,0.022437224
168_ADSS_P1P2_ENSG00000035687,ADSS,0.022424635
4848_MARCH8_P1P2_ENSG00000165406,MARCH8,0.022409596
7318_RLF_P1P2_ENSG00000117000,RLF,0.022403128
8164_SMDT1_P1P2_ENSG00000183172,SMDT1,0.022385173
6996_R3HCC1_P1_ENSG00000104679,R3HCC1,0.022385111
1923_CTBP1_P1P2_ENSG00000159692,CTBP1,0.022378433
9856_WDYHV1_P1P2_ENSG00000156795,WDYHV1,0.02237774
1706_CNDP2_P1_ENSG00000133313,CNDP2,0.022362605
7920_SIPA1_P1_ENSG00000213445,SIPA1,0.022349084
1925_CTBS_P1P2_ENSG00000117151,CTBS,0.022340331
6570_POMP_P1P2_ENSG00000132963,POMP,0.022340126
3349_GFOD2_P1P2_ENSG00000141098,GFOD2,0.022335691
6994_R3HCC1L_P1P2_ENSG00000166024,R3HCC1L,0.022331119
3585_GTF3C2_P1P2_ENSG00000115207,GTF3C2,0.022313418
8354_SPI1_P1P2_ENSG00000066336,SPI1,0.02231009
10440_ZNF551_P1P2_ENSG00000204519,ZNF551,0.02230611
4568_LHX2_P1P2_ENSG00000106689,LHX2,0.022304563
7822_SETD9_P1P2_ENSG00000155542,SETD9,0.022298474
8443_SS18L1_P1P2_ENSG00000184402,SS18L1,0.022296056
2947_FAM83H_P1P2_ENSG00000180921,FAM83H,0.022294363
9942_YPEL1_P1P2_ENSG00000100027,YPEL1,0.022292705
9362_TSPYL5_P1P2_ENSG00000180543,TSPYL5,0.022292303
10417_ZNF518B_P1P2_ENSG00000178163,ZNF518B,0.022286957
3801_HIVEP3_ENST00000372583.1_ENSG00000127124,HIVEP3,0.022284014
4053_IFT27_P1P2_ENSG00000100360,IFT27,0.022280622
1431_CDK2AP2_P1P2_ENSG00000167797,CDK2AP2,0.022280619
7064_RAD23B_P1P2_ENSG00000119318,RAD23B,0.022279274
6004_OVOL2_P1P2_ENSG00000125850,OVOL2,0.022223182
3850_HNF1A_P1P2_ENSG00000135100,HNF1A,0.022220582
6124_PCGF5_ENST00000543648.1_ENSG00000180628,PCGF5,0.022216694
172_AEN_P1P2_ENSG00000181026,AEN,0.022200074
1149_CACUL1_P1P2_ENSG00000151893,CACUL1,0.022188775
10031_ZC3HC1_P1P2_ENSG00000091732,ZC3HC1,0.022188526
6696_PPP4C_P1P2_ENSG00000149923,PPP4C,0.02218376
1318_CCNB2_P1P2_ENSG00000157456,CCNB2,0.022178777
4736_LZTFL1_P1P2_ENSG00000163818,LZTFL1,0.022178441
3747_HIST1H2AA_P1P2_ENSG00000164508,HIST1H2AA,0.022175394
9857_WEE1_P1P2_ENSG00000166483,WEE1,0.022170244
7457_RPL29_P1P2_ENSG00000162244,RPL29,0.022157412
6241_PFDN6_P1P2_ENSG00000204220,PFDN6,0.022148738
7853_SGK3_ENST00000521198.2_ENSG00000104205,SGK3,0.022088068
1048_C1orf35_P1P2_ENSG00000143793,C1orf35,0.022080062
3895_HOXA6_P1P2_ENSG00000106006,HOXA6,0.022079632
9819_WDR41_P1P2_ENSG00000164253,WDR41,0.022064239
10970_non-targeting_non-targeting_non-targeting,non-targeting,0.02204671
8888_THOC2_P1P2_ENSG00000125676,THOC2,0.022041827
1244_CCDC112_P1P2_ENSG00000164221,CCDC112,0.022037737
9791_WBP11_P2_ENSG00000084463,WBP11,0.022029521
987_CCDC32_P1P2_ENSG00000128891,CCDC32,0.022020439
9392_TTC7A_P1P2_ENSG00000068724,TTC7A,0.022012062
8745_TBX10_P1P2_ENSG00000167800,TBX10,0.02200633
1360_CD2AP_P1P2_ENSG00000198087,CD2AP,0.0220047
3643_HAX1_P1P2_ENSG00000143575,HAX1,0.022003656
3367_GIGYF2_P1P2_ENSG00000204120,GIGYF2,0.021997632
2670_EPHX2_P1P2_ENSG00000120915,EPHX2,0.021991938
4390_KIF2A_P1P2_ENSG00000068796,KIF2A,0.021988757
1131_C9orf16_P1P2_ENSG00000171159,C9orf16,0.02197326
8453_SSNA1_P1P2_ENSG00000176101,SSNA1,0.021971619
10524_ZNF646_P1P2_ENSG00000167395,ZNF646,0.02194945
8044_SLC35B4_P1P2_ENSG00000205060,SLC35B4,0.021938406
3254_GABPB1_P1P2_ENSG00000104064,GABPB1,0.02193067
1418_CDCA8_P1P2_ENSG00000134690,CDCA8,0.021928621
2448_EAF2_P1P2_ENSG00000145088,EAF2,0.0219162
3938_HRAS_P2_ENSG00000174775,HRAS,0.021915391
4565_LGR4_P1P2_ENSG00000205213,LGR4,0.021886617
2112_DDX23_P1P2_ENSG00000174243,DDX23,0.021864362
6668_PPP1R35_P1P2_ENSG00000160813,PPP1R35,0.021844653
7222_REEP3_P1P2_ENSG00000165476,REEP3,0.021844443
2114_DDX27_P1P2_ENSG00000124228,DDX27,0.02184049
7358_RNF157_P1P2_ENSG00000141576,RNF157,0.021838222
899_BRI3_P1P2_ENSG00000164713,BRI3,0.02183065
3401_GLOD5_P1P2_ENSG00000171433,GLOD5,0.021830175
5849_NTPCR_P1P2_ENSG00000135778,NTPCR,0.021827148
8153_SMARCD3_P1_ENSG00000082014,SMARCD3,0.021819042
472_ARHGDIA_P1P2_ENSG00000141522,ARHGDIA,0.021816554
9476_UAP1_P1P2_ENSG00000117143,UAP1,0.021815682
9943_YPEL3_P1P2_ENSG00000090238,YPEL3,0.021813551
9509_UBE2K_P1P2_ENSG00000078140,UBE2K,0.021806797
2650_TEPSIN_P1P2_ENSG00000167302,TEPSIN,0.021796264
6182_PDIK1L_P1P2_ENSG00000175087,PDIK1L,0.021795532
8579_SULT1A1_P1P2_ENSG00000196502,SULT1A1,0.021794291
5011_MEX3A_P1P2_ENSG00000254726,MEX3A,0.021792198
5890_NUP188_P1P2_ENSG00000095319,NUP188,0.02179049
8241_SNX12_P1P2_ENSG00000147164,SNX12,0.021788768
2204_DHX16_P1P2_ENSG00000204560,DHX16,0.021782104
6507_POFUT1_P1P2_ENSG00000101346,POFUT1,0.021762198
1634_CLASP2_P1_ENSG00000163539,CLASP2,0.021741113
6432_PLEC_P1_ENSG00000178209,PLEC,0.021735018
4145_INTS12_P1P2_ENSG00000138785,INTS12,0.021731487
9508_UBE2J2_P1P2_ENSG00000160087,UBE2J2,0.02173028
7678_SCAI_P1P2_ENSG00000173611,SCAI,0.021726396
1969_CUX1_P1P2_ENSG00000257923,CUX1,0.021717198
8952_TM2D1_P1P2_ENSG00000162604,TM2D1,0.021715969
817_BEND6_P1P2_ENSG00000151917,BEND6,0.021708226
6105_PBX3_P1P2_ENSG00000167081,PBX3,0.021707984
956_HIKESHI_P1P2_ENSG00000149196,HIKESHI,0.021701144
7629_SAAL1_P1_ENSG00000166788,SAAL1,0.021696715
10389_ZNF484_P1P2_ENSG00000127081,ZNF484,0.021688106
6405_PKP4_P1P2_ENSG00000144283,PKP4,0.021685505
4088_IK_P1_ENSG00000113141,IK,0.021665502
2478_EDEM3_P1P2_ENSG00000116406,EDEM3,0.021659555
9127_TNFRSF12A_P1P2_ENSG00000006327,TNFRSF12A,0.021653177
8569_SUB1_P1_ENSG00000113387,SUB1,0.021647273
7676_SCAF4_P1P2_ENSG00000156304,SCAF4,0.021644041
2083_DCUN1D5_P1P2_ENSG00000137692,DCUN1D5,0.021638427
1390_CDC20_P1P2_ENSG00000117399,CDC20,0.021626938
3148_FOXC2_P1P2_ENSG00000176692,FOXC2,0.021622095
8807_TEAD4_P1P2_ENSG00000197905,TEAD4,0.021619001
643_ATP13A2_P1P2_ENSG00000159363,ATP13A2,0.021614796
1907_CSPP1_P1P2_ENSG00000104218,CSPP1,0.021611376
796_BCL11B_P1P2_ENSG00000127152,BCL11B,0.021603467
5586_NEDD4_P1P2_ENSG00000069869,NEDD4,0.02160293
1076_WDCP_P1P2_ENSG00000163026,WDCP,0.02160151
6411_PLAG1_P1P2_ENSG00000181690,PLAG1,0.02157816
7094_RANBP3_P1P2_ENSG00000031823,RANBP3,0.021573417
3542_GRPEL2_P1P2_ENSG00000164284,GRPEL2,0.02156229
9192_TP53I13_P1P2_ENSG00000167543,TP53I13,0.02155354
5766_NPEPPS_P1P2_ENSG00000141279,NPEPPS,0.021539306
1846_CPT1A_P1P2_ENSG00000110090,CPT1A,0.021538066
1480_CENPF_P1P2_ENSG00000117724,CENPF,0.021530611
7043_RABAC1_P1P2_ENSG00000105404,RABAC1,0.021526078
1517_CEP89_P1P2_ENSG00000121289,CEP89,0.021510243
9146_TNNT1_P2_ENSG00000105048,TNNT1,0.02150454
6196_PDS5A_P1P2_ENSG00000121892,PDS5A,0.021502996
6577_POP7_P1P2_ENSG00000172336,POP7,0.021502081
2578_EIF5_P1_ENSG00000100664,EIF5,0.02148374
10201_ZNF207_P2_ENSG00000010244,ZNF207,0.021460086
1450_CDKN2C_P2_ENSG00000123080,CDKN2C,0.021453453
5043_MGRN1_P1P2_ENSG00000102858,MGRN1,0.02145043
3450_GNPDA2_P1P2_ENSG00000163281,GNPDA2,0.02144885
6127_PCID2_P1_ENSG00000126226,PCID2,0.02143679
7219_RECQL4_P1P2_ENSG00000160957,RECQL4,0.021435704
4858_MAST1_P2_ENSG00000105613,MAST1,0.021434048
2286_DNAJC11_P1P2_ENSG00000007923,DNAJC11,0.021432156
2533_EIF2AK4_P1P2_ENSG00000128829,EIF2AK4,0.021409404
3172_FOXN1_P1P2_ENSG00000109101,FOXN1,0.02140853
2172_ESS2_P1P2_ENSG00000100056,ESS2,0.021407781
7748_SEC31A_P1_ENSG00000138674,SEC31A,0.021397866
9694_VAMP2_P1P2_ENSG00000220205,VAMP2,0.021379977
1902_CSNK1G2_P1P2_ENSG00000133275,CSNK1G2,0.021377958
7032_RAB4A_P1P2_ENSG00000168118,RAB4A,0.021372812
10803_non-targeting_non-targeting_non-targeting,non-targeting,0.021369863
8688_TAPBP_P1P2_ENSG00000231925,TAPBP,0.021367861
3616_H2AFZ_P1P2_ENSG00000164032,H2AFZ,0.02135869
3185_FOXP1_ENST00000318789.4_ENSG00000114861,FOXP1,0.021358076
7588_RTN2_P2_ENSG00000125744,RTN2,0.021357786
10879_non-targeting_non-targeting_non-targeting,non-targeting,0.021354897
7649_SAP30BP_P1P2_ENSG00000161526,SAP30BP,0.021352833
8078_SLC39A7_P1P2_ENSG00000112473,SLC39A7,0.021351695
329_ANKRD13C_P1P2_ENSG00000118454,ANKRD13C,0.021350432
3066_FEZF1_P1P2_ENSG00000128610,FEZF1,0.021344837
11147_non-targeting_non-targeting_non-targeting,non-targeting,0.02134285
9228_TRAF3IP1_P1P2_ENSG00000204104,TRAF3IP1,0.021337254
880_BPTF_P1P2_ENSG00000171634,BPTF,0.021331308
10655_ZNF814_P1P2_ENSG00000204514,ZNF814,0.02131604
10069_ZFAND5_P1P2_ENSG00000107372,ZFAND5,0.021308847
9148_TNPO1_P1P2_ENSG00000083312,TNPO1,0.021306166
10170_ZNF140_P1P2_ENSG00000196387,ZNF140,0.021295283
1030_C1GALT1C1_P1P2_ENSG00000171155,C1GALT1C1,0.021288972
2065_DCK_P1P2_ENSG00000156136,DCK,0.021268094
1296_CCDC78_P1P2_ENSG00000162004,CCDC78,0.021263361
2935_DIPK1B_P1P2_ENSG00000165716,DIPK1B,0.021242859
6000_OTX1_P1P2_ENSG00000115507,OTX1,0.021238383
7041_RAB8B_P1P2_ENSG00000166128,RAB8B,0.021236634
7161_RBM17_P1P2_ENSG00000134453,RBM17,0.021231223
7286_RHEBL1_P1P2_ENSG00000167550,RHEBL1,0.021229872
7095_RANBP6_P1P2_ENSG00000137040,RANBP6,0.021223437
10541_ZNF672_P1P2_ENSG00000171161,ZNF672,0.021218164
1903_CSNK1G3_P1P2_ENSG00000151292,CSNK1G3,0.021217948
1499_CEP170_P1P2_ENSG00000143702,CEP170,0.021215899
840_BIVM_P1_ENSG00000134897,BIVM,0.021212092
3000_FBXL5_P2_ENSG00000118564,FBXL5,0.021207
1942_CTPS2_P1P2_ENSG00000047230,CTPS2,0.021205582
8347_SPEN_P1P2_ENSG00000065526,SPEN,0.021200165
2565_EIF4EBP2_P1P2_ENSG00000148730,EIF4EBP2,0.021194851
1926_CTCFL_P1P2_ENSG00000124092,CTCFL,0.02118649
4242_ITSN2_P1P2_ENSG00000198399,ITSN2,0.021185553
3666_HDAC6_P1P2_ENSG00000094631,HDAC6,0.021175833
3086_FIP1L1_P1P2_ENSG00000145216,FIP1L1,0.021171957
2785_EXOC8_P1P2_ENSG00000116903,EXOC8,0.02114053
3752_HIST1H2AG_ENST00000359193.2_ENSG00000196787,HIST1H2AG,0.021133399
4771_MAGED2_P1_ENSG00000102316,MAGED2,0.021125382
5518_NDC1_P1P2_ENSG00000058804,NDC1,0.021099944
6093_PAX6_P1P2_ENSG00000007372,PAX6,0.0210971
7576_RSL1D1_P1_ENSG00000171490,RSL1D1,0.021067724
4494_L3MBTL4_P1P2_ENSG00000154655,L3MBTL4,0.021053428
4546_LDLR_P1P2_ENSG00000130164,LDLR,0.021049729
8917_TIMM17A_P1P2_ENSG00000134375,TIMM17A,0.02104951
3519_GPSM1_P1P2_ENSG00000160360,GPSM1,0.02103891
10616_ZNF768_P1_ENSG00000169957,ZNF768,0.021030258
6256_PGD_P1P2_ENSG00000142657,PGD,0.02102505
9861_WIPF1_P1P2_ENSG00000115935,WIPF1,0.021020241
4515_LAPTM5_P1P2_ENSG00000162511,LAPTM5,0.021019919
2018_DACH1_P1P2_ENSG00000276644,DACH1,0.021003956
4783_MAN1A1_P1P2_ENSG00000111885,MAN1A1,0.020996349
1310_YJU2_P1P2_ENSG00000105248,YJU2,0.02098866
3074_FGFR3_P1P2_ENSG00000068078,FGFR3,0.02097316
6171_PDE8A_P2_ENSG00000073417,PDE8A,0.020972028
8498_STAT5A_P1P2_ENSG00000126561,STAT5A,0.0209628
1777_COPRS_P1P2_ENSG00000172301,COPRS,0.020958975
5704_NLN_P1P2_ENSG00000123213,NLN,0.020950008
7756_SECISBP2L_P1P2_ENSG00000138593,SECISBP2L,0.020947084
4900_MCM3_P1P2_ENSG00000112118,MCM3,0.020939158
5176_MPRIP_P1P2_ENSG00000133030,MPRIP,0.020909434
6776_PRMT3_P1P2_ENSG00000185238,PRMT3,0.020891294
9033_TMEM199_P1P2_ENSG00000244045,TMEM199,0.020887652
5041_OGA_P1P2_ENSG00000198408,OGA,0.020865927
1428_CDK19_P1P2_ENSG00000155111,CDK19,0.020861583
10407_ZNF510_P1P2_ENSG00000081386,ZNF510,0.020860752
1740_COG1_P1P2_ENSG00000166685,COG1,0.020860527
1973_CWC25_P1P2_ENSG00000273559,CWC25,0.020858373
494_ARID4B_P1P2_ENSG00000054267,ARID4B,0.020850446
9609_UQCRB_P1P2_ENSG00000156467,UQCRB,0.020839123
10006_ZBTB5_P1P2_ENSG00000168795,ZBTB5,0.020836253
9300_TRMT10A_P1P2_ENSG00000145331,TRMT10A,0.020833224
9723_VGF_P1P2_ENSG00000128564,VGF,0.02082989
2498_EFNA3_P1_ENSG00000143590,EFNA3,0.020827422
3299_GATAD2A_P1_ENSG00000167491,GATAD2A,0.020819498
672_ATP6V0A1_P1P2_ENSG00000033627,ATP6V0A1,0.020816207
4656_LRRC14_P2_ENSG00000160959,LRRC14,0.020814573
227_AK4_P1P2_ENSG00000162433,AK4,0.020805301
5007_METTL6_P1P2_ENSG00000206562,METTL6,0.020804727
6433_PLEKHA1_P1P2_ENSG00000107679,PLEKHA1,0.020795822
10944_non-targeting_non-targeting_non-targeting,non-targeting,0.020791376
1357_CD226_P1P2_ENSG00000150637,CD226,0.02078517
10826_non-targeting_non-targeting_non-targeting,non-targeting,0.020782473
11078_non-targeting_non-targeting_non-targeting,non-targeting,0.020762473
3285_GARS_P1P2_ENSG00000106105,GARS,0.02075156
3244_G6PD_P1P2_ENSG00000160211,G6PD,0.020751378
2529_EIF1_P1P2_ENSG00000173812,EIF1,0.020750131
7207_RCN1_P1P2_ENSG00000049449,RCN1,0.020749575
640_ATP11B_P1P2_ENSG00000058063,ATP11B,0.020749165
477_ARHGEF18_P1P2_ENSG00000104880,ARHGEF18,0.020744342
7194_RC3H1_P1P2_ENSG00000135870,RC3H1,0.02074127
8721_TBC1D5_P1P2_ENSG00000131374,TBC1D5,0.020731915
7384_RNF25_P2_ENSG00000163481,RNF25,0.020730117
870_BOLA1_P2_ENSG00000178096,BOLA1,0.020718886
2788_EXOSC1_P1P2_ENSG00000171311,EXOSC1,0.020715797
9168_TOMM5_P1P2_ENSG00000175768,TOMM5,0.020705936
7278_RGS20_P2_ENSG00000147509,RGS20,0.020696605
1295_CCDC77_P1_ENSG00000120647,CCDC77,0.02069563
2004_CYP20A1_P1P2_ENSG00000119004,CYP20A1,0.020693488
9068_TMEM33_P1P2_ENSG00000109133,TMEM33,0.020679764
3538_GRIPAP1_P1P2_ENSG00000068400,GRIPAP1,0.020664234
5314_MTG1_P1P2_ENSG00000148824,MTG1,0.020653497
7000_R3HDM4_P1_ENSG00000198858,R3HDM4,0.02064689
9243_TRAPPC12_P1P2_ENSG00000171853,TRAPPC12,0.020646187
6294_PHF8_P1P2_ENSG00000172943,PHF8,0.020643096
8185_SMNDC1_P1P2_ENSG00000119953,SMNDC1,0.02064307
9885_WWP2_P1P2_ENSG00000198373,WWP2,0.020629225
5261_MRPS31_P1P2_ENSG00000102738,MRPS31,0.020627216
6622_PPIB_P1P2_ENSG00000166794,PPIB,0.020613587
9744_VPS25_P1P2_ENSG00000131475,VPS25,0.020608973
7078_RAF1_P1P2_ENSG00000132155,RAF1,0.020606985
9660_USP44_P1_ENSG00000136014,USP44,0.020591605
10630_ZNF780B_P1P2_ENSG00000128000,ZNF780B,0.02059159
6730_PRDM6_P1P2_ENSG00000061455,PRDM6,0.020589704
4200_IRX3_P1P2_ENSG00000177508,IRX3,0.02058802
701_ATXN1L_P1P2_ENSG00000224470,ATXN1L,0.020584067
4434_KLHL17_P1P2_ENSG00000187961,KLHL17,0.02057965
3360_GGT1_P2_ENSG00000286070,GGT1,0.020571232
2756_ETNK1_P1P2_ENSG00000139163,ETNK1,0.020564659
9601_UPF2_P1P2_ENSG00000151461,UPF2,0.020557605
4918_MDM1_P1P2_ENSG00000111554,MDM1,0.02055736
1134_C9orf64_P1P2_ENSG00000165118,C9orf64,0.02055579
10924_non-targeting_non-targeting_non-targeting,non-targeting,0.02054868
5947_OPLAH_P1P2_ENSG00000178814,OPLAH,0.020541597
8585_SUMF2_P1_ENSG00000129103,SUMF2,0.020532353
4283_KATNAL1_P1P2_ENSG00000102781,KATNAL1,0.020521397
8209_SNAPC5_P1P2_ENSG00000174446,SNAPC5,0.020520244
8069_SLC39A10_P1P2_ENSG00000196950,SLC39A10,0.020516701
8839_TFAP4_P1P2_ENSG00000090447,TFAP4,0.020510381
316_ANKFY1_P1P2_ENSG00000185722,ANKFY1,0.020509912
6337_PIGL_P1P2_ENSG00000108474,PIGL,0.020509448
8098_SLC4A7_P1P2_ENSG00000033867,SLC4A7,0.020508915
2237_DLC1_P1P2_ENSG00000164741,DLC1,0.020503042
582_ASIC4_P1P2_ENSG00000072182,ASIC4,0.020491695
4439_KLHL23_P1_ENSG00000213160,KLHL23,0.020481832
6429_PLD3_P1_ENSG00000105223,PLD3,0.020476727
4776_MAGI3_P1P2_ENSG00000081026,MAGI3,0.020472532
8708_TBC1D14_P1P2_ENSG00000132405,TBC1D14,0.020467687
933_BTNL9_P2_ENSG00000165810,BTNL9,0.020460911
10636_ZNF786_P1P2_ENSG00000197362,ZNF786,0.02045904
6722_PRDM13_P1P2_ENSG00000112238,PRDM13,0.020443672
3406_GLS_P1P2_ENSG00000115419,GLS,0.020437121
392_APAF1_P1P2_ENSG00000120868,APAF1,0.020436395
3274_GALNT7_P1P2_ENSG00000109586,GALNT7,0.02043224
9701_VAPB_P1P2_ENSG00000124164,VAPB,0.02042645
8637_SZRD1_P1P2_ENSG00000055070,SZRD1,0.02042533
8754_TBX2_P1P2_ENSG00000121068,TBX2,0.020420676
8345_SPEG_P2_ENSG00000072195,SPEG,0.02041485
7067_RAD51B_P1P2_ENSG00000182185,RAD51B,0.020414524
10319_ZNF37A_P1P2_ENSG00000075407,ZNF37A,0.020406812
8195_SMYD3_P1P2_ENSG00000185420,SMYD3,0.020405365
10311_ZNF354C_P1P2_ENSG00000177932,ZNF354C,0.020404873
9998_ZBTB44_P1P2_ENSG00000196323,ZBTB44,0.020381598
5216_MRPL34_P1P2_ENSG00000130312,MRPL34,0.020379148
2593_ELL_P1P2_ENSG00000105656,ELL,0.020349517
8045_SLC35C2_P1P2_ENSG00000080189,SLC35C2,0.020348582
6177_PDHX_P1P2_ENSG00000110435,PDHX,0.020336892
5277_MSANTD4_P1P2_ENSG00000170903,MSANTD4,0.020327374
7407_RNPS1_P1P2_ENSG00000205937,RNPS1,0.020318793
"504_ARL17A_ENST00000329240.4,ENST00000336125.5,ENST00000445552.2_ENSG00000185829",ARL17A,0.020316115
4194_IRF7_P1P2_ENSG00000185507,IRF7,0.02030576
8038_SLC35A2_P1P2_ENSG00000102100,SLC35A2,0.020299098
9289_TRIM8_P1P2_ENSG00000171206,TRIM8,0.020268584
5185_MRAS_P1P2_ENSG00000158186,MRAS,0.020263918
2641_ENO2_P1P2_ENSG00000111674,ENO2,0.020262754
7089_RALGPS2_P1P2_ENSG00000116191,RALGPS2,0.020246169
1702_CMTR2_P1P2_ENSG00000180917,CMTR2,0.020241784
7985_SLC25A15_P1P2_ENSG00000102743,SLC25A15,0.020240901
2525_EID2_P1P2_ENSG00000176396,EID2,0.02023847
9781_INTS14_P1P2_ENSG00000138614,INTS14,0.020237336
9630_USO1_P1P2_ENSG00000138768,USO1,0.020236554
2914_FAM222B_P2_ENSG00000173065,FAM222B,0.02022911
6658_PPP1R14B_P1P2_ENSG00000173457,PPP1R14B,0.020222332
8360_SPIN2B_P1P2_ENSG00000186787,SPIN2B,0.020219082
2877_FAM174A_P1P2_ENSG00000174132,FAM174A,0.020211065
4056_IFT52_P1P2_ENSG00000101052,IFT52,0.02020602
1930_CTDSP1_P1P2_ENSG00000144579,CTDSP1,0.020203814
2782_EXOC5_P1P2_ENSG00000070367,EXOC5,0.02019537
3140_FOS_P1_ENSG00000170345,FOS,0.020193707
9860_NSD2_P1P2_ENSG00000109685,NSD2,0.020183433
2211_DHX35_P1P2_ENSG00000101452,DHX35,0.020178605
1511_CEP70_P1P2_ENSG00000114107,CEP70,0.02017642
4456_KNTC1_P1P2_ENSG00000184445,KNTC1,0.020166647
2295_DNAJC24_P1P2_ENSG00000170946,DNAJC24,0.02016556
8108_SLC7A5_P1P2_ENSG00000103257,SLC7A5,0.020140436
8622_SYNCRIP_P1P2_ENSG00000135316,SYNCRIP,0.020134395
9690_UXS1_P1P2_ENSG00000115652,UXS1,0.020124812
3083_FIBP_P1P2_ENSG00000172500,FIBP,0.020123243
9495_UBE2B_P1P2_ENSG00000119048,UBE2B,0.020110507
3721_HIC1_P1P2_ENSG00000177374,HIC1,0.020105783
7836_SF3B2_P1P2_ENSG00000087365,SF3B2,0.020099515
3322_GCM2_P1P2_ENSG00000124827,GCM2,0.020094428
496_ARID5B_ENST00000279873.7_ENSG00000150347,ARID5B,0.020092368
3338_GEMIN7_P1P2_ENSG00000142252,GEMIN7,0.020083485
8959_TM9SF1_P1_ENSG00000100926,TM9SF1,0.020083232
2725_ESAM_P1_ENSG00000149564,ESAM,0.020079454
8723_TBC1D9B_P1P2_ENSG00000197226,TBC1D9B,0.020076487
9159_TOE1_P1P2_ENSG00000132773,TOE1,0.020072525
4576_LHX9_P1P2_ENSG00000143355,LHX9,0.020069527
3860_HNRNPAB_P1P2_ENSG00000197451,HNRNPAB,0.020068526
6791_PRPF18_P1P2_ENSG00000165630,PRPF18,0.02006671
5683_NKAP_P1P2_ENSG00000101882,NKAP,0.0200582
10283_ZNF319_P2_ENSG00000166188,ZNF319,0.020041775
3017_FBXO3_P2_ENSG00000110429,FBXO3,0.020039454
9343_TSHZ2_P1P2_ENSG00000182463,TSHZ2,0.020037184
1938_CTNNBIP1_P1P2_ENSG00000178585,CTNNBIP1,0.020030014
101_ACSL4_P1P2_ENSG00000068366,ACSL4,0.020022806
9997_ZBTB43_P1P2_ENSG00000169155,ZBTB43,0.020017022
4864_MAT2B_P2_ENSG00000038274,MAT2B,0.02001614
7904_SHROOM1_P1P2_ENSG00000164403,SHROOM1,0.020000314
8115_SLC9A3R2_P1_ENSG00000065054,SLC9A3R2,0.019999724
1660_CLK3_P2_ENSG00000179335,CLK3,0.019996682
5529_NDST2_P1P2_ENSG00000166507,NDST2,0.019991968
2823_FAHD2B_P1P2_ENSG00000144199,FAHD2B,0.019991584
3594_GTPBP4_P1P2_ENSG00000107937,GTPBP4,0.019983152
7242_REXO1_P1P2_ENSG00000079313,REXO1,0.019962778
10035_ZCCHC3_P1P2_ENSG00000247315,ZCCHC3,0.019946877
10598_ZNF735_NM_001159524_ENSG00000223614,ZNF735,0.01993613
76_ACAT2_P1P2_ENSG00000120437,ACAT2,0.019934306
6939_PTPRS_P1P2_ENSG00000105426,PTPRS,0.019925928
9463_TYMP_P1P2_ENSG00000025708,TYMP,0.019914217
3902_HOXB4_P1P2_ENSG00000182742,HOXB4,0.019910548
1801_CORO1C_P1P2_ENSG00000110880,CORO1C,0.019901777
1691_CMC2_P1P2_ENSG00000103121,CMC2,0.019900173
3149_FOXD1_P1P2_ENSG00000251493,FOXD1,0.01989958
8138_SMAP2_P2_ENSG00000084070,SMAP2,0.019898046
9312_TRMT5_P1P2_ENSG00000126814,TRMT5,0.019889234
1855_CRBN_P1P2_ENSG00000113851,CRBN,0.019888774
5040_MGA_P1P2_ENSG00000174197,MGA,0.019883411
290_AMDHD2_P1P2_ENSG00000162066,AMDHD2,0.019876499
10866_non-targeting_non-targeting_non-targeting,non-targeting,0.019872827
3606_GYPA_P1P2_ENSG00000170180,GYPA,0.019867197
11320_non-targeting_non-targeting_non-targeting,non-targeting,0.019864319
4721_LYAR_P1P2_ENSG00000145220,LYAR,0.019857183
3473_GON4L_P1_ENSG00000116580,GON4L,0.019856097
4508_LAMTOR4_P1P2_ENSG00000188186,LAMTOR4,0.01985254
4238_ITPR2_P1P2_ENSG00000123104,ITPR2,0.019849457
1169_CAMTA1_P1P2_ENSG00000171735,CAMTA1,0.019841347
3928_HOXD9_P1P2_ENSG00000128709,HOXD9,0.019830812
702_ATXN2L_P1P2_ENSG00000168488,ATXN2L,0.019830614
4603_LLGL1_P1P2_ENSG00000131899,LLGL1,0.019821838
508_ARL3_P1P2_ENSG00000138175,ARL3,0.019808458
8120_SLCO4A1_P1P2_ENSG00000101187,SLCO4A1,0.019800378
1156_CALCOCO2_P2_ENSG00000136436,CALCOCO2,0.01979606
2949_FAM89A_P1P2_ENSG00000182118,FAM89A,0.019790996
3324_GCSH_P1P2_ENSG00000140905,GCSH,0.019778447
6092_PAX5_P1P2_ENSG00000196092,PAX5,0.01977466
"10531_ZNF658_ENST00000377626.3,ENST00000602553.1_ENSG00000274349",ZNF658,0.01976041
1643_CLDN15_P1P2_ENSG00000106404,CLDN15,0.019757481
603_ATE1_P1P2_ENSG00000107669,ATE1,0.019754257
6691_PPP2R5E_P1P2_ENSG00000154001,PPP2R5E,0.019744225
10106_ZFYVE16_P1P2_ENSG00000039319,ZFYVE16,0.01973274
2264_DMTN_P2_ENSG00000158856,DMTN,0.019730387
3708_HEXB_P1P2_ENSG00000049860,HEXB,0.0197302
10679_ZNF853_P2_ENSG00000236609,ZNF853,0.019725017
2331_DOK3_P1P2_ENSG00000146094,DOK3,0.019723302
7054_RABL6_P1P2_ENSG00000196642,RABL6,0.019712102
8419_SRPK1_P1P2_ENSG00000096063,SRPK1,0.019709354
6398_PKN1_P2_ENSG00000123143,PKN1,0.019707724
8162_SMCHD1_P1P2_ENSG00000101596,SMCHD1,0.019695858
120_ACVR2B_P1P2_ENSG00000114739,ACVR2B,0.0196943
519_ARL8B_P1P2_ENSG00000134108,ARL8B,0.019691715
4563_LGALSL_P1P2_ENSG00000119862,LGALSL,0.019687697
3718_HHLA3_P1P2_ENSG00000197568,HHLA3,0.0196823
5697_NKX3-1_P1P2_ENSG00000167034,NKX3-1,0.019680988
5612_NEUROD2_P1P2_ENSG00000171532,NEUROD2,0.01967755
7212_RCSD1_P1P2_ENSG00000198771,RCSD1,0.019675752
1336_CCNO_P1P2_ENSG00000152669,CCNO,0.019672763
9832_WDR60_P1P2_ENSG00000126870,WDR60,0.019670265
10553_ZNF687_P1P2_ENSG00000143373,ZNF687,0.019668326
9054_TMEM241_P1P2_ENSG00000134490,TMEM241,0.019667499
8270_SOHLH2_ENST00000379881.3_ENSG00000120669,SOHLH2,0.019655487
2435_DYRK4_P1P2_ENSG00000010219,DYRK4,0.019650498
8072_SLC39A14_P1P2_ENSG00000104635,SLC39A14,0.019642381
11271_non-targeting_non-targeting_non-targeting,non-targeting,0.019634219
2855_FAM135A_P1P2_ENSG00000082269,FAM135A,0.019634057
7560_RRNAD1_P1P2_ENSG00000143303,RRNAD1,0.019633219
2463_ECH1_P1P2_ENSG00000104823,ECH1,0.019624047
8867_TGM2_P1P2_ENSG00000198959,TGM2,0.019620681
5029_MFSD3_P1P2_ENSG00000167700,MFSD3,0.019618606
9510_UBE2L3_P1P2_ENSG00000185651,UBE2L3,0.019618522
9699_VAMP8_P1_ENSG00000118640,VAMP8,0.019599782
4754_MAFF_P1P2_ENSG00000185022,MAFF,0.019597124
6724_PRDM15_P1P2_ENSG00000141956,PRDM15,0.019580783
1163_CAMK1_P1P2_ENSG00000134072,CAMK1,0.01958071
8217_SNRNP25_P1P2_ENSG00000161981,SNRNP25,0.019575104
9388_TTC38_P1P2_ENSG00000075234,TTC38,0.019570554
9774_VTA1_P1P2_ENSG00000009844,VTA1,0.019558242
663_ATP5ME_P1P2_ENSG00000169020,ATP5ME,0.019554403
9651_USP34_P1P2_ENSG00000115464,USP34,0.019552734
4739_LZTS2_P1_ENSG00000107816,LZTS2,0.01955019
7867_SH2B1_P1P2_ENSG00000178188,SH2B1,0.019548923
5670_NINJ2_P2_ENSG00000171840,NINJ2,0.019543063
4997_METTL1_P1P2_ENSG00000037897,METTL1,0.01953808
5372_MYCN_P1_ENSG00000134323,MYCN,0.019531863
9377_TTC14_P1P2_ENSG00000163728,TTC14,0.019529331
2394_DTYMK_P1P2_ENSG00000168393,DTYMK,0.019518614
8994_TMEM127_P1P2_ENSG00000135956,TMEM127,0.019507699
8685_TAOK3_P2_ENSG00000135090,TAOK3,0.019499373
9576_UGGT1_P1P2_ENSG00000136731,UGGT1,0.019496433
3129_FNIP1_P1P2_ENSG00000217128,FNIP1,0.019489625
10093_ZFP64_P1P2_ENSG00000020256,ZFP64,0.019487634
9540_UBP1_P1P2_ENSG00000153560,UBP1,0.019487495
3832_HMGCR_P1P2_ENSG00000113161,HMGCR,0.019483088
1859_CREB3L2_P1P2_ENSG00000182158,CREB3L2,0.019479923
7354_RNF145_P1_ENSG00000145860,RNF145,0.019479413
2142_DEF6_P1P2_ENSG00000023892,DEF6,0.019478902
2808_F12_P1_ENSG00000131187,F12,0.019460604
6909_PTGES2_P1P2_ENSG00000148334,PTGES2,0.019453134
8460_SSU72_P1P2_ENSG00000160075,SSU72,0.01943047
1491_CENPT_P1P2_ENSG00000102901,CENPT,0.019429835
4836_MAPKAPK2_P1P2_ENSG00000162889,MAPKAPK2,0.019424286
8166_SMG5_P1P2_ENSG00000198952,SMG5,0.0194148
8242_SNX13_P1P2_ENSG00000071189,SNX13,0.019413583
3261_GALC_P1P2_ENSG00000054983,GALC,0.01937651
10347_ZNF423_ENST00000561648.1_ENSG00000102935,ZNF423,0.019372322
4972_MEMO1_P1_ENSG00000162959,MEMO1,0.019361645
10394_ZNF48_P1P2_ENSG00000180035,ZNF48,0.019342236
4352_KIAA0895L_P1P2_ENSG00000196123,KIAA0895L,0.019333392
6201_PDXDC1_P1P2_ENSG00000179889,PDXDC1,0.019331222
134_ADAMTSL4_P1P2_ENSG00000143382,ADAMTSL4,0.019314934
7699_SCML2_P1P2_ENSG00000102098,SCML2,0.019309634
8117_SLC9A6_P1P2_ENSG00000198689,SLC9A6,0.01930053
8373_SPRY1_P1P2_ENSG00000164056,SPRY1,0.01929135
2099_DDRGK1_P1P2_ENSG00000198171,DDRGK1,0.01928261
5832_NSRP1_P1P2_ENSG00000126653,NSRP1,0.019281786
4412_KLF14_P1P2_ENSG00000266265,KLF14,0.019281123
9522_UBE2W_P1P2_ENSG00000104343,UBE2W,0.019270256
2410_DUSP7_P2_ENSG00000164086,DUSP7,0.0192674
9387_TTC37_P1P2_ENSG00000198677,TTC37,0.019266311
2304_DNAJC8_P1P2_ENSG00000126698,DNAJC8,0.019248873
9500_UBE2E1_P1P2_ENSG00000170142,UBE2E1,0.019248484
8024_SLC2A11_P1P2_ENSG00000133460,SLC2A11,0.019239154
10038_ZCCHC7_P1P2_ENSG00000147905,ZCCHC7,0.019233814
3190_FOXQ1_P1P2_ENSG00000164379,FOXQ1,0.01923096
6512_POLA1_P1P2_ENSG00000101868,POLA1,0.019219166
6979_PYROXD1_P1P2_ENSG00000121350,PYROXD1,0.019218534
10146_ZMYM4_P1P2_ENSG00000146463,ZMYM4,0.019207789
8300_SOX8_P1P2_ENSG00000005513,SOX8,0.019196793
8904_TICRR_P1P2_ENSG00000140534,TICRR,0.019196294
6707_PPTC7_P1P2_ENSG00000196850,PPTC7,0.019189265
6934_PTPRC_P1P2_ENSG00000081237,PTPRC,0.01918095
2197_DHRS4L2_ENST00000382755.4_ENSG00000187630,DHRS4L2,0.019178558
10047_ZDHHC19_P1P2_ENSG00000163958,ZDHHC19,0.019178286
2138_DECR2_P1P2_ENSG00000242612,DECR2,0.019167472
5719_NMRAL1_P1P2_ENSG00000153406,NMRAL1,0.019147843
6382_PITPNM1_P1P2_ENSG00000110697,PITPNM1,0.019146567
8628_SYNJ2_P1P2_ENSG00000078269,SYNJ2,0.019127619
9046_TMEM219_P1P2_ENSG00000149932,TMEM219,0.01912439
4411_KLF13_P1P2_ENSG00000169926,KLF13,0.019118216
6580_POR_P1P2_ENSG00000127948,POR,0.019115323
9568_UFC1_P1P2_ENSG00000143222,UFC1,0.019112408
2830_FAM104B_P1P2_ENSG00000182518,FAM104B,0.019102607
3344_GFI1_P2_ENSG00000162676,GFI1,0.019101873
5204_MRPL20_P1P2_ENSG00000242485,MRPL20,0.019096449
590_ASPSCR1_P1P2_ENSG00000169696,ASPSCR1,0.019092865
4749_MAEA_P2_ENSG00000090316,MAEA,0.019092621
9724_VGLL4_P1P2_ENSG00000144560,VGLL4,0.019077422
166_ADRM1_P1P2_ENSG00000130706,ADRM1,0.0190771
1377_CD7_P1P2_ENSG00000173762,CD7,0.019070096
9535_UBL7_P2_ENSG00000138629,UBL7,0.019063737
10003_ZBTB49_P1P2_ENSG00000168826,ZBTB49,0.019058583
268_ALG1_P1P2_ENSG00000033011,ALG1,0.019045707
759_BANP_P1P2_ENSG00000172530,BANP,0.019044098
6084_PASK_P1P2_ENSG00000115687,PASK,0.019043205
1682_CLTB_P1P2_ENSG00000175416,CLTB,0.019037277
6639_PPM1D_P1P2_ENSG00000170836,PPM1D,0.019035898
10660_ZNF823_P1P2_ENSG00000197933,ZNF823,0.019021422
9487_UBALD1_P1P2_ENSG00000153443,UBALD1,0.019017614
237_AKIRIN2_P1P2_ENSG00000135334,AKIRIN2,0.019015826
2566_EIF4ENIF1_P1P2_ENSG00000184708,EIF4ENIF1,0.019011816
8485_STAM_P1P2_ENSG00000136738,STAM,0.019002283
4367_RESF1_P1P2_ENSG00000174718,RESF1,0.01900226
4_PRXL2C_P1P2_ENSG00000158122,PRXL2C,0.018989408
2055_DCAF4L2_P1P2_ENSG00000176566,DCAF4L2,0.018981587
993_VPS35L_P1P2_ENSG00000103544,VPS35L,0.018978994
5137_MOB3B_P1P2_ENSG00000120162,MOB3B,0.018978277
5392_MYNN_P1P2_ENSG00000085274,MYNN,0.01897723
9806_WDR18_P1P2_ENSG00000065268,WDR18,0.018970089
6908_PTGER3_P1P2_ENSG00000050628,PTGER3,0.01896635
913_BSG_P1P2_ENSG00000172270,BSG,0.018960243
5729_NOC2L_P1P2_ENSG00000188976,NOC2L,0.01895798
4127_INO80C_P1P2_ENSG00000153391,INO80C,0.018952496
9295_TRIP12_P1P2_ENSG00000153827,TRIP12,0.018938761
6144_PCSK9_P1P2_ENSG00000169174,PCSK9,0.018937284
10810_non-targeting_non-targeting_non-targeting,non-targeting,0.018932115
5981_OSBPL8_P1P2_ENSG00000091039,OSBPL8,0.018930998
2020_DAD1_P1P2_ENSG00000129562,DAD1,0.01892047
5105_MLEC_P1_ENSG00000110917,MLEC,0.018914096
9897_XPO4_P1P2_ENSG00000132953,XPO4,0.018899443
6594_POU4F1_P1P2_ENSG00000152192,POU4F1,0.018891914
4840_MAPRE2_P2_ENSG00000166974,MAPRE2,0.018891687
3843_HMOX2_P1_ENSG00000103415,HMOX2,0.018887145
1255_CCDC130_P1_ENSG00000104957,CCDC130,0.01888383
5304_MTCH2_P1P2_ENSG00000109919,MTCH2,0.018882332
6292_PHF6_P1P2_ENSG00000156531,PHF6,0.018881507
7096_RANBP9_P1P2_ENSG00000010017,RANBP9,0.018880257
10704_ZNRF1_P1P2_ENSG00000186187,ZNRF1,0.018877529
115_ACTR3_P1P2_ENSG00000115091,ACTR3,0.018876724
6640_PPM1F_P1P2_ENSG00000100034,PPM1F,0.018852806
1429_CDK1_P1P2_ENSG00000170312,CDK1,0.018844564
6925_PTPN18_P2_ENSG00000072135,PTPN18,0.018843627
10777_non-targeting_non-targeting_non-targeting,non-targeting,0.018838868
11231_non-targeting_non-targeting_non-targeting,non-targeting,0.018837467
4740_M6PR_P1P2_ENSG00000003056,M6PR,0.018827388
10022_ZC3H15_P1P2_ENSG00000065548,ZC3H15,0.018821508
5574_NDUFV1_P1_ENSG00000167792,NDUFV1,0.018816324
6410_PLAA_P1P2_ENSG00000137055,PLAA,0.018811887
1638_CLCC1_P1P2_ENSG00000121940,CLCC1,0.018797528
1398_CDC37_P1P2_ENSG00000105401,CDC37,0.01879696
6719_PRCP_P2_ENSG00000137509,PRCP,0.018793164
4531_LCE1E_P1P2_ENSG00000186226,LCE1E,0.018791296
7737_SEC16A_P1P2_ENSG00000148396,SEC16A,0.018788332
2016_DAAM1_P1P2_ENSG00000100592,DAAM1,0.018788286
6306_PHOX2A_P1P2_ENSG00000165462,PHOX2A,0.018785704
9986_ZBTB32_P1P2_ENSG00000011590,ZBTB32,0.01877429
252_ALDH16A1_P1P2_ENSG00000161618,ALDH16A1,0.01877112
4717_LUC7L_P1P2_ENSG00000007392,LUC7L,0.01876839
5343_MTRF1_P1P2_ENSG00000120662,MTRF1,0.018768352
2878_ABRAXAS1_P1P2_ENSG00000163322,ABRAXAS1,0.018747754
9926_YEATS4_P1P2_ENSG00000127337,YEATS4,0.01874366
1897_CSMD1_P1P2_ENSG00000183117,CSMD1,0.018743346
6160_PDCD7_P1P2_ENSG00000090470,PDCD7,0.01873218
10332_ZNF397_P1P2_ENSG00000186812,ZNF397,0.01872524
5821_NSA2_P1P2_ENSG00000164346,NSA2,0.018721588
6958_PUS7_P1P2_ENSG00000091127,PUS7,0.01871304
2216_DHX57_P1P2_ENSG00000163214,DHX57,0.018688416
3327_GDE1_P1P2_ENSG00000006007,GDE1,0.018686669
7195_RC3H2_P1P2_ENSG00000056586,RC3H2,0.018675884
7662_SAT2_P1P2_ENSG00000141504,SAT2,0.018670158
26_ABCC10_P1P2_ENSG00000124574,ABCC10,0.018645545
7599_RUNDC1_P1P2_ENSG00000198863,RUNDC1,0.018645145
5038_MGAT4B_P1P2_ENSG00000161013,MGAT4B,0.018642427
7060_RAD18_P1P2_ENSG00000070950,RAD18,0.018636331
8356_SPICE1_P1P2_ENSG00000163611,SPICE1,0.018632209
10496_ZNF607_P1P2_ENSG00000198182,ZNF607,0.01863106
1493_CENPW_P1P2_ENSG00000203760,CENPW,0.018629968
4677_LRRC8D_P1_ENSG00000171492,LRRC8D,0.018621335
4586_LIMK1_P1_ENSG00000106683,LIMK1,0.018616192
4790_MAN2C1_P1P2_ENSG00000140400,MAN2C1,0.018609965
6839_PSIP1_P1P2_ENSG00000164985,PSIP1,0.018607063
393_APBA2_P1P2_ENSG00000034053,APBA2,0.018603958
10722_ZSCAN2_P1P2_ENSG00000176371,ZSCAN2,0.018594913
6216_PEMT_P1P2_ENSG00000133027,PEMT,0.018589644
7562_RRP15_P1P2_ENSG00000067533,RRP15,0.018589022
6591_POU3F2_P1P2_ENSG00000184486,POU3F2,0.018581174
5671_NINJ2_P1_ENSG00000171840,NINJ2,0.018580617
9153_TNRC6A_P1P2_ENSG00000090905,TNRC6A,0.018579902
7011_RAB1A_P1P2_ENSG00000138069,RAB1A,0.01857189
6058_PANX1_P1P2_ENSG00000110218,PANX1,0.018568167
4744_MAD1L1_P1P2_ENSG00000002822,MAD1L1,0.018566305
6674_PPP1R3E_P2_ENSG00000235194,PPP1R3E,0.018564304
2075_DCTN3_P1P2_ENSG00000137100,DCTN3,0.01855856
7891_SHC1_P2_ENSG00000160691,SHC1,0.018554324
6451_PLIN2_P1_ENSG00000147872,PLIN2,0.018552063
7883_SH3GL1_P1P2_ENSG00000141985,SH3GL1,0.018545754
4860_MAST2_P1P2_ENSG00000086015,MAST2,0.018527634
371_AP1S1_P1P2_ENSG00000106367,AP1S1,0.018526528
2403_DUSP14_P2_ENSG00000276023,DUSP14,0.018519556
7689_SCCPDH_P1P2_ENSG00000143653,SCCPDH,0.018514972
6873_PSMD5_P1P2_ENSG00000095261,PSMD5,0.018511647
2236_DLAT_P1P2_ENSG00000150768,DLAT,0.018509716
9549_UBR7_P1P2_ENSG00000012963,UBR7,0.018506676
7550_RRAGC_P1P2_ENSG00000116954,RRAGC,0.018502219
161_ADO_P1P2_ENSG00000181915,ADO,0.018501617
10386_ZNF479_P1P2_ENSG00000185177,ZNF479,0.018496038
2155_DENR_P1P2_ENSG00000139726,DENR,0.018491501
1798_CORO1A_P1P2_ENSG00000102879,CORO1A,0.01848456
5136_MOB3A_P1_ENSG00000172081,MOB3A,0.018459555
4636_LPIN2_P1P2_ENSG00000101577,LPIN2,0.018455693
3693_HERC1_P1P2_ENSG00000103657,HERC1,0.018446034
1021_TIMM29_P1P2_ENSG00000142444,TIMM29,0.018445754
6602_POU6F2_ENST00000518318.2_ENSG00000106536,POU6F2,0.018443247
10124_ZIK1_P1P2_ENSG00000171649,ZIK1,0.018435778
"3201_FRG2_ENST00000378763.1,ENST00000504750.1_ENSG00000205097",FRG2,0.018434025
3757_HIST1H2AM_P1P2_ENSG00000278677,HIST1H2AM,0.018430324
9274_TRIM37_P1P2_ENSG00000108395,TRIM37,0.018416073
4856_MARS2_P1P2_ENSG00000247626,MARS2,0.018413253
10727_ZSCAN5A_ENST00000587340.1_ENSG00000131848,ZSCAN5A,0.01840218
10899_non-targeting_non-targeting_non-targeting,non-targeting,0.018401101
3958_HSDL2_P1P2_ENSG00000119471,HSDL2,0.018386994
3128_FNDC4_P1P2_ENSG00000115226,FNDC4,0.01838543
10051_ZDHHC4_P1P2_ENSG00000136247,ZDHHC4,0.018383328
3498_GPD2_P1P2_ENSG00000115159,GPD2,0.01837854
8543_STRN4_P1P2_ENSG00000090372,STRN4,0.018372264
6523_POLE4_P1P2_ENSG00000115350,POLE4,0.018364862
10909_non-targeting_non-targeting_non-targeting,non-targeting,0.018362343
4164_IPO7_P1P2_ENSG00000205339,IPO7,0.018353837
7236_RERE_P1P2_ENSG00000142599,RERE,0.018351762
6322_PIAS3_P1P2_ENSG00000131788,PIAS3,0.018351419
6600_POU5F2_P1P2_ENSG00000248483,POU5F2,0.018345363
7277_RGS19_P1P2_ENSG00000171700,RGS19,0.018323794
9946_YTHDC1_P1P2_ENSG00000083896,YTHDC1,0.018321998
7746_SEC24C_P1P2_ENSG00000176986,SEC24C,0.018315123
2752_ETFB_P2_ENSG00000105379,ETFB,0.018309312
7798_SERHL2_P1P2_ENSG00000183569,SERHL2,0.018291242
9652_USP36_P1P2_ENSG00000055483,USP36,0.018290518
1463_CDYL_P1_ENSG00000153046,CDYL,0.018283572
10540_ZNF671_P1P2_ENSG00000083814,ZNF671,0.018282358
8075_SLC39A4_P1_ENSG00000147804,SLC39A4,0.018277923
5648_NFKBID_P2_ENSG00000167604,NFKBID,0.01827717
6033_PAFAH1B1_P1P2_ENSG00000007168,PAFAH1B1,0.01827172
6409_PLA2G6_P1P2_ENSG00000184381,PLA2G6,0.01826899
3467_GOLIM4_P1P2_ENSG00000173905,GOLIM4,0.01826265
9259_TRIB2_P1P2_ENSG00000071575,TRIB2,0.018251095
9492_UBB_P1P2_ENSG00000170315,UBB,0.018247044
7887_SH3KBP1_P1P2_ENSG00000147010,SH3KBP1,0.01824204
5312_MTFR1_P1P2_ENSG00000066855,MTFR1,0.018235873
8817_TEN1_P1P2_ENSG00000257949,TEN1,0.018228445
4254_JMJD4_P1P2_ENSG00000081692,JMJD4,0.01822653
8935_TJAP1_P1_ENSG00000137221,TJAP1,0.018225854
9194_TP53RK_P1P2_ENSG00000172315,TP53RK,0.01822573
5519_NDC80_P1P2_ENSG00000080986,NDC80,0.018225603
4962_MEF2C_P1P2_ENSG00000081189,MEF2C,0.018220529
2762_ETV3L_P1P2_ENSG00000253831,ETV3L,0.018210167
2852_FAM133B_P1P2_ENSG00000234545,FAM133B,0.018194802
1727_CNPY3_P1P2_ENSG00000137161,CNPY3,0.018185232
10039_ZCCHC8_P1P2_ENSG00000033030,ZCCHC8,0.018183528
10791_non-targeting_non-targeting_non-targeting,non-targeting,0.018174397
10919_non-targeting_non-targeting_non-targeting,non-targeting,0.018173454
3249_GABARAPL2_P1P2_ENSG00000034713,GABARAPL2,0.018165268
7779_SEPHS2_P1P2_ENSG00000179918,SEPHS2,0.018164456
5906_NUS1_P1P2_ENSG00000153989,NUS1,0.018163715
9757_VPS41_P1_ENSG00000006715,VPS41,0.01815937
9842_WDR76_P1P2_ENSG00000092470,WDR76,0.018152153
6001_OTX2_P1P2_ENSG00000165588,OTX2,0.018143866
2146_DENND1A_P1P2_ENSG00000119522,DENND1A,0.018134981
4253_JMJD1C_P1P2_ENSG00000171988,JMJD1C,0.018129474
7378_RNF214_P1P2_ENSG00000167257,RNF214,0.018120438
10117_ZHX3_P1P2_ENSG00000174306,ZHX3,0.01811273
4082_IKZF2_P2_ENSG00000030419,IKZF2,0.018112512
5939_OLIG3_P1P2_ENSG00000177468,OLIG3,0.018093964
3309_GBGT1_P1P2_ENSG00000148288,GBGT1,0.01809187
10436_ZNF547_P1P2_ENSG00000152433,ZNF547,0.018087495
7868_SH2B3_P1P2_ENSG00000111252,SH2B3,0.018075615
10122_ZIC4_P1_ENSG00000174963,ZIC4,0.018075343
5751_NOP9_P1P2_ENSG00000196943,NOP9,0.018057188
5749_NOP56_P1P2_ENSG00000101361,NOP56,0.018047547
5997_OTUD5_P1P2_ENSG00000068308,OTUD5,0.01804569
9560_UBXN7_P1P2_ENSG00000163960,UBXN7,0.018033538
4796_MAP1A_P1P2_ENSG00000166963,MAP1A,0.018028658
1895_CSH2_P2_ENSG00000213218,CSH2,0.01801723
3463_GOLGA8A_ENST00000359187.4_ENSG00000175265,GOLGA8A,0.017995415
1058_RAB5IF_P1P2_ENSG00000101084,RAB5IF,0.01799238
6170_PDE7A_P1P2_ENSG00000205268,PDE7A,0.01798971
2646_ENOX2_P1P2_ENSG00000165675,ENOX2,0.017986732
1344_CCSER2_P1P2_ENSG00000107771,CCSER2,0.017980497
8170_SMG9_P1P2_ENSG00000105771,SMG9,0.01797327
231_AKAP1_P1P2_ENSG00000121057,AKAP1,0.017970394
2950_FAM89B_P1P2_ENSG00000176973,FAM89B,0.01796794
9100_TMEM97_P1P2_ENSG00000109084,TMEM97,0.017963715
8333_SPCS1_P1P2_ENSG00000114902,SPCS1,0.017961532
5591_NEIL3_P1P2_ENSG00000109674,NEIL3,0.017957563
1477_CENPB_P1P2_ENSG00000125817,CENPB,0.017951392
4493_L3MBTL3_P1P2_ENSG00000198945,L3MBTL3,0.017949456
2092_DDI2_P1P2_ENSG00000197312,DDI2,0.017929593
3919_HOXD10_P2_ENSG00000128710,HOXD10,0.017928993
4354_TMEM131L_P1P2_ENSG00000121210,TMEM131L,0.017928345
3610_GYS1_P1P2_ENSG00000104812,GYS1,0.017927418
6282_PHF14_P1P2_ENSG00000106443,PHF14,0.017918168
4461_KPNA4_P1P2_ENSG00000186432,KPNA4,0.0179088
9471_TBXT_P1P2_ENSG00000164458,TBXT,0.017907886
3371_GINS3_P1P2_ENSG00000181938,GINS3,0.017904889
6388_PIWIL4_P1P2_ENSG00000134627,PIWIL4,0.01790342
884_BRCA1_P1P2_ENSG00000012048,BRCA1,0.017890166
5179_MPV17_P1P2_ENSG00000115204,MPV17,0.01787867
6441_PLEKHF2_P1P2_ENSG00000175895,PLEKHF2,0.01787693
10900_non-targeting_non-targeting_non-targeting,non-targeting,0.017876152
244_AKR1E2_P1P2_ENSG00000165568,AKR1E2,0.017872795
7101_RAP1B_P1P2_ENSG00000127314,RAP1B,0.017870309
4445_KLHL5_P1P2_ENSG00000109790,KLHL5,0.01785224
9736_DCAF1_P1P2_ENSG00000145041,DCAF1,0.017850917
7841_SFMBT1_P1P2_ENSG00000163935,SFMBT1,0.017844016
4019_ID2_P2_ENSG00000115738,ID2,0.017838683
2800_EXTL3_P1P2_ENSG00000012232,EXTL3,0.017836541
6765_PRKD2_P2_ENSG00000105287,PRKD2,0.017832594
285_ALX3_P1P2_ENSG00000156150,ALX3,0.01782429
2990_FBRS_P1P2_ENSG00000156860,FBRS,0.017821021
4609_LMAN2_P1P2_ENSG00000169223,LMAN2,0.01781177
9621_URI1_P1P2_ENSG00000105176,URI1,0.017807916
1326_CCNE2_P1P2_ENSG00000175305,CCNE2,0.017807165
5171_MPP1_P1P2_ENSG00000130830,MPP1,0.017805783
4117_INF2_P1P2_ENSG00000203485,INF2,0.017802794
9726_VILL_P1_ENSG00000136059,VILL,0.01780177
5604_NES_P2_ENSG00000132688,NES,0.017801732
9352_TSPAN18_P1P2_ENSG00000157570,TSPAN18,0.01780118
10461_ZNF572_P1P2_ENSG00000180938,ZNF572,0.017792528
1527_CES2_P1_ENSG00000172831,CES2,0.017784474
5904_NUP98_P1P2_ENSG00000110713,NUP98,0.017780049
8131_SMAD3_P1P2_ENSG00000166949,SMAD3,0.017778847
6998_R3HDM1_P2_ENSG00000048991,R3HDM1,0.017770477
8118_SLC9B1_P1P2_ENSG00000164037,SLC9B1,0.017769571
2190_DHPS_P1P2_ENSG00000095059,DHPS,0.017756429
5961_ORAI1_P1P2_ENSG00000276045,ORAI1,0.017755793
4395_KIF5B_P1P2_ENSG00000170759,KIF5B,0.017749064
6699_PPP5C_P1P2_ENSG00000011485,PPP5C,0.017748922
10001_ZBTB47_P1P2_ENSG00000114853,ZBTB47,0.017745016
2618_EMC9_P1P2_ENSG00000100908,EMC9,0.017744508
7284_RHCE_P1P2_ENSG00000188672,RHCE,0.017743874
7944_SKI_ENST00000378536.4_ENSG00000157933,SKI,0.017737452
3963_HSFX1_ENST00000370416.4_ENSG00000171116,HSFX1,0.01773658
9236_TRAIP_P1P2_ENSG00000183763,TRAIP,0.01772066
3926_HOXD4_P1P2_ENSG00000170166,HOXD4,0.017718283
9894_XPNPEP1_P1P2_ENSG00000108039,XPNPEP1,0.017709581
9921_YBX1_P1P2_ENSG00000065978,YBX1,0.017709523
6376_PISD_ENST00000382151.2_ENSG00000241878,PISD,0.017703438
119_ACVR1B_P1P2_ENSG00000135503,ACVR1B,0.017698998
5676_NIPAL3_P1P2_ENSG00000001461,NIPAL3,0.017693989
2799_EXTL2_P1P2_ENSG00000162694,EXTL2,0.017692834
2095_DDN_P1P2_ENSG00000181418,DDN,0.017692266
2805_EZR_P1_ENSG00000092820,EZR,0.017690135
7990_SLC25A20_P1P2_ENSG00000178537,SLC25A20,0.017689029
10819_non-targeting_non-targeting_non-targeting,non-targeting,0.01767317
3019_FBXO41_P1P2_ENSG00000163013,FBXO41,0.017666828
2043_DBP_P1P2_ENSG00000105516,DBP,0.017661335
10280_ZNF317_P1P2_ENSG00000130803,ZNF317,0.017636137
9437_TVP23B_P1P2_ENSG00000171928,TVP23B,0.017635286
1449_CDKN2AIP_P1P2_ENSG00000168564,CDKN2AIP,0.017631153
2428_DYNLRB1_P2_ENSG00000125971,DYNLRB1,0.017629432
2797_EXPH5_P1P2_ENSG00000110723,EXPH5,0.01762108
11317_non-targeting_non-targeting_non-targeting,non-targeting,0.01761809
3639_HAUS6_P1P2_ENSG00000147874,HAUS6,0.017612351
11031_non-targeting_non-targeting_non-targeting,non-targeting,0.0176118
2296_DNAJC25_P1P2_ENSG00000059769,DNAJC25,0.017610125
6157_PDCD5_P1P2_ENSG00000105185,PDCD5,0.017607294
9229_TRAF3IP2_P1P2_ENSG00000056972,TRAF3IP2,0.017601158
6830_PRSS57_P1P2_ENSG00000185198,PRSS57,0.017600637
6862_PSMC5_P1P2_ENSG00000087191,PSMC5,0.017599672
3879_HOMER1_P1P2_ENSG00000152413,HOMER1,0.017598467
6003_OVOL1_P1P2_ENSG00000172818,OVOL1,0.01759246
8060_SLC37A3_P1P2_ENSG00000157800,SLC37A3,0.017591452
9505_UBE2H_P1P2_ENSG00000186591,UBE2H,0.017577056
4575_LHX8_P1P2_ENSG00000162624,LHX8,0.01757146
611_ATF7IP2_P1P2_ENSG00000166669,ATF7IP2,0.017567422
1981_CXXC5_P1P2_ENSG00000171604,CXXC5,0.017567303
10834_non-targeting_non-targeting_non-targeting,non-targeting,0.01755724
942_LRMDA_ENST00000372499.1_ENSG00000148655,LRMDA,0.01755524
7361_RNF167_P1P2_ENSG00000108523,RNF167,0.017554596
1468_CEBPE_P1P2_ENSG00000092067,CEBPE,0.017546864
6849_PSMB1_P1P2_ENSG00000008018,PSMB1,0.017538955
8473_ST6GAL1_P2_ENSG00000073849,ST6GAL1,0.017537028
9919_YARS_P1P2_ENSG00000134684,YARS,0.01752403
10059_ZEB1_P2_ENSG00000148516,ZEB1,0.017521584
8834_TFAP2A_P2_ENSG00000137203,TFAP2A,0.01750765
6525_POLG2_P1P2_ENSG00000256525,POLG2,0.017506612
"2744_ESRRG_ENST00000359162.2,ENST00000361525.3_ENSG00000196482",ESRRG,0.017505048
4906_MCM9_P1P2_ENSG00000111877,MCM9,0.01749521
7305_RIF1_P1P2_ENSG00000080345,RIF1,0.017495181
10378_ZNF462_P1P2_ENSG00000148143,ZNF462,0.017491914
9705_VAT1_P1P2_ENSG00000108828,VAT1,0.017491791
3003_FBXO11_P1P2_ENSG00000138081,FBXO11,0.017490232
7262_RFX5_P1P2_ENSG00000143390,RFX5,0.017484728
7002_RAB10_P1P2_ENSG00000084733,RAB10,0.01748302
10375_ZNF45_P1P2_ENSG00000124459,ZNF45,0.017482571
464_ARHGAP22_P1P2_ENSG00000128805,ARHGAP22,0.017478554
8501_STAU1_P1P2_ENSG00000124214,STAU1,0.017471645
5874_NUDT5_P1P2_ENSG00000165609,NUDT5,0.017468717
1618_CISD2_P1P2_ENSG00000145354,CISD2,0.017468102
413_APOBR_P1_ENSG00000184730,APOBR,0.017467046
9504_UBE2G2_P1P2_ENSG00000184787,UBE2G2,0.017465916
2032_DAXX_P2_ENSG00000204209,DAXX,0.017463753
10314_ZNF35_P1P2_ENSG00000169981,ZNF35,0.017452803
5858_NUDCD1_P1P2_ENSG00000120526,NUDCD1,0.01745228
3764_HIST1H2BG_ENST00000244601.3_ENSG00000273802,HIST1H2BG,0.017447138
5410_MYSM1_P1P2_ENSG00000162601,MYSM1,0.017445656
5478_NBEAL2_P1_ENSG00000160796,NBEAL2,0.01741536
2000_CYCS_P1P2_ENSG00000172115,CYCS,0.017414756
6546_POLR2E_P1_ENSG00000099817,POLR2E,0.017409574
4880_MBLAC2_P1P2_ENSG00000176055,MBLAC2,0.017408751
8417_SRP72_P1P2_ENSG00000174780,SRP72,0.017406559
6538_POLR1D_P2_ENSG00000186184,POLR1D,0.017406456
8150_SMARCD1_P1P2_ENSG00000066117,SMARCD1,0.01740577
7601_RUNX2_P2_ENSG00000124813,RUNX2,0.01740554
10548_ZNF680_P1P2_ENSG00000173041,ZNF680,0.017405206
10075_ZFHX2_P2_ENSG00000136367,ZFHX2,0.017398924
2011_CYSTM1_P1P2_ENSG00000120306,CYSTM1,0.017396092
3251_GABBR1_P2_ENSG00000204681,GABBR1,0.01739385
7658_SART1_P1P2_ENSG00000175467,SART1,0.017385932
2669_EPHX1_P1P2_ENSG00000143819,EPHX1,0.017385092
1110_MPIG6B_P1P2_ENSG00000204420,MPIG6B,0.017380433
8142_SMARCA4_P1P2_ENSG00000127616,SMARCA4,0.017379645
10325_ZNF385B_P1P2_ENSG00000144331,ZNF385B,0.017374955
8186_SMPD2_P1P2_ENSG00000135587,SMPD2,0.01737139
7584_RTEL1_P1P2_ENSG00000258366,RTEL1,0.017369725
4224_ITGAE_ENST00000263087.4_ENSG00000083457,ITGAE,0.017363412
5201_MRPL18_P1P2_ENSG00000112110,MRPL18,0.017338917
9011_TMEM161A_P1P2_ENSG00000064545,TMEM161A,0.017335638
4048_IFRD1_P2_ENSG00000006652,IFRD1,0.017333968
719_AXIN1_P1P2_ENSG00000103126,AXIN1,0.01732191
1665_CLN6_P1P2_ENSG00000128973,CLN6,0.017319797
2563_EIF4E2_P1P2_ENSG00000135930,EIF4E2,0.017303627
1181_CAPN2_P1P2_ENSG00000162909,CAPN2,0.017291477
10596_ZNF730_P1P2_ENSG00000183850,ZNF730,0.017290363
129_ADAM15_P1P2_ENSG00000143537,ADAM15,0.017289719
3037_FBXW7_ENST00000603841.1_ENSG00000109670,FBXW7,0.01728654
2134_DDX5_P1P2_ENSG00000108654,DDX5,0.017283015
3141_FOS_P2_ENSG00000170345,FOS,0.017282773
2084_DCXR_P1P2_ENSG00000169738,DCXR,0.017282642
3192_FOXR2_ENST00000339140.3_ENSG00000189299,FOXR2,0.017277827
8149_SMARCC2_P1P2_ENSG00000139613,SMARCC2,0.017276432
6892_PSTK_P1_ENSG00000179988,PSTK,0.01726172
4269_KANK2_P1P2_ENSG00000197256,KANK2,0.017258208
1592_CHP1_P1P2_ENSG00000187446,CHP1,0.017247213
6497_PNPLA8_P1P2_ENSG00000135241,PNPLA8,0.017235031
4332_KDSR_P1P2_ENSG00000119537,KDSR,0.017232832
7700_SCML4_P1P2_ENSG00000146285,SCML4,0.017228937
7307_RILP_P1P2_ENSG00000167705,RILP,0.0172268
2516_EHBP1_P1P2_ENSG00000115504,EHBP1,0.017223174
6928_PTPN23_P1P2_ENSG00000076201,PTPN23,0.017222194
8381_SPSB3_P1P2_ENSG00000162032,SPSB3,0.01722015
3235_FZD2_P1P2_ENSG00000180340,FZD2,0.017214444
9372_TSTD2_P1P2_ENSG00000136925,TSTD2,0.017212166
10279_ZNF311_P1P2_ENSG00000197935,ZNF311,0.017211206
10309_ZNF354A_P1P2_ENSG00000169131,ZNF354A,0.017206252
3955_HSD17B8_P1P2_ENSG00000204228,HSD17B8,0.01720579
1376_CD69_P1P2_ENSG00000110848,CD69,0.017202852
9719_VEGFB_P1P2_ENSG00000173511,VEGFB,0.0172017
556_ARVCF_P2_ENSG00000099889,ARVCF,0.017198043
8199_SNAI2_P1P2_ENSG00000019549,SNAI2,0.017196026
9597_UNG_P1P2_ENSG00000076248,UNG,0.017188096
7581_RSU1_P1P2_ENSG00000148484,RSU1,0.017177846
3911_HOXC11_P1P2_ENSG00000123388,HOXC11,0.017175468
8961_TM9SF3_P1P2_ENSG00000077147,TM9SF3,0.017149089
8960_TM9SF2_P1P2_ENSG00000125304,TM9SF2,0.017135128
4218_ISYNA1_P1P2_ENSG00000105655,ISYNA1,0.017133176
855_BMI1_P1P2_ENSG00000168283,BMI1,0.017124936
8531_STOML2_P1P2_ENSG00000165283,STOML2,0.017122628
10649_ZNF804B_P1P2_ENSG00000182348,ZNF804B,0.017120486
11076_non-targeting_non-targeting_non-targeting,non-targeting,0.017117249
5945_OPA3_P1_ENSG00000125741,OPA3,0.017109182
9233_TRAF7_P2_ENSG00000131653,TRAF7,0.017105585
8487_STARD10_P1P2_ENSG00000214530,STARD10,0.01710077
5303_MTCH1_P1P2_ENSG00000137409,MTCH1,0.017093986
3783_HIST1H4J_P1P2_ENSG00000197238,HIST1H4J,0.017086618
10978_non-targeting_non-targeting_non-targeting,non-targeting,0.017081417
2738_ESRRA_P1P2_ENSG00000173153,ESRRA,0.017073125
3226_FUT11_P1P2_ENSG00000196968,FUT11,0.017068435
2256_DMRT1_P1P2_ENSG00000137090,DMRT1,0.017066443
1324_CCNDBP1_P1P2_ENSG00000166946,CCNDBP1,0.0170645
2040_DBNDD2_P2_ENSG00000244274,DBNDD2,0.017063765
5039_MGAT5_P1P2_ENSG00000152127,MGAT5,0.017058462
8016_SLC25A6_P1_ENSG00000169100,SLC25A6,0.017052226
6683_PPP2R2A_P1P2_ENSG00000221914,PPP2R2A,0.017049294
8943_TLCD1_P1P2_ENSG00000160606,TLCD1,0.017042603
5978_OSBPL3_P1P2_ENSG00000070882,OSBPL3,0.017035749
9935_YIPF6_P1P2_ENSG00000181704,YIPF6,0.017033132
1242_CCDC107_P1P2_ENSG00000159884,CCDC107,0.01703164
10320_ZNF382_P1P2_ENSG00000161298,ZNF382,0.017030442
5757_NOTUM_P1P2_ENSG00000185269,NOTUM,0.017026203
9458_TXNL4B_P1P2_ENSG00000140830,TXNL4B,0.017020907
3943_HS3ST3B1_P1P2_ENSG00000125430,HS3ST3B1,0.017011685
8141_SMARCA2_P1P2_ENSG00000080503,SMARCA2,0.017011592
141_ADAT3_P1_ENSG00000213638,ADAT3,0.016999569
5694_NKX2-5_P1P2_ENSG00000183072,NKX2-5,0.01699899
8207_SNAPC3_P1P2_ENSG00000164975,SNAPC3,0.016983164
4174_IQGAP3_P1P2_ENSG00000183856,IQGAP3,0.016981898
8435_SRSF5_P1P2_ENSG00000100650,SRSF5,0.016981682
7131_RAVER1_P2_ENSG00000161847,RAVER1,0.01697473
8567_STYXL1_P1P2_ENSG00000127952,STYXL1,0.01696951
1810_COX17_P1P2_ENSG00000138495,COX17,0.016968327
742_BABAM1_P1P2_ENSG00000105393,BABAM1,0.016967552
9878_WSB1_P1P2_ENSG00000109046,WSB1,0.016963154
8678_TAMM41_P1P2_ENSG00000144559,TAMM41,0.016959393
6220_PET100_P1P2_ENSG00000229833,PET100,0.01694392
7058_RACGAP1_P1P2_ENSG00000161800,RACGAP1,0.01693498
2958_FAM98C_P1P2_ENSG00000130244,FAM98C,0.016899146
783_BCAP31_P1P2_ENSG00000185825,BCAP31,0.01688702
11155_non-targeting_non-targeting_non-targeting,non-targeting,0.016886989
8283_SOX15_P1P2_ENSG00000129194,SOX15,0.0168776
2324_DOCK6_P1P2_ENSG00000130158,DOCK6,0.016876327
5226_MRPL43_P1P2_ENSG00000055950,MRPL43,0.016872931
4999_METTL22_P1P2_ENSG00000067365,METTL22,0.016864156
5018_MFF_P1P2_ENSG00000168958,MFF,0.01686283
4791_MANBAL_P1P2_ENSG00000101363,MANBAL,0.01686177
374_AP2A2_P1P2_ENSG00000183020,AP2A2,0.016857112
717_AVL9_P1P2_ENSG00000105778,AVL9,0.016856145
4463_KPNA6_P1P2_ENSG00000025800,KPNA6,0.016853455
517_ARL6IP6_P1P2_ENSG00000177917,ARL6IP6,0.016843252
7436_RPL13A_P2_ENSG00000142541,RPL13A,0.016807124
1071_C2CD2L_P1_ENSG00000172375,C2CD2L,0.016799664
1871_CREM_ENST00000395895.2_ENSG00000095794,CREM,0.016786674
4410_KLF12_P1P2_ENSG00000118922,KLF12,0.016786616
5859_NUDCD2_P1P2_ENSG00000170584,NUDCD2,0.016784094
1443_CDK9_P1P2_ENSG00000136807,CDK9,0.016783152
9797_RCC1L_P1P2_ENSG00000274523,RCC1L,0.016772365
5968_ORC4_P1P2_ENSG00000115947,ORC4,0.016766563
4142_INSM1_P1P2_ENSG00000173404,INSM1,0.016762003
5708_NME1-NME2_P1P2_nan,NME1-NME2,0.016757505
3337_GEMIN6_P1P2_ENSG00000152147,GEMIN6,0.016755247
10104_ZFR_P1P2_ENSG00000056097,ZFR,0.016754804
1726_CNPY2_P1P2_ENSG00000257727,CNPY2,0.016750786
7253_RFNG_P1P2_ENSG00000169733,RFNG,0.016743397
3868_HNRNPH3_P1P2_ENSG00000096746,HNRNPH3,0.016737515
609_ATF6B_P1P2_ENSG00000213676,ATF6B,0.016710369
9555_UBXN2A_P1_ENSG00000173960,UBXN2A,0.0167083
8508_STIM2_P1P2_ENSG00000109689,STIM2,0.016702935
10735_ZUP1_P1P2_ENSG00000153975,ZUP1,0.016702896
5286_MSL2_P1P2_ENSG00000174579,MSL2,0.01669835
6042_PAIP2_P1P2_ENSG00000120727,PAIP2,0.0166906
4902_MCM5_P1P2_ENSG00000100297,MCM5,0.016683107
63_ACAA1_P1P2_ENSG00000060971,ACAA1,0.016683076
514_ARL6IP1_P2_ENSG00000170540,ARL6IP1,0.016681686
193_AGPAT1_P2_ENSG00000204310,AGPAT1,0.016676048
6672_PPP1R3D_P1P2_ENSG00000132825,PPP1R3D,0.016674833
1790_COQ10B_P1P2_ENSG00000115520,COQ10B,0.01667026
3480_GOT1_P1P2_ENSG00000120053,GOT1,0.016665723
5025_MFSD11_P1P2_ENSG00000092931,MFSD11,0.016665116
5178_MPV17L2_P1P2_ENSG00000254858,MPV17L2,0.016660197
10085_ZFP36L2_P1P2_ENSG00000152518,ZFP36L2,0.016651666
2634_EN2_P1P2_ENSG00000164778,EN2,0.016649477
1829_CPEB4_P1P2_ENSG00000113742,CPEB4,0.016640345
1805_COX10_P1P2_ENSG00000006695,COX10,0.016637161
6078_PARP4_P1P2_ENSG00000102699,PARP4,0.016636992
188_AGL_P1P2_ENSG00000162688,AGL,0.016633531
10622_ZNF773_P1P2_ENSG00000152439,ZNF773,0.01663315
10245_ZNF263_P1_ENSG00000006194,ZNF263,0.016631844
1372_CD59_P2_ENSG00000085063,CD59,0.016629826
4320_KDM2B_ENST00000377069.4_ENSG00000089094,KDM2B,0.016628867
8472_ST6GAL1_P1_ENSG00000073849,ST6GAL1,0.016626943
3995_HYAL2_P1_ENSG00000068001,HYAL2,0.016622957
5336_MTMR4_P1_ENSG00000108389,MTMR4,0.016621431
9449_TXNDC12_P1P2_ENSG00000117862,TXNDC12,0.016620146
9499_UBE2D4_P1P2_ENSG00000078967,UBE2D4,0.016620116
4087_IKZF5_P1P2_ENSG00000095574,IKZF5,0.016611854
8631_SYPL2_P1P2_ENSG00000143028,SYPL2,0.016606705
1947_CTSD_P1P2_ENSG00000117984,CTSD,0.01660377
7933_SIX3_P1P2_ENSG00000138083,SIX3,0.016588736
5263_MRPS34_P1P2_ENSG00000074071,MRPS34,0.016588338
9198_TPD52L1_P1P2_ENSG00000111907,TPD52L1,0.016584618
8933_TIPIN_P1P2_ENSG00000075131,TIPIN,0.016566256
1164_CAMK2G_P1P2_ENSG00000148660,CAMK2G,0.01655263
7363_RNF169_P1P2_ENSG00000166439,RNF169,0.016549777
3562_GSTP1_P1P2_ENSG00000084207,GSTP1,0.01654695
202_AHCYL1_P1_ENSG00000168710,AHCYL1,0.016542083
3414_GM2A_P1P2_ENSG00000196743,GM2A,0.016539738
2953_FAM92A_P1P2_ENSG00000188343,FAM92A,0.016533451
5815_NRL_P2_ENSG00000129535,NRL,0.016531546
5014_MEX3C_P1P2_ENSG00000176624,MEX3C,0.01652984
424_APRT_P1P2_ENSG00000198931,APRT,0.01652594
998_C16orf87_P1P2_ENSG00000155330,C16orf87,0.016512759
7340_RNF115_P1P2_ENSG00000265491,RNF115,0.016511425
9149_TNPO2_P2_ENSG00000105576,TNPO2,0.016503787
11200_non-targeting_non-targeting_non-targeting,non-targeting,0.016502835
6253_PGAP2_P2_ENSG00000148985,PGAP2,0.016500663
10197_ZNF19_P1P2_ENSG00000157429,ZNF19,0.016499044
10645_ZNF79_P1P2_ENSG00000196152,ZNF79,0.016497852
1985_CXorf56_P1P2_ENSG00000018610,CXorf56,0.016495897
3111_FLNC_P1P2_ENSG00000128591,FLNC,0.016491732
9657_USP3_P1P2_ENSG00000140455,USP3,0.01649092
10400_ZNF497_P1P2_ENSG00000174586,ZNF497,0.016487425
10460_ZNF571_P1P2_ENSG00000180479,ZNF571,0.016487388
11151_non-targeting_non-targeting_non-targeting,non-targeting,0.01648159
9532_UBL3_P1P2_ENSG00000122042,UBL3,0.016480528
738_B4GALT5_P1P2_ENSG00000158470,B4GALT5,0.016477063
2476_EDEM1_P1P2_ENSG00000134109,EDEM1,0.016460195
4671_LRRC59_P1_ENSG00000108829,LRRC59,0.016455723
"4861_MAST4_ENST00000403625.2,ENST00000404260.3_ENSG00000069020",MAST4,0.016454801
9133_TNFSF9_P1P2_ENSG00000125657,TNFSF9,0.01645442
7616_RYBP_P1P2_ENSG00000163602,RYBP,0.016453672
3237_FZD5_P1P2_ENSG00000163251,FZD5,0.016443143
6387_PITX3_P1P2_ENSG00000107859,PITX3,0.016438557
7124_RASGRP2_P2_ENSG00000068831,RASGRP2,0.016435932
7973_SLC19A2_P1P2_ENSG00000117479,SLC19A2,0.01643025
4629_LPCAT1_P2_ENSG00000153395,LPCAT1,0.01642834
5230_MRPL47_P1P2_ENSG00000136522,MRPL47,0.016426615
5191_MRI1_P1P2_ENSG00000037757,MRI1,0.01641994
984_C15orf39_P1P2_ENSG00000167173,C15orf39,0.016412815
7309_RING1_P1P2_ENSG00000204227,RING1,0.01640802
2409_DUSP3_P1P2_ENSG00000108861,DUSP3,0.016407171
2298_DNAJC30_P1P2_ENSG00000176410,DNAJC30,0.016404277
1704_CNBP_P1P2_ENSG00000169714,CNBP,0.016400078
6136_PCNP_P1P2_ENSG00000081154,PCNP,0.016390722
2229_DIRAS1_P1P2_ENSG00000176490,DIRAS1,0.016389936
8638_SZT2_P1P2_ENSG00000198198,SZT2,0.016389169
2445_E2F8_P1P2_ENSG00000129173,E2F8,0.01638453
5170_MPND_P1P2_ENSG00000008382,MPND,0.016383344
6644_PPM1K_P1P2_ENSG00000163644,PPM1K,0.016378382
3862_HNRNPDL_P1P2_ENSG00000152795,HNRNPDL,0.016377311
10418_ZNF519_P1P2_ENSG00000175322,ZNF519,0.016367698
2648_ENPP3_P1_ENSG00000154269,ENPP3,0.016367294
10206_ZNF211_P1P2_ENSG00000121417,ZNF211,0.016359823
5862_NUDT12_P1P2_ENSG00000112874,NUDT12,0.01635359
8421_SRPK2_P2_ENSG00000135250,SRPK2,0.01634293
7969_SLC16A9_P1P2_ENSG00000165449,SLC16A9,0.016330013
4596_LIN7B_P1P2_ENSG00000104863,LIN7B,0.016322607
6251_PGAM5_P1P2_ENSG00000247077,PGAM5,0.016319511
3126_FNDC3A_ENST00000492622.2_ENSG00000102531,FNDC3A,0.016313292
3223_FURIN_P2_ENSG00000140564,FURIN,0.016305605
5616_NEUROG2_P1P2_ENSG00000178403,NEUROG2,0.016300306
3609_GYPE_P1P2_ENSG00000197465,GYPE,0.0162998
6372_PIP4K2C_P1P2_ENSG00000166908,PIP4K2C,0.016298898
9978_ZBTB20_P1_ENSG00000181722,ZBTB20,0.016292952
10865_non-targeting_non-targeting_non-targeting,non-targeting,0.016284114
2424_DYNC1LI2_P1P2_ENSG00000135720,DYNC1LI2,0.016283272
6359_PIK3R2_P2_ENSG00000105647,PIK3R2,0.016282037
8325_SPATA5L1_P1P2_ENSG00000171763,SPATA5L1,0.016277542
3691_HEMK1_P1P2_ENSG00000114735,HEMK1,0.016276248
6778_PRMT5_P2_ENSG00000100462,PRMT5,0.016268319
11321_non-targeting_non-targeting_non-targeting,non-targeting,0.016265808
7244_REXO4_P1P2_ENSG00000148300,REXO4,0.016264366
1460_CDX1_P1P2_ENSG00000113722,CDX1,0.016263362
10240_ZNF254_ENST00000357002.4_ENSG00000213096,ZNF254,0.01626098
4063_IGF1R_P2_ENSG00000140443,IGF1R,0.016254757
9664_USP47_P1P2_ENSG00000170242,USP47,0.016253367
459_ARHGAP17_P1P2_ENSG00000140750,ARHGAP17,0.016252315
3505_GPR107_P1P2_ENSG00000148358,GPR107,0.016249761
10588_ZNF71_P1P2_ENSG00000197951,ZNF71,0.01622778
8610_SUZ12_P1P2_ENSG00000178691,SUZ12,0.016227286
4509_LAMTOR5_P1P2_ENSG00000134248,LAMTOR5,0.016226405
6505_POC5_P1P2_ENSG00000152359,POC5,0.016207278
3057_FEN1_P1P2_ENSG00000168496,FEN1,0.016206212
2495_EFHD1_P1P2_ENSG00000115468,EFHD1,0.016201993
1246_CCDC116_P1P2_ENSG00000161180,CCDC116,0.016191015
10419_ZNF521_P1P2_ENSG00000198795,ZNF521,0.01618872
564_ASB13_P1P2_ENSG00000196372,ASB13,0.016183887
9283_TRIM59_P1P2_ENSG00000213186,TRIM59,0.016178796
9112_TMSB4X_P1_ENSG00000205542,TMSB4X,0.016171949
5535_NDUFA2_P1P2_ENSG00000131495,NDUFA2,0.016167665
2361_DPPA2_P1P2_ENSG00000163530,DPPA2,0.016158449
2644_ENOPH1_P1P2_ENSG00000145293,ENOPH1,0.016148036
4221_ITFG2_P1P2_ENSG00000111203,ITFG2,0.016141795
9350_TSPAN14_P1P2_ENSG00000108219,TSPAN14,0.016126357
1094_C4orf46_P1P2_ENSG00000205208,C4orf46,0.016119657
8918_TIMM17B_P1P2_ENSG00000126768,TIMM17B,0.016117658
3015_FBXO34_P1P2_ENSG00000178974,FBXO34,0.01611091
10135_ZMAT2_P2_ENSG00000146007,ZMAT2,0.016108546
9727_VILL_P2_ENSG00000136059,VILL,0.016100915
4064_IGF1_P1P2_ENSG00000017427,IGF1,0.016097827
3306_GBA_P2_ENSG00000177628,GBA,0.01609429
2597_ELMSAN1_P1_ENSG00000156030,ELMSAN1,0.016079737
2860_FAM13B_P1P2_ENSG00000031003,FAM13B,0.016066836
4394_KIF4A_P1P2_ENSG00000090889,KIF4A,0.016065912
6321_PIAS2_P2_ENSG00000078043,PIAS2,0.016065523
9248_TRAPPC3_P1P2_ENSG00000054116,TRAPPC3,0.016064063
9810_WDR24_P1P2_ENSG00000127580,WDR24,0.016063752
2998_FBXL4_P1P2_ENSG00000112234,FBXL4,0.016059585
8606_SUSD1_P1P2_ENSG00000106868,SUSD1,0.016038315
302_ANAPC11_P1P2_ENSG00000141552,ANAPC11,0.016034747
4049_IFRD1_P1_ENSG00000006652,IFRD1,0.016033635
5783_NR1H3_P1_ENSG00000025434,NR1H3,0.016028875
2660_EPB41L2_P1P2_ENSG00000079819,EPB41L2,0.016025115
4348_ECPAS_P1P2_ENSG00000136813,ECPAS,0.01601351
347_ANKS3_P1P2_ENSG00000168096,ANKS3,0.016012575
7660_SASS6_P1P2_ENSG00000156876,SASS6,0.016012514
2560_EIF4A2_P2_ENSG00000156976,EIF4A2,0.016012195
1795_COQ6_P1P2_ENSG00000119723,COQ6,0.01600292
1145_CABIN1_P1P2_ENSG00000099991,CABIN1,0.015998889
8250_SNX25_P1P2_ENSG00000109762,SNX25,0.015993353
11203_non-targeting_non-targeting_non-targeting,non-targeting,0.01599198
9045_TMEM218_P1P2_ENSG00000150433,TMEM218,0.015991708
7082_RALA_P1P2_ENSG00000006451,RALA,0.01598624
9299_TRIT1_P1P2_ENSG00000043514,TRIT1,0.015984956
4431_KLHDC8B_P1P2_ENSG00000185909,KLHDC8B,0.015983528
4768_MAGEC2_P1P2_ENSG00000046774,MAGEC2,0.015977614
9470_TYW5_P1P2_ENSG00000162971,TYW5,0.015970824
4644_LRG1_P1P2_ENSG00000171236,LRG1,0.01596867
2834_FAM114A2_P1P2_ENSG00000055147,FAM114A2,0.015967863
11278_non-targeting_non-targeting_non-targeting,non-targeting,0.015967822
854_BLZF1_P1P2_ENSG00000117475,BLZF1,0.015962133
2551_EIF3G_P1P2_ENSG00000130811,EIF3G,0.015958553
6846_PSMA6_P1P2_ENSG00000100902,PSMA6,0.015957065
9720_VENTX_P1P2_ENSG00000151650,VENTX,0.015953276
587_ASNS_P1P2_ENSG00000070669,ASNS,0.015952148
221_AIMP2_P1P2_ENSG00000106305,AIMP2,0.015949376
8983_TMEM106C_P1P2_ENSG00000134291,TMEM106C,0.015937421
10244_ZNF260_P1P2_ENSG00000254004,ZNF260,0.015935699
8799_TDG_P1P2_ENSG00000139372,TDG,0.01593327
1909_CSRNP2_P1P2_ENSG00000110925,CSRNP2,0.015917286
6389_PJA2_P1P2_ENSG00000198961,PJA2,0.015915977
6226_PEX14_P1P2_ENSG00000142655,PEX14,0.015915975
1959_CUEDC2_P1P2_ENSG00000107874,CUEDC2,0.015906703
2835_FAM117A_P1_ENSG00000121104,FAM117A,0.01590546
1111_C6orf47_P1P2_ENSG00000204439,C6orf47,0.015897324
9336_TSEN15_P1P2_ENSG00000198860,TSEN15,0.015895745
7373_RNF207_P2_ENSG00000158286,RNF207,0.015894907
6187_PDLIM2_P2_ENSG00000120913,PDLIM2,0.015889531
6173_PDF_P1P2_ENSG00000258429,PDF,0.015886799
1092_C4orf36_P2_ENSG00000163633,C4orf36,0.015882654
4617_LMNB1_P1P2_ENSG00000113368,LMNB1,0.015882371
8908_TIGD3_P1P2_ENSG00000173825,TIGD3,0.015877575
70_ACADSB_P1P2_ENSG00000196177,ACADSB,0.015874779
8358_SPIDR_P1P2_ENSG00000164808,SPIDR,0.015873114
417_APOL2_P1P2_ENSG00000128335,APOL2,0.015865462
6330_PIGA_P1P2_ENSG00000165195,PIGA,0.015840895
4581_LIMA1_P1_ENSG00000050405,LIMA1,0.01583737
8491_STARD7_P1P2_ENSG00000084090,STARD7,0.0158311
"5475_NAV1_ENST00000295624.6,ENST00000367296.4_ENSG00000134369",NAV1,0.015830051
6741_PRELID1_P1P2_ENSG00000169230,PRELID1,0.015821192
1052_C1orf53_P1P2_ENSG00000203724,C1orf53,0.01580513
1916_CSTF2T_P1P2_ENSG00000177613,CSTF2T,0.015804807
4688_LSM14A_P1P2_ENSG00000257103,LSM14A,0.015803052
10329_ZNF394_P1P2_ENSG00000160908,ZNF394,0.015802894
8665_TAF5L_P1P2_ENSG00000135801,TAF5L,0.015799198
8586_SUMF2_P2_ENSG00000129103,SUMF2,0.015795961
5121_MMACHC_P1P2_ENSG00000132763,MMACHC,0.015789712
10392_ZNF488_P1_ENSG00000265763,ZNF488,0.015788123
1193_CARHSP1_P1P2_ENSG00000153048,CARHSP1,0.015776293
2373_DRG1_P1P2_ENSG00000185721,DRG1,0.015775466
9599_UNK_P1P2_ENSG00000132478,UNK,0.015757287
9368_EIPR1_P1P2_ENSG00000032389,EIPR1,0.015743822
2137_DECR1_P1P2_ENSG00000104325,DECR1,0.015743718
65_ACACA_P1P2_ENSG00000278540,ACACA,0.015742866
5952_OR2T29_ENST00000328570.3_ENSG00000182783,OR2T29,0.015737804
7543_RPUSD1_P1_ENSG00000007376,RPUSD1,0.015729569
8139_SMAP2_P1_ENSG00000084070,SMAP2,0.015721355
10754_non-targeting_non-targeting_non-targeting,non-targeting,0.015719905
830_BHLHE40_P1P2_ENSG00000134107,BHLHE40,0.015718527
5660_NGLY1_P1P2_ENSG00000151092,NGLY1,0.015718356
1687_CLU_P1_ENSG00000120885,CLU,0.01571068
5394_MYO16_ENST00000356711.2_ENSG00000041515,MYO16,0.015709214
1945_CTSB_P1P2_ENSG00000164733,CTSB,0.01569765
11001_non-targeting_non-targeting_non-targeting,non-targeting,0.015695987
9778_VWA8_P1P2_ENSG00000102763,VWA8,0.015685512
1797_COQ9_P1P2_ENSG00000088682,COQ9,0.015683597
3516_GPRIN1_P1P2_ENSG00000169258,GPRIN1,0.015677305
8878_THAP5_P1P2_ENSG00000177683,THAP5,0.015674809
921_BTBD3_P1P2_ENSG00000132640,BTBD3,0.015668685
9989_ZBTB37_P1P2_ENSG00000185278,ZBTB37,0.015668616
4245_JAG2_P1P2_ENSG00000184916,JAG2,0.015664525
11277_non-targeting_non-targeting_non-targeting,non-targeting,0.015638065
4405_KLC2_P1P2_ENSG00000174996,KLC2,0.015637662
8319_SPARC_P1P2_ENSG00000113140,SPARC,0.015637046
671_ATP6AP2_P1P2_ENSG00000182220,ATP6AP2,0.015634507
8265_SOCS4_P1P2_ENSG00000180008,SOCS4,0.015621705
7326_RMND5B_P1P2_ENSG00000145916,RMND5B,0.015620782
10632_ZNF782_P1P2_ENSG00000196597,ZNF782,0.01561202
4706_LTBP3_P1P2_ENSG00000168056,LTBP3,0.015587132
5824_NSFL1C_P1P2_ENSG00000088833,NSFL1C,0.01558444
4397_KIFAP3_P1P2_ENSG00000075945,KIFAP3,0.015576032
414_APOBR_P2_ENSG00000184730,APOBR,0.0155648785
3854_HNF4G_P2_ENSG00000164749,HNF4G,0.015557237
3996_HYAL2_P2_ENSG00000068001,HYAL2,0.015556194
6518_POLD4_P1P2_ENSG00000175482,POLD4,0.015551385
10574_ZNF706_P1P2_ENSG00000120963,ZNF706,0.015545452
4325_KDM4B_P1P2_ENSG00000127663,KDM4B,0.015544163
1050_C1orf50_P1P2_ENSG00000164008,C1orf50,0.01553575
10830_non-targeting_non-targeting_non-targeting,non-targeting,0.015522415
3583_GTF3A_P1P2_ENSG00000122034,GTF3A,0.015519256
5440_NACA2_P1P2_ENSG00000253506,NACA2,0.015518082
5344_MTRNR2L1_P1P2_ENSG00000256618,MTRNR2L1,0.015517951
3970_HSPA13_P1P2_ENSG00000155304,HSPA13,0.0155127
5471_NAT14_P1P2_ENSG00000090971,NAT14,0.015508997
1997_CYBA_P1P2_ENSG00000051523,CYBA,0.015506563
8128_SLX4IP_P1P2_ENSG00000149346,SLX4IP,0.015504768
6172_PDE8A_P1_ENSG00000073417,PDE8A,0.015502146
1720_CNOT6L_P1P2_ENSG00000138767,CNOT6L,0.015496207
6140_PCOLCE2_P1P2_ENSG00000163710,PCOLCE2,0.015475206
3443_GNG7_P1P2_ENSG00000176533,GNG7,0.015471116
7875_SH3BGR_P1_ENSG00000185437,SH3BGR,0.015469291
768_BATF_P1P2_ENSG00000156127,BATF,0.015454514
10044_ZDHHC16_P1P2_ENSG00000171307,ZDHHC16,0.0154421665
2384_DSTYK_P1P2_ENSG00000133059,DSTYK,0.01543776
10851_non-targeting_non-targeting_non-targeting,non-targeting,0.015435113
732_B4GALNT1_P1P2_ENSG00000135454,B4GALNT1,0.015433477
27_ABCC1_P1P2_ENSG00000103222,ABCC1,0.015432982
6027_PACRGL_P1P2_ENSG00000163138,PACRGL,0.015432449
7896_SHMT1_P1P2_ENSG00000176974,SHMT1,0.015421036
5059_MICB_P2_ENSG00000204516,MICB,0.0154187465
4818_MAP4K3_P1P2_ENSG00000011566,MAP4K3,0.015418611
4845_MARCH5_P1P2_ENSG00000198060,MARCH5,0.015405121
5687_NKTR_P1P2_ENSG00000114857,NKTR,0.015399062
9255_TREML2_P1P2_ENSG00000112195,TREML2,0.015391482
7704_SCOC_P1P2_ENSG00000153130,SCOC,0.0153867435
509_ARL4A_P1P2_ENSG00000122644,ARL4A,0.015386719
6735_PRDX2_P1P2_ENSG00000167815,PRDX2,0.01538489
11144_non-targeting_non-targeting_non-targeting,non-targeting,0.015376446
3266_GALM_P1P2_ENSG00000143891,GALM,0.015374428
5398_MYO1C_P2_ENSG00000197879,MYO1C,0.015358433
4862_MASTL_P1P2_ENSG00000120539,MASTL,0.0153570855
674_ATP6V0B_P1P2_ENSG00000117410,ATP6V0B,0.01535654
1042_C1orf174_P1P2_ENSG00000198912,C1orf174,0.015356411
"10728_ZSCAN5A_ENST00000391713.1,ENST00000592355.1_ENSG00000131848",ZSCAN5A,0.015341019
10886_non-targeting_non-targeting_non-targeting,non-targeting,0.015335303
7021_RAB2B_P1P2_ENSG00000129472,RAB2B,0.015328192
1628_CKAP5_P1_ENSG00000175216,CKAP5,0.015317491
3809_HLA-C_P1P2_ENSG00000204525,HLA-C,0.015316689
2454_EBF3_P1P2_ENSG00000108001,EBF3,0.015313285
10648_ZNF804A_P1P2_ENSG00000170396,ZNF804A,0.015311186
9376_TTC13_P1P2_ENSG00000143643,TTC13,0.015302375
8753_TBX22_P1P2_ENSG00000122145,TBX22,0.015298538
9402_TTLL3_P1P2_ENSG00000214021,TTLL3,0.015295447
9315_TRMT6_P1P2_ENSG00000089195,TRMT6,0.01528331
8981_TMEM101_P1P2_ENSG00000091947,TMEM101,0.015280756
225_AK2_P1P2_ENSG00000004455,AK2,0.015277198
9249_TRAPPC4_P1P2_ENSG00000196655,TRAPPC4,0.015276046
4040_IFI35_P1P2_ENSG00000068079,IFI35,0.015273051
9884_WWP1_P1P2_ENSG00000123124,WWP1,0.015273015
11123_non-targeting_non-targeting_non-targeting,non-targeting,0.015267032
4417_KLF2_P1P2_ENSG00000127528,KLF2,0.015264232
10946_non-targeting_non-targeting_non-targeting,non-targeting,0.015247885
3737_HIPK2_P1P2_ENSG00000064393,HIPK2,0.015245912
8441_SRXN1_P1P2_ENSG00000271303,SRXN1,0.015245709
4043_IFITM3_P1P2_ENSG00000142089,IFITM3,0.015240128
5828_NSMCE1_P1P2_ENSG00000169189,NSMCE1,0.015234364
8716_TBC1D28_ENST00000405044.1_ENSG00000189375,TBC1D28,0.015222081
3912_HOXC12_P1P2_ENSG00000123407,HOXC12,0.015217619
7635_SAFB2_P1P2_ENSG00000130254,SAFB2,0.015213346
7860_SGPL1_P1P2_ENSG00000166224,SGPL1,0.015211583
2139_DEDD2_P1_ENSG00000160570,DEDD2,0.015210433
5353_MUTYH_P1P2_ENSG00000132781,MUTYH,0.015202991
39_ABHD11_P1P2_ENSG00000106077,ABHD11,0.015193117
7857_SGMS1_P1P2_ENSG00000198964,SGMS1,0.015191193
9991_ZBTB38_P1_ENSG00000177311,ZBTB38,0.015189436
8704_TBC1D10A_P1P2_ENSG00000099992,TBC1D10A,0.0151760485
4275_KAT2B_P1P2_ENSG00000114166,KAT2B,0.015164632
3700_HES3_P1P2_ENSG00000173673,HES3,0.015164074
4646_LRIG2_P1P2_ENSG00000198799,LRIG2,0.015163792
9528_UBE4A_P1P2_ENSG00000110344,UBE4A,0.015162059
5139_MOCOS_P1P2_ENSG00000075643,MOCOS,0.015158716
4562_LGALS8_P1P2_ENSG00000116977,LGALS8,0.015157581
5245_MRPS15_P1P2_ENSG00000116898,MRPS15,0.015156329
3767_HIST1H2BK_P1P2_ENSG00000197903,HIST1H2BK,0.015150519
8956_TM7SF2_P1P2_ENSG00000149809,TM7SF2,0.015147254
6982_QDPR_P1P2_ENSG00000151552,QDPR,0.01514721
1427_CDK17_P1P2_ENSG00000059758,CDK17,0.01514677
10550_ZNF682_P1P2_ENSG00000197124,ZNF682,0.015144625
2387_DTD1_P1P2_ENSG00000125821,DTD1,0.015141181
2663_EPB41_P2_ENSG00000159023,EPB41,0.0151399365
3189_FOXP4_P1P2_ENSG00000137166,FOXP4,0.015126485
1675_CLPTM1_P1P2_ENSG00000104853,CLPTM1,0.015119865
745_BAD_P1P2_ENSG00000002330,BAD,0.015119381
1750_COL2A1_P1P2_ENSG00000139219,COL2A1,0.015119068
2024_DALRD3_P2_ENSG00000178149,DALRD3,0.0151130585
6_AAK1_P1P2_ENSG00000115977,AAK1,0.015111952
300_AMZ2_P1P2_ENSG00000196704,AMZ2,0.015111355
10894_non-targeting_non-targeting_non-targeting,non-targeting,0.015110853
8809_TECR_P1P2_ENSG00000099797,TECR,0.015109041
8550_STX16_P1P2_ENSG00000124222,STX16,0.015108608
1924_CTBP2_P1P2_ENSG00000175029,CTBP2,0.015107926
10954_non-targeting_non-targeting_non-targeting,non-targeting,0.015083602
588_ASPH_P1P2_ENSG00000198363,ASPH,0.0150815835
7679_SCAMP1_P1P2_ENSG00000085365,SCAMP1,0.015079893
77_ACBD3_P1P2_ENSG00000182827,ACBD3,0.015079805
9251_TRAPPC6A_P1P2_ENSG00000007255,TRAPPC6A,0.015075368
154_ADIPOR1_P1P2_ENSG00000159346,ADIPOR1,0.015069637
4870_MAVS_P2_ENSG00000088888,MAVS,0.015053135
7827_SET_P1P2_ENSG00000119335,SET,0.015047407
10674_ZNF845_P1P2_ENSG00000213799,ZNF845,0.015046806
780_BBS7_P1P2_ENSG00000138686,BBS7,0.015046455
9371_TSTA3_P1P2_ENSG00000104522,TSTA3,0.0150443725
8015_SLC25A6_P2_ENSG00000169100,SLC25A6,0.015043874
7315_RIPK1_P1_ENSG00000137275,RIPK1,0.015041641
8709_TBC1D15_P1P2_ENSG00000121749,TBC1D15,0.015039369
9351_TSPAN17_P1P2_ENSG00000048140,TSPAN17,0.015037748
9202_TPI1_P1P2_ENSG00000111669,TPI1,0.015030032
10682_ZNF860_P1P2_ENSG00000197385,ZNF860,0.015026725
269_ALG2_P1P2_ENSG00000119523,ALG2,0.015023154
8279_SOX11_P1P2_ENSG00000176887,SOX11,0.015021917
10536_ZNF667_P1P2_ENSG00000198046,ZNF667,0.015017349
6648_PPP1CA_P1_ENSG00000172531,PPP1CA,0.015017228
7055_RAC1_P1P2_ENSG00000136238,RAC1,0.015014635
28_ABCC4_P1P2_ENSG00000125257,ABCC4,0.015013198
5682_NIT2_P1P2_ENSG00000114021,NIT2,0.0150092095
10078_ZFP14_P1P2_ENSG00000142065,ZFP14,0.015006452
8800_TDP1_P1P2_ENSG00000042088,TDP1,0.015003801
6705_PPT1_P1P2_ENSG00000131238,PPT1,0.015003751
10527_ZNF652_P1P2_ENSG00000198740,ZNF652,0.015003116
6014_P2RX1_P1P2_ENSG00000108405,P2RX1,0.014994371
3908_HOXB8_P2_ENSG00000120068,HOXB8,0.014992366
2550_EIF3F_P1P2_ENSG00000175390,EIF3F,0.014986837
1128_C8orf82_P1P2_ENSG00000213563,C8orf82,0.014985896
6082_PARVB_P1P2_ENSG00000188677,PARVB,0.014984695
10732_ZSWIM1_P1P2_ENSG00000168612,ZSWIM1,0.01498121
412_APOBEC3G_P1P2_ENSG00000239713,APOBEC3G,0.014975728
4388_KIF22_P1_ENSG00000079616,KIF22,0.014975108
3359_GGT1_P1_ENSG00000286070,GGT1,0.0149598
8428_SRSF10_P1P2_ENSG00000188529,SRSF10,0.014956199
7767_SEMA4B_P1_ENSG00000185033,SEMA4B,0.01495188
5887_NUP153_P1P2_ENSG00000124789,NUP153,0.014950364
8937_TJP1_P1P2_ENSG00000104067,TJP1,0.014945811
6334_PIGG_P1P2_ENSG00000174227,PIGG,0.014942019
3957_HSDL1_P1P2_ENSG00000103160,HSDL1,0.014941187
389_AP5M1_P1P2_ENSG00000053770,AP5M1,0.014927982
1126_RBIS_P1P2_ENSG00000176731,RBIS,0.014924379
3906_HOXB7_P1P2_ENSG00000260027,HOXB7,0.014923832
1024_REX1BD_P1P2_ENSG00000006015,REX1BD,0.014904707
2073_DCTN1_P1P2_ENSG00000204843,DCTN1,0.014903884
10709_ZSCAN10_P1P2_ENSG00000130182,ZSCAN10,0.014899959
2101_DDT_ENST00000350608.3_ENSG00000099977,DDT,0.014897274
4678_LRRC8D_P2_ENSG00000171492,LRRC8D,0.01489561
1575_CHID1_P1P2_ENSG00000177830,CHID1,0.014894102
6818_PRRC1_P1P2_ENSG00000164244,PRRC1,0.0148892505
3433_GNAS_P1P2_ENSG00000087460,GNAS,0.0148890745
9731_VKORC1L1_P1P2_ENSG00000196715,VKORC1L1,0.014887486
966_C12orf4_P1P2_ENSG00000047621,C12orf4,0.014885086
11289_non-targeting_non-targeting_non-targeting,non-targeting,0.014884574
2611_EMC2_P1P2_ENSG00000104412,EMC2,0.014864295
9743_VPS18_P1P2_ENSG00000104142,VPS18,0.014861555
9298_TRIP6_P1P2_ENSG00000087077,TRIP6,0.014860384
2961_FANCB_P1P2_ENSG00000181544,FANCB,0.014858648
7859_SGO2_P1P2_ENSG00000163535,SGO2,0.014855906
3528_GRB10_P2_ENSG00000106070,GRB10,0.0148482
3793_HIST2H4A_ENST00000610125.1_ENSG00000270882,HIST2H4A,0.014847681
8095_SLC4A2_P1_ENSG00000164889,SLC4A2,0.014845665
4883_MBOAT1_P1P2_ENSG00000172197,MBOAT1,0.014830611
3109_FLNA_P1P2_ENSG00000196924,FLNA,0.014822291
5118_MLX_P1P2_ENSG00000108788,MLX,0.014820008
2297_DNAJC2_P1P2_ENSG00000105821,DNAJC2,0.01481888
9739_VPS13B_P1P2_ENSG00000132549,VPS13B,0.014817241
8398_SRD5A1_P1P2_ENSG00000145545,SRD5A1,0.0148147615
260_ALDH9A1_P1P2_ENSG00000143149,ALDH9A1,0.014801515
9769_VRK2_P1P2_ENSG00000028116,VRK2,0.014800201
625_ATG4D_P1P2_ENSG00000130734,ATG4D,0.014798843
667_ATP5PO_P1P2_ENSG00000241837,ATP5PO,0.014792962
1663_CLN3_P1P2_ENSG00000188603,CLN3,0.014792936
7633_SACS_ENST00000382298.3_ENSG00000151835,SACS,0.014790531
2208_DHX32_P1P2_ENSG00000089876,DHX32,0.014775898
6664_PPP1R18_P2_ENSG00000146112,PPP1R18,0.014764954
11324_non-targeting_non-targeting_non-targeting,non-targeting,0.014762237
380_AP3D1_P1P2_ENSG00000065000,AP3D1,0.014761265
4241_ITSN1_P1P2_ENSG00000205726,ITSN1,0.014757775
3507_GPR137_P1_ENSG00000173264,GPR137,0.014757633
8046_SLC35D1_P1P2_ENSG00000116704,SLC35D1,0.014755227
3680_HEATR5B_P1P2_ENSG00000008869,HEATR5B,0.014753906
2310_DNLZ_P1P2_ENSG00000213221,DNLZ,0.01475237
6145_PCTP_P1P2_ENSG00000141179,PCTP,0.014752243
4889_MCAM_P1P2_ENSG00000076706,MCAM,0.01474707
3167_FOXK1_P1P2_ENSG00000164916,FOXK1,0.01474534
8466_ST18_P1P2_ENSG00000147488,ST18,0.014742014
849_BLOC1S5_P1P2_ENSG00000188428,BLOC1S5,0.014736264
7975_SLC1A5_P2_ENSG00000105281,SLC1A5,0.014733334
8657_TAF1B_P1P2_ENSG00000115750,TAF1B,0.014720819
8683_TAOK1_P1P2_ENSG00000160551,TAOK1,0.014713726
8303_SP110_P1P2_ENSG00000135899,SP110,0.014713192
10521_ZNF641_P1P2_ENSG00000167528,ZNF641,0.014712256
10523_CBLL2_P1P2_ENSG00000175809,CBLL2,0.014709725
4733_LYSMD3_P1P2_ENSG00000176018,LYSMD3,0.014706907
4193_IRF6_P1P2_ENSG00000117595,IRF6,0.0147066945
2946_FAM83G_P1P2_ENSG00000188522,FAM83G,0.01470209
5313_MTFR2_P1P2_ENSG00000146410,MTFR2,0.01469368
6907_PTF1A_P1P2_ENSG00000168267,PTF1A,0.014684949
9417_TUBB4B_P1_ENSG00000188229,TUBB4B,0.014681825
10116_ZHX2_P1P2_ENSG00000178764,ZHX2,0.014680546
5801_NR4A3_P1P2_ENSG00000119508,NR4A3,0.014677541
872_BOLA2_ENST00000330978.3_ENSG00000183336,BOLA2,0.01467712
8522_STK38L_P1P2_ENSG00000211455,STK38L,0.014673878
6853_PSMB5_P1P2_ENSG00000100804,PSMB5,0.014673659
4714_LUC7L2_P2_ENSG00000146963,LUC7L2,0.014670862
4403_KIT_P1P2_ENSG00000157404,KIT,0.014664127
6047_PALB2_P1P2_ENSG00000083093,PALB2,0.014652756
2575_EIF5AL1_P1P2_ENSG00000253626,EIF5AL1,0.014647057
11062_non-targeting_non-targeting_non-targeting,non-targeting,0.014645695
5992_OSTM1_P1P2_ENSG00000081087,OSTM1,0.014638049
3814_HLF_P1_ENSG00000108924,HLF,0.01463599
8054_SLC35G1_P1P2_ENSG00000176273,SLC35G1,0.014635526
9869_WNK4_P1P2_ENSG00000126562,WNK4,0.014635374
10140_ZMIZ2_P1P2_ENSG00000122515,ZMIZ2,0.014634454
8386_SPTB_P1P2_ENSG00000070182,SPTB,0.014630515
8204_SNAP47_P1_ENSG00000143740,SNAP47,0.014628539
167_ADSL_P1P2_ENSG00000239900,ADSL,0.01462747
10196_ZNF197_P1P2_ENSG00000186448,ZNF197,0.0146260485
2147_DENND1B_P1P2_ENSG00000213047,DENND1B,0.014624022
1899_CSNK1D_P1P2_ENSG00000141551,CSNK1D,0.014619757
10575_ZNF707_P1P2_ENSG00000181135,ZNF707,0.0146195255
762_BARHL1_P1P2_ENSG00000125492,BARHL1,0.014614276
2069_DCP1A_P1P2_ENSG00000272886,DCP1A,0.014613917
5071_MIER3_P1P2_ENSG00000155545,MIER3,0.014602827
3120_FMR1_P1P2_ENSG00000102081,FMR1,0.014602789
5533_NDUFA13_P1P2_ENSG00000186010,NDUFA13,0.014598076
142_ADA_P1P2_ENSG00000196839,ADA,0.014589268
9982_ZBTB24_P1P2_ENSG00000112365,ZBTB24,0.01458833
2711_ERICH1_P1P2_ENSG00000104714,ERICH1,0.014585587
10472_ZNF580_P2_ENSG00000213015,ZNF580,0.014585329
7749_SEC31A_P2_ENSG00000138674,SEC31A,0.014584986
9887_XAGE1B_ENST00000518075.1_ENSG00000204382,XAGE1B,0.014583701
1622_CITED1_P2_ENSG00000125931,CITED1,0.014581702
7958_SLC12A4_P2_ENSG00000124067,SLC12A4,0.0145790605
9907_XRCC5_P1P2_ENSG00000079246,XRCC5,0.014578891
5633_NFE2_P1P2_ENSG00000123405,NFE2,0.014578288
10291_ZNF32_P1P2_ENSG00000169740,ZNF32,0.0145717785
9277_TRIM41_P1P2_ENSG00000146063,TRIM41,0.014569563
1656_CLINT1_P1P2_ENSG00000113282,CLINT1,0.014563768
6496_PNPLA6_P1P2_ENSG00000032444,PNPLA6,0.0145526845
1098_C5orf24_P1P2_ENSG00000181904,C5orf24,0.014547267
4798_MAP1LC3B_P1P2_ENSG00000140941,MAP1LC3B,0.01454696
11245_non-targeting_non-targeting_non-targeting,non-targeting,0.014541559
530_ARNTL2_P1P2_ENSG00000029153,ARNTL2,0.014538553
10594_ZNF728_ENST00000594710.1_ENSG00000269067,ZNF728,0.014533626
2240_DLG5_P1P2_ENSG00000151208,DLG5,0.014532635
5912_NXT1_P1P2_ENSG00000132661,NXT1,0.014529476
10352_ZNF429_P1P2_ENSG00000197013,ZNF429,0.014526304
5668_NIF3L1_P1P2_ENSG00000196290,NIF3L1,0.014524404
7008_RAB13_P1P2_ENSG00000143545,RAB13,0.014520728
563_ASAP3_P1P2_ENSG00000088280,ASAP3,0.014518908
4795_MANF_P1P2_ENSG00000145050,MANF,0.014510709
207_AHNAK_P2_ENSG00000124942,AHNAK,0.014507478
1306_CCDC90B_P1P2_ENSG00000137500,CCDC90B,0.014506942
5110_MLLT10_P1P2_ENSG00000078403,MLLT10,0.0145037575
4989_CSKMT_P1P2_ENSG00000214756,CSKMT,0.014481867
2274_DNAJA1_P1_ENSG00000086061,DNAJA1,0.014481713
3695_HERPUD1_P1P2_ENSG00000051108,HERPUD1,0.014478696
5124_MMP15_P1P2_ENSG00000102996,MMP15,0.014478364
421_COA8_P1P2_ENSG00000256053,COA8,0.014470147
2898_FAM207A_P1P2_ENSG00000160256,FAM207A,0.014462974
3388_GLE1_P1P2_ENSG00000119392,GLE1,0.014459733
10071_ZFAT_P2_ENSG00000066827,ZFAT,0.014458212
5004_METTL3_P1P2_ENSG00000165819,METTL3,0.014451317
5480_NBN_P1P2_ENSG00000104320,NBN,0.014437904
10675_ZNF846_P1P2_ENSG00000196605,ZNF846,0.014437191
7115_RARG_P2_ENSG00000172819,RARG,0.014427841
7789_SEPTIN7_P1P2_ENSG00000122545,SEPTIN7,0.014427833
4725_LYPLA2_P1P2_ENSG00000011009,LYPLA2,0.014427125
3546_GSC2_P1P2_ENSG00000063515,GSC2,0.014424755
3339_GEMIN8_P1P2_ENSG00000046647,GEMIN8,0.014418652
10398_ZNF493_P1P2_ENSG00000196268,ZNF493,0.014415629
4851_MARK2_P2_ENSG00000072518,MARK2,0.014415231
2966_FANCI_P1P2_ENSG00000140525,FANCI,0.014409023
2850_RTL8A_P1P2_ENSG00000203950,RTL8A,0.0143973995
446_ARFGAP2_P1P2_ENSG00000149182,ARFGAP2,0.014396796
4372_KIAA2013_P1P2_ENSG00000116685,KIAA2013,0.014394221
6725_PRDM16_P1P2_ENSG00000142611,PRDM16,0.014393478
6159_PDCD6_P1P2_ENSG00000249915,PDCD6,0.014371748
9697_VAMP7_P1P2_ENSG00000124333,VAMP7,0.014356829
5528_NDST1_P1P2_ENSG00000070614,NDST1,0.014354756
928_BTK_P1P2_ENSG00000010671,BTK,0.014354202
6924_PTPN12_P1P2_ENSG00000127947,PTPN12,0.014353505
5959_OR7A10_ENST00000248058.1_ENSG00000127515,OR7A10,0.014334604
5617_NEUROG3_P1P2_ENSG00000122859,NEUROG3,0.014334579
8350_SPG21_P1P2_ENSG00000090487,SPG21,0.014332304
3613_H2AFV_P1P2_ENSG00000105968,H2AFV,0.01433052
10719_ZSCAN25_P1P2_ENSG00000197037,ZSCAN25,0.014324133
5614_NEUROD6_P1P2_ENSG00000164600,NEUROD6,0.014322461
7976_SLC1A5_P1_ENSG00000105281,SLC1A5,0.014321521
3509_GPR160_P1P2_ENSG00000173890,GPR160,0.014321313
1367_CD47_P1P2_ENSG00000196776,CD47,0.014317283
6645_PPM1N_P1P2_ENSG00000213889,PPM1N,0.014316423
1713_CNNM3_P1P2_ENSG00000168763,CNNM3,0.01431629
8132_SMAD4_P1P2_ENSG00000141646,SMAD4,0.014314815
3408_GLTP_P1P2_ENSG00000139433,GLTP,0.014310563
8129_SMAD1_P1P2_ENSG00000170365,SMAD1,0.01430009
7285_RHD_P1P2_ENSG00000187010,RHD,0.0142942015
8226_SNRPB_P1P2_ENSG00000125835,SNRPB,0.014290332
2899_TASOR_P1P2_ENSG00000163946,TASOR,0.014282618
8496_STAT3_P1P2_ENSG00000168610,STAT3,0.014281177
4602_LIX1L_P1P2_ENSG00000271601,LIX1L,0.014263317
7092_RANBP1_P1P2_ENSG00000099901,RANBP1,0.014260379
7693_SCG3_P1P2_ENSG00000104112,SCG3,0.014257653
5030_MFSD5_P1P2_ENSG00000182544,MFSD5,0.0142558785
2826_RFLNB_P1P2_ENSG00000183688,RFLNB,0.014251628
8178_SMIM20_P1P2_ENSG00000250317,SMIM20,0.014251292
2126_DDX50_P1P2_ENSG00000107625,DDX50,0.014232525
6805_PRPS2_P1P2_ENSG00000101911,PRPS2,0.014231784
2825_FAIM_P1P2_ENSG00000158234,FAIM,0.014225922
2706_ERG_P2_ENSG00000157554,ERG,0.014225838
8017_SLC26A6_P1P2_ENSG00000225697,SLC26A6,0.014218903
8254_SNX33_P1P2_ENSG00000173548,SNX33,0.0142189
6205_PDZD8_P1P2_ENSG00000165650,PDZD8,0.014217117
7621_S100A13_P1P2_ENSG00000189171,S100A13,0.014210808
2005_CYP2A13_P1P2_ENSG00000197838,CYP2A13,0.014209978
2337_DOT1L_P1P2_ENSG00000104885,DOT1L,0.014205615
2882_TOGARAM1_P1P2_ENSG00000198718,TOGARAM1,0.014202219
10556_ZNF691_P1P2_ENSG00000164011,ZNF691,0.014200685
8642_TAC3_P1P2_ENSG00000166863,TAC3,0.014190991
9608_UQCR11_P1P2_ENSG00000127540,UQCR11,0.014189785
9173_TOP1MT_P1P2_ENSG00000184428,TOP1MT,0.014179743
7362_RNF168_P1P2_ENSG00000163961,RNF168,0.014173167
8997_TMEM131_P1P2_ENSG00000075568,TMEM131,0.014166974
673_ATP6V0A2_P1P2_ENSG00000185344,ATP6V0A2,0.014166955
2230_DIRAS3_P1P2_ENSG00000162595,DIRAS3,0.0141606415
9355_TSPAN3_P1P2_ENSG00000140391,TSPAN3,0.014152063
9603_UPF3B_P1P2_ENSG00000125351,UPF3B,0.014147312
5652_NFS1_P1P2_ENSG00000244005,NFS1,0.014145665
10607_ZNF750_P1P2_ENSG00000141579,ZNF750,0.014143572
7720_SDF2L1_P1P2_ENSG00000128228,SDF2L1,0.014140158
5396_MYO19_P1P2_ENSG00000278259,MYO19,0.014136978
3284_GAR1_P1P2_ENSG00000109534,GAR1,0.014133952
87_ACO2_P1P2_ENSG00000100412,ACO2,0.014133337
8486_STAP2_P1P2_ENSG00000178078,STAP2,0.014123851
107_ACTN1_P1P2_ENSG00000072110,ACTN1,0.014119074
8545_STT3A_P1P2_ENSG00000134910,STT3A,0.014117534
1333_CCNK_P1_ENSG00000090061,CCNK,0.014117258
6985_QPRT_P1_ENSG00000103485,QPRT,0.014112854
5389_MYLIP_P1P2_ENSG00000007944,MYLIP,0.014109622
1051_C1orf52_P1P2_ENSG00000162642,C1orf52,0.01410387
1830_CPED1_P1P2_ENSG00000106034,CPED1,0.0140993325
4015_ICK_P1P2_ENSG00000112144,ICK,0.014097255
9930_YIPF1_P1P2_ENSG00000058799,YIPF1,0.014088614
6852_PSMB4_P1P2_ENSG00000159377,PSMB4,0.014086393
2049_DCAF11_P1P2_ENSG00000100897,DCAF11,0.014084006
9103_TMEM9B_P1P2_ENSG00000175348,TMEM9B,0.014073619
4824_MAPK11_P1P2_ENSG00000185386,MAPK11,0.014065668
3877_HNRNPUL2_P1P2_ENSG00000214753,HNRNPUL2,0.014065517
9634_USP13_P1P2_ENSG00000058056,USP13,0.014064174
8380_SPSB2_P1P2_ENSG00000111671,SPSB2,0.014056453
8263_SOCS2_P1P2_ENSG00000120833,SOCS2,0.014054165
210_AHR_P1P2_ENSG00000106546,AHR,0.014052851
149_ADD1_P1P2_ENSG00000087274,ADD1,0.01405087
6427_PLD1_P1P2_ENSG00000075651,PLD1,0.014050168
9282_TRIM58_P1P2_ENSG00000162722,TRIM58,0.014030018
3269_GALNT12_P1P2_ENSG00000119514,GALNT12,0.014029374
5342_MTRF1L_P1P2_ENSG00000112031,MTRF1L,0.014027944
3147_FOXC1_P1P2_ENSG00000054598,FOXC1,0.014019196
3293_GATA2_P1_ENSG00000179348,GATA2,0.014013358
1355_CD151_P1P2_ENSG00000177697,CD151,0.014010159
4109_IMPA1_P1P2_ENSG00000133731,IMPA1,0.014005077
6592_POU3F3_P1P2_ENSG00000198914,POU3F3,0.013996312
6236_PFAS_P1P2_ENSG00000178921,PFAS,0.013986742
6567_POM121_P1P2_ENSG00000196313,POM121,0.013980184
4210_ISL1_P2_ENSG00000016082,ISL1,0.013977868
2985_FAXDC2_P2_ENSG00000170271,FAXDC2,0.013975697
6412_PLAGL1_P1_ENSG00000118495,PLAGL1,0.0139711425
990_MOSMO_P1P2_ENSG00000185716,MOSMO,0.013968987
5169_MPLKIP_P1P2_ENSG00000168303,MPLKIP,0.013960618
8967_TMBIM6_P1P2_ENSG00000139644,TMBIM6,0.013942853
3782_HIST1H4I_ENST00000354348.2_ENSG00000276180,HIST1H4I,0.013934133
7071_RAD52_P1_ENSG00000002016,RAD52,0.013933818
3805_HK2_P1P2_ENSG00000159399,HK2,0.013927648
10854_non-targeting_non-targeting_non-targeting,non-targeting,0.013922145
8655_TAF15_P1P2_ENSG00000270647,TAF15,0.013921279
10788_non-targeting_non-targeting_non-targeting,non-targeting,0.0139113255
4406_KLC4_P1P2_ENSG00000137171,KLC4,0.013906208
6726_PRDM1_P1P2_ENSG00000057657,PRDM1,0.01389729
7282_RHBDD2_P1P2_ENSG00000005486,RHBDD2,0.0138970055
3230_FXR1_P1P2_ENSG00000114416,FXR1,0.013894118
10520_ZNF639_P1P2_ENSG00000121864,ZNF639,0.013872895
4894_MCFD2_P1_ENSG00000180398,MCFD2,0.013870424
11218_non-targeting_non-targeting_non-targeting,non-targeting,0.013865497
2103_DDX11_P1P2_ENSG00000013573,DDX11,0.01386524
4389_KIF23_P1P2_ENSG00000137807,KIF23,0.013861422
4830_MAPK6_P1P2_ENSG00000069956,MAPK6,0.013844345
6207_PEAK1_P1P2_ENSG00000173517,PEAK1,0.013837073
5850_NTRK1_P1P2_ENSG00000198400,NTRK1,0.013833511
4298_KCNK5_P1P2_ENSG00000164626,KCNK5,0.013833323
5583_NEDD1_P1P2_ENSG00000139350,NEDD1,0.0138154365
8465_ST13_P1P2_ENSG00000100380,ST13,0.013812891
4594_LIN54_P2_ENSG00000189308,LIN54,0.013803716
2679_EPS15L1_P1P2_ENSG00000127527,EPS15L1,0.013797022
915_BSX_P1P2_ENSG00000188909,BSX,0.013785214
3027_FBXO5_P1P2_ENSG00000112029,FBXO5,0.01377795
3588_GTF3C5_P1P2_ENSG00000148308,GTF3C5,0.013775829
4205_ISCA2_P1P2_ENSG00000165898,ISCA2,0.013771798
4569_LHX3_P1_ENSG00000107187,LHX3,0.013771057
11199_non-targeting_non-targeting_non-targeting,non-targeting,0.013766773
8007_SLC25A41_P1P2_ENSG00000181240,SLC25A41,0.013765258
7732_SEC11A_P1P2_ENSG00000140612,SEC11A,0.013764378
8066_SLC38A6_P1P2_ENSG00000139974,SLC38A6,0.013762809
5154_MORN1_P1P2_ENSG00000116151,MORN1,0.013762086
5575_NDUFV1_P2_ENSG00000167792,NDUFV1,0.0137615055
535_ARPC2_P2_ENSG00000163466,ARPC2,0.013757992
3898_HOXB13_P1P2_ENSG00000159184,HOXB13,0.013757472
9503_UBE2G1_P1P2_ENSG00000132388,UBE2G1,0.01374794
5166_MPHOSPH8_P1_ENSG00000196199,MPHOSPH8,0.013742454
3571_GTF2F1_P1P2_ENSG00000125651,GTF2F1,0.013738088
2317_DNMT3B_P2_ENSG00000088305,DNMT3B,0.013736717
3646_HBA2_P1_ENSG00000188536,HBA2,0.013734903
722_AZIN1_P1P2_ENSG00000155096,AZIN1,0.013728445
"10267_ZNF285_ENST00000330997.4,ENST00000544719.2_ENSG00000267508",ZNF285,0.013713891
4664_LRRC41_P1P2_ENSG00000132128,LRRC41,0.013709557
4777_MAGOHB_P1P2_ENSG00000111196,MAGOHB,0.013708427
6448_PLEKHN1_P1P2_ENSG00000187583,PLEKHN1,0.013699867
8920_TIMM22_P1P2_ENSG00000177370,TIMM22,0.013696065
1685_CLUH_P1P2_ENSG00000132361,CLUH,0.013691672
8538_STRAP_P1P2_ENSG00000023734,STRAP,0.013687339
5172_MPP3_P1P2_ENSG00000161647,MPP3,0.013685287
11223_non-targeting_non-targeting_non-targeting,non-targeting,0.013676204
3989_HTATIP2_P1P2_ENSG00000109854,HTATIP2,0.013675434
11129_non-targeting_non-targeting_non-targeting,non-targeting,0.013674673
5705_NLRP1_P1P2_ENSG00000091592,NLRP1,0.013671881
6240_PFDN5_P1P2_ENSG00000123349,PFDN5,0.0136672845
9305_TRMT12_P1P2_ENSG00000183665,TRMT12,0.013657977
9996_ZBTB42_P1P2_ENSG00000179627,ZBTB42,0.013642656
3779_HIST1H4D_ENST00000340756.2_ENSG00000277157,HIST1H4D,0.013642376
6260_PGM2L1_P1P2_ENSG00000165434,PGM2L1,0.013640743
4548_LEF1_P1_ENSG00000138795,LEF1,0.013627772
10572_ZNF705G_ENST00000400156.4_ENSG00000215372,ZNF705G,0.0136224115
8167_SMG6_P1P2_ENSG00000070366,SMG6,0.013621765
7047_RABGAP1L_P1P2_ENSG00000152061,RABGAP1L,0.013606084
758_BANF1_P1P2_ENSG00000175334,BANF1,0.013605517
10756_non-targeting_non-targeting_non-targeting,non-targeting,0.013605269
1263_CCDC14_P1P2_ENSG00000175455,CCDC14,0.013602107
1646_CLDND1_P1P2_ENSG00000080822,CLDND1,0.013594269
7775_SENP6_P1P2_ENSG00000112701,SENP6,0.013591231
2415_DUXA_ENST00000554048.2_ENSG00000258873,DUXA,0.013571578
2027_DAPK3_P1P2_ENSG00000167657,DAPK3,0.01356394
3428_GNA11_P1P2_ENSG00000088256,GNA11,0.0135532655
3807_ZNF875_P1_ENSG00000181666,ZNF875,0.013551727
4784_MAN1A2_P1P2_ENSG00000198162,MAN1A2,0.013547233
4710_LTB_P1P2_ENSG00000227507,LTB,0.013547089
9136_TNIP1_P2_ENSG00000145901,TNIP1,0.013546613
206_AHI1_P1P2_ENSG00000135541,AHI1,0.013543729
1028_C19orf81_P1P2_ENSG00000235034,C19orf81,0.013531766
1492_CENPV_P1P2_ENSG00000166582,CENPV,0.013531015
6325_PICALM_P1P2_ENSG00000073921,PICALM,0.013520522
10926_non-targeting_non-targeting_non-targeting,non-targeting,0.013519043
5414_MZT1_P1P2_ENSG00000204899,MZT1,0.013518759
1872_CRIM1_P1P2_ENSG00000150938,CRIM1,0.013511736
363_ANXA5_P1P2_ENSG00000164111,ANXA5,0.013505204
516_ARL6IP5_P1P2_ENSG00000144746,ARL6IP5,0.013503935
5244_MRPS14_P1P2_ENSG00000120333,MRPS14,0.013500022
1931_CTDSP2_P1P2_ENSG00000175215,CTDSP2,0.013495747
"4760_MAGEA2_ENST00000370284.1,ENST00000393872.3,ENST00000393876.1,ENST00000543232.1_ENSG00000268606",MAGEA2,0.013492758
9539_UBN2_P1P2_ENSG00000157741,UBN2,0.013488975
6714_PRADC1_P1P2_ENSG00000135617,PRADC1,0.013471883
5147_MON1B_P1P2_ENSG00000103111,MON1B,0.013468462
11252_non-targeting_non-targeting_non-targeting,non-targeting,0.013463544
7410_ROGDI_P1P2_ENSG00000067836,ROGDI,0.013449283
7532_RPS6KB1_P1P2_ENSG00000108443,RPS6KB1,0.013448727
5555_NDUFB3_P1P2_ENSG00000119013,NDUFB3,0.013448193
7812_SESN2_P1P2_ENSG00000130766,SESN2,0.01343984
133_ADAMTS3_P1P2_ENSG00000156140,ADAMTS3,0.013436276
3496_GPCPD1_P1P2_ENSG00000125772,GPCPD1,0.0134343505
5825_NSF_ENST00000398238.4_ENSG00000073969,NSF,0.013427217
6650_PPP1CB_P1P2_ENSG00000213639,PPP1CB,0.013419572
8169_SMG8_P1P2_ENSG00000167447,SMG8,0.01341953
2164_DESI1_P1P2_ENSG00000100418,DESI1,0.013414611
137_ADAR_P2_ENSG00000160710,ADAR,0.013414128
6252_PGAP2_P1_ENSG00000148985,PGAP2,0.013401793
4369_LNPK_P1P2_ENSG00000144320,LNPK,0.013400518
1597_CHRNA5_P1P2_ENSG00000169684,CHRNA5,0.013399102
10018_ZC3H11A_P1P2_ENSG00000058673,ZC3H11A,0.013398826
6661_PPP1R15B_P1P2_ENSG00000158615,PPP1R15B,0.013394467
10335_ZNF404_P1P2_ENSG00000176222,ZNF404,0.013388557
882_BRAP_P1P2_ENSG00000089234,BRAP,0.013386799
4438_KLHL22_P1P2_ENSG00000099910,KLHL22,0.013374181
7167_RBM26_P1P2_ENSG00000139746,RBM26,0.013364705
11233_non-targeting_non-targeting_non-targeting,non-targeting,0.01336421
2434_DYRK3_P1P2_ENSG00000143479,DYRK3,0.013362586
97_ACP5_P2_ENSG00000102575,ACP5,0.013359289
8616_SYCP2L_ENST00000283141.6_ENSG00000153157,SYCP2L,0.013354773
4816_MAP4K1_P1P2_ENSG00000104814,MAP4K1,0.01335392
2046_DBX1_P1P2_ENSG00000109851,DBX1,0.013340524
425_APTX_P2_ENSG00000137074,APTX,0.0133375265
8881_THAP8_P1P2_ENSG00000161277,THAP8,0.013316575
1019_C19orf47_P1_ENSG00000160392,C19orf47,0.013312549
5123_MMGT1_P1P2_ENSG00000169446,MMGT1,0.013310961
1533_CFDP1_P2_ENSG00000153774,CFDP1,0.013299623
5525_NDOR1_P1P2_ENSG00000188566,NDOR1,0.013298912
4648_LRP12_P1P2_ENSG00000147650,LRP12,0.0132941045
9598_UNKL_P1P2_ENSG00000059145,UNKL,0.013279177
6435_PLEKHA3_P1P2_ENSG00000116095,PLEKHA3,0.013249137
9569_UFD1_P1P2_ENSG00000070010,UFD1,0.013232257
3497_GPD1L_P1P2_ENSG00000152642,GPD1L,0.013231589
2388_DTD2_P1P2_ENSG00000129480,DTD2,0.013227411
945_FAM241B_P1P2_ENSG00000171224,FAM241B,0.013225373
8165_SMG1_P1P2_ENSG00000157106,SMG1,0.013212092
6179_PDIA4_P1P2_ENSG00000155660,PDIA4,0.013208592
4203_IRX6_P1P2_ENSG00000159387,IRX6,0.013204335
3615_H2AFY_P1P2_ENSG00000113648,H2AFY,0.013198088
1552_CHCHD5_P1P2_ENSG00000125611,CHCHD5,0.013192237
8002_SLC25A37_P1P2_ENSG00000147454,SLC25A37,0.013191459
2987_FBLIM1_P1P2_ENSG00000162458,FBLIM1,0.013189636
2232_DIS3L_P1P2_ENSG00000166938,DIS3L,0.013185336
8777_TCF19_P2_ENSG00000137310,TCF19,0.013182633
822_BEX2_P1P2_ENSG00000133134,BEX2,0.013180688
9009_TMEM159_P1P2_ENSG00000011638,TMEM159,0.013180637
1595_CHPT1_P1P2_ENSG00000111666,CHPT1,0.013179211
615_ATG10_P1P2_ENSG00000152348,ATG10,0.013178743
7996_SLC25A26_ENST00000354883.6_ENSG00000144741,SLC25A26,0.013171054
"9459_TXNRD1_ENST00000429002.2,ENST00000525566.1_ENSG00000198431",TXNRD1,0.013170142
4448_KMT2A_P1P2_ENSG00000118058,KMT2A,0.013166926
2942_FAM76B_P1P2_ENSG00000077458,FAM76B,0.013164066
1334_CCNL1_P1P2_ENSG00000163660,CCNL1,0.013161734
727_B3GAT3_P1P2_ENSG00000149541,B3GAT3,0.013153726
853_BLVRB_P1P2_ENSG00000090013,BLVRB,0.013153452
5055_MICAL3_P2_ENSG00000243156,MICAL3,0.013153112
4157_INVS_P1P2_ENSG00000119509,INVS,0.01315291
7371_RNF19B_P1P2_ENSG00000116514,RNF19B,0.013151759
4250_JAZF1_P1P2_ENSG00000153814,JAZF1,0.01314194
9582_UHRF1BP1_P1P2_ENSG00000065060,UHRF1BP1,0.013139703
1889_CRYZ_P1P2_ENSG00000116791,CRYZ,0.01313756
2344_DPF3_P1P2_ENSG00000205683,DPF3,0.013132766
1265_CCDC167_P1P2_ENSG00000198937,CCDC167,0.013131857
8268_SOGA1_P1P2_ENSG00000149639,SOGA1,0.013130168
2493_EFCAB14_P1P2_ENSG00000159658,EFCAB14,0.013124864
5098_MKRN1_P1P2_ENSG00000133606,MKRN1,0.013122893
2806_F11R_P1_ENSG00000158769,F11R,0.013112898
9363_TSPYL6_P1P2_ENSG00000178021,TSPYL6,0.013112803
294_AMMECR1_P1P2_ENSG00000101935,AMMECR1,0.013103526
8341_SPDYE2_ENST00000341656.4_ENSG00000205238,SPDYE2,0.013103307
9951_YWHAB_P1P2_ENSG00000166913,YWHAB,0.013102036
8542_STRN3_P1P2_ENSG00000196792,STRN3,0.013094953
6503_POC1A_P1P2_ENSG00000164087,POC1A,0.013091944
1065_CFAP298_P1P2_ENSG00000159079,CFAP298,0.013091563
4162_IPO4_P1P2_ENSG00000196497,IPO4,0.013080034
7273_RGS10_P1P2_ENSG00000148908,RGS10,0.013073512
863_BNIP2_P1P2_ENSG00000140299,BNIP2,0.013071849
4404_KLC1_P1P2_ENSG00000126214,KLC1,0.013058092
3332_GDI2_P1_ENSG00000057608,GDI2,0.013055562
"2864_FAM156B_ENST00000412319.1,ENST00000452021.2_ENSG00000179304",FAM156B,0.013052179
7250_RFESD_P1P2_ENSG00000175449,RFESD,0.013048303
10328_ZNF391_P1P2_ENSG00000124613,ZNF391,0.013047874
1679_CLSTN3_P1_ENSG00000139182,CLSTN3,0.0130405715
9378_TTC17_P1P2_ENSG00000052841,TTC17,0.013037264
4111_IMPACT_P1P2_ENSG00000154059,IMPACT,0.013031262
2249_DLX5_P1P2_ENSG00000105880,DLX5,0.013026686
7741_SEC23A_P1P2_ENSG00000100934,SEC23A,0.013025689
7670_SBNO1_P1P2_ENSG00000139697,SBNO1,0.013024623
1388_CDC14B_P1P2_ENSG00000081377,CDC14B,0.0130207995
1932_CTDSPL2_P1P2_ENSG00000137770,CTDSPL2,0.013017136
8781_TCF24_P1P2_ENSG00000261787,TCF24,0.013016224
5932_OGG1_P1P2_ENSG00000114026,OGG1,0.013014203
5451_NAGK_P1P2_ENSG00000124357,NAGK,0.013010962
7109_RAPGEF2_ENST00000264431.4_ENSG00000109756,RAPGEF2,0.012998165
4287_KBTBD2_P1P2_ENSG00000170852,KBTBD2,0.012997048
8182_SMIM8_P1P2_ENSG00000111850,SMIM8,0.012986732
1850_CPXCR1_P1P2_ENSG00000147183,CPXCR1,0.012979082
8801_TDP2_P1P2_ENSG00000111802,TDP2,0.012978867
10685_ZNF879_P1P2_ENSG00000234284,ZNF879,0.012972795
1073_C2CD3_P1P2_ENSG00000168014,C2CD3,0.012972198
3829_HMGB2_P1P2_ENSG00000164104,HMGB2,0.012965539
1670_CLOCK_P1P2_ENSG00000134852,CLOCK,0.0129486015
9126_TNFRSF10B_P1P2_ENSG00000120889,TNFRSF10B,0.012947771
4156_INTU_P1_ENSG00000164066,INTU,0.012947598
9253_TRAPPC8_P1P2_ENSG00000153339,TRAPPC8,0.012946004
4518_LARP4B_ENST00000316157.3_ENSG00000107929,LARP4B,0.01294488
9291_TRIOBP_P1_ENSG00000100106,TRIOBP,0.01294447
7820_SETD6_P1P2_ENSG00000103037,SETD6,0.012938641
2338_DPAGT1_P1P2_ENSG00000172269,DPAGT1,0.012931843
3579_GTF2IRD1_P1P2_ENSG00000006704,GTF2IRD1,0.012931756
9226_TRAF2_P1_ENSG00000127191,TRAF2,0.01292669
1262_CCDC144NL_P2_ENSG00000205212,CCDC144NL,0.012925096
1816_COX5B_P1P2_ENSG00000135940,COX5B,0.012924955
10797_non-targeting_non-targeting_non-targeting,non-targeting,0.012922016
9294_TRIP11_P1P2_ENSG00000100815,TRIP11,0.012921434
6626_PPIF_P1P2_ENSG00000108179,PPIF,0.0129140485
8848_TFE3_P1P2_ENSG00000068323,TFE3,0.012909564
7098_RANGRF_P1P2_ENSG00000108961,RANGRF,0.012906932
6438_PLEKHA8_P1P2_ENSG00000106086,PLEKHA8,0.012905634
7359_RNF166_P2_ENSG00000158717,RNF166,0.012902274
6106_PBX4_P1P2_ENSG00000105717,PBX4,0.012900236
6825_PRSS16_P1_ENSG00000112812,PRSS16,0.012891284
8368_SPPL2B_P1P2_ENSG00000005206,SPPL2B,0.012889957
1957_CTU2_P1P2_ENSG00000174177,CTU2,0.012871387
8822_TES_P1P2_ENSG00000135269,TES,0.012867388
4047_IFNGR2_P1P2_ENSG00000159128,IFNGR2,0.012863167
9059_TMEM245_P1P2_ENSG00000106771,TMEM245,0.012858975
10323_ZNF385A_P1_ENSG00000161642,ZNF385A,0.012856363
1403_CDC42EP4_P1P2_ENSG00000179604,CDC42EP4,0.012851152
2149_DENND2D_P2_ENSG00000162777,DENND2D,0.012846644
6369_PINX1_P1P2_ENSG00000254093,PINX1,0.012845304
9069_TMEM38B_P1P2_ENSG00000095209,TMEM38B,0.012843252
1573_CHI3L2_P1_ENSG00000064886,CHI3L2,0.012842306
7406_RNPEP_P1P2_ENSG00000176393,RNPEP,0.0128388535
4788_MAN2B1_P2_ENSG00000104774,MAN2B1,0.0128379585
707_ATXN7L3_P1P2_ENSG00000087152,ATXN7L3,0.012832298
9526_UBE3C_P1P2_ENSG00000009335,UBE3C,0.012823746
473_ARHGDIB_P1P2_ENSG00000111348,ARHGDIB,0.01282173
5532_NDUFA12_P1P2_ENSG00000184752,NDUFA12,0.012818825
218_AIG1_P1P2_ENSG00000146416,AIG1,0.012809704
10615_ZNF766_P1P2_ENSG00000196214,ZNF766,0.012802396
1461_CDX2_P1P2_ENSG00000165556,CDX2,0.012791684
8392_SQLE_P1P2_ENSG00000104549,SQLE,0.012788739
4866_MATK_P1P2_ENSG00000007264,MATK,0.012780914
3903_HOXB5_P1P2_ENSG00000120075,HOXB5,0.0127756335
1405_CDC42SE2_P1P2_ENSG00000158985,CDC42SE2,0.012770561
4634_LPGAT1_P1P2_ENSG00000123684,LPGAT1,0.012766329
8312_SP7_P1P2_ENSG00000170374,SP7,0.01276451
10564_ZNF700_P1P2_ENSG00000196757,ZNF700,0.012761776
6624_PPID_P1P2_ENSG00000171497,PPID,0.0127607
5581_NECAP1_P1P2_ENSG00000089818,NECAP1,0.012759735
3078_FHIT_P1P2_ENSG00000189283,FHIT,0.012757236
9613_UQCRFS1_P1P2_ENSG00000169021,UQCRFS1,0.012749838
3345_GFI1_P1_ENSG00000162676,GFI1,0.012749291
5453_NAGPA_P1P2_ENSG00000103174,NAGPA,0.012745894
108_ACTN4_P1P2_ENSG00000130402,ACTN4,0.012744896
270_ALG3_P1P2_ENSG00000214160,ALG3,0.012744096
5889_NUP160_P1P2_ENSG00000030066,NUP160,0.012741681
9186_TOR3A_P1P2_ENSG00000186283,TOR3A,0.012736358
4681_LRRFIP2_P1P2_ENSG00000093167,LRRFIP2,0.012721031
9245_TRAPPC1_P1P2_ENSG00000170043,TRAPPC1,0.012718802
11087_non-targeting_non-targeting_non-targeting,non-targeting,0.012715986
9427_TUBGCP4_P1P2_ENSG00000137822,TUBGCP4,0.01271212
55_ABL1_ENST00000372348.2_ENSG00000097007,ABL1,0.012703681
9342_TSHZ1_P1P2_ENSG00000179981,TSHZ1,0.012701833
4240_ITPRIP_P1P2_ENSG00000148841,ITPRIP,0.012695514
8055_SLC35G2_P1P2_ENSG00000168917,SLC35G2,0.012694874
10293_ZNF331_P2_ENSG00000130844,ZNF331,0.012690084
8397_SRCAP_P1P2_ENSG00000080603,SRCAP,0.012679303
9199_TPD52L2_P1P2_ENSG00000101150,TPD52L2,0.012675977
5537_NDUFA4_P1P2_ENSG00000189043,NDUFA4,0.0126755545
10659_ZNF821_P1P2_ENSG00000102984,ZNF821,0.012675376
9415_TUBB3_P2_ENSG00000258947,TUBB3,0.012674513
299_AMPD3_P1P2_ENSG00000133805,AMPD3,0.012665983
5269_MRPS9_P1P2_ENSG00000135972,MRPS9,0.012662714
4222_ITGA2B_P1P2_ENSG00000005961,ITGA2B,0.012634442
8797_TCTN3_P1P2_ENSG00000119977,TCTN3,0.012630942
2439_E2F3_P1_ENSG00000112242,E2F3,0.012627447
2486_EEF1E1_P1P2_ENSG00000124802,EEF1E1,0.012627154
4137_INPP5F_ENST00000361976.2_ENSG00000198825,INPP5F,0.012618009
297_AMPD2_P2_ENSG00000116337,AMPD2,0.012613722
4407_KLF10_P2_ENSG00000155090,KLF10,0.012612843
10008_ZBTB7A_P1_ENSG00000178951,ZBTB7A,0.012607706
9800_WDFY2_P1P2_ENSG00000139668,WDFY2,0.0126044415
1619_CISD3_P1P2_ENSG00000277972,CISD3,0.012589886
8582_SULT1A3_ENST00000395138.2_ENSG00000261052,SULT1A3,0.012588654
7472_RPL3_P1P2_ENSG00000100316,RPL3,0.012583743
8629_SYNRG_P1P2_ENSG00000275066,SYNRG,0.012569112
8776_TCF19_P1_ENSG00000137310,TCF19,0.012567835
9507_UBE2J1_P1P2_ENSG00000198833,UBE2J1,0.012563697
10334_ZNF3_P1P2_ENSG00000166526,ZNF3,0.012561075
5622_NFATC1_P1_ENSG00000131196,NFATC1,0.012560543
751_BAG6_P1P2_ENSG00000204463,BAG6,0.012555103
3796_HIST3H2BB_P1P2_ENSG00000196890,HIST3H2BB,0.01255449
1887_CRYM_P1P2_ENSG00000103316,CRYM,0.012549887
9165_TOMM34_P1P2_ENSG00000025772,TOMM34,0.012547925
744_BACH2_P1P2_ENSG00000112182,BACH2,0.0125399325
5397_MYO1C_P1_ENSG00000197879,MYO1C,0.012538972
5841_NT5C_P1P2_ENSG00000125458,NT5C,0.012532023
4977_TLNRD1_P1P2_ENSG00000140406,TLNRD1,0.012525431
2829_FAM104A_P1P2_ENSG00000133193,FAM104A,0.012522895
10119_ZIC2_P1P2_ENSG00000043355,ZIC2,0.012522534
2732_ESPL1_P1P2_ENSG00000135476,ESPL1,0.012522153
5264_MRPS35_P1P2_ENSG00000061794,MRPS35,0.012517585
4676_LRRC8C_P1P2_ENSG00000171488,LRRC8C,0.012515168
8399_SRD5A3_P1P2_ENSG00000128039,SRD5A3,0.012497162
3416_GMDS_P1P2_ENSG00000112699,GMDS,0.01248755
813_BCS1L_P1P2_ENSG00000074582,BCS1L,0.012486123
4719_LUZP1_P1P2_ENSG00000169641,LUZP1,0.012485819
8953_TM2D2_P1P2_ENSG00000169490,TM2D2,0.0124831
9096_TMEM74B_P1P2_ENSG00000125895,TMEM74B,0.012480589
1505_CEP44_P1P2_ENSG00000164118,CEP44,0.012476972
1307_CCDC91_P1P2_ENSG00000123106,CCDC91,0.012474832
7851_SGK1_P1_ENSG00000118515,SGK1,0.012473984
7223_REEP4_P1P2_ENSG00000168476,REEP4,0.012471084
7637_SAGE1_P1P2_ENSG00000181433,SAGE1,0.012470485
3397_GLIS3_P1P2_ENSG00000107249,GLIS3,0.012468811
3391_GLI2_ENST00000452319.1_ENSG00000074047,GLI2,0.012464954
6381_PITPNC1_P1P2_ENSG00000154217,PITPNC1,0.012456978
6117_PCCB_P2_ENSG00000114054,PCCB,0.012445363
7470_RPL39L_P1P2_ENSG00000163923,RPL39L,0.012443992
8914_TIMM10B_P1P2_ENSG00000132286,TIMM10B,0.012439598
5095_MKNK1_P2_ENSG00000079277,MKNK1,0.012417552
2779_EXOC2_P1P2_ENSG00000112685,EXOC2,0.012414092
5962_ORAI2_P1P2_ENSG00000160991,ORAI2,0.012407043
10074_ZFHX2_P1_ENSG00000136367,ZFHX2,0.012405749
9021_TMEM177_P1P2_ENSG00000144120,TMEM177,0.012402249
10138_ZMAT4_P1P2_ENSG00000165061,ZMAT4,0.012402084
7977_SLC20A1_P1P2_ENSG00000144136,SLC20A1,0.012397765
5940_OMA1_P1P2_ENSG00000162600,OMA1,0.012393517
6789_PROX1_P1P2_ENSG00000117707,PROX1,0.012390525
5696_NKX2-8_P1P2_ENSG00000136327,NKX2-8,0.012388944
6386_PITX2_P2_ENSG00000164093,PITX2,0.012387363
3674_HDLBP_P1_ENSG00000115677,HDLBP,0.012383045
3105_FLAD1_P1P2_ENSG00000160688,FLAD1,0.012371664
10772_non-targeting_non-targeting_non-targeting,non-targeting,0.012365402
5786_NR1I2_P1P2_ENSG00000144852,NR1I2,0.012360551
7183_RBM6_P1P2_ENSG00000004534,RBM6,0.012353189
4895_MCFD2_P2_ENSG00000180398,MCFD2,0.012351926
8978_TMED7_P1P2_ENSG00000134970,TMED7,0.0123507185
3176_FOXN4_P1P2_ENSG00000139445,FOXN4,0.01233182
147_ADCY3_P1P2_ENSG00000138031,ADCY3,0.012326063
7464_RPL36AL_P1P2_ENSG00000165502,RPL36AL,0.012323311
10361_ZNF439_P1P2_ENSG00000171291,ZNF439,0.012319667
10382_ZNF470_P1P2_ENSG00000197016,ZNF470,0.012316547
999_C16orf91_P1P2_ENSG00000174109,C16orf91,0.012314082
7022_RAB30_P1P2_ENSG00000137502,RAB30,0.012314068
5716_NMI_P1P2_ENSG00000123609,NMI,0.01231345
3839_HMGXB3_P1P2_ENSG00000113716,HMGXB3,0.012308867
7296_RHOT1_P1P2_ENSG00000126858,RHOT1,0.012307722
8818_TERF1_P1P2_ENSG00000147601,TERF1,0.012296159
4343_DELE1_P1P2_ENSG00000081791,DELE1,0.012294713
10034_ZCCHC17_P1P2_ENSG00000121766,ZCCHC17,0.012292836
4038_IFI27L2_P1P2_ENSG00000119632,IFI27L2,0.012290505
3581_GTF2IRD2_ENST00000405086.2_ENSG00000196275,GTF2IRD2,0.01228845
8_AAMP_P1P2_ENSG00000127837,AAMP,0.012284062
2335_DOLPP1_P1P2_ENSG00000167130,DOLPP1,0.0122795105
6608_PPARGC1B_P1P2_ENSG00000155846,PPARGC1B,0.012278606
3110_FLNB_P1P2_ENSG00000136068,FLNB,0.012278002
8329_SPATS2L_P1P2_ENSG00000196141,SPATS2L,0.012272182
5256_MRPS26_P1P2_ENSG00000125901,MRPS26,0.012264524
8810_TEC_P1P2_ENSG00000135605,TEC,0.012260489
6161_PDCL3_P1P2_ENSG00000115539,PDCL3,0.012258273
6917_PTMS_P1P2_ENSG00000159335,PTMS,0.01225714
5402_MYO9A_P1P2_ENSG00000066933,MYO9A,0.012252885
1507_CEP57L1_P1P2_ENSG00000183137,CEP57L1,0.012251176
4675_LRRC8B_P1P2_ENSG00000197147,LRRC8B,0.012248584
4249_JARID2_P1P2_ENSG00000008083,JARID2,0.012248071
3786_HIST2H2AB_P1P2_ENSG00000184270,HIST2H2AB,0.0122444555
5101_MKS1_P1P2_ENSG00000011143,MKS1,0.012237168
10665_ZNF835_P1P2_ENSG00000127903,ZNF835,0.012232248
165_GRK3_P1P2_ENSG00000100077,GRK3,0.012230965
10503_ZNF614_P1P2_ENSG00000142556,ZNF614,0.0122309495
385_AP4B1_P1P2_ENSG00000134262,AP4B1,0.01222905
7878_SH3BP2_P1_ENSG00000087266,SH3BP2,0.012227114
4489_L3HYPDH_P1P2_ENSG00000126790,L3HYPDH,0.012226008
6689_PPP2R5C_P1P2_ENSG00000078304,PPP2R5C,0.012220277
1113_C6orf52_P1P2_ENSG00000137434,C6orf52,0.012218909
10042_ZDHHC12_P1P2_ENSG00000160446,ZDHHC12,0.012208411
8746_TBX15_P1P2_ENSG00000092607,TBX15,0.012207525
659_ATP5MC1_P1P2_ENSG00000159199,ATP5MC1,0.012204083
8022_SLC29A1_P1_ENSG00000112759,SLC29A1,0.012190568
5450_NAGA_P1P2_ENSG00000198951,NAGA,0.012180208
2933_RIPOR1_P2_ENSG00000039523,RIPOR1,0.012178933
2924_FAM49B_P1_ENSG00000153310,FAM49B,0.012170179
4922_MDP1_P1P2_ENSG00000213920,MDP1,0.012159133
6073_PARN_P1P2_ENSG00000140694,PARN,0.012143933
3744_HIST1H1C_P1P2_ENSG00000187837,HIST1H1C,0.012140236
9967_ZBED6_P1P2_ENSG00000257315,ZBED6,0.0121286055
3288_GAS6_P1P2_ENSG00000183087,GAS6,0.012114264
9862_WIPF2_P1P2_ENSG00000171475,WIPF2,0.012110761
8194_SMYD2_P1P2_ENSG00000143499,SMYD2,0.012110546
9551_UBXN10_P1P2_ENSG00000162543,UBXN10,0.012110179
2894_TAFA2_P1_ENSG00000198673,TAFA2,0.01210375
829_BHLHE23_P1P2_ENSG00000125533,BHLHE23,0.012103519
703_ATXN2_P1P2_ENSG00000204842,ATXN2,0.012103373
10701_ZNHIT3_P1P2_ENSG00000273611,ZNHIT3,0.012102672
1724_CNPPD1_P1_ENSG00000115649,CNPPD1,0.012099948
1881_CRTC3_P1P2_ENSG00000140577,CRTC3,0.012095054
5408_MYRF_P1_ENSG00000124920,MYRF,0.012087752
4326_KDM4C_P1P2_ENSG00000107077,KDM4C,0.0120870285
7900_SHOX_P1P2_ENSG00000185960,SHOX,0.012084077
2697_ERCC4_P2_ENSG00000175595,ERCC4,0.012082934
1936_CTNNAL1_P1P2_ENSG00000119326,CTNNAL1,0.012081911
2955_CIAO2B_P1P2_ENSG00000166595,CIAO2B,0.012079476
10964_non-targeting_non-targeting_non-targeting,non-targeting,0.012073839
951_C11orf54_P1P2_ENSG00000182919,C11orf54,0.0120700495
11273_non-targeting_non-targeting_non-targeting,non-targeting,0.012067314
4520_LARP7_P1P2_ENSG00000174720,LARP7,0.0120609095
9318_TRNP1_P1P2_ENSG00000253368,TRNP1,0.012054287
4236_ITPKC_P1P2_ENSG00000086544,ITPKC,0.012052275
8926_TIMM8B_P1P2_ENSG00000150779,TIMM8B,0.0120389145
2345_DPH1_P2_ENSG00000108963,DPH1,0.012038839
8171_SMIM10_P1P2_ENSG00000184785,SMIM10,0.012035062
4321_KDM2B_ENST00000377071.4_ENSG00000089094,KDM2B,0.012034826
3762_HIST1H2BE_ENST00000356530.3_ENSG00000274290,HIST1H2BE,0.012030518
1756_COMMD10_P1P2_ENSG00000145781,COMMD10,0.012026912
3992_HTT_P1P2_ENSG00000197386,HTT,0.012024361
4070_IGFBP4_P1P2_ENSG00000141753,IGFBP4,0.012019619
9414_TUBB2B_P2_ENSG00000137285,TUBB2B,0.012011565
10351_ZNF428_P1P2_ENSG00000131116,ZNF428,0.012010427
10458_ZNF570_P2_ENSG00000171827,ZNF570,0.012004301
9493_UBC_P1P2_ENSG00000150991,UBC,0.012001574
1949_CTSH_P1P2_ENSG00000103811,CTSH,0.0120004425
10397_ZNF492_P1P2_ENSG00000229676,ZNF492,0.011996591
962_C12orf29_P1P2_ENSG00000133641,C12orf29,0.011995456
9373_TSTD3_P1P2_ENSG00000279170,TSTD3,0.011994306
9314_TRMT61B_P1P2_ENSG00000171103,TRMT61B,0.01199094
566_ASB3_P1P2_ENSG00000115239,ASB3,0.011988075
9369_TSSC4_P1P2_ENSG00000184281,TSSC4,0.011979852
1375_CD68_P1P2_ENSG00000129226,CD68,0.011973843
1513_CEP76_P1P2_ENSG00000101624,CEP76,0.011970751
9211_TPRA1_P1P2_ENSG00000163870,TPRA1,0.011967655
9566_UCKL1_P1P2_ENSG00000198276,UCKL1,0.011964669
1970_CUX2_P1P2_ENSG00000111249,CUX2,0.011961839
3601_GUK1_P1P2_ENSG00000143774,GUK1,0.011959347
6419_PLCB3_P1P2_ENSG00000149782,PLCB3,0.011958082
399_APEX1_P1P2_ENSG00000100823,APEX1,0.011951512
5680_NISCH_P1P2_ENSG00000010322,NISCH,0.011949661
8323_SPATA2L_P1P2_ENSG00000158792,SPATA2L,0.011949137
2094_DDIT4_P1P2_ENSG00000168209,DDIT4,0.01194648
6146_PCYOX1_P1P2_ENSG00000116005,PCYOX1,0.011945884
10470_ZNF57_P1P2_ENSG00000171970,ZNF57,0.011941509
1496_CEP135_P1P2_ENSG00000174799,CEP135,0.011941269
3846_HMX2_P1P2_ENSG00000188816,HMX2,0.011940676
646_ATP1B3_P1P2_ENSG00000069849,ATP1B3,0.011938275
8724_TBCA_P1P2_ENSG00000171530,TBCA,0.011936366
9642_USP22_P1P2_ENSG00000124422,USP22,0.011934016
3320_GCLM_P1P2_ENSG00000023909,GCLM,0.011933715
5208_MRPL24_P1P2_ENSG00000143314,MRPL24,0.011933096
8771_ELOA_P1P2_ENSG00000011007,ELOA,0.011928732
1153_CALB1_P1P2_ENSG00000104327,CALB1,0.011917826
4086_IKZF4_P2_ENSG00000123411,IKZF4,0.011915457
10739_ZXDA_P1P2_ENSG00000198205,ZXDA,0.011914918
2728_ESCO2_P1P2_ENSG00000171320,ESCO2,0.011903537
9899_XPO6_P1P2_ENSG00000169180,XPO6,0.011902176
684_ATP6V1E2_P1P2_ENSG00000250565,ATP6V1E2,0.011895612
5382_MYH9_P1P2_ENSG00000100345,MYH9,0.011893635
2910_FAM219B_P1P2_ENSG00000178761,FAM219B,0.011893317
7294_RHOH_P1P2_ENSG00000168421,RHOH,0.01188732
3287_GAS2L1_P1P2_ENSG00000185340,GAS2L1,0.011885583
906_BRPF1_P1P2_ENSG00000156983,BRPF1,0.011874734
"8340_SPDYE2_ENST00000432940.1,ENST00000507918.1_ENSG00000205238",SPDYE2,0.011874159
"2888_FAM193A_ENST00000324666.5,ENST00000382839.3,ENST00000502458.1,ENST00000545951.1_ENSG00000125386",FAM193A,0.0118556265
10695_ZNF93_P1P2_ENSG00000184635,ZNF93,0.011851865
2621_EME2_P1P2_ENSG00000197774,EME2,0.011847189
10043_ZDHHC14_P1P2_ENSG00000175048,ZDHHC14,0.011845634
2254_DMD_ENST00000357033.4_ENSG00000198947,DMD,0.011837238
4225_ITGAV_P1P2_ENSG00000138448,ITGAV,0.01183393
1466_CEBPB_P1P2_ENSG00000172216,CEBPB,0.011830663
10451_ZNF563_P1P2_ENSG00000188868,ZNF563,0.01182573
10547_ZNF679_P1P2_ENSG00000197123,ZNF679,0.011823209
6129_PCIF1_P1P2_ENSG00000100982,PCIF1,0.011816512
2592_ELL2_P1P2_ENSG00000118985,ELL2,0.01181374
2887_FAM192A_P1P2_ENSG00000172775,FAM192A,0.011812381
9557_UBXN4_P1P2_ENSG00000144224,UBXN4,0.011811275
9485_UBAC1_P1P2_ENSG00000130560,UBAC1,0.011801027
8413_SRP14_P1P2_ENSG00000140319,SRP14,0.011797306
9615_UQCRH_P1P2_ENSG00000173660,UQCRH,0.011797291
8659_TAF1D_P2_ENSG00000166012,TAF1D,0.011795146
4188_IRF3_P1P2_ENSG00000126456,IRF3,0.0117926225
6859_PSMC3IP_P1P2_ENSG00000131470,PSMC3IP,0.0117815
10708_ZRSR2_P1P2_ENSG00000169249,ZRSR2,0.011780386
9467_TYW1B_ENST00000343721.5_ENSG00000277149,TYW1B,0.011775899
6697_PPP4R1_P1P2_ENSG00000154845,PPP4R1,0.0117739905
960_C11orf95_P1P2_ENSG00000188070,C11orf95,0.011773285
1991_CYB5D2_P1P2_ENSG00000167740,CYB5D2,0.011769243
5866_NUDT16_P1P2_ENSG00000198585,NUDT16,0.01176913
3199_FRAT2_P1P2_ENSG00000181274,FRAT2,0.011747632
1849_CPVL_P1P2_ENSG00000106066,CPVL,0.011745976
7090_RALY_P1P2_ENSG00000125970,RALY,0.011739948
7081_RAI1_P1P2_ENSG00000108557,RAI1,0.01173615
8447_SSBP2_P1P2_ENSG00000145687,SSBP2,0.011734788
3954_HSD17B7_P2_ENSG00000132196,HSD17B7,0.011731247
6126_PCGF6_P1P2_ENSG00000156374,PCGF6,0.011730454
5701_NKX6-3_P1P2_ENSG00000165066,NKX6-3,0.011729875
394_APBA3_P1P2_ENSG00000011132,APBA3,0.011719553
7168_RBM27_P1P2_ENSG00000091009,RBM27,0.011717775
5318_MTHFD2L_P1P2_ENSG00000163738,MTHFD2L,0.011715242
10253_ZNF273_P2_ENSG00000198039,ZNF273,0.011710053
9748_VPS29_P1P2_ENSG00000111237,VPS29,0.011707735
2241_DLGAP4_P1P2_ENSG00000080845,DLGAP4,0.0117033
5489_NCAPG2_P1P2_ENSG00000146918,NCAPG2,0.011698406
619_ATG2A_P1P2_ENSG00000110046,ATG2A,0.01169505
4282_KATNA1_P1P2_ENSG00000186625,KATNA1,0.011694771
5008_METTL7A_P1P2_ENSG00000185432,METTL7A,0.011691103
6452_PLIN3_P1P2_ENSG00000105355,PLIN3,0.011689799
4549_LEMD2_P1P2_ENSG00000161904,LEMD2,0.011687118
7297_RHOT2_P1P2_ENSG00000140983,RHOT2,0.011679414
4498_LAMA5_P1P2_ENSG00000130702,LAMA5,0.0116645275
1645_CLDN7_P1P2_ENSG00000181885,CLDN7,0.011662324
10148_ZMYM6_P1P2_ENSG00000163867,ZMYM6,0.011662314
838_BIRC6_P1P2_ENSG00000115760,BIRC6,0.011648268
7582_RTCA_P1P2_ENSG00000137996,RTCA,0.01164759
8927_TIMM9_P1P2_ENSG00000100575,TIMM9,0.0116470745
9993_ZBTB3_P1P2_ENSG00000185670,ZBTB3,0.011641526
7923_SIRT2_P1P2_ENSG00000068903,SIRT2,0.011641033
7530_RPS6KA3_P1P2_ENSG00000177189,RPS6KA3,0.011640639
5310_MTFP1_P1P2_ENSG00000242114,MTFP1,0.011638847
8089_SLC44A4_P1P2_ENSG00000204385,SLC44A4,0.011638313
8574_SUCO_P1P2_ENSG00000094975,SUCO,0.011636879
3168_FOXK2_P1P2_ENSG00000141568,FOXK2,0.011635887
9792_WBP1L_P1P2_ENSG00000166272,WBP1L,0.0116336355
8277_SOSTDC1_P1P2_ENSG00000171243,SOSTDC1,0.011628948
5936_OLFML3_P1P2_ENSG00000116774,OLFML3,0.011628253
10566_ZNF703_P1P2_ENSG00000183779,ZNF703,0.01162469
92_ACOT9_P1P2_ENSG00000123130,ACOT9,0.011610632
8191_SMUG1_P1P2_ENSG00000123415,SMUG1,0.011610044
2778_EXOC1_P1P2_ENSG00000090989,EXOC1,0.0116035985
9330_TRUB2_P1P2_ENSG00000167112,TRUB2,0.011602975
4551_LENG1_P1P2_ENSG00000105617,LENG1,0.01159854
2693_ERCC1_P1P2_ENSG00000012061,ERCC1,0.011595406
6571_POMT1_P1P2_ENSG00000130714,POMT1,0.011589284
573_ASCL1_P1P2_ENSG00000139352,ASCL1,0.011588812
2838_FAM118A_P1P2_ENSG00000100376,FAM118A,0.011587147
3410_GLUD1_P1P2_ENSG00000148672,GLUD1,0.011586998
4640_LRCH4_P2_ENSG00000077454,LRCH4,0.011583157
3276_GAL_P1P2_ENSG00000069482,GAL,0.011580049
35_ABCF2_P1P2_ENSG00000033050,ABCF2,0.01157691
7069_RAD51D_P1P2_ENSG00000185379,RAD51D,0.011576184
7048_RABGAP1_P1P2_ENSG00000011454,RABGAP1,0.011572451
10271_ZNF28_P1P2_ENSG00000198538,ZNF28,0.011558603
5734_NOL12_P1P2_ENSG00000273899,NOL12,0.01155447
405_CENPS_P1P2_ENSG00000175279,CENPS,0.011551525
6809_PRR11_P1P2_ENSG00000068489,PRR11,0.011549297
498_ARIH2_P1P2_ENSG00000177479,ARIH2,0.011535338
7592_RTN4_ENST00000394609.2_ENSG00000115310,RTN4,0.011533956
4171_IQCE_P1P2_ENSG00000106012,IQCE,0.011528604
7644_SAMHD1_P1P2_ENSG00000101347,SAMHD1,0.011525676
7339_RNF114_P1P2_ENSG00000124226,RNF114,0.011523686
6007_OXCT1_P1P2_ENSG00000083720,OXCT1,0.011520336
10802_non-targeting_non-targeting_non-targeting,non-targeting,0.011517684
8200_SNAI3_P1P2_ENSG00000185669,SNAI3,0.011516235
7580_RSRC2_P1P2_ENSG00000111011,RSRC2,0.011506068
6974_PYCR3_P1P2_ENSG00000104524,PYCR3,0.011505595
1886_CRYAB_P1_ENSG00000109846,CRYAB,0.011499722
5764_NPC1_P1P2_ENSG00000141458,NPC1,0.011498907
9316_TRMU_P1P2_ENSG00000100416,TRMU,0.011495586
10270_ZNF287_P1P2_ENSG00000141040,ZNF287,0.011490843
9541_UBQLN1_P1P2_ENSG00000135018,UBQLN1,0.011487463
10815_non-targeting_non-targeting_non-targeting,non-targeting,0.011480613
10083_ZFP36L1_P1_ENSG00000185650,ZFP36L1,0.011478865
214_AIDA_P1P2_ENSG00000186063,AIDA,0.011478066
9663_USP46_P1P2_ENSG00000109189,USP46,0.011474835
10421_ZNF526_P1P2_ENSG00000167625,ZNF526,0.011471302
3808_HLA-B_P1P2_ENSG00000234745,HLA-B,0.011464063
6488_PNKP_P1P2_ENSG00000039650,PNKP,0.0114622805
7486_RPN2_P1P2_ENSG00000118705,RPN2,0.011460601
2432_DYRK1A_ENST00000398960.2_ENSG00000157540,DYRK1A,0.011459927
8604_SURF4_P1P2_ENSG00000148248,SURF4,0.011438301
5246_MRPS16_P1P2_ENSG00000182180,MRPS16,0.011434583
9410_TUBA3D_ENST00000321253.6_ENSG00000075886,TUBA3D,0.011426998
3815_HLTF_P1P2_ENSG00000071794,HLTF,0.011425324
9486_UBAC2_P1P2_ENSG00000134882,UBAC2,0.011422355
7866_SGTB_P1P2_ENSG00000197860,SGTB,0.011418722
3378_GJA3_P1P2_ENSG00000121743,GJA3,0.011417541
9108_TMOD3_P1P2_ENSG00000138594,TMOD3,0.011406529
1546_CHAMP1_P1P2_ENSG00000198824,CHAMP1,0.011399695
9964_ZBED4_P1P2_ENSG00000100426,ZBED4,0.011396454
3968_HSP90AB1_P1P2_ENSG00000096384,HSP90AB1,0.011393088
9401_TTLL12_P1P2_ENSG00000100304,TTLL12,0.011378195
34_ABCF1_P2_ENSG00000204574,ABCF1,0.011376652
4797_MAP1B_P1P2_ENSG00000131711,MAP1B,0.011376588
1138_CA11_P1P2_ENSG00000063180,CA11,0.011376225
5167_MPHOSPH9_P1P2_ENSG00000051825,MPHOSPH9,0.011371095
7224_REEP5_P1P2_ENSG00000129625,REEP5,0.011370275
9591_UNC13D_P1P2_ENSG00000092929,UNC13D,0.011359531
7189_RBP5_P1P2_ENSG00000139194,RBP5,0.01135887
7427_RPF2_P1P2_ENSG00000197498,RPF2,0.011357537
5782_NR1H2_P1P2_ENSG00000131408,NR1H2,0.011355469
9367_TSR3_P1P2_ENSG00000007520,TSR3,0.011351539
698_ATRX_P1P2_ENSG00000085224,ATRX,0.011344274
6911_PTGFRN_P1P2_ENSG00000134247,PTGFRN,0.011343465
8740_TBPL2_ENST00000247219.5_ENSG00000182521,TBPL2,0.011342517
10807_non-targeting_non-targeting_non-targeting,non-targeting,0.011336844
5315_MTG2_P1P2_ENSG00000101181,MTG2,0.011326772
3715_HEYL_P1P2_ENSG00000163909,HEYL,0.011325199
6782_PRODH_P2_ENSG00000100033,PRODH,0.011320476
5983_OSBP_P1P2_ENSG00000110048,OSBP,0.011320369
4810_MAP3K3_P1P2_ENSG00000198909,MAP3K3,0.011317401
6763_PRKCQ_P1P2_ENSG00000065675,PRKCQ,0.011306156
9914_XYLB_P1P2_ENSG00000093217,XYLB,0.011304737
11074_non-targeting_non-targeting_non-targeting,non-targeting,0.01129909
11162_non-targeting_non-targeting_non-targeting,non-targeting,0.011297661
2342_DPF2_P2_ENSG00000133884,DPF2,0.011296872
3753_HIST1H2AH_P1P2_ENSG00000274997,HIST1H2AH,0.01129508
3873_HNRNPM_P1_ENSG00000099783,HNRNPM,0.011292059
7139_RBAK_P2_ENSG00000146587,RBAK,0.011289198
6554_POLR2M_P1P2_ENSG00000255529,POLR2M,0.011289082
11176_non-targeting_non-targeting_non-targeting,non-targeting,0.0112857865
7612_RWDD4_P1P2_ENSG00000182552,RWDD4,0.0112803085
1473_CELF2_P1P2_ENSG00000048740,CELF2,0.011277521
9075_TMEM44_P1P2_ENSG00000145014,TMEM44,0.011273329
1104_ILRUN_P1P2_ENSG00000196821,ILRUN,0.011270178
2037_DBI_P1_ENSG00000155368,DBI,0.011266789
8502_STAU2_P1P2_ENSG00000040341,STAU2,0.011264495
9252_TRAPPC6B_P1P2_ENSG00000182400,TRAPPC6B,0.011264002
6371_PIP4K2B_P1P2_ENSG00000276293,PIP4K2B,0.011263655
1216_CAV2_P1P2_ENSG00000105971,CAV2,0.011256325
1062_GATD3A_P1P2_ENSG00000160221,GATD3A,0.011249221
6938_PTPRR_P1P2_ENSG00000153233,PTPRR,0.011243272
4652_LRPAP1_P1P2_ENSG00000163956,LRPAP1,0.011238423
3016_FBXO38_P1P2_ENSG00000145868,FBXO38,0.0112383645
5508_NCOA4_P1P2_ENSG00000266412,NCOA4,0.011237475
6139_PCNX4_P1P2_ENSG00000126773,PCNX4,0.011231096
3477_GORASP2_P1P2_ENSG00000115806,GORASP2,0.011230681
5972_ORMDL2_P1P2_ENSG00000123353,ORMDL2,0.011229951
6970_PXN_P1P2_ENSG00000089159,PXN,0.011216314
6508_POFUT2_P1P2_ENSG00000186866,POFUT2,0.011215903
4613_LMBRD2_P1P2_ENSG00000164187,LMBRD2,0.011208996
10299_ZNF33A_P1P2_ENSG00000189180,ZNF33A,0.011205461
3648_HBD_P1P2_ENSG00000223609,HBD,0.01120202
8989_TMEM120A_P1P2_ENSG00000189077,TMEM120A,0.011197607
3188_FOXP3_P1P2_ENSG00000049768,FOXP3,0.011193634
10415_ZNF517_P1P2_ENSG00000197363,ZNF517,0.011189847
10982_non-targeting_non-targeting_non-targeting,non-targeting,0.011188979
1512_CEP72_P1P2_ENSG00000112877,CEP72,0.011184348
676_ATP6V0D1_P1P2_ENSG00000159720,ATP6V0D1,0.011179533
3482_GP1BB_P1P2_ENSG00000203618,GP1BB,0.011178254
7133_RAX_P1P2_ENSG00000134438,RAX,0.011174834
8946_TLK1_P1P2_ENSG00000198586,TLK1,0.011169068
3974_HSPA1B_P1_ENSG00000204388,HSPA1B,0.011164992
7383_RNF24_P1P2_ENSG00000101236,RNF24,0.01115305
5491_NCAPH2_P1P2_ENSG00000025770,NCAPH2,0.011150944
10081_ZFP2_P1P2_ENSG00000198939,ZFP2,0.01114544
10355_ZNF432_P1P2_ENSG00000256087,ZNF432,0.011136451
5779_NR0B1_P1P2_ENSG00000169297,NR0B1,0.01113482
2677_EPPK1_P1P2_ENSG00000261150,EPPK1,0.01111651
10789_non-targeting_non-targeting_non-targeting,non-targeting,0.011115623
9326_TRPT1_P1P2_ENSG00000149743,TRPT1,0.0111127235
6064_PAPSS1_P1P2_ENSG00000138801,PAPSS1,0.011109033
1769_COMT_P1P2_ENSG00000093010,COMT,0.0111024305
6232_PEX3_P1P2_ENSG00000034693,PEX3,0.011099532
1961_CUL2_P1P2_ENSG00000108094,CUL2,0.011093695
1175_CAP1_P1P2_ENSG00000131236,CAP1,0.011092013
974_GON7_P1P2_ENSG00000170270,GON7,0.011088959
4743_MACROD1_P1P2_ENSG00000133315,MACROD1,0.011086893
8033_SLC30A7_P1P2_ENSG00000162695,SLC30A7,0.011084445
4690_LSM1_P1P2_ENSG00000175324,LSM1,0.0110839745
918_BTBD10_P1_ENSG00000148925,BTBD10,0.011082626
1845_CPSF7_P1P2_ENSG00000149532,CPSF7,0.011081508
2050_DCAF12_P1P2_ENSG00000198876,DCAF12,0.011076583
10684_ZNF878_P1P2_ENSG00000257446,ZNF878,0.011073609
112_ACTR2_P1P2_ENSG00000138071,ACTR2,0.01106951
5995_OTUB1_P1P2_ENSG00000167770,OTUB1,0.011067784
3243_G6PC3_P1P2_ENSG00000141349,G6PC3,0.011064152
3059_FERMT2_P1P2_ENSG00000073712,FERMT2,0.011063082
8509_STIP1_P1P2_ENSG00000168439,STIP1,0.011062786
5108_MLH1_P1P2_ENSG00000076242,MLH1,0.011055038
6019_P4HA2_P1P2_ENSG00000072682,P4HA2,0.011039101
296_AMOTL1_P1P2_ENSG00000166025,AMOTL1,0.011034975
8407_SRGAP2_P1P2_ENSG00000266028,SRGAP2,0.011033092
2418_DVL3_P1P2_ENSG00000161202,DVL3,0.011031435
6234_PEX6_P1P2_ENSG00000124587,PEX6,0.011027983
3713_HEY1_P1P2_ENSG00000164683,HEY1,0.011023608
4131_INPP1_P1P2_ENSG00000151689,INPP1,0.011020128
2053_DCAF16_P1P2_ENSG00000163257,DCAF16,0.011018102
5384_MYL12A_P2_ENSG00000101608,MYL12A,0.011013174
3459_GOLGA5_P1P2_ENSG00000066455,GOLGA5,0.0110118855
1434_CDK5RAP1_P2_ENSG00000101391,CDK5RAP1,0.011002107
10070_ZFAND6_P1P2_ENSG00000086666,ZFAND6,0.011001267
5404_MYOD1_P1P2_ENSG00000129152,MYOD1,0.011000075
11073_non-targeting_non-targeting_non-targeting,non-targeting,0.010999021
7617_RYK_P1P2_ENSG00000163785,RYK,0.010997063
896_BRF1_P1P2_ENSG00000185024,BRF1,0.010991378
513_ARL6IP1_P1_ENSG00000170540,ARL6IP1,0.010989825
7267_RFXAP_P1P2_ENSG00000133111,RFXAP,0.0109805735
3033_FBXW11_P1P2_ENSG00000072803,FBXW11,0.010977308
9502_UBE2F_P1P2_ENSG00000184182,UBE2F,0.010974693
10248_ZNF266_P1P2_ENSG00000174652,ZNF266,0.010967919
7473_RPL41_P1P2_ENSG00000229117,RPL41,0.010967068
3113_FLOT2_P1P2_ENSG00000132589,FLOT2,0.0109632285
9007_TMEM150A_P1P2_ENSG00000168890,TMEM150A,0.010961423
1313_CCHCR1_P1P2_ENSG00000204536,CCHCR1,0.010958357
8706_TBC1D12_P1P2_ENSG00000108239,TBC1D12,0.01095604
1700_CMTM7_P1P2_ENSG00000153551,CMTM7,0.010953221
9488_UBALD2_P1P2_ENSG00000185262,UBALD2,0.010952152
5644_NFKBIA_P1_ENSG00000100906,NFKBIA,0.010951722
6929_PTPN2_P1P2_ENSG00000175354,PTPN2,0.010935347
2359_DPP9_P2_ENSG00000142002,DPP9,0.010927724
6469_PLXNB1_P1P2_ENSG00000164050,PLXNB1,0.010923299
8726_TBCCD1_P2_ENSG00000113838,TBCCD1,0.010915759
6317_PI4KA_P1P2_ENSG00000241973,PI4KA,0.0109125525
3055_FEM1A_P1P2_ENSG00000141965,FEM1A,0.010907686
7715_SDC3_P1P2_ENSG00000162512,SDC3,0.010903578
6935_PTPRF_P1P2_ENSG00000142949,PTPRF,0.010900233
4734_LYZ_P1P2_ENSG00000090382,LYZ,0.0108986525
6694_PPP3CC_P1P2_ENSG00000120910,PPP3CC,0.01089621
8342_SPECC1L_P1P2_ENSG00000100014,SPECC1L,0.010887389
3394_GLI4_P1P2_ENSG00000250571,GLI4,0.010884251
3073_FGFR1_P1P2_ENSG00000077782,FGFR1,0.010883418
7586_RTF2_P1P2_ENSG00000022277,RTF2,0.010881036
2_AAAS_P1P2_ENSG00000094914,AAAS,0.01087512
3191_FOXR1_P1P2_ENSG00000176302,FOXR1,0.010872826
2967_FANCL_P1P2_ENSG00000115392,FANCL,0.010864064
7757_SECISBP2_P1P2_ENSG00000187742,SECISBP2,0.010860889
1813_COX20_P1P2_ENSG00000203667,COX20,0.010858028
8507_STIM1_P1P2_ENSG00000167323,STIM1,0.010849718
5419_N4BP2_P1P2_ENSG00000078177,N4BP2,0.01084453
1378_CD81_P2_ENSG00000110651,CD81,0.010839581
9016_TMEM167B_P1P2_ENSG00000215717,TMEM167B,0.01083456
1467_CEBPD_P1P2_ENSG00000221869,CEBPD,0.010827812
2995_FBXL19_P1P2_ENSG00000099364,FBXL19,0.010825553
5242_MRPS11_P1P2_ENSG00000181991,MRPS11,0.010824581
9421_TUBB_P2_ENSG00000196230,TUBB,0.010821607
2171_DGAT1_P1P2_ENSG00000185000,DGAT1,0.01081966
8972_TMED10_P1P2_ENSG00000170348,TMED10,0.010812809
1047_ODR4_P1P2_ENSG00000157181,ODR4,0.010811445
8812_TEF_P2_ENSG00000167074,TEF,0.0108056795
1101_C5orf34_P1P2_ENSG00000172244,C5orf34,0.010805177
10586_ZNF718_ENST00000502662.1_ENSG00000250312,ZNF718,0.010797717
1343_CCSAP_P1P2_ENSG00000154429,CCSAP,0.010795213
4166_IPO9_P1P2_ENSG00000198700,IPO9,0.010784395
9425_TUBGCP2_P1P2_ENSG00000130640,TUBGCP2,0.010783827
11142_non-targeting_non-targeting_non-targeting,non-targeting,0.010783614
6444_PLEKHG4_P1_ENSG00000196155,PLEKHG4,0.010775153
3824_HMG20B_P2_ENSG00000064961,HMG20B,0.010767259
4007_IBTK_P1_ENSG00000005700,IBTK,0.010762143
2041_DBNDD2_P1_ENSG00000244274,DBNDD2,0.010752278
6686_PPP2R3C_P1P2_ENSG00000092020,PPP2R3C,0.010751953
2281_DNAJB1_P1P2_ENSG00000132002,DNAJB1,0.010748346
6394_PKMYT1_P1P2_ENSG00000127564,PKMYT1,0.010744941
484_ARHGEF7_ENST00000370623.3_ENSG00000102606,ARHGEF7,0.010740504
58_ABO_P1_ENSG00000175164,ABO,0.010736626
1783_COPS7A_P1P2_ENSG00000111652,COPS7A,0.010732812
6350_PIH1D1_P1P2_ENSG00000104872,PIH1D1,0.010731978
9649_USP32_P1P2_ENSG00000170832,USP32,0.010726108
3432_GNAQ_P1P2_ENSG00000156052,GNAQ,0.01072581
1237_CC2D1B_P1P2_ENSG00000154222,CC2D1B,0.010723099
1510_CEP68_P1P2_ENSG00000011523,CEP68,0.010721085
6462_PLS1_P2_ENSG00000120756,PLS1,0.010720682
24_ABCB9_P1_ENSG00000150967,ABCB9,0.010719664
9695_VAMP3_P1P2_ENSG00000049245,VAMP3,0.010718865
3_AACS_P1P2_ENSG00000081760,AACS,0.010712583
442_ARF5_P2_ENSG00000004059,ARF5,0.010702749
8883_THEM4_P1P2_ENSG00000159445,THEM4,0.010697735
9063_TMEM258_P1P2_ENSG00000134825,TMEM258,0.010697696
5628_NFATC4_P1P2_ENSG00000100968,NFATC4,0.010697015
1004_C17orf58_P1P2_ENSG00000186665,C17orf58,0.0106969215
1543_CHAC2_P1P2_ENSG00000143942,CHAC2,0.010695841
9271_TRIM28_P1P2_ENSG00000130726,TRIM28,0.010694944
10963_non-targeting_non-targeting_non-targeting,non-targeting,0.0106873335
2314_DNMT1_P1P2_ENSG00000130816,DNMT1,0.010676371
2927_FAM53C_P1P2_ENSG00000120709,FAM53C,0.010672666
10401_ZNF500_P1P2_ENSG00000103199,ZNF500,0.010666637
7609_RWDD1_P1P2_ENSG00000111832,RWDD1,0.010655718
3558_GSTK1_P1P2_ENSG00000197448,GSTK1,0.010655227
1251_CCDC127_P1P2_ENSG00000164366,CCDC127,0.010646013
7968_SLC16A5_P1P2_ENSG00000170190,SLC16A5,0.01064539
8451_ITPRID2_P1P2_ENSG00000138434,ITPRID2,0.01063921
4854_MARK3_P1_ENSG00000075413,MARK3,0.010634375
811_BCOR_P1P2_ENSG00000183337,BCOR,0.010632083
2116_DDX31_P1P2_ENSG00000125485,DDX31,0.010629973
6983_QKI_P1P2_ENSG00000112531,QKI,0.010628103
208_AHNAK_P1_ENSG00000124942,AHNAK,0.010625152
246_AKT1S1_P1P2_ENSG00000204673,AKT1S1,0.010619405
5714_NME6_P1P2_ENSG00000172113,NME6,0.0106189195
1_A1BG_P2_ENSG00000121410,A1BG,0.01061573
8470_ST3GAL2_P2_ENSG00000157350,ST3GAL2,0.010613784
4016_ICMT_P1P2_ENSG00000116237,ICMT,0.010611214
3921_HOXD11_P1P2_ENSG00000128713,HOXD11,0.010607792
8945_TLE4_P1P2_ENSG00000106829,TLE4,0.01060746
7905_SIAH1_P1P2_ENSG00000196470,SIAH1,0.010605775
1632_CKS2_P1P2_ENSG00000123975,CKS2,0.01060506
8518_STK25_P1P2_ENSG00000115694,STK25,0.01060082
5048_MIA3_P2_ENSG00000154305,MIA3,0.010585897
1880_CRTC2_P1P2_ENSG00000160741,CRTC2,0.010581576
10475_ZNF582_P1P2_ENSG00000018869,ZNF582,0.010581306
5790_NR2C2_P1P2_ENSG00000177463,NR2C2,0.0105806
6962_PWP1_P1P2_ENSG00000136045,PWP1,0.010570067
2540_EIF2D_P1P2_ENSG00000143486,EIF2D,0.010569381
284_ALX1_P1P2_ENSG00000180318,ALX1,0.010560306
7799_SERINC1_P1P2_ENSG00000111897,SERINC1,0.010560055
775_BBC3_P1P2_ENSG00000105327,BBC3,0.010554709
493_ARID4A_P1P2_ENSG00000032219,ARID4A,0.0105525805
1565_CHD9_P1_ENSG00000177200,CHD9,0.010548538
812_BCR_P1P2_ENSG00000186716,BCR,0.010546952
5462_NAPA_P1P2_ENSG00000105402,NAPA,0.010546562
8646_TACO1_P1P2_ENSG00000136463,TACO1,0.010544404
1325_CCNE1_P1P2_ENSG00000105173,CCNE1,0.010543165
4689_LSM14B_P1P2_ENSG00000149657,LSM14B,0.010539628
9929_YIF1B_P1P2_ENSG00000167645,YIF1B,0.010539458
6787_PROSER1_P1P2_ENSG00000120685,PROSER1,0.010527685
10120_ZIC3_P1P2_ENSG00000156925,ZIC3,0.010526312
8364_SPNS1_P1P2_ENSG00000169682,SPNS1,0.010512495
1240_KYAT3_P1P2_ENSG00000137944,KYAT3,0.010511947
7816_SETD2_P1P2_ENSG00000181555,SETD2,0.010511784
8224_SNRPA_P1P2_ENSG00000077312,SNRPA,0.010509079
10358_ZNF436_P2_ENSG00000125945,ZNF436,0.01050866
143_ADCK2_P1P2_ENSG00000133597,ADCK2,0.010503741
9786_WASF1_P1P2_ENSG00000112290,WASF1,0.010490552
11063_non-targeting_non-targeting_non-targeting,non-targeting,0.010485825
3797_HIVEP1_P1P2_ENSG00000095951,HIVEP1,0.010482682
542_ARPC5L_P1_ENSG00000136950,ARPC5L,0.010471008
2371_DRAM2_P1P2_ENSG00000156171,DRAM2,0.0104693165
8540_STRIP1_P1P2_ENSG00000143093,STRIP1,0.010455617
4324_KDM4A_P1P2_ENSG00000066135,KDM4A,0.010455237
2059_DCAF7_P1P2_ENSG00000136485,DCAF7,0.010452903
5252_MRPS22_P1P2_ENSG00000175110,MRPS22,0.010448797
2157_DEPDC1_P1P2_ENSG00000024526,DEPDC1,0.010437905
2481_EED_P1P2_ENSG00000074266,EED,0.010437274
10112_ZFY_P1P2_ENSG00000067646,ZFY,0.010436819
10998_non-targeting_non-targeting_non-targeting,non-targeting,0.010429106
5521_NDE1_P2_ENSG00000072864,NDE1,0.010425222
3006_FBH1_P1P2_ENSG00000134452,FBH1,0.010423119
2710_ERI3_P1P2_ENSG00000117419,ERI3,0.010421474
741_B9D2_P1P2_ENSG00000123810,B9D2,0.010420826
2577_EIF5B_P1P2_ENSG00000158417,EIF5B,0.010417874
5589_NEFH_P1P2_ENSG00000100285,NEFH,0.010410282
8231_SNRPE_P1P2_ENSG00000182004,SNRPE,0.010407919
6012_OXSM_P1P2_ENSG00000151093,OXSM,0.010400639
8906_TIGD1_P1P2_ENSG00000221944,TIGD1,0.010397792
9452_TXNDC5_P1P2_ENSG00000239264,TXNDC5,0.0103953155
3559_GSTM3_P1P2_ENSG00000134202,GSTM3,0.010388659
10980_non-targeting_non-targeting_non-targeting,non-targeting,0.01038573
675_ATP6V0C_P1P2_ENSG00000185883,ATP6V0C,0.010383502
1084_C3orf33_P1P2_ENSG00000174928,C3orf33,0.010383188
6762_PRKCI_P1P2_ENSG00000163558,PRKCI,0.010382217
1029_C1D_P1P2_ENSG00000197223,C1D,0.01038131
10942_non-targeting_non-targeting_non-targeting,non-targeting,0.010377623
7304_RICTOR_P1P2_ENSG00000164327,RICTOR,0.010377331
5934_OIP5_P1P2_ENSG00000104147,OIP5,0.01037598
7006_RAB11FIP4_ENST00000325874.8_ENSG00000131242,RAB11FIP4,0.010375206
8982_TMEM106B_P1P2_ENSG00000106460,TMEM106B,0.010374439
3944_HS6ST1_P1P2_ENSG00000136720,HS6ST1,0.0103738215
2395_DUS1L_P1P2_ENSG00000169718,DUS1L,0.010371218
2767_ETV7_P1P2_ENSG00000010030,ETV7,0.010365198
6086_PATZ1_P2_ENSG00000100105,PATZ1,0.010364729
3837_HMGN4_P1P2_ENSG00000182952,HMGN4,0.010364376
11130_non-targeting_non-targeting_non-targeting,non-targeting,0.010363129
5325_MTHFS_P2_ENSG00000136371,MTHFS,0.010361957
3030_FBXO8_P2_ENSG00000164117,FBXO8,0.010360499
89_ACOT13_P1P2_ENSG00000112304,ACOT13,0.010357815
5148_MON2_P1P2_ENSG00000061987,MON2,0.0103570195
2109_DDX1_P1P2_ENSG00000079785,DDX1,0.010355779
8289_SOX30_P1_ENSG00000039600,SOX30,0.010354212
1061_CFAP410_P1P2_ENSG00000160226,CFAP410,0.010353315
2282_DNAJB4_P1P2_ENSG00000162616,DNAJB4,0.010352972
5432_NAA50_P1P2_ENSG00000121579,NAA50,0.010351089
9273_TRIM35_P1P2_ENSG00000104228,TRIM35,0.010346998
8384_SPTBN1_P1P2_ENSG00000115306,SPTBN1,0.010344103
2290_DNAJC16_P1P2_ENSG00000116138,DNAJC16,0.010341926
9110_TMSB10_P1P2_ENSG00000034510,TMSB10,0.010340502
8885_THEMIS2_P1P2_ENSG00000130775,THEMIS2,0.0103331525
1541_CGGBP1_P2_ENSG00000163320,CGGBP1,0.010330449
10507_ZNF619_P1P2_ENSG00000177873,ZNF619,0.010326803
10399_ZNF496_P1P2_ENSG00000162714,ZNF496,0.010324731
3612_H1FX_P1P2_ENSG00000184897,H1FX,0.010323658
3491_GPATCH3_P1P2_ENSG00000198746,GPATCH3,0.010316999
2730_ESF1_P2_ENSG00000089048,ESF1,0.010313876
10717_ZSCAN22_P1P2_ENSG00000182318,ZSCAN22,0.010311694
11024_non-targeting_non-targeting_non-targeting,non-targeting,0.010308402
1659_CLK2_P1P2_ENSG00000176444,CLK2,0.010307369
4660_LRRC28_P1P2_ENSG00000168904,LRRC28,0.0102989385
9877_WRN_P1P2_ENSG00000165392,WRN,0.010298261
651_ATP2C1_P1P2_ENSG00000017260,ATP2C1,0.010298111
3587_GTF3C4_P1P2_ENSG00000125484,GTF3C4,0.010293576
5837_NT5C2_P1P2_ENSG00000076685,NT5C2,0.0102907205
5122_MMADHC_P1P2_ENSG00000168288,MMADHC,0.010289155
1222_CBLN1_P1P2_ENSG00000102924,CBLN1,0.010288793
4230_ITM2A_P1P2_ENSG00000078596,ITM2A,0.010285524
2970_FAR2_P1P2_ENSG00000064763,FAR2,0.010279854
8687_TAP2_P1P2_ENSG00000204267,TAP2,0.010279215
6138_PCNX3_P1P2_ENSG00000197136,PCNX3,0.010277616
6941_PTRH1_P1P2_ENSG00000187024,PTRH1,0.010270105
6324_PIBF1_P1P2_ENSG00000083535,PIBF1,0.010268948
2014_CYTH3_P1P2_ENSG00000008256,CYTH3,0.010256864
6749_PRIMPOL_P1P2_ENSG00000164306,PRIMPOL,0.010250281
3119_FMR1NB_P1P2_ENSG00000176988,FMR1NB,0.010249609
2607_ELP5_P1P2_ENSG00000170291,ELP5,0.010245616
2278_DNAJB11_P1P2_ENSG00000090520,DNAJB11,0.010240766
4118_ING1_P1_ENSG00000153487,ING1,0.010234479
6631_PPIL3_P1P2_ENSG00000240344,PPIL3,0.010229144
10804_non-targeting_non-targeting_non-targeting,non-targeting,0.010228185
8352_SPHK1_P1P2_ENSG00000176170,SPHK1,0.010223746
4738_LZTS2_P2_ENSG00000107816,LZTS2,0.01022212
4514_LAPTM4B_P1P2_ENSG00000104341,LAPTM4B,0.010213332
11055_non-targeting_non-targeting_non-targeting,non-targeting,0.0102120405
4662_LRRC37B_P1P2_ENSG00000185158,LRRC37B,0.010207881
436_AREG_P1P2_ENSG00000109321,AREG,0.010205521
6968_PXMP2_P1P2_ENSG00000176894,PXMP2,0.010204022
10713_ZSCAN18_P2_ENSG00000121413,ZSCAN18,0.010200152
898_BRI3BP_P1P2_ENSG00000184992,BRI3BP,0.010191395
1105_C6orf120_P1P2_ENSG00000185127,C6orf120,0.010181249
5871_NUDT2_P1P2_ENSG00000164978,NUDT2,0.010177597
11313_non-targeting_non-targeting_non-targeting,non-targeting,0.010169906
3607_GYPB_P1P2_ENSG00000250361,GYPB,0.010161768
7849_SFXN4_P1P2_ENSG00000183605,SFXN4,0.010149771
6973_PYCR2_P1P2_ENSG00000143811,PYCR2,0.010149053
5916_OAT_P1P2_ENSG00000065154,OAT,0.01014843
5452_NAGLU_P1P2_ENSG00000108784,NAGLU,0.010148052
11092_non-targeting_non-targeting_non-targeting,non-targeting,0.010147232
2187_DHFR_P1P2_ENSG00000228716,DHFR,0.010141963
69_ACADM_P1P2_ENSG00000117054,ACADM,0.010140511
1596_CHRAC1_P1P2_ENSG00000104472,CHRAC1,0.010123719
8863_TGIF1_P1P2_ENSG00000177426,TGIF1,0.010122351
5823_NSDHL_P1P2_ENSG00000147383,NSDHL,0.010121552
10877_non-targeting_non-targeting_non-targeting,non-targeting,0.010121058
6593_POU3F4_P1P2_ENSG00000196767,POU3F4,0.0101187145
6510_POGLUT1_P1P2_ENSG00000163389,POGLUT1,0.010118139
3372_GINS4_P1P2_ENSG00000147536,GINS4,0.010113213
5436_NAB2_P1P2_ENSG00000166886,NAB2,0.01011252
883_BRAT1_P1P2_ENSG00000106009,BRAT1,0.01011062
11285_non-targeting_non-targeting_non-targeting,non-targeting,0.010110544
2010_CYS1_P1P2_ENSG00000205795,CYS1,0.010108146
6649_PPP1CA_P2_ENSG00000172531,PPP1CA,0.010100452
9481_UBA52_P2_ENSG00000221983,UBA52,0.010098956
6799_PRPF40B_P1P2_ENSG00000110844,PRPF40B,0.010096343
5380_MYF6_P1P2_ENSG00000111046,MYF6,0.010093803
2956_FAM98A_P1P2_ENSG00000119812,FAM98A,0.010089367
6978_PYGO2_P1P2_ENSG00000163348,PYGO2,0.010087654
9064_TMEM259_P1P2_ENSG00000182087,TMEM259,0.01008071
11294_non-targeting_non-targeting_non-targeting,non-targeting,0.010077604
4270_KANSL1_P1P2_ENSG00000120071,KANSL1,0.010063946
9776_VTI1B_P1P2_ENSG00000100568,VTI1B,0.010061312
2366_DPY19L4_P1P2_ENSG00000156162,DPY19L4,0.010060446
9665_USP48_P1P2_ENSG00000090686,USP48,0.0100580035
3759_HIST1H2BB_P1P2_ENSG00000276410,HIST1H2BB,0.010054267
10297_ZNF335_P1P2_ENSG00000198026,ZNF335,0.010047482
9010_TMEM160_P1P2_ENSG00000130748,TMEM160,0.0100442385
10372_ZNF44_P1P2_ENSG00000197857,ZNF44,0.010043141
10643_ZNF793_P1P2_ENSG00000188227,ZNF793,0.010037545
2195_DHRS2_P1P2_ENSG00000100867,DHRS2,0.010031218
1525_CERS5_P1P2_ENSG00000139624,CERS5,0.010030462
10149_ZMYND11_P1P2_ENSG00000015171,ZMYND11,0.010029031
1272_CCDC25_P1P2_ENSG00000147419,CCDC25,0.010026481
9520_UBE2V1_P1P2_ENSG00000244687,UBE2V1,0.010024292
3669_HDDC2_P1P2_ENSG00000111906,HDDC2,0.010024189
11256_non-targeting_non-targeting_non-targeting,non-targeting,0.010021758
5282_MSH5_P1P2_ENSG00000204410,MSH5,0.010015734
5333_MTMR2_P1P2_ENSG00000087053,MTMR2,0.010014691
1519_CEP97_P1P2_ENSG00000182504,CEP97,0.010011238
3404_GLRX5_P1P2_ENSG00000182512,GLRX5,0.010009725
890_BRD3_P1P2_ENSG00000169925,BRD3,0.010007422
3063_FEV_P1P2_ENSG00000163497,FEV,0.010000935
10272_ZNF292_P1P2_ENSG00000188994,ZNF292,0.009996753
2311_DNM1L_P1P2_ENSG00000087470,DNM1L,0.009993974
661_ATP5MC3_P1P2_ENSG00000154518,ATP5MC3,0.009991903
5180_MPZL1_P1P2_ENSG00000197965,MPZL1,0.009991738
9284_TRIM5_P1P2_ENSG00000132256,TRIM5,0.009990418
7517_RPS27L_P1P2_ENSG00000185088,RPS27L,0.009989164
10072_ZFAT_P1_ENSG00000066827,ZFAT,0.009980128
3709_HEXD_P1P2_ENSG00000169660,HEXD,0.00997895
4828_MAPK1_P1P2_ENSG00000100030,MAPK1,0.009976552
9052_TMEM237_P1P2_ENSG00000155755,TMEM237,0.009971642
7848_SFXN2_P1P2_ENSG00000156398,SFXN2,0.00997137
9347_TSNAX_P1P2_ENSG00000116918,TSNAX,0.009971196
909_BRWD3_P1P2_ENSG00000165288,BRWD3,0.009970641
1317_CCNB1_P1P2_ENSG00000134057,CCNB1,0.009964261
1585_CHMP4A_P2_ENSG00000254505,CHMP4A,0.009958798
1988_CYB561_P1P2_ENSG00000008283,CYB561,0.009958578
2091_DDHD2_P1P2_ENSG00000085788,DDHD2,0.009953315
1692_CMC4_P1P2_ENSG00000182712,CMC4,0.009952141
2926_FAM53B_P1P2_ENSG00000189319,FAM53B,0.009950812
7348_RNF139_P1P2_ENSG00000170881,RNF139,0.009948739
338_ANKRD36_P1P2_ENSG00000135976,ANKRD36,0.009947331
9961_ZBED1_P1P2_ENSG00000214717,ZBED1,0.009946003
5979_OSBPL5_P1P2_ENSG00000021762,OSBPL5,0.00994126
2152_DENND4B_P1_ENSG00000198837,DENND4B,0.009934349
8295_SOX5_ENST00000546136.1_ENSG00000134532,SOX5,0.009931951
7831_SF3A1_P2_ENSG00000099995,SF3A1,0.009928372
6877_PSMD9_P1P2_ENSG00000110801,PSMD9,0.009928226
2483_EEF1A2_P1P2_ENSG00000101210,EEF1A2,0.00992239
2377_DSC2_P1P2_ENSG00000134755,DSC2,0.009917015
4426_KLHDC10_P1P2_ENSG00000128607,KLHDC10,0.009913449
7642_SAMD1_P1P2_ENSG00000141858,SAMD1,0.009900778
3590_GTPBP10_P1P2_ENSG00000105793,GTPBP10,0.009896182
9217_TPST2_P2_ENSG00000128294,TPST2,0.009894571
4748_MADD_P1P2_ENSG00000110514,MADD,0.009893382
6775_PRMT2_P1P2_ENSG00000160310,PRMT2,0.009887877
5284_MSI2_P1P2_ENSG00000153944,MSI2,0.009870674
8679_TANGO2_P1P2_ENSG00000183597,TANGO2,0.009862933
7355_RNF146_P1P2_ENSG00000118518,RNF146,0.0098570315
5870_NUDT22_P1P2_ENSG00000149761,NUDT22,0.009854697
6956_PUS3_P1P2_ENSG00000110060,PUS3,0.009849545
5625_NFATC2_P1_ENSG00000101096,NFATC2,0.009839009
8727_TBCCD1_P1_ENSG00000113838,TBCCD1,0.00983832
6273_PHAX_P2_ENSG00000164902,PHAX,0.009834763
9960_ZADH2_P1P2_ENSG00000180011,ZADH2,0.009833026
3160_FOXH1_P1P2_ENSG00000160973,FOXH1,0.0098276
10939_non-targeting_non-targeting_non-targeting,non-targeting,0.009826155
9430_TUFM_P1P2_ENSG00000178952,TUFM,0.0098253805
313_ANHX_P1P2_ENSG00000227059,ANHX,0.0098151555
10409_ZNF512B_P1P2_ENSG00000196700,ZNF512B,0.009812654
11247_non-targeting_non-targeting_non-targeting,non-targeting,0.009812342
7558_RRM2_P1P2_ENSG00000171848,RRM2,0.009808072
7264_RFX7_P1P2_ENSG00000181827,RFX7,0.009807458
1550_CHCHD3_P1P2_ENSG00000106554,CHCHD3,0.009807117
5880_NUFIP2_P1P2_ENSG00000108256,NUFIP2,0.009802547
3069_FGF13_ENST00000315930.6_ENSG00000129682,FGF13,0.00980033
317_ANKHD1_P1P2_ENSG00000131503,ANKHD1,0.009793752
3735_HIP1R_P1P2_ENSG00000130787,HIP1R,0.009793593
8134_SMAD6_P1P2_ENSG00000137834,SMAD6,0.009792087
4075_IGSF8_P1P2_ENSG00000162729,IGSF8,0.009791089
281_ALKBH8_P1P2_ENSG00000137760,ALKBH8,0.00979036
518_ARL8A_P1P2_ENSG00000143862,ARL8A,0.009790067
495_ARID5A_P1P2_ENSG00000196843,ARID5A,0.009775037
10452_ZNF564_P1P2_ENSG00000249709,ZNF564,0.009774724
6569_POMGNT2_P1P2_ENSG00000144647,POMGNT2,0.009772932
11060_non-targeting_non-targeting_non-targeting,non-targeting,0.0097720735
3312_GBX2_P1P2_ENSG00000168505,GBX2,0.009771425
9689_UVRAG_P1P2_ENSG00000198382,UVRAG,0.00976891
10342_ZNF417_P1P2_ENSG00000173480,ZNF417,0.009767525
7628_SAAL1_P2_ENSG00000166788,SAAL1,0.009763492
4100_ILF3_P1P2_ENSG00000129351,ILF3,0.009762332
8841_TFB2M_P1P2_ENSG00000162851,TFB2M,0.009755718
4915_MDH1_P1P2_ENSG00000014641,MDH1,0.0097526405
4638_LRBA_P1P2_ENSG00000198589,LRBA,0.009751558
4480_KRTAP4-2_P1P2_ENSG00000244537,KRTAP4-2,0.009748107
7024_RAB32_P1P2_ENSG00000118508,RAB32,0.0097455485
1529_CETN2_P1_ENSG00000147400,CETN2,0.009744324
"10585_ZNF718_ENST00000510175.1,ENST00000511079.1,ENST00000513304.1,ENST00000513889.1_ENSG00000250312",ZNF718,0.00974385
2239_DLG1_P1P2_ENSG00000075711,DLG1,0.009739994
9195_TP53_P1P2_ENSG00000141510,TP53,0.009738478
5775_NPW_P1P2_ENSG00000183971,NPW,0.009730674
6675_PPP1R7_P1P2_ENSG00000115685,PPP1R7,0.009723434
322_ANKMY2_P1P2_ENSG00000106524,ANKMY2,0.00971947
5084_MIS18BP1_P1P2_ENSG00000129534,MIS18BP1,0.009718486
2133_DDX59_P1P2_ENSG00000118197,DDX59,0.009710326
2866_FAM156B_ENST00000416841.2_ENSG00000179304,FAM156B,0.009705126
9027_TMEM185B_P1P2_ENSG00000226479,TMEM185B,0.009703255
7965_SLC15A4_P1P2_ENSG00000139370,SLC15A4,0.009699565
10464_ZNF574_P2_ENSG00000105732,ZNF574,0.009691115
4305_KCTD2_P1P2_ENSG00000180901,KCTD2,0.009687122
4704_LTB4R_P1P2_ENSG00000213903,LTB4R,0.009686193
8272_SON_P2_ENSG00000159140,SON,0.009685737
8970_TMCO3_P1P2_ENSG00000150403,TMCO3,0.0096855685
8825_TET3_ENST00000409262.3_ENSG00000187605,TET3,0.009680363
8686_TAOK3_P1_ENSG00000135090,TAOK3,0.009677797
877_BPGM_P1P2_ENSG00000172331,BPGM,0.009676996
177_AFMID_P1P2_ENSG00000183077,AFMID,0.009673438
9524_UBE3A_P1P2_ENSG00000114062,UBE3A,0.009673287
2896_FAM204A_P1P2_ENSG00000165669,FAM204A,0.009672778
10058_ZDHHC9_P1P2_ENSG00000188706,ZDHHC9,0.009671706
1247_CCDC117_P1P2_ENSG00000159873,CCDC117,0.009671102
6514_POLB_P1P2_ENSG00000070501,POLB,0.009670879
5360_MXD4_P1P2_ENSG00000123933,MXD4,0.009670272
5292_MST1_ENST00000449682.2_ENSG00000173531,MST1,0.009666288
9403_TTLL4_P1P2_ENSG00000135912,TTLL4,0.0096630715
1271_CCDC22_P1P2_ENSG00000101997,CCDC22,0.009662875
3936_HPS6_P1P2_ENSG00000166189,HPS6,0.0096569
5495_NCDN_P1P2_ENSG00000020129,NCDN,0.0096504
9498_UBE2D3_P1P2_ENSG00000109332,UBE2D3,0.00964835
9285_TRIM65_P1P2_ENSG00000141569,TRIM65,0.009646542
10273_ZNF296_P1P2_ENSG00000170684,ZNF296,0.00964476
3352_GGA2_P1P2_ENSG00000103365,GGA2,0.009641109
10525_ZNF648_P1P2_ENSG00000179930,ZNF648,0.009633501
2360_DPP9_P1_ENSG00000142002,DPP9,0.009622917
10883_non-targeting_non-targeting_non-targeting,non-targeting,0.009618518
7914_SIM1_P1P2_ENSG00000112246,SIM1,0.009614919
5423_NAA11_P1P2_ENSG00000156269,NAA11,0.009614357
6221_PET117_P1P2_ENSG00000232838,PET117,0.009613634
2346_DPH1_P1_ENSG00000108963,DPH1,0.009606567
1135_TMEM250_P1P2_ENSG00000238227,TMEM250,0.0096056
4044_IFNAR1_P1P2_ENSG00000142166,IFNAR1,0.009602687
4821_MAP4_P1P2_ENSG00000047849,MAP4,0.009602559
6848_PSMB10_P1P2_ENSG00000205220,PSMB10,0.009602403
4561_LGALS1_P2_ENSG00000100097,LGALS1,0.0096023185
5513_NCOR2_ENST00000405201.1_ENSG00000196498,NCOR2,0.009596114
2758_ETS1_P1P2_ENSG00000134954,ETS1,0.009594687
4527_LBR_P1P2_ENSG00000143815,LBR,0.009593401
660_ATP5MC2_P1P2_ENSG00000135390,ATP5MC2,0.009586144
4979_MESP1_P1P2_ENSG00000166823,MESP1,0.009583773
7998_SLC25A29_P1P2_ENSG00000197119,SLC25A29,0.00956955
6183_PDK1_P1P2_ENSG00000152256,PDK1,0.009568835
9348_TSN_P1P2_ENSG00000211460,TSN,0.009560274
2755_ETHE1_P1P2_ENSG00000105755,ETHE1,0.009559924
6083_PASD1_P1P2_ENSG00000166049,PASD1,0.009549183
304_ANAPC15_P1P2_ENSG00000110200,ANAPC15,0.009533763
5847_NTHL1_P1P2_ENSG00000065057,NTHL1,0.0095328605
3080_FHL3_P1P2_ENSG00000183386,FHL3,0.009530458
9031_TMEM192_P1P2_ENSG00000170088,TMEM192,0.0095281135
10304_ZNF345_P1P2_ENSG00000251247,ZNF345,0.009523811
824_BFAR_P1P2_ENSG00000103429,BFAR,0.009518641
4135_INPP5B_P1_ENSG00000204084,INPP5B,0.009516895
3065_FEZ2_P1P2_ENSG00000171055,FEZ2,0.009515831
5323_MTHFSD_P1P2_ENSG00000103248,MTHFSD,0.009511158
6420_PLCB4_P1P2_ENSG00000101333,PLCB4,0.0095090065
8593_SUOX_P1P2_ENSG00000139531,SUOX,0.0095023075
5072_MIF4GD_P1P2_ENSG00000125457,MIF4GD,0.009500468
3245_GAA_P1P2_ENSG00000171298,GAA,0.009492943
3326_GDA_P1P2_ENSG00000119125,GDA,0.009491079
8915_TIMM10_P1P2_ENSG00000134809,TIMM10,0.009487868
1502_CEP250_P1P2_ENSG00000126001,CEP250,0.00948628
10471_ZNF580_P1_ENSG00000213015,ZNF580,0.0094823
2639_ENKD1_P1P2_ENSG00000124074,ENKD1,0.00947705
175_AFF4_P1P2_ENSG00000072364,AFF4,0.009474249
8541_STRIP2_P1P2_ENSG00000128578,STRIP2,0.009473835
1728_CNP_P1P2_ENSG00000173786,CNP,0.009470923
4252_JKAMP_P1P2_ENSG00000050130,JKAMP,0.009464684
8409_SRGN_P1_ENSG00000122862,SRGN,0.009457576
1406_CDC42_P1P2_ENSG00000070831,CDC42,0.009456409
7068_RAD51C_P1P2_ENSG00000108384,RAD51C,0.009456078
5914_OAF_P1P2_ENSG00000184232,OAF,0.009455265
8846_TFDP2_P2_ENSG00000114126,TFDP2,0.0094534885
6759_PRKAR2B_P1P2_ENSG00000005249,PRKAR2B,0.009448389
8122_SLK_P1P2_ENSG00000065613,SLK,0.009442418
3268_GALNT11_P1P2_ENSG00000178234,GALNT11,0.0094397925
10813_non-targeting_non-targeting_non-targeting,non-targeting,0.009435752
2497_EFNA1_P1P2_ENSG00000169242,EFNA1,0.00943005
7151_RBL2_P2_ENSG00000103479,RBL2,0.009427819
970_C12orf73_P1_ENSG00000204954,C12orf73,0.009425462
1948_CTSF_P1P2_ENSG00000174080,CTSF,0.009424382
3390_GLI1_P1P2_ENSG00000111087,GLI1,0.00941844
4026_IDH3A_P1_ENSG00000166411,IDH3A,0.009415015
7665_SATB2_P1P2_ENSG00000119042,SATB2,0.009414878
9272_TRIM33_P1P2_ENSG00000197323,TRIM33,0.009414759
1866_CREBL2_P1P2_ENSG00000111269,CREBL2,0.009414447
7964_SLC13A3_P1P2_ENSG00000158296,SLC13A3,0.009410461
2085_DDA1_P1P2_ENSG00000130311,DDA1,0.009408448
7302_RIC8A_P1_ENSG00000177963,RIC8A,0.009404972
9056_TMEM242_P1P2_ENSG00000215712,TMEM242,0.009402563
754_BAIAP2L1_P1P2_ENSG00000006453,BAIAP2L1,0.009398221
994_C16orf70_P1P2_ENSG00000125149,C16orf70,0.009396601
2798_EXT2_P1P2_ENSG00000151348,EXT2,0.009389975
2316_DNMT3B_P1_ENSG00000088305,DNMT3B,0.009387839
10157_ZNF112_P1P2_ENSG00000062370,ZNF112,0.009380351
1282_CCDC57_P1P2_ENSG00000176155,CCDC57,0.009375987
10102_ZFPM1_P1P2_ENSG00000179588,ZFPM1,0.009364319
9391_TTC5_P1P2_ENSG00000136319,TTC5,0.0093603
7907_SIGIRR_P1_ENSG00000185187,SIGIRR,0.009359164
6076_PARP1_P1P2_ENSG00000143799,PARP1,0.009358722
3650_HBG1_P1P2_ENSG00000213934,HBG1,0.009350108
10254_ZNF273_P1_ENSG00000198039,ZNF273,0.009342857
10084_ZFP36L1_P2_ENSG00000185650,ZFP36L1,0.009342481
3423_GMPPA_P1P2_ENSG00000144591,GMPPA,0.009341007
276_ALKBH3_P1P2_ENSG00000166199,ALKBH3,0.009325709
7862_SGSH_P1P2_ENSG00000181523,SGSH,0.00932569
1109_MTRES1_P1P2_ENSG00000130349,MTRES1,0.009320664
869_BOLA1_P1_ENSG00000178096,BOLA1,0.009318662
3476_GORASP1_P1P2_ENSG00000114745,GORASP1,0.009314357
10560_ZNF697_P1P2_ENSG00000143067,ZNF697,0.009314282
677_ATP6V0E1_P1P2_ENSG00000113732,ATP6V0E1,0.009310792
6332_PIGC_P1P2_ENSG00000135845,PIGC,0.009306134
4572_LHX5_P1P2_ENSG00000089116,LHX5,0.009303049
6059_TENT2_P1P2_ENSG00000164329,TENT2,0.0092998035
1078_C2orf49_P1P2_ENSG00000135974,C2orf49,0.009299112
2587_ELF4_P1P2_ENSG00000102034,ELF4,0.00929883
5262_MRPS33_P1P2_ENSG00000090263,MRPS33,0.009294178
4628_LPA_P1P2_ENSG00000198670,LPA,0.009292138
9825_WDR48_P1P2_ENSG00000114742,WDR48,0.009291517
7346_RNF130_P1P2_ENSG00000113269,RNF130,0.009288913
7137_RBAK-RBAKDN_ENST00000407184.1_nan,RBAK-RBAKDN,0.009288844
5293_MSTO1_P1P2_ENSG00000125459,MSTO1,0.009287278
6099_PAXIP1_P1P2_ENSG00000157212,PAXIP1,0.0092852255
5250_MRPS18C_P1P2_ENSG00000163319,MRPS18C,0.009277838
7143_RBBP7_P1P2_ENSG00000102054,RBBP7,0.009274405
4322_KDM3A_P1P2_ENSG00000115548,KDM3A,0.009272634
8755_TBX3_P1P2_ENSG00000135111,TBX3,0.009272384
9688_UTRN_ENST00000367545.3_ENSG00000152818,UTRN,0.0092683025
1046_FNDC10_P1P2_ENSG00000228594,FNDC10,0.009266991
2392_DTWD2_P1P2_ENSG00000169570,DTWD2,0.0092666885
6149_PC_P1P2_ENSG00000173599,PC,0.009264979
478_ARHGEF1_P1_ENSG00000076928,ARHGEF1,0.009259914
7952_SLC10A4_P1P2_ENSG00000145248,SLC10A4,0.009259264
5497_NCK2_P1P2_ENSG00000071051,NCK2,0.009258903
10363_ZNF43_P2_ENSG00000198521,ZNF43,0.009246224
10896_non-targeting_non-targeting_non-targeting,non-targeting,0.009243957
6425_PLCXD1_P2_ENSG00000182378,PLCXD1,0.009239193
426_APTX_P1_ENSG00000137074,APTX,0.00923539
3434_GNB1L_P1P2_ENSG00000185838,GNB1L,0.0092288675
9756_VPS39_P1P2_ENSG00000166887,VPS39,0.009212511
4910_MCRS1_P1P2_ENSG00000187778,MCRS1,0.00920832
9464_TYMS_P1P2_ENSG00000176890,TYMS,0.009205712
9553_UBXN1_P1P2_ENSG00000162191,UBXN1,0.009199554
6104_PBX2_P1P2_ENSG00000204304,PBX2,0.009192337
6402_PKNOX2_P1P2_ENSG00000165495,PKNOX2,0.009188698
5415_MZT2A_P1P2_ENSG00000173272,MZT2A,0.009187122
360_ANXA2_P1P2_ENSG00000182718,ANXA2,0.009186484
3897_HOXA9_P1P2_ENSG00000078399,HOXA9,0.0091787055
8074_SLC39A3_P1P2_ENSG00000141873,SLC39A3,0.009177127
9431_TULP1_P1P2_ENSG00000112041,TULP1,0.009153812
4261_JRK_P1_ENSG00000234616,JRK,0.009149041
2870_FAM162A_P1P2_ENSG00000114023,FAM162A,0.009144908
3282_GAPDH_P2_ENSG00000111640,GAPDH,0.009144172
3661_HDAC10_P1P2_ENSG00000100429,HDAC10,0.009134598
7807_SERPINH1_P1P2_ENSG00000149257,SERPINH1,0.009132611
2052_DCAF15_P1P2_ENSG00000132017,DCAF15,0.009132593
396_APC_P2_ENSG00000134982,APC,0.009132299
1016_C19orf25_P1P2_ENSG00000119559,C19orf25,0.009130528
7066_RAD51AP1_P1P2_ENSG00000111247,RAD51AP1,0.009128695
7033_RAB4B_P1P2_ENSG00000167578,RAB4B,0.009123901
4872_MAZ_P1P2_ENSG00000103495,MAZ,0.009119563
3098_FKBP4_P1P2_ENSG00000004478,FKBP4,0.009116936
9589_UNC119_P2_ENSG00000109103,UNC119,0.009104775
4062_IGF1R_P1_ENSG00000140443,IGF1R,0.009096935
4471_KRIT1_P1P2_ENSG00000001631,KRIT1,0.009092105
3487_GPATCH11_P1P2_ENSG00000152133,GPATCH11,0.009090264
1064_C21orf58_P1_ENSG00000160298,C21orf58,0.009081898
8201_SNAP23_P1P2_ENSG00000092531,SNAP23,0.009080684
2450_EARS2_P1P2_ENSG00000103356,EARS2,0.009080671
7863_SGSM2_P1P2_ENSG00000141258,SGSM2,0.009067075
1068_C22orf39_P1P2_ENSG00000242259,C22orf39,0.009066308
82_ACER3_P1P2_ENSG00000078124,ACER3,0.009064261
5459_NANS_P1P2_ENSG00000095380,NANS,0.009063634
8327_SPATC1L_P2_ENSG00000160284,SPATC1L,0.009060949
7574_RSF1_P1P2_ENSG00000048649,RSF1,0.009058651
3007_FBXO21_P1P2_ENSG00000135108,FBXO21,0.009050542
10310_ZNF354B_P1P2_ENSG00000178338,ZNF354B,0.009044769
9145_TNNT1_P1_ENSG00000105048,TNNT1,0.009043983
1103_C5orf51_P1P2_ENSG00000205765,C5orf51,0.009043316
10501_ZNF611_P1P2_ENSG00000213020,ZNF611,0.009032459
4803_MAP2K4_P1P2_ENSG00000065559,MAP2K4,0.009032306
5971_ORMDL1_P1P2_ENSG00000128699,ORMDL1,0.009027392
4235_ITPKA_P1P2_ENSG00000137825,ITPKA,0.009016194
9017_TMEM168_P1P2_ENSG00000146802,TMEM168,0.009015419
9049_TMEM230_P1P2_ENSG00000089063,TMEM230,0.009013055
6737_PRDX4_P1P2_ENSG00000123131,PRDX4,0.009003828
3166_FOXJ3_P1P2_ENSG00000198815,FOXJ3,0.009002466
2224_DIDO1_P2_ENSG00000101191,DIDO1,0.008991332
860_BNC1_P1P2_ENSG00000169594,BNC1,0.008981477
2751_ETFA_P1P2_ENSG00000140374,ETFA,0.008976181
4482_KRTCAP2_P1P2_ENSG00000163463,KRTCAP2,0.008967595
4785_MAN1B1_P1P2_ENSG00000177239,MAN1B1,0.008963645
471_ARHGAP6_P1P2_ENSG00000047648,ARHGAP6,0.008962216
10652_ZNF808_P2_ENSG00000198482,ZNF808,0.008946302
893_BRD8_P1P2_ENSG00000112983,BRD8,0.00894606
3275_GALT_P1P2_ENSG00000213930,GALT,0.008941074
3934_HPS4_P1P2_ENSG00000100099,HPS4,0.008933568
1606_CHTOP_P1P2_ENSG00000160679,CHTOP,0.008932668
10559_ZNF696_P1P2_ENSG00000185730,ZNF696,0.0089326175
6520_POLDIP3_P1P2_ENSG00000100227,POLDIP3,0.0089324545
10491_ZNF598_P1P2_ENSG00000167962,ZNF598,0.008930153
2214_DHX38_P1P2_ENSG00000140829,DHX38,0.008925084
5963_ORAI3_P1P2_ENSG00000175938,ORAI3,0.008924249
185_AGFG2_P1P2_ENSG00000106351,AGFG2,0.008919785
753_BAHD1_P1P2_ENSG00000140320,BAHD1,0.008916642
5510_NCOA6_P1P2_ENSG00000198646,NCOA6,0.0089135775
2912_WASHC2C_P1P2_ENSG00000172661,WASHC2C,0.008910122
6761_PRKCB_P1P2_ENSG00000166501,PRKCB,0.008904803
11232_non-targeting_non-targeting_non-targeting,non-targeting,0.008902176
3409_NOP53_P1P2_ENSG00000105373,NOP53,0.008893274
8971_TMCO6_P1P2_ENSG00000113119,TMCO6,0.008888356
4000_HYOU1_P1P2_ENSG00000149428,HYOU1,0.008882096
2220_DIAPH1_P1P2_ENSG00000131504,DIAPH1,0.008880423
4763_MAGEA9B_ENST00000243314.5_ENSG00000267978,MAGEA9B,0.008872412
3117_FMNL1_P1P2_ENSG00000184922,FMNL1,0.008871719
8127_SLX1A_ENST00000251303.6_ENSG00000132207,SLX1A,0.008865061
1708_CNIH1_P1P2_ENSG00000100528,CNIH1,0.008857069
1796_COQ7_P1P2_ENSG00000167186,COQ7,0.008848731
5413_MZF1_P1P2_ENSG00000099326,MZF1,0.008847951
9442_TWIST2_P1P2_ENSG00000233608,TWIST2,0.008842439
10724_ZSCAN31_P2_ENSG00000235109,ZSCAN31,0.008841607
7465_RPL36A_P1P2_ENSG00000241343,RPL36A,0.0088382745
4924_ME2_P1P2_ENSG00000082212,ME2,0.008838037
2661_EPB41L5_P1P2_ENSG00000115109,EPB41L5,0.008827952
2063_DCAKD_P2_ENSG00000172992,DCAKD,0.008820787
10009_ZBTB7A_P2_ENSG00000178951,ZBTB7A,0.00881999
10395_ZNF490_P1P2_ENSG00000188033,ZNF490,0.008814565
9908_ATP23_P1P2_ENSG00000166896,ATP23,0.008804742
7865_SGTA_P1P2_ENSG00000104969,SGTA,0.00879893
1690_CMC1_P1P2_ENSG00000187118,CMC1,0.008796923
8408_SRGN_P2_ENSG00000122862,SRGN,0.008793203
9552_UBXN11_P1P2_ENSG00000158062,UBXN11,0.008792266
5233_MRPL4_P1P2_ENSG00000105364,MRPL4,0.008786677
943_TMEM273_P1P2_ENSG00000204161,TMEM273,0.00878008
7575_RSL1D1_P2_ENSG00000171490,RSL1D1,0.008779752
9176_TOP2B_P1P2_ENSG00000077097,TOP2B,0.008775924
8980_TMED9_P1P2_ENSG00000184840,TMED9,0.008775025
10689_ZNF888_ENST00000596623.1_ENSG00000213793,ZNF888,0.008773993
5143_MOGS_P1P2_ENSG00000115275,MOGS,0.008772476
5331_MTMR14_P1P2_ENSG00000163719,MTMR14,0.008772379
93_ACOX1_P1P2_ENSG00000161533,ACOX1,0.008768085
8151_SMARCD2_P1P2_ENSG00000108604,SMARCD2,0.008767509
11193_non-targeting_non-targeting_non-targeting,non-targeting,0.008760611
6528_POLK_P1P2_ENSG00000122008,POLK,0.008754041
4450_KMT2B_P2_ENSG00000272333,KMT2B,0.008744934
4365_KIAA1522_P1_ENSG00000162522,KIAA1522,0.008740109
3916_HOXC6_P1P2_ENSG00000197757,HOXC6,0.008736578
9095_TMEM70_P1P2_ENSG00000175606,TMEM70,0.008736209
4226_ITGB1BP1_P1P2_ENSG00000119185,ITGB1BP1,0.008730759
3945_HSBP1_P1P2_ENSG00000230989,HSBP1,0.008728965
311_ANGEL2_P1P2_ENSG00000174606,ANGEL2,0.008728799
3962_HSF5_P1P2_ENSG00000176160,HSF5,0.008726974
9826_WDR4_P1P2_ENSG00000160193,WDR4,0.008720656
3598_GTSF1_P1P2_ENSG00000170627,GTSF1,0.008719271
9263_TRIM14_P1P2_ENSG00000106785,TRIM14,0.008710283
5324_MTHFS_P1_ENSG00000136371,MTHFS,0.008709652
3751_HIST1H2AE_P1P2_ENSG00000277075,HIST1H2AE,0.008704461
5156_MORN4_P1P2_ENSG00000171160,MORN4,0.00870382
5155_MORN2_P1P2_ENSG00000188010,MORN2,0.008699788
6483_PMS2_P1P2_ENSG00000122512,PMS2,0.008698287
10222_ZNF229_P1P2_ENSG00000278318,ZNF229,0.008696461
3494_GPBP1L1_P1P2_ENSG00000159592,GPBP1L1,0.00869544
96_ACP5_P1_ENSG00000102575,ACP5,0.008695157
7135_RB1CC1_P1_ENSG00000023287,RB1CC1,0.008694929
264_ALG12_P1P2_ENSG00000182858,ALG12,0.008689729
6264_PGP_P1P2_ENSG00000184207,PGP,0.00868492
7254_RFPL4B_P1P2_ENSG00000251258,RFPL4B,0.008677289
7534_RPS6KC1_P1P2_ENSG00000136643,RPS6KC1,0.008676758
9671_USP54_P1_ENSG00000166348,USP54,0.00867167
11310_non-targeting_non-targeting_non-targeting,non-targeting,0.0086704735
8544_STRN_P1P2_ENSG00000115808,STRN,0.008664446
349_ANKZF1_P1P2_ENSG00000163516,ANKZF1,0.008663868
81_ACD_P1P2_ENSG00000102977,ACD,0.00865863
10542_ZNF674_P1P2_ENSG00000251192,ZNF674,0.008656655
572_ASCC3_P1P2_ENSG00000112249,ASCC3,0.008653151
4542_LDHA_P1P2_ENSG00000134333,LDHA,0.008647794
10893_non-targeting_non-targeting_non-targeting,non-targeting,0.008646624
1389_CDC16_P1P2_ENSG00000130177,CDC16,0.00864411
4558_LETMD1_P1P2_ENSG00000050426,LETMD1,0.00864128
301_ANAPC10_P1P2_ENSG00000164162,ANAPC10,0.008640609
4936_MED15_P2_ENSG00000099917,MED15,0.008640159
8858_TGDS_P1P2_ENSG00000088451,TGDS,0.008635293
772_BAZ2A_P2_ENSG00000076108,BAZ2A,0.008629498
7803_SERPINB6_P1P2_ENSG00000124570,SERPINB6,0.008618252
9979_ZBTB20_P2_ENSG00000181722,ZBTB20,0.008617718
6048_PALM3_ENST00000340790.4_ENSG00000187867,PALM3,0.00860914
6051_PAM_ENST00000304400.7_ENSG00000145730,PAM,0.008604838
1291_CCDC71L_P1P2_ENSG00000253276,CCDC71L,0.008600898
3357_GGNBP2_P1P2_ENSG00000278311,GGNBP2,0.008592598
3625_HAGH_P1P2_ENSG00000063854,HAGH,0.008591047
8061_SLC37A4_P1P2_ENSG00000137700,SLC37A4,0.008588632
9768_VRK1_P1P2_ENSG00000100749,VRK1,0.008584635
6931_PTPN7_P1P2_ENSG00000143851,PTPN7,0.008582703
1012_C18orf25_P1P2_ENSG00000152242,C18orf25,0.008578705
9654_USP38_P1P2_ENSG00000170185,USP38,0.008576267
6663_PPP1R16B_P1P2_ENSG00000101445,PPP1R16B,0.008574686
4289_KBTBD4_ENST00000450908.1_ENSG00000123444,KBTBD4,0.008570177
6893_PSTK_P2_ENSG00000179988,PSTK,0.008559391
8144_SMARCAD1_P1P2_ENSG00000163104,SMARCAD1,0.008558981
1697_CMTM3_P1P2_ENSG00000140931,CMTM3,0.008554381
9670_USP54_P2_ENSG00000166348,USP54,0.008550975
5980_OSBPL6_P1P2_ENSG00000079156,OSBPL6,0.008544988
2080_DCUN1D1_P1P2_ENSG00000043093,DCUN1D1,0.008542219
8310_SP5_P1P2_ENSG00000204335,SP5,0.008540057
7010_RAB18_P1P2_ENSG00000099246,RAB18,0.008537268
3901_HOXB3_P1P2_ENSG00000120093,HOXB3,0.008531998
5338_MTO1_P1P2_ENSG00000135297,MTO1,0.0085283
800_BCL2L13_P1P2_ENSG00000099968,BCL2L13,0.0085274745
9345_TSKU_P1P2_ENSG00000182704,TSKU,0.008526957
4143_INSM2_P1P2_ENSG00000168348,INSM2,0.008522469
8081_SLC3A2_P1P2_ENSG00000168003,SLC3A2,0.008520213
6914_PTK2_P1P2_ENSG00000169398,PTK2,0.008517001
2347_DPH2_P1P2_ENSG00000132768,DPH2,0.008515748
4592_LIN37_P1P2_ENSG00000267796,LIN37,0.008513787
2285_DNAJC10_P1P2_ENSG00000077232,DNAJC10,0.008512342
7205_RCHY1_P1P2_ENSG00000163743,RCHY1,0.008509279
2350_DPH6_P1P2_ENSG00000134146,DPH6,0.008508059
8302_SP100_P1P2_ENSG00000067066,SP100,0.008506772
10992_non-targeting_non-targeting_non-targeting,non-targeting,0.008499169
4398_KIFC1_P1P2_ENSG00000237649,KIFC1,0.008494202
2372_DRAP1_P1P2_ENSG00000175550,DRAP1,0.008488465
6808_PRPSAP2_P2_ENSG00000141127,PRPSAP2,0.008487345
3591_GTPBP1_P1P2_ENSG00000100226,GTPBP1,0.008482617
1666_CLN8_P1P2_ENSG00000182372,CLN8,0.008481224
2630_EMX1_P2_ENSG00000135638,EMX1,0.008476648
3012_FBXO31_P1_ENSG00000103264,FBXO31,0.008476071
8827_TEX15_ENST00000256246.2_ENSG00000133863,TEX15,0.008474933
1912_CSRP1_P1P2_ENSG00000159176,CSRP1,0.008472818
10432_ZNF541_P1P2_ENSG00000118156,ZNF541,0.0084708305
7165_RBM23_P1P2_ENSG00000100461,RBM23,0.008469223
29_ABCC5_P1P2_ENSG00000114770,ABCC5,0.008465748
5164_MPHOSPH6_P1P2_ENSG00000135698,MPHOSPH6,0.00846138
1586_CHMP4B_P1P2_ENSG00000101421,CHMP4B,0.008459246
3499_GPHN_P1P2_ENSG00000171723,GPHN,0.008457948
1264_CCDC150_P1P2_ENSG00000144395,CCDC150,0.008457699
8355_SPIB_P1P2_ENSG00000269404,SPIB,0.008457631
1188_CARD11_P1P2_ENSG00000198286,CARD11,0.008456153
10063_ZER1_P1P2_ENSG00000160445,ZER1,0.008444193
7597_RUFY3_P2_ENSG00000018189,RUFY3,0.008440828
805_BCL6_P1P2_ENSG00000113916,BCL6,0.00843987
969_C12orf65_P1P2_ENSG00000130921,C12orf65,0.008421292
3281_GAPDH_P1_ENSG00000111640,GAPDH,0.008418887
445_ARFGAP1_P1P2_ENSG00000101199,ARFGAP1,0.008418434
9645_USP28_P1P2_ENSG00000048028,USP28,0.008417976
4243_IVNS1ABP_P1P2_ENSG00000116679,IVNS1ABP,0.008403786
7716_SDCBP_P1P2_ENSG00000137575,SDCBP,0.008399136
9361_TSPYL4_P1P2_ENSG00000187189,TSPYL4,0.008397106
10951_non-targeting_non-targeting_non-targeting,non-targeting,0.008396803
1537_CFL2_P1P2_ENSG00000165410,CFL2,0.008395197
711_AUNIP_P1P2_ENSG00000127423,AUNIP,0.0083874045
10238_ZNF251_P1P2_ENSG00000198169,ZNF251,0.008387101
4251_JDP2_P1P2_ENSG00000140044,JDP2,0.008385763
3999_HYLS1_P1P2_ENSG00000198331,HYLS1,0.008379294
748_BAG3_P1P2_ENSG00000151929,BAG3,0.008379176
10726_ZSCAN32_P1P2_ENSG00000140987,ZSCAN32,0.008377151
4501_LAMP1_P1P2_ENSG00000185896,LAMP1,0.008376386
5020_MFHAS1_P1P2_ENSG00000147324,MFHAS1,0.008375351
2054_DCAF17_P1P2_ENSG00000115827,DCAF17,0.008369097
2001_CYFIP1_P1P2_ENSG00000273749,CYFIP1,0.008369093
144_COQ8A_P1P2_ENSG00000163050,COQ8A,0.008367438
4246_JAGN1_P1P2_ENSG00000171135,JAGN1,0.0083628055
2509_EGLN3_P1P2_ENSG00000129521,EGLN3,0.008358449
7570_RSAD1_P1P2_ENSG00000136444,RSAD1,0.008351213
402_APH1B_P1P2_ENSG00000138613,APH1B,0.008347135
10326_ZNF385C_ENST00000436535.3_ENSG00000187595,ZNF385C,0.008322067
298_AMPD2_P1_ENSG00000116337,AMPD2,0.008318499
1875_CRK_P1P2_ENSG00000167193,CRK,0.008317139
4408_KLF10_P1_ENSG00000155090,KLF10,0.008314416
5758_NPAS1_P1P2_ENSG00000130751,NPAS1,0.008313638
1273_CCDC28A_P1P2_ENSG00000024862,CCDC28A,0.0083121825
950_C11orf49_P1P2_ENSG00000149179,C11orf49,0.008312163
10723_ZSCAN30_P1P2_ENSG00000186814,ZSCAN30,0.008297679
7614_RXRB_P1P2_ENSG00000204231,RXRB,0.00829525
2397_DUS3L_P1P2_ENSG00000141994,DUS3L,0.008294965
8163_SMCO4_P1P2_ENSG00000166002,SMCO4,0.008291729
11102_non-targeting_non-targeting_non-targeting,non-targeting,0.0082892245
6888_PSPC1_P1P2_ENSG00000121390,PSPC1,0.008282119
9070_TMEM39A_P1P2_ENSG00000176142,TMEM39A,0.008281131
6346_PIGU_P1P2_ENSG00000101464,PIGU,0.008281097
7556_RRM1_P1P2_ENSG00000167325,RRM1,0.008272863
10898_non-targeting_non-targeting_non-targeting,non-targeting,0.008271444
4577_LIAS_P1P2_ENSG00000121897,LIAS,0.008270515
258_ALDH4A1_P1P2_ENSG00000159423,ALDH4A1,0.008269868
864_BNIP3L_P1P2_ENSG00000104765,BNIP3L,0.008266718
3262_GALE_P1P2_ENSG00000117308,GALE,0.008257201
1851_CPXM1_P1P2_ENSG00000088882,CPXM1,0.008255117
4423_KLF7_P1P2_ENSG00000118263,KLF7,0.008253922
3836_HMGN3_P1P2_ENSG00000118418,HMGN3,0.008250323
7344_RNF125_P1P2_ENSG00000101695,RNF125,0.008247167
5853_NUBP2_P1P2_ENSG00000095906,NUBP2,0.008244406
152_ADH5_P1P2_ENSG00000197894,ADH5,0.008240433
10046_ZDHHC18_P1P2_ENSG00000204160,ZDHHC18,0.008238376
7579_RSRC1_P1P2_ENSG00000174891,RSRC1,0.008237424
7590_RTN3_P1P2_ENSG00000133318,RTN3,0.0082341945
2247_DLX3_P1P2_ENSG00000064195,DLX3,0.00822465
6454_PLK3_P1P2_ENSG00000173846,PLK3,0.008221728
5473_NAT8L_P1P2_ENSG00000185818,NAT8L,0.008220989
9354_TSPAN32_P1P2_ENSG00000064201,TSPAN32,0.008219852
8193_SMURF2_P1P2_ENSG00000108854,SMURF2,0.008217008
8911_TIGD6_P1P2_ENSG00000164296,TIGD6,0.008216895
6109_PCBD2_P1P2_ENSG00000132570,PCBD2,0.008214368
4762_MAGEA6_P1P2_ENSG00000197172,MAGEA6,0.008213441
57_ABL2_P2_ENSG00000143322,ABL2,0.008212586
3133_FOLR3_P1_ENSG00000110203,FOLR3,0.008208685
8705_TBC1D10B_P1P2_ENSG00000169221,TBC1D10B,0.008206789
4132_INPP4A_P1P2_ENSG00000040933,INPP4A,0.008206482
7861_SGPP1_P1P2_ENSG00000126821,SGPP1,0.00820575
6436_PLEKHA4_P1P2_ENSG00000105559,PLEKHA4,0.0081979185
8681_TANK_P2_ENSG00000136560,TANK,0.008196815
3556_GSS_P1P2_ENSG00000100983,GSS,0.0081935795
9785_WARS_P1P2_ENSG00000140105,WARS,0.008190612
10367_ZNF443_P1P2_ENSG00000180855,ZNF443,0.008179298
6535_POLR1C_P2_ENSG00000171453,POLR1C,0.008175817
6657_PPP1R14A_P1P2_ENSG00000167641,PPP1R14A,0.008174712
791_BCKDHA_P1_ENSG00000248098,BCKDHA,0.008167774
10391_ZNF486_P1P2_ENSG00000256229,ZNF486,0.008164256
10775_non-targeting_non-targeting_non-targeting,non-targeting,0.008164001
5405_MYOG_P1P2_ENSG00000122180,MYOG,0.0081602605
6041_PAIP1_P1P2_ENSG00000172239,PAIP1,0.008160196
10891_non-targeting_non-targeting_non-targeting,non-targeting,0.008153246
6587_POU2F2_P1P2_ENSG00000028277,POU2F2,0.00815293
833_BICD2_P1P2_ENSG00000185963,BICD2,0.008148971
1435_CDK5RAP1_P1_ENSG00000101391,CDK5RAP1,0.008143857
3520_GPSM2_P1P2_ENSG00000121957,GPSM2,0.008141967
7879_SH3BP2_P2_ENSG00000087266,SH3BP2,0.008139931
10546_ZNF678_P1P2_ENSG00000181450,ZNF678,0.008139843
8530_STOML1_P1P2_ENSG00000067221,STOML1,0.0081387255
51_ABHD6_P1P2_ENSG00000163686,ABHD6,0.008133573
997_C16orf86_P1P2_ENSG00000159761,C16orf86,0.008130503
7573_RSC1A1_P1P2_ENSG00000215695,RSC1A1,0.008127828
1232_CBX5_P1P2_ENSG00000094916,CBX5,0.008125011
1776_COPG2_P1P2_ENSG00000158623,COPG2,0.008124611
1086_DIPK2A_P1P2_ENSG00000181744,DIPK2A,0.00812007
11226_non-targeting_non-targeting_non-targeting,non-targeting,0.008117908
6851_PSMB3_P1P2_ENSG00000277791,PSMB3,0.008107308
4751_MAF1_P1P2_ENSG00000179632,MAF1,0.00810517
1802_CORO2A_P1P2_ENSG00000106789,CORO2A,0.008101185
5917_OAZ1_P1P2_ENSG00000104904,OAZ1,0.008100825
11072_non-targeting_non-targeting_non-targeting,non-targeting,0.008099156
5174_MPP6_P1P2_ENSG00000105926,MPP6,0.008098606
5715_NME7_P1P2_ENSG00000143156,NME7,0.0080959005
1096_C5orf15_P1P2_ENSG00000113583,C5orf15,0.008095554
8316_SPAG5_P1P2_ENSG00000076382,SPAG5,0.008094414
5321_MTHFR_P1_ENSG00000177000,MTHFR,0.008092579
1487_CENPN_P1P2_ENSG00000166451,CENPN,0.008090659
4556_LEPR_P1P2_ENSG00000116678,LEPR,0.0080869375
6684_PPP2R2D_P1P2_ENSG00000175470,PPP2R2D,0.008080287
8220_SNRNP40_P1P2_ENSG00000060688,SNRNP40,0.008079248
10561_ZNF699_ENST00000308650.3_ENSG00000196110,ZNF699,0.008072264
948_C11orf24_P1P2_ENSG00000171067,C11orf24,0.008065074
7669_SBF1_P1P2_ENSG00000100241,SBF1,0.008063326
9101_TMEM98_P1P2_ENSG00000006042,TMEM98,0.008061437
578_ASF1A_P1P2_ENSG00000111875,ASF1A,0.008054779
5776_NQO1_P2_ENSG00000181019,NQO1,0.008052674
3870_HNRNPLL_P1P2_ENSG00000143889,HNRNPLL,0.008052119
6134_PCMTD2_P1P2_ENSG00000203880,PCMTD2,0.008051371
9399_TTI2_P1P2_ENSG00000129696,TTI2,0.008048811
7343_RNF123_P1P2_ENSG00000164068,RNF123,0.008047682
10191_ZNF182_P1P2_ENSG00000147118,ZNF182,0.008039517
10733_ZSWIM7_P1P2_ENSG00000214941,ZSWIM7,0.008037583
9359_TSPYL1_P1P2_ENSG00000189241,TSPYL1,0.008036902
2627_EML4_P1P2_ENSG00000143924,EML4,0.008023637
11095_non-targeting_non-targeting_non-targeting,non-targeting,0.008023384
4885_MBOAT7_P1P2_ENSG00000125505,MBOAT7,0.008012619
3758_HIST1H2BA_P1P2_ENSG00000146047,HIST1H2BA,0.0080099795
273_ALG8_P1P2_ENSG00000159063,ALG8,0.00800131
1664_CLN5_P1P2_ENSG00000102805,CLN5,0.008000701
10205_ZNF20_P2_ENSG00000132010,ZNF20,0.007999983
5982_OSBPL9_P1P2_ENSG00000117859,OSBPL9,0.007998697
6676_PPP1R8_P1P2_ENSG00000117751,PPP1R8,0.007997726
2649_ENSA_P1P2_ENSG00000143420,ENSA,0.007996101
7128_RASSF5_P1P2_ENSG00000266094,RASSF5,0.007995026
9585_UIMC1_P1P2_ENSG00000087206,UIMC1,0.00799464
6066_PAQR4_P1P2_ENSG00000162073,PAQR4,0.0079935575
3323_GCOM1_P1P2_ENSG00000137878,GCOM1,0.007977438
10959_non-targeting_non-targeting_non-targeting,non-targeting,0.007976159
2047_DBX2_P1P2_ENSG00000185610,DBX2,0.00797434
1227_CBWD1_ENST00000356521.4_ENSG00000172785,CBWD1,0.007965219
2079_DCTPP1_P1P2_ENSG00000179958,DCTPP1,0.007951965
9640_USP20_P1P2_ENSG00000136878,USP20,0.007951566
9573_UFSP2_P1P2_ENSG00000109775,UFSP2,0.007949604
2117_DDX39A_P1P2_ENSG00000123136,DDX39A,0.007945346
10642_ZNF792_P1P2_ENSG00000180884,ZNF792,0.007939253
1043_C1orf198_P2_ENSG00000119280,C1orf198,0.00793862
2814_FADD_P1P2_ENSG00000168040,FADD,0.007930508
3994_HUWE1_P1P2_ENSG00000086758,HUWE1,0.007929833
3784_HIST2H2AA3_ENST00000369161.3_ENSG00000203812,HIST2H2AA3,0.007928829
6345_PIGT_P1P2_ENSG00000124155,PIGT,0.007915314
3035_FBXW4_P1P2_ENSG00000107829,FBXW4,0.007912697
1839_CPSF1_P1P2_ENSG00000071894,CPSF1,0.007907741
4302_KCTD13_P1P2_ENSG00000174943,KCTD13,0.007889754
6415_PLAUR_P1P2_ENSG00000011422,PLAUR,0.007884577
1626_CKAP2L_P1P2_ENSG00000169607,CKAP2L,0.007883866
7832_SF3A2_P2_ENSG00000104897,SF3A2,0.007883284
9432_TULP4_P1P2_ENSG00000130338,TULP4,0.00788292
5856_NUCB2_P1P2_ENSG00000070081,NUCB2,0.007881624
6651_PPP1CC_P1P2_ENSG00000186298,PPP1CC,0.007875795
416_APOE_P1P2_ENSG00000130203,APOE,0.007871704
3389_GLG1_P1P2_ENSG00000090863,GLG1,0.007861981
5437_NABP1_P1P2_ENSG00000173559,NABP1,0.00785329
4745_MAD2L1BP_P1P2_ENSG00000124688,MAD2L1BP,0.007852789
11005_non-targeting_non-targeting_non-targeting,non-targeting,0.0078484835
11113_non-targeting_non-targeting_non-targeting,non-targeting,0.007840399
5709_NME1_P2_ENSG00000239672,NME1,0.007838468
6581_POT1_P1P2_ENSG00000128513,POT1,0.007836927
10499_ZNF609_ENST00000326648.3_ENSG00000180357,ZNF609,0.007835227
10317_ZNF366_P1P2_ENSG00000178175,ZNF366,0.007834402
11097_non-targeting_non-targeting_non-targeting,non-targeting,0.007832046
9668_USP51_P1P2_ENSG00000247746,USP51,0.007830368
102_ACSM3_P1P2_ENSG00000005187,ACSM3,0.007818956
6267_PGR_P1P2_ENSG00000082175,PGR,0.007818523
1275_CCDC28B_P1_ENSG00000160050,CCDC28B,0.007816342
2704_ERGIC3_P1P2_ENSG00000125991,ERGIC3,0.007809377
8003_SLC25A38_P1P2_ENSG00000144659,SLC25A38,0.007807679
7681_SCAMP2_P2_ENSG00000140497,SCAMP2,0.007807587
6745_PRG2_P1P2_ENSG00000186652,PRG2,0.007803066
1437_CDK5RAP3_P1P2_ENSG00000108465,CDK5RAP3,0.007800799
6511_POGZ_P1P2_ENSG00000143442,POGZ,0.0078006447
1007_C17orf80_P1P2_ENSG00000141219,C17orf80,0.007795118
3333_GDPD5_P1P2_ENSG00000158555,GDPD5,0.0077924402
9240_TRAP1_P1P2_ENSG00000126602,TRAP1,0.0077916835
9772_VSX1_P1P2_ENSG00000100987,VSX1,0.007790091
797_BCL2L11_P1_ENSG00000153094,BCL2L11,0.0077836397
10639_ZNF790_P1_ENSG00000197863,ZNF790,0.007779809
10021_ZC3H14_P1P2_ENSG00000100722,ZC3H14,0.0077791014
5605_NES_P1_ENSG00000132688,NES,0.007777783
576_ASCL4_ENST00000342331.4_ENSG00000187855,ASCL4,0.0077717886
5017_MFAP3_P1P2_ENSG00000037749,MFAP3,0.0077715553
1005_CYBC1_P1P2_ENSG00000178927,CYBC1,0.007769444
4731_LYRM7_P1P2_ENSG00000186687,LYRM7,0.007764732
3920_HOXD10_P1_ENSG00000128710,HOXD10,0.007763659
400_APEX2_P1P2_ENSG00000169188,APEX2,0.00776115
6408_PLA2G15_P1P2_ENSG00000103066,PLA2G15,0.0077587096
8732_TBK1_P1P2_ENSG00000183735,TBK1,0.0077520236
6558_POLR3D_P1P2_ENSG00000168495,POLR3D,0.0077519035
3511_GPR61_P1P2_ENSG00000156097,GPR61,0.0077484227
9848_WDR83OS_P1P2_ENSG00000105583,WDR83OS,0.007732515
2219_DIABLO_P1P2_ENSG00000184047,DIABLO,0.007729496
2422_DYNC1I2_P1P2_ENSG00000077380,DYNC1I2,0.007723831
10150_ZMYND19_P1P2_ENSG00000165724,ZMYND19,0.007710354
8947_TLK2_P1P2_ENSG00000146872,TLK2,0.007710274
8731_TBCK_P1P2_ENSG00000145348,TBCK,0.0077017983
3462_GOLGA8A_ENST00000360553.3_ENSG00000175265,GOLGA8A,0.007699428
3353_GGA3_P1P2_ENSG00000125447,GGA3,0.007697365
40_ABHD12_P1P2_ENSG00000100997,ABHD12,0.0076954253
5337_MTMR9_P1P2_ENSG00000104643,MTMR9,0.0076762093
5520_NDE1_P1_ENSG00000072864,NDE1,0.0076753274
3949_HSD17B11_P1P2_ENSG00000198189,HSD17B11,0.0076733134
1356_CD164_P1P2_ENSG00000135535,CD164,0.007668248
10180_ZNF160_P1P2_ENSG00000170949,ZNF160,0.007665317
9669_USP53_P1P2_ENSG00000145390,USP53,0.0076641752
2969_FAR1_P1P2_ENSG00000197601,FAR1,0.007661927
2320_DNTTIP1_P1P2_ENSG00000101457,DNTTIP1,0.00766046
5868_NUDT1_P1P2_ENSG00000106268,NUDT1,0.007655346
6492_PNN_P1P2_ENSG00000100941,PNN,0.0076551274
1576_CHKA_P1P2_ENSG00000110721,CHKA,0.0076529225
10233_ZNF23_P1_ENSG00000167377,ZNF23,0.007650596
10239_ZNF253_P1P2_ENSG00000256771,ZNF253,0.007643498
4447_KLHL8_P1P2_ENSG00000145332,KLHL8,0.007637396
8298_SOX6_ENST00000316399.6_ENSG00000110693,SOX6,0.0076336577
3653_HBQ1_P1P2_ENSG00000086506,HBQ1,0.0076331934
4966_MEIS1_P1P2_ENSG00000143995,MEIS1,0.007632074
2438_E2F2_P1P2_ENSG00000007968,E2F2,0.007630285
3250_GABARAP_P1P2_ENSG00000170296,GABARAP,0.007621458
5370_MYCBP_P1P2_ENSG00000214114,MYCBP,0.0076201283
10393_ZNF488_P2_ENSG00000265763,ZNF488,0.007616546
5205_MRPL21_P1P2_ENSG00000197345,MRPL21,0.0076153995
2595_ELMOD2_P1P2_ENSG00000179387,ELMOD2,0.007613207
6596_POU4F3_P1P2_ENSG00000091010,POU4F3,0.0076129017
2354_DPM3_P1P2_ENSG00000179085,DPM3,0.0076065934
11222_non-targeting_non-targeting_non-targeting,non-targeting,0.00759784
3424_GMPPB_P1P2_ENSG00000173540,GMPPB,0.0075973356
9638_USP19_P1P2_ENSG00000172046,USP19,0.0075959875
9375_TTC12_P1P2_ENSG00000149292,TTC12,0.0075955153
7251_RFFL_P1P2_ENSG00000092871,RFFL,0.007594534
635_ATOH1_P1P2_ENSG00000172238,ATOH1,0.007593602
7396_RNF7_P1P2_ENSG00000114125,RNF7,0.0075918627
11047_non-targeting_non-targeting_non-targeting,non-targeting,0.007590834
3673_HDHD3_P1P2_ENSG00000119431,HDHD3,0.007586895
1140_CA8_P1P2_ENSG00000178538,CA8,0.007580509
"3575_GTF2H2_ENST00000274400.5,ENST00000330280.7_ENSG00000145736",GTF2H2,0.0075790384
5144_MOG_P1P2_ENSG00000204655,MOG,0.0075725494
9099_TMEM8A_P1P2_ENSG00000129925,TMEM8A,0.00756694
10974_non-targeting_non-targeting_non-targeting,non-targeting,0.007566874
4988_EEF1AKMT2_P1P2_ENSG00000203791,EEF1AKMT2,0.0075630895
9957_YY1AP1_P1P2_ENSG00000163374,YY1AP1,0.007559646
3534_GRHL3_P1P2_ENSG00000158055,GRHL3,0.0075560464
1425_CDK13_P1P2_ENSG00000065883,CDK13,0.007552385
1637_CLCA1_P1P2_ENSG00000016490,CLCA1,0.007549213
7967_SLC16A1_P1_ENSG00000155380,SLC16A1,0.007544121
8429_SRSF11_P1_ENSG00000116754,SRSF11,0.0075434763
9170_TOMM70_P1P2_ENSG00000154174,TOMM70,0.0075427736
5158_MOV10_P1P2_ENSG00000155363,MOV10,0.0075422577
9426_TUBGCP3_P1P2_ENSG00000126216,TUBGCP3,0.007541414
1547_CHCHD10_P1P2_ENSG00000250479,CHCHD10,0.0075396523
919_BTBD1_P1P2_ENSG00000064726,BTBD1,0.007536266
4418_KLF3_P1P2_ENSG00000109787,KLF3,0.007534863
761_BARD1_P1P2_ENSG00000138376,BARD1,0.0075328485
4382_KIF1B_P1P2_ENSG00000054523,KIF1B,0.0075301253
11149_non-targeting_non-targeting_non-targeting,non-targeting,0.007529662
1569_CHEK2_P1P2_ENSG00000183765,CHEK2,0.007519601
4571_LHX4_P1P2_ENSG00000121454,LHX4,0.0075154733
9030_TMEM18_P1P2_ENSG00000151353,TMEM18,0.007512991
10511_ZNF623_P1P2_ENSG00000183309,ZNF623,0.007510997
2552_EIF3H_P1P2_ENSG00000147677,EIF3H,0.0075034024
1416_CDCA7L_P1P2_ENSG00000164649,CDCA7L,0.00750171
10817_non-targeting_non-targeting_non-targeting,non-targeting,0.007500295
6289_PHF2_P1P2_ENSG00000197724,PHF2,0.0074936682
7994_SLC25A24_P1P2_ENSG00000085491,SLC25A24,0.007491657
1560_CHD4_P1P2_ENSG00000111642,CHD4,0.0074905823
2917_FAM24B_P1P2_ENSG00000213185,FAM24B,0.0074869995
1157_CALM1_P1P2_ENSG00000198668,CALM1,0.0074764667
846_BLOC1S3_P1_ENSG00000189114,BLOC1S3,0.0074648303
3524_GRAMD1A_P1P2_ENSG00000089351,GRAMD1A,0.0074646915
2754_ETFDH_P1P2_ENSG00000171503,ETFDH,0.0074578323
7368_RNF187_P1_ENSG00000168159,RNF187,0.007457435
10562_ZNF699_ENST00000591998.1_ENSG00000196110,ZNF699,0.007457078
10373_ZNF451_P1P2_ENSG00000112200,ZNF451,0.00745459
6916_PTMA_P1P2_ENSG00000187514,PTMA,0.0074533974
7338_RNF113A_P1P2_ENSG00000125352,RNF113A,0.0074493843
989_METTL26_P1P2_ENSG00000130731,METTL26,0.0074458243
5949_OR1D2_ENST00000331459.1_ENSG00000184166,OR1D2,0.007445668
5506_NCOA2_P1P2_ENSG00000140396,NCOA2,0.007442829
7821_SETD7_P1P2_ENSG00000145391,SETD7,0.0074401344
5641_NFIX_P2_ENSG00000008441,NFIX,0.0074354773
7275_RGS14_P2_ENSG00000169220,RGS14,0.0074353935
11331_non-targeting_non-targeting_non-targeting,non-targeting,0.007434599
7288_RHNO1_P1P2_ENSG00000171792,RHNO1,0.007428533
4808_MAP3K1_P1P2_ENSG00000095015,MAP3K1,0.007426801
11015_non-targeting_non-targeting_non-targeting,non-targeting,0.007423708
9335_TSC2_P1P2_ENSG00000103197,TSC2,0.007413818
2881_FAM178B_P1P2_ENSG00000168754,FAM178B,0.0074115996
6529_POLL_P1P2_ENSG00000166169,POLL,0.007405454
5594_NEK4_P1P2_ENSG00000114904,NEK4,0.0074006896
8714_TBC1D23_P1P2_ENSG00000036054,TBC1D23,0.0073955283
2184_DHCR24_P1P2_ENSG00000116133,DHCR24,0.0073882667
5795_NR2F6_P1P2_ENSG00000160113,NR2F6,0.007388216
5002_METTL2B_P2_ENSG00000165055,METTL2B,0.0073875557
7440_RPL17-C18orf32_P1P2_nan,RPL17-C18orf32,0.0073875473
5646_NFKBIB_P1P2_ENSG00000104825,NFKBIB,0.007385506
9113_TMTC4_P1P2_ENSG00000125247,TMTC4,0.0073853913
3527_GRAP2_P1P2_ENSG00000100351,GRAP2,0.0073842765
6077_PARP2_P1P2_ENSG00000129484,PARP2,0.007373189
1755_COLGALT2_P1P2_ENSG00000198756,COLGALT2,0.0073661464
37_ABCG1_P1P2_ENSG00000160179,ABCG1,0.00736313
10232_ZNF239_P1P2_ENSG00000196793,ZNF239,0.007358006
3825_HMGA1_P1P2_ENSG00000137309,HMGA1,0.0073568313
1404_CDC42SE1_P1P2_ENSG00000197622,CDC42SE1,0.0073538404
4657_CARMIL1_P1P2_ENSG00000079691,CARMIL1,0.0073533547
6563_POLR3H_P1P2_ENSG00000100413,POLR3H,0.007351836
7922_SIRT1_P1P2_ENSG00000096717,SIRT1,0.007350192
2243_DLL3_P1P2_ENSG00000090932,DLL3,0.007349595
2411_DUSP7_P1_ENSG00000164086,DUSP7,0.007345377
4975_MEOX2_P1P2_ENSG00000106511,MEOX2,0.0073450305
9406_TTPAL_P1P2_ENSG00000124120,TTPAL,0.0073420275
11215_non-targeting_non-targeting_non-targeting,non-targeting,0.007341278
9020_TMEM175_P1P2_ENSG00000127419,TMEM175,0.007334217
3187_FOXP2_ENST00000350908.4_ENSG00000128573,FOXP2,0.0073315566
3983_HSPB1_P2_ENSG00000106211,HSPB1,0.0073292917
295_AMN1_P1P2_ENSG00000151743,AMN1,0.0073214956
8515_STK17B_P1P2_ENSG00000081320,STK17B,0.007315116
8556_STX4_P1P2_ENSG00000103496,STX4,0.007313667
2289_DNAJC14_P1P2_ENSG00000135392,DNAJC14,0.007311633
10453_ZNF565_P1P2_ENSG00000196357,ZNF565,0.0073047695
6740_PREB_P1P2_ENSG00000138073,PREB,0.007302608
1023_C19orf54_P1P2_ENSG00000188493,C19orf54,0.007299873
5806_NRARP_P1P2_ENSG00000198435,NRARP,0.0072972937
8403_SREK1IP1_P1P2_ENSG00000153006,SREK1IP1,0.0072965007
10434_ZNF544_P1P2_ENSG00000198131,ZNF544,0.007294723
6481_PMPCB_P2_ENSG00000105819,PMPCB,0.007292293
8377_SPRYD4_P1P2_ENSG00000176422,SPRYD4,0.0072903656
9533_UBL4A_P1P2_ENSG00000102178,UBL4A,0.007285237
5814_NRIP3_P1P2_ENSG00000175352,NRIP3,0.007278605
6687_PTPA_P1P2_ENSG00000119383,PTPA,0.0072773923
9109_TMPO_P1P2_ENSG00000120802,TMPO,0.0072755925
10296_ZNF334_P1P2_ENSG00000198185,ZNF334,0.0072745443
7892_SHCBP1_P1P2_ENSG00000171241,SHCBP1,0.007271836
1281_WASHC3_P1P2_ENSG00000120860,WASHC3,0.0072660716
9546_UBR3_P1P2_ENSG00000144357,UBR3,0.0072498093
10179_ZNF157_ENST00000377073.3_ENSG00000147117,ZNF157,0.0072497567
4948_MED25_P1P2_ENSG00000104973,MED25,0.0072479066
2436_DZIP1_P1P2_ENSG00000134874,DZIP1,0.007242882
4523_LAS1L_P1P2_ENSG00000001497,LAS1L,0.00723967
6262_PGM3_P1P2_ENSG00000013375,PGM3,0.00723543
10512_ZNF624_P1P2_ENSG00000197566,ZNF624,0.007233323
10130_ZKSCAN4_P1P2_ENSG00000187626,ZKSCAN4,0.0072331955
2689_ERAL1_P1P2_ENSG00000132591,ERAL1,0.0072310925
2161_DERL1_P1P2_ENSG00000136986,DERL1,0.007228931
2528_EIF1B_P1P2_ENSG00000114784,EIF1B,0.0072199567
7948_SKP2_P1P2_ENSG00000145604,SKP2,0.0072193537
10987_non-targeting_non-targeting_non-targeting,non-targeting,0.0072191814
9416_TUBB3_P1_ENSG00000258947,TUBB3,0.007218151
8764_TCEA1_P1P2_ENSG00000187735,TCEA1,0.0072177127
10651_ZNF808_P1_ENSG00000198482,ZNF808,0.0072135734
4443_KLHL36_P2_ENSG00000135686,KLHL36,0.0072131963
6061_TENT4A_ENST00000230859.6_ENSG00000112941,TENT4A,0.007211009
1734_COA4_P1P2_ENSG00000181924,COA4,0.007210607
3492_GPATCH4_P1P2_ENSG00000160818,GPATCH4,0.0072025955
3611_GZF1_P1P2_ENSG00000125812,GZF1,0.007201461
7389_RNF34_P1P2_ENSG00000170633,RNF34,0.0072010234
4512_LAP3_P1P2_ENSG00000002549,LAP3,0.0072000576
6883_PSMG1_P1P2_ENSG00000183527,PSMG1,0.007190663
7120_RASA2_P1P2_ENSG00000155903,RASA2,0.00717141
1817_COX6A1_P1P2_ENSG00000111775,COX6A1,0.0071695615
7215_RDH13_P2_ENSG00000160439,RDH13,0.0071624913
4488_L2HGDH_P1P2_ENSG00000087299,L2HGDH,0.0071620797
1231_CBX4_P1P2_ENSG00000141582,CBX4,0.00716197
5457_NANOG_P1P2_ENSG00000111704,NANOG,0.007156112
3225_FUT10_P1P2_ENSG00000172728,FUT10,0.0071514435
8281_SOX13_P1P2_ENSG00000143842,SOX13,0.007146176
8420_SRPK2_P1_ENSG00000135250,SRPK2,0.0071432
7085_RALGAPA1_P1P2_ENSG00000174373,RALGAPA1,0.0071373656
470_ARHGAP5_P1P2_ENSG00000100852,ARHGAP5,0.0071260817
11093_non-targeting_non-targeting_non-targeting,non-targeting,0.0071251686
263_ALG11_P1P2_ENSG00000253710,ALG11,0.0071203844
5496_NCK1_P1P2_ENSG00000158092,NCK1,0.007119399
7269_RGL2_P2_ENSG00000237441,RGL2,0.007108865
1396_CDC27_P1P2_ENSG00000004897,CDC27,0.007104179
8871_THAP10_P1P2_ENSG00000129028,THAP10,0.0070919665
6937_PTPRH_P1P2_ENSG00000080031,PTPRH,0.007091148
4622_LMX1B_P1P2_ENSG00000136944,LMX1B,0.0070801405
10731_ZSCAN9_P1P2_ENSG00000137185,ZSCAN9,0.0070784343
3874_HNRNPM_P2_ENSG00000099783,HNRNPM,0.007077093
9570_UFL1_P1P2_ENSG00000014123,UFL1,0.0070699137
6072_PARL_P1P2_ENSG00000175193,PARL,0.007069641
9753_VPS37A_P1P2_ENSG00000155975,VPS37A,0.0070640077
3690_HEMGN_P1P2_ENSG00000136929,HEMGN,0.007058624
7578_RSPRY1_P1P2_ENSG00000159579,RSPRY1,0.007053077
8992_TMEM126A_P1P2_ENSG00000171202,TMEM126A,0.0070527554
4307_KCTD5_P1P2_ENSG00000167977,KCTD5,0.007049833
8752_TBX21_P1P2_ENSG00000073861,TBX21,0.007043593
11297_non-targeting_non-targeting_non-targeting,non-targeting,0.0070430823
7350_RNF141_P1P2_ENSG00000110315,RNF141,0.0070427903
8027_SLC2A3_P1P2_ENSG00000059804,SLC2A3,0.007041497
10962_non-targeting_non-targeting_non-targeting,non-targeting,0.007037791
9624_UROS_P1P2_ENSG00000188690,UROS,0.00702951
1151_CADM4_P1P2_ENSG00000105767,CADM4,0.0070292284
5223_MRPL40_P1P2_ENSG00000185608,MRPL40,0.0070277755
4181_IREB2_P1P2_ENSG00000136381,IREB2,0.0070210053
61_ABR_P1P2_ENSG00000159842,ABR,0.0070190653
5698_NKX3-2_P1P2_ENSG00000109705,NKX3-2,0.007016209
10617_ZNF768_P2_ENSG00000169957,ZNF768,0.007015537
2687_EPS8L2_P1P2_ENSG00000177106,EPS8L2,0.007015182
6532_POLQ_P1P2_ENSG00000051341,POLQ,0.007013899
1921_CTAG2_ENST00000369585.3_ENSG00000126890,CTAG2,0.007005258
9142_TNKS2_P1P2_ENSG00000107854,TNKS2,0.0070042927
11043_non-targeting_non-targeting_non-targeting,non-targeting,0.0070035453
318_ANKIB1_P1P2_ENSG00000001629,ANKIB1,0.0069902996
7149_RBL1_P1P2_ENSG00000080839,RBL1,0.006989454
10862_non-targeting_non-targeting_non-targeting,non-targeting,0.0069893715
506_ARL2BP_P1P2_ENSG00000102931,ARL2BP,0.006987091
851_BLVRA_P1_ENSG00000106605,BLVRA,0.0069853724
7823_SETDB1_P1P2_ENSG00000143379,SETDB1,0.0069834343
6952_PURB_P1P2_ENSG00000146676,PURB,0.006979569
7772_SENP2_P1P2_ENSG00000163904,SENP2,0.006953134
3004_FBXO17_P1_ENSG00000269190,FBXO17,0.0069482173
9434_TUSC3_P1P2_ENSG00000104723,TUSC3,0.006947513
10141_ZMPSTE24_P1P2_ENSG00000084073,ZMPSTE24,0.0069465246
7721_SDF2_P1P2_ENSG00000132581,SDF2,0.006944457
3021_FBXO42_P1P2_ENSG00000037637,FBXO42,0.0069357334
10578_ZNF70_P1P2_ENSG00000187792,ZNF70,0.0069352943
920_BTBD2_P1P2_ENSG00000133243,BTBD2,0.006934568
8751_TBX20_P1P2_ENSG00000164532,TBX20,0.0069324463
4779_MAGT1_P1P2_ENSG00000102158,MAGT1,0.0069311354
6304_PHLDB3_P1P2_ENSG00000176531,PHLDB3,0.0069211926
7921_SIPA1_P2_ENSG00000213445,SIPA1,0.0069171735
2191_DHRS11_P1P2_ENSG00000278535,DHRS11,0.0069163986
10711_ZSCAN16_P1P2_ENSG00000196812,ZSCAN16,0.0069161537
4878_MBD6_P1P2_ENSG00000166987,MBD6,0.0069109173
10089_ZFP42_P1_ENSG00000179059,ZFP42,0.006907553
2867_FAM160A2_P1P2_ENSG00000051009,FAM160A2,0.0069022914
3131_FNTA_P1P2_ENSG00000168522,FNTA,0.0068980264
1599_CHST10_P1P2_ENSG00000115526,CHST10,0.006891723
3692_HEPH_P1P2_ENSG00000089472,HEPH,0.006890171
7684_SCAND1_P1P2_ENSG00000171222,SCAND1,0.0068837423
708_ATXN7_ENST00000538065.1_ENSG00000163635,ATXN7,0.006882293
5446_NADK_P2_ENSG00000008130,NADK,0.006881381
8064_SLC38A2_P1P2_ENSG00000134294,SLC38A2,0.0068789646
2500_EFNA4_P1P2_ENSG00000243364,EFNA4,0.006876675
9160_TOLLIP_P1P2_ENSG00000078902,TOLLIP,0.0068726526
5805_NR6A1_P1P2_ENSG00000148200,NR6A1,0.0068715517
5802_NR5A1_P1P2_ENSG00000136931,NR5A1,0.006866359
6023_PABPC1L_P1P2_ENSG00000101104,PABPC1L,0.006864821
7838_SF3B4_P1P2_ENSG00000143368,SF3B4,0.006864321
9356_TSPAN4_P1_ENSG00000214063,TSPAN4,0.006862232
9460_TXNRD2_P1P2_ENSG00000184470,TXNRD2,0.0068570627
7392_RNF44_P1P2_ENSG00000146083,RNF44,0.0068565765
1442_CDK8_P1P2_ENSG00000132964,CDK8,0.0068509607
1603_CHSY1_P1P2_ENSG00000131873,CHSY1,0.006847633
5013_MEX3B_P2_ENSG00000183496,MEX3B,0.006845413
4683_LRWD1_P1P2_ENSG00000161036,LRWD1,0.006844736
5297_MT1X_P1P2_ENSG00000187193,MT1X,0.006841389
8988_TMEM11_P1P2_ENSG00000178307,TMEM11,0.006830658
4055_IFT46_P1P2_ENSG00000118096,IFT46,0.006828574
8615_SYCE1_P1P2_ENSG00000171772,SYCE1,0.006824964
1815_COX5A_P1P2_ENSG00000178741,COX5A,0.0068231607
8474_ST6GALNAC1_P1P2_ENSG00000070526,ST6GALNAC1,0.006821997
2504_EGFL7_P2_ENSG00000172889,EGFL7,0.006821394
3203_FRRS1_P1P2_ENSG00000156869,FRRS1,0.0068203025
769_BAX_P1P2_ENSG00000087088,BAX,0.0068130265
7364_RNF170_P1P2_ENSG00000120925,RNF170,0.0068121813
2353_DPM2_P1P2_ENSG00000136908,DPM2,0.0068063145
11012_non-targeting_non-targeting_non-targeting,non-targeting,0.0068010935
10580_ZNF711_P1P2_ENSG00000147180,ZNF711,0.006800079
1204_CASP6_P1P2_ENSG00000138794,CASP6,0.0067982813
520_ARMC10_P1P2_ENSG00000170632,ARMC10,0.00679791
7126_RASSF1_P2_ENSG00000068028,RASSF1,0.0067978823
8513_STK16_P1P2_ENSG00000115661,STK16,0.0067977738
4192_IRF5_P2_ENSG00000128604,IRF5,0.006788536
8059_SLC37A1_P1P2_ENSG00000160190,SLC37A1,0.006788447
1574_CHIC2_P1P2_ENSG00000109220,CHIC2,0.0067882203
9390_TTC4_P1P2_ENSG00000243725,TTC4,0.006785758
10570_ZNF705B_ENST00000400120.3_ENSG00000215356,ZNF705B,0.006785044
9081_PIP4P2_P1P2_ENSG00000155099,PIP4P2,0.0067845737
8357_SPIC_P1P2_ENSG00000166211,SPIC,0.0067841485
9947_YTHDC2_P1P2_ENSG00000047188,YTHDC2,0.006782646
9829_WDR55_P1P2_ENSG00000120314,WDR55,0.006782447
7216_RDH13_P1_ENSG00000160439,RDH13,0.0067764414
3170_FOXL2_P1P2_ENSG00000183770,FOXL2,0.006766194
8691_TARBP2_P1P2_ENSG00000139546,TARBP2,0.0067661125
2329_DOK1_P1P2_ENSG00000115325,DOK1,0.0067654476
536_ARPC2_P1_ENSG00000163466,ARPC2,0.006765316
5416_MZT2B_P1P2_ENSG00000152082,MZT2B,0.006761884
8052_SLC35F5_P1P2_ENSG00000115084,SLC35F5,0.0067618825
2997_FBXL3_P1P2_ENSG00000005812,FBXL3,0.0067610587
4990_EEF1AKNMT_P1P2_ENSG00000010165,EEF1AKNMT,0.0067583043
10333_ZNF398_P1P2_ENSG00000197024,ZNF398,0.0067579723
10901_non-targeting_non-targeting_non-targeting,non-targeting,0.0067553567
7984_SLC25A14_P1P2_ENSG00000102078,SLC25A14,0.0067486214
9854_WDSUB1_P1P2_ENSG00000196151,WDSUB1,0.0067478074
5922_OCIAD1_P1P2_ENSG00000109180,OCIAD1,0.0067474125
54_ABI2_P1P2_ENSG00000138443,ABI2,0.006744864
10441_ZNF552_P1P2_ENSG00000178935,ZNF552,0.0067304717
1055_C1orf61_P1_ENSG00000125462,C1orf61,0.0067278054
114_ACTR3C_P1P2_ENSG00000106526,ACTR3C,0.006727145
1891_CSAG1_P1P2_ENSG00000198930,CSAG1,0.0067186407
6728_PRDM4_P1P2_ENSG00000110851,PRDM4,0.0067166854
8304_SP140L_P1P2_ENSG00000185404,SP140L,0.0067166127
6465_PLSCR3_P1_ENSG00000187838,PLSCR3,0.0067148134
5842_NT5DC1_P1P2_ENSG00000178425,NT5DC1,0.006714443
3662_HDAC1_P1P2_ENSG00000116478,HDAC1,0.006714344
187_AGK_P1P2_ENSG00000006530,AGK,0.0067092516
5160_MPC2_P1P2_ENSG00000143158,MPC2,0.0067041796
8854_TFPI_P1P2_ENSG00000003436,TFPI,0.006696229
5793_NR2F1_P1P2_ENSG00000175745,NR2F1,0.0066948053
7156_RBM14-RBM4_P2_nan,RBM14-RBM4,0.006694704
7705_SCP2_ENST00000371514.3_ENSG00000116171,SCP2,0.006692839
2922_DENND10_P1P2_ENSG00000119979,DENND10,0.0066872635
617_ATG13_P1P2_ENSG00000175224,ATG13,0.0066846325
7074_RAD54L2_ENST00000409535.2_ENSG00000164080,RAD54L2,0.0066842698
"9237_TRAK1_ENST00000341421.3,ENST00000396175.1_ENSG00000182606",TRAK1,0.0066820444
8964_TMA7_P1P2_ENSG00000232112,TMA7,0.0066811005
2705_ERG_P1_ENSG00000157554,ERG,0.006671262
8999_TMEM135_P1P2_ENSG00000166575,TMEM135,0.0066706263
4769_MAGED1_P1_ENSG00000179222,MAGED1,0.0066687237
2263_DMTF1_P1P2_ENSG00000135164,DMTF1,0.0066642114
2503_EGFL7_P1_ENSG00000172889,EGFL7,0.006661997
9379_TTC19_P1P2_ENSG00000011295,TTC19,0.0066599413
8111_SLC7A8_P1P2_ENSG00000092068,SLC7A8,0.0066556293
10492_ZNF599_P1P2_ENSG00000153896,ZNF599,0.0066546523
4136_INPP5E_P1P2_ENSG00000148384,INPP5E,0.0066505214
4756_MAFK_P1P2_ENSG00000198517,MAFK,0.0066480455
4873_MBD1_P1P2_ENSG00000141644,MBD1,0.00664719
10741_ZXDC_P1P2_ENSG00000070476,ZXDC,0.0066461517
9728_SELENOS_P1P2_ENSG00000131871,SELENOS,0.0066446164
10000_ZBTB46_P1P2_ENSG00000130584,ZBTB46,0.0066443356
3636_HAUS3_P1P2_ENSG00000214367,HAUS3,0.0066390517
8580_SULT1A3_ENST00000395137.2_ENSG00000261052,SULT1A3,0.0066372585
10223_ZNF22_P1P2_ENSG00000165512,ZNF22,0.0066336067
7306_RILPL2_P1P2_ENSG00000150977,RILPL2,0.0066300062
8097_SLC4A5_P2_ENSG00000188687,SLC4A5,0.00662764
10509_ZNF621_P1P2_ENSG00000172888,ZNF621,0.0066258493
11241_non-targeting_non-targeting_non-targeting,non-targeting,0.006625657
4379_KIF18A_P1P2_ENSG00000121621,KIF18A,0.0066254027
718_AVPI1_P1P2_ENSG00000119986,AVPI1,0.0066241855
2013_CYTH2_P1P2_ENSG00000105443,CYTH2,0.0066195424
2885_MINDY3_P1P2_ENSG00000148481,MINDY3,0.006616808
7112_RARA_P2_ENSG00000131759,RARA,0.0066160928
3207_FSTL3_P1_ENSG00000070404,FSTL3,0.006614722
4353_KHDC4_P1P2_ENSG00000132680,KHDC4,0.0066095516
3151_FOXD3_P1_ENSG00000187140,FOXD3,0.0066078105
6822_PRRX1_P1_ENSG00000116132,PRRX1,0.0066067493
1840_CPSF2_P1P2_ENSG00000165934,CPSF2,0.006606294
10869_non-targeting_non-targeting_non-targeting,non-targeting,0.006606029
7796_SERF2_P2_ENSG00000140264,SERF2,0.0066032093
9433_TUSC2_P1P2_ENSG00000114383,TUSC2,0.006602262
7172_RBM38_P1P2_ENSG00000132819,RBM38,0.0065964446
4891_MCCC1_P1P2_ENSG00000078070,MCCC1,0.006593567
5552_NDUFB11_P1P2_ENSG00000147123,NDUFB11,0.006587764
9454_TXNIP_P1_ENSG00000265972,TXNIP,0.0065852753
2854_RETREG3_P1P2_ENSG00000141699,RETREG3,0.006571208
5844_NT5DC3_P1P2_ENSG00000111696,NT5DC3,0.0065690093
2192_DHRS12_P1P2_ENSG00000102796,DHRS12,0.0065610916
9593_UNC45A_P2_ENSG00000140553,UNC45A,0.006549663
2023_DALRD3_P1_ENSG00000178149,DALRD3,0.006531555
8806_TEAD3_P1P2_ENSG00000007866,TEAD3,0.006525962
3182_FOXP1_ENST00000493089.1_ENSG00000114861,FOXP1,0.0065224166
6951_PURA_P2_ENSG00000185129,PURA,0.0065192496
2897_ABITRAM_P1P2_ENSG00000119328,ABITRAM,0.0065177632
247_AKT1_P1P2_ENSG00000142208,AKT1,0.006517707
9876_WRNIP1_P1P2_ENSG00000124535,WRNIP1,0.0065176007
1430_CDK2AP1_P1P2_ENSG00000111328,CDK2AP1,0.006516645
9444_TWSG1_P1P2_ENSG00000128791,TWSG1,0.0065147164
10341_ZNF416_P1P2_ENSG00000083817,ZNF416,0.006514221
8559_STX7_P1P2_ENSG00000079950,STX7,0.006513715
6141_PCOLCE_P1P2_ENSG00000106333,PCOLCE,0.0065052146
1497_CEP152_P1P2_ENSG00000103995,CEP152,0.0065033366
3830_HMGB3_P1P2_ENSG00000029993,HMGB3,0.0065023946
9746_VPS26B_P1P2_ENSG00000151502,VPS26B,0.006496993
11235_non-targeting_non-targeting_non-targeting,non-targeting,0.0064946716
1233_CBX6_P1P2_ENSG00000183741,CBX6,0.006494131
11163_non-targeting_non-targeting_non-targeting,non-targeting,0.006493039
2557_EIF3M_P1P2_ENSG00000149100,EIF3M,0.0064903535
6894_PSTPIP2_P1P2_ENSG00000152229,PSTPIP2,0.0064895996
7300_RHOXF2_ENST00000371388.3_ENSG00000131721,RHOXF2,0.0064845574
1088_FAM241A_P1P2_ENSG00000174749,FAM241A,0.0064830827
11158_non-targeting_non-targeting_non-targeting,non-targeting,0.006476293
6633_PPIP5K1_ENST00000348806.6_ENSG00000168781,PPIP5K1,0.0064759552
10634_ZNF784_P1P2_ENSG00000179922,ZNF784,0.006472373
3763_HIST1H2BF_ENST00000359985.1_ENSG00000277224,HIST1H2BF,0.0064641833
4301_KCTD10_P1P2_ENSG00000110906,KCTD10,0.006461648
8079_SLC39A8_P1P2_ENSG00000138821,SLC39A8,0.0064573153
3910_HOXC10_P1P2_ENSG00000180818,HOXC10,0.00644536
6990_QSOX1_P1P2_ENSG00000116260,QSOX1,0.0064447587
7325_RMND5A_P1P2_ENSG00000153561,RMND5A,0.0064447015
6688_PPP2R5A_P1P2_ENSG00000066027,PPP2R5A,0.006443438
1730_CNTRL_P1P2_ENSG00000119397,CNTRL,0.006435876
5165_MPHOSPH8_P2_ENSG00000196199,MPHOSPH8,0.006432777
5116_MLXIPL_P1P2_ENSG00000009950,MLXIPL,0.006427171
4327_KDM5A_P1P2_ENSG00000073614,KDM5A,0.006425716
827_BHLHA9_P1P2_ENSG00000205899,BHLHA9,0.0064239763
6678_PPP2CA_P1P2_ENSG00000113575,PPP2CA,0.006413562
3652_HBP1_P1P2_ENSG00000105856,HBP1,0.006413283
8549_STX12_P1P2_ENSG00000117758,STX12,0.0064105457
10897_non-targeting_non-targeting_non-targeting,non-targeting,0.006408212
6439_PLEKHB2_P1P2_ENSG00000115762,PLEKHB2,0.006407756
3460_GOLGA6L1_ENST00000560659.2_ENSG00000273976,GOLGA6L1,0.006398903
242_AKR1C2_P1_ENSG00000151632,AKR1C2,0.0063894237
1999_CYC1_P1P2_ENSG00000179091,CYC1,0.0063860123
3090_FJX1_P1P2_ENSG00000179431,FJX1,0.0063858116
7773_SENP3_P1P2_ENSG00000161956,SENP3,0.006382694
8436_SRSF6_P1_ENSG00000124193,SRSF6,0.006376592
7257_RFWD3_P1P2_ENSG00000168411,RFWD3,0.0063761403
2572_EIF4G3_P1_ENSG00000075151,EIF4G3,0.00637552
1834_CPNE7_P1P2_ENSG00000178773,CPNE7,0.0063746683
7701_SCNM1_P1P2_ENSG00000163156,SCNM1,0.0063619874
"7946_SKOR2_ENST00000400404.1,ENST00000425639.1_ENSG00000215474",SKOR2,0.0063576056
5603_NENF_P1P2_ENSG00000117691,NENF,0.0063546626
728_B3GNT2_P1P2_ENSG00000170340,B3GNT2,0.006353805
8524_STK3_P1P2_ENSG00000104375,STK3,0.006351863
9239_TRAM2_P1P2_ENSG00000065308,TRAM2,0.006348472
9180_TOPORS_P1P2_ENSG00000197579,TOPORS,0.006347388
4199_IRX2_P1P2_ENSG00000170561,IRX2,0.006346669
454_ARGFX_P1P2_ENSG00000186103,ARGFX,0.006341467
3227_FUT1_P1P2_ENSG00000174951,FUT1,0.0063403486
12_AARSD1_P1_ENSG00000266967,AARSD1,0.006338481
4229_ITGB5_P1P2_ENSG00000082781,ITGB5,0.006338131
5899_NUP62CL_P1P2_ENSG00000198088,NUP62CL,0.0063374653
3210_FTL_P1P2_ENSG00000087086,FTL,0.0063349493
9365_TSR1_P2_ENSG00000167721,TSR1,0.0063279616
5222_MRPL3_P1P2_ENSG00000114686,MRPL3,0.0063205515
10683_ZNF865_P1P2_ENSG00000261221,ZNF865,0.00631856
7220_RECQL5_P1P2_ENSG00000108469,RECQL5,0.0063113654
3070_FGF2_P1P2_ENSG00000138685,FGF2,0.0063032983
10481_ZNF587B_ENST00000594901.1_ENSG00000269343,ZNF587B,0.0063007856
7596_RUFY2_P1P2_ENSG00000204130,RUFY2,0.00629928
7387_RNF2_P1P2_ENSG00000121481,RNF2,0.0062943697
2082_DCUN1D4_P1P2_ENSG00000109184,DCUN1D4,0.0062931506
1568_CHEK1_P1P2_ENSG00000149554,CHEK1,0.0062894598
370_AP1M1_P1P2_ENSG00000072958,AP1M1,0.0062766257
10678_ZNF852_P1P2_ENSG00000178917,ZNF852,0.006276085
6999_R3HDM2_P1P2_ENSG00000179912,R3HDM2,0.0062749824
8450_SSB_P1P2_ENSG00000138385,SSB,0.0062731258
2362_DPRX_ENST00000376650.1_ENSG00000204595,DPRX,0.0062700836
8876_THAP3_P1P2_ENSG00000041988,THAP3,0.006259851
3745_HIST1H1D_P1P2_ENSG00000124575,HIST1H1D,0.0062564476
3638_HAUS5_P1P2_ENSG00000249115,HAUS5,0.006250815
9468_TYW1_P1P2_ENSG00000198874,TYW1,0.006244544
215_AIF1_P1P2_ENSG00000204472,AIF1,0.006235563
977_RIOX1_P1P2_ENSG00000170468,RIOX1,0.0062295473
5777_NQO1_P1_ENSG00000181019,NQO1,0.0062272646
6743_PREPL_P1P2_ENSG00000138078,PREPL,0.006225994
5035_MGAT1_P2_ENSG00000131446,MGAT1,0.006221936
9673_USP5_P2_ENSG00000111667,USP5,0.0062189577
6191_PDLIM7_P1_ENSG00000196923,PDLIM7,0.0062143384
10635_ZNF785_P1P2_ENSG00000197162,ZNF785,0.006208828
10217_ZNF224_P1P2_ENSG00000267680,ZNF224,0.006207192
6961_PVR_P1P2_ENSG00000073008,PVR,0.006203527
4992_METTL15_P2_ENSG00000169519,METTL15,0.0062026787
157_ADK_P1_ENSG00000156110,ADK,0.00620192
2743_ESRRG_ENST00000493748.1_ENSG00000196482,ESRRG,0.0062007154
4258_JOSD1_P1P2_ENSG00000100221,JOSD1,0.0061992314
8802_TDRD3_P1P2_ENSG00000083544,TDRD3,0.006197288
7097_RANGAP1_P1P2_ENSG00000100401,RANGAP1,0.0061933743
287_ALYREF_P1P2_ENSG00000183684,ALYREF,0.0061856457
6967_PXK_P1P2_ENSG00000168297,PXK,0.0061822124
3953_HSD17B7_P1_ENSG00000132196,HSD17B7,0.0061809598
6180_PDIA5_P1P2_ENSG00000065485,PDIA5,0.0061781965
5787_NR1I3_P1P2_ENSG00000143257,NR1I3,0.0061773313
1629_CKAP5_P2_ENSG00000175216,CKAP5,0.0061762473
7076_RAD9A_P1P2_ENSG00000172613,RAD9A,0.0061760205
1147_CACNB3_P1_ENSG00000167535,CACNB3,0.0061739343
570_ASCC1_P1P2_ENSG00000138303,ASCC1,0.006173815
525_ARMC8_P1P2_ENSG00000114098,ARMC8,0.006173294
10667_ZNF837_P1P2_ENSG00000152475,ZNF837,0.0061700656
10262_ZNF280D_P1P2_ENSG00000137871,ZNF280D,0.006162254
6584_POU2AF1_P1P2_ENSG00000110777,POU2AF1,0.0061577633
5592_NEK1_P1P2_ENSG00000137601,NEK1,0.006146302
5359_MXD3_P1P2_ENSG00000213347,MXD3,0.006144189
11_AARSD1_P2_ENSG00000266967,AARSD1,0.006133293
4524_LASP1_P1P2_ENSG00000002834,LASP1,0.0061269426
7674_SCAF11_P1P2_ENSG00000139218,SCAF11,0.006124182
9572_UFSP1_P1P2_ENSG00000176125,UFSP1,0.006117785
11084_non-targeting_non-targeting_non-targeting,non-targeting,0.0061176675
6200_PDX1_P1P2_ENSG00000139515,PDX1,0.0061157327
2508_EGLN2_P1_ENSG00000269858,EGLN2,0.0061121476
5295_MSX2_P1P2_ENSG00000120149,MSX2,0.0061095264
5763_NPB_P1P2_ENSG00000183979,NPB,0.006108892
4187_IRF2_P1P2_ENSG00000168310,IRF2,0.0061048297
4219_ITCH_P1P2_ENSG00000078747,ITCH,0.0061045717
2555_EIF3K_P1P2_ENSG00000178982,EIF3K,0.006099577
6685_PPP2R3B_P1P2_ENSG00000167393,PPP2R3B,0.00609947
3929_HP1BP3_P1P2_ENSG00000127483,HP1BP3,0.006098775
10380_ZNF468_P1P2_ENSG00000204604,ZNF468,0.006093504
6396_PKM_P1_ENSG00000067225,PKM,0.0060921586
2586_ELF3_P1P2_ENSG00000163435,ELF3,0.006092143
4374_KIF11_P1P2_ENSG00000138160,KIF11,0.006089758
6119_PCF11_P1P2_ENSG00000165494,PCF11,0.0060855695
8902_TIA1_P1P2_ENSG00000116001,TIA1,0.006083205
4615_LMF2_P2_ENSG00000100258,LMF2,0.0060810745
11064_non-targeting_non-targeting_non-targeting,non-targeting,0.0060800845
6392_PKIG_P1P2_ENSG00000168734,PKIG,0.0060759834
8521_STK35_P1P2_ENSG00000125834,STK35,0.0060727107
4817_MAP4K2_P1P2_ENSG00000168067,MAP4K2,0.0060722935
7770_SEMA4C_P1_ENSG00000168758,SEMA4C,0.00607199
30_ABCD3_P1P2_ENSG00000117528,ABCD3,0.006063601
180_AGAP3_P1P2_ENSG00000133612,AGAP3,0.006061721
4679_LRRCC1_P1P2_ENSG00000133739,LRRCC1,0.0060605314
457_ARHGAP11B_P1P2_ENSG00000284906,ARHGAP11B,0.006049316
5391_MYLK3_P2_ENSG00000140795,MYLK3,0.0060426774
4905_MCM8_P1P2_ENSG00000125885,MCM8,0.0060300613
5569_NDUFS5_P1_ENSG00000168653,NDUFS5,0.0060282964
2067_DCLRE1B_P1P2_ENSG00000118655,DCLRE1B,0.00602345
10302_ZNF341_P1_ENSG00000131061,ZNF341,0.0060210023
10686_ZNF880_P1P2_ENSG00000221923,ZNF880,0.0060165105
10656_ZNF816_P2_ENSG00000180257,ZNF816,0.006012758
1833_CPNE3_P1P2_ENSG00000085719,CPNE3,0.0060103047
3169_FOXL1_P1P2_ENSG00000176678,FOXL1,0.0060101994
6806_PRPSAP1_P1P2_ENSG00000161542,PRPSAP1,0.0060017193
10565_ZNF701_P1P2_ENSG00000167562,ZNF701,0.006001087
7005_RAB11FIP1_P1P2_ENSG00000156675,RAB11FIP1,0.0059987255
7529_RPS6KA1_P2_ENSG00000117676,RPS6KA1,0.0059914696
5322_MTHFR_P2_ENSG00000177000,MTHFR,0.0059899646
9632_USP11_P1P2_ENSG00000102226,USP11,0.0059881434
3845_HMX1_P1P2_ENSG00000215612,HMX1,0.0059858174
10164_ZNF132_P1P2_ENSG00000131849,ZNF132,0.005983759
6380_PITPNB_P1P2_ENSG00000180957,PITPNB,0.0059831725
6116_PCCB_P1_ENSG00000114054,PCCB,0.0059787976
1210_CASS4_P1P2_ENSG00000087589,CASS4,0.0059779515
10666_ZNF836_P1P2_ENSG00000196267,ZNF836,0.0059773643
5523_NDFIP1_P1P2_ENSG00000131507,NDFIP1,0.005975528
11197_non-targeting_non-targeting_non-targeting,non-targeting,0.0059740613
5064_MIDN_P1_ENSG00000167470,MIDN,0.0059737973
4022_IDE_P1P2_ENSG00000119912,IDE,0.0059709004
9158_TOB2_P1P2_ENSG00000183864,TOB2,0.005963543
5305_MTCP1_P1P2_ENSG00000214827,MTCP1,0.0059630712
4564_LGMN_P1P2_ENSG00000100600,LGMN,0.0059624505
1017_TRIR_P1P2_ENSG00000123144,TRIR,0.005956814
3242_G3BP2_P1P2_ENSG00000138757,G3BP2,0.005956219
8617_SYCP2_P1P2_ENSG00000196074,SYCP2,0.005943823
10220_ZNF226_P2_ENSG00000167380,ZNF226,0.005942762
6009_OXNAD1_P2_ENSG00000154814,OXNAD1,0.0059415814
11299_non-targeting_non-targeting_non-targeting,non-targeting,0.005932905
3849_JPT1_P1P2_ENSG00000189159,JPT1,0.005932076
8391_SPZ1_P1P2_ENSG00000164299,SPZ1,0.0059266873
2223_DIDO1_P1_ENSG00000101191,DIDO1,0.005925816
1681_CLTA_P1P2_ENSG00000122705,CLTA,0.0059238304
3804_HK1_P1_ENSG00000156515,HK1,0.0059221177
8973_TMED1_P1P2_ENSG00000099203,TMED1,0.0059219017
6732_PRDM8_P1_ENSG00000152784,PRDM8,0.005917138
3142_FOXA1_P1P2_ENSG00000129514,FOXA1,0.005914807
8306_SP1_P1P2_ENSG00000185591,SP1,0.005914239
10208_ZNF213_P1P2_ENSG00000085644,ZNF213,0.005907239
36_ABCF3_P1P2_ENSG00000161204,ABCF3,0.0059025795
604_ATF1_P1P2_ENSG00000123268,ATF1,0.0059002102
1977_CXCL2_P1P2_ENSG00000081041,CXCL2,0.0058854367
3247_GAB3_P1P2_ENSG00000160219,GAB3,0.0058845114
1620_CISH_P1P2_ENSG00000114737,CISH,0.0058681644
6442_PLEKHG2_P1P2_ENSG00000090924,PLEKHG2,0.005867456
3888_HOXA13_P1P2_ENSG00000106031,HOXA13,0.0058614216
8998_TMEM134_P1P2_ENSG00000172663,TMEM134,0.0058600795
11152_non-targeting_non-targeting_non-targeting,non-targeting,0.005859825
10364_ZNF440_P1P2_ENSG00000171295,ZNF440,0.005857674
8698_TATDN2_P1P2_ENSG00000157014,TATDN2,0.005851784
1009_EPOP_P1P2_ENSG00000273604,EPOP,0.0058443164
9644_USP25_P1P2_ENSG00000155313,USP25,0.0058410484
6557_POLR3C_P1P2_ENSG00000186141,POLR3C,0.0058390596
3510_GPR180_P1P2_ENSG00000152749,GPR180,0.0058348957
1658_CLK1_P1P2_ENSG00000013441,CLK1,0.0058321976
5289_MSN_P1P2_ENSG00000147065,MSN,0.005828082
1963_CUL4A_P1P2_ENSG00000139842,CUL4A,0.0058241487
2293_DNAJC1_P1P2_ENSG00000136770,DNAJC1,0.005817282
1003_C17orf53_P1P2_ENSG00000125319,C17orf53,0.0058161938
1225_CBR4_P1P2_ENSG00000145439,CBR4,0.0058157947
7520_RPS29_P2_ENSG00000213741,RPS29,0.0058155283
9807_WDR19_P1P2_ENSG00000157796,WDR19,0.0058066654
6331_PIGB_P1P2_ENSG00000069943,PIGB,0.0058063194
4732_LYSMD2_P1P2_ENSG00000140280,LYSMD2,0.0058062826
9611_UQCRC1_P2_ENSG00000010256,UQCRC1,0.0058039906
2160_DERA_P1P2_ENSG00000023697,DERA,0.0058019958
4223_ITGA5_P1P2_ENSG00000161638,ITGA5,0.005799442
5487_NCAPD2_P1P2_ENSG00000010292,NCAPD2,0.0057963794
7835_SF3B1_P1P2_ENSG00000115524,SF3B1,0.005795234
1650_CLEC2D_P1P2_ENSG00000069493,CLEC2D,0.005793345
1077_MAIP1_P1P2_ENSG00000162972,MAIP1,0.0057930364
7858_SGO1_P1P2_ENSG00000129810,SGO1,0.0057845092
6551_POLR2J3_ENST00000379357.5_ENSG00000285437,POLR2J3,0.0057800096
8835_TFAP2B_P1P2_ENSG00000008196,TFAP2B,0.00577614
"2385_DST_ENST00000361203.3,ENST00000370769.4_ENSG00000151914",DST,0.0057748514
2624_EML2_P1_ENSG00000125746,EML2,0.005773402
3592_GTPBP2_P1P2_ENSG00000172432,GTPBP2,0.005768966
2305_DNAJC9_P1P2_ENSG00000213551,DNAJC9,0.0057677235
4600_LIPT1_P1P2_ENSG00000144182,LIPT1,0.0057654628
2299_DNAJC3_P1P2_ENSG00000102580,DNAJC3,0.0057597635
1041_C1orf159_P1P2_ENSG00000131591,C1orf159,0.00575097
6391_PKIB_P2_ENSG00000135549,PKIB,0.0057503106
8282_SOX14_P1P2_ENSG00000168875,SOX14,0.005735844
9235_TRAFD1_P1P2_ENSG00000135148,TRAFD1,0.0057349275
6770_PRKRIP1_P2_ENSG00000128563,PRKRIP1,0.0057334136
565_ASB1_P1P2_ENSG00000065802,ASB1,0.0057274285
5355_MVB12A_P1P2_ENSG00000141971,MVB12A,0.005724634
4511_LANCL2_P1P2_ENSG00000132434,LANCL2,0.0057234466
8296_SOX6_ENST00000528429.1_ENSG00000110693,SOX6,0.00572315
1116_C6orf89_P1P2_ENSG00000198663,C6orf89,0.0057224864
2188_DHODH_P2_ENSG00000102967,DHODH,0.0057224077
2615_EMC6_P1P2_ENSG00000127774,EMC6,0.005719119
6434_PLEKHA2_P1P2_ENSG00000169499,PLEKHA2,0.0057180272
5684_NKIRAS1_P1P2_ENSG00000197885,NKIRAS1,0.005716336
3889_HOXA1_P1P2_ENSG00000105991,HOXA1,0.0057147415
7671_SBNO2_P2_ENSG00000064932,SBNO2,0.005710859
930_BTN2A2_P1P2_ENSG00000124508,BTN2A2,0.0057056635
4665_LRRC42_P1P2_ENSG00000116212,LRRC42,0.005698035
4453_KMT2E_P1P2_ENSG00000005483,KMT2E,0.005693926
7898_SHOC2_P1P2_ENSG00000108061,SHOC2,0.0056934725
6055_PANK2_P1P2_ENSG00000125779,PANK2,0.0056914757
8176_SMIM19_P1P2_ENSG00000176209,SMIM19,0.0056914077
8934_TIPRL_P1P2_ENSG00000143155,TIPRL,0.0056895367
91_ACOT8_P1P2_ENSG00000101473,ACOT8,0.005689528
11201_non-targeting_non-targeting_non-targeting,non-targeting,0.0056871013
6659_PPP1R14C_P1P2_ENSG00000198729,PPP1R14C,0.005685558
5280_MSH2_P1P2_ENSG00000095002,MSH2,0.0056833513
10258_ZNF277_P1P2_ENSG00000198839,ZNF277,0.005682638
2822_FAHD2A_P1P2_ENSG00000115042,FAHD2A,0.005675193
988_C15orf61_P1P2_ENSG00000189227,C15orf61,0.0056724288
1587_CHMP5_P1P2_ENSG00000086065,CHMP5,0.0056696306
10776_non-targeting_non-targeting_non-targeting,non-targeting,0.0056688287
7894_SHISA5_P1P2_ENSG00000164054,SHISA5,0.005667571
7075_RAD54L_P1P2_ENSG00000085999,RAD54L,0.005665875
1554_CHCHD7_P1P2_ENSG00000170791,CHCHD7,0.0056622573
10362_ZNF43_P1_ENSG00000198521,ZNF43,0.0056570605
11239_non-targeting_non-targeting_non-targeting,non-targeting,0.0056551956
3011_FBXO28_P1P2_ENSG00000143756,FBXO28,0.005650702
8000_SLC25A33_P1P2_ENSG00000171612,SLC25A33,0.005649674
8535_BHLHE40_P1P2_ENSG00000134107,BHLHE40,0.0056489874
4392_KIF3A_P1P2_ENSG00000131437,KIF3A,0.005641642
7265_RFX8_P1P2_ENSG00000196460,RFX8,0.0056382804
267_ALG1L_ENST00000340333.3_ENSG00000189366,ALG1L,0.0056349374
10019_ZC3H12A_P1P2_ENSG00000163874,ZC3H12A,0.0056318482
7903_SHQ1_P1P2_ENSG00000144736,SHQ1,0.0056263437
11013_non-targeting_non-targeting_non-targeting,non-targeting,0.0056238337
7040_RAB8A_P1P2_ENSG00000167461,RAB8A,0.0056195897
1234_CBX8_P1P2_ENSG00000141570,CBX8,0.005618696
2170_DFFB_P1P2_ENSG00000169598,DFFB,0.005617892
3464_GOLGA8A_ENST00000543376.1_ENSG00000175265,GOLGA8A,0.005609366
10938_non-targeting_non-targeting_non-targeting,non-targeting,0.0056031966
8009_SLC25A44_P1P2_ENSG00000160785,SLC25A44,0.005600576
10005_ZBTB4_P1_ENSG00000174282,ZBTB4,0.0056001986
10403_ZNF502_P1P2_ENSG00000196653,ZNF502,0.005597981
7622_S100A1_P1_ENSG00000160678,S100A1,0.0055961614
9141_TNKS1BP1_P2_ENSG00000149115,TNKS1BP1,0.0055949674
6527_POLH_P1P2_ENSG00000170734,POLH,0.005591681
9858_WHAMM_P1P2_ENSG00000156232,WHAMM,0.0055847466
10131_ZKSCAN5_P1P2_ENSG00000196652,ZKSCAN5,0.00558434
7014_RAB21_P1P2_ENSG00000080371,RAB21,0.00558182
5133_MOB1B_P1P2_ENSG00000173542,MOB1B,0.005578898
10306_ZNF347_P1P2_ENSG00000197937,ZNF347,0.0055751232
6620_PPHLN1_P1P2_ENSG00000134283,PPHLN1,0.0055738455
875_BOP1_P2_ENSG00000261236,BOP1,0.0055685816
6060_TENT4B_P1P2_ENSG00000121274,TENT4B,0.005567498
9874_WRAP73_P1P2_ENSG00000116213,WRAP73,0.0055641984
4552_LENG8_P1P2_ENSG00000167615,LENG8,0.005558695
1863_CREB5_ENST00000357727.2_ENSG00000146592,CREB5,0.0055581788
6254_PGBD1_P1P2_ENSG00000137338,PGBD1,0.0055556106
10885_non-targeting_non-targeting_non-targeting,non-targeting,0.0055507384
4452_KMT2D_P1P2_ENSG00000167548,KMT2D,0.0055504357
8137_SMAP1_P1P2_ENSG00000112305,SMAP1,0.0055426406
2766_ETV6_P1P2_ENSG00000139083,ETV6,0.00554155
110_ACTR1A_P1P2_ENSG00000138107,ACTR1A,0.005540195
1180_CAPN1_P1P2_ENSG00000014216,CAPN1,0.0055302675
10168_ZNF136_P1P2_ENSG00000196646,ZNF136,0.0055184453
124_ACYP2_P1P2_ENSG00000170634,ACYP2,0.0055182925
1495_CEP120_P1P2_ENSG00000168944,CEP120,0.0055170353
8560_STX8_P1P2_ENSG00000170310,STX8,0.0055136424
2895_FAM200B_P1P2_ENSG00000237765,FAM200B,0.0055120545
4376_KIF14_P1P2_ENSG00000118193,KIF14,0.0055111777
548_ARRDC1_P1P2_ENSG00000197070,ARRDC1,0.005505619
7412_ROR2_P1P2_ENSG00000169071,ROR2,0.0055010878
9782_VWDE_P1P2_ENSG00000146530,VWDE,0.00549635
132_ADAMTS14_P1P2_ENSG00000138316,ADAMTS14,0.005480455
8894_THRAP3_P1P2_ENSG00000054118,THRAP3,0.005476973
3979_HSPA8_P1P2_ENSG00000109971,HSPA8,0.0054754918
10265_ZNF283_P1P2_ENSG00000167637,ZNF283,0.005470911
1260_CCDC144A_P1P2_ENSG00000170160,CCDC144A,0.0054593803
9258_TRIAP1_P1P2_ENSG00000170855,TRIAP1,0.005457023
4233_ITPA_P1P2_ENSG00000125877,ITPA,0.0054440983
5926_OFD1_P1P2_ENSG00000046651,OFD1,0.0054314267
7046_RABEPK_P1P2_ENSG00000136933,RABEPK,0.0054156557
6831_PRTFDC1_P1P2_ENSG00000099256,PRTFDC1,0.005411817
4386_KIF21A_P1P2_ENSG00000139116,KIF21A,0.0054103415
7557_RRM2B_P1P2_ENSG00000048392,RRM2B,0.005406538
755_BAIAP2_P1P2_ENSG00000175866,BAIAP2,0.0053970944
9523_UBE2Z_P1P2_ENSG00000159202,UBE2Z,0.005396364
7661_SAT1_P1P2_ENSG00000130066,SAT1,0.005394885
5827_NSMAF_P1P2_ENSG00000035681,NSMAF,0.0053866575
4037_IFI27L1_P1P2_ENSG00000165948,IFI27L1,0.0053856513
894_BRD9_P1P2_ENSG00000028310,BRD9,0.005385538
692_ATP9B_P1P2_ENSG00000166377,ATP9B,0.0053761667
10425_ZNF530_P1P2_ENSG00000183647,ZNF530,0.005371153
170_AEBP1_P1P2_ENSG00000106624,AEBP1,0.005368644
10534_ZNF664_P1P2_ENSG00000179195,ZNF664,0.005366614
1107_C6orf15_P1P2_ENSG00000204542,C6orf15,0.0053647202
4359_KIAA1109_P1P2_ENSG00000138688,KIAA1109,0.0053641675
10543_ZNF675_P1P2_ENSG00000197372,ZNF675,0.0053637377
6771_PRKRIP1_P1_ENSG00000128563,PRKRIP1,0.0053587826
10289_ZNF329_P2_ENSG00000181894,ZNF329,0.0053559705
2841_FAM120A_P1P2_ENSG00000048828,FAM120A,0.005355789
9983_ZBTB25_P1P2_ENSG00000089775,ZBTB25,0.005354899
9187_TOR4A_P1P2_ENSG00000198113,TOR4A,0.0053487886
2399_DUSP10_P1P2_ENSG00000143507,DUSP10,0.005346451
5989_OST4_P1P2_ENSG00000228474,OST4,0.005342952
10278_ZNF30_P1P2_ENSG00000168661,ZNF30,0.005341238
7272_RGPD6_ENST00000329516.3_ENSG00000183054,RGPD6,0.005333543
8452_SSH2_P1P2_ENSG00000141298,SSH2,0.005332865
5023_MFN2_P2_ENSG00000116688,MFN2,0.0053293244
9846_WDR81_P1_ENSG00000167716,WDR81,0.0053269677
3506_GPR108_P1P2_ENSG00000125734,GPR108,0.005324706
3739_HIPK3_P2_ENSG00000110422,HIPK3,0.0053222836
2943_FAM78A_P1P2_ENSG00000126882,FAM78A,0.0053195567
3181_FOXO6_P1P2_ENSG00000204060,FOXO6,0.0053181075
8891_THOC6_P1P2_ENSG00000131652,THOC6,0.0053036073
4339_KHNYN_P1P2_ENSG00000100441,KHNYN,0.005300747
2625_EML2_P2_ENSG00000125746,EML2,0.0052960305
3907_HOXB8_P1_ENSG00000120068,HOXB8,0.0052923467
8939_TJP2_P1_ENSG00000119139,TJP2,0.0052895956
5640_NFIX_P1_ENSG00000008441,NFIX,0.005279004
5469_NASP_P1P2_ENSG00000132780,NASP,0.0052781906
2323_DOCK2_P1P2_ENSG00000134516,DOCK2,0.005273251
3162_FOXI2_P1P2_ENSG00000186766,FOXI2,0.005266054
1226_CBS_P1P2_ENSG00000160200,CBS,0.0052653886
11264_non-targeting_non-targeting_non-targeting,non-targeting,0.005264461
537_ARPC3_P1_ENSG00000111229,ARPC3,0.0052603204
1194_NAXD_P1P2_ENSG00000213995,NAXD,0.0052569024
74_ACAP3_P1P2_ENSG00000131584,ACAP3,0.005242442
10625_ZNF776_P1P2_ENSG00000152443,ZNF776,0.0052379123
11010_non-targeting_non-targeting_non-targeting,non-targeting,0.0052377153
4362_KIAA1324L_P1P2_ENSG00000164659,KIAA1324L,0.005236568
8673_TAGLN2_P1P2_ENSG00000158710,TAGLN2,0.0052352827
2683_EPS8L1_P1_ENSG00000131037,EPS8L1,0.005234182
3209_FTH1_P1P2_ENSG00000167996,FTH1,0.0052318396
1542_CHAC1_P1P2_ENSG00000128965,CHAC1,0.0052308827
4134_INPP5B_P2_ENSG00000204084,INPP5B,0.0052289385
5056_MICALL1_P1P2_ENSG00000100139,MICALL1,0.0052281246
5481_NBPF12_P1P2_ENSG00000268043,NBPF12,0.0052269907
9448_TXNDC11_P1P2_ENSG00000153066,TXNDC11,0.0052235383
2739_ESRRB_ENST00000556177.1_ENSG00000119715,ESRRB,0.0052231844
10406_ZNF507_P1P2_ENSG00000168813,ZNF507,0.0052185906
10514_ZNF626_P1P2_ENSG00000188171,ZNF626,0.005218084
8592_SUN2_P1P2_ENSG00000100242,SUN2,0.0052097533
1933_CTDSPL_P1P2_ENSG00000144677,CTDSPL,0.005207822
3150_FOXD2_P1P2_ENSG00000186564,FOXD2,0.0052044354
7191_RBPJ_P1P2_ENSG00000168214,RBPJ,0.00519376
3468_GOLM1_P1P2_ENSG00000135052,GOLM1,0.005192488
4209_ISL1_P1_ENSG00000016082,ISL1,0.005191841
4028_IDH3G_P1P2_ENSG00000067829,IDH3G,0.0051887925
10165_ZNF133_P1P2_ENSG00000125846,ZNF133,0.00518183
1285_CCDC61_P1P2_ENSG00000104983,CCDC61,0.0051748203
4027_IDH3B_P1P2_ENSG00000101365,IDH3B,0.005172189
3988_HSPH1_P1P2_ENSG00000120694,HSPH1,0.005170796
3099_FKBP5_P1P2_ENSG00000096060,FKBP5,0.005169735
5991_OSTF1_P1P2_ENSG00000134996,OSTF1,0.0051687676
6390_PKIB_P1_ENSG00000135549,PKIB,0.005164108
2939_FAM72D_ENST00000400889.1_ENSG00000215784,FAM72D,0.005163904
"8297_SOX6_ENST00000352083.6,ENST00000396356.3_ENSG00000110693",SOX6,0.0051638545
10339_ZNF414_P1P2_ENSG00000133250,ZNF414,0.0051630307
6526_POLG_P1P2_ENSG00000140521,POLG,0.0051531913
476_ARHGEF12_P1P2_ENSG00000196914,ARHGEF12,0.005152327
10030_ZC3HAV1_P1P2_ENSG00000105939,ZC3HAV1,0.005149518
5224_MRPL41_P1P2_ENSG00000182154,MRPL41,0.0051472913
4535_LCN10_P1P2_ENSG00000187922,LCN10,0.0051421714
2734_ESPN_P2_ENSG00000187017,ESPN,0.005140571
6703_PPP6R3_P1P2_ENSG00000110075,PPP6R3,0.0051388787
10725_ZSCAN31_P1_ENSG00000235109,ZSCAN31,0.005138478
3614_H2AFX_P1P2_ENSG00000188486,H2AFX,0.005138171
4337_KHDRBS1_P1P2_ENSG00000121774,KHDRBS1,0.005133434
8070_SLC39A11_P1P2_ENSG00000133195,SLC39A11,0.005131967
6287_PHF21A_P1P2_ENSG00000135365,PHF21A,0.005128225
7104_RAP1GDS1_P1P2_ENSG00000138698,RAP1GDS1,0.0051172017
6156_PDCD4_P1_ENSG00000150593,PDCD4,0.0051118503
6246_PFKM_P1_ENSG00000152556,PFKM,0.0051110843
9050_TMEM231_P1P2_ENSG00000205084,TMEM231,0.005110985
2981_FAT1_P2_ENSG00000083857,FAT1,0.0051100813
6885_PSMG3_P2_ENSG00000157778,PSMG3,0.005109988
9381_TTC21B_P1P2_ENSG00000123607,TTC21B,0.005106213
11178_non-targeting_non-targeting_non-targeting,non-targeting,0.0051016593
1174_CANX_P2_ENSG00000127022,CANX,0.0050963527
8872_THAP11_P1P2_ENSG00000168286,THAP11,0.0050957524
1089_C4orf33_P1_ENSG00000151470,C4orf33,0.0050956523
9118_TMX3_P1P2_ENSG00000166479,TMX3,0.0050942134
6245_PFKL_P2_ENSG00000141959,PFKL,0.005092871
3560_GSTM4_P1P2_ENSG00000168765,GSTM4,0.0050877556
10228_ZNF234_P1_ENSG00000263002,ZNF234,0.0050837733
10783_non-targeting_non-targeting_non-targeting,non-targeting,0.0050749225
4046_IFNGR1_P1P2_ENSG00000027697,IFNGR1,0.005073343
6244_PFKL_P1_ENSG00000141959,PFKL,0.005068144
10011_ZBTB7C_P1_ENSG00000184828,ZBTB7C,0.0050660074
2259_DMRTA1_P1P2_ENSG00000176399,DMRTA1,0.005052935
9980_ZBTB21_P1P2_ENSG00000173276,ZBTB21,0.0050479565
879_BPNT1_P1P2_ENSG00000162813,BPNT1,0.005047724
2276_DNAJA2_P1P2_ENSG00000069345,DNAJA2,0.0050476175
8532_STOM_P1P2_ENSG00000148175,STOM,0.0050469437
44_ABHD14B_P1_ENSG00000114779,ABHD14B,0.005042177
10468_ZNF578_P1P2_ENSG00000258405,ZNF578,0.005029825
9329_TRUB1_P1P2_ENSG00000165832,TRUB1,0.0050188755
10664_ZNF831_ENST00000371030.2_ENSG00000124203,ZNF831,0.005018322
2400_DUSP11_P1P2_ENSG00000144048,DUSP11,0.0050178375
11000_non-targeting_non-targeting_non-targeting,non-targeting,0.0050154873
10994_non-targeting_non-targeting_non-targeting,non-targeting,0.005012146
2402_DUSP13_P1P2_ENSG00000079393,DUSP13,0.005008979
6299_PHKG1_P1P2_ENSG00000164776,PHKG1,0.005007186
2193_DHRS13_P1P2_ENSG00000167536,DHRS13,0.004993407
7266_RFXANK_P1P2_ENSG00000064490,RFXANK,0.004987637
8768_TCEANC2_P1P2_ENSG00000116205,TCEANC2,0.0049868715
3466_GOLGB1_P1P2_ENSG00000173230,GOLGB1,0.004983191
554_ARV1_P1P2_ENSG00000173409,ARV1,0.004974961
2963_FANCE_P1P2_ENSG00000112039,FANCE,0.0049739094
2348_DPH3_P1P2_ENSG00000154813,DPH3,0.004969982
3046_FCHO1_P1P2_ENSG00000130475,FCHO1,0.004967371
2506_EGLN1_P1P2_ENSG00000135766,EGLN1,0.0049586315
10424_ZNF529_P1P2_ENSG00000186020,ZNF529,0.004954199
8796_TCTN1_P1P2_ENSG00000204852,TCTN1,0.0049461606
10603_ZNF746_P1P2_ENSG00000181220,ZNF746,0.0049454817
9005_TMEM14B_P1P2_ENSG00000137210,TMEM14B,0.004943698
8349_SPART_P1P2_ENSG00000133104,SPART,0.004943604
10049_ZDHHC24_P1P2_ENSG00000174165,ZDHHC24,0.004943503
597_ATAD1_P1P2_ENSG00000138138,ATAD1,0.004943091
2066_DCLRE1A_P1P2_ENSG00000198924,DCLRE1A,0.004943059
3678_HEATR3_P1P2_ENSG00000155393,HEATR3,0.004941901
6445_PLEKHH3_P1P2_ENSG00000068137,PLEKHH3,0.0049397172
5265_MRPS36_P1P2_ENSG00000134056,MRPS36,0.0049349642
9888_XBP1_P1P2_ENSG00000100219,XBP1,0.004932768
11106_non-targeting_non-targeting_non-targeting,non-targeting,0.0049322643
8985_TMEM109_P1P2_ENSG00000110108,TMEM109,0.004923036
7672_SBNO2_P1_ENSG00000064932,SBNO2,0.0049217083
3595_GTPBP6_P1P2_ENSG00000178605,GTPBP6,0.0049196207
6423_PLCG1_P1P2_ENSG00000124181,PLCG1,0.004914705
90_ACOT7_P1P2_ENSG00000097021,ACOT7,0.0049077803
1412_CDCA2_P1P2_ENSG00000184661,CDCA2,0.00490349
8280_SOX12_P1P2_ENSG00000177732,SOX12,0.0049032113
10082_ZFP30_P1P2_ENSG00000120784,ZFP30,0.0049031726
10249_ZNF267_P1_ENSG00000185947,ZNF267,0.004894976
2780_EXOC3_P1P2_ENSG00000180104,EXOC3,0.0048703486
11059_non-targeting_non-targeting_non-targeting,non-targeting,0.0048661483
1832_CPNE2_P1P2_ENSG00000140848,CPNE2,0.0048641334
9530_UBFD1_P1P2_ENSG00000103353,UBFD1,0.004861886
5111_MLLT11_P1P2_ENSG00000213190,MLLT11,0.004861813
4103_ILVBL_P1P2_ENSG00000105135,ILVBL,0.0048615756
10720_ZSCAN26_P1P2_ENSG00000197062,ZSCAN26,0.004859418
2406_DUSP22_P1P2_ENSG00000112679,DUSP22,0.004857058
2920_FAM3A_P1P2_ENSG00000071889,FAM3A,0.004856954
10710_ZSCAN12_P1P2_ENSG00000158691,ZSCAN12,0.0048516695
7366_RNF182_P1P2_ENSG00000180537,RNF182,0.0048464094
10218_ZNF225_P1P2_ENSG00000256294,ZNF225,0.0048453137
9987_ZBTB33_P1P2_ENSG00000177485,ZBTB33,0.004842607
7293_RHOG_P1P2_ENSG00000177105,RHOG,0.0048419726
1414_CDCA4_P1P2_ENSG00000170779,CDCA4,0.004837405
191_AGO3_P1P2_ENSG00000126070,AGO3,0.0048281346
3627_HAND1_P1P2_ENSG00000113196,HAND1,0.0048259734
4525_LATS1_P1P2_ENSG00000131023,LATS1,0.004820161
7595_RUFY1_P2_ENSG00000176783,RUFY1,0.0048082354
6484_PMVK_P1P2_ENSG00000163344,PMVK,0.004808115
8393_SQSTM1_P2_ENSG00000161011,SQSTM1,0.004807857
11096_non-targeting_non-targeting_non-targeting,non-targeting,0.0048025264
5203_MRPL1_P1P2_ENSG00000169288,MRPL1,0.004802406
9886_XAB2_P1P2_ENSG00000076924,XAB2,0.0048012855
8868_TGOLN2_P1P2_ENSG00000152291,TGOLN2,0.0048001725
2904_INKA2_P1P2_ENSG00000197852,INKA2,0.0048000882
7218_RDX_P1P2_ENSG00000137710,RDX,0.0047986065
5044_MGST1_P1P2_ENSG00000008394,MGST1,0.0047980137
3112_FLOT1_P1P2_ENSG00000137312,FLOT1,0.0047972235
8374_SPRY2_P1P2_ENSG00000136158,SPRY2,0.004782119
10907_non-targeting_non-targeting_non-targeting,non-targeting,0.004781394
2831_FAM110A_P1P2_ENSG00000125898,FAM110A,0.004777591
7341_RNF11_P1P2_ENSG00000123091,RNF11,0.004770077
8949_TLX1_P1P2_ENSG00000107807,TLX1,0.0047662267
10884_non-targeting_non-targeting_non-targeting,non-targeting,0.0047534527
48_ABHD2_P1P2_ENSG00000140526,ABHD2,0.0047482215
2573_EIF4H_P1P2_ENSG00000106682,EIF4H,0.004746214
7160_RBM15_P1P2_ENSG00000162775,RBM15,0.0047452436
4555_LEPROT_P1P2_ENSG00000213625,LEPROT,0.0047406023
8291_SOX3_P1P2_ENSG00000134595,SOX3,0.0047401506
2119_DDX3X_P1P2_ENSG00000215301,DDX3X,0.0047393395
2534_EIF2A_P1P2_ENSG00000144895,EIF2A,0.004737991
10477_ZNF584_P1P2_ENSG00000171574,ZNF584,0.004730196
9321_RO60_P1P2_ENSG00000116747,RO60,0.004727458
3205_FSCN1_P1_ENSG00000075618,FSCN1,0.004727417
6247_PFKM_P2_ENSG00000152556,PFKM,0.004721617
10128_ZKSCAN2_P1P2_ENSG00000155592,ZKSCAN2,0.004720165
5634_NFE4_P1P2_ENSG00000230257,NFE4,0.004719031
10638_ZNF789_P1P2_ENSG00000198556,ZNF789,0.004708664
705_ATXN7L1_P1P2_ENSG00000146776,ATXN7L1,0.0047053173
6414_PLAGL2_P1P2_ENSG00000126003,PLAGL2,0.0047036386
2131_DDX55_P1P2_ENSG00000111364,DDX55,0.004698493
6838_PSENEN_P1P2_ENSG00000205155,PSENEN,0.004697335
10176_ZNF14_P1P2_ENSG00000105708,ZNF14,0.0046966113
10281_ZNF318_P1P2_ENSG00000171467,ZNF318,0.0046943664
9465_TYRO3_P1P2_ENSG00000092445,TYRO3,0.0046937503
5067_MIEN1_P1P2_ENSG00000141741,MIEN1,0.004690156
3232_FXYD5_P1P2_ENSG00000089327,FXYD5,0.004680738
3355_GGCX_P1P2_ENSG00000115486,GGCX,0.004678581
"6635_PPIP5K1_ENST00000334933.4,ENST00000360135.4,ENST00000360301.4,ENST00000420765.1_ENSG00000168781",PPIP5K1,0.004671557
9710_VCL_P1P2_ENSG00000035403,VCL,0.0046669063
3387_GLCE_P1P2_ENSG00000138604,GLCE,0.004659253
6143_PCSK7_P1P2_ENSG00000160613,PCSK7,0.0046570953
9082_PIP4P1_P1P2_ENSG00000165782,PIP4P1,0.0046556
11219_non-targeting_non-targeting_non-targeting,non-targeting,0.004650214
5141_MOCS2_P1P2_ENSG00000164172,MOCS2,0.0046399874
3270_GALNT1_ENST00000269195.5_ENSG00000141429,GALNT1,0.0046392255
1439_CDK6_P2_ENSG00000105810,CDK6,0.004638955
10583_ZNF716_P1P2_ENSG00000182111,ZNF716,0.0046379217
4982_MEST_P1_ENSG00000106484,MEST,0.0046298807
197_AGPAT5_P1P2_ENSG00000155189,AGPAT5,0.0046245214
5988_OSR2_P1P2_ENSG00000164920,OSR2,0.004623966
8558_STX6_P1P2_ENSG00000135823,STX6,0.00461538
1436_CDK5RAP2_P1P2_ENSG00000136861,CDK5RAP2,0.004613229
1190_CARD8_P2_ENSG00000105483,CARD8,0.0046029612
694_ATPAF2_P1P2_ENSG00000171953,ATPAF2,0.0045992243
2443_E2F6_P1P2_ENSG00000169016,E2F6,0.0045917793
979_ERG28_P1P2_ENSG00000133935,ERG28,0.0045881937
3863_HNRNPD_P1P2_ENSG00000138668,HNRNPD,0.0045876238
3552_GSKIP_P1P2_ENSG00000100744,GSKIP,0.0045848405
7655_SARNP_P1P2_ENSG00000205323,SARNP,0.0045836954
3152_FOXD3_P2_ENSG00000187140,FOXD3,0.0045757024
8774_TCF12_P2_ENSG00000140262,TCF12,0.004575012
2489_EEF2_P2_ENSG00000167658,EEF2,0.004567957
2700_ERCC8_P1P2_ENSG00000049167,ERCC8,0.0045678956
765_BARX2_P1P2_ENSG00000043039,BARX2,0.0045675957
6729_PRDM5_P1P2_ENSG00000138738,PRDM5,0.0045660306
3951_HSD17B1_P1P2_ENSG00000108786,HSD17B1,0.004554122
1775_COPG1_P2_ENSG00000181789,COPG1,0.0045533795
5770_NPM1_P1P2_ENSG00000181163,NPM1,0.004545769
9358_TSPO_P1P2_ENSG00000100300,TSPO,0.004541324
1196_CARS2_P1P2_ENSG00000134905,CARS2,0.004535376
1124_C8orf33_P1P2_ENSG00000182307,C8orf33,0.0045313216
10827_non-targeting_non-targeting_non-targeting,non-targeting,0.004528562
10356_ZNF433_P1P2_ENSG00000197647,ZNF433,0.0045277127
5442_NACC1_P1P2_ENSG00000160877,NACC1,0.0045186137
3374_GIPC3_P1P2_ENSG00000179855,GIPC3,0.004514534
9737_VPS11_P1P2_ENSG00000160695,VPS11,0.0045059538
1980_CXXC4_P1P2_ENSG00000168772,CXXC4,0.0045059463
4018_ID1_P1P2_ENSG00000125968,ID1,0.004498738
7926_SIRT6_P1P2_ENSG00000077463,SIRT6,0.004498319
9441_TWIST1_P1P2_ENSG00000122691,TWIST1,0.004493077
9278_TRIM44_P1P2_ENSG00000166326,TRIM44,0.0044914777
9121_TNFAIP2_P1P2_ENSG00000185215,TNFAIP2,0.0044905185
3924_HOXD1_P1P2_ENSG00000128645,HOXD1,0.004483809
7258_RFX1_P1P2_ENSG00000132005,RFX1,0.0044836625
4486_KTN1_P1_ENSG00000126777,KTN1,0.0044801696
7961_SLC12A7_P1P2_ENSG00000113504,SLC12A7,0.0044781766
8469_ST3GAL2_P1_ENSG00000157350,ST3GAL2,0.0044741747
2441_E2F4_P1P2_ENSG00000205250,E2F4,0.0044684694
11272_non-targeting_non-targeting_non-targeting,non-targeting,0.004468139
5270_MRRF_P1P2_ENSG00000148187,MRRF,0.0044654272
1056_SHLD1_P1P2_ENSG00000171984,SHLD1,0.0044640657
3909_HOXB9_P1P2_ENSG00000170689,HOXB9,0.0044571147
4853_MARK3_P2_ENSG00000075413,MARK3,0.0044564866
5611_NEUROD1_P1P2_ENSG00000162992,NEUROD1,0.0044556223
8712_TBC1D22A_P1P2_ENSG00000054611,TBC1D22A,0.0044488707
9880_WT1_P1P2_ENSG00000184937,WT1,0.0044422406
11323_non-targeting_non-targeting_non-targeting,non-targeting,0.0044361693
3253_GABPA_P1P2_ENSG00000154727,GABPA,0.004434725
3175_FOXN3_P1_ENSG00000053254,FOXN3,0.0044300505
7688_SCARB2_P1P2_ENSG00000138760,SCARB2,0.0044292426
5271_MRS2_P1P2_ENSG00000124532,MRS2,0.0044191885
10842_non-targeting_non-targeting_non-targeting,non-targeting,0.0044160634
3298_GATAD1_P1P2_ENSG00000157259,GATAD1,0.004415945
3400_GLOD4_P1P2_ENSG00000167699,GLOD4,0.0044153687
1332_CCNK_P2_ENSG00000090061,CCNK,0.00440988
10449_ZNF561_P1P2_ENSG00000171469,ZNF561,0.00440761
9906_XRCC4_P1P2_ENSG00000152422,XRCC4,0.0044064056
11131_non-targeting_non-targeting_non-targeting,non-targeting,0.0044048955
369_AP1G2_P1P2_ENSG00000213983,AP1G2,0.0044036894
1368_CD52_P1P2_ENSG00000169442,CD52,0.00440166
6742_PRELID2_P1P2_ENSG00000186314,PRELID2,0.0044002403
8829_TEX264_P1P2_ENSG00000164081,TEX264,0.004388669
9288_TRIM7_P1P2_ENSG00000146054,TRIM7,0.0043837475
7531_RPS6KA4_P1P2_ENSG00000162302,RPS6KA4,0.0043817773
4116_INCENP_P1P2_ENSG00000149503,INCENP,0.0043768245
3940_RIDA_P1P2_ENSG00000132541,RIDA,0.0043619843
4217_ISY1_P1P2_ENSG00000240682,ISY1,0.0043581254
9970_ZBTB12_P1P2_ENSG00000204366,ZBTB12,0.00435624
9123_TNFAIP8L2_P1P2_ENSG00000163154,TNFAIP8L2,0.004351363
4711_LTF_P1P2_ENSG00000012223,LTF,0.0043485234
4277_KAT6A_P1P2_ENSG00000083168,KAT6A,0.00434814
3842_HMMR_P1P2_ENSG00000072571,HMMR,0.004342811
7940_SKAP2_P1P2_ENSG00000005020,SKAP2,0.0043410524
3183_FOXP1_ENST00000498215.1_ENSG00000114861,FOXP1,0.004341028
1882_CRX_P1P2_ENSG00000105392,CRX,0.004337655
555_ARVCF_P1_ENSG00000099889,ARVCF,0.004337593
1014_C19orf12_P1P2_ENSG00000131943,C19orf12,0.0043362016
1057_C20orf203_P1P2_ENSG00000198547,C20orf203,0.0043342668
6103_PBX1_P1P2_ENSG00000185630,PBX1,0.004331382
2673_EPN2_P1_ENSG00000072134,EPN2,0.0043313247
1198_CASC3_P1P2_ENSG00000108349,CASC3,0.0043295724
10668_ZNF83_ENST00000597597.1_ENSG00000167766,ZNF83,0.0043275226
9440_TWF2_P1P2_ENSG00000247596,TWF2,0.0043262406
11274_non-targeting_non-targeting_non-targeting,non-targeting,0.0043258504
10194_ZNF18_P1P2_ENSG00000154957,ZNF18,0.0043209363
6293_PHF7_P1P2_ENSG00000010318,PHF7,0.004315404
4742_MACF1_P1P2_ENSG00000127603,MACF1,0.004313575
8986_TMEM115_P1P2_ENSG00000126062,TMEM115,0.0043111085
171_AEBP2_P1P2_ENSG00000139154,AEBP2,0.0043105274
892_BRD7_P1P2_ENSG00000166164,BRD7,0.004298631
2603_ELOVL6_P1P2_ENSG00000170522,ELOVL6,0.0042981906
6522_POLE3_P1P2_ENSG00000148229,POLE3,0.0042971754
2416_DVL1_P1P2_ENSG00000107404,DVL1,0.0042913915
2688_SELENOI_P1P2_ENSG00000138018,SELENOI,0.0042912504
7107_RAP2C_P1P2_ENSG00000123728,RAP2C,0.004285529
9799_WDFY1_P1P2_ENSG00000085449,WDFY1,0.0042851563
8031_SLC30A5_P1P2_ENSG00000145740,SLC30A5,0.0042703263
3426_GMPR_P1P2_ENSG00000137198,GMPR,0.004270128
9115_TMUB2_P1P2_ENSG00000168591,TMUB2,0.00426862
5891_NUP205_P1P2_ENSG00000155561,NUP205,0.0042646043
7379_RNF216_P1P2_ENSG00000011275,RNF216,0.0042550364
1498_CEP164_P1P2_ENSG00000110274,CEP164,0.0042472114
808_BCL7C_P1P2_ENSG00000099385,BCL7C,0.004246475
3079_FHL2_P1P2_ENSG00000115641,FHL2,0.0042448537
6489_PNMA1_P1P2_ENSG00000176903,PNMA1,0.004244129
2511_EGR1_P2_ENSG00000120738,EGR1,0.0042355414
4415_KLF17_ENST00000372299.3_ENSG00000171872,KLF17,0.004235018
5352_MUS81_P1P2_ENSG00000172732,MUS81,0.0042342204
6579_POPDC3_P2_ENSG00000132429,POPDC3,0.0042290594
6035_PAFAH1B3_P1P2_ENSG00000079462,PAFAH1B3,0.0042267125
1689_CMBL_P1P2_ENSG00000164237,CMBL,0.0042260005
150_ADD2_P1P2_ENSG00000075340,ADD2,0.004224914
7873_SH3BGRL3_P1P2_ENSG00000142669,SH3BGRL3,0.0042235
11292_non-targeting_non-targeting_non-targeting,non-targeting,0.0042210678
9232_TRAF5_P1P2_ENSG00000082512,TRAF5,0.0042183534
8305_SP140_P1P2_ENSG00000079263,SP140,0.0042170524
4213_ISOC2_P1_ENSG00000063241,ISOC2,0.0042157765
11172_non-targeting_non-targeting_non-targeting,non-targeting,0.004214384
7949_SLAIN2_P1P2_ENSG00000109171,SLAIN2,0.0042105173
6494_PNPLA2_P1P2_ENSG00000177666,PNPLA2,0.0042091855
5865_NUDT16L1_P1P2_ENSG00000168101,NUDT16L1,0.00420682
3161_FOXI1_P1P2_ENSG00000168269,FOXI1,0.004205437
3688_HELT_P1P2_ENSG00000187821,HELT,0.0042011864
184_AGFG1_P1P2_ENSG00000173744,AGFG1,0.0041962606
545_ARPP19_P1P2_ENSG00000128989,ARPP19,0.004193045
5488_NCAPD3_P1P2_ENSG00000151503,NCAPD3,0.0041905097
6814_PRR3_P1P2_ENSG00000204576,PRR3,0.004187978
7333_RNASET2_P1P2_ENSG00000026297,RNASET2,0.004184062
6718_PRCP_P1_ENSG00000137509,PRCP,0.0041832756
9066_CEMIP2_P1P2_ENSG00000135048,CEMIP2,0.0041743023
622_ATG4A_P1P2_ENSG00000101844,ATG4A,0.0041735624
5456_NANOGNB_ENST00000382119.1_ENSG00000205857,NANOGNB,0.0041673225
492_ARID3C_P1P2_ENSG00000205143,ARID3C,0.0041643493
3886_HOXA10_P1P2_ENSG00000253293,HOXA10,0.004160835
3136_FOSB_P1_ENSG00000125740,FOSB,0.004160068
8090_SLC45A4_ENST00000024061.3_ENSG00000022567,SLC45A4,0.0041495487
3267_GALNT10_P1P2_ENSG00000164574,GALNT10,0.004149107
9085_RXYLT1_P1P2_ENSG00000118600,RXYLT1,0.0041488786
3932_HPS1_P1P2_ENSG00000107521,HPS1,0.004145553
9094_TMEM69_P1P2_ENSG00000159596,TMEM69,0.004136461
6491_PNMT_P1P2_ENSG00000141744,PNMT,0.004135561
49_ABHD3_P1P2_ENSG00000158201,ABHD3,0.004135304
7292_RHOC_P1P2_ENSG00000155366,RHOC,0.0041349214
10591_ZNF721_P2_ENSG00000182903,ZNF721,0.0041344515
430_AQP7_P1P2_ENSG00000165269,AQP7,0.0041295206
309_ANAPC5_P1P2_ENSG00000089053,ANAPC5,0.004129265
10533_ZNF662_P1P2_ENSG00000182983,ZNF662,0.0041251844
7937_SKA1_P1P2_ENSG00000154839,SKA1,0.0041215285
3714_HEY2_P1P2_ENSG00000135547,HEY2,0.004119069
3127_FNDC3B_P1P2_ENSG00000075420,FNDC3B,0.004111943
2832_FAM111A_P2_ENSG00000166801,FAM111A,0.004109905
2957_FAM98B_P1P2_ENSG00000171262,FAM98B,0.004104661
4228_ITGB3BP_P1P2_ENSG00000142856,ITGB3BP,0.004103819
8112_SLC8B1_P1_ENSG00000089060,SLC8B1,0.0041037477
3732_HINT1_P1P2_ENSG00000169567,HINT1,0.0041037346
1631_CKLF_P1P2_ENSG00000217555,CKLF,0.0040997616
2703_ERGIC2_P1P2_ENSG00000087502,ERGIC2,0.004085511
1508_CEP57_P1P2_ENSG00000166037,CEP57,0.0040833843
8260_SNX9_P1P2_ENSG00000130340,SNX9,0.0040821694
4220_ITFG1_P1P2_ENSG00000129636,ITFG1,0.004079755
6054_PAN3_P1P2_ENSG00000152520,PAN3,0.0040780976
925_BTG1_P1P2_ENSG00000133639,BTG1,0.004076438
219_CRYBG1_P1P2_ENSG00000112297,CRYBG1,0.004073447
8290_SOX30_P2_ENSG00000039600,SOX30,0.004070463
747_BAG2_P1P2_ENSG00000112208,BAG2,0.0040662205
8608_SUV39H1_P1P2_ENSG00000101945,SUV39H1,0.0040651225
4340_KHSRP_P1P2_ENSG00000088247,KHSRP,0.0040501175
3522_GPT2_P1P2_ENSG00000166123,GPT2,0.004050108
8739_TBPL1_P1P2_ENSG00000028839,TBPL1,0.0040484183
841_BLCAP_P1P2_ENSG00000166619,BLCAP,0.0040443656
2012_CYTH1_P1P2_ENSG00000108669,CYTH1,0.004041988
1146_CACNB3_P2_ENSG00000167535,CACNB3,0.004035321
1214_CAT_P1_ENSG00000121691,CAT,0.00403055
11065_non-targeting_non-targeting_non-targeting,non-targeting,0.0040288013
10967_non-targeting_non-targeting_non-targeting,non-targeting,0.004023245
4793_MANEAL_P1P2_ENSG00000185090,MANEAL,0.004020969
6030_PACSIN2_P1P2_ENSG00000100266,PACSIN2,0.00401948
3009_FBXO25_P1P2_ENSG00000147364,FBXO25,0.0040171617
2702_ERGIC1_P1P2_ENSG00000113719,ERGIC1,0.0040150373
407_APLP2_P1P2_ENSG00000084234,APLP2,0.0040143244
3457_GOLGA3_P1P2_ENSG00000090615,GOLGA3,0.004008806
3939_HRC_P1P2_ENSG00000130528,HRC,0.004001209
7255_RFT1_P1P2_ENSG00000163933,RFT1,0.003996917
10337_ZNF408_P1P2_ENSG00000175213,ZNF408,0.003996448
3036_FBXW5_P1P2_ENSG00000159069,FBXW5,0.0039957273
6223_PEX10_P1_ENSG00000157911,PEX10,0.003994373
9018_TMEM170A_P1P2_ENSG00000166822,TMEM170A,0.0039937412
43_ABHD14B_P2_ENSG00000114779,ABHD14B,0.0039916527
3683_HECTD1_P1P2_ENSG00000092148,HECTD1,0.003990776
10143_ZMYM2_P1P2_ENSG00000121741,ZMYM2,0.003985023
9238_TRAM1_P1P2_ENSG00000067167,TRAM1,0.0039763045
9619_URGCP_P1_ENSG00000106608,URGCP,0.003975119
11033_non-targeting_non-targeting_non-targeting,non-targeting,0.003972882
3871_HNRNPL_P2_ENSG00000104824,HNRNPL,0.003967752
8893_THOP1_P1P2_ENSG00000172009,THOP1,0.0039676046
5479_NBEAL2_P2_ENSG00000160796,NBEAL2,0.003960214
2136_DEAF1_P1P2_ENSG00000177030,DEAF1,0.0039560962
8390_SPTY2D1_P1P2_ENSG00000179119,SPTY2D1,0.0039546397
99_ACSL1_P1P2_ENSG00000151726,ACSL1,0.00395328
807_BCL7B_P1P2_ENSG00000106635,BCL7B,0.0039509907
10260_ZNF280B_P1P2_ENSG00000275004,ZNF280B,0.0039476496
10374_ZNF454_P1P2_ENSG00000178187,ZNF454,0.0039412873
7630_SAC3D1_P1P2_ENSG00000168061,SAC3D1,0.0039394996
8612_SWI5_P1P2_ENSG00000175854,SWI5,0.003937825
5175_MPPE1_P1P2_ENSG00000154889,MPPE1,0.0039376765
5034_MGAT1_P1_ENSG00000131446,MGAT1,0.003933383
1901_CSNK1G1_P1P2_ENSG00000169118,CSNK1G1,0.003930097
10973_non-targeting_non-targeting_non-targeting,non-targeting,0.003926583
7405_RNPEPL1_P1P2_ENSG00000142327,RNPEPL1,0.003926255
11049_non-targeting_non-targeting_non-targeting,non-targeting,0.00392389
2465_ECHDC3_P1P2_ENSG00000134463,ECHDC3,0.003922785
9166_TOMM40L_P1P2_ENSG00000158882,TOMM40L,0.0039216494
9446_TXLNG_P1P2_ENSG00000086712,TXLNG,0.00392116
8212_SND1_P1P2_ENSG00000197157,SND1,0.003920032
1913_CST3_P1P2_ENSG00000101439,CST3,0.0039178366
8136_SMAGP_P1P2_ENSG00000170545,SMAGP,0.0039135152
9622_URM1_P1P2_ENSG00000167118,URM1,0.0039133173
8126_SLU7_P1P2_ENSG00000164609,SLU7,0.0039117644
2667_EPHB4_P1P2_ENSG00000196411,EPHB4,0.0039067734
2096_DDOST_P1P2_ENSG00000244038,DDOST,0.003906483
9648_USP30_P1P2_ENSG00000135093,USP30,0.003898358
6736_PRDX3_P1P2_ENSG00000165672,PRDX3,0.0038970374
627_ATG7_P1P2_ENSG00000197548,ATG7,0.00389692
5655_NFXL1_P1P2_ENSG00000170448,NFXL1,0.0038960923
6375_PIR_P1P2_ENSG00000087842,PIR,0.0038911975
3893_HOXA4_P1P2_ENSG00000197576,HOXA4,0.0038877872
3699_HES2_P2_ENSG00000069812,HES2,0.0038857735
3469_GOLPH3L_P1P2_ENSG00000143457,GOLPH3L,0.0038855674
345_ANKRD9_P1P2_ENSG00000156381,ANKRD9,0.0038826491
3544_GRTP1_P1P2_ENSG00000139835,GRTP1,0.0038808722
6500_PNP_P1P2_ENSG00000198805,PNP,0.0038800917
6824_PRRX2_P1P2_ENSG00000167157,PRRX2,0.0038741166
8004_SLC25A39_P2_ENSG00000013306,SLC25A39,0.0038737655
2909_FAM217B_P2_ENSG00000196227,FAM217B,0.003870645
10930_non-targeting_non-targeting_non-targeting,non-targeting,0.00386972
7052_RABIF_P1P2_ENSG00000183155,RABIF,0.0038650474
11002_non-targeting_non-targeting_non-targeting,non-targeting,0.0038628855
10961_non-targeting_non-targeting_non-targeting,non-targeting,0.0038624934
5627_NFATC3_P1P2_ENSG00000072736,NFATC3,0.0038600883
3107_FLI1_P1P2_ENSG00000151702,FLI1,0.0038594694
682_ATP6V1D_P1P2_ENSG00000100554,ATP6V1D,0.0038554936
3097_FKBP3_P1P2_ENSG00000100442,FKBP3,0.0038482207
526_ARMCX3_P1P2_ENSG00000102401,ARMCX3,0.0038373405
8396_SRBD1_P1P2_ENSG00000068784,SRBD1,0.0038325044
8083_SLC40A1_P2_ENSG00000138449,SLC40A1,0.0038316306
4042_IFITM2_P1P2_ENSG00000185201,IFITM2,0.0038263507
1800_CORO1B_P1_ENSG00000172725,CORO1B,0.003825934
8707_TBC1D13_P1P2_ENSG00000107021,TBC1D13,0.0038242762
9213_TPRN_P1P2_ENSG00000176058,TPRN,0.0038225742
5712_NME3_P1P2_ENSG00000103024,NME3,0.0038095808
5774_NPTN_P1P2_ENSG00000156642,NPTN,0.0038082397
2252_DMBX1_P1P2_ENSG00000197587,DMBX1,0.003805572
9614_UQCRHL_P1P2_ENSG00000233954,UQCRHL,0.0038047535
11243_non-targeting_non-targeting_non-targeting,non-targeting,0.0038031205
3618_H3F3B_P1P2_ENSG00000132475,H3F3B,0.0038012124
1302_CCDC88A_P1P2_ENSG00000115355,CCDC88A,0.0038010352
4072_IGFLR1_P2_ENSG00000126246,IGFLR1,0.003787825
6519_POLDIP2_P1P2_ENSG00000004142,POLDIP2,0.0037867243
1136_C9orf78_P1P2_ENSG00000136819,C9orf78,0.0037815429
8363_SPIRE1_P1P2_ENSG00000134278,SPIRE1,0.0037775845
4510_LANCL1_P1P2_ENSG00000115365,LANCL1,0.0037765591
5819_NRSN2_P1P2_ENSG00000125841,NRSN2,0.0037744606
7610_RWDD2B_P1P2_ENSG00000156253,RWDD2B,0.0037732145
8030_SLC30A1_P1P2_ENSG00000170385,SLC30A1,0.0037716802
10835_non-targeting_non-targeting_non-targeting,non-targeting,0.0037639868
3834_HMGN1_P1P2_ENSG00000205581,HMGN1,0.003761838
9789_WAS_P1P2_ENSG00000015285,WAS,0.0037616438
9029_TMEM189_P1P2_ENSG00000240849,TMEM189,0.0037586605
10793_non-targeting_non-targeting_non-targeting,non-targeting,0.0037554186
1451_CDKN2C_P1_ENSG00000123080,CDKN2C,0.0037538665
5145_MOK_P1P2_ENSG00000080823,MOK,0.00374798
6300_PHKG2_P1P2_ENSG00000156873,PHKG2,0.0037449563
4819_MAP4K4_P1P2_ENSG00000071054,MAP4K4,0.003741851
1342_CCR10_P1P2_ENSG00000184451,CCR10,0.0037409551
802_BCL2L1_P2_ENSG00000171552,BCL2L1,0.003735319
9954_YWHAH_P1P2_ENSG00000128245,YWHAH,0.0037315132
5892_NUP210_P1P2_ENSG00000132182,NUP210,0.003730524
1371_CD58_P1P2_ENSG00000116815,CD58,0.003730208
8715_TBC1D24_P1P2_ENSG00000162065,TBC1D24,0.003728706
10582_ZNF714_P1P2_ENSG00000160352,ZNF714,0.003726905
5429_NAA35_P1P2_ENSG00000135040,NAA35,0.0037229764
9674_USP6NL_ENST00000277575.5_ENSG00000148429,USP6NL,0.0037216926
9643_USP24_P1P2_ENSG00000162402,USP24,0.003720224
3826_HMGA2_P1P2_ENSG00000149948,HMGA2,0.00371692
5057_MICALL2_P1P2_ENSG00000164877,MICALL2,0.0037148672
1600_CHST11_P1P2_ENSG00000171310,CHST11,0.0037145428
3174_FOXN3_P2_ENSG00000053254,FOXN3,0.003709167
737_B4GALT4_P1P2_ENSG00000121578,B4GALT4,0.0037064296
4451_KMT2C_P1P2_ENSG00000055609,KMT2C,0.003705746
9327_TRPV2_P1P2_ENSG00000187688,TRPV2,0.003705483
4597_LIN7C_P1P2_ENSG00000148943,LIN7C,0.003705193
7936_SIX6_P1P2_ENSG00000184302,SIX6,0.0036981844
9794_WBP2_P1P2_ENSG00000132471,WBP2,0.003696326
1705_CNDP2_P2_ENSG00000133313,CNDP2,0.0036947615
3698_HES2_P1_ENSG00000069812,HES2,0.0036926293
1739_COCH_P1P2_ENSG00000100473,COCH,0.003680565
9450_TXNDC15_P1P2_ENSG00000113621,TXNDC15,0.0036793144
6449_PLEKHO1_P1P2_ENSG00000023902,PLEKHO1,0.0036763484
1006_C17orf75_P1P2_ENSG00000108666,C17orf75,0.0036753374
7177_RBM45_P1P2_ENSG00000155636,RBM45,0.003668653
3857_HNRNPA1_P1P2_ENSG00000135486,HNRNPA1,0.0036674954
4661_LRRC37A3_P1P2_ENSG00000176809,LRRC37A3,0.0036674761
11150_non-targeting_non-targeting_non-targeting,non-targeting,0.0036672442
8596_SUPT3H_P1P2_ENSG00000196284,SUPT3H,0.0036666177
3543_GRSF1_P1P2_ENSG00000132463,GRSF1,0.0036636663
5678_NIPSNAP1_P1P2_ENSG00000184117,NIPSNAP1,0.003663077
7810_SERTAD3_P1P2_ENSG00000167565,SERTAD3,0.0036615992
1238_CCAR1_P1P2_ENSG00000060339,CCAR1,0.0036468946
"8584_SULT1A3_ENST00000354723.6,ENST00000355544.5_ENSG00000261052",SULT1A3,0.0036466764
6606_PPARA_P1P2_ENSG00000186951,PPARA,0.0036427446
7238_REST_P1_ENSG00000084093,REST,0.0036300023
8116_SLC9A3R2_P2_ENSG00000065054,SLC9A3R2,0.003629903
7935_SIX5_P1P2_ENSG00000177045,SIX5,0.003627516
1102_MRNIP_P1P2_ENSG00000161010,MRNIP,0.0036260122
4573_LHX6_P1_ENSG00000106852,LHX6,0.003621075
1927_CTCF_P1P2_ENSG00000102974,CTCF,0.0036202269
4280_KAT8_P2_ENSG00000103510,KAT8,0.0036193377
5565_NDUFS1_P1P2_ENSG00000023228,NDUFS1,0.0036183812
8537_STRADB_P1P2_ENSG00000082146,STRADB,0.0036172639
1345_CCS_P1P2_ENSG00000173992,CCS,0.0036151402
4467_KRBA1_P1P2_ENSG00000133619,KRBA1,0.0036135176
2455_EBF4_P1P2_ENSG00000088881,EBF4,0.0036122177
4916_MDH2_P1P2_ENSG00000146701,MDH2,0.0036109802
10200_ZNF205_P1P2_ENSG00000122386,ZNF205,0.0036099155
5661_NGRN_P1P2_ENSG00000182768,NGRN,0.0036042244
10589_ZNF720_P1P2_ENSG00000197302,ZNF720,0.0036036153
6828_PRSS50_P2_nan,PRSS50,0.0036033723
75_ACAT1_P1P2_ENSG00000075239,ACAT1,0.0036028358
6752_PRKAB2_P1P2_ENSG00000131791,PRKAB2,0.0036002824
6940_CAVIN1_P1P2_ENSG00000177469,CAVIN1,0.0035970784
1953_CTSV_P1P2_ENSG00000136943,CTSV,0.0035900737
10192_ZNF184_P1P2_ENSG00000096654,ZNF184,0.003589102
7625_S100A6_P1P2_ENSG00000197956,S100A6,0.0035883095
3405_GLRX_P1P2_ENSG00000173221,GLRX,0.003586269
10012_ZBTB7C_P2_ENSG00000184828,ZBTB7C,0.0035849751
2228_DIP2B_P1P2_ENSG00000066084,DIP2B,0.0035838415
3382_GK_P1P2_ENSG00000198814,GK,0.0035808645
9918_YARS2_P1P2_ENSG00000139131,YARS2,0.003580217
2196_DHRS3_P1P2_ENSG00000162496,DHRS3,0.0035772966
3375_GIPR_P1P2_ENSG00000010310,GIPR,0.0035702083
9712_VCP_P1P2_ENSG00000165280,VCP,0.003568594
10121_ZIC4_P2_ENSG00000174963,ZIC4,0.0035639415
3092_FKBP14_P1P2_ENSG00000106080,FKBP14,0.0035586448
2840_FAM120AOS_P1P2_ENSG00000188938,FAM120AOS,0.0035553577
2250_DLX6_P1P2_ENSG00000006377,DLX6,0.0035530971
1590_CHM_P1P2_ENSG00000188419,CHM,0.0035525248
1657_CLIP1_P1P2_ENSG00000130779,CLIP1,0.0035520801
4812_MAP3K5_P1P2_ENSG00000197442,MAP3K5,0.0035461145
9203_TPM1_P1_ENSG00000140416,TPM1,0.0035452065
10243_ZNF25_P1P2_ENSG00000175395,ZNF25,0.003536724
3875_HNRNPR_P1P2_ENSG00000125944,HNRNPR,0.0035281675
5109_MLH3_P1P2_ENSG00000119684,MLH3,0.0035155274
6158_PDCD6IP_P1P2_ENSG00000170248,PDCD6IP,0.0035146053
8627_SYNJ2BP_P1P2_ENSG00000213463,SYNJ2BP,0.0035114551
2923_FAM49B_P2_ENSG00000153310,FAM49B,0.0035086758
1515_CEP85L_P1P2_ENSG00000111860,CEP85L,0.0035050109
6002_OVCA2_P1P2_ENSG00000262664,OVCA2,0.0035040176
6111_PCBP2_P1_ENSG00000197111,PCBP2,0.0035034777
4705_LTBP1_P1P2_ENSG00000049323,LTBP1,0.0035023654
6008_OXLD1_P1P2_ENSG00000204237,OXLD1,0.0034903807
1729_CNST_P1P2_ENSG00000162852,CNST,0.0034901293
5428_NAA30_P1P2_ENSG00000139977,NAA30,0.0034776365
6360_PIK3R4_P1P2_ENSG00000196455,PIK3R4,0.0034687624
9220_TRA2A_P2_ENSG00000164548,TRA2A,0.003468746
584_ASMTL_P1P2_ENSG00000169093,ASMTL,0.003466497
3703_HES6_P1P2_ENSG00000144485,HES6,0.0034663645
5780_NR1D1_P1P2_ENSG00000126368,NR1D1,0.0034651447
5028_MFSD2B_P1P2_ENSG00000205639,MFSD2B,0.003465076
6458_PLOD3_P1P2_ENSG00000106397,PLOD3,0.0034647537
10782_non-targeting_non-targeting_non-targeting,non-targeting,0.0034618545
10467_ZNF577_P1P2_ENSG00000161551,ZNF577,0.0034589425
6217_PEPD_P1P2_ENSG00000124299,PEPD,0.0034579616
3100_FKBP7_P1P2_ENSG00000079150,FKBP7,0.0034574978
7794_SERF1B_ENST00000380751.5_ENSG00000205572,SERF1B,0.0034573043
695_ATP5IF1_P1P2_ENSG00000130770,ATP5IF1,0.003451931
5311_MTFR1L_P1P2_ENSG00000117640,MTFR1L,0.0034495723
5840_NT5C3B_P1P2_ENSG00000141698,NT5C3B,0.0034482076
1975_CWF19L1_P1P2_ENSG00000095485,CWF19L1,0.003447118
7769_SEMA4C_P2_ENSG00000168758,SEMA4C,0.0034455976
131_ADAM9_P1P2_ENSG00000168615,ADAM9,0.0034422446
5438_NABP2_P2_ENSG00000139579,NABP2,0.0034412458
8410_SRI_P1_ENSG00000075142,SRI,0.0034412176
4077_ELP1_P1P2_ENSG00000070061,ELP1,0.0034382537
10952_non-targeting_non-targeting_non-targeting,non-targeting,0.0034319747
9209_TPP1_P1P2_ENSG00000166340,TPP1,0.003428748
1698_CMTM4_P1P2_ENSG00000183723,CMTM4,0.0034240277
2810_F2RL3_P1P2_ENSG00000127533,F2RL3,0.0034201108
1114_C6orf62_P2_ENSG00000112308,C6orf62,0.0034153194
1710_CNN1_P1_ENSG00000130176,CNN1,0.0034131599
4186_IRF2BPL_P1P2_ENSG00000119669,IRF2BPL,0.0034125156
5386_MYL4_P1P2_ENSG00000198336,MYL4,0.0034097969
7342_RNF121_P1P2_ENSG00000137522,RNF121,0.0034077829
9817_WDR37_P1P2_ENSG00000047056,WDR37,0.0033893685
10849_non-targeting_non-targeting_non-targeting,non-targeting,0.0033890833
9062_TMEM256_P1P2_ENSG00000205544,TMEM256,0.0033886486
2643_ENO3_P1_ENSG00000108515,ENO3,0.0033886384
7228_RELL2_P1P2_ENSG00000164620,RELL2,0.0033883979
10935_non-targeting_non-targeting_non-targeting,non-targeting,0.0033836067
4078_IKBKB_P1P2_ENSG00000104365,IKBKB,0.0033816874
1989_CYB5A_P1P2_ENSG00000166347,CYB5A,0.003381323
10108_ZFYVE21_P1P2_ENSG00000100711,ZFYVE21,0.0033788865
1900_CSNK1E_P1P2_ENSG00000213923,CSNK1E,0.0033739852
10264_ZNF282_P1P2_ENSG00000170265,ZNF282,0.0033738888
6913_PTK2B_P1P2_ENSG00000120899,PTK2B,0.0033611923
8493_STAR_P1P2_ENSG00000147465,STAR,0.0033381665
1299_CCDC85B_P1P2_ENSG00000175602,CCDC85B,0.003334338
6184_PDK2_P1P2_ENSG00000005882,PDK2,0.0033325853
1067_RTL10_P1P2_ENSG00000215012,RTL10,0.003328342
7885_SH3GLB1_P1P2_ENSG00000097033,SH3GLB1,0.0033213464
1986_CYB561A3_P1P2_ENSG00000162144,CYB561A3,0.0033184374
9718_VEGFA_P1P2_ENSG00000112715,VEGFA,0.0033168073
10921_non-targeting_non-targeting_non-targeting,non-targeting,0.0033143784
8025_SLC2A13_P1P2_ENSG00000151229,SLC2A13,0.0033089414
5327_MTIF3_P1P2_ENSG00000122033,MTIF3,0.003308937
1558_CHD2_P2_ENSG00000173575,CHD2,0.0033073348
2472_EDARADD_P1_ENSG00000186197,EDARADD,0.003303377
11016_non-targeting_non-targeting_non-targeting,non-targeting,0.0033000933
7999_SLC25A32_P1P2_ENSG00000164933,SLC25A32,0.0032966493
9840_WDR74_P2_ENSG00000133316,WDR74,0.0032947503
4574_LHX6_P2_ENSG00000106852,LHX6,0.003294461
500_ARL13B_P1P2_ENSG00000169379,ARL13B,0.0032931038
1139_CA5A_P1P2_ENSG00000174990,CA5A,0.0032871263
452_ARFRP1_P1P2_ENSG00000101246,ARFRP1,0.0032845177
6440_PLEKHF1_P1P2_ENSG00000166289,PLEKHF1,0.0032815696
146_ADCK5_P1P2_ENSG00000173137,ADCK5,0.003280178
4459_KPNA2_P1P2_ENSG00000182481,KPNA2,0.0032727837
6566_POM121C_P1P2_ENSG00000272391,POM121C,0.0032725327
6881_PSME4_P1P2_ENSG00000068878,PSME4,0.0032722848
1888_CRYZL1_P1P2_ENSG00000205758,CRYZL1,0.0032647368
10365_ZNF441_P1P2_ENSG00000197044,ZNF441,0.003260666
657_ATP5F1E_P1P2_ENSG00000124172,ATP5F1E,0.0032545228
8991_TMEM123_P1P2_ENSG00000152558,TMEM123,0.0032544092
11183_non-targeting_non-targeting_non-targeting,non-targeting,0.0032540925
10036_ZCCHC4_P1P2_ENSG00000168228,ZCCHC4,0.0032538476
6133_PCMTD1_P1P2_ENSG00000168300,PCMTD1,0.003252301
1185_CAPZA1_P1P2_ENSG00000116489,CAPZA1,0.003252159
10903_non-targeting_non-targeting_non-targeting,non-targeting,0.003246819
4970_MELK_P1P2_ENSG00000165304,MELK,0.0032300379
6616_PPFIA1_P1P2_ENSG00000131626,PPFIA1,0.0032257861
4057_IFT57_P1P2_ENSG00000114446,IFT57,0.0032248762
1946_CTSC_P1P2_ENSG00000109861,CTSC,0.0032218974
2531_EIF2AK2_P1P2_ENSG00000055332,EIF2AK2,0.0032138494
8874_THAP2_P1_ENSG00000173451,THAP2,0.0032098189
2159_DEPDC7_P1P2_ENSG00000121690,DEPDC7,0.0032063667
11315_non-targeting_non-targeting_non-targeting,non-targeting,0.0031955263
3563_GSTZ1_P1P2_ENSG00000100577,GSTZ1,0.0031952094
1158_CALM2_P1P2_ENSG00000143933,CALM2,0.0031916145
11290_non-targeting_non-targeting_non-targeting,non-targeting,0.0031914283
10430_ZNF540_P2_ENSG00000171817,ZNF540,0.0031912464
4513_LAPTM4A_P1P2_ENSG00000068697,LAPTM4A,0.003189409
6960_NECTIN2_P1P2_ENSG00000130202,NECTIN2,0.0031860399
5596_NEK7_P1P2_ENSG00000151414,NEK7,0.0031843358
1208_CASP8_P1_ENSG00000064012,CASP8,0.0031809586
9999_ZBTB45_P1P2_ENSG00000119574,ZBTB45,0.0031800084
7951_SLC10A3_P1P2_ENSG00000126903,SLC10A3,0.0031755106
562_ASAP1_P1P2_ENSG00000153317,ASAP1,0.0031718875
1133_C9orf40_P1P2_ENSG00000135045,C9orf40,0.003170826
10640_ZNF790_P2_ENSG00000197863,ZNF790,0.003170428
1803_CORO7_P1P2_ENSG00000262246,CORO7,0.003168735
7352_RNF144A_P2_ENSG00000151692,RNF144A,0.003166539
6810_PRR12_P1P2_ENSG00000126464,PRR12,0.0031628
4342_PCLAF_P1P2_ENSG00000166803,PCLAF,0.0031608697
9071_TMEM39B_P1P2_ENSG00000121775,TMEM39B,0.0031605973
183_AGBL5_P2_ENSG00000084693,AGBL5,0.0031589558
7906_SIAH2_P1P2_ENSG00000181788,SIAH2,0.0031556422
153_ADI1_P1P2_ENSG00000182551,ADI1,0.0031553956
5792_NR2E3_P1P2_ENSG00000278570,NR2E3,0.0031518454
5785_NR1H4_P1P2_ENSG00000012504,NR1H4,0.0031516682
1362_CD320_P1P2_ENSG00000167775,CD320,0.0031515774
10856_non-targeting_non-targeting_non-targeting,non-targeting,0.0031492019
11156_non-targeting_non-targeting_non-targeting,non-targeting,0.0031453741
7889_SHB_P1P2_ENSG00000107338,SHB,0.003141865
9628_USF2_P1P2_ENSG00000105698,USF2,0.0031416905
5094_MKNK1_P1_ENSG00000079277,MKNK1,0.0031414574
834_BID_P1P2_ENSG00000015475,BID,0.0031340935
1054_C1orf61_P2_ENSG00000125462,C1orf61,0.0031318783
2954_CIAO2A_P1P2_ENSG00000166797,CIAO2A,0.003130687
4278_KAT6B_P1P2_ENSG00000156650,KAT6B,0.003129332
10787_non-targeting_non-targeting_non-targeting,non-targeting,0.0031290525
6087_PATZ1_P1_ENSG00000100105,PATZ1,0.0031267249
5873_NUDT4_P1P2_ENSG00000173598,NUDT4,0.0031262767
8880_THAP7_P1P2_ENSG00000184436,THAP7,0.0031257968
1555_CHD1L_P1P2_ENSG00000131778,CHD1L,0.0031135997
5177_MPST_P1P2_ENSG00000128309,MPST,0.0031135057
2107_DDX19B_P1_ENSG00000157349,DDX19B,0.0031117601
5638_NFIC_P2_ENSG00000141905,NFIC,0.0031071103
8551_STX17_P1P2_ENSG00000136874,STX17,0.003105579
3914_HOXC4_ENST00000430889.2_ENSG00000198353,HOXC4,0.00310323
7604_RUNX3_P1_ENSG00000020633,RUNX3,0.0030971009
3122_FN3KRP_P1P2_ENSG00000141560,FN3KRP,0.0030938091
2714_ERLIN2_P1P2_ENSG00000147475,ERLIN2,0.0030898007
7742_SEC23B_P1P2_ENSG00000101310,SEC23B,0.00308748
5182_MPZ_P1_ENSG00000158887,MPZ,0.0030874587
11026_non-targeting_non-targeting_non-targeting,non-targeting,0.0030871043
1353_CCZ1B_ENST00000316731.8_ENSG00000146574,CCZ1B,0.0030864067
1837_CPPED1_P1P2_ENSG00000103381,CPPED1,0.0030727764
8198_SNAI1_P1P2_ENSG00000124216,SNAI1,0.0030720278
828_BHLHE22_P1P2_ENSG00000180828,BHLHE22,0.003070969
8338_SPDL1_P1P2_ENSG00000040275,SPDL1,0.0030652343
10712_ZSCAN18_P1_ENSG00000121413,ZSCAN18,0.0030632669
5626_NFATC2_P2_ENSG00000101096,NFATC2,0.0030566396
6781_PRNP_P1P2_ENSG00000171867,PRNP,0.003055387
641_ATP11C_ENST00000361648.2_ENSG00000101974,ATP11C,0.0030550342
6921_PTP4A3_P1P2_ENSG00000184489,PTP4A3,0.003054571
3045_FCGRT_P1P2_ENSG00000104870,FCGRT,0.0030506095
1684_CLUAP1_P1P2_ENSG00000103351,CLUAP1,0.0030500486
10624_ZNF775_P1P2_ENSG00000196456,ZNF775,0.0030283341
9244_TRAPPC13_P1P2_ENSG00000113597,TRAPPC13,0.0030282808
6478_PMP22_P1P2_ENSG00000109099,PMP22,0.0030230228
10052_ZDHHC5_P1P2_ENSG00000156599,ZDHHC5,0.0030195557
1018_C19orf47_P2_ENSG00000160392,C19orf47,0.0030133312
5624_NFATC2IP_P1P2_ENSG00000176953,NFATC2IP,0.0030104849
7828_SEZ6L2_P1P2_ENSG00000174938,SEZ6L2,0.0030100578
1524_CERS4_P1P2_ENSG00000090661,CERS4,0.0030063915
818_BEST1_P1_ENSG00000167995,BEST1,0.003002887
1387_CDC14A_P1P2_ENSG00000079335,CDC14A,0.0030028156
11057_non-targeting_non-targeting_non-targeting,non-targeting,0.0030015751
4799_MAP1S_P1P2_ENSG00000130479,MAP1S,0.0030010357
634_ATN1_P1P2_ENSG00000111676,ATN1,0.0029944014
7971_SLC18B1_P1P2_ENSG00000146409,SLC18B1,0.0029925995
631_ATL3_P1P2_ENSG00000184743,ATL3,0.0029837193
3346_GFM1_P1P2_ENSG00000168827,GFM1,0.0029756606
11086_non-targeting_non-targeting_non-targeting,non-targeting,0.0029744327
7850_SFXN5_P1P2_ENSG00000144040,SFXN5,0.00297389
5756_NOTO_P1P2_ENSG00000214513,NOTO,0.002972436
3366_GIGYF1_P2_ENSG00000146830,GIGYF1,0.002967634
1444_CDKAL1_P1P2_ENSG00000145996,CDKAL1,0.0029673462
6132_PCMT1_P1P2_ENSG00000120265,PCMT1,0.0029653169
5249_MRPS18B_P1P2_ENSG00000204568,MRPS18B,0.0029648603
2034_DAZAP2_P1P2_ENSG00000183283,DAZAP2,0.0029608675
8958_TM9SF1_P2_ENSG00000100926,TM9SF1,0.0029585627
1639_CLCN2_P1P2_ENSG00000114859,CLCN2,0.002956447
2733_ESPN_P1_ENSG00000187017,ESPN,0.0029560316
1611_CIB1_P1P2_ENSG00000185043,CIB1,0.0029497936
6869_PSMD1_P1P2_ENSG00000173692,PSMD1,0.002945798
4727_LYRM1_P1P2_ENSG00000102897,LYRM1,0.0029444557
650_ATP2B4_P1P2_ENSG00000058668,ATP2B4,0.0029434038
2180_DGKQ_P1_ENSG00000145214,DGKQ,0.002942445
11181_non-targeting_non-targeting_non-targeting,non-targeting,0.0029419959
4041_IFITM1_P1P2_ENSG00000185885,IFITM1,0.0029393523
9225_TRADD_P1P2_ENSG00000102871,TRADD,0.002938131
10977_non-targeting_non-targeting_non-targeting,non-targeting,0.0029374326
8786_TCF7L2_P1P2_ENSG00000148737,TCF7L2,0.0029341117
4133_INPP5A_P1P2_ENSG00000068383,INPP5A,0.002932695
5209_MRPL27_P1P2_ENSG00000108826,MRPL27,0.0029321401
6836_PSEN1_P1P2_ENSG00000080815,PSEN1,0.002926966
475_ARHGEF11_P1P2_ENSG00000132694,ARHGEF11,0.0029231447
10086_ZFP37_P1P2_ENSG00000136866,ZFP37,0.002921758
1155_CALCOCO2_P1_ENSG00000136436,CALCOCO2,0.0029179293
2761_ETV2_P1P2_ENSG00000105672,ETV2,0.0029168832
5090_MKI67_P1P2_ENSG00000148773,MKI67,0.0029124718
10445_ZNF557_P1P2_ENSG00000130544,ZNF557,0.0029110706
3351_GGA1_P1P2_ENSG00000100083,GGA1,0.0029028084
8459_ZNRD2_P1P2_ENSG00000173465,ZNRD2,0.002893728
7654_SAR1B_P1P2_ENSG00000152700,SAR1B,0.0028882506
5377_COPS9_P1P2_ENSG00000172428,COPS9,0.0028871566
9870_WNT5B_ENST00000537031.1_ENSG00000111186,WNT5B,0.002886652
1696_CMSS1_P1P2_ENSG00000184220,CMSS1,0.0028814867
10599_ZNF736_P1_ENSG00000234444,ZNF736,0.0028783842
1615_CIR1_P1P2_ENSG00000138433,CIR1,0.0028772848
10852_non-targeting_non-targeting_non-targeting,non-targeting,0.0028759607
1476_CENPBD1_P1P2_ENSG00000177946,CENPBD1,0.002871827
9709_VBP1_P1P2_ENSG00000155959,VBP1,0.0028700957
4530_LCE1C_P1P2_ENSG00000197084,LCE1C,0.0028616749
591_ASRGL1_P1P2_ENSG00000162174,ASRGL1,0.002851724
5590_NEIL2_P1P2_ENSG00000154328,NEIL2,0.0028504063
5482_NBPF15_P1P2_ENSG00000266338,NBPF15,0.0028462878
5584_NEDD4L_ENST00000400345.3_ENSG00000049759,NEDD4L,0.0028451248
7697_SCMH1_ENST00000326197.7_ENSG00000010803,SCMH1,0.002838293
8236_SNUPN_P1P2_ENSG00000169371,SNUPN,0.0028379327
7103_RAP1GAP_P1_ENSG00000076864,RAP1GAP,0.002835921
4184_IRF2BP2_P1_ENSG00000168264,IRF2BP2,0.0028306318
11255_non-targeting_non-targeting_non-targeting,non-targeting,0.0028305966
7394_RNF5_P1P2_ENSG00000204308,RNF5,0.0028285962
4207_ISG15_P1P2_ENSG00000187608,ISG15,0.0028274255
9152_TNRC18_P1P2_ENSG00000182095,TNRC18,0.0028268476
6700_PPP6C_P1P2_ENSG00000119414,PPP6C,0.0028158233
10388_ZNF483_P1P2_ENSG00000173258,ZNF483,0.002805893
3733_HINT2_P1P2_ENSG00000137133,HINT2,0.0028050567
9332_TSC22D1_P1P2_ENSG00000102804,TSC22D1,0.0028035974
10435_ZNF546_P1P2_ENSG00000187187,ZNF546,0.002790837
10646_ZNF7_P1P2_ENSG00000147789,ZNF7,0.0027902687
9131_TNFRSF8_P1P2_ENSG00000120949,TNFRSF8,0.0027887968
621_ATG3_P1P2_ENSG00000144848,ATG3,0.0027886962
9559_UBXN6_P1_ENSG00000167671,UBXN6,0.0027885945
4976_MEPCE_P1P2_ENSG00000146834,MEPCE,0.0027866275
7845_SFT2D2_P1P2_ENSG00000213064,SFT2D2,0.002784799
3840_HMGXB4_P1P2_ENSG00000100281,HMGXB4,0.002784288
8267_SOD2_P1P2_ENSG00000112096,SOD2,0.002777904
8188_SMS_P1P2_ENSG00000102172,SMS,0.0027653486
8476_ST6GALNAC6_P1P2_ENSG00000160408,ST6GALNAC6,0.002761764
2078_DCTN6_P1P2_ENSG00000104671,DCTN6,0.0027595805
886_BRCC3_P1P2_ENSG00000185515,BRCC3,0.0027578687
4567_LHX1_P1P2_ENSG00000273706,LHX1,0.0027571996
1380_CD8B_P1P2_ENSG00000172116,CD8B,0.0027563265
8058_SLC35G6_ENST00000412468.2_ENSG00000259224,SLC35G6,0.0027562722
5984_OSER1_P1P2_ENSG00000132823,OSER1,0.0027541798
4314_KDELR1_P1P2_ENSG00000105438,KDELR1,0.0027492628
10637_ZNF787_P1P2_ENSG00000142409,ZNF787,0.0027314264
3451_GNPNAT1_P1P2_ENSG00000100522,GNPNAT1,0.0027305607
"891_BRD4_ENST00000263377.2,ENST00000371835.4_ENSG00000141867",BRD4,0.0027292327
5620_NF2_P1P2_ENSG00000186575,NF2,0.0027269009
11070_non-targeting_non-targeting_non-targeting,non-targeting,0.0027248242
10881_non-targeting_non-targeting_non-targeting,non-targeting,0.0027176815
1763_COMMD6_P1_ENSG00000188243,COMMD6,0.002710461
11091_non-targeting_non-targeting_non-targeting,non-targeting,0.0027099685
10385_ZNF474_P1P2_ENSG00000164185,ZNF474,0.0027036688
2851_FAM131A_P1P2_ENSG00000175182,FAM131A,0.0026944636
4876_MBD4_P1P2_ENSG00000129071,MBD4,0.0026943923
3180_FOXO4_P1P2_ENSG00000184481,FOXO4,0.0026943549
8565_STXBP5_P1P2_ENSG00000164506,STXBP5,0.0026942962
2749_ETAA1_P1P2_ENSG00000143971,ETAA1,0.002687158
5253_MRPS23_P1P2_ENSG00000181610,MRPS23,0.0026850668
205_AHDC1_P1P2_ENSG00000126705,AHDC1,0.0026821229
3258_GADD45A_P1P2_ENSG00000116717,GADD45A,0.002681324
6131_PCM1_P1P2_ENSG00000078674,PCM1,0.002677773
7934_SIX4_P1P2_ENSG00000100625,SIX4,0.0026700178
10067_ZFAND2B_P1P2_ENSG00000158552,ZFAND2B,0.0026677705
11153_non-targeting_non-targeting_non-targeting,non-targeting,0.002664277
9171_TOMM7_P1P2_ENSG00000196683,TOMM7,0.0026608834
9053_TMEM240_P1P2_ENSG00000205090,TMEM240,0.0026584773
944_TWNK_P1P2_ENSG00000107815,TWNK,0.0026584107
8635_SYTL4_P1P2_ENSG00000102362,SYTL4,0.0026573231
529_ARNT2_P1P2_ENSG00000172379,ARNT2,0.0026524037
2007_CYP3A5_P1P2_ENSG00000106258,CYP3A5,0.0026498754
9353_TSPAN31_P1P2_ENSG00000135452,TSPAN31,0.002642908
6307_PHOX2B_P1P2_ENSG00000109132,PHOX2B,0.0026396688
10485_ZNF593_P1P2_ENSG00000142684,ZNF593,0.0026375512
2413_DUSP9_P2_ENSG00000130829,DUSP9,0.002635133
1070_C2CD2L_P2_ENSG00000172375,C2CD2L,0.0026346047
9602_UPF3A_P1P2_ENSG00000169062,UPF3A,0.0026330173
406_APLP1_P1P2_ENSG00000105290,APLP1,0.0026223534
7072_RAD52_P2_ENSG00000002016,RAD52,0.0026211762
7916_SIMC1_P1P2_ENSG00000170085,SIMC1,0.002615221
7016_RAB23_P1P2_ENSG00000112210,RAB23,0.0026143447
9883_WWOX_P1P2_ENSG00000186153,WWOX,0.002612617
5769_NPL_P1P2_ENSG00000135838,NPL,0.0025991362
11249_non-targeting_non-targeting_non-targeting,non-targeting,0.0025917438
9044_TMEM216_P1P2_ENSG00000187049,TMEM216,0.0025723553
2358_DPP8_P1P2_ENSG00000074603,DPP8,0.0025691802
3104_FKRP_P1P2_ENSG00000181027,FKRP,0.0025671346
2836_FAM117A_P2_ENSG00000121104,FAM117A,0.0025626987
6366_PIN1_P1P2_ENSG00000127445,PIN1,0.0025546988
10103_ZFPM2_P1P2_ENSG00000169946,ZFPM2,0.0025487344
9917_YAF2_P1P2_ENSG00000015153,YAF2,0.0025482958
3993_HUS1_P1P2_ENSG00000136273,HUS1,0.0025440967
11185_non-targeting_non-targeting_non-targeting,non-targeting,0.002540444
4383_KIF1C_P1P2_ENSG00000129250,KIF1C,0.0025379076
9231_TRAF4_P1P2_ENSG00000076604,TRAF4,0.002536906
2206_DHX30_P2_ENSG00000132153,DHX30,0.0025366037
8257_SNX5_P1P2_ENSG00000089006,SNX5,0.0025325832
5053_MICAL2_P1P2_ENSG00000133816,MICAL2,0.0025291063
10274_ZNF2_P1P2_ENSG00000275111,ZNF2,0.0025287587
6989_QSER1_P1P2_ENSG00000060749,QSER1,0.0025232472
4614_LMF2_P1_ENSG00000100258,LMF2,0.0025189484
8454_SSR1_P1P2_ENSG00000124783,SSR1,0.0025140785
5266_MRPS5_P1P2_ENSG00000144029,MRPS5,0.0025128007
5236_MRPL52_P1P2_ENSG00000172590,MRPL52,0.0025109614
2512_EGR2_P1P2_ENSG00000122877,EGR2,0.0025081567
8630_SYPL1_P1P2_ENSG00000008282,SYPL1,0.0025072542
2721_ERP44_P1P2_ENSG00000023318,ERP44,0.0025051532
5388_MYL6_P1P2_ENSG00000092841,MYL6,0.0025009362
2849_RTL8C_P1P2_ENSG00000134590,RTL8C,0.002500023
2440_E2F3_P2_ENSG00000112242,E2F3,0.0024930905
9577_UGGT2_P1P2_ENSG00000102595,UGGT2,0.0024926595
6384_PITX1_P1P2_ENSG00000069011,PITX1,0.0024892837
6311_PHTF2_P1P2_ENSG00000006576,PHTF2,0.0024864557
41_ABHD13_P1P2_ENSG00000139826,ABHD13,0.0024835893
4481_KRTAP4-7_ENST00000391417.4_ENSG00000240871,KRTAP4-7,0.002469871
9675_USP7_P1P2_ENSG00000187555,USP7,0.0024693208
5577_NDUFV3_P1P2_ENSG00000160194,NDUFV3,0.0024666565
7646_SAMSN1_P1P2_ENSG00000155307,SAMSN1,0.0024628453
7805_SERPINF1_P1P2_ENSG00000132386,SERPINF1,0.0024603284
5623_NFATC1_P2_ENSG00000131196,NFATC1,0.0024581335
8564_STXBP4_P1P2_ENSG00000166263,STXBP4,0.002457228
2407_DUSP23_P1P2_ENSG00000158716,DUSP23,0.0024541363
7026_RAB3GAP1_P1P2_ENSG00000115839,RAB3GAP1,0.0024448065
3440_GNG10_P1P2_ENSG00000242616,GNG10,0.0024410558
8702_TAX1BP3_P1P2_ENSG00000213977,TAX1BP3,0.002439387
2283_DNAJB6_P1P2_ENSG00000105993,DNAJB6,0.0024334562
6767_PRKD3_P1P2_ENSG00000115825,PRKD3,0.0024303251
11170_non-targeting_non-targeting_non-targeting,non-targeting,0.0024302818
1984_CXorf40B_P1P2_ENSG00000197021,CXorf40B,0.0024261386
4084_IKZF3_P1P2_ENSG00000161405,IKZF3,0.0024259002
11045_non-targeting_non-targeting_non-targeting,non-targeting,0.0024201586
9276_TRIM39_P1P2_ENSG00000204599,TRIM39,0.002419319
856_BMP1_P1P2_ENSG00000168487,BMP1,0.002411094
7303_RIC8A_P2_ENSG00000177963,RIC8A,0.0024087394
6561_POLR3GL_P1P2_ENSG00000121851,POLR3GL,0.0024071753
1161_CALR_P1P2_ENSG00000179218,CALR,0.0024043953
4291_KCMF1_P1P2_ENSG00000176407,KCMF1,0.002404306
3549_GSE1_P1P2_ENSG00000131149,GSE1,0.0024020353
5846_NTAN1_P1P2_ENSG00000157045,NTAN1,0.0023989629
5298_MT2A_P1P2_ENSG00000125148,MT2A,0.0023957628
10619_ZNF770_P1P2_ENSG00000198146,ZNF770,0.0023886692
2261_DMRTB1_P1P2_ENSG00000143006,DMRTB1,0.0023866352
2174_DGCR6L_P1P2_ENSG00000128185,DGCR6L,0.0023822992
2379_VPS26C_P1P2_ENSG00000157538,VPS26C,0.00238185
9181_TOR1AIP1_P1P2_ENSG00000143337,TOR1AIP1,0.0023774847
7888_SHARPIN_P1P2_ENSG00000179526,SHARPIN,0.0023708162
9693_VAMP1_P1P2_ENSG00000139190,VAMP1,0.0023694406
7007_RAB12_P1P2_ENSG00000206418,RAB12,0.0023689799
2312_DNM1_P1P2_ENSG00000106976,DNM1,0.0023618282
3997_HYAL3_P1P2_ENSG00000186792,HYAL3,0.002359817
7490_RPP25_P1P2_ENSG00000178718,RPP25,0.002359523
5526_NDRG2_P1P2_ENSG00000165795,NDRG2,0.0023562522
1549_CHCHD2_P1P2_ENSG00000106153,CHCHD2,0.0023554044
887_BRD1_P1P2_ENSG00000100425,BRD1,0.0023533567
6353_PIK3CA_P1P2_ENSG00000121879,PIK3CA,0.002350952
908_BRWD1_P1P2_ENSG00000185658,BRWD1,0.0023475927
2181_DGKQ_P2_ENSG00000145214,DGKQ,0.002345752
84_ACIN1_P1_ENSG00000100813,ACIN1,0.00234054
1655_CLIC4_P1P2_ENSG00000169504,CLIC4,0.00233004
1384_CDADC1_P1P2_ENSG00000102543,CDADC1,0.0023278284
8824_TET2_P1P2_ENSG00000168769,TET2,0.002327264
6720_PRDM10_P1P2_ENSG00000170325,PRDM10,0.0023235853
5558_NDUFB6_P1P2_ENSG00000165264,NDUFB6,0.0023222181
10618_ZNF76_P1P2_ENSG00000065029,ZNF76,0.0023217804
861_BNC2_P1P2_ENSG00000173068,BNC2,0.0023188791
10175_ZNF148_P1P2_ENSG00000163848,ZNF148,0.002315114
439_ARF3_P1P2_ENSG00000134287,ARF3,0.0023112572
4013_ICAM5_P1_ENSG00000105376,ICAM5,0.0023036161
6621_PPIA_P1P2_ENSG00000196262,PPIA,0.0022875278
3255_GABRE_P1P2_ENSG00000102287,GABRE,0.0022870405
10324_ZNF385A_P2_ENSG00000161642,ZNF385A,0.00228665
10941_non-targeting_non-targeting_non-targeting,non-targeting,0.0022857732
4837_MAPKAPK3_P1P2_ENSG00000114738,MAPKAPK3,0.0022826537
8713_TBC1D22B_P1P2_ENSG00000065491,TBC1D22B,0.0022765994
9411_TUBA4A_P1P2_ENSG00000127824,TUBA4A,0.0022736203
1106_C6orf136_P1P2_ENSG00000204564,C6orf136,0.0022732918
1753_COLEC11_P1_ENSG00000118004,COLEC11,0.0022731489
4747_MAD2L2_P1P2_ENSG00000116670,MAD2L2,0.0022682
3726_HIF3A_P1_ENSG00000124440,HIF3A,0.0022628943
6102_PBRM1_P1P2_ENSG00000163939,PBRM1,0.0022546903
2412_DUSP9_P1_ENSG00000130829,DUSP9,0.0022508064
11171_non-targeting_non-targeting_non-targeting,non-targeting,0.0022503203
11188_non-targeting_non-targeting_non-targeting,non-targeting,0.0022303907
10552_ZNF684_P1P2_ENSG00000117010,ZNF684,0.0022289918
169_ADTRP_P1P2_ENSG00000111863,ADTRP,0.0022255604
10840_non-targeting_non-targeting_non-targeting,non-targeting,0.0022159475
7367_RNF185_P1P2_ENSG00000138942,RNF185,0.002214937
8320_SPAST_P1P2_ENSG00000021574,SPAST,0.0022078692
7289_RHOA_P1P2_ENSG00000067560,RHOA,0.0022068406
4984_METAP1_P1P2_ENSG00000164024,METAP1,0.0021994647
3364_GID8_P1P2_ENSG00000101193,GID8,0.0021922297
7784_SEPTIN1_P2_ENSG00000180096,SEPTIN1,0.0021901217
2941_FAM76A_P1P2_ENSG00000009780,FAM76A,0.0021851887
1321_CCND1_P2_ENSG00000110092,CCND1,0.0021848425
1361_CD2BP2_P1P2_ENSG00000169217,CD2BP2,0.0021836765
4358_WASHC4_P1P2_ENSG00000136051,WASHC4,0.0021827694
10889_non-targeting_non-targeting_non-targeting,non-targeting,0.0021779865
2571_EIF4G3_P2_ENSG00000075151,EIF4G3,0.0021776408
10236_ZNF24_P1P2_ENSG00000172466,ZNF24,0.0021765546
3365_GIGYF1_P1_ENSG00000146830,GIGYF1,0.00217116
5615_NEUROG1_P1P2_ENSG00000181965,NEUROG1,0.0021708764
10032_ZCCHC10_P1P2_ENSG00000155329,ZCCHC10,0.0021683755
7073_RAD54B_P1P2_ENSG00000197275,RAD54B,0.002165269
6174_PDGFA_P1P2_ENSG00000197461,PDGFA,0.0021609496
111_ACTR1B_P1P2_ENSG00000115073,ACTR1B,0.0021591424
11135_non-targeting_non-targeting_non-targeting,non-targeting,0.0021571368
6085_PATL1_P1P2_ENSG00000166889,PATL1,0.0021505023
9047_TMEM222_P1P2_ENSG00000186501,TMEM222,0.0021472408
3813_HLF_P2_ENSG00000108924,HLF,0.0021429362
10381_ZNF469_ENST00000437464.1_ENSG00000225614,ZNF469,0.0021367862
941_BZW2_P1P2_ENSG00000136261,BZW2,0.0021331403
5894_NUP35_P1P2_ENSG00000163002,NUP35,0.0021325427
9286_TRIM68_P1P2_ENSG00000167333,TRIM68,0.0021289974
10763_non-targeting_non-targeting_non-targeting,non-targeting,0.002126451
1864_CREB5_ENST00000396300.2_ENSG00000146592,CREB5,0.0021231463
2522_EI24_P1P2_ENSG00000149547,EI24,0.0021220911
10800_non-targeting_non-targeting_non-targeting,non-targeting,0.0021216965
356_ANTXR2_P1P2_ENSG00000163297,ANTXR2,0.0021195412
804_BCL6B_P1P2_ENSG00000161940,BCL6B,0.0021161893
1617_CISD1_P1P2_ENSG00000122873,CISD1,0.0021160133
3118_FMNL3_P1P2_ENSG00000161791,FMNL3,0.002111854
5399_MYO1D_P1P2_ENSG00000176658,MYO1D,0.002111462
10887_non-targeting_non-targeting_non-targeting,non-targeting,0.002110525
3106_FLCN_P1P2_ENSG00000154803,FLCN,0.0021012572
826_BHLHA15_P1P2_ENSG00000180535,BHLHA15,0.0020999527
9058_TMEM243_P1P2_ENSG00000135185,TMEM243,0.0020907845
3356_GGH_P1P2_ENSG00000137563,GGH,0.0020888057
598_ATAD2B_P1P2_ENSG00000119778,ATAD2B,0.002084335
6319_PIAS1_P1P2_ENSG00000033800,PIAS1,0.0020842652
5642_NFKB1_P1P2_ENSG00000109320,NFKB1,0.0020782524
10002_ZBTB48_P1P2_ENSG00000204859,ZBTB48,0.002075389
1277_CCDC43_P1P2_ENSG00000180329,CCDC43,0.0020739725
7116_RARS2_P1P2_ENSG00000146282,RARS2,0.0020703308
6209_PECR_P1P2_ENSG00000115425,PECR,0.0020585414
5547_NDUFAF4_P1P2_ENSG00000123545,NDUFAF4,0.0020568455
4993_METTL15_P1_ENSG00000169519,METTL15,0.002056367
5349_MTX2_P1P2_ENSG00000128654,MTX2,0.002054604
6904_PTDSS2_P1P2_ENSG00000174915,PTDSS2,0.0020544115
10269_ZNF286B_P1P2_nan,ZNF286B,0.0020539062
5348_MTX1_P1P2_ENSG00000173171,MTX1,0.0020538175
8087_SLC44A2_P1_ENSG00000129353,SLC44A2,0.0020481201
2940_MIGA2_P1P2_ENSG00000148343,MIGA2,0.0020436707
10360_ZNF438_P1_ENSG00000183621,ZNF438,0.0020302369
6122_PCGF2_P1_ENSG00000277258,PCGF2,0.0020294555
10872_non-targeting_non-targeting_non-targeting,non-targeting,0.0020290166
9981_ZBTB22_P1P2_ENSG00000236104,ZBTB22,0.0020288136
10387_ZNF480_P1P2_ENSG00000198464,ZNF480,0.002024727
6335_PIGH_P1P2_ENSG00000100564,PIGH,0.002017143
10611_ZNF763_P1P2_ENSG00000197054,ZNF763,0.0020122584
2270_DNAAF2_P1P2_ENSG00000165506,DNAAF2,0.0020110286
3665_HDAC5_P1P2_ENSG00000108840,HDAC5,0.0020025696
3684_HECTD3_P1P2_ENSG00000126107,HECTD3,0.0020018986
10628_ZNF77_P1P2_ENSG00000175691,ZNF77,0.001995778
1735_COA5_P1P2_ENSG00000183513,COA5,0.0019945493
7750_SEC61A1_P2_ENSG00000058262,SEC61A1,0.0019935519
2025_DAP3_P1P2_ENSG00000132676,DAP3,0.0019927532
9512_UBE2M_P1P2_ENSG00000130725,UBE2M,0.001989929
10300_ZNF33B_P1P2_ENSG00000196693,ZNF33B,0.0019862815
8938_TJP2_P2_ENSG00000119139,TJP2,0.0019862363
4420_KLF4_P1_ENSG00000136826,KLF4,0.0019807918
7401_RNH1_P1P2_ENSG00000023191,RNH1,0.0019805862
6309_PHRF1_P1P2_ENSG00000070047,PHRF1,0.0019792523
10443_ZNF555_P1P2_ENSG00000186300,ZNF555,0.0019783652
1280_CCDC51_P1P2_ENSG00000164051,CCDC51,0.0019758628
10785_non-targeting_non-targeting_non-targeting,non-targeting,0.0019741298
462_ARHGAP1_P1P2_ENSG00000175220,ARHGAP1,0.0019733203
9307_TRMT1L_P1P2_ENSG00000121486,TRMT1L,0.001968897
8210_SNAPIN_P1P2_ENSG00000143553,SNAPIN,0.001968049
3761_HIST1H2BD_P1P2_ENSG00000158373,HIST1H2BD,0.0019606939
4712_LTN1_P1P2_ENSG00000198862,LTN1,0.0019584566
10910_non-targeting_non-targeting_non-targeting,non-targeting,0.0019536682
8803_TDRKH_P1P2_ENSG00000182134,TDRKH,0.0019472797
7313_RIOK3_P1P2_ENSG00000101782,RIOK3,0.0019468757
953_C11orf58_P1P2_ENSG00000110696,C11orf58,0.0019387351
3348_GFOD1_P1P2_ENSG00000145990,GFOD1,0.0019381937
250_ALAS1_P1P2_ENSG00000023330,ALAS1,0.0019285572
10602_ZNF740_P1P2_ENSG00000139651,ZNF740,0.0019238355
4182_IRF1_P1P2_ENSG00000125347,IRF1,0.0019235868
9859_NSD3_P1P2_ENSG00000147548,NSD3,0.0019202898
1235_CBY1_P1P2_ENSG00000100211,CBY1,0.0019184295
5037_MGAT3_P1P2_ENSG00000128268,MGAT3,0.001918294
1256_CCDC136_P1P2_ENSG00000128596,CCDC136,0.0019171444
4264_JUNB_P1P2_ENSG00000171223,JUNB,0.001913215
7136_RB1_P1P2_ENSG00000139687,RB1,0.0019083557
10769_non-targeting_non-targeting_non-targeting,non-targeting,0.0019002134
2588_ELF5_P1P2_ENSG00000135374,ELF5,0.0018978433
8815_TEKT4_P1P2_ENSG00000163060,TEKT4,0.0018974828
6815_PRR4_P1P2_ENSG00000111215,PRR4,0.001894478
5378_MYEOV_P1P2_ENSG00000172927,MYEOV,0.0018929044
6891_PSRC1_P1P2_ENSG00000134222,PSRC1,0.0018880203
6820_PRRC2B_P1P2_ENSG00000130723,PRRC2B,0.001887604
2869_FAM161A_P1P2_ENSG00000170264,FAM161A,0.0018870159
7765_SELPLG_P1P2_ENSG00000110876,SELPLG,0.0018825978
7680_SCAMP2_P1_ENSG00000140497,SCAMP2,0.001873383
5006_METTL5_P1P2_ENSG00000138382,METTL5,0.0018727024
589_ASPM_P1P2_ENSG00000066279,ASPM,0.0018710782
557_ARX_P1_ENSG00000004848,ARX,0.0018668916
8511_STK11_P1_ENSG00000118046,STK11,0.0018594667
6509_POGK_P1P2_ENSG00000143157,POGK,0.0018554798
5401_MYO6_P1P2_ENSG00000196586,MYO6,0.0018449756
2039_DBN1_P1P2_ENSG00000113758,DBN1,0.0018393637
465_ARHGAP24_P1P2_ENSG00000138639,ARHGAP24,0.0018370135
7200_RCC2_P1_ENSG00000179051,RCC2,0.0018330113
3319_GCLC_P1P2_ENSG00000001084,GCLC,0.0018266835
4067_IGF2BP3_P1P2_ENSG00000136231,IGF2BP3,0.0018223983
4685_LSM10_P1P2_ENSG00000181817,LSM10,0.0018212706
2984_FAXDC2_P1_ENSG00000170271,FAXDC2,0.0018209544
1037_C1orf112_P1P2_ENSG00000000460,C1orf112,0.0018180705
10305_ZNF346_P1P2_ENSG00000113761,ZNF346,0.0018133763
328_ANKRD13B_P1P2_ENSG00000198720,ANKRD13B,0.001813353
2330_DOK2_P1P2_ENSG00000147443,DOK2,0.0018126814
3179_FOXO3_P1_ENSG00000118689,FOXO3,0.0018116352
3304_NIPSNAP2_P1P2_ENSG00000146729,NIPSNAP2,0.0018092131
2340_DPF1_P2_ENSG00000011332,DPF1,0.0018091366
7489_RPP25L_P1P2_ENSG00000164967,RPP25L,0.0018037871
3584_GTF3C1_P1P2_ENSG00000077235,GTF3C1,0.0018014936
1506_CEP55_P1P2_ENSG00000138180,CEP55,0.0018002059
6986_QPRT_P2_ENSG00000103485,QPRT,0.0017986394
7227_RELB_P1P2_ENSG00000104856,RELB,0.0017902394
648_ATP2A3_P1P2_ENSG00000074370,ATP2A3,0.0017883581
2698_ERCC5_P1P2_ENSG00000134899,ERCC5,0.0017860973
10132_ZKSCAN7_P1P2_ENSG00000196345,ZKSCAN7,0.0017855036
1862_CREB3_P1P2_ENSG00000107175,CREB3,0.0017815668
6618_PPFIA3_P2_ENSG00000177380,PPFIA3,0.0017809616
1661_CLK3_P1_ENSG00000179335,CLK3,0.001776418
11280_non-targeting_non-targeting_non-targeting,non-targeting,0.0017746927
4387_KIF22_P2_ENSG00000079616,KIF22,0.0017744795
7370_RNF19A_P1P2_ENSG00000034677,RNF19A,0.0017706641
5966_ORC2_P1P2_ENSG00000115942,ORC2,0.0017700539
2130_DDX54_P2_ENSG00000123064,DDX54,0.0017700432
10784_non-targeting_non-targeting_non-targeting,non-targeting,0.0017660471
9185_TOR2A_P1P2_ENSG00000160404,TOR2A,0.0017652285
9965_ZBED5_P1P2_ENSG00000236287,ZBED5,0.0017600886
9490_UBAP2L_P1P2_ENSG00000143569,UBAP2L,0.0017575306
2759_ETS2_P1P2_ENSG00000157557,ETS2,0.0017570251
1978_CXCL3_P1P2_ENSG00000163734,CXCL3,0.0017493159
4492_L3MBTL2_P1P2_ENSG00000100395,L3MBTL2,0.0017468887
2718_ERMP1_P1P2_ENSG00000099219,ERMP1,0.001743965
7627_S100P_P1P2_ENSG00000163993,S100P,0.0017427739
652_ATP5F1A_P2_ENSG00000152234,ATP5F1A,0.0017384451
10908_non-targeting_non-targeting_non-targeting,non-targeting,0.0017348748
8634_SYT5_P1P2_ENSG00000129990,SYT5,0.001722403
4882_MBNL2_P1P2_ENSG00000139793,MBNL2,0.0017208725
850_BLOC1S6_P1P2_ENSG00000104164,BLOC1S6,0.001717436
2991_FBXL12_P1P2_ENSG00000127452,FBXL12,0.0017137342
801_BCL2L1_P1_ENSG00000171552,BCL2L1,0.0017073922
4020_ID2_P1_ENSG00000115738,ID2,0.0017059083
3096_FKBP2_P1P2_ENSG00000173486,FKBP2,0.0017008361
1243_MCUB_P1P2_ENSG00000005059,MCUB,0.0016960058
2221_DIAPH3_P1P2_ENSG00000139734,DIAPH3,0.0016909674
9287_TRIM71_P1P2_ENSG00000206557,TRIM71,0.0016906911
7915_SIM2_P1P2_ENSG00000159263,SIM2,0.0016881377
9382_TTC26_P1P2_ENSG00000105948,TTC26,0.0016873851
7725_SDHA_P1P2_ENSG00000073578,SDHA,0.0016863006
10934_non-targeting_non-targeting_non-targeting,non-targeting,0.0016848692
9561_UBXN8_P1P2_ENSG00000104691,UBXN8,0.0016844103
314_ANK1_P1P2_ENSG00000029534,ANK1,0.001684359
8415_SRP54_P1P2_ENSG00000100883,SRP54,0.0016764402
11134_non-targeting_non-targeting_non-targeting,non-targeting,0.0016720627
10134_ZMAT1_P1P2_ENSG00000166432,ZMAT1,0.0016715154
7563_RRP1B_P1P2_ENSG00000160208,RRP1B,0.0016662454
11311_non-targeting_non-targeting_non-targeting,non-targeting,0.0016626052
3768_HIST1H2BL_P1P2_ENSG00000185130,HIST1H2BL,0.0016572843
10744_ZYX_P1P2_ENSG00000159840,ZYX,0.0016556146
10925_non-targeting_non-targeting_non-targeting,non-targeting,0.001654806
10600_ZNF736_P2_ENSG00000234444,ZNF736,0.0016542282
5403_MYO9B_P1P2_ENSG00000099331,MYO9B,0.0016477567
8561_STXBP1_P1P2_ENSG00000136854,STXBP1,0.001646359
9036_TMEM203_P1P2_ENSG00000187713,TMEM203,0.0016447977
4444_KLHL42_P1P2_ENSG00000087448,KLHL42,0.0016420594
4496_LACTB_P1P2_ENSG00000103642,LACTB,0.0016390167
8018_SLC27A2_P1P2_ENSG00000140284,SLC27A2,0.0016380921
5019_MFGE8_P1P2_ENSG00000140545,MFGE8,0.0016356076
3368_GINM1_P1P2_ENSG00000055211,GINM1,0.0016341597
4216_ISX_P1P2_ENSG00000175329,ISX,0.0016314584
9830_WDR59_P1P2_ENSG00000103091,WDR59,0.0016303482
6713_SLC66A3_P1P2_ENSG00000162976,SLC66A3,0.0016131721
9742_VPS16_P1P2_ENSG00000215305,VPS16,0.0016061194
11191_non-targeting_non-targeting_non-targeting,non-targeting,0.0016004461
8379_SPR_P1P2_ENSG00000116096,SPR,0.0015931204
5272_MRTO4_P1P2_ENSG00000053372,MRTO4,0.0015919703
664_ATP5MF_P1P2_ENSG00000241468,ATP5MF,0.0015912482
7687_SCARB1_P1P2_ENSG00000073060,SCARB1,0.0015887811
7650_SAP30L_P1P2_ENSG00000164576,SAP30L,0.0015832345
1010_C17orf99_P1P2_ENSG00000187997,C17orf99,0.0015821831
9787_WASF2_P1P2_ENSG00000158195,WASF2,0.0015808335
4767_MAGEC1_P1P2_ENSG00000155495,MAGEC1,0.001579976
10906_non-targeting_non-targeting_non-targeting,non-targeting,0.0015766035
1354_CCZ1_P1P2_ENSG00000122674,CCZ1,0.0015765455
1035_C1orf109_P1_ENSG00000116922,C1orf109,0.0015760091
7_AAMDC_P1P2_ENSG00000087884,AAMDC,0.0015707329
10816_non-targeting_non-targeting_non-targeting,non-targeting,0.0015707314
9207_TPM4_P1_ENSG00000167460,TPM4,0.0015672317
2596_ELMOD3_P1P2_ENSG00000115459,ELMOD3,0.0015656657
1939_CTNNBL1_P1P2_ENSG00000132792,CTNNBL1,0.00156547
9190_TP53BP1_P2_ENSG00000067369,TP53BP1,0.0015624674
1752_COLEC11_P2_ENSG00000118004,COLEC11,0.0015621828
1919_CS_P1P2_ENSG00000062485,CS,0.0015577604
4478_KRT8_P1_ENSG00000170421,KRT8,0.0015553884
7736_SEC14L1_P1_ENSG00000129657,SEC14L1,0.0015544662
283_ALS2_P1P2_ENSG00000003393,ALS2,0.0015429378
3697_HES1_P1P2_ENSG00000114315,HES1,0.001540922
1465_CEBPA_P1P2_ENSG00000245848,CEBPA,0.0015285404
6638_PPM1B_P1P2_ENSG00000138032,PPM1B,0.0015233323
743_BACH1_P1P2_ENSG00000156273,BACH1,0.0015157452
1765_COMMD7_P1P2_ENSG00000149600,COMMD7,0.0015082071
3279_GANC_P1P2_ENSG00000214013,GANC,0.0015065463
1870_CRELD2_P1P2_ENSG00000184164,CRELD2,0.0015041366
8789_TCHP_P1P2_ENSG00000139437,TCHP,0.0014983864
1370_CD55_P1P2_ENSG00000196352,CD55,0.0014956951
375_AP2B1_P1P2_ENSG00000006125,AP2B1,0.001486707
9595_UNC93B1_P1P2_ENSG00000110057,UNC93B1,0.0014862573
5045_MGST2_P1P2_ENSG00000085871,MGST2,0.0014859586
5500_NCKAP5L_P1P2_ENSG00000167566,NCKAP5L,0.0014803971
9206_TPM4_P2_ENSG00000167460,TPM4,0.0014760807
4550_LEMD3_P1P2_ENSG00000174106,LEMD3,0.0014750788
2494_EFCAB2_P1P2_ENSG00000203666,EFCAB2,0.0014704923
2009_CYP51A1_P1P2_ENSG00000001630,CYP51A1,0.0014663426
5393_MYO16_ENST00000357550.2_ENSG00000041515,MYO16,0.001463013
820_BET1L_P1P2_ENSG00000177951,BET1L,0.0014556363
4060_IFT88_P1P2_ENSG00000032742,IFT88,0.0014515324
932_BTNL9_P1_ENSG00000165810,BTNL9,0.001444833
10162_ZNF12_P1P2_ENSG00000164631,ZNF12,0.0014401664
10199_ZNF202_P1P2_ENSG00000166261,ZNF202,0.0014306359
7019_RAB28_P1P2_ENSG00000157869,RAB28,0.0014282258
2036_DBF4_P1P2_ENSG00000006634,DBF4,0.0014248864
5725_NOA1_P1P2_ENSG00000084092,NOA1,0.0014238199
8529_STMN3_P1P2_ENSG00000197457,STMN3,0.001423279
4248_JAK2_P1P2_ENSG00000096968,JAK2,0.0014198709
8006_SLC25A3_P1P2_ENSG00000075415,SLC25A3,0.001419617
1934_CTH_P1P2_ENSG00000116761,CTH,0.0014154967
3032_FBXO9_P1P2_ENSG00000112146,FBXO9,0.0014072612
9590_UNC119_P1_ENSG00000109103,UNC119,0.0014026379
7179_RBM4B_P1P2_ENSG00000173914,RBM4B,0.0013841462
5568_NDUFS4_P1P2_ENSG00000164258,NDUFS4,0.0013804724
4169_IQCB1_P1P2_ENSG00000173226,IQCB1,0.0013796287
2210_DHX34_P1P2_ENSG00000134815,DHX34,0.0013788166
3890_HOXA2_P1P2_ENSG00000105996,HOXA2,0.0013770473
8376_SPRYD3_P1P2_ENSG00000167778,SPRYD3,0.0013756065
10152_ZNF100_P1P2_ENSG00000197020,ZNF100,0.0013697376
8096_SLC4A5_P1_ENSG00000188687,SLC4A5,0.0013668201
8104_SLC6A6_P1P2_ENSG00000131389,SLC6A6,0.0013654191
10757_non-targeting_non-targeting_non-targeting,non-targeting,0.0013646397
8814_TEKT2_P1P2_ENSG00000092850,TEKT2,0.0013616646
3619_HACE1_P1P2_ENSG00000085382,HACE1,0.0013552898
4385_KIF20B_P1P2_ENSG00000138182,KIF20B,0.001355123
8211_SNCG_P1P2_ENSG00000173267,SNCG,0.0013488588
1060_C20orf96_P1P2_ENSG00000196476,C20orf96,0.0013481873
7249_RFC5_P1P2_ENSG00000111445,RFC5,0.0013415831
5630_NFE2L2_P1_ENSG00000116044,NFE2L2,0.0013404718
6270_PHACTR1_P2_ENSG00000112137,PHACTR1,0.0013400018
9902_XPR1_P1P2_ENSG00000143324,XPR1,0.0013371554
3565_GSX2_P1P2_ENSG00000180613,GSX2,0.0013268783
1749_COL18A1_P1P2_ENSG00000182871,COL18A1,0.001321105
3967_HSP90AA1_P1P2_ENSG00000080824,HSP90AA1,0.0013111228
2492_EFCAB11_P1P2_ENSG00000140025,EFCAB11,0.0013107038
1818_COX6B1_P1P2_ENSG00000126267,COX6B1,0.0013098986
6637_PPM1A_P1P2_ENSG00000100614,PPM1A,0.0013068039
2383_DSTN_P1P2_ENSG00000125868,DSTN,0.001305821
1270_CCDC18_P1P2_ENSG00000122483,CCDC18,0.0013013845
4659_LRRC23_P1P2_ENSG00000010626,LRRC23,0.001300231
3917_HOXC8_P1P2_ENSG00000037965,HOXC8,0.0012954285
6329_PIF1_P1_ENSG00000140451,PIF1,0.0012941248
4099_ILF2_P1P2_ENSG00000143621,ILF2,0.0012919208
254_ALDH1A1_P1P2_ENSG00000165092,ALDH1A1,0.0012909633
1982_CXorf38_P1P2_ENSG00000185753,CXorf38,0.0012788593
3624_HAGHL_P1P2_ENSG00000103253,HAGHL,0.0012773382
923_BTF3L4_P1P2_ENSG00000134717,BTF3L4,0.0012724653
9483_UBA5_P1P2_ENSG00000081307,UBA5,0.0012721219
4446_KLHL7_P1P2_ENSG00000122550,KLHL7,0.001270426
7235_RER1_P1P2_ENSG00000157916,RER1,0.0012703706
10383_ZNF471_P1P2_ENSG00000196263,ZNF471,0.0012660592
8583_SULT1A3_ENST00000563322.1_ENSG00000261052,SULT1A3,0.0012636505
6039_PAGR1_P1P2_ENSG00000280789,PAGR1,0.0012634178
6476_PMM1_P1P2_ENSG00000100417,PMM1,0.0012572662
1567_CHDH_P1P2_ENSG00000016391,CHDH,0.0012556883
2821_FAHD1_P1P2_ENSG00000180185,FAHD1,0.001248593
8284_SOX17_P1P2_ENSG00000164736,SOX17,0.001247939
10292_ZNF330_P1P2_ENSG00000109445,ZNF330,0.0012411709
3211_FTO_P1P2_ENSG00000140718,FTO,0.0012402124
8073_SLC39A1_P1P2_ENSG00000143570,SLC39A1,0.0012388951
9828_WDR54_P1P2_ENSG00000005448,WDR54,0.0012349279
7044_RABEP1_P1P2_ENSG00000029725,RABEP1,0.0012314664
6296_PHIP_P1P2_ENSG00000146247,PHIP,0.0012293841
1540_CGGBP1_P1_ENSG00000163320,CGGBP1,0.0012288208
467_ARHGAP35_ENST00000404338.3_ENSG00000160007,ARHGAP35,0.0012259127
7872_SH3BGRL2_P1P2_ENSG00000198478,SH3BGRL2,0.0012199158
4815_MAP3K8_P1P2_ENSG00000107968,MAP3K8,0.0012187876
3811_HLCS_P2_ENSG00000159267,HLCS,0.0012181803
10569_ZNF705B_ENST00000443676.1_ENSG00000215356,ZNF705B,0.0012047449
6397_PKN1_P1_ENSG00000123143,PKN1,0.0012039058
6367_PIN4_P1P2_ENSG00000102309,PIN4,0.0012036914
5330_MTMR12_P1P2_ENSG00000150712,MTMR12,0.0012032232
3420_GMFG_P1P2_ENSG00000130755,GMFG,0.0011969074
2499_EFNA3_P2_ENSG00000143590,EFNA3,0.0011966749
8202_SNAP29_P1P2_ENSG00000099940,SNAP29,0.0011945881
3317_GCFC2_P1P2_ENSG00000005436,GCFC2,0.0011944656
6314_PHYKPL_P1P2_ENSG00000175309,PHYKPL,0.0011905001
5015_MEX3D_P1P2_ENSG00000181588,MEX3D,0.0011868699
11111_non-targeting_non-targeting_non-targeting,non-targeting,0.0011863512
10876_non-targeting_non-targeting_non-targeting,non-targeting,0.0011860471
2108_DDX19B_P2_ENSG00000157349,DDX19B,0.0011846799
2760_ETV1_P1P2_ENSG00000006468,ETV1,0.0011763677
2601_ELOVL2_P1P2_ENSG00000197977,ELOVL2,0.0011763587
1297_CCDC82_P1P2_ENSG00000149231,CCDC82,0.001168342
3647_HBA2_P2_ENSG00000188536,HBA2,0.0011657344
8173_SMIM13_P1P2_ENSG00000224531,SMIM13,0.001163377
7712_SCYL2_P1P2_ENSG00000136021,SCYL2,0.0011631872
10697_ZNF99_P1P2_ENSG00000213973,ZNF99,0.0011598375
7404_RNPC3_P1P2_ENSG00000185946,RNPC3,0.0011524726
1446_CDKN1B_P1P2_ENSG00000111276,CDKN1B,0.0011520789
7884_SH3GL3_P1P2_ENSG00000140600,SH3GL3,0.0011515837
10301_ZNF341_P2_ENSG00000131061,ZNF341,0.0011497522
1411_CDC7_P1P2_ENSG00000097046,CDC7,0.0011359494
5187_MRE11_P1P2_ENSG00000020922,MRE11,0.0011350546
4081_IKZF1_P1P2_ENSG00000185811,IKZF1,0.0011178588
2266_DMWD_P1P2_ENSG00000185800,DMWD,0.0011141548
9550_UBTF_P1P2_ENSG00000108312,UBTF,0.0011088584
10874_non-targeting_non-targeting_non-targeting,non-targeting,0.0010995063
693_ATPAF1_P1P2_ENSG00000123472,ATPAF1,0.0010983427
11300_non-targeting_non-targeting_non-targeting,non-targeting,0.0010972738
9625_USB1_P1P2_ENSG00000103005,USB1,0.0010918096
2514_EGR4_P1P2_ENSG00000135625,EGR4,0.0010898927
4323_KDM3B_P1P2_ENSG00000120733,KDM3B,0.0010749178
4364_KIAA1522_P2_ENSG00000162522,KIAA1522,0.0010727679
1767_COMMD9_P1P2_ENSG00000110442,COMMD9,0.001071659
3922_HOXD12_P1P2_ENSG00000170178,HOXD12,0.0010654015
3550_GSK3A_P1P2_ENSG00000105723,GSK3A,0.0010617417
8548_STX10_P1P2_ENSG00000104915,STX10,0.0010549629
1266_CCDC169-SOHLH2_P1P2_nan,CCDC169-SOHLH2,0.0010472486
116_ACTR5_P1P2_ENSG00000101442,ACTR5,0.0010446685
7146_RBFA_P1P2_ENSG00000101546,RBFA,0.0010382658
3363_GID4_P1P2_ENSG00000141034,GID4,0.001038136
8086_SLC43A3_P1P2_ENSG00000134802,SLC43A3,0.0010370931
7708_SCRN3_P1P2_ENSG00000144306,SCRN3,0.0010336684
5632_NFE2L3_P1P2_ENSG00000050344,NFE2L3,0.001030269
1951_CTSL_P2_ENSG00000135047,CTSL,0.0010276287
1044_C1orf198_P1_ENSG00000119280,C1orf198,0.0010272872
428_AQP3_P2_ENSG00000165272,AQP3,0.0010261707
2880_FAM177A1_P1P2_ENSG00000151327,FAM177A1,0.0010213458
10848_non-targeting_non-targeting_non-targeting,non-targeting,0.0010212179
9950_YTHDF3_P1P2_ENSG00000185728,YTHDF3,0.0010149755
6168_PDE4DIP_ENST00000313431.9_ENSG00000178104,PDE4DIP,0.0010106945
8690_TARBP1_P1P2_ENSG00000059588,TARBP1,0.0010058243
397_APC_P1_ENSG00000134982,APC,0.000995802
390_AP5S1_P1P2_ENSG00000125843,AP5S1,0.0009900911
9865_WIPI2_P1P2_ENSG00000157954,WIPI2,0.0009900847
4378_KIF16B_P1P2_ENSG00000089177,KIF16B,0.000979557
7632_SACS_ENST00000382292.3_ENSG00000151835,SACS,0.0009787139
6031_PACSIN3_P1P2_ENSG00000165912,PACSIN3,0.00097443786
5993_OTOP1_P1P2_ENSG00000163982,OTOP1,0.0009713066
7298_RHOXF1_P1P2_ENSG00000101883,RHOXF1,0.00096070487
4284_KATNB1_P1P2_ENSG00000140854,KATNB1,0.00095527706
11257_non-targeting_non-targeting_non-targeting,non-targeting,0.00095323357
5767_NPHP4_P1P2_ENSG00000131697,NPHP4,0.0009527555
730_B3GNTL1_P2_ENSG00000175711,B3GNTL1,0.00095105305
259_ALDH5A1_P1P2_ENSG00000112294,ALDH5A1,0.0009510517
67_ACAD8_P1P2_ENSG00000151498,ACAD8,0.00094971014
2003_CYHR1_P2_ENSG00000187954,CYHR1,0.0009492956
8189_SMTN_P1P2_ENSG00000183963,SMTN,0.0009399578
5788_NR2C1_P1P2_ENSG00000120798,NR2C1,0.00093866856
422_APPBP2_P1P2_ENSG00000062725,APPBP2,0.0009362068
2518_EHD4_P1P2_ENSG00000103966,EHD4,0.000924235
4430_KLHDC4_P1P2_ENSG00000104731,KLHDC4,0.00092410087
726_B3GALT6_P1P2_ENSG00000176022,B3GALT6,0.00092380086
6395_PKM_P2_ENSG00000067225,PKM,0.00092332315
2275_DNAJA1_P2_ENSG00000086061,DNAJA1,0.00092147844
3193_FOXRED1_P1P2_ENSG00000110074,FOXRED1,0.00089871197
10969_non-targeting_non-targeting_non-targeting,non-targeting,0.0008901407
3472_GON4L_P2_ENSG00000116580,GON4L,0.00088947936
8343_SPECC1_ENST00000395527.4_ENSG00000128487,SPECC1,0.0008865492
5656_NFYA_P1P2_ENSG00000001167,NFYA,0.00088102196
466_ARHGAP25_P1P2_ENSG00000163219,ARHGAP25,0.00087661867
3231_FXR2_P1P2_ENSG00000129245,FXR2,0.0008761585
4296_KCNH2_P1_ENSG00000055118,KCNH2,0.00087550003
2996_FBXL20_P1P2_ENSG00000108306,FBXL20,0.0008733574
6966_PWWP2B_P1_ENSG00000171813,PWWP2B,0.0008702616
6711_SLC66A2_P1P2_ENSG00000122490,SLC66A2,0.0008687786
6339_PIGN_P1P2_ENSG00000197563,PIGN,0.0008659931
3930_HPCAL1_P1P2_ENSG00000115756,HPCAL1,0.0008658528
803_BCL2L2_P1P2_ENSG00000129473,BCL2L2,0.00086376927
10809_non-targeting_non-targeting_non-targeting,non-targeting,0.0008631207
10831_non-targeting_non-targeting_non-targeting,non-targeting,0.0008620272
11303_non-targeting_non-targeting_non-targeting,non-targeting,0.00085954973
9514_UBE2O_P1P2_ENSG00000175931,UBE2O,0.00085777754
4667_LRRC47_P2_ENSG00000130764,LRRC47,0.0008572031
3379_GJC1_P1P2_ENSG00000182963,GJC1,0.00085099525
9851_WDR89_P1P2_ENSG00000140006,WDR89,0.0008503298
3081_FHOD1_P1P2_ENSG00000135723,FHOD1,0.00084852026
2916_FAM229B_P1P2_ENSG00000203778,FAM229B,0.00084751967
1205_CASP7_P1P2_ENSG00000165806,CASP7,0.0008411838
3918_HOXC9_P1P2_ENSG00000180806,HOXC9,0.00083898916
1566_CHD9_P2_ENSG00000177200,CHD9,0.00083887443
1415_CDCA5_P1P2_ENSG00000146670,CDCA5,0.00083025824
8159_SMC4_P2_ENSG00000113810,SMC4,0.0008178185
4105_IMMP2L_P1P2_ENSG00000184903,IMMP2L,0.00081294024
2845_FAM122B_P1P2_ENSG00000156504,FAM122B,0.00080932275
910_BSCL2_P1_ENSG00000168000,BSCL2,0.0008088483
7554_RRBP1_P1P2_ENSG00000125844,RRBP1,0.000804438
1130_PAXX_P1P2_ENSG00000148362,PAXX,0.00080205547
11008_non-targeting_non-targeting_non-targeting,non-targeting,0.0007928547
3125_FNDC3A_ENST00000541916.1_ENSG00000102531,FNDC3A,0.0007825523
8840_TFB1M_P1P2_ENSG00000029639,TFB1M,0.00077926274
3675_HDLBP_P2_ENSG00000115677,HDLBP,0.0007690963
10350_ZNF426_P1P2_ENSG00000130818,ZNF426,0.0007656134
3896_HOXA7_P1P2_ENSG00000122592,HOXA7,0.0007648102
2477_EDEM2_ENST00000374492.3_ENSG00000088298,EDEM2,0.0007526347
10752_non-targeting_non-targeting_non-targeting,non-targeting,0.0007512844
2058_DCAF6_P1P2_ENSG00000143164,DCAF6,0.00073121005
2167_DES_P2_ENSG00000175084,DES,0.0007300759
1784_COPS7B_P2_ENSG00000144524,COPS7B,0.0007230293
461_ARHGAP19_P1P2_ENSG00000213390,ARHGAP19,0.0007162048
5061_MICU1_P1P2_ENSG00000107745,MICU1,0.0007137278
3325_GDAP2_P1P2_ENSG00000196505,GDAP2,0.0007117179
3488_GPATCH1_P1P2_ENSG00000076650,GPATCH1,0.0007107634
9707_VAX1_P1P2_ENSG00000148704,VAX1,0.000710658
8245_SNX15_P2_ENSG00000110025,SNX15,0.000704454
9221_TRA2A_P1_ENSG00000164548,TRA2A,0.00070067256
9912_XRRA1_P1P2_ENSG00000166435,XRRA1,0.000697779
1523_CERS2_P1P2_ENSG00000143418,CERS2,0.0006967258
3347_GFM2_P1P2_ENSG00000164347,GFM2,0.00069204625
4091_IL13RA1_P1P2_ENSG00000131724,IL13RA1,0.00069027854
1892_CSDE1_P1P2_ENSG00000009307,CSDE1,0.0006889418
7059_RAD17_P1P2_ENSG00000152942,RAD17,0.00068704464
8975_TMED3_P1P2_ENSG00000166557,TMED3,0.00068484974
1890_CSAD_P1P2_ENSG00000139631,CSAD,0.00068363454
10633_ZNF783_P1P2_ENSG00000204946,ZNF783,0.00067907514
1785_COPS7B_P1_ENSG00000144524,COPS7B,0.0006752725
9296_TRIP13_P1P2_ENSG00000071539,TRIP13,0.00067520654
6502_PNRC2_P1P2_ENSG00000189266,PNRC2,0.00067390996
"10482_ZNF587_ENST00000339656.5,ENST00000423137.1_ENSG00000198466",ZNF587,0.00067305646
4319_KDM2A_P1P2_ENSG00000173120,KDM2A,0.0006720684
42_ABHD14A_P1P2_ENSG00000248487,ABHD14A,0.0006688678
6153_PDCD2L_P1P2_ENSG00000126249,PDCD2L,0.0006688272
9338_TSEN34_P1P2_ENSG00000170892,TSEN34,0.0006607115
3831_HMGCL_P1P2_ENSG00000117305,HMGCL,0.0006562216
5911_NXF1_P2_ENSG00000162231,NXF1,0.0006548939
3976_HSPA4L_P1P2_ENSG00000164070,HSPA4L,0.00065394986
4017_MRPL58_P1P2_ENSG00000167862,MRPL58,0.0006491159
2709_ERI2_P1P2_ENSG00000196678,ERI2,0.00064331514
4361_KIAA1191_P1P2_ENSG00000122203,KIAA1191,0.0006432851
7232_RENBP_P1P2_ENSG00000102032,RENBP,0.0006420248
10062_ZEB2_P1_ENSG00000169554,ZEB2,0.0006415296
10050_ZDHHC3_P1P2_ENSG00000163812,ZDHHC3,0.00063705357
5562_NDUFC1_P2_ENSG00000109390,NDUFC1,0.00063307554
444_ARF6_P1_ENSG00000165527,ARF6,0.00063198264
5075_RIOX2_P1P2_ENSG00000170854,RIOX2,0.0006307386
6206_PEA15_P1P2_ENSG00000162734,PEA15,0.0006293961
6562_POLR3G_P1P2_ENSG00000113356,POLR3G,0.00062869594
10181_ZNF165_P1P2_ENSG00000197279,ZNF165,0.00062527444
4034_IER3_P1P2_ENSG00000137331,IER3,0.0006249614
839_BIVM_P2_ENSG00000134897,BIVM,0.00062059145
10818_non-targeting_non-targeting_non-targeting,non-targeting,0.00061895675
474_ARHGEF10_P1P2_ENSG00000104728,ARHGEF10,0.0006179963
3071_FGFR1OP2_P1P2_ENSG00000111790,FGFR1OP2,0.0006170511
8896_THRB_P1P2_ENSG00000151090,THRB,0.0006168686
10950_non-targeting_non-targeting_non-targeting,non-targeting,0.00060198235
3536_GRHPR_P2_ENSG00000137106,GRHPR,0.00060066255
6773_PRKX_P1P2_ENSG00000183943,PRKX,0.0005994219
8348_SPG11_P1P2_ENSG00000104133,SPG11,0.00059253094
4052_IFT20_P1P2_ENSG00000109083,IFT20,0.00059092866
10242_ZNF257_P1P2_ENSG00000197134,ZNF257,0.000590664
1081_C2orf76_P1P2_ENSG00000186132,C2orf76,0.0005869869
9735_VOPP1_P1P2_ENSG00000154978,VOPP1,0.0005860501
1822_COX7B_P1P2_ENSG00000131174,COX7B,0.00058124366
10671_ZNF841_P1P2_ENSG00000197608,ZNF841,0.0005770396
9323_TRPM4_P1P2_ENSG00000130529,TRPM4,0.00056079007
7825_SETMAR_P1P2_ENSG00000170364,SETMAR,0.00055691646
213_AHSP_P1P2_ENSG00000169877,AHSP,0.00055504445
10153_ZNF101_P1P2_ENSG00000181896,ZNF101,0.0005532908
5996_OTUD4_P1P2_ENSG00000164164,OTUD4,0.0005518703
10088_ZFP41_P1P2_ENSG00000181638,ZFP41,0.000551714
8977_TMED5_P1P2_ENSG00000117500,TMED5,0.0005513035
10259_ZNF280A_P1P2_ENSG00000169548,ZNF280A,0.00055094785
1087_HPF1_P1P2_ENSG00000056050,HPF1,0.00054560596
1359_CD276_P1P2_ENSG00000103855,CD276,0.00054494303
10246_ZNF263_P2_ENSG00000006194,ZNF263,0.00054443796
10137_ZMAT3_P1P2_ENSG00000172667,ZMAT3,0.0005360791
7606_RUSC1_P1_ENSG00000160753,RUSC1,0.00052594
6468_PLXNA1_ENST00000393409.2_ENSG00000114554,PLXNA1,0.0005211812
2404_DUSP14_P1_ENSG00000276023,DUSP14,0.0005118356
6095_PAX8_P1P2_ENSG00000125618,PAX8,0.0005108379
4160_IPO11_P1P2_ENSG00000086200,IPO11,0.0005015433
7381_OBI1_P1P2_ENSG00000152193,OBI1,0.000499076
1322_CCND2_P1P2_ENSG00000118971,CCND2,0.0004955318
11017_non-targeting_non-targeting_non-targeting,non-targeting,0.00049507996
2879_ABRAXAS2_P1P2_ENSG00000165660,ABRAXAS2,0.0004895045
10968_non-targeting_non-targeting_non-targeting,non-targeting,0.0004878632
10185_ZNF175_P1P2_ENSG00000105497,ZNF175,0.00048579552
972_C12orf76_P1P2_ENSG00000174456,C12orf76,0.0004821124
8091_SLC48A1_P2_ENSG00000211584,SLC48A1,0.00047736996
10764_non-targeting_non-targeting_non-targeting,non-targeting,0.00047552236
2461_ECE1_P1P2_ENSG00000117298,ECE1,0.00046642657
665_ATP5PF_P1P2_ENSG00000154723,ATP5PF,0.00046599787
5923_ODC1_P1P2_ENSG00000115758,ODC1,0.00046341648
7308_RIMKLB_P1P2_ENSG00000166532,RIMKLB,0.00046143742
1917_CSTF2_P1P2_ENSG00000101811,CSTF2,0.00045713162
4735_LZIC_P1P2_ENSG00000162441,LZIC,0.0004478392
2260_DMRTA2_P1P2_ENSG00000142700,DMRTA2,0.00044754587
1053_C1orf56_P1P2_ENSG00000143443,C1orf56,0.00044694237
6943_PTRHD1_P1P2_ENSG00000184924,PTRHD1,0.00044522717
10037_TUT7_P1P2_ENSG00000083223,TUT7,0.00044363036
7619_S100A10_P1_ENSG00000197747,S100A10,0.00044249868
8418_SRP9_P1P2_ENSG00000143742,SRP9,0.0004410192
10349_ZNF425_P1P2_ENSG00000204947,ZNF425,0.00043845503
4293_KCNE3_P2_ENSG00000175538,KCNE3,0.0004343989
1036_C1orf109_P2_ENSG00000116922,C1orf109,0.00042369225
9984_ZBTB26_P1P2_ENSG00000171448,ZBTB26,0.00041501143
6617_PPFIA3_P1_ENSG00000177380,PPFIA3,0.00041179813
4381_KIF1A_P1P2_ENSG00000130294,KIF1A,0.0004078922
7113_RARB_P1P2_ENSG00000077092,RARB,0.0003977551
5445_NADK_P1_ENSG00000008130,NADK,0.00039359927
1609_CIAO1_P1P2_ENSG00000144021,CIAO1,0.00038432964
7233_REPIN1_P1P2_ENSG00000214022,REPIN1,0.00038368985
3260_GAK_P1P2_ENSG00000178950,GAK,0.00038054967
3956_HSD3B7_P1P2_ENSG00000099377,HSD3B7,0.00038007303
383_AP3S1_P1P2_ENSG00000177879,AP3S1,0.00037467465
10454_ZNF566_P1P2_ENSG00000186017,ZNF566,0.00036789506
2736_ESR1_P2_ENSG00000091831,ESR1,0.0003631943
10226_ZNF232_P2_ENSG00000167840,ZNF232,0.0003528503
1239_CCAR2_P1P2_ENSG00000158941,CCAR2,0.00034759103
8020_SLC27A5_P1P2_ENSG00000083807,SLC27A5,0.00034325413
9518_UBE2S_P1P2_ENSG00000108106,UBE2S,0.0003390377
5976_OSBPL11_P1P2_ENSG00000144909,OSBPL11,0.00033838727
8843_TFCP2_P1P2_ENSG00000135457,TFCP2,0.00033322995
11319_non-targeting_non-targeting_non-targeting,non-targeting,0.00033231056
8775_TCF15_P1P2_ENSG00000125878,TCF15,0.0003310323
10557_ZNF692_P1P2_ENSG00000171163,ZNF692,0.0003296459
6578_POPDC3_P1_ENSG00000132429,POPDC3,0.00032410136
9438_TVP23C_P1P2_ENSG00000175106,TVP23C,0.00032001853
3481_GOT2_P1P2_ENSG00000125166,GOT2,0.00031966058
"7600_RUNX1_ENST00000300305.3,ENST00000437180.1_ENSG00000159216",RUNX1,0.0003193408
3393_GLI3_P1P2_ENSG00000106571,GLI3,0.00031359537
1878_CRNKL1_P1P2_ENSG00000101343,CRNKL1,0.00030818925
479_ARHGEF1_P2_ENSG00000076928,ARHGEF1,0.0003078154
8808_TECPR1_P1P2_ENSG00000205356,TECPR1,0.00030297876
275_ALKBH2_P1P2_ENSG00000189046,ALKBH2,0.0002999087
4350_KIAA0513_P1P2_ENSG00000135709,KIAA0513,0.0002964216
1182_CAPN7_P1P2_ENSG00000131375,CAPN7,0.00029239888
9959_YY2_P1P2_ENSG00000230797,YY2,0.00029137597
9889_XIAP_P1P2_ENSG00000101966,XIAP,0.00029043213
4074_IGSF3_P1P2_ENSG00000143061,IGSF3,0.00028919266
8179_SMIM3_P1P2_ENSG00000256235,SMIM3,0.00028680117
5100_MKRN3_P1P2_ENSG00000179455,MKRN3,0.0002846544
7709_SCRT1_P1P2_ENSG00000261678,SCRT1,0.00028105263
8849_TFEB_P1_ENSG00000112561,TFEB,0.00027894814
3328_GDF11_P1P2_ENSG00000135414,GDF11,0.00027847048
5381_MYH10_P1P2_ENSG00000133026,MYH10,0.00027752982
5752_NOS1AP_P1P2_ENSG00000198929,NOS1AP,0.00026475583
2169_DFFA_P1P2_ENSG00000160049,DFFA,0.00026139742
4971_MEMO1_P2_ENSG00000162959,MEMO1,0.00025882994
1625_CIZ1_P1P2_ENSG00000148337,CIZ1,0.00025491905
858_BMPR2_P1P2_ENSG00000204217,BMPR2,0.00025235306
8648_TADA2A_P1P2_ENSG00000276234,TADA2A,0.0002476186
5081_MIPOL1_P1P2_ENSG00000151338,MIPOL1,0.0002465381
2177_DGKE_P1P2_ENSG00000153933,DGKE,0.0002439578
1224_CBR1_P1P2_ENSG00000159228,CBR1,0.00024378565
3821_HMCES_P1P2_ENSG00000183624,HMCES,0.00024284737
8365_SPN_P1P2_ENSG00000197471,SPN,0.0002425015
8330_SPATS2_P1P2_ENSG00000123352,SPATS2,0.00023717542
8512_STK11_P2_ENSG00000118046,STK11,0.00021535686
10771_non-targeting_non-targeting_non-targeting,non-targeting,0.00021369282
5317_MTHFD1_P1P2_ENSG00000100714,MTHFD1,0.00020556466
8497_STAT4_P1P2_ENSG00000138378,STAT4,0.000205261
11036_non-targeting_non-targeting_non-targeting,non-targeting,0.00020445047
7230_RELT_P1P2_ENSG00000054967,RELT,0.00019520623
196_AGPAT4_P1P2_ENSG00000026652,AGPAT4,0.00019051332
11304_non-targeting_non-targeting_non-targeting,non-targeting,0.00019042546
1955_CTTN_P1P2_ENSG00000085733,CTTN,0.00018975388
9014_TMEM165_P1P2_ENSG00000134851,TMEM165,0.00018455599
9811_WDR25_P1P2_ENSG00000176473,WDR25,0.00018063017
1305_CCDC8_P1P2_ENSG00000169515,CCDC8,0.00017827623
6598_POU5F1_P1_ENSG00000204531,POU5F1,0.00017534345
10838_non-targeting_non-targeting_non-targeting,non-targeting,0.00017372433
2288_DNAJC13_P1P2_ENSG00000138246,DNAJC13,0.00016703125
1824_COX8A_P1P2_ENSG00000176340,COX8A,0.00016278772
7018_RAB27A_P1P2_ENSG00000069974,RAB27A,0.00015385379
7788_SEPTIN6_P1P2_ENSG00000125354,SEPTIN6,0.00014786051
10330_ZNF395_P1P2_ENSG00000186918,ZNF395,0.00014295444
1612_CIB2_P1P2_ENSG00000136425,CIB2,0.00014169817
733_B4GALNT4_P1P2_ENSG00000182272,B4GALNT4,0.00013126856
71_ACADS_P1P2_ENSG00000122971,ACADS,0.00013058107
2724_ERVW-1_ENST00000603053.1_ENSG00000242950,ERVW-1,0.00012741509
9019_TMEM173_P1P2_ENSG00000184584,TMEM173,0.00012515283
1647_CLEC11A_P1P2_ENSG00000105472,CLEC11A,0.0001240735
1241_CCDC106_P1P2_ENSG00000173581,CCDC106,0.00012346142
10251_ZNF268_P1P2_ENSG00000090612,ZNF268,0.000119149685
8036_SLC33A1_P1P2_ENSG00000169359,SLC33A1,0.000116019255
7001_R3HDM4_P2_ENSG00000198858,R3HDM4,0.000115929775
752_BAHCC1_P1P2_ENSG00000266074,BAHCC1,0.00011372963
2737_ESR2_P1P2_ENSG00000140009,ESR2,0.00011370861
5681_NIT1_P1P2_ENSG00000158793,NIT1,0.00010553731
8619_SYK_P1_ENSG00000165025,SYK,0.00010520683
7337_RNF111_P1P2_ENSG00000157450,RNF111,0.000104552324
340_ANKRD40_P1P2_ENSG00000154945,ANKRD40,0.00010419206
6957_PUS7L_P1P2_ENSG00000129317,PUS7L,0.00010283788
5299_MTA1_P1P2_ENSG00000182979,MTA1,0.000102476144
9934_YIPF5_P1P2_ENSG00000145817,YIPF5,9.3622315e-05
11154_non-targeting_non-targeting_non-targeting,non-targeting,8.8494104e-05
647_ATP2A2_P1P2_ENSG00000174437,ATP2A2,8.3029416e-05
5647_NFKBID_P1_ENSG00000167604,NFKBID,8.291755e-05
212_AHSA2_P1P2_nan,AHSA2,8.261142e-05
6965_PWWP2B_P2_ENSG00000171813,PWWP2B,8.125123e-05
4583_LIMD2_P1P2_ENSG00000136490,LIMD2,7.176378e-05
9422_TUBD1_P1P2_ENSG00000108423,TUBD1,6.4100415e-05
6075_PARP14_P1P2_ENSG00000173193,PARP14,6.0528662e-05
2979_FASTKD5_P1P2_ENSG00000215251,FASTKD5,5.982548e-05
6025_PABPC4_P1P2_ENSG00000090621,PABPC4,5.980782e-05
3512_GPR68_P1P2_ENSG00000119714,GPR68,5.353779e-05
6283_PHF19_P1P2_ENSG00000119403,PHF19,5.283053e-05
2775_EXD3_P1P2_ENSG00000187609,EXD3,5.015213e-05
155_ADIPOR2_P1P2_ENSG00000006831,ADIPOR2,4.118133e-05
5291_MSRB2_P1P2_ENSG00000148450,MSRB2,3.852728e-05
5501_NCKIPSD_P1P2_ENSG00000213672,NCKIPSD,3.5545916e-05
6772_THAP12_P1P2_ENSG00000137492,THAP12,2.9458646e-05
6754_PRKAG1_P1P2_ENSG00000181929,PRKAG1,2.9343673e-05
9280_TRIM4_P1P2_ENSG00000146833,TRIM4,1.6771039e-05
5439_NABP2_P1_ENSG00000139579,NABP2,1.1741841e-05
2449_EAPP_P1P2_ENSG00000129518,EAPP,4.886266e-06
7408_ROCK1_P1P2_ENSG00000067900,ROCK1,4.6554987e-06
6583_POU1F1_P1P2_ENSG00000064835,POU1F1,2.4937624e-06
6693_PPP3CB_P1P2_ENSG00000107758,PPP3CB,-7.1899562e-06
8757_TBX4_P2_ENSG00000121075,TBX4,-7.813093e-06
7785_SEPTIN2_P1P2_ENSG00000168385,SEPTIN2,-1.0245571e-05
4173_IQGAP2_P1P2_ENSG00000145703,IQGAP2,-1.134407e-05
9796_TCEAL9_P1P2_ENSG00000185222,TCEAL9,-2.7864824e-05
3257_GAD1_P1P2_ENSG00000128683,GAD1,-3.0715393e-05
3883_HOOK2_P1_ENSG00000095066,HOOK2,-3.6369747e-05
10718_ZSCAN23_P1P2_ENSG00000187987,ZSCAN23,-3.764502e-05
7031_RAB40C_P1P2_ENSG00000197562,RAB40C,-4.0217103e-05
5833_NSUN2_P1P2_ENSG00000037474,NSUN2,-4.0652427e-05
2944_FAM83A_P1P2_ENSG00000147689,FAM83A,-4.2762476e-05
3960_HSF2_P1P2_ENSG00000025156,HSF2,-4.770277e-05
7793_SERBP1_P1P2_ENSG00000142864,SERBP1,-5.064609e-05
8571_SUCLA2_P1P2_ENSG00000136143,SUCLA2,-5.2595766e-05
2245_DLX1_P1P2_ENSG00000144355,DLX1,-5.3066397e-05
6680_PPP2R1A_P2_ENSG00000105568,PPP2R1A,-5.6232984e-05
5913_NXT2_P1P2_ENSG00000101888,NXT2,-6.821306e-05
5379_MYF5_P1P2_ENSG00000111049,MYF5,-6.88457e-05
6278_PHC3_P1P2_ENSG00000173889,PHC3,-7.205513e-05
5706_NLRP2_P1P2_ENSG00000022556,NLRP2,-9.2700706e-05
7049_RABGEF1_P1P2_ENSG00000154710,RABGEF1,-9.4815114e-05
8526_STK4_P1_ENSG00000101109,STK4,-9.6199634e-05
1972_CWC22_P1P2_ENSG00000163510,CWC22,-9.864229e-05
7329_RNASEH2A_P1P2_ENSG00000104889,RNASEH2A,-0.00010036237
11066_non-targeting_non-targeting_non-targeting,non-targeting,-0.00011212598
9297_TRIP4_P1P2_ENSG00000103671,TRIP4,-0.00011831438
3454_GNS_P1P2_ENSG00000135677,GNS,-0.00012017193
1754_COLGALT1_P1P2_ENSG00000130309,COLGALT1,-0.00013289107
8682_TANK_P1_ENSG00000136560,TANK,-0.00013488192
1535_CFH_P1P2_ENSG00000000971,CFH,-0.00013569261
8504_STEAP1B_P1P2_ENSG00000105889,STEAP1B,-0.00013670717
6955_PUS1_P1P2_ENSG00000177192,PUS1,-0.0001372913
1967_CUTA_P1P2_ENSG00000112514,CUTA,-0.00013835286
1494_CEP104_P1P2_ENSG00000116198,CEP104,-0.00014229599
5688_NKX1-1_ENST00000422806.1_ENSG00000235608,NKX1-1,-0.00014361367
11137_non-targeting_non-targeting_non-targeting,non-targeting,-0.00014578018
5411_MYT1L_P1P2_ENSG00000186487,MYT1L,-0.00014583889
11305_non-targeting_non-targeting_non-targeting,non-targeting,-0.00015159232
4409_KLF11_P1P2_ENSG00000172059,KLF11,-0.00017229773
4469_KREMEN2_P1P2_ENSG00000131650,KREMEN2,-0.00017286162
3407_GLT8D1_P1P2_ENSG00000016864,GLT8D1,-0.00017642487
6351_PIK3C2A_ENST00000265970.7_ENSG00000011405,PIK3C2A,-0.00019454956
45_ABHD16A_P1P2_ENSG00000204427,ABHD16A,-0.00019583278
1144_CAB39_P1P2_ENSG00000135932,CAB39,-0.00019765734
9580_UHMK1_P1P2_ENSG00000152332,UHMK1,-0.00019797956
9346_TSNARE1_P1P2_ENSG00000171045,TSNARE1,-0.00019856903
327_ANKRD13A_P1P2_ENSG00000076513,ANKRD13A,-0.00019870399
10761_non-targeting_non-targeting_non-targeting,non-targeting,-0.00020191737
3990_HTATSF1_P1P2_ENSG00000102241,HTATSF1,-0.00021389591
5296_MT1F_P1P2_ENSG00000198417,MT1F,-0.00021657161
2612_EMC3_P1_ENSG00000125037,EMC3,-0.00021979201
6224_PEX11B_P1P2_ENSG00000131779,PEX11B,-0.00021992954
1653_CLIC1_P1P2_ENSG00000213719,CLIC1,-0.00022153114
6461_PLS1_P1_ENSG00000120756,PLS1,-0.00022488036
6090_PAX3_P1P2_ENSG00000135903,PAX3,-0.00023057184
1267_CCDC169_P1P2_ENSG00000242715,CCDC169,-0.00024340789
2163_DERL3_P1P2_ENSG00000099958,DERL3,-0.00025322966
6393_PKLR_P1P2_ENSG00000143627,PKLR,-0.00025395319
10241_ZNF256_P1P2_ENSG00000152454,ZNF256,-0.00025659712
9823_WDR45_P1P2_ENSG00000196998,WDR45,-0.00025982762
6165_PDE3B_P1P2_ENSG00000152270,PDE3B,-0.0002611544
7945_SKOR1_P1P2_ENSG00000188779,SKOR1,-0.00026268564
5857_NUCKS1_P1P2_ENSG00000069275,NUCKS1,-0.00026295782
10828_non-targeting_non-targeting_non-targeting,non-targeting,-0.00027044528
6702_PPP6R2_P1P2_ENSG00000100239,PPP6R2,-0.0002721259
11309_non-targeting_non-targeting_non-targeting,non-targeting,-0.00027346448
365_ANXA7_P1P2_ENSG00000138279,ANXA7,-0.00027917288
7004_RAB11B_P1P2_ENSG00000185236,RAB11B,-0.0002810509
2570_EIF4G2_P2_ENSG00000110321,EIF4G2,-0.00028961097
6213_PELO_P2_ENSG00000152684,PELO,-0.00029362124
9234_TRAF7_P1_ENSG00000131653,TRAF7,-0.00029944553
11318_non-targeting_non-targeting_non-targeting,non-targeting,-0.00030926787
7703_SCO2_P1P2_ENSG00000284194,SCO2,-0.00031635925
2701_ERF_P1P2_ENSG00000105722,ERF,-0.00031857847
95_ACP2_P1P2_ENSG00000134575,ACP2,-0.0003186235
5276_MSANTD3_P1P2_ENSG00000066697,MSANTD3,-0.00033215564
764_BARX1_P1P2_ENSG00000131668,BARX1,-0.00033738068
5375_MYD88_P2_ENSG00000172936,MYD88,-0.00033945986
5042_MGME1_P1P2_ENSG00000125871,MGME1,-0.00034356135
2121_DDX42_P1P2_ENSG00000198231,DDX42,-0.00035351905
3820_HMBS_P2_ENSG00000256269,HMBS,-0.00036173224
10094_ZFP69B_P1P2_ENSG00000187801,ZFP69B,-0.0003623065
9360_TSPYL2_P1P2_ENSG00000184205,TSPYL2,-0.00036510068
3913_HOXC13_P1P2_ENSG00000123364,HOXC13,-0.00036622034
2097_DDR1_P2_ENSG00000204580,DDR1,-0.00036825644
8475_ST6GALNAC4_P1P2_ENSG00000136840,ST6GALNAC4,-0.00037017575
3228_FUT8_P1P2_ENSG00000033170,FUT8,-0.00037154515
2258_DMRT3_P1P2_ENSG00000064218,DMRT3,-0.0003765622
2763_ETV3_P1P2_ENSG00000117036,ETV3,-0.00037940874
7409_ROCK2_P1P2_ENSG00000134318,ROCK2,-0.000383018
7992_SLC25A22_P1P2_ENSG00000177542,SLC25A22,-0.00038521911
489_ARID2_P1P2_ENSG00000189079,ARID2,-0.0003887885
3676_HDX_P1P2_ENSG00000165259,HDX,-0.00039009718
3535_GRHPR_P1_ENSG00000137106,GRHPR,-0.00039503328
3023_FBXO44_P1P2_ENSG00000132879,FBXO44,-0.00039661574
5578_NEBL_P1P2_ENSG00000078114,NEBL,-0.00040018753
"10670_ZNF83_ENST00000301096.3,ENST00000536937.1,ENST00000544146.1,ENST00000545872.1_ENSG00000167766",ZNF83,-0.000401114
2505_EGFL8_P1P2_ENSG00000241404,EGFL8,-0.00041108698
9542_UBQLN2_P1P2_ENSG00000188021,UBQLN2,-0.00041148567
5290_MSRB1_P1P2_ENSG00000198736,MSRB1,-0.00041170485
8884_THEM6_P1P2_ENSG00000130193,THEM6,-0.00041412094
3719_HIBADH_P1P2_ENSG00000106049,HIBADH,-0.000421632
234_AKAP9_P1P2_ENSG00000127914,AKAP9,-0.00043115806
3386_GLCCI1_P1P2_ENSG00000106415,GLCCI1,-0.0004523421
9404_TTLL5_P1P2_ENSG00000119685,TTLL5,-0.00045535457
6837_PSEN2_P1P2_ENSG00000143801,PSEN2,-0.00047073766
2072_DCTD_P1P2_ENSG00000129187,DCTD,-0.00047704118
6430_PLD6_ENST00000321560.3_ENSG00000179598,PLD6,-0.00047951477
145_COQ8B_P1P2_ENSG00000123815,COQ8B,-0.00048015197
1838_CPQ_P1P2_ENSG00000104324,CPQ,-0.0004854528
3734_HINT3_P1P2_ENSG00000111911,HINT3,-0.0004896339
3617_H3F3A_P1P2_ENSG00000163041,H3F3A,-0.0004978639
6222_PEX10_P2_ENSG00000157911,PEX10,-0.0004981528
8422_SRPRB_P1P2_ENSG00000144867,SRPRB,-0.00049823977
2609_EMC10_P1P2_ENSG00000161671,EMC10,-0.00051120773
3686_HELLS_P1P2_ENSG00000119969,HELLS,-0.0005187719
2623_EMILIN2_P1P2_ENSG00000132205,EMILIN2,-0.00051985733
8068_SLC38A9_P1P2_ENSG00000177058,SLC38A9,-0.00052027573
434_ARAP1_P2_ENSG00000186635,ARAP1,-0.0005228524
9322_TRPC4AP_P1P2_ENSG00000100991,TRPC4AP,-0.0005244869
9538_UBN1_P1P2_ENSG00000118900,UBN1,-0.0005263403
233_AKAP8_P1P2_ENSG00000105127,AKAP8,-0.00052879774
8516_STK19_P1P2_ENSG00000204344,STK19,-0.0005292885
10303_ZNF343_P1P2_ENSG00000088876,ZNF343,-0.00053154357
9429_TUBGCP6_P1P2_ENSG00000128159,TUBGCP6,-0.0005378622
6426_PLCXD1_P1_ENSG00000182378,PLCXD1,-0.0005380778
3252_GABBR1_P1_ENSG00000204681,GABBR1,-0.0005384234
2386_DST_ENST00000370754.5_ENSG00000151914,DST,-0.00053914305
3164_FOXJ1_P1P2_ENSG00000129654,FOXJ1,-0.0005453551
7314_RIPK1_P2_ENSG00000137275,RIPK1,-0.00054824544
845_BLOC1S2_P1P2_ENSG00000196072,BLOC1S2,-0.0005576765
2035_DBF4B_P1P2_ENSG00000161692,DBF4B,-0.000563505
11286_non-targeting_non-targeting_non-targeting,non-targeting,-0.0005689932
3044_FCGR2C_ENST00000543859.1_nan,FCGR2C,-0.0005711118
531_ARNTL_P1P2_ENSG00000133794,ARNTL,-0.0005722879
5618_NEXN_P1P2_ENSG00000162614,NEXN,-0.00057397917
9061_TMEM251_P1P2_ENSG00000153485,TMEM251,-0.0005749388
2178_DGKH_P2_ENSG00000102780,DGKH,-0.0005800719
4315_KDELR2_P1P2_ENSG00000136240,KDELR2,-0.0005843169
4462_KPNA5_P1P2_ENSG00000196911,KPNA5,-0.0005867051
2582_ELAC2_P1P2_ENSG00000006744,ELAC2,-0.00058811635
5829_NSMCE2_P1P2_ENSG00000156831,NSMCE2,-0.00059027877
10004_ZBTB4_P2_ENSG00000174282,ZBTB4,-0.0005908172
8570_SUB1_P2_ENSG00000113387,SUB1,-0.000593338
7870_SH2D2A_P1_ENSG00000027869,SH2D2A,-0.0005970726
3465_GOLGA8B_P1P2_ENSG00000215252,GOLGA8B,-0.00060185685
5606_NET1_P1P2_ENSG00000173848,NET1,-0.0006079533
293_AMH_P1P2_ENSG00000104899,AMH,-0.00061235076
8948_TLN1_P1P2_ENSG00000137076,TLN1,-0.0006128392
2185_DHCR7_P1P2_ENSG00000172893,DHCR7,-0.00062322896
8049_SLC35E2B_P1P2_ENSG00000189339,SLC35E2B,-0.00063123816
5901_NUP85_P1P2_ENSG00000125450,NUP85,-0.00063270406
4804_MAP2K5_P1P2_ENSG00000137764,MAP2K5,-0.0006369938
1751_CERT1_P1P2_ENSG00000113163,CERT1,-0.0006420993
10495_ZNF606_P1P2_ENSG00000166704,ZNF606,-0.00064227905
7192_RBPMS2_P1P2_ENSG00000166831,RBPMS2,-0.00064408284
5088_MIXL1_P1P2_ENSG00000185155,MIXL1,-0.000654208
7664_SATB1_P2_ENSG00000182568,SATB1,-0.0006633914
2986_FBF1_P1P2_ENSG00000188878,FBF1,-0.0006660756
1877_CRLS1_P1P2_ENSG00000088766,CRLS1,-0.00067061215
6208_PEBP1_P1P2_ENSG00000089220,PEBP1,-0.0006709984
2420_DYM_P1P2_ENSG00000141627,DYM,-0.0006730714
9879_WSB2_P1P2_ENSG00000176871,WSB2,-0.0006772518
10870_non-targeting_non-targeting_non-targeting,non-targeting,-0.0006829941
713_AURKAIP1_P1P2_ENSG00000175756,AURKAIP1,-0.0006848258
3626_HAMP_P1P2_ENSG00000105697,HAMP,-0.0006850557
5395_MYO18A_P1P2_ENSG00000196535,MYO18A,-0.0006864712
306_ANAPC1_P1P2_ENSG00000153107,ANAPC1,-0.0006924257
9456_TXNL1_P1P2_ENSG00000091164,TXNL1,-0.00069303607
5654_NFX1_P1P2_ENSG00000086102,NFX1,-0.000695367
2594_ELMO2_P1P2_ENSG00000062598,ELMO2,-0.00069568504
4502_LAMP2_P1P2_ENSG00000005893,LAMP2,-0.0007033068
11253_non-targeting_non-targeting_non-targeting,non-targeting,-0.0007236961
11240_non-targeting_non-targeting_non-targeting,non-targeting,-0.000725367
1085_C3orf38_P1P2_ENSG00000179021,C3orf38,-0.00073330896
3204_FRYL_P1P2_ENSG00000075539,FRYL,-0.0007344164
11004_non-targeting_non-targeting_non-targeting,non-targeting,-0.0007375826
9578_UGP2_P1P2_ENSG00000169764,UGP2,-0.0007439368
1286_CCDC66_P1P2_ENSG00000180376,CCDC66,-0.00074597273
3880_HOMER3_P1P2_ENSG00000051128,HOMER3,-0.0007499279
229_AKAP13_P1P2_ENSG00000170776,AKAP13,-0.0007548085
917_BTBD10_P2_ENSG00000148925,BTBD10,-0.0007549392
10450_ZNF562_P1P2_ENSG00000171466,ZNF562,-0.00076647266
282_ALMS1_P1P2_ENSG00000116127,ALMS1,-0.0007706471
5755_NOSTRIN_P1P2_ENSG00000163072,NOSTRIN,-0.00077252014
5341_MTPN_P1P2_ENSG00000105887,MTPN,-0.0007731058
785_BCAR1_P1_ENSG00000050820,BCAR1,-0.00077797537
5973_ORMDL3_P1P2_ENSG00000172057,ORMDL3,-0.0007783975
9439_TWF1_P1P2_ENSG00000151239,TWF1,-0.00078603224
11098_non-targeting_non-targeting_non-targeting,non-targeting,-0.00079232745
8787_TCF7_P1P2_ENSG00000081059,TCF7,-0.00079311884
5636_NFIB_P1P2_ENSG00000147862,NFIB,-0.0007982117
6588_POU2F3_P1_ENSG00000137709,POU2F3,-0.0008010698
5773_NPRL3_P1P2_ENSG00000103148,NPRL3,-0.0008018698
521_ARMC1_P1P2_ENSG00000104442,ARMC1,-0.0008078077
3623_HADH_P1P2_ENSG00000138796,HADH,-0.0008082946
7760_SEL1L_P1P2_ENSG00000071537,SEL1L,-0.00080977485
11248_non-targeting_non-targeting_non-targeting,non-targeting,-0.000815321
4475_KRT17_P1P2_ENSG00000128422,KRT17,-0.00081583246
4770_MAGED1_P2_ENSG00000179222,MAGED1,-0.0008227797
4627_LONRF3_P1P2_ENSG00000175556,LONRF3,-0.000831578
8919_TIMM21_P1P2_ENSG00000075336,TIMM21,-0.0008338623
4259_JOSD2_P1P2_ENSG00000161677,JOSD2,-0.0008345247
9320_TROAP_P1P2_ENSG00000135451,TROAP,-0.0008356191
544_ARPC5_P1P2_ENSG00000162704,ARPC5,-0.0008372099
9051_TMEM234_P1P2_ENSG00000160055,TMEM234,-0.0008414387
6739_PRDX6_P1P2_ENSG00000117592,PRDX6,-0.0008427946
3931_HPRT1_P1P2_ENSG00000165704,HPRT1,-0.0008428429
5099_MKRN2_P1P2_ENSG00000075975,MKRN2,-0.00084574014
3195_FOXS1_P1P2_ENSG00000179772,FOXS1,-0.0008491485
6107_PBXIP1_P1P2_ENSG00000163346,PBXIP1,-0.0008544884
10111_ZFYVE9_P1P2_ENSG00000157077,ZFYVE9,-0.00085961656
6338_PIGM_P1P2_ENSG00000143315,PIGM,-0.00086255063
8253_SNX2_P1P2_ENSG00000205302,SNX2,-0.00086281105
11085_non-targeting_non-targeting_non-targeting,non-targeting,-0.00086284784
658_ATP5PB_P1P2_ENSG00000116459,ATP5PB,-0.0008652786
5754_NOSIP_P1P2_ENSG00000142546,NOSIP,-0.0008666668
2804_EZR_P2_ENSG00000092820,EZR,-0.00086782477
7357_RNF14_P1P2_ENSG00000013561,RNF14,-0.00087355624
11202_non-targeting_non-targeting_non-targeting,non-targeting,-0.0008844473
450_ARFIP1_P1P2_ENSG00000164144,ARFIP1,-0.0008871122
5717_NMNAT1_P1P2_ENSG00000173614,NMNAT1,-0.0008893164
10821_non-targeting_non-targeting_non-targeting,non-targeting,-0.0008938515
11164_non-targeting_non-targeting_non-targeting,non-targeting,-0.00089405867
9025_TMEM184B_P1P2_ENSG00000198792,TMEM184B,-0.00089506054
558_ARX_P2_ENSG00000004848,ARX,-0.00089613773
9204_TPM1_P2_ENSG00000140416,TPM1,-0.0009008316
606_ATF3_P1P2_ENSG00000162772,ATF3,-0.00090777176
5544_NDUFAF1_P1P2_ENSG00000137806,NDUFAF1,-0.00091107027
10504_ZNF615_P1P2_ENSG00000197619,ZNF615,-0.0009117438
10125_ZIM2_P1P2_ENSG00000269699,ZIM2,-0.0009138517
8013_SLC25A53_P1P2_ENSG00000269743,SLC25A53,-0.000916013
5309_MTFMT_P1P2_ENSG00000103707,MTFMT,-0.00091771083
7320_RMDN1_P1P2_ENSG00000176623,RMDN1,-0.0009190706
3384_GLB1L2_P1P2_ENSG00000149328,GLB1L2,-0.0009200329
3788_HIST2H2BE_P1P2_ENSG00000184678,HIST2H2BE,-0.00092478126
7425_RPE_P1P2_ENSG00000197713,RPE,-0.00094260275
4234_ITPK1_P1P2_ENSG00000100605,ITPK1,-0.00094802974
9013_TMEM164_P1P2_ENSG00000157600,TMEM164,-0.00095774344
5585_NEDD4L_ENST00000357895.5_ENSG00000049759,NEDD4L,-0.0009689594
1179_CAPN15_P1P2_ENSG00000103326,CAPN15,-0.0009700505
440_ARF4_P1P2_ENSG00000168374,ARF4,-0.0009826444
10405_ZNF506_P1P2_ENSG00000081665,ZNF506,-0.0009858578
3864_HNRNPF_P2_ENSG00000169813,HNRNPF,-0.0009860363
2872_FAM170A_P1P2_ENSG00000164334,FAM170A,-0.0009953049
704_ATXN3_P1P2_ENSG00000066427,ATXN3,-0.0009968979
4961_MEF2B_P1P2_ENSG00000213999,MEF2B,-0.0009988813
5070_MIER2_P1P2_ENSG00000105556,MIER2,-0.0010196995
2675_EPOR_P1_ENSG00000187266,EPOR,-0.001020551
9191_TP53BP2_P1P2_ENSG00000143514,TP53BP2,-0.0010207341
5460_NAP1L1_P1P2_ENSG00000187109,NAP1L1,-0.001023099
2619_EMD_P1P2_ENSG00000102119,EMD,-0.0010260288
4436_KLHL20_P1P2_ENSG00000076321,KLHL20,-0.0010267367
5140_MOCS1_P1P2_ENSG00000124615,MOCS1,-0.0010307134
8484_STAMBP_P1P2_ENSG00000124356,STAMBP,-0.0010316981
6746_PRICKLE3_P1P2_ENSG00000012211,PRICKLE3,-0.0010324076
3553_GSN_P1P2_ENSG00000148180,GSN,-0.0010368765
1199_CASC4_P1P2_ENSG00000166734,CASC4,-0.0010378355
10627_ZNF778_P1P2_ENSG00000170100,ZNF778,-0.0010392091
3212_FTSJ1_P1P2_ENSG00000068438,FTSJ1,-0.0010484447
5831_NSMF_P1P2_ENSG00000165802,NSMF,-0.0010498491
902_BRK1_P1P2_ENSG00000254999,BRK1,-0.0010507212
8828_TEX261_P1P2_ENSG00000144043,TEX261,-0.001054635
8455_SSR2_P1P2_ENSG00000163479,SSR2,-0.0010595096
9928_YIF1A_P1P2_ENSG00000174851,YIF1A,-0.0010692229
2425_DYNC2LI1_P1P2_ENSG00000138036,DYNC2LI1,-0.0010717084
4929_MECR_P1P2_ENSG00000116353,MECR,-0.0010781385
1228_CBX1_P1P2_ENSG00000108468,CBX1,-0.0010882311
8536_STRADA_P1P2_ENSG00000266173,STRADA,-0.001093248
914_BST2_P1P2_ENSG00000130303,BST2,-0.0010998328
7225_REEP6_P1P2_ENSG00000115255,REEP6,-0.0011014462
7428_RPGRIP1L_P1P2_ENSG00000103494,RPGRIP1L,-0.0011038586
4720_LY6E_P1P2_ENSG00000160932,LY6E,-0.0011084012
2145_DEK_P1P2_ENSG00000124795,DEK,-0.0011098784
1400_CDC42BPA_P1P2_ENSG00000143776,CDC42BPA,-0.0011135475
10066_ZFAND2A_P1P2_ENSG00000178381,ZFAND2A,-0.0011138521
6312_PHYHD1_P1P2_ENSG00000175287,PHYHD1,-0.001116492
3417_GMEB1_P1P2_ENSG00000162419,GMEB1,-0.0011177605
4730_ETFRF1_P1P2_ENSG00000205707,ETFRF1,-0.001120679
8293_SOX4_P2_ENSG00000124766,SOX4,-0.0011408451
9072_TMEM41A_P1P2_ENSG00000163900,TMEM41A,-0.0011417483
8010_SLC25A46_P1P2_ENSG00000164209,SLC25A46,-0.0011482602
10479_ZNF585B_P1P2_ENSG00000245680,ZNF585B,-0.0011513948
9646_USP2_P1_ENSG00000036672,USP2,-0.001158327
503_ARL16_P1P2_ENSG00000214087,ARL16,-0.0011723089
3052_FDX1_P1P2_ENSG00000137714,FDX1,-0.0011735205
5183_MR1_P1P2_ENSG00000153029,MR1,-0.0011827128
2257_DMRT2_P1P2_ENSG00000173253,DMRT2,-0.0011912974
7209_RCN3_P1P2_ENSG00000142552,RCN3,-0.0011925908
4698_LSR_P1P2_ENSG00000105699,LSR,-0.0011974116
1602_CHST2_P1P2_ENSG00000175040,CHST2,-0.0012003755
777_BBS1_P1P2_ENSG00000174483,BBS1,-0.0012081804
10629_ZNF780A_P1P2_ENSG00000197782,ZNF780A,-0.0012122415
7811_SESN1_ENST00000436639.2_ENSG00000080546,SESN1,-0.0012139059
1033_C1QTNF4_P1P2_ENSG00000172247,C1QTNF4,-0.0012177263
8830_TEX2_P1P2_ENSG00000136478,TEX2,-0.0012200235
10087_ZFP3_P1P2_ENSG00000180787,ZFP3,-0.0012224064
2480_EEA1_P1P2_ENSG00000102189,EEA1,-0.0012286615
5710_NME1_P1_ENSG00000239672,NME1,-0.0012353268
9333_TSC22D2_P1P2_ENSG00000196428,TSC22D2,-0.0012359538
17_ABCA7_P2_ENSG00000064687,ABCA7,-0.0012438726
3208_FSTL3_P2_ENSG00000070404,FSTL3,-0.0012445471
2772_EVX1_P1P2_ENSG00000106038,EVX1,-0.001247186
4630_LPCAT1_P1_ENSG00000153395,LPCAT1,-0.0012516718
2691_ERBIN_P1P2_ENSG00000112851,ERBIN,-0.0012594262
6121_PCGF2_P2_ENSG00000277258,PCGF2,-0.0012668425
8372_SPRTN_P1P2_ENSG00000010072,SPRTN,-0.0012831385
10806_non-targeting_non-targeting_non-targeting,non-targeting,-0.0012832176
6641_PPM1G_P2_ENSG00000115241,PPM1G,-0.001285778
8324_SPATA33_P1P2_ENSG00000167523,SPATA33,-0.0012888255
6211_PEG3_P1P2_ENSG00000198300,PEG3,-0.0012963581
4399_KIFC2_P1P2_ENSG00000167702,KIFC2,-0.0013039822
7542_RPUSD1_P2_ENSG00000007376,RPUSD1,-0.0013065882
5954_OR4F4_ENST00000326183.3_ENSG00000177693,OR4F4,-0.0013066018
6744_PREP_P1P2_ENSG00000085377,PREP,-0.0013091421
6022_PAAF1_P1P2_ENSG00000175575,PAAF1,-0.0013118018
5073_MIF_P1P2_ENSG00000240972,MIF,-0.0013151858
3280_GAN_P1P2_ENSG00000261609,GAN,-0.0013163909
5287_MSL3_P1P2_ENSG00000005302,MSL3,-0.0013196492
6028_PACS1_P1P2_ENSG00000175115,PACS1,-0.0013207523
4483_KSR1_P1P2_ENSG00000141068,KSR1,-0.0013246676
1373_CD59_P1_ENSG00000085063,CD59,-0.0013320952
21_ABCB6_P1P2_ENSG00000115657,ABCB6,-0.0013343663
848_BLOC1S4_P1P2_ENSG00000186222,BLOC1S4,-0.0013498795
7229_RELN_P1P2_ENSG00000189056,RELN,-0.0013501913
11107_non-targeting_non-targeting_non-targeting,non-targeting,-0.0013561383
2934_RIPOR3_P1P2_ENSG00000042062,RIPOR3,-0.0013602789
2056_DCAF4_P1P2_ENSG00000119599,DCAF4,-0.0013637731
10673_ZNF844_P1P2_ENSG00000223547,ZNF844,-0.0013654274
10555_ZNF689_P1P2_ENSG00000156853,ZNF689,-0.0013690665
342_ANKRD49_P1P2_ENSG00000168876,ANKRD49,-0.0013701915
6498_PNPO_P1P2_ENSG00000108439,PNPO,-0.0013711542
8761_TBXA2R_P1P2_ENSG00000006638,TBXA2R,-0.0013726215
8255_SNX3_P1P2_ENSG00000112335,SNX3,-0.0013785235
11238_non-targeting_non-targeting_non-targeting,non-targeting,-0.0013790126
9770_VRK3_P1P2_ENSG00000105053,VRK3,-0.0013809587
11266_non-targeting_non-targeting_non-targeting,non-targeting,-0.001381522
7129_RASSF7_P1P2_ENSG00000099849,RASSF7,-0.0013858099
6198_PDSS1_P1P2_ENSG00000148459,PDSS1,-0.0013858136
5362_MXI1_P2_ENSG00000119950,MXI1,-0.0013934025
9556_UBXN2B_P1P2_ENSG00000215114,UBXN2B,-0.0013984632
11186_non-targeting_non-targeting_non-targeting,non-targeting,-0.001405955
2962_FANCD2_P1P2_ENSG00000144554,FANCD2,-0.0014085518
4669_LRRC57_P1P2_ENSG00000180979,LRRC57,-0.001418679
8539_STRBP_P1P2_ENSG00000165209,STRBP,-0.0014200952
6347_PIGV_P1P2_ENSG00000060642,PIGV,-0.0014260955
5720_NMT1_P1P2_ENSG00000136448,NMT1,-0.0014277414
8870_THADA_P1P2_ENSG00000115970,THADA,-0.0014318187
11115_non-targeting_non-targeting_non-targeting,non-targeting,-0.0014411221
288_AMBRA1_P1P2_ENSG00000110497,AMBRA1,-0.001443169
1027_C19orf73_P1P2_ENSG00000221916,C19orf73,-0.001453548
9193_TP53I3_P1P2_ENSG00000115129,TP53I3,-0.0014568483
2062_DCAKD_P1_ENSG00000172992,DCAKD,-0.0014592824
9275_TRIM38_P1P2_ENSG00000112343,TRIM38,-0.0014593665
6088_PAX1_P1P2_ENSG00000125813,PAX1,-0.0014686701
10099_ZFP91_P1P2_ENSG00000186660,ZFP91,-0.0014744889
6269_PHACTR1_P1_ENSG00000112137,PHACTR1,-0.0014846536
2287_DNAJC12_P1P2_ENSG00000108176,DNAJC12,-0.0014860161
9038_PACC1_P1P2_ENSG00000065600,PACC1,-0.0014862812
9904_XRCC2_P1P2_ENSG00000196584,XRCC2,-0.0014877759
4588_LIMK2_P1P2_ENSG00000182541,LIMK2,-0.0014925018
4237_ITPR1_P1P2_ENSG00000150995,ITPR1,-0.0014963198
11053_non-targeting_non-targeting_non-targeting,non-targeting,-0.0014972633
4413_KLF15_P1P2_ENSG00000163884,KLF15,-0.0014985747
10971_non-targeting_non-targeting_non-targeting,non-targeting,-0.0014986024
11143_non-targeting_non-targeting_non-targeting,non-targeting,-0.0015012955
10010_ZBTB7B_P1P2_ENSG00000160685,ZBTB7B,-0.0015014628
1201_CASP10_P1P2_ENSG00000003400,CASP10,-0.0015030544
5097_MKNK2_P1_ENSG00000099875,MKNK2,-0.0015040078
538_ARPC3_P2_ENSG00000111229,ARPC3,-0.0015133506
7593_RTTN_P1P2_ENSG00000176225,RTTN,-0.0015147656
2807_F11R_P2_ENSG00000158769,F11R,-0.0015185339
8821_TESC_P1P2_ENSG00000088992,TESC,-0.0015237327
3002_FBXL8_P1P2_ENSG00000135722,FBXL8,-0.0015267219
1230_CBX3_P1P2_ENSG00000122565,CBX3,-0.001527083
911_BSCL2_P2_ENSG00000168000,BSCL2,-0.0015296439
637_ATOH8_P1P2_ENSG00000168874,ATOH8,-0.0015354685
5608_NEU1_P1P2_ENSG00000204386,NEU1,-0.001536119
5051_MIB2_P1P2_ENSG00000197530,MIB2,-0.0015428151
5994_OTP_P1P2_ENSG00000171540,OTP,-0.0015453983
897_BRF2_P1P2_ENSG00000104221,BRF2,-0.0015509547
3376_GIT1_P1P2_ENSG00000108262,GIT1,-0.0015807259
7328_RNASEH1_P1P2_ENSG00000171865,RNASEH1,-0.0015908114
8457_SSR4_P1P2_ENSG00000180879,SSR4,-0.0015934074
8021_SLC29A1_P2_ENSG00000112759,SLC29A1,-0.0015938751
4726_LYPLAL1_P1P2_ENSG00000143353,LYPLAL1,-0.0015985179
5027_MFSD1_P1P2_ENSG00000118855,MFSD1,-0.0016023895
10581_ZNF713_P1P2_ENSG00000178665,ZNF713,-0.0016044935
9077_TMEM50B_P1P2_ENSG00000142188,TMEM50B,-0.0016048597
7755_SEC63_P1P2_ENSG00000025796,SEC63,-0.0016072036
11169_non-targeting_non-targeting_non-targeting,non-targeting,-0.0016097178
4292_KCNA10_ENST00000369771.2_ENSG00000143105,KCNA10,-0.001628252
5274_MS4A4A_P1P2_ENSG00000110079,MS4A4A,-0.0016301344
7847_SFXN1_P1P2_ENSG00000164466,SFXN1,-0.0016331252
3778_HIST1H4C_P1P2_ENSG00000197061,HIST1H4C,-0.0016346981
1488_CENPO_P1P2_ENSG00000138092,CENPO,-0.0016385333
1738_COBL_P1P2_ENSG00000106078,COBL,-0.0016391147
6930_PTPN4_P1P2_ENSG00000088179,PTPN4,-0.0016399884
8873_THAP1_P1P2_ENSG00000131931,THAP1,-0.0016405592
4368_KIAA1586_P1P2_ENSG00000168116,KIAA1586,-0.0016407474
7991_SLC25A21_P1P2_ENSG00000183032,SLC25A21,-0.0016442137
7587_RTKN2_P1P2_ENSG00000182010,RTKN2,-0.0016456116
10167_ZNF135_P1P2_ENSG00000176293,ZNF135,-0.001649354
391_AP5Z1_P1P2_ENSG00000242802,AP5Z1,-0.0016521375
4641_LRCH4_P1_ENSG00000077454,LRCH4,-0.0016550629
4849_MARCH9_P1P2_ENSG00000139266,MARCH9,-0.0016572825
6784_PROP1_P1P2_ENSG00000175325,PROP1,-0.0016640613
1423_CDK11B_ENST00000341832.6_ENSG00000248333,CDK11B,-0.0016652769
151_ADD3_P1P2_ENSG00000148700,ADD3,-0.0016665575
1854_CRAT_P1P2_ENSG00000095321,CRAT,-0.0016691175
50_ABHD5_P1P2_ENSG00000011198,ABHD5,-0.0016716387
8907_TIGD2_P1P2_ENSG00000180346,TIGD2,-0.0016726941
7982_SLC25A12_P1P2_ENSG00000115840,SLC25A12,-0.0016780325
9222_TRA2B_P1P2_ENSG00000136527,TRA2B,-0.0016785363
7042_RAB9A_P1P2_ENSG00000123595,RAB9A,-0.0016834826
1861_CREB3L4_P1P2_ENSG00000143578,CREB3L4,-0.0016844141
303_ANAPC13_P1P2_ENSG00000129055,ANAPC13,-0.001688838
2218_DHX9_P1P2_ENSG00000135829,DHX9,-0.0016919407
2207_DHX30_P1_ENSG00000132153,DHX30,-0.001698457
7808_SERTAD1_P1P2_ENSG00000197019,SERTAD1,-0.0017020557
6972_PYCR1_P1P2_ENSG00000183010,PYCR1,-0.0017082525
6623_PPIC_P1P2_ENSG00000168938,PPIC,-0.0017105313
8103_SLC6A19_P1P2_ENSG00000174358,SLC6A19,-0.0017226695
9759_VPS45_P1P2_ENSG00000136631,VPS45,-0.0017272315
7448_RPL22_P2_ENSG00000116251,RPL22,-0.0017312695
7778_SEPHS1_P1P2_ENSG00000086475,SEPHS1,-0.0017324012
4832_MAPK8_P1P2_ENSG00000107643,MAPK8,-0.0017449588
10080_ZFP28_P1P2_ENSG00000196867,ZFP28,-0.0017466483
125_ADAL_P1P2_ENSG00000168803,ADAL,-0.0017484078
10268_ZNF286A_P1P2_ENSG00000187607,ZNF286A,-0.0017518838
3091_FKBP11_P1P2_ENSG00000134285,FKBP11,-0.0017529705
9567_UCP2_P1P2_ENSG00000175567,UCP2,-0.0017541624
8620_SYK_P2_ENSG00000165025,SYK,-0.0017544854
3437_GNB2_P1P2_ENSG00000172354,GNB2,-0.0017582643
696_ATRAID_P1P2_ENSG00000138085,ATRAID,-0.0017665677
8677_TALDO1_P1P2_ENSG00000177156,TALDO1,-0.0017700018
11228_non-targeting_non-targeting_non-targeting,non-targeting,-0.0017730675
1594_CHPF_P1P2_ENSG00000123989,CHPF,-0.0017735565
4491_L3MBTL1_P1_ENSG00000185513,L3MBTL1,-0.0017764826
6137_PCNT_P1P2_ENSG00000160299,PCNT,-0.0017777309
308_ANAPC4_P1P2_ENSG00000053900,ANAPC4,-0.0017782873
903_BRMS1L_P1P2_ENSG00000100916,BRMS1L,-0.0017845797
2614_EMC4_P1P2_ENSG00000128463,EMC4,-0.0017866098
8292_SOX4_P1_ENSG00000124766,SOX4,-0.0017921388
10095_ZFP69_P1P2_ENSG00000187815,ZFP69,-0.0018046373
3278_GANAB_P1P2_ENSG00000089597,GANAB,-0.0018158027
5096_MKNK2_P2_ENSG00000099875,MKNK2,-0.0018160562
6280_PHF12_P1P2_ENSG00000109118,PHF12,-0.0018184972
9006_TMEM14C_P1P2_ENSG00000111843,TMEM14C,-0.0018191992
9891_XPA_P1P2_ENSG00000136936,XPA,-0.0018251796
4457_KPNA1_P1_ENSG00000114030,KPNA1,-0.0018360094
9000_TLCD5_P1P2_ENSG00000181264,TLCD5,-0.0018370633
5278_MSC_P1P2_ENSG00000178860,MSC,-0.0018374374
3300_GATAD2A_P2_ENSG00000167491,GATAD2A,-0.0018434495
6341_PIGP_P1P2_ENSG00000185808,PIGP,-0.0018576832
7349_RNF13_P1P2_ENSG00000082996,RNF13,-0.0018584188
8084_SLC41A3_P1P2_ENSG00000114544,SLC41A3,-0.001859782
11267_non-targeting_non-targeting_non-targeting,non-targeting,-0.0018611905
1447_CDKN1C_P1P2_ENSG00000129757,CDKN1C,-0.0018737203
8861_TGFBR3_P1P2_ENSG00000069702,TGFBR3,-0.0018780823
3838_HMGN5_ENST00000358130.2_ENSG00000198157,HMGN5,-0.0018782186
6379_PITPNA_P1P2_ENSG00000174238,PITPNA,-0.0018782852
10888_non-targeting_non-targeting_non-targeting,non-targeting,-0.0018824295
10431_ZNF540_P1_ENSG00000171817,ZNF540,-0.001886601
819_BEST1_P2_ENSG00000167995,BEST1,-0.0018869878
4529_LBX2_P1P2_ENSG00000179528,LBX2,-0.0018916238
7231_REL_P1P2_ENSG00000162924,REL,-0.0018942514
1589_CHMP7_P1P2_ENSG00000147457,CHMP7,-0.001895886
1122_FMC1_P1P2_ENSG00000164898,FMC1,-0.0018966362
9137_TNIP2_P1P2_ENSG00000168884,TNIP2,-0.0019077064
238_AKNA_P1_ENSG00000106948,AKNA,-0.0019136473
9325_TRPS1_P1P2_ENSG00000104447,TRPS1,-0.001915
7259_RFX2_P1P2_ENSG00000087903,RFX2,-0.0019188005
8113_SLC8B1_P2_ENSG00000089060,SLC8B1,-0.0019195818
9985_ZBTB2_P1P2_ENSG00000181472,ZBTB2,-0.0019206986
7639_SALL2_P1P2_ENSG00000165821,SALL2,-0.0019221976
1553_CHCHD6_P1P2_ENSG00000159685,CHCHD6,-0.0019228313
2068_DCLRE1C_P1P2_ENSG00000152457,DCLRE1C,-0.0019333366
4800_MAP2K1_P1P2_ENSG00000169032,MAP2K1,-0.0019402162
4477_KRT19_P1P2_ENSG00000171345,KRT19,-0.001945661
3043_FCGR2A_P1P2_ENSG00000143226,FCGR2A,-0.0019459267
2417_DVL2_P1P2_ENSG00000004975,DVL2,-0.0019466957
3547_GSC_P1P2_ENSG00000133937,GSC,-0.0019476446
11196_non-targeting_non-targeting_non-targeting,non-targeting,-0.0019507974
3340_GEN1_P1P2_ENSG00000178295,GEN1,-0.00195537
7102_RAP1GAP_P2_ENSG00000076864,RAP1GAP,-0.0019565728
10715_ZSCAN20_P1P2_ENSG00000121903,ZSCAN20,-0.001958303
1764_COMMD6_P2_ENSG00000188243,COMMD6,-0.0019598056
9156_TNXB_P1P2_ENSG00000168477,TNXB,-0.0019632021
11044_non-targeting_non-targeting_non-targeting,non-targeting,-0.0019643283
823_BEX4_P1P2_ENSG00000102409,BEX4,-0.0019665472
4825_MAPK12_P1P2_ENSG00000188130,MAPK12,-0.0019686671
409_NAXE_P1P2_ENSG00000163382,NAXE,-0.0019707961
11211_non-targeting_non-targeting_non-targeting,non-targeting,-0.0019733754
3292_GATA2_P2_ENSG00000179348,GATA2,-0.001974736
3018_FBXO3_P1_ENSG00000110429,FBXO3,-0.001975531
2141_DEDD_P1P2_ENSG00000158796,DEDD,-0.0019757734
7015_RAB22A_P1P2_ENSG00000124209,RAB22A,-0.001976262
6656_PPP1R12C_P1P2_ENSG00000125503,PPP1R12C,-0.0019804472
4591_LIN28B_P1P2_ENSG00000187772,LIN28B,-0.0019880773
2088_DDB1_P2_ENSG00000167986,DDB1,-0.001988373
11075_non-targeting_non-targeting_non-targeting,non-targeting,-0.001991164
7319_RLIM_P1P2_ENSG00000131263,RLIM,-0.002002148
335_ANKRD28_P1P2_ENSG00000206560,ANKRD28,-0.002006315
4300_KCNN4_P1P2_ENSG00000104783,KCNN4,-0.0020082258
1100_C5orf30_P1P2_ENSG00000181751,C5orf30,-0.0020102493
5409_MYRF_P2_ENSG00000124920,MYRF,-0.002014402
9662_USP45_P1P2_ENSG00000123552,USP45,-0.0020184135
1914_CSTB_P1P2_ENSG00000160213,CSTB,-0.0020392747
1867_CREBZF_P1P2_ENSG00000137504,CREBZF,-0.0020399499
4637_LPL_P1P2_ENSG00000175445,LPL,-0.0020434277
3474_GOPC_P1P2_ENSG00000047932,GOPC,-0.0020505497
4759_MAGEA1_P1P2_ENSG00000198681,MAGEA1,-0.0020521567
10518_ZNF630_P1P2_ENSG00000221994,ZNF630,-0.0020532
7291_RHOBTB3_P1P2_ENSG00000164292,RHOBTB3,-0.0020546706
6447_PLEKHM2_P1P2_ENSG00000116786,PLEKHM2,-0.002055537
10768_non-targeting_non-targeting_non-targeting,non-targeting,-0.0020600343
527_ARMCX5_P1P2_ENSG00000125962,ARMCX5,-0.002065653
8014_SLC25A5_P1P2_ENSG00000005022,SLC25A5,-0.0020697985
6297_PHKA2_P1P2_ENSG00000044446,PHKA2,-0.002071525
7084_RALB_P1P2_ENSG00000144118,RALB,-0.0020726353
10839_non-targeting_non-targeting_non-targeting,non-targeting,-0.0020778612
6212_PELI1_P1P2_ENSG00000197329,PELI1,-0.002080807
11168_non-targeting_non-targeting_non-targeting,non-targeting,-0.002095313
2608_ELP6_P1P2_ENSG00000163832,ELP6,-0.0021070808
9956_YWHAZ_P1P2_ENSG00000164924,YWHAZ,-0.0021116058
610_ATF6_P1P2_ENSG00000118217,ATF6,-0.0021131346
7962_SLC12A9_P2_ENSG00000146828,SLC12A9,-0.0021170434
9755_VPS37C_P1P2_ENSG00000167987,VPS37C,-0.0021197954
6833_PSAP_P1P2_ENSG00000197746,PSAP,-0.0021242024
3641_HAUS7_P2_ENSG00000213397,HAUS7,-0.0021254336
11088_non-targeting_non-targeting_non-targeting,non-targeting,-0.0021336463
771_BAZ1B_P1P2_ENSG00000009954,BAZ1B,-0.0021345126
10841_non-targeting_non-targeting_non-targeting,non-targeting,-0.0021426198
8048_SLC35E1_P1P2_ENSG00000127526,SLC35E1,-0.0021447828
10823_non-targeting_non-targeting_non-targeting,non-targeting,-0.0021630193
3222_FURIN_P1_ENSG00000140564,FURIN,-0.0021678954
1379_CD81_P1_ENSG00000110651,CD81,-0.0021708503
2279_DNAJB12_P1P2_ENSG00000148719,DNAJB12,-0.0021728927
2964_FANCF_P1P2_ENSG00000183161,FANCF,-0.0021822685
3810_HLA-E_P1P2_ENSG00000204592,HLA-E,-0.002187812
10871_non-targeting_non-targeting_non-targeting,non-targeting,-0.0021886819
1454_CDPF1_P1P2_ENSG00000205643,CDPF1,-0.0022016612
633_ATM_P1P2_ENSG00000149311,ATM,-0.002202456
2802_EZH1_P1P2_ENSG00000108799,EZH1,-0.0022057267
8012_SLC25A51_P1P2_ENSG00000122696,SLC25A51,-0.0022150567
1607_CHUK_P1P2_ENSG00000213341,CHUK,-0.002221395
4495_LACTB2_P1P2_ENSG00000147592,LACTB2,-0.0022215468
4892_MCCC2_P1P2_ENSG00000131844,MCCC2,-0.002234411
6257_PGGT1B_P1P2_ENSG00000164219,PGGT1B,-0.0022360997
2244_DLST_P1P2_ENSG00000119689,DLST,-0.00223824
2937_FAM72B_ENST00000369390.3_ENSG00000188610,FAM72B,-0.002238601
7987_SLC25A17_P1P2_ENSG00000100372,SLC25A17,-0.0022465615
7801_SERP1_P1P2_ENSG00000120742,SERP1,-0.0022557986
4303_KCTD15_P1P2_ENSG00000153885,KCTD15,-0.002260374
9677_USP9X_P1P2_ENSG00000124486,USP9X,-0.0022610885
438_ARF1_P1P2_ENSG00000143761,ARF1,-0.0022702385
10423_ZNF528_P1P2_ENSG00000167555,ZNF528,-0.0022874665
8240_SNX11_P1P2_ENSG00000002919,SNX11,-0.00228918
1623_CITED2_P1P2_ENSG00000164442,CITED2,-0.002290035
5798_NR4A1_P1P2_ENSG00000123358,NR4A1,-0.002306533
8950_TLX2_P1P2_ENSG00000115297,TLX2,-0.0023072837
4707_LTBP4_P2_ENSG00000090006,LTBP4,-0.0023094865
8177_SMIM1_P1P2_ENSG00000235169,SMIM1,-0.0023114362
3633_HAT1_P1P2_ENSG00000128708,HAT1,-0.0023238794
4391_KIF2C_P1P2_ENSG00000142945,KIF2C,-0.002345953
8318_SPAG9_P1P2_ENSG00000008294,SPAG9,-0.002346865
6969_PXMP4_P1P2_ENSG00000101417,PXMP4,-0.0023552293
5977_OSBPL2_P1P2_ENSG00000130703,OSBPL2,-0.0023594433
10693_ZNF91_P1P2_ENSG00000167232,ZNF91,-0.0023696648
6081_PARS2_P1P2_ENSG00000162396,PARS2,-0.0023731384
432_ARAF_P1P2_ENSG00000078061,ARAF,-0.0023759326
10773_non-targeting_non-targeting_non-targeting,non-targeting,-0.0023814093
7963_SLC12A9_P1_ENSG00000146828,SLC12A9,-0.0023892603
2081_DCUN1D2_P1P2_ENSG00000150401,DCUN1D2,-0.002392232
4655_LRRC14_P1_ENSG00000160959,LRRC14,-0.002395284
8344_SPECC1_ENST00000261503.5_ENSG00000128487,SPECC1,-0.0023967477
3819_HMBS_P1_ENSG00000256269,HMBS,-0.0023998616
10154_ZNF106_ENST00000263805.4_ENSG00000103994,ZNF106,-0.0024028986
9714_VDAC1_P1P2_ENSG00000213585,VDAC1,-0.0024039382
2168_DEXI_P1P2_ENSG00000182108,DEXI,-0.0024123753
3060_FERMT3_P2_ENSG00000149781,FERMT3,-0.0024171972
4010_ICAM2_P1P2_ENSG00000108622,ICAM2,-0.002418222
11071_non-targeting_non-targeting_non-targeting,non-targeting,-0.00241875
8278_SOX10_P1P2_ENSG00000100146,SOX10,-0.0024193036
2302_DNAJC6_P1P2_ENSG00000116675,DNAJC6,-0.0024264061
8133_SMAD5_P1P2_ENSG00000113658,SMAD5,-0.0024314576
7777_SELENOF_P1P2_ENSG00000183291,SELENOF,-0.0024326935
5540_NDUFA7_P1P2_ENSG00000267855,NDUFA7,-0.0024374223
10993_non-targeting_non-targeting_non-targeting,non-targeting,-0.0024402353
4670_LRRC58_P1P2_ENSG00000163428,LRRC58,-0.0024410097
1563_CHD8_P1_ENSG00000100888,CHD8,-0.0024413937
3294_GATA3_P1P2_ENSG00000107485,GATA3,-0.002444456
3705_HESX1_P1_ENSG00000163666,HESX1,-0.0024447788
9698_VAMP8_P2_ENSG00000118640,VAMP8,-0.0024457336
6470_PLXNB2_P1P2_ENSG00000196576,PLXNB2,-0.0024494345
6295_PHGDH_P1P2_ENSG00000092621,PHGDH,-0.0024507341
7150_RBL2_P1_ENSG00000103479,RBL2,-0.0024511467
8339_SPDYC_P1P2_ENSG00000204710,SPDYC,-0.0024537984
642_ATP13A1_P1P2_ENSG00000105726,ATP13A1,-0.0024556322
3313_GCAT_P1P2_ENSG00000100116,GCAT,-0.002455976
2488_EEF2K_P1P2_ENSG00000103319,EEF2K,-0.0024593999
1954_CTSZ_P1P2_ENSG00000101160,CTSZ,-0.0024596395
455_ARGLU1_P1P2_ENSG00000134884,ARGLU1,-0.0024604923
2306_DNAL1_P1P2_ENSG00000119661,DNAL1,-0.00247002
3670_HDDC3_P1P2_ENSG00000184508,HDDC3,-0.0024715594
1072_C2CD2_P1P2_ENSG00000157617,C2CD2,-0.0024738184
8510_STK11IP_P1P2_ENSG00000144589,STK11IP,-0.0024744808
612_ATF7IP_P1_ENSG00000171681,ATF7IP,-0.0024836427
3068_FGD6_P1P2_ENSG00000180263,FGD6,-0.0024885053
4050_IFRD2_P1P2_ENSG00000214706,IFRD2,-0.0024891058
9105_TMF1_P1P2_ENSG00000144747,TMF1,-0.0024975608
8636_SYVN1_P1P2_ENSG00000162298,SYVN1,-0.002505647
10990_non-targeting_non-targeting_non-targeting,non-targeting,-0.0025114305
4442_KLHL36_P1_ENSG00000135686,KLHL36,-0.0025242753
2166_DES_P1_ENSG00000175084,DES,-0.0025388896
10307_ZNF34_P1P2_ENSG00000196378,ZNF34,-0.0025401367
4674_LRRC8A_P1P2_ENSG00000136802,LRRC8A,-0.0025428971
6036_PAGE1_P1P2_ENSG00000068985,PAGE1,-0.0025460098
5010_METTL9_P1P2_ENSG00000197006,METTL9,-0.0025486143
512_ARL5B_P1P2_ENSG00000165997,ARL5B,-0.0025513577
8114_SLC9A3R1_P1P2_ENSG00000109062,SLC9A3R1,-0.0025517547
9990_ZBTB38_P2_ENSG00000177311,ZBTB38,-0.0025789577
6333_PIGF_P1P2_ENSG00000151665,PIGF,-0.0025814804
4073_IGHMBP2_P1P2_ENSG00000132740,IGHMBP2,-0.0025845908
9035_TMEM201_P1P2_ENSG00000188807,TMEM201,-0.002585958
2202_DHTKD1_P1P2_ENSG00000181192,DHTKD1,-0.0025865447
6336_PIGK_P1P2_ENSG00000142892,PIGK,-0.0025869356
1723_CNOT8_P1P2_ENSG00000155508,CNOT8,-0.0025898446
11268_non-targeting_non-targeting_non-targeting,non-targeting,-0.0025961075
7919_SIN3B_P1P2_ENSG00000127511,SIN3B,-0.002602111
11177_non-targeting_non-targeting_non-targeting,non-targeting,-0.002604224
8175_SMIM15_P1P2_ENSG00000188725,SMIM15,-0.0026077994
5326_MTIF2_P1P2_ENSG00000085760,MTIF2,-0.0026145717
7567_RRP8_P1P2_ENSG00000132275,RRP8,-0.0026183496
10991_non-targeting_non-targeting_non-targeting,non-targeting,-0.0026187461
2057_DCAF5_P1P2_ENSG00000139990,DCAF5,-0.0026225566
9200_TPGS1_P1P2_ENSG00000141933,TPGS1,-0.0026311975
10027_ZC3H7A_P1P2_ENSG00000122299,ZC3H7A,-0.0026336974
7301_RHPN1_P1P2_ENSG00000158106,RHPN1,-0.0026470863
1218_CBFA2T3_P1_ENSG00000129993,CBFA2T3,-0.0026499839
10497_ZNF608_P1_ENSG00000168916,ZNF608,-0.0026514286
3655_HBZ_P1P2_ENSG00000130656,HBZ,-0.002657454
1038_C1orf122_P1P2_ENSG00000197982,C1orf122,-0.00265825
1173_CANX_P1_ENSG00000127022,CANX,-0.00266316
3321_GCM1_P1P2_ENSG00000137270,GCM1,-0.0026679465
3392_GLI2_ENST00000361492.4_ENSG00000074047,GLI2,-0.002667965
2466_ECHS1_P1P2_ENSG00000127884,ECHS1,-0.0026684322
9713_VCX_P1P2_ENSG00000182583,VCX,-0.002670719
11034_non-targeting_non-targeting_non-targeting,non-targeting,-0.002671179
2873_FAM171A1_P1P2_ENSG00000148468,FAM171A1,-0.002681498
11261_non-targeting_non-targeting_non-targeting,non-targeting,-0.002682985
4422_KLF6_P1P2_ENSG00000067082,KLF6,-0.0026943786
"9247_TRAPPC2_ENST00000358231.5,ENST00000359680.5,ENST00000380579.1_ENSG00000196459",TRAPPC2,-0.0026949584
8577_SUGP2_P1P2_ENSG00000064607,SUGP2,-0.0026962908
8671_TAF9B_P1P2_ENSG00000187325,TAF9B,-0.0027043489
10577_ZNF709_P1P2_ENSG00000242852,ZNF709,-0.0027056292
11212_non-targeting_non-targeting_non-targeting,non-targeting,-0.0027122162
1996_CYB5RL_P1P2_ENSG00000215883,CYB5RL,-0.0027135704
10488_ZNF595_P2_ENSG00000272602,ZNF595,-0.0027195127
11138_non-targeting_non-targeting_non-targeting,non-targeting,-0.002721298
4774_MAGEH1_P1P2_ENSG00000187601,MAGEH1,-0.0027264368
8479_STAC3_P1P2_ENSG00000185482,STAC3,-0.0027281297
9725_VHL_P1P2_ENSG00000134086,VHL,-0.0027281973
5516_NCS1_P1P2_ENSG00000107130,NCS1,-0.0027289835
1025_SHFL_P1P2_ENSG00000130813,SHFL,-0.0027320026
5905_NUP42_P1P2_ENSG00000136243,NUP42,-0.0027322676
179_AGAP1_P1P2_ENSG00000157985,AGAP1,-0.002742671
8234_SNTA1_P1P2_ENSG00000101400,SNTA1,-0.0027503418
9086_TMEM60_P1P2_ENSG00000135211,TMEM60,-0.0027563248
3047_FCHSD1_P1P2_ENSG00000197948,FCHSD1,-0.0027583232
2447_EAF1_P1P2_ENSG00000144597,EAF1,-0.0027647126
9515_UBE2Q1_P1P2_ENSG00000160714,UBE2Q1,-0.002767769
3315_GCC2_P1P2_ENSG00000135968,GCC2,-0.0027743094
2817_FADS2_P1_ENSG00000134824,FADS2,-0.0027829837
10742_ZYG11A_P1P2_ENSG00000203995,ZYG11A,-0.0027830303
6079_PARP6_P1P2_ENSG00000137817,PARP6,-0.0027876438
2255_DMPK_P1P2_ENSG00000104936,DMPK,-0.0027914995
8337_SPDEF_P1P2_ENSG00000124664,SPDEF,-0.002793017
9545_UBR2_P1P2_ENSG00000024048,UBR2,-0.0027969363
2453_EBF2_P1P2_ENSG00000221818,EBF2,-0.0028016714
5942_ONECUT2_P1P2_ENSG00000119547,ONECUT2,-0.0028041988
1172_CANT1_P1P2_ENSG00000171302,CANT1,-0.0028140966
7763_SELENOM_P1P2_ENSG00000198832,SELENOM,-0.0028161593
9389_TTC3_P1P2_ENSG00000182670,TTC3,-0.002816565
11104_non-targeting_non-targeting_non-targeting,non-targeting,-0.0028280676
1604_CHTF18_P1P2_ENSG00000127586,CHTF18,-0.0028312758
9150_TNPO2_P1_ENSG00000105576,TNPO2,-0.0028325934
1737_COASY_P1P2_ENSG00000068120,COASY,-0.0028383562
7620_S100A11_P1P2_ENSG00000163191,S100A11,-0.0028385073
2952_FAM91A1_P1P2_ENSG00000176853,FAM91A1,-0.002844307
5864_NUDT15_P1P2_ENSG00000136159,NUDT15,-0.0028449318
7110_RAPGEF6_P1P2_ENSG00000158987,RAPGEF6,-0.0028485202
7766_SELENOT_P1P2_ENSG00000198843,SELENOT,-0.0028496566
4642_LRFN1_P1P2_ENSG00000128011,LRFN1,-0.0028529577
1490_CENPQ_P1P2_ENSG00000031691,CENPQ,-0.0028566476
971_C12orf73_P2_ENSG00000204954,C12orf73,-0.0028569952
11234_non-targeting_non-targeting_non-targeting,non-targeting,-0.0028599377
6091_PAX4_ENST00000341640.2_ENSG00000106331,PAX4,-0.0028608579
4290_KBTBD6_P1P2_ENSG00000165572,KBTBD6,-0.002865268
1339_CCNY_P1P2_ENSG00000108100,CCNY,-0.0028717536
1712_CNN2_P1P2_ENSG00000064666,CNN2,-0.002872899
8836_TFAP2C_P1P2_ENSG00000087510,TFAP2C,-0.002881569
2951_FAM8A1_P1P2_ENSG00000137414,FAM8A1,-0.0028941014
2818_FADS3_P1P2_ENSG00000221968,FADS3,-0.0028988796
5320_MTHFD2_P2_ENSG00000065911,MTHFD2,-0.002919454
4741_MACC1_P1P2_ENSG00000183742,MACC1,-0.0029220767
6151_PDCD10_P1P2_ENSG00000114209,PDCD10,-0.0029231908
3568_GTF2B_P1P2_ENSG00000137947,GTF2B,-0.0029243059
8969_TMCO1_P1P2_ENSG00000143183,TMCO1,-0.0029246772
2165_DESI2_P1P2_ENSG00000121644,DESI2,-0.0029280356
10422_ZNF527_P1P2_ENSG00000189164,ZNF527,-0.0029292041
6738_PRDX5_P1P2_ENSG00000126432,PRDX5,-0.0029294768
8792_TCP11L1_P1P2_ENSG00000176148,TCP11L1,-0.0029316617
6896_PTBP1_P1P2_ENSG00000011304,PTBP1,-0.0029360347
8237_SNW1_P2_ENSG00000100603,SNW1,-0.0029381472
2616_EMC7_P1P2_ENSG00000134153,EMC7,-0.0029434906
9700_VAPA_P1P2_ENSG00000101558,VAPA,-0.0029515522
4786_MAN2A1_P1P2_ENSG00000112893,MAN2A1,-0.002957061
7184_RBM7_P1P2_ENSG00000076053,RBM7,-0.0029624333
5484_NBPF3_P1P2_ENSG00000142794,NBPF3,-0.0029676096
9994_ZBTB40_P1P2_ENSG00000184677,ZBTB40,-0.0029693597
9344_TSHZ3_P1P2_ENSG00000121297,TSHZ3,-0.0029705865
11118_non-targeting_non-targeting_non-targeting,non-targeting,-0.002971199
1644_CLDN6_P1P2_ENSG00000184697,CLDN6,-0.0029735302
11122_non-targeting_non-targeting_non-targeting,non-targeting,-0.0029854937
4138_INPP5K_P1P2_ENSG00000132376,INPP5K,-0.0029861906
574_ASCL2_P1P2_ENSG00000183734,ASCL2,-0.0029875147
"5975_OSBP2_ENST00000332585.6,ENST00000446658.2_ENSG00000184792",OSBP2,-0.0029881801
38_ABHD10_P1P2_ENSG00000144827,ABHD10,-0.0029934773
4643_LRFN4_P1P2_ENSG00000173621,LRFN4,-0.0029953748
6543_POLR2D_P2_ENSG00000144231,POLR2D,-0.002995854
11208_non-targeting_non-targeting_non-targeting,non-targeting,-0.0029982314
1142_CAB39L_P2_ENSG00000102547,CAB39L,-0.0029992862
11173_non-targeting_non-targeting_non-targeting,non-targeting,-0.0030036252
7535_RPS6KL1_P1P2_ENSG00000198208,RPS6KL1,-0.003006118
5666_NHLRC3_P1P2_ENSG00000188811,NHLRC3,-0.0030088623
5086_MITF_P1_ENSG00000187098,MITF,-0.0030099947
5126_MMS19_P1P2_ENSG00000155229,MMS19,-0.0030143776
6052_PAM_ENST00000438793.3_ENSG00000145730,PAM,-0.0030178428
7086_RALGAPB_P1P2_ENSG00000170471,RALGAPB,-0.0030211483
411_APOBEC3C_P1P2_ENSG00000244509,APOBEC3C,-0.0030240132
9958_YY1_P1P2_ENSG00000100811,YY1,-0.003027276
9386_TTC33_P1P2_ENSG00000113638,TTC33,-0.0030357526
6827_PRSS21_P1P2_ENSG00000007038,PRSS21,-0.0030387694
5152_MORF4L2_P1_ENSG00000123562,MORF4L2,-0.003050335
832_BICD1_P1P2_ENSG00000151746,BICD1,-0.0030557178
5721_NMT2_P1P2_ENSG00000152465,NMT2,-0.0030591197
9494_UBE2A_P1P2_ENSG00000077721,UBE2A,-0.0030623835
8514_STK17A_P1P2_ENSG00000164543,STK17A,-0.0030648515
3998_HYI_P1P2_ENSG00000178922,HYI,-0.0030683258
4841_MAPRE2_P1_ENSG00000166974,MAPRE2,-0.0030748548
7020_RAB2A_P1P2_ENSG00000104388,RAB2A,-0.0030791336
1762_COMMD5_ENST00000450361.2_ENSG00000170619,COMMD5,-0.003082905
5915_OARD1_P1P2_ENSG00000124596,OARD1,-0.0030945789
"3781_HIST1H4H_ENST00000289352.1,ENST00000377727.1_ENSG00000158406",HIST1H4H,-0.0030949025
847_BLOC1S3_P2_ENSG00000189114,BLOC1S3,-0.0030969672
5119_MLYCD_P1P2_ENSG00000103150,MLYCD,-0.0031170435
2645_ENOSF1_P1P2_ENSG00000132199,ENOSF1,-0.0031224703
620_ATG2B_P1P2_ENSG00000066739,ATG2B,-0.0031243633
8869_TGS1_P1P2_ENSG00000137574,TGS1,-0.0031269162
6758_PRKAR2A_P1P2_ENSG00000114302,PRKAR2A,-0.0031279197
11316_non-targeting_non-targeting_non-targeting,non-targeting,-0.0031409536
5921_OCEL1_P1P2_ENSG00000099330,OCEL1,-0.003151691
9032_TMEM198_P1P2_ENSG00000188760,TMEM198,-0.0031540715
7966_SLC16A1_P2_ENSG00000155380,SLC16A1,-0.0031543956
6277_PHC2_P1P2_ENSG00000134686,PHC2,-0.0031748726
3075_FGFR4_P1P2_ENSG00000160867,FGFR4,-0.0031762903
3441_GNG12_P1P2_ENSG00000172380,GNG12,-0.0031764912
4345_KIAA0232_P1P2_ENSG00000170871,KIAA0232,-0.003177222
7023_RAB31_P1P2_ENSG00000168461,RAB31,-0.0031790289
8483_STAM2_P1P2_ENSG00000115145,STAM2,-0.0031825262
8614_SYAP1_P1P2_ENSG00000169895,SYAP1,-0.0031830592
5848_NTMT1_P1P2_ENSG00000148335,NTMT1,-0.0031860275
8589_SUMO3_P1P2_ENSG00000184900,SUMO3,-0.0031895533
1820_COX7A2L_P1P2_ENSG00000115944,COX7A2L,-0.0031899293
4011_ICAM3_P1P2_ENSG00000076662,ICAM3,-0.0031934483
8285_SOX18_P1P2_ENSG00000203883,SOX18,-0.0032018172
3259_GADD45GIP1_P1P2_ENSG00000179271,GADD45GIP1,-0.0032026232
4155_INTU_P2_ENSG00000164066,INTU,-0.0032073492
8763_TCAIM_P1P2_ENSG00000179152,TCAIM,-0.0032103476
86_ACO1_P1P2_ENSG00000122729,ACO1,-0.0032129593
5085_MITD1_P1P2_ENSG00000158411,MITD1,-0.0032138743
2153_DENND4C_ENST00000602925.1_ENSG00000137145,DENND4C,-0.003219444
5319_MTHFD2_P1_ENSG00000065911,MTHFD2,-0.0032215933
1896_CSK_P1P2_ENSG00000103653,CSK,-0.0032220578
224_AK1_P1P2_ENSG00000106992,AK1,-0.0032238483
3354_GGCT_P1P2_ENSG00000006625,GGCT,-0.0032260558
9423_TUBE1_P1P2_ENSG00000074935,TUBE1,-0.0032311175
11325_non-targeting_non-targeting_non-targeting,non-targeting,-0.0032317385
7528_RPS6KA1_P1_ENSG00000117676,RPS6KA1,-0.0032348281
3156_FOXE3_P1P2_ENSG00000186790,FOXE3,-0.003240593
10947_non-targeting_non-targeting_non-targeting,non-targeting,-0.0032425355
9863_WIPF3_P1P2_ENSG00000122574,WIPF3,-0.003243131
7983_SLC25A13_P1P2_ENSG00000004864,SLC25A13,-0.0032446226
3093_FKBP15_P1P2_ENSG00000119321,FKBP15,-0.0032486122
6601_POU6F1_P1P2_ENSG00000184271,POU6F1,-0.0032519626
7764_SELENOO_P1P2_ENSG00000073169,SELENOO,-0.003255577
6128_PCID2_P2_ENSG00000126226,PCID2,-0.003261699
4198_IRX1_P1P2_ENSG00000170549,IRX1,-0.003267983
5967_ORC3_P1P2_ENSG00000135336,ORC3,-0.0032684437
6932_PTPN9_P1P2_ENSG00000169410,PTPN9,-0.0032734685
9511_UBE2L6_P1P2_ENSG00000156587,UBE2L6,-0.003281049
10681_ZNF85_P1P2_ENSG00000105750,ZNF85,-0.0032822997
9097_TMEM80_P1P2_ENSG00000177042,TMEM80,-0.0032870478
8664_TAF4B_P1P2_ENSG00000141384,TAF4B,-0.0032904989
6186_PDLIM2_P1_ENSG00000120913,PDLIM2,-0.0032934751
8909_TIGD4_P1P2_ENSG00000169989,TIGD4,-0.003298277
9617_URB1_P1P2_ENSG00000142207,URB1,-0.0032988992
5896_NUP43_P1P2_ENSG00000120253,NUP43,-0.0032992337
3892_HOXA3_P1_ENSG00000105997,HOXA3,-0.0033005602
3297_GATA6_P1P2_ENSG00000141448,GATA6,-0.0033013932
11099_non-targeting_non-targeting_non-targeting,non-targeting,-0.0033109982
5173_MPP5_P1P2_ENSG00000072415,MPP5,-0.0033160185
6422_PLCD3_P1P2_ENSG00000161714,PLCD3,-0.003322388
11114_non-targeting_non-targeting_non-targeting,non-targeting,-0.003327797
8286_SOX1_P1P2_ENSG00000182968,SOX1,-0.0033281823
8311_SP6_P1P2_ENSG00000189120,SP6,-0.0033295692
4500_LAMB2_P1P2_ENSG00000172037,LAMB2,-0.0033301811
985_C15orf40_P1P2_ENSG00000169609,C15orf40,-0.0033308966
2843_FAM120C_P1P2_ENSG00000184083,FAM120C,-0.0033365125
9924_YDJC_P1P2_ENSG00000161179,YDJC,-0.0033369795
1258_CCDC138_P1P2_ENSG00000163006,CCDC138,-0.0033382121
8639_TAB1_ENST00000216160.6_ENSG00000100324,TAB1,-0.003345103
10760_non-targeting_non-targeting_non-targeting,non-targeting,-0.0033451784
3574_GTF2H2C_P1P2_ENSG00000183474,GTF2H2C,-0.0033501624
7738_SEC22A_P1P2_ENSG00000121542,SEC22A,-0.0033590256
4030_IDS_P1P2_ENSG00000010404,IDS,-0.003360878
453_ARG2_P1P2_ENSG00000081181,ARG2,-0.00336134
372_AP1S2_P1P2_ENSG00000182287,AP1S2,-0.0033633858
4112_IMPAD1_P1P2_ENSG00000104331,IMPAD1,-0.0033677618
6413_PLAGL1_P2_ENSG00000118495,PLAGL1,-0.0033716396
9895_XPNPEP3_P1P2_ENSG00000196236,XPNPEP3,-0.0033724632
2590_ELK3_P1P2_ENSG00000111145,ELK3,-0.003379731
6884_PSMG2_P1P2_ENSG00000128789,PSMG2,-0.003382253
4724_LYPLA1_P1P2_ENSG00000120992,LYPLA1,-0.0033865825
7065_RAD50_P1P2_ENSG00000113522,RAD50,-0.0033890177
5498_NCKAP1L_P1P2_ENSG00000123338,NCKAP1L,-0.0033964652
5998_OTUD6B_P1P2_ENSG00000155100,OTUD6B,-0.003396651
8625_SYNGR2_P1P2_ENSG00000108639,SYNGR2,-0.003401028
6266_PGRMC2_P1P2_ENSG00000164040,PGRMC2,-0.0034041535
4687_LSM12_P1P2_ENSG00000161654,LSM12,-0.003422509
11082_non-targeting_non-targeting_non-targeting,non-targeting,-0.0034328606
2771_EVL_P1_ENSG00000196405,EVL,-0.0034356404
9793_WBP1_P1P2_ENSG00000239779,WBP1,-0.0034418877
3789_HIST2H2BF_P1P2_ENSG00000203814,HIST2H2BF,-0.0034424136
2690_ERAP1_P1P2_ENSG00000164307,ERAP1,-0.003443955
1059_C20orf27_P1P2_ENSG00000101220,C20orf27,-0.0034568256
8503_STC2_P1P2_ENSG00000113739,STC2,-0.00345763
543_ARPC5L_P2_ENSG00000136950,ARPC5L,-0.0034595083
4787_MAN2A2_P1P2_ENSG00000196547,MAN2A2,-0.0034595197
6100_PBDC1_P1P2_ENSG00000102390,PBDC1,-0.0034631682
5062_MICU2_P1P2_ENSG00000165487,MICU2,-0.0034664902
11258_non-targeting_non-targeting_non-targeting,non-targeting,-0.0034709072
3982_HSPB1_P1_ENSG00000106211,HSPB1,-0.0034711387
1369_CD53_P1P2_ENSG00000143119,CD53,-0.0034785795
5718_NMNAT3_P1P2_ENSG00000163864,NMNAT3,-0.0034792938
8274_SORD_P1P2_ENSG00000140263,SORD,-0.0034820782
7974_SLC1A4_P1P2_ENSG00000115902,SLC1A4,-0.0035048395
4257_JMY_P1P2_ENSG00000152409,JMY,-0.0035073142
7941_SKIL_P1P2_ENSG00000136603,SKIL,-0.0035093024
2473_EDARADD_P2_ENSG00000186197,EDARADD,-0.0035113245
7514_RPS25_P1P2_ENSG00000118181,RPS25,-0.003511329
6811_PRR13_P1P2_ENSG00000205352,PRR13,-0.0035129301
11254_non-targeting_non-targeting_non-targeting,non-targeting,-0.0035162028
8028_SLC2A4RG_P1P2_ENSG00000125520,SLC2A4RG,-0.0035168128
8071_SLC39A13_P1P2_ENSG00000165915,SLC39A13,-0.0035179935
324_ANKRD10_P1P2_ENSG00000088448,ANKRD10,-0.003519686
9436_TUT1_P2_ENSG00000149016,TUT1,-0.003520016
770_BAZ1A_P1P2_ENSG00000198604,BAZ1A,-0.0035212946
4101_ILKAP_P1P2_ENSG00000132323,ILKAP,-0.0035301298
1827_CPEB1_ENST00000562019.1_ENSG00000214575,CPEB1,-0.0035315503
4036_IER5_P1P2_ENSG00000162783,IER5,-0.0035317303
7221_RECQL_P1P2_ENSG00000004700,RECQL,-0.003533887
865_BNIP3_P1P2_ENSG00000176171,BNIP3,-0.0035372782
7955_SLC11A2_P1_ENSG00000110911,SLC11A2,-0.0035382074
6774_PRMT1_P1P2_ENSG00000126457,PRMT1,-0.0035416193
1015_FAM174C_P1P2_ENSG00000228300,FAM174C,-0.0035535747
3941_HS2ST1_P1P2_ENSG00000153936,HS2ST1,-0.003556794
8845_TFDP2_P1_ENSG00000114126,TFDP2,-0.003558008
4632_LPCAT3_P1P2_ENSG00000111684,LPCAT3,-0.0035663683
1074_C2orf42_ENST00000264434.2_ENSG00000115998,C2orf42,-0.0035722577
4432_KLHL11_P1P2_ENSG00000178502,KLHL11,-0.0035770677
5356_MVD_P1P2_ENSG00000167508,MVD,-0.0035776636
3711_HEXIM2_P2_ENSG00000168517,HEXIM2,-0.0035801944
135_ADARB1_P1P2_ENSG00000197381,ADARB1,-0.0035857374
10336_ZNF407_ENST00000299687.5_ENSG00000215421,ZNF407,-0.0035931275
1613_CIC_P1P2_ENSG00000079432,CIC,-0.0035945112
6692_PPP3CA_P1P2_ENSG00000138814,PPP3CA,-0.0035980702
10235_ZNF248_P1P2_ENSG00000198105,ZNF248,-0.0036147595
8900_THUMPD3_P1P2_ENSG00000134077,THUMPD3,-0.0036181242
9995_ZBTB41_P1P2_ENSG00000177888,ZBTB41,-0.0036186222
10592_ZNF726_P1P2_ENSG00000213967,ZNF726,-0.0036224793
3603_GUSB_P1P2_ENSG00000169919,GUSB,-0.0036316034
3593_GTPBP3_P1P2_ENSG00000130299,GTPBP3,-0.0036449062
3316_GCDH_P1P2_ENSG00000105607,GCDH,-0.003645695
9138_TNK2_P1_ENSG00000061938,TNK2,-0.0036514802
6942_PTRH2_P1P2_ENSG00000141378,PTRH2,-0.0036565952
463_ARHGAP21_P1P2_ENSG00000107863,ARHGAP21,-0.0036570444
2151_DENND4B_P2_ENSG00000198837,DENND4B,-0.0036587336
10936_non-targeting_non-targeting_non-targeting,non-targeting,-0.003658918
533_ARPC1A_P1P2_ENSG00000241685,ARPC1A,-0.0036648791
579_ASF1B_P1P2_ENSG00000105011,ASF1B,-0.0036673737
6485_PNISR_P2_ENSG00000132424,PNISR,-0.0036691956
9230_TRAF3_P1P2_ENSG00000131323,TRAF3,-0.0036729004
10502_ZNF613_P1P2_ENSG00000176024,ZNF613,-0.0036745493
245_AKR7A2_P1P2_ENSG00000053371,AKR7A2,-0.0036778199
2959_FAN1_P1P2_ENSG00000198690,FAN1,-0.0036812667
3380_GK5_P1P2_ENSG00000175066,GK5,-0.0036978286
10469_ZNF579_P1P2_ENSG00000218891,ZNF579,-0.0037007362
3756_HIST1H2AL_ENST00000357320.2_ENSG00000276903,HIST1H2AL,-0.0037036843
2753_ETFB_P1_ENSG00000105379,ETFB,-0.0037111046
10266_ZNF284_ENST00000421176.3_ENSG00000186026,ZNF284,-0.0037114685
6399_PKN2_P1P2_ENSG00000065243,PKN2,-0.0037189692
2322_DOCK11_P1P2_ENSG00000147251,DOCK11,-0.0037318515
8590_SUN1_P2_ENSG00000164828,SUN1,-0.0037342692
9501_UBE2E3_P1P2_ENSG00000170035,UBE2E3,-0.0037504882
4633_LPCAT4_P1P2_ENSG00000176454,LPCAT4,-0.0037510109
8925_TIMM8A_P1P2_ENSG00000126953,TIMM8A,-0.0037563946
1791_COQ2_P1P2_ENSG00000173085,COQ2,-0.0037602752
1521_CERCAM_P1P2_ENSG00000167123,CERCAM,-0.0037619125
10370_ZNF446_P1P2_ENSG00000083838,ZNF446,-0.0037652482
3578_GTF2H5_P1P2_ENSG00000272047,GTF2H5,-0.0037674513
3772_HIST1H3A_ENST00000357647.3_ENSG00000275714,HIST1H3A,-0.0037722143
336_ANKRD33B_P1P2_ENSG00000164236,ANKRD33B,-0.0037821035
11128_non-targeting_non-targeting_non-targeting,non-targeting,-0.0037828935
9157_TOB1_P1P2_ENSG00000141232,TOB1,-0.003786846
6665_PPP1R18_P1_ENSG00000146112,PPP1R18,-0.0037874754
2156_DEPDC1B_P1P2_ENSG00000035499,DEPDC1B,-0.003793065
11048_non-targeting_non-targeting_non-targeting,non-targeting,-0.0038021004
2381_DSG2_P1P2_ENSG00000046604,DSG2,-0.0038036727
2106_DDX19A_P1P2_ENSG00000168872,DDX19A,-0.0038061577
2355_DPP3_P1P2_ENSG00000254986,DPP3,-0.0038092735
5267_MRPS6_P1P2_ENSG00000243927,MRPS6,-0.0038118167
3743_HIST1H1B_P1P2_ENSG00000184357,HIST1H1B,-0.0038138437
11141_non-targeting_non-targeting_non-targeting,non-targeting,-0.0038169213
358_ANXA1_P1P2_ENSG00000135046,ANXA1,-0.003817049
10621_ZNF772_P1P2_ENSG00000197128,ZNF772,-0.0038181657
6400_PKN3_P1P2_ENSG00000160447,PKN3,-0.0038192847
6673_PPP1R3E_P1_ENSG00000235194,PPP1R3E,-0.0038219818
9260_TRIB3_P1P2_ENSG00000101255,TRIB3,-0.0038232238
4843_MAPT_P1P2_ENSG00000186868,MAPT,-0.003830067
7119_RASA1_P2_ENSG00000145715,RASA1,-0.0038320173
5329_MTM1_P1P2_ENSG00000171100,MTM1,-0.0038349729
6948_PUM1_P1P2_ENSG00000134644,PUM1,-0.0038387899
8974_TMED2_P1P2_ENSG00000086598,TMED2,-0.0038392514
8099_SLC50A1_P1P2_ENSG00000169241,SLC50A1,-0.003845004
3671_HDGF_P1P2_ENSG00000143321,HDGF,-0.0038542368
10892_non-targeting_non-targeting_non-targeting,non-targeting,-0.0038544366
5168_MPI_P1P2_ENSG00000178802,MPI,-0.0038657393
3444_GNL1_P1P2_ENSG00000204590,GNL1,-0.0038765783
10195_ZNF195_P1P2_ENSG00000005801,ZNF195,-0.0038771138
5142_MOCS3_P1P2_ENSG00000124217,MOCS3,-0.0038837583
4263_JTB_P1P2_ENSG00000143543,JTB,-0.0038856051
7199_RCC1_P2_ENSG00000180198,RCC1,-0.0038861115
5454_NAIF1_P1P2_ENSG00000171169,NAIF1,-0.0038869367
5722_NMU_P1P2_ENSG00000109255,NMU,-0.0038871574
10605_ZNF749_P1P2_ENSG00000186230,ZNF749,-0.0038871812
5505_NCOA1_P1P2_ENSG00000084676,NCOA1,-0.0038895411
11276_non-targeting_non-targeting_non-targeting,non-targeting,-0.0038919044
9040_TMEM209_P1P2_ENSG00000146842,TMEM209,-0.0038946152
11068_non-targeting_non-targeting_non-targeting,non-targeting,-0.0039000462
2365_DPY19L3_P1P2_ENSG00000178904,DPY19L3,-0.0039159236
6926_PTPN18_P1_ENSG00000072135,PTPN18,-0.0039181043
2994_FBXL15_P1P2_ENSG00000107872,FBXL15,-0.0039214706
7187_RBMXL1_P1P2_ENSG00000213516,RBMXL1,-0.0039245193
8533_STON2_ENST00000267540.2_ENSG00000140022,STON2,-0.003928158
9945_YRDC_P1P2_ENSG00000196449,YRDC,-0.003929545
1695_CMPK2_P1P2_ENSG00000134326,CMPK2,-0.003932835
11217_non-targeting_non-targeting_non-targeting,non-targeting,-0.0039330507
1856_CRCP_P1P2_ENSG00000241258,CRCP,-0.003934283
1392_CDC25A_P1P2_ENSG00000164045,CDC25A,-0.003937996
7939_SKA3_P1P2_ENSG00000165480,SKA3,-0.003944385
716_AVEN_P1P2_ENSG00000169857,AVEN,-0.0039455513
1456_CDR2_P1P2_ENSG00000140743,CDR2,-0.0039463453
8482_STAG2_P2_ENSG00000101972,STAG2,-0.0039536837
3835_HMGN2_P1P2_ENSG00000198830,HMGN2,-0.0039538327
4009_ICAM1_P1P2_ENSG00000090339,ICAM1,-0.0039580846
926_BTG2_P1P2_ENSG00000159388,BTG2,-0.003958361
1426_CDK16_P1P2_ENSG00000102225,CDK16,-0.0039600874
11108_non-targeting_non-targeting_non-targeting,non-targeting,-0.003964677
3790_HIST2H3A_P1P2_ENSG00000203852,HIST2H3A,-0.003966314
10958_non-targeting_non-targeting_non-targeting,non-targeting,-0.003967383
7652_SAPCD2_P1P2_ENSG00000186193,SAPCD2,-0.0039824373
2280_DNAJB14_P1P2_ENSG00000164031,DNAJB14,-0.00398276
5227_MRPL44_P1P2_ENSG00000135900,MRPL44,-0.0039849686
10357_ZNF436_P1_ENSG00000125945,ZNF436,-0.003987509
11282_non-targeting_non-targeting_non-targeting,non-targeting,-0.003990955
11314_non-targeting_non-targeting_non-targeting,non-targeting,-0.0039923103
8756_TBX4_P1_ENSG00000121075,TBX4,-0.0039931587
2327_DOCK9_P1P2_ENSG00000088387,DOCK9,-0.003995995
9261_TRIM11_P1P2_ENSG00000154370,TRIM11,-0.0039985813
11302_non-targeting_non-targeting_non-targeting,non-targeting,-0.004002477
4886_MBTD1_P1P2_ENSG00000011258,MBTD1,-0.0040051704
10822_non-targeting_non-targeting_non-targeting,non-targeting,-0.0040145875
4650_LRP6_P1P2_ENSG00000070018,LRP6,-0.0040161684
1115_C6orf62_P1_ENSG00000112308,C6orf62,-0.0040165526
10318_ZNF367_P1P2_ENSG00000165244,ZNF367,-0.00401672
80_ACCS_P1P2_ENSG00000110455,ACCS,-0.004022787
11126_non-targeting_non-targeting_non-targeting,non-targeting,-0.004034498
5054_MICAL3_P1_ENSG00000243156,MICAL3,-0.0040453267
5875_NUDT6_P1P2_ENSG00000170917,NUDT6,-0.0040468974
1186_CAPZA2_P1P2_ENSG00000198898,CAPZA2,-0.00404932
10151_ZMYND8_P1P2_ENSG00000101040,ZMYND8,-0.0040502325
7335_RNF103_P1P2_ENSG00000239305,RNF103,-0.0040558307
4069_IGFBP2_P1P2_ENSG00000115457,IGFBP2,-0.0040625804
10663_ZNF830_P1P2_ENSG00000198783,ZNF830,-0.0040638787
88_ACOT12_P1P2_ENSG00000172497,ACOT12,-0.0040645828
4658_LRRC20_P1P2_ENSG00000172731,LRRC20,-0.0040687127
11291_non-targeting_non-targeting_non-targeting,non-targeting,-0.004071561
10698_ZNFX1_P1P2_ENSG00000124201,ZNFX1,-0.0040718135
8901_THYN1_P1P2_ENSG00000151500,THYN1,-0.0040737567
4980_MESP2_P1P2_ENSG00000188095,MESP2,-0.0040801023
9604_UPRT_P1P2_ENSG00000094841,UPRT,-0.0040905033
1635_CLASP2_P2_ENSG00000163539,CLASP2,-0.004092212
4288_KBTBD3_P1P2_ENSG00000182359,KBTBD3,-0.0040930347
9939_YLPM1_P1P2_ENSG00000119596,YLPM1,-0.004098571
468_ARHGAP4_P2_ENSG00000089820,ARHGAP4,-0.0041040336
3822_HMG20A_P1P2_ENSG00000140382,HMG20A,-0.004109703
2026_DAPK1_P1P2_ENSG00000196730,DAPK1,-0.004119405
4006_IBTK_P2_ENSG00000005700,IBTK,-0.0041211927
8011_SLC25A4_P1P2_ENSG00000151729,SLC25A4,-0.004121775
6063_PAPOLG_P1P2_ENSG00000115421,PAPOLG,-0.0041223834
5951_OR2A1_ENST00000408951.1_ENSG00000221970,OR2A1,-0.004122722
1137_C9orf85_P1P2_ENSG00000155621,C9orf85,-0.004129194
9948_YTHDF1_P1P2_ENSG00000149658,YTHDF1,-0.004129266
5026_MFSD12_P1P2_ENSG00000161091,MFSD12,-0.0041330475
10068_ZFAND3_P1P2_ENSG00000156639,ZFAND3,-0.004139858
4375_KIF13A_P1P2_ENSG00000137177,KIF13A,-0.0041471166
3530_GRB2_P2_ENSG00000177885,GRB2,-0.0041475487
4541_LDB1_P1_ENSG00000198728,LDB1,-0.0041513
3689_HELZ_P1P2_ENSG00000198265,HELZ,-0.004151355
11192_non-targeting_non-targeting_non-targeting,non-targeting,-0.004153825
7003_RAB11A_P1P2_ENSG00000103769,RAB11A,-0.0041555925
9949_YTHDF2_P1P2_ENSG00000198492,YTHDF2,-0.004165909
10798_non-targeting_non-targeting_non-targeting,non-targeting,-0.0041665845
5903_NUP93_P1P2_ENSG00000102900,NUP93,-0.004168926
3145_FOXB1_P1P2_ENSG00000171956,FOXB1,-0.004172884
8243_SNX14_P1P2_ENSG00000135317,SNX14,-0.004179516
10983_non-targeting_non-targeting_non-targeting,non-targeting,-0.0041808407
226_AK3_P1P2_ENSG00000147853,AK3,-0.0041893437
1364_CD3D_P1P2_ENSG00000167286,CD3D,-0.0041921544
10918_non-targeting_non-targeting_non-targeting,non-targeting,-0.004202111
1475_CENPA_P2_ENSG00000115163,CENPA,-0.0042028744
361_ANXA3_P1P2_ENSG00000138772,ANXA3,-0.0042032064
3076_FGFRL1_P1P2_ENSG00000127418,FGFRL1,-0.004204585
3750_HIST1H2AD_P1P2_ENSG00000196866,HIST1H2AD,-0.0042334064
1789_COQ10A_P1P2_ENSG00000135469,COQ10A,-0.0042393054
5455_NAMPT_P1P2_ENSG00000105835,NAMPT,-0.004239701
3991_HTRA2_P1P2_ENSG00000115317,HTRA2,-0.004245977
1922_MIA2_P1P2_ENSG00000150527,MIA2,-0.0042470354
4328_KDM5B_P1P2_ENSG00000117139,KDM5B,-0.0042494414
11003_non-targeting_non-targeting_non-targeting,non-targeting,-0.004250871
1873_CRIPT_P1P2_ENSG00000119878,CRIPT,-0.0042546857
7174_RBM3_P1P2_ENSG00000102317,RBM3,-0.0042556543
3056_FEM1B_P1P2_ENSG00000169018,FEM1B,-0.004264676
8307_SP2_P1P2_ENSG00000167182,SP2,-0.004268542
10171_ZNF141_P1P2_ENSG00000131127,ZNF141,-0.004272837
6243_PFKFB4_P1P2_ENSG00000114268,PFKFB4,-0.0042801606
729_B3GNT5_P1P2_ENSG00000176597,B3GNT5,-0.0042811446
3318_GCHFR_P1P2_ENSG00000137880,GCHFR,-0.0042874035
8005_SLC25A39_P1_ENSG00000013306,SLC25A39,-0.0042925333
9873_WRAP53_P1P2_ENSG00000141499,WRAP53,-0.004297182
11067_non-targeting_non-targeting_non-targeting,non-targeting,-0.004297284
4611_LMBR1_P1P2_ENSG00000105983,LMBR1,-0.004302774
174_AFF1_P1P2_ENSG00000172493,AFF1,-0.0043055783
539_ARPC4-TTLL3_P2_nan,ARPC4-TTLL3,-0.0043056654
11029_non-targeting_non-targeting_non-targeting,non-targeting,-0.0043064742
3062_FES_P1P2_ENSG00000182511,FES,-0.004308079
4831_MAPK8IP3_P1P2_ENSG00000138834,MAPK8IP3,-0.0043128002
10863_non-targeting_non-targeting_non-targeting,non-targeting,-0.0043161046
6619_PPFIBP1_P1P2_ENSG00000110841,PPFIBP1,-0.004317819
9881_WTAP_P1P2_ENSG00000146457,WTAP,-0.0043180212
3130_FNIP2_P1P2_ENSG00000052795,FNIP2,-0.0043235933
2349_DPH5_P1P2_ENSG00000117543,DPH5,-0.004324424
4516_LARP1B_P1P2_ENSG00000138709,LARP1B,-0.0043256083
2637_ENDOV_P1P2_ENSG00000173818,ENDOV,-0.004326071
8412_SRM_P1P2_ENSG00000116649,SRM,-0.0043324525
7790_SEPTIN8_P1P2_ENSG00000164402,SEPTIN8,-0.0043343627
9913_XXYLT1_P1P2_ENSG00000173950,XXYLT1,-0.004335268
6933_PTPRA_P1P2_ENSG00000132670,PTPRA,-0.0043397564
10740_ZXDB_P1P2_ENSG00000198455,ZXDB,-0.0043446347
1338_CCNT2_P1P2_ENSG00000082258,CCNT2,-0.00435863
3135_FOPNL_P1P2_ENSG00000133393,FOPNL,-0.0043869414
5363_MXRA7_P1P2_ENSG00000182534,MXRA7,-0.0043882984
4835_MAPKAP1_P1_ENSG00000119487,MAPKAP1,-0.004389706
5202_MRPL19_P1P2_ENSG00000115364,MRPL19,-0.004389884
9155_TNRC6C_P1P2_ENSG00000078687,TNRC6C,-0.004391228
11246_non-targeting_non-targeting_non-targeting,non-targeting,-0.0044056056
9795_WBP4_P1P2_ENSG00000120688,WBP4,-0.004406175
10812_non-targeting_non-targeting_non-targeting,non-targeting,-0.0044070124
7791_SEPTIN9_P1P2_ENSG00000184640,SEPTIN9,-0.0044077444
11308_non-targeting_non-targeting_non-targeting,non-targeting,-0.004415538
4377_KIF15_P1P2_ENSG00000163808,KIF15,-0.004420802
7093_RANBP2_P1P2_ENSG00000153201,RANBP2,-0.0044324882
10295_ZNF333_P1P2_ENSG00000160961,ZNF333,-0.0044407113
482_ARHGEF39_P1P2_ENSG00000137135,ARHGEF39,-0.00444084
386_AP4M1_P1P2_ENSG00000221838,AP4M1,-0.004444837
7182_RBM5_P1P2_ENSG00000003756,RBM5,-0.0044482234
7331_RNASEH2C_P1P2_ENSG00000172922,RNASEH2C,-0.004450084
4294_KCNE3_P1_ENSG00000175538,KCNE3,-0.004450096
8523_STK38_P1P2_ENSG00000112079,STK38,-0.004452351
4168_IPP_P1P2_ENSG00000197429,IPP,-0.0044552567
10843_non-targeting_non-targeting_non-targeting,non-targeting,-0.004456572
272_ALG6_P1P2_ENSG00000088035,ALG6,-0.004461469
2579_EIF5_P2_ENSG00000100664,EIF5,-0.004464249
5434_NAAA_P1P2_ENSG00000138744,NAAA,-0.0044661053
5193_MRPL10_P1P2_ENSG00000159111,MRPL10,-0.0044690506
1383_CD9_P1P2_ENSG00000010278,CD9,-0.0044730688
11023_non-targeting_non-targeting_non-targeting,non-targeting,-0.0044754627
46_ABHD17A_P1P2_ENSG00000129968,ABHD17A,-0.0044826185
2815_FADS1_P1P2_ENSG00000149485,FADS1,-0.0044890554
3272_GALNT5_P1P2_ENSG00000136542,GALNT5,-0.004489124
5800_NR4A2_P2_ENSG00000153234,NR4A2,-0.00449644
5693_NKX2-4_P1P2_ENSG00000125816,NKX2-4,-0.0045006745
10028_ZC3H7B_P1P2_ENSG00000100403,ZC3H7B,-0.0045008035
5595_NEK6_P1P2_ENSG00000119408,NEK6,-0.0045019905
10484_ZNF592_P1P2_ENSG00000166716,ZNF592,-0.004507389
5607_NETO2_P1P2_ENSG00000171208,NETO2,-0.004510039
2948_FAM86C1_P1P2_ENSG00000158483,FAM86C1,-0.004513024
1559_CHD3_P1P2_ENSG00000170004,CHD3,-0.0045173154
4621_LMX1A_P1P2_ENSG00000162761,LMX1A,-0.004525491
1091_C4orf36_P1_ENSG00000163633,C4orf36,-0.004526762
9717_VDR_P1P2_ENSG00000111424,VDR,-0.0045284815
9078_TMEM52_P1P2_ENSG00000178821,TMEM52,-0.0045335633
3402_GLRX2_P1P2_ENSG00000023572,GLRX2,-0.0045390157
346_ANKS1A_P1P2_ENSG00000064999,ANKS1A,-0.004541703
5771_NPM3_P1P2_ENSG00000107833,NPM3,-0.004542317
2911_WASHC2A_P1P2_ENSG00000099290,WASHC2A,-0.0045436798
510_ARL4D_P1P2_ENSG00000175906,ARL4D,-0.0045455084
11190_non-targeting_non-targeting_non-targeting,non-targeting,-0.0045505892
7869_SH2D2A_P2_ENSG00000027869,SH2D2A,-0.004553432
10210_ZNF215_P1P2_ENSG00000149054,ZNF215,-0.0045571695
11244_non-targeting_non-targeting_non-targeting,non-targeting,-0.0045637554
4485_KTN1_P2_ENSG00000126777,KTN1,-0.0045650927
2517_EHD1_P1P2_ENSG00000110047,EHD1,-0.0045685465
6368_PINK1_P1P2_ENSG00000158828,PINK1,-0.004573259
7036_RAB5C_P1_ENSG00000108774,RAB5C,-0.004577743
4167_IPPK_P1P2_ENSG00000127080,IPPK,-0.004583568
3064_FEZ1_P1P2_ENSG00000149557,FEZ1,-0.0045857388
10077_ZFHX4_P1P2_ENSG00000091656,ZFHX4,-0.004596611
3085_FIGNL1_P1P2_ENSG00000132436,FIGNL1,-0.0046013515
5346_MTRR_P1P2_ENSG00000124275,MTRR,-0.004611479
3582_GTF2I_P1P2_ENSG00000263001,GTF2I,-0.004618189
628_ATG9A_P1P2_ENSG00000198925,ATG9A,-0.004620792
7953_SLC10A7_P1P2_ENSG00000120519,SLC10A7,-0.0046241023
7776_SENP7_P1P2_ENSG00000138468,SENP7,-0.0046242196
3769_HIST1H2BM_P1P2_ENSG00000273703,HIST1H2BM,-0.0046243304
8001_SLC25A36_P1P2_ENSG00000114120,SLC25A36,-0.0046270126
8088_SLC44A2_P2_ENSG00000129353,SLC44A2,-0.0046370565
3442_GNG5_P1P2_ENSG00000174021,GNG5,-0.0046383454
7924_SIRT3_P1P2_ENSG00000142082,SIRT3,-0.004645134
1857_CREB1_P1P2_ENSG00000118260,CREB1,-0.004652796
4214_ISOC2_P2_ENSG00000063241,ISOC2,-0.0046535805
10700_ZNHIT2_P1P2_ENSG00000174276,ZNHIT2,-0.0046552513
6666_PPP1R26_P1P2_ENSG00000196422,PPP1R26,-0.0046563228
2861_FAM156A_P1P2_ENSG00000268350,FAM156A,-0.0046567153
1207_CASP8_P2_ENSG00000064012,CASP8,-0.0046623745
8519_STK32C_P1_ENSG00000165752,STK32C,-0.0046630716
4268_KALRN_ENST00000360013.3_ENSG00000160145,KALRN,-0.0046664607
11159_non-targeting_non-targeting_non-targeting,non-targeting,-0.004673767
6038_PAGE5_P1P2_ENSG00000158639,PAGE5,-0.004677943
4584_LIME1_P1_ENSG00000203896,LIME1,-0.004691289
4054_IFT43_P1P2_ENSG00000119650,IFT43,-0.0046956255
6716_PRC1_P1P2_ENSG00000198901,PRC1,-0.004704133
7759_SEL1L3_P1P2_ENSG00000091490,SEL1L3,-0.0047050947
3475_GORAB_P1P2_ENSG00000120370,GORAB,-0.0047076647
11027_non-targeting_non-targeting_non-targeting,non-targeting,-0.004708296
10212_ZNF217_P2_ENSG00000171940,ZNF217,-0.004713127
9080_TMEM54_P1P2_ENSG00000121900,TMEM54,-0.0047195703
6259_PGLS_P1P2_ENSG00000130313,PGLS,-0.0047242166
6328_PIF1_P2_ENSG00000140451,PIF1,-0.004730168
6654_PPP1R12A_P1P2_ENSG00000058272,PPP1R12A,-0.0047305813
286_ALX4_P1P2_ENSG00000052850,ALX4,-0.004734259
5549_NDUFAF6_P1P2_ENSG00000156170,NDUFAF6,-0.0047358167
11021_non-targeting_non-targeting_non-targeting,non-targeting,-0.004742679
4281_KAT8_P1_ENSG00000103510,KAT8,-0.004745492
835_BIN3_P1P2_ENSG00000147439,BIN3,-0.0047465395
1082_C2orf88_P1P2_ENSG00000187699,C2orf88,-0.004747299
6123_PCGF3_P1P2_ENSG00000185619,PCGF3,-0.004749529
9472_U2AF1L4_P1P2_ENSG00000161265,U2AF1L4,-0.004751815
1757_COMMD1_P1P2_ENSG00000173163,COMMD1,-0.0047521596
3264_GALK2_P1_ENSG00000156958,GALK2,-0.0047592483
1206_CASP8AP2_P1P2_ENSG00000118412,CASP8AP2,-0.0047597145
7545_RPUSD3_P1P2_ENSG00000156990,RPUSD3,-0.004766642
1736_COA6_P1P2_ENSG00000168275,COA6,-0.0047684223
158_ADNP2_P1P2_ENSG00000101544,ADNP2,-0.004770699
410_APOBEC3B_P1P2_ENSG00000179750,APOBEC3B,-0.004776499
11194_non-targeting_non-targeting_non-targeting,non-targeting,-0.0047887536
2556_EIF3L_P1P2_ENSG00000100129,EIF3L,-0.0047959737
11287_non-targeting_non-targeting_non-targeting,non-targeting,-0.00479661
8026_SLC2A1_P1P2_ENSG00000117394,SLC2A1,-0.0048031015
5610_NEURL4_P1P2_ENSG00000215041,NEURL4,-0.0048035816
7786_SEPTIN5_P2_ENSG00000184702,SEPTIN5,-0.0048084836
6374_PIP5K1C_P1P2_ENSG00000186111,PIP5K1C,-0.0048126723
3702_HES5_P1P2_ENSG00000197921,HES5,-0.004816233
11184_non-targeting_non-targeting_non-targeting,non-targeting,-0.0048241215
4176_IQSEC2_P1_ENSG00000124313,IQSEC2,-0.004827581
9620_URGCP_P2_ENSG00000106608,URGCP,-0.0048286812
2086_DDAH2_P1P2_ENSG00000213722,DDAH2,-0.004831611
4098_IL6ST_P1P2_ENSG00000134352,IL6ST,-0.004832246
10824_non-targeting_non-targeting_non-targeting,non-targeting,-0.0048472583
1580_CHMP1B_P1P2_ENSG00000255112,CHMP1B,-0.0048483554
11103_non-targeting_non-targeting_non-targeting,non-targeting,-0.004848544
420_APOO_P1P2_ENSG00000184831,APOO,-0.004852989
5613_NEUROD4_P1P2_ENSG00000123307,NEUROD4,-0.0048544253
4175_IQSEC1_P1P2_ENSG00000144711,IQSEC1,-0.0048667407
5703_NLK_P1P2_ENSG00000087095,NLK,-0.0048733843
"5514_NCOR2_ENST00000356219.3,ENST00000397355.1,ENST00000404621.1,ENST00000429285.2_ENSG00000196498",NCOR2,-0.0048753624
9554_UBXN2A_P2_ENSG00000173960,UBXN2A,-0.004875458
359_ANXA2R_P1P2_ENSG00000177721,ANXA2R,-0.004881886
3754_HIST1H2AI_ENST00000358739.3_ENSG00000196747,HIST1H2AI,-0.004885399
320_ANKLE2_P1P2_ENSG00000176915,ANKLE2,-0.0048860493
10940_non-targeting_non-targeting_non-targeting,non-targeting,-0.0048915185
4309_KCTD9_P1P2_ENSG00000104756,KCTD9,-0.00489249
8235_SNTB2_P1P2_ENSG00000168807,SNTB2,-0.0048935353
1095_C4orf48_P1P2_ENSG00000243449,C4orf48,-0.0049051214
7281_RHBDD1_P1P2_ENSG00000144468,RHBDD1,-0.0049091415
1605_CHTF8_P1P2_ENSG00000168802,CHTF8,-0.0049112365
186_AGGF1_P1P2_ENSG00000164252,AGGF1,-0.004919298
2871_FAM168B_P1P2_ENSG00000152102,FAM168B,-0.004920304
10714_ZSCAN1_P1P2_ENSG00000152467,ZSCAN1,-0.0049227094
3792_HIST2H3D_ENST00000331491.1_ENSG00000183598,HIST2H3D,-0.0049236445
4490_L3MBTL1_P2_ENSG00000185513,L3MBTL1,-0.0049262075
10647_ZNF800_P1P2_ENSG00000048405,ZNF800,-0.004933163
3947_HSD11B1L_P1P2_ENSG00000167733,HSD11B1L,-0.0049356194
5001_METTL2A_P1P2_ENSG00000087995,METTL2A,-0.004943591
6903_PTDSS1_P1P2_ENSG00000156471,PTDSS1,-0.004943727
11298_non-targeting_non-targeting_non-targeting,non-targeting,-0.004950132
4197_IRGQ_P1P2_ENSG00000167378,IRGQ,-0.0049508084
8402_SREBF2_P1P2_ENSG00000198911,SREBF2,-0.0049537322
2859_FAM13A_ENST00000264344.5_ENSG00000138640,FAM13A,-0.0049548447
5935_OLA1_P1P2_ENSG00000138430,OLA1,-0.0049596974
4718_LURAP1_P1P2_ENSG00000171357,LURAP1,-0.004960001
11127_non-targeting_non-targeting_non-targeting,non-targeting,-0.0049635186
927_BTG3_P1P2_ENSG00000154640,BTG3,-0.004982324
3704_HES7_P1P2_ENSG00000179111,HES7,-0.0049832026
4967_MEIS2_P1P2_ENSG00000134138,MEIS2,-0.004987208
9586_ULK3_P1P2_ENSG00000140474,ULK3,-0.00498746
9129_TNFRSF1B_P1_ENSG00000028137,TNFRSF1B,-0.0049881544
10765_non-targeting_non-targeting_non-targeting,non-targeting,-0.0049929726
4519_LARP4_P1P2_ENSG00000161813,LARP4,-0.0049980595
10960_non-targeting_non-targeting_non-targeting,non-targeting,-0.004998456
10189_ZNF180_P1P2_ENSG00000167384,ZNF180,-0.0050032283
7317_RIT1_P1P2_ENSG00000143622,RIT1,-0.0050076703
11040_non-targeting_non-targeting_non-targeting,non-targeting,-0.005009881
3933_HPS3_P1P2_ENSG00000163755,HPS3,-0.005011363
5760_NPAS3_P1P2_ENSG00000151322,NPAS3,-0.0050129155
4393_KIF3B_P1P2_ENSG00000101350,KIF3B,-0.0050169956
10933_non-targeting_non-targeting_non-targeting,non-targeting,-0.005018478
2816_FADS2_P2_ENSG00000134824,FADS2,-0.0050193686
8361_SPIN4_P1P2_ENSG00000186767,SPIN4,-0.005020739
6125_PCGF5_ENST00000336126.5_ENSG00000180628,PCGF5,-0.0050222157
10796_non-targeting_non-targeting_non-targeting,non-targeting,-0.0050231656
5807_NRAS_P1P2_ENSG00000213281,NRAS,-0.0050252117
1213_CASZ1_ENST00000377022.3_ENSG00000130940,CASZ1,-0.005029711
1143_CAB39L_P1_ENSG00000102547,CAB39L,-0.005035371
9547_UBR4_P1P2_ENSG00000127481,UBR4,-0.005036305
8928_TIMMDC1_P1P2_ENSG00000113845,TIMMDC1,-0.0050407094
6667_PPP1R2_P1P2_ENSG00000184203,PPP1R2,-0.0050481185
1401_CDC42BPB_P1P2_ENSG00000198752,CDC42BPB,-0.0050483025
779_BBS4_P1P2_ENSG00000140463,BBS4,-0.0050490825
2659_EPAS1_P1P2_ENSG00000116016,EPAS1,-0.0050570033
11133_non-targeting_non-targeting_non-targeting,non-targeting,-0.005061582
2430_DYNLT1_P1P2_ENSG00000146425,DYNLT1,-0.0050724237
11179_non-targeting_non-targeting_non-targeting,non-targeting,-0.005076052
6364_PIM2_P1P2_ENSG00000102096,PIM2,-0.005076942
10593_ZNF727_P1P2_ENSG00000214652,ZNF727,-0.0050771586
7397_RNF8_P1P2_ENSG00000112130,RNF8,-0.005077625
8987_TMEM116_P1P2_ENSG00000198270,TMEM116,-0.005081214
2318_DNPEP_P1P2_ENSG00000123992,DNPEP,-0.00508461
4601_LITAF_P1P2_ENSG00000189067,LITAF,-0.005089815
6780_PRMT7_P1P2_ENSG00000132600,PRMT7,-0.005093098
3806_ZNF875_P2_ENSG00000181666,ZNF875,-0.005093434
2638_ENGASE_P1P2_ENSG00000167280,ENGASE,-0.00509932
11242_non-targeting_non-targeting_non-targeting,non-targeting,-0.0050994875
9128_TNFRSF1A_P1P2_ENSG00000067182,TNFRSF1A,-0.0051088766
2479_EDF1_P1P2_ENSG00000107223,EDF1,-0.0051099868
6056_PANK3_P1P2_ENSG00000120137,PANK3,-0.005114101
8168_SMG7_P1P2_ENSG00000116698,SMG7,-0.005119057
10129_ZKSCAN3_P1P2_ENSG00000189298,ZKSCAN3,-0.0051249294
5925_ODF2_P1P2_ENSG00000136811,ODF2,-0.0051267184
2653_ENTPD7_P1P2_ENSG00000198018,ENTPD7,-0.0051304908
4827_MAPK1IP1L_P1P2_ENSG00000168175,MAPK1IP1L,-0.0051331264
1293_CCDC74A_P1P2_ENSG00000163040,CCDC74A,-0.005134882
8852_TFG_P1P2_ENSG00000114354,TFG,-0.0051363264
10861_non-targeting_non-targeting_non-targeting,non-targeting,-0.0051401295
2459_EBP_P1_ENSG00000147155,EBP,-0.005140261
2326_DOCK8_P1P2_ENSG00000107099,DOCK8,-0.0051481724
9269_TRIM26_P1P2_ENSG00000234127,TRIM26,-0.0051595634
2242_DLGAP5_P1P2_ENSG00000126787,DLGAP5,-0.0051601776
5863_NUDT14_P1P2_ENSG00000183828,NUDT14,-0.005166239
4728_LYRM2_P1P2_ENSG00000083099,LYRM2,-0.0051674363
350_ANLN_P1P2_ENSG00000011426,ANLN,-0.00517149
5412_MYT1_P1P2_ENSG00000196132,MYT1,-0.005183556
9084_TMEM59_P1P2_ENSG00000116209,TMEM59,-0.005188637
4484_KTI12_P1P2_ENSG00000198841,KTI12,-0.0051911753
613_ATF7IP_P2_ENSG00000171681,ATF7IP,-0.005198382
9004_TMEM14A_P1P2_ENSG00000096092,TMEM14A,-0.0051991553
9079_TMEM53_P1P2_ENSG00000126106,TMEM53,-0.0052044773
3855_HNRNPA0_P1P2_ENSG00000177733,HNRNPA0,-0.0052145403
6320_PIAS2_P1_ENSG00000078043,PIAS2,-0.0052147917
8023_SLC29A2_P1P2_ENSG00000174669,SLC29A2,-0.00521572
2564_EIF4EBP1_P1P2_ENSG00000187840,EIF4EBP1,-0.0052223704
9090_TMEM63B_P1P2_ENSG00000137216,TMEM63B,-0.0052233688
8941_TKT_P2_ENSG00000163931,TKT,-0.005225067
9135_TNIP1_P1_ENSG00000145901,TNIP1,-0.0052274717
7723_SDHAF1_P1P2_ENSG00000205138,SDHAF1,-0.0052297534
1725_CNPPD1_P2_ENSG00000115649,CNPPD1,-0.0052324915
10109_ZFYVE27_P1P2_ENSG00000155256,ZFYVE27,-0.005244812
586_ASNSD1_P1P2_ENSG00000138381,ASNSD1,-0.005248475
767_BATF3_P1P2_ENSG00000123685,BATF3,-0.005251006
4239_ITPR3_P1P2_ENSG00000096433,ITPR3,-0.0052541937
1608_CHURC1_P1P2_ENSG00000258289,CHURC1,-0.0052590594
2532_EIF2AK3_P1P2_ENSG00000172071,EIF2AK3,-0.005284868
8767_TCEAL8_P1P2_ENSG00000180964,TCEAL8,-0.0052877506
4703_LTB4R2_P1P2_ENSG00000213906,LTB4R2,-0.0052890633
7667_SAYSD1_P1P2_ENSG00000112167,SAYSD1,-0.0052901194
3484_GPAA1_P1P2_ENSG00000197858,GPAA1,-0.005291528
6057_PANK4_P1P2_ENSG00000157881,PANK4,-0.005293245
7852_SGK1_P2_ENSG00000118515,SGK1,-0.0052939462
9953_YWHAG_P1P2_ENSG00000170027,YWHAG,-0.005302833
2273_DNAH14_P1P2_ENSG00000185842,DNAH14,-0.0053052125
10053_ZDHHC6_P1P2_ENSG00000023041,ZDHHC6,-0.005313937
11140_non-targeting_non-targeting_non-targeting,non-targeting,-0.00531633
6950_PURA_P1_ENSG00000185129,PURA,-0.0053281556
10412_ZNF514_P2_ENSG00000144026,ZNF514,-0.00532922
5235_MRPL51_P1P2_ENSG00000111639,MRPL51,-0.0053374693
2390_DTNBP1_P1P2_ENSG00000047579,DTNBP1,-0.0053376555
220_AIMP1_P1P2_ENSG00000164022,AIMP1,-0.005340248
9920_YBEY_P1P2_ENSG00000182362,YBEY,-0.005343703
11224_non-targeting_non-targeting_non-targeting,non-targeting,-0.0053721513
9265_TRIM21_P1P2_ENSG00000132109,TRIM21,-0.005375544
4708_LTBP4_P1_ENSG00000090006,LTBP4,-0.005387943
3597_GTSE1_P1P2_ENSG00000075218,GTSE1,-0.0053931563
8588_SUMO2_P1P2_ENSG00000188612,SUMO2,-0.005393248
4384_KIF20A_P1P2_ENSG00000112984,KIF20A,-0.0053935805
4172_IQGAP1_P1P2_ENSG00000140575,IQGAP1,-0.00539522
178_AFTPH_P1P2_ENSG00000119844,AFTPH,-0.005399378
10369_ZNF445_P1P2_ENSG00000185219,ZNF445,-0.0054031154
8527_STK4_P2_ENSG00000101109,STK4,-0.0054090964
571_ASCC2_P1P2_ENSG00000100325,ASCC2,-0.0054098233
7591_RTN4IP1_P1P2_ENSG00000130347,RTN4IP1,-0.0054107495
8197_SMYD5_P1P2_ENSG00000135632,SMYD5,-0.005410844
1847_CPT1C_P1P2_ENSG00000169169,CPT1C,-0.005435519
11209_non-targeting_non-targeting_non-targeting,non-targeting,-0.0054393015
995_C16orf72_P1_ENSG00000182831,C16orf72,-0.005440725
403_API5_P1P2_ENSG00000166181,API5,-0.005450258
1394_CDC25C_P1P2_ENSG00000158402,CDC25C,-0.0054516406
2632_EMX2_P1P2_ENSG00000170370,EMX2,-0.005457473
10105_ZFX_P1P2_ENSG00000005889,ZFX,-0.005465118
7034_RAB5A_P1P2_ENSG00000144566,RAB5A,-0.0054662186
5664_NHLH2_P1P2_ENSG00000177551,NHLH2,-0.005466262
5957_OR51B4_ENST00000380224.1_ENSG00000183251,OR51B4,-0.0054673143
7912_SIKE1_P1P2_ENSG00000052723,SIKE1,-0.0054693664
8882_THAP9_P1P2_ENSG00000168152,THAP9,-0.0054873014
321_ANKMY1_P1P2_ENSG00000144504,ANKMY1,-0.005494878
5854_NUBPL_P1P2_ENSG00000151413,NUBPL,-0.0054963804
9102_TMEM99_P1P2_ENSG00000167920,TMEM99,-0.0055138506
9969_ZBTB11_P1P2_ENSG00000066422,ZBTB11,-0.005527955
3548_GSDMA_P1P2_ENSG00000167914,GSDMA,-0.005532531
4729_LYRM4_P1P2_ENSG00000214113,LYRM4,-0.0055351113
10371_ZNF449_P1P2_ENSG00000173275,ZNF449,-0.0055478397
3515_GPRC5C_P1P2_ENSG00000170412,GPRC5C,-0.0055528046
7154_RBM12_P1P2_ENSG00000244462,RBM12,-0.005560335
404_APIP_P1P2_ENSG00000149089,APIP,-0.005562475
9915_XYLT2_P1P2_ENSG00000015532,XYLT2,-0.0055625923
6708_PPWD1_P1P2_ENSG00000113593,PPWD1,-0.005565476
10465_ZNF575_P1P2_ENSG00000176472,ZNF575,-0.00556566
2769_EVI5_P1P2_ENSG00000067208,EVI5,-0.005573419
11225_non-targeting_non-targeting_non-targeting,non-targeting,-0.005585084
1034_C1RL_P1P2_ENSG00000139178,C1RL,-0.005586523
954_C11orf68_P1P2_ENSG00000175573,C11orf68,-0.0055887243
773_BAZ2A_P1_ENSG00000076108,BAZ2A,-0.0055928864
4437_KLHL21_P1P2_ENSG00000162413,KLHL21,-0.005596307
4766_MAGEB2_P1P2_ENSG00000099399,MAGEB2,-0.0056008585
4400_KIFC3_P1P2_ENSG00000140859,KIFC3,-0.005601259
5466_NARF_P1P2_ENSG00000141562,NARF,-0.00560299
1407_CDC45_P1P2_ENSG00000093009,CDC45,-0.005610966
6037_PAGE2B_P1P2_ENSG00000238269,PAGE2B,-0.005614875
3486_GPANK1_P1P2_ENSG00000204438,GPANK1,-0.0056286454
1278_CCDC47_P1P2_ENSG00000108588,CCDC47,-0.0056308354
1531_CETN3_P1P2_ENSG00000153140,CETN3,-0.005653735
8463_SSX3_P1P2_ENSG00000165584,SSX3,-0.005654212
5924_ODF2L_P1P2_ENSG00000122417,ODF2L,-0.005662714
9802_WDHD1_P1P2_ENSG00000198554,WDHD1,-0.0056629824
5199_MRPL16_P1P2_ENSG00000166902,MRPL16,-0.005667253
10845_non-targeting_non-targeting_non-targeting,non-targeting,-0.0056696627
11306_non-targeting_non-targeting_non-targeting,non-targeting,-0.005671146
10781_non-targeting_non-targeting_non-targeting,non-targeting,-0.0056720986
8694_TARSL2_P1P2_ENSG00000185418,TARSL2,-0.0056747436
8041_SLC35B1_P1P2_ENSG00000121073,SLC35B1,-0.0056817764
8287_SOX21_P1P2_ENSG00000125285,SOX21,-0.0056998506
1761_COMMD4_P1P2_ENSG00000140365,COMMD4,-0.0057029612
1279_CCDC50_P1P2_ENSG00000152492,CCDC50,-0.0057157786
8611_SVIP_P1P2_ENSG00000198168,SVIP,-0.0057284217
2846_FAM124B_P1P2_ENSG00000124019,FAM124B,-0.0057295267
1159_CALM3_ENST00000291295.9_ENSG00000160014,CALM3,-0.005732362
10097_ZFP90_P1_ENSG00000184939,ZFP90,-0.0057356153
4178_IRAK1_P2_ENSG00000184216,IRAK1,-0.005752702
5559_NDUFB7_P1P2_ENSG00000099795,NDUFB7,-0.0057542925
8955_TM4SF19_P1P2_ENSG00000145107,TM4SF19,-0.005755817
5151_MORF4L1_P1P2_ENSG00000185787,MORF4L1,-0.00576509
4023_IDH1_P1P2_ENSG00000138413,IDH1,-0.0057664453
6627_PPIG_P1P2_ENSG00000138398,PPIG,-0.0057673715
2038_DBI_P2_ENSG00000155368,DBI,-0.0057689874
9516_UBE2Q2_P1P2_ENSG00000140367,UBE2Q2,-0.005774666
194_AGPAT2_P1P2_ENSG00000169692,AGPAT2,-0.005778221
9706_VAV1_P1P2_ENSG00000141968,VAV1,-0.0057802214
3803_HK1_P2_ENSG00000156515,HK1,-0.005785594
10048_ZDHHC20_P1P2_ENSG00000180776,ZDHHC20,-0.0057876813
7598_RUFY3_P1_ENSG00000018189,RUFY3,-0.00579348
4884_MBOAT2_P1P2_ENSG00000143797,MBOAT2,-0.005793606
723_B2M_P1_ENSG00000166710,B2M,-0.005794661
1812_COX19_P1P2_ENSG00000240230,COX19,-0.0057968334
4672_LRRC59_P2_ENSG00000108829,LRRC59,-0.005798686
7931_SIX1_P1P2_ENSG00000126778,SIX1,-0.005805757
10859_non-targeting_non-targeting_non-targeting,non-targeting,-0.005809301
10880_non-targeting_non-targeting_non-targeting,non-targeting,-0.0058098705
1768_COMTD1_P1P2_ENSG00000165644,COMTD1,-0.0058098775
10060_ZEB1_P1_ENSG00000148516,ZEB1,-0.0058228076
6945_PTTG1IP_P1P2_ENSG00000183255,PTTG1IP,-0.005825116
10313_ZNF358_P2_ENSG00000198816,ZNF358,-0.0058252234
6915_PTK7_P1P2_ENSG00000112655,PTK7,-0.005841993
3330_GDI1_P1P2_ENSG00000203879,GDI1,-0.005846827
4654_LRR1_P1P2_ENSG00000165501,LRR1,-0.005849575
331_ANKRD16_P1P2_ENSG00000134461,ANKRD16,-0.0058534173
3727_HIF3A_P2_ENSG00000124440,HIF3A,-0.005865706
10529_ZNF654_P1P2_ENSG00000175105,ZNF654,-0.005866487
5366_MYBL1_P1P2_ENSG00000185697,MYBL1,-0.0058692023
10972_non-targeting_non-targeting_non-targeting,non-targeting,-0.0058704684
7895_SHKBP1_P1P2_ENSG00000160410,SHKBP1,-0.0058771353
6471_PLXND1_P1P2_ENSG00000004399,PLXND1,-0.0058778212
10890_non-targeting_non-targeting_non-targeting,non-targeting,-0.005878015
1358_CD24_P1P2_ENSG00000272398,CD24,-0.0058781053
3419_GMFB_P1P2_ENSG00000197045,GMFB,-0.005880234
10390_ZNF485_P1P2_ENSG00000198298,ZNF485,-0.00588097
8172_SMIM12_P1P2_ENSG00000163866,SMIM12,-0.005893375
4582_LIMD1_P1P2_ENSG00000144791,LIMD1,-0.0058958074
2892_FAM199X_P1P2_ENSG00000123575,FAM199X,-0.005896355
7724_SDHAF2_P1P2_ENSG00000167985,SDHAF2,-0.0058995695
2715_ERMAP_P2_ENSG00000164010,ERMAP,-0.0058998675
5950_OR1E2_ENST00000248384.1_ENSG00000127780,OR1E2,-0.005900945
793_BCKDK_P1P2_ENSG00000103507,BCKDK,-0.005901571
4927_MECOM_P1P2_ENSG00000085276,MECOM,-0.0059066
1562_CHD7_P1P2_ENSG00000171316,CHD7,-0.0059069716
11166_non-targeting_non-targeting_non-targeting,non-targeting,-0.0059133065
3121_FN1_P1P2_ENSG00000115414,FN1,-0.0059262966
10915_non-targeting_non-targeting_non-targeting,non-targeting,-0.005931849
11050_non-targeting_non-targeting_non-targeting,non-targeting,-0.00593554
528_ARMCX6_P1P2_ENSG00000198960,ARMCX6,-0.0059398552
6118_PCED1A_P1P2_ENSG00000132635,PCED1A,-0.0059419875
10115_ZHX1_P1P2_ENSG00000165156,ZHX1,-0.005943014
73_ACAP2_P1P2_ENSG00000114331,ACAP2,-0.005945478
10953_non-targeting_non-targeting_non-targeting,non-targeting,-0.005948242
8968_TMC6_P1P2_ENSG00000141524,TMC6,-0.0059507
319_ANKLE1_P1P2_ENSG00000160117,ANKLE1,-0.0059519294
11327_non-targeting_non-targeting_non-targeting,non-targeting,-0.0059549804
5663_NHLH1_P1P2_ENSG00000171786,NHLH1,-0.005959534
3138_FOSL1_P1P2_ENSG00000175592,FOSL1,-0.005960332
11020_non-targeting_non-targeting_non-targeting,non-targeting,-0.0059618307
836_BIRC2_P1P2_ENSG00000110330,BIRC2,-0.005969934
1825_CPAMD8_ENST00000443236.1_ENSG00000160111,CPAMD8,-0.005971396
5744_NONO_P1P2_ENSG00000147140,NONO,-0.005973697
2356_DPP7_P2_ENSG00000176978,DPP7,-0.005977921
4538_LCP1_P1P2_ENSG00000136167,LCP1,-0.0059842677
5931_OGFR_P1P2_ENSG00000060491,OGFR,-0.0059882747
7105_RAP2A_P1P2_ENSG00000125249,RAP2A,-0.005989785
11051_non-targeting_non-targeting_non-targeting,non-targeting,-0.0059939004
9407_TUBA1A_P1P2_ENSG00000167552,TUBA1A,-0.0060139224
3927_HOXD8_P1P2_ENSG00000175879,HOXD8,-0.006017173
10895_non-targeting_non-targeting_non-targeting,non-targeting,-0.006018267
10832_non-targeting_non-targeting_non-targeting,non-targeting,-0.0060228663
11210_non-targeting_non-targeting_non-targeting,non-targeting,-0.0060252356
8492_STARD8_ENST00000374599.3_ENSG00000130052,STARD8,-0.006028826
9761_VPS4B_P1P2_ENSG00000119541,VPS4B,-0.006028873
852_BLVRA_P2_ENSG00000106605,BLVRA,-0.0060314145
4441_KLHL24_P1P2_ENSG00000114796,KLHL24,-0.006038054
5207_MRPL23_P1P2_ENSG00000214026,MRPL23,-0.006039571
4202_IRX5_P1P2_ENSG00000176842,IRX5,-0.0060424325
5113_MLLT3_P1P2_ENSG00000171843,MLLT3,-0.0060459254
10316_ZNF365_P1P2_ENSG00000138311,ZNF365,-0.0060474384
1395_CDC26_P1P2_ENSG00000176386,CDC26,-0.0060623717
10745_ZZEF1_P1P2_ENSG00000074755,ZZEF1,-0.0060624476
6080_PARPBP_P1P2_ENSG00000185480,PARPBP,-0.006069012
5254_MRPS24_P1P2_ENSG00000062582,MRPS24,-0.006071222
8851_TFEC_P1P2_ENSG00000105967,TFEC,-0.006074637
10811_non-targeting_non-targeting_non-targeting,non-targeting,-0.0060789417
5197_MRPL14_P1P2_ENSG00000180992,MRPL14,-0.006081795
9413_TUBB2B_P1_ENSG00000137285,TUBB2B,-0.006089539
488_ARID1B_P2_ENSG00000049618,ARID1B,-0.006092413
7640_SALL3_P1P2_ENSG00000256463,SALL3,-0.006112011
5629_NFE2L1_P1P2_ENSG00000082641,NFE2L1,-0.0061209225
7787_SEPTIN5_P1_ENSG00000184702,SEPTIN5,-0.0061225533
6355_PIK3CD_P1P2_ENSG00000171608,PIK3CD,-0.006132227
5609_NEU3_P1P2_ENSG00000162139,NEU3,-0.006132578
239_AKNA_P2_ENSG00000106948,AKNA,-0.0061339033
5443_NACC2_P1P2_ENSG00000148411,NACC2,-0.006147043
3470_GOLPH3_P1P2_ENSG00000113384,GOLPH3,-0.00614788
10658_ZNF81_P1P2_ENSG00000197779,ZNF81,-0.0061487723
1257_CCDC137_P1P2_ENSG00000185298,CCDC137,-0.0061525367
10767_non-targeting_non-targeting_non-targeting,non-targeting,-0.0061547877
523_ARMC6_P1P2_ENSG00000105676,ARMC6,-0.006155289
9140_TNKS1BP1_P1_ENSG00000149115,TNKS1BP1,-0.0061586793
6301_PHLDA2_P1P2_ENSG00000181649,PHLDA2,-0.0061595403
8105_SLC6A8_P1P2_ENSG00000130821,SLC6A8,-0.0061611035
4867_MATR3_P1P2_ENSG00000280987,MATR3,-0.006164504
7395_RNF6_P1P2_ENSG00000127870,RNF6,-0.006166674
415_APOC1_P1P2_ENSG00000130208,APOC1,-0.0061686216
10466_ZNF576_P1P2_ENSG00000124444,ZNF576,-0.0061776796
3817_HM13_P1P2_ENSG00000101294,HM13,-0.006186786
4380_KIF18B_P1P2_ENSG00000186185,KIF18B,-0.0061928635
6900_PTCD1_P2_ENSG00000106246,PTCD1,-0.0061981385
550_ARRDC2_P1_ENSG00000105643,ARRDC2,-0.0062014787
4838_MAPKAPK5_P1P2_ENSG00000089022,MAPKAPK5,-0.0062091495
5033_MFSD9_P1P2_ENSG00000135953,MFSD9,-0.0062114666
"6727_PRDM2_ENST00000235372.7,ENST00000311066.5_ENSG00000116731",PRDM2,-0.006217517
7122_RASGEF1A_P1P2_ENSG00000198915,RASGEF1A,-0.0062258355
10855_non-targeting_non-targeting_non-targeting,non-targeting,-0.006234337
3256_GABRG3_P1P2_ENSG00000182256,GABRG3,-0.0062345862
6630_PPIL2_P1P2_ENSG00000100023,PPIL2,-0.0062359655
6751_PRKAB1_P1P2_ENSG00000111725,PRKAB1,-0.006240262
8568_STYX_P1P2_ENSG00000198252,STYX,-0.006241847
8701_TAX1BP1_P1P2_ENSG00000106052,TAX1BP1,-0.0062419907
4124_INHBE_P1P2_ENSG00000139269,INHBE,-0.0062437127
11230_non-targeting_non-targeting_non-targeting,non-targeting,-0.0062439404
1853_CRADD_P1P2_ENSG00000169372,CRADD,-0.0062445067
3217_FUCA1_P1P2_ENSG00000179163,FUCA1,-0.0062494623
56_ABL2_P1_ENSG00000143322,ABL2,-0.0062538506
2945_FAM83D_P1P2_ENSG00000101447,FAM83D,-0.006258128
5953_OR2T5_ENST00000366473.2_ENSG00000203661,OR2T5,-0.0062656663
1093_C4orf3_P1P2_ENSG00000164096,C4orf3,-0.0062775947
7743_SEC23IP_P1P2_ENSG00000107651,SEC23IP,-0.0062775956
2853_RETREG2_P1P2_ENSG00000144567,RETREG2,-0.0062830485
2719_ERN1_P1P2_ENSG00000178607,ERN1,-0.0062853373
6340_PIGO_P1P2_ENSG00000165282,PIGO,-0.0062891883
7546_RPUSD4_P1P2_ENSG00000165526,RPUSD4,-0.00629199
8444_SS18L2_P1P2_ENSG00000008324,SS18L2,-0.0062947315
9120_TNFAIP1_P1P2_ENSG00000109079,TNFAIP1,-0.006300882
9340_TSFM_P1P2_ENSG00000123297,TSFM,-0.006302768
9001_TMEM138_P1P2_ENSG00000149483,TMEM138,-0.006303308
9711_VCPIP1_P1P2_ENSG00000175073,VCPIP1,-0.00630999
10873_non-targeting_non-targeting_non-targeting,non-targeting,-0.006310574
10535_ZNF665_P1P2_ENSG00000197497,ZNF665,-0.0063161477
8034_SLC30A9_P1P2_ENSG00000014824,SLC30A9,-0.006317978
122_ACYP1_P1_ENSG00000119640,ACYP1,-0.006329642
5789_NR2C2AP_P1P2_ENSG00000184162,NR2C2AP,-0.0063325665
4773_MAGEF1_P1P2_ENSG00000177383,MAGEF1,-0.0063394033
4024_IDH2_P1P2_ENSG00000182054,IDH2,-0.006340641
10979_non-targeting_non-targeting_non-targeting,non-targeting,-0.0063415454
6755_PRKAR1A_P1P2_ENSG00000108946,PRKAR1A,-0.0063425
5799_NR4A2_P1_ENSG00000153234,NR4A2,-0.006357235
7856_RSKR_P1P2_ENSG00000167524,RSKR,-0.0063582105
6298_PHKB_P1P2_ENSG00000102893,PHKB,-0.006360833
10590_ZNF721_P1_ENSG00000182903,ZNF721,-0.006362195
8641_TAB3_P1P2_ENSG00000157625,TAB3,-0.0063666594
2471_ECT2_P1P2_ENSG00000114346,ECT2,-0.006369288
4792_MANBA_P1P2_ENSG00000109323,MANBA,-0.006377457
5545_NDUFAF2_P1P2_ENSG00000164182,NDUFAF2,-0.0063860193
6034_PAFAH1B2_P1P2_ENSG00000168092,PAFAH1B2,-0.006391867
2928_TLCD3A_P1P2_ENSG00000167695,TLCD3A,-0.006406306
4801_MAP2K2_P1P2_ENSG00000126934,MAP2K2,-0.0064075664
6018_P4HA1_P1P2_ENSG00000122884,P4HA1,-0.006410715
1674_CLPTM1L_P1P2_ENSG00000049656,CLPTM1L,-0.0064232186
257_ALDH2_P1P2_ENSG00000111275,ALDH2,-0.0064291167
7956_SLC12A2_P1P2_ENSG00000064651,SLC12A2,-0.006430697
5390_MYLK3_P1_ENSG00000140795,MYLK3,-0.00643132
7706_SCRIB_P1P2_ENSG00000180900,SCRIB,-0.0064372714
195_AGPAT3_P1P2_ENSG00000160216,AGPAT3,-0.0064382968
10510_ZNF622_P1P2_ENSG00000173545,ZNF622,-0.006438444
9034_TMEM19_P1P2_ENSG00000139291,TMEM19,-0.006448764
3844_HMOX2_P2_ENSG00000103415,HMOX2,-0.0064518866
10981_non-targeting_non-targeting_non-targeting,non-targeting,-0.0064523616
451_ARFIP2_P1P2_ENSG00000132254,ARFIP2,-0.0064636925
5990_OSTC_P1P2_ENSG00000198856,OSTC,-0.006464969
10734_ZSWIM8_P1P2_ENSG00000214655,ZSWIM8,-0.006465307
6531_POLM_P1_ENSG00000122678,POLM,-0.006471199
4723_LYN_P1P2_ENSG00000254087,LYN,-0.0064755096
7959_SLC12A5_P1_ENSG00000124140,SLC12A5,-0.006483812
9783_WAC_P1P2_ENSG00000095787,WAC,-0.0064876266
4639_LRCH3_P1P2_ENSG00000186001,LRCH3,-0.006487967
3660_HCRTR1_P1P2_ENSG00000121764,HCRTR1,-0.006489439
9758_VPS41_P2_ENSG00000006715,VPS41,-0.0064940825
6169_PDE6D_P1P2_ENSG00000156973,PDE6D,-0.0065004006
6385_PITX2_P1_ENSG00000164093,PITX2,-0.00652086
10996_non-targeting_non-targeting_non-targeting,non-targeting,-0.0065215374
9091_TMEM64_P1P2_ENSG00000180694,TMEM64,-0.0065282946
3271_GALNT2_P1P2_ENSG00000143641,GALNT2,-0.006547447
9301_TRMT10B_P1P2_ENSG00000165275,TRMT10B,-0.006548216
9966_ZBED6CL_ENST00000343855.4_ENSG00000188707,ZBED6CL,-0.006580096
1874_CRKL_P1P2_ENSG00000099942,CRKL,-0.0065826587
6721_PRDM12_P1P2_ENSG00000130711,PRDM12,-0.0065931925
5867_NUDT19_P1P2_ENSG00000213965,NUDT19,-0.006593564
"8865_TGIF2LY_ENST00000321217.4,ENST00000559055.2_ENSG00000176679",TGIF2LY,-0.006596702
1865_CREBBP_P1P2_ENSG00000005339,CREBBP,-0.006596896
7813_SETBP1_P1P2_ENSG00000152217,SETBP1,-0.0065984107
6959_PUSL1_P1P2_ENSG00000169972,PUSL1,-0.006599974
2179_DGKH_P1_ENSG00000102780,DGKH,-0.00660056
9114_TMUB1_P1P2_ENSG00000164897,TMUB1,-0.006608019
3580_GTF2IRD2B_P1P2_ENSG00000174428,GTF2IRD2B,-0.0066155647
9564_UCK1_P1P2_ENSG00000130717,UCK1,-0.006618356
6361_PIKFYVE_P1P2_ENSG00000115020,PIKFYVE,-0.006619685
10172_ZNF142_P1P2_ENSG00000115568,ZNF142,-0.0066246316
10013_ZBTB8A_P1P2_ENSG00000160062,ZBTB8A,-0.006625501
9633_USP12_P1P2_ENSG00000152484,USP12,-0.0066276276
148_ADCY7_P1P2_ENSG00000121281,ADCY7,-0.006630199
2368_DPYSL2_P1P2_ENSG00000092964,DPYSL2,-0.0066342936
10187_ZNF177_P2_ENSG00000188629,ZNF177,-0.0066496907
3350_GFPT1_P1P2_ENSG00000198380,GFPT1,-0.006650973
1393_CDC25B_P1P2_ENSG00000101224,CDC25B,-0.0066526067
3431_GNAI3_P1P2_ENSG00000065135,GNAI3,-0.0066540856
6750_PRKAA1_P1P2_ENSG00000132356,PRKAA1,-0.006667851
8862_TGFBRAP1_P1P2_ENSG00000135966,TGFBRAP1,-0.0066723404
7079_RAG1_P1P2_ENSG00000166349,RAG1,-0.006675386
9060_TMEM248_P1P2_ENSG00000106609,TMEM248,-0.006677084
8404_SREK1_P1P2_ENSG00000153914,SREK1,-0.0066782394
8859_TGFB1_P1P2_ENSG00000105329,TGFB1,-0.006678863
7056_RAC2_P1P2_ENSG00000128340,RAC2,-0.0066842283
5474_NAT9_P1P2_ENSG00000109065,NAT9,-0.0067019965
4279_KAT7_P1P2_ENSG00000136504,KAT7,-0.0067099966
8434_SRSF4_P1P2_ENSG00000116350,SRSF4,-0.0067106094
11083_non-targeting_non-targeting_non-targeting,non-targeting,-0.0067115105
"6790_PROX2_ENST00000445876.1,ENST00000556489.2_ENSG00000119608",PROX2,-0.00671605
9106_TMLHE_P1P2_ENSG00000185973,TMLHE,-0.0067187822
6363_PIM1_P1P2_ENSG00000137193,PIM1,-0.0067210686
159_ADNP_P1P2_ENSG00000101126,ADNP,-0.0067243646
6203_PDXP_P1P2_ENSG00000241360,PDXP,-0.0067337845
3884_HOOK2_P2_ENSG00000095066,HOOK2,-0.0067359214
9310_TRMT2B_P1P2_ENSG00000188917,TRMT2B,-0.0067407265
8464_SSX4_ENST00000376886.2_ENSG00000268009,SSX4,-0.0067414874
1249_CCDC124_P2_ENSG00000007080,CCDC124,-0.0067486665
636_ATOH7_P1P2_ENSG00000179774,ATOH7,-0.006752849
6218_PER3_P1P2_ENSG00000049246,PER3,-0.0067533744
1075_C2orf42_ENST00000420306.1_ENSG00000115998,C2orf42,-0.006755678
721_AZI2_P1P2_ENSG00000163512,AZI2,-0.006756838
1831_CPNE1_P1P2_ENSG00000214078,CPNE1,-0.0067602564
11296_non-targeting_non-targeting_non-targeting,non-targeting,-0.0067793294
7239_RETSAT_P1P2_ENSG00000042445,RETSAT,-0.0067869546
739_B4GALT7_P1P2_ENSG00000027847,B4GALT7,-0.006789586
7402_MRM3_P1P2_ENSG00000171861,MRM3,-0.006795824
7714_SDC1_P1P2_ENSG00000115884,SDC1,-0.0067979093
11259_non-targeting_non-targeting_non-targeting,non-targeting,-0.0067984746
7740_SEC22C_P1P2_ENSG00000093183,SEC22C,-0.006806284
10490_ZNF597_P1P2_ENSG00000167981,ZNF597,-0.0068085375
6069_PARD6B_P1P2_ENSG00000124171,PARD6B,-0.006811108
11221_non-targeting_non-targeting_non-targeting,non-targeting,-0.0068166824
31_ABCD4_P1P2_ENSG00000119688,ABCD4,-0.006816747
364_ANXA6_P1P2_ENSG00000197043,ANXA6,-0.006818949
5929_OGFOD2_P1P2_ENSG00000111325,OGFOD2,-0.006834662
3659_HCLS1_P1P2_ENSG00000180353,HCLS1,-0.0068364646
8734_TBL1XR1_P1P2_ENSG00000177565,TBL1XR1,-0.00685166
5050_MIB1_P1P2_ENSG00000101752,MIB1,-0.0068583954
7954_SLC11A2_P2_ENSG00000110911,SLC11A2,-0.0068694414
4925_MEA1_P1P2_ENSG00000124733,MEA1,-0.00687422
3600_GUF1_P1P2_ENSG00000151806,GUF1,-0.0068759895
9496_UBE2D1_P1P2_ENSG00000072401,UBE2D1,-0.006878349
4347_KIAA0355_P1P2_ENSG00000166398,KIAA0355,-0.0068819034
4093_IL17RA_P1P2_ENSG00000177663,IL17RA,-0.0068831053
3490_GPATCH2_P1P2_ENSG00000092978,GPATCH2,-0.006892172
481_ARHGEF2_P1P2_ENSG00000116584,ARHGEF2,-0.006903087
3513_GPR89A_ENST00000313835.9_ENSG00000117262,GPR89A,-0.0069078477
9527_UBE3D_P1P2_ENSG00000118420,UBE3D,-0.006922468
1022_C19orf53_P1P2_ENSG00000104979,C19orf53,-0.006923049
11213_non-targeting_non-targeting_non-targeting,non-targeting,-0.006938731
2562_EIF4B_P1P2_ENSG00000063046,EIF4B,-0.0069429376
905_BROX_P1P2_ENSG00000162819,BROX,-0.006953829
7171_RBM34_P1P2_ENSG00000188739,RBM34,-0.006954476
10820_non-targeting_non-targeting_non-targeting,non-targeting,-0.006978402
3881_HOMEZ_P1P2_ENSG00000215271,HOMEZ,-0.0069803507
1312_CCDC9_P1P2_ENSG00000105321,CCDC9,-0.006992078
1039_CZIB_P1P2_ENSG00000162384,CZIB,-0.006995266
5306_MTDH_P1P2_ENSG00000147649,MTDH,-0.007006907
8780_TCF23_P1P2_ENSG00000163792,TCF23,-0.007007716
8966_TMBIM4_P1P2_ENSG00000155957,TMBIM4,-0.0070219995
11006_non-targeting_non-targeting_non-targeting,non-targeting,-0.0070265066
401_APH1A_P1P2_ENSG00000117362,APH1A,-0.007029464
1063_C21orf58_P2_ENSG00000160298,C21orf58,-0.0070372783
6176_PDHB_P1P2_ENSG00000168291,PDHB,-0.0070432285
888_BRD2_P1_ENSG00000204256,BRD2,-0.00704405
1636_CLASRP_P1P2_ENSG00000104859,CLASRP,-0.0070544267
11260_non-targeting_non-targeting_non-targeting,non-targeting,-0.0070545394
4757_MAF_P1P2_ENSG00000178573,MAF,-0.0070605767
5087_MITF_P2_ENSG00000187098,MITF,-0.007061264
8180_SMIM4_P1P2_ENSG00000168273,SMIM4,-0.0070651444
10759_non-targeting_non-targeting_non-targeting,non-targeting,-0.0070654927
2470_ECSIT_P1P2_ENSG00000130159,ECSIT,-0.0070795924
3923_HOXD13_P1P2_ENSG00000128714,HOXD13,-0.0070860586
10225_ZNF232_P1_ENSG00000167840,ZNF232,-0.0070879413
7663_SATB1_P1_ENSG00000182568,SATB1,-0.007102513
4201_IRX4_P1P2_ENSG00000113430,IRX4,-0.0071157077
5639_NFIL3_P1P2_ENSG00000165030,NFIL3,-0.007122574
2006_CYP2R1_P1P2_ENSG00000186104,CYP2R1,-0.007123557
160_ADORA2B_P1P2_ENSG00000170425,ADORA2B,-0.007126462
3039_FBXW7_ENST00000603548.1_ENSG00000109670,FBXW7,-0.0071281283
1940_CTNND1_P1P2_ENSG00000198561,CTNND1,-0.007131361
7283_RHBDD3_P1P2_ENSG00000100263,RHBDD3,-0.0071421196
5531_NDUFA11_P1P2_ENSG00000174886,NDUFA11,-0.0071802023
2602_ELOVL5_P1P2_ENSG00000012660,ELOVL5,-0.00718449
7761_SELENBP1_P1P2_ENSG00000143416,SELENBP1,-0.0072483555
6067_PAQR8_P1P2_ENSG00000170915,PAQR8,-0.007253343
3196_FPGS_P1P2_ENSG00000136877,FPGS,-0.0072604925
10346_ZNF420_P1P2_ENSG00000197050,ZNF420,-0.0072613386
6407_PLA2G12A_P1P2_ENSG00000123739,PLA2G12A,-0.007261843
9093_TMEM68_P1P2_ENSG00000167904,TMEM68,-0.0072631543
5316_MTHFD1L_P1P2_ENSG00000120254,MTHFD1L,-0.007264937
2777_EXO5_P1P2_ENSG00000164002,EXO5,-0.00726745
596_ASXL2_P1P2_ENSG00000143970,ASXL2,-0.0072855866
7780_SELENOP_P1P2_ENSG00000250722,SELENOP,-0.0072902762
3748_HIST1H2AB_P1P2_ENSG00000278463,HIST1H2AB,-0.0072951126
7781_SEPSECS_P1P2_ENSG00000109618,SEPSECS,-0.007306218
9581_UHRF1BP1L_P1P2_ENSG00000111647,UHRF1BP1L,-0.00730767
7682_SCAMP3_P1P2_ENSG00000116521,SCAMP3,-0.0073078326
1127_C8orf76_P1P2_ENSG00000189376,C8orf76,-0.0073083364
5723_NNMT_P1P2_ENSG00000166741,NNMT,-0.007319406
10779_non-targeting_non-targeting_non-targeting,non-targeting,-0.0073387846
8174_SMIM14_P1P2_ENSG00000163683,SMIM14,-0.00734092
11089_non-targeting_non-targeting_non-targeting,non-targeting,-0.007351859
9937_YJEFN3_P2_ENSG00000250067,YJEFN3,-0.0073665977
1811_COX18_P1P2_ENSG00000163626,COX18,-0.007368226
11011_non-targeting_non-targeting_non-targeting,non-targeting,-0.00737192
5260_MRPS30_P1P2_ENSG00000112996,MRPS30,-0.007376715
11056_non-targeting_non-targeting_non-targeting,non-targeting,-0.0073792
10905_non-targeting_non-targeting_non-targeting,non-targeting,-0.0073796925
9205_TPM3_P1P2_ENSG00000143549,TPM3,-0.007395395
1315_CCNA2_P1P2_ENSG00000145386,CCNA2,-0.007401537
2343_DPF2_P1_ENSG00000133884,DPF2,-0.007413477
6501_PNRC1_P1P2_ENSG00000146278,PNRC1,-0.007414376
1132_AOPEP_ENST00000375315.2_ENSG00000148120,AOPEP,-0.0074194972
8640_TAB2_P1P2_ENSG00000055208,TAB2,-0.0074233776
9834_WDR62_P1P2_ENSG00000075702,WDR62,-0.007427052
2886_FAM189B_P1P2_ENSG00000160767,FAM189B,-0.0074289213
9647_USP2_P2_ENSG00000036672,USP2,-0.007443489
5115_MLST8_P1P2_ENSG00000167965,MLST8,-0.007444041
4089_IK_P2_ENSG00000113141,IK,-0.0074643446
8534_STPG1_P1P2_ENSG00000001460,STPG1,-0.0074660988
10486_ZNF594_P1P2_ENSG00000180626,ZNF594,-0.007486218
10579_ZNF710_P1P2_ENSG00000140548,ZNF710,-0.007488553
487_ARID1B_P1_ENSG00000049618,ARID1B,-0.0074892687
3621_HADHA_P1P2_ENSG00000084754,HADHA,-0.0074945115
10494_ZNF605_P1P2_ENSG00000196458,ZNF605,-0.0074960613
9927_YES1_P1P2_ENSG00000176105,YES1,-0.0075010136
9631_USP10_P1P2_ENSG00000103194,USP10,-0.0075014075
6586_POU2F1_P1_ENSG00000143190,POU2F1,-0.0075122486
6706_PPT2_P1P2_ENSG00000221988,PPT2,-0.0075145913
10290_ZNF329_P1_ENSG00000181894,ZNF329,-0.007526881
9513_UBE2N_P1P2_ENSG00000177889,UBE2N,-0.007527649
5907_NUSAP1_P1P2_ENSG00000137804,NUSAP1,-0.00753332
2883_FAM184A_P1P2_ENSG00000111879,FAM184A,-0.0075358315
10795_non-targeting_non-targeting_non-targeting,non-targeting,-0.007540741
8798_TDGF1_P1P2_ENSG00000241186,TDGF1,-0.007574978
3545_GRWD1_P1P2_ENSG00000105447,GRWD1,-0.0075773485
7382_RNF220_ENST00000443020.2_ENSG00000187147,RNF220,-0.0075884606
10794_non-targeting_non-targeting_non-targeting,non-targeting,-0.0075947754
10604_ZNF747_P1P2_ENSG00000169955,ZNF747,-0.00759529
3301_GATAD2B_P1P2_ENSG00000143614,GATAD2B,-0.0075954436
3596_GTPBP8_P1P2_ENSG00000163607,GTPBP8,-0.0075961817
4647_LRP10_P1P2_ENSG00000197324,LRP10,-0.0075967177
9357_TSPAN4_P2_ENSG00000214063,TSPAN4,-0.0076025487
5958_OR51B5_ENST00000300773.2_ENSG00000167355,OR51B5,-0.0076114815
10927_non-targeting_non-targeting_non-targeting,non-targeting,-0.0076153856
2903_FAM210B_P1P2_ENSG00000124098,FAM210B,-0.007623068
312_ANGPT1_P1P2_ENSG00000154188,ANGPT1,-0.0076248418
11227_non-targeting_non-targeting_non-targeting,non-targeting,-0.0076304423
3026_FBXO4_P1P2_ENSG00000151876,FBXO4,-0.0076330877
2978_FASTKD3_P1P2_ENSG00000124279,FASTKD3,-0.0076331017
6564_POLR3K_P1P2_ENSG00000161980,POLR3K,-0.0076355976
441_ARF5_P1_ENSG00000004059,ARF5,-0.007639727
255_ALDH1A2_P1P2_ENSG00000128918,ALDH1A2,-0.007640805
10902_non-targeting_non-targeting_non-targeting,non-targeting,-0.007645391
10989_non-targeting_non-targeting_non-targeting,non-targeting,-0.007647223
9083_MACO1_P1P2_ENSG00000204178,MACO1,-0.007647257
5186_MRC2_P1P2_ENSG00000011028,MRC2,-0.0076492936
8805_TEAD2_P1P2_ENSG00000074219,TEAD2,-0.0076508154
7196_RCAN1_P1P2_ENSG00000159200,RCAN1,-0.007652377
6326_PICK1_P1P2_ENSG00000100151,PICK1,-0.007656559
6646_PPME1_P1P2_ENSG00000214517,PPME1,-0.007672206
6303_PHLDB1_P2_ENSG00000019144,PHLDB1,-0.0076832795
735_B4GALT2_P1P2_ENSG00000117411,B4GALT2,-0.0076870136
10428_ZNF534_P1P2_ENSG00000198633,ZNF534,-0.0077001182
6812_PRR14L_P1P2_ENSG00000183530,PRR14L,-0.007704689
5307_MTF1_P1P2_ENSG00000188786,MTF1,-0.0077120364
2745_ESX1_P1P2_ENSG00000123576,ESX1,-0.0077240258
5765_NPC2_P1P2_ENSG00000119655,NPC2,-0.007724069
5974_OS9_P1P2_ENSG00000135506,OS9,-0.0077301264
1869_CRELD1_P1P2_ENSG00000163703,CRELD1,-0.0077304617
8495_STAT2_P1P2_ENSG00000170581,STAT2,-0.0077348663
9122_TNFAIP8L1_P1P2_ENSG00000185361,TNFAIP8L1,-0.007742457
7932_SIX2_P1P2_ENSG00000170577,SIX2,-0.007752581
8385_SPTBN2_P1P2_ENSG00000173898,SPTBN2,-0.0077668387
7429_RPGR_P1P2_ENSG00000156313,RPGR,-0.0077683046
955_C11orf71_P1P2_ENSG00000180425,C11orf71,-0.0077758436
9882_WWC2_P1P2_ENSG00000151718,WWC2,-0.0077791563
10778_non-targeting_non-targeting_non-targeting,non-targeting,-0.00778527
560_ASAH1_P1P2_ENSG00000104763,ASAH1,-0.0077885543
6568_POMGNT1_P1P2_ENSG00000085998,POMGNT1,-0.0077901734
10098_ZFP90_P2_ENSG00000184939,ZFP90,-0.0077948975
9124_TNFAIP8_P1P2_ENSG00000145779,TNFAIP8,-0.0077981967
6991_QSOX2_P1P2_ENSG00000165661,QSOX2,-0.007805051
1501_CEP19_P1P2_ENSG00000174007,CEP19,-0.007815183
3696_HERPUD2_P1P2_ENSG00000122557,HERPUD2,-0.007816823
4995_METTL17_P1P2_ENSG00000165792,METTL17,-0.007830019
553_ARSK_P1P2_ENSG00000164291,ARSK,-0.007840576
7880_SH3BP5L_P1P2_ENSG00000175137,SH3BP5L,-0.007841144
5003_METTL2B_P1_ENSG00000165055,METTL2B,-0.007842799
6841_PSMA1_P1P2_ENSG00000129084,PSMA1,-0.007885411
11042_non-targeting_non-targeting_non-targeting,non-targeting,-0.007894787
3154_FOXD4_ENST00000382500.2_ENSG00000170122,FOXD4,-0.007899149
4051_IFT172_P1P2_ENSG00000138002,IFT172,-0.007902291
367_AP1B1_P1P2_ENSG00000100280,AP1B1,-0.007904934
6239_PFDN4_P1P2_ENSG00000101132,PFDN4,-0.007908008
3139_FOSL2_P1P2_ENSG00000075426,FOSL2,-0.007925171
5219_MRPL37_P1P2_ENSG00000116221,MRPL37,-0.007927895
2971_FARP2_P1P2_ENSG00000006607,FARP2,-0.007930987
965_C12orf49_P1P2_ENSG00000111412,C12orf49,-0.007934548
1202_CASP2_P1P2_ENSG00000106144,CASP2,-0.007939957
5240_MRPL9_P1P2_ENSG00000143436,MRPL9,-0.0079437895
794_BCL10_P1P2_ENSG00000142867,BCL10,-0.007951298
776_BBIP1_P1P2_ENSG00000214413,BBIP1,-0.007957428
5032_MFSD8_P1P2_ENSG00000164073,MFSD8,-0.007977188
4709_LTBR_P1P2_ENSG00000111321,LTBR,-0.007978175
419_APOOL_P1P2_ENSG00000155008,APOOL,-0.007987702
337_ANKRD36C_P1P2_ENSG00000174501,ANKRD36C,-0.007994941
9962_ZBED2_P1P2_ENSG00000177494,ZBED2,-0.007996066
3028_FBXO6_P1P2_ENSG00000116663,FBXO6,-0.008004655
5228_MRPL45_P1P2_ENSG00000278845,MRPL45,-0.008011428
4141_INSIG2_P1P2_ENSG00000125629,INSIG2,-0.008022963
5643_NFKB2_P1P2_ENSG00000077150,NFKB2,-0.008029904
4570_LHX3_P2_ENSG00000107187,LHX3,-0.008031312
6764_PRKCSH_P1P2_ENSG00000130175,PRKCSH,-0.008033378
961_C11orf96_P1P2_ENSG00000187479,C11orf96,-0.008033545
9002_TMEM141_P1P2_ENSG00000244187,TMEM141,-0.008038513
11145_non-targeting_non-targeting_non-targeting,non-targeting,-0.008047858
6854_PSMB6_P2_ENSG00000142507,PSMB6,-0.008049144
5515_NCR3LG1_P1P2_ENSG00000188211,NCR3LG1,-0.008050922
7276_RGS16_P1P2_ENSG00000143333,RGS16,-0.008064019
7369_RNF187_P2_ENSG00000168159,RNF187,-0.0080661215
7372_RNF207_P1_ENSG00000158286,RNF207,-0.00807012
8406_SRF_P1P2_ENSG00000112658,SRF,-0.008073444
4097_IL27RA_P1P2_ENSG00000104998,IL27RA,-0.008078963
333_ANKRD26_P1P2_ENSG00000107890,ANKRD26,-0.008082613
1556_CHD1_P1P2_ENSG00000153922,CHD1,-0.0080863945
11326_non-targeting_non-targeting_non-targeting,non-targeting,-0.008089629
9116_TMX1_P1P2_ENSG00000139921,TMX1,-0.008093187
4449_KMT2B_P1_ENSG00000272333,KMT2B,-0.008101877
778_BBS2_P1P2_ENSG00000125124,BBS2,-0.008108761
3529_GRB10_P1_ENSG00000106070,GRB10,-0.008111806
3828_HMGB1_P2_ENSG00000189403,HMGB1,-0.008115897
5049_MIA3_P1_ENSG00000154305,MIA3,-0.008118832
1320_CCND1_P1_ENSG00000110092,CCND1,-0.008122673
1528_CES2_P2_ENSG00000172831,CES2,-0.008125325
3048_FDFT1_P1_ENSG00000079459,FDFT1,-0.0081332475
10860_non-targeting_non-targeting_non-targeting,non-targeting,-0.008133815
305_ANAPC16_P1P2_ENSG00000166295,ANAPC16,-0.0081343865
10758_non-targeting_non-targeting_non-targeting,non-targeting,-0.00814815
1571_CHFR_P1P2_ENSG00000072609,CHFR,-0.008153512
10606_ZNF74_P1P2_ENSG00000185252,ZNF74,-0.008160199
10850_non-targeting_non-targeting_non-targeting,non-targeting,-0.008171564
11112_non-targeting_non-targeting_non-targeting,non-targeting,-0.0081731025
6349_PIGX_P1P2_ENSG00000163964,PIGX,-0.008173367
3904_HOXB6_P2_ENSG00000108511,HOXB6,-0.008190466
8203_SNAP47_P2_ENSG00000143740,SNAP47,-0.008196184
4429_KLHDC3_P2_ENSG00000124702,KLHDC3,-0.008200687
7345_RNF126_P1P2_ENSG00000070423,RNF126,-0.008211612
2396_DUS2_P1P2_ENSG00000167264,DUS2,-0.008215041
4370_MFSD4B_P1P2_ENSG00000173214,MFSD4B,-0.008225024
907_BRPF3_P1P2_ENSG00000096070,BRPF3,-0.008227792
1176_CAPG_P2_ENSG00000042493,CAPG,-0.008231657
6357_PIK3R1_P1P2_ENSG00000145675,PIK3R1,-0.008238087
4987_METRN_P1P2_ENSG00000103260,METRN,-0.008244202
2378_DSCC1_P1P2_ENSG00000136982,DSCC1,-0.008253537
4702_LTA4H_P1P2_ENSG00000111144,LTA4H,-0.008262883
10526_ZNF649_P1P2_ENSG00000198093,ZNF649,-0.008263898
2776_EXO1_P1P2_ENSG00000174371,EXO1,-0.008265358
5102_MKX_P2_ENSG00000150051,MKX,-0.008275603
2906_PRXL2A_P2_ENSG00000122378,PRXL2A,-0.008283394
6832_PRUNE1_P1P2_ENSG00000143363,PRUNE1,-0.008283834
5987_OSR1_P1P2_ENSG00000143867,OSR1,-0.008291477
5930_OGFOD3_P1P2_ENSG00000181396,OGFOD3,-0.008303513
1678_CLSTN1_P1P2_ENSG00000171603,CLSTN1,-0.00831252
4090_IL10RB_P1P2_ENSG00000243646,IL10RB,-0.008315196
1662_CLK4_P1P2_ENSG00000113240,CLK4,-0.00832538
10847_non-targeting_non-targeting_non-targeting,non-targeting,-0.008336666
7268_RGCC_P1P2_ENSG00000102760,RGCC,-0.008344455
3859_HNRNPA3_P1P2_ENSG00000170144,HNRNPA3,-0.0083582215
10748_non-targeting_non-targeting_non-targeting,non-targeting,-0.008384737
602_ATAD5_P1P2_ENSG00000176208,ATAD5,-0.008385319
10076_ZFHX3_P1P2_ENSG00000140836,ZFHX3,-0.008385958
4177_IQSEC2_P2_ENSG00000124313,IQSEC2,-0.008385994
7204_RCE1_P1P2_ENSG00000173653,RCE1,-0.008408732
4065_IGF2BP1_P1P2_ENSG00000159217,IGF2BP1,-0.0084128985
8322_SPATA24_P1P2_ENSG00000170469,SPATA24,-0.008418939
2913_FAM222B_P1_ENSG00000173065,FAM222B,-0.008425971
1177_CAPG_P1_ENSG00000042493,CAPG,-0.008427001
6783_PRODH_P1_ENSG00000100033,PRODH,-0.008429443
1417_CDCA7_P1P2_ENSG00000144354,CDCA7,-0.008436623
2921_FAM3C_P1P2_ENSG00000196937,FAM3C,-0.008442562
5063_MID1IP1_P1P2_ENSG00000165175,MID1IP1,-0.008459023
7707_SCRN2_P1P2_ENSG00000141295,SCRN2,-0.008459328
8461_SSX1_P1P2_ENSG00000126752,SSX1,-0.008468892
5753_NOS3_P1P2_ENSG00000164867,NOS3,-0.008471207
4965_MEIOB_P1P2_ENSG00000162039,MEIOB,-0.008481705
5960_OR7A17_ENST00000327462.2_ENSG00000185385,OR7A17,-0.008484649
10623_ZNF774_P1P2_ENSG00000196391,ZNF774,-0.008506176
3959_HSF1_P1P2_ENSG00000185122,HSF1,-0.00850698
889_BRD2_P2_ENSG00000204256,BRD2,-0.008514163
6901_PTCD2_P1P2_ENSG00000049883,PTCD2,-0.008515128
408_APMAP_P1P2_ENSG00000101474,APMAP,-0.0085224435
4545_LDLRAP1_P2_ENSG00000157978,LDLRAP1,-0.008542764
5534_NDUFA1_P1P2_ENSG00000125356,NDUFA1,-0.008545242
8899_THUMPD2_P1P2_ENSG00000138050,THUMPD2,-0.008545748
4195_IRF8_P1P2_ENSG00000140968,IRF8,-0.008548712
8760_TBX6_P1P2_ENSG00000149922,TBX6,-0.008560127
2847_FAM126A_P1P2_ENSG00000122591,FAM126A,-0.008567844
782_BCAP29_P1P2_ENSG00000075790,BCAP29,-0.008568397
5908_NUTF2_P1P2_ENSG00000102898,NUTF2,-0.0085712895
8449_SSBP4_P1P2_ENSG00000130511,SSBP4,-0.008586765
7316_RIPK2_P1P2_ENSG00000104312,RIPK2,-0.008590477
9952_YWHAE_P1P2_ENSG00000108953,YWHAE,-0.008619594
790_BCKDHA_P2_ENSG00000248098,BCKDHA,-0.008622761
3041_FCER1G_P1P2_ENSG00000158869,FCER1G,-0.008644353
4005_IBA57_P1P2_ENSG00000181873,IBA57,-0.008645228
11125_non-targeting_non-targeting_non-targeting,non-targeting,-0.008650258
11039_non-targeting_non-targeting_non-targeting,non-targeting,-0.008650804
353_ANP32A_P1P2_ENSG00000140350,ANP32A,-0.00865479
1304_CCDC88C_P1P2_ENSG00000015133,CCDC88C,-0.008657805
11330_non-targeting_non-targeting_non-targeting,non-targeting,-0.008680463
10920_non-targeting_non-targeting_non-targeting,non-targeting,-0.008683485
11195_non-targeting_non-targeting_non-targeting,non-targeting,-0.00871978
7792_SELENOW_P1P2_ENSG00000178980,SELENOW,-0.00874188
6242_PFKFB2_P1P2_ENSG00000123836,PFKFB2,-0.0087430645
9162_TOM1_P1P2_ENSG00000100284,TOM1,-0.008751667
8467_ST20-MTHFS_P1P2_nan,ST20-MTHFS,-0.008753571
9932_YIPF3_P1P2_ENSG00000137207,YIPF3,-0.008756603
9658_USP40_P1P2_ENSG00000085982,USP40,-0.008763549
3171_FOXM1_P1P2_ENSG00000111206,FOXM1,-0.008771138
4794_MANEA_P1P2_ENSG00000172469,MANEA,-0.008779633
4102_ILK_P1P2_ENSG00000166333,ILK,-0.008785509
11069_non-targeting_non-targeting_non-targeting,non-targeting,-0.00878972
8728_TBCC_P1P2_ENSG00000124659,TBCC,-0.00882664
6068_PARD3_P1P2_ENSG00000148498,PARD3,-0.008827962
10158_ZNF114_P1P2_ENSG00000178150,ZNF114,-0.008831103
2022_DAGLB_ENST00000297056.6_ENSG00000164535,DAGLB,-0.008841519
3915_HOXC5_P1P2_ENSG00000172789,HOXC5,-0.0088494485
1992_CYB5R1_P1P2_ENSG00000159348,CYB5R1,-0.008860851
2524_EID2B_P1P2_ENSG00000176401,EID2B,-0.00886165
7027_RAB3GAP2_P1P2_ENSG00000118873,RAB3GAP2,-0.0088679055
10234_ZNF23_P2_ENSG00000167377,ZNF23,-0.008869502
4260_JRKL_P1P2_ENSG00000183340,JRKL,-0.008882334
5135_MOB3A_P2_ENSG00000172081,MOB3A,-0.008886546
551_ARRDC3_P1P2_ENSG00000113369,ARRDC3,-0.008887576
11025_non-targeting_non-targeting_non-targeting,non-targeting,-0.008889971
10530_ZNF655_P1P2_ENSG00000197343,ZNF655,-0.008891431
7087_RALGDS_P1_ENSG00000160271,RALGDS,-0.008892784
9264_TRIM16_P1P2_ENSG00000221926,TRIM16,-0.0088930335
3290_GAS8_P2_ENSG00000141013,GAS8,-0.008904905
4247_JAK1_P1P2_ENSG00000162434,JAK1,-0.008909518
11052_non-targeting_non-targeting_non-targeting,non-targeting,-0.00890997
11117_non-targeting_non-targeting_non-targeting,non-targeting,-0.008919508
25_ABCB9_P2_ENSG00000150967,ABCB9,-0.00894885
7134_RB1CC1_P2_ENSG00000023287,RB1CC1,-0.00895807
2976_FASTKD1_P1P2_ENSG00000138399,FASTKD1,-0.00897063
644_ATP13A3_P1P2_ENSG00000133657,ATP13A3,-0.008976734
6988_QRSL1_P1P2_ENSG00000130348,QRSL1,-0.008986512
2370_DRAM1_P1P2_ENSG00000136048,DRAM1,-0.008996313
7989_SLC25A1_P1P2_ENSG00000100075,SLC25A1,-0.009001774
351_ANO10_P1P2_ENSG00000160746,ANO10,-0.009008792
3887_HOXA11_P1P2_ENSG00000005073,HOXA11,-0.009027429
280_ALKBH7_P1P2_ENSG00000125652,ALKBH7,-0.009031281
11139_non-targeting_non-targeting_non-targeting,non-targeting,-0.0090338765
10127_ZKSCAN1_P1P2_ENSG00000106261,ZKSCAN1,-0.009037727
8696_TASP1_P1P2_ENSG00000089123,TASP1,-0.009050107
9864_WIPI1_P1P2_ENSG00000070540,WIPI1,-0.009051171
4479_KRT8_P2_ENSG00000170421,KRT8,-0.009051732
1236_CC2D1A_P1P2_ENSG00000132024,CC2D1A,-0.009053957
123_ACYP1_P2_ENSG00000119640,ACYP1,-0.00905694
10257_ZNF276_P1P2_ENSG00000158805,ZNF276,-0.00905919
11094_non-targeting_non-targeting_non-targeting,non-targeting,-0.009076138
4427_KLHDC2_P1P2_ENSG00000165516,KLHDC2,-0.009110813
5571_NDUFS6_P1P2_ENSG00000145494,NDUFS6,-0.009113292
7197_RCBTB2_P1P2_ENSG00000136161,RCBTB2,-0.009120553
121_ACY1_P1P2_ENSG00000243989,ACY1,-0.009127389
9175_TOP2A_P1P2_ENSG00000131747,TOP2A,-0.009129731
3186_FOXP2_ENST00000393494.2_ENSG00000128573,FOXP2,-0.0091420235
9730_VIPAS39_P1P2_ENSG00000151445,VIPAS39,-0.009143718
5161_MPDU1_P1P2_ENSG00000129255,MPDU1,-0.009149209
1694_CMPK1_P1P2_ENSG00000162368,CMPK1,-0.009149743
72_ACADVL_P1P2_ENSG00000072778,ACADVL,-0.0091519775
7636_SAFB_P1P2_ENSG00000160633,SAFB,-0.00915685
763_BARHL2_P1P2_ENSG00000143032,BARHL2,-0.0091574965
10612_ZNF764_P1P2_ENSG00000169951,ZNF764,-0.009160005
3500_GPI_P1P2_ENSG00000105220,GPI,-0.009176491
5237_MRPL53_P1P2_ENSG00000204822,MRPL53,-0.009183926
868_BOD1_P1P2_ENSG00000145919,BOD1,-0.009188748
5036_MGAT2_P1P2_ENSG00000168282,MGAT2,-0.009192693
7783_SEPTIN1_P1_ENSG00000180096,SEPTIN1,-0.009193691
7202_RCCD1_P1_ENSG00000166965,RCCD1,-0.009194732
712_AUP1_P1P2_ENSG00000115307,AUP1,-0.009201293
8804_TEAD1_P1P2_ENSG00000187079,TEAD1,-0.009212892
10545_ZNF677_P1P2_ENSG00000197928,ZNF677,-0.009216643
3165_FOXJ2_P1P2_ENSG00000065970,FOXJ2,-0.009218504
4190_IRF4_P2_ENSG00000137265,IRF4,-0.009219258
2722_ERV3-1_P1P2_ENSG00000213462,ERV3-1,-0.009223222
4526_LBH_P1P2_ENSG00000213626,LBH,-0.009226677
3760_HIST1H2BC_P1P2_ENSG00000180596,HIST1H2BC,-0.009231944
10747_non-targeting_non-targeting_non-targeting,non-targeting,-0.009233884
3311_GBX1_P1_ENSG00000164900,GBX1,-0.009240679
5970_ORC6_P1P2_ENSG00000091651,ORC6,-0.009241009
2398_DUS4L_P1P2_ENSG00000105865,DUS4L,-0.009243624
9395_TTC9C_P1P2_ENSG00000162222,TTC9C,-0.009243628
7666_SAV1_P1P2_ENSG00000151748,SAV1,-0.009247614
8607_SUSD3_P1P2_ENSG00000157303,SUSD3,-0.009249958
3277_GAMT_P1P2_ENSG00000130005,GAMT,-0.009253297
7416_RORC_P1_ENSG00000143365,RORC,-0.0092627965
5308_MTF2_P1P2_ENSG00000143033,MTF2,-0.009264337
3620_HACL1_P1P2_ENSG00000131373,HACL1,-0.009270933
9308_TRMT1_P1P2_ENSG00000104907,TRMT1,-0.009275109
11265_non-targeting_non-targeting_non-targeting,non-targeting,-0.009280763
9592_UNC45A_P1_ENSG00000140553,UNC45A,-0.009283196
3851_HNF1B_P1P2_ENSG00000275410,HNF1B,-0.0092910025
2874_FAM171A2_P1P2_ENSG00000161682,FAM171A2,-0.009303163
1340_CCP110_P1P2_ENSG00000103540,CCP110,-0.009305078
10661_ZNF827_P1P2_ENSG00000151612,ZNF827,-0.009313078
1112_SNHG32_P1P2_ENSG00000204387,SNHG32,-0.009313615
418_APOM_P1P2_ENSG00000204444,APOM,-0.009322123
9666_USP49_P1P2_ENSG00000164663,USP49,-0.0093242265
10949_non-targeting_non-targeting_non-targeting,non-targeting,-0.009324228
8573_SUCLG2_P1P2_ENSG00000172340,SUCLG2,-0.009324339
2757_ETNK2_P1P2_ENSG00000143845,ETNK2,-0.009337257
1183_CAPNS1_P1P2_ENSG00000126247,CAPNS1,-0.009338504
4179_IRAK1_P1_ENSG00000184216,IRAK1,-0.009341165
4170_IQCC_P1P2_ENSG00000160051,IQCC,-0.009345691
10016_ZBTB9_P1P2_ENSG00000213588,ZBTB9,-0.009350233
5387_MYL6B_P1P2_ENSG00000196465,MYL6B,-0.009352698
4590_LIN28A_P1P2_ENSG00000131914,LIN28A,-0.009375805
249_ALAD_P1P2_ENSG00000148218,ALAD,-0.009377111
929_BTN2A1_P1P2_ENSG00000112763,BTN2A1,-0.009378432
10537_ZNF668_ENST00000417110.2_ENSG00000167394,ZNF668,-0.00938009
4474_KRT10_P1_ENSG00000186395,KRT10,-0.009380933
9963_ZBED3_P1P2_ENSG00000132846,ZBED3,-0.009381499
8742_TBR1_P1P2_ENSG00000136535,TBR1,-0.009381504
3694_HERC4_P1P2_ENSG00000148634,HERC4,-0.009389221
11054_non-targeting_non-targeting_non-targeting,non-targeting,-0.009399881
6272_PHACTR4_P1P2_ENSG00000204138,PHACTR4,-0.009406347
6753_PRKACA_P1P2_ENSG00000072062,PRKACA,-0.009413672
10177_ZNF154_P1P2_ENSG00000179909,ZNF154,-0.009463205
6233_PEX5_P1P2_ENSG00000139197,PEX5,-0.009467451
5_AAGAB_P1P2_ENSG00000103591,AAGAB,-0.009473433
2431_DYNLT3_P1P2_ENSG00000165169,DYNLT3,-0.0094839735
10948_non-targeting_non-targeting_non-targeting,non-targeting,-0.009490383
6318_PI4KB_P1P2_ENSG00000143393,PI4KB,-0.009491919
3664_HDAC3_P1P2_ENSG00000171720,HDAC3,-0.00952018
9827_WDR53_P1P2_ENSG00000185798,WDR53,-0.009522705
720_AXL_P1P2_ENSG00000167601,AXL,-0.0095261065
2591_ELK4_P1P2_ENSG00000158711,ELK4,-0.0095367255
6490_PNMA8A_P1P2_ENSG00000182013,PNMA8A,-0.009544126
2064_DCBLD2_P1P2_ENSG00000057019,DCBLD2,-0.009552827
1217_CBFA2T2_P1P2_ENSG00000078699,CBFA2T2,-0.009566444
1308_CCDC92_P1P2_ENSG00000119242,CCDC92,-0.00957211
10762_non-targeting_non-targeting_non-targeting,non-targeting,-0.009574064
3687_HELQ_P1P2_ENSG00000163312,HELQ,-0.009583902
10462_ZNF573_P1P2_ENSG00000189144,ZNF573,-0.009594529
6450_PLIN2_P2_ENSG00000147872,PLIN2,-0.009610576
460_ARHGAP18_P1P2_ENSG00000146376,ARHGAP18,-0.009614453
2199_DHRS7B_P1P2_ENSG00000109016,DHRS7B,-0.00962768
10344_ZNF419_P1P2_ENSG00000105136,ZNF419,-0.009632232
7176_RBM42_P1P2_ENSG00000126254,RBM42,-0.009639961
599_ATAD2_P1P2_ENSG00000156802,ATAD2,-0.009640564
6096_PAX9_P2_ENSG00000198807,PAX9,-0.009644083
2938_FAM72C_ENST00000369175.3_ENSG00000263513,FAM72C,-0.009648675
6248_PFKP_P1P2_ENSG00000067057,PFKP,-0.009655048
4912_MCUR1_P1P2_ENSG00000050393,MCUR1,-0.009662409
8423_SRRD_P1P2_ENSG00000100104,SRRD,-0.0096700955
2341_DPF1_P1_ENSG00000011332,DPF1,-0.009685545
7673_SC5D_P1P2_ENSG00000109929,SC5D,-0.0096872235
7330_RNASEH2B_P1P2_ENSG00000136104,RNASEH2B,-0.009694864
9393_TTC7B_P1P2_ENSG00000165914,TTC7B,-0.009704919
11058_non-targeting_non-targeting_non-targeting,non-targeting,-0.00972411
11037_non-targeting_non-targeting_non-targeting,non-targeting,-0.009736374
3295_GATA4_P1P2_ENSG00000136574,GATA4,-0.009757107
10650_ZNF805_P1P2_ENSG00000204524,ZNF805,-0.009759543
8067_SLC38A7_P1P2_ENSG00000103042,SLC38A7,-0.009772293
7846_SFT2D3_P1P2_ENSG00000173349,SFT2D3,-0.009772562
10878_non-targeting_non-targeting_non-targeting,non-targeting,-0.009774462
2875_ANTKMT_P1P2_ENSG00000103254,ANTKMT,-0.009774491
8213_SNF8_P1P2_ENSG00000159210,SNF8,-0.009776202
4543_LDHB_P1P2_ENSG00000111716,LDHB,-0.009787061
10147_ZMYM5_P1P2_ENSG00000132950,ZMYM5,-0.009787692
5759_NPAS2_P1P2_ENSG00000170485,NPAS2,-0.009792778
3799_HIVEP3_ENST00000372584.1_ENSG00000127124,HIVEP3,-0.009796574
7138_RBAK_P1_ENSG00000146587,RBAK,-0.009797323
5288_MSMO1_P1P2_ENSG00000052802,MSMO1,-0.009817024
11022_non-targeting_non-targeting_non-targeting,non-targeting,-0.009818159
5206_MRPL22_P1P2_ENSG00000082515,MRPL22,-0.00983353
7099_RAN_P1P2_ENSG00000132341,RAN,-0.009833875
8488_STARD3NL_P1P2_ENSG00000010270,STARD3NL,-0.00984279
10573_ZNF705G_ENST00000400078.2_ENSG00000215372,ZNF705G,-0.00984363
6757_PRKAR1B_P1_ENSG00000188191,PRKAR1B,-0.009853372
9968_ZBTB10_P1P2_ENSG00000205189,ZBTB10,-0.009864576
5358_MXD1_P1P2_ENSG00000059728,MXD1,-0.009867259
3852_HNF4A_P1P2_ENSG00000101076,HNF4A,-0.009871113
1459_CDV3_P1P2_ENSG00000091527,CDV3,-0.009879049
5536_NDUFA3_P1P2_ENSG00000170906,NDUFA3,-0.009882705
8261_SOAT1_P1P2_ENSG00000057252,SOAT1,-0.009882959
1714_CNOT10_P1P2_ENSG00000182973,CNOT10,-0.009884496
6428_PLD3_P2_ENSG00000105223,PLD3,-0.009898552
8913_TIMELESS_P1P2_ENSG00000111602,TIMELESS,-0.00990168
8369_SPPL3_P1P2_ENSG00000157837,SPPL3,-0.0099042645
4338_KHK_P1P2_ENSG00000138030,KHK,-0.009924568
9788_WASL_P1P2_ENSG00000106299,WASL,-0.009932975
5198_MRPL15_P1P2_ENSG00000137547,MRPL15,-0.009941135
1000_C16orf95_P1P2_ENSG00000260456,C16orf95,-0.009945938
6607_PPARD_P1P2_ENSG00000112033,PPARD,-0.009946077
6936_PTPRG_P1P2_ENSG00000144724,PTPRG,-0.009953898
1432_CDK2_P1P2_ENSG00000123374,CDK2,-0.009959855
4227_ITGB1_P1P2_ENSG00000150093,ITGB1,-0.009962166
10366_ZNF442_P1P2_ENSG00000198342,ZNF442,-0.009968188
2931_MINDY2_P1P2_ENSG00000128923,MINDY2,-0.009971764
5877_NUDT9_P1P2_ENSG00000170502,NUDT9,-0.009972513
6016_P2RX5_P1P2_ENSG00000083454,P2RX5,-0.009983575
792_BCKDHB_P1P2_ENSG00000083123,BCKDHB,-0.009987107
2143_DEF8_P1P2_ENSG00000140995,DEF8,-0.009991581
2890_MCRIP2_P1P2_ENSG00000172366,MCRIP2,-0.010020536
7890_SHC1_P1_ENSG00000160691,SHC1,-0.010034885
6506_PODXL2_P1P2_ENSG00000114631,PODXL2,-0.0100369165
10498_ZNF608_P2_ENSG00000168916,ZNF608,-0.010038512
8762_TBXAS1_P1P2_ENSG00000059377,TBXAS1,-0.010038654
973_C14orf119_P1P2_ENSG00000179933,C14orf119,-0.010059433
10506_ZNF618_P1P2_ENSG00000157657,ZNF618,-0.010068747
6756_PRKAR1B_P2_ENSG00000188191,PRKAR1B,-0.010082655
1162_CALU_P1P2_ENSG00000128595,CALU,-0.010116023
1341_CCPG1_P1P2_ENSG00000260916,CCPG1,-0.010116297
449_ARFGEF2_P1P2_ENSG00000124198,ARFGEF2,-0.0101173185
9558_UBXN6_P2_ENSG00000167671,UBXN6,-0.010122698
1503_CEP290_P1P2_ENSG00000198707,CEP290,-0.010123761
10786_non-targeting_non-targeting_non-targeting,non-targeting,-0.010133018
6258_PGK1_P1P2_ENSG00000102144,PGK1,-0.01014174
11030_non-targeting_non-targeting_non-targeting,non-targeting,-0.010160936
2628_EMP2_P1P2_ENSG00000213853,EMP2,-0.010163286
10985_non-targeting_non-targeting_non-targeting,non-targeting,-0.010165207
8478_ST7_P1P2_ENSG00000004866,ST7,-0.010179415
9655_USP39_P2_ENSG00000168883,USP39,-0.010181006
3238_FZR1_P1P2_ENSG00000105325,FZR1,-0.0101898685
7972_SLC19A1_P1P2_ENSG00000173638,SLC19A1,-0.010190633
5637_NFIC_P1_ENSG00000141905,NFIC,-0.010190742
8308_SP3_P1P2_ENSG00000172845,SP3,-0.010216331
7817_SETD3_P1P2_ENSG00000183576,SETD3,-0.010247887
1548_CHCHD1_P1P2_ENSG00000172586,CHCHD1,-0.010255409
10404_ZNF503_P1P2_ENSG00000165655,ZNF503,-0.010257018
8603_SURF2_P1P2_ENSG00000148291,SURF2,-0.010273645
8528_STMN1_P1P2_ENSG00000117632,STMN1,-0.010274017
7106_RAP2B_P1P2_ENSG00000181467,RAP2B,-0.010275429
1699_CMTM6_P1P2_ENSG00000091317,CMTM6,-0.0102806715
8581_SULT1A3_ENST00000338971.5_ENSG00000261052,SULT1A3,-0.010290046
10227_ZNF233_P1P2_ENSG00000159915,ZNF233,-0.010293256
7391_RNF41_P1P2_ENSG00000181852,RNF41,-0.010293478
8749_TBX19_ENST00000367821.3_ENSG00000143178,TBX19,-0.010298692
5631_NFE2L2_P2_ENSG00000116044,NFE2L2,-0.010309228
4909_MCPH1_P1P2_ENSG00000147316,MCPH1,-0.010323383
7226_RELA_P1P2_ENSG00000173039,RELA,-0.010331695
501_ARL14EP_P1P2_ENSG00000152219,ARL14EP,-0.0103357835
2173_DGCR2_P1P2_ENSG00000070413,DGCR2,-0.010344683
10207_ZNF212_P1P2_ENSG00000170260,ZNF212,-0.010349627
4559_LEUTX_ENST00000396841.4_ENSG00000213921,LEUTX,-0.010372853
2692_ERC1_P1P2_ENSG00000082805,ERC1,-0.010377633
6642_PPM1G_P1_ENSG00000115241,PPM1G,-0.010381775
806_BCL7A_P1P2_ENSG00000110987,BCL7A,-0.010411456
7030_RAB40B_P1P2_ENSG00000141542,RAB40B,-0.010411961
2017_DAB2_P1P2_ENSG00000153071,DAB2,-0.010413988
5092_MRTFA_P1P2_ENSG00000196588,MRTFA,-0.010426017
4039_IFI30_P1P2_ENSG00000216490,IFI30,-0.01043102
9988_ZBTB34_P1P2_ENSG00000177125,ZBTB34,-0.010436029
4911_MCTS1_P1P2_ENSG00000232119,MCTS1,-0.01043911
4265_JUND_P1P2_ENSG00000130522,JUND,-0.0104423845
8269_SOHLH1_P1P2_ENSG00000165643,SOHLH1,-0.01045616
3263_GALK1_P1P2_ENSG00000108479,GALK1,-0.010460944
7380_RNF217_P1P2_ENSG00000146373,RNF217,-0.010492269
9182_TOR1AIP2_P1P2_ENSG00000169905,TOR1AIP2,-0.01049642
8085_SLC43A1_P1P2_ENSG00000149150,SLC43A1,-0.010496657
4839_MAPRE1_P1P2_ENSG00000101367,MAPRE1,-0.010498516
4610_LMBR1L_P1P2_ENSG00000139636,LMBR1L,-0.010502232
11090_non-targeting_non-targeting_non-targeting,non-targeting,-0.010502693
9562_UCHL3_P1P2_ENSG00000118939,UCHL3,-0.0105060255
7589_RTN2_P1_ENSG00000125744,RTN2,-0.010514526
4668_LRRC47_P1_ENSG00000130764,LRRC47,-0.010549256
7683_SCAMP4_P1P2_ENSG00000227500,SCAMP4,-0.010555399
4080_IKBKG_P1P2_ENSG00000269335,IKBKG,-0.01056241
6610_PPARG_P2_ENSG00000132170,PPARG,-0.010580713
7653_SAR1A_P1P2_ENSG00000079332,SAR1A,-0.010605523
4211_ISL2_P1P2_ENSG00000159556,ISL2,-0.010610403
3314_GCC1_P1P2_ENSG00000179562,GCC1,-0.010616095
8643_TACC1_P1P2_ENSG00000147526,TACC1,-0.010616316
6178_PDIA3_P1P2_ENSG00000167004,PDIA3,-0.010616861
4021_ID3_P1P2_ENSG00000117318,ID3,-0.01061773
11295_non-targeting_non-targeting_non-targeting,non-targeting,-0.010624298
3334_GEMIN2_P1P2_ENSG00000092208,GEMIN2,-0.01062495
1968_CUTC_P1P2_ENSG00000119929,CUTC,-0.010624978
1452_CDKN2D_P1P2_ENSG00000129355,CDKN2D,-0.010627842
9143_TNKS_P1P2_ENSG00000173273,TNKS,-0.010629619
10867_non-targeting_non-targeting_non-targeting,non-targeting,-0.010633872
2352_DPM1_P1P2_ENSG00000000419,DPM1,-0.010644008
4212_ISOC1_P1P2_ENSG00000066583,ISOC1,-0.010647168
6662_PPP1R16A_P1P2_ENSG00000160972,PPP1R16A,-0.010651019
1066_C21orf91_P1P2_ENSG00000154642,C21orf91,-0.010678576
5376_MYD88_P1_ENSG00000172936,MYD88,-0.010682064
5215_MRPL33_P1P2_ENSG00000243147,MRPL33,-0.010684706
7702_SCO1_P1P2_ENSG00000133028,SCO1,-0.010688093
4686_LSM11_P1P2_ENSG00000155858,LSM11,-0.010711956
4833_MAPK9_P1P2_ENSG00000050748,MAPK9,-0.010762613
4344_WASHC5_P1P2_ENSG00000164961,WASHC5,-0.010768675
376_AP2M1_P2_ENSG00000161203,AP2M1,-0.010781009
6733_PRDM9_P1P2_ENSG00000164256,PRDM9,-0.010792217
2513_EGR3_P1P2_ENSG00000179388,EGR3,-0.010805437
10376_ZNF460_P1P2_ENSG00000197714,ZNF460,-0.01081082
4923_ME1_P1P2_ENSG00000065833,ME1,-0.01081193
68_ACAD9_P1P2_ENSG00000177646,ACAD9,-0.010813507
8566_STXBP6_P1P2_ENSG00000168952,STXBP6,-0.010825145
291_AMFR_P1P2_ENSG00000159461,AMFR,-0.010828309
10672_ZNF843_P1P2_ENSG00000176723,ZNF843,-0.010831214
6975_PYDC2_ENST00000518817.1_ENSG00000253548,PYDC2,-0.0108340895
8062_SLC38A10_P1P2_ENSG00000157637,SLC38A10,-0.010836752
5797_NR3C2_P1P2_ENSG00000151623,NR3C2,-0.010837345
277_ALKBH4_P1P2_ENSG00000160993,ALKBH4,-0.010839658
7882_SH3BP5_P2_ENSG00000131370,SH3BP5,-0.010858687
9067_TMEM30A_P1P2_ENSG00000112697,TMEM30A,-0.010887636
1883_CRY1_P1P2_ENSG00000008405,CRY1,-0.010904832
9334_TSC22D4_P1P2_ENSG00000166925,TSC22D4,-0.010907365
8942_TKT_P1_ENSG00000163931,TKT,-0.010909659
2045_DBT_P1P2_ENSG00000137992,DBT,-0.010928966
1994_CYB5R3_P1P2_ENSG00000100243,CYB5R3,-0.010928996
4829_MAPK3_P1P2_ENSG00000102882,MAPK3,-0.010934656
3900_HOXB2_P1P2_ENSG00000173917,HOXB2,-0.010937548
5560_NDUFB8_P1P2_ENSG00000166136,NDUFB8,-0.010941992
3651_HBG2_P1P2_ENSG00000196565,HBG2,-0.010953209
3773_HIST1H3F_ENST00000446824.2_ENSG00000277775,HIST1H3F,-0.010955149
9544_UBR1_P1P2_ENSG00000159459,UBR1,-0.01095897
7572_RSBN1_P1P2_ENSG00000081019,RSBN1,-0.010972994
6418_PLCB1_P1P2_ENSG00000182621,PLCB1,-0.010992562
6882_PSMF1_P1P2_ENSG00000125818,PSMF1,-0.011000139
6660_PPP1R15A_P1P2_ENSG00000087074,PPP1R15A,-0.011003429
649_ATP2B1_P1P2_ENSG00000070961,ATP2B1,-0.011004684
6701_PPP6R1_P1P2_ENSG00000105063,PPP6R1,-0.011012303
209_AHRR_P1P2_ENSG00000063438,AHRR,-0.0110411355
1593_CHPF2_P1P2_ENSG00000033100,CHPF2,-0.011043178
11038_non-targeting_non-targeting_non-targeting,non-targeting,-0.011062883
384_AP3S2_P1P2_ENSG00000157823,AP3S2,-0.011077878
9704_VASP_P1P2_ENSG00000125753,VASP,-0.011096064
3823_HMG20B_P1_ENSG00000064961,HMG20B,-0.011102433
2234_DIXDC1_ENST00000440460.2_ENSG00000150764,DIXDC1,-0.011103349
10327_ZNF385D_P1P2_ENSG00000151789,ZNF385D,-0.0111063775
10026_ZC3H4_P2_ENSG00000130749,ZC3H4,-0.011115336
5383_MYL12A_P1_ENSG00000101608,MYL12A,-0.011139286
8719_TBC1D3_ENST00000537432.1_ENSG00000274611,TBC1D3,-0.011139289
7677_SCAF8_P1P2_ENSG00000213079,SCAF8,-0.011139355
2002_CYHR1_P1_ENSG00000187954,CYHR1,-0.011140906
4396_KIF9_P1P2_ENSG00000088727,KIF9,-0.011142234
4606_LLPH_P1P2_ENSG00000139233,LLPH,-0.011142895
7986_SLC25A16_P1P2_ENSG00000122912,SLC25A16,-0.011144378
1323_CCND3_P1P2_ENSG00000112576,CCND3,-0.011144641
4140_INSIG1_P1P2_ENSG00000186480,INSIG1,-0.011146195
3053_FDXR_P1P2_ENSG00000161513,FDXR,-0.011161539
8294_SOX5_ENST00000309359.1_ENSG00000134532,SOX5,-0.0111619
10446_ZNF558_P1P2_ENSG00000167785,ZNF558,-0.011164302
1621_CITED1_P1_ENSG00000125931,CITED1,-0.011169402
4775_MAGI1_P1P2_ENSG00000151276,MAGI1,-0.01117257
1848_CPT2_P1P2_ENSG00000157184,CPT2,-0.011175734
5522_NDEL1_P1P2_ENSG00000166579,NDEL1,-0.011176289
1402_CDC42EP1_P1P2_ENSG00000128283,CDC42EP1,-0.011188806
9775_VTI1A_P1P2_ENSG00000151532,VTI1A,-0.011200181
10631_ZNF781_P1P2_ENSG00000196381,ZNF781,-0.011208166
2393_DTX2_P1P2_ENSG00000091073,DTX2,-0.011213276
4266_JUN_P1P2_ENSG00000177606,JUN,-0.011216126
1382_CD99_P1P2_ENSG00000002586,CD99,-0.011218362
3668_HDAC8_P1P2_ENSG00000147099,HDAC8,-0.011223943
981_TEDC1_P1P2_ENSG00000185347,TEDC1,-0.011265506
6431_PLEC_P2_ENSG00000178209,PLEC,-0.011269637
3746_HIST1H1E_P1P2_ENSG00000168298,HIST1H1E,-0.0112899095
7390_RNF40_P1P2_ENSG00000103549,RNF40,-0.01129353
6614_PPCS_P1P2_ENSG00000127125,PPCS,-0.011303194
766_BATF2_P1P2_ENSG00000168062,BATF2,-0.011315342
4517_LARP1_ENST00000336314.4_ENSG00000155506,LARP1,-0.011318926
5103_MKX_P1_ENSG00000150051,MKX,-0.011320514
11198_non-targeting_non-targeting_non-targeting,non-targeting,-0.011321376
8336_SPCS3_P2_ENSG00000129128,SPCS3,-0.011329439
10780_non-targeting_non-targeting_non-targeting,non-targeting,-0.011353934
8890_THOC5_P1P2_ENSG00000100296,THOC5,-0.011367903
10554_ZNF688_P1P2_ENSG00000229809,ZNF688,-0.011424541
7009_RAB14_P1P2_ENSG00000119396,RAB14,-0.011428894
2665_EPC2_P1P2_ENSG00000135999,EPC2,-0.011440236
7978_SLC20A2_P1P2_ENSG00000168575,SLC20A2,-0.011448669
11262_non-targeting_non-targeting_non-targeting,non-targeting,-0.011475976
5350_MUL1_P1P2_ENSG00000090432,MUL1,-0.011483813
2640_ENO1_P1P2_ENSG00000074800,ENO1,-0.011485045
546_ARRB1_P1P2_ENSG00000137486,ARRB1,-0.011496274
130_ADAM17_P1P2_ENSG00000151694,ADAM17,-0.011507814
6840_PSKH1_P1P2_ENSG00000159792,PSKH1,-0.0115117375
433_ARAP1_P1_ENSG00000186635,ARAP1,-0.0115138665
4850_MARCKSL1_P1P2_ENSG00000175130,MARCKSL1,-0.011524491
6344_PIGS_P1_ENSG00000087111,PIGS,-0.011525018
8747_TBX18_P2_ENSG00000112837,TBX18,-0.011531087
3798_HIVEP2_P1P2_ENSG00000010818,HIVEP2,-0.0115331495
6582_POTEI_ENST00000451531.2_ENSG00000196834,POTEI,-0.011533922
10563_ZNF69_P1P2_ENSG00000198429,ZNF69,-0.011537567
11214_non-targeting_non-targeting_non-targeting,non-targeting,-0.011545322
6403_PKP3_P2_ENSG00000184363,PKP3,-0.011545825
5257_MRPS27_P1P2_ENSG00000113048,MRPS27,-0.01154648
4435_KLHL18_P1P2_ENSG00000114648,KLHL18,-0.011600672
486_ARID1A_P1P2_ENSG00000117713,ARID1A,-0.011610353
4781_MALSU1_P1P2_ENSG00000156928,MALSU1,-0.011612928
6285_PHF20L1_P1P2_ENSG00000129292,PHF20L1,-0.011617605
7819_SETD5_P1P2_ENSG00000168137,SETD5,-0.011621738
10198_ZNF200_P1P2_ENSG00000010539,ZNF200,-0.011641868
2325_DOCK7_P1P2_ENSG00000116641,DOCK7,-0.011653519
10729_ZSCAN5B_ENST00000586855.2_ENSG00000197213,ZSCAN5B,-0.011655318
3489_GPATCH2L_P1P2_ENSG00000089916,GPATCH2L,-0.011660199
6949_PUM2_P1P2_ENSG00000055917,PUM2,-0.01166034
1836_CPOX_P1P2_ENSG00000080819,CPOX,-0.011666963
2042_DBNL_P1P2_ENSG00000136279,DBNL,-0.011667628
6188_PDLIM4_P1P2_ENSG00000131435,PDLIM4,-0.011670739
6829_PRSS50_P1_nan,PRSS50,-0.011673258
6046_PAK4_P1P2_ENSG00000130669,PAK4,-0.011679938
6255_PGBD2_P1P2_ENSG00000185220,PGBD2,-0.011686115
7399_RNFT2_P1P2_ENSG00000135119,RNFT2,-0.011699322
10275_ZNF300_P1P2_ENSG00000145908,ZNF300,-0.011725108
9637_USP16_P1P2_ENSG00000156256,USP16,-0.011745992
6572_POMT2_P1P2_ENSG00000009830,POMT2,-0.011752093
5946_OPA3_P2_ENSG00000125741,OPA3,-0.011761754
9201_TPGS2_P1P2_ENSG00000134779,TPGS2,-0.011777268
4806_MAP3K11_P1_ENSG00000173327,MAP3K11,-0.011799882
6879_PSME2_P1P2_ENSG00000100911,PSME2,-0.011811427
10174_ZNF146_P1P2_ENSG00000167635,ZNF146,-0.0118203
6671_PPP1R37_P1P2_ENSG00000104866,PPP1R37,-0.011821037
10402_ZNF501_P1P2_ENSG00000186446,ZNF501,-0.011830753
7815_SETD1B_P1P2_ENSG00000139718,SETD1B,-0.01183711
11100_non-targeting_non-targeting_non-targeting,non-targeting,-0.01184732
4807_MAP3K11_P2_ENSG00000173327,MAP3K11,-0.011850605
10945_non-targeting_non-targeting_non-targeting,non-targeting,-0.011880773
8930_TIMP1_P2_ENSG00000102265,TIMP1,-0.0119291255
10825_non-targeting_non-targeting_non-targeting,non-targeting,-0.011937589
10014_ZBTB8B_P1P2_ENSG00000273274,ZBTB8B,-0.011941796
5132_MOB1A_P1P2_ENSG00000114978,MOB1A,-0.011950416
10705_ZNRF2_P1P2_ENSG00000180233,ZNRF2,-0.01195118
4974_MEOX1_P1P2_ENSG00000005102,MEOX1,-0.01195402
8692_TARDBP_P1P2_ENSG00000120948,TARDBP,-0.011969451
7430_RPIA_P1P2_ENSG00000153574,RPIA,-0.011970563
7731_SEBOX_P1P2_ENSG00000274529,SEBOX,-0.011979402
2844_FAM122A_P1P2_ENSG00000187866,FAM122A,-0.011979883
11148_non-targeting_non-targeting_non-targeting,non-targeting,-0.011980484
1821_COX7A2_P1P2_ENSG00000112695,COX7A2,-0.011992025
6015_P2RX4_P1P2_ENSG00000135124,P2RX4,-0.011994629
5472_NAA80_P1P2_ENSG00000243477,NAA80,-0.011996796
5150_MORC3_P1P2_ENSG00000159256,MORC3,-0.011999406
6992_QTRT1_P1P2_ENSG00000213339,QTRT1,-0.0120117515
5566_NDUFS2_P1P2_ENSG00000158864,NDUFS2,-0.012016264
3143_FOXA2_P1P2_ENSG00000125798,FOXA2,-0.012022452
355_ANP32E_P1P2_ENSG00000143401,ANP32E,-0.012024123
10308_ZNF350_P1P2_ENSG00000256683,ZNF350,-0.012038183
11009_non-targeting_non-targeting_non-targeting,non-targeting,-0.01204243
3631_HARS2_P1P2_ENSG00000112855,HARS2,-0.012044443
1715_CNOT11_P1P2_ENSG00000158435,CNOT11,-0.01207999
5597_NEK9_P1P2_ENSG00000119638,NEK9,-0.01208614
4663_LRRC40_P1P2_ENSG00000066557,LRRC40,-0.0120881805
11251_non-targeting_non-targeting_non-targeting,non-targeting,-0.0120988265
8790_TCIRG1_P1P2_ENSG00000110719,TCIRG1,-0.012105654
6482_PMS1_P1P2_ENSG00000064933,PMS1,-0.012113082
5918_OAZ2_P1P2_ENSG00000180304,OAZ2,-0.012120175
11182_non-targeting_non-targeting_non-targeting,non-targeting,-0.012121896
6210_PEF1_P1P2_ENSG00000162517,PEF1,-0.012122259
3144_FOXA3_P1P2_ENSG00000170608,FOXA3,-0.012126293
2812_F8A1_P1P2_ENSG00000277203,F8A1,-0.01213578
11136_non-targeting_non-targeting_non-targeting,non-targeting,-0.012139205
3155_FOXE1_P1P2_ENSG00000178919,FOXE1,-0.012145763
8315_SPA17_P1P2_ENSG00000064199,SPA17,-0.012160078
1711_CNN1_P2_ENSG00000130176,CNN1,-0.0121737635
4579_LIG3_P1P2_ENSG00000005156,LIG3,-0.012180653
"8252_SNX29_ENST00000306030.3,ENST00000323433.4_ENSG00000048471",SNX29,-0.0121968165
8146_SMARCB1_P1_ENSG00000099956,SMARCB1,-0.012197865
3725_HIF1A_P1P2_ENSG00000100644,HIF1A,-0.012207615
2408_DUSP28_P1P2_ENSG00000188542,DUSP28,-0.012215364
10680_ZNF853_P1_ENSG00000236609,ZNF853,-0.012219213
5546_NDUFAF3_P1P2_ENSG00000178057,NDUFAF3,-0.012219556
9803_WDR11_P1P2_ENSG00000120008,WDR11,-0.012226363
8813_TEF_P1_ENSG00000167074,TEF,-0.012261197
8094_SLC4A2_P2_ENSG00000164889,SLC4A2,-0.012266543
7039_RAB7A_P1P2_ENSG00000075785,RAB7A,-0.012274324
7241_REV3L_P1P2_ENSG00000009413,REV3L,-0.012298093
10298_ZNF337_P1P2_ENSG00000130684,ZNF337,-0.012308396
2636_ENDOG_P1P2_ENSG00000167136,ENDOG,-0.012315195
8471_ST3GAL4_P1P2_ENSG00000110080,ST3GAL4,-0.012316704
11293_non-targeting_non-targeting_non-targeting,non-targeting,-0.012341075
7747_SEC24D_P1P2_ENSG00000150961,SEC24D,-0.012342484
11237_non-targeting_non-targeting_non-targeting,non-targeting,-0.0123445075
10853_non-targeting_non-targeting_non-targeting,non-targeting,-0.012353961
5561_NDUFB9_P1P2_ENSG00000147684,NDUFB9,-0.012356833
11301_non-targeting_non-targeting_non-targeting,non-targeting,-0.012382218
7243_REXO2_P1P2_ENSG00000076043,REXO2,-0.01241019
967_C12orf57_P1P2_ENSG00000111678,C12orf57,-0.0124109415
2824_FAH_P1P2_ENSG00000103876,FAH,-0.012435997
11206_non-targeting_non-targeting_non-targeting,non-targeting,-0.012460388
4122_ING4_P1P2_ENSG00000111653,ING4,-0.012467901
9732_VKORC1_P1P2_ENSG00000167397,VKORC1,-0.012476732
5234_MRPL50_P1P2_ENSG00000136897,MRPL50,-0.012483917
5808_NRBF2_P1P2_ENSG00000148572,NRBF2,-0.012489985
11110_non-targeting_non-targeting_non-targeting,non-targeting,-0.012509515
10706_ZRANB2_P1P2_ENSG00000132485,ZRANB2,-0.012516595
5986_OSGIN2_P1P2_ENSG00000164823,OSGIN2,-0.012534345
9588_UNC119B_P1P2_ENSG00000175970,UNC119B,-0.012537886
6164_PDE12_P1P2_ENSG00000174840,PDE12,-0.012543356
6112_PCBP2_P2_ENSG00000197111,PCBP2,-0.012544951
4351_KIAA0586_P1P2_ENSG00000100578,KIAA0586,-0.012545128
10814_non-targeting_non-targeting_non-targeting,non-targeting,-0.012559245
6185_PDLIM1_P1P2_ENSG00000107438,PDLIM1,-0.012559665
11167_non-targeting_non-targeting_non-targeting,non-targeting,-0.01257087
7417_RP9_P1P2_ENSG00000164610,RP9,-0.012583269
8130_SMAD2_P1P2_ENSG00000175387,SMAD2,-0.012591453
1276_CCDC34_P1P2_ENSG00000109881,CCDC34,-0.012592599
5876_NUDT8_P1P2_ENSG00000167799,NUDT8,-0.012593786
4033_IER3IP1_P1P2_ENSG00000134049,IER3IP1,-0.012609852
10413_ZNF514_P1_ENSG00000144026,ZNF514,-0.012610742
10473_ZNF581_P1_ENSG00000171425,ZNF581,-0.012616718
6356_PIK3CG_P1P2_ENSG00000105851,PIK3CG,-0.0126300175
379_AP3B1_P1P2_ENSG00000132842,AP3B1,-0.012635009
5425_NAA16_P1P2_ENSG00000172766,NAA16,-0.012646621
3885_HOOK3_P1P2_ENSG00000168172,HOOK3,-0.012653525
3084_FIGLA_P1P2_ENSG00000183733,FIGLA,-0.012672006
595_ASXL1_P1P2_ENSG00000171456,ASXL1,-0.0126872035
5294_MSX1_P1P2_ENSG00000163132,MSX1,-0.012691965
5700_NKX6-2_P1P2_ENSG00000148826,NKX6-2,-0.012703449
9696_VAMP4_P1P2_ENSG00000117533,VAMP4,-0.012707656
10493_ZNF600_P1P2_ENSG00000189190,ZNF600,-0.012708878
5467_NARS2_P1P2_ENSG00000137513,NARS2,-0.012722081
1259_CCDC142_P1P2_ENSG00000135637,CCDC142,-0.012729785
10774_non-targeting_non-targeting_non-targeting,non-targeting,-0.012734079
3894_HOXA5_P1P2_ENSG00000106004,HOXA5,-0.012740424
8995_TMEM128_P1P2_ENSG00000132406,TMEM128,-0.0127429105
8313_SP8_P1P2_ENSG00000164651,SP8,-0.012744136
9868_WNK2_P1P2_ENSG00000165238,WNK2,-0.012767343
4256_JMJD8_P1P2_ENSG00000161999,JMJD8,-0.012772303
1570_CHERP_P1P2_ENSG00000085872,CHERP,-0.012776826
10620_ZNF771_P1P2_ENSG00000179965,ZNF771,-0.012784715
2713_ERLIN1_P1P2_ENSG00000107566,ERLIN1,-0.0127847865
7698_SCMH1_ENST00000402904.2_ENSG00000010803,SCMH1,-0.0127918
7347_RNF138_P1P2_ENSG00000134758,RNF138,-0.012799354
5675_NIPA2_P1P2_ENSG00000140157,NIPA2,-0.012799639
381_AP3M1_P1P2_ENSG00000185009,AP3M1,-0.012803432
9497_UBE2D2_P1P2_ENSG00000131508,UBE2D2,-0.012811701
7208_RCN2_P1P2_ENSG00000117906,RCN2,-0.012835567
9976_ZBTB18_P1P2_ENSG00000179456,ZBTB18,-0.012845379
8301_SOX9_P1P2_ENSG00000125398,SOX9,-0.012854003
5238_MRPL54_P1P2_ENSG00000183617,MRPL54,-0.012869477
10216_ZNF223_P1P2_ENSG00000178386,ZNF223,-0.012877209
2999_FBXL5_P1_ENSG00000118564,FBXL5,-0.012895244
11216_non-targeting_non-targeting_non-targeting,non-targeting,-0.0128993895
5248_MRPS18A_P1P2_ENSG00000096080,MRPS18A,-0.012915428
11109_non-targeting_non-targeting_non-targeting,non-targeting,-0.012952672
11035_non-targeting_non-targeting_non-targeting,non-targeting,-0.0129586635
2217_DHX8_P1P2_ENSG00000067596,DHX8,-0.012961713
4487_KXD1_P1P2_ENSG00000105700,KXD1,-0.012968646
515_ARL6IP4_P1P2_ENSG00000182196,ARL6IP4,-0.0129722925
9754_VPS37B_P1P2_ENSG00000139722,VPS37B,-0.012974734
10377_ZNF461_P1P2_ENSG00000197808,ZNF461,-0.012981606
5211_MRPL2_P1P2_ENSG00000112651,MRPL2,-0.012991814
9134_TNIK_P1P2_ENSG00000154310,TNIK,-0.013000274
10654_ZNF813_P1P2_ENSG00000198346,ZNF813,-0.013005985
10833_non-targeting_non-targeting_non-targeting,non-targeting,-0.013016019
5433_NAA60_P1P2_ENSG00000122390,NAA60,-0.013023555
5512_NCOR1_P1P2_ENSG00000141027,NCOR1,-0.013037682
8555_STX3_P1P2_ENSG00000166900,STX3,-0.01304595
1178_CAPN10_P1P2_ENSG00000142330,CAPN10,-0.013050416
4031_IDUA_P1P2_ENSG00000127415,IDUA,-0.013058014
315_ANK3_P1P2_ENSG00000151150,ANK3,-0.013071187
4466_KRAS_P1P2_ENSG00000133703,KRAS,-0.013073358
6343_PIGS_P2_ENSG00000087111,PIGS,-0.013074094
3010_FBXO27_P1P2_ENSG00000161243,FBXO27,-0.013076432
5543_NDUFAB1_P1P2_ENSG00000004779,NDUFAB1,-0.013091588
3051_FDX2_P1P2_ENSG00000267673,FDX2,-0.013095506
8735_TBL1X_P1P2_ENSG00000101849,TBL1X,-0.01311969
4534_LCMT2_P1P2_ENSG00000168806,LCMT2,-0.01313631
10846_non-targeting_non-targeting_non-targeting,non-targeting,-0.013144276
3812_HLCS_P1_ENSG00000159267,HLCS,-0.013165358
9623_UROD_P1P2_ENSG00000126088,UROD,-0.01316862
3049_FDFT1_P2_ENSG00000079459,FDFT1,-0.013173482
8427_SRR_P1P2_ENSG00000167720,SRR,-0.013176647
1950_CTSL_P1_ENSG00000135047,CTSL,-0.01318614
10483_ZNF589_P1P2_ENSG00000164048,ZNF589,-0.013200966
2651_ENTPD4_P1P2_ENSG00000197217,ENTPD4,-0.013208744
6530_POLM_P2_ENSG00000122678,POLM,-0.013218041
9144_TNNI3_P1P2_ENSG00000129991,TNNI3,-0.013224168
844_BLOC1S1_P1P2_ENSG00000135441,BLOC1S1,-0.013233273
1514_CEP78_P1P2_ENSG00000148019,CEP78,-0.013242211
5956_OR4N2_ENST00000315947.1_ENSG00000176294,OR4N2,-0.013253279
2617_EMC8_P1P2_ENSG00000131148,EMC8,-0.013268232
241_AKR1C1_P1P2_ENSG00000187134,AKR1C1,-0.013284165
10601_ZNF737_P1P2_ENSG00000237440,ZNF737,-0.013295507
4255_JMJD6_P1P2_ENSG00000070495,JMJD6,-0.013301085
3952_HSD17B4_P1P2_ENSG00000133835,HSD17B4,-0.013306855
3184_FOXP1_ENST00000475937.1_ENSG00000114861,FOXP1,-0.013321478
7162_RBM18_P1P2_ENSG00000119446,RBM18,-0.013321967
3108_FLII_P1P2_ENSG00000177731,FLII,-0.013345897
10517_ZNF629_P1P2_ENSG00000102870,ZNF629,-0.013360779
7970_SLC17A5_P1P2_ENSG00000119899,SLC17A5,-0.013364868
6005_OVOL3_ENST00000262637.4_ENSG00000105261,OVOL3,-0.0133838225
8748_TBX18_P1_ENSG00000112837,TBX18,-0.013400423
5985_OSGEP_P1P2_ENSG00000092094,OSGEP,-0.013403823
10113_ZGLP1_P1P2_ENSG00000220201,ZGLP1,-0.013424554
1758_COMMD2_P1P2_ENSG00000114744,COMMD2,-0.013453771
6906_PTER_P1P2_ENSG00000165983,PTER,-0.013461385
10505_ZNF616_P1P2_ENSG00000204611,ZNF616,-0.013464473
11019_non-targeting_non-targeting_non-targeting,non-targeting,-0.013465634
6609_PPARG_P1_ENSG00000132170,PPARG,-0.013477999
98_ACSF3_P1P2_ENSG00000176715,ACSF3,-0.013494528
7321_RMDN3_P1P2_ENSG00000137824,RMDN3,-0.013526246
9268_TRIM25_P1P2_ENSG00000121060,TRIM25,-0.013536638
2666_EPCAM_P1P2_ENSG00000119888,EPCAM,-0.013549959
1928_CTDNEP1_P1P2_ENSG00000175826,CTDNEP1,-0.013566677
10410_ZNF512_P1P2_ENSG00000243943,ZNF512,-0.013568632
11160_non-targeting_non-targeting_non-targeting,non-targeting,-0.013570951
10041_ZCRB1_P1P2_ENSG00000139168,ZCRB1,-0.013576043
6365_PIM3_P1P2_ENSG00000198355,PIM3,-0.013583514
480_ARHGEF25_P1P2_ENSG00000240771,ARHGEF25,-0.013607441
11270_non-targeting_non-targeting_non-targeting,non-targeting,-0.013618333
10882_non-targeting_non-targeting_non-targeting,non-targeting,-0.013620332
5385_MYL12B_P1P2_ENSG00000118680,MYL12B,-0.013668385
10957_non-targeting_non-targeting_non-targeting,non-targeting,-0.013674272
6599_POU5F1_P2_ENSG00000204531,POU5F1,-0.013676308
1160_CALML4_P1P2_ENSG00000129007,CALML4,-0.013698921
7045_RABEP2_P1P2_ENSG00000177548,RABEP2,-0.013712165
2284_DNAJB9_P1P2_ENSG00000128590,DNAJB9,-0.013715562
5895_NUP37_P1P2_ENSG00000075188,NUP37,-0.013724318
6653_PPP1R11_P1P2_ENSG00000204619,PPP1R11,-0.013738196
6249_PFN1_P1P2_ENSG00000108518,PFN1,-0.01374103
714_AURKA_P1P2_ENSG00000087586,AURKA,-0.013746363
940_BZW1_P1P2_ENSG00000082153,BZW1,-0.01375746
310_ANAPC7_P1P2_ENSG00000196510,ANAPC7,-0.013779487
4782_MAML1_P1P2_ENSG00000161021,MAML1,-0.013793511
4765_MAGEB1_P1_ENSG00000214107,MAGEB1,-0.013804369
3197_FPGT_P1P2_ENSG00000254685,FPGT,-0.013806979
8632_SYP_P1P2_ENSG00000102003,SYP,-0.013819121
2672_EPN1_P1P2_ENSG00000063245,EPN1,-0.013822876
10091_ZFP57_P1P2_ENSG00000204644,ZFP57,-0.013834124
5888_NUP155_P1P2_ENSG00000113569,NUP155,-0.013853179
"3800_HIVEP3_ENST00000247584.5,ENST00000429157.2_ENSG00000127124",HIVEP3,-0.013858759
5564_NDUFC2_P1P2_ENSG00000151366,NDUFC2,-0.013884356
11080_non-targeting_non-targeting_non-targeting,non-targeting,-0.01388798
3137_FOSB_P2_ENSG00000125740,FOSB,-0.013889009
3213_MRM2_P1P2_ENSG00000122687,MRM2,-0.013898799
4666_LRRC45_P1P2_ENSG00000169683,LRRC45,-0.013952908
3533_GRHL2_P1P2_ENSG00000083307,GRHL2,-0.0139542585
5210_MRPL28_P1P2_ENSG00000086504,MRPL28,-0.013969999
7804_SERPINB9_P1P2_ENSG00000170542,SERPINB9,-0.0140128825
8602_SURF1_P1P2_ENSG00000148290,SURF1,-0.01401772
1509_CEP63_P1P2_ENSG00000182923,CEP63,-0.014030178
688_ATP7A_P1P2_ENSG00000165240,ATP7A,-0.014032498
7123_RASGRP2_P1_ENSG00000068831,RASGRP2,-0.014039449
7360_RNF166_P1_ENSG00000158717,RNF166,-0.014072616
6281_PHF13_P1P2_ENSG00000116273,PHF13,-0.014073219
9024_TMEM183A_P1P2_ENSG00000163444,TMEM183A,-0.014084118
7524_RPS3_P2_ENSG00000149273,RPS3,-0.014087069
1539_CFLAR_P2_ENSG00000003402,CFLAR,-0.014104261
6167_PDE4A_P1_ENSG00000065989,PDE4A,-0.0141389975
8256_SNX4_P1P2_ENSG00000114520,SNX4,-0.01414177
6555_POLR3A_P1P2_ENSG00000148606,POLR3A,-0.014150666
6629_PPIL1_P1P2_ENSG00000137168,PPIL1,-0.014173497
4304_KCTD20_P1P2_ENSG00000112078,KCTD20,-0.014198311
9281_TRIM56_P1P2_ENSG00000169871,TRIM56,-0.014223364
5662_NHEJ1_P1P2_ENSG00000187736,NHEJ1,-0.014223738
5621_NFAT5_P1P2_ENSG00000102908,NFAT5,-0.014227437
11250_non-targeting_non-targeting_non-targeting,non-targeting,-0.014239293
4310_POGLUT2_P1P2_ENSG00000134901,POGLUT2,-0.014253991
5665_NHLRC2_P1P2_ENSG00000196865,NHLRC2,-0.014258824
3216_FUBP3_P1P2_ENSG00000107164,FUBP3,-0.0142654
8082_SLC40A1_P1_ENSG00000138449,SLC40A1,-0.014281208
8831_TEX30_P1P2_ENSG00000151287,TEX30,-0.014319429
549_ARRDC2_P2_ENSG00000105643,ARRDC2,-0.014323373
1732_COA1_P1P2_ENSG00000106603,COA1,-0.014347132
10576_ZNF708_P1P2_ENSG00000182141,ZNF708,-0.0143488515
10692_ZNF90_P1P2_ENSG00000213988,ZNF90,-0.01435318
7840_SFI1_P1P2_ENSG00000198089,SFI1,-0.014385031
6804_PRPS1_P1P2_ENSG00000147224,PRPS1,-0.014385489
3707_HEXA_P1P2_ENSG00000213614,HEXA,-0.014388943
10808_non-targeting_non-targeting_non-targeting,non-targeting,-0.014390536
8554_STX2_P1P2_ENSG00000111450,STX2,-0.014396803
2842_FAM120B_P1P2_ENSG00000112584,FAM120B,-0.014408419
3438_GNB4_P1P2_ENSG00000114450,GNB4,-0.01441056
3289_GAS8_P1_ENSG00000141013,GAS8,-0.014434625
3841_ARHGAP45_P1P2_ENSG00000180448,ARHGAP45,-0.014469333
4121_ING3_P1P2_ENSG00000071243,ING3,-0.014476291
5572_NDUFS7_P1P2_ENSG00000115286,NDUFS7,-0.01448501
2467_ECI1_P1P2_ENSG00000167969,ECI1,-0.014527384
6162_PDCL_P1P2_ENSG00000136940,PDCL,-0.014546762
581_ASH2L_P1P2_ENSG00000129691,ASH2L,-0.01455539
2183_DGUOK_P1P2_ENSG00000114956,DGUOK,-0.014566425
10166_ZNF134_P1P2_ENSG00000213762,ZNF134,-0.014591874
6816_PRR5_P1P2_ENSG00000186654,PRR5,-0.014604554
690_ATP8B2_P1_ENSG00000143515,ATP8B2,-0.014611272
3061_FERMT3_P1_ENSG00000149781,FERMT3,-0.014619971
4612_LMBRD1_P1P2_ENSG00000168216,LMBRD1,-0.014622825
11157_non-targeting_non-targeting_non-targeting,non-targeting,-0.014639593
3202_FRMD8_P1P2_ENSG00000126391,FRMD8,-0.014655092
5556_NDUFB4_P1P2_ENSG00000065518,NDUFB4,-0.014655245
6459_PLP2_P1P2_ENSG00000102007,PLP2,-0.014678896
4059_IFT81_P1P2_ENSG00000122970,IFT81,-0.014689332
10163_ZNF131_P1P2_ENSG00000172262,ZNF131,-0.014695054
781_BBX_P1P2_ENSG00000114439,BBX,-0.014708119
5692_NKX2-3_P1P2_ENSG00000119919,NKX2-3,-0.014715392
5431_NAA40_P1P2_ENSG00000110583,NAA40,-0.014716649
2451_EBAG9_P1P2_ENSG00000147654,EBAG9,-0.01473318
6192_PDP2_P1P2_ENSG00000172840,PDP2,-0.014734056
2268_DMXL2_P1P2_ENSG00000104093,DMXL2,-0.0147740245
10913_non-targeting_non-targeting_non-targeting,non-targeting,-0.014809499
991_C16orf58_P1P2_ENSG00000140688,C16orf58,-0.014810078
9531_UBIAD1_P1P2_ENSG00000120942,UBIAD1,-0.014812282
5373_MYCN_P2_ENSG00000134323,MYCN,-0.01481975
235_AKIP1_P1P2_ENSG00000166452,AKIP1,-0.014824483
3094_FKBP1A_P1P2_ENSG00000088832,FKBP1A,-0.014826799
3521_GPSM3_P1P2_ENSG00000213654,GPSM3,-0.0148371775
11288_non-targeting_non-targeting_non-targeting,non-targeting,-0.014850219
8326_SPATA5_P1P2_ENSG00000145375,SPATA5,-0.014853501
1707_CNEP1R1_P1P2_ENSG00000205423,CNEP1R1,-0.014862715
10690_ZNF891_P1P2_ENSG00000214029,ZNF891,-0.014890897
1150_CACYBP_P1P2_ENSG00000116161,CACYBP,-0.014898999
9418_TUBB4B_P2_ENSG00000188229,TUBB4B,-0.014904697
456_ARHGAP11A_P1P2_ENSG00000198826,ARHGAP11A,-0.014928039
8773_TCF12_P1_ENSG00000140262,TCF12,-0.0149359135
10408_ZNF511_P1P2_ENSG00000198546,ZNF511,-0.014963793
4607_LMAN1_P1P2_ENSG00000074695,LMAN1,-0.014969951
10340_ZNF415_P1P2_ENSG00000170954,ZNF415,-0.014978525
8035_SLC31A1_P1P2_ENSG00000136868,SLC31A1,-0.01498048
8437_SRSF6_P2_ENSG00000124193,SRSF6,-0.014992952
10965_non-targeting_non-targeting_non-targeting,non-targeting,-0.015016243
6559_POLR3E_P1P2_ENSG00000058600,POLR3E,-0.015035854
784_BCAR1_P2_ENSG00000050820,BCAR1,-0.015041341
10749_non-targeting_non-targeting_non-targeting,non-targeting,-0.01504274
7641_SALL4_P1P2_ENSG00000101115,SALL4,-0.015050936
6919_PTP4A1_P1P2_ENSG00000112245,PTP4A1,-0.015063254
3116_FLYWCH2_P1P2_ENSG00000162076,FLYWCH2,-0.015083548
3483_GP6_P1P2_ENSG00000088053,GP6,-0.015088659
1125_C8orf44_P1P2_nan,C8orf44,-0.0151071185
7981_SLC25A11_P1P2_ENSG00000108528,SLC25A11,-0.015126221
5511_NCOA7_P1P2_ENSG00000111912,NCOA7,-0.015128437
1363_CD33_P1P2_ENSG00000105383,CD33,-0.015140211
7829_SF1_P1P2_ENSG00000168066,SF1,-0.015146222
3224_FUS_P1P2_ENSG00000089280,FUS,-0.015149666
1627_CKAP2_P1P2_ENSG00000136108,CKAP2,-0.015160342
10438_ZNF549_P1P2_ENSG00000121406,ZNF549,-0.0151665
10975_non-targeting_non-targeting_non-targeting,non-targeting,-0.015167756
10966_non-targeting_non-targeting_non-targeting,non-targeting,-0.015168663
6709_PPY_P1P2_ENSG00000108849,PPY,-0.015171693
7356_RNF149_P1P2_ENSG00000163162,RNF149,-0.015172785
10508_ZNF620_P1P2_ENSG00000177842,ZNF620,-0.015173395
1794_COQ5_P1P2_ENSG00000110871,COQ5,-0.015221147
8400_SREBF1_P2_ENSG00000072310,SREBF1,-0.015263364
1485_CENPL_P1P2_ENSG00000120334,CENPL,-0.015272805
2631_EMX1_P1_ENSG00000135638,EMX1,-0.015275734
10142_ZMYM1_P1P2_ENSG00000197056,ZMYM1,-0.015277628
6404_PKP3_P1_ENSG00000184363,PKP3,-0.015289151
10214_ZNF221_P1P2_ENSG00000159905,ZNF221,-0.015298628
11180_non-targeting_non-targeting_non-targeting,non-targeting,-0.015325941
3766_HIST1H2BJ_P1P2_ENSG00000124635,HIST1H2BJ,-0.015354195
5691_NKX2-2_P1P2_ENSG00000125820,NKX2-2,-0.015369291
816_BECN1_P1P2_ENSG00000126581,BECN1,-0.015375963
9607_UQCR10_P1P2_ENSG00000184076,UQCR10,-0.015393622
9890_XK_P1P2_ENSG00000047597,XK,-0.015421129
10644_ZNF799_P1P2_ENSG00000196466,ZNF799,-0.015452254
9574_UGCG_P1P2_ENSG00000148154,UGCG,-0.015482568
6193_PDPK1_P1P2_ENSG00000140992,PDPK1,-0.015487776
8042_SLC35B2_P1P2_ENSG00000157593,SLC35B2,-0.015492471
139_ADAT2_P1P2_ENSG00000189007,ADAT2,-0.015517648
5804_NR5A2_P2_ENSG00000116833,NR5A2,-0.01552852
9659_USP42_P1P2_ENSG00000106346,USP42,-0.015534956
10538_ZNF669_P1P2_ENSG00000188295,ZNF669,-0.01553768
7132_RAX2_P1P2_ENSG00000173976,RAX2,-0.015541296
448_ARFGEF1_P1P2_ENSG00000066777,ARFGEF1,-0.015547275
2589_ELK1_P1P2_ENSG00000126767,ELK1,-0.0155605525
11007_non-targeting_non-targeting_non-targeting,non-targeting,-0.015579091
2452_EBF1_P1P2_ENSG00000164330,EBF1,-0.015583691
164_GRK2_P1P2_ENSG00000173020,GRK2,-0.015617752
10836_non-targeting_non-targeting_non-targeting,non-targeting,-0.015626881
10916_non-targeting_non-targeting_non-targeting,non-targeting,-0.015632177
6466_PLTP_P2_ENSG00000100979,PLTP,-0.015645614
10986_non-targeting_non-targeting_non-targeting,non-targeting,-0.015652204
1809_COX16_P1P2_ENSG00000133983,COX16,-0.015671248
568_ASB7_P1P2_ENSG00000183475,ASB7,-0.015688146
10914_non-targeting_non-targeting_non-targeting,non-targeting,-0.015688825
9650_USP33_P1P2_ENSG00000077254,USP33,-0.015691826
6378_PITHD1_P1P2_ENSG00000057757,PITHD1,-0.015715793
11146_non-targeting_non-targeting_non-targeting,non-targeting,-0.015715932
912_BSDC1_P1P2_ENSG00000160058,BSDC1,-0.015722195
787_BCAT1_P1P2_ENSG00000060982,BCAT1,-0.015742198
2098_DDR1_P1_ENSG00000204580,DDR1,-0.01574457
10215_ZNF222_P1P2_ENSG00000159885,ZNF222,-0.015783327
4626_LONP2_P2_ENSG00000102910,LONP2,-0.015793616
11275_non-targeting_non-targeting_non-targeting,non-targeting,-0.0158281
9037_TMEM205_P1P2_ENSG00000105518,TMEM205,-0.01583293
9852_WDR91_P1P2_ENSG00000105875,WDR91,-0.015835548
5218_MRPL36_P1P2_ENSG00000171421,MRPL36,-0.01584118
8378_SPRYD7_P1P2_ENSG00000123178,SPRYD7,-0.015884668
10753_non-targeting_non-targeting_non-targeting,non-targeting,-0.015890434
10079_ZFP1_P1P2_ENSG00000184517,ZFP1,-0.015893277
8547_STUB1_P1P2_ENSG00000103266,STUB1,-0.015924273
10437_ZNF548_P1P2_ENSG00000188785,ZNF548,-0.015930802
10023_ZC3H18_P1P2_ENSG00000158545,ZC3H18,-0.015935384
1219_CBFA2T3_P2_ENSG00000129993,CBFA2T3,-0.015986428
10943_non-targeting_non-targeting_non-targeting,non-targeting,-0.015990274
19_ABCA8_P1P2_ENSG00000141338,ABCA8,-0.015999965
10133_ZKSCAN8_P1P2_ENSG00000198315,ZKSCAN8,-0.016020501
8328_SPATC1L_P1_ENSG00000160284,SPATC1L,-0.016020883
1676_CLPX_P1P2_ENSG00000166855,CLPX,-0.01602589
3283_GAPVD1_P1P2_ENSG00000165219,GAPVD1,-0.016039502
4114_IMPDH1_P1_ENSG00000106348,IMPDH1,-0.016065067
6682_PPP2R1B_P1P2_ENSG00000137713,PPP2R1B,-0.01609873
10414_ZNF516_P1P2_ENSG00000101493,ZNF516,-0.016099643
3206_FSCN1_P2_ENSG00000075618,FSCN1,-0.016102161
6585_POU2F1_P2_ENSG00000143190,POU2F1,-0.016111014
740_B9D1_P1P2_ENSG00000108641,B9D1,-0.016157962
8494_STAT1_P1P2_ENSG00000115415,STAT1,-0.016166588
10653_ZNF80_ENST00000482457.2_ENSG00000174255,ZNF80,-0.016180448
"5407_MYRFL_ENST00000299350.4,ENST00000548892.1_ENSG00000166268",MYRFL,-0.016182577
9835_WDR66_P1P2_ENSG00000158023,WDR66,-0.01620524
7925_SIRT5_P1P2_ENSG00000124523,SIRT5,-0.016210668
3383_GLA_P1P2_ENSG00000102393,GLA,-0.016248723
11204_non-targeting_non-targeting_non-targeting,non-targeting,-0.016263401
2458_EBP_P2_ENSG00000147155,EBP,-0.016268095
9893_XPC_P2_ENSG00000154767,XPC,-0.01626926
6786_PLPBP_P1P2_ENSG00000147471,PLPBP,-0.016284235
1814_COX4I1_P1P2_ENSG00000131143,COX4I1,-0.016289515
11014_non-targeting_non-targeting_non-targeting,non-targeting,-0.016305927
8785_TCF7L1_P1P2_ENSG00000152284,TCF7L1,-0.016315132
2908_FAM217B_P1_ENSG00000196227,FAM217B,-0.016321592
4330_KDM6A_P1P2_ENSG00000147050,KDM6A,-0.016330881
5302_MTBP_P1P2_ENSG00000172167,MTBP,-0.01635907
11120_non-targeting_non-targeting_non-targeting,non-targeting,-0.016361859
9092_TMEM65_P1P2_ENSG00000164983,TMEM65,-0.016364716
8782_TCF25_P1P2_ENSG00000141002,TCF25,-0.016373904
8445_SS18_P1P2_ENSG00000141380,SS18,-0.016374873
2820_FAF2_P1P2_ENSG00000113194,FAF2,-0.016375912
447_ARFGAP3_P1P2_ENSG00000242247,ARFGAP3,-0.016398821
3058_FERD3L_P1P2_ENSG00000146618,FERD3L,-0.016446656
5576_NDUFV2_P1P2_ENSG00000178127,NDUFV2,-0.016508112
9292_TRIP10_P1_ENSG00000125733,TRIP10,-0.016520584
532_ARNT_P1P2_ENSG00000143437,ARNT,-0.016520754
975_DGLUCY_P1P2_ENSG00000133943,DGLUCY,-0.016531004
4267_JUP_P1P2_ENSG00000173801,JUP,-0.016535902
11041_non-targeting_non-targeting_non-targeting,non-targeting,-0.01656843
6074_PARP12_P1P2_ENSG00000059378,PARP12,-0.016575627
3038_FBXW7_ENST00000281708.4_ENSG00000109670,FBXW7,-0.01659068
1673_CLPP_P1P2_ENSG00000125656,CLPP,-0.016607013
2809_F12_P2_ENSG00000131187,F12,-0.01665259
1471_HDHD5_P1P2_ENSG00000069998,HDHD5,-0.016669868
5541_NDUFA8_P1P2_ENSG00000119421,NDUFA8,-0.01670469
3302_GATC_P1P2_ENSG00000257218,GATC,-0.016716322
1792_COQ3_P1P2_ENSG00000132423,COQ3,-0.016758056
10322_ZNF384_P1P2_ENSG00000126746,ZNF384,-0.016758364
4468_KRCC1_P1P2_ENSG00000172086,KRCC1,-0.016777927
9838_WDR73_P1P2_ENSG00000177082,WDR73,-0.016780479
3561_GSTO1_P1P2_ENSG00000148834,GSTO1,-0.016800972
5778_NQO2_P1P2_ENSG00000124588,NQO2,-0.016804894
6807_PRPSAP2_P1_ENSG00000141127,PRPSAP2,-0.016806966
3307_GBE1_P1P2_ENSG00000114480,GBE1,-0.016814101
8847_TFDP3_P1P2_ENSG00000183434,TFDP3,-0.016895065
8152_SMARCD3_P2_ENSG00000082014,SMARCD3,-0.01690796
11032_non-targeting_non-targeting_non-targeting,non-targeting,-0.016959384
4092_IL15RA_P1P2_ENSG00000134470,IL15RA,-0.016964437
5221_MRPL39_P1P2_ENSG00000154719,MRPL39,-0.01696839
4981_MEST_P2_ENSG00000106484,MEST,-0.016992886
1719_CNOT4_P1P2_ENSG00000080802,CNOT4,-0.0170016
10155_ZNF107_P1P2_ENSG00000196247,ZNF107,-0.017013956
243_AKR1C2_P2_ENSG00000151632,AKR1C2,-0.017041724
8795_TCTEX1D2_P1P2_ENSG00000213123,TCTEX1D2,-0.017063811
11236_non-targeting_non-targeting_non-targeting,non-targeting,-0.01707636
7013_RAB20_P1P2_ENSG00000139832,RAB20,-0.01708959
3008_FBXO22_P1P2_ENSG00000167196,FBXO22,-0.017124105
11189_non-targeting_non-targeting_non-targeting,non-targeting,-0.017143829
8314_SP9_P1P2_ENSG00000217236,SP9,-0.01714498
6288_PHF23_P1P2_ENSG00000040633,PHF23,-0.017149474
1261_CCDC144NL_P1_ENSG00000205212,CCDC144NL,-0.017173493
10801_non-targeting_non-targeting_non-targeting,non-targeting,-0.017177546
4964_MEGF8_P1P2_ENSG00000105429,MEGF8,-0.017179666
2093_DDIT3_P1P2_ENSG00000175197,DDIT3,-0.01718774
668_DMAC2_P1P2_ENSG00000105341,DMAC2,-0.017196598
10379_ZNF467_P1P2_ENSG00000181444,ZNF467,-0.017261902
6464_PLSCR3_P2_ENSG00000187838,PLSCR3,-0.017262002
10837_non-targeting_non-targeting_non-targeting,non-targeting,-0.017295465
2433_DYRK2_P1P2_ENSG00000127334,DYRK2,-0.017339958
10696_ZNF98_P1P2_ENSG00000197360,ZNF98,-0.01739747
5551_NDUFB10_P1P2_ENSG00000140990,NDUFB10,-0.017404877
7844_SFT2D1_P1P2_ENSG00000198818,SFT2D1,-0.017421208
2375_DRGX_P1P2_ENSG00000165606,DRGX,-0.017428977
5220_MRPL38_P1P2_ENSG00000204316,MRPL38,-0.017430022
8784_TCF4_P1P2_ENSG00000196628,TCF4,-0.017431064
10610_ZNF761_P1P2_ENSG00000160336,ZNF761,-0.01746946
6421_PLCD1_P1P2_ENSG00000187091,PLCD1,-0.01747978
5553_NDUFB1_P1P2_ENSG00000183648,NDUFB1,-0.017572405
4123_ING5_P1P2_ENSG00000168395,ING5,-0.017603885
6370_PIP4K2A_P1P2_ENSG00000150867,PIP4K2A,-0.017623013
9304_TRMT11_P1P2_ENSG00000066651,TRMT11,-0.017645458
3905_HOXB6_P1_ENSG00000108511,HOXB6,-0.01765586
9374_TST_P1P2_ENSG00000128311,TST,-0.017708052
7061_RAD1_P1P2_ENSG00000113456,RAD1,-0.017710531
4874_MBD2_P1P2_ENSG00000134046,MBD2,-0.017721124
6302_PHLDB1_P1_ENSG00000019144,PHLDB1,-0.017745825
7745_SEC24B_P1P2_ENSG00000138802,SEC24B,-0.017778123
2610_EMC1_P1P2_ENSG00000127463,EMC1,-0.017778886
9477_UBA1_P2_ENSG00000130985,UBA1,-0.01781735
2584_ELF1_P1P2_ENSG00000120690,ELF1,-0.017829787
"2742_ESRRG_ENST00000361395.2,ENST00000366938.2,ENST00000487276.1_ENSG00000196482",ESRRG,-0.017856702
366_AP1AR_P1P2_ENSG00000138660,AP1AR,-0.017856743
5567_NDUFS3_P1P2_ENSG00000213619,NDUFS3,-0.017894963
5080_MIPEP_P1P2_ENSG00000027001,MIPEP,-0.017904812
10173_ZNF143_P1P2_ENSG00000166478,ZNF143,-0.017917719
2315_DNMT3A_ENST00000402667.1_ENSG00000119772,DNMT3A,-0.01795652
4355_KIAA0930_P2_ENSG00000100364,KIAA0930,-0.017959738
7185_RBM8A_P1P2_ENSG00000265241,RBM8A,-0.017985994
7334_RND2_P1P2_ENSG00000108830,RND2,-0.018016407
8065_SLC38A5_P1P2_ENSG00000017483,SLC38A5,-0.018020952
2972_FARS2_P1P2_ENSG00000145982,FARS2,-0.018022357
5570_NDUFS5_P2_ENSG00000168653,NDUFS5,-0.018023929
2729_ESD_P1P2_ENSG00000139684,ESD,-0.018033149
7108_RAPGEF1_ENST00000372190.3_ENSG00000107263,RAPGEF1,-0.018033987
10662_ZNF829_P1P2_ENSG00000185869,ZNF829,-0.018034942
5345_MTRNR2L8_P1P2_ENSG00000255823,MTRNR2L8,-0.018050067
10912_non-targeting_non-targeting_non-targeting,non-targeting,-0.01806436
1766_COMMD8_P1P2_ENSG00000169019,COMMD8,-0.018070035
11329_non-targeting_non-targeting_non-targeting,non-targeting,-0.018142281
10065_ZFAND1_P2_ENSG00000104231,ZFAND1,-0.018144028
1518_CEP95_P1P2_ENSG00000258890,CEP95,-0.018151304
14_AASDHPPT_P1P2_ENSG00000149313,AASDHPPT,-0.018155193
3415_GMCL1_P1P2_ENSG00000087338,GMCL1,-0.018166393
4094_IL17RC_P1P2_ENSG00000163702,IL17RC,-0.018195648
607_ATF4_P1P2_ENSG00000128272,ATF4,-0.01820428
7280_RHAG_P1P2_ENSG00000112077,RHAG,-0.018251363
3816_HLX_P1P2_ENSG00000136630,HLX,-0.018275656
10584_ZNF717_P1P2_ENSG00000227124,ZNF717,-0.01829836
5239_MRPL55_P1P2_ENSG00000162910,MRPL55,-0.018351927
795_BCL11A_P1P2_ENSG00000119866,BCL11A,-0.018366061
5134_MOB2_P1P2_ENSG00000182208,MOB2,-0.01837014
9784_WARS2_P1P2_ENSG00000116874,WARS2,-0.018374478
3755_HIST1H2AK_ENST00000330180.2_ENSG00000275221,HIST1H2AK,-0.0183836
9992_ZBTB39_P1P2_ENSG00000166860,ZBTB39,-0.01840489
7145_RBCK1_P1P2_ENSG00000125826,RBCK1,-0.01840504
11283_non-targeting_non-targeting_non-targeting,non-targeting,-0.01842382
6166_PDE4A_P2_ENSG00000065989,PDE4A,-0.01843306
8092_SLC48A1_P1_ENSG00000211584,SLC48A1,-0.018467333
5458_NANP_P1P2_ENSG00000170191,NANP,-0.018488813
4334_KEL_P2_ENSG00000197993,KEL,-0.018491898
2655_EOGT_P1P2_ENSG00000163378,EOGT,-0.018497976
3040_FBXW9_P1P2_ENSG00000132004,FBXW9,-0.018500334
2620_EME1_P1P2_ENSG00000154920,EME1,-0.018515328
1733_COA3_P1P2_ENSG00000183978,COA3,-0.018564126
10626_ZNF777_P1P2_ENSG00000196453,ZNF777,-0.018576164
1958_CTXN1_P1P2_ENSG00000178531,CTXN1,-0.018633122
10799_non-targeting_non-targeting_non-targeting,non-targeting,-0.018635413
200_AGTRAP_P1P2_ENSG00000177674,AGTRAP,-0.018638335
10159_ZNF117_P1P2_ENSG00000152926,ZNF117,-0.018640185
2569_EIF4G2_P1_ENSG00000110321,EIF4G2,-0.0186402
9447_TXN2_P1P2_ENSG00000100348,TXN2,-0.018659256
5738_NOL9_P1P2_ENSG00000162408,NOL9,-0.018680584
6354_PIK3CB_P1P2_ENSG00000051382,PIK3CB,-0.018709578
4085_IKZF4_P1_ENSG00000123411,IKZF4,-0.018745575
9227_TRAF2_P2_ENSG00000127191,TRAF2,-0.018746126
5941_ONECUT1_P1P2_ENSG00000169856,ONECUT1,-0.018783057
427_AQP10_P1P2_ENSG00000143595,AQP10,-0.01878315
1911_CSRNP3_P2_ENSG00000178662,CSRNP3,-0.018793618
4673_LRRC61_P1P2_ENSG00000127399,LRRC61,-0.018810257
10396_ZNF491_P1P2_ENSG00000177599,ZNF491,-0.018811375
9385_TTC32_P1P2_ENSG00000183891,TTC32,-0.018815469
11207_non-targeting_non-targeting_non-targeting,non-targeting,-0.018824011
10984_non-targeting_non-targeting_non-targeting,non-targeting,-0.018877178
5138_MOB4_P1P2_ENSG00000115540,MOB4,-0.018931624
9089_TMEM63A_P1_ENSG00000196187,TMEM63A,-0.018934723
2801_EYA3_P1P2_ENSG00000158161,EYA3,-0.01893694
8984_TMEM107_P1P2_ENSG00000179029,TMEM107,-0.018968146
7930_SIVA1_P1P2_ENSG00000184990,SIVA1,-0.018981135
4318_KDM1B_P1P2_ENSG00000165097,KDM1B,-0.018988745
4458_KPNA1_P2_ENSG00000114030,KPNA1,-0.01901183
10988_non-targeting_non-targeting_non-targeting,non-targeting,-0.019028094
2839_FAM118B_P1P2_ENSG00000197798,FAM118B,-0.019034654
8562_STXBP2_P1P2_ENSG00000076944,STXBP2,-0.019041555
10956_non-targeting_non-targeting_non-targeting,non-targeting,-0.019053344
4521_LARS2_P1P2_ENSG00000011376,LARS2,-0.019066768
10090_ZFP42_P2_ENSG00000179059,ZFP42,-0.019084869
10844_non-targeting_non-targeting_non-targeting,non-targeting,-0.01910127
1248_CCDC124_P1_ENSG00000007080,CCDC124,-0.019216184
7842_SFPQ_P1P2_ENSG00000116560,SFPQ,-0.019244336
788_BCAT2_P1P2_ENSG00000105552,BCAT2,-0.019377286
5635_NFIA_P1P2_ENSG00000162599,NFIA,-0.019395476
10931_non-targeting_non-targeting_non-targeting,non-targeting,-0.019401325
6065_PAQR3_P1P2_ENSG00000163291,PAQR3,-0.01942283
59_ABO_P2_ENSG00000175164,ABO,-0.019452326
8520_STK32C_P2_ENSG00000165752,STK32C,-0.019477071
5047_MIA2_P1P2_ENSG00000150527,MIA2,-0.019489303
6766_PRKD2_P1_ENSG00000105287,PRKD2,-0.019494737
10917_non-targeting_non-targeting_non-targeting,non-targeting,-0.019594692
5200_MRPL17_P1P2_ENSG00000158042,MRPL17,-0.019608606
10864_non-targeting_non-targeting_non-targeting,non-targeting,-0.019642122
5539_NDUFA6_P1P2_ENSG00000184983,NDUFA6,-0.01968097
10061_ZEB2_P2_ENSG00000169554,ZEB2,-0.019718252
6373_PIP5K1A_P1P2_ENSG00000143398,PIP5K1A,-0.019732796
279_ALKBH6_P1P2_ENSG00000239382,ALKBH6,-0.019785682
7603_RUNX3_P2_ENSG00000020633,RUNX3,-0.019793758
2303_DNAJC7_P1P2_ENSG00000168259,DNAJC7,-0.019814525
11284_non-targeting_non-targeting_non-targeting,non-targeting,-0.019835893
2115_DDX28_P1P2_ENSG00000182810,DDX28,-0.019875651
5955_OR4K1_ENST00000285600.4_ENSG00000155249,OR4K1,-0.019930959
5213_MRPL30_P1_ENSG00000185414,MRPL30,-0.019984068
8148_SMARCC1_P1P2_ENSG00000173473,SMARCC1,-0.019989396
6487_PNKD_ENST00000258362.3_ENSG00000127838,PNKD,-0.019992607
5149_MORC2_P1P2_ENSG00000133422,MORC2,-0.020008735
3869_HNRNPK_P1P2_ENSG00000165119,HNRNPK,-0.020024166
4366_CIP2A_P1P2_ENSG00000163507,CIP2A,-0.020044532
1787_COPZ1_P2_ENSG00000111481,COPZ1,-0.020065252
2559_EIF4A2_P1_ENSG00000156976,EIF4A2,-0.020079946
1366_CD46_P1P2_ENSG00000117335,CD46,-0.020108873
"6634_PPIP5K1_ENST00000381885.1,ENST00000396923.3_ENSG00000168781",PPIP5K1,-0.020178407
5196_MRPL13_P1P2_ENSG00000172172,MRPL13,-0.020200722
2464_ECHDC1_P1P2_ENSG00000093144,ECHDC1,-0.020207748
5060_MICB_P1_ENSG00000204516,MICB,-0.020226307
5563_NDUFC1_P1_ENSG00000109390,NDUFC1,-0.02022881
8693_TARS2_P1P2_ENSG00000143374,TARS2,-0.020277547
7874_SH3BGRL_P1P2_ENSG00000131171,SH3BGRL,-0.02031629
8135_SMAD9_P1P2_ENSG00000120693,SMAD9,-0.020316942
10256_ZNF275_P1P2_ENSG00000063587,ZNF275,-0.020328062
8145_SMARCAL1_P1P2_ENSG00000138375,SMARCAL1,-0.020340111
344_ANKRD54_P1P2_ENSG00000100124,ANKRD54,-0.020355882
2071_DCPS_P1P2_ENSG00000110063,DCPS,-0.020361405
2889_FAM193B_P1P2_ENSG00000146067,FAM193B,-0.020389963
3013_FBXO31_P2_ENSG00000103264,FBXO31,-0.020505475
5194_MRPL11_P1P2_ENSG00000174547,MRPL11,-0.020719208
4616_LMNA_P1P2_ENSG00000160789,LMNA,-0.020727849
3102_FKBP9_P1P2_ENSG00000122642,FKBP9,-0.020805087
11161_non-targeting_non-targeting_non-targeting,non-targeting,-0.02083187
8100_SLC52A2_P1P2_ENSG00000185803,SLC52A2,-0.020851346
10858_non-targeting_non-targeting_non-targeting,non-targeting,-0.020862699
1154_CALCOCO1_P1P2_ENSG00000012822,CALCOCO1,-0.020925263
5351_PWWP3A_P1P2_ENSG00000160953,PWWP3A,-0.020968085
2426_DYNLL1_P1P2_ENSG00000088986,DYNLL1,-0.021010067
2664_EPC1_P1P2_ENSG00000120616,EPC1,-0.021024235
53_ABI1_P1P2_ENSG00000136754,ABI1,-0.02108239
567_ASB6_P1P2_ENSG00000148331,ASB6,-0.021089377
5184_MRAP2_P1P2_ENSG00000135324,MRAP2,-0.021104034
1399_CDC40_P1P2_ENSG00000168438,CDC40,-0.021157421
2680_EPS15_P1P2_ENSG00000085832,EPS15,-0.021171689
6463_PLSCR1_P1P2_ENSG00000188313,PLSCR1,-0.02117447
10354_ZNF431_P1P2_ENSG00000196705,ZNF431,-0.021195991
2919_SHLD2_P1P2_ENSG00000122376,SHLD2,-0.021226183
5225_MRPL42_P1P2_ENSG00000198015,MRPL42,-0.021233505
11061_non-targeting_non-targeting_non-targeting,non-targeting,-0.021283159
1944_CTSA_P1P2_ENSG00000064601,CTSA,-0.02133607
9715_VDAC2_P1P2_ENSG00000165637,VDAC2,-0.021368382
569_ASB8_P1P2_ENSG00000177981,ASB8,-0.021377493
5818_NRROS_P1P2_ENSG00000174004,NRROS,-0.02143624
7818_SETD4_P1P2_ENSG00000185917,SETD4,-0.021566596
601_ATAD3B_P1_ENSG00000160072,ATAD3B,-0.02156726
8951_TLX3_P1P2_ENSG00000164438,TLX3,-0.021587227
7993_SLC25A23_P1P2_ENSG00000125648,SLC25A23,-0.021594709
10203_ZNF208_P1P2_ENSG00000160321,ZNF208,-0.021628784
3635_HAUS2_P1P2_ENSG00000137814,HAUS2,-0.021654155
7771_SENP1_P1P2_ENSG00000079387,SENP1,-0.02169938
4578_LIG1_P1P2_ENSG00000105486,LIG1,-0.021712452
10169_ZNF138_P1P2_ENSG00000197008,ZNF138,-0.021733228
52_ABHD8_P1P2_ENSG00000127220,ABHD8,-0.021749439
10829_non-targeting_non-targeting_non-targeting,non-targeting,-0.02177177
9254_TRDMT1_P1P2_ENSG00000107614,TRDMT1,-0.021783793
8366_SPOP_P1P2_ENSG00000121067,SPOP,-0.021823518
6597_POU5F1B_P1P2_ENSG00000212993,POU5F1B,-0.021896813
10478_ZNF585A_P1P2_ENSG00000196967,ZNF585A,-0.021995272
5554_NDUFB2_P1P2_ENSG00000090266,NDUFB2,-0.022008628
6230_PEX26_P1P2_ENSG00000215193,PEX26,-0.022104412
7494_RPRD1A_P1P2_ENSG00000141425,RPRD1A,-0.022118306
1381_CD99L2_P1P2_ENSG00000102181,CD99L2,-0.022187661
4286_KAZALD1_P1P2_ENSG00000107821,KAZALD1,-0.022202238
7938_SKA2_P1P2_ENSG00000182628,SKA2,-0.022248909
6987_QRICH1_P1P2_ENSG00000198218,QRICH1,-0.022316193
1049_C1orf43_P1P2_ENSG00000143612,C1orf43,-0.022329543
10911_non-targeting_non-targeting_non-targeting,non-targeting,-0.02241622
7758_SEH1L_P1P2_ENSG00000085415,SEH1L,-0.02242303
11279_non-targeting_non-targeting_non-targeting,non-targeting,-0.022426348
5919_STN1_P1P2_ENSG00000107960,STN1,-0.022464957
2884_FAM185A_P1P2_ENSG00000222011,FAM185A,-0.02248265
4419_KLF4_P2_ENSG00000136826,KLF4,-0.022493867
5231_MRPL48_P1P2_ENSG00000175581,MRPL48,-0.022496976
1252_CCDC12_P1_ENSG00000160799,CCDC12,-0.022573574
2269_DNA2_P1P2_ENSG00000138346,DNA2,-0.022631185
7159_RBM15B_P2_ENSG00000259956,RBM15B,-0.02270021
10_AARS2_P1P2_ENSG00000124608,AARS2,-0.022727061
3054_FECH_P1P2_ENSG00000066926,FECH,-0.022727378
10277_ZNF304_P1P2_ENSG00000131845,ZNF304,-0.022748582
5839_NT5C3A_P1_ENSG00000122643,NT5C3A,-0.022804504
6954_PUS10_P1P2_ENSG00000162927,PUS10,-0.02283542
7127_RASSF3_P1P2_ENSG00000153179,RASSF3,-0.022883259
4428_KLHDC3_P1_ENSG00000124702,KLHDC3,-0.022906348
2977_FASTKD2_P1P2_ENSG00000118246,FASTKD2,-0.02294272
5421_EEF1AKMT1_P1P2_ENSG00000150456,EEF1AKMT1,-0.022966037
9901_XPOT_P1P2_ENSG00000184575,XPOT,-0.022979766
10250_ZNF267_P2_ENSG00000185947,ZNF267,-0.022989864
9610_UQCRC1_P1_ENSG00000010256,UQCRC1,-0.023003735
2837_FAM117B_P1P2_ENSG00000138439,FAM117B,-0.023032613
1220_CBFB_P1P2_ENSG00000067955,CBFB,-0.023078537
1215_CAT_P2_ENSG00000121691,CAT,-0.023083372
511_ARL5A_P1P2_ENSG00000162980,ARL5A,-0.023126053
222_AIP_P1P2_ENSG00000110711,AIP,-0.023128668
2720_ERP29_P1P2_ENSG00000089248,ERP29,-0.02312896
325_ANKRD11_P1P2_ENSG00000167522,ANKRD11,-0.023161555
8499_STAT5B_P1P2_ENSG00000173757,STAT5B,-0.02318176
5713_NME4_P1P2_ENSG00000103202,NME4,-0.023207068
2633_EN1_P1P2_ENSG00000163064,EN1,-0.02323652
8877_THAP4_P1P2_ENSG00000176946,THAP4,-0.02323842
5834_NSUN4_P1P2_ENSG00000117481,NSUN4,-0.023319883
9773_VSX2_P1P2_ENSG00000119614,VSX2,-0.023332644
5761_NPAS4_P1P2_ENSG00000174576,NPAS4,-0.023356872
6097_PAX9_P1_ENSG00000198807,PAX9,-0.023381379
8276_SOS1_P1P2_ENSG00000115904,SOS1,-0.02343802
11187_non-targeting_non-targeting_non-targeting,non-targeting,-0.023464885
443_ARF6_P2_ENSG00000165527,ARF6,-0.023501681
10107_ZFYVE19_P1P2_ENSG00000166140,ZFYVE19,-0.023546547
7694_SCIN_P1P2_ENSG00000006747,SCIN,-0.023622254
6819_PRRC2A_P1P2_ENSG00000204469,PRRC2A,-0.023626437
1952_CTSS_P1P2_ENSG00000163131,CTSS,-0.023649665
7213_RDH10_P1P2_ENSG00000121039,RDH10,-0.023842791
9189_TP53BP1_P1_ENSG00000067369,TP53BP1,-0.023977393
11018_non-targeting_non-targeting_non-targeting,non-targeting,-0.02400062
1522_CERK_P1P2_ENSG00000100422,CERK,-0.024020625
11101_non-targeting_non-targeting_non-targeting,non-targeting,-0.02412097
6225_PEX13_P1P2_ENSG00000162928,PEX13,-0.02414561
181_AGA_P1P2_ENSG00000038002,AGA,-0.024221385
7029_RAB3IP_P1P2_ENSG00000127328,RAB3IP,-0.02422848
9098_TMEM87A_P1P2_ENSG00000103978,TMEM87A,-0.02426326
7957_SLC12A4_P1_ENSG00000124067,SLC12A4,-0.024339713
7871_SH2D3A_P1P2_ENSG00000125731,SH2D3A,-0.024398824
1879_CRTAP_P1P2_ENSG00000170275,CRTAP,-0.02442263
6845_PSMA5_P1P2_ENSG00000143106,PSMA5,-0.024471952
7549_RRAGB_P1P2_ENSG00000083750,RRAGB,-0.024472611
1826_CPD_P1P2_ENSG00000108582,CPD,-0.02451464
1935_CTNNA1_P1P2_ENSG00000044115,CTNNA1,-0.02454482
11028_non-targeting_non-targeting_non-targeting,non-targeting,-0.024555556
6995_R3HCC1_P2_ENSG00000104679,R3HCC1,-0.024562536
5724_NNT_P1P2_ENSG00000112992,NNT,-0.024574997
10614_ZNF765_P2_ENSG00000196417,ZNF765,-0.024585053
11105_non-targeting_non-targeting_non-targeting,non-targeting,-0.024608586
8965_TMBIM1_P1P2_ENSG00000135926,TMBIM1,-0.024641769
1823_COX7C_P1P2_ENSG00000127184,COX7C,-0.024741475
11077_non-targeting_non-targeting_non-targeting,non-targeting,-0.024804337
1819_COX6C_P1P2_ENSG00000164919,COX6C,-0.024813011
9702_VARS2_P1P2_ENSG00000137411,VARS2,-0.02482153
10770_non-targeting_non-targeting_non-targeting,non-targeting,-0.024837384
8442_SRY_P1P2_ENSG00000184895,SRY,-0.024905812
8718_TBC1D31_P1P2_ENSG00000156787,TBC1D31,-0.024937985
4163_IPO5_P1P2_ENSG00000065150,IPO5,-0.025059095
6250_PGAM1_P1P2_ENSG00000171314,PGAM1,-0.025085896
4455_KNSTRN_P1P2_ENSG00000128944,KNSTRN,-0.02518809
4618_LMNB2_P1P2_ENSG00000176619,LMNB2,-0.025309378
5079_MIOS_P1P2_ENSG00000164654,MIOS,-0.025317138
8456_SSR3_P1P2_ENSG00000114850,SSR3,-0.02537668
5645_NFKBIA_P2_ENSG00000100906,NFKBIA,-0.025433779
4896_MCL1_P1P2_ENSG00000143384,MCL1,-0.025442539
8490_STARD4_P1P2_ENSG00000164211,STARD4,-0.025600689
4104_IMMP1L_P1P2_ENSG00000148950,IMMP1L,-0.025630446
6199_PDSS2_P1P2_ENSG00000164494,PDSS2,-0.025689581
9548_UBR5_P1P2_ENSG00000104517,UBR5,-0.025793087
5781_NR1D2_P1P2_ENSG00000174738,NR1D2,-0.025837505
2786_EXOG_P1P2_ENSG00000157036,EXOG,-0.025840761
8844_TFDP1_P1P2_ENSG00000198176,TFDP1,-0.025851045
3537_GRINA_P1P2_ENSG00000178719,GRINA,-0.025873462
274_ALG9_P1P2_ENSG00000086848,ALG9,-0.025907611
4244_IWS1_P1P2_ENSG00000163166,IWS1,-0.02604544
4096_IL23R_P1P2_ENSG00000162594,IL23R,-0.026111037
1591_CHORDC1_P1P2_ENSG00000110172,CHORDC1,-0.026358938
5046_MGST3_P1P2_ENSG00000143198,MGST3,-0.026471239
706_ATXN7L3B_P1P2_ENSG00000253719,ATXN7L3B,-0.026696643
11307_non-targeting_non-targeting_non-targeting,non-targeting,-0.026705505
3514_GPR89B_P1P2_ENSG00000188092,GPR89B,-0.026824934
11121_non-targeting_non-targeting_non-targeting,non-targeting,-0.026872322
11079_non-targeting_non-targeting_non-targeting,non-targeting,-0.026977835
10932_non-targeting_non-targeting_non-targeting,non-targeting,-0.02697916
11046_non-targeting_non-targeting_non-targeting,non-targeting,-0.027275313
2735_ESR1_P1_ENSG00000091831,ESR1,-0.02769737
8759_TBX5_P1_ENSG00000089225,TBX5,-0.027738634
10321_ZNF383_P1P2_ENSG00000188283,ZNF383,-0.02782455
5114_MLLT6_P1P2_ENSG00000275023,MLLT6,-0.027827749
10224_ZNF230_P1P2_ENSG00000159882,ZNF230,-0.02784133
4946_MED23_P1P2_ENSG00000112282,MED23,-0.02795922
261_ALDOA_P1P2_ENSG00000149925,ALDOA,-0.028222378
5217_MRPL35_P1P2_ENSG00000132313,MRPL35,-0.028222892
7768_SEMA4B_P2_ENSG00000185033,SEMA4B,-0.028302552
10285_ZNF322_P1P2_ENSG00000181315,ZNF322,-0.02841747
5285_MSL1_P1P2_ENSG00000188895,MSL1,-0.028423298
7211_RCOR3_P1P2_ENSG00000117625,RCOR3,-0.028561398
9911_XRN2_P1P2_ENSG00000088930,XRN2,-0.028730016
4095_IL23A_P1P2_ENSG00000110944,IL23A,-0.028824626
7376_RNF213_P2_ENSG00000173821,RNF213,-0.028869558
8187_SMPD4_P1P2_ENSG00000136699,SMPD4,-0.028898146
6647_PPOX_P1P2_ENSG00000143224,PPOX,-0.028926335
2484_EEF1B2_P1P2_ENSG00000114942,EEF1B2,-0.028983584
5542_NDUFA9_ENST00000266544.5_ENSG00000139180,NDUFA9,-0.029150758
5969_ORC5_P1P2_ENSG00000164815,ORC5,-0.029465705
5686_NKRF_P1P2_ENSG00000186416,NKRF,-0.029507399
938_BUD31_P1P2_ENSG00000106245,BUD31,-0.029736847
8717_TBC1D28_ENST00000345096.4_ENSG00000189375,TBC1D28,-0.029787358
1624_CIT_P1P2_ENSG00000122966,CIT,-0.029867478
3774_HIST1H3H_ENST00000369163.2_ENSG00000278828,HIST1H3H,-0.029915467
4012_ICAM4_P1P2_ENSG00000105371,ICAM4,-0.029938953
10213_ZNF219_P1P2_ENSG00000165804,ZNF219,-0.030046726
3961_HSF4_P1P2_ENSG00000102878,HSF4,-0.030280555
4025_IDH3A_P2_ENSG00000166411,IDH3A,-0.030390052
8387_SPTLC1_P1P2_ENSG00000090054,SPTLC1,-0.030461174
7929_SIRT7_P1P2_ENSG00000187531,SIRT7,-0.03074505
2140_DEDD2_P2_ENSG00000160570,DEDD2,-0.030776508
8766_TCEAL1_P1P2_ENSG00000172465,TCEAL1,-0.030839019
6977_PYGL_P1P2_ENSG00000100504,PYGL,-0.03094672
10261_ZNF280C_P1P2_ENSG00000056277,ZNF280C,-0.03107566
83_ACIN1_P2_ENSG00000100813,ACIN1,-0.031225314
7091_RANBP10_P1P2_ENSG00000141084,RANBP10,-0.031241361
5214_MRPL32_P1P2_ENSG00000106591,MRPL32,-0.03129597
11322_non-targeting_non-targeting_non-targeting,non-targeting,-0.03192219
2629_EMP3_P1P2_ENSG00000142227,EMP3,-0.03207713
10348_ZNF423_ENST00000262383.2_ENSG00000102935,ZNF423,-0.03217389
10999_non-targeting_non-targeting_non-targeting,non-targeting,-0.03252416
8833_TFAP2A_P1_ENSG00000137203,TFAP2A,-0.032541838
3103_FKBPL_P1P2_ENSG00000204315,FKBPL,-0.032554805
6071_PARK7_P1P2_ENSG00000116288,PARK7,-0.033050306
2583_ELAVL1_P1P2_ENSG00000066044,ELAVL1,-0.033265587
3882_HOOK1_P1P2_ENSG00000134709,HOOK1,-0.03327303
10792_non-targeting_non-targeting_non-targeting,non-targeting,-0.033345446
10750_non-targeting_non-targeting_non-targeting,non-targeting,-0.033468906
9605_UQCC1_P1P2_ENSG00000101019,UQCC1,-0.03381358
878_BPHL_P1P2_ENSG00000137274,BPHL,-0.033816423
7876_SH3BGR_P2_ENSG00000185437,SH3BGR,-0.034672502
4822_MAP7D1_P1P2_ENSG00000116871,MAP7D1,-0.03479516
8394_SQSTM1_P1_ENSG00000161011,SQSTM1,-0.03480214
2044_DBR1_P1P2_ENSG00000138231,DBR1,-0.03495078
980_ATP5MPL_P1P2_ENSG00000156411,ATP5MPL,-0.035393912
262_ALDOC_P1P2_ENSG00000109107,ALDOC,-0.035971917
5524_NDFIP2_P1P2_ENSG00000102471,NDFIP2,-0.036093123
5066_MIEF1_P1P2_ENSG00000100335,MIEF1,-0.036145374
10315_ZNF362_P1P2_ENSG00000160094,ZNF362,-0.036679678
3722_HIC2_P1_ENSG00000169635,HIC2,-0.03717798
10219_ZNF226_P1_ENSG00000167380,ZNF226,-0.037193414
2554_EIF3J_P1P2_ENSG00000104131,EIF3J,-0.03727272
3856_HNRNPA1L2_P2_ENSG00000139675,HNRNPA1L2,-0.037810788
3899_HOXB1_P1P2_ENSG00000120094,HOXB1,-0.037825864
251_ALAS2_P1P2_ENSG00000158578,ALAS2,-0.03809482
7728_SDHD_P1P2_ENSG00000204370,SDHD,-0.038280394
5573_NDUFS8_P1P2_ENSG00000110717,NDUFS8,-0.03882911
7287_RHEB_P1P2_ENSG00000106615,RHEB,-0.038944814
6679_PPP2CB_P1P2_ENSG00000104695,PPP2CB,-0.039375927
957_C11orf74_P1P2_ENSG00000166352,C11orf74,-0.039992847
10755_non-targeting_non-targeting_non-targeting,non-targeting,-0.040038627
4908_MCOLN1_P1P2_ENSG00000090674,MCOLN1,-0.040554374
9293_TRIP10_P2_ENSG00000125733,TRIP10,-0.04070118
3649_HBE1_P1P2_ENSG00000213931,HBE1,-0.04098363
1440_CDK6_P1_ENSG00000105810,CDK6,-0.041702267
8993_TMEM126B_P1P2_ENSG00000171204,TMEM126B,-0.043989252
3518_GPS2_P1P2_ENSG00000132522,GPS2,-0.04459255
2367_DPY30_P1P2_ENSG00000162961,DPY30,-0.045429144
5339_MTOR_P1P2_ENSG00000198793,MTOR,-0.045846127
8102_SLC5A6_P1P2_ENSG00000138074,SLC5A6,-0.04609781
9424_TUBG1_P1P2_ENSG00000131462,TUBG1,-0.04687925
7164_RBM22_P1P2_ENSG00000086589,RBM22,-0.046957
4926_MEAF6_P1P2_ENSG00000163875,MEAF6,-0.04803555
10875_non-targeting_non-targeting_non-targeting,non-targeting,-0.050144732
5530_NDUFA10_P1P2_ENSG00000130414,NDUFA10,-0.05030762
7541_RPTOR_P1P2_ENSG00000141564,RPTOR,-0.055295628
8382_SPTA1_P1P2_ENSG00000163554,SPTA1,-0.0554749
