Perturbation,Gene_Target,Axis_Score
7454_RPL27A_P1P2_ENSG00000166441,RPL27A,0.3045966
6537_POLR1D_P1_ENSG00000186184,POLR1D,0.26096177
7441_RPL17_P1P2_ENSG00000265681,RPL17,0.26020482
5748_NOP2_P1P2_ENSG00000111641,NOP2,0.25433624
6534_POLR1B_P1P2_ENSG00000125630,POLR1B,0.2409512
6152_PDCD11_P1P2_ENSG00000148843,PDCD11,0.22794041
9804_WDR12_P1P2_ENSG00000138442,WDR12,0.22594336
7477_RPL7A_P1P2_ENSG00000148303,RPL7A,0.2205645
7455_RPL27_P1P2_ENSG00000131469,RPL27,0.21998085
7438_RPL14_P1P2_ENSG00000188846,RPL14,0.21995743
2132_DDX56_P1P2_ENSG00000136271,DDX56,0.2184105
7466_RPL36_P1P2_ENSG00000130255,RPL36,0.2182102
7501_RPS13_P1P2_ENSG00000110700,RPS13,0.2162703
2988_FBL_P1P2_ENSG00000105202,FBL,0.21572076
3677_HEATR1_P1P2_ENSG00000119285,HEATR1,0.21317697
9443_TWISTNB_P1P2_ENSG00000105849,TWISTNB,0.20024122
7536_RPS6_P1P2_ENSG00000137154,RPS6,0.1978796
1040_C1orf131_P1P2_ENSG00000143633,C1orf131,0.1942084
9686_UTP3_P1P2_ENSG00000132467,UTP3,0.19391994
7450_RPL23_P1P2_ENSG00000125691,RPL23,0.1855955
9210_TPP2_P1P2_ENSG00000134900,TPP2,0.18216865
7527_RPS5_P1P2_ENSG00000083845,RPS5,0.18128364
7505_RPS16_P1P2_ENSG00000105193,RPS16,0.17858692
7451_RPL24_P1P2_ENSG00000114391,RPL24,0.17556126
5659_NGDN_P1P2_ENSG00000129460,NGDN,0.17416175
5735_NOL6_P1P2_ENSG00000165271,NOL6,0.17406921
9680_UTP14A_P1P2_ENSG00000156697,UTP14A,0.17118692
7561_RRP12_P1P2_ENSG00000052749,RRP12,0.16824298
10703_ZNRD1_P1P2_ENSG00000066379,ZNRD1,0.16531278
7476_RPL6_P1P2_ENSG00000089009,RPL6,0.16295822
1701_CMTR1_P1P2_ENSG00000137200,CMTR1,0.16099441
7453_RPL26_P1P2_ENSG00000161970,RPL26,0.16078061
7507_RPS18_P1P2_ENSG00000231500,RPS18,0.16076764
5733_NOL11_P1P2_ENSG00000130935,NOL11,0.16062494
7169_RBM28_P1P2_ENSG00000106344,RBM28,0.15997553
7569_RRS1_P1P2_ENSG00000179041,RRS1,0.15989569
7516_RPS27A_P1P2_ENSG00000143947,RPS27A,0.15903595
5089_NIFK_P1P2_ENSG00000155438,NIFK,0.15872006
7526_RPS4X_P1P2_ENSG00000198034,RPS4X,0.15761088
5470_NAT10_P1P2_ENSG00000135372,NAT10,0.15532552
7469_RPL38_P1P2_ENSG00000172809,RPL38,0.1548234
7312_RIOK2_P1P2_ENSG00000058729,RIOK2,0.15435441
7478_RPL7L1_P1P2_ENSG00000146223,RPL7L1,0.15422165
7444_RPL19_P1P2_ENSG00000108298,RPL19,0.15412484
6536_POLR1C_P1_ENSG00000171453,POLR1C,0.15376844
6219_PES1_P1P2_ENSG00000100029,PES1,0.15332074
8744_TBRG4_P1P2_ENSG00000136270,TBRG4,0.14992861
4470_KRI1_P1P2_ENSG00000129347,KRI1,0.14926061
3042_FCF1_P1P2_ENSG00000119616,FCF1,0.14882326
7499_RPS11_P1P2_ENSG00000142534,RPS11,0.14820383
9396_TTF1_P1P2_ENSG00000125482,TTF1,0.14667717
10040_ZCCHC9_P1P2_ENSG00000131732,ZCCHC9,0.14650723
6704_PPRC1_P1P2_ENSG00000148840,PPRC1,0.14636871
2105_DDX18_P1P2_ENSG00000088205,DDX18,0.14634496
7479_RPL7_P1P2_ENSG00000147604,RPL7,0.14433657
2321_DNTTIP2_P1P2_ENSG00000067334,DNTTIP2,0.14424625
5747_NOP16_P1P2_ENSG00000048162,NOP16,0.14340734
1365_CD3EAP_P1P2_ENSG00000117877,CD3EAP,0.14332959
7491_RPP30_P1P2_ENSG00000148688,RPP30,0.14247213
8738_TBL3_P1P2_ENSG00000183751,TBL3,0.14222991
9482_UBA52_P1_ENSG00000221983,UBA52,0.14184378
4780_MAK16_P1P2_ENSG00000198042,MAK16,0.14176613
7493_RPP40_P1P2_ENSG00000124787,RPP40,0.14144261
7432_RPL10_P1P2_ENSG00000147403,RPL10,0.14103907
7431_RPL10A_P1P2_ENSG00000198755,RPL10A,0.14060126
6605_PPAN_P1P2_ENSG00000130810,PPAN,0.14057527
8599_SUPT6H_P1P2_ENSG00000109111,SUPT6H,0.14053102
8660_TAF1D_P1_ENSG00000166012,TAF1D,0.1403389
7449_RPL23A_P1P2_ENSG00000198242,RPL23A,0.14005987
2113_DDX24_P1P2_ENSG00000089737,DDX24,0.13998188
9366_TSR2_P1P2_ENSG00000158526,TSR2,0.13953178
4472_KRR1_P1P2_ENSG00000111615,KRR1,0.13950336
8517_STK24_P1P2_ENSG00000102572,STK24,0.13943142
2124_DDX47_P1P2_ENSG00000213782,DDX47,0.13913469
7525_RPS3_P1_ENSG00000149273,RPS3,0.1390853
7459_RPL31_P1P2_ENSG00000071082,RPL31,0.13810848
9841_WDR75_P1P2_ENSG00000115368,WDR75,0.1369237
7513_RPS24_P1P2_ENSG00000138326,RPS24,0.13680682
4108_IMP4_P1P2_ENSG00000136718,IMP4,0.13630092
7461_RPL34_P1P2_ENSG00000109475,RPL34,0.13587299
9816_WDR36_P1P2_ENSG00000134987,WDR36,0.13561393
7206_RCL1_P1P2_ENSG00000120158,RCL1,0.13494964
1301_CCDC86_P1P2_ENSG00000110104,CCDC86,0.13405217
2580_EIF6_P1P2_ENSG00000242372,EIF6,0.13379598
2127_DDX51_P1P2_ENSG00000185163,DDX51,0.13296942
2111_DDX21_P1P2_ENSG00000165732,DDX21,0.1328736
2102_DDX10_P1P2_ENSG00000178105,DDX10,0.13011675
9684_UTP20_P1P2_ENSG00000120800,UTP20,0.13005371
874_BOP1_P1_ENSG00000261236,BOP1,0.12924504
6533_POLR1A_P1P2_ENSG00000068654,POLR1A,0.12895809
7458_RPL30_P1P2_ENSG00000156482,RPL30,0.12838994
8656_TAF1A_P1P2_ENSG00000143498,TAF1A,0.12837058
5731_NOC4L_P1P2_ENSG00000184967,NOC4L,0.12811686
4110_IMPA2_P1P2_ENSG00000141401,IMPA2,0.12719278
2731_ESF1_P1_ENSG00000089048,ESF1,0.12690617
9818_WDR3_P1P2_ENSG00000065183,WDR3,0.12645818
7576_RSL1D1_P1_ENSG00000171490,RSL1D1,0.12595724
7442_RPL18A_P1P2_ENSG00000105640,RPL18A,0.1258199
7475_RPL5_P1P2_ENSG00000122406,RPL5,0.12523627
6574_POP1_P1P2_ENSG00000104356,POP1,0.12460026
7522_RPS2_P1P2_ENSG00000140988,RPS2,0.12443689
7497_RPS10-NUDT3_P1P2_ENSG00000270800,RPS10-NUDT3,0.12433443
7508_RPS19BP1_P1P2_ENSG00000187051,RPS19BP1,0.12423541
9687_UTP6_P1P2_ENSG00000108651,UTP6,0.123915754
6576_POP5_P1P2_ENSG00000167272,POP5,0.12308742
5737_NOL8_P1P2_ENSG00000198000,NOL8,0.123025194
3385_GLB1_P1P2_ENSG00000170266,GLB1,0.122993514
7512_RPS23_P1P2_ENSG00000186468,RPS23,0.12224363
7445_RPL21_P1P2_ENSG00000122026,RPL21,0.12193305
9682_UTP15_P1P2_ENSG00000164338,UTP15,0.121794604
7713_SDAD1_P1P2_ENSG00000198301,SDAD1,0.12152997
1083_NEPRO_P1P2_ENSG00000163608,NEPRO,0.12143593
2128_DDX52_P1P2_ENSG00000278053,DDX52,0.12087062
4684_LSG1_P1P2_ENSG00000041802,LSG1,0.11946006
7484_RPLP2_P1P2_ENSG00000177600,RPLP2,0.11920834
9925_YEATS2_P1P2_ENSG00000163872,YEATS2,0.118648306
6539_POLR1E_P1P2_ENSG00000137054,POLR1E,0.118325144
8826_TEX10_P1P2_ENSG00000136891,TEX10,0.11827172
7498_RPS10_P1P2_ENSG00000124614,RPS10,0.11782306
3586_GTF3C3_P1P2_ENSG00000119041,GTF3C3,0.11682442
7311_RIOK1_P1P2_ENSG00000124784,RIOK1,0.116622865
7509_RPS19_P1P2_ENSG00000105372,RPS19,0.11645263
16_AATF_P1P2_ENSG00000275700,AATF,0.11639638
7566_RRP7A_P1P2_ENSG00000189306,RRP7A,0.11609184
5702_NLE1_P1P2_ENSG00000073536,NLE1,0.11575961
9_AAR2_P1P2_ENSG00000131043,AAR2,0.11483386
9685_UTP23_P1P2_ENSG00000147679,UTP23,0.114756696
8658_TAF1C_P1P2_ENSG00000103168,TAF1C,0.11443731
10231_ZNF236_P1P2_ENSG00000130856,ZNF236,0.11365995
5673_NIP7_P1P2_ENSG00000132603,NIP7,0.11345654
9679_UTP11_P1P2_ENSG00000183520,UTP11,0.11345596
7577_RSL24D1_P1P2_ENSG00000137876,RSL24D1,0.11326619
7487_RPP14_P1P2_ENSG00000163684,RPP14,0.11318804
8654_TAF13_P1P2_ENSG00000197780,TAF13,0.11299466
6887_PSMG4_P1P2_ENSG00000180822,PSMG4,0.1121697
7426_RPF1_P1P2_ENSG00000117133,RPF1,0.111100614
3445_GNL2_P1P2_ENSG00000134697,GNL2,0.11077794
4208_ISG20L2_P1P2_ENSG00000143319,ISG20L2,0.10999815
6963_PWP2_P1P2_ENSG00000241945,PWP2,0.10928132
1470_CEBPZ_P1P2_ENSG00000115816,CEBPZ,0.107472494
2622_EMG1_P1P2_ENSG00000126749,EMG1,0.10741497
8317_SPAG7_P1P2_ENSG00000091640,SPAG7,0.10725559
7648_SAP18_P1P2_ENSG00000150459,SAP18,0.106990926
8405_SRFBP1_P1P2_ENSG00000151304,SRFBP1,0.106904685
7483_RPLP1_P1P2_ENSG00000137818,RPLP1,0.10674502
2235_DKC1_P1P2_ENSG00000130826,DKC1,0.10632327
4932_MED12_P1P2_ENSG00000184634,MED12,0.10596143
6642_PPM1G_P1_ENSG00000115241,PPM1G,0.105876245
4499_LAMB1_P1P2_ENSG00000091136,LAMB1,0.10552845
4921_MDN1_P1P2_ENSG00000112159,MDN1,0.104024656
6221_PET117_P1P2_ENSG00000232838,PET117,0.103773706
7243_REXO2_P1P2_ENSG00000076043,REXO2,0.103575066
5732_NOL10_P1P2_ENSG00000115761,NOL10,0.10329379
5745_NOP10_P1P2_ENSG00000182117,NOP10,0.10308235
7500_RPS12_P1P2_ENSG00000112306,RPS12,0.10289901
6493_PNO1_P1P2_ENSG00000115946,PNO1,0.10271226
5746_NOP14_P1P2_ENSG00000087269,NOP14,0.10264674
901_BRIX1_P1P2_ENSG00000113460,BRIX1,0.10249656
2456_EBNA1BP2_P1P2_ENSG00000117395,EBNA1BP2,0.102427535
939_BYSL_P1P2_ENSG00000112578,BYSL,0.10204132
1192_CARF_P1P2_ENSG00000138380,CARF,0.1018025
5909_NVL_P1P2_ENSG00000143748,NVL,0.1012398
859_BMS1_P1P2_ENSG00000165733,BMS1,0.101159625
7474_RPL4_P1P2_ENSG00000174444,RPL4,0.10109934
1129_SPOUT1_P1P2_ENSG00000198917,SPOUT1,0.10089703
5738_NOL9_P1P2_ENSG00000162408,NOL9,0.10085866
3395_GLIS1_ENST00000312233.2_ENSG00000174332,GLIS1,0.100720555
5163_MPHOSPH10_P1P2_ENSG00000124383,MPHOSPH10,0.1005887
6575_POP4_P1P2_ENSG00000105171,POP4,0.10050039
7427_RPF2_P1P2_ENSG00000197498,RPF2,0.100250416
7511_RPS21_P1P2_ENSG00000171858,RPS21,0.09959452
7480_RPL8_P1P2_ENSG00000161016,RPL8,0.099513344
9971_ZBTB14_P1P2_ENSG00000198081,ZBTB14,0.09947199
5707_NMD3_P1P2_ENSG00000169251,NMD3,0.09946141
2129_DDX54_P1_ENSG00000123064,DDX54,0.09946023
9824_WDR46_P1P2_ENSG00000227057,WDR46,0.09784724
7540_RPSA_P1P2_ENSG00000168028,RPSA,0.09752059
964_C12orf45_P1P2_ENSG00000151131,C12orf45,0.097012386
10702_ZNHIT6_P1P2_ENSG00000117174,ZNHIT6,0.096674204
5730_NOC3L_P1P2_ENSG00000173145,NOC3L,0.096295245
4333_KEAP1_P1P2_ENSG00000079999,KEAP1,0.09564626
9798_BUD23_P1P2_ENSG00000071462,BUD23,0.0951615
2490_EEF2_P1_ENSG00000167658,EEF2,0.09514372
8898_THUMPD1_P1P2_ENSG00000066654,THUMPD1,0.095044
4945_MED22_P1P2_ENSG00000148297,MED22,0.09430238
9839_WDR74_P1_ENSG00000133316,WDR74,0.094187565
5548_NDUFAF5_P1P2_ENSG00000101247,NDUFAF5,0.09416592
7562_RRP15_P1P2_ENSG00000067533,RRP15,0.09403429
7523_RPS3A_P1P2_ENSG00000145425,RPS3A,0.09389849
7518_RPS27_P1P2_ENSG00000177954,RPS27,0.093892865
7503_RPS15A_P1P2_ENSG00000134419,RPS15A,0.09371808
1979_CXXC1_P1P2_ENSG00000154832,CXXC1,0.09337445
5964_LTO1_P1P2_ENSG00000149716,LTO1,0.093264684
5365_MYBBP1A_P1P2_ENSG00000132382,MYBBP1A,0.09297826
9364_TSR1_P1_ENSG00000167721,TSR1,0.09278699
1011_C18orf21_P1P2_ENSG00000141428,C18orf21,0.09220604
8832_TFAM_P1P2_ENSG00000108064,TFAM,0.09216928
1828_CPEB1_ENST00000568128.1_ENSG00000214575,CPEB1,0.091789536
7537_RPS7_P1P2_ENSG00000171863,RPS7,0.091450505
7460_RPL32_P1P2_ENSG00000144713,RPL32,0.09093933
1489_CENPP_P1P2_ENSG00000188312,CENPP,0.09083807
4523_LAS1L_P1P2_ENSG00000001497,LAS1L,0.09006728
7463_RPL35_P1P2_ENSG00000136942,RPL35,0.09005965
8121_SLIRP_P1P2_ENSG00000119705,SLIRP,0.089976326
5879_NUFIP1_P1P2_ENSG00000083635,NUFIP1,0.089428924
2051_DCAF13_P1P2_ENSG00000164934,DCAF13,0.0893208
6215_PELP1_P1P2_ENSG00000141456,PELP1,0.0889211
7481_RPL9_P1P2_ENSG00000163682,RPL9,0.08863935
5074_MIIP_P1P2_ENSG00000116691,MIIP,0.08848834
3409_NOP53_P1P2_ENSG00000105373,NOP53,0.08842518
7468_RPL37_P1P2_ENSG00000145592,RPL37,0.08841955
2213_DHX37_P1P2_ENSG00000150990,DHX37,0.087900735
32_ABCE1_P1P2_ENSG00000164163,ABCE1,0.087711334
9683_UTP18_P1P2_ENSG00000011260,UTP18,0.08762217
9174_TOP1_P1P2_ENSG00000198900,TOP1,0.08727926
7568_RRP9_P1P2_ENSG00000114767,RRP9,0.086724624
7437_RPL13_P1P2_ENSG00000167526,RPL13,0.086229384
7519_RPS28_P1P2_ENSG00000233927,RPS28,0.08603861
2226_DIMT1_P1P2_ENSG00000086189,DIMT1,0.08603168
9390_TTC4_P1P2_ENSG00000243725,TTC4,0.08593194
9820_WDR43_P1P2_ENSG00000163811,WDR43,0.084572665
645_ATP1A1_P1P2_ENSG00000163399,ATP1A1,0.08451148
2225_UTP25_P1P2_ENSG00000117597,UTP25,0.08414652
5192_MRM1_P1P2_ENSG00000278619,MRM1,0.084136166
2135_DDX6_P1P2_ENSG00000110367,DDX6,0.0841227
8710_TBC1D1_ENST00000261439.4_ENSG00000065882,TBC1D1,0.082748756
5809_NRBP1_P1P2_ENSG00000115216,NRBP1,0.082206465
2114_DDX27_P1P2_ENSG00000124228,DDX27,0.08220585
5734_NOL12_P1P2_ENSG00000273899,NOL12,0.08189081
3566_GTF2A1_P1P2_ENSG00000165417,GTF2A1,0.08188186
5449_NAF1_P1P2_ENSG00000145414,NAF1,0.08112839
7467_RPL37A_P1P2_ENSG00000197756,RPL37A,0.08111415
5726_NOB1_P1P2_ENSG00000141101,NOB1,0.080725975
7163_RBM19_P1P2_ENSG00000122965,RBM19,0.080521666
7471_RPL39_P1P2_ENSG00000198918,RPL39,0.08038068
7502_RPS14_P1P2_ENSG00000164587,RPS14,0.07891847
8668_TAF6_P1P2_ENSG00000106290,TAF6,0.07865723
5504_NCL_P1_ENSG00000115053,NCL,0.07803667
4938_MED16_P1P2_ENSG00000175221,MED16,0.07799656
1614_CINP_P1P2_ENSG00000100865,CINP,0.07787969
10676_ZNF84_P1P2_ENSG00000198040,ZNF84,0.07729869
10746_AC118549.1_P1P2_ENSG00000036549,AC118549.1,0.07675815
8291_SOX3_P1P2_ENSG00000134595,SOX3,0.07638986
9587_UMPS_P1P2_ENSG00000114491,UMPS,0.07621853
116_ACTR5_P1P2_ENSG00000101442,ACTR5,0.075798914
10701_ZNHIT3_P1P2_ENSG00000273611,ZNHIT3,0.07567588
7504_RPS15_P1P2_ENSG00000115268,RPS15,0.07557776
10722_ZSCAN2_P1P2_ENSG00000176371,ZSCAN2,0.075399116
4713_LTV1_P1P2_ENSG00000135521,LTV1,0.07511287
2993_FBXL14_P1P2_ENSG00000171823,FBXL14,0.074898645
6905_PTEN_P1P2_ENSG00000171862,PTEN,0.07407076
7433_RPL11_P1P2_ENSG00000142676,RPL11,0.073735006
10995_non-targeting_non-targeting_non-targeting,non-targeting,0.073567286
2295_DNAJC24_P1P2_ENSG00000170946,DNAJC24,0.07350174
815_BDP1_P1P2_ENSG00000145734,BDP1,0.07329649
5667_NHP2_P1P2_ENSG00000145912,NHP2,0.07310425
7388_RNF31_P1P2_ENSG00000092098,RNF31,0.073026516
7539_RPS9_P1P2_ENSG00000170889,RPS9,0.07280145
1483_CENPJ_P1P2_ENSG00000151849,CENPJ,0.07264006
8597_SUPT4H1_P1P2_ENSG00000213246,SUPT4H1,0.07243815
62_ABT1_P1P2_ENSG00000146109,ABT1,0.07240665
1152_CAD_P1P2_ENSG00000084774,CAD,0.07229213
7515_RPS26_P1P2_ENSG00000197728,RPS26,0.07161634
9303_TRMT112_P1P2_ENSG00000173113,TRMT112,0.07148356
1013_C18orf32_P1P2_ENSG00000177576,C18orf32,0.07091701
7729_SDR39U1_P1P2_ENSG00000100445,SDR39U1,0.07085258
8650_TADA3_P1P2_ENSG00000171148,TADA3,0.07058094
7443_RPL18_P1P2_ENSG00000063177,RPL18,0.07028292
4969_MEIS3_P1_ENSG00000105419,MEIS3,0.07023018
7439_RPL15_P1P2_ENSG00000174748,RPL15,0.0695727
33_ABCF1_P1_ENSG00000204574,ABCF1,0.069569
3567_GTF2A2_P1P2_ENSG00000140307,GTF2A2,0.06934039
9480_UBA3_P1P2_ENSG00000144744,UBA3,0.06929328
8605_SURF6_P1P2_ENSG00000148296,SURF6,0.068560265
3194_FOXRED2_P1P2_ENSG00000100350,FOXRED2,0.06840508
2925_FAM50A_P1P2_ENSG00000071859,FAM50A,0.06797963
2209_DHX33_P1P2_ENSG00000005100,DHX33,0.067934126
373_AP2A1_P1P2_ENSG00000196961,AP2A1,0.06664687
8791_TCOF1_P1P2_ENSG00000070814,TCOF1,0.06654686
8_AAMP_P1P2_ENSG00000127837,AAMP,0.06641901
3589_GTF3C6_P1P2_ENSG00000155115,GTF3C6,0.06620681
8576_SUGP1_P1P2_ENSG00000105705,SUGP1,0.066172756
7482_RPLP0_P1P2_ENSG00000089157,RPLP0,0.06591263
4950_MED27_P1P2_ENSG00000160563,MED27,0.065282926
8657_TAF1B_P1P2_ENSG00000115750,TAF1B,0.06482203
5410_MYSM1_P1P2_ENSG00000162601,MYSM1,0.064731374
2131_DDX55_P1P2_ENSG00000111364,DDX55,0.064668246
9117_TMX2_P1P2_ENSG00000213593,TMX2,0.06461594
7492_RPP38_P1P2_ENSG00000152464,RPP38,0.06429381
5600_NELFCD_P1P2_ENSG00000101158,NELFCD,0.06409683
1211_CAST_P2_ENSG00000153113,CAST,0.06402189
8663_TAF3_P1P2_ENSG00000165632,TAF3,0.06350351
4941_MED19_P1P2_ENSG00000156603,MED19,0.06286024
4959_MED9_P1P2_ENSG00000141026,MED9,0.06282864
7510_RPS20_P1P2_ENSG00000008988,RPS20,0.0626438
2125_DDX49_P1P2_ENSG00000105671,DDX49,0.06182207
8741_TBP_P1P2_ENSG00000112592,TBP,0.061598312
5739_NOLC1_P1P2_ENSG00000166197,NOLC1,0.061500385
5146_MON1A_P1P2_ENSG00000164077,MON1A,0.061329
8866_TGIF2_P1P2_ENSG00000118707,TGIF2,0.06126873
5750_NOP58_P1P2_ENSG00000055044,NOP58,0.061097912
4868_MAU2_P1P2_ENSG00000129933,MAU2,0.060970567
9916_YAE1_P1P2_ENSG00000241127,YAE1,0.06087307
10312_ZNF358_P1_ENSG00000198816,ZNF358,0.060563587
4998_METTL21A_P1P2_ENSG00000144401,METTL21A,0.060347714
9073_TMEM41B_P1P2_ENSG00000166471,TMEM41B,0.060119037
5598_NELFA_P1P2_ENSG00000185049,NELFA,0.05946111
1284_CCDC59_P1P2_ENSG00000133773,CCDC59,0.059448067
6565_POLRMT_P1P2_ENSG00000099821,POLRMT,0.059048664
5420_N6AMT1_P1P2_ENSG00000156239,N6AMT1,0.058710758
4805_MAP2K7_P1P2_ENSG00000076984,MAP2K7,0.058441784
9331_TSC1_P1P2_ENSG00000165699,TSC1,0.05784773
7521_RPS29_P1_ENSG00000213741,RPS29,0.05752085
9629_ATP5MD_P1P2_ENSG00000173915,ATP5MD,0.05751266
10569_ZNF705B_ENST00000443676.1_ENSG00000215356,ZNF705B,0.057292305
7462_RPL35A_P1P2_ENSG00000182899,RPL35A,0.057271607
9618_URB2_P1P2_ENSG00000135763,URB2,0.057214692
3447_GNL3_P1P2_ENSG00000163938,GNL3,0.05708404
8652_TAF11_P1P2_ENSG00000064995,TAF11,0.056962743
4947_MED24_P1P2_ENSG00000008838,MED24,0.056883875
3485_GPALPP1_P1P2_ENSG00000133114,GPALPP1,0.0568097
5164_MPHOSPH6_P1P2_ENSG00000135698,MPHOSPH6,0.056749
789_BCCIP_P1P2_ENSG00000107949,BCCIP,0.056545705
3273_GALNT6_P1P2_ENSG00000139629,GALNT6,0.056530595
2983_FAU_P1P2_ENSG00000149806,FAU,0.05645808
7891_SHC1_P2_ENSG00000160691,SHC1,0.056453492
7581_RSU1_P1P2_ENSG00000148484,RSU1,0.056318015
2510_EGR1_P1_ENSG00000120738,EGR1,0.056252193
9453_TXNDC9_P1P2_ENSG00000115514,TXNDC9,0.056220792
10104_ZFR_P1P2_ENSG00000056097,ZFR,0.05613879
3605_GYG1_P1P2_ENSG00000163754,GYG1,0.055654477
8855_TFPT_P1P2_ENSG00000105619,TFPT,0.05542847
3594_GTPBP4_P1P2_ENSG00000107937,GTPBP4,0.055149667
8653_TAF12_P1P2_ENSG00000120656,TAF12,0.055095185
6867_PSMD13_P1P2_ENSG00000185627,PSMD13,0.05504923
7142_RBBP6_P1P2_ENSG00000122257,RBBP6,0.054956425
3220_FUNDC2_P1P2_ENSG00000165775,FUNDC2,0.054377977
8462_SSX2IP_P1P2_ENSG00000117155,SSX2IP,0.054296352
4893_MCEE_P1P2_ENSG00000124370,MCEE,0.054232676
4953_MED30_P1P2_ENSG00000164758,MED30,0.05380253
9271_TRIM28_P1P2_ENSG00000130726,TRIM28,0.053570215
8587_SUMO1_P1P2_ENSG00000116030,SUMO1,0.05328244
5448_NAE1_P1P2_ENSG00000159593,NAE1,0.053076565
2977_FASTKD2_P1P2_ENSG00000118246,FASTKD2,0.052839845
7375_RNF20_P1P2_ENSG00000155827,RNF20,0.05268886
6577_POP7_P1P2_ENSG00000172336,POP7,0.05216198
3891_HOXA3_P2_ENSG00000105997,HOXA3,0.05165738
4037_IFI27L1_P1P2_ENSG00000165948,IFI27L1,0.051220935
3448_GNPAT_P1P2_ENSG00000116906,GNPAT,0.051076643
4488_L2HGDH_P1P2_ENSG00000087299,L2HGDH,0.05069691
9635_USP14_P1P2_ENSG00000101557,USP14,0.05068216
10567_ZNF704_P1P2_ENSG00000164684,ZNF704,0.050482836
4635_LPIN1_P1P2_ENSG00000134324,LPIN1,0.050293945
7198_RCC1_P1_ENSG00000180198,RCC1,0.050214086
1804_COTL1_P1P2_ENSG00000103187,COTL1,0.050165873
4939_MED17_P1P2_ENSG00000042429,MED17,0.049922634
2787_EXOSC10_P1P2_ENSG00000171824,EXOSC10,0.04985591
5821_NSA2_P1P2_ENSG00000164346,NSA2,0.049836066
2158_DEPDC5_P1P2_ENSG00000100150,DEPDC5,0.049702365
7565_RRP36_P1P2_ENSG00000124541,RRP36,0.049621794
7538_RPS8_P1P2_ENSG00000142937,RPS8,0.049596503
10331_ZNF396_P1P2_ENSG00000186496,ZNF396,0.049386963
7351_RNF144A_P1_ENSG00000151692,RNF144A,0.049289994
6948_PUM1_P1P2_ENSG00000134644,PUM1,0.04928895
2777_EXO5_P1P2_ENSG00000164002,EXO5,0.048945386
7943_SKIV2L_P1P2_ENSG00000204351,SKIV2L,0.048943922
9831_WDR5_P1P2_ENSG00000196363,WDR5,0.048870146
2577_EIF5B_P1P2_ENSG00000158417,EIF5B,0.04884188
1651_CLEC2L_P1P2_ENSG00000236279,CLEC2L,0.04855902
8651_TAF10_P1P2_ENSG00000166337,TAF10,0.048396945
5428_NAA30_P1P2_ENSG00000139977,NAA30,0.048380096
5725_NOA1_P1P2_ENSG00000084092,NOA1,0.048194133
2328_DOHH_P1P2_ENSG00000129932,DOHH,0.04799008
6720_PRDM10_P1P2_ENSG00000170325,PRDM10,0.047970183
3059_FERMT2_P1P2_ENSG00000073712,FERMT2,0.04791072
9469_TYW3_P1P2_ENSG00000162623,TYW3,0.047451064
7727_SDHC_P1P2_ENSG00000143252,SDHC,0.04743122
9132_TNFSF10_P1P2_ENSG00000121858,TNFSF10,0.04726111
2792_EXOSC5_P1P2_ENSG00000077348,EXOSC5,0.04715098
7456_RPL28_P1P2_ENSG00000108107,RPL28,0.047136404
5371_MYCL_P1P2_ENSG00000116990,MYCL,0.04713584
9652_USP36_P1P2_ENSG00000055483,USP36,0.04712026
3233_FYN_P1P2_ENSG00000010810,FYN,0.04674853
1331_CCNJ_P1P2_ENSG00000107443,CCNJ,0.04643335
4957_MED7_P1P2_ENSG00000155868,MED7,0.04625925
3446_GNL3L_P1P2_ENSG00000130119,GNL3L,0.046037015
2905_PRXL2A_P1_ENSG00000122378,PRXL2A,0.04601149
1702_CMTR2_P1P2_ENSG00000180917,CMTR2,0.04593962
3668_HDAC8_P1P2_ENSG00000147099,HDAC8,0.04581948
9923_YBX3_P1P2_ENSG00000060138,YBX3,0.045779206
7185_RBM8A_P1P2_ENSG00000265241,RBM8A,0.045461595
4215_IST1_P1P2_ENSG00000182149,IST1,0.045433182
1058_RAB5IF_P1P2_ENSG00000101084,RAB5IF,0.045212932
9992_ZBTB39_P1P2_ENSG00000166860,ZBTB39,0.044788387
7170_RBM33_P1P2_ENSG00000184863,RBM33,0.044768207
4274_KAT2A_P1P2_ENSG00000108773,KAT2A,0.044635445
3349_GFOD2_P1P2_ENSG00000141098,GFOD2,0.044502534
7275_RGS14_P2_ENSG00000169220,RGS14,0.044474166
7559_RRN3_P1P2_ENSG00000085721,RRN3,0.04426714
7564_RRP1_P1P2_ENSG00000160214,RRP1,0.044253394
8191_SMUG1_P1P2_ENSG00000123415,SMUG1,0.044208843
2966_FANCI_P1P2_ENSG00000140525,FANCI,0.04392224
2190_DHPS_P1P2_ENSG00000095059,DHPS,0.043834876
3531_GRB2_P1_ENSG00000177885,GRB2,0.043825705
4751_MAF1_P1P2_ENSG00000179632,MAF1,0.04382182
5307_MTF1_P1P2_ENSG00000188786,MTF1,0.04381724
6154_PDCD2_P1P2_ENSG00000071994,PDCD2,0.043702863
5601_NELFE_P1P2_ENSG00000204356,NELFE,0.043199003
5360_MXD4_P1P2_ENSG00000123933,MXD4,0.04309899
990_MOSMO_P1P2_ENSG00000185716,MOSMO,0.04307222
3571_GTF2F1_P1P2_ENSG00000125651,GTF2F1,0.042845346
10146_ZMYM4_P1P2_ENSG00000146463,ZMYM4,0.04284473
6558_POLR3D_P1P2_ENSG00000168495,POLR3D,0.042763546
3284_GAR1_P1P2_ENSG00000109534,GAR1,0.04246009
2189_DHODH_P1_ENSG00000102967,DHODH,0.042310175
9226_TRAF2_P1_ENSG00000127191,TRAF2,0.042095076
6560_POLR3F_P1P2_ENSG00000132664,POLR3F,0.042088903
10689_ZNF888_ENST00000596623.1_ENSG00000213793,ZNF888,0.041903418
8481_STAG2_P1_ENSG00000101972,STAG2,0.041702114
6062_PAPOLA_P1P2_ENSG00000090060,PAPOLA,0.041662138
10803_non-targeting_non-targeting_non-targeting,non-targeting,0.04163822
2746_ESYT1_P2_ENSG00000139641,ESYT1,0.041538358
6771_PRKRIP1_P1_ENSG00000128563,PRKRIP1,0.04143947
4972_MEMO1_P1_ENSG00000162959,MEMO1,0.041400153
10252_ZNF26_P1P2_ENSG00000198393,ZNF26,0.041355062
4548_LEF1_P1_ENSG00000138795,LEF1,0.041286826
7506_RPS17_ENST00000330339.7_ENSG00000182774,RPS17,0.041232184
7013_RAB20_P1P2_ENSG00000139832,RAB20,0.041179314
9867_WNK1_P1P2_ENSG00000060237,WNK1,0.041178424
588_ASPH_P1P2_ENSG00000198363,ASPH,0.041068785
2434_DYRK3_P1P2_ENSG00000143479,DYRK3,0.04105935
607_ATF4_P1P2_ENSG00000128272,ATF4,0.041048713
9490_UBAP2L_P1P2_ENSG00000143569,UBAP2L,0.04098452
248_AKT2_P1P2_ENSG00000105221,AKT2,0.040784337
7434_RPL12_P1P2_ENSG00000197958,RPL12,0.04072021
6546_POLR2E_P1_ENSG00000099817,POLR2E,0.0406946
4879_MBIP_P1P2_ENSG00000151332,MBIP,0.040569186
6433_PLEKHA1_P1P2_ENSG00000107679,PLEKHA1,0.04056851
3172_FOXN1_P1P2_ENSG00000109101,FOXN1,0.040564217
9829_WDR55_P1P2_ENSG00000120314,WDR55,0.04045646
7263_RFX6_P1P2_ENSG00000185002,RFX6,0.040449966
5772_NPRL2_P1P2_ENSG00000114388,NPRL2,0.040411595
1069_C22orf46_P1P2_nan,C22orf46,0.04033909
9896_XPO1_P1P2_ENSG00000082898,XPO1,0.040198524
7435_RPL13A_P1_ENSG00000142541,RPL13A,0.040197916
4132_INPP4A_P1P2_ENSG00000040933,INPP4A,0.040185865
3666_HDAC6_P1P2_ENSG00000094631,HDAC6,0.040059403
5729_NOC2L_P1P2_ENSG00000188976,NOC2L,0.039982304
7062_RAD21_P1P2_ENSG00000164754,RAD21,0.039926954
4994_METTL16_P1P2_ENSG00000127804,METTL16,0.03987311
3742_HIRIP3_P1P2_ENSG00000149929,HIRIP3,0.039841935
10442_ZNF554_P1P2_ENSG00000172006,ZNF554,0.03976655
8598_SUPT5H_P1P2_ENSG00000196235,SUPT5H,0.039754782
8662_TAF2_P1P2_ENSG00000064313,TAF2,0.03963054
3319_GCLC_P1P2_ENSG00000001084,GCLC,0.03961703
140_ADAT3_P2_ENSG00000213638,ADAT3,0.03957926
2858_FAM136A_P1P2_ENSG00000035141,FAM136A,0.039508283
10922_non-targeting_non-targeting_non-targeting,non-targeting,0.03949688
1968_CUTC_P1P2_ENSG00000119929,CUTC,0.0394509
4653_LRPPRC_P1P2_ENSG00000138095,LRPPRC,0.039432406
1108_SMIM29_P1P2_ENSG00000186577,SMIM29,0.03940078
6029_PACS2_P1P2_ENSG00000179364,PACS2,0.03939491
5155_MORN2_P1P2_ENSG00000188010,MORN2,0.039372183
10463_ZNF574_P1_ENSG00000105732,ZNF574,0.03936213
1328_CCNG1_P1P2_ENSG00000113328,CCNG1,0.03936118
5602_NEMF_P1P2_ENSG00000165525,NEMF,0.03928562
700_ATXN10_P1P2_ENSG00000130638,ATXN10,0.039204326
11220_non-targeting_non-targeting_non-targeting,non-targeting,0.03908533
1165_CAMKK2_P1P2_ENSG00000110931,CAMKK2,0.03907989
7403_RNMT_P1P2_ENSG00000101654,RNMT,0.039036084
5009_METTL8_P1P2_ENSG00000123600,METTL8,0.038996544
10883_non-targeting_non-targeting_non-targeting,non-targeting,0.03865861
8670_TAF8_P1P2_ENSG00000137413,TAF8,0.038633868
7647_SAP130_P1P2_ENSG00000136715,SAP130,0.038613334
3857_HNRNPA1_P1P2_ENSG00000135486,HNRNPA1,0.03849829
620_ATG2B_P1P2_ENSG00000066739,ATG2B,0.038338877
8583_SULT1A3_ENST00000563322.1_ENSG00000261052,SULT1A3,0.03808428
118_ACTR8_P1P2_ENSG00000113812,ACTR8,0.037996676
222_AIP_P1P2_ENSG00000110711,AIP,0.037724715
2118_DDX39B_P1P2_ENSG00000198563,DDX39B,0.037717003
1120_CYREN_P1P2_ENSG00000122783,CYREN,0.03770686
8325_SPATA5L1_P1P2_ENSG00000171763,SPATA5L1,0.037702616
5919_STN1_P1P2_ENSG00000107960,STN1,0.03761109
8622_SYNCRIP_P1P2_ENSG00000135316,SYNCRIP,0.037479352
8603_SURF2_P1P2_ENSG00000148291,SURF2,0.037397392
5599_NELFB_P1P2_ENSG00000188986,NELFB,0.03737245
2031_DAXX_P1_ENSG00000204209,DAXX,0.03730191
9462_TYK2_P1P2_ENSG00000105397,TYK2,0.037147302
6896_PTBP1_P1P2_ENSG00000011304,PTBP1,0.03711892
6557_POLR3C_P1P2_ENSG00000186141,POLR3C,0.037068143
6559_POLR3E_P1P2_ENSG00000058600,POLR3E,0.037001673
6902_PTCD3_P1P2_ENSG00000132300,PTCD3,0.036888413
4126_INO80B_P1P2_ENSG00000115274,INO80B,0.036880754
10755_non-targeting_non-targeting_non-targeting,non-targeting,0.03688
9449_TXNDC12_P1P2_ENSG00000117862,TXNDC12,0.03681484
3124_FNBP4_P1P2_ENSG00000109920,FNBP4,0.03678809
2346_DPH1_P1_ENSG00000108963,DPH1,0.03672204
324_ANKRD10_P1P2_ENSG00000088448,ANKRD10,0.03655917
469_ARHGAP4_P1_ENSG00000089820,ARHGAP4,0.03652111
3425_GMPR2_P1P2_ENSG00000100938,GMPR2,0.036512516
1962_CUL3_P1P2_ENSG00000036257,CUL3,0.03649375
9715_VDAC2_P1P2_ENSG00000165637,VDAC2,0.03645074
9215_TPR_P1P2_ENSG00000047410,TPR,0.036406733
9444_TWSG1_P1P2_ENSG00000128791,TWSG1,0.036193885
6073_PARN_P1P2_ENSG00000140694,PARN,0.03612666
5012_MEX3B_P1_ENSG00000183496,MEX3B,0.036079958
7910_SIGMAR1_P1P2_ENSG00000147955,SIGMAR1,0.03607025
3198_FRA10AC1_P1P2_ENSG00000148690,FRA10AC1,0.035828736
2545_EIF3B_P1P2_ENSG00000106263,EIF3B,0.035759963
9512_UBE2M_P1P2_ENSG00000130725,UBE2M,0.0356771
7187_RBMXL1_P1P2_ENSG00000213516,RBMXL1,0.035516948
11241_non-targeting_non-targeting_non-targeting,non-targeting,0.035437915
1961_CUL2_P1P2_ENSG00000108094,CUL2,0.035328466
3404_GLRX5_P1P2_ENSG00000182512,GLRX5,0.035315007
6552_POLR2K_P1P2_ENSG00000147669,POLR2K,0.035163336
6872_PSMD4_P1P2_ENSG00000159352,PSMD4,0.035111424
4196_IRF9_P1P2_ENSG00000213928,IRF9,0.035090778
3494_GPBP1L1_P1P2_ENSG00000159592,GPBP1L1,0.03505358
7080_RAI14_P1P2_ENSG00000039560,RAI14,0.034990966
6064_PAPSS1_P1P2_ENSG00000138801,PAPSS1,0.034923214
5677_NIPBL_P1P2_ENSG00000164190,NIPBL,0.03489239
494_ARID4B_P1P2_ENSG00000054267,ARID4B,0.03480136
3347_GFM2_P1P2_ENSG00000164347,GFM2,0.03478967
9136_TNIP1_P2_ENSG00000145901,TNIP1,0.034684572
4066_IGF2BP2_P1P2_ENSG00000073792,IGF2BP2,0.034600887
1232_CBX5_P1P2_ENSG00000094916,CBX5,0.034453847
3514_GPR89B_P1P2_ENSG00000188092,GPR89B,0.03441264
1573_CHI3L2_P1_ENSG00000064886,CHI3L2,0.034297172
8395_SRA1_P1P2_ENSG00000213523,SRA1,0.034293924
1563_CHD8_P1_ENSG00000100888,CHD8,0.034127865
1195_CARM1_P1P2_ENSG00000142453,CARM1,0.034090348
496_ARID5B_ENST00000279873.7_ENSG00000150347,ARID5B,0.034071084
1621_CITED1_P1_ENSG00000125931,CITED1,0.03401134
1251_CCDC127_P1P2_ENSG00000164366,CCDC127,0.034001507
6912_PTGR2_P1P2_ENSG00000140043,PTGR2,0.03398246
2116_DDX31_P1P2_ENSG00000125485,DDX31,0.03397298
2660_EPB41L2_P1P2_ENSG00000079819,EPB41L2,0.033946473
8051_SLC35F2_P1P2_ENSG00000110660,SLC35F2,0.033917475
10212_ZNF217_P2_ENSG00000171940,ZNF217,0.033895165
6001_OTX2_P1P2_ENSG00000165588,OTX2,0.033758424
6538_POLR1D_P2_ENSG00000186184,POLR1D,0.03366163
10478_ZNF585A_P1P2_ENSG00000196967,ZNF585A,0.033630192
770_BAZ1A_P1P2_ENSG00000198604,BAZ1A,0.03352805
5372_MYCN_P1_ENSG00000134323,MYCN,0.033501107
10721_ZSCAN29_P1P2_ENSG00000140265,ZSCAN29,0.033478957
283_ALS2_P1P2_ENSG00000003393,ALS2,0.033476956
1255_CCDC130_P1_ENSG00000104957,CCDC130,0.033453126
6341_PIGP_P1P2_ENSG00000185808,PIGP,0.03343245
3847_HMX3_P1P2_ENSG00000188620,HMX3,0.0333606
2282_DNAJB4_P1P2_ENSG00000162616,DNAJB4,0.033286568
10315_ZNF362_P1P2_ENSG00000160094,ZNF362,0.033265002
8373_SPRY1_P1P2_ENSG00000164056,SPRY1,0.033196505
6927_PTPN1_P1P2_ENSG00000196396,PTPN1,0.033094738
5067_MIEN1_P1P2_ENSG00000141741,MIEN1,0.033090852
4005_IBA57_P1P2_ENSG00000181873,IBA57,0.03304471
8218_SNRNP27_P1P2_ENSG00000124380,SNRNP27,0.03300113
5101_MKS1_P1P2_ENSG00000011143,MKS1,0.0329695
4865_MAT2B_P1_ENSG00000038274,MAT2B,0.03296101
5340_MTPAP_P1P2_ENSG00000107951,MTPAP,0.032960474
10285_ZNF322_P1P2_ENSG00000181315,ZNF322,0.032957617
2891_MCRIP1_P1P2_ENSG00000225663,MCRIP1,0.032943666
6570_POMP_P1P2_ENSG00000132963,POMP,0.03289797
2679_EPS15L1_P1P2_ENSG00000127527,EPS15L1,0.032886397
517_ARL6IP6_P1P2_ENSG00000177917,ARL6IP6,0.03288081
10662_ZNF829_P1P2_ENSG00000185869,ZNF829,0.0328754
1423_CDK11B_ENST00000341832.6_ENSG00000248333,CDK11B,0.032859135
8648_TADA2A_P1P2_ENSG00000276234,TADA2A,0.03281444
4172_IQGAP1_P1P2_ENSG00000140575,IQGAP1,0.03278695
10213_ZNF219_P1P2_ENSG00000165804,ZNF219,0.03273739
3551_GSK3B_P1P2_ENSG00000082701,GSK3B,0.03265744
8142_SMARCA4_P1P2_ENSG00000127616,SMARCA4,0.03264407
791_BCKDHA_P1_ENSG00000248098,BCKDHA,0.032602146
9907_XRCC5_P1P2_ENSG00000079246,XRCC5,0.032541264
5368_MYB_P1P2_ENSG00000118513,MYB,0.032525692
3722_HIC2_P1_ENSG00000169635,HIC2,0.03252557
1063_C21orf58_P2_ENSG00000160298,C21orf58,0.0324144
3908_HOXB8_P2_ENSG00000120068,HOXB8,0.03236124
3305_GBA_P1_ENSG00000177628,GBA,0.03230832
9895_XPNPEP3_P1P2_ENSG00000196236,XPNPEP3,0.032293025
2896_FAM204A_P1P2_ENSG00000165669,FAM204A,0.032240894
9596_UNCX_P1P2_ENSG00000164853,UNCX,0.032189056
9468_TYW1_P1P2_ENSG00000198874,TYW1,0.0321353
8442_SRY_P1P2_ENSG00000184895,SRY,0.032054484
11003_non-targeting_non-targeting_non-targeting,non-targeting,0.03203483
9545_UBR2_P1P2_ENSG00000024048,UBR2,0.03198045
4946_MED23_P1P2_ENSG00000112282,MED23,0.03190153
10536_ZNF667_P1P2_ENSG00000198046,ZNF667,0.03186031
6378_PITHD1_P1P2_ENSG00000057757,PITHD1,0.03184732
6461_PLS1_P1_ENSG00000120756,PLS1,0.031718753
5740_NOM1_P1P2_ENSG00000146909,NOM1,0.031683702
10601_ZNF737_P1P2_ENSG00000237440,ZNF737,0.0316576
9218_TPT1_P1P2_ENSG00000133112,TPT1,0.03162113
2526_EIF1AD_P1P2_ENSG00000175376,EIF1AD,0.031541947
4380_KIF18B_P1P2_ENSG00000186185,KIF18B,0.031529944
3444_GNL1_P1P2_ENSG00000204590,GNL1,0.031426303
10291_ZNF32_P1P2_ENSG00000169740,ZNF32,0.03141981
4107_IMP3_P1P2_ENSG00000177971,IMP3,0.031359207
9787_WASF2_P1P2_ENSG00000158195,WASF2,0.03133356
8966_TMBIM4_P1P2_ENSG00000155957,TMBIM4,0.031302273
1952_CTSS_P1P2_ENSG00000163131,CTSS,0.03129151
6652_PPP1R10_P1P2_ENSG00000204569,PPP1R10,0.03127684
5162_MPG_P1P2_ENSG00000103152,MPG,0.031202383
10288_ZNF326_P1P2_ENSG00000162664,ZNF326,0.031180693
4793_MANEAL_P1P2_ENSG00000185090,MANEAL,0.031060914
1395_CDC26_P1P2_ENSG00000176386,CDC26,0.031033654
6189_PDLIM5_P1P2_ENSG00000163110,PDLIM5,0.030972116
7440_RPL17-C18orf32_P1P2_nan,RPL17-C18orf32,0.03082184
10429_ZNF536_P1P2_ENSG00000198597,ZNF536,0.030787295
10709_ZSCAN10_P1P2_ENSG00000130182,ZSCAN10,0.030773247
1424_CDK12_P1P2_ENSG00000167258,CDK12,0.030731905
5334_MTMR3_P1P2_ENSG00000100330,MTMR3,0.030711152
7194_RC3H1_P1P2_ENSG00000135870,RC3H1,0.030647235
9617_URB1_P1P2_ENSG00000142207,URB1,0.03063268
2495_EFHD1_P1P2_ENSG00000115468,EFHD1,0.030604098
9290_TRIOBP_P2_ENSG00000100106,TRIOBP,0.030596903
2454_EBF3_P1P2_ENSG00000108001,EBF3,0.030567952
1438_CDK5_P1P2_ENSG00000164885,CDK5,0.030555125
9911_XRN2_P1P2_ENSG00000088930,XRN2,0.030549396
6026_PABPN1_P1P2_ENSG00000100836,PABPN1,0.030468224
4533_LCMT1_P1P2_ENSG00000205629,LCMT1,0.030425102
6995_R3HCC1_P2_ENSG00000104679,R3HCC1,0.030364707
4951_MED28_P1P2_ENSG00000118579,MED28,0.030269016
10370_ZNF446_P1P2_ENSG00000083838,ZNF446,0.030265627
10629_ZNF780A_P1P2_ENSG00000197782,ZNF780A,0.030255465
2553_EIF3I_P1P2_ENSG00000084623,EIF3I,0.03025341
9100_TMEM97_P1P2_ENSG00000109084,TMEM97,0.030242601
5272_MRTO4_P1P2_ENSG00000053372,MRTO4,0.030170377
4023_IDH1_P1P2_ENSG00000138413,IDH1,0.03015079
10872_non-targeting_non-targeting_non-targeting,non-targeting,0.03012803
6192_PDP2_P1P2_ENSG00000172840,PDP2,0.030017488
3215_FUBP1_P1P2_ENSG00000162613,FUBP1,0.030005226
8838_TFAP2E_P1P2_ENSG00000116819,TFAP2E,0.02998447
9619_URGCP_P1_ENSG00000106608,URGCP,0.02994346
2740_ESRRG_ENST00000360012.3_ENSG00000196482,ESRRG,0.029889748
4058_IFT80_P1P2_ENSG00000068885,IFT80,0.029884288
6793_PRPF31_P1P2_ENSG00000105618,PRPF31,0.029840622
4551_LENG1_P1P2_ENSG00000105617,LENG1,0.029793305
8208_SNAPC4_P1P2_ENSG00000165684,SNAPC4,0.029764632
6768_PRKDC_P1P2_ENSG00000253729,PRKDC,0.029713415
4099_ILF2_P1P2_ENSG00000143621,ILF2,0.029711802
8963_TMA16_P1P2_ENSG00000198498,TMA16,0.029698372
4592_LIN37_P1P2_ENSG00000267796,LIN37,0.029691815
5184_MRAP2_P1P2_ENSG00000135324,MRAP2,0.029627817
8070_SLC39A11_P1P2_ENSG00000133195,SLC39A11,0.02962643
3459_GOLGA5_P1P2_ENSG00000066455,GOLGA5,0.029610716
11294_non-targeting_non-targeting_non-targeting,non-targeting,0.029419057
5669_NINJ1_P1P2_ENSG00000131669,NINJ1,0.029321974
8697_TATDN1_P1P2_ENSG00000147687,TATDN1,0.029275792
7095_RANBP6_P1P2_ENSG00000137040,RANBP6,0.029238205
7570_RSAD1_P1P2_ENSG00000136444,RSAD1,0.029231194
4689_LSM14B_P1P2_ENSG00000149657,LSM14B,0.029153625
2117_DDX39A_P1P2_ENSG00000123136,DDX39A,0.029138012
6175_PDHA1_P1P2_ENSG00000131828,PDHA1,0.02913673
10494_ZNF605_P1P2_ENSG00000196458,ZNF605,0.029106636
4986_METRNL_P1P2_ENSG00000176845,METRNL,0.029077921
7387_RNF2_P1P2_ENSG00000121481,RNF2,0.029054277
180_AGAP3_P1P2_ENSG00000133612,AGAP3,0.029022412
5651_NFRKB_P1P2_ENSG00000170322,NFRKB,0.028983174
10837_non-targeting_non-targeting_non-targeting,non-targeting,0.028947407
8575_SUDS3_P1P2_ENSG00000111707,SUDS3,0.028907428
8649_TADA2B_P1P2_ENSG00000173011,TADA2B,0.028856969
6696_PPP4C_P1P2_ENSG00000149923,PPP4C,0.028840045
7572_RSBN1_P1P2_ENSG00000081019,RSBN1,0.028807431
765_BARX2_P1P2_ENSG00000043039,BARX2,0.028763589
3526_GRAMD4_ENST00000361034.3_ENSG00000075240,GRAMD4,0.028720219
3623_HADH_P1P2_ENSG00000138796,HADH,0.02866961
11278_non-targeting_non-targeting_non-targeting,non-targeting,0.02866768
2419_DXO_P1P2_ENSG00000204348,DXO,0.028659947
9583_UHRF1_P1P2_ENSG00000276043,UHRF1,0.028630078
6366_PIN1_P1P2_ENSG00000127445,PIN1,0.028628448
1564_CHD8_P2_ENSG00000100888,CHD8,0.028532837
7446_RPL22L1_P1P2_ENSG00000163584,RPL22L1,0.0285128
3649_HBE1_P1P2_ENSG00000213931,HBE1,0.028438037
4577_LIAS_P1P2_ENSG00000121897,LIAS,0.0283357
2828_RAMAC_P1P2_ENSG00000169612,RAMAC,0.028335558
2053_DCAF16_P1P2_ENSG00000163257,DCAF16,0.028329885
134_ADAMTSL4_P1P2_ENSG00000143382,ADAMTSL4,0.028302914
2796_EXOSC9_P1P2_ENSG00000123737,EXOSC9,0.028232893
2169_DFFA_P1P2_ENSG00000160049,DFFA,0.028205955
6431_PLEC_P2_ENSG00000178209,PLEC,0.028186752
5109_MLH3_P1P2_ENSG00000119684,MLH3,0.028171975
7812_SESN2_P1P2_ENSG00000130766,SESN2,0.028165214
10636_ZNF786_P1P2_ENSG00000197362,ZNF786,0.02814437
8811_TEFM_P1P2_ENSG00000172171,TEFM,0.027983053
2657_EP300_P1P2_ENSG00000100393,EP300,0.027969489
7859_SGO2_P1P2_ENSG00000163535,SGO2,0.027935537
10064_ZFAND1_P1_ENSG00000104231,ZFAND1,0.027927136
2445_E2F8_P1P2_ENSG00000129173,E2F8,0.027901456
5061_MICU1_P1P2_ENSG00000107745,MICU1,0.027889153
4828_MAPK1_P1P2_ENSG00000100030,MAPK1,0.02788559
3693_HERC1_P1P2_ENSG00000103657,HERC1,0.02787993
3633_HAT1_P1P2_ENSG00000128708,HAT1,0.02787916
5021_MFN1_P1P2_ENSG00000171109,MFN1,0.027841875
5697_NKX3-1_P1P2_ENSG00000167034,NKX3-1,0.02780734
2551_EIF3G_P1P2_ENSG00000130811,EIF3G,0.027799394
10085_ZFP36L2_P1P2_ENSG00000152518,ZFP36L2,0.02774695
7222_REEP3_P1P2_ENSG00000165476,REEP3,0.027739404
10130_ZKSCAN4_P1P2_ENSG00000187626,ZKSCAN4,0.027712634
6689_PPP2R5C_P1P2_ENSG00000078304,PPP2R5C,0.027695255
3314_GCC1_P1P2_ENSG00000179562,GCC1,0.027692283
3062_FES_P1P2_ENSG00000182511,FES,0.027688412
284_ALX1_P1P2_ENSG00000180318,ALX1,0.027686283
3427_GMPS_P1P2_ENSG00000163655,GMPS,0.027654422
2240_DLG5_P1P2_ENSG00000151208,DLG5,0.027602676
10066_ZFAND2A_P1P2_ENSG00000178381,ZFAND2A,0.027479814
894_BRD9_P1P2_ENSG00000028310,BRD9,0.027449708
8445_SS18_P1P2_ENSG00000141380,SS18,0.02741731
2349_DPH5_P1P2_ENSG00000117543,DPH5,0.027360344
3181_FOXO6_P1P2_ENSG00000204060,FOXO6,0.027284635
4207_ISG15_P1P2_ENSG00000187608,ISG15,0.027270133
3880_HOMER3_P1P2_ENSG00000051128,HOMER3,0.027260894
7329_RNASEH2A_P1P2_ENSG00000104889,RNASEH2A,0.027258897
4130_INO80_P1P2_ENSG00000128908,INO80,0.027258143
8619_SYK_P1_ENSG00000165025,SYK,0.027197607
1219_CBFA2T3_P2_ENSG00000129993,CBFA2T3,0.02713219
4909_MCPH1_P1P2_ENSG00000147316,MCPH1,0.027127976
6502_PNRC2_P1P2_ENSG00000189266,PNRC2,0.027082024
1076_WDCP_P1P2_ENSG00000163026,WDCP,0.027046748
5130_MNT_P1P2_ENSG00000070444,MNT,0.02700612
5691_NKX2-2_P1P2_ENSG00000125820,NKX2-2,0.02698538
2700_ERCC8_P1P2_ENSG00000049167,ERCC8,0.026965056
5544_NDUFAF1_P1P2_ENSG00000137806,NDUFAF1,0.026940856
3359_GGT1_P1_ENSG00000286070,GGT1,0.026869882
2564_EIF4EBP1_P1P2_ENSG00000187840,EIF4EBP1,0.026782123
3525_GRAMD4_ENST00000406902.1_ENSG00000075240,GRAMD4,0.026742447
1923_CTBP1_P1P2_ENSG00000159692,CTBP1,0.026696445
8924_TIMM50_P1P2_ENSG00000105197,TIMM50,0.02667083
4748_MADD_P1P2_ENSG00000110514,MADD,0.026617348
10797_non-targeting_non-targeting_non-targeting,non-targeting,0.026446711
9109_TMPO_P1P2_ENSG00000120802,TMPO,0.026446672
3635_HAUS2_P1P2_ENSG00000137814,HAUS2,0.026443224
2314_DNMT1_P1P2_ENSG00000130816,DNMT1,0.026419157
6980_PYURF_P1P2_ENSG00000145337,PYURF,0.026417047
3814_HLF_P1_ENSG00000108924,HLF,0.02635706
9902_XPR1_P1P2_ENSG00000143324,XPR1,0.026338257
5294_MSX1_P1P2_ENSG00000163132,MSX1,0.026331209
10720_ZSCAN26_P1P2_ENSG00000197062,ZSCAN26,0.026302831
9148_TNPO1_P1P2_ENSG00000083312,TNPO1,0.026297726
1325_CCNE1_P1P2_ENSG00000105173,CCNE1,0.026260927
10807_non-targeting_non-targeting_non-targeting,non-targeting,0.0262
3403_GLRX3_P1P2_ENSG00000108010,GLRX3,0.026148068
850_BLOC1S6_P1P2_ENSG00000104164,BLOC1S6,0.026109118
2669_EPHX1_P1P2_ENSG00000143819,EPHX1,0.026104683
9500_UBE2E1_P1P2_ENSG00000170142,UBE2E1,0.026042655
9203_TPM1_P1_ENSG00000140416,TPM1,0.026041394
2517_EHD1_P1P2_ENSG00000110047,EHD1,0.02603552
7550_RRAGC_P1P2_ENSG00000116954,RRAGC,0.026025867
6919_PTP4A1_P1P2_ENSG00000112245,PTP4A1,0.026006572
9983_ZBTB25_P1P2_ENSG00000089775,ZBTB25,0.026001204
1698_CMTM4_P1P2_ENSG00000183723,CMTM4,0.025989551
1279_CCDC50_P1P2_ENSG00000152492,CCDC50,0.025902715
7599_RUNDC1_P1P2_ENSG00000198863,RUNDC1,0.025901755
2145_DEK_P1P2_ENSG00000124795,DEK,0.025872745
7303_RIC8A_P2_ENSG00000177963,RIC8A,0.02586862
11114_non-targeting_non-targeting_non-targeting,non-targeting,0.025859911
3816_HLX_P1P2_ENSG00000136630,HLX,0.025839446
7078_RAF1_P1P2_ENSG00000132155,RAF1,0.025825366
7182_RBM5_P1P2_ENSG00000003756,RBM5,0.025758466
8647_TADA1_P1P2_ENSG00000152382,TADA1,0.025753058
3755_HIST1H2AK_ENST00000330180.2_ENSG00000275221,HIST1H2AK,0.025712272
416_APOE_P1P2_ENSG00000130203,APOE,0.025698675
8959_TM9SF1_P1_ENSG00000100926,TM9SF1,0.025681145
1706_CNDP2_P1_ENSG00000133313,CNDP2,0.025670052
10374_ZNF454_P1P2_ENSG00000178187,ZNF454,0.025656875
2937_FAM72B_ENST00000369390.3_ENSG00000188610,FAM72B,0.025648976
646_ATP1B3_P1P2_ENSG00000069849,ATP1B3,0.025639765
8918_TIMM17B_P1P2_ENSG00000126768,TIMM17B,0.025623668
4455_KNSTRN_P1P2_ENSG00000128944,KNSTRN,0.025599146
2080_DCUN1D1_P1P2_ENSG00000043093,DCUN1D1,0.025597038
4872_MAZ_P1P2_ENSG00000103495,MAZ,0.025565496
7077_RAE1_P1P2_ENSG00000101146,RAE1,0.025535367
2963_FANCE_P1P2_ENSG00000112039,FANCE,0.025529984
8686_TAOK3_P1_ENSG00000135090,TAOK3,0.025513716
8188_SMS_P1P2_ENSG00000102172,SMS,0.025487278
439_ARF3_P1P2_ENSG00000134287,ARF3,0.025479209
6957_PUS7L_P1P2_ENSG00000129317,PUS7L,0.025432678
896_BRF1_P1P2_ENSG00000185024,BRF1,0.0254239
10218_ZNF225_P1P2_ENSG00000256294,ZNF225,0.025413997
690_ATP8B2_P1_ENSG00000143515,ATP8B2,0.025403999
7389_RNF34_P1P2_ENSG00000170633,RNF34,0.025384108
3277_GAMT_P1P2_ENSG00000130005,GAMT,0.025383495
381_AP3M1_P1P2_ENSG00000185009,AP3M1,0.025368895
1222_CBLN1_P1P2_ENSG00000102924,CBLN1,0.025344811
5446_NADK_P2_ENSG00000008130,NADK,0.025344096
2934_RIPOR3_P1P2_ENSG00000042062,RIPOR3,0.025335407
1443_CDK9_P1P2_ENSG00000136807,CDK9,0.02532562
2990_FBRS_P1P2_ENSG00000156860,FBRS,0.025275297
10468_ZNF578_P1P2_ENSG00000258405,ZNF578,0.025268406
953_C11orf58_P1P2_ENSG00000110696,C11orf58,0.025258655
3625_HAGH_P1P2_ENSG00000063854,HAGH,0.02522011
6380_PITPNB_P1P2_ENSG00000180957,PITPNB,0.02521389
3189_FOXP4_P1P2_ENSG00000137166,FOXP4,0.025179585
7127_RASSF3_P1P2_ENSG00000153179,RASSF3,0.025172254
4083_IKZF2_P1_ENSG00000030419,IKZF2,0.025137749
993_VPS35L_P1P2_ENSG00000103544,VPS35L,0.025130676
8172_SMIM12_P1P2_ENSG00000163866,SMIM12,0.025087547
414_APOBR_P2_ENSG00000184730,APOBR,0.02507082
10716_ZSCAN21_P1P2_ENSG00000166529,ZSCAN21,0.025060596
7448_RPL22_P2_ENSG00000116251,RPL22,0.025035376
10438_ZNF549_P1P2_ENSG00000121406,ZNF549,0.025011146
7407_RNPS1_P1P2_ENSG00000205937,RNPS1,0.024998212
5766_NPEPPS_P1P2_ENSG00000141279,NPEPPS,0.02499684
6265_PGRMC1_P1P2_ENSG00000101856,PGRMC1,0.02498083
1527_CES2_P1_ENSG00000172831,CES2,0.024974806
2609_EMC10_P1P2_ENSG00000161671,EMC10,0.0249663
10555_ZNF689_P1P2_ENSG00000156853,ZNF689,0.02496555
6897_PTBP2_P1P2_ENSG00000117569,PTBP2,0.024949655
8929_TIMP1_P1_ENSG00000102265,TIMP1,0.024938198
7578_RSPRY1_P1P2_ENSG00000159579,RSPRY1,0.024905331
8089_SLC44A4_P1P2_ENSG00000204385,SLC44A4,0.0248846
1860_CREB3L3_P1P2_ENSG00000060566,CREB3L3,0.024876595
3862_HNRNPDL_P1P2_ENSG00000152795,HNRNPDL,0.024826493
2477_EDEM2_ENST00000374492.3_ENSG00000088298,EDEM2,0.024822215
3094_FKBP1A_P1P2_ENSG00000088832,FKBP1A,0.024787225
8446_SSBP1_P1P2_ENSG00000106028,SSBP1,0.024770638
10091_ZFP57_P1P2_ENSG00000204644,ZFP57,0.024759294
8482_STAG2_P2_ENSG00000101972,STAG2,0.024733292
1333_CCNK_P1_ENSG00000090061,CCNK,0.024731105
8745_TBX10_P1P2_ENSG00000167800,TBX10,0.024702158
1592_CHP1_P1P2_ENSG00000187446,CHP1,0.02470198
10833_non-targeting_non-targeting_non-targeting,non-targeting,0.024677234
4992_METTL15_P2_ENSG00000169519,METTL15,0.024668878
2452_EBF1_P1P2_ENSG00000164330,EBF1,0.02464688
10523_CBLL2_P1P2_ENSG00000175809,CBLL2,0.02463298
2155_DENR_P1P2_ENSG00000139726,DENR,0.02462158
5794_NR2F2_P1P2_ENSG00000185551,NR2F2,0.024598172
9801_WDFY3_P1P2_ENSG00000163625,WDFY3,0.024583789
6756_PRKAR1B_P2_ENSG00000188191,PRKAR1B,0.02456788
11061_non-targeting_non-targeting_non-targeting,non-targeting,0.024559679
9353_TSPAN31_P1P2_ENSG00000135452,TSPAN31,0.024509013
1880_CRTC2_P1P2_ENSG00000160741,CRTC2,0.024453778
541_ARPC4_P1P2_ENSG00000241553,ARPC4,0.024441384
7651_SAP30_P1P2_ENSG00000164105,SAP30,0.024437193
8473_ST6GAL1_P2_ENSG00000073849,ST6GAL1,0.024427937
10376_ZNF460_P1P2_ENSG00000197714,ZNF460,0.024392635
9267_TRIM24_P1P2_ENSG00000122779,TRIM24,0.024346674
6388_PIWIL4_P1P2_ENSG00000134627,PIWIL4,0.024318373
5040_MGA_P1P2_ENSG00000174197,MGA,0.024299944
2566_EIF4ENIF1_P1P2_ENSG00000184708,EIF4ENIF1,0.024280943
6655_PPP1R12B_P1P2_ENSG00000077157,PPP1R12B,0.024266688
6310_PHTF1_P1P2_ENSG00000116793,PHTF1,0.024261903
6920_PTP4A2_P1P2_ENSG00000184007,PTP4A2,0.024260895
2090_DDHD1_P1P2_ENSG00000100523,DDHD1,0.024251925
2248_DLX4_P1P2_ENSG00000108813,DLX4,0.024228727
11264_non-targeting_non-targeting_non-targeting,non-targeting,0.024200048
7912_SIKE1_P1P2_ENSG00000052723,SIKE1,0.024195129
7496_RPRD2_P1P2_ENSG00000163125,RPRD2,0.02418809
916_BTAF1_P1P2_ENSG00000095564,BTAF1,0.024187129
1876_CRLF3_P1P2_ENSG00000176390,CRLF3,0.024177581
5170_MPND_P1P2_ENSG00000008382,MPND,0.02416628
6607_PPARD_P1P2_ENSG00000112033,PPARD,0.024147328
5112_MLLT1_P1P2_ENSG00000130382,MLLT1,0.024132352
1958_CTXN1_P1P2_ENSG00000178531,CTXN1,0.024121985
4890_MCAT_P1P2_ENSG00000100294,MCAT,0.024120778
2371_DRAM2_P1P2_ENSG00000156171,DRAM2,0.024114568
5773_NPRL3_P1P2_ENSG00000103148,NPRL3,0.024111921
4929_MECR_P1P2_ENSG00000116353,MECR,0.024088766
5323_MTHFSD_P1P2_ENSG00000103248,MTHFSD,0.024047133
2101_DDT_ENST00000350608.3_ENSG00000099977,DDT,0.024020985
6037_PAGE2B_P1P2_ENSG00000238269,PAGE2B,0.024008704
4944_MED21_P1P2_ENSG00000152944,MED21,0.02399387
7937_SKA1_P1P2_ENSG00000154839,SKA1,0.023975898
2335_DOLPP1_P1P2_ENSG00000167130,DOLPP1,0.023972938
10462_ZNF573_P1P2_ENSG00000189144,ZNF573,0.023965828
9233_TRAF7_P2_ENSG00000131653,TRAF7,0.023961317
998_C16orf87_P1P2_ENSG00000155330,C16orf87,0.023949483
4859_MAST1_P1_ENSG00000105613,MAST1,0.023936415
10849_non-targeting_non-targeting_non-targeting,non-targeting,0.023931546
10290_ZNF329_P1_ENSG00000181894,ZNF329,0.02392965
11224_non-targeting_non-targeting_non-targeting,non-targeting,0.02391871
9328_TRRAP_P1P2_ENSG00000196367,TRRAP,0.023883859
3866_HNRNPH1_P1P2_ENSG00000169045,HNRNPH1,0.023879914
6699_PPP5C_P1P2_ENSG00000011485,PPP5C,0.023865866
5377_COPS9_P1P2_ENSG00000172428,COPS9,0.02381842
4911_MCTS1_P1P2_ENSG00000232119,MCTS1,0.02381606
3738_HIPK3_P1_ENSG00000110422,HIPK3,0.023815684
3106_FLCN_P1P2_ENSG00000154803,FLCN,0.023803616
2908_FAM217B_P1_ENSG00000196227,FAM217B,0.02378438
3340_GEN1_P1P2_ENSG00000178295,GEN1,0.023769798
4668_LRRC47_P1_ENSG00000130764,LRRC47,0.023749935
8515_STK17B_P1P2_ENSG00000081320,STK17B,0.02373226
4373_KIDINS220_P1P2_ENSG00000134313,KIDINS220,0.023716543
4031_IDUA_P1P2_ENSG00000127415,IDUA,0.023694042
6813_PRR14_P1P2_ENSG00000156858,PRR14,0.023674315
10856_non-targeting_non-targeting_non-targeting,non-targeting,0.023630505
11174_non-targeting_non-targeting_non-targeting,non-targeting,0.023625238
8022_SLC29A1_P1_ENSG00000112759,SLC29A1,0.023596024
7973_SLC19A2_P1P2_ENSG00000117479,SLC19A2,0.02358357
7266_RFXANK_P1P2_ENSG00000064490,RFXANK,0.023565456
8861_TGFBR3_P1P2_ENSG00000069702,TGFBR3,0.023563242
8347_SPEN_P1P2_ENSG00000065526,SPEN,0.023562746
2330_DOK2_P1P2_ENSG00000147443,DOK2,0.023513177
7028_RAB3IL1_P1P2_ENSG00000167994,RAB3IL1,0.02350568
204_AHCY_P1P2_ENSG00000101444,AHCY,0.023495462
9295_TRIP12_P1P2_ENSG00000153827,TRIP12,0.023494227
1566_CHD9_P2_ENSG00000177200,CHD9,0.023480225
9528_UBE4A_P1P2_ENSG00000110344,UBE4A,0.023465415
2998_FBXL4_P1P2_ENSG00000112234,FBXL4,0.023418976
2049_DCAF11_P1P2_ENSG00000100897,DCAF11,0.023405854
3303_GBA2_P1P2_ENSG00000070610,GBA2,0.023395631
3724_HIF1AN_P1P2_ENSG00000166135,HIF1AN,0.023392119
139_ADAT2_P1P2_ENSG00000189007,ADAT2,0.023386156
1586_CHMP4B_P1P2_ENSG00000101421,CHMP4B,0.02337869
10043_ZDHHC14_P1P2_ENSG00000175048,ZDHHC14,0.023350678
7839_SF3B5_P1P2_ENSG00000169976,SF3B5,0.023336517
3382_GK_P1P2_ENSG00000198814,GK,0.02332047
8980_TMED9_P1P2_ENSG00000184840,TMED9,0.02327482
7324_RMND1_P1P2_ENSG00000155906,RMND1,0.023260456
5380_MYF6_P1P2_ENSG00000111046,MYF6,0.023253184
4832_MAPK8_P1P2_ENSG00000107643,MAPK8,0.023227096
8589_SUMO3_P1P2_ENSG00000184900,SUMO3,0.023225049
9970_ZBTB12_P1P2_ENSG00000204366,ZBTB12,0.0232099
10082_ZFP30_P1P2_ENSG00000120784,ZFP30,0.023175117
1610_CIAPIN1_P1P2_ENSG00000005194,CIAPIN1,0.02317093
10488_ZNF595_P2_ENSG00000272602,ZNF595,0.023161754
6445_PLEKHH3_P1P2_ENSG00000068137,PLEKHH3,0.023149896
11216_non-targeting_non-targeting_non-targeting,non-targeting,0.02314711
6923_PTPN11_P1P2_ENSG00000179295,PTPN11,0.023126507
9891_XPA_P1P2_ENSG00000136936,XPA,0.023122283
3195_FOXS1_P1P2_ENSG00000179772,FOXS1,0.023106659
10412_ZNF514_P2_ENSG00000144026,ZNF514,0.023089124
4056_IFT52_P1P2_ENSG00000101052,IFT52,0.023072766
6951_PURA_P2_ENSG00000185129,PURA,0.023058563
6977_PYGL_P1P2_ENSG00000100504,PYGL,0.023054978
1637_CLCA1_P1P2_ENSG00000016490,CLCA1,0.023052238
401_APH1A_P1P2_ENSG00000117362,APH1A,0.02304937
1269_CCDC17_P1P2_ENSG00000159588,CCDC17,0.02304792
2258_DMRT3_P1P2_ENSG00000064218,DMRT3,0.023036864
5822_NSD1_P1P2_ENSG00000165671,NSD1,0.023029614
9717_VDR_P1P2_ENSG00000111424,VDR,0.023015466
613_ATF7IP_P2_ENSG00000171681,ATF7IP,0.02299858
4825_MAPK12_P1P2_ENSG00000188130,MAPK12,0.022981431
2033_DAZAP1_P1P2_ENSG00000071626,DAZAP1,0.022975994
8366_SPOP_P1P2_ENSG00000121067,SPOP,0.022973862
601_ATAD3B_P1_ENSG00000160072,ATAD3B,0.02293817
1330_CCNI_P1P2_ENSG00000118816,CCNI,0.022864752
6113_PCBP4_P2_ENSG00000090097,PCBP4,0.0228553
6525_POLG2_P1P2_ENSG00000256525,POLG2,0.02280113
"8584_SULT1A3_ENST00000354723.6,ENST00000355544.5_ENSG00000261052",SULT1A3,0.022787852
8431_SRSF1_P1P2_ENSG00000136450,SRSF1,0.02272437
10056_ZDHHC7_P1P2_ENSG00000153786,ZDHHC7,0.022695748
3398_GLMN_P1P2_ENSG00000174842,GLMN,0.022661038
7988_SLC25A19_P1P2_ENSG00000125454,SLC25A19,0.022659844
1385_CDAN1_P1P2_ENSG00000140326,CDAN1,0.022659097
10068_ZFAND3_P1P2_ENSG00000156639,ZFAND3,0.022641405
10227_ZNF233_P1P2_ENSG00000159915,ZNF233,0.0226268
4842_MAPRE3_P1P2_ENSG00000084764,MAPRE3,0.022619355
5580_NECAB3_P1_ENSG00000125967,NECAB3,0.022614025
6492_PNN_P1P2_ENSG00000100941,PNN,0.022591308
4877_MBD5_P1P2_ENSG00000204406,MBD5,0.022538822
9646_USP2_P1_ENSG00000036672,USP2,0.022537015
878_BPHL_P1P2_ENSG00000137274,BPHL,0.022528073
7919_SIN3B_P1P2_ENSG00000127511,SIN3B,0.02252686
3606_GYPA_P1P2_ENSG00000170180,GYPA,0.02252249
3212_FTSJ1_P1P2_ENSG00000068438,FTSJ1,0.022511236
10387_ZNF480_P1P2_ENSG00000198464,ZNF480,0.022503447
10444_ZNF556_P1P2_ENSG00000172000,ZNF556,0.022491356
2967_FANCL_P1P2_ENSG00000115392,FANCL,0.022486983
5941_ONECUT1_P1P2_ENSG00000169856,ONECUT1,0.022470636
3641_HAUS7_P2_ENSG00000213397,HAUS7,0.022457285
7898_SHOC2_P1P2_ENSG00000108061,SHOC2,0.022398336
1052_C1orf53_P1P2_ENSG00000203724,C1orf53,0.022382507
4379_KIF18A_P1P2_ENSG00000121621,KIF18A,0.022355957
5444_NADK2_P1P2_ENSG00000152620,NADK2,0.022351546
1768_COMTD1_P1P2_ENSG00000165644,COMTD1,0.02231997
10121_ZIC4_P2_ENSG00000174963,ZIC4,0.022305354
289_AMD1_P1P2_ENSG00000123505,AMD1,0.022282561
7190_RBPJL_P1P2_ENSG00000124232,RBPJL,0.02227165
7356_RNF149_P1P2_ENSG00000163162,RNF149,0.022262156
7495_RPRD1B_P1P2_ENSG00000101413,RPRD1B,0.0222588
10424_ZNF529_P1P2_ENSG00000186020,ZNF529,0.022242773
8326_SPATA5_P1P2_ENSG00000145375,SPATA5,0.022218864
"6727_PRDM2_ENST00000235372.7,ENST00000311066.5_ENSG00000116731",PRDM2,0.0221752
547_ARRB2_P1P2_ENSG00000141480,ARRB2,0.022166528
10947_non-targeting_non-targeting_non-targeting,non-targeting,0.022156768
2012_CYTH1_P1P2_ENSG00000108669,CYTH1,0.022071157
1874_CRKL_P1P2_ENSG00000099942,CRKL,0.02205765
6709_PPY_P1P2_ENSG00000108849,PPY,0.0220318
1309_CCDC93_P1P2_ENSG00000125633,CCDC93,0.022020798
9569_UFD1_P1P2_ENSG00000070010,UFD1,0.02201806
801_BCL2L1_P1_ENSG00000171552,BCL2L1,0.022015493
4952_MED29_P1P2_ENSG00000063322,MED29,0.021996582
8835_TFAP2B_P1P2_ENSG00000008196,TFAP2B,0.0219861
5070_MIER2_P1P2_ENSG00000105556,MIER2,0.021961534
2648_ENPP3_P1_ENSG00000154269,ENPP3,0.021960424
7888_SHARPIN_P1P2_ENSG00000179526,SHARPIN,0.02194205
6568_POMGNT1_P1P2_ENSG00000085998,POMGNT1,0.021931691
3786_HIST2H2AB_P1P2_ENSG00000184270,HIST2H2AB,0.02192333
9395_TTC9C_P1P2_ENSG00000162222,TTC9C,0.021883875
7323_RMI2_P1P2_ENSG00000175643,RMI2,0.021862907
1049_C1orf43_P1P2_ENSG00000143612,C1orf43,0.02186057
11255_non-targeting_non-targeting_non-targeting,non-targeting,0.02185684
6898_PTBP3_P1P2_ENSG00000119314,PTBP3,0.021809107
3216_FUBP3_P1P2_ENSG00000107164,FUBP3,0.021798149
6866_PSMD12_P1P2_ENSG00000197170,PSMD12,0.021797115
7392_RNF44_P1P2_ENSG00000146083,RNF44,0.021782953
2351_DPH7_P1P2_ENSG00000148399,DPH7,0.021779554
3926_HOXD4_P1P2_ENSG00000170166,HOXD4,0.02177251
9333_TSC22D2_P1P2_ENSG00000196428,TSC22D2,0.02172065
10383_ZNF471_P1P2_ENSG00000196263,ZNF471,0.021709442
7706_SCRIB_P1P2_ENSG00000180900,SCRIB,0.021708407
3565_GSX2_P1P2_ENSG00000180613,GSX2,0.021705631
421_COA8_P1P2_ENSG00000256053,COA8,0.02167223
2653_ENTPD7_P1P2_ENSG00000198018,ENTPD7,0.021634707
8358_SPIDR_P1P2_ENSG00000164808,SPIDR,0.021597473
7256_COP1_P1P2_ENSG00000143207,COP1,0.021587608
3927_HOXD8_P1P2_ENSG00000175879,HOXD8,0.021581214
11065_non-targeting_non-targeting_non-targeting,non-targeting,0.021573484
7670_SBNO1_P1P2_ENSG00000139697,SBNO1,0.021526571
10876_non-targeting_non-targeting_non-targeting,non-targeting,0.021516627
322_ANKMY2_P1P2_ENSG00000106524,ANKMY2,0.021515671
3584_GTF3C1_P1P2_ENSG00000077235,GTF3C1,0.021491632
8003_SLC25A38_P1P2_ENSG00000144659,SLC25A38,0.021487372
8875_THAP2_P2_ENSG00000173451,THAP2,0.021459848
2922_DENND10_P1P2_ENSG00000119979,DENND10,0.021441652
1458_CDT1_P1P2_ENSG00000167513,CDT1,0.021427087
715_AURKB_P1P2_ENSG00000178999,AURKB,0.021421835
7644_SAMHD1_P1P2_ENSG00000101347,SAMHD1,0.021418009
4809_MAP3K2_P1P2_ENSG00000169967,MAP3K2,0.021414196
10969_non-targeting_non-targeting_non-targeting,non-targeting,0.021404685
8558_STX6_P1P2_ENSG00000135823,STX6,0.021393528
9781_INTS14_P1P2_ENSG00000138614,INTS14,0.02138166
6556_POLR3B_P1P2_ENSG00000013503,POLR3B,0.021375846
8620_SYK_P2_ENSG00000165025,SYK,0.02136771
5895_NUP37_P1P2_ENSG00000075188,NUP37,0.021357447
1966_CUL7_P1P2_ENSG00000044090,CUL7,0.021352092
9266_TRIM23_P1P2_ENSG00000113595,TRIM23,0.02135062
5469_NASP_P1P2_ENSG00000132780,NASP,0.021331469
1571_CHFR_P1P2_ENSG00000072609,CHFR,0.02131472
7944_SKI_ENST00000378536.4_ENSG00000157933,SKI,0.021275096
4816_MAP4K1_P1P2_ENSG00000104814,MAP4K1,0.02127321
5851_NUB1_P1P2_ENSG00000013374,NUB1,0.02125734
6043_PAK1IP1_P1P2_ENSG00000111845,PAK1IP1,0.021255217
1700_CMTM7_P1P2_ENSG00000153551,CMTM7,0.02125325
11194_non-targeting_non-targeting_non-targeting,non-targeting,0.021235809
3047_FCHSD1_P1P2_ENSG00000197948,FCHSD1,0.021215908
10994_non-targeting_non-targeting_non-targeting,non-targeting,0.02121021
5342_MTRF1L_P1P2_ENSG00000112031,MTRF1L,0.021208405
905_BROX_P1P2_ENSG00000162819,BROX,0.021206262
10984_non-targeting_non-targeting_non-targeting,non-targeting,0.021184184
2306_DNAL1_P1P2_ENSG00000119661,DNAL1,0.021177635
9515_UBE2Q1_P1P2_ENSG00000160714,UBE2Q1,0.021149313
5345_MTRNR2L8_P1P2_ENSG00000255823,MTRNR2L8,0.021138452
8091_SLC48A1_P2_ENSG00000211584,SLC48A1,0.02111687
2685_EPS8L1_P2_ENSG00000131037,EPS8L1,0.021093208
6097_PAX9_P1_ENSG00000198807,PAX9,0.021081053
11083_non-targeting_non-targeting_non-targeting,non-targeting,0.021059714
11004_non-targeting_non-targeting_non-targeting,non-targeting,0.021057293
9721_VEZF1_P1P2_ENSG00000136451,VEZF1,0.021023922
3175_FOXN3_P1_ENSG00000053254,FOXN3,0.02101782
5819_NRSN2_P1P2_ENSG00000125841,NRSN2,0.020990524
6402_PKNOX2_P1P2_ENSG00000165495,PKNOX2,0.020957684
991_C16orf58_P1P2_ENSG00000140688,C16orf58,0.020954438
7996_SLC25A26_ENST00000354883.6_ENSG00000144741,SLC25A26,0.020951737
1029_C1D_P1P2_ENSG00000197223,C1D,0.020942604
8247_SNX19_P1P2_ENSG00000120451,SNX19,0.02093935
7025_RAB35_P1P2_ENSG00000111737,RAB35,0.020931562
2342_DPF2_P2_ENSG00000133884,DPF2,0.020894663
7613_RXRA_P1P2_ENSG00000186350,RXRA,0.02088398
7788_SEPTIN6_P1P2_ENSG00000125354,SEPTIN6,0.020868067
2468_ECI2_P1P2_ENSG00000198721,ECI2,0.020859972
5958_OR51B5_ENST00000300773.2_ENSG00000167355,OR51B5,0.020850828
8903_TIAL1_P1P2_ENSG00000151923,TIAL1,0.020842139
6242_PFKFB2_P1P2_ENSG00000123836,PFKFB2,0.020798182
9637_USP16_P1P2_ENSG00000156256,USP16,0.020786945
8248_SNX1_P1P2_ENSG00000028528,SNX1,0.020776689
385_AP4B1_P1P2_ENSG00000134262,AP4B1,0.020765396
9729_VIM_P1P2_ENSG00000026025,VIM,0.02073629
8762_TBXAS1_P1P2_ENSG00000059377,TBXAS1,0.02072165
4881_MBNL1_P1P2_ENSG00000152601,MBNL1,0.02070639
498_ARIH2_P1P2_ENSG00000177479,ARIH2,0.02068488
5284_MSI2_P1P2_ENSG00000153944,MSI2,0.020667052
8529_STMN3_P1P2_ENSG00000197457,STMN3,0.02065419
7268_RGCC_P1P2_ENSG00000102760,RGCC,0.020631727
3294_GATA3_P1P2_ENSG00000107485,GATA3,0.02062678
5379_MYF5_P1P2_ENSG00000111049,MYF5,0.020614639
2214_DHX38_P1P2_ENSG00000140829,DHX38,0.020570997
4127_INO80C_P1P2_ENSG00000153391,INO80C,0.020550087
6562_POLR3G_P1P2_ENSG00000113356,POLR3G,0.020529322
1607_CHUK_P1P2_ENSG00000213341,CHUK,0.020514976
7567_RRP8_P1P2_ENSG00000132275,RRP8,0.020506795
9362_TSPYL5_P1P2_ENSG00000180543,TSPYL5,0.020501968
1603_CHSY1_P1P2_ENSG00000131873,CHSY1,0.02048895
2994_FBXL15_P1P2_ENSG00000107872,FBXL15,0.020485222
914_BST2_P1P2_ENSG00000130303,BST2,0.020475015
7791_SEPTIN9_P1P2_ENSG00000184640,SEPTIN9,0.020444604
975_DGLUCY_P1P2_ENSG00000133943,DGLUCY,0.020420494
7274_RGS14_P1_ENSG00000169220,RGS14,0.020383943
1980_CXXC4_P1P2_ENSG00000168772,CXXC4,0.020376394
9924_YDJC_P1P2_ENSG00000161179,YDJC,0.02037004
3000_FBXL5_P2_ENSG00000118564,FBXL5,0.020356104
1512_CEP72_P1P2_ENSG00000112877,CEP72,0.020341987
8887_THOC1_P1P2_ENSG00000079134,THOC1,0.020338181
2598_ELMSAN1_P2_ENSG00000156030,ELMSAN1,0.020333817
4539_LCP2_P1P2_ENSG00000043462,LCP2,0.02033156
10334_ZNF3_P1P2_ENSG00000166526,ZNF3,0.020305438
8116_SLC9A3R2_P2_ENSG00000065054,SLC9A3R2,0.020269347
4312_POGLUT3_P1P2_ENSG00000178202,POGLUT3,0.020258045
2275_DNAJA1_P2_ENSG00000086061,DNAJA1,0.020255083
8665_TAF5L_P1P2_ENSG00000135801,TAF5L,0.020254223
3004_FBXO17_P1_ENSG00000269190,FBXO17,0.020242695
7159_RBM15B_P2_ENSG00000259956,RBM15B,0.020223713
940_BZW1_P1P2_ENSG00000082153,BZW1,0.020223208
922_BTBD7_P1P2_ENSG00000011114,BTBD7,0.02021834
4943_MED20_P1P2_ENSG00000124641,MED20,0.02019568
5798_NR4A1_P1P2_ENSG00000123358,NR4A1,0.020187294
3310_GBX1_P2_ENSG00000164900,GBX1,0.020176869
1490_CENPQ_P1P2_ENSG00000031691,CENPQ,0.020158302
8408_SRGN_P2_ENSG00000122862,SRGN,0.020157438
11143_non-targeting_non-targeting_non-targeting,non-targeting,0.020150263
3234_FYTTD1_P1P2_ENSG00000122068,FYTTD1,0.020132968
7963_SLC12A9_P1_ENSG00000146828,SLC12A9,0.020123584
7649_SAP30BP_P1P2_ENSG00000161526,SAP30BP,0.020121882
2089_DDB2_P1P2_ENSG00000134574,DDB2,0.020119382
8595_SUPT20H_P1P2_ENSG00000102710,SUPT20H,0.02011381
7313_RIOK3_P1P2_ENSG00000101782,RIOK3,0.02011066
4479_KRT8_P2_ENSG00000170421,KRT8,0.020098217
4886_MBTD1_P1P2_ENSG00000011258,MBTD1,0.02009499
6686_PPP2R3C_P1P2_ENSG00000092020,PPP2R3C,0.020046584
6439_PLEKHB2_P1P2_ENSG00000115762,PLEKHB2,0.020036945
1399_CDC40_P1P2_ENSG00000168438,CDC40,0.020024933
3723_HIC2_P2_ENSG00000169635,HIC2,0.02001038
10298_ZNF337_P1P2_ENSG00000130684,ZNF337,0.019967793
1526_CERS6_P1P2_ENSG00000172292,CERS6,0.019959522
3486_GPANK1_P1P2_ENSG00000204438,GPANK1,0.01993635
1754_COLGALT1_P1P2_ENSG00000130309,COLGALT1,0.019925538
1655_CLIC4_P1P2_ENSG00000169504,CLIC4,0.019919662
7318_RLF_P1P2_ENSG00000117000,RLF,0.01990498
5357_MVK_P1P2_ENSG00000110921,MVK,0.019892985
2729_ESD_P1P2_ENSG00000139684,ESD,0.019876001
6526_POLG_P1P2_ENSG00000140521,POLG,0.019867089
6563_POLR3H_P1P2_ENSG00000100413,POLR3H,0.019856635
551_ARRDC3_P1P2_ENSG00000113369,ARRDC3,0.019852985
1086_DIPK2A_P1P2_ENSG00000181744,DIPK2A,0.01984803
9082_PIP4P1_P1P2_ENSG00000165782,PIP4P1,0.019844174
6625_PPIE_P1P2_ENSG00000084072,PPIE,0.019814856
6810_PRR12_P1P2_ENSG00000126464,PRR12,0.01981365
6566_POM121C_P1P2_ENSG00000272391,POM121C,0.01980187
10355_ZNF432_P1P2_ENSG00000256087,ZNF432,0.019784914
3475_GORAB_P1P2_ENSG00000120370,GORAB,0.019756664
8635_SYTL4_P1P2_ENSG00000102362,SYTL4,0.019740429
4896_MCL1_P1P2_ENSG00000143384,MCL1,0.019733505
7022_RAB30_P1P2_ENSG00000137502,RAB30,0.019720426
7377_RNF213_P1_ENSG00000173821,RNF213,0.019716734
5188_MRFAP1L1_P1P2_ENSG00000178988,MRFAP1L1,0.019707277
7755_SEC63_P1P2_ENSG00000025796,SEC63,0.019703621
7940_SKAP2_P1P2_ENSG00000005020,SKAP2,0.01969426
9014_TMEM165_P1P2_ENSG00000134851,TMEM165,0.019673018
10564_ZNF700_P1P2_ENSG00000196757,ZNF700,0.019668764
806_BCL7A_P1P2_ENSG00000110987,BCL7A,0.019667035
3107_FLI1_P1P2_ENSG00000151702,FLI1,0.019648267
9311_TRMT44_P1P2_ENSG00000155275,TRMT44,0.019640699
3430_GNAI2_P1P2_ENSG00000114353,GNAI2,0.019634094
5743_NOMO3_P1P2_ENSG00000103226,NOMO3,0.01962075
2441_E2F4_P1P2_ENSG00000205250,E2F4,0.019619754
3936_HPS6_P1P2_ENSG00000166189,HPS6,0.01960891
1469_CEBPG_P1P2_ENSG00000153879,CEBPG,0.01959169
6320_PIAS2_P1_ENSG00000078043,PIAS2,0.019587303
5043_MGRN1_P1P2_ENSG00000102858,MGRN1,0.019585049
9214_TPRX1_ENST00000535759.1_ENSG00000178928,TPRX1,0.019582186
4743_MACROD1_P1P2_ENSG00000133315,MACROD1,0.01956362
8699_TATDN3_P1_ENSG00000203705,TATDN3,0.01954712
8027_SLC2A3_P1P2_ENSG00000059804,SLC2A3,0.019544672
1643_CLDN15_P1P2_ENSG00000106404,CLDN15,0.019532925
6469_PLXNB1_P1P2_ENSG00000164050,PLXNB1,0.019531872
9077_TMEM50B_P1P2_ENSG00000142188,TMEM50B,0.019526413
10645_ZNF79_P1P2_ENSG00000196152,ZNF79,0.019525493
1384_CDADC1_P1P2_ENSG00000102543,CDADC1,0.01952268
9246_TRAPPC2L_P1P2_ENSG00000167515,TRAPPC2L,0.019506752
6290_PHF3_P1P2_ENSG00000118482,PHF3,0.019490814
9415_TUBB3_P2_ENSG00000258947,TUBB3,0.019477738
10724_ZSCAN31_P2_ENSG00000235109,ZSCAN31,0.019476684
1604_CHTF18_P1P2_ENSG00000127586,CHTF18,0.0194605
8995_TMEM128_P1P2_ENSG00000132406,TMEM128,0.019460237
9524_UBE3A_P1P2_ENSG00000114062,UBE3A,0.019459631
4496_LACTB_P1P2_ENSG00000103642,LACTB,0.019458652
3487_GPATCH11_P1P2_ENSG00000152133,GPATCH11,0.019443264
1114_C6orf62_P2_ENSG00000112308,C6orf62,0.019425722
4574_LHX6_P2_ENSG00000106852,LHX6,0.019418305
7799_SERINC1_P1P2_ENSG00000111897,SERINC1,0.019391678
2944_FAM83A_P1P2_ENSG00000147689,FAM83A,0.019362764
2655_EOGT_P1P2_ENSG00000163378,EOGT,0.019362418
9502_UBE2F_P1P2_ENSG00000184182,UBE2F,0.019359976
2220_DIAPH1_P1P2_ENSG00000131504,DIAPH1,0.019348873
11082_non-targeting_non-targeting_non-targeting,non-targeting,0.019335661
6509_POGK_P1P2_ENSG00000143157,POGK,0.019327316
4725_LYPLA2_P1P2_ENSG00000011009,LYPLA2,0.019280797
10593_ZNF727_P1P2_ENSG00000214652,ZNF727,0.019279921
10013_ZBTB8A_P1P2_ENSG00000160062,ZBTB8A,0.019273138
10413_ZNF514_P1_ENSG00000144026,ZNF514,0.019269027
6702_PPP6R2_P1P2_ENSG00000100239,PPP6R2,0.019267142
7873_SH3BGRL3_P1P2_ENSG00000142669,SH3BGRL3,0.019257464
9231_TRAF4_P1P2_ENSG00000076604,TRAF4,0.019255882
1615_CIR1_P1P2_ENSG00000138433,CIR1,0.019247524
3235_FZD2_P1P2_ENSG00000180340,FZD2,0.019235224
1162_CALU_P1P2_ENSG00000128595,CALU,0.019223599
3801_HIVEP3_ENST00000372583.1_ENSG00000127124,HIVEP3,0.019221608
1473_CELF2_P1P2_ENSG00000048740,CELF2,0.01921948
1070_C2CD2L_P2_ENSG00000172375,C2CD2L,0.019192467
79_ACBD6_P1P2_ENSG00000230124,ACBD6,0.019182106
5771_NPM3_P1P2_ENSG00000107833,NPM3,0.019181158
5710_NME1_P1_ENSG00000239672,NME1,0.019177262
6217_PEPD_P1P2_ENSG00000124299,PEPD,0.019175883
783_BCAP31_P1P2_ENSG00000185825,BCAP31,0.01916316
3493_GPATCH8_P1P2_ENSG00000186566,GPATCH8,0.019154364
10628_ZNF77_P1P2_ENSG00000175691,ZNF77,0.019135538
10554_ZNF688_P1P2_ENSG00000229809,ZNF688,0.019128129
6115_PCCA_P1P2_ENSG00000175198,PCCA,0.019110495
2185_DHCR7_P1P2_ENSG00000172893,DHCR7,0.019109804
5649_NFKBIE_P1P2_ENSG00000146232,NFKBIE,0.01910228
3283_GAPVD1_P1P2_ENSG00000165219,GAPVD1,0.019092299
6737_PRDX4_P1P2_ENSG00000123131,PRDX4,0.019075789
7517_RPS27L_P1P2_ENSG00000185088,RPS27L,0.019058764
5389_MYLIP_P1P2_ENSG00000007944,MYLIP,0.019049956
4060_IFT88_P1P2_ENSG00000032742,IFT88,0.019018255
1338_CCNT2_P1P2_ENSG00000082258,CCNT2,0.019010002
8896_THRB_P1P2_ENSG00000151090,THRB,0.019006537
6456_PLOD1_P1P2_ENSG00000083444,PLOD1,0.018997258
8432_SRSF2_P1P2_ENSG00000161547,SRSF2,0.018964576
6962_PWP1_P1P2_ENSG00000136045,PWP1,0.018958004
753_BAHD1_P1P2_ENSG00000140320,BAHD1,0.018939622
988_C15orf61_P1P2_ENSG00000189227,C15orf61,0.018937876
475_ARHGEF11_P1P2_ENSG00000132694,ARHGEF11,0.018937554
6184_PDK2_P1P2_ENSG00000005882,PDK2,0.018933222
1528_CES2_P2_ENSG00000172831,CES2,0.01893203
9354_TSPAN32_P1P2_ENSG00000064201,TSPAN32,0.018903267
8393_SQSTM1_P2_ENSG00000161011,SQSTM1,0.018896509
6237_PFDN1_P1P2_ENSG00000113068,PFDN1,0.018887894
6953_PURG_P1P2_ENSG00000172733,PURG,0.018880391
3480_GOT1_P1P2_ENSG00000120053,GOT1,0.01886943
10658_ZNF81_P1P2_ENSG00000197779,ZNF81,0.018820757
7926_SIRT6_P1P2_ENSG00000077463,SIRT6,0.01881486
6099_PAXIP1_P1P2_ENSG00000157212,PAXIP1,0.018811792
3835_HMGN2_P1P2_ENSG00000198830,HMGN2,0.018809251
4224_ITGAE_ENST00000263087.4_ENSG00000083457,ITGAE,0.0187971
3113_FLOT2_P1P2_ENSG00000132589,FLOT2,0.018770587
6260_PGM2L1_P1P2_ENSG00000165434,PGM2L1,0.018769022
6514_POLB_P1P2_ENSG00000070501,POLB,0.018763714
10112_ZFY_P1P2_ENSG00000067646,ZFY,0.018748788
1534_CFD_P1P2_ENSG00000197766,CFD,0.018747116
8851_TFEC_P1P2_ENSG00000105967,TFEC,0.01874553
2581_ELAC1_P1P2_ENSG00000141642,ELAC1,0.018740924
2789_EXOSC2_P1P2_ENSG00000130713,EXOSC2,0.018708115
8844_TFDP1_P1P2_ENSG00000198176,TFDP1,0.018687047
2970_FAR2_P1P2_ENSG00000064763,FAR2,0.018684871
8222_SNRNP70_P1P2_ENSG00000104852,SNRNP70,0.018681971
2279_DNAJB12_P1P2_ENSG00000148719,DNAJB12,0.018677248
933_BTNL9_P2_ENSG00000165810,BTNL9,0.018673614
2687_EPS8L2_P1P2_ENSG00000177106,EPS8L2,0.018673247
74_ACAP3_P1P2_ENSG00000131584,ACAP3,0.018648999
4854_MARK3_P1_ENSG00000075413,MARK3,0.018647201
8094_SLC4A2_P2_ENSG00000164889,SLC4A2,0.018630577
6916_PTMA_P1P2_ENSG00000187514,PTMA,0.01861871
7514_RPS25_P1P2_ENSG00000118181,RPS25,0.01861685
1584_CHMP4A_P1_ENSG00000254505,CHMP4A,0.018614382
5625_NFATC2_P1_ENSG00000101096,NFATC2,0.018594606
10981_non-targeting_non-targeting_non-targeting,non-targeting,0.018575238
7369_RNF187_P2_ENSG00000168159,RNF187,0.018563192
9154_TNRC6B_P1P2_ENSG00000100354,TNRC6B,0.018557047
6266_PGRMC2_P1P2_ENSG00000164040,PGRMC2,0.01854474
754_BAIAP2L1_P1P2_ENSG00000006453,BAIAP2L1,0.018543666
4027_IDH3B_P1P2_ENSG00000101365,IDH3B,0.018542409
447_ARFGAP3_P1P2_ENSG00000242247,ARFGAP3,0.0185299
10789_non-targeting_non-targeting_non-targeting,non-targeting,0.018509336
6096_PAX9_P2_ENSG00000198807,PAX9,0.018503767
4883_MBOAT1_P1P2_ENSG00000172197,MBOAT1,0.018500378
9932_YIPF3_P1P2_ENSG00000137207,YIPF3,0.018493015
881_BRAF_P1P2_ENSG00000157764,BRAF,0.018492945
6590_POU3F1_P1P2_ENSG00000185668,POU3F1,0.01847854
23_ABCB8_P1P2_ENSG00000197150,ABCB8,0.01847003
7780_SELENOP_P1P2_ENSG00000250722,SELENOP,0.018462414
6423_PLCG1_P1P2_ENSG00000124181,PLCG1,0.018447537
7909_SIGLEC14_P1P2_ENSG00000254415,SIGLEC14,0.018446634
6190_PDLIM7_P2_ENSG00000196923,PDLIM7,0.018420989
3168_FOXK2_P1P2_ENSG00000141568,FOXK2,0.018410463
4349_PRORP_P1P2_ENSG00000100890,PRORP,0.018404549
6662_PPP1R16A_P1P2_ENSG00000160972,PPP1R16A,0.018394789
1199_CASC4_P1P2_ENSG00000166734,CASC4,0.018393574
9477_UBA1_P2_ENSG00000130985,UBA1,0.018375257
8984_TMEM107_P1P2_ENSG00000179029,TMEM107,0.018371053
6080_PARPBP_P1P2_ENSG00000185480,PARPBP,0.018364849
6495_PNPLA4_P1P2_ENSG00000006757,PNPLA4,0.018347887
2840_FAM120AOS_P1P2_ENSG00000188938,FAM120AOS,0.018319925
3247_GAB3_P1P2_ENSG00000160219,GAB3,0.018319879
8279_SOX11_P1P2_ENSG00000176887,SOX11,0.018308042
8023_SLC29A2_P1P2_ENSG00000174669,SLC29A2,0.018285315
11237_non-targeting_non-targeting_non-targeting,non-targeting,0.018280629
6876_PSMD8_P1P2_ENSG00000099341,PSMD8,0.018232388
6545_POLR2E_P2_ENSG00000099817,POLR2E,0.01823031
9627_USF1_P1P2_ENSG00000158773,USF1,0.018228862
10466_ZNF576_P1P2_ENSG00000124444,ZNF576,0.018210804
9575_UGDH_P1P2_ENSG00000109814,UGDH,0.018198777
9186_TOR3A_P1P2_ENSG00000186283,TOR3A,0.018194381
6581_POT1_P1P2_ENSG00000128513,POT1,0.01819133
9149_TNPO2_P2_ENSG00000105576,TNPO2,0.018189339
5267_MRPS6_P1P2_ENSG00000243927,MRPS6,0.018162008
9544_UBR1_P1P2_ENSG00000159459,UBR1,0.018161416
4629_LPCAT1_P2_ENSG00000153395,LPCAT1,0.01815777
6579_POPDC3_P2_ENSG00000132429,POPDC3,0.018144501
911_BSCL2_P2_ENSG00000168000,BSCL2,0.018144347
3159_FOXG1_P1P2_ENSG00000176165,FOXG1,0.01814402
2529_EIF1_P1P2_ENSG00000173812,EIF1,0.018133136
7240_REV1_P1P2_ENSG00000135945,REV1,0.01812259
4372_KIAA2013_P1P2_ENSG00000116685,KIAA2013,0.018108474
2533_EIF2AK4_P1P2_ENSG00000128829,EIF2AK4,0.01810674
3626_HAMP_P1P2_ENSG00000105697,HAMP,0.018102676
7337_RNF111_P1P2_ENSG00000157450,RNF111,0.018097768
7804_SERPINB9_P1P2_ENSG00000170542,SERPINB9,0.01808707
10693_ZNF91_P1P2_ENSG00000167232,ZNF91,0.018086413
10614_ZNF765_P2_ENSG00000196417,ZNF765,0.018073272
10456_ZNF568_P1P2_ENSG00000198453,ZNF568,0.018062621
6868_PSMD14_P1P2_ENSG00000115233,PSMD14,0.01805116
4286_KAZALD1_P1P2_ENSG00000107821,KAZALD1,0.018046837
7004_RAB11B_P1P2_ENSG00000185236,RAB11B,0.018036203
3747_HIST1H2AA_P1P2_ENSG00000164508,HIST1H2AA,0.01803455
10901_non-targeting_non-targeting_non-targeting,non-targeting,0.018032053
9573_UFSP2_P1P2_ENSG00000109775,UFSP2,0.018028788
3184_FOXP1_ENST00000475937.1_ENSG00000114861,FOXP1,0.01802436
10323_ZNF385A_P1_ENSG00000161642,ZNF385A,0.01802342
615_ATG10_P1P2_ENSG00000152348,ATG10,0.018015077
4892_MCCC2_P1P2_ENSG00000131844,MCCC2,0.017995158
2458_EBP_P2_ENSG00000147155,EBP,0.017991398
3258_GADD45A_P1P2_ENSG00000116717,GADD45A,0.01799099
7767_SEMA4B_P1_ENSG00000185033,SEMA4B,0.017959043
2923_FAM49B_P2_ENSG00000153310,FAM49B,0.017957587
8463_SSX3_P1P2_ENSG00000165584,SSX3,0.017951561
4803_MAP2K4_P1P2_ENSG00000065559,MAP2K4,0.01793736
2849_RTL8C_P1P2_ENSG00000134590,RTL8C,0.017930117
1110_MPIG6B_P1P2_ENSG00000204420,MPIG6B,0.017911175
9822_WDR45B_P1P2_ENSG00000141580,WDR45B,0.017908296
2980_FASTK_P1P2_ENSG00000164896,FASTK,0.017902333
9998_ZBTB44_P1P2_ENSG00000196323,ZBTB44,0.017881572
6805_PRPS2_P1P2_ENSG00000101911,PRPS2,0.017881135
2767_ETV7_P1P2_ENSG00000010030,ETV7,0.01787854
1714_CNOT10_P1P2_ENSG00000182973,CNOT10,0.017874008
2939_FAM72D_ENST00000400889.1_ENSG00000215784,FAM72D,0.01786693
1244_CCDC112_P1P2_ENSG00000164221,CCDC112,0.017865894
2827_FAM102B_P1P2_ENSG00000162636,FAM102B,0.017860131
6744_PREP_P1P2_ENSG00000085377,PREP,0.01785061
1650_CLEC2D_P1P2_ENSG00000069493,CLEC2D,0.01784891
3882_HOOK1_P1P2_ENSG00000134709,HOOK1,0.017843781
5788_NR2C1_P1P2_ENSG00000120798,NR2C1,0.017838553
9322_TRPC4AP_P1P2_ENSG00000100991,TRPC4AP,0.017835306
6245_PFKL_P2_ENSG00000141959,PFKL,0.017793337
315_ANK3_P1P2_ENSG00000151150,ANK3,0.017778775
5636_NFIB_P1P2_ENSG00000147862,NFIB,0.017774351
3905_HOXB6_P1_ENSG00000108511,HOXB6,0.017772742
5396_MYO19_P1P2_ENSG00000278259,MYO19,0.017762337
4649_LRP5_P1P2_ENSG00000162337,LRP5,0.017754644
926_BTG2_P1P2_ENSG00000159388,BTG2,0.017753296
354_ANP32B_P1P2_ENSG00000136938,ANP32B,0.01774742
5048_MIA3_P2_ENSG00000154305,MIA3,0.017737594
6400_PKN3_P1P2_ENSG00000160447,PKN3,0.017728873
7918_SIN3A_P1_ENSG00000169375,SIN3A,0.017708715
3896_HOXA7_P1P2_ENSG00000122592,HOXA7,0.01770463
5776_NQO1_P2_ENSG00000181019,NQO1,0.017702408
4514_LAPTM4B_P1P2_ENSG00000104341,LAPTM4B,0.017696926
4498_LAMA5_P1P2_ENSG00000130702,LAMA5,0.017695673
6618_PPFIA3_P2_ENSG00000177380,PPFIA3,0.017692706
10018_ZC3H11A_P1P2_ENSG00000058673,ZC3H11A,0.017689561
4034_IER3_P1P2_ENSG00000137331,IER3,0.01766744
6588_POU2F3_P1_ENSG00000137709,POU2F3,0.017661799
10505_ZNF616_P1P2_ENSG00000204611,ZNF616,0.017654723
3588_GTF3C5_P1P2_ENSG00000148308,GTF3C5,0.017653754
7107_RAP2C_P1P2_ENSG00000123728,RAP2C,0.017632144
6027_PACRGL_P1P2_ENSG00000163138,PACRGL,0.017629383
1565_CHD9_P1_ENSG00000177200,CHD9,0.01761631
11120_non-targeting_non-targeting_non-targeting,non-targeting,0.01761277
9880_WT1_P1P2_ENSG00000184937,WT1,0.017602598
8072_SLC39A14_P1P2_ENSG00000104635,SLC39A14,0.017600855
3325_GDAP2_P1P2_ENSG00000196505,GDAP2,0.017572146
8850_TFEB_P2_ENSG00000112561,TFEB,0.017571839
1094_C4orf46_P1P2_ENSG00000205208,C4orf46,0.017569704
6878_PSME1_P1P2_ENSG00000092010,PSME1,0.017553069
9143_TNKS_P1P2_ENSG00000173273,TNKS,0.017537301
6826_PRSS16_P2_ENSG00000112812,PRSS16,0.017528916
6743_PREPL_P1P2_ENSG00000138078,PREPL,0.017526101
2817_FADS2_P1_ENSG00000134824,FADS2,0.017525176
8747_TBX18_P2_ENSG00000112837,TBX18,0.017520735
10408_ZNF511_P1P2_ENSG00000198546,ZNF511,0.017517498
5358_MXD1_P1P2_ENSG00000059728,MXD1,0.017503226
2266_DMWD_P1P2_ENSG00000185800,DMWD,0.017497469
1179_CAPN15_P1P2_ENSG00000103326,CAPN15,0.017491177
5103_MKX_P1_ENSG00000150051,MKX,0.017482657
9496_UBE2D1_P1P2_ENSG00000072401,UBE2D1,0.017480377
10740_ZXDB_P1P2_ENSG00000198455,ZXDB,0.01747754
3630_HAPLN2_P1P2_ENSG00000132702,HAPLN2,0.01743867
5520_NDE1_P1_ENSG00000072864,NDE1,0.017409446
8257_SNX5_P1P2_ENSG00000089006,SNX5,0.017400067
4338_KHK_P1P2_ENSG00000138030,KHK,0.017394494
5782_NR1H2_P1P2_ENSG00000131408,NR1H2,0.017364005
5487_NCAPD2_P1P2_ENSG00000010292,NCAPD2,0.017360782
1580_CHMP1B_P1P2_ENSG00000255112,CHMP1B,0.017343642
6968_PXMP2_P1P2_ENSG00000176894,PXMP2,0.017342634
9066_CEMIP2_P1P2_ENSG00000135048,CEMIP2,0.017337186
6342_PIGQ_P1P2_ENSG00000007541,PIGQ,0.017325863
8258_SNX6_P1P2_ENSG00000129515,SNX6,0.017321955
6806_PRPSAP1_P1P2_ENSG00000161542,PRPSAP1,0.017300665
10084_ZFP36L1_P2_ENSG00000185650,ZFP36L1,0.017294519
3218_FUCA2_P1P2_ENSG00000001036,FUCA2,0.017271949
6022_PAAF1_P1P2_ENSG00000175575,PAAF1,0.01725995
3186_FOXP2_ENST00000393494.2_ENSG00000128573,FOXP2,0.01725302
2451_EBAG9_P1P2_ENSG00000147654,EBAG9,0.01725124
142_ADA_P1P2_ENSG00000196839,ADA,0.017243572
818_BEST1_P1_ENSG00000167995,BEST1,0.017202465
4729_LYRM4_P1P2_ENSG00000214113,LYRM4,0.017200889
7700_SCML4_P1P2_ENSG00000146285,SCML4,0.017192401
8391_SPZ1_P1P2_ENSG00000164299,SPZ1,0.017180605
7850_SFXN5_P1P2_ENSG00000144040,SFXN5,0.017177269
4682_LRSAM1_P1P2_ENSG00000148356,LRSAM1,0.017176036
4115_IMPDH2_P1P2_ENSG00000178035,IMPDH2,0.017161967
6646_PPME1_P1P2_ENSG00000214517,PPME1,0.017161528
6950_PURA_P1_ENSG00000185129,PURA,0.017160434
6095_PAX8_P1P2_ENSG00000125618,PAX8,0.017159535
7993_SLC25A23_P1P2_ENSG00000125648,SLC25A23,0.017149283
6585_POU2F1_P2_ENSG00000143190,POU2F1,0.017137844
"10670_ZNF83_ENST00000301096.3,ENST00000536937.1,ENST00000544146.1,ENST00000545872.1_ENSG00000167766",ZNF83,0.017135058
7465_RPL36A_P1P2_ENSG00000241343,RPL36A,0.017133377
5178_MPV17L2_P1P2_ENSG00000254858,MPV17L2,0.017130412
2775_EXD3_P1P2_ENSG00000187609,EXD3,0.01713006
5846_NTAN1_P1P2_ENSG00000157045,NTAN1,0.01712519
6438_PLEKHA8_P1P2_ENSG00000106086,PLEKHA8,0.017114997
3981_HSPB11_P1P2_ENSG00000081870,HSPB11,0.017114474
5422_NAA10_P1P2_ENSG00000102030,NAA10,0.01711428
8067_SLC38A7_P1P2_ENSG00000103042,SLC38A7,0.017102426
1047_ODR4_P1P2_ENSG00000157181,ODR4,0.01709805
4001_HYPK_P1P2_ENSG00000242028,HYPK,0.017094344
4848_MARCH8_P1P2_ENSG00000165406,MARCH8,0.017093072
730_B3GNTL1_P2_ENSG00000175711,B3GNTL1,0.017090695
8977_TMED5_P1P2_ENSG00000117500,TMED5,0.017076116
1175_CAP1_P1P2_ENSG00000131236,CAP1,0.017073976
3923_HOXD13_P1P2_ENSG00000128714,HOXD13,0.017070958
10548_ZNF680_P1P2_ENSG00000173041,ZNF680,0.017063042
9410_TUBA3D_ENST00000321253.6_ENSG00000075886,TUBA3D,0.017062778
7874_SH3BGRL_P1P2_ENSG00000131171,SH3BGRL,0.017059812
6168_PDE4DIP_ENST00000313431.9_ENSG00000178104,PDE4DIP,0.017055504
2324_DOCK6_P1P2_ENSG00000130158,DOCK6,0.017050533
1169_CAMTA1_P1P2_ENSG00000171735,CAMTA1,0.017043257
3563_GSTZ1_P1P2_ENSG00000100577,GSTZ1,0.017037539
532_ARNT_P1P2_ENSG00000143437,ARNT,0.017024972
738_B4GALT5_P1P2_ENSG00000158470,B4GALT5,0.017022913
1985_CXorf56_P1P2_ENSG00000018610,CXorf56,0.017022174
3773_HIST1H3F_ENST00000446824.2_ENSG00000277775,HIST1H3F,0.017018944
5720_NMT1_P1P2_ENSG00000136448,NMT1,0.017005987
648_ATP2A3_P1P2_ENSG00000074370,ATP2A3,0.016989568
6830_PRSS57_P1P2_ENSG00000185198,PRSS57,0.016979838
10469_ZNF579_P1P2_ENSG00000218891,ZNF579,0.0169768
8012_SLC25A51_P1P2_ENSG00000122696,SLC25A51,0.016974824
1075_C2orf42_ENST00000420306.1_ENSG00000115998,C2orf42,0.016971355
9582_UHRF1BP1_P1P2_ENSG00000065060,UHRF1BP1,0.01696747
3529_GRB10_P1_ENSG00000106070,GRB10,0.016950522
3376_GIT1_P1P2_ENSG00000108262,GIT1,0.0169345
127_ADAM10_P1P2_ENSG00000137845,ADAM10,0.016928181
3438_GNB4_P1P2_ENSG00000114450,GNB4,0.016926328
9124_TNFAIP8_P1P2_ENSG00000145779,TNFAIP8,0.016914885
3489_GPATCH2L_P1P2_ENSG00000089916,GPATCH2L,0.016913932
4524_LASP1_P1P2_ENSG00000002834,LASP1,0.016910369
9550_UBTF_P1P2_ENSG00000108312,UBTF,0.016901948
7664_SATB1_P2_ENSG00000182568,SATB1,0.016888829
10718_ZSCAN23_P1P2_ENSG00000187987,ZSCAN23,0.01687006
6703_PPP6R3_P1P2_ENSG00000110075,PPP6R3,0.016869735
1875_CRK_P1P2_ENSG00000167193,CRK,0.016867043
8537_STRADB_P1P2_ENSG00000082146,STRADB,0.016864093
3108_FLII_P1P2_ENSG00000177731,FLII,0.016863756
7826_SETX_P1P2_ENSG00000107290,SETX,0.016861772
9305_TRMT12_P1P2_ENSG00000183665,TRMT12,0.016844084
9007_TMEM150A_P1P2_ENSG00000168890,TMEM150A,0.016843323
9481_UBA52_P2_ENSG00000221983,UBA52,0.01684027
8989_TMEM120A_P1P2_ENSG00000189077,TMEM120A,0.016818887
5675_NIPA2_P1P2_ENSG00000140157,NIPA2,0.016816702
8339_SPDYC_P1P2_ENSG00000204710,SPDYC,0.01681141
6548_POLR2G_P1P2_ENSG00000168002,POLR2G,0.016770016
3840_HMGXB4_P1P2_ENSG00000100281,HMGXB4,0.0167609
3653_HBQ1_P1P2_ENSG00000086506,HBQ1,0.016760018
4863_MAT2A_P1P2_ENSG00000168906,MAT2A,0.0167585
861_BNC2_P1P2_ENSG00000173068,BNC2,0.01674568
8400_SREBF1_P2_ENSG00000072310,SREBF1,0.016742496
5529_NDST2_P1P2_ENSG00000166507,NDST2,0.016741322
2693_ERCC1_P1P2_ENSG00000012061,ERCC1,0.01673834
8235_SNTB2_P1P2_ENSG00000168807,SNTB2,0.016735923
11246_non-targeting_non-targeting_non-targeting,non-targeting,0.01672325
2021_DAG1_P1P2_ENSG00000173402,DAG1,0.01671601
577_ASCL5_P1P2_ENSG00000232237,ASCL5,0.016714592
4293_KCNE3_P2_ENSG00000175538,KCNE3,0.016711796
3859_HNRNPA3_P1P2_ENSG00000170144,HNRNPA3,0.016706644
6018_P4HA1_P1P2_ENSG00000122884,P4HA1,0.016679147
3766_HIST1H2BJ_P1P2_ENSG00000124635,HIST1H2BJ,0.016678486
9892_XPC_P1_ENSG00000154767,XPC,0.016667085
8687_TAP2_P1P2_ENSG00000204267,TAP2,0.016665159
7605_RUSC1_P2_ENSG00000160753,RUSC1,0.016664417
11262_non-targeting_non-targeting_non-targeting,non-targeting,0.016652578
5325_MTHFS_P2_ENSG00000136371,MTHFS,0.01665151
5741_NOMO1_P1P2_ENSG00000103512,NOMO1,0.01665034
1949_CTSH_P1P2_ENSG00000103811,CTSH,0.016648991
6589_POU2F3_P2_ENSG00000137709,POU2F3,0.016645001
5859_NUDCD2_P1P2_ENSG00000170584,NUDCD2,0.016639134
10483_ZNF589_P1P2_ENSG00000164048,ZNF589,0.016637964
5152_MORF4L2_P1_ENSG00000123562,MORF4L2,0.016636984
10750_non-targeting_non-targeting_non-targeting,non-targeting,0.016634747
5699_NKX6-1_P1P2_ENSG00000163623,NKX6-1,0.016632933
10752_non-targeting_non-targeting_non-targeting,non-targeting,0.016615441
10398_ZNF493_P1P2_ENSG00000196268,ZNF493,0.0166124
1750_COL2A1_P1P2_ENSG00000139219,COL2A1,0.016609587
9794_WBP2_P1P2_ENSG00000132471,WBP2,0.016606528
10155_ZNF107_P1P2_ENSG00000196247,ZNF107,0.016596071
639_ATP11A_P1P2_ENSG00000068650,ATP11A,0.016595252
10199_ZNF202_P1P2_ENSG00000166261,ZNF202,0.016586125
8849_TFEB_P1_ENSG00000112561,TFEB,0.016580675
9441_TWIST1_P1P2_ENSG00000122691,TWIST1,0.016576778
10931_non-targeting_non-targeting_non-targeting,non-targeting,0.01657625
5918_OAZ2_P1P2_ENSG00000180304,OAZ2,0.016572623
565_ASB1_P1P2_ENSG00000065802,ASB1,0.016571756
1392_CDC25A_P1P2_ENSG00000164045,CDC25A,0.016562732
3381_GKAP1_P1P2_ENSG00000165113,GKAP1,0.01656243
9564_UCK1_P1P2_ENSG00000130717,UCK1,0.016553314
7777_SELENOF_P1P2_ENSG00000183291,SELENOF,0.016546698
2854_RETREG3_P1P2_ENSG00000141699,RETREG3,0.016542068
1215_CAT_P2_ENSG00000121691,CAT,0.016534083
1960_CUL1_P1P2_ENSG00000055130,CUL1,0.016522765
336_ANKRD33B_P1P2_ENSG00000164236,ANKRD33B,0.016514594
9731_VKORC1L1_P1P2_ENSG00000196715,VKORC1L1,0.016510533
8181_SMIM7_P1P2_ENSG00000214046,SMIM7,0.01650504
84_ACIN1_P1_ENSG00000100813,ACIN1,0.016494041
4614_LMF2_P1_ENSG00000100258,LMF2,0.016474921
3183_FOXP1_ENST00000498215.1_ENSG00000114861,FOXP1,0.016444225
848_BLOC1S4_P1P2_ENSG00000186222,BLOC1S4,0.016430955
4426_KLHDC10_P1P2_ENSG00000128607,KLHDC10,0.016430292
8927_TIMM9_P1P2_ENSG00000100575,TIMM9,0.01641507
1403_CDC42EP4_P1P2_ENSG00000179604,CDC42EP4,0.016405277
8884_THEM6_P1P2_ENSG00000130193,THEM6,0.016399318
7594_RUFY1_P1_ENSG00000176783,RUFY1,0.016394854
5151_MORF4L1_P1P2_ENSG00000185787,MORF4L1,0.016391823
11111_non-targeting_non-targeting_non-targeting,non-targeting,0.01635011
1695_CMPK2_P1P2_ENSG00000134326,CMPK2,0.016345896
877_BPGM_P1P2_ENSG00000172331,BPGM,0.016341621
7472_RPL3_P1P2_ENSG00000100316,RPL3,0.016330961
5463_NAPEPLD_P1P2_ENSG00000161048,NAPEPLD,0.016321566
4546_LDLR_P1P2_ENSG00000130164,LDLR,0.016316451
7781_SEPSECS_P1P2_ENSG00000109618,SEPSECS,0.016307624
7849_SFXN4_P1P2_ENSG00000183605,SFXN4,0.016281517
7175_RBM41_P1P2_ENSG00000089682,RBM41,0.016278645
3453_GNPTG_P1P2_ENSG00000090581,GNPTG,0.016270459
10275_ZNF300_P1P2_ENSG00000145908,ZNF300,0.0162671
5770_NPM1_P1P2_ENSG00000181163,NPM1,0.016260775
5736_NOL7_P1P2_ENSG00000225921,NOL7,0.016250169
10675_ZNF846_P1P2_ENSG00000196605,ZNF846,0.016244393
10172_ZNF142_P1P2_ENSG00000115568,ZNF142,0.01624256
1978_CXCL3_P1P2_ENSG00000163734,CXCL3,0.016229996
8763_TCAIM_P1P2_ENSG00000179152,TCAIM,0.016215686
9796_TCEAL9_P1P2_ENSG00000185222,TCEAL9,0.016214212
4718_LURAP1_P1P2_ENSG00000171357,LURAP1,0.016212786
10892_non-targeting_non-targeting_non-targeting,non-targeting,0.016208338
7683_SCAMP4_P1P2_ENSG00000227500,SCAMP4,0.016185675
1426_CDK16_P1P2_ENSG00000102225,CDK16,0.016177937
4534_LCMT2_P1P2_ENSG00000168806,LCMT2,0.016177835
2474_EDC3_P1P2_ENSG00000179151,EDC3,0.01616843
5783_NR1H3_P1_ENSG00000025434,NR1H3,0.016167298
50_ABHD5_P1P2_ENSG00000011198,ABHD5,0.0161611
7852_SGK1_P2_ENSG00000118515,SGK1,0.016158283
7606_RUSC1_P1_ENSG00000160753,RUSC1,0.016137928
1056_SHLD1_P1P2_ENSG00000171984,SHLD1,0.016127476
3058_FERD3L_P1P2_ENSG00000146618,FERD3L,0.01611877
4869_MAVS_P1_ENSG00000088888,MAVS,0.016117454
2722_ERV3-1_P1P2_ENSG00000213462,ERV3-1,0.016105738
474_ARHGEF10_P1P2_ENSG00000104728,ARHGEF10,0.016098693
8040_SLC35A4_P1P2_ENSG00000176087,SLC35A4,0.016088605
2544_EIF3A_P1P2_ENSG00000107581,EIF3A,0.016086098
5058_MICA_P1P2_ENSG00000204520,MICA,0.016080892
246_AKT1S1_P1P2_ENSG00000204673,AKT1S1,0.016078766
6762_PRKCI_P1P2_ENSG00000163558,PRKCI,0.01606478
10866_non-targeting_non-targeting_non-targeting,non-targeting,0.016048832
910_BSCL2_P1_ENSG00000168000,BSCL2,0.016037082
4724_LYPLA1_P1P2_ENSG00000120992,LYPLA1,0.01603679
9546_UBR3_P1P2_ENSG00000144357,UBR3,0.016032347
554_ARV1_P1P2_ENSG00000173409,ARV1,0.016027138
9131_TNFRSF8_P1P2_ENSG00000120949,TNFRSF8,0.016025456
8281_SOX13_P1P2_ENSG00000143842,SOX13,0.016025431
4340_KHSRP_P1P2_ENSG00000088247,KHSRP,0.016021352
6457_PLOD2_P1P2_ENSG00000152952,PLOD2,0.016007423
1225_CBR4_P1P2_ENSG00000145439,CBR4,0.015992992
8409_SRGN_P1_ENSG00000122862,SRGN,0.015989274
6165_PDE3B_P1P2_ENSG00000152270,PDE3B,0.015985262
10530_ZNF655_P1P2_ENSG00000197343,ZNF655,0.015977936
873_BOLA3_P1P2_ENSG00000163170,BOLA3,0.0159637
4361_KIAA1191_P1P2_ENSG00000122203,KIAA1191,0.015955413
2003_CYHR1_P2_ENSG00000187954,CYHR1,0.015945094
8962_TM9SF4_P1P2_ENSG00000101337,TM9SF4,0.01594363
11136_non-targeting_non-targeting_non-targeting,non-targeting,0.01593645
10581_ZNF713_P1P2_ENSG00000178665,ZNF713,0.015930612
1715_CNOT11_P1P2_ENSG00000158435,CNOT11,0.015926488
7689_SCCPDH_P1P2_ENSG00000143653,SCCPDH,0.01591158
7408_ROCK1_P1P2_ENSG00000067900,ROCK1,0.015908742
4089_IK_P2_ENSG00000113141,IK,0.015905352
9198_TPD52L1_P1P2_ENSG00000111907,TPD52L1,0.015890788
4889_MCAM_P1P2_ENSG00000076706,MCAM,0.015888661
10936_non-targeting_non-targeting_non-targeting,non-targeting,0.015888102
6833_PSAP_P1P2_ENSG00000197746,PSAP,0.01586466
1625_CIZ1_P1P2_ENSG00000148337,CIZ1,0.015863318
6710_PQBP1_P1P2_ENSG00000102103,PQBP1,0.015852218
4009_ICAM1_P1P2_ENSG00000090339,ICAM1,0.015843807
6660_PPP1R15A_P1P2_ENSG00000087074,PPP1R15A,0.015835825
1319_CCNC_P1P2_ENSG00000112237,CCNC,0.015833909
4715_LUC7L2_P1_ENSG00000146963,LUC7L2,0.015832784
10713_ZSCAN18_P2_ENSG00000121413,ZSCAN18,0.01583129
5856_NUCB2_P1P2_ENSG00000070081,NUCB2,0.015823806
9976_ZBTB18_P1P2_ENSG00000179456,ZBTB18,0.015801726
7176_RBM42_P1P2_ENSG00000126254,RBM42,0.015800877
5721_NMT2_P1P2_ENSG00000152465,NMT2,0.015800128
1230_CBX3_P1P2_ENSG00000122565,CBX3,0.01579713
5488_NCAPD3_P1P2_ENSG00000151503,NCAPD3,0.015787924
8626_SYNGR3_P1P2_ENSG00000127561,SYNGR3,0.015787384
21_ABCB6_P1P2_ENSG00000115657,ABCB6,0.015782952
1313_CCHCR1_P1P2_ENSG00000204536,CCHCR1,0.015779462
9623_UROD_P1P2_ENSG00000126088,UROD,0.015778346
5318_MTHFD2L_P1P2_ENSG00000163738,MTHFD2L,0.015774094
2892_FAM199X_P1P2_ENSG00000123575,FAM199X,0.015764603
8261_SOAT1_P1P2_ENSG00000057252,SOAT1,0.015758863
1856_CRCP_P1P2_ENSG00000241258,CRCP,0.01575016
2645_ENOSF1_P1P2_ENSG00000132199,ENOSF1,0.015743831
6989_QSER1_P1P2_ENSG00000060749,QSER1,0.015740594
9220_TRA2A_P2_ENSG00000164548,TRA2A,0.015717018
3956_HSD3B7_P1P2_ENSG00000099377,HSD3B7,0.015704196
9772_VSX1_P1P2_ENSG00000100987,VSX1,0.015703058
"8252_SNX29_ENST00000306030.3,ENST00000323433.4_ENSG00000048471",SNX29,0.015699742
2290_DNAJC16_P1P2_ENSG00000116138,DNAJC16,0.015696589
917_BTBD10_P2_ENSG00000148925,BTBD10,0.015696166
7122_RASGEF1A_P1P2_ENSG00000198915,RASGEF1A,0.015694983
2776_EXO1_P1P2_ENSG00000174371,EXO1,0.015692096
8854_TFPI_P1P2_ENSG00000003436,TFPI,0.015691308
2068_DCLRE1C_P1P2_ENSG00000152457,DCLRE1C,0.015682308
335_ANKRD28_P1P2_ENSG00000206560,ANKRD28,0.015677722
966_C12orf4_P1P2_ENSG00000047621,C12orf4,0.015669333
1987_CYB561D2_P1P2_ENSG00000114395,CYB561D2,0.015667614
3746_HIST1H1E_P1P2_ENSG00000168298,HIST1H1E,0.01566425
8787_TCF7_P1P2_ENSG00000081059,TCF7,0.015641738
2126_DDX50_P1P2_ENSG00000107625,DDX50,0.015631495
5507_NCOA3_P1P2_ENSG00000124151,NCOA3,0.015629992
9648_USP30_P1P2_ENSG00000135093,USP30,0.015628789
5814_NRIP3_P1P2_ENSG00000175352,NRIP3,0.015628608
7584_RTEL1_P1P2_ENSG00000258366,RTEL1,0.015625944
6040_PAICS_P1P2_ENSG00000128050,PAICS,0.015621142
11190_non-targeting_non-targeting_non-targeting,non-targeting,0.015572468
6522_POLE3_P1P2_ENSG00000148229,POLE3,0.01554686
6374_PIP5K1C_P1P2_ENSG00000186111,PIP5K1C,0.015545809
3533_GRHL2_P1P2_ENSG00000083307,GRHL2,0.015537544
10875_non-targeting_non-targeting_non-targeting,non-targeting,0.015517646
9588_UNC119B_P1P2_ENSG00000175970,UNC119B,0.015497344
10605_ZNF749_P1P2_ENSG00000186230,ZNF749,0.015488646
9075_TMEM44_P1P2_ENSG00000145014,TMEM44,0.01546787
4445_KLHL5_P1P2_ENSG00000109790,KLHL5,0.015466144
2115_DDX28_P1P2_ENSG00000182810,DDX28,0.015462844
1242_CCDC107_P1P2_ENSG00000159884,CCDC107,0.0154327145
194_AGPAT2_P1P2_ENSG00000169692,AGPAT2,0.015430297
6751_PRKAB1_P1P2_ENSG00000111725,PRKAB1,0.01543018
6722_PRDM13_P1P2_ENSG00000112238,PRDM13,0.0154220965
1451_CDKN2C_P1_ENSG00000123080,CDKN2C,0.015413196
4119_ING1_P2_ENSG00000153487,ING1,0.015412101
516_ARL6IP5_P1P2_ENSG00000144746,ARL6IP5,0.015409178
7079_RAG1_P1P2_ENSG00000166349,RAG1,0.015395096
4786_MAN2A1_P1P2_ENSG00000112893,MAN2A1,0.015391166
1723_CNOT8_P1P2_ENSG00000155508,CNOT8,0.015380806
5650_NFKBIL1_P1P2_ENSG00000204498,NFKBIL1,0.015373044
8818_TERF1_P1P2_ENSG00000147601,TERF1,0.015370378
4118_ING1_P1_ENSG00000153487,ING1,0.015357235
10057_ZDHHC8_P1P2_ENSG00000099904,ZDHHC8,0.01533063
9538_UBN1_P1P2_ENSG00000118900,UBN1,0.015322259
2992_FBXL13_P1P2_ENSG00000161040,FBXL13,0.015314465
1223_CBL_P1P2_ENSG00000110395,CBL,0.015310862
5961_ORAI1_P1P2_ENSG00000276045,ORAI1,0.01530832
368_AP1G1_P1P2_ENSG00000166747,AP1G1,0.015295957
4575_LHX8_P1P2_ENSG00000162624,LHX8,0.015291612
7208_RCN2_P1P2_ENSG00000117906,RCN2,0.015286782
9696_VAMP4_P1P2_ENSG00000117533,VAMP4,0.015283182
4061_IGBP1_P1P2_ENSG00000089289,IGBP1,0.015279532
5429_NAA35_P1P2_ENSG00000135040,NAA35,0.015277502
5713_NME4_P1P2_ENSG00000103202,NME4,0.015265871
5871_NUDT2_P1P2_ENSG00000164978,NUDT2,0.01526228
10999_non-targeting_non-targeting_non-targeting,non-targeting,0.015256728
9835_WDR66_P1P2_ENSG00000158023,WDR66,0.015252496
438_ARF1_P1P2_ENSG00000143761,ARF1,0.015234751
1229_CBX2_P1P2_ENSG00000173894,CBX2,0.015203697
5443_NACC2_P1P2_ENSG00000148411,NACC2,0.015197461
5349_MTX2_P1P2_ENSG00000128654,MTX2,0.015195169
8631_SYPL2_P1P2_ENSG00000143028,SYPL2,0.015194577
8313_SP8_P1P2_ENSG00000164651,SP8,0.015192828
4778_MAGOH_P1P2_ENSG00000162385,MAGOH,0.015172036
3997_HYAL3_P1P2_ENSG00000186792,HYAL3,0.015161222
3081_FHOD1_P1P2_ENSG00000135723,FHOD1,0.0151587045
7405_RNPEPL1_P1P2_ENSG00000142327,RNPEPL1,0.015157428
9042_TMEM214_P1P2_ENSG00000119777,TMEM214,0.01515348
4092_IL15RA_P1P2_ENSG00000134470,IL15RA,0.01513589
2481_EED_P1P2_ENSG00000074266,EED,0.015133442
2023_DALRD3_P1_ENSG00000178149,DALRD3,0.015131976
2675_EPOR_P1_ENSG00000187266,EPOR,0.015130468
872_BOLA2_ENST00000330978.3_ENSG00000183336,BOLA2,0.015127645
6811_PRR13_P1P2_ENSG00000205352,PRR13,0.01512573
6583_POU1F1_P1P2_ENSG00000064835,POU1F1,0.015114451
2632_EMX2_P1P2_ENSG00000170370,EMX2,0.015097708
9159_TOE1_P1P2_ENSG00000132773,TOE1,0.015097667
8225_SNRPB2_P1P2_ENSG00000125870,SNRPB2,0.015077306
1568_CHEK1_P1P2_ENSG00000149554,CHEK1,0.015075061
6961_PVR_P1P2_ENSG00000073008,PVR,0.015071545
2500_EFNA4_P1P2_ENSG00000243364,EFNA4,0.015070139
8902_TIA1_P1P2_ENSG00000116001,TIA1,0.015066841
3380_GK5_P1P2_ENSG00000175066,GK5,0.015061933
2814_FADD_P1P2_ENSG00000168040,FADD,0.0150619075
9862_WIPF2_P1P2_ENSG00000171475,WIPF2,0.015056674
3136_FOSB_P1_ENSG00000125740,FOSB,0.015056063
10480_ZNF586_P1P2_ENSG00000083828,ZNF586,0.015045447
9113_TMTC4_P1P2_ENSG00000125247,TMTC4,0.015029706
9028_TMEM186_P1P2_ENSG00000184857,TMEM186,0.015018425
594_INTS13_P1P2_ENSG00000064102,INTS13,0.015011937
9119_TMX4_P1P2_ENSG00000125827,TMX4,0.015009138
6111_PCBP2_P1_ENSG00000197111,PCBP2,0.015005857
6119_PCF11_P1P2_ENSG00000165494,PCF11,0.015004582
2359_DPP9_P2_ENSG00000142002,DPP9,0.015003963
10859_non-targeting_non-targeting_non-targeting,non-targeting,0.014992945
2228_DIP2B_P1P2_ENSG00000066084,DIP2B,0.014988212
11260_non-targeting_non-targeting_non-targeting,non-targeting,0.014981465
5073_MIF_P1P2_ENSG00000240972,MIF,0.014971386
10150_ZMYND19_P1P2_ENSG00000165724,ZMYND19,0.014967203
8163_SMCO4_P1P2_ENSG00000166002,SMCO4,0.014965259
8702_TAX1BP3_P1P2_ENSG00000213977,TAX1BP3,0.014956273
3600_GUF1_P1P2_ENSG00000151806,GUF1,0.014955053
931_BTN3A2_P1P2_ENSG00000186470,BTN3A2,0.014955028
2154_DENND5A_P1P2_ENSG00000184014,DENND5A,0.014947263
2046_DBX1_P1P2_ENSG00000109851,DBX1,0.014940815
186_AGGF1_P1P2_ENSG00000164252,AGGF1,0.014938622
5483_NBPF1_P1P2_ENSG00000219481,NBPF1,0.014933179
782_BCAP29_P1P2_ENSG00000075790,BCAP29,0.014915356
8915_TIMM10_P1P2_ENSG00000134809,TIMM10,0.014913044
"7946_SKOR2_ENST00000400404.1,ENST00000425639.1_ENSG00000215474",SKOR2,0.014906626
8683_TAOK1_P1P2_ENSG00000160551,TAOK1,0.014893266
5167_MPHOSPH9_P1P2_ENSG00000051825,MPHOSPH9,0.014883299
7694_SCIN_P1P2_ENSG00000006747,SCIN,0.01487317
820_BET1L_P1P2_ENSG00000177951,BET1L,0.014866029
4288_KBTBD3_P1P2_ENSG00000182359,KBTBD3,0.014861162
9062_TMEM256_P1P2_ENSG00000205544,TMEM256,0.014860135
6384_PITX1_P1P2_ENSG00000069011,PITX1,0.014851757
3593_GTPBP3_P1P2_ENSG00000130299,GTPBP3,0.014849133
1020_C19orf48_P1P2_ENSG00000167747,C19orf48,0.014845578
8696_TASP1_P1P2_ENSG00000089123,TASP1,0.014827148
11250_non-targeting_non-targeting_non-targeting,non-targeting,0.01482241
2666_EPCAM_P1P2_ENSG00000119888,EPCAM,0.01478905
4949_MED26_P1P2_ENSG00000105085,MED26,0.014785441
949_SELENOH_P1P2_ENSG00000211450,SELENOH,0.014783651
7921_SIPA1_P2_ENSG00000213445,SIPA1,0.014782179
493_ARID4A_P1P2_ENSG00000032219,ARID4A,0.014779156
9392_TTC7A_P1P2_ENSG00000068724,TTC7A,0.014774545
10330_ZNF395_P1P2_ENSG00000186918,ZNF395,0.014766819
10560_ZNF697_P1P2_ENSG00000143067,ZNF697,0.014758029
8746_TBX15_P1P2_ENSG00000092607,TBX15,0.014754199
8781_TCF24_P1P2_ENSG00000261787,TCF24,0.014754139
1434_CDK5RAP1_P2_ENSG00000101391,CDK5RAP1,0.014753542
169_ADTRP_P1P2_ENSG00000111863,ADTRP,0.014743546
10667_ZNF837_P1P2_ENSG00000152475,ZNF837,0.0147358505
4021_ID3_P1P2_ENSG00000117318,ID3,0.014731755
9417_TUBB4B_P1_ENSG00000188229,TUBB4B,0.014721173
4981_MEST_P2_ENSG00000106484,MEST,0.014720352
3556_GSS_P1P2_ENSG00000100983,GSS,0.014713834
923_BTF3L4_P1P2_ENSG00000134717,BTF3L4,0.014709963
4327_KDM5A_P1P2_ENSG00000073614,KDM5A,0.014706076
3568_GTF2B_P1P2_ENSG00000137947,GTF2B,0.014700575
1521_CERCAM_P1P2_ENSG00000167123,CERCAM,0.0146945035
2134_DDX5_P1P2_ENSG00000108654,DDX5,0.0146931615
3820_HMBS_P2_ENSG00000256269,HMBS,0.014686035
"6635_PPIP5K1_ENST00000334933.4,ENST00000360135.4,ENST00000360301.4,ENST00000420765.1_ENSG00000168781",PPIP5K1,0.014683438
5370_MYCBP_P1P2_ENSG00000214114,MYCBP,0.014682982
7709_SCRT1_P1P2_ENSG00000261678,SCRT1,0.014678762
1605_CHTF8_P1P2_ENSG00000168802,CHTF8,0.014676277
7655_SARNP_P1P2_ENSG00000205323,SARNP,0.014667787
11321_non-targeting_non-targeting_non-targeting,non-targeting,0.01466397
5863_NUDT14_P1P2_ENSG00000183828,NUDT14,0.014657522
6678_PPP2CA_P1P2_ENSG00000113575,PPP2CA,0.014654589
4956_MED6_P1P2_ENSG00000133997,MED6,0.014646677
7281_RHBDD1_P1P2_ENSG00000144468,RHBDD1,0.014646369
3916_HOXC6_P1P2_ENSG00000197757,HOXC6,0.014644837
8664_TAF4B_P1P2_ENSG00000141384,TAF4B,0.014643826
10365_ZNF441_P1P2_ENSG00000197044,ZNF441,0.014633205
1154_CALCOCO1_P1P2_ENSG00000012822,CALCOCO1,0.014619809
7902_SHPRH_P1P2_ENSG00000146414,SHPRH,0.014606696
4727_LYRM1_P1P2_ENSG00000102897,LYRM1,0.014602281
3179_FOXO3_P1_ENSG00000118689,FOXO3,0.014590952
9166_TOMM40L_P1P2_ENSG00000158882,TOMM40L,0.014577535
10707_ZRANB3_P1P2_ENSG00000121988,ZRANB3,0.014568674
5921_OCEL1_P1P2_ENSG00000099330,OCEL1,0.014563277
10321_ZNF383_P1P2_ENSG00000188283,ZNF383,0.0145473555
5622_NFATC1_P1_ENSG00000131196,NFATC1,0.014546927
5418_N4BP2L2_P1P2_ENSG00000244754,N4BP2L2,0.014544446
5966_ORC2_P1P2_ENSG00000115942,ORC2,0.014542521
456_ARHGAP11A_P1P2_ENSG00000198826,ARHGAP11A,0.014535159
11164_non-targeting_non-targeting_non-targeting,non-targeting,0.014533058
6123_PCGF3_P1P2_ENSG00000185619,PCGF3,0.014526226
9254_TRDMT1_P1P2_ENSG00000107614,TRDMT1,0.014510756
1653_CLIC1_P1P2_ENSG00000213719,CLIC1,0.014510456
5568_NDUFS4_P1P2_ENSG00000164258,NDUFS4,0.014499199
7948_SKP2_P1P2_ENSG00000145604,SKP2,0.0144985635
720_AXL_P1P2_ENSG00000167601,AXL,0.014497959
2199_DHRS7B_P1P2_ENSG00000109016,DHRS7B,0.014497707
7549_RRAGB_P1P2_ENSG00000083750,RRAGB,0.014491705
2035_DBF4B_P1P2_ENSG00000161692,DBF4B,0.014490756
8682_TANK_P1_ENSG00000136560,TANK,0.014489511
11101_non-targeting_non-targeting_non-targeting,non-targeting,0.014478363
903_BRMS1L_P1P2_ENSG00000100916,BRMS1L,0.014478129
1274_CCDC28B_P2_ENSG00000160050,CCDC28B,0.014472402
9227_TRAF2_P2_ENSG00000127191,TRAF2,0.0144685395
7368_RNF187_P1_ENSG00000168159,RNF187,0.014464057
4307_KCTD5_P1P2_ENSG00000167977,KCTD5,0.014463147
9813_WDR27_P1P2_ENSG00000184465,WDR27,0.014458781
8286_SOX1_P1P2_ENSG00000182968,SOX1,0.014447775
7563_RRP1B_P1P2_ENSG00000160208,RRP1B,0.014446209
7887_SH3KBP1_P1P2_ENSG00000147010,SH3KBP1,0.0144436695
8294_SOX5_ENST00000309359.1_ENSG00000134532,SOX5,0.014438173
3084_FIGLA_P1P2_ENSG00000183733,FIGLA,0.014436182
9690_UXS1_P1P2_ENSG00000115652,UXS1,0.014435882
2473_EDARADD_P2_ENSG00000186197,EDARADD,0.014434705
1278_CCDC47_P1P2_ENSG00000108588,CCDC47,0.014418343
4641_LRCH4_P1_ENSG00000077454,LRCH4,0.014417403
8489_STARD3_P1P2_ENSG00000131748,STARD3,0.01441404
7330_RNASEH2B_P1P2_ENSG00000136104,RNASEH2B,0.014412396
3071_FGFR1OP2_P1P2_ENSG00000111790,FGFR1OP2,0.014408835
6055_PANK2_P1P2_ENSG00000125779,PANK2,0.014408613
2052_DCAF15_P1P2_ENSG00000132017,DCAF15,0.014405791
3582_GTF2I_P1P2_ENSG00000263001,GTF2I,0.01440369
8141_SMARCA2_P1P2_ENSG00000080503,SMARCA2,0.014396704
6129_PCIF1_P1P2_ENSG00000100982,PCIF1,0.014394823
10050_ZDHHC3_P1P2_ENSG00000163812,ZDHHC3,0.014390558
7883_SH3GL1_P1P2_ENSG00000141985,SH3GL1,0.014389768
8190_SMU1_P1P2_ENSG00000122692,SMU1,0.014388939
9130_TNFRSF1B_P2_ENSG00000028137,TNFRSF1B,0.014382373
4260_JRKL_P1P2_ENSG00000183340,JRKL,0.014374887
6917_PTMS_P1P2_ENSG00000159335,PTMS,0.014371893
6200_PDX1_P1P2_ENSG00000139515,PDX1,0.0143691255
10754_non-targeting_non-targeting_non-targeting,non-targeting,0.014366682
6933_PTPRA_P1P2_ENSG00000132670,PTPRA,0.014349837
4511_LANCL2_P1P2_ENSG00000132434,LANCL2,0.014347905
6956_PUS3_P1P2_ENSG00000110060,PUS3,0.014334033
1642_CLCN7_P1P2_ENSG00000103249,CLCN7,0.014332229
10831_non-targeting_non-targeting_non-targeting,non-targeting,0.014324516
6983_QKI_P1P2_ENSG00000112531,QKI,0.014318889
372_AP1S2_P1P2_ENSG00000182287,AP1S2,0.014312689
9343_TSHZ2_P1P2_ENSG00000182463,TSHZ2,0.01430901
3039_FBXW7_ENST00000603548.1_ENSG00000109670,FBXW7,0.014298172
1758_COMMD2_P1P2_ENSG00000114744,COMMD2,0.014294846
8375_SPRY4_P1P2_ENSG00000187678,SPRY4,0.014279971
10114_ZGPAT_P1P2_ENSG00000197114,ZGPAT,0.014278921
7118_RASA1_P1_ENSG00000145715,RASA1,0.014274717
9982_ZBTB24_P1P2_ENSG00000112365,ZBTB24,0.014265039
3669_HDDC2_P1P2_ENSG00000111906,HDDC2,0.01426282
7230_RELT_P1P2_ENSG00000054967,RELT,0.014260998
6420_PLCB4_P1P2_ENSG00000101333,PLCB4,0.014245538
6340_PIGO_P1P2_ENSG00000165282,PIGO,0.014238206
10216_ZNF223_P1P2_ENSG00000178386,ZNF223,0.014222859
8549_STX12_P1P2_ENSG00000117758,STX12,0.0142227635
3689_HELZ_P1P2_ENSG00000198265,HELZ,0.014220493
7103_RAP1GAP_P1_ENSG00000076864,RAP1GAP,0.0142165935
9494_UBE2A_P1P2_ENSG00000077721,UBE2A,0.014213495
9529_UBE4B_P1P2_ENSG00000130939,UBE4B,0.014208846
1332_CCNK_P2_ENSG00000090061,CCNK,0.014204455
1017_TRIR_P1P2_ENSG00000123144,TRIR,0.014183591
2095_DDN_P1P2_ENSG00000181418,DDN,0.014179374
3076_FGFRL1_P1P2_ENSG00000127418,FGFRL1,0.0141753545
4094_IL17RC_P1P2_ENSG00000163702,IL17RC,0.014172199
7666_SAV1_P1P2_ENSG00000151748,SAV1,0.014168275
10698_ZNFX1_P1P2_ENSG00000124201,ZNFX1,0.01415373
11309_non-targeting_non-targeting_non-targeting,non-targeting,0.014151719
4389_KIF23_P1P2_ENSG00000137807,KIF23,0.014139989
9863_WIPF3_P1P2_ENSG00000122574,WIPF3,0.014137743
5173_MPP5_P1P2_ENSG00000072415,MPP5,0.014130877
2310_DNLZ_P1P2_ENSG00000213221,DNLZ,0.014129065
5683_NKAP_P1P2_ENSG00000101882,NKAP,0.014128007
9122_TNFAIP8L1_P1P2_ENSG00000185361,TNFAIP8L1,0.0141234035
7347_RNF138_P1P2_ENSG00000134758,RNF138,0.014118129
7979_SLC22A23_P1P2_ENSG00000137266,SLC22A23,0.014116835
2164_DESI1_P1P2_ENSG00000100418,DESI1,0.014114215
7822_SETD9_P1P2_ENSG00000155542,SETD9,0.014111764
8639_TAB1_ENST00000216160.6_ENSG00000100324,TAB1,0.01410467
4581_LIMA1_P1_ENSG00000050405,LIMA1,0.014101497
9860_NSD2_P1P2_ENSG00000109685,NSD2,0.014101306
1173_CANX_P1_ENSG00000127022,CANX,0.01409714
5036_MGAT2_P1P2_ENSG00000168282,MGAT2,0.014095578
10929_non-targeting_non-targeting_non-targeting,non-targeting,0.014094782
2358_DPP8_P1P2_ENSG00000074603,DPP8,0.014093102
5439_NABP2_P1_ENSG00000139579,NABP2,0.014091937
716_AVEN_P1P2_ENSG00000169857,AVEN,0.014091816
4794_MANEA_P1P2_ENSG00000172469,MANEA,0.014090024
1867_CREBZF_P1P2_ENSG00000137504,CREBZF,0.014079196
343_ANKRD52_P1P2_ENSG00000139645,ANKRD52,0.014076438
10911_non-targeting_non-targeting_non-targeting,non-targeting,0.014073446
5837_NT5C2_P1P2_ENSG00000076685,NT5C2,0.0140721
6280_PHF12_P1P2_ENSG00000109118,PHF12,0.014068826
9142_TNKS2_P1P2_ENSG00000107854,TNKS2,0.014063055
8491_STARD7_P1P2_ENSG00000084090,STARD7,0.014060982
6196_PDS5A_P1P2_ENSG00000121892,PDS5A,0.014039801
1471_HDHD5_P1P2_ENSG00000069998,HDHD5,0.01403782
9135_TNIP1_P1_ENSG00000145901,TNIP1,0.014034648
2392_DTWD2_P1P2_ENSG00000169570,DTWD2,0.014033632
3041_FCER1G_P1P2_ENSG00000158869,FCER1G,0.014030475
6786_PLPBP_P1P2_ENSG00000147471,PLPBP,0.014026967
4210_ISL1_P2_ENSG00000016082,ISL1,0.014020308
10857_non-targeting_non-targeting_non-targeting,non-targeting,0.0140195545
"4761_MAGEA3_ENST00000370278.3,ENST00000393902.3_ENSG00000221867",MAGEA3,0.014014978
7343_RNF123_P1P2_ENSG00000164068,RNF123,0.0140140075
6943_PTRHD1_P1P2_ENSG00000184924,PTRHD1,0.014012789
3860_HNRNPAB_P1P2_ENSG00000197451,HNRNPAB,0.014005209
3974_HSPA1B_P1_ENSG00000204388,HSPA1B,0.014000989
8350_SPG21_P1P2_ENSG00000090487,SPG21,0.013994696
3390_GLI1_P1P2_ENSG00000111087,GLI1,0.013987698
10983_non-targeting_non-targeting_non-targeting,non-targeting,0.01397791
4663_LRRC40_P1P2_ENSG00000066557,LRRC40,0.0139729595
2512_EGR2_P1P2_ENSG00000122877,EGR2,0.013970845
10533_ZNF662_P1P2_ENSG00000182983,ZNF662,0.013963445
7762_SELENOK_P1P2_ENSG00000113811,SELENOK,0.013953698
6109_PCBD2_P1P2_ENSG00000132570,PCBD2,0.013951935
7027_RAB3GAP2_P1P2_ENSG00000118873,RAB3GAP2,0.013941423
6035_PAFAH1B3_P1P2_ENSG00000079462,PAFAH1B3,0.013939644
9950_YTHDF3_P1P2_ENSG00000185728,YTHDF3,0.013930596
1844_CPSF6_P1P2_ENSG00000111605,CPSF6,0.013929996
5366_MYBL1_P1P2_ENSG00000185697,MYBL1,0.013913306
4930_MED10_P1P2_ENSG00000133398,MED10,0.013905831
10336_ZNF407_ENST00000299687.5_ENSG00000215421,ZNF407,0.0139054
7191_RBPJ_P1P2_ENSG00000168214,RBPJ,0.013902196
8465_ST13_P1P2_ENSG00000100380,ST13,0.013900574
1896_CSK_P1P2_ENSG00000103653,CSK,0.013900396
2466_ECHS1_P1P2_ENSG00000127884,ECHS1,0.013882037
9274_TRIM37_P1P2_ENSG00000108395,TRIM37,0.013880276
2619_EMD_P1P2_ENSG00000102119,EMD,0.013876141
5059_MICB_P2_ENSG00000204516,MICB,0.013871324
8823_TET1_P1P2_ENSG00000138336,TET1,0.013870618
7395_RNF6_P1P2_ENSG00000127870,RNF6,0.013863891
6863_PSMC6_P1P2_ENSG00000100519,PSMC6,0.013860461
7642_SAMD1_P1P2_ENSG00000141858,SAMD1,0.01385153
3806_ZNF875_P2_ENSG00000181666,ZNF875,0.013847614
7917_SIN3A_P2_ENSG00000169375,SIN3A,0.013843168
8616_SYCP2L_ENST00000283141.6_ENSG00000153157,SYCP2L,0.013843131
6356_PIK3CG_P1P2_ENSG00000105851,PIK3CG,0.013840764
4220_ITFG1_P1P2_ENSG00000129636,ITFG1,0.013831747
48_ABHD2_P1P2_ENSG00000140526,ABHD2,0.013831412
10046_ZDHHC18_P1P2_ENSG00000204160,ZDHHC18,0.013829533
114_ACTR3C_P1P2_ENSG00000106526,ACTR3C,0.013829449
1383_CD9_P1P2_ENSG00000010278,CD9,0.0138112
8449_SSBP4_P1P2_ENSG00000130511,SSBP4,0.013803237
1554_CHCHD7_P1P2_ENSG00000170791,CHCHD7,0.013786627
7284_RHCE_P1P2_ENSG00000188672,RHCE,0.013774643
7261_RFX4_P1P2_ENSG00000111783,RFX4,0.013772142
568_ASB7_P1P2_ENSG00000183475,ASB7,0.013765121
1417_CDCA7_P1P2_ENSG00000144354,CDCA7,0.013764076
1540_CGGBP1_P1_ENSG00000163320,CGGBP1,0.013754085
3885_HOOK3_P1P2_ENSG00000168172,HOOK3,0.013739173
9394_TTC8_P1P2_ENSG00000165533,TTC8,0.013737972
4712_LTN1_P1P2_ENSG00000198862,LTN1,0.013733587
8308_SP3_P1P2_ENSG00000172845,SP3,0.013722104
6862_PSMC5_P1P2_ENSG00000087191,PSMC5,0.01371801
5116_MLXIPL_P1P2_ENSG00000009950,MLXIPL,0.013691003
6487_PNKD_ENST00000258362.3_ENSG00000127838,PNKD,0.013685886
8498_STAT5A_P1P2_ENSG00000126561,STAT5A,0.013680225
9193_TP53I3_P1P2_ENSG00000115129,TP53I3,0.013679821
1763_COMMD6_P1_ENSG00000188243,COMMD6,0.013666321
3879_HOMER1_P1P2_ENSG00000152413,HOMER1,0.013663909
6760_PRKCA_P1P2_ENSG00000154229,PRKCA,0.013662645
4899_MCM3AP_P1P2_ENSG00000160294,MCM3AP,0.013661903
1101_C5orf34_P1P2_ENSG00000172244,C5orf34,0.013655427
3960_HSF2_P1P2_ENSG00000025156,HSF2,0.013652975
5362_MXI1_P2_ENSG00000119950,MXI1,0.013647372
2798_EXT2_P1P2_ENSG00000151348,EXT2,0.013642022
9543_UBQLN4_P1P2_ENSG00000160803,UBQLN4,0.013641319
5870_NUDT22_P1P2_ENSG00000149761,NUDT22,0.013636247
282_ALMS1_P1P2_ENSG00000116127,ALMS1,0.01363623
1051_C1orf52_P1P2_ENSG00000162642,C1orf52,0.013634623
9493_UBC_P1P2_ENSG00000150991,UBC,0.013631923
7091_RANBP10_P1P2_ENSG00000141084,RANBP10,0.013627538
10432_ZNF541_P1P2_ENSG00000118156,ZNF541,0.013627427
693_ATPAF1_P1P2_ENSG00000123472,ATPAF1,0.013617507
709_ATXN7_ENST00000398590.3_ENSG00000163635,ATXN7,0.013615917
5108_MLH1_P1P2_ENSG00000076242,MLH1,0.013614567
11328_non-targeting_non-targeting_non-targeting,non-targeting,0.013603602
6231_PEX2_P1P2_ENSG00000164751,PEX2,0.01360006
8435_SRSF5_P1P2_ENSG00000100650,SRSF5,0.013599096
1934_CTH_P1P2_ENSG00000116761,CTH,0.013575079
6908_PTGER3_P1P2_ENSG00000050628,PTGER3,0.013568932
9947_YTHDC2_P1P2_ENSG00000047188,YTHDC2,0.01356889
9614_UQCRHL_P1P2_ENSG00000233954,UQCRHL,0.013557799
4527_LBR_P1P2_ENSG00000143815,LBR,0.013556372
11130_non-targeting_non-targeting_non-targeting,non-targeting,0.013550422
652_ATP5F1A_P2_ENSG00000152234,ATP5F1A,0.013536298
7002_RAB10_P1P2_ENSG00000084733,RAB10,0.013526271
3401_GLOD5_P1P2_ENSG00000171433,GLOD5,0.013524932
1373_CD59_P1_ENSG00000085063,CD59,0.013514392
215_AIF1_P1P2_ENSG00000204472,AIF1,0.01351163
3296_GATA5_P1P2_ENSG00000130700,GATA5,0.013504601
6937_PTPRH_P1P2_ENSG00000080031,PTPRH,0.013503928
10123_ZIC5_P1P2_ENSG00000139800,ZIC5,0.013500298
9005_TMEM14B_P1P2_ENSG00000137210,TMEM14B,0.01348742
2285_DNAJC10_P1P2_ENSG00000077232,DNAJC10,0.013486927
3900_HOXB2_P1P2_ENSG00000173917,HOXB2,0.0134823425
8276_SOS1_P1P2_ENSG00000115904,SOS1,0.013470768
1153_CALB1_P1P2_ENSG00000104327,CALB1,0.0134636285
1986_CYB561A3_P1P2_ENSG00000162144,CYB561A3,0.013462316
9421_TUBB_P2_ENSG00000196230,TUBB,0.013459174
6598_POU5F1_P1_ENSG00000204531,POU5F1,0.013456914
7253_RFNG_P1P2_ENSG00000169733,RFNG,0.013449077
3604_GXYLT1_P1P2_ENSG00000151233,GXYLT1,0.013448488
10637_ZNF787_P1P2_ENSG00000142409,ZNF787,0.013439788
424_APRT_P1P2_ENSG00000198931,APRT,0.013431322
1214_CAT_P1_ENSG00000121691,CAT,0.01342712
1023_C19orf54_P1P2_ENSG00000188493,C19orf54,0.01341916
9599_UNK_P1P2_ENSG00000132478,UNK,0.013418093
1647_CLEC11A_P1P2_ENSG00000105472,CLEC11A,0.013410086
10242_ZNF257_P1P2_ENSG00000197134,ZNF257,0.013408208
9773_VSX2_P1P2_ENSG00000119614,VSX2,0.013406575
7210_RCOR1_P1P2_ENSG00000089902,RCOR1,0.013404093
8363_SPIRE1_P1P2_ENSG00000134278,SPIRE1,0.013403627
4382_KIF1B_P1P2_ENSG00000054523,KIF1B,0.013401259
5777_NQO1_P1_ENSG00000181019,NQO1,0.013397564
971_C12orf73_P2_ENSG00000204954,C12orf73,0.013394337
9975_ZBTB17_P1P2_ENSG00000116809,ZBTB17,0.0133924475
4048_IFRD1_P2_ENSG00000006652,IFRD1,0.013383727
2004_CYP20A1_P1P2_ENSG00000119004,CYP20A1,0.013380315
2769_EVI5_P1P2_ENSG00000067208,EVI5,0.013376825
4942_MED1_P1P2_ENSG00000125686,MED1,0.013376066
5842_NT5DC1_P1P2_ENSG00000178425,NT5DC1,0.013375008
8867_TGM2_P1P2_ENSG00000198959,TGM2,0.013374145
6106_PBX4_P1P2_ENSG00000105717,PBX4,0.01336864
9985_ZBTB2_P1P2_ENSG00000181472,ZBTB2,0.013364711
3043_FCGR2A_P1P2_ENSG00000143226,FCGR2A,0.013344782
3707_HEXA_P1P2_ENSG00000213614,HEXA,0.013331172
9376_TTC13_P1P2_ENSG00000143643,TTC13,0.013329743
6889_PSPH_P1_ENSG00000146733,PSPH,0.013326912
4516_LARP1B_P1P2_ENSG00000138709,LARP1B,0.0133248735
1817_COX6A1_P1P2_ENSG00000111775,COX6A1,0.013320503
6860_PSMC3_P1P2_ENSG00000165916,PSMC3,0.013317574
8319_SPARC_P1P2_ENSG00000113140,SPARC,0.01331492
2788_EXOSC1_P1P2_ENSG00000171311,EXOSC1,0.013307743
3709_HEXD_P1P2_ENSG00000169660,HEXD,0.0133050755
3783_HIST1H4J_P1P2_ENSG00000197238,HIST1H4J,0.013302405
7745_SEC24B_P1P2_ENSG00000138802,SEC24B,0.013301676
6179_PDIA4_P1P2_ENSG00000155660,PDIA4,0.013300897
11009_non-targeting_non-targeting_non-targeting,non-targeting,0.0132997185
5953_OR2T5_ENST00000366473.2_ENSG00000203661,OR2T5,0.013298522
562_ASAP1_P1P2_ENSG00000153317,ASAP1,0.013297702
10268_ZNF286A_P1P2_ENSG00000187607,ZNF286A,0.01328747
2480_EEA1_P1P2_ENSG00000102189,EEA1,0.013282619
2862_FAM156B_ENST00000509613.1_ENSG00000179304,FAM156B,0.013281412
7774_SENP5_P1P2_ENSG00000119231,SENP5,0.013275245
10795_non-targeting_non-targeting_non-targeting,non-targeting,0.013267267
1920_CT45A5_P1P2_ENSG00000228836,CT45A5,0.013266685
10450_ZNF562_P1P2_ENSG00000171466,ZNF562,0.013265947
1418_CDCA8_P1P2_ENSG00000134690,CDCA8,0.013262819
4962_MEF2C_P1P2_ENSG00000081189,MEF2C,0.0132619785
6940_CAVIN1_P1P2_ENSG00000177469,CAVIN1,0.013261875
9171_TOMM7_P1P2_ENSG00000196683,TOMM7,0.013250088
6255_PGBD2_P1P2_ENSG00000185220,PGBD2,0.013249062
7414_RORB_P1P2_ENSG00000198963,RORB,0.013233212
2831_FAM110A_P1P2_ENSG00000125898,FAM110A,0.01322218
7234_REPS1_P1P2_ENSG00000135597,REPS1,0.013222082
2673_EPN2_P1_ENSG00000072134,EPN2,0.013219542
8365_SPN_P1P2_ENSG00000197471,SPN,0.013214407
2467_ECI1_P1P2_ENSG00000167969,ECI1,0.013210095
11329_non-targeting_non-targeting_non-targeting,non-targeting,0.013179993
7931_SIX1_P1P2_ENSG00000126778,SIX1,0.01317859
1705_CNDP2_P2_ENSG00000133313,CNDP2,0.013177794
2825_FAIM_P1P2_ENSG00000158234,FAIM,0.013170138
6918_PTOV1_P1P2_ENSG00000104960,PTOV1,0.013169198
6060_TENT4B_P1P2_ENSG00000121274,TENT4B,0.013168618
7386_RNF26_P1P2_ENSG00000173456,RNF26,0.013163393
6299_PHKG1_P1P2_ENSG00000164776,PHKG1,0.013159082
9726_VILL_P1_ENSG00000136059,VILL,0.013137035
8430_SRSF11_P2_ENSG00000116754,SRSF11,0.013130149
9580_UHMK1_P1P2_ENSG00000152332,UHMK1,0.013129814
6999_R3HDM2_P1P2_ENSG00000179912,R3HDM2,0.013119195
2397_DUS3L_P1P2_ENSG00000141994,DUS3L,0.013105707
9499_UBE2D4_P1P2_ENSG00000078967,UBE2D4,0.013104216
10749_non-targeting_non-targeting_non-targeting,non-targeting,0.013094555
6166_PDE4A_P2_ENSG00000065989,PDE4A,0.013093832
3827_HMGB1_P1_ENSG00000189403,HMGB1,0.013089386
3758_HIST1H2BA_P1P2_ENSG00000146047,HIST1H2BA,0.013087402
4767_MAGEC1_P1P2_ENSG00000155495,MAGEC1,0.013085296
4459_KPNA2_P1P2_ENSG00000182481,KPNA2,0.01308059
9070_TMEM39A_P1P2_ENSG00000176142,TMEM39A,0.013079291
4326_KDM4C_P1P2_ENSG00000107077,KDM4C,0.013073898
1518_CEP95_P1P2_ENSG00000258890,CEP95,0.013070095
1560_CHD4_P1P2_ENSG00000111642,CHD4,0.013066904
4465_KPTN_P1P2_ENSG00000118162,KPTN,0.013062771
9048_TMEM223_P1P2_ENSG00000168569,TMEM223,0.013061743
9373_TSTD3_P1P2_ENSG00000279170,TSTD3,0.013039508
2350_DPH6_P1P2_ENSG00000134146,DPH6,0.013030992
1703_CNBD2_P1P2_ENSG00000149646,CNBD2,0.013027337
8484_STAMBP_P1P2_ENSG00000124356,STAMBP,0.013022704
649_ATP2B1_P1P2_ENSG00000070961,ATP2B1,0.0130197555
5393_MYO16_ENST00000357550.2_ENSG00000041515,MYO16,0.013018456
10599_ZNF736_P1_ENSG00000234444,ZNF736,0.013012937
7520_RPS29_P2_ENSG00000213741,RPS29,0.013009091
8240_SNX11_P1P2_ENSG00000002919,SNX11,0.013007769
5515_NCR3LG1_P1P2_ENSG00000188211,NCR3LG1,0.013006219
6139_PCNX4_P1P2_ENSG00000126773,PCNX4,0.013005038
1502_CEP250_P1P2_ENSG00000126001,CEP250,0.013004019
6769_PRKRA_P1P2_ENSG00000180228,PRKRA,0.013002664
10775_non-targeting_non-targeting_non-targeting,non-targeting,0.0130009325
4430_KLHDC4_P1P2_ENSG00000104731,KLHDC4,0.012998757
9709_VBP1_P1P2_ENSG00000155959,VBP1,0.012994134
2914_FAM222B_P2_ENSG00000173065,FAM222B,0.012993014
2167_DES_P2_ENSG00000175084,DES,0.012989465
4958_MED8_P1P2_ENSG00000159479,MED8,0.012987064
9585_UIMC1_P1P2_ENSG00000087206,UIMC1,0.012984071
4042_IFITM2_P1P2_ENSG00000185201,IFITM2,0.012979669
2416_DVL1_P1P2_ENSG00000107404,DVL1,0.012977776
6468_PLXNA1_ENST00000393409.2_ENSG00000114554,PLXNA1,0.012975216
88_ACOT12_P1P2_ENSG00000172497,ACOT12,0.012967357
3673_HDHD3_P1P2_ENSG00000119431,HDHD3,0.012962228
7906_SIAH2_P1P2_ENSG00000181788,SIAH2,0.012952426
2029_DARS2_P1P2_ENSG00000117593,DARS2,0.012950692
8876_THAP3_P1P2_ENSG00000041988,THAP3,0.012944674
10122_ZIC4_P1_ENSG00000174963,ZIC4,0.012943183
6173_PDF_P1P2_ENSG00000258429,PDF,0.012939594
1833_CPNE3_P1P2_ENSG00000085719,CPNE3,0.012933577
7688_SCARB2_P1P2_ENSG00000138760,SCARB2,0.01291707
6313_PHYH_P1P2_ENSG00000107537,PHYH,0.012913882
10261_ZNF280C_P1P2_ENSG00000056277,ZNF280C,0.012910605
6499_PNPT1_P1P2_ENSG00000138035,PNPT1,0.012909592
3263_GALK1_P1P2_ENSG00000108479,GALK1,0.012908325
5638_NFIC_P2_ENSG00000141905,NFIC,0.012908237
10491_ZNF598_P1P2_ENSG00000167962,ZNF598,0.012903146
4309_KCTD9_P1P2_ENSG00000104756,KCTD9,0.012897917
7086_RALGAPB_P1P2_ENSG00000170471,RALGAPB,0.012896567
9486_UBAC2_P1P2_ENSG00000134882,UBAC2,0.012894826
6730_PRDM6_P1P2_ENSG00000061455,PRDM6,0.012893662
4187_IRF2_P1P2_ENSG00000168310,IRF2,0.012886343
3607_GYPB_P1P2_ENSG00000250361,GYPB,0.012885002
9359_TSPYL1_P1P2_ENSG00000189241,TSPYL1,0.012883972
6651_PPP1CC_P1P2_ENSG00000186298,PPP1CC,0.012879287
10182_ZNF169_P1P2_ENSG00000175787,ZNF169,0.012870377
8640_TAB2_P1P2_ENSG00000055208,TAB2,0.012869121
8625_SYNGR2_P1P2_ENSG00000108639,SYNGR2,0.012866999
10014_ZBTB8B_P1P2_ENSG00000273274,ZBTB8B,0.012862291
9655_USP39_P2_ENSG00000168883,USP39,0.012858836
2837_FAM117B_P1P2_ENSG00000138439,FAM117B,0.012858471
548_ARRDC1_P1P2_ENSG00000197070,ARRDC1,0.012856198
4702_LTA4H_P1P2_ENSG00000111144,LTA4H,0.012849479
1337_CCNT1_P1P2_ENSG00000129315,CCNT1,0.012847409
6776_PRMT3_P1P2_ENSG00000185238,PRMT3,0.012828727
3202_FRMD8_P1P2_ENSG00000126391,FRMD8,0.012828635
10087_ZFP3_P1P2_ENSG00000180787,ZFP3,0.0128230145
433_ARAP1_P1_ENSG00000186635,ARAP1,0.012822991
6125_PCGF5_ENST00000336126.5_ENSG00000180628,PCGF5,0.012822912
47_ABHD17B_P1P2_ENSG00000107362,ABHD17B,0.012819646
10848_non-targeting_non-targeting_non-targeting,non-targeting,0.012812319
7623_S100A1_P2_ENSG00000160678,S100A1,0.01279553
3299_GATAD2A_P1_ENSG00000167491,GATAD2A,0.0127898855
2471_ECT2_P1P2_ENSG00000114346,ECT2,0.012779011
4990_EEF1AKNMT_P1P2_ENSG00000010165,EEF1AKNMT,0.012777391
4178_IRAK1_P2_ENSG00000184216,IRAK1,0.012771436
4841_MAPRE2_P1_ENSG00000166974,MAPRE2,0.012762306
11079_non-targeting_non-targeting_non-targeting,non-targeting,0.012747397
172_AEN_P1P2_ENSG00000181026,AEN,0.01274619
6079_PARP6_P1P2_ENSG00000137817,PARP6,0.0127391005
2388_DTD2_P1P2_ENSG00000129480,DTD2,0.012720432
10061_ZEB2_P2_ENSG00000169554,ZEB2,0.012714933
2206_DHX30_P2_ENSG00000132153,DHX30,0.0127132395
481_ARHGEF2_P1P2_ENSG00000116584,ARHGEF2,0.012705557
9738_VPS13A_P1P2_ENSG00000197969,VPS13A,0.012698717
6825_PRSS16_P1_ENSG00000112812,PRSS16,0.012698209
7436_RPL13A_P2_ENSG00000142541,RPL13A,0.012697636
1028_C19orf81_P1P2_ENSG00000235034,C19orf81,0.012692634
8973_TMED1_P1P2_ENSG00000099203,TMED1,0.012691455
10380_ZNF468_P1P2_ENSG00000204604,ZNF468,0.012689737
2249_DLX5_P1P2_ENSG00000105880,DLX5,0.01268442
4769_MAGED1_P1_ENSG00000179222,MAGED1,0.012682995
5779_NR0B1_P1P2_ENSG00000169297,NR0B1,0.012666414
2094_DDIT4_P1P2_ENSG00000168209,DDIT4,0.012662602
5593_NEK2_P1P2_ENSG00000117650,NEK2,0.012640029
3957_HSDL1_P1P2_ENSG00000103160,HSDL1,0.012634937
2149_DENND2D_P2_ENSG00000162777,DENND2D,0.0126325395
7416_RORC_P1_ENSG00000143365,RORC,0.012623081
10783_non-targeting_non-targeting_non-targeting,non-targeting,0.012613956
2866_FAM156B_ENST00000416841.2_ENSG00000179304,FAM156B,0.012611144
5850_NTRK1_P1P2_ENSG00000198400,NTRK1,0.012607752
5627_NFATC3_P1P2_ENSG00000072736,NFATC3,0.01260276
7333_RNASET2_P1P2_ENSG00000026297,RNASET2,0.0125997765
1044_C1orf198_P1_ENSG00000119280,C1orf198,0.012597444
5911_NXF1_P2_ENSG00000162231,NXF1,0.012596702
3808_HLA-B_P1P2_ENSG00000234745,HLA-B,0.012592664
8805_TEAD2_P1P2_ENSG00000074219,TEAD2,0.012591157
1947_CTSD_P1P2_ENSG00000117984,CTSD,0.012587462
5165_MPHOSPH8_P2_ENSG00000196199,MPHOSPH8,0.012578814
400_APEX2_P1P2_ENSG00000169188,APEX2,0.012572501
10133_ZKSCAN8_P1P2_ENSG00000198315,ZKSCAN8,0.012566256
11251_non-targeting_non-targeting_non-targeting,non-targeting,0.012561809
5024_MFSD10_P1P2_ENSG00000109736,MFSD10,0.012557965
2524_EID2B_P1P2_ENSG00000176401,EID2B,0.012553973
6527_POLH_P1P2_ENSG00000170734,POLH,0.012551804
3943_HS3ST3B1_P1P2_ENSG00000125430,HS3ST3B1,0.012551041
9963_ZBED3_P1P2_ENSG00000132846,ZBED3,0.012548376
546_ARRB1_P1P2_ENSG00000137486,ARRB1,0.012544607
5672_NIN_P1P2_ENSG00000100503,NIN,0.012542201
136_ADAR_P1_ENSG00000160710,ADAR,0.01254185
8543_STRN4_P1P2_ENSG00000090372,STRN4,0.012540268
6005_OVOL3_ENST00000262637.4_ENSG00000105261,OVOL3,0.012536462
8378_SPRYD7_P1P2_ENSG00000123178,SPRYD7,0.012535426
3655_HBZ_P1P2_ENSG00000130656,HBZ,0.012505649
2613_EMC3_P2_ENSG00000125037,EMC3,0.012504992
6975_PYDC2_ENST00000518817.1_ENSG00000253548,PYDC2,0.01250122
8487_STARD10_P1P2_ENSG00000214530,STARD10,0.012499635
7555_RREB1_P1P2_ENSG00000124782,RREB1,0.012496954
11172_non-targeting_non-targeting_non-targeting,non-targeting,0.012488973
2459_EBP_P1_ENSG00000147155,EBP,0.012482496
3061_FERMT3_P1_ENSG00000149781,FERMT3,0.012468371
9008_TMEM158_P1P2_ENSG00000249992,TMEM158,0.012464971
7595_RUFY1_P2_ENSG00000176783,RUFY1,0.012464605
10609_ZNF75D_P1P2_ENSG00000186376,ZNF75D,0.012454543
2594_ELMO2_P1P2_ENSG00000062598,ELMO2,0.012454097
2773_EVX2_P1P2_ENSG00000174279,EVX2,0.012454012
7705_SCP2_ENST00000371514.3_ENSG00000116171,SCP2,0.012453007
1037_C1orf112_P1P2_ENSG00000000460,C1orf112,0.012452766
6626_PPIF_P1P2_ENSG00000108179,PPIF,0.012445681
10512_ZNF624_P1P2_ENSG00000197566,ZNF624,0.012435104
6091_PAX4_ENST00000341640.2_ENSG00000106331,PAX4,0.012424274
7609_RWDD1_P1P2_ENSG00000111832,RWDD1,0.01241832
9851_WDR89_P1P2_ENSG00000140006,WDR89,0.012405633
6633_PPIP5K1_ENST00000348806.6_ENSG00000168781,PPIP5K1,0.012403769
4837_MAPKAPK3_P1P2_ENSG00000114738,MAPKAPK3,0.012392176
4906_MCM9_P1P2_ENSG00000111877,MCM9,0.01238852
9503_UBE2G1_P1P2_ENSG00000132388,UBE2G1,0.012387537
3060_FERMT3_P2_ENSG00000149781,FERMT3,0.012379152
4572_LHX5_P1P2_ENSG00000089116,LHX5,0.012366461
10296_ZNF334_P1P2_ENSG00000198185,ZNF334,0.012364603
6746_PRICKLE3_P1P2_ENSG00000012211,PRICKLE3,0.012359387
8755_TBX3_P1P2_ENSG00000135111,TBX3,0.012350299
4730_ETFRF1_P1P2_ENSG00000205707,ETFRF1,0.012338125
218_AIG1_P1P2_ENSG00000146416,AIG1,0.012337062
6314_PHYKPL_P1P2_ENSG00000175309,PHYKPL,0.012334543
5292_MST1_ENST00000449682.2_ENSG00000173531,MST1,0.012329735
10853_non-targeting_non-targeting_non-targeting,non-targeting,0.012327442
8698_TATDN2_P1P2_ENSG00000157014,TATDN2,0.012324079
8328_SPATC1L_P1_ENSG00000160284,SPATC1L,0.012316369
7267_RFXAP_P1P2_ENSG00000133111,RFXAP,0.012316218
7473_RPL41_P1P2_ENSG00000229117,RPL41,0.012311147
1201_CASP10_P1P2_ENSG00000003400,CASP10,0.0123104695
9287_TRIM71_P1P2_ENSG00000206557,TRIM71,0.012303045
9868_WNK2_P1P2_ENSG00000165238,WNK2,0.012300463
5800_NR4A2_P2_ENSG00000153234,NR4A2,0.012294124
5278_MSC_P1P2_ENSG00000178860,MSC,0.012289569
8938_TJP2_P2_ENSG00000119139,TJP2,0.012286475
7725_SDHA_P1P2_ENSG00000073578,SDHA,0.012273762
10561_ZNF699_ENST00000308650.3_ENSG00000196110,ZNF699,0.012269171
9084_TMEM59_P1P2_ENSG00000116209,TMEM59,0.012264033
11226_non-targeting_non-targeting_non-targeting,non-targeting,0.012254415
5611_NEUROD1_P1P2_ENSG00000162992,NEUROD1,0.01224918
8628_SYNJ2_P1P2_ENSG00000078269,SYNJ2,0.012245583
3098_FKBP4_P1P2_ENSG00000004478,FKBP4,0.012235688
6698_PPP4R2_P1P2_ENSG00000163605,PPP4R2,0.012219659
10405_ZNF506_P1P2_ENSG00000081665,ZNF506,0.012218907
7630_SAC3D1_P1P2_ENSG00000168061,SAC3D1,0.012211207
4229_ITGB5_P1P2_ENSG00000082781,ITGB5,0.012209991
5840_NT5C3B_P1P2_ENSG00000141698,NT5C3B,0.012208287
7134_RB1CC1_P2_ENSG00000023287,RB1CC1,0.012204989
390_AP5S1_P1P2_ENSG00000125843,AP5S1,0.012204292
10653_ZNF80_ENST00000482457.2_ENSG00000174255,ZNF80,0.012198284
8912_TIGD7_P1P2_ENSG00000140993,TIGD7,0.012195485
580_ASH1L_P1P2_ENSG00000116539,ASH1L,0.012195263
9114_TMUB1_P1P2_ENSG00000164897,TMUB1,0.012194469
5006_METTL5_P1P2_ENSG00000138382,METTL5,0.012194421
2060_DCAF8_P2_ENSG00000132716,DCAF8,0.012191102
1749_COL18A1_P1P2_ENSG00000182871,COL18A1,0.012186091
9559_UBXN6_P1_ENSG00000167671,UBXN6,0.012175244
3185_FOXP1_ENST00000318789.4_ENSG00000114861,FOXP1,0.012170528
459_ARHGAP17_P1P2_ENSG00000140750,ARHGAP17,0.01216151
7763_SELENOM_P1P2_ENSG00000198832,SELENOM,0.01215629
2293_DNAJC1_P1P2_ENSG00000136770,DNAJC1,0.012156127
5321_MTHFR_P1_ENSG00000177000,MTHFR,0.012149485
6542_POLR2C_P1P2_ENSG00000102978,POLR2C,0.012137555
863_BNIP2_P1P2_ENSG00000140299,BNIP2,0.012134067
6467_PLTP_P1_ENSG00000100979,PLTP,0.012128003
7641_SALL4_P1P2_ENSG00000101115,SALL4,0.012126568
8970_TMCO3_P1P2_ENSG00000150403,TMCO3,0.012116217
6784_PROP1_P1P2_ENSG00000175325,PROP1,0.012113853
5458_NANP_P1P2_ENSG00000170191,NANP,0.012112359
6126_PCGF6_P1P2_ENSG00000156374,PCGF6,0.012078444
7601_RUNX2_P2_ENSG00000124813,RUNX2,0.012077672
7972_SLC19A1_P1P2_ENSG00000173638,SLC19A1,0.012060987
4664_LRRC41_P1P2_ENSG00000132128,LRRC41,0.012055436
4191_IRF5_P1_ENSG00000128604,IRF5,0.012052323
596_ASXL2_P1P2_ENSG00000143970,ASXL2,0.012049511
2677_EPPK1_P1P2_ENSG00000261150,EPPK1,0.012041359
8868_TGOLN2_P1P2_ENSG00000152291,TGOLN2,0.0120349815
2309_DNASE2_P1P2_ENSG00000105612,DNASE2,0.0120267635
3009_FBXO25_P1P2_ENSG00000147364,FBXO25,0.012025099
606_ATF3_P1P2_ENSG00000162772,ATF3,0.012023151
4401_KIN_P1P2_ENSG00000151657,KIN,0.012017578
2156_DEPDC1B_P1P2_ENSG00000035499,DEPDC1B,0.012017306
8998_TMEM134_P1P2_ENSG00000172663,TMEM134,0.012003977
2698_ERCC5_P1P2_ENSG00000134899,ERCC5,0.0120027615
553_ARSK_P1P2_ENSG00000164291,ARSK,0.011999599
6053_PAN2_P1P2_ENSG00000135473,PAN2,0.011993261
2719_ERN1_P1P2_ENSG00000178607,ERN1,0.011991085
9965_ZBED5_P1P2_ENSG00000236287,ZBED5,0.011990301
10361_ZNF439_P1P2_ENSG00000171291,ZNF439,0.011984481
4155_INTU_P2_ENSG00000164066,INTU,0.011973405
4318_KDM1B_P1P2_ENSG00000165097,KDM1B,0.011972312
11064_non-targeting_non-targeting_non-targeting,non-targeting,0.011969559
9723_VGF_P1P2_ENSG00000128564,VGF,0.011968762
3182_FOXP1_ENST00000493089.1_ENSG00000114861,FOXP1,0.011966714
9049_TMEM230_P1P2_ENSG00000089063,TMEM230,0.011966576
2442_E2F5_P1P2_ENSG00000133740,E2F5,0.0119645335
10704_ZNRF1_P1P2_ENSG00000186187,ZNRF1,0.011963748
1785_COPS7B_P1_ENSG00000144524,COPS7B,0.011963278
10141_ZMPSTE24_P1P2_ENSG00000084073,ZMPSTE24,0.011958565
2712_ERLEC1_P1P2_ENSG00000068912,ERLEC1,0.011957475
4567_LHX1_P1P2_ENSG00000273706,LHX1,0.011953337
8377_SPRYD4_P1P2_ENSG00000176422,SPRYD4,0.011945697
155_ADIPOR2_P1P2_ENSG00000006831,ADIPOR2,0.011944618
559_AR_P1P2_ENSG00000169083,AR,0.011941628
7971_SLC18B1_P1P2_ENSG00000146409,SLC18B1,0.011940915
3544_GRTP1_P1P2_ENSG00000139835,GRTP1,0.011940641
10477_ZNF584_P1P2_ENSG00000171574,ZNF584,0.011927935
3431_GNAI3_P1P2_ENSG00000065135,GNAI3,0.011921988
5752_NOS1AP_P1P2_ENSG00000198929,NOS1AP,0.011919377
6852_PSMB4_P1P2_ENSG00000159377,PSMB4,0.01191893
7766_SELENOT_P1P2_ENSG00000198843,SELENOT,0.011918881
2170_DFFB_P1P2_ENSG00000169598,DFFB,0.011918042
10492_ZNF599_P1P2_ENSG00000153896,ZNF599,0.011917416
1611_CIB1_P1P2_ENSG00000185043,CIB1,0.011911386
2208_DHX32_P1P2_ENSG00000089876,DHX32,0.011910154
5972_ORMDL2_P1P2_ENSG00000123353,ORMDL2,0.011906694
8997_TMEM131_P1P2_ENSG00000075568,TMEM131,0.011904949
8476_ST6GALNAC6_P1P2_ENSG00000160408,ST6GALNAC6,0.011899691
10205_ZNF20_P2_ENSG00000132010,ZNF20,0.011896482
1249_CCDC124_P2_ENSG00000007080,CCDC124,0.011893978
3462_GOLGA8A_ENST00000360553.3_ENSG00000175265,GOLGA8A,0.011893389
7132_RAX2_P1P2_ENSG00000173976,RAX2,0.011889049
7746_SEC24C_P1P2_ENSG00000176986,SEC24C,0.011886747
8073_SLC39A1_P1P2_ENSG00000143570,SLC39A1,0.011886006
11071_non-targeting_non-targeting_non-targeting,non-targeting,0.011885863
5696_NKX2-8_P1P2_ENSG00000136327,NKX2-8,0.011881011
8324_SPATA33_P1P2_ENSG00000167523,SPATA33,0.011881001
2911_WASHC2A_P1P2_ENSG00000099290,WASHC2A,0.011875384
6379_PITPNA_P1P2_ENSG00000174238,PITPNA,0.011875169
2699_ERCC6L2_P1P2_ENSG00000182150,ERCC6L2,0.011874007
8641_TAB3_P1P2_ENSG00000157625,TAB3,0.011872597
8061_SLC37A4_P1P2_ENSG00000137700,SLC37A4,0.011868283
6311_PHTF2_P1P2_ENSG00000006576,PHTF2,0.011865564
5882_NUMBL_P1P2_ENSG00000105245,NUMBL,0.011861893
7875_SH3BGR_P1_ENSG00000185437,SH3BGR,0.0118559
1963_CUL4A_P1P2_ENSG00000139842,CUL4A,0.011851832
2431_DYNLT3_P1P2_ENSG00000165169,DYNLT3,0.011850416
9556_UBXN2B_P1P2_ENSG00000215114,UBXN2B,0.01185013
4040_IFI35_P1P2_ENSG00000068079,IFI35,0.011843984
4377_KIF15_P1P2_ENSG00000163808,KIF15,0.011829567
1751_CERT1_P1P2_ENSG00000113163,CERT1,0.011829009
5903_NUP93_P1P2_ENSG00000102900,NUP93,0.011825188
9103_TMEM9B_P1P2_ENSG00000175348,TMEM9B,0.011817856
8591_SUN1_P1_ENSG00000164828,SUN1,0.011811775
7370_RNF19A_P1P2_ENSG00000034677,RNF19A,0.01179451
8878_THAP5_P1P2_ENSG00000177683,THAP5,0.011790085
4046_IFNGR1_P1P2_ENSG00000027697,IFNGR1,0.011789536
6376_PISD_ENST00000382151.2_ENSG00000241878,PISD,0.011777425
9288_TRIM7_P1P2_ENSG00000146054,TRIM7,0.011777003
8016_SLC25A6_P1_ENSG00000169100,SLC25A6,0.011776668
7603_RUNX3_P2_ENSG00000020633,RUNX3,0.01177652
8613_SWSAP1_P1P2_ENSG00000173928,SWSAP1,0.011762366
777_BBS1_P1P2_ENSG00000174483,BBS1,0.011759105
3933_HPS3_P1P2_ENSG00000163755,HPS3,0.011743421
10620_ZNF771_P1P2_ENSG00000179965,ZNF771,0.011739132
10431_ZNF540_P1_ENSG00000171817,ZNF540,0.011730636
4662_LRRC37B_P1P2_ENSG00000185158,LRRC37B,0.011720732
9667_USP4_P1P2_ENSG00000114316,USP4,0.011714622
9467_TYW1B_ENST00000343721.5_ENSG00000277149,TYW1B,0.011704136
9832_WDR60_P1P2_ENSG00000126870,WDR60,0.011697732
5491_NCAPH2_P1P2_ENSG00000025770,NCAPH2,0.011691772
2130_DDX54_P2_ENSG00000123064,DDX54,0.011691189
9795_WBP4_P1P2_ENSG00000120688,WBP4,0.011683861
11053_non-targeting_non-targeting_non-targeting,non-targeting,0.011678072
5555_NDUFB3_P1P2_ENSG00000119013,NDUFB3,0.01167602
2997_FBXL3_P1P2_ENSG00000005812,FBXL3,0.011675952
1221_CBLL1_P1P2_ENSG00000105879,CBLL1,0.011674586
7299_RHOXF2B_ENST00000371402.2_ENSG00000203989,RHOXF2B,0.0116728945
8777_TCF19_P2_ENSG00000137310,TCF19,0.01167116
4987_METRN_P1P2_ENSG00000103260,METRN,0.011670389
7232_RENBP_P1P2_ENSG00000102032,RENBP,0.011661551
8743_TBRG1_P1P2_ENSG00000154144,TBRG1,0.011660968
10998_non-targeting_non-targeting_non-targeting,non-targeting,0.011659736
10808_non-targeting_non-targeting_non-targeting,non-targeting,0.011657438
"8865_TGIF2LY_ENST00000321217.4,ENST00000559055.2_ENSG00000176679",TGIF2LY,0.011653879
40_ABHD12_P1P2_ENSG00000100997,ABHD12,0.011650951
9137_TNIP2_P1P2_ENSG00000168884,TNIP2,0.011646853
7779_SEPHS2_P1P2_ENSG00000179918,SEPHS2,0.01163657
3695_HERPUD1_P1P2_ENSG00000051108,HERPUD1,0.011616574
11302_non-targeting_non-targeting_non-targeting,non-targeting,0.011616347
6052_PAM_ENST00000438793.3_ENSG00000145730,PAM,0.011613625
908_BRWD1_P1P2_ENSG00000185658,BRWD1,0.011605515
165_GRK3_P1P2_ENSG00000100077,GRK3,0.011598366
10992_non-targeting_non-targeting_non-targeting,non-targeting,0.01159383
10125_ZIM2_P1P2_ENSG00000269699,ZIM2,0.011590477
1149_CACUL1_P1P2_ENSG00000151893,CACUL1,0.01158809
3911_HOXC11_P1P2_ENSG00000123388,HOXC11,0.011586726
4708_LTBP4_P1_ENSG00000090006,LTBP4,0.011575271
8292_SOX4_P1_ENSG00000124766,SOX4,0.011573934
5322_MTHFR_P2_ENSG00000177000,MTHFR,0.011566295
9864_WIPI1_P1P2_ENSG00000070540,WIPI1,0.011561224
8437_SRSF6_P2_ENSG00000124193,SRSF6,0.011560388
3499_GPHN_P1P2_ENSG00000171723,GPHN,0.011556186
5839_NT5C3A_P1_ENSG00000122643,NT5C3A,0.011555617
3254_GABPB1_P1P2_ENSG00000104064,GABPB1,0.01155487
2768_EVA1B_P1P2_ENSG00000142694,EVA1B,0.011554112
8975_TMED3_P1P2_ENSG00000166557,TMED3,0.011553004
1053_C1orf56_P1P2_ENSG00000143443,C1orf56,0.011543664
2008_CYP4F11_P1P2_ENSG00000171903,CYP4F11,0.0115345735
5620_NF2_P1P2_ENSG00000186575,NF2,0.011530437
6837_PSEN2_P1P2_ENSG00000143801,PSEN2,0.011527695
1912_CSRP1_P1P2_ENSG00000159176,CSRP1,0.011521243
7871_SH2D3A_P1P2_ENSG00000125731,SH2D3A,0.011517678
849_BLOC1S5_P1P2_ENSG00000188428,BLOC1S5,0.011515333
10144_ZMYM3_P1_ENSG00000147130,ZMYM3,0.011515299
10735_ZUP1_P1P2_ENSG00000153975,ZUP1,0.0115120355
2612_EMC3_P1_ENSG00000125037,EMC3,0.011501072
5060_MICB_P1_ENSG00000204516,MICB,0.011499336
9712_VCP_P1P2_ENSG00000165280,VCP,0.011489774
11028_non-targeting_non-targeting_non-targeting,non-targeting,0.011480569
4296_KCNH2_P1_ENSG00000055118,KCNH2,0.011478946
3661_HDAC10_P1P2_ENSG00000100429,HDAC10,0.011477681
5017_MFAP3_P1P2_ENSG00000037749,MFAP3,0.01147742
"3800_HIVEP3_ENST00000247584.5,ENST00000429157.2_ENSG00000127124",HIVEP3,0.011477093
7560_RRNAD1_P1P2_ENSG00000143303,RRNAD1,0.011474994
708_ATXN7_ENST00000538065.1_ENSG00000163635,ATXN7,0.011469617
3033_FBXW11_P1P2_ENSG00000072803,FBXW11,0.011466127
5671_NINJ2_P1_ENSG00000171840,NINJ2,0.011465975
3366_GIGYF1_P2_ENSG00000146830,GIGYF1,0.0114628
5549_NDUFAF6_P1P2_ENSG00000156170,NDUFAF6,0.011460283
2634_EN2_P1P2_ENSG00000164778,EN2,0.011459738
10171_ZNF141_P1P2_ENSG00000131127,ZNF141,0.0114589995
4681_LRRFIP2_P1P2_ENSG00000093167,LRRFIP2,0.011451065
8245_SNX15_P2_ENSG00000110025,SNX15,0.011446199
544_ARPC5_P1P2_ENSG00000162704,ARPC5,0.01144604
10017_ZC2HC1C_P1P2_ENSG00000119703,ZC2HC1C,0.011440915
9649_USP32_P1P2_ENSG00000170832,USP32,0.011440251
539_ARPC4-TTLL3_P2_nan,ARPC4-TTLL3,0.011419867
10792_non-targeting_non-targeting_non-targeting,non-targeting,0.011417815
8447_SSBP2_P1P2_ENSG00000145687,SSBP2,0.011408371
9327_TRPV2_P1P2_ENSG00000187688,TRPV2,0.011406991
9355_TSPAN3_P1P2_ENSG00000140391,TSPAN3,0.011405269
7740_SEC22C_P1P2_ENSG00000093183,SEC22C,0.011401253
2615_EMC6_P1P2_ENSG00000127774,EMC6,0.0113998465
6815_PRR4_P1P2_ENSG00000111215,PRR4,0.011398972
912_BSDC1_P1P2_ENSG00000160058,BSDC1,0.011398737
10743_ZYG11B_P1P2_ENSG00000162378,ZYG11B,0.011398727
8310_SP5_P1P2_ENSG00000204335,SP5,0.011389841
9888_XBP1_P1P2_ENSG00000100219,XBP1,0.011384389
10086_ZFP37_P1P2_ENSG00000136866,ZFP37,0.01138093
8786_TCF7L2_P1P2_ENSG00000148737,TCF7L2,0.011367709
4239_ITPR3_P1P2_ENSG00000096433,ITPR3,0.011363618
8058_SLC35G6_ENST00000412468.2_ENSG00000259224,SLC35G6,0.011360872
3026_FBXO4_P1P2_ENSG00000151876,FBXO4,0.011357554
4736_LZTFL1_P1P2_ENSG00000163818,LZTFL1,0.011355265
3013_FBXO31_P2_ENSG00000103264,FBXO31,0.011349253
3876_HNRNPUL1_P1P2_ENSG00000105323,HNRNPUL1,0.011347444
2161_DERL1_P1P2_ENSG00000136986,DERL1,0.011345151
6974_PYCR3_P1P2_ENSG00000104524,PYCR3,0.01134452
5301_MTA3_P1P2_ENSG00000057935,MTA3,0.011342817
8523_STK38_P1P2_ENSG00000112079,STK38,0.0113367895
8760_TBX6_P1P2_ENSG00000149922,TBX6,0.0113335615
2727_ESCO1_P1P2_ENSG00000141446,ESCO1,0.011332594
4789_MAN2B1_P1_ENSG00000104774,MAN2B1,0.011330551
7785_SEPTIN2_P1P2_ENSG00000168385,SEPTIN2,0.011328158
9091_TMEM64_P1P2_ENSG00000180694,TMEM64,0.011323026
4756_MAFK_P1P2_ENSG00000198517,MAFK,0.011321144
8831_TEX30_P1P2_ENSG00000151287,TEX30,0.011320841
3379_GJC1_P1P2_ENSG00000182963,GJC1,0.011314039
9567_UCP2_P1P2_ENSG00000175567,UCP2,0.011313181
3938_HRAS_P2_ENSG00000174775,HRAS,0.011312207
982_C14orf93_P2_ENSG00000100802,C14orf93,0.011308417
892_BRD7_P1P2_ENSG00000166164,BRD7,0.011296186
4139_INPPL1_P1P2_ENSG00000165458,INPPL1,0.011294074
6714_PRADC1_P1P2_ENSG00000135617,PRADC1,0.011290148
8920_TIMM22_P1P2_ENSG00000177370,TIMM22,0.011289522
2652_ENTPD6_P1P2_ENSG00000197586,ENTPD6,0.011280454
1072_C2CD2_P1P2_ENSG00000157617,C2CD2,0.011271244
8255_SNX3_P1P2_ENSG00000112335,SNX3,0.011271229
8086_SLC43A3_P1P2_ENSG00000134802,SLC43A3,0.01126846
2420_DYM_P1P2_ENSG00000141627,DYM,0.01126639
827_BHLHA9_P1P2_ENSG00000205899,BHLHA9,0.0112659475
5705_NLRP1_P1P2_ENSG00000091592,NLRP1,0.011258304
4041_IFITM1_P1P2_ENSG00000185885,IFITM1,0.011256271
8254_SNX33_P1P2_ENSG00000173548,SNX33,0.011251213
1239_CCAR2_P1P2_ENSG00000158941,CCAR2,0.011251137
52_ABHD8_P1P2_ENSG00000127220,ABHD8,0.011239806
11188_non-targeting_non-targeting_non-targeting,non-targeting,0.011233977
7968_SLC16A5_P1P2_ENSG00000170190,SLC16A5,0.011227512
8194_SMYD2_P1P2_ENSG00000143499,SMYD2,0.011222943
3817_HM13_P1P2_ENSG00000101294,HM13,0.011213319
3826_HMGA2_P1P2_ENSG00000149948,HMGA2,0.011212744
11213_non-targeting_non-targeting_non-targeting,non-targeting,0.011211873
9570_UFL1_P1P2_ENSG00000014123,UFL1,0.011210392
5008_METTL7A_P1P2_ENSG00000185432,METTL7A,0.011210277
2638_ENGASE_P1P2_ENSG00000167280,ENGASE,0.011206944
130_ADAM17_P1P2_ENSG00000151694,ADAM17,0.01120584
3311_GBX1_P1_ENSG00000164900,GBX1,0.011202158
8296_SOX6_ENST00000528429.1_ENSG00000110693,SOX6,0.011199051
1811_COX18_P1P2_ENSG00000163626,COX18,0.011194449
5590_NEIL2_P1P2_ENSG00000154328,NEIL2,0.011194058
5149_MORC2_P1P2_ENSG00000133422,MORC2,0.0111882575
3753_HIST1H2AH_P1P2_ENSG00000274997,HIST1H2AH,0.011186369
11103_non-targeting_non-targeting_non-targeting,non-targeting,0.01117686
10939_non-targeting_non-targeting_non-targeting,non-targeting,0.011172076
2960_FANCA_P1P2_ENSG00000187741,FANCA,0.011168132
1707_CNEP1R1_P1P2_ENSG00000205423,CNEP1R1,0.011164845
989_METTL26_P1P2_ENSG00000130731,METTL26,0.011164315
8539_STRBP_P1P2_ENSG00000165209,STRBP,0.011160331
3834_HMGN1_P1P2_ENSG00000205581,HMGN1,0.01115499
3756_HIST1H2AL_ENST00000357320.2_ENSG00000276903,HIST1H2AL,0.011152878
8117_SLC9A6_P1P2_ENSG00000198689,SLC9A6,0.011150957
7417_RP9_P1P2_ENSG00000164610,RP9,0.01114536
8795_TCTEX1D2_P1P2_ENSG00000213123,TCTEX1D2,0.011139553
11168_non-targeting_non-targeting_non-targeting,non-targeting,0.011129965
107_ACTN1_P1P2_ENSG00000072110,ACTN1,0.01112917
286_ALX4_P1P2_ENSG00000052850,ALX4,0.011126339
7364_RNF170_P1P2_ENSG00000120925,RNF170,0.011122208
3839_HMGXB3_P1P2_ENSG00000113716,HMGXB3,0.01112107
110_ACTR1A_P1P2_ENSG00000138107,ACTR1A,0.011114099
2793_EXOSC6_P1P2_ENSG00000223496,EXOSC6,0.011108805
5753_NOS3_P1P2_ENSG00000164867,NOS3,0.011106047
4195_IRF8_P1P2_ENSG00000140968,IRF8,0.011102614
1102_MRNIP_P1P2_ENSG00000161010,MRNIP,0.011093587
8841_TFB2M_P1P2_ENSG00000162851,TFB2M,0.011087357
10921_non-targeting_non-targeting_non-targeting,non-targeting,0.011086499
4343_DELE1_P1P2_ENSG00000081791,DELE1,0.011083867
1716_CNOT1_P1P2_ENSG00000125107,CNOT1,0.011083053
7150_RBL2_P1_ENSG00000103479,RBL2,0.011082706
8814_TEKT2_P1P2_ENSG00000092850,TEKT2,0.011082436
8988_TMEM11_P1P2_ENSG00000178307,TMEM11,0.011071908
5940_OMA1_P1P2_ENSG00000162600,OMA1,0.011070528
1009_EPOP_P1P2_ENSG00000273604,EPOP,0.0110702235
2250_DLX6_P1P2_ENSG00000006377,DLX6,0.01106974
10748_non-targeting_non-targeting_non-targeting,non-targeting,0.011066547
8785_TCF7L1_P1P2_ENSG00000152284,TCF7L1,0.011049825
3886_HOXA10_P1P2_ENSG00000253293,HOXA10,0.011048103
6496_PNPLA6_P1P2_ENSG00000032444,PNPLA6,0.011037317
6929_PTPN2_P1P2_ENSG00000175354,PTPN2,0.011036157
11186_non-targeting_non-targeting_non-targeting,non-targeting,0.011034875
2706_ERG_P2_ENSG00000157554,ERG,0.011034569
1300_CCDC85C_P1P2_ENSG00000205476,CCDC85C,0.011029666
4790_MAN2C1_P1P2_ENSG00000140400,MAN2C1,0.011025046
1951_CTSL_P2_ENSG00000135047,CTSL,0.011024472
778_BBS2_P1P2_ENSG00000125124,BBS2,0.011001615
1994_CYB5R3_P1P2_ENSG00000100243,CYB5R3,0.010993237
2758_ETS1_P1P2_ENSG00000134954,ETS1,0.010991363
3338_GEMIN7_P1P2_ENSG00000142252,GEMIN7,0.010986873
1613_CIC_P1P2_ENSG00000079432,CIC,0.010983687
6015_P2RX4_P1P2_ENSG00000135124,P2RX4,0.010978809
7360_RNF166_P1_ENSG00000158717,RNF166,0.010967383
384_AP3S2_P1P2_ENSG00000157823,AP3S2,0.010946007
8322_SPATA24_P1P2_ENSG00000170469,SPATA24,0.010937082
7717_ENTR1_P1P2_ENSG00000165689,ENTR1,0.010919273
1727_CNPY3_P1P2_ENSG00000137161,CNPY3,0.010917925
7551_RRAGD_P1P2_ENSG00000025039,RRAGD,0.010916528
6086_PATZ1_P2_ENSG00000100105,PATZ1,0.010912306
5637_NFIC_P1_ENSG00000141905,NFIC,0.010907729
11205_non-targeting_non-targeting_non-targeting,non-targeting,0.01090219
147_ADCY3_P1P2_ENSG00000138031,ADCY3,0.010895958
6601_POU6F1_P1P2_ENSG00000184271,POU6F1,0.010891127
4193_IRF6_P1P2_ENSG00000117595,IRF6,0.01089045
507_ARL2_P1P2_ENSG00000213465,ARL2,0.010889128
9877_WRN_P1P2_ENSG00000165392,WRN,0.010887184
434_ARAP1_P2_ENSG00000186635,ARAP1,0.010882442
1945_CTSB_P1P2_ENSG00000164733,CTSB,0.010882334
6306_PHOX2A_P1P2_ENSG00000165462,PHOX2A,0.010881744
8497_STAT4_P1P2_ENSG00000138378,STAT4,0.010880308
10353_ZNF430_P1P2_ENSG00000118620,ZNF430,0.010872453
4065_IGF2BP1_P1P2_ENSG00000159217,IGF2BP1,0.010864808
3375_GIPR_P1P2_ENSG00000010310,GIPR,0.010860575
1436_CDK5RAP2_P1P2_ENSG00000136861,CDK5RAP2,0.0108539
5692_NKX2-3_P1P2_ENSG00000119919,NKX2-3,0.010851168
3537_GRINA_P1P2_ENSG00000178719,GRINA,0.010845408
10311_ZNF354C_P1P2_ENSG00000177932,ZNF354C,0.010842794
1253_CCDC12_P2_ENSG00000160799,CCDC12,0.010835914
1852_CR1L_P1P2_ENSG00000197721,CR1L,0.010835774
436_AREG_P1P2_ENSG00000109321,AREG,0.010833393
6149_PC_P1P2_ENSG00000173599,PC,0.01082771
2697_ERCC4_P2_ENSG00000175595,ERCC4,0.010827153
8720_TBC1D4_P1P2_ENSG00000136111,TBC1D4,0.01082579
10204_ZNF20_P1_ENSG00000132010,ZNF20,0.01082273
1964_CUL4B_P1P2_ENSG00000158290,CUL4B,0.010820876
11221_non-targeting_non-targeting_non-targeting,non-targeting,0.010817065
4141_INSIG2_P1P2_ENSG00000125629,INSIG2,0.010813794
8798_TDGF1_P1P2_ENSG00000241186,TDGF1,0.01081361
8305_SP140_P1P2_ENSG00000079263,SP140,0.0108124
9492_UBB_P1P2_ENSG00000170315,UBB,0.010809642
8274_SORD_P1P2_ENSG00000140263,SORD,0.010804472
3697_HES1_P1P2_ENSG00000114315,HES1,0.010802659
3171_FOXM1_P1P2_ENSG00000111206,FOXM1,0.010796942
1729_CNST_P1P2_ENSG00000162852,CNST,0.010795931
5280_MSH2_P1P2_ENSG00000095002,MSH2,0.010795404
7698_SCMH1_ENST00000402904.2_ENSG00000010803,SCMH1,0.01079243
8036_SLC33A1_P1P2_ENSG00000169359,SLC33A1,0.010788043
10371_ZNF449_P1P2_ENSG00000173275,ZNF449,0.010777873
8063_SLC38A1_P1P2_ENSG00000111371,SLC38A1,0.010777281
2182_DGKZ_P1P2_ENSG00000149091,DGKZ,0.01076319
10428_ZNF534_P1P2_ENSG00000198633,ZNF534,0.010761462
6082_PARVB_P1P2_ENSG00000188677,PARVB,0.010761409
2339_DPCD_P1P2_ENSG00000166171,DPCD,0.010760209
4508_LAMTOR4_P1P2_ENSG00000188186,LAMTOR4,0.01076015
10241_ZNF256_P1P2_ENSG00000152454,ZNF256,0.010758941
3049_FDFT1_P2_ENSG00000079459,FDFT1,0.010757108
4396_KIF9_P1P2_ENSG00000088727,KIF9,0.010755122
727_B3GAT3_P1P2_ENSG00000149541,B3GAT3,0.01075431
599_ATAD2_P1P2_ENSG00000156802,ATAD2,0.010746478
8406_SRF_P1P2_ENSG00000112658,SRF,0.010740137
8771_ELOA_P1P2_ENSG00000011007,ELOA,0.010739406
1190_CARD8_P2_ENSG00000105483,CARD8,0.010736914
5701_NKX6-3_P1P2_ENSG00000165066,NKX6-3,0.01073513
14_AASDHPPT_P1P2_ENSG00000149313,AASDHPPT,0.010734771
6186_PDLIM2_P1_ENSG00000120913,PDLIM2,0.010728268
4336_KHDC1_ENST00000257765.5_ENSG00000135314,KHDC1,0.010726912
3940_RIDA_P1P2_ENSG00000132541,RIDA,0.010722455
3219_FUNDC1_P1P2_ENSG00000069509,FUNDC1,0.01072038
6997_R3HDM1_P1_ENSG00000048991,R3HDM1,0.01071385
1712_CNN2_P1P2_ENSG00000064666,CNN2,0.010704773
511_ARL5A_P1P2_ENSG00000162980,ARL5A,0.010694583
7682_SCAMP3_P1P2_ENSG00000116521,SCAMP3,0.010693453
6854_PSMB6_P2_ENSG00000142507,PSMB6,0.010691905
10344_ZNF419_P1P2_ENSG00000105136,ZNF419,0.010691769
4230_ITM2A_P1P2_ENSG00000078596,ITM2A,0.010691652
1868_CREG1_P1P2_ENSG00000143162,CREG1,0.010688823
7128_RASSF5_P1P2_ENSG00000266094,RASSF5,0.0106682535
1376_CD69_P1P2_ENSG00000110848,CD69,0.01066408
8217_SNRNP25_P1P2_ENSG00000161981,SNRNP25,0.010655331
256_ALDH1B1_P1P2_ENSG00000137124,ALDH1B1,0.010653429
1098_C5orf24_P1P2_ENSG00000181904,C5orf24,0.010653325
5884_NUMB_P2_ENSG00000133961,NUMB,0.010646439
8852_TFG_P1P2_ENSG00000114354,TFG,0.01064347
4907_MCMBP_P1P2_ENSG00000197771,MCMBP,0.010641796
9442_TWIST2_P1P2_ENSG00000233608,TWIST2,0.010638454
10840_non-targeting_non-targeting_non-targeting,non-targeting,0.010633788
8580_SULT1A3_ENST00000395137.2_ENSG00000261052,SULT1A3,0.010633479
8048_SLC35E1_P1P2_ENSG00000127526,SLC35E1,0.010628806
7340_RNF115_P1P2_ENSG00000265491,RNF115,0.0106210075
3203_FRRS1_P1P2_ENSG00000156869,FRRS1,0.010615679
3217_FUCA1_P1P2_ENSG00000179163,FUCA1,0.010611031
2754_ETFDH_P1P2_ENSG00000171503,ETFDH,0.010610865
7949_SLAIN2_P1P2_ENSG00000109171,SLAIN2,0.010606304
5050_MIB1_P1P2_ENSG00000101752,MIB1,0.010600839
4006_IBTK_P2_ENSG00000005700,IBTK,0.010596599
188_AGL_P1P2_ENSG00000162688,AGL,0.010591853
6443_PLEKHG4_P2_ENSG00000196155,PLEKHG4,0.010586311
10207_ZNF212_P1P2_ENSG00000170260,ZNF212,0.010579808
9788_WASL_P1P2_ENSG00000106299,WASL,0.010556453
5986_OSGIN2_P1P2_ENSG00000164823,OSGIN2,0.010556417
2100_DDT_ENST00000398344.4_ENSG00000099977,DDT,0.010554166
1141_CAAP1_P1P2_ENSG00000120159,CAAP1,0.010550496
10083_ZFP36L1_P1_ENSG00000185650,ZFP36L1,0.010540776
5904_NUP98_P1P2_ENSG00000110713,NUP98,0.01054077
4576_LHX9_P1P2_ENSG00000143355,LHX9,0.010533826
7372_RNF207_P1_ENSG00000158286,RNF207,0.010533202
4451_KMT2C_P1P2_ENSG00000055609,KMT2C,0.010531232
3279_GANC_P1P2_ENSG00000214013,GANC,0.010528828
1042_C1orf174_P1P2_ENSG00000198912,C1orf174,0.010521439
1678_CLSTN1_P1P2_ENSG00000171603,CLSTN1,0.010518435
467_ARHGAP35_ENST00000404338.3_ENSG00000160007,ARHGAP35,0.010505107
4483_KSR1_P1P2_ENSG00000141068,KSR1,0.010501026
6164_PDE12_P1P2_ENSG00000174840,PDE12,0.010495832
10053_ZDHHC6_P1P2_ENSG00000023041,ZDHHC6,0.010495292
1142_CAB39L_P2_ENSG00000102547,CAB39L,0.010489775
9638_USP19_P1P2_ENSG00000172046,USP19,0.010485501
6955_PUS1_P1P2_ENSG00000177192,PUS1,0.010484798
2093_DDIT3_P1P2_ENSG00000175197,DDIT3,0.010479937
10690_ZNF891_P1P2_ENSG00000214029,ZNF891,0.010477501
4792_MANBA_P1P2_ENSG00000109323,MANBA,0.010476204
2103_DDX11_P1P2_ENSG00000013573,DDX11,0.010469976
3433_GNAS_P1P2_ENSG00000087460,GNAS,0.010467551
7966_SLC16A1_P2_ENSG00000155380,SLC16A1,0.010464235
1130_PAXX_P1P2_ENSG00000148362,PAXX,0.010463822
2964_FANCF_P1P2_ENSG00000183161,FANCF,0.010448674
11189_non-targeting_non-targeting_non-targeting,non-targeting,0.010445421
420_APOO_P1P2_ENSG00000184831,APOO,0.010433808
11283_non-targeting_non-targeting_non-targeting,non-targeting,0.0104330825
4237_ITPR1_P1P2_ENSG00000150995,ITPR1,0.010426015
5575_NDUFV1_P2_ENSG00000167792,NDUFV1,0.010423268
10158_ZNF114_P1P2_ENSG00000178150,ZNF114,0.010422478
1659_CLK2_P1P2_ENSG00000176444,CLK2,0.010411563
11049_non-targeting_non-targeting_non-targeting,non-targeting,0.010406284
8495_STAT2_P1P2_ENSG00000170581,STAT2,0.010400753
6_AAK1_P1P2_ENSG00000115977,AAK1,0.010395894
6413_PLAGL1_P2_ENSG00000118495,PLAGL1,0.010393086
6932_PTPN9_P1P2_ENSG00000169410,PTPN9,0.010391333
6494_PNPLA2_P1P2_ENSG00000177666,PNPLA2,0.010391314
175_AFF4_P1P2_ENSG00000072364,AFF4,0.010390621
8900_THUMPD3_P1P2_ENSG00000134077,THUMPD3,0.010385781
6259_PGLS_P1P2_ENSG00000130313,PGLS,0.010380765
7610_RWDD2B_P1P2_ENSG00000156253,RWDD2B,0.010378122
2070_DCP2_P1P2_ENSG00000172795,DCP2,0.010375902
5910_NXF1_P1_ENSG00000162231,NXF1,0.010364857
3276_GAL_P1P2_ENSG00000069482,GAL,0.010364446
6167_PDE4A_P1_ENSG00000065989,PDE4A,0.010362855
512_ARL5B_P1P2_ENSG00000165997,ARL5B,0.0103571825
10682_ZNF860_P1P2_ENSG00000197385,ZNF860,0.010353847
1739_COCH_P1P2_ENSG00000100473,COCH,0.010353263
9086_TMEM60_P1P2_ENSG00000135211,TMEM60,0.01035022
9958_YY1_P1P2_ENSG00000100811,YY1,0.010349083
403_API5_P1P2_ENSG00000166181,API5,0.010341948
6836_PSEN1_P1P2_ENSG00000080815,PSEN1,0.010340096
5761_NPAS4_P1P2_ENSG00000174576,NPAS4,0.010338083
1066_C21orf91_P1P2_ENSG00000154642,C21orf91,0.010336145
1087_HPF1_P1P2_ENSG00000056050,HPF1,0.010330458
4143_INSM2_P1P2_ENSG00000168348,INSM2,0.01032983
5516_NCS1_P1P2_ENSG00000107130,NCS1,0.010329133
4584_LIME1_P1_ENSG00000203896,LIME1,0.010328166
3268_GALNT11_P1P2_ENSG00000178234,GALNT11,0.010327682
8513_STK16_P1P2_ENSG00000115661,STK16,0.010316645
10550_ZNF682_P1P2_ENSG00000197124,ZNF682,0.01030682
4611_LMBR1_P1P2_ENSG00000105983,LMBR1,0.010305776
610_ATF6_P1P2_ENSG00000118217,ATF6,0.010304683
10448_ZNF560_P1P2_ENSG00000198028,ZNF560,0.0103025595
8114_SLC9A3R1_P1P2_ENSG00000109062,SLC9A3R1,0.010301526
7913_SIL1_P1P2_ENSG00000120725,SIL1,0.010298582
823_BEX4_P1P2_ENSG00000102409,BEX4,0.010293465
4351_KIAA0586_P1P2_ENSG00000100578,KIAA0586,0.010290414
8144_SMARCAD1_P1P2_ENSG00000163104,SMARCAD1,0.01029036
8215_SNRK_P1P2_ENSG00000163788,SNRK,0.010286877
1468_CEBPE_P1P2_ENSG00000092067,CEBPE,0.010283525
6273_PHAX_P2_ENSG00000164902,PHAX,0.010282957
1682_CLTB_P1P2_ENSG00000175416,CLTB,0.010282954
443_ARF6_P2_ENSG00000165527,ARF6,0.010281402
9080_TMEM54_P1P2_ENSG00000121900,TMEM54,0.010276769
7882_SH3BP5_P2_ENSG00000131370,SH3BP5,0.010267912
750_BAG5_P1P2_ENSG00000166170,BAG5,0.010262447
6966_PWWP2B_P1_ENSG00000171813,PWWP2B,0.010257295
4530_LCE1C_P1P2_ENSG00000197084,LCE1C,0.010250875
712_AUP1_P1P2_ENSG00000115307,AUP1,0.010249932
8953_TM2D2_P1P2_ENSG00000169490,TM2D2,0.010242716
1634_CLASP2_P1_ENSG00000163539,CLASP2,0.01023065
1708_CNIH1_P1P2_ENSG00000100528,CNIH1,0.010230036
3618_H3F3B_P1P2_ENSG00000132475,H3F3B,0.01022935
10852_non-targeting_non-targeting_non-targeting,non-targeting,0.0102224955
4043_IFITM3_P1P2_ENSG00000142089,IFITM3,0.010222356
3164_FOXJ1_P1P2_ENSG00000129654,FOXJ1,0.010218858
7618_S100A10_P2_ENSG00000197747,S100A10,0.010206481
1294_CCDC77_P2_ENSG00000120647,CCDC77,0.01020621
8355_SPIB_P1P2_ENSG00000269404,SPIB,0.01019919
2038_DBI_P2_ENSG00000155368,DBI,0.010196006
3024_FBXO45_P1P2_ENSG00000174013,FBXO45,0.010192388
11072_non-targeting_non-targeting_non-targeting,non-targeting,0.010191117
2354_DPM3_P1P2_ENSG00000179085,DPM3,0.010188578
11107_non-targeting_non-targeting_non-targeting,non-targeting,0.010185815
1885_CRYAB_P2_ENSG00000109846,CRYAB,0.010177892
6454_PLK3_P1P2_ENSG00000173846,PLK3,0.010173212
1427_CDK17_P1P2_ENSG00000059758,CDK17,0.010172727
6451_PLIN2_P1_ENSG00000147872,PLIN2,0.010172386
37_ABCG1_P1P2_ENSG00000160179,ABCG1,0.010170984
3513_GPR89A_ENST00000313835.9_ENSG00000117262,GPR89A,0.010162523
3893_HOXA4_P1P2_ENSG00000197576,HOXA4,0.010157723
5647_NFKBID_P1_ENSG00000167604,NFKBID,0.010154892
111_ACTR1B_P1P2_ENSG00000115073,ACTR1B,0.010153155
5708_NME1-NME2_P1P2_nan,NME1-NME2,0.010153124
2889_FAM193B_P1P2_ENSG00000146067,FAM193B,0.010151687
251_ALAS2_P1P2_ENSG00000158578,ALAS2,0.01015022
10124_ZIK1_P1P2_ENSG00000171649,ZIK1,0.010147008
628_ATG9A_P1P2_ENSG00000198925,ATG9A,0.010146589
3845_HMX1_P1P2_ENSG00000215612,HMX1,0.010138868
11063_non-targeting_non-targeting_non-targeting,non-targeting,0.010128946
8176_SMIM19_P1P2_ENSG00000176209,SMIM19,0.010126232
10148_ZMYM6_P1P2_ENSG00000163867,ZMYM6,0.010124204
3163_FOXI3_P1P2_ENSG00000214336,FOXI3,0.010119216
6054_PAN3_P1P2_ENSG00000152520,PAN3,0.010118518
6197_PDS5B_P1P2_ENSG00000083642,PDS5B,0.010117864
10167_ZNF135_P1P2_ENSG00000176293,ZNF135,0.0101160295
3726_HIF3A_P1_ENSG00000124440,HIF3A,0.0101151485
10955_non-targeting_non-targeting_non-targeting,non-targeting,0.010113153
8775_TCF15_P1P2_ENSG00000125878,TCF15,0.010107445
4370_MFSD4B_P1P2_ENSG00000173214,MFSD4B,0.010106979
6077_PARP2_P1P2_ENSG00000129484,PARP2,0.010104308
5606_NET1_P1P2_ENSG00000173848,NET1,0.010104002
10988_non-targeting_non-targeting_non-targeting,non-targeting,0.010101813
8691_TARBP2_P1P2_ENSG00000139546,TARBP2,0.010100711
10804_non-targeting_non-targeting_non-targeting,non-targeting,0.010097322
4784_MAN1A2_P1P2_ENSG00000198162,MAN1A2,0.010095594
4254_JMJD4_P1P2_ENSG00000081692,JMJD4,0.010092373
11303_non-targeting_non-targeting_non-targeting,non-targeting,0.010090323
"6634_PPIP5K1_ENST00000381885.1,ENST00000396923.3_ENSG00000168781",PPIP5K1,0.010083841
4617_LMNB1_P1P2_ENSG00000113368,LMNB1,0.010083199
4441_KLHL24_P1P2_ENSG00000114796,KLHL24,0.010081363
8155_SMC1A_P1P2_ENSG00000072501,SMC1A,0.010077152
9377_TTC14_P1P2_ENSG00000163728,TTC14,0.010073012
5419_N4BP2_P1P2_ENSG00000078177,N4BP2,0.0100669125
1922_MIA2_P1P2_ENSG00000150527,MIA2,0.010059479
5135_MOB3A_P2_ENSG00000172081,MOB3A,0.010055503
8810_TEC_P1P2_ENSG00000135605,TEC,0.010051533
10419_ZNF521_P1P2_ENSG00000198795,ZNF521,0.01004801
9294_TRIP11_P1P2_ENSG00000100815,TRIP11,0.010031
7361_RNF167_P1P2_ENSG00000108523,RNF167,0.0100242775
1366_CD46_P1P2_ENSG00000117335,CD46,0.010011008
5570_NDUFS5_P2_ENSG00000168653,NDUFS5,0.010001453
1864_CREB5_ENST00000396300.2_ENSG00000146592,CREB5,0.010000621
1553_CHCHD6_P1P2_ENSG00000159685,CHCHD6,0.009996755
8740_TBPL2_ENST00000247219.5_ENSG00000182521,TBPL2,0.009989692
4796_MAP1A_P1P2_ENSG00000166963,MAP1A,0.009988724
1627_CKAP2_P1P2_ENSG00000136108,CKAP2,0.009982107
7314_RIPK1_P2_ENSG00000137275,RIPK1,0.009970627
10279_ZNF311_P1P2_ENSG00000197935,ZNF311,0.009969108
3023_FBXO44_P1P2_ENSG00000132879,FBXO44,0.009965677
482_ARHGEF39_P1P2_ENSG00000137135,ARHGEF39,0.009961918
4245_JAG2_P1P2_ENSG00000184916,JAG2,0.0099595245
11134_non-targeting_non-targeting_non-targeting,non-targeting,0.009956927
9730_VIPAS39_P1P2_ENSG00000151445,VIPAS39,0.009956189
3674_HDLBP_P1_ENSG00000115677,HDLBP,0.009954335
10248_ZNF266_P1P2_ENSG00000174652,ZNF266,0.009954186
2725_ESAM_P1_ENSG00000149564,ESAM,0.009946814
6761_PRKCB_P1P2_ENSG00000166501,PRKCB,0.009946533
5090_MKI67_P1P2_ENSG00000148773,MKI67,0.009939791
4444_KLHL42_P1P2_ENSG00000087448,KLHL42,0.009934171
1665_CLN6_P1P2_ENSG00000128973,CLN6,0.0099331485
8611_SVIP_P1P2_ENSG00000198168,SVIP,0.009925609
6755_PRKAR1A_P1P2_ENSG00000108946,PRKAR1A,0.009925422
9022_TMEM179B_P1P2_ENSG00000185475,TMEM179B,0.009924844
5355_MVB12A_P1P2_ENSG00000141971,MVB12A,0.009924252
1965_CUL5_P1P2_ENSG00000166266,CUL5,0.009918117
5643_NFKB2_P1P2_ENSG00000077150,NFKB2,0.009914972
10508_ZNF620_P1P2_ENSG00000177842,ZNF620,0.00991278
2573_EIF4H_P1P2_ENSG00000106682,EIF4H,0.009912392
5132_MOB1A_P1P2_ENSG00000114978,MOB1A,0.009905359
10219_ZNF226_P1_ENSG00000167380,ZNF226,0.009901145
5390_MYLK3_P1_ENSG00000140795,MYLK3,0.009898849
6960_NECTIN2_P1P2_ENSG00000130202,NECTIN2,0.00989173
9642_USP22_P1P2_ENSG00000124422,USP22,0.009888063
11127_non-targeting_non-targeting_non-targeting,non-targeting,0.009887592
4699_LSS_P1P2_ENSG00000160285,LSS,0.0098837055
3713_HEY1_P1P2_ENSG00000164683,HEY1,0.009878344
1172_CANT1_P1P2_ENSG00000171302,CANT1,0.009877194
5915_OARD1_P1P2_ENSG00000124596,OARD1,0.009875279
4955_MED4_P1P2_ENSG00000136146,MED4,0.009874951
10192_ZNF184_P1P2_ENSG00000096654,ZNF184,0.0098747825
6208_PEBP1_P1P2_ENSG00000089220,PEBP1,0.009869788
6870_PSMD2_P1P2_ENSG00000175166,PSMD2,0.009869637
4764_MAGEB1_P2_ENSG00000214107,MAGEB1,0.009863235
9026_TMEM184C_P1P2_ENSG00000164168,TMEM184C,0.009862845
11275_non-targeting_non-targeting_non-targeting,non-targeting,0.009859111
1921_CTAG2_ENST00000369585.3_ENSG00000126890,CTAG2,0.009857503
2410_DUSP7_P2_ENSG00000164086,DUSP7,0.009857414
6462_PLS1_P2_ENSG00000120756,PLS1,0.009854461
9411_TUBA4A_P1P2_ENSG00000127824,TUBA4A,0.009850553
583_ASL_P1P2_ENSG00000126522,ASL,0.009848156
3842_HMMR_P1P2_ENSG00000072571,HMMR,0.009847591
255_ALDH1A2_P1P2_ENSG00000128918,ALDH1A2,0.009846273
3704_HES7_P1P2_ENSG00000179111,HES7,0.009839343
9369_TSSC4_P1P2_ENSG00000184281,TSSC4,0.009838252
7853_SGK3_ENST00000521198.2_ENSG00000104205,SGK3,0.009835591
3450_GNPDA2_P1P2_ENSG00000163281,GNPDA2,0.009831192
7279_RGS20_P1_ENSG00000147509,RGS20,0.009829647
5309_MTFMT_P1P2_ENSG00000103707,MTFMT,0.00982863
8106_SLC7A11_P1P2_ENSG00000151012,SLC7A11,0.009823479
5498_NCKAP1L_P1P2_ENSG00000123338,NCKAP1L,0.009819808
8198_SNAI1_P1P2_ENSG00000124216,SNAI1,0.009817424
3952_HSD17B4_P1P2_ENSG00000133835,HSD17B4,0.009815619
3915_HOXC5_P1P2_ENSG00000172789,HOXC5,0.009815311
9549_UBR7_P1P2_ENSG00000012963,UBR7,0.009814022
9935_YIPF6_P1P2_ENSG00000181704,YIPF6,0.009812338
9102_TMEM99_P1P2_ENSG00000167920,TMEM99,0.009804348
9436_TUT1_P2_ENSG00000149016,TUT1,0.009803796
5189_MRFAP1_P1P2_ENSG00000179010,MRFAP1,0.009800731
9591_UNC13D_P1P2_ENSG00000092929,UNC13D,0.009794626
3813_HLF_P2_ENSG00000108924,HLF,0.009791295
3484_GPAA1_P1P2_ENSG00000197858,GPAA1,0.009790324
1597_CHRNA5_P1P2_ENSG00000169684,CHRNA5,0.009788876
3497_GPD1L_P1P2_ENSG00000152642,GPD1L,0.0097863935
8516_STK19_P1P2_ENSG00000204344,STK19,0.009781061
2447_EAF1_P1P2_ENSG00000144597,EAF1,0.0097791115
3412_GLUL_P1P2_ENSG00000135821,GLUL,0.009778431
9273_TRIM35_P1P2_ENSG00000104228,TRIM35,0.009778164
6677_PPP1R9B_P1P2_ENSG00000108819,PPP1R9B,0.00977811
3120_FMR1_P1P2_ENSG00000102081,FMR1,0.009774514
10175_ZNF148_P1P2_ENSG00000163848,ZNF148,0.009765521
430_AQP7_P1P2_ENSG00000165269,AQP7,0.009760555
9899_XPO6_P1P2_ENSG00000169180,XPO6,0.009760063
10586_ZNF718_ENST00000502662.1_ENSG00000250312,ZNF718,0.009754394
10574_ZNF706_P1P2_ENSG00000120963,ZNF706,0.009750307
10396_ZNF491_P1P2_ENSG00000177599,ZNF491,0.009741745
3768_HIST1H2BL_P1P2_ENSG00000185130,HIST1H2BL,0.009738812
11218_non-targeting_non-targeting_non-targeting,non-targeting,0.009735229
8612_SWI5_P1P2_ENSG00000175854,SWI5,0.009734946
6108_PCBD1_P1P2_ENSG00000166228,PCBD1,0.009734857
3420_GMFG_P1P2_ENSG00000130755,GMFG,0.009734089
10004_ZBTB4_P2_ENSG00000174282,ZBTB4,0.009730081
7733_SEC11C_P1P2_ENSG00000166562,SEC11C,0.009718516
1260_CCDC144A_P1P2_ENSG00000170160,CCDC144A,0.009716602
7381_OBI1_P1P2_ENSG00000152193,OBI1,0.009711082
6584_POU2AF1_P1P2_ENSG00000110777,POU2AF1,0.009709784
2868_FAM160B2_P1P2_ENSG00000158863,FAM160B2,0.009705952
5111_MLLT11_P1P2_ENSG00000213190,MLLT11,0.009704492
5632_NFE2L3_P1P2_ENSG00000050344,NFE2L3,0.009700963
1382_CD99_P1P2_ENSG00000002586,CD99,0.009699606
9828_WDR54_P1P2_ENSG00000005448,WDR54,0.009698737
3920_HOXD10_P1_ENSG00000128710,HOXD10,0.009698133
9409_TUBA1C_P1P2_ENSG00000167553,TUBA1C,0.009693806
478_ARHGEF1_P1_ENSG00000076928,ARHGEF1,0.009688534
2268_DMXL2_P1P2_ENSG00000104093,DMXL2,0.009687444
10677_ZNF850_P1P2_ENSG00000267041,ZNF850,0.009685946
10584_ZNF717_P1P2_ENSG00000227124,ZNF717,0.009684509
9118_TMX3_P1P2_ENSG00000166479,TMX3,0.009673554
1687_CLU_P1_ENSG00000120885,CLU,0.009670552
7293_RHOG_P1P2_ENSG00000177105,RHOG,0.009665844
11042_non-targeting_non-targeting_non-targeting,non-targeting,0.009665559
11058_non-targeting_non-targeting_non-targeting,non-targeting,0.009660966
8311_SP6_P1P2_ENSG00000189120,SP6,0.009660912
9581_UHRF1BP1L_P1P2_ENSG00000111647,UHRF1BP1L,0.00966004
5564_NDUFC2_P1P2_ENSG00000151366,NDUFC2,0.009649638
9032_TMEM198_P1P2_ENSG00000188760,TMEM198,0.009648563
9553_UBXN1_P1P2_ENSG00000162191,UBXN1,0.009647828
4759_MAGEA1_P1P2_ENSG00000198681,MAGEA1,0.00964742
8159_SMC4_P2_ENSG00000113810,SMC4,0.009647024
7335_RNF103_P1P2_ENSG00000239305,RNF103,0.009640978
875_BOP1_P2_ENSG00000261236,BOP1,0.009638133
741_B9D2_P1P2_ENSG00000123810,B9D2,0.009636754
7810_SERTAD3_P1P2_ENSG00000167565,SERTAD3,0.0096333595
5653_NFU1_P1P2_ENSG00000169599,NFU1,0.009633318
5159_MPC1_P1P2_ENSG00000060762,MPC1,0.0096225245
8475_ST6GALNAC4_P1P2_ENSG00000136840,ST6GALNAC4,0.009620683
38_ABHD10_P1P2_ENSG00000144827,ABHD10,0.009619211
11141_non-targeting_non-targeting_non-targeting,non-targeting,0.009615229
5033_MFSD9_P1P2_ENSG00000135953,MFSD9,0.009615164
3804_HK1_P1_ENSG00000156515,HK1,0.009614961
6009_OXNAD1_P2_ENSG00000154814,OXNAD1,0.009612109
3306_GBA_P2_ENSG00000177628,GBA,0.009607948
10763_non-targeting_non-targeting_non-targeting,non-targeting,0.009603453
4788_MAN2B1_P2_ENSG00000104774,MAN2B1,0.009601477
4680_LRRFIP1_P1P2_ENSG00000124831,LRRFIP1,0.00960103
6092_PAX5_P1P2_ENSG00000196092,PAX5,0.009597164
4753_MAFB_P1P2_ENSG00000204103,MAFB,0.009595331
8629_SYNRG_P1P2_ENSG00000275066,SYNRG,0.009586632
8646_TACO1_P1P2_ENSG00000136463,TACO1,0.009581174
3261_GALC_P1P2_ENSG00000054983,GALC,0.009578442
4434_KLHL17_P1P2_ENSG00000187961,KLHL17,0.009575881
7016_RAB23_P1P2_ENSG00000112210,RAB23,0.009574289
213_AHSP_P1P2_ENSG00000169877,AHSP,0.009560759
8556_STX4_P1P2_ENSG00000103496,STX4,0.009556211
3293_GATA2_P1_ENSG00000179348,GATA2,0.0095526455
3932_HPS1_P1P2_ENSG00000107521,HPS1,0.0095526185
5976_OSBPL11_P1P2_ENSG00000144909,OSBPL11,0.009547862
9650_USP33_P1P2_ENSG00000077254,USP33,0.0095444145
7840_SFI1_P1P2_ENSG00000198089,SFI1,0.009529049
346_ANKS1A_P1P2_ENSG00000064999,ANKS1A,0.009520769
9990_ZBTB38_P2_ENSG00000177311,ZBTB38,0.009500142
"9279_TRIM49C_ENST00000432771.1,ENST00000448984.1_ENSG00000204449",TRIM49C,0.009498905
6881_PSME4_P1P2_ENSG00000068878,PSME4,0.009496037
5143_MOGS_P1P2_ENSG00000115275,MOGS,0.00948748
1078_C2orf49_P1P2_ENSG00000135974,C2orf49,0.009482043
10103_ZFPM2_P1P2_ENSG00000169946,ZFPM2,0.009478082
10854_non-targeting_non-targeting_non-targeting,non-targeting,0.009475996
1046_FNDC10_P1P2_ENSG00000228594,FNDC10,0.009475822
10249_ZNF267_P1_ENSG00000185947,ZNF267,0.009473712
4062_IGF1R_P1_ENSG00000140443,IGF1R,0.00947041
10316_ZNF365_P1P2_ENSG00000138311,ZNF365,0.009466654
5912_NXT1_P1P2_ENSG00000132661,NXT1,0.009465794
8872_THAP11_P1P2_ENSG00000168286,THAP11,0.009464853
5460_NAP1L1_P1P2_ENSG00000187109,NAP1L1,0.009464235
10710_ZSCAN12_P1P2_ENSG00000158691,ZSCAN12,0.0094631445
3796_HIST3H2BB_P1P2_ENSG00000196890,HIST3H2BB,0.009455238
129_ADAM15_P1P2_ENSG00000143537,ADAM15,0.009447033
2370_DRAM1_P1P2_ENSG00000136048,DRAM1,0.009446751
558_ARX_P2_ENSG00000004848,ARX,0.0094410945
8881_THAP8_P1P2_ENSG00000161277,THAP8,0.009440424
4721_LYAR_P1P2_ENSG00000145220,LYAR,0.009438268
5424_NAA15_P1P2_ENSG00000164134,NAA15,0.009437552
623_ATG4B_P1P2_ENSG00000168397,ATG4B,0.009435391
8592_SUN2_P1P2_ENSG00000100242,SUN2,0.009433452
8714_TBC1D23_P1P2_ENSG00000036054,TBC1D23,0.009427972
6213_PELO_P2_ENSG00000152684,PELO,0.009424322
3652_HBP1_P1P2_ENSG00000105856,HBP1,0.009424049
4843_MAPT_P1P2_ENSG00000186868,MAPT,0.009421271
3160_FOXH1_P1P2_ENSG00000160973,FOXH1,0.009411328
5313_MTFR2_P1P2_ENSG00000146410,MTFR2,0.009404477
3705_HESX1_P1_ENSG00000163666,HESX1,0.009404163
1459_CDV3_P1P2_ENSG00000091527,CDV3,0.009398186
3929_HP1BP3_P1P2_ENSG00000127483,HP1BP3,0.009398084
4737_LZTR1_P1P2_ENSG00000099949,LZTR1,0.0093859425
582_ASIC4_P1P2_ENSG00000072182,ASIC4,0.009383163
3815_HLTF_P1P2_ENSG00000071794,HLTF,0.009370789
3249_GABARAPL2_P1P2_ENSG00000034713,GABARAPL2,0.009365418
9350_TSPAN14_P1P2_ENSG00000108219,TSPAN14,0.009363715
2971_FARP2_P1P2_ENSG00000006607,FARP2,0.00936323
1401_CDC42BPB_P1P2_ENSG00000198752,CDC42BPB,0.009361962
10556_ZNF691_P1P2_ENSG00000164011,ZNF691,0.009361311
3454_GNS_P1P2_ENSG00000135677,GNS,0.009360149
8390_SPTY2D1_P1P2_ENSG00000179119,SPTY2D1,0.009352445
3204_FRYL_P1P2_ENSG00000075539,FRYL,0.009349281
528_ARMCX6_P1P2_ENSG00000198960,ARMCX6,0.009348331
9697_VAMP7_P1P2_ENSG00000124333,VAMP7,0.0093459375
10647_ZNF800_P1P2_ENSG00000048405,ZNF800,0.009339395
"10482_ZNF587_ENST00000339656.5,ENST00000423137.1_ENSG00000198466",ZNF587,0.009338103
11_AARSD1_P2_ENSG00000266967,AARSD1,0.0093348
2443_E2F6_P1P2_ENSG00000169016,E2F6,0.009334537
4423_KLF7_P1P2_ENSG00000118263,KLF7,0.009330673
6620_PPHLN1_P1P2_ENSG00000134283,PPHLN1,0.009330099
4074_IGSF3_P1P2_ENSG00000143061,IGSF3,0.009327376
9145_TNNT1_P1_ENSG00000105048,TNNT1,0.00932265
8081_SLC3A2_P1P2_ENSG00000168003,SLC3A2,0.00932205
8596_SUPT3H_P1P2_ENSG00000196284,SUPT3H,0.009321069
5687_NKTR_P1P2_ENSG00000114857,NKTR,0.009320727
7872_SH3BGRL2_P1P2_ENSG00000198478,SH3BGRL2,0.009316138
4490_L3MBTL1_P2_ENSG00000185513,L3MBTL1,0.009312675
9195_TP53_P1P2_ENSG00000141510,TP53,0.009312223
2794_EXOSC7_P1P2_ENSG00000075914,EXOSC7,0.009311176
4214_ISOC2_P2_ENSG00000063241,ISOC2,0.0093093505
2927_FAM53C_P1P2_ENSG00000120709,FAM53C,0.009307762
573_ASCL1_P1P2_ENSG00000139352,ASCL1,0.009302346
7925_SIRT5_P1P2_ENSG00000124523,SIRT5,0.009301456
7699_SCML2_P1P2_ENSG00000102098,SCML2,0.009298803
3788_HIST2H2BE_P1P2_ENSG00000184678,HIST2H2BE,0.009298293
9929_YIF1B_P1P2_ENSG00000167645,YIF1B,0.00929709
120_ACVR2B_P1P2_ENSG00000114739,ACVR2B,0.0092943
9876_WRNIP1_P1P2_ENSG00000124535,WRNIP1,0.009286734
2583_ELAVL1_P1P2_ENSG00000066044,ELAVL1,0.009285971
9060_TMEM248_P1P2_ENSG00000106609,TMEM248,0.009285307
3326_GDA_P1P2_ENSG00000119125,GDA,0.0092703495
8273_SORBS3_P1P2_ENSG00000120896,SORBS3,0.009263086
1158_CALM2_P1P2_ENSG00000143933,CALM2,0.009255583
2800_EXTL3_P1P2_ENSG00000012232,EXTL3,0.009252001
8541_STRIP2_P1P2_ENSG00000128578,STRIP2,0.0092484
8877_THAP4_P1P2_ENSG00000176946,THAP4,0.009239385
11158_non-targeting_non-targeting_non-targeting,non-targeting,0.009235868
2884_FAM185A_P1P2_ENSG00000222011,FAM185A,0.00923301
3580_GTF2IRD2B_P1P2_ENSG00000174428,GTF2IRD2B,0.009232465
5550_NDUFAF7_P1P2_ENSG00000003509,NDUFAF7,0.009231958
1447_CDKN1C_P1P2_ENSG00000129757,CDKN1C,0.009229317
6621_PPIA_P1P2_ENSG00000196262,PPIA,0.009226963
3527_GRAP2_P1P2_ENSG00000100351,GRAP2,0.009222292
11033_non-targeting_non-targeting_non-targeting,non-targeting,0.009216836
4072_IGFLR1_P2_ENSG00000126246,IGFLR1,0.009215311
4878_MBD6_P1P2_ENSG00000166987,MBD6,0.009214315
10715_ZSCAN20_P1P2_ENSG00000121903,ZSCAN20,0.009212276
1387_CDC14A_P1P2_ENSG00000079335,CDC14A,0.0092076305
5063_MID1IP1_P1P2_ENSG00000165175,MID1IP1,0.009207542
1233_CBX6_P1P2_ENSG00000183741,CBX6,0.009207136
8570_SUB1_P2_ENSG00000113387,SUB1,0.009200544
9426_TUBGCP3_P1P2_ENSG00000126216,TUBGCP3,0.009195681
7617_RYK_P1P2_ENSG00000163785,RYK,0.009188893
10164_ZNF132_P1P2_ENSG00000131849,ZNF132,0.009186345
7341_RNF11_P1P2_ENSG00000123091,RNF11,0.0091839805
2455_EBF4_P1P2_ENSG00000088881,EBF4,0.00918035
510_ARL4D_P1P2_ENSG00000175906,ARL4D,0.009179043
10678_ZNF852_P1P2_ENSG00000178917,ZNF852,0.009177749
9414_TUBB2B_P2_ENSG00000137285,TUBB2B,0.009175456
8941_TKT_P2_ENSG00000163931,TKT,0.009174818
7165_RBM23_P1P2_ENSG00000100461,RBM23,0.009171166
10178_ZNF155_P1P2_ENSG00000204920,ZNF155,0.009170596
2281_DNAJB1_P1P2_ENSG00000132002,DNAJB1,0.009160867
6841_PSMA1_P1P2_ENSG00000129084,PSMA1,0.009157006
9059_TMEM245_P1P2_ENSG00000106771,TMEM245,0.009153608
5609_NEU3_P1P2_ENSG00000162139,NEU3,0.009153285
11093_non-targeting_non-targeting_non-targeting,non-targeting,0.009152472
9677_USP9X_P1P2_ENSG00000124486,USP9X,0.009151019
345_ANKRD9_P1P2_ENSG00000156381,ANKRD9,0.0091447765
8847_TFDP3_P1P2_ENSG00000183434,TFDP3,0.0091424575
9382_TTC26_P1P2_ENSG00000105948,TTC26,0.009140985
1212_CAST_P1_ENSG00000153113,CAST,0.009124692
2723_ERVW-1_ENST00000493463.2_ENSG00000242950,ERVW-1,0.009122096
4504_LAMTOR1_P1P2_ENSG00000149357,LAMTOR1,0.009118273
7220_RECQL5_P1P2_ENSG00000108469,RECQL5,0.009113504
2720_ERP29_P1P2_ENSG00000089248,ERP29,0.009109408
2713_ERLIN1_P1P2_ENSG00000107566,ERLIN1,0.009107552
9363_TSPYL6_P1P2_ENSG00000178021,TSPYL6,0.009106398
445_ARFGAP1_P1P2_ENSG00000101199,ARFGAP1,0.0091014635
10461_ZNF572_P1P2_ENSG00000180938,ZNF572,0.009100083
8519_STK32C_P1_ENSG00000165752,STK32C,0.009099843
3708_HEXB_P1P2_ENSG00000049860,HEXB,0.009099784
5028_MFSD2B_P1P2_ENSG00000205639,MFSD2B,0.00909337
6046_PAK4_P1P2_ENSG00000130669,PAK4,0.009090057
9320_TROAP_P1P2_ENSG00000135451,TROAP,0.009082342
9128_TNFRSF1A_P1P2_ENSG00000067182,TNFRSF1A,0.00907966
2229_DIRAS1_P1P2_ENSG00000176490,DIRAS1,0.009078432
11330_non-targeting_non-targeting_non-targeting,non-targeting,0.00907106
10110_ZFYVE28_P1P2_ENSG00000159733,ZFYVE28,0.009070785
1364_CD3D_P1P2_ENSG00000167286,CD3D,0.009068577
6725_PRDM16_P1P2_ENSG00000142611,PRDM16,0.009066841
1674_CLPTM1L_P1P2_ENSG00000049656,CLPTM1L,0.009061837
7865_SGTA_P1P2_ENSG00000104969,SGTA,0.009060495
10049_ZDHHC24_P1P2_ENSG00000174165,ZDHHC24,0.009057662
9431_TULP1_P1P2_ENSG00000112041,TULP1,0.009049475
4391_KIF2C_P1P2_ENSG00000142945,KIF2C,0.009044797
5596_NEK7_P1P2_ENSG00000151414,NEK7,0.009044425
4806_MAP3K11_P1_ENSG00000173327,MAP3K11,0.009043324
540_ARPC4-TTLL3_P1_nan,ARPC4-TTLL3,0.009039417
7042_RAB9A_P1P2_ENSG00000123595,RAB9A,0.009037486
793_BCKDK_P1P2_ENSG00000103507,BCKDK,0.00903239
6393_PKLR_P1P2_ENSG00000143627,PKLR,0.0090276925
8323_SPATA2L_P1P2_ENSG00000158792,SPATA2L,0.009018515
10308_ZNF350_P1P2_ENSG00000256683,ZNF350,0.009016868
10031_ZC3HC1_P1P2_ENSG00000091732,ZC3HC1,0.00901621
73_ACAP2_P1P2_ENSG00000114331,ACAP2,0.009013593
2802_EZH1_P1P2_ENSG00000108799,EZH1,0.009013296
9604_UPRT_P1P2_ENSG00000094841,UPRT,0.009012322
9093_TMEM68_P1P2_ENSG00000167904,TMEM68,0.009010057
5897_NUP50_P1P2_ENSG00000093000,NUP50,0.009006556
11055_non-targeting_non-targeting_non-targeting,non-targeting,0.0090049645
4436_KLHL20_P1P2_ENSG00000076321,KLHL20,0.009002358
6939_PTPRS_P1P2_ENSG00000105426,PTPRS,0.009001337
8579_SULT1A1_P1P2_ENSG00000196502,SULT1A1,0.008997928
9439_TWF1_P1P2_ENSG00000151239,TWF1,0.008990925
5717_NMNAT1_P1P2_ENSG00000173614,NMNAT1,0.008987339
8152_SMARCD3_P2_ENSG00000082014,SMARCD3,0.008981383
5087_MITF_P2_ENSG00000187098,MITF,0.008978713
5818_NRROS_P1P2_ENSG00000174004,NRROS,0.008977781
7985_SLC25A15_P1P2_ENSG00000102743,SLC25A15,0.008977688
298_AMPD2_P1_ENSG00000116337,AMPD2,0.008977024
3921_HOXD11_P1P2_ENSG00000128713,HOXD11,0.0089655295
1112_SNHG32_P1P2_ENSG00000204387,SNHG32,0.008957888
1950_CTSL_P1_ENSG00000135047,CTSL,0.0089564165
7112_RARA_P2_ENSG00000131759,RARA,0.008956105
9959_YY2_P1P2_ENSG00000230797,YY2,0.008955924
2877_FAM174A_P1P2_ENSG00000174132,FAM174A,0.008954036
5065_MIDN_P2_ENSG00000167470,MIDN,0.008953516
6732_PRDM8_P1_ENSG00000152784,PRDM8,0.008951837
3315_GCC2_P1P2_ENSG00000135968,GCC2,0.008950872
2194_DHRS1_P1P2_ENSG00000157379,DHRS1,0.008948583
10570_ZNF705B_ENST00000400120.3_ENSG00000215356,ZNF705B,0.0089405235
5350_MUL1_P1P2_ENSG00000090432,MUL1,0.008933627
287_ALYREF_P1P2_ENSG00000183684,ALYREF,0.008931877
6428_PLD3_P2_ENSG00000105223,PLD3,0.008929614
8834_TFAP2A_P2_ENSG00000137203,TFAP2A,0.008929454
1499_CEP170_P1P2_ENSG00000143702,CEP170,0.008928647
6476_PMM1_P1P2_ENSG00000100417,PMM1,0.00892518
5723_NNMT_P1P2_ENSG00000166741,NNMT,0.0089237
6817_PRR7_P1P2_ENSG00000131188,PRR7,0.0089237
2088_DDB1_P2_ENSG00000167986,DDB1,0.008919563
8174_SMIM14_P1P2_ENSG00000163683,SMIM14,0.008918865
2002_CYHR1_P1_ENSG00000187954,CYHR1,0.008915745
8555_STX3_P1P2_ENSG00000166900,STX3,0.008913359
11235_non-targeting_non-targeting_non-targeting,non-targeting,0.008908086
4735_LZIC_P1P2_ENSG00000162441,LZIC,0.008907671
5688_NKX1-1_ENST00000422806.1_ENSG00000235608,NKX1-1,0.008904783
9230_TRAF3_P1P2_ENSG00000131323,TRAF3,0.008904604
3392_GLI2_ENST00000361492.4_ENSG00000074047,GLI2,0.008900642
1981_CXXC5_P1P2_ENSG00000171604,CXXC5,0.008897359
10791_non-targeting_non-targeting_non-targeting,non-targeting,0.00889719
6700_PPP6C_P1P2_ENSG00000119414,PPP6C,0.008896132
9645_USP28_P1P2_ENSG00000048028,USP28,0.0088957595
9472_U2AF1L4_P1P2_ENSG00000161265,U2AF1L4,0.008892515
1355_CD151_P1P2_ENSG00000177697,CD151,0.008890341
1281_WASHC3_P1P2_ENSG00000120860,WASHC3,0.008885694
1901_CSNK1G1_P1P2_ENSG00000169118,CSNK1G1,0.008879184
4310_POGLUT2_P1P2_ENSG00000134901,POGLUT2,0.00887471
6098_PAXBP1_P1P2_ENSG00000159086,PAXBP1,0.008868649
5327_MTIF3_P1P2_ENSG00000122033,MTIF3,0.0088681
4259_JOSD2_P1P2_ENSG00000161677,JOSD2,0.008865695
4128_INO80D_P1P2_ENSG00000114933,INO80D,0.008862704
3111_FLNC_P1P2_ENSG00000128591,FLNC,0.008858289
1202_CASP2_P1P2_ENSG00000106144,CASP2,0.008855714
8800_TDP1_P1P2_ENSG00000042088,TDP1,0.008854785
7877_SH3BP1_P1P2_ENSG00000100092,SH3BP1,0.008854232
4914_MDC1_P1P2_ENSG00000137337,MDC1,0.008848473
4884_MBOAT2_P1P2_ENSG00000143797,MBOAT2,0.008846995
4280_KAT8_P2_ENSG00000103510,KAT8,0.008845665
3151_FOXD3_P1_ENSG00000187140,FOXD3,0.008844752
3660_HCRTR1_P1P2_ENSG00000121764,HCRTR1,0.008844214
7674_SCAF11_P1P2_ENSG00000139218,SCAF11,0.008840092
9200_TPGS1_P1P2_ENSG00000141933,TPGS1,0.008833481
5013_MEX3B_P2_ENSG00000183496,MEX3B,0.008831393
1144_CAB39_P1P2_ENSG00000135932,CAB39,0.008828345
8770_ELOB_P1P2_ENSG00000103363,ELOB,0.008824666
9979_ZBTB20_P2_ENSG00000181722,ZBTB20,0.008816677
3466_GOLGB1_P1P2_ENSG00000173230,GOLGB1,0.008811161
11185_non-targeting_non-targeting_non-targeting,non-targeting,0.008809957
8737_TBL2_P1_ENSG00000106638,TBL2,0.008806974
5347_MTR_P1P2_ENSG00000116984,MTR,0.008803553
7811_SESN1_ENST00000436639.2_ENSG00000080546,SESN1,0.008800135
9842_WDR76_P1P2_ENSG00000092470,WDR76,0.008790511
3540_GRN_P1P2_ENSG00000030582,GRN,0.008779596
7730_SDSL_P1P2_ENSG00000139410,SDSL,0.008770982
10485_ZNF593_P1P2_ENSG00000142684,ZNF593,0.008770872
399_APEX1_P1P2_ENSG00000100823,APEX1,0.008762889
4773_MAGEF1_P1P2_ENSG00000177383,MAGEF1,0.008761184
814_BDH2_P1P2_ENSG00000164039,BDH2,0.0087579535
3520_GPSM2_P1P2_ENSG00000121957,GPSM2,0.0087553775
6140_PCOLCE2_P1P2_ENSG00000163710,PCOLCE2,0.008752322
9498_UBE2D3_P1P2_ENSG00000109332,UBE2D3,0.008745183
7054_RABL6_P1P2_ENSG00000196642,RABL6,0.008740955
1062_GATD3A_P1P2_ENSG00000160221,GATD3A,0.008733728
9094_TMEM69_P1P2_ENSG00000159596,TMEM69,0.008732965
9071_TMEM39B_P1P2_ENSG00000121775,TMEM39B,0.00873242
9298_TRIP6_P1P2_ENSG00000087077,TRIP6,0.008731142
8504_STEAP1B_P1P2_ENSG00000105889,STEAP1B,0.008730593
726_B3GALT6_P1P2_ENSG00000176022,B3GALT6,0.008729985
1306_CCDC90B_P1P2_ENSG00000137500,CCDC90B,0.008726385
1054_C1orf61_P2_ENSG00000125462,C1orf61,0.008726222
2026_DAPK1_P1P2_ENSG00000196730,DAPK1,0.0087259915
8425_SRRM2_P1P2_ENSG00000167978,SRRM2,0.008715084
698_ATRX_P1P2_ENSG00000085224,ATRX,0.008715049
1897_CSMD1_P1P2_ENSG00000183117,CSMD1,0.008713915
10382_ZNF470_P1P2_ENSG00000197016,ZNF470,0.00871143
10910_non-targeting_non-targeting_non-targeting,non-targeting,0.008706507
4240_ITPRIP_P1P2_ENSG00000148841,ITPRIP,0.0087028155
4678_LRRC8D_P2_ENSG00000171492,LRRC8D,0.008699614
641_ATP11C_ENST00000361648.2_ENSG00000101974,ATP11C,0.008698169
2801_EYA3_P1P2_ENSG00000158161,EYA3,0.008693246
10816_non-targeting_non-targeting_non-targeting,non-targeting,0.008687181
10895_non-targeting_non-targeting_non-targeting,non-targeting,0.008683122
1021_TIMM29_P1P2_ENSG00000142444,TIMM29,0.008680853
787_BCAT1_P1P2_ENSG00000060982,BCAT1,0.008678723
285_ALX3_P1P2_ENSG00000156150,ALX3,0.008673588
288_AMBRA1_P1P2_ENSG00000110497,AMBRA1,0.008671042
432_ARAF_P1P2_ENSG00000078061,ARAF,0.008670338
4355_KIAA0930_P2_ENSG00000100364,KIAA0930,0.008666163
9921_YBX1_P1P2_ENSG00000065978,YBX1,0.008665406
9416_TUBB3_P1_ENSG00000258947,TUBB3,0.008661096
11000_non-targeting_non-targeting_non-targeting,non-targeting,0.008657189
1160_CALML4_P1P2_ENSG00000129007,CALML4,0.008657081
6619_PPFIBP1_P1P2_ENSG00000110841,PPFIBP1,0.008654487
8679_TANGO2_P1P2_ENSG00000183597,TANGO2,0.008653928
1562_CHD7_P1P2_ENSG00000171316,CHD7,0.008647053
10356_ZNF433_P1P2_ENSG00000197647,ZNF433,0.008645736
6068_PARD3_P1P2_ENSG00000148498,PARD3,0.008641545
9002_TMEM141_P1P2_ENSG00000244187,TMEM141,0.008641282
5290_MSRB1_P1P2_ENSG00000198736,MSRB1,0.008640649
10260_ZNF280B_P1P2_ENSG00000275004,ZNF280B,0.008638137
2042_DBNL_P1P2_ENSG00000136279,DBNL,0.008634946
8376_SPRYD3_P1P2_ENSG00000167778,SPRYD3,0.0086221015
5020_MFHAS1_P1P2_ENSG00000147324,MFHAS1,0.008618757
8013_SLC25A53_P1P2_ENSG00000269743,SLC25A53,0.0086114975
2547_EIF3C_P1P2_ENSG00000184110,EIF3C,0.008608967
4587_LIMK1_P2_ENSG00000106683,LIMK1,0.008606746
9647_USP2_P2_ENSG00000036672,USP2,0.008604499
1843_CPSF4_P1P2_ENSG00000160917,CPSF4,0.008603956
8727_TBCCD1_P1_ENSG00000113838,TBCCD1,0.008599544
2585_ELF2_P1P2_ENSG00000109381,ELF2,0.008596713
828_BHLHE22_P1P2_ENSG00000180828,BHLHE22,0.008595935
7662_SAT2_P1P2_ENSG00000141504,SAT2,0.008594276
191_AGO3_P1P2_ENSG00000126070,AGO3,0.008586792
9714_VDAC1_P1P2_ENSG00000213585,VDAC1,0.008582997
8423_SRRD_P1P2_ENSG00000100104,SRRD,0.008578885
2991_FBXL12_P1P2_ENSG00000127452,FBXL12,0.008576721
1402_CDC42EP1_P1P2_ENSG00000128283,CDC42EP1,0.008570979
7072_RAD52_P2_ENSG00000002016,RAD52,0.008569201
10991_non-targeting_non-targeting_non-targeting,non-targeting,0.008563949
8284_SOX17_P1P2_ENSG00000164736,SOX17,0.008562409
501_ARL14EP_P1P2_ENSG00000152219,ARL14EP,0.00856235
10965_non-targeting_non-targeting_non-targeting,non-targeting,0.0085559655
2525_EID2_P1P2_ENSG00000176396,EID2,0.00855466
8512_STK11_P2_ENSG00000118046,STK11,0.008554526
8096_SLC4A5_P1_ENSG00000188687,SLC4A5,0.008553828
771_BAZ1B_P1P2_ENSG00000009954,BAZ1B,0.00855304
"10531_ZNF658_ENST00000377626.3,ENST00000602553.1_ENSG00000274349",ZNF658,0.008550462
4561_LGALS1_P2_ENSG00000100097,LGALS1,0.008536712
10222_ZNF229_P1P2_ENSG00000278318,ZNF229,0.008531894
10458_ZNF570_P2_ENSG00000171827,ZNF570,0.008529404
8559_STX7_P1P2_ENSG00000079950,STX7,0.008526005
5401_MYO6_P1P2_ENSG00000196586,MYO6,0.008521262
1080_C2orf69_P1P2_ENSG00000178074,C2orf69,0.008512601
9360_TSPYL2_P1P2_ENSG00000184205,TSPYL2,0.0085065905
10932_non-targeting_non-targeting_non-targeting,non-targeting,0.008502534
7531_RPS6KA4_P1P2_ENSG00000162302,RPS6KA4,0.0085023
1003_C17orf53_P1P2_ENSG00000125319,C17orf53,0.008501352
6816_PRR5_P1P2_ENSG00000186654,PRR5,0.008501012
3322_GCM2_P1P2_ENSG00000124827,GCM2,0.008498725
11177_non-targeting_non-targeting_non-targeting,non-targeting,0.008491602
7786_SEPTIN5_P2_ENSG00000184702,SEPTIN5,0.008489386
3852_HNF4A_P1P2_ENSG00000101076,HNF4A,0.008484694
5046_MGST3_P1P2_ENSG00000143198,MGST3,0.008480104
11210_non-targeting_non-targeting_non-targeting,non-targeting,0.008466303
4512_LAP3_P1P2_ENSG00000002549,LAP3,0.008463588
5091_MKKS_P1P2_ENSG00000125863,MKKS,0.0084617315
6103_PBX1_P1P2_ENSG00000185630,PBX1,0.008456124
11288_non-targeting_non-targeting_non-targeting,non-targeting,0.008453489
11099_non-targeting_non-targeting_non-targeting,non-targeting,0.008452979
10273_ZNF296_P1P2_ENSG00000170684,ZNF296,0.008444757
5054_MICAL3_P1_ENSG00000243156,MICAL3,0.00843177
9560_UBXN7_P1P2_ENSG00000163960,UBXN7,0.008422483
2782_EXOC5_P1P2_ENSG00000070367,EXOC5,0.008418082
1591_CHORDC1_P1P2_ENSG00000110172,CHORDC1,0.008416879
2874_FAM171A2_P1P2_ENSG00000161682,FAM171A2,0.008416558
6855_PSMB6_P1_ENSG00000142507,PSMB6,0.008397
3491_GPATCH3_P1P2_ENSG00000198746,GPATCH3,0.008383317
9185_TOR2A_P1P2_ENSG00000160404,TOR2A,0.008380881
1273_CCDC28A_P1P2_ENSG00000024862,CCDC28A,0.0083788885
826_BHLHA15_P1P2_ENSG00000180535,BHLHA15,0.008376446
11100_non-targeting_non-targeting_non-targeting,non-targeting,0.008370575
2069_DCP1A_P1P2_ENSG00000272886,DCP1A,0.008367765
3602_GULP1_P1P2_ENSG00000144366,GULP1,0.008364432
2201_DHRSX_P1P2_ENSG00000169084,DHRSX,0.008356825
1529_CETN2_P1_ENSG00000147400,CETN2,0.008354171
9216_TPST2_P1_ENSG00000128294,TPST2,0.008346599
3302_GATC_P1P2_ENSG00000257218,GATC,0.008346033
1248_CCDC124_P1_ENSG00000007080,CCDC124,0.008336851
4607_LMAN1_P1P2_ENSG00000074695,LMAN1,0.008332729
7652_SAPCD2_P1P2_ENSG00000186193,SAPCD2,0.008329925
840_BIVM_P1_ENSG00000134897,BIVM,0.008328822
5997_OTUD5_P1P2_ENSG00000068308,OTUD5,0.008318974
8099_SLC50A1_P1P2_ENSG00000169241,SLC50A1,0.008318237
2106_DDX19A_P1P2_ENSG00000168872,DDX19A,0.008317067
1293_CCDC74A_P1P2_ENSG00000163040,CCDC74A,0.008310515
4970_MELK_P1P2_ENSG00000165304,MELK,0.008309851
1357_CD226_P1P2_ENSG00000150637,CD226,0.008294577
10159_ZNF117_P1P2_ENSG00000152926,ZNF117,0.008288584
10899_non-targeting_non-targeting_non-targeting,non-targeting,0.008283396
5817_NRM_P1P2_ENSG00000137404,NRM,0.0082791615
500_ARL13B_P1P2_ENSG00000169379,ARL13B,0.008275982
9189_TP53BP1_P1_ENSG00000067369,TP53BP1,0.008273434
5534_NDUFA1_P1P2_ENSG00000125356,NDUFA1,0.008272698
2867_FAM160A2_P1P2_ENSG00000051009,FAM160A2,0.008268766
2692_ERC1_P1P2_ENSG00000082805,ERC1,0.008262333
8707_TBC1D13_P1P2_ENSG00000107021,TBC1D13,0.008256851
8452_SSH2_P1P2_ENSG00000141298,SSH2,0.008253672
2159_DEPDC7_P1P2_ENSG00000121690,DEPDC7,0.00825261
1501_CEP19_P1P2_ENSG00000174007,CEP19,0.008250397
1713_CNNM3_P1P2_ENSG00000168763,CNNM3,0.008245767
986_C15orf41_P1P2_ENSG00000186073,C15orf41,0.008244136
9455_TXNIP_P2_ENSG00000265972,TXNIP,0.008242074
643_ATP13A2_P1P2_ENSG00000159363,ATP13A2,0.008241171
5987_OSR1_P1P2_ENSG00000143867,OSR1,0.008240343
9811_WDR25_P1P2_ENSG00000176473,WDR25,0.00823233
525_ARMC8_P1P2_ENSG00000114098,ARMC8,0.008221674
3190_FOXQ1_P1P2_ENSG00000164379,FOXQ1,0.008220073
9563_UCHL5_P1P2_ENSG00000116750,UCHL5,0.008218021
761_BARD1_P1P2_ENSG00000138376,BARD1,0.008215915
6749_PRIMPOL_P1P2_ENSG00000164306,PRIMPOL,0.00821222
954_C11orf68_P1P2_ENSG00000175573,C11orf68,0.008206349
1973_CWC25_P1P2_ENSG00000273559,CWC25,0.008202597
10742_ZYG11A_P1P2_ENSG00000203995,ZYG11A,0.008202225
9068_TMEM33_P1P2_ENSG00000109133,TMEM33,0.008198783
1077_MAIP1_P1P2_ENSG00000162972,MAIP1,0.008183565
121_ACY1_P1P2_ENSG00000243989,ACY1,0.008181091
794_BCL10_P1P2_ENSG00000142867,BCL10,0.0081803
5003_METTL2B_P1_ENSG00000165055,METTL2B,0.008178926
5833_NSUN2_P1P2_ENSG00000037474,NSUN2,0.008177705
"6790_PROX2_ENST00000445876.1,ENST00000556489.2_ENSG00000119608",PROX2,0.008174317
441_ARF5_P1_ENSG00000004059,ARF5,0.008174162
5142_MOCS3_P1P2_ENSG00000124217,MOCS3,0.00816936
328_ANKRD13B_P1P2_ENSG00000198720,ANKRD13B,0.008167639
11327_non-targeting_non-targeting_non-targeting,non-targeting,0.008167036
1283_CCDC58_P1P2_ENSG00000160124,CCDC58,0.0081621185
2629_EMP3_P1P2_ENSG00000142227,EMP3,0.008158056
1583_CHMP3_P1P2_ENSG00000115561,CHMP3,0.008149755
706_ATXN7L3B_P1P2_ENSG00000253719,ATXN7L3B,0.008144256
10467_ZNF577_P1P2_ENSG00000161551,ZNF577,0.008141039
11154_non-targeting_non-targeting_non-targeting,non-targeting,0.008138854
9335_TSC2_P1P2_ENSG00000103197,TSC2,0.008138166
7108_RAPGEF1_ENST00000372190.3_ENSG00000107263,RAPGEF1,0.0081354
3465_GOLGA8B_P1P2_ENSG00000215252,GOLGA8B,0.008135294
1907_CSPP1_P1P2_ENSG00000104218,CSPP1,0.008132922
1578_CHML_P1P2_ENSG00000203668,CHML,0.008131107
2909_FAM217B_P2_ENSG00000196227,FAM217B,0.008129448
1136_C9orf78_P1P2_ENSG00000136819,C9orf78,0.008126596
10502_ZNF613_P1P2_ENSG00000176024,ZNF613,0.008119793
5499_NCKAP1_P1P2_ENSG00000061676,NCKAP1,0.008117744
10719_ZSCAN25_P1P2_ENSG00000197037,ZSCAN25,0.00811764
1236_CC2D1A_P1P2_ENSG00000132024,CC2D1A,0.008106212
8937_TJP1_P1P2_ENSG00000104067,TJP1,0.008098328
7969_SLC16A9_P1P2_ENSG00000165449,SLC16A9,0.008097218
5425_NAA16_P1P2_ENSG00000172766,NAA16,0.008093877
166_ADRM1_P1P2_ENSG00000130706,ADRM1,0.008090353
11253_non-targeting_non-targeting_non-targeting,non-targeting,0.008087205
7987_SLC25A17_P1P2_ENSG00000100372,SLC25A17,0.0080857
10598_ZNF735_NM_001159524_ENSG00000223614,ZNF735,0.008084825
329_ANKRD13C_P1P2_ENSG00000118454,ANKRD13C,0.008082437
304_ANAPC15_P1P2_ENSG00000110200,ANAPC15,0.008081837
4073_IGHMBP2_P1P2_ENSG00000132740,IGHMBP2,0.008074014
5405_MYOG_P1P2_ENSG00000122180,MYOG,0.008067363
6649_PPP1CA_P2_ENSG00000172531,PPP1CA,0.008066664
4113_IMPDH1_P2_ENSG00000106348,IMPDH1,0.008057094
10262_ZNF280D_P1P2_ENSG00000137871,ZNF280D,0.008055745
2883_FAM184A_P1P2_ENSG00000111879,FAM184A,0.008055329
82_ACER3_P1P2_ENSG00000078124,ACER3,0.008042604
2294_DNAJC21_P1P2_ENSG00000168724,DNAJC21,0.008039812
8136_SMAGP_P1P2_ENSG00000170545,SMAGP,0.008037644
11066_non-targeting_non-targeting_non-targeting,non-targeting,0.008036428
9666_USP49_P1P2_ENSG00000164663,USP49,0.008035541
8342_SPECC1L_P1P2_ENSG00000100014,SPECC1L,0.008034486
604_ATF1_P1P2_ENSG00000123268,ATF1,0.008034072
11017_non-targeting_non-targeting_non-targeting,non-targeting,0.008033842
8471_ST3GAL4_P1P2_ENSG00000110080,ST3GAL4,0.00802649
6681_PPP2R1A_P1_ENSG00000105568,PPP2R1A,0.008026399
247_AKT1_P1P2_ENSG00000142208,AKT1,0.00801817
3914_HOXC4_ENST00000430889.2_ENSG00000198353,HOXC4,0.008017077
10078_ZFP14_P1P2_ENSG00000142065,ZFP14,0.0080169365
3278_GANAB_P1P2_ENSG00000089597,GANAB,0.008010621
4579_LIG3_P1P2_ENSG00000005156,LIG3,0.008007266
2822_FAHD2A_P1P2_ENSG00000115042,FAHD2A,0.008003843
8115_SLC9A3R2_P1_ENSG00000065054,SLC9A3R2,0.007997801
3685_HECTD4_P1P2_ENSG00000173064,HECTD4,0.00799379
1398_CDC37_P1P2_ENSG00000105401,CDC37,0.00798994
8715_TBC1D24_P1P2_ENSG00000162065,TBC1D24,0.007987267
7879_SH3BP2_P2_ENSG00000087266,SH3BP2,0.007984562
2011_CYSTM1_P1P2_ENSG00000120306,CYSTM1,0.007980121
3115_FLYWCH1_P1P2_ENSG00000059122,FLYWCH1,0.007975825
5700_NKX6-2_P1P2_ENSG00000148826,NKX6-2,0.007975544
1608_CHURC1_P1P2_ENSG00000258289,CHURC1,0.00797382
7828_SEZ6L2_P1P2_ENSG00000174938,SEZ6L2,0.007970434
7066_RAD51AP1_P1P2_ENSG00000111247,RAD51AP1,0.007967966
1213_CASZ1_ENST00000377022.3_ENSG00000130940,CASZ1,0.007966743
10510_ZNF622_P1P2_ENSG00000173545,ZNF622,0.0079601
855_BMI1_P1P2_ENSG00000168283,BMI1,0.007951981
7331_RNASEH2C_P1P2_ENSG00000172922,RNASEH2C,0.0079500815
7862_SGSH_P1P2_ENSG00000181523,SGSH,0.007947618
5102_MKX_P2_ENSG00000150051,MKX,0.007946709
5807_NRAS_P1P2_ENSG00000213281,NRAS,0.007945077
6203_PDXP_P1P2_ENSG00000241360,PDXP,0.007944475
5571_NDUFS6_P1P2_ENSG00000145494,NDUFS6,0.007941306
11314_non-targeting_non-targeting_non-targeting,non-targeting,0.007940829
9672_USP5_P1_ENSG00000111667,USP5,0.007940586
6335_PIGH_P1P2_ENSG00000100564,PIGH,0.007937465
1131_C9orf16_P1P2_ENSG00000171159,C9orf16,0.007937375
5144_MOG_P1P2_ENSG00000204655,MOG,0.007936154
1107_C6orf15_P1P2_ENSG00000204542,C6orf15,0.007935656
2528_EIF1B_P1P2_ENSG00000114784,EIF1B,0.007926231
773_BAZ2A_P1_ENSG00000076108,BAZ2A,0.00791221
7384_RNF25_P2_ENSG00000163481,RNF25,0.007910025
9745_VPS26A_P1P2_ENSG00000122958,VPS26A,0.007907608
8666_TAF5_P1P2_ENSG00000148835,TAF5,0.007907508
4647_LRP10_P1P2_ENSG00000197324,LRP10,0.007905891
4342_PCLAF_P1P2_ENSG00000166803,PCLAF,0.007902996
5298_MT2A_P1P2_ENSG00000125148,MT2A,0.007899424
5395_MYO18A_P1P2_ENSG00000196535,MYO18A,0.007897372
1831_CPNE1_P1P2_ENSG00000214078,CPNE1,0.007896165
3598_GTSF1_P1P2_ENSG00000170627,GTSF1,0.007894925
6117_PCCB_P2_ENSG00000114054,PCCB,0.00789227
4874_MBD2_P1P2_ENSG00000134046,MBD2,0.007890225
784_BCAR1_P2_ENSG00000050820,BCAR1,0.007888873
9316_TRMU_P1P2_ENSG00000100416,TRMU,0.007887212
3321_GCM1_P1P2_ENSG00000137270,GCM1,0.007882082
3892_HOXA3_P1_ENSG00000105997,HOXA3,0.007879202
1796_COQ7_P1P2_ENSG00000167186,COQ7,0.007866183
8614_SYAP1_P1P2_ENSG00000169895,SYAP1,0.007864889
4228_ITGB3BP_P1P2_ENSG00000142856,ITGB3BP,0.007850618
1442_CDK8_P1P2_ENSG00000132964,CDK8,0.007850526
5150_MORC3_P1P2_ENSG00000159256,MORC3,0.007849661
6334_PIGG_P1P2_ENSG00000174227,PIGG,0.007845295
10342_ZNF417_P1P2_ENSG00000173480,ZNF417,0.0078333365
1656_CLINT1_P1P2_ENSG00000113282,CLINT1,0.007824636
3579_GTF2IRD1_P1P2_ENSG00000006704,GTF2IRD1,0.007820199
509_ARL4A_P1P2_ENSG00000122644,ARL4A,0.007807018
4461_KPNA4_P1P2_ENSG00000186432,KPNA4,0.007806208
10500_ZNF610_P1P2_ENSG00000167554,ZNF610,0.0078055905
2417_DVL2_P1P2_ENSG00000004975,DVL2,0.0078001777
4749_MAEA_P2_ENSG00000090316,MAEA,0.007786448
521_ARMC1_P1P2_ENSG00000104442,ARMC1,0.0077815284
9775_VTI1A_P1P2_ENSG00000151532,VTI1A,0.0077758147
7239_RETSAT_P1P2_ENSG00000042445,RETSAT,0.0077757756
4284_KATNB1_P1P2_ENSG00000140854,KATNB1,0.00777085
190_AGO2_P1P2_ENSG00000123908,AGO2,0.0077705197
3019_FBXO41_P1P2_ENSG00000163013,FBXO41,0.0077656046
3387_GLCE_P1P2_ENSG00000138604,GLCE,0.0077610333
1209_CASP9_P1P2_ENSG00000132906,CASP9,0.0077607245
495_ARID5A_P1P2_ENSG00000196843,ARID5A,0.0077607227
59_ABO_P2_ENSG00000175164,ABO,0.007758237
10363_ZNF43_P2_ENSG00000198521,ZNF43,0.0077544153
3939_HRC_P1P2_ENSG00000130528,HRC,0.007753111
113_ACTR3B_P1P2_ENSG00000133627,ACTR3B,0.00775112
5991_OSTF1_P1P2_ENSG00000134996,OSTF1,0.0077500194
5369_MYCBP2_P1P2_ENSG00000005810,MYCBP2,0.0077485726
10397_ZNF492_P1P2_ENSG00000229676,ZNF492,0.0077462937
3458_GOLGA4_P1P2_ENSG00000144674,GOLGA4,0.0077380436
10904_non-targeting_non-targeting_non-targeting,non-targeting,0.0077379826
1397_CDC34_P1P2_ENSG00000099804,CDC34,0.0077375667
7947_SKP1_P1P2_ENSG00000113558,SKP1,0.0077354433
5635_NFIA_P1P2_ENSG00000162599,NFIA,0.007730837
6644_PPM1K_P1P2_ENSG00000163644,PPM1K,0.0077290107
866_BOD1L1_P2_ENSG00000038219,BOD1L1,0.0077195466
1271_CCDC22_P1P2_ENSG00000101997,CCDC22,0.0077182795
5154_MORN1_P1P2_ENSG00000116151,MORN1,0.0077181715
6039_PAGR1_P1P2_ENSG00000280789,PAGR1,0.007713477
10305_ZNF346_P1P2_ENSG00000113761,ZNF346,0.0077133146
2438_E2F2_P1P2_ENSG00000007968,E2F2,0.0077132722
1762_COMMD5_ENST00000450361.2_ENSG00000170619,COMMD5,0.0077107595
5929_OGFOD2_P1P2_ENSG00000111325,OGFOD2,0.007706756
5453_NAGPA_P1P2_ENSG00000103174,NAGPA,0.0077064005
7813_SETBP1_P1P2_ENSG00000152217,SETBP1,0.0077038202
8862_TGFBRAP1_P1P2_ENSG00000135966,TGFBRAP1,0.0077022985
7820_SETD6_P1P2_ENSG00000103037,SETD6,0.0077015106
2300_DNAJC4_P1P2_ENSG00000110011,DNAJC4,0.0076994705
3010_FBXO27_P1P2_ENSG00000161243,FBXO27,0.0076992884
9760_VPS4A_P1P2_ENSG00000132612,VPS4A,0.00769049
977_RIOX1_P1P2_ENSG00000170468,RIOX1,0.0076877982
5105_MLEC_P1_ENSG00000110917,MLEC,0.007684945
10592_ZNF726_P1P2_ENSG00000213967,ZNF726,0.007684691
4399_KIFC2_P1P2_ENSG00000167702,KIFC2,0.0076813065
4052_IFT20_P1P2_ENSG00000109083,IFT20,0.0076806033
5413_MZF1_P1P2_ENSG00000099326,MZF1,0.007679626
10161_ZNF124_P1P2_ENSG00000196418,ZNF124,0.0076782345
2540_EIF2D_P1P2_ENSG00000143486,EIF2D,0.0076717036
1492_CENPV_P1P2_ENSG00000166582,CENPV,0.007665365
2353_DPM2_P1P2_ENSG00000136908,DPM2,0.0076541356
2198_DHRS4_P1P2_ENSG00000157326,DHRS4,0.007653781
4501_LAMP1_P1P2_ENSG00000185896,LAMP1,0.0076515824
10760_non-targeting_non-targeting_non-targeting,non-targeting,0.007649496
7141_RBBP5_P1P2_ENSG00000117222,RBBP5,0.007648035
6206_PEA15_P1P2_ENSG00000162734,PEA15,0.0076470734
6397_PKN1_P1_ENSG00000123143,PKN1,0.007644079
9255_TREML2_P1P2_ENSG00000112195,TREML2,0.007642164
7021_RAB2B_P1P2_ENSG00000129472,RAB2B,0.0076419706
3275_GALT_P1P2_ENSG00000213930,GALT,0.0076417956
10651_ZNF808_P1_ENSG00000198482,ZNF808,0.007640958
3759_HIST1H2BB_P1P2_ENSG00000276410,HIST1H2BB,0.0076349746
9083_MACO1_P1P2_ENSG00000204178,MACO1,0.0076325336
9085_RXYLT1_P1P2_ENSG00000118600,RXYLT1,0.007631484
4013_ICAM5_P1_ENSG00000105376,ICAM5,0.007630914
1830_CPED1_P1P2_ENSG00000106034,CPED1,0.0076302146
10393_ZNF488_P2_ENSG00000265763,ZNF488,0.0076296185
9620_URGCP_P2_ENSG00000106608,URGCP,0.0076256203
7580_RSRC2_P1P2_ENSG00000111011,RSRC2,0.007622021
10933_non-targeting_non-targeting_non-targeting,non-targeting,0.0076195877
4453_KMT2E_P1P2_ENSG00000005483,KMT2E,0.007616046
1177_CAPG_P1_ENSG00000042493,CAPG,0.0076130745
5594_NEK4_P1P2_ENSG00000114904,NEK4,0.0076105674
2584_ELF1_P1P2_ENSG00000120690,ELF1,0.0076018847
8569_SUB1_P1_ENSG00000113387,SUB1,0.0076000616
6401_PKNOX1_P1P2_ENSG00000160199,PKNOX1,0.007590461
3592_GTPBP2_P1P2_ENSG00000172432,GTPBP2,0.0075874594
10535_ZNF665_P1P2_ENSG00000197497,ZNF665,0.0075849765
9791_WBP11_P2_ENSG00000084463,WBP11,0.0075833965
5666_NHLRC3_P1P2_ENSG00000188811,NHLRC3,0.0075825145
6871_PSMD3_P1P2_ENSG00000108344,PSMD3,0.0075821113
5811_NRF1_P1P2_ENSG00000106459,NRF1,0.007580624
4277_KAT6A_P1P2_ENSG00000083168,KAT6A,0.007580233
102_ACSM3_P1P2_ENSG00000005187,ACSM3,0.0075736577
7895_SHKBP1_P1P2_ENSG00000160410,SHKBP1,0.0075724786
2926_FAM53B_P1P2_ENSG00000189319,FAM53B,0.0075690052
6765_PRKD2_P2_ENSG00000105287,PRKD2,0.007566309
244_AKR1E2_P1P2_ENSG00000165568,AKR1E2,0.00756159
1095_C4orf48_P1P2_ENSG00000243449,C4orf48,0.0075591467
2160_DERA_P1P2_ENSG00000023697,DERA,0.0075582387
5503_NCL_P2_ENSG00000115053,NCL,0.007553799
1235_CBY1_P1P2_ENSG00000100211,CBY1,0.007552318
3744_HIST1H1C_P1P2_ENSG00000187837,HIST1H1C,0.0075491047
11077_non-targeting_non-targeting_non-targeting,non-targeting,0.007547255
1358_CD24_P1P2_ENSG00000272398,CD24,0.0075415997
1644_CLDN6_P1P2_ENSG00000184697,CLDN6,0.0075413445
6257_PGGT1B_P1P2_ENSG00000164219,PGGT1B,0.0075388104
7036_RAB5C_P1_ENSG00000108774,RAB5C,0.0075367237
4690_LSM1_P1P2_ENSG00000175324,LSM1,0.0075327256
5433_NAA60_P1P2_ENSG00000122390,NAA60,0.0075315377
7721_SDF2_P1P2_ENSG00000132581,SDF2,0.007526168
1728_CNP_P1P2_ENSG00000173786,CNP,0.007523115
350_ANLN_P1P2_ENSG00000011426,ANLN,0.0075201057
4188_IRF3_P1P2_ENSG00000126456,IRF3,0.0075191115
1377_CD7_P1P2_ENSG00000173762,CD7,0.007516721
4704_LTB4R_P1P2_ENSG00000213903,LTB4R,0.007515519
2945_FAM83D_P1P2_ENSG00000101447,FAM83D,0.0075141448
775_BBC3_P1P2_ENSG00000105327,BBC3,0.0075035677
10850_non-targeting_non-targeting_non-targeting,non-targeting,0.00749689
2396_DUS2_P1P2_ENSG00000167264,DUS2,0.0074927327
6244_PFKL_P1_ENSG00000141959,PFKL,0.0074899867
7192_RBPMS2_P1P2_ENSG00000166831,RBPMS2,0.0074771536
9344_TSHZ3_P1P2_ENSG00000121297,TSHZ3,0.007475963
10889_non-targeting_non-targeting_non-targeting,non-targeting,0.0074748197
9206_TPM4_P2_ENSG00000167460,TPM4,0.0074720997
4700_LST1_P1_ENSG00000204482,LST1,0.0074700904
3056_FEM1B_P1P2_ENSG00000169018,FEM1B,0.0074671074
1582_CHMP2B_P1P2_ENSG00000083937,CHMP2B,0.0074635963
10153_ZNF101_P1P2_ENSG00000181896,ZNF101,0.007461576
4658_LRRC20_P1P2_ENSG00000172731,LRRC20,0.0074559925
3441_GNG12_P1P2_ENSG00000172380,GNG12,0.0074529257
5412_MYT1_P1P2_ENSG00000196132,MYT1,0.007450067
3414_GM2A_P1P2_ENSG00000196743,GM2A,0.0074494667
8624_SYNGR1_P1P2_ENSG00000100321,SYNGR1,0.0074452874
2601_ELOVL2_P1P2_ENSG00000197977,ELOVL2,0.0074444376
4159_IP6K2_P1P2_ENSG00000068745,IP6K2,0.0074373824
1018_C19orf47_P2_ENSG00000160392,C19orf47,0.0074322578
3894_HOXA5_P1P2_ENSG00000106004,HOXA5,0.0074296985
10034_ZCCHC17_P1P2_ENSG00000121766,ZCCHC17,0.007420647
4867_MATR3_P1P2_ENSG00000280987,MATR3,0.0074140984
6861_PSMC4_P1P2_ENSG00000013275,PSMC4,0.0074042515
3225_FUT10_P1P2_ENSG00000172728,FUT10,0.0074003288
5769_NPL_P1P2_ENSG00000135838,NPL,0.0073928228
7200_RCC2_P1_ENSG00000179051,RCC2,0.0073918207
1787_COPZ1_P2_ENSG00000111481,COPZ1,0.007387529
2424_DYNC1LI2_P1P2_ENSG00000135720,DYNC1LI2,0.0073804283
3116_FLYWCH2_P1P2_ENSG00000162076,FLYWCH2,0.0073730927
10052_ZDHHC5_P1P2_ENSG00000156599,ZDHHC5,0.007372542
3386_GLCCI1_P1P2_ENSG00000106415,GLCCI1,0.0073710335
2389_DTL_P1P2_ENSG00000143476,DTL,0.007366162
11279_non-targeting_non-targeting_non-targeting,non-targeting,0.007364257
8705_TBC1D10B_P1P2_ENSG00000169221,TBC1D10B,0.007360942
11277_non-targeting_non-targeting_non-targeting,non-targeting,0.0073528173
11015_non-targeting_non-targeting_non-targeting,non-targeting,0.0073523712
858_BMPR2_P1P2_ENSG00000204217,BMPR2,0.0073512318
3271_GALNT2_P1P2_ENSG00000143641,GALNT2,0.0073510194
9180_TOPORS_P1P2_ENSG00000197579,TOPORS,0.0073458836
9406_TTPAL_P1P2_ENSG00000124120,TTPAL,0.0073434482
1194_NAXD_P1P2_ENSG00000213995,NAXD,0.0073431106
4674_LRRC8A_P1P2_ENSG00000136802,LRRC8A,0.0073409975
7241_REV3L_P1P2_ENSG00000009413,REV3L,0.0073404
2786_EXOG_P1P2_ENSG00000157036,EXOG,0.0073373965
4948_MED25_P1P2_ENSG00000104973,MED25,0.007335158
6941_PTRH1_P1P2_ENSG00000187024,PTRH1,0.007333041
5282_MSH5_P1P2_ENSG00000204410,MSH5,0.00733198
10504_ZNF615_P1P2_ENSG00000197619,ZNF615,0.0073301475
6049_PALM_P1P2_ENSG00000099864,PALM,0.00732802
7348_RNF139_P1P2_ENSG00000170881,RNF139,0.007323297
3066_FEZF1_P1P2_ENSG00000128610,FEZF1,0.0073196436
1307_CCDC91_P1P2_ENSG00000123106,CCDC91,0.0073152673
3155_FOXE1_P1P2_ENSG00000178919,FOXE1,0.0073122997
10953_non-targeting_non-targeting_non-targeting,non-targeting,0.0073108175
3877_HNRNPUL2_P1P2_ENSG00000214753,HNRNPUL2,0.007310642
8508_STIM2_P1P2_ENSG00000109689,STIM2,0.0073082545
7573_RSC1A1_P1P2_ENSG00000215695,RSC1A1,0.007307942
9894_XPNPEP1_P1P2_ENSG00000108039,XPNPEP1,0.0073044356
6370_PIP4K2A_P1P2_ENSG00000150867,PIP4K2A,0.0072976938
4787_MAN2A2_P1P2_ENSG00000196547,MAN2A2,0.0072938926
2325_DOCK7_P1P2_ENSG00000116641,DOCK7,0.007292214
3620_HACL1_P1P2_ENSG00000131373,HACL1,0.0072917687
2785_EXOC8_P1P2_ENSG00000116903,EXOC8,0.0072818114
10843_non-targeting_non-targeting_non-targeting,non-targeting,0.0072808703
3552_GSKIP_P1P2_ENSG00000100744,GSKIP,0.007280809
5018_MFF_P1P2_ENSG00000168958,MFF,0.007279439
6194_PDPR_P1P2_ENSG00000090857,PDPR,0.0072683636
6331_PIGB_P1P2_ENSG00000069943,PIGB,0.007264795
6617_PPFIA3_P1_ENSG00000177380,PPFIA3,0.0072617973
5767_NPHP4_P1P2_ENSG00000131697,NPHP4,0.0072594387
9576_UGGT1_P1P2_ENSG00000136731,UGGT1,0.0072567835
4876_MBD4_P1P2_ENSG00000129071,MBD4,0.0072550196
7836_SF3B2_P1P2_ENSG00000087365,SF3B2,0.0072546164
1285_CCDC61_P1P2_ENSG00000104983,CCDC61,0.007251012
6764_PRKCSH_P1P2_ENSG00000130175,PRKCSH,0.007247346
8195_SMYD3_P1P2_ENSG00000185420,SMYD3,0.007245407
835_BIN3_P1P2_ENSG00000147439,BIN3,0.007241859
1375_CD68_P1P2_ENSG00000129226,CD68,0.007240356
6386_PITX2_P2_ENSG00000164093,PITX2,0.0072341147
4091_IL13RA1_P1P2_ENSG00000131724,IL13RA1,0.0072322767
560_ASAH1_P1P2_ENSG00000104763,ASAH1,0.007221375
9692_VAC14_P1P2_ENSG00000103043,VAC14,0.0072193393
8748_TBX18_P1_ENSG00000112837,TBX18,0.0072193323
2819_FAF1_P1P2_ENSG00000185104,FAF1,0.0072189094
6972_PYCR1_P1P2_ENSG00000183010,PYCR1,0.0072180443
6753_PRKACA_P1P2_ENSG00000072062,PRKACA,0.00720234
3741_HIRA_P1_ENSG00000100084,HIRA,0.0071947
3264_GALK2_P1_ENSG00000156958,GALK2,0.0071940944
8885_THEMIS2_P1P2_ENSG00000130775,THEMIS2,0.0071923407
9040_TMEM209_P1P2_ENSG00000146842,TMEM209,0.0071910904
1259_CCDC142_P1P2_ENSG00000135637,CCDC142,0.0071903425
5706_NLRP2_P1P2_ENSG00000022556,NLRP2,0.0071852137
2518_EHD4_P1P2_ENSG00000103966,EHD4,0.0071848924
6253_PGAP2_P2_ENSG00000148985,PGAP2,0.007179549
499_ARL11_P1P2_ENSG00000152213,ARL11,0.0071757734
7146_RBFA_P1P2_ENSG00000101546,RBFA,0.0071748747
10737_ZWILCH_P1P2_ENSG00000174442,ZWILCH,0.0071731117
7756_SECISBP2L_P1P2_ENSG00000138593,SECISBP2L,0.007172437
4612_LMBRD1_P1P2_ENSG00000168216,LMBRD1,0.007172311
10821_non-targeting_non-targeting_non-targeting,non-targeting,0.007171893
7034_RAB5A_P1P2_ENSG00000144566,RAB5A,0.0071694977
5481_NBPF12_P1P2_ENSG00000268043,NBPF12,0.0071683694
6021_PA2G4_P1P2_ENSG00000170515,PA2G4,0.007168022
11317_non-targeting_non-targeting_non-targeting,non-targeting,0.0071677906
240_AKR1A1_P1P2_ENSG00000117448,AKR1A1,0.0071652825
780_BBS7_P1P2_ENSG00000138686,BBS7,0.0071647083
10975_non-targeting_non-targeting_non-targeting,non-targeting,0.0071634264
764_BARX1_P1P2_ENSG00000131668,BARX1,0.0071569886
3591_GTPBP1_P1P2_ENSG00000100226,GTPBP1,0.007155159
6865_PSMD11_P1P2_ENSG00000108671,PSMD11,0.0071545574
1838_CPQ_P1P2_ENSG00000104324,CPQ,0.0071486835
10299_ZNF33A_P1P2_ENSG00000189180,ZNF33A,0.0071467957
9115_TMUB2_P1P2_ENSG00000168591,TMUB2,0.0071464153
1690_CMC1_P1P2_ENSG00000187118,CMC1,0.007143879
2219_DIABLO_P1P2_ENSG00000184047,DIABLO,0.007142945
146_ADCK5_P1P2_ENSG00000173137,ADCK5,0.007138068
9606_UQCC2_P1P2_ENSG00000137288,UQCC2,0.0071353423
5586_NEDD4_P1P2_ENSG00000069869,NEDD4,0.007122785
55_ABL1_ENST00000372348.2_ENSG00000097007,ABL1,0.007118297
11019_non-targeting_non-targeting_non-targeting,non-targeting,0.0071114795
4476_KRT18_P1P2_ENSG00000111057,KRT18,0.0071080704
6441_PLEKHF2_P1P2_ENSG00000175895,PLEKHF2,0.0071067046
444_ARF6_P1_ENSG00000165527,ARF6,0.007094864
10916_non-targeting_non-targeting_non-targeting,non-targeting,0.007094376
4487_KXD1_P1P2_ENSG00000105700,KXD1,0.0070930645
8533_STON2_ENST00000267540.2_ENSG00000140022,STON2,0.0070904554
4709_LTBR_P1P2_ENSG00000111321,LTBR,0.007075113
9402_TTLL3_P1P2_ENSG00000214021,TTLL3,0.0070740664
8298_SOX6_ENST00000316399.6_ENSG00000110693,SOX6,0.0070719845
7978_SLC20A2_P1P2_ENSG00000168575,SLC20A2,0.007069472
4427_KLHDC2_P1P2_ENSG00000165516,KLHDC2,0.007068732
5676_NIPAL3_P1P2_ENSG00000001461,NIPAL3,0.0070643118
426_APTX_P1_ENSG00000137074,APTX,0.007062276
959_SPINDOC_P1P2_ENSG00000168005,SPINDOC,0.007058445
9384_TTC31_P1P2_ENSG00000115282,TTC31,0.0070414636
2047_DBX2_P1P2_ENSG00000185610,DBX2,0.0070410613
10440_ZNF551_P1P2_ENSG00000204519,ZNF551,0.0070404815
7265_RFX8_P1P2_ENSG00000196460,RFX8,0.007035466
2440_E2F3_P2_ENSG00000112242,E2F3,0.0070331707
657_ATP5F1E_P1P2_ENSG00000124172,ATP5F1E,0.0070311055
1138_CA11_P1P2_ENSG00000063180,CA11,0.0070288144
9688_UTRN_ENST00000367545.3_ENSG00000152818,UTRN,0.007024406
3099_FKBP5_P1P2_ENSG00000096060,FKBP5,0.0070188325
8567_STYXL1_P1P2_ENSG00000127952,STYXL1,0.007016985
6399_PKN2_P1P2_ENSG00000065243,PKN2,0.007016657
6551_POLR2J3_ENST00000379357.5_ENSG00000285437,POLR2J3,0.0070014778
10511_ZNF623_P1P2_ENSG00000183309,ZNF623,0.0070009576
7841_SFMBT1_P1P2_ENSG00000163935,SFMBT1,0.0069945403
5892_NUP210_P1P2_ENSG00000132182,NUP210,0.0069901417
9087_TMEM62_P1P2_ENSG00000137842,TMEM62,0.0069900006
4711_LTF_P1P2_ENSG00000012223,LTF,0.0069831912
6180_PDIA5_P1P2_ENSG00000065485,PDIA5,0.006982458
9754_VPS37B_P1P2_ENSG00000139722,VPS37B,0.006973192
3698_HES2_P1_ENSG00000069812,HES2,0.006971935
962_C12orf29_P1P2_ENSG00000133641,C12orf29,0.0069709127
10562_ZNF699_ENST00000591998.1_ENSG00000196110,ZNF699,0.006969467
5276_MSANTD3_P1P2_ENSG00000066697,MSANTD3,0.006961442
7845_SFT2D2_P1P2_ENSG00000213064,SFT2D2,0.006961075
8577_SUGP2_P1P2_ENSG00000064607,SUGP2,0.006961029
755_BAIAP2_P1P2_ENSG00000175866,BAIAP2,0.0069581163
1205_CASP7_P1P2_ENSG00000165806,CASP7,0.006956114
9309_TRMT2A_P1P2_ENSG00000099899,TRMT2A,0.006955578
8427_SRR_P1P2_ENSG00000167720,SRR,0.0069532706
8704_TBC1D10A_P1P2_ENSG00000099992,TBC1D10A,0.006952411
407_APLP2_P1P2_ENSG00000084234,APLP2,0.0069500525
6422_PLCD3_P1P2_ENSG00000161714,PLCD3,0.0069403895
8982_TMEM106B_P1P2_ENSG00000106460,TMEM106B,0.0069354433
7374_RNF208_P1P2_ENSG00000212864,RNF208,0.006933568
7604_RUNX3_P1_ENSG00000020633,RUNX3,0.006926698
8749_TBX19_ENST00000367821.3_ENSG00000143178,TBX19,0.0069259545
4394_KIF4A_P1P2_ENSG00000090889,KIF4A,0.0069206213
10333_ZNF398_P1P2_ENSG00000197024,ZNF398,0.0069135334
8722_TBC1D7_P1P2_ENSG00000145979,TBC1D7,0.0069129816
7602_RUNX2_P1_ENSG00000124813,RUNX2,0.0069095353
353_ANP32A_P1P2_ENSG00000140350,ANP32A,0.006906764
5106_MLF1_P1P2_ENSG00000178053,MLF1,0.006902762
3875_HNRNPR_P1P2_ENSG00000125944,HNRNPR,0.0068997066
8278_SOX10_P1P2_ENSG00000100146,SOX10,0.006898215
2730_ESF1_P2_ENSG00000089048,ESF1,0.0068951487
5995_OTUB1_P1P2_ENSG00000167770,OTUB1,0.006891622
4039_IFI30_P1P2_ENSG00000216490,IFI30,0.0068912357
4766_MAGEB2_P1P2_ENSG00000099399,MAGEB2,0.006890638
7373_RNF207_P2_ENSG00000158286,RNF207,0.006888577
5936_OLFML3_P1P2_ENSG00000116774,OLFML3,0.006887479
5416_MZT2B_P1P2_ENSG00000152082,MZT2B,0.0068873125
7663_SATB1_P1_ENSG00000182568,SATB1,0.006884944
3040_FBXW9_P1P2_ENSG00000132004,FBXW9,0.006884839
2255_DMPK_P1P2_ENSG00000104936,DMPK,0.0068841153
5531_NDUFA11_P1P2_ENSG00000174886,NDUFA11,0.0068796007
5062_MICU2_P1P2_ENSG00000165487,MICU2,0.006878616
566_ASB3_P1P2_ENSG00000115239,ASB3,0.0068773916
1755_COLGALT2_P1P2_ENSG00000198756,COLGALT2,0.006875584
7905_SIAH1_P1P2_ENSG00000196470,SIAH1,0.0068746535
699_ATR_P1P2_ENSG00000175054,ATR,0.0068685566
9004_TMEM14A_P1P2_ENSG00000096092,TMEM14A,0.0068613193
854_BLZF1_P1P2_ENSG00000117475,BLZF1,0.006860242
981_TEDC1_P1P2_ENSG00000185347,TEDC1,0.0068586506
9716_VDAC3_P1P2_ENSG00000078668,VDAC3,0.006851848
5496_NCK1_P1P2_ENSG00000158092,NCK1,0.006848604
4390_KIF2A_P1P2_ENSG00000068796,KIF2A,0.0068482705
1567_CHDH_P1P2_ENSG00000016391,CHDH,0.0068472014
2379_VPS26C_P1P2_ENSG00000157538,VPS26C,0.0068408996
4866_MATK_P1P2_ENSG00000007264,MATK,0.006839776
7543_RPUSD1_P1_ENSG00000007376,RPUSD1,0.006839503
5610_NEURL4_P1P2_ENSG00000215041,NEURL4,0.0068387967
11105_non-targeting_non-targeting_non-targeting,non-targeting,0.006836567
10470_ZNF57_P1P2_ENSG00000171970,ZNF57,0.0068333987
10902_non-targeting_non-targeting_non-targeting,non-targeting,0.0068331948
2521_EHMT2_P1P2_ENSG00000204371,EHMT2,0.0068274518
1299_CCDC85B_P1P2_ENSG00000175602,CCDC85B,0.0068258257
8374_SPRY2_P1P2_ENSG00000136158,SPRY2,0.0068240007
3739_HIPK3_P2_ENSG00000110422,HIPK3,0.006821574
10529_ZNF654_P1P2_ENSG00000175105,ZNF654,0.006805789
7136_RB1_P1P2_ENSG00000139687,RB1,0.0067972606
8501_STAU1_P1P2_ENSG00000124214,STAU1,0.0067969826
5670_NINJ2_P2_ENSG00000171840,NINJ2,0.006795474
10221_ZNF227_P1P2_ENSG00000131115,ZNF227,0.006794855
1919_CS_P1P2_ENSG00000062485,CS,0.0067929868
6504_POC1B_P1P2_ENSG00000139323,POC1B,0.006790061
996_C16orf72_P2_ENSG00000182831,C16orf72,0.00678565
1439_CDK6_P2_ENSG00000105810,CDK6,0.0067847734
4510_LANCL1_P1P2_ENSG00000115365,LANCL1,0.0067820963
9483_UBA5_P1P2_ENSG00000081307,UBA5,0.006781084
1157_CALM1_P1P2_ENSG00000198668,CALM1,0.006779893
5642_NFKB1_P1P2_ENSG00000109320,NFKB1,0.0067798346
10065_ZFAND1_P2_ENSG00000104231,ZFAND1,0.0067752455
10591_ZNF721_P2_ENSG00000182903,ZNF721,0.006773299
7269_RGL2_P2_ENSG00000237441,RGL2,0.0067732795
5513_NCOR2_ENST00000405201.1_ENSG00000196498,NCOR2,0.0067697675
2982_FAT1_P1_ENSG00000083857,FAT1,0.0067645316
774_BAZ2B_P1P2_ENSG00000123636,BAZ2B,0.0067613665
5973_ORMDL3_P1P2_ENSG00000172057,ORMDL3,0.006757632
1204_CASP6_P1P2_ENSG00000138794,CASP6,0.0067553995
8211_SNCG_P1P2_ENSG00000173267,SNCG,0.0067552594
1449_CDKN2AIP_P1P2_ENSG00000168564,CDKN2AIP,0.006751975
5866_NUDT16_P1P2_ENSG00000198585,NUDT16,0.0067501585
9823_WDR45_P1P2_ENSG00000196998,WDR45,0.006748355
1005_CYBC1_P1P2_ENSG00000178927,CYBC1,0.006747509
0_A1BG_P1_ENSG00000121410,A1BG,0.0067428565
8690_TARBP1_P1P2_ENSG00000059588,TARBP1,0.0067416397
11197_non-targeting_non-targeting_non-targeting,non-targeting,0.00674054
3617_H3F3A_P1P2_ENSG00000163041,H3F3A,0.006734343
3154_FOXD4_ENST00000382500.2_ENSG00000170122,FOXD4,0.006733849
2958_FAM98C_P1P2_ENSG00000130244,FAM98C,0.006727934
4269_KANK2_P1P2_ENSG00000197256,KANK2,0.0067219436
4770_MAGED1_P2_ENSG00000179222,MAGED1,0.0067211743
2078_DCTN6_P1P2_ENSG00000104671,DCTN6,0.006720577
24_ABCB9_P1_ENSG00000150967,ABCB9,0.006718513
2357_DPP7_P1_ENSG00000176978,DPP7,0.0067103277
1488_CENPO_P1P2_ENSG00000138092,CENPO,0.006707261
808_BCL7C_P1P2_ENSG00000099385,BCL7C,0.0067065186
9031_TMEM192_P1P2_ENSG00000170088,TMEM192,0.0067048282
2880_FAM177A1_P1P2_ENSG00000151327,FAM177A1,0.0067004734
6436_PLEKHA4_P1P2_ENSG00000105559,PLEKHA4,0.0066978876
644_ATP13A3_P1P2_ENSG00000133657,ATP13A3,0.0066969367
5183_MR1_P1P2_ENSG00000153029,MR1,0.006696801
2672_EPN1_P1P2_ENSG00000063245,EPN1,0.0066961194
6463_PLSCR1_P1P2_ENSG00000188313,PLSCR1,0.0066955844
5474_NAT9_P1P2_ENSG00000109065,NAT9,0.006694564
2430_DYNLT1_P1P2_ENSG00000146425,DYNLT1,0.0066943285
9633_USP12_P1P2_ENSG00000152484,USP12,0.006692799
7402_MRM3_P1P2_ENSG00000171861,MRM3,0.0066914964
11291_non-targeting_non-targeting_non-targeting,non-targeting,0.0066857277
6419_PLCB3_P1P2_ENSG00000149782,PLCB3,0.006684668
3451_GNPNAT1_P1P2_ENSG00000100522,GNPNAT1,0.0066759894
349_ANKZF1_P1P2_ENSG00000163516,ANKZF1,0.006675085
8179_SMIM3_P1P2_ENSG00000256235,SMIM3,0.006664604
502_ARL15_P1P2_ENSG00000185305,ARL15,0.006663352
1022_C19orf53_P1P2_ENSG00000104979,C19orf53,0.0066628596
44_ABHD14B_P1_ENSG00000114779,ABHD14B,0.006662126
8082_SLC40A1_P1_ENSG00000138449,SLC40A1,0.0066616894
2611_EMC2_P1P2_ENSG00000104412,EMC2,0.006659518
5007_METTL6_P1P2_ENSG00000206562,METTL6,0.0066580065
1891_CSAG1_P1P2_ENSG00000198930,CSAG1,0.006657444
3393_GLI3_P1P2_ENSG00000106571,GLI3,0.006656843
3681_HEBP1_P1P2_ENSG00000013583,HEBP1,0.006656757
4225_ITGAV_P1P2_ENSG00000138448,ITGAV,0.0066566025
1595_CHPT1_P1P2_ENSG00000111666,CHPT1,0.006654827
195_AGPAT3_P1P2_ENSG00000160216,AGPAT3,0.006654706
6508_POFUT2_P1P2_ENSG00000186866,POFUT2,0.006653616
4931_MED11_P1P2_ENSG00000161920,MED11,0.006646989
5338_MTO1_P1P2_ENSG00000135297,MTO1,0.006639908
9201_TPGS2_P1P2_ENSG00000134779,TPGS2,0.00663228
10113_ZGLP1_P1P2_ENSG00000220201,ZGLP1,0.006630493
1753_COLEC11_P1_ENSG00000118004,COLEC11,0.006629797
6004_OVOL2_P1P2_ENSG00000125850,OVOL2,0.006629251
1894_CSH2_P1_ENSG00000213218,CSH2,0.0066268058
10035_ZCCHC3_P1P2_ENSG00000247315,ZCCHC3,0.006626748
10186_ZNF177_P1_ENSG00000188629,ZNF177,0.0066262023
10590_ZNF721_P1_ENSG00000182903,ZNF721,0.006614004
3260_GAK_P1P2_ENSG00000178950,GAK,0.0066092676
6987_QRICH1_P1P2_ENSG00000198218,QRICH1,0.006608984
4325_KDM4B_P1P2_ENSG00000127663,KDM4B,0.0066087744
10337_ZNF408_P1P2_ENSG00000175213,ZNF408,0.0066087483
8024_SLC2A11_P1P2_ENSG00000133460,SLC2A11,0.0066063404
2489_EEF2_P2_ENSG00000167658,EEF2,0.006602389
1363_CD33_P1P2_ENSG00000105383,CD33,0.006600621
8212_SND1_P1P2_ENSG00000197157,SND1,0.0065992884
8192_SMURF1_P1P2_ENSG00000198742,SMURF1,0.0065985257
11050_non-targeting_non-targeting_non-targeting,non-targeting,0.00659581
5002_METTL2B_P2_ENSG00000165055,METTL2B,0.0065921317
3692_HEPH_P1P2_ENSG00000089472,HEPH,0.006591545
10453_ZNF565_P1P2_ENSG00000196357,ZNF565,0.0065874737
10734_ZSWIM8_P1P2_ENSG00000214655,ZSWIM8,0.006582436
688_ATP7A_P1P2_ENSG00000165240,ATP7A,0.006579877
4979_MESP1_P1P2_ENSG00000166823,MESP1,0.0065792985
145_COQ8B_P1P2_ENSG00000123815,COQ8B,0.0065774373
3717_HHEX_P1P2_ENSG00000152804,HHEX,0.0065768925
2745_ESX1_P1P2_ENSG00000123576,ESX1,0.0065747183
1472_CELF1_P1P2_ENSG00000149187,CELF1,0.0065724454
1228_CBX1_P1P2_ENSG00000108468,CBX1,0.0065715057
7153_RBM12B_P1P2_ENSG00000183808,RBM12B,0.0065679234
5844_NT5DC3_P1P2_ENSG00000111696,NT5DC3,0.006564886
3725_HIF1A_P1P2_ENSG00000100644,HIF1A,0.006564271
6218_PER3_P1P2_ENSG00000049246,PER3,0.0065592597
7771_SENP1_P1P2_ENSG00000079387,SENP1,0.006557759
10143_ZMYM2_P1P2_ENSG00000121741,ZMYM2,0.006552359
3495_GPBP1_P1P2_ENSG00000062194,GPBP1,0.0065508797
6151_PDCD10_P1P2_ENSG00000114209,PDCD10,0.006549102
8830_TEX2_P1P2_ENSG00000136478,TEX2,0.0065489155
2153_DENND4C_ENST00000602925.1_ENSG00000137145,DENND4C,0.0065372526
4105_IMMP2L_P1P2_ENSG00000184903,IMMP2L,0.006532863
5914_OAF_P1P2_ENSG00000184232,OAF,0.0065328316
10962_non-targeting_non-targeting_non-targeting,non-targeting,0.0065321224
9900_XPO7_P1P2_ENSG00000130227,XPO7,0.006528712
2231_DIS3L2_P1P2_ENSG00000144535,DIS3L2,0.006527997
1711_CNN1_P2_ENSG00000130176,CNN1,0.0065279924
6729_PRDM5_P1P2_ENSG00000138738,PRDM5,0.0065197134
9405_TTL_P1P2_ENSG00000114999,TTL,0.0065160417
9105_TMF1_P1P2_ENSG00000144747,TMF1,0.006502155
1954_CTSZ_P1P2_ENSG00000101160,CTSZ,0.006500438
10781_non-targeting_non-targeting_non-targeting,non-targeting,0.0064974586
740_B9D1_P1P2_ENSG00000108641,B9D1,0.006495144
10641_ZNF791_P1P2_ENSG00000173875,ZNF791,0.0064924248
5186_MRC2_P1P2_ENSG00000011028,MRC2,0.0064902385
3955_HSD17B8_P1P2_ENSG00000204228,HSD17B8,0.006488954
4114_IMPDH1_P1_ENSG00000106348,IMPDH1,0.006479306
380_AP3D1_P1P2_ENSG00000065000,AP3D1,0.006466593
10036_ZCCHC4_P1P2_ENSG00000168228,ZCCHC4,0.0064528207
5530_NDUFA10_P1P2_ENSG00000130414,NDUFA10,0.006449921
5056_MICALL1_P1P2_ENSG00000100139,MICALL1,0.006446656
8011_SLC25A4_P1P2_ENSG00000151729,SLC25A4,0.006440321
"2019_DACH2_ENST00000373125.4,ENST00000373131.1_ENSG00000126733",DACH2,0.0064369235
2761_ETV2_P1P2_ENSG00000105672,ETV2,0.006429024
7060_RAD18_P1P2_ENSG00000070950,RAD18,0.0064179357
5607_NETO2_P1P2_ENSG00000171208,NETO2,0.006415063
3295_GATA4_P1P2_ENSG00000136574,GATA4,0.006415006
9251_TRAPPC6A_P1P2_ENSG00000007255,TRAPPC6A,0.0064036017
10565_ZNF701_P1P2_ENSG00000167562,ZNF701,0.0063965702
5829_NSMCE2_P1P2_ENSG00000156831,NSMCE2,0.006390345
7671_SBNO2_P2_ENSG00000064932,SBNO2,0.0063888687
8728_TBCC_P1P2_ENSG00000124659,TBCC,0.006384001
1590_CHM_P1P2_ENSG00000188419,CHM,0.0063824
1494_CEP104_P1P2_ENSG00000116198,CEP104,0.006381877
6460_PLRG1_P1P2_ENSG00000171566,PLRG1,0.0063816584
6707_PPTC7_P1P2_ENSG00000196850,PPTC7,0.0063791857
6134_PCMTD2_P1P2_ENSG00000203880,PCMTD2,0.0063775307
3272_GALNT5_P1P2_ENSG00000136542,GALNT5,0.006372974
367_AP1B1_P1P2_ENSG00000100280,AP1B1,0.006369246
3516_GPRIN1_P1P2_ENSG00000169258,GPRIN1,0.006366018
6616_PPFIA1_P1P2_ENSG00000131626,PPFIA1,0.006363764
375_AP2B1_P1P2_ENSG00000006125,AP2B1,0.0063632336
4891_MCCC1_P1P2_ENSG00000078070,MCCC1,0.006363184
2014_CYTH3_P1P2_ENSG00000008256,CYTH3,0.006362577
10137_ZMAT3_P1P2_ENSG00000172667,ZMAT3,0.0063624056
292_AMHR2_P1P2_ENSG00000135409,AMHR2,0.006361601
10627_ZNF778_P1P2_ENSG00000170100,ZNF778,0.006359999
869_BOLA1_P1_ENSG00000178096,BOLA1,0.0063548586
160_ADORA2B_P1P2_ENSG00000170425,ADORA2B,0.0063500633
8263_SOCS2_P1P2_ENSG00000120833,SOCS2,0.006349028
9572_UFSP1_P1P2_ENSG00000176125,UFSP1,0.006340788
3157_FOXF1_P1P2_ENSG00000103241,FOXF1,0.0063399468
6665_PPP1R18_P1_ENSG00000146112,PPP1R18,0.0063350345
6884_PSMG2_P1P2_ENSG00000128789,PSMG2,0.0063324096
7104_RAP1GDS1_P1P2_ENSG00000138698,RAP1GDS1,0.0063316394
9018_TMEM170A_P1P2_ENSG00000166822,TMEM170A,0.0063311877
1055_C1orf61_P1_ENSG00000125462,C1orf61,0.006330989
3776_HIST1H4A_ENST00000359907.3_ENSG00000278637,HIST1H4A,0.0063305115
1883_CRY1_P1P2_ENSG00000008405,CRY1,0.006324241
5582_NECAP2_P1P2_ENSG00000157191,NECAP2,0.0063237883
1450_CDKN2C_P2_ENSG00000123080,CDKN2C,0.0063183713
2749_ETAA1_P1P2_ENSG00000143971,ETAA1,0.0063118776
10575_ZNF707_P1P2_ENSG00000181135,ZNF707,0.0063025956
11212_non-targeting_non-targeting_non-targeting,non-targeting,0.0063014557
4422_KLF6_P1P2_ENSG00000067082,KLF6,0.0062880307
3197_FPGT_P1P2_ENSG00000254685,FPGT,0.00628789
6136_PCNP_P1P2_ENSG00000081154,PCNP,0.0062875906
202_AHCYL1_P1_ENSG00000168710,AHCYL1,0.006287296
337_ANKRD36C_P1P2_ENSG00000174501,ANKRD36C,0.006287181
7575_RSL1D1_P2_ENSG00000171490,RSL1D1,0.0062865163
3729_HIGD2A_P1P2_ENSG00000146066,HIGD2A,0.0062858784
10744_ZYX_P1P2_ENSG00000159840,ZYX,0.0062828884
7289_RHOA_P1P2_ENSG00000067560,RHOA,0.0062816814
8550_STX16_P1P2_ENSG00000124222,STX16,0.0062816027
11308_non-targeting_non-targeting_non-targeting,non-targeting,0.006279591
1539_CFLAR_P2_ENSG00000003402,CFLAR,0.006276695
10777_non-targeting_non-targeting_non-targeting,non-targeting,0.006276077
1039_CZIB_P1P2_ENSG00000162384,CZIB,0.0062743155
10343_ZNF418_P1P2_ENSG00000196724,ZNF418,0.0062729344
10236_ZNF24_P1P2_ENSG00000172466,ZNF24,0.00627021
11014_non-targeting_non-targeting_non-targeting,non-targeting,0.006268815
3727_HIF3A_P2_ENSG00000124440,HIF3A,0.006262785
5001_METTL2A_P1P2_ENSG00000087995,METTL2A,0.006261831
6986_QPRT_P2_ENSG00000103485,QPRT,0.0062609287
6874_PSMD6_P1P2_ENSG00000163636,PSMD6,0.006258361
3829_HMGB2_P1P2_ENSG00000164104,HMGB2,0.006258066
4774_MAGEH1_P1P2_ENSG00000187601,MAGEH1,0.0062530534
10278_ZNF30_P1P2_ENSG00000168661,ZNF30,0.006248673
6325_PICALM_P1P2_ENSG00000073921,PICALM,0.0062486064
7069_RAD51D_P1P2_ENSG00000185379,RAD51D,0.006246612
2390_DTNBP1_P1P2_ENSG00000047579,DTNBP1,0.006236975
3169_FOXL1_P1P2_ENSG00000176678,FOXL1,0.0062343595
10154_ZNF106_ENST00000263805.4_ENSG00000103994,ZNF106,0.006229443
7056_RAC2_P1P2_ENSG00000128340,RAC2,0.0062261373
8713_TBC1D22B_P1P2_ENSG00000065491,TBC1D22B,0.006221131
2217_DHX8_P1P2_ENSG00000067596,DHX8,0.0062207705
3145_FOXB1_P1P2_ENSG00000171956,FOXB1,0.0062191715
11142_non-targeting_non-targeting_non-targeting,non-targeting,0.0062174574
9904_XRCC2_P1P2_ENSG00000196584,XRCC2,0.006210669
10203_ZNF208_P1P2_ENSG00000160321,ZNF208,0.0062080594
2995_FBXL19_P1P2_ENSG00000099364,FBXL19,0.006207725
837_BIRC5_P1P2_ENSG00000089685,BIRC5,0.0062067076
395_APBB3_P1P2_ENSG00000113108,APBB3,0.00620669
3581_GTF2IRD2_ENST00000405086.2_ENSG00000196275,GTF2IRD2,0.006200932
10357_ZNF436_P1_ENSG00000125945,ZNF436,0.006200609
4634_LPGAT1_P1P2_ENSG00000123684,LPGAT1,0.006187165
9448_TXNDC11_P1P2_ENSG00000153066,TXNDC11,0.006185576
7350_RNF141_P1P2_ENSG00000110315,RNF141,0.0061819125
8554_STX2_P1P2_ENSG00000111450,STX2,0.0061817374
10665_ZNF835_P1P2_ENSG00000127903,ZNF835,0.006180266
2288_DNAJC13_P1P2_ENSG00000138246,DNAJC13,0.0061700833
10381_ZNF469_ENST00000437464.1_ENSG00000225614,ZNF469,0.006167228
9150_TNPO2_P1_ENSG00000105576,TNPO2,0.006161376
8494_STAT1_P1P2_ENSG00000115415,STAT1,0.006155832
8189_SMTN_P1P2_ENSG00000183963,SMTN,0.006153288
747_BAG2_P1P2_ENSG00000112208,BAG2,0.0061532743
744_BACH2_P1P2_ENSG00000112182,BACH2,0.006150226
10214_ZNF221_P1P2_ENSG00000159905,ZNF221,0.006141191
10640_ZNF790_P2_ENSG00000197863,ZNF790,0.0061398256
7870_SH2D2A_P1_ENSG00000027869,SH2D2A,0.00613751
7259_RFX2_P1P2_ENSG00000087903,RFX2,0.0061334674
10924_non-targeting_non-targeting_non-targeting,non-targeting,0.006133008
7349_RNF13_P1P2_ENSG00000082996,RNF13,0.006130933
143_ADCK2_P1P2_ENSG00000133597,ADCK2,0.00612744
1854_CRAT_P1P2_ENSG00000095321,CRAT,0.0061238646
8840_TFB1M_P1P2_ENSG00000029639,TFB1M,0.006122096
6911_PTGFRN_P1P2_ENSG00000134247,PTGFRN,0.0061186114
6666_PPP1R26_P1P2_ENSG00000196422,PPP1R26,0.0061115627
6158_PDCD6IP_P1P2_ENSG00000170248,PDCD6IP,0.006108733
8502_STAU2_P1P2_ENSG00000040341,STAU2,0.006106453
2614_EMC4_P1P2_ENSG00000128463,EMC4,0.006106368
7137_RBAK-RBAKDN_ENST00000407184.1_nan,RBAK-RBAKDN,0.0061039566
2278_DNAJB11_P1P2_ENSG00000090520,DNAJB11,0.006103314
10800_non-targeting_non-targeting_non-targeting,non-targeting,0.0060996185
7301_RHPN1_P1P2_ENSG00000158106,RHPN1,0.006096356
3976_HSPA4L_P1P2_ENSG00000164070,HSPA4L,0.0060917265
4989_CSKMT_P1P2_ENSG00000214756,CSKMT,0.0060826233
527_ARMCX5_P1P2_ENSG00000125962,ARMCX5,0.006072603
8134_SMAD6_P1P2_ENSG00000137834,SMAD6,0.0060724798
4010_ICAM2_P1P2_ENSG00000108622,ICAM2,0.0060714562
9984_ZBTB26_P1P2_ENSG00000171448,ZBTB26,0.0060670464
11182_non-targeting_non-targeting_non-targeting,non-targeting,0.0060585286
1645_CLDN7_P1P2_ENSG00000181885,CLDN7,0.006057763
9699_VAMP8_P1_ENSG00000118640,VAMP8,0.006055652
9188_TOX4_P1P2_ENSG00000092203,TOX4,0.00604597
6845_PSMA5_P1P2_ENSG00000143106,PSMA5,0.006045585
7684_SCAND1_P1P2_ENSG00000171222,SCAND1,0.0060405335
2808_F12_P1_ENSG00000131187,F12,0.0060400646
9006_TMEM14C_P1P2_ENSG00000111843,TMEM14C,0.006029341
7297_RHOT2_P1P2_ENSG00000140983,RHOT2,0.0060292906
7712_SCYL2_P1P2_ENSG00000136021,SCYL2,0.006027138
2821_FAHD1_P1P2_ENSG00000180185,FAHD1,0.0060268156
5333_MTMR2_P1P2_ENSG00000087053,MTMR2,0.006025713
7115_RARG_P2_ENSG00000172819,RARG,0.006025266
2659_EPAS1_P1P2_ENSG00000116016,EPAS1,0.006023836
2709_ERI2_P1P2_ENSG00000196678,ERI2,0.0060215006
2590_ELK3_P1P2_ENSG00000111145,ELK3,0.0060057756
"5407_MYRFL_ENST00000299350.4,ENST00000548892.1_ENSG00000166268",MYRFL,0.0060042054
5010_METTL9_P1P2_ENSG00000197006,METTL9,0.0060030944
2903_FAM210B_P1P2_ENSG00000124098,FAM210B,0.0060016853
5479_NBEAL2_P2_ENSG00000160796,NBEAL2,0.006001362
5714_NME6_P1P2_ENSG00000172113,NME6,0.0060001956
5939_OLIG3_P1P2_ENSG00000177468,OLIG3,0.005990615
8774_TCF12_P2_ENSG00000140262,TCF12,0.005990138
2210_DHX34_P1P2_ENSG00000134815,DHX34,0.0059779864
2377_DSC2_P1P2_ENSG00000134755,DSC2,0.005976749
748_BAG3_P1P2_ENSG00000151929,BAG3,0.005974571
11151_non-targeting_non-targeting_non-targeting,non-targeting,0.005970689
2243_DLL3_P1P2_ENSG00000090932,DLL3,0.0059664343
1267_CCDC169_P1P2_ENSG00000242715,CCDC169,0.0059662466
4467_KRBA1_P1P2_ENSG00000133619,KRBA1,0.0059597194
440_ARF4_P1P2_ENSG00000168374,ARF4,0.005956619
10964_non-targeting_non-targeting_non-targeting,non-targeting,0.0059557273
10778_non-targeting_non-targeting_non-targeting,non-targeting,0.005955432
8632_SYP_P1P2_ENSG00000102003,SYP,0.005952641
9989_ZBTB37_P1P2_ENSG00000185278,ZBTB37,0.00594999
759_BANP_P1P2_ENSG00000172530,BANP,0.005948249
10325_ZNF385B_P1P2_ENSG00000144331,ZNF385B,0.005946466
841_BLCAP_P1P2_ENSG00000166619,BLCAP,0.005924893
9385_TTC32_P1P2_ENSG00000183891,TTC32,0.0059162993
798_BCL2L11_P2_ENSG00000153094,BCL2L11,0.005912807
6455_PLK4_P1P2_ENSG00000142731,PLK4,0.005908197
5168_MPI_P1P2_ENSG00000178802,MPI,0.0059046303
3855_HNRNPA0_P1P2_ENSG00000177733,HNRNPA0,0.0059011495
3627_HAND1_P1P2_ENSG00000113196,HAND1,0.00589718
2770_EVL_P2_ENSG00000196405,EVL,0.0058951546
5081_MIPOL1_P1P2_ENSG00000151338,MIPOL1,0.0058942493
1210_CASS4_P1P2_ENSG00000087589,CASS4,0.0058922977
8237_SNW1_P2_ENSG00000100603,SNW1,0.005892028
3228_FUT8_P1P2_ENSG00000033170,FUT8,0.00589107
276_ALKBH3_P1P2_ENSG00000166199,ALKBH3,0.0058907126
3619_HACE1_P1P2_ENSG00000085382,HACE1,0.005890168
7216_RDH13_P1_ENSG00000160439,RDH13,0.005889589
11034_non-targeting_non-targeting_non-targeting,non-targeting,0.0058892593
1452_CDKN2D_P1P2_ENSG00000129355,CDKN2D,0.005886468
10354_ZNF431_P1P2_ENSG00000196705,ZNF431,0.005884988
9078_TMEM52_P1P2_ENSG00000178821,TMEM52,0.0058791507
4068_IGF2R_P1P2_ENSG00000197081,IGF2R,0.0058781514
6733_PRDM9_P1P2_ENSG00000164256,PRDM9,0.0058758254
7959_SLC12A5_P1_ENSG00000124140,SLC12A5,0.005873253
103_ACSS2_P1P2_ENSG00000131069,ACSS2,0.005872635
1784_COPS7B_P2_ENSG00000144524,COPS7B,0.0058722394
4819_MAP4K4_P1P2_ENSG00000071054,MAP4K4,0.0058707786
514_ARL6IP1_P2_ENSG00000170540,ARL6IP1,0.005868244
233_AKAP8_P1P2_ENSG00000105127,AKAP8,0.005866458
5431_NAA40_P1P2_ENSG00000110583,NAA40,0.0058614053
4385_KIF20B_P1P2_ENSG00000138182,KIF20B,0.005858498
5295_MSX2_P1P2_ENSG00000120149,MSX2,0.0058544823
8026_SLC2A1_P1P2_ENSG00000117394,SLC2A1,0.00585443
8216_SNRNP200_P1P2_ENSG00000144028,SNRNP200,0.0058537633
10257_ZNF276_P1P2_ENSG00000158805,ZNF276,0.005852871
10145_ZMYM3_P2_ENSG00000147130,ZMYM3,0.0058508874
2494_EFCAB2_P1P2_ENSG00000203666,EFCAB2,0.0058506844
3968_HSP90AB1_P1P2_ENSG00000096384,HSP90AB1,0.005849962
1556_CHD1_P1P2_ENSG00000153922,CHD1,0.0058397125
1432_CDK2_P1P2_ENSG00000123374,CDK2,0.005832463
8396_SRBD1_P1P2_ENSG00000068784,SRBD1,0.005831133
6011_OXR1_ENST00000312046.6_ENSG00000164830,OXR1,0.0058309785
3597_GTSE1_P1P2_ENSG00000075218,GTSE1,0.0058301147
10430_ZNF540_P2_ENSG00000171817,ZNF540,0.005828457
8348_SPG11_P1P2_ENSG00000104133,SPG11,0.0058270073
208_AHNAK_P1_ENSG00000124942,AHNAK,0.0058225556
5827_NSMAF_P1P2_ENSG00000035681,NSMAF,0.005821378
1304_CCDC88C_P1P2_ENSG00000015133,CCDC88C,0.005819937
3269_GALNT12_P1P2_ENSG00000119514,GALNT12,0.0058196257
2636_ENDOG_P1P2_ENSG00000167136,ENDOG,0.005817814
10906_non-targeting_non-targeting_non-targeting,non-targeting,0.005815452
2043_DBP_P1P2_ENSG00000105516,DBP,0.005808923
10518_ZNF630_P1P2_ENSG00000221994,ZNF630,0.0058078542
1302_CCDC88A_P1P2_ENSG00000115355,CCDC88A,0.005800799
463_ARHGAP21_P1P2_ENSG00000107863,ARHGAP21,0.005795105
241_AKR1C1_P1P2_ENSG00000187134,AKR1C1,0.0057946527
8859_TGFB1_P1P2_ENSG00000105329,TGFB1,0.005790219
2833_FAM111A_P1_ENSG00000166801,FAM111A,0.0057887714
8843_TFCP2_P1P2_ENSG00000135457,TFCP2,0.005786401
5608_NEU1_P1P2_ENSG00000204386,NEU1,0.0057806047
10766_non-targeting_non-targeting_non-targeting,non-targeting,0.005773243
5335_MTMR4_P2_ENSG00000108389,MTMR4,0.005766571
6293_PHF7_P1P2_ENSG00000010318,PHF7,0.0057646916
7903_SHQ1_P1P2_ENSG00000144736,SHQ1,0.0057600695
2859_FAM13A_ENST00000264344.5_ENSG00000138640,FAM13A,0.005757654
4457_KPNA1_P1_ENSG00000114030,KPNA1,0.005755394
6087_PATZ1_P1_ENSG00000100105,PATZ1,0.0057519763
10650_ZNF805_P1P2_ENSG00000204524,ZNF805,0.005749953
10373_ZNF451_P1P2_ENSG00000112200,ZNF451,0.00574648
5088_MIXL1_P1P2_ENSG00000185155,MIXL1,0.005745358
9759_VPS45_P1P2_ENSG00000136631,VPS45,0.005743205
2575_EIF5AL1_P1P2_ENSG00000253626,EIF5AL1,0.005739335
5716_NMI_P1P2_ENSG00000123609,NMI,0.005731428
7924_SIRT3_P1P2_ENSG00000142082,SIRT3,0.00572963
3129_FNIP1_P1P2_ENSG00000217128,FNIP1,0.0057287356
10545_ZNF677_P1P2_ENSG00000197928,ZNF677,0.0057261856
1900_CSNK1E_P1P2_ENSG00000213923,CSNK1E,0.0057253623
10608_ZNF75A_P1P2_ENSG00000162086,ZNF75A,0.0057246075
7614_RXRB_P1P2_ENSG00000204231,RXRB,0.005723027
10284_ZNF320_P1P2_ENSG00000182986,ZNF320,0.00572159
2901_FAM20B_P1P2_ENSG00000116199,FAM20B,0.0057166065
1414_CDCA4_P1P2_ENSG00000170779,CDCA4,0.0057111173
6305_PHOSPHO2_P1P2_ENSG00000144362,PHOSPHO2,0.0057093403
371_AP1S1_P1P2_ENSG00000106367,AP1S1,0.005708753
8444_SS18L2_P1P2_ENSG00000008324,SS18L2,0.0057077883
3903_HOXB5_P1P2_ENSG00000120075,HOXB5,0.00570442
3890_HOXA2_P1P2_ENSG00000105996,HOXA2,0.0057039396
10423_ZNF528_P1P2_ENSG00000167555,ZNF528,0.0056977756
3146_FOXB2_ENST00000376708.1_ENSG00000204612,FOXB2,0.0056958613
8025_SLC2A13_P1P2_ENSG00000151229,SLC2A13,0.005691357
9955_YWHAQ_P1P2_ENSG00000134308,YWHAQ,0.005691207
2058_DCAF6_P1P2_ENSG00000143164,DCAF6,0.005688623
11325_non-targeting_non-targeting_non-targeting,non-targeting,0.0056848186
631_ATL3_P1P2_ENSG00000184743,ATL3,0.005684816
10493_ZNF600_P1P2_ENSG00000189190,ZNF600,0.005683894
7048_RABGAP1_P1P2_ENSG00000011454,RABGAP1,0.0056838337
1391_CDC23_P1P2_ENSG00000094880,CDC23,0.005682457
8147_SMARCB1_P2_ENSG00000099956,SMARCB1,0.005682381
4827_MAPK1IP1L_P1P2_ENSG00000168175,MAPK1IP1L,0.005677154
6016_P2RX5_P1P2_ENSG00000083454,P2RX5,0.005674323
9079_TMEM53_P1P2_ENSG00000126106,TMEM53,0.005671778
1379_CD81_P1_ENSG00000110651,CD81,0.0056715463
3440_GNG10_P1P2_ENSG00000242616,GNG10,0.005670081
2077_DCTN5_P1P2_ENSG00000166847,DCTN5,0.005662753
7197_RCBTB2_P1P2_ENSG00000136161,RCBTB2,0.005662585
4481_KRTAP4-7_ENST00000391417.4_ENSG00000240871,KRTAP4-7,0.0056610866
5523_NDFIP1_P1P2_ENSG00000131507,NDFIP1,0.005657094
4235_ITPKA_P1P2_ENSG00000137825,ITPKA,0.0056546563
11070_non-targeting_non-targeting_non-targeting,non-targeting,0.005652961
10264_ZNF282_P1P2_ENSG00000170265,ZNF282,0.0056497175
10129_ZKSCAN3_P1P2_ENSG00000189298,ZKSCAN3,0.005648654
11233_non-targeting_non-targeting_non-targeting,non-targeting,0.0056479555
5944_OPA1_P1P2_ENSG00000198836,OPA1,0.0056471643
8458_SSRP1_P1P2_ENSG00000149136,SSRP1,0.005644065
4075_IGSF8_P1P2_ENSG00000162729,IGSF8,0.0056426395
7986_SLC25A16_P1P2_ENSG00000122912,SLC25A16,0.005638669
95_ACP2_P1P2_ENSG00000134575,ACP2,0.005636304
2137_DECR1_P1P2_ENSG00000104325,DECR1,0.0056352005
1761_COMMD4_P1P2_ENSG00000140365,COMMD4,0.0056350185
932_BTNL9_P1_ENSG00000165810,BTNL9,0.0056328247
1841_INTS11_P1P2_ENSG00000127054,INTS11,0.0056289504
10642_ZNF792_P1P2_ENSG00000180884,ZNF792,0.005622936
4101_ILKAP_P1P2_ENSG00000132323,ILKAP,0.0056222607
6292_PHF6_P1P2_ENSG00000156531,PHF6,0.0056201257
3419_GMFB_P1P2_ENSG00000197045,GMFB,0.0056073894
1623_CITED2_P1P2_ENSG00000164442,CITED2,0.0056073754
7953_SLC10A7_P1P2_ENSG00000120519,SLC10A7,0.005604766
9746_VPS26B_P1P2_ENSG00000151502,VPS26B,0.005603675
3572_GTF2F2_P1P2_ENSG00000188342,GTF2F2,0.005599009
8935_TJAP1_P1_ENSG00000137221,TJAP1,0.0055982633
10828_non-targeting_non-targeting_non-targeting,non-targeting,0.0055981004
1036_C1orf109_P2_ENSG00000116922,C1orf109,0.005598076
8309_SP4_P1P2_ENSG00000105866,SP4,0.0055871457
8758_TBX5_P2_ENSG00000089225,TBX5,0.005578459
10465_ZNF575_P1P2_ENSG00000176472,ZNF575,0.0055775773
7749_SEC31A_P2_ENSG00000138674,SEC31A,0.005576808
672_ATP6V0A1_P1P2_ENSG00000033627,ATP6V0A1,0.005576426
6361_PIKFYVE_P1P2_ENSG00000115020,PIKFYVE,0.005576369
11175_non-targeting_non-targeting_non-targeting,non-targeting,0.005573529
6105_PBX3_P1P2_ENSG00000167081,PBX3,0.0055730008
4466_KRAS_P1P2_ENSG00000133703,KRAS,0.005572663
465_ARHGAP24_P1P2_ENSG00000138639,ARHGAP24,0.0055720983
2683_EPS8L1_P1_ENSG00000131037,EPS8L1,0.005568799
2216_DHX57_P1P2_ENSG00000163214,DHX57,0.005564612
6564_POLR3K_P1P2_ENSG00000161980,POLR3K,0.0055629816
290_AMDHD2_P1P2_ENSG00000162066,AMDHD2,0.0055596414
4182_IRF1_P1P2_ENSG00000125347,IRF1,0.0055588614
6056_PANK3_P1P2_ENSG00000120137,PANK3,0.005558425
1151_CADM4_P1P2_ENSG00000105767,CADM4,0.0055573685
6003_OVOL1_P1P2_ENSG00000172818,OVOL1,0.0055555683
6101_PBK_P1P2_ENSG00000168078,PBK,0.005554513
3507_GPR137_P1_ENSG00000173264,GPR137,0.005544727
833_BICD2_P1P2_ENSG00000185963,BICD2,0.005541626
6490_PNMA8A_P1P2_ENSG00000182013,PNMA8A,0.005540119
9537_UBLCP1_P1P2_ENSG00000164332,UBLCP1,0.0055390405
5522_NDEL1_P1P2_ENSG00000166579,NDEL1,0.005537379
6122_PCGF2_P1_ENSG00000277258,PCGF2,0.005536356
9856_WDYHV1_P1P2_ENSG00000156795,WDYHV1,0.005536137
4025_IDH3A_P2_ENSG00000166411,IDH3A,0.0055331835
870_BOLA1_P2_ENSG00000178096,BOLA1,0.0055309264
3077_FGGY_P1P2_ENSG00000172456,FGGY,0.005530054
5926_OFD1_P1P2_ENSG00000046651,OFD1,0.0055298856
556_ARVCF_P2_ENSG00000099889,ARVCF,0.005529763
7292_RHOC_P1P2_ENSG00000155366,RHOC,0.0055297553
4656_LRRC14_P2_ENSG00000160959,LRRC14,0.0055233063
8958_TM9SF1_P2_ENSG00000100926,TM9SF1,0.00552207
7088_RALGDS_P2_ENSG00000160271,RALGDS,0.005521299
9634_USP13_P1P2_ENSG00000058056,USP13,0.005520096
6243_PFKFB4_P1P2_ENSG00000114268,PFKFB4,0.005516167
3030_FBXO8_P2_ENSG00000164117,FBXO8,0.005516145
1646_CLDND1_P1P2_ENSG00000080822,CLDND1,0.005515925
3437_GNB2_P1P2_ENSG00000172354,GNB2,0.0055151335
4079_IKBKE_P1P2_ENSG00000263528,IKBKE,0.005514805
2816_FADS2_P2_ENSG00000134824,FADS2,0.005513972
7215_RDH13_P2_ENSG00000160439,RDH13,0.005513935
9605_UQCC1_P1P2_ENSG00000101019,UQCC1,0.005512675
3150_FOXD2_P1P2_ENSG00000186564,FOXD2,0.0055101165
2112_DDX23_P1P2_ENSG00000174243,DDX23,0.0055076443
5803_NR5A2_P1_ENSG00000116833,NR5A2,0.0055073425
2327_DOCK9_P1P2_ENSG00000088387,DOCK9,0.0055003604
2142_DEF6_P1P2_ENSG00000023892,DEF6,0.005500324
10238_ZNF251_P1P2_ENSG00000198169,ZNF251,0.0054896944
8981_TMEM101_P1P2_ENSG00000091947,TMEM101,0.005482602
2411_DUSP7_P1_ENSG00000164086,DUSP7,0.0054792776
4961_MEF2B_P1P2_ENSG00000213999,MEF2B,0.0054790517
7984_SLC25A14_P1P2_ENSG00000102078,SLC25A14,0.0054738047
6204_PDZD11_P1P2_ENSG00000120509,PDZD11,0.0054684803
7149_RBL1_P1P2_ENSG00000080839,RBL1,0.0054676193
"7600_RUNX1_ENST00000300305.3,ENST00000437180.1_ENSG00000159216",RUNX1,0.0054672374
8421_SRPK2_P2_ENSG00000135250,SRPK2,0.005465699
3867_HNRNPH2_P1P2_ENSG00000126945,HNRNPH2,0.0054639503
7428_RPGRIP1L_P1P2_ENSG00000103494,RPGRIP1L,0.005460303
3963_HSFX1_ENST00000370416.4_ENSG00000171116,HSFX1,0.0054599796
7995_SLC25A25_ENST00000373064.5_ENSG00000148339,SLC25A25,0.005452987
8209_SNAPC5_P1P2_ENSG00000174446,SNAPC5,0.0054438515
6818_PRRC1_P1P2_ENSG00000164244,PRRC1,0.0054433993
6048_PALM3_ENST00000340790.4_ENSG00000187867,PALM3,0.0054432666
9658_USP40_P1P2_ENSG00000085982,USP40,0.005442554
6247_PFKM_P2_ENSG00000152556,PFKM,0.0054416712
6230_PEX26_P1P2_ENSG00000215193,PEX26,0.005441431
4297_KCNIP3_ENST00000468529.1_ENSG00000115041,KCNIP3,0.005429811
4560_LGALS1_P1_ENSG00000100097,LGALS1,0.005425202
7133_RAX_P1P2_ENSG00000134438,RAX,0.0054241447
9871_WNT5B_ENST00000397196.2_ENSG00000111186,WNT5B,0.005423651
6209_PECR_P1P2_ENSG00000115425,PECR,0.005420483
6609_PPARG_P1_ENSG00000132170,PPARG,0.005417039
8779_TCF21_P1P2_ENSG00000118526,TCF21,0.0054158517
7848_SFXN2_P1P2_ENSG00000156398,SFXN2,0.005412756
6930_PTPN4_P1P2_ENSG00000088179,PTPN4,0.0054124915
9669_USP53_P1P2_ENSG00000145390,USP53,0.005409678
7736_SEC14L1_P1_ENSG00000129657,SEC14L1,0.005408462
1609_CIAO1_P1P2_ENSG00000144021,CIAO1,0.005404521
10537_ZNF668_ENST00000417110.2_ENSG00000167394,ZNF668,0.005384197
11287_non-targeting_non-targeting_non-targeting,non-targeting,0.0053823977
8146_SMARCB1_P1_ENSG00000099956,SMARCB1,0.0053663123
3153_FOXD4L1_ENST00000306507.5_ENSG00000184492,FOXD4L1,0.005352701
10217_ZNF224_P1P2_ENSG00000267680,ZNF224,0.0053523905
9101_TMEM98_P1P2_ENSG00000006042,TMEM98,0.005350702
3394_GLI4_P1P2_ENSG00000250571,GLI4,0.005349244
1226_CBS_P1P2_ENSG00000160200,CBS,0.0053423834
8428_SRSF10_P1P2_ENSG00000188529,SRSF10,0.00534143
2054_DCAF17_P1P2_ENSG00000115827,DCAF17,0.0053374595
4328_KDM5B_P1P2_ENSG00000117139,KDM5B,0.0053342045
4801_MAP2K2_P1P2_ENSG00000126934,MAP2K2,0.0053323936
6864_PSMD10_P1P2_ENSG00000101843,PSMD10,0.0053214217
4812_MAP3K5_P1P2_ENSG00000197442,MAP3K5,0.005313268
3913_HOXC13_P1P2_ENSG00000123364,HOXC13,0.0053085284
9993_ZBTB3_P1P2_ENSG00000185670,ZBTB3,0.005306866
3789_HIST2H2BF_P1P2_ENSG00000203814,HIST2H2BF,0.005299448
4477_KRT19_P1P2_ENSG00000171345,KRT19,0.0052953446
9800_WDFY2_P1P2_ENSG00000139668,WDFY2,0.005292639
4703_LTB4R2_P1P2_ENSG00000213906,LTB4R2,0.0052917087
8419_SRPK1_P1P2_ENSG00000096063,SRPK1,0.005290921
3351_GGA1_P1P2_ENSG00000100083,GGA1,0.005287749
9403_TTLL4_P1P2_ENSG00000135912,TTLL4,0.0052833324
8345_SPEG_P2_ENSG00000072195,SPEG,0.0052801585
1335_CCNL2_P1P2_ENSG00000221978,CCNL2,0.0052794013
624_ATG4C_P1P2_ENSG00000125703,ATG4C,0.0052783964
10170_ZNF140_P1P2_ENSG00000196387,ZNF140,0.0052738995
10449_ZNF561_P1P2_ENSG00000171469,ZNF561,0.0052673295
1445_CDKL1_P1P2_ENSG00000100490,CDKL1,0.0052657435
4019_ID2_P2_ENSG00000115738,ID2,0.0052610696
2171_DGAT1_P1P2_ENSG00000185000,DGAT1,0.005259172
4726_LYPLAL1_P1P2_ENSG00000143353,LYPLAL1,0.0052591576
8329_SPATS2L_P1P2_ENSG00000196141,SPATS2L,0.0052582338
5398_MYO1C_P2_ENSG00000197879,MYO1C,0.0052487496
10812_non-targeting_non-targeting_non-targeting,non-targeting,0.005247234
6300_PHKG2_P1P2_ENSG00000156873,PHKG2,0.0052461987
7276_RGS16_P1P2_ENSG00000143333,RGS16,0.0052456004
5922_OCIAD1_P1P2_ENSG00000109180,OCIAD1,0.0052362927
7089_RALGPS2_P1P2_ENSG00000116191,RALGPS2,0.005234676
6065_PAQR3_P1P2_ENSG00000163291,PAQR3,0.0052336897
6418_PLCB1_P1P2_ENSG00000182621,PLCB1,0.0052332804
11016_non-targeting_non-targeting_non-targeting,non-targeting,0.005232623
4456_KNTC1_P1P2_ENSG00000184445,KNTC1,0.005230362
205_AHDC1_P1P2_ENSG00000126705,AHDC1,0.005228947
1710_CNN1_P1_ENSG00000130176,CNN1,0.0052226293
8314_SP9_P1P2_ENSG00000217236,SP9,0.0052169454
2853_RETREG2_P1P2_ENSG00000144567,RETREG2,0.005213789
10256_ZNF275_P1P2_ENSG00000063587,ZNF275,0.005210827
8812_TEF_P2_ENSG00000167074,TEF,0.0052099964
10012_ZBTB7C_P2_ENSG00000184828,ZBTB7C,0.0052094124
10865_non-targeting_non-targeting_non-targeting,non-targeting,0.0052053756
635_ATOH1_P1P2_ENSG00000172238,ATOH1,0.0052019036
9698_VAMP8_P2_ENSG00000118640,VAMP8,0.005200513
8402_SREBF2_P1P2_ENSG00000198911,SREBF2,0.005199203
3227_FUT1_P1P2_ENSG00000174951,FUT1,0.005196584
3659_HCLS1_P1P2_ENSG00000180353,HCLS1,0.0051956084
4734_LYZ_P1P2_ENSG00000090382,LYZ,0.0051912083
6156_PDCD4_P1_ENSG00000150593,PDCD4,0.005188391
10810_non-targeting_non-targeting_non-targeting,non-targeting,0.005184453
5597_NEK9_P1P2_ENSG00000119638,NEK9,0.0051840907
4870_MAVS_P2_ENSG00000088888,MAVS,0.005179701
10679_ZNF853_P2_ENSG00000236609,ZNF853,0.0051793964
7336_RNF10_P1P2_ENSG00000022840,RNF10,0.0051786057
11315_non-targeting_non-targeting_non-targeting,non-targeting,0.005177366
8754_TBX2_P1P2_ENSG00000121068,TBX2,0.0051724724
11148_non-targeting_non-targeting_non-targeting,non-targeting,0.0051638535
"1121_C7orf50_ENST00000357429.6,ENST00000397098.3,ENST00000397100.2_ENSG00000146540",C7orf50,0.00516184
7400_RNGTT_P1P2_ENSG00000111880,RNGTT,0.0051614437
10621_ZNF772_P1P2_ENSG00000197128,ZNF772,0.0051596556
10622_ZNF773_P1P2_ENSG00000152439,ZNF773,0.005156436
3686_HELLS_P1P2_ENSG00000119969,HELLS,0.0051558563
6964_PWWP2A_P1P2_ENSG00000170234,PWWP2A,0.005155015
11245_non-targeting_non-targeting_non-targeting,non-targeting,0.0051545035
3242_G3BP2_P1P2_ENSG00000138757,G3BP2,0.0051464774
7005_RAB11FIP1_P1P2_ENSG00000156675,RAB11FIP1,0.005144395
11236_non-targeting_non-targeting_non-targeting,non-targeting,0.0051431246
5034_MGAT1_P1_ENSG00000131446,MGAT1,0.005135509
7860_SGPL1_P1P2_ENSG00000166224,SGPL1,0.0051351413
692_ATP9B_P1P2_ENSG00000166377,ATP9B,0.0051291296
3209_FTH1_P1P2_ENSG00000167996,FTH1,0.0051276577
9889_XIAP_P1P2_ENSG00000101966,XIAP,0.0051239827
7957_SLC12A4_P1_ENSG00000124067,SLC12A4,0.0051211216
8343_SPECC1_ENST00000395527.4_ENSG00000128487,SPECC1,0.005121052
2017_DAB2_P1P2_ENSG00000153071,DAB2,0.005118024
1404_CDC42SE1_P1P2_ENSG00000197622,CDC42SE1,0.0051134606
3646_HBA2_P1_ENSG00000188536,HBA2,0.0051101814
7367_RNF185_P1P2_ENSG00000138942,RNF185,0.005109918
5452_NAGLU_P1P2_ENSG00000108784,NAGLU,0.0051013585
7672_SBNO2_P1_ENSG00000064932,SBNO2,0.005100206
3987_HSPG2_P1P2_ENSG00000142798,HSPG2,0.0050941017
9138_TNK2_P1_ENSG00000061938,TNK2,0.0050897943
2811_F2R_P1P2_ENSG00000181104,F2R,0.005085834
10996_non-targeting_non-targeting_non-targeting,non-targeting,0.0050782566
9961_ZBED1_P1P2_ENSG00000214717,ZBED1,0.0050756666
8250_SNX25_P1P2_ENSG00000109762,SNX25,0.0050714714
10761_non-targeting_non-targeting_non-targeting,non-targeting,0.005066404
6045_PAK2_P1P2_ENSG00000180370,PAK2,0.005064683
4642_LRFN1_P1P2_ENSG00000128011,LRFN1,0.0050640935
10295_ZNF333_P1P2_ENSG00000160961,ZNF333,0.00506052
8969_TMCO1_P1P2_ENSG00000143183,TMCO1,0.005058085
1312_CCDC9_P1P2_ENSG00000105321,CCDC9,0.0050532124
10526_ZNF649_P1P2_ENSG00000198093,ZNF649,0.0050523942
5397_MYO1C_P1_ENSG00000197879,MYO1C,0.005051547
3549_GSE1_P1P2_ENSG00000131149,GSE1,0.0050515397
5617_NEUROG3_P1P2_ENSG00000122859,NEUROG3,0.005050108
7071_RAD52_P1_ENSG00000002016,RAD52,0.005048525
5993_OTOP1_P1P2_ENSG00000163982,OTOP1,0.0050477004
3389_GLG1_P1P2_ENSG00000090863,GLG1,0.0050435364
10481_ZNF587B_ENST00000594901.1_ENSG00000269343,ZNF587B,0.0050406777
9033_TMEM199_P1P2_ENSG00000244045,TMEM199,0.005036498
927_BTG3_P1P2_ENSG00000154640,BTG3,0.005032018
6447_PLEKHM2_P1P2_ENSG00000116786,PLEKHM2,0.005031687
8573_SUCLG2_P1P2_ENSG00000172340,SUCLG2,0.0050297924
"4861_MAST4_ENST00000403625.2,ENST00000404260.3_ENSG00000069020",MAST4,0.0050290003
2752_ETFB_P2_ENSG00000105379,ETFB,0.005027725
388_AP5B1_P1P2_ENSG00000254470,AP5B1,0.0050229714
10346_ZNF420_P1P2_ENSG00000197050,ZNF420,0.005016249
9827_WDR53_P1P2_ENSG00000185798,WDR53,0.0050118286
3055_FEM1A_P1P2_ENSG00000141965,FEM1A,0.005008348
3902_HOXB4_P1P2_ENSG00000182742,HOXB4,0.00500628
6387_PITX3_P1P2_ENSG00000107859,PITX3,0.005003011
11149_non-targeting_non-targeting_non-targeting,non-targeting,0.0049957535
2930_SINHCAF_P1P2_ENSG00000139146,SINHCAF,0.004995277
865_BNIP3_P1P2_ENSG00000176171,BNIP3,0.00499327
2478_EDEM3_P1P2_ENSG00000116406,EDEM3,0.0049910517
7838_SF3B4_P1P2_ENSG00000143368,SF3B4,0.004981282
303_ANAPC13_P1P2_ENSG00000129055,ANAPC13,0.0049793716
6373_PIP5K1A_P1P2_ENSG00000143398,PIP5K1A,0.004978705
8043_SLC35B3_P1P2_ENSG00000124786,SLC35B3,0.0049781227
3138_FOSL1_P1P2_ENSG00000175592,FOSL1,0.0049780756
4984_METAP1_P1P2_ENSG00000164024,METAP1,0.004977133
7989_SLC25A1_P1P2_ENSG00000100075,SLC25A1,0.0049720146
7257_RFWD3_P1P2_ENSG00000168411,RFWD3,0.00496927
10611_ZNF763_P1P2_ENSG00000197054,ZNF763,0.004969199
3614_H2AFX_P1P2_ENSG00000188486,H2AFX,0.0049680774
163_ADPRHL2_P1P2_ENSG00000116863,ADPRHL2,0.004952289
2701_ERF_P1P2_ENSG00000105722,ERF,0.0049448144
9514_UBE2O_P1P2_ENSG00000175931,UBE2O,0.004941889
86_ACO1_P1P2_ENSG00000122729,ACO1,0.0049332054
6888_PSPC1_P1P2_ENSG00000121390,PSPC1,0.0049302005
8607_SUSD3_P1P2_ENSG00000157303,SUSD3,0.004929967
150_ADD2_P1P2_ENSG00000075340,ADD2,0.004922943
5421_EEF1AKMT1_P1P2_ENSG00000150456,EEF1AKMT1,0.004911984
2807_F11R_P2_ENSG00000158769,F11R,0.004902242
1857_CREB1_P1P2_ENSG00000118260,CREB1,0.0049019507
9536_UBL7_P1_ENSG00000138629,UBL7,0.004898177
196_AGPAT4_P1P2_ENSG00000026652,AGPAT4,0.0048962487
2625_EML2_P2_ENSG00000125746,EML2,0.004894662
4134_INPP5B_P2_ENSG00000204084,INPP5B,0.0048940233
7759_SEL1L3_P1P2_ENSG00000091490,SEL1L3,0.004890772
10320_ZNF382_P1P2_ENSG00000161298,ZNF382,0.0048903977
5634_NFE4_P1P2_ENSG00000230257,NFE4,0.0048877574
5648_NFKBID_P2_ENSG00000167604,NFKBID,0.004882258
2900_TASOR2_P1P2_ENSG00000108021,TASOR2,0.004879647
2565_EIF4EBP2_P1P2_ENSG00000148730,EIF4EBP2,0.004875826
11266_non-targeting_non-targeting_non-targeting,non-targeting,0.0048749344
8037_SLC35A1_P1P2_ENSG00000164414,SLC35A1,0.0048741563
1334_CCNL1_P1P2_ENSG00000163660,CCNL1,0.004873443
8019_SLC27A4_P1P2_ENSG00000167114,SLC27A4,0.004872953
10407_ZNF510_P1P2_ENSG00000081386,ZNF510,0.0048661125
2924_FAM49B_P1_ENSG00000153310,FAM49B,0.0048627704
2878_ABRAXAS1_P1P2_ENSG00000163322,ABRAXAS1,0.0048602098
4090_IL10RB_P1P2_ENSG00000243646,IL10RB,0.004859239
8197_SMYD5_P1P2_ENSG00000135632,SMYD5,0.004858035
4478_KRT8_P1_ENSG00000170421,KRT8,0.004855117
7207_RCN1_P1P2_ENSG00000049449,RCN1,0.0048550703
10200_ZNF205_P1P2_ENSG00000122386,ZNF205,0.004851901
4573_LHX6_P1_ENSG00000106852,LHX6,0.0048507117
642_ATP13A1_P1P2_ENSG00000105726,ATP13A1,0.0048462497
6814_PRR3_P1P2_ENSG00000204576,PRR3,0.0048454925
6057_PANK4_P1P2_ENSG00000157881,PANK4,0.004841691
7591_RTN4IP1_P1P2_ENSG00000130347,RTN4IP1,0.0048363344
10864_non-targeting_non-targeting_non-targeting,non-targeting,0.0048308163
3831_HMGCL_P1P2_ENSG00000117305,HMGCL,0.0048297103
6028_PACS1_P1P2_ENSG00000175115,PACS1,0.0048256856
5296_MT1F_P1P2_ENSG00000198417,MT1F,0.0048255203
5160_MPC2_P1P2_ENSG00000143158,MPC2,0.0048252726
4839_MAPRE1_P1P2_ENSG00000101367,MAPRE1,0.004822123
1940_CTNND1_P1P2_ENSG00000198561,CTNND1,0.00482157
2662_EPB41_P1_ENSG00000159023,EPB41,0.004818775
4418_KLF3_P1P2_ENSG00000109787,KLF3,0.004817007
7045_RABEP2_P1P2_ENSG00000177548,RABEP2,0.0048107263
4528_LBX1_P1P2_ENSG00000138136,LBX1,0.0048062373
4435_KLHL18_P1P2_ENSG00000114648,KLHL18,0.0048014065
9491_UBAP2_P1P2_ENSG00000137073,UBAP2,0.004798469
846_BLOC1S3_P1_ENSG00000189114,BLOC1S3,0.004797535
6283_PHF19_P1P2_ENSG00000119403,PHF19,0.004796138
4122_ING4_P1P2_ENSG00000111653,ING4,0.004793706
3538_GRIPAP1_P1P2_ENSG00000068400,GRIPAP1,0.0047932607
2085_DDA1_P1P2_ENSG00000130311,DDA1,0.0047832592
10826_non-targeting_non-targeting_non-targeting,non-targeting,0.0047806804
"2888_FAM193A_ENST00000324666.5,ENST00000382839.3,ENST00000502458.1,ENST00000545951.1_ENSG00000125386",FAM193A,0.0047775526
4671_LRRC59_P1_ENSG00000108829,LRRC59,0.0047752205
2355_DPP3_P1P2_ENSG00000254986,DPP3,0.0047743334
12_AARSD1_P1_ENSG00000266967,AARSD1,0.0047739362
8503_STC2_P1P2_ENSG00000113739,STC2,0.004772085
9190_TP53BP1_P2_ENSG00000067369,TP53BP1,0.004768809
5094_MKNK1_P1_ENSG00000079277,MKNK1,0.0047683534
5815_NRL_P2_ENSG00000129535,NRL,0.004760981
4116_INCENP_P1P2_ENSG00000149503,INCENP,0.004755407
1618_CISD2_P1P2_ENSG00000145354,CISD2,0.004753492
9706_VAV1_P1P2_ENSG00000141968,VAV1,0.0047524003
2425_DYNC2LI1_P1P2_ENSG00000138036,DYNC2LI1,0.0047520217
2022_DAGLB_ENST00000297056.6_ENSG00000164535,DAGLB,0.004749563
6690_PPP2R5D_P1P2_ENSG00000112640,PPP2R5D,0.004747706
6333_PIGF_P1P2_ENSG00000151665,PIGF,0.0047453623
2836_FAM117A_P2_ENSG00000121104,FAM117A,0.004743272
10588_ZNF71_P1P2_ENSG00000197951,ZNF71,0.0047396854
6613_PPCDC_P2_ENSG00000138621,PPCDC,0.004739649
5654_NFX1_P1P2_ENSG00000086102,NFX1,0.004738683
9228_TRAF3IP1_P1P2_ENSG00000204104,TRAF3IP1,0.0047369516
1227_CBWD1_ENST00000356521.4_ENSG00000172785,CBWD1,0.0047306307
8256_SNX4_P1P2_ENSG00000114520,SNX4,0.004729646
2247_DLX3_P1P2_ENSG00000064195,DLX3,0.0047285943
10644_ZNF799_P1P2_ENSG00000196466,ZNF799,0.0047277776
"10267_ZNF285_ENST00000330997.4,ENST00000544719.2_ENSG00000267508",ZNF285,0.004727709
3298_GATAD1_P1P2_ENSG00000157259,GATAD1,0.004725588
2280_DNAJB14_P1P2_ENSG00000164031,DNAJB14,0.0047212136
11305_non-targeting_non-targeting_non-targeting,non-targeting,0.004717835
3313_GCAT_P1P2_ENSG00000100116,GCAT,0.0047171344
1139_CA5A_P1P2_ENSG00000174990,CA5A,0.004714535
4439_KLHL23_P1_ENSG00000213160,KLHL23,0.0047143325
3919_HOXD10_P2_ENSG00000128710,HOXD10,0.004711969
2916_FAM229B_P1P2_ENSG00000203778,FAM229B,0.0047087665
7114_RARG_P1_ENSG00000172819,RARG,0.004705668
531_ARNTL_P1P2_ENSG00000133794,ARNTL,0.0046984525
4231_ITM2B_P1P2_ENSG00000136156,ITM2B,0.004689932
8723_TBC1D9B_P1P2_ENSG00000197226,TBC1D9B,0.004688927
9450_TXNDC15_P1P2_ENSG00000113621,TXNDC15,0.004684468
8045_SLC35C2_P1P2_ENSG00000080189,SLC35C2,0.004683552
6084_PASK_P1P2_ENSG00000115687,PASK,0.0046821153
3819_HMBS_P1_ENSG00000256269,HMBS,0.0046820166
6858_PSMC2_P1P2_ENSG00000161057,PSMC2,0.0046799523
3104_FKRP_P1P2_ENSG00000181027,FKRP,0.0046794666
2940_MIGA2_P1P2_ENSG00000148343,MIGA2,0.004673312
3312_GBX2_P1P2_ENSG00000168505,GBX2,0.004671469
824_BFAR_P1P2_ENSG00000103429,BFAR,0.0046630586
9371_TSTA3_P1P2_ENSG00000104522,TSTA3,0.004661671
376_AP2M1_P2_ENSG00000161203,AP2M1,0.0046586897
11126_non-targeting_non-targeting_non-targeting,non-targeting,0.004658142
9096_TMEM74B_P1P2_ENSG00000125895,TMEM74B,0.0046515022
2091_DDHD2_P1P2_ENSG00000085788,DDHD2,0.0046461625
6381_PITPNC1_P1P2_ENSG00000154217,PITPNC1,0.004638342
2844_FAM122A_P1P2_ENSG00000187866,FAM122A,0.004637957
2691_ERBIN_P1P2_ENSG00000112851,ERBIN,0.004636544
1217_CBFA2T2_P1P2_ENSG00000078699,CBFA2T2,0.004635746
7769_SEMA4C_P2_ENSG00000168758,SEMA4C,0.004632464
8999_TMEM135_P1P2_ENSG00000166575,TMEM135,0.004632385
1367_CD47_P1P2_ENSG00000196776,CD47,0.004628937
10681_ZNF85_P1P2_ENSG00000105750,ZNF85,0.00462664
2703_ERGIC2_P1P2_ENSG00000087502,ERGIC2,0.0046228007
8151_SMARCD2_P1P2_ENSG00000108604,SMARCD2,0.0046182116
9422_TUBD1_P1P2_ENSG00000108423,TUBD1,0.0046180435
4568_LHX2_P1P2_ENSG00000106689,LHX2,0.004616816
6434_PLEKHA2_P1P2_ENSG00000169499,PLEKHA2,0.004611557
1292_CCDC71_P1P2_ENSG00000177352,CCDC71,0.0046037394
4409_KLF11_P1P2_ENSG00000172059,KLF11,0.0046020686
4589_LIMS1_P1P2_ENSG00000169756,LIMS1,0.0045988667
4598_LIN9_P1P2_ENSG00000183814,LIN9,0.004595665
2791_EXOSC4_P1P2_ENSG00000178896,EXOSC4,0.004595012
11298_non-targeting_non-targeting_non-targeting,non-targeting,0.004593066
10785_non-targeting_non-targeting_non-targeting,non-targeting,0.0045921006
3257_GAD1_P1P2_ENSG00000128683,GAD1,0.0045900536
2005_CYP2A13_P1P2_ENSG00000197838,CYP2A13,0.0045900005
3262_GALE_P1P2_ENSG00000117308,GALE,0.0045897705
1909_CSRNP2_P1P2_ENSG00000110925,CSRNP2,0.004585209
10741_ZXDC_P1P2_ENSG00000070476,ZXDC,0.004583712
5482_NBPF15_P1P2_ENSG00000266338,NBPF15,0.004582962
9654_USP38_P1P2_ENSG00000170185,USP38,0.0045784786
5928_OGFOD1_P1P2_ENSG00000087263,OGFOD1,0.004570962
637_ATOH8_P1P2_ENSG00000168874,ATOH8,0.0045681526
591_ASRGL1_P1P2_ENSG00000162174,ASRGL1,0.0045646606
8701_TAX1BP1_P1P2_ENSG00000106052,TAX1BP1,0.004563822
2323_DOCK2_P1P2_ENSG00000134516,DOCK2,0.004562728
10402_ZNF501_P1P2_ENSG00000186446,ZNF501,0.004560068
135_ADARB1_P1P2_ENSG00000197381,ADARB1,0.0045571295
2986_FBF1_P1P2_ENSG00000188878,FBF1,0.0045568277
2855_FAM135A_P1P2_ENSG00000082269,FAM135A,0.004554724
9356_TSPAN4_P1_ENSG00000214063,TSPAN4,0.004552911
1507_CEP57L1_P1P2_ENSG00000183137,CEP57L1,0.004552586
2667_EPHB4_P1P2_ENSG00000196411,EPHB4,0.0045437324
4392_KIF3A_P1P2_ENSG00000131437,KIF3A,0.0045420984
10845_non-targeting_non-targeting_non-targeting,non-targeting,0.0045331833
8014_SLC25A5_P1P2_ENSG00000005022,SLC25A5,0.004532793
11249_non-targeting_non-targeting_non-targeting,non-targeting,0.0045326944
9774_VTA1_P1P2_ENSG00000009844,VTA1,0.004532351
8038_SLC35A2_P1P2_ENSG00000102100,SLC35A2,0.004528287
6947_PUF60_P1P2_ENSG00000179950,PUF60,0.004527819
5304_MTCH2_P1P2_ENSG00000109919,MTCH2,0.0045189047
492_ARID3C_P1P2_ENSG00000205143,ARID3C,0.0045135873
477_ARHGEF18_P1P2_ENSG00000104880,ARHGEF18,0.004513404
7309_RING1_P1P2_ENSG00000204227,RING1,0.0045113824
1974_CWC27_P1P2_ENSG00000153015,CWC27,0.004511304
2589_ELK1_P1P2_ENSG00000126767,ELK1,0.004509471
8076_SLC39A4_P2_ENSG00000147804,SLC39A4,0.004507838
7899_SHOX2_P1P2_ENSG00000168779,SHOX2,0.004507492
4095_IL23A_P1P2_ENSG00000110944,IL23A,0.00450632
8681_TANK_P2_ENSG00000136560,TANK,0.004493982
2436_DZIP1_P1P2_ENSG00000134874,DZIP1,0.0044920677
6879_PSME2_P1P2_ENSG00000100911,PSME2,0.004487927
9704_VASP_P1P2_ENSG00000125753,VASP,0.004481938
3532_GRHL1_P1P2_ENSG00000134317,GRHL1,0.0044810716
2950_FAM89B_P1P2_ENSG00000176973,FAM89B,0.0044775866
9815_WDR34_P1P2_ENSG00000119333,WDR34,0.0044723223
1549_CHCHD2_P1P2_ENSG00000106153,CHCHD2,0.0044696294
792_BCKDHB_P1P2_ENSG00000083123,BCKDHB,0.0044686557
4339_KHNYN_P1P2_ENSG00000100441,KHNYN,0.004468066
4364_KIAA1522_P2_ENSG00000162522,KIAA1522,0.004467947
6252_PGAP2_P1_ENSG00000148985,PGAP2,0.0044656857
1916_CSTF2T_P1P2_ENSG00000177613,CSTF2T,0.004464291
4831_MAPK8IP3_P1P2_ENSG00000138834,MAPK8IP3,0.0044634743
7120_RASA2_P1P2_ENSG00000155903,RASA2,0.004453693
5331_MTMR14_P1P2_ENSG00000163719,MTMR14,0.004448888
10427_ZNF532_P1_ENSG00000074657,ZNF532,0.004443062
7396_RNF7_P1P2_ENSG00000114125,RNF7,0.0044385036
4588_LIMK2_P1P2_ENSG00000182541,LIMK2,0.004435115
2086_DDAH2_P1P2_ENSG00000213722,DDAH2,0.004433708
10527_ZNF652_P1P2_ENSG00000198740,ZNF652,0.0044321823
4776_MAGI3_P1P2_ENSG00000081026,MAGI3,0.0044312417
7744_SEC24A_P1P2_ENSG00000113615,SEC24A,0.004429743
1866_CREBL2_P1P2_ENSG00000111269,CREBL2,0.0044211666
6873_PSMD5_P1P2_ENSG00000095261,PSMD5,0.0044210725
7548_RRAGA_P1P2_ENSG00000155876,RRAGA,0.004416467
1858_CREB3L1_P1P2_ENSG00000157613,CREB3L1,0.0044084317
1533_CFDP1_P2_ENSG00000153774,CFDP1,0.004407815
9968_ZBTB10_P1P2_ENSG00000205189,ZBTB10,0.004407783
3365_GIGYF1_P1_ENSG00000146830,GIGYF1,0.0044075917
9365_TSR1_P2_ENSG00000167721,TSR1,0.004407051
6831_PRTFDC1_P1P2_ENSG00000099256,PRTFDC1,0.0044060075
5518_NDC1_P1P2_ENSG00000058804,NDC1,0.0044051744
941_BZW2_P1P2_ENSG00000136261,BZW2,0.0044037057
11043_non-targeting_non-targeting_non-targeting,non-targeting,0.004398113
10542_ZNF674_P1P2_ENSG00000251192,ZNF674,0.0043956805
5528_NDST1_P1P2_ENSG00000070614,NDST1,0.0043944167
2503_EGFL7_P1_ENSG00000172889,EGFL7,0.0043933126
6906_PTER_P1P2_ENSG00000165983,PTER,0.0043919887
970_C12orf73_P1_ENSG00000204954,C12orf73,0.0043906756
7827_SET_P1P2_ENSG00000119335,SET,0.004389847
9785_WARS_P1P2_ENSG00000140105,WARS,0.0043870085
4940_MED18_P1P2_ENSG00000130772,MED18,0.0043865493
10576_ZNF708_P1P2_ENSG00000182141,ZNF708,0.0043852464
7123_RASGRP2_P1_ENSG00000068831,RASGRP2,0.004384731
5868_NUDT1_P1P2_ENSG00000106268,NUDT1,0.0043827677
2571_EIF4G3_P2_ENSG00000075151,EIF4G3,0.004376902
7049_RABGEF1_P1P2_ENSG00000154710,RABGEF1,0.0043702135
7065_RAD50_P1P2_ENSG00000113522,RAD50,0.0043698037
1224_CBR1_P1P2_ENSG00000159228,CBR1,0.004367479
7391_RNF41_P1P2_ENSG00000181852,RNF41,0.004366844
3883_HOOK2_P1_ENSG00000095066,HOOK2,0.004366302
5445_NADK_P1_ENSG00000008130,NADK,0.0043649864
9707_VAX1_P1P2_ENSG00000148704,VAX1,0.0043611396
3779_HIST1H4D_ENST00000340756.2_ENSG00000277157,HIST1H4D,0.0043608514
8239_SNX10_P1P2_ENSG00000086300,SNX10,0.0043584844
11144_non-targeting_non-targeting_non-targeting,non-targeting,0.004357639
10499_ZNF609_ENST00000326648.3_ENSG00000180357,ZNF609,0.004351807
330_ANKRD13D_P1P2_ENSG00000172932,ANKRD13D,0.0043470766
2845_FAM122B_P1P2_ENSG00000156504,FAM122B,0.0043459972
1146_CACNB3_P2_ENSG00000167535,CACNB3,0.00434498
10185_ZNF175_P1P2_ENSG00000105497,ZNF175,0.004344041
3991_HTRA2_P1P2_ENSG00000115317,HTRA2,0.004334219
9423_TUBE1_P1P2_ENSG00000074935,TUBE1,0.004325413
10685_ZNF879_P1P2_ENSG00000234284,ZNF879,0.0043252017
5191_MRI1_P1P2_ENSG00000037757,MRI1,0.0043245275
10566_ZNF703_P1P2_ENSG00000183779,ZNF703,0.0043207193
7325_RMND5A_P1P2_ENSG00000153561,RMND5A,0.004320117
450_ARFIP1_P1P2_ENSG00000164144,ARFIP1,0.0043183006
6877_PSMD9_P1P2_ENSG00000110801,PSMD9,0.004316761
9977_ZBTB1_P1P2_ENSG00000126804,ZBTB1,0.0043141954
2433_DYRK2_P1P2_ENSG00000127334,DYRK2,0.0043140715
5166_MPHOSPH8_P1_ENSG00000196199,MPHOSPH8,0.004306975
2318_DNPEP_P1P2_ENSG00000123992,DNPEP,0.0043054763
5715_NME7_P1P2_ENSG00000143156,NME7,0.0043050237
536_ARPC2_P1_ENSG00000163466,ARPC2,0.0043039317
2602_ELOVL5_P1P2_ENSG00000012660,ELOVL5,0.004296003
7371_RNF19B_P1P2_ENSG00000116514,RNF19B,0.0042941095
9126_TNFRSF10B_P1P2_ENSG00000120889,TNFRSF10B,0.0042887335
5804_NR5A2_P2_ENSG00000116833,NR5A2,0.0042884606
3671_HDGF_P1P2_ENSG00000143321,HDGF,0.0042858045
10706_ZRANB2_P1P2_ENSG00000132485,ZRANB2,0.0042800643
11011_non-targeting_non-targeting_non-targeting,non-targeting,0.0042800508
437_AREL1_P1P2_ENSG00000119682,AREL1,0.0042778435
1510_CEP68_P1P2_ENSG00000011523,CEP68,0.004274509
5615_NEUROG1_P1P2_ENSG00000181965,NEUROG1,0.004266919
11274_non-targeting_non-targeting_non-targeting,non-targeting,0.0042633116
1454_CDPF1_P1P2_ENSG00000205643,CDPF1,0.004260394
10120_ZIC3_P1P2_ENSG00000156925,ZIC3,0.0042591356
5032_MFSD8_P1P2_ENSG00000164073,MFSD8,0.0042559677
4895_MCFD2_P2_ENSG00000180398,MCFD2,0.004250313
4937_MED15_P1_ENSG00000099917,MED15,0.004246834
6450_PLIN2_P2_ENSG00000147872,PLIN2,0.0042415294
6596_POU4F3_P1P2_ENSG00000091010,POU4F3,0.0042350367
2871_FAM168B_P1P2_ENSG00000152102,FAM168B,0.0042347074
4549_LEMD2_P1P2_ENSG00000161904,LEMD2,0.004234672
4362_KIAA1324L_P1P2_ENSG00000164659,KIAA1324L,0.0042328374
11319_non-targeting_non-targeting_non-targeting,non-targeting,0.004231207
4563_LGALSL_P1P2_ENSG00000119862,LGALSL,0.0042298133
5374_MYC_P1P2_ENSG00000136997,MYC,0.004229269
1074_C2orf42_ENST00000264434.2_ENSG00000115998,C2orf42,0.0042272457
2215_DHX40_P1P2_ENSG00000108406,DHX40,0.0042207795
7354_RNF145_P1_ENSG00000145860,RNF145,0.004220281
7801_SERP1_P1P2_ENSG00000120742,SERP1,0.0042164777
3415_GMCL1_P1P2_ENSG00000087338,GMCL1,0.0042154617
5459_NANS_P1P2_ENSG00000095380,NANS,0.004214607
5311_MTFR1L_P1P2_ENSG00000117640,MTFR1L,0.0042122253
3711_HEXIM2_P2_ENSG00000168517,HEXIM2,0.004212113
9753_VPS37A_P1P2_ENSG00000155975,VPS37A,0.0042100204
7884_SH3GL3_P1P2_ENSG00000140600,SH3GL3,0.004207692
1777_COPRS_P1P2_ENSG00000172301,COPRS,0.004204564
8565_STXBP5_P1P2_ENSG00000164506,STXBP5,0.0042018695
6141_PCOLCE_P1P2_ENSG00000106333,PCOLCE,0.0041958196
1093_C4orf3_P1P2_ENSG00000164096,C4orf3,0.004195632
5931_OGFR_P1P2_ENSG00000060491,OGFR,0.0041946345
3680_HEATR5B_P1P2_ENSG00000008869,HEATR5B,0.004191062
955_C11orf71_P1P2_ENSG00000180425,C11orf71,0.00419085
776_BBIP1_P1P2_ENSG00000214413,BBIP1,0.0041843816
8780_TCF23_P1P2_ENSG00000163792,TCF23,0.004182923
8246_SNX17_P1P2_ENSG00000115234,SNX17,0.0041825073
4032_IER2_P1P2_ENSG00000160888,IER2,0.0041824966
6673_PPP1R3E_P1_ENSG00000235194,PPP1R3E,0.004182118
6020_P4HB_P1P2_ENSG00000185624,P4HB,0.004176265
4123_ING5_P1P2_ENSG00000168395,ING5,0.0041712937
5876_NUDT8_P1P2_ENSG00000167799,NUDT8,0.0041686352
2504_EGFL7_P2_ENSG00000172889,EGFL7,0.0041659446
6808_PRPSAP2_P2_ENSG00000141127,PRPSAP2,0.0041596387
10436_ZNF547_P1P2_ENSG00000152433,ZNF547,0.004155443
1416_CDCA7L_P1P2_ENSG00000164649,CDCA7L,0.004152508
1004_C17orf58_P1P2_ENSG00000186665,C17orf58,0.004146342
7189_RBP5_P1P2_ENSG00000139194,RBP5,0.00414492
11086_non-targeting_non-targeting_non-targeting,non-targeting,0.0041425466
11069_non-targeting_non-targeting_non-targeting,non-targeting,0.0041401642
10730_ZSCAN5B_ENST00000358992.3_ENSG00000197213,ZSCAN5B,0.0041382574
5785_NR1H4_P1P2_ENSG00000012504,NR1H4,0.0041357777
1389_CDC16_P1P2_ENSG00000130177,CDC16,0.0041356534
6078_PARP4_P1P2_ENSG00000102699,PARP4,0.0041321754
7558_RRM2_P1P2_ENSG00000171848,RRM2,0.004131912
231_AKAP1_P1P2_ENSG00000121057,AKAP1,0.004130293
291_AMFR_P1P2_ENSG00000159461,AMFR,0.004126975
10246_ZNF263_P2_ENSG00000006194,ZNF263,0.0041238875
7101_RAP1B_P1P2_ENSG00000127314,RAP1B,0.004123387
3590_GTPBP10_P1P2_ENSG00000105793,GTPBP10,0.0041216775
4388_KIF22_P1_ENSG00000079616,KIF22,0.0041205767
9695_VAMP3_P1P2_ENSG00000049245,VAMP3,0.0041166306
5136_MOB3A_P1_ENSG00000172081,MOB3A,0.0041151284
9156_TNXB_P1P2_ENSG00000168477,TNXB,0.004107445
10089_ZFP42_P1_ENSG00000179059,ZFP42,0.004105913
11187_non-targeting_non-targeting_non-targeting,non-targeting,0.0041037602
1853_CRADD_P1P2_ENSG00000169372,CRADD,0.0041031325
9964_ZBED4_P1P2_ENSG00000100426,ZBED4,0.00410167
3360_GGT1_P2_ENSG00000286070,GGT1,0.004100988
5069_MIER1_P2_ENSG00000198160,MIER1,0.0040992107
1984_CXorf40B_P1P2_ENSG00000197021,CXorf40B,0.004098271
413_APOBR_P1_ENSG00000184730,APOBR,0.0040946375
4408_KLF10_P1_ENSG00000155090,KLF10,0.0040913415
5308_MTF2_P1P2_ENSG00000143033,MTF2,0.004091262
9548_UBR5_P1P2_ENSG00000104517,UBR5,0.004090577
2708_ERI1_P1P2_ENSG00000104626,ERI1,0.004089573
5875_NUDT6_P1P2_ENSG00000170917,NUDT6,0.0040843496
1767_COMMD9_P1P2_ENSG00000110442,COMMD9,0.004079585
6913_PTK2B_P1P2_ENSG00000120899,PTK2B,0.0040750206
752_BAHCC1_P1P2_ENSG00000266074,BAHCC1,0.0040728473
9252_TRAPPC6B_P1P2_ENSG00000182400,TRAPPC6B,0.0040726485
4265_JUND_P1P2_ENSG00000130522,JUND,0.0040716687
6176_PDHB_P1P2_ENSG00000168291,PDHB,0.004070318
10973_non-targeting_non-targeting_non-targeting,non-targeting,0.004069508
2146_DENND1A_P1P2_ENSG00000119522,DENND1A,0.004067773
5668_NIF3L1_P1P2_ENSG00000196290,NIF3L1,0.004064587
75_ACAT1_P1P2_ENSG00000075239,ACAT1,0.0040590186
2178_DGKH_P2_ENSG00000102780,DGKH,0.004058371
710_AUH_P1P2_ENSG00000148090,AUH,0.0040523987
9345_TSKU_P1P2_ENSG00000182704,TSKU,0.004051852
8581_SULT1A3_ENST00000338971.5_ENSG00000261052,SULT1A3,0.0040516797
5025_MFSD11_P1P2_ENSG00000092931,MFSD11,0.004050391
1148_CACTIN_P1P2_ENSG00000105298,CACTIN,0.004050181
8173_SMIM13_P1P2_ENSG00000224531,SMIM13,0.004048347
5489_NCAPG2_P1P2_ENSG00000146918,NCAPG2,0.004047925
9191_TP53BP2_P1P2_ENSG00000143514,TP53BP2,0.0040417355
5547_NDUFAF4_P1P2_ENSG00000123545,NDUFAF4,0.004040052
8262_SOCS1_P1P2_ENSG00000185338,SOCS1,0.0040340396
9108_TMOD3_P1P2_ENSG00000138594,TMOD3,0.0040338137
2561_EIF4A3_P1P2_ENSG00000141543,EIF4A3,0.00403204
220_AIMP1_P1P2_ENSG00000164022,AIMP1,0.0040293136
4570_LHX3_P2_ENSG00000107187,LHX3,0.004026875
4233_ITPA_P1P2_ENSG00000125877,ITPA,0.0040265326
10138_ZMAT4_P1P2_ENSG00000165061,ZMAT4,0.004026316
6692_PPP3CA_P1P2_ENSG00000138814,PPP3CA,0.00402125
2879_ABRAXAS2_P1P2_ENSG00000165660,ABRAXAS2,0.0040172148
9280_TRIM4_P1P2_ENSG00000146833,TRIM4,0.004016847
7298_RHOXF1_P1P2_ENSG00000101883,RHOXF1,0.004015882
9286_TRIM68_P1P2_ENSG00000167333,TRIM68,0.0040147514
6315_PI4K2A_P1P2_ENSG00000155252,PI4K2A,0.004014215
1884_CRY2_P1P2_ENSG00000121671,CRY2,0.0040127127
8330_SPATS2_P1P2_ENSG00000123352,SPATS2,0.0040116482
1862_CREB3_P1P2_ENSG00000107175,CREB3,0.0040035355
4834_MAPKAP1_P2_ENSG00000119487,MAPKAP1,0.00400089
860_BNC1_P1P2_ENSG00000169594,BNC1,0.0039993445
3989_HTATIP2_P1P2_ENSG00000109854,HTATIP2,0.003996528
879_BPNT1_P1P2_ENSG00000162813,BPNT1,0.003994146
6829_PRSS50_P1_nan,PRSS50,0.003993834
2317_DNMT3B_P2_ENSG00000088305,DNMT3B,0.0039914385
90_ACOT7_P1P2_ENSG00000097021,ACOT7,0.0039902963
11041_non-targeting_non-targeting_non-targeting,non-targeting,0.003989802
10758_non-targeting_non-targeting_non-targeting,non-targeting,0.0039890064
7452_RPL26L1_P1P2_ENSG00000037241,RPL26L1,0.003986316
5068_MIER1_P1_ENSG00000198160,MIER1,0.0039788
1240_KYAT3_P1P2_ENSG00000137944,KYAT3,0.0039783632
7802_SERPINB1_P1P2_ENSG00000021355,SERPINB1,0.0039759646
9181_TOR1AIP1_P1P2_ENSG00000143337,TOR1AIP1,0.003975109
2181_DGKQ_P2_ENSG00000145214,DGKQ,0.003971131
2193_DHRS13_P1P2_ENSG00000167536,DHRS13,0.003967595
4719_LUZP1_P1P2_ENSG00000169641,LUZP1,0.0039664316
7026_RAB3GAP1_P1P2_ENSG00000115839,RAB3GAP1,0.003956195
8667_TAF6L_P1P2_ENSG00000162227,TAF6L,0.0039514294
10080_ZFP28_P1P2_ENSG00000196867,ZFP28,0.0039500566
9269_TRIM26_P1P2_ENSG00000234127,TRIM26,0.0039497972
1559_CHD3_P1P2_ENSG00000170004,CHD3,0.003947168
563_ASAP3_P1P2_ENSG00000088280,ASAP3,0.003944942
1256_CCDC136_P1P2_ENSG00000128596,CCDC136,0.0039368207
472_ARHGDIA_P1P2_ENSG00000141522,ARHGDIA,0.0039367815
4190_IRF4_P2_ENSG00000137265,IRF4,0.0039354116
8130_SMAD2_P1P2_ENSG00000175387,SMAD2,0.0039349534
9558_UBXN6_P2_ENSG00000167671,UBXN6,0.0039300616
8031_SLC30A5_P1P2_ENSG00000145740,SLC30A5,0.003927448
6586_POU2F1_P1_ENSG00000143190,POU2F1,0.00392535
2032_DAXX_P2_ENSG00000204209,DAXX,0.0039226017
819_BEST1_P2_ENSG00000167995,BEST1,0.0039175465
1135_TMEM250_P1P2_ENSG00000238227,TMEM250,0.003916899
9446_TXLNG_P1P2_ENSG00000086712,TXLNG,0.0039157816
1182_CAPN7_P1P2_ENSG00000131375,CAPN7,0.003915129
7096_RANBP9_P1P2_ENSG00000010017,RANBP9,0.0039114393
1282_CCDC57_P1P2_ENSG00000176155,CCDC57,0.0039094076
4745_MAD2L1BP_P1P2_ENSG00000124688,MAD2L1BP,0.003909265
5352_MUS81_P1P2_ENSG00000172732,MUS81,0.0038966518
7032_RAB4A_P1P2_ENSG00000168118,RAB4A,0.003895669
9092_TMEM65_P1P2_ENSG00000164983,TMEM65,0.003890619
9675_USP7_P1P2_ENSG00000187555,USP7,0.0038889744
9942_YPEL1_P1P2_ENSG00000100027,YPEL1,0.0038835928
8893_THOP1_P1P2_ENSG00000172009,THOP1,0.003882527
8949_TLX1_P1P2_ENSG00000107807,TLX1,0.0038786645
10970_non-targeting_non-targeting_non-targeting,non-targeting,0.0038758554
7226_RELA_P1P2_ENSG00000173039,RELA,0.0038736411
6998_R3HDM1_P2_ENSG00000048991,R3HDM1,0.003873322
603_ATE1_P1P2_ENSG00000107669,ATE1,0.003867524
1241_CCDC106_P1P2_ENSG00000173581,CCDC106,0.0038665761
6726_PRDM1_P1P2_ENSG00000057657,PRDM1,0.0038597127
6223_PEX10_P1_ENSG00000157911,PEX10,0.003853047
4462_KPNA5_P1P2_ENSG00000196911,KPNA5,0.003851583
4464_KPNB1_P1P2_ENSG00000108424,KPNB1,0.0038461816
225_AK2_P1P2_ENSG00000004455,AK2,0.0038442572
320_ANKLE2_P1P2_ENSG00000176915,ANKLE2,0.0038413692
31_ABCD4_P1P2_ENSG00000119688,ABCD4,0.003840181
7975_SLC1A5_P2_ENSG00000105281,SLC1A5,0.0038385342
4833_MAPK9_P1P2_ENSG00000050748,MAPK9,0.0038376732
11157_non-targeting_non-targeting_non-targeting,non-targeting,0.0038334283
4593_LIN52_P1P2_ENSG00000205659,LIN52,0.0038301998
4406_KLC4_P1P2_ENSG00000137171,KLC4,0.0038285558
3245_GAA_P1P2_ENSG00000171298,GAA,0.0038247465
8882_THAP9_P1P2_ENSG00000168152,THAP9,0.0038211858
29_ABCC5_P1P2_ENSG00000114770,ABCC5,0.003820827
711_AUNIP_P1P2_ENSG00000127423,AUNIP,0.0038204682
8486_STAP2_P1P2_ENSG00000178078,STAP2,0.0038079615
7808_SERTAD1_P1P2_ENSG00000197019,SERTAD1,0.0038068714
10098_ZFP90_P2_ENSG00000184939,ZFP90,0.0038051843
2600_ELOVL1_P1P2_ENSG00000066322,ELOVL1,0.0038043188
10954_non-targeting_non-targeting_non-targeting,non-targeting,0.003800137
9561_UBXN8_P1P2_ENSG00000104691,UBXN8,0.003799931
9419_TUBB6_P1P2_ENSG00000176014,TUBB6,0.0037918517
6296_PHIP_P1P2_ENSG00000146247,PHIP,0.0037873073
9110_TMSB10_P1P2_ENSG00000034510,TMSB10,0.0037831187
5949_OR1D2_ENST00000331459.1_ENSG00000184166,OR1D2,0.0037827427
10516_ZNF628_P1P2_ENSG00000197483,ZNF628,0.0037822986
7646_SAMSN1_P1P2_ENSG00000155307,SAMSN1,0.003778424
10949_non-targeting_non-targeting_non-targeting,non-targeting,0.0037749875
1617_CISD1_P1P2_ENSG00000122873,CISD1,0.003774689
11259_non-targeting_non-targeting_non-targeting,non-targeting,0.0037683274
995_C16orf72_P1_ENSG00000182831,C16orf72,0.0037648592
4022_IDE_P1P2_ENSG00000119912,IDE,0.0037597127
9928_YIF1A_P1P2_ENSG00000174851,YIF1A,0.003757367
9710_VCL_P1P2_ENSG00000035403,VCL,0.0037528698
3328_GDF11_P1P2_ENSG00000135414,GDF11,0.0037482383
1341_CCPG1_P1P2_ENSG00000260916,CCPG1,0.003741425
10630_ZNF780B_P1P2_ENSG00000128000,ZNF780B,0.0037352536
9284_TRIM5_P1P2_ENSG00000132256,TRIM5,0.0037346834
4324_KDM4A_P1P2_ENSG00000066135,KDM4A,0.0037338673
4988_EEF1AKMT2_P1P2_ENSG00000203791,EEF1AKMT2,0.0037315926
6042_PAIP2_P1P2_ENSG00000120727,PAIP2,0.0037228554
295_AMN1_P1P2_ENSG00000151743,AMN1,0.0037175894
7831_SF3A1_P2_ENSG00000099995,SF3A1,0.0037107728
6133_PCMTD1_P1P2_ENSG00000168300,PCMTD1,0.003707016
4438_KLHL22_P1P2_ENSG00000099910,KLHL22,0.0037061966
6281_PHF13_P1P2_ENSG00000116273,PHF13,0.0037045835
5754_NOSIP_P1P2_ENSG00000142546,NOSIP,0.0037006214
4630_LPCAT1_P1_ENSG00000153395,LPCAT1,0.0037000296
7138_RBAK_P1_ENSG00000146587,RBAK,0.0036993916
1927_CTCF_P1P2_ENSG00000102974,CTCF,0.0036962002
2257_DMRT2_P1P2_ENSG00000173253,DMRT2,0.0036957166
7589_RTN2_P1_ENSG00000125744,RTN2,0.0036939296
1996_CYB5RL_P1P2_ENSG00000215883,CYB5RL,0.0036924325
5071_MIER3_P1P2_ENSG00000155545,MIER3,0.0036901438
668_DMAC2_P1P2_ENSG00000105341,DMAC2,0.0036885187
6308_PHPT1_P1P2_ENSG00000054148,PHPT1,0.0036859629
6345_PIGT_P1P2_ENSG00000124155,PIGT,0.0036817808
9121_TNFAIP2_P1P2_ENSG00000185215,TNFAIP2,0.0036770902
2239_DLG1_P1P2_ENSG00000075711,DLG1,0.0036765519
7817_SETD3_P1P2_ENSG00000183576,SETD3,0.0036763775
4494_L3MBTL4_P1P2_ENSG00000154655,L3MBTL4,0.003673952
6924_PTPN12_P1P2_ENSG00000127947,PTPN12,0.0036706785
9019_TMEM173_P1P2_ENSG00000184584,TMEM173,0.0036692405
9853_WDR92_P1P2_ENSG00000243667,WDR92,0.003667681
5996_OTUD4_P1P2_ENSG00000164164,OTUD4,0.0036674368
3949_HSD17B11_P1P2_ENSG00000198189,HSD17B11,0.0036656947
6654_PPP1R12A_P1P2_ENSG00000058272,PPP1R12A,0.0036568202
3690_HEMGN_P1P2_ENSG00000136929,HEMGN,0.0036566828
7680_SCAMP2_P1_ENSG00000140497,SCAMP2,0.0036563943
486_ARID1A_P1P2_ENSG00000117713,ARID1A,0.003655809
9725_VHL_P1P2_ENSG00000134086,VHL,0.0036521552
2608_ELP6_P1P2_ENSG00000163832,ELP6,0.0036513808
997_C16orf86_P1P2_ENSG00000159761,C16orf86,0.003649488
7218_RDX_P1P2_ENSG00000137710,RDX,0.0036485123
9321_RO60_P1P2_ENSG00000116747,RO60,0.0036455267
9879_WSB2_P1P2_ENSG00000176871,WSB2,0.0036442128
3937_HRAS_P1_ENSG00000174775,HRAS,0.0036420398
9980_ZBTB21_P1P2_ENSG00000173276,ZBTB21,0.0036376198
6120_PCGF1_P1P2_ENSG00000115289,PCGF1,0.0036358456
5537_NDUFA4_P1P2_ENSG00000189043,NDUFA4,0.003634583
8766_TCEAL1_P1P2_ENSG00000172465,TCEAL1,0.0036342142
7394_RNF5_P1P2_ENSG00000204308,RNF5,0.0036327492
4290_KBTBD6_P1P2_ENSG00000165572,KBTBD6,0.0036321685
8079_SLC39A8_P1P2_ENSG00000138821,SLC39A8,0.003631601
7209_RCN3_P1P2_ENSG00000142552,RCN3,0.003626624
462_ARHGAP1_P1P2_ENSG00000175220,ARHGAP1,0.003625958
5306_MTDH_P1P2_ENSG00000147649,MTDH,0.0036231813
10659_ZNF821_P1P2_ENSG00000102984,ZNF821,0.0036162531
2057_DCAF5_P1P2_ENSG00000139990,DCAF5,0.0036144217
2063_DCAKD_P2_ENSG00000172992,DCAKD,0.003611266
10668_ZNF83_ENST00000597597.1_ENSG00000167766,ZNF83,0.003610332
9176_TOP2B_P1P2_ENSG00000077097,TOP2B,0.0036100284
7291_RHOBTB3_P1P2_ENSG00000164292,RHOBTB3,0.003604185
6945_PTTG1IP_P1P2_ENSG00000183255,PTTG1IP,0.003602196
8803_TDRKH_P1P2_ENSG00000182134,TDRKH,0.0036000242
8384_SPTBN1_P1P2_ENSG00000115306,SPTBN1,0.0035974837
2771_EVL_P1_ENSG00000196405,EVL,0.0035907868
4398_KIFC1_P1P2_ENSG00000237649,KIFC1,0.0035810322
7574_RSF1_P1P2_ENSG00000048649,RSF1,0.003580651
8469_ST3GAL2_P1_ENSG00000157350,ST3GAL2,0.0035794599
7399_RNFT2_P1P2_ENSG00000135119,RNFT2,0.0035793227
694_ATPAF2_P1P2_ENSG00000171953,ATPAF2,0.0035691592
115_ACTR3_P1P2_ENSG00000115091,ACTR3,0.0035657426
8909_TIGD4_P1P2_ENSG00000169989,TIGD4,0.0035634104
7970_SLC17A5_P1P2_ENSG00000119899,SLC17A5,0.0035599112
8547_STUB1_P1P2_ENSG00000103266,STUB1,0.003559417
3721_HIC1_P1P2_ENSG00000177374,HIC1,0.003557474
2965_FANCG_P1P2_ENSG00000221829,FANCG,0.0035557863
1888_CRYZL1_P1P2_ENSG00000205758,CRYZL1,0.0035555523
7058_RACGAP1_P1P2_ENSG00000161800,RACGAP1,0.0035552785
61_ABR_P1P2_ENSG00000159842,ABR,0.00354483
9229_TRAF3IP2_P1P2_ENSG00000056972,TRAF3IP2,0.0035407431
9301_TRMT10B_P1P2_ENSG00000165275,TRMT10B,0.0035393706
5328_TESMIN_P1P2_ENSG00000132749,TESMIN,0.0035382067
5442_NACC1_P1P2_ENSG00000160877,NACC1,0.003537961
4643_LRFN4_P1P2_ENSG00000173621,LRFN4,0.0035336392
4666_LRRC45_P1P2_ENSG00000169683,LRRC45,0.0035327983
2211_DHX35_P1P2_ENSG00000101452,DHX35,0.003532056
2962_FANCD2_P1P2_ENSG00000144554,FANCD2,0.0035306418
515_ARL6IP4_P1P2_ENSG00000182196,ARL6IP4,0.003522261
3410_GLUD1_P1P2_ENSG00000148672,GLUD1,0.0035162303
6000_OTX1_P1P2_ENSG00000115507,OTX1,0.0035160875
4480_KRTAP4-2_P1P2_ENSG00000244537,KRTAP4-2,0.0035097443
9278_TRIM44_P1P2_ENSG00000166326,TRIM44,0.00350661
797_BCL2L11_P1_ENSG00000153094,BCL2L11,0.003505391
1680_CLSTN3_P2_ENSG00000139182,CLSTN3,0.0035022367
10106_ZFYVE16_P1P2_ENSG00000039319,ZFYVE16,0.0034962185
3558_GSTK1_P1P2_ENSG00000197448,GSTK1,0.003496143
7724_SDHAF2_P1P2_ENSG00000167985,SDHAF2,0.0034943947
1995_CYB5R4_P1P2_ENSG00000065615,CYB5R4,0.0034935344
10379_ZNF467_P1P2_ENSG00000181444,ZNF467,0.0034923682
8792_TCP11L1_P1P2_ENSG00000176148,TCP11L1,0.00349006
1124_C8orf33_P1P2_ENSG00000182307,C8orf33,0.0034897178
10225_ZNF232_P1_ENSG00000167840,ZNF232,0.0034889274
1297_CCDC82_P1P2_ENSG00000149231,CCDC82,0.0034852747
7790_SEPTIN8_P1P2_ENSG00000164402,SEPTIN8,0.0034784526
7784_SEPTIN1_P2_ENSG00000180096,SEPTIN1,0.0034781892
10247_ZNF264_P1P2_ENSG00000083844,ZNF264,0.0034775892
4493_L3MBTL3_P1P2_ENSG00000198945,L3MBTL3,0.0034764784
7196_RCAN1_P1P2_ENSG00000159200,RCAN1,0.00347097
2168_DEXI_P1P2_ENSG00000182108,DEXI,0.0034690427
2497_EFNA1_P1P2_ENSG00000169242,EFNA1,0.003462992
11146_non-targeting_non-targeting_non-targeting,non-targeting,0.0034629703
10439_ZNF550_P1P2_ENSG00000251369,ZNF550,0.0034530386
6362_PILRB_P1P2_ENSG00000121716,PILRB,0.0034517786
1220_CBFB_P1P2_ENSG00000067955,CBFB,0.0034500158
2316_DNMT3B_P1_ENSG00000088305,DNMT3B,0.003447979
2006_CYP2R1_P1P2_ENSG00000186104,CYP2R1,0.003447025
7353_RNF145_P2_ENSG00000145860,RNF145,0.0034444933
7464_RPL36AL_P1P2_ENSG00000165502,RPL36AL,0.003442559
9346_TSNARE1_P1P2_ENSG00000171045,TSNARE1,0.0034419193
9957_YY1AP1_P1P2_ENSG00000163374,YY1AP1,0.0034396155
8521_STK35_P1P2_ENSG00000125834,STK35,0.0034361875
4775_MAGI1_P1P2_ENSG00000151276,MAGI1,0.0034359766
5836_NSUN6_P1P2_ENSG00000241058,NSUN6,0.0034338085
7139_RBAK_P2_ENSG00000146587,RBAK,0.003428328
3888_HOXA13_P1P2_ENSG00000106031,HOXA13,0.0034282678
3745_HIST1H1D_P1P2_ENSG00000124575,HIST1H1D,0.0034222354
1517_CEP89_P1P2_ENSG00000121289,CEP89,0.0034210002
4934_MED13_P1P2_ENSG00000108510,MED13,0.0034197548
9631_USP10_P1P2_ENSG00000103194,USP10,0.0034154644
7592_RTN4_ENST00000394609.2_ENSG00000115310,RTN4,0.003415199
2340_DPF1_P2_ENSG00000011332,DPF1,0.003412338
10926_non-targeting_non-targeting_non-targeting,non-targeting,0.003412321
9299_TRIT1_P1P2_ENSG00000043514,TRIT1,0.0034117945
11056_non-targeting_non-targeting_non-targeting,non-targeting,0.0034093473
25_ABCB9_P2_ENSG00000150967,ABCB9,0.003409274
4054_IFT43_P1P2_ENSG00000119650,IFT43,0.0034077917
10547_ZNF679_P1P2_ENSG00000197123,ZNF679,0.003403116
10773_non-targeting_non-targeting_non-targeting,non-targeting,0.0034014608
2018_DACH1_P1P2_ENSG00000276644,DACH1,0.00340065
8100_SLC52A2_P1P2_ENSG00000185803,SLC52A2,0.00339955
10656_ZNF816_P2_ENSG00000180257,ZNF816,0.003398185
3941_HS2ST1_P1P2_ENSG00000153936,HS2ST1,0.0033938687
1006_C17orf75_P1P2_ENSG00000108666,C17orf75,0.0033885883
5762_NPAT_P1P2_ENSG00000149308,NPAT,0.0033855974
533_ARPC1A_P1P2_ENSG00000241685,ARPC1A,0.003385041
7889_SHB_P1P2_ENSG00000107338,SHB,0.0033841017
1776_COPG2_P1P2_ENSG00000158623,COPG2,0.0033837007
1238_CCAR1_P1P2_ENSG00000060339,CCAR1,0.0033825433
58_ABO_P1_ENSG00000175164,ABO,0.0033803973
4366_CIP2A_P1P2_ENSG00000163507,CIP2A,0.0033703248
5097_MKNK2_P1_ENSG00000099875,MKNK2,0.0033667383
10118_ZIC1_P1P2_ENSG00000152977,ZIC1,0.0033657402
2165_DESI2_P1P2_ENSG00000121644,DESI2,0.0033611637
6882_PSMF1_P1P2_ENSG00000125818,PSMF1,0.0033608417
6406_PLA2G10_ENST00000438167.3_ENSG00000069764,PLA2G10,0.0033605597
4181_IREB2_P1P2_ENSG00000136381,IREB2,0.0033523298
6544_POLR2D_P1_ENSG00000144231,POLR2D,0.0033504986
2163_DERL3_P1P2_ENSG00000099958,DERL3,0.0033486818
1116_C6orf89_P1P2_ENSG00000198663,C6orf89,0.0033441025
6637_PPM1A_P1P2_ENSG00000100614,PPM1A,0.0033431745
7915_SIM2_P1P2_ENSG00000159263,SIM2,0.0033416853
11102_non-targeting_non-targeting_non-targeting,non-targeting,0.0033346
2631_EMX1_P1_ENSG00000135638,EMX1,0.0033327325
1031_C1GALT1_P1P2_ENSG00000106392,C1GALT1,0.0033308836
4569_LHX3_P1_ENSG00000107187,LHX3,0.0033308503
1558_CHD2_P2_ENSG00000173575,CHD2,0.0033307858
5797_NR3C2_P1P2_ENSG00000151623,NR3C2,0.0033277175
3881_HOMEZ_P1P2_ENSG00000215271,HOMEZ,0.003325101
6759_PRKAR2B_P1P2_ENSG00000005249,PRKAR2B,0.0033223673
2404_DUSP14_P1_ENSG00000276023,DUSP14,0.0033215156
7380_RNF217_P1P2_ENSG00000146373,RNF217,0.0033193482
3595_GTPBP6_P1P2_ENSG00000178605,GTPBP6,0.0033192544
7695_SCLT1_P1P2_ENSG00000151466,SCLT1,0.0033183831
721_AZI2_P1P2_ENSG00000163512,AZI2,0.0033166436
6392_PKIG_P1P2_ENSG00000168734,PKIG,0.0033130615
8201_SNAP23_P1P2_ENSG00000092531,SNAP23,0.0033081667
2380_DSCR4_P1P2_ENSG00000184029,DSCR4,0.0033070468
3851_HNF1B_P1P2_ENSG00000275410,HNF1B,0.0033012452
6567_POM121_P1P2_ENSG00000196313,POM121,0.00330057
2514_EGR4_P1P2_ENSG00000135625,EGR4,0.0032993995
751_BAG6_P1P2_ENSG00000204463,BAG6,0.0032968768
11128_non-targeting_non-targeting_non-targeting,non-targeting,0.00329385
8788_TCFL5_P1P2_ENSG00000101190,TCFL5,0.0032930437
2305_DNAJC9_P1P2_ENSG00000213551,DNAJC9,0.0032840946
1456_CDR2_P1P2_ENSG00000140743,CDR2,0.0032823607
10997_non-targeting_non-targeting_non-targeting,non-targeting,0.0032729136
9120_TNFAIP1_P1P2_ENSG00000109079,TNFAIP1,0.0032715136
9445_TXLNA_P1P2_ENSG00000084652,TXLNA,0.0032674926
4615_LMF2_P2_ENSG00000100258,LMF2,0.0032648265
3803_HK1_P2_ENSG00000156515,HK1,0.0032623983
6145_PCTP_P1P2_ENSG00000141179,PCTP,0.0032612437
1339_CCNY_P1P2_ENSG00000108100,CCNY,0.0032569293
9874_WRAP73_P1P2_ENSG00000116213,WRAP73,0.0032522809
2961_FANCB_P1P2_ENSG00000181544,FANCB,0.0032488334
9268_TRIM25_P1P2_ENSG00000121060,TRIM25,0.0032463812
7300_RHOXF2_ENST00000371388.3_ENSG00000131721,RHOXF2,0.0032457076
1503_CEP290_P1P2_ENSG00000198707,CEP290,0.0032418664
6067_PAQR8_P1P2_ENSG00000170915,PAQR8,0.0032394603
6328_PIF1_P2_ENSG00000140451,PIF1,0.0032351767
1137_C9orf85_P1P2_ENSG00000155621,C9orf85,0.0032328856
2649_ENSA_P1P2_ENSG00000143420,ENSA,0.0032241137
425_APTX_P2_ENSG00000137074,APTX,0.0032233875
8367_SPPL2A_P1P2_ENSG00000138600,SPPL2A,0.0032213926
6782_PRODH_P2_ENSG00000100033,PRODH,0.0032213577
8149_SMARCC2_P1P2_ENSG00000139613,SMARCC2,0.0032177062
6128_PCID2_P2_ENSG00000126226,PCID2,0.0032158673
8945_TLE4_P1P2_ENSG00000106829,TLE4,0.0032132927
7007_RAB12_P1P2_ENSG00000206418,RAB12,0.0032100033
3772_HIST1H3A_ENST00000357647.3_ENSG00000275714,HIST1H3A,0.003208352
10757_non-targeting_non-targeting_non-targeting,non-targeting,0.00320009
11183_non-targeting_non-targeting_non-targeting,non-targeting,0.0031958881
564_ASB13_P1P2_ENSG00000196372,ASB13,0.0031938178
39_ABHD11_P1P2_ENSG00000106077,ABHD11,0.0031913389
11097_non-targeting_non-targeting_non-targeting,non-targeting,0.0031912106
1675_CLPTM1_P1P2_ENSG00000104853,CLPTM1,0.0031825535
4111_IMPACT_P1P2_ENSG00000154059,IMPACT,0.0031803686
355_ANP32E_P1P2_ENSG00000143401,ANP32E,0.003173431
561_ASAH2B_P1P2_ENSG00000204147,ASAH2B,0.0031703452
10957_non-targeting_non-targeting_non-targeting,non-targeting,0.0031703187
5935_OLA1_P1P2_ENSG00000138430,OLA1,0.0031521595
3797_HIVEP1_P1P2_ENSG00000095951,HIVEP1,0.003151395
2959_FAN1_P1P2_ENSG00000198690,FAN1,0.0031502666
4020_ID2_P1_ENSG00000115738,ID2,0.0031476954
7981_SLC25A11_P1P2_ENSG00000108528,SLC25A11,0.0031445385
453_ARG2_P1P2_ENSG00000081181,ARG2,0.003141916
5100_MKRN3_P1P2_ENSG00000179455,MKRN3,0.0031418898
626_ATG5_P1P2_ENSG00000057663,ATG5,0.0031400586
9157_TOB1_P1P2_ENSG00000141232,TOB1,0.0031321985
8018_SLC27A2_P1P2_ENSG00000140284,SLC27A2,0.0031303442
1231_CBX4_P1P2_ENSG00000141582,CBX4,0.0031298052
1276_CCDC34_P1P2_ENSG00000109881,CCDC34,0.0031278613
7344_RNF125_P1P2_ENSG00000101695,RNF125,0.0031256366
8756_TBX4_P1_ENSG00000121075,TBX4,0.0031234927
70_ACADSB_P1P2_ENSG00000196177,ACADSB,0.0031208436
9792_WBP1L_P1P2_ENSG00000166272,WBP1L,0.0031187588
10094_ZFP69B_P1P2_ENSG00000187801,ZFP69B,0.0031182428
7661_SAT1_P1P2_ENSG00000130066,SAT1,0.0031178242
1033_C1QTNF4_P1P2_ENSG00000172247,C1QTNF4,0.0031141501
9097_TMEM80_P1P2_ENSG00000177042,TMEM80,0.003112694
6159_PDCD6_P1P2_ENSG00000249915,PDCD6,0.0031068663
2906_PRXL2A_P2_ENSG00000122378,PRXL2A,0.0031030953
9451_TXNDC17_P1P2_ENSG00000129235,TXNDC17,0.0030942368
11222_non-targeting_non-targeting_non-targeting,non-targeting,0.0030917616
10452_ZNF564_P1P2_ENSG00000249709,ZNF564,0.0030894969
8202_SNAP29_P1P2_ENSG00000099940,SNAP29,0.0030891357
11280_non-targeting_non-targeting_non-targeting,non-targeting,0.0030880834
2499_EFNA3_P2_ENSG00000143590,EFNA3,0.003087257
4829_MAPK3_P1P2_ENSG00000102882,MAPK3,0.0030849043
3288_GAS6_P1P2_ENSG00000183087,GAS6,0.0030817664
1725_CNPPD1_P2_ENSG00000115649,CNPPD1,0.0030805597
3383_GLA_P1P2_ENSG00000102393,GLA,0.0030763284
10079_ZFP1_P1P2_ENSG00000184517,ZFP1,0.0030717608
7593_RTTN_P1P2_ENSG00000176225,RTTN,0.0030676909
9944_YPEL5_P1P2_ENSG00000119801,YPEL5,0.0030647852
9927_YES1_P1P2_ENSG00000176105,YES1,0.003063328
8561_STXBP1_P1P2_ENSG00000136854,STXBP1,0.0030583004
9590_UNC119_P1_ENSG00000109103,UNC119,0.0030572203
7082_RALA_P1P2_ENSG00000006451,RALA,0.0030564165
6978_PYGO2_P1P2_ENSG00000163348,PYGO2,0.0030556382
9207_TPM4_P1_ENSG00000167460,TPM4,0.0030537685
68_ACAD9_P1P2_ENSG00000177646,ACAD9,0.003052451
9134_TNIK_P1P2_ENSG00000154310,TNIK,0.0030499254
605_ATF2_P1P2_ENSG00000115966,ATF2,0.0030462854
1902_CSNK1G2_P1P2_ENSG00000133275,CSNK1G2,0.0030365684
245_AKR7A2_P1P2_ENSG00000053371,AKR7A2,0.0030335071
7750_SEC61A1_P2_ENSG00000058262,SEC61A1,0.0030331982
7404_RNPC3_P1P2_ENSG00000185946,RNPC3,0.0030291197
9917_YAF2_P1P2_ENSG00000015153,YAF2,0.003027078
5759_NPAS2_P1P2_ENSG00000170485,NPAS2,0.003025081
9846_WDR81_P1_ENSG00000167716,WDR81,0.0030229501
3642_HAUS8_P1P2_ENSG00000131351,HAUS8,0.003019489
9793_WBP1_P1P2_ENSG00000239779,WBP1,0.0030180395
10498_ZNF608_P2_ENSG00000168916,ZNF608,0.0030165513
5434_NAAA_P1P2_ENSG00000138744,NAAA,0.0030146067
2108_DDX19B_P2_ENSG00000157349,DDX19B,0.0030134453
11276_non-targeting_non-targeting_non-targeting,non-targeting,0.0030126772
10759_non-targeting_non-targeting_non-targeting,non-targeting,0.0030065288
6571_POMT1_P1P2_ENSG00000130714,POMT1,0.0030024326
530_ARNTL2_P1P2_ENSG00000029153,ARNTL2,0.0030011048
1059_C20orf27_P1P2_ENSG00000101220,C20orf27,0.002994758
8815_TEKT4_P1P2_ENSG00000163060,TEKT4,0.002993275
1088_FAM241A_P1P2_ENSG00000174749,FAM241A,0.0029906025
1689_CMBL_P1P2_ENSG00000164237,CMBL,0.002981186
2616_EMC7_P1P2_ENSG00000134153,EMC7,0.002969305
"8340_SPDYE2_ENST00000432940.1,ENST00000507918.1_ENSG00000205238",SPDYE2,0.0029644414
4395_KIF5B_P1P2_ENSG00000170759,KIF5B,0.0029642915
3363_GID4_P1P2_ENSG00000141034,GID4,0.0029634456
6246_PFKM_P1_ENSG00000152556,PFKM,0.002962894
1010_C17orf99_P1P2_ENSG00000187997,C17orf99,0.002958608
10058_ZDHHC9_P1P2_ENSG00000188706,ZDHHC9,0.0029581683
8571_SUCLA2_P1P2_ENSG00000136143,SUCLA2,0.0029577152
7669_SBF1_P1P2_ENSG00000100241,SBF1,0.002955022
3037_FBXW7_ENST00000603841.1_ENSG00000109670,FBXW7,0.002945174
10096_ZFP82_P1P2_ENSG00000181007,ZFP82,0.0029435707
925_BTG1_P1P2_ENSG00000133639,BTG1,0.0029426066
7916_SIMC1_P1P2_ENSG00000170085,SIMC1,0.002940398
7286_RHEBL1_P1P2_ENSG00000167550,RHEBL1,0.0029364186
311_ANGEL2_P1P2_ENSG00000174606,ANGEL2,0.0029316742
10950_non-targeting_non-targeting_non-targeting,non-targeting,0.0029310428
1869_CRELD1_P1P2_ENSG00000163703,CRELD1,0.0029264947
723_B2M_P1_ENSG00000166710,B2M,0.0029243182
10077_ZFHX4_P1P2_ENSG00000091656,ZFHX4,0.002911256
7792_SELENOW_P1P2_ENSG00000178980,SELENOW,0.002907854
4529_LBX2_P1P2_ENSG00000179528,LBX2,0.0029072629
4386_KIF21A_P1P2_ENSG00000139116,KIF21A,0.0029044442
4448_KMT2A_P1P2_ENSG00000118058,KMT2A,0.0029018063
11110_non-targeting_non-targeting_non-targeting,non-targeting,0.0028983406
1258_CCDC138_P1P2_ENSG00000163006,CCDC138,0.0028969706
6779_PRMT6_P1P2_ENSG00000198890,PRMT6,0.0028868965
10944_non-targeting_non-targeting_non-targeting,non-targeting,0.0028862455
10179_ZNF157_ENST00000377073.3_ENSG00000147117,ZNF157,0.0028791127
479_ARHGEF1_P2_ENSG00000076928,ARHGEF1,0.0028790603
1407_CDC45_P1P2_ENSG00000093009,CDC45,0.0028768417
9541_UBQLN1_P1P2_ENSG00000135018,UBQLN1,0.0028747725
8301_SOX9_P1P2_ENSG00000125398,SOX9,0.002873683
3640_HAUS7_P1_ENSG00000213397,HAUS7,0.0028728822
8260_SNX9_P1P2_ENSG00000130340,SNX9,0.0028709476
6664_PPP1R18_P2_ENSG00000146112,PPP1R18,0.0028706745
10794_non-targeting_non-targeting_non-targeting,non-targeting,0.0028643347
2299_DNAJC3_P1P2_ENSG00000102580,DNAJC3,0.0028613182
3133_FOLR3_P1_ENSG00000110203,FOLR3,0.0028611794
10028_ZC3H7B_P1P2_ENSG00000100403,ZC3H7B,0.0028538757
6624_PPID_P1P2_ENSG00000171497,PPID,0.0028520585
3200_FRG1_P1P2_ENSG00000109536,FRG1,0.002842893
10302_ZNF341_P1_ENSG00000131061,ZNF341,0.0028401795
3147_FOXC1_P1P2_ENSG00000054598,FOXC1,0.0028400426
4057_IFT57_P1P2_ENSG00000114446,IFT57,0.002837874
772_BAZ2A_P2_ENSG00000076108,BAZ2A,0.002829378
9854_WDSUB1_P1P2_ENSG00000196151,WDSUB1,0.0028289089
3965_HSFY1_ENST00000307393.2_ENSG00000172468,HSFY1,0.002824008
6952_PURB_P1P2_ENSG00000146676,PURB,0.002822054
10254_ZNF273_P1_ENSG00000198039,ZNF273,0.002813037
5473_NAT8L_P1P2_ENSG00000185818,NAT8L,0.002809726
5118_MLX_P1P2_ENSG00000108788,MLX,0.0028091893
1448_CDKN2AIPNL_P1P2_ENSG00000237190,CDKN2AIPNL,0.0028084659
6395_PKM_P2_ENSG00000067225,PKM,0.0028016365
361_ANXA3_P1P2_ENSG00000138772,ANXA3,0.0027996632
10877_non-targeting_non-targeting_non-targeting,non-targeting,0.0027986898
913_BSG_P1P2_ENSG00000172270,BSG,0.0027979752
9069_TMEM38B_P1P2_ENSG00000095209,TMEM38B,0.002796663
10272_ZNF292_P1P2_ENSG00000188994,ZNF292,0.0027929775
921_BTBD3_P1P2_ENSG00000132640,BTBD3,0.002787882
3027_FBXO5_P1P2_ENSG00000112029,FBXO5,0.0027868245
9673_USP5_P2_ENSG00000111667,USP5,0.0027799965
2429_DYNLRB1_P1_ENSG00000125971,DYNLRB1,0.0027786035
4292_KCNA10_ENST00000369771.2_ENSG00000143105,KCNA10,0.002777277
3110_FLNB_P1P2_ENSG00000136068,FLNB,0.0027756786
6177_PDHX_P1P2_ENSG00000110435,PDHX,0.0027745662
6301_PHLDA2_P1P2_ENSG00000181649,PHLDA2,0.0027723627
677_ATP6V0E1_P1P2_ENSG00000113732,ATP6V0E1,0.0027697764
714_AURKA_P1P2_ENSG00000087586,AURKA,0.0027693051
4367_RESF1_P1P2_ENSG00000174718,RESF1,0.0027673682
8899_THUMPD2_P1P2_ENSG00000138050,THUMPD2,0.0027670676
9789_WAS_P1P2_ENSG00000015285,WAS,0.0027649964
4315_KDELR2_P1P2_ENSG00000136240,KDELR2,0.0027648679
4995_METTL17_P1P2_ENSG00000165792,METTL17,0.002762144
5546_NDUFAF3_P1P2_ENSG00000178057,NDUFAF3,0.0027590122
707_ATXN7L3_P1P2_ENSG00000087152,ATXN7L3,0.0027497772
10643_ZNF793_P1P2_ENSG00000188227,ZNF793,0.0027477718
8594_SUPT16H_P1P2_ENSG00000092201,SUPT16H,0.0027468556
3778_HIST1H4C_P1P2_ENSG00000197061,HIST1H4C,0.0027417757
7619_S100A10_P1_ENSG00000197747,S100A10,0.0027403275
9840_WDR74_P2_ENSG00000133316,WDR74,0.002739586
1324_CCNDBP1_P1P2_ENSG00000166946,CCNDBP1,0.002734939
4608_LMAN2L_P1P2_ENSG00000114988,LMAN2L,0.0027341107
"2864_FAM156B_ENST00000412319.1,ENST00000452021.2_ENSG00000179304",FAM156B,0.002727978
5857_NUCKS1_P1P2_ENSG00000069275,NUCKS1,0.0027278464
8955_TM4SF19_P1P2_ENSG00000145107,TM4SF19,0.002725603
10352_ZNF429_P1P2_ENSG00000197013,ZNF429,0.0027246969
203_AHCYL1_P2_ENSG00000168710,AHCYL1,0.0027182568
11084_non-targeting_non-targeting_non-targeting,non-targeting,0.002713422
1329_CCNH_P1P2_ENSG00000134480,CCNH,0.0027067096
999_C16orf91_P1P2_ENSG00000174109,C16orf91,0.0027028616
3944_HS6ST1_P1P2_ENSG00000136720,HS6ST1,0.0027010536
3137_FOSB_P2_ENSG00000125740,FOSB,0.0026989307
6267_PGR_P1P2_ENSG00000082175,PGR,0.0026986932
1045_C1orf216_P1P2_ENSG00000142686,C1orf216,0.0026943807
5906_NUS1_P1P2_ENSG00000153989,NUS1,0.002693025
9318_TRNP1_P1P2_ENSG00000253368,TRNP1,0.0026891986
8337_SPDEF_P1P2_ENSG00000124664,SPDEF,0.0026862596
9111_TMSB4X_P2_ENSG00000205542,TMSB4X,0.0026819624
5376_MYD88_P1_ENSG00000172936,MYD88,0.0026792013
5689_NKX1-2_P1P2_ENSG00000229544,NKX1-2,0.0026777394
4880_MBLAC2_P1P2_ENSG00000176055,MBLAC2,0.002674271
1766_COMMD8_P1P2_ENSG00000169019,COMMD8,0.0026729642
2847_FAM126A_P1P2_ENSG00000122591,FAM126A,0.0026714932
2034_DAZAP2_P1P2_ENSG00000183283,DAZAP2,0.0026683905
8939_TJP2_P1_ENSG00000119139,TJP2,0.0026637255
8490_STARD4_P1P2_ENSG00000164211,STARD4,0.0026630445
6796_PRPF39_P1P2_ENSG00000185246,PRPF39,0.0026627036
132_ADAMTS14_P1P2_ENSG00000138316,ADAMTS14,0.0026614137
4506_LAMTOR2_P1P2_ENSG00000116586,LAMTOR2,0.0026577422
8829_TEX264_P1P2_ENSG00000164081,TEX264,0.0026563897
181_AGA_P1P2_ENSG00000038002,AGA,0.002654212
5511_NCOA7_P1P2_ENSG00000111912,NCOA7,0.0026516817
10861_non-targeting_non-targeting_non-targeting,non-targeting,0.0026498234
1543_CHAC2_P1P2_ENSG00000143942,CHAC2,0.00264344
10672_ZNF843_P1P2_ENSG00000176723,ZNF843,0.002637267
10162_ZNF12_P1P2_ENSG00000164631,ZNF12,0.0026367775
141_ADAT3_P1_ENSG00000213638,ADAT3,0.0026363789
4203_IRX6_P1P2_ENSG00000159387,IRX6,0.0026260456
302_ANAPC11_P1P2_ENSG00000141552,ANAPC11,0.0026229317
6944_PTS_P1P2_ENSG00000150787,PTS,0.0026213035
9769_VRK2_P1P2_ENSG00000028116,VRK2,0.0026209687
9671_USP54_P1_ENSG00000166348,USP54,0.002618727
7869_SH2D2A_P2_ENSG00000027869,SH2D2A,0.0026180036
2246_DLX2_P1P2_ENSG00000115844,DLX2,0.002617286
8880_THAP7_P1P2_ENSG00000184436,THAP7,0.0026137803
804_BCL6B_P1P2_ENSG00000161940,BCL6B,0.0026074105
8483_STAM2_P1P2_ENSG00000115145,STAM2,0.0026065202
3837_HMGN4_P1P2_ENSG00000182952,HMGN4,0.0026063256
5907_NUSAP1_P1P2_ENSG00000137804,NUSAP1,0.0026037807
6272_PHACTR4_P1P2_ENSG00000204138,PHACTR4,0.002598442
10280_ZNF317_P1P2_ENSG00000130803,ZNF317,0.0025976207
545_ARPP19_P1P2_ENSG00000128989,ARPP19,0.0025923338
5455_NAMPT_P1P2_ENSG00000105835,NAMPT,0.0025882628
4176_IQSEC2_P1_ENSG00000124313,IQSEC2,0.0025873745
3500_GPI_P1P2_ENSG00000105220,GPI,0.0025871254
7031_RAB40C_P1P2_ENSG00000197562,RAB40C,0.0025814683
2913_FAM222B_P1_ENSG00000173065,FAM222B,0.0025755772
8751_TBX20_P1P2_ENSG00000164532,TBX20,0.0025745346
7083_RALBP1_P1P2_ENSG00000017797,RALBP1,0.0025710503
6491_PNMT_P1P2_ENSG00000141744,PNMT,0.0025704794
909_BRWD3_P1P2_ENSG00000165288,BRWD3,0.0025686033
2403_DUSP14_P2_ENSG00000276023,DUSP14,0.0025675765
1082_C2orf88_P1P2_ENSG00000187699,C2orf88,0.00256632
9826_WDR4_P1P2_ENSG00000160193,WDR4,0.0025638335
847_BLOC1S3_P2_ENSG00000189114,BLOC1S3,0.0025558742
961_C11orf96_P1P2_ENSG00000187479,C11orf96,0.0025516856
5039_MGAT5_P1P2_ENSG00000152127,MGAT5,0.0025496169
4303_KCTD15_P1P2_ENSG00000153885,KCTD15,0.0025484224
9047_TMEM222_P1P2_ENSG00000186501,TMEM222,0.0025462199
2799_EXTL2_P1P2_ENSG00000162694,EXTL2,0.0025454338
9555_UBXN2A_P1_ENSG00000173960,UBXN2A,0.0025415067
2001_CYFIP1_P1P2_ENSG00000273749,CYFIP1,0.002541101
4817_MAP4K2_P1P2_ENSG00000168067,MAP4K2,0.0025406631
8466_ST18_P1P2_ENSG00000147488,ST18,0.0025382643
5408_MYRF_P1_ENSG00000124920,MYRF,0.002538118
5801_NR4A3_P1P2_ENSG00000119508,NR4A3,0.0025286078
6519_POLDIP2_P1P2_ENSG00000004142,POLDIP2,0.0025274935
8282_SOX14_P1P2_ENSG00000168875,SOX14,0.0025263457
2999_FBXL5_P1_ENSG00000118564,FBXL5,0.0025243377
3396_GLIS2_P1P2_ENSG00000126603,GLIS2,0.0025229864
3548_GSDMA_P1P2_ENSG00000167914,GSDMA,0.0025224201
2147_DENND1B_P1P2_ENSG00000213047,DENND1B,0.00252231
5813_NRIP1_P1P2_ENSG00000180530,NRIP1,0.0025215056
10610_ZNF761_P1P2_ENSG00000160336,ZNF761,0.002519832
651_ATP2C1_P1P2_ENSG00000017260,ATP2C1,0.002518696
8097_SLC4A5_P2_ENSG00000188687,SLC4A5,0.002514509
10539_ZNF670_P1P2_ENSG00000277462,ZNF670,0.0025125777
6007_OXCT1_P1P2_ENSG00000083720,OXCT1,0.0025118685
842_BLMH_P1P2_ENSG00000108578,BLMH,0.0025110855
3828_HMGB1_P2_ENSG00000189403,HMGB1,0.0025102503
718_AVPI1_P1P2_ENSG00000119986,AVPI1,0.0025091295
2509_EGLN3_P1P2_ENSG00000129521,EGLN3,0.0025081546
11184_non-targeting_non-targeting_non-targeting,non-targeting,0.0025057
2398_DUS4L_P1P2_ENSG00000105865,DUS4L,0.0025024547
11098_non-targeting_non-targeting_non-targeting,non-targeting,0.0024999727
3368_GINM1_P1P2_ENSG00000055211,GINM1,0.0024935696
10517_ZNF629_P1P2_ENSG00000102870,ZNF629,0.0024918346
2302_DNAJC6_P1P2_ENSG00000116675,DNAJC6,0.0024884434
6414_PLAGL2_P1P2_ENSG00000126003,PLAGL2,0.0024871735
2375_DRGX_P1P2_ENSG00000165606,DRGX,0.0024862797
4683_LRWD1_P1P2_ENSG00000161036,LRWD1,0.0024850385
9901_XPOT_P1P2_ENSG00000184575,XPOT,0.002484713
7697_SCMH1_ENST00000326197.7_ENSG00000010803,SCMH1,0.00248013
4000_HYOU1_P1P2_ENSG00000149428,HYOU1,0.0024782354
4330_KDM6A_P1P2_ENSG00000147050,KDM6A,0.002475218
7900_SHOX_P1P2_ENSG00000185960,SHOX,0.0024720342
10771_non-targeting_non-targeting_non-targeting,non-targeting,0.0024718519
10075_ZFHX2_P2_ENSG00000136367,ZFHX2,0.002471742
9920_YBEY_P1P2_ENSG00000182362,YBEY,0.0024708316
11155_non-targeting_non-targeting_non-targeting,non-targeting,0.0024691822
4171_IQCE_P1P2_ENSG00000106012,IQCE,0.002468511
10051_ZDHHC4_P1P2_ENSG00000136247,ZDHHC4,0.0024677454
422_APPBP2_P1P2_ENSG00000062725,APPBP2,0.0024647682
7358_RNF157_P1P2_ENSG00000141576,RNF157,0.002463727
6641_PPM1G_P2_ENSG00000115241,PPM1G,0.0024611708
6466_PLTP_P2_ENSG00000100979,PLTP,0.00246033
3472_GON4L_P2_ENSG00000116580,GON4L,0.0024574029
8399_SRD5A3_P1P2_ENSG00000128039,SRD5A3,0.0024558837
2082_DCUN1D4_P1P2_ENSG00000109184,DCUN1D4,0.0024498154
11199_non-targeting_non-targeting_non-targeting,non-targeting,0.002449338
9024_TMEM183A_P1P2_ENSG00000163444,TMEM183A,0.0024448591
5690_NKX2-1_P1P2_ENSG00000136352,NKX2-1,0.002438837
6921_PTP4A3_P1P2_ENSG00000184489,PTP4A3,0.0024351352
3930_HPCAL1_P1P2_ENSG00000115756,HPCAL1,0.0024335806
2337_DOT1L_P1P2_ENSG00000104885,DOT1L,0.002432317
8948_TLN1_P1P2_ENSG00000137076,TLN1,0.0024306844
2412_DUSP9_P1_ENSG00000130829,DUSP9,0.0024261344
8000_SLC25A33_P1P2_ENSG00000171612,SLC25A33,0.0024260655
7047_RABGAP1L_P1P2_ENSG00000152061,RABGAP1L,0.0024250057
1038_C1orf122_P1P2_ENSG00000197982,C1orf122,0.0024233265
10347_ZNF423_ENST00000561648.1_ENSG00000102935,ZNF423,0.0024209956
10762_non-targeting_non-targeting_non-targeting,non-targeting,0.0024191178
10894_non-targeting_non-targeting_non-targeting,non-targeting,0.0024190198
8960_TM9SF2_P1P2_ENSG00000125304,TM9SF2,0.002417854
7236_RERE_P1P2_ENSG00000142599,RERE,0.002416213
408_APMAP_P1P2_ENSG00000101474,APMAP,0.002410433
4535_LCN10_P1P2_ENSG00000187922,LCN10,0.002410012
9495_UBE2B_P1P2_ENSG00000119048,UBE2B,0.0024094617
7764_SELENOO_P1P2_ENSG00000073169,SELENOO,0.0024054241
7956_SLC12A2_P1P2_ENSG00000064651,SLC12A2,0.0024052912
1736_COA6_P1P2_ENSG00000168275,COA6,0.0024051552
3460_GOLGA6L1_ENST00000560659.2_ENSG00000273976,GOLGA6L1,0.0024032323
4135_INPP5B_P1_ENSG00000204084,INPP5B,0.0024025447
277_ALKBH4_P1P2_ENSG00000160993,ALKBH4,0.0024018455
2_AAAS_P1P2_ENSG00000094914,AAAS,0.0023993896
9221_TRA2A_P1_ENSG00000164548,TRA2A,0.0023955998
2166_DES_P1_ENSG00000175084,DES,0.0023923796
4791_MANBAL_P1P2_ENSG00000101363,MANBAL,0.0023907225
9535_UBL7_P2_ENSG00000138629,UBL7,0.00238102
9700_VAPA_P1P2_ENSG00000101558,VAPA,0.0023771806
7718_SDCCAG8_P1P2_ENSG00000054282,SDCCAG8,0.002375135
6500_PNP_P1P2_ENSG00000198805,PNP,0.0023707948
2943_FAM78A_P1P2_ENSG00000126882,FAM78A,0.002355328
1126_RBIS_P1P2_ENSG00000176731,RBIS,0.0023524999
11112_non-targeting_non-targeting_non-targeting,non-targeting,0.0023512559
9217_TPST2_P2_ENSG00000128294,TPST2,0.0023511797
1871_CREM_ENST00000395895.2_ENSG00000095794,CREM,0.0023484023
3782_HIST1H4I_ENST00000354348.2_ENSG00000276180,HIST1H4I,0.002347173
2651_ENTPD4_P1P2_ENSG00000197217,ENTPD4,0.0023446458
1320_CCND1_P1_ENSG00000110092,CCND1,0.002340987
543_ARPC5L_P2_ENSG00000136950,ARPC5L,0.0023348404
5950_OR1E2_ENST00000248384.1_ENSG00000127780,OR1E2,0.0023275113
8074_SLC39A3_P1P2_ENSG00000141873,SLC39A3,0.0023268
1264_CCDC150_P1P2_ENSG00000144395,CCDC150,0.0023121343
10832_non-targeting_non-targeting_non-targeting,non-targeting,0.002310915
7625_S100A6_P1P2_ENSG00000197956,S100A6,0.0023029132
9770_VRK3_P1P2_ENSG00000105053,VRK3,0.002302678
4655_LRRC14_P1_ENSG00000160959,LRRC14,0.0023019044
1889_CRYZ_P1P2_ENSG00000116791,CRYZ,0.0023011742
9778_VWA8_P1P2_ENSG00000102763,VWA8,0.0023002874
9644_USP25_P1P2_ENSG00000155313,USP25,0.0022994208
5141_MOCS2_P1P2_ENSG00000164172,MOCS2,0.0022940754
5525_NDOR1_P1P2_ENSG00000188566,NDOR1,0.0022928342
4417_KLF2_P1P2_ENSG00000127528,KLF2,0.0022890316
2954_CIAO2A_P1P2_ENSG00000166797,CIAO2A,0.0022866682
6483_PMS2_P1P2_ENSG00000122512,PMS2,0.0022856614
3687_HELQ_P1P2_ENSG00000163312,HELQ,0.0022853422
6915_PTK7_P1P2_ENSG00000112655,PTK7,0.0022793175
9463_TYMP_P1P2_ENSG00000025708,TYMP,0.002277597
9183_TOR1A_P1P2_ENSG00000136827,TOR1A,0.0022747333
11268_non-targeting_non-targeting_non-targeting,non-targeting,0.0022705116
6680_PPP2R1A_P2_ENSG00000105568,PPP2R1A,0.0022693411
785_BCAR1_P1_ENSG00000050820,BCAR1,0.002268981
442_ARF5_P2_ENSG00000004059,ARF5,0.0022666126
7413_RORA_ENST00000335670.6_ENSG00000069667,RORA,0.0022664617
8706_TBC1D12_P1P2_ENSG00000108239,TBC1D12,0.002266187
"3781_HIST1H4H_ENST00000289352.1,ENST00000377727.1_ENSG00000158406",HIST1H4H,0.0022633488
10573_ZNF705G_ENST00000400078.2_ENSG00000215372,ZNF705G,0.0022623097
11040_non-targeting_non-targeting_non-targeting,non-targeting,0.0022614575
7673_SC5D_P1P2_ENSG00000109929,SC5D,0.0022567753
4078_IKBKB_P1P2_ENSG00000104365,IKBKB,0.0022544751
3241_G3BP1_P1P2_ENSG00000145907,G3BP1,0.0022525333
10105_ZFX_P1P2_ENSG00000005889,ZFX,0.0022487582
5438_NABP2_P2_ENSG00000139579,NABP2,0.0022452383
10597_ZNF732_P1P2_ENSG00000186777,ZNF732,0.0022423442
6770_PRKRIP1_P2_ENSG00000128563,PRKRIP1,0.0022422324
1827_CPEB1_ENST00000562019.1_ENSG00000214575,CPEB1,0.002240768
7288_RHNO1_P1P2_ENSG00000171792,RHNO1,0.0022332836
6592_POU3F3_P1P2_ENSG00000198914,POU3F3,0.0022307376
8617_SYCP2_P1P2_ENSG00000196074,SYCP2,0.0022266333
737_B4GALT4_P1P2_ENSG00000121578,B4GALT4,0.002225586
7425_RPE_P1P2_ENSG00000197713,RPE,0.0022222358
3615_H2AFY_P1P2_ENSG00000113648,H2AFY,0.0022217825
7629_SAAL1_P1_ENSG00000166788,SAAL1,0.0022207529
8950_TLX2_P1P2_ENSG00000115297,TLX2,0.0022181538
3101_FKBP8_P1P2_ENSG00000105701,FKBP8,0.0022172313
6718_PRCP_P1_ENSG00000137509,PRCP,0.0022148178
108_ACTN4_P1P2_ENSG00000130402,ACTN4,0.0022145265
2763_ETV3_P1P2_ENSG00000117036,ETV3,0.0022133477
4261_JRK_P1_ENSG00000234616,JRK,0.0022110017
5019_MFGE8_P1P2_ENSG00000140545,MFGE8,0.0022073158
10215_ZNF222_P1P2_ENSG00000159885,ZNF222,0.0021989348
9009_TMEM159_P1P2_ENSG00000011638,TMEM159,0.0021969453
2803_EZH2_P1P2_ENSG00000106462,EZH2,0.0021952712
8411_SRI_P2_ENSG00000075142,SRI,0.0021935229
8493_STAR_P1P2_ENSG00000147465,STAR,0.0021747055
8585_SUMF2_P1_ENSG00000129103,SUMF2,0.0021725763
10786_non-targeting_non-targeting_non-targeting,non-targeting,0.0021712687
9485_UBAC1_P1P2_ENSG00000130560,UBAC1,0.0021647012
7825_SETMAR_P1P2_ENSG00000170364,SETMAR,0.002164506
10322_ZNF384_P1P2_ENSG00000126746,ZNF384,0.0021630852
3289_GAS8_P1_ENSG00000141013,GAS8,0.0021607727
3984_HSPBP1_P1P2_ENSG00000133265,HSPBP1,0.0021568388
11204_non-targeting_non-targeting_non-targeting,non-targeting,0.0021529503
7251_RFFL_P1P2_ENSG00000092871,RFFL,0.0021433525
3481_GOT2_P1P2_ENSG00000125166,GOT2,0.0021414298
8797_TCTN3_P1P2_ENSG00000119977,TCTN3,0.0021356107
9861_WIPF1_P1P2_ENSG00000115935,WIPF1,0.0021352386
4665_LRRC42_P1P2_ENSG00000116212,LRRC42,0.0021326197
1847_CPT1C_P1P2_ENSG00000169169,CPT1C,0.0021294386
5758_NPAS1_P1P2_ENSG00000130751,NPAS1,0.0021260742
1113_C6orf52_P1P2_ENSG00000137434,C6orf52,0.002123844
4798_MAP1LC3B_P1P2_ENSG00000140941,MAP1LC3B,0.0021187668
9338_TSEN34_P1P2_ENSG00000170892,TSEN34,0.0021171037
2595_ELMOD2_P1P2_ENSG00000179387,ELMOD2,0.002116229
9719_VEGFB_P1P2_ENSG00000173511,VEGFB,0.0021152194
10088_ZFP41_P1P2_ENSG00000181638,ZFP41,0.002112207
10490_ZNF597_P1P2_ENSG00000167981,ZNF597,0.0021119427
4742_MACF1_P1P2_ENSG00000127603,MACF1,0.0021080046
4822_MAP7D1_P1P2_ENSG00000116871,MAP7D1,0.002104419
10823_non-targeting_non-targeting_non-targeting,non-targeting,0.0021036011
722_AZIN1_P1P2_ENSG00000155096,AZIN1,0.0020983396
6580_POR_P1P2_ENSG00000127948,POR,0.0020982134
4429_KLHDC3_P2_ENSG00000124702,KLHDC3,0.0020939119
3178_FOXO3_P2_ENSG00000118689,FOXO3,0.0020885353
360_ANXA2_P1P2_ENSG00000182718,ANXA2,0.0020845665
6349_PIGX_P1P2_ENSG00000163964,PIGX,0.0020803506
8827_TEX15_ENST00000256246.2_ENSG00000133863,TEX15,0.0020801774
10780_non-targeting_non-targeting_non-targeting,non-targeting,0.0020770892
6201_PDXDC1_P1P2_ENSG00000179889,PDXDC1,0.0020736647
757_BAMBI_P1P2_ENSG00000095739,BAMBI,0.0020710276
8193_SMURF2_P1P2_ENSG00000108854,SMURF2,0.002069968
7346_RNF130_P1P2_ENSG00000113269,RNF130,0.002067639
10418_ZNF519_P1P2_ENSG00000175322,ZNF519,0.0020673727
6682_PPP2R1B_P1P2_ENSG00000137713,PPP2R1B,0.0020643005
8509_STIP1_P1P2_ENSG00000168439,STIP1,0.002062406
2850_RTL8A_P1P2_ENSG00000203950,RTL8A,0.0020620937
6505_POC5_P1P2_ENSG00000152359,POC5,0.0020619263
7227_RELB_P1P2_ENSG00000104856,RELB,0.0020615917
2592_ELL2_P1P2_ENSG00000118985,ELL2,0.0020607773
513_ARL6IP1_P1_ENSG00000170540,ARL6IP1,0.002059505
8135_SMAD9_P1P2_ENSG00000120693,SMAD9,0.0020570308
6885_PSMG3_P2_ENSG00000157778,PSMG3,0.002054904
7775_SENP6_P1P2_ENSG00000112701,SENP6,0.0020542212
4621_LMX1A_P1P2_ENSG00000162761,LMX1A,0.002051926
"5975_OSBP2_ENST00000332585.6,ENST00000446658.2_ENSG00000184792",OSBP2,0.002051399
6368_PINK1_P1P2_ENSG00000158828,PINK1,0.002048392
89_ACOT13_P1P2_ENSG00000112304,ACOT13,0.0020479646
11219_non-targeting_non-targeting_non-targeting,non-targeting,0.0020470165
9914_XYLB_P1P2_ENSG00000093217,XYLB,0.0020424433
11270_non-targeting_non-targeting_non-targeting,non-targeting,0.0020397555
5938_OLIG2_P1P2_ENSG00000205927,OLIG2,0.0020391087
5052_MICAL1_P1P2_ENSG00000135596,MICAL1,0.002036502
11208_non-targeting_non-targeting_non-targeting,non-targeting,0.0020294383
11025_non-targeting_non-targeting_non-targeting,non-targeting,0.0020263668
7278_RGS20_P2_ENSG00000147509,RGS20,0.0020251
5612_NEUROD2_P1P2_ENSG00000171532,NEUROD2,0.0020241807
4088_IK_P1_ENSG00000113141,IK,0.0020217837
3954_HSD17B7_P2_ENSG00000132196,HSD17B7,0.002018229
3958_HSDL2_P1P2_ENSG00000119471,HSDL2,0.002017088
2345_DPH1_P2_ENSG00000108963,DPH1,0.0020167604
3714_HEY2_P1P2_ENSG00000135547,HEY2,0.002014334
10394_ZNF48_P1P2_ENSG00000180035,ZNF48,0.0020137413
2618_EMC9_P1P2_ENSG00000100908,EMC9,0.002012851
2408_DUSP28_P1P2_ENSG00000188542,DUSP28,0.0020067296
9067_TMEM30A_P1P2_ENSG00000112697,TMEM30A,0.0020046844
705_ATXN7L1_P1P2_ENSG00000146776,ATXN7L1,0.001993601
8789_TCHP_P1P2_ENSG00000139437,TCHP,0.001988769
10893_non-targeting_non-targeting_non-targeting,non-targeting,0.0019855008
3720_HIBCH_P1P2_ENSG00000198130,HIBCH,0.0019835613
1_A1BG_P2_ENSG00000121410,A1BG,0.0019822023
10960_non-targeting_non-targeting_non-targeting,non-targeting,0.0019769159
3378_GJA3_P1P2_ENSG00000121743,GJA3,0.0019728807
3509_GPR160_P1P2_ENSG00000173890,GPR160,0.0019717119
6036_PAGE1_P1P2_ENSG00000068985,PAGE1,0.001968512
3187_FOXP2_ENST00000350908.4_ENSG00000128573,FOXP2,0.0019669426
3210_FTL_P1P2_ENSG00000087086,FTL,0.0019663568
3143_FOXA2_P1P2_ENSG00000125798,FOXA2,0.0019597295
8259_SNX8_P1P2_ENSG00000106266,SNX8,0.0019535243
537_ARPC3_P1_ENSG00000111229,ARPC3,0.0019486158
9072_TMEM41A_P1P2_ENSG00000163900,TMEM41A,0.0019460941
4978_MESD_P1P2_ENSG00000117899,MESD,0.0019452217
1730_CNTRL_P1P2_ENSG00000119397,CNTRL,0.0019412967
7941_SKIL_P1P2_ENSG00000136603,SKIL,0.0019396944
1969_CUX1_P1P2_ENSG00000257923,CUX1,0.0019331726
5532_NDUFA12_P1P2_ENSG00000184752,NDUFA12,0.0019327815
5947_OPLAH_P1P2_ENSG00000178814,OPLAH,0.0019313942
1944_CTSA_P1P2_ENSG00000064601,CTSA,0.0019308891
8863_TGIF1_P1P2_ENSG00000177426,TGIF1,0.0019305807
9035_TMEM201_P1P2_ENSG00000188807,TMEM201,0.0019294117
4625_LONP2_P1_ENSG00000102910,LONP2,0.0019277347
4852_MARK2_P1_ENSG00000072518,MARK2,0.0019251123
3384_GLB1L2_P1P2_ENSG00000149328,GLB1L2,0.0019244622
8485_STAM_P1P2_ENSG00000136738,STAM,0.0019238638
9334_TSC22D4_P1P2_ENSG00000166925,TSC22D4,0.0019236319
2415_DUXA_ENST00000554048.2_ENSG00000258873,DUXA,0.0019218837
7716_SDCBP_P1P2_ENSG00000137575,SDCBP,0.0019171572
1620_CISH_P1P2_ENSG00000114737,CISH,0.0019156367
8677_TALDO1_P1P2_ENSG00000177156,TALDO1,0.0019155111
6440_PLEKHF1_P1P2_ENSG00000166289,PLEKHF1,0.0019152637
10654_ZNF813_P1P2_ENSG00000198346,ZNF813,0.0019149634
6303_PHLDB1_P2_ENSG00000019144,PHLDB1,0.0019031774
6041_PAIP1_P1P2_ENSG00000172239,PAIP1,0.0018971864
10128_ZKSCAN2_P1P2_ENSG00000155592,ZKSCAN2,0.0018968547
10731_ZSCAN9_P1P2_ENSG00000137185,ZSCAN9,0.001894154
1270_CCDC18_P1P2_ENSG00000122483,CCDC18,0.0018911277
"10585_ZNF718_ENST00000510175.1,ENST00000511079.1,ENST00000513304.1,ENST00000513889.1_ENSG00000250312",ZNF718,0.001887943
3843_HMOX2_P1_ENSG00000103415,HMOX2,0.0018853823
659_ATP5MC1_P1P2_ENSG00000159199,ATP5MC1,0.0018847686
7305_RIF1_P1P2_ENSG00000080345,RIF1,0.0018828913
4365_KIAA1522_P1_ENSG00000162522,KIAA1522,0.001875292
6347_PIGV_P1P2_ENSG00000060642,PIGV,0.0018696218
4609_LMAN2_P1P2_ENSG00000169223,LMAN2,0.0018691965
1092_C4orf36_P2_ENSG00000163633,C4orf36,0.0018666775
487_ARID1B_P1_ENSG00000049618,ARID1B,0.0018637931
9776_VTI1B_P1P2_ENSG00000100568,VTI1B,0.001860693
4197_IRGQ_P1P2_ENSG00000167378,IRGQ,0.0018583346
10787_non-targeting_non-targeting_non-targeting,non-targeting,0.0018579713
958_C11orf80_P1P2_ENSG00000173715,C11orf80,0.0018555918
9239_TRAM2_P1P2_ENSG00000065308,TRAM2,0.0018509629
7701_SCNM1_P1P2_ENSG00000163156,SCNM1,0.0018487183
57_ABL2_P2_ENSG00000143322,ABL2,0.0018393705
7171_RBM34_P1P2_ENSG00000188739,RBM34,0.0018389828
6623_PPIC_P1P2_ENSG00000168938,PPIC,0.001837946
9736_DCAF1_P1P2_ENSG00000145041,DCAF1,0.0018359132
3127_FNDC3B_P1P2_ENSG00000075420,FNDC3B,0.0018356929
586_ASNSD1_P1P2_ENSG00000138381,ASNSD1,0.0018324992
10700_ZNHIT2_P1P2_ENSG00000174276,ZNHIT2,0.001831662
929_BTN2A1_P1P2_ENSG00000112763,BTN2A1,0.0018307845
2790_EXOSC3_P1P2_ENSG00000107371,EXOSC3,0.0018203643
6359_PIK3R2_P2_ENSG00000105647,PIK3R2,0.0018177176
8802_TDRD3_P1P2_ENSG00000083544,TDRD3,0.0018152136
4894_MCFD2_P1_ENSG00000180398,MCFD2,0.0018143093
45_ABHD16A_P1P2_ENSG00000204427,ABHD16A,0.0018129417
7878_SH3BP2_P1_ENSG00000087266,SH3BP2,0.0018075794
868_BOD1_P1P2_ENSG00000145919,BOD1,0.0018043028
10580_ZNF711_P1P2_ENSG00000147180,ZNF711,0.0018042441
338_ANKRD36_P1P2_ENSG00000135976,ANKRD36,0.0018041718
3270_GALNT1_ENST00000269195.5_ENSG00000141429,GALNT1,0.0017998203
1143_CAB39L_P1_ENSG00000102547,CAB39L,0.0017993131
460_ARHGAP18_P1P2_ENSG00000146376,ARHGAP18,0.0017978868
10372_ZNF44_P1P2_ENSG00000197857,ZNF44,0.001795136
796_BCL11B_P1P2_ENSG00000127152,BCL11B,0.0017886136
112_ACTR2_P1P2_ENSG00000138071,ACTR2,0.001788568
8992_TMEM126A_P1P2_ENSG00000171202,TMEM126A,0.0017871078
2797_EXPH5_P1P2_ENSG00000110723,EXPH5,0.0017803172
4454_KNOP1_P1P2_ENSG00000103550,KNOP1,0.0017777833
11310_non-targeting_non-targeting_non-targeting,non-targeting,0.0017768027
9051_TMEM234_P1P2_ENSG00000160055,TMEM234,0.0017766302
6425_PLCXD1_P2_ENSG00000182378,PLCXD1,0.0017730406
8983_TMEM106C_P1P2_ENSG00000134291,TMEM106C,0.0017603631
4650_LRP6_P1P2_ENSG00000070018,LRP6,0.0017568403
864_BNIP3L_P1P2_ENSG00000104765,BNIP3L,0.0017566942
1286_CCDC66_P1P2_ENSG00000180376,CCDC66,0.0017549328
6090_PAX3_P1P2_ENSG00000135903,PAX3,0.0017528471
2716_ERMAP_P1_ENSG00000164010,ERMAP,0.0017527362
2024_DALRD3_P2_ENSG00000178149,DALRD3,0.0017519133
10318_ZNF367_P1P2_ENSG00000165244,ZNF367,0.0017471524
8671_TAF9B_P1P2_ENSG00000187325,TAF9B,0.0017460508
9915_XYLT2_P1P2_ENSG00000015532,XYLT2,0.0017441742
7102_RAP1GAP_P2_ENSG00000076864,RAP1GAP,0.0017432141
9240_TRAP1_P1P2_ENSG00000126602,TRAP1,0.0017402264
1318_CCNB2_P1P2_ENSG00000157456,CCNB2,0.0017374246
10559_ZNF696_P1P2_ENSG00000185730,ZNF696,0.0017363604
5526_NDRG2_P1P2_ENSG00000165795,NDRG2,0.0017355357
1561_CHD6_P1P2_ENSG00000124177,CHD6,0.0017347578
4732_LYSMD2_P1P2_ENSG00000140280,LYSMD2,0.0017341706
834_BID_P1P2_ENSG00000015475,BID,0.001728198
766_BATF2_P1P2_ENSG00000168062,BATF2,0.0017277093
6019_P4HA2_P1P2_ENSG00000072682,P4HA2,0.0017267684
1982_CXorf38_P1P2_ENSG00000185753,CXorf38,0.0017236023
4648_LRP12_P1P2_ENSG00000147650,LRP12,0.0017223498
8545_STT3A_P1P2_ENSG00000134910,STT3A,0.0017192791
9293_TRIP10_P2_ENSG00000125733,TRIP10,0.0017175091
8468_AC015871.1_P1P2_ENSG00000180953,AC015871.1,0.0017149163
10711_ZSCAN16_P1P2_ENSG00000196812,ZSCAN16,0.0017123114
4103_ILVBL_P1P2_ENSG00000105135,ILVBL,0.0017099698
7856_RSKR_P1P2_ENSG00000167524,RSKR,0.0017097442
6659_PPP1R14C_P1P2_ENSG00000198729,PPP1R14C,0.0017093371
5579_NECAB3_P2_ENSG00000125967,NECAB3,0.0017090443
6330_PIGA_P1P2_ENSG00000165195,PIGA,0.0017077397
6572_POMT2_P1P2_ENSG00000009830,POMT2,0.0017015971
2772_EVX1_P1P2_ENSG00000106038,EVX1,0.0016978066
10638_ZNF789_P1P2_ENSG00000198556,ZNF789,0.0016974143
154_ADIPOR1_P1P2_ENSG00000159346,ADIPOR1,0.0016925827
9501_UBE2E3_P1P2_ENSG00000170035,UBE2E3,0.0016916988
4300_KCNN4_P1P2_ENSG00000104783,KCNN4,0.0016915934
3574_GTF2H2C_P1P2_ENSG00000183474,GTF2H2C,0.0016858702
8936_TJAP1_P2_ENSG00000137221,TJAP1,0.0016845184
3967_HSP90AA1_P1P2_ENSG00000080824,HSP90AA1,0.0016822186
5613_NEUROD4_P1P2_ENSG00000123307,NEUROD4,0.0016808093
7074_RAD54L2_ENST00000409535.2_ENSG00000164080,RAD54L2,0.0016806383
3018_FBXO3_P1_ENSG00000110429,FBXO3,0.0016788224
5899_NUP62CL_P1P2_ENSG00000198088,NUP62CL,0.0016707606
1914_CSTB_P1P2_ENSG00000160213,CSTB,0.0016665092
8213_SNF8_P1P2_ENSG00000159210,SNF8,0.0016663204
4637_LPL_P1P2_ENSG00000175445,LPL,0.0016662049
7715_SDC3_P1P2_ENSG00000162512,SDC3,0.0016660035
11178_non-targeting_non-targeting_non-targeting,non-targeting,0.001662808
9424_TUBG1_P1P2_ENSG00000131462,TUBG1,0.0016599506
8467_ST20-MTHFS_P1P2_nan,ST20-MTHFS,0.001659275
5581_NECAP1_P1P2_ENSG00000089818,NECAP1,0.0016587345
10266_ZNF284_ENST00000421176.3_ENSG00000186026,ZNF284,0.0016580105
3161_FOXI1_P1P2_ENSG00000168269,FOXI1,0.00165294
448_ARFGEF1_P1P2_ENSG00000066777,ARFGEF1,0.0016475726
5123_MMGT1_P1P2_ENSG00000169446,MMGT1,0.0016475457
2453_EBF2_P1P2_ENSG00000221818,EBF2,0.0016410945
3947_HSD11B1L_P1P2_ENSG00000167733,HSD11B1L,0.0016381218
1662_CLK4_P1P2_ENSG00000113240,CLK4,0.001637905
1938_CTNNBIP1_P1P2_ENSG00000178585,CTNNBIP1,0.0016374188
2942_FAM76B_P1P2_ENSG00000077458,FAM76B,0.0016342425
10579_ZNF710_P1P2_ENSG00000140548,ZNF710,0.0016322361
6075_PARP14_P1P2_ENSG00000173193,PARP14,0.0016253991
348_ANKS6_P1P2_ENSG00000165138,ANKS6,0.0016244341
10392_ZNF488_P1_ENSG00000265763,ZNF488,0.0016226022
2726_ESAM_P2_ENSG00000149564,ESAM,0.0016210033
5080_MIPEP_P1P2_ENSG00000027001,MIPEP,0.0016198525
364_ANXA6_P1P2_ENSG00000197043,ANXA6,0.0016082826
2237_DLC1_P1P2_ENSG00000164741,DLC1,0.001607087
6382_PITPNM1_P1P2_ENSG00000110697,PITPNM1,0.001606798
212_AHSA2_P1P2_nan,AHSA2,0.0016063527
2897_ABITRAM_P1P2_ENSG00000119328,ABITRAM,0.0016055591
5037_MGAT3_P1P2_ENSG00000128268,MGAT3,0.0016020915
735_B4GALT2_P1P2_ENSG00000117411,B4GALT2,0.0015995643
10774_non-targeting_non-targeting_non-targeting,non-targeting,0.0015984634
1280_CCDC51_P1P2_ENSG00000164051,CCDC51,0.0015910239
2875_ANTKMT_P1P2_ENSG00000103254,ANTKMT,0.0015902113
4590_LIN28A_P1P2_ENSG00000131914,LIN28A,0.00158826
4602_LIX1L_P1P2_ENSG00000271601,LIX1L,0.0015856163
10081_ZFP2_P1P2_ENSG00000198939,ZFP2,0.0015821027
2593_ELL_P1P2_ENSG00000105656,ELL,0.0015800273
7731_SEBOX_P1P2_ENSG00000274529,SEBOX,0.0015786525
7379_RNF216_P1P2_ENSG00000011275,RNF216,0.0015674044
238_AKNA_P1_ENSG00000106948,AKNA,0.0015669861
8790_TCIRG1_P1P2_ENSG00000110719,TCIRG1,0.0015649761
5147_MON1B_P1P2_ENSG00000103111,MON1B,0.0015612211
7264_RFX7_P1P2_ENSG00000181827,RFX7,0.0015570349
452_ARFRP1_P1P2_ENSG00000101246,ARFRP1,0.0015526931
8527_STK4_P2_ENSG00000101109,STK4,0.0015495076
11271_non-targeting_non-targeting_non-targeting,non-targeting,0.0015435788
10827_non-targeting_non-targeting_non-targeting,non-targeting,0.0015406668
7907_SIGIRR_P1_ENSG00000185187,SIGIRR,0.0015328109
2331_DOK3_P1P2_ENSG00000146094,DOK3,0.001530255
5930_OGFOD3_P1P2_ENSG00000181396,OGFOD3,0.0015252363
3170_FOXL2_P1P2_ENSG00000183770,FOXL2,0.001524745
8127_SLX1A_ENST00000251303.6_ENSG00000132207,SLX1A,0.0015227341
9592_UNC45A_P1_ENSG00000140553,UNC45A,0.0015219087
9010_TMEM160_P1P2_ENSG00000130748,TMEM160,0.001518405
4782_MAML1_P1P2_ENSG00000161021,MAML1,0.0015173885
6198_PDSS1_P1P2_ENSG00000148459,PDSS1,0.0015146072
3763_HIST1H2BF_ENST00000359985.1_ENSG00000277224,HIST1H2BF,0.0015100635
1084_C3orf33_P1P2_ENSG00000174928,C3orf33,0.0015072433
8167_SMG6_P1P2_ENSG00000070366,SMG6,0.0015061297
4381_KIF1A_P1P2_ENSG00000130294,KIF1A,0.0015030286
473_ARHGDIB_P1P2_ENSG00000111348,ARHGDIB,0.0014998723
3684_HECTD3_P1P2_ENSG00000126107,HECTD3,0.0014981899
1991_CYB5D2_P1P2_ENSG00000167740,CYB5D2,0.0014975943
2724_ERVW-1_ENST00000603053.1_ENSG00000242950,ERVW-1,0.0014959753
616_ATG12_P1P2_ENSG00000145782,ATG12,0.0014948971
9651_USP34_P1P2_ENSG00000115464,USP34,0.0014884936
1085_C3orf38_P1P2_ENSG00000179021,C3orf38,0.0014863033
1887_CRYM_P1P2_ENSG00000103316,CRYM,0.0014843704
10972_non-targeting_non-targeting_non-targeting,non-targeting,0.001484224
6284_PHF1_P1P2_ENSG00000112511,PHF1,0.0014828788
3089_FIZ1_P1P2_ENSG00000179943,FIZ1,0.0014797838
"8675_TAL1_ENST00000294339.3,ENST00000371883.3_ENSG00000162367",TAL1,0.0014796387
10434_ZNF544_P1P2_ENSG00000198131,ZNF544,0.0014789206
5075_RIOX2_P1P2_ENSG00000170854,RIOX2,0.0014723764
3732_HINT1_P1P2_ENSG00000169567,HINT1,0.0014685366
1495_CEP120_P1P2_ENSG00000168944,CEP120,0.0014668597
9379_TTC19_P1P2_ENSG00000011295,TTC19,0.0014631487
2284_DNAJB9_P1P2_ENSG00000128590,DNAJB9,0.0014613678
8726_TBCCD1_P2_ENSG00000113838,TBCCD1,0.0014554153
1873_CRIPT_P1P2_ENSG00000119878,CRIPT,0.0014469093
5148_MON2_P1P2_ENSG00000061987,MON2,0.0014399121
10538_ZNF669_P1P2_ENSG00000188295,ZNF669,0.0014385347
2075_DCTN3_P1P2_ENSG00000137100,DCTN3,0.0014383764
831_BHLHE41_P1P2_ENSG00000123095,BHLHE41,0.001436124
2045_DBT_P1P2_ENSG00000137992,DBT,0.001435161
3706_HESX1_P2_ENSG00000163666,HESX1,0.001432742
11167_non-targeting_non-targeting_non-targeting,non-targeting,0.0014260574
9326_TRPT1_P1P2_ENSG00000149743,TRPT1,0.0014259432
1622_CITED1_P2_ENSG00000125931,CITED1,0.0014141503
9943_YPEL3_P1P2_ENSG00000090238,YPEL3,0.001410116
3452_GNPTAB_P1P2_ENSG00000111670,GNPTAB,0.0013968777
3924_HOXD1_P1P2_ENSG00000128645,HOXD1,0.0013852296
7554_RRBP1_P1P2_ENSG00000125844,RRBP1,0.0013824116
234_AKAP9_P1P2_ENSG00000127914,AKAP9,0.0013749222
1734_COA4_P1P2_ENSG00000181924,COA4,0.0013749048
10349_ZNF425_P1P2_ENSG00000204947,ZNF425,0.0013724018
3821_HMCES_P1P2_ENSG00000183624,HMCES,0.0013714045
10635_ZNF785_P1P2_ENSG00000197162,ZNF785,0.0013690066
9988_ZBTB34_P1P2_ENSG00000177125,ZBTB34,0.0013689032
1775_COPG1_P2_ENSG00000181789,COPG1,0.0013673811
6622_PPIB_P1P2_ENSG00000166794,PPIB,0.0013654251
4449_KMT2B_P1_ENSG00000272333,KMT2B,0.00135961
1658_CLK1_P1P2_ENSG00000013441,CLK1,0.0013574248
235_AKIP1_P1P2_ENSG00000166452,AKIP1,0.0013556606
3887_HOXA11_P1P2_ENSG00000005073,HOXA11,0.0013515791
1431_CDK2AP2_P1P2_ENSG00000167797,CDK2AP2,0.0013506605
4967_MEIS2_P1P2_ENSG00000134138,MEIS2,0.0013461785
10747_non-targeting_non-targeting_non-targeting,non-targeting,0.0013438712
10391_ZNF486_P1P2_ENSG00000256229,ZNF486,0.0013342011
9464_TYMS_P1P2_ENSG00000176890,TYMS,0.001332114
6783_PRODH_P1_ENSG00000100033,PRODH,0.0013317993
3016_FBXO38_P1P2_ENSG00000145868,FBXO38,0.0013300896
1989_CYB5A_P1P2_ENSG00000166347,CYB5A,0.001329349
10489_ZNF596_P1P2_ENSG00000172748,ZNF596,0.0013264733
4276_KAT5_P1P2_ENSG00000172977,KAT5,0.0013257597
5925_ODF2_P1P2_ENSG00000136811,ODF2,0.0013254862
8914_TIMM10B_P1P2_ENSG00000132286,TIMM10B,0.001320035
7844_SFT2D1_P1P2_ENSG00000198818,SFT2D1,0.0013181577
6240_PFDN5_P1P2_ENSG00000123349,PFDN5,0.001316617
8157_SMC3_P1P2_ENSG00000108055,SMC3,0.0013151863
4278_KAT6B_P1P2_ENSG00000156650,KAT6B,0.0013118176
7090_RALY_P1P2_ENSG00000125970,RALY,0.0013021671
5014_MEX3C_P1P2_ENSG00000176624,MEX3C,0.0012972662
1359_CD276_P1P2_ENSG00000103855,CD276,0.0012931776
1128_C8orf82_P1P2_ENSG00000213563,C8orf82,0.0012835703
2623_EMILIN2_P1P2_ENSG00000132205,EMILIN2,0.0012812194
8164_SMDT1_P1P2_ENSG00000183172,SMDT1,0.0012798897
2560_EIF4A2_P2_ENSG00000156976,EIF4A2,0.0012774648
8674_TAL1_ENST00000371884.2_ENSG00000162367,TAL1,0.0012760053
7470_RPL39L_P1P2_ENSG00000163923,RPL39L,0.001275756
7258_RFX1_P1P2_ENSG00000132005,RFX1,0.0012727381
7534_RPS6KC1_P1P2_ENSG00000136643,RPS6KC1,0.0012709808
2365_DPY19L3_P1P2_ENSG00000178904,DPY19L3,0.0012709654
409_NAXE_P1P2_ENSG00000163382,NAXE,0.0012670826
7156_RBM14-RBM4_P2_nan,RBM14-RBM4,0.0012606705
178_AFTPH_P1P2_ENSG00000119844,AFTPH,0.0012576383
5956_OR4N2_ENST00000315947.1_ENSG00000176294,OR4N2,0.0012542966
3053_FDXR_P1P2_ENSG00000161513,FDXR,0.001246683
3391_GLI2_ENST00000452319.1_ENSG00000074047,GLI2,0.0012442206
3119_FMR1NB_P1P2_ENSG00000176988,FMR1NB,0.0012419906
5354_MMUT_P1P2_ENSG00000146085,MMUT,0.0012414323
4412_KLF14_P1P2_ENSG00000266265,KLF14,0.001238951
9531_UBIAD1_P1P2_ENSG00000120942,UBIAD1,0.0012378568
9505_UBE2H_P1P2_ENSG00000186591,UBE2H,0.0012357449
8530_STOML1_P1P2_ENSG00000067221,STOML1,0.0012350513
2591_ELK4_P1P2_ENSG00000158711,ELK4,0.001233672
9260_TRIB3_P1P2_ENSG00000101255,TRIB3,0.001232301
1942_CTPS2_P1P2_ENSG00000047230,CTPS2,0.0012316948
4216_ISX_P1P2_ENSG00000175329,ISX,0.0012296551
1103_C5orf51_P1P2_ENSG00000205765,C5orf51,0.0012277971
1692_CMC4_P1P2_ENSG00000182712,CMC4,0.0012271589
6610_PPARG_P2_ENSG00000132170,PPARG,0.0012270102
733_B4GALNT4_P1P2_ENSG00000182272,B4GALNT4,0.0012262971
185_AGFG2_P1P2_ENSG00000106351,AGFG2,0.0012221711
8083_SLC40A1_P2_ENSG00000138449,SLC40A1,0.0012202046
149_ADD1_P1P2_ENSG00000087274,ADD1,0.0012168181
5064_MIDN_P1_ENSG00000167470,MIDN,0.0012147861
7982_SLC25A12_P1P2_ENSG00000115840,SLC25A12,0.001212376
7212_RCSD1_P1P2_ENSG00000198771,RCSD1,0.0012092018
1589_CHMP7_P1P2_ENSG00000147457,CHMP7,0.0012023877
7797_SERGEF_P1P2_ENSG00000129158,SERGEF,0.0012012934
4763_MAGEA9B_ENST00000243314.5_ENSG00000267978,MAGEA9B,0.0012000276
1354_CCZ1_P1P2_ENSG00000122674,CCZ1,0.00119878
6553_POLR2L_P1P2_ENSG00000177700,POLR2L,0.0011979549
9735_VOPP1_P1P2_ENSG00000154978,VOPP1,0.0011925513
3743_HIST1H1B_P1P2_ENSG00000184357,HIST1H1B,0.001192499
5378_MYEOV_P1P2_ENSG00000172927,MYEOV,0.001189982
9234_TRAF7_P1_ENSG00000131653,TRAF7,0.0011891928
101_ACSL4_P1P2_ENSG00000068366,ACSL4,0.0011796698
3651_HBG2_P1P2_ENSG00000196565,HBG2,0.001177707
10115_ZHX1_P1P2_ENSG00000165156,ZHX1,0.0011774551
369_AP1G2_P1P2_ENSG00000213983,AP1G2,0.0011771079
8119_SLC9B2_P1P2_ENSG00000164038,SLC9B2,0.0011768951
10714_ZSCAN1_P1P2_ENSG00000152467,ZSCAN1,0.00117676
5825_NSF_ENST00000398238.4_ENSG00000073969,NSF,0.0011746105
488_ARID1B_P2_ENSG00000049618,ARID1B,0.0011697409
10425_ZNF530_P1P2_ENSG00000183647,ZNF530,0.0011666167
4714_LUC7L2_P2_ENSG00000146963,LUC7L2,0.0011593016
10496_ZNF607_P1P2_ENSG00000198182,ZNF607,0.0011585845
8600_SUPT7L_P1P2_ENSG00000119760,SUPT7L,0.0011577209
3068_FGD6_P1P2_ENSG00000180263,FGD6,0.0011556974
1012_C18orf25_P1P2_ENSG00000152242,C18orf25,0.0011542273
9752_VPS36_P1P2_ENSG00000136100,VPS36,0.0011528878
10286_ZNF324B_P1P2_ENSG00000249471,ZNF324B,0.0011514289
9289_TRIM8_P1P2_ENSG00000171206,TRIM8,0.0011493494
2702_ERGIC1_P1P2_ENSG00000113719,ERGIC1,0.0011464505
3854_HNF4G_P2_ENSG00000164749,HNF4G,0.0011458702
124_ACYP2_P1P2_ENSG00000170634,ACYP2,0.0011422826
1832_CPNE2_P1P2_ENSG00000140848,CPNE2,0.0011415998
713_AURKAIP1_P1P2_ENSG00000175756,AURKAIP1,0.0011399142
6594_POU4F1_P1P2_ENSG00000152192,POU4F1,0.001138865
4974_MEOX1_P1P2_ENSG00000005102,MEOX1,0.0011324013
2941_FAM76A_P1P2_ENSG00000009780,FAM76A,0.0011282928
10885_non-targeting_non-targeting_non-targeting,non-targeting,0.0011268742
3536_GRHPR_P2_ENSG00000137106,GRHPR,0.0011246661
11048_non-targeting_non-targeting_non-targeting,non-targeting,0.0011246456
10220_ZNF226_P2_ENSG00000167380,ZNF226,0.0011237459
4192_IRF5_P2_ENSG00000128604,IRF5,0.0011212737
389_AP5M1_P1P2_ENSG00000053770,AP5M1,0.0011193242
6531_POLM_P1_ENSG00000122678,POLM,0.0011186323
1593_CHPF2_P1P2_ENSG00000033100,CHPF2,0.0011182718
7876_SH3BGR_P2_ENSG00000185437,SH3BGR,0.0011163141
9660_USP44_P1_ENSG00000136014,USP44,0.0011155584
317_ANKHD1_P1P2_ENSG00000131503,ANKHD1,0.0011155237
6789_PROX1_P1P2_ENSG00000117707,PROX1,0.001114665
9578_UGP2_P1P2_ENSG00000169764,UGP2,0.0011144925
69_ACADM_P1P2_ENSG00000117054,ACADM,0.0011115954
1344_CCSER2_P1P2_ENSG00000107771,CCSER2,0.001109547
4975_MEOX2_P1P2_ENSG00000106511,MEOX2,0.0011036493
1400_CDC42BPA_P1P2_ENSG00000143776,CDC42BPA,0.0010993964
3670_HDDC3_P1P2_ENSG00000184508,HDDC3,0.0010989625
1105_C6orf120_P1P2_ENSG00000185127,C6orf120,0.0010979602
9021_TMEM177_P1P2_ENSG00000144120,TMEM177,0.0010975712
10234_ZNF23_P2_ENSG00000167377,ZNF23,0.0010966153
9701_VAPB_P1P2_ENSG00000124164,VAPB,0.0010964298
8822_TES_P1P2_ENSG00000135269,TES,0.0010962667
6578_POPDC3_P1_ENSG00000132429,POPDC3,0.0010953271
769_BAX_P1P2_ENSG00000087088,BAX,0.0010811392
1477_CENPB_P1P2_ENSG00000125817,CENPB,0.0010808667
8972_TMED10_P1P2_ENSG00000170348,TMED10,0.0010799663
9960_ZADH2_P1P2_ENSG00000180011,ZADH2,0.0010762627
3131_FNTA_P1P2_ENSG00000168522,FNTA,0.0010759942
10240_ZNF254_ENST00000357002.4_ENSG00000213096,ZNF254,0.0010687867
10925_non-targeting_non-targeting_non-targeting,non-targeting,0.0010686057
5169_MPLKIP_P1P2_ENSG00000168303,MPLKIP,0.0010680675
1115_C6orf62_P1_ENSG00000112308,C6orf62,0.0010679243
6631_PPIL3_P1P2_ENSG00000240344,PPIL3,0.0010673387
1733_COA3_P1P2_ENSG00000183978,COA3,0.0010663832
4162_IPO4_P1P2_ENSG00000196497,IPO4,0.001065473
8586_SUMF2_P2_ENSG00000129103,SUMF2,0.0010587531
3624_HAGHL_P1P2_ENSG00000103253,HAGHL,0.0010572537
8241_SNX12_P1P2_ENSG00000147164,SNX12,0.0010458848
1412_CDCA2_P1P2_ENSG00000184661,CDCA2,0.0010440852
634_ATN1_P1P2_ENSG00000111676,ATN1,0.0010247045
9347_TSNAX_P1P2_ENSG00000116918,TSNAX,0.0010246235
4556_LEPR_P1P2_ENSG00000116678,LEPR,0.0010191438
8369_SPPL3_P1P2_ENSG00000157837,SPPL3,0.0010174322
6012_OXSM_P1P2_ENSG00000151093,OXSM,0.0010157389
4638_LRBA_P1P2_ENSG00000198589,LRBA,0.001014765
6936_PTPRG_P1P2_ENSG00000144724,PTPRG,0.0010111397
5674_NIPA1_P1P2_ENSG00000170113,NIPA1,0.0010092993
3224_FUS_P1P2_ENSG00000089280,FUS,0.0010053095
6277_PHC2_P1P2_ENSG00000134686,PHC2,0.0009952649
2083_DCUN1D5_P1P2_ENSG00000137692,DCUN1D5,0.0009878783
6153_PDCD2L_P1P2_ENSG00000126249,PDCD2L,0.000985607
7064_RAD23B_P1P2_ENSG00000119318,RAD23B,0.0009776002
2680_EPS15_P1P2_ENSG00000085832,EPS15,0.0009706167
5888_NUP155_P1P2_ENSG00000113569,NUP155,0.00096634147
7880_SH3BP5L_P1P2_ENSG00000175137,SH3BP5L,0.0009657038
11129_non-targeting_non-targeting_non-targeting,non-targeting,0.00095829705
952_NKAPD1_P1P2_ENSG00000150776,NKAPD1,0.00095677417
7757_SECISBP2_P1P2_ENSG00000187742,SECISBP2,0.0009563902
11265_non-targeting_non-targeting_non-targeting,non-targeting,0.00095570076
10156_ZNF10_P1P2_ENSG00000256223,ZNF10,0.000951394
1632_CKS2_P1P2_ENSG00000123975,CKS2,0.0009494015
5998_OTUD6B_P1P2_ENSG00000155100,OTUD6B,0.0009478717
503_ARL16_P1P2_ENSG00000214087,ARL16,0.00094481616
2710_ERI3_P1P2_ENSG00000117419,ERI3,0.00094293023
8304_SP140L_P1P2_ENSG00000185404,SP140L,0.0009418053
8084_SLC41A3_P1P2_ENSG00000114544,SLC41A3,0.0009345231
9951_YWHAB_P1P2_ENSG00000166913,YWHAB,0.0009333201
1895_CSH2_P2_ENSG00000213218,CSH2,0.0009332609
280_ALKBH7_P1P2_ENSG00000125652,ALKBH7,0.0009327088
8978_TMED7_P1P2_ENSG00000134970,TMED7,0.00093243533
10410_ZNF512_P1P2_ENSG00000243943,ZNF512,0.0009288944
8942_TKT_P1_ENSG00000163931,TKT,0.00092631724
4397_KIFAP3_P1P2_ENSG00000075945,KIFAP3,0.0009212261
4954_MED31_P1P2_ENSG00000108590,MED31,0.0009194477
5454_NAIF1_P1P2_ENSG00000171169,NAIF1,0.0009158129
9155_TNRC6C_P1P2_ENSG00000078687,TNRC6C,0.0009157669
3435_GNB1_P1P2_ENSG00000078369,GNB1,0.0009146498
8243_SNX14_P1P2_ENSG00000135317,SNX14,0.0009136827
11297_non-targeting_non-targeting_non-targeting,non-targeting,0.00091197103
4698_LSR_P1P2_ENSG00000105699,LSR,0.00091181014
3530_GRB2_P2_ENSG00000177885,GRB2,0.0009096792
3130_FNIP2_P1P2_ENSG00000052795,FNIP2,0.0009084704
10820_non-targeting_non-targeting_non-targeting,non-targeting,0.0009066869
4437_KLHL21_P1P2_ENSG00000162413,KLHL21,0.0009066446
2304_DNAJC8_P1P2_ENSG00000126698,DNAJC8,0.00090523285
5404_MYOD1_P1P2_ENSG00000129152,MYOD1,0.0009041226
10618_ZNF76_P1P2_ENSG00000065029,ZNF76,0.0009039993
9001_TMEM138_P1P2_ENSG00000149483,TMEM138,0.00089867436
3895_HOXA6_P1P2_ENSG00000106006,HOXA6,0.00089822145
633_ATM_P1P2_ENSG00000149311,ATM,0.0008977226
230_AKAP17A_P1P2_ENSG00000197976,AKAP17A,0.0008953259
8768_TCEANC2_P1P2_ENSG00000116205,TCEANC2,0.0008922027
1388_CDC14B_P1P2_ENSG00000081377,CDC14B,0.00088394154
8644_TACC3_P2_ENSG00000013810,TACC3,0.00088109594
10717_ZSCAN22_P1P2_ENSG00000182318,ZSCAN22,0.00087799487
2736_ESR1_P2_ENSG00000091831,ESR1,0.0008693477
9374_TST_P1P2_ENSG00000128311,TST,0.0008624824
4601_LITAF_P1P2_ENSG00000189067,LITAF,0.000860139
3287_GAS2L1_P1P2_ENSG00000185340,GAS2L1,0.0008589203
8510_STK11IP_P1P2_ENSG00000144589,STK11IP,0.00085735746
63_ACAA1_P1P2_ENSG00000060971,ACAA1,0.0008553593
2952_FAM91A1_P1P2_ENSG00000176853,FAM91A1,0.0008551795
9367_TSR3_P1P2_ENSG00000007520,TSR3,0.00085083785
7596_RUFY2_P1P2_ENSG00000204130,RUFY2,0.0008477415
5880_NUFIP2_P1P2_ENSG00000108256,NUFIP2,0.00084656995
1171_CAND1_P1P2_ENSG00000111530,CAND1,0.00084429
853_BLVRB_P1P2_ENSG00000090013,BLVRB,0.0008425416
9023_TMEM181_P1P2_ENSG00000146433,TMEM181,0.0008423581
3560_GSTM4_P1P2_ENSG00000168765,GSTM4,0.00084122777
6752_PRKAB2_P1P2_ENSG00000131791,PRKAB2,0.0008390599
10546_ZNF678_P1P2_ENSG00000181450,ZNF678,0.000838449
8033_SLC30A7_P1P2_ENSG00000162695,SLC30A7,0.00083422934
10606_ZNF74_P1P2_ENSG00000185252,ZNF74,0.00083206873
7816_SETD2_P1P2_ENSG00000181555,SETD2,0.0008301327
10903_non-targeting_non-targeting_non-targeting,non-targeting,0.00082743674
4200_IRX3_P1P2_ENSG00000177508,IRX3,0.00082648743
3206_FSCN1_P2_ENSG00000075618,FSCN1,0.0008263598
8075_SLC39A4_P1_ENSG00000147804,SLC39A4,0.00082369737
1970_CUX2_P1P2_ENSG00000111249,CUX2,0.0008118102
3014_FBXO33_P1P2_ENSG00000165355,FBXO33,0.00081156014
732_B4GALNT1_P1P2_ENSG00000135454,B4GALNT1,0.00080853316
11054_non-targeting_non-targeting_non-targeting,non-targeting,0.00080777996
1374_CD63_P1P2_ENSG00000135404,CD63,0.00080069347
11322_non-targeting_non-targeting_non-targeting,non-targeting,0.00080043054
2107_DDX19B_P1_ENSG00000157349,DDX19B,0.00079751824
396_APC_P2_ENSG00000134982,APC,0.00079465745
4706_LTBP3_P1P2_ENSG00000168056,LTBP3,0.00079410244
2743_ESRRG_ENST00000493748.1_ENSG00000196482,ESRRG,0.0007870308
10683_ZNF865_P1P2_ENSG00000261221,ZNF865,0.0007811142
5749_NOP56_P1P2_ENSG00000101361,NOP56,0.00077907223
1992_CYB5R1_P1P2_ENSG00000159348,CYB5R1,0.00077444315
1640_CLCN3_P1P2_ENSG00000109572,CLCN3,0.0007693835
6675_PPP1R7_P1P2_ENSG00000115685,PPP1R7,0.00076636916
4334_KEL_P2_ENSG00000197993,KEL,0.00076159084
4047_IFNGR2_P1P2_ENSG00000159128,IFNGR2,0.0007611137
10475_ZNF582_P1P2_ENSG00000018869,ZNF582,0.00075426564
8459_ZNRD2_P1P2_ENSG00000173465,ZNRD2,0.0007534752
5662_NHEJ1_P1P2_ENSG00000187736,NHEJ1,0.0007512347
1930_CTDSP1_P1P2_ENSG00000144579,CTDSP1,0.000751009
3052_FDX1_P1P2_ENSG00000137714,FDX1,0.00074840384
4545_LDLRAP1_P2_ENSG00000157978,LDLRAP1,0.0007482676
1793_COQ4_P1P2_ENSG00000167113,COQ4,0.0007450522
3505_GPR107_P1P2_ENSG00000148358,GPR107,0.00074368384
3025_FBXO46_P1P2_ENSG00000177051,FBXO46,0.00074242207
1378_CD81_P2_ENSG00000110651,CD81,0.0007412403
10639_ZNF790_P1_ENSG00000197863,ZNF790,0.00074122794
3702_HES5_P1P2_ENSG00000197921,HES5,0.0007236184
4555_LEPROT_P1P2_ENSG00000213625,LEPROT,0.0007233785
1790_COQ10B_P1P2_ENSG00000115520,COQ10B,0.000721015
9466_TYROBP_P1P2_ENSG00000011600,TYROBP,0.000720046
8928_TIMMDC1_P1P2_ENSG00000113845,TIMMDC1,0.0007197581
10669_ZNF83_ENST00000541777.2_ENSG00000167766,ZNF83,0.00071866007
10692_ZNF90_P1P2_ENSG00000213988,ZNF90,0.00070735265
8434_SRSF4_P1P2_ENSG00000116350,SRSF4,0.0007007356
217_AIFM2_P1P2_ENSG00000042286,AIFM2,0.0007002895
9308_TRMT1_P1P2_ENSG00000104907,TRMT1,0.0006953212
9906_XRCC4_P1P2_ENSG00000152422,XRCC4,0.00069407636
9076_TMEM50A_P1P2_ENSG00000183726,TMEM50A,0.00068390835
6587_POU2F2_P1P2_ENSG00000028277,POU2F2,0.0006819076
1243_MCUB_P1P2_ENSG00000005059,MCUB,0.0006769475
5436_NAB2_P1P2_ENSG00000166886,NAB2,0.0006758327
11035_non-targeting_non-targeting_non-targeting,non-targeting,0.0006753266
3180_FOXO4_P1P2_ENSG00000184481,FOXO4,0.00067426683
10208_ZNF213_P1P2_ENSG00000085644,ZNF213,0.0006714963
1174_CANX_P2_ENSG00000127022,CANX,0.00066879304
1196_CARS2_P1P2_ENSG00000134905,CARS2,0.0006639806
3117_FMNL1_P1P2_ENSG00000184922,FMNL1,0.0006609091
4407_KLF10_P2_ENSG00000155090,KLF10,0.00065976335
6773_PRKX_P1P2_ENSG00000183943,PRKX,0.00065330823
7017_RAB24_P1P2_ENSG00000169228,RAB24,0.0006532371
2476_EDEM1_P1P2_ENSG00000134109,EDEM1,0.0006490834
7932_SIX2_P1P2_ENSG00000170577,SIX2,0.00064761005
11286_non-targeting_non-targeting_non-targeting,non-targeting,0.0006436616
6478_PMP22_P1P2_ENSG00000109099,PMP22,0.0006425064
9038_PACC1_P1P2_ENSG00000065600,PACC1,0.0006353655
4606_LLPH_P1P2_ENSG00000139233,LLPH,0.0006346025
6485_PNISR_P2_ENSG00000132424,PNISR,0.00063217996
2435_DYRK4_P1P2_ENSG00000010219,DYRK4,0.0006300561
1266_CCDC169-SOHLH2_P1P2_nan,CCDC169-SOHLH2,0.0006277221
7553_RRAS_P1P2_ENSG00000126458,RRAS,0.00062739814
"8297_SOX6_ENST00000352083.6,ENST00000396356.3_ENSG00000110693",SOX6,0.00062726927
10437_ZNF548_P1P2_ENSG00000188785,ZNF548,0.0006246935
4705_LTBP1_P1P2_ENSG00000049323,LTBP1,0.0006246136
2312_DNM1_P1P2_ENSG00000106976,DNM1,0.0006240004
2996_FBXL20_P1P2_ENSG00000108306,FBXL20,0.00062268676
1600_CHST11_P1P2_ENSG00000171310,CHST11,0.00062209676
1924_CTBP2_P1P2_ENSG00000175029,CTBP2,0.0006207835
4613_LMBRD2_P1P2_ENSG00000164187,LMBRD2,0.00061143225
2362_DPRX_ENST00000376650.1_ENSG00000204595,DPRX,0.000609527
9224_TRABD_P2_ENSG00000170638,TRABD,0.0006093028
9755_VPS37C_P1P2_ENSG00000167987,VPS37C,0.0006065178
4485_KTN1_P2_ENSG00000126777,KTN1,0.00060440414
8356_SPICE1_P1P2_ENSG00000163611,SPICE1,0.00060008187
8606_SUSD1_P1P2_ENSG00000106868,SUSD1,0.0005997379
5849_NTPCR_P1P2_ENSG00000135778,NTPCR,0.00059914903
1999_CYC1_P1P2_ENSG00000179091,CYC1,0.0005974656
9783_WAC_P1P2_ENSG00000095787,WAC,0.0005971065
3354_GGCT_P1P2_ENSG00000006625,GGCT,0.0005922556
883_BRAT1_P1P2_ENSG00000106009,BRAT1,0.0005881198
226_AK3_P1P2_ENSG00000147853,AK3,0.00058743363
810_BCORL1_P1P2_ENSG00000085185,BCORL1,0.0005866809
10806_non-targeting_non-targeting_non-targeting,non-targeting,0.0005850136
9211_TPRA1_P1P2_ENSG00000163870,TPRA1,0.0005834701
7119_RASA1_P2_ENSG00000145715,RASA1,0.0005832811
11290_non-targeting_non-targeting_non-targeting,non-targeting,0.0005820571
4826_MAPK14_P1P2_ENSG00000112062,MAPK14,0.00058131834
4255_JMJD6_P1P2_ENSG00000070495,JMJD6,0.0005813039
6701_PPP6R1_P1P2_ENSG00000105063,PPP6R1,0.0005795166
973_C14orf119_P1P2_ENSG00000179933,C14orf119,0.0005794059
1015_FAM174C_P1P2_ENSG00000228300,FAM174C,0.0005789285
5343_MTRF1_P1P2_ENSG00000120662,MTRF1,0.00057863287
3650_HBG1_P1P2_ENSG00000213934,HBG1,0.00057532743
7639_SALL2_P1P2_ENSG00000165821,SALL2,0.00057113316
10873_non-targeting_non-targeting_non-targeting,non-targeting,0.00057095854
10979_non-targeting_non-targeting_non-targeting,non-targeting,0.00056927325
5760_NPAS3_P1P2_ENSG00000151322,NPAS3,0.0005686948
9259_TRIB2_P1P2_ENSG00000071575,TRIB2,0.00056842685
595_ASXL1_P1P2_ENSG00000171456,ASXL1,0.00056817674
6569_POMGNT2_P1P2_ENSG00000144647,POMGNT2,0.00056812074
3476_GORASP1_P1P2_ENSG00000114745,GORASP1,0.0005551528
11088_non-targeting_non-targeting_non-targeting,non-targeting,0.00055339443
2301_DNAJC5_P1P2_ENSG00000101152,DNAJC5,0.00055273715
10946_non-targeting_non-targeting_non-targeting,non-targeting,0.0005512004
2931_MINDY2_P1P2_ENSG00000128923,MINDY2,0.00055037707
10871_non-targeting_non-targeting_non-targeting,non-targeting,0.00055000867
8634_SYT5_P1P2_ENSG00000129990,SYT5,0.00054806605
1933_CTDSPL_P1P2_ENSG00000144677,CTDSPL,0.00054305507
8277_SOSTDC1_P1P2_ENSG00000171243,SOSTDC1,0.0005424893
3841_ARHGAP45_P1P2_ENSG00000180448,ARHGAP45,0.000531253
8162_SMCHD1_P1P2_ENSG00000101596,SMCHD1,0.00052891194
258_ALDH4A1_P1P2_ENSG00000159423,ALDH4A1,0.0005254264
4064_IGF1_P1P2_ENSG00000017427,IGF1,0.0005244754
10551_ZNF683_P1P2_ENSG00000176083,ZNF683,0.0005223758
5359_MXD3_P1P2_ENSG00000213347,MXD3,0.00052126945
10633_ZNF783_P1P2_ENSG00000204946,ZNF783,0.00051708304
10197_ZNF19_P1P2_ENSG00000157429,ZNF19,0.0005141971
64_ACAA2_P1P2_ENSG00000167315,ACAA2,0.0005127029
1257_CCDC137_P1P2_ENSG00000185298,CCDC137,0.0005125126
10723_ZSCAN30_P1P2_ENSG00000186814,ZSCAN30,0.00050718785
9568_UFC1_P1P2_ENSG00000143222,UFC1,0.0004942866
11153_non-targeting_non-targeting_non-targeting,non-targeting,0.00049418304
2895_FAM200B_P1P2_ENSG00000237765,FAM200B,0.00048904313
10631_ZNF781_P1P2_ENSG00000196381,ZNF781,0.00048550207
8021_SLC29A1_P2_ENSG00000112759,SLC29A1,0.00048101632
3992_HTT_P1P2_ENSG00000197386,HTT,0.00048076088
7692_SCFD2_P1P2_ENSG00000184178,SCFD2,0.00048065928
5493_NCBP1_P1P2_ENSG00000136937,NCBP1,0.00047939812
10030_ZC3HAV1_P1P2_ENSG00000105939,ZC3HAV1,0.0004778122
9471_TBXT_P1P2_ENSG00000164458,TBXT,0.00047628782
4253_JMJD1C_P1P2_ENSG00000171988,JMJD1C,0.00047440635
832_BICD1_P1P2_ENSG00000151746,BICD1,0.00047335675
347_ANKS3_P1P2_ENSG00000168096,ANKS3,0.00047324013
10210_ZNF215_P1P2_ENSG00000149054,ZNF215,0.00047224684
8709_TBC1D15_P1P2_ENSG00000121749,TBC1D15,0.00046966533
6600_POU5F2_P1P2_ENSG00000248483,POU5F2,0.0004575874
8346_SPEG_P1_ENSG00000072195,SPEG,0.00045497937
11292_non-targeting_non-targeting_non-targeting,non-targeting,0.0004544515
1569_CHEK2_P1P2_ENSG00000183765,CHEK2,0.00044694895
4218_ISYNA1_P1P2_ENSG00000105655,ISYNA1,0.00044497594
3063_FEV_P1P2_ENSG00000163497,FEV,0.00043711634
4559_LEUTX_ENST00000396841.4_ENSG00000213921,LEUTX,0.00042500434
5023_MFN2_P2_ENSG00000116688,MFN2,0.00042269
99_ACSL1_P1P2_ENSG00000151726,ACSL1,0.00042144206
10769_non-targeting_non-targeting_non-targeting,non-targeting,0.00042117617
1465_CEBPA_P1P2_ENSG00000245848,CEBPA,0.0004157303
3413_GLYR1_P1P2_ENSG00000140632,GLYR1,0.0004128002
"2744_ESRRG_ENST00000359162.2,ENST00000361525.3_ENSG00000196482",ESRRG,0.00039344368
2915_FAM229A_P1P2_ENSG00000225828,FAM229A,0.00039045906
1630_CKB_P1P2_ENSG00000166165,CKB,0.00039034997
1065_CFAP298_P1P2_ENSG00000159079,CFAP298,0.00038859027
5477_NBEAL1_P1P2_ENSG00000144426,NBEAL1,0.00038622972
11257_non-targeting_non-targeting_non-targeting,non-targeting,0.00038395153
2104_DDX17_P1P2_ENSG00000100201,DDX17,0.00038096198
10835_non-targeting_non-targeting_non-targeting,non-targeting,0.0003744358
1818_COX6B1_P1P2_ENSG00000126267,COX6B1,0.00037376466
6705_PPT1_P1P2_ENSG00000131238,PPT1,0.00037109
9325_TRPS1_P1P2_ENSG00000104447,TRPS1,0.00036944306
2516_EHBP1_P1P2_ENSG00000115504,EHBP1,0.0003654317
7382_RNF220_ENST00000443020.2_ENSG00000187147,RNF220,0.00036500604
4359_KIAA1109_P1P2_ENSG00000138688,KIAA1109,0.00036499536
6892_PSTK_P1_ENSG00000179988,PSTK,0.0003643557
9418_TUBB4B_P2_ENSG00000188229,TUBB4B,0.00035835546
3162_FOXI2_P1P2_ENSG00000186766,FOXI2,0.00035346355
6532_POLQ_P1P2_ENSG00000051341,POLQ,0.00035076035
1594_CHPF_P1P2_ENSG00000123989,CHPF,0.00034764071
8017_SLC26A6_P1P2_ENSG00000225697,SLC26A6,0.0003475616
7598_RUFY3_P1_ENSG00000018189,RUFY3,0.0003375795
7676_SCAF4_P1P2_ENSG00000156304,SCAF4,0.00033385336
8093_SLC4A1AP_P1P2_ENSG00000163798,SLC4A1AP,0.0003309512
8799_TDG_P1P2_ENSG00000139372,TDG,0.00033062775
3612_H1FX_P1P2_ENSG00000184897,H1FX,0.00032949678
1757_COMMD1_P1P2_ENSG00000173163,COMMD1,0.00032764106
4050_IFRD2_P1P2_ENSG00000214706,IFRD2,0.00032700587
795_BCL11A_P1P2_ENSG00000119866,BCL11A,0.00032315354
6263_PGPEP1_P1P2_ENSG00000130517,PGPEP1,0.0003217322
6938_PTPRR_P1P2_ENSG00000153233,PTPRR,0.00032137186
906_BRPF1_P1P2_ENSG00000156983,BRPF1,0.00032093702
10858_non-targeting_non-targeting_non-targeting,non-targeting,0.00031790833
8138_SMAP2_P2_ENSG00000084070,SMAP2,0.00031617648
9386_TTC33_P1P2_ENSG00000113638,TTC33,0.0003095468
1326_CCNE2_P1P2_ENSG00000175305,CCNE2,0.00030827438
10880_non-targeting_non-targeting_non-targeting,non-targeting,0.00030532415
3523_GPX4_P1P2_ENSG00000167468,GPX4,0.00030490613
3193_FOXRED1_P1P2_ENSG00000110074,FOXRED1,0.00030036597
3769_HIST1H2BM_P1P2_ENSG00000273703,HIST1H2BM,0.00030003994
3348_GFOD1_P1P2_ENSG00000145990,GFOD1,0.00029763064
8175_SMIM15_P1P2_ENSG00000188725,SMIM15,0.00029512032
5786_NR1I2_P1P2_ENSG00000144852,NR1I2,0.00029223302
9163_TOMM20_P1P2_ENSG00000173726,TOMM20,0.00029208531
1014_C19orf12_P1P2_ENSG00000131943,C19orf12,0.00029109567
10506_ZNF618_P1P2_ENSG00000157657,ZNF618,0.0002900741
11304_non-targeting_non-targeting_non-targeting,non-targeting,0.00028973422
9670_USP54_P2_ENSG00000166348,USP54,0.00028864376
2151_DENND4B_P2_ENSG00000198837,DENND4B,0.00028745647
6143_PCSK7_P1P2_ENSG00000160613,PCSK7,0.00028736165
2383_DSTN_P1P2_ENSG00000125868,DSTN,0.0002849822
10882_non-targeting_non-targeting_non-targeting,non-targeting,0.00028470677
5854_NUBPL_P1P2_ENSG00000151413,NUBPL,0.00028342247
5744_NONO_P1P2_ENSG00000147140,NONO,0.00028253178
211_AHSA1_P1P2_ENSG00000100591,AHSA1,0.000272958
5644_NFKBIA_P1_ENSG00000100906,NFKBIA,0.00026189405
2221_DIAPH3_P1P2_ENSG00000139734,DIAPH3,0.00025922657
9027_TMEM185B_P1P2_ENSG00000226479,TMEM185B,0.00025851387
7326_RMND5B_P1P2_ENSG00000145916,RMND5B,0.0002547269
2348_DPH3_P1P2_ENSG00000154813,DPH3,0.00025412117
8129_SMAD1_P1P2_ENSG00000170365,SMAD1,0.0002523712
8221_SNRNP48_P1P2_ENSG00000168566,SNRNP48,0.00025040843
9821_WDR44_P1P2_ENSG00000131725,WDR44,0.00024668328
8979_TMED8_P1P2_ENSG00000100580,TMED8,0.00024488836
4468_KRCC1_P1P2_ENSG00000172086,KRCC1,0.00024313758
550_ARRDC2_P1_ENSG00000105643,ARRDC2,0.00023617539
2469_ECM1_P1P2_ENSG00000143369,ECM1,0.0002302975
4360_KIAA1143_P1P2_ENSG00000163807,KIAA1143,0.00022189319
9034_TMEM19_P1P2_ENSG00000139291,TMEM19,0.00021440568
3429_GNA13_P1P2_ENSG00000120063,GNA13,0.00021028005
2644_ENOPH1_P1P2_ENSG00000145293,ENOPH1,0.00020757166
10048_ZDHHC20_P1P2_ENSG00000180776,ZDHHC20,0.00020287703
5133_MOB1B_P1P2_ENSG00000173542,MOB1B,0.00019997703
6093_PAX6_P1P2_ENSG00000007372,PAX6,0.00019921847
10855_non-targeting_non-targeting_non-targeting,non-targeting,0.00019592968
5591_NEIL3_P1P2_ENSG00000109674,NEIL3,0.00019437175
6470_PLXNB2_P1P2_ENSG00000196576,PLXNB2,0.00019396
11163_non-targeting_non-targeting_non-targeting,non-targeting,0.00019272193
9937_YJEFN3_P2_ENSG00000250067,YJEFN3,0.00019089744
10023_ZC3H18_P1P2_ENSG00000158545,ZC3H18,0.00019055548
1988_CYB561_P1P2_ENSG00000008283,CYB561,0.00018929347
4538_LCP1_P1P2_ENSG00000136167,LCP1,0.00018742325
5500_NCKAP5L_P1P2_ENSG00000167566,NCKAP5L,0.00018559594
6498_PNPO_P1P2_ENSG00000108439,PNPO,0.00017503515
8352_SPHK1_P1P2_ENSG00000176170,SPHK1,0.00017470651
10905_non-targeting_non-targeting_non-targeting,non-targeting,0.00017121632
1572_CHI3L2_P2_ENSG00000064886,CHI3L2,0.00016608732
8187_SMPD4_P1P2_ENSG00000136699,SMPD4,0.00016436093
6297_PHKA2_P1P2_ENSG00000044446,PHKA2,0.00016117145
6812_PRR14L_P1P2_ENSG00000183530,PRR14L,0.00015706188
5932_OGG1_P1P2_ENSG00000114026,OGG1,0.00015524623
11140_non-targeting_non-targeting_non-targeting,non-targeting,0.00015380315
7793_SERBP1_P1P2_ENSG00000142864,SERBP1,0.00015361568
529_ARNT2_P1P2_ENSG00000172379,ARNT2,0.00015291809
4810_MAP3K3_P1P2_ENSG00000198909,MAP3K3,0.00015183525
3400_GLOD4_P1P2_ENSG00000167699,GLOD4,0.00014887724
9397_TTF2_P1P2_ENSG00000116830,TTF2,0.00014824436
2628_EMP2_P1P2_ENSG00000213853,EMP2,0.00014017645
7250_RFESD_P1P2_ENSG00000175449,RFESD,0.00013228832
6343_PIGS_P2_ENSG00000087111,PIGS,0.0001284394
4332_KDSR_P1P2_ENSG00000119537,KDSR,0.00012822665
8436_SRSF6_P1_ENSG00000124193,SRSF6,0.00012358165
10189_ZNF180_P1P2_ENSG00000167384,ZNF180,0.00012104557
5175_MPPE1_P1P2_ENSG00000154889,MPPE1,0.00012029023
4247_JAK1_P1P2_ENSG00000162434,JAK1,0.000117072304
5521_NDE1_P2_ENSG00000072864,NDE1,0.00011470231
6100_PBDC1_P1P2_ENSG00000102390,PBDC1,0.00011374303
4912_MCUR1_P1P2_ENSG00000050393,MCUR1,0.00011088403
11215_non-targeting_non-targeting_non-targeting,non-targeting,0.00011055852
576_ASCL4_ENST00000342331.4_ENSG00000187855,ASCL4,0.00010840764
11159_non-targeting_non-targeting_non-targeting,non-targeting,0.000107165295
9869_WNK4_P1P2_ENSG00000126562,WNK4,0.000104233055
6172_PDE8A_P1_ENSG00000073417,PDE8A,9.707064e-05
9413_TUBB2B_P1_ENSG00000137285,TUBB2B,9.582397e-05
10446_ZNF558_P1P2_ENSG00000167785,ZNF558,9.579741e-05
10497_ZNF608_P1_ENSG00000168916,ZNF608,9.2588874e-05
3550_GSK3A_P1P2_ENSG00000105723,GSK3A,9.1509384e-05
177_AFMID_P1P2_ENSG00000183077,AFMID,9.027514e-05
3309_GBGT1_P1P2_ENSG00000148288,GBGT1,8.717121e-05
3156_FOXE3_P1P2_ENSG00000186790,FOXE3,8.6694614e-05
1444_CDKAL1_P1P2_ENSG00000145996,CDKAL1,8.6387074e-05
2184_DHCR24_P1P2_ENSG00000116133,DHCR24,8.508002e-05
8807_TEAD4_P1P2_ENSG00000197905,TEAD4,8.326313e-05
5781_NR1D2_P1P2_ENSG00000174738,NR1D2,8.06161e-05
7628_SAAL1_P2_ENSG00000166788,SAAL1,7.976016e-05
5793_NR2F1_P1P2_ENSG00000175745,NR2F1,7.611383e-05
5983_OSBP_P1P2_ENSG00000110048,OSBP,7.4895055e-05
470_ARHGAP5_P1P2_ENSG00000100852,ARHGAP5,7.291802e-05
1409_CDC6_P1P2_ENSG00000094804,CDC6,6.921201e-05
6969_PXMP4_P1P2_ENSG00000101417,PXMP4,6.775316e-05
1953_CTSV_P1P2_ENSG00000136943,CTSV,6.771501e-05
3038_FBXW7_ENST00000281708.4_ENSG00000109670,FBXW7,6.534699e-05
8659_TAF1D_P2_ENSG00000166012,TAF1D,6.328744e-05
3428_GNA11_P1P2_ENSG00000088256,GNA11,6.0362716e-05
3367_GIGYF2_P1P2_ENSG00000204120,GIGYF2,5.9985014e-05
2975_FASN_P1P2_ENSG00000169710,FASN,5.837634e-05
1104_ILRUN_P1P2_ENSG00000196821,ILRUN,5.7745514e-05
3534_GRHL3_P1P2_ENSG00000158055,GRHL3,5.0131184e-05
8522_STK38L_P1P2_ENSG00000211455,STK38L,4.8693848e-05
6528_POLK_P1P2_ENSG00000122008,POLK,4.4968197e-05
11068_non-targeting_non-targeting_non-targeting,non-targeting,4.070428e-05
9987_ZBTB33_P1P2_ENSG00000177485,ZBTB33,3.1601783e-05
7365_RNF181_P1P2_ENSG00000168894,RNF181,2.9289256e-05
10180_ZNF160_P1P2_ENSG00000170949,ZNF160,2.0678648e-05
7896_SHMT1_P1P2_ENSG00000176974,SHMT1,2.0310543e-05
4904_MCM7_P1P2_ENSG00000166508,MCM7,1.7600549e-05
5843_NT5DC2_P1P2_ENSG00000168268,NT5DC2,1.6472843e-05
571_ASCC2_P1P2_ENSG00000100325,ASCC2,1.4701654e-05
9487_UBALD1_P1P2_ENSG00000153443,UBALD1,1.4384404e-05
3290_GAS8_P2_ENSG00000141013,GAS8,1.2225914e-05
8883_THEM4_P1P2_ENSG00000159445,THEM4,9.122382e-06
7019_RAB28_P1P2_ENSG00000157869,RAB28,6.9167418e-06
6367_PIN4_P1P2_ENSG00000102309,PIN4,4.0462673e-06
10525_ZNF648_P1P2_ENSG00000179930,ZNF648,3.7624782e-06
3407_GLT8D1_P1P2_ENSG00000016864,GLT8D1,2.4648082e-06
193_AGPAT1_P2_ENSG00000204310,AGPAT1,-7.2438515e-06
3211_FTO_P1P2_ENSG00000140718,FTO,-8.165121e-06
4754_MAFF_P1P2_ENSG00000185022,MAFF,-1.0054591e-05
1918_CSTF3_P1P2_ENSG00000176102,CSTF3,-1.0940535e-05
3904_HOXB6_P2_ENSG00000108511,HOXB6,-1.3806251e-05
10042_ZDHHC12_P1P2_ENSG00000160446,ZDHHC12,-1.6435622e-05
6458_PLOD3_P1P2_ENSG00000106397,PLOD3,-1.9474646e-05
9133_TNFSF9_P1P2_ENSG00000125657,TNFSF9,-2.3545226e-05
476_ARHGEF12_P1P2_ENSG00000196914,ARHGEF12,-2.4085937e-05
8525_STK40_P1P2_ENSG00000196182,STK40,-2.442489e-05
7316_RIPK2_P1P2_ENSG00000104312,RIPK2,-2.5520549e-05
1081_C2orf76_P1P2_ENSG00000186132,C2orf76,-2.6149975e-05
10230_ZNF235_P1P2_ENSG00000159917,ZNF235,-2.8307652e-05
10059_ZEB1_P2_ENSG00000148516,ZEB1,-3.20522e-05
4675_LRRC8B_P1P2_ENSG00000197147,LRRC8B,-3.4497065e-05
6071_PARK7_P1P2_ENSG00000116288,PARK7,-4.071648e-05
5763_NPB_P1P2_ENSG00000183979,NPB,-4.1793963e-05
11281_non-targeting_non-targeting_non-targeting,non-targeting,-5.1115636e-05
3983_HSPB1_P2_ENSG00000106211,HSPB1,-5.2164545e-05
2332_DOK4_P2_ENSG00000125170,DOK4,-5.3301486e-05
7229_RELN_P1P2_ENSG00000189056,RELN,-5.7809095e-05
1514_CEP78_P1P2_ENSG00000148019,CEP78,-5.862094e-05
1886_CRYAB_P1_ENSG00000109846,CRYAB,-6.06271e-05
3304_NIPSNAP2_P1P2_ENSG00000146729,NIPSNAP2,-6.279705e-05
1181_CAPN2_P1P2_ENSG00000162909,CAPN2,-6.3764375e-05
5044_MGST1_P1P2_ENSG00000008394,MGST1,-8.0386475e-05
299_AMPD3_P1P2_ENSG00000133805,AMPD3,-8.381747e-05
7174_RBM3_P1P2_ENSG00000102317,RBM3,-8.9208064e-05
10577_ZNF709_P1P2_ENSG00000242852,ZNF709,-9.162032e-05
10822_non-targeting_non-targeting_non-targeting,non-targeting,-9.312103e-05
6375_PIR_P1P2_ENSG00000087842,PIR,-9.4380426e-05
9116_TMX1_P1P2_ENSG00000139921,TMX1,-0.00010457915
5805_NR6A1_P1P2_ENSG00000148200,NR6A1,-0.00010836361
5796_NR3C1_P1P2_ENSG00000113580,NR3C1,-0.00010889969
9282_TRIM58_P1P2_ENSG00000162722,TRIM58,-0.000110421315
2064_DCBLD2_P1P2_ENSG00000057019,DCBLD2,-0.00011448016
10487_ZNF595_P1_ENSG00000272602,ZNF595,-0.000116189156
171_AEBP2_P1P2_ENSG00000139154,AEBP2,-0.00011751074
6339_PIGN_P1P2_ENSG00000197563,PIGN,-0.00012065192
10360_ZNF438_P1_ENSG00000183621,ZNF438,-0.00012124356
9357_TSPAN4_P2_ENSG00000214063,TSPAN4,-0.00012239534
10385_ZNF474_P1P2_ENSG00000164185,ZNF474,-0.00012366
9488_UBALD2_P1P2_ENSG00000185262,UBALD2,-0.00012517089
4369_LNPK_P1P2_ENSG00000144320,LNPK,-0.00012651138
6976_PYGB_P1P2_ENSG00000100994,PYGB,-0.00012720292
627_ATG7_P1P2_ENSG00000197548,ATG7,-0.00013231268
7999_SLC25A32_P1P2_ENSG00000164933,SLC25A32,-0.00013329195
2374_DRG2_P1P2_ENSG00000108591,DRG2,-0.00013344333
11248_non-targeting_non-targeting_non-targeting,non-targeting,-0.00013456256
4314_KDELR1_P1P2_ENSG00000105438,KDELR1,-0.00014176533
6901_PTCD2_P1P2_ENSG00000049883,PTCD2,-0.0001475536
8643_TACC1_P1P2_ENSG00000147526,TACC1,-0.00014779063
7125_RASSF1_P1_ENSG00000068028,RASSF1,-0.0001544299
6869_PSMD1_P1P2_ENSG00000173692,PSMD1,-0.0001564184
6044_PAK1_ENST00000356341.3_ENSG00000149269,PAK1,-0.0001603564
1155_CALCOCO2_P1_ENSG00000136436,CALCOCO2,-0.00016120674
3253_GABPA_P1P2_ENSG00000154727,GABPA,-0.00016264233
2013_CYTH2_P1P2_ENSG00000105443,CYTH2,-0.0001679652
2191_DHRS11_P1P2_ENSG00000278535,DHRS11,-0.00016887984
9930_YIPF1_P1P2_ENSG00000058799,YIPF1,-0.00016992286
1480_CENPF_P1P2_ENSG00000117724,CENPF,-0.00017087371
790_BCKDHA_P2_ENSG00000248098,BCKDHA,-0.00017364285
5174_MPP6_P1P2_ENSG00000105926,MPP6,-0.00017525037
4097_IL27RA_P1P2_ENSG00000104998,IL27RA,-0.00018035673
7121_RASA3_P1P2_ENSG00000185989,RASA3,-0.0001839691
1185_CAPZA1_P1P2_ENSG00000116489,CAPZA1,-0.00018467758
10310_ZNF354B_P1P2_ENSG00000178338,ZNF354B,-0.00018591249
1464_CDYL_P2_ENSG00000153046,CDYL,-0.00018609194
7418_RPA1_P1P2_ENSG00000132383,RPA1,-0.00019096443
11238_non-targeting_non-targeting_non-targeting,non-targeting,-0.00019203305
11113_non-targeting_non-targeting_non-targeting,non-targeting,-0.00019345072
7783_SEPTIN1_P1_ENSG00000180096,SEPTIN1,-0.00019346538
3064_FEZ1_P1P2_ENSG00000149557,FEZ1,-0.00019622379
2711_ERICH1_P1P2_ENSG00000104714,ERICH1,-0.00019958241
5832_NSRP1_P1P2_ENSG00000126653,NSRP1,-0.00020704532
10165_ZNF133_P1P2_ENSG00000125846,ZNF133,-0.00021463649
7043_RABAC1_P1P2_ENSG00000105404,RABAC1,-0.00022271219
8054_SLC35G1_P1P2_ENSG00000176273,SLC35G1,-0.00022382943
3665_HDAC5_P1P2_ENSG00000108840,HDAC5,-0.00022719553
3364_GID8_P1P2_ENSG00000101193,GID8,-0.0002276694
2265_DMTN_P1_ENSG00000158856,DMTN,-0.00022789494
10549_ZNF681_P1P2_ENSG00000196172,ZNF681,-0.00022920343
8474_ST6GALNAC1_P1P2_ENSG00000070526,ST6GALNAC1,-0.00023584726
856_BMP1_P1P2_ENSG00000168487,BMP1,-0.00023772148
10993_non-targeting_non-targeting_non-targeting,non-targeting,-0.00024251797
7319_RLIM_P1P2_ENSG00000131263,RLIM,-0.00024514075
3765_HIST1H2BH_P1P2_ENSG00000275713,HIST1H2BH,-0.00024566686
179_AGAP1_P1P2_ENSG00000157985,AGAP1,-0.00024606707
8030_SLC30A1_P1P2_ENSG00000170385,SLC30A1,-0.00025307233
9836_WDR6_P1P2_ENSG00000178252,WDR6,-0.0002546767
3301_GATAD2B_P1P2_ENSG00000143614,GATAD2B,-0.00025739998
383_AP3S1_P1P2_ENSG00000177879,AP3S1,-0.0002591524
6591_POU3F2_P1P2_ENSG00000184486,POU3F2,-0.00026887786
1756_COMMD10_P1P2_ENSG00000145781,COMMD10,-0.00027173635
3152_FOXD3_P2_ENSG00000187140,FOXD3,-0.00027375243
8514_STK17A_P1P2_ENSG00000164543,STK17A,-0.00027554415
6435_PLEKHA3_P1P2_ENSG00000116095,PLEKHA3,-0.00028427583
483_ARHGEF6_P1P2_ENSG00000129675,ARHGEF6,-0.00029150015
10934_non-targeting_non-targeting_non-targeting,non-targeting,-0.00029159465
10886_non-targeting_non-targeting_non-targeting,non-targeting,-0.0002946856
9460_TXNRD2_P1P2_ENSG00000184470,TXNRD2,-0.0002983759
10649_ZNF804B_P1P2_ENSG00000182348,ZNF804B,-0.00030010805
5268_MRPS7_P1P2_ENSG00000125445,MRPS7,-0.00030195576
1159_CALM3_ENST00000291295.9_ENSG00000160014,CALM3,-0.00030338037
5273_MS4A3_P1P2_ENSG00000149516,MS4A3,-0.00030564575
4450_KMT2B_P2_ENSG00000272333,KMT2B,-0.00030628726
4086_IKZF4_P2_ENSG00000123411,IKZF4,-0.000310429
4368_KIAA1586_P1P2_ENSG00000168116,KIAA1586,-0.00031088977
8381_SPSB3_P1P2_ENSG00000162032,SPSB3,-0.00032439822
2531_EIF2AK2_P1P2_ENSG00000055332,EIF2AK2,-0.00032667807
1977_CXCL2_P1P2_ENSG00000081041,CXCL2,-0.0003345168
10304_ZNF345_P1P2_ENSG00000251247,ZNF345,-0.00033727227
10501_ZNF611_P1P2_ENSG00000213020,ZNF611,-0.00034064907
9167_TOMM40_P1P2_ENSG00000130204,TOMM40,-0.00034133688
7270_RGL2_P1_ENSG00000237441,RGL2,-0.0003429613
2402_DUSP13_P1P2_ENSG00000079393,DUSP13,-0.0003466625
4747_MAD2L2_P1P2_ENSG00000116670,MAD2L2,-0.00034985231
6834_PSAT1_P1P2_ENSG00000135069,PSAT1,-0.00035644515
10888_non-targeting_non-targeting_non-targeting,non-targeting,-0.00035896298
8071_SLC39A13_P1P2_ENSG00000165915,SLC39A13,-0.000365763
1688_CMAS_P1P2_ENSG00000111726,CMAS,-0.00036777582
8464_SSX4_ENST00000376886.2_ENSG00000268009,SSX4,-0.00036780818
10626_ZNF777_P1P2_ENSG00000196453,ZNF777,-0.00036841788
11023_non-targeting_non-targeting_non-targeting,non-targeting,-0.000369266
7098_RANGRF_P1P2_ENSG00000108961,RANGRF,-0.0003739756
2143_DEF8_P1P2_ENSG00000140995,DEF8,-0.00037536374
6038_PAGE5_P1P2_ENSG00000158639,PAGE5,-0.0003815067
4007_IBTK_P1_ENSG00000005700,IBTK,-0.00038463477
3474_GOPC_P1P2_ENSG00000047932,GOPC,-0.0003854916
2320_DNTTIP1_P1P2_ENSG00000101457,DNTTIP1,-0.00038870043
1186_CAPZA2_P1P2_ENSG00000198898,CAPZA2,-0.0003908085
7158_RBM15B_P1_ENSG00000259956,RBM15B,-0.0003912566
7992_SLC25A22_P1P2_ENSG00000177542,SLC25A22,-0.00039240462
10695_ZNF93_P1P2_ENSG00000184635,ZNF93,-0.00039616943
6427_PLD1_P1P2_ENSG00000075651,PLD1,-0.00039776496
10697_ZNF99_P1P2_ENSG00000213973,ZNF99,-0.0003985831
4591_LIN28B_P1P2_ENSG00000187772,LIN28B,-0.0004000053
9489_UBAP1_P1P2_ENSG00000165006,UBAP1,-0.000404543
5979_OSBPL5_P1P2_ENSG00000021762,OSBPL5,-0.00040701716
2200_DHRS7_P1P2_ENSG00000100612,DHRS7,-0.0004100705
5293_MSTO1_P1P2_ENSG00000125459,MSTO1,-0.00041258338
1133_C9orf40_P1P2_ENSG00000135045,C9orf40,-0.00041266665
9452_TXNDC5_P1P2_ENSG00000239264,TXNDC5,-0.00041575756
1576_CHKA_P1P2_ENSG00000110721,CHKA,-0.00041694197
9866_WIZ_P1P2_ENSG00000011451,WIZ,-0.0004172549
3616_H2AFZ_P1P2_ENSG00000164032,H2AFZ,-0.00041863497
3090_FJX1_P1P2_ENSG00000179431,FJX1,-0.00042018417
5646_NFKBIB_P1P2_ENSG00000104825,NFKBIB,-0.0004205152
9595_UNC93B1_P1P2_ENSG00000110057,UNC93B1,-0.00042335072
3478_GOSR1_P1P2_ENSG00000108587,GOSR1,-0.00042440128
1846_CPT1A_P1P2_ENSG00000110090,CPT1A,-0.00043301802
6269_PHACTR1_P1_ENSG00000112137,PHACTR1,-0.0004335306
10008_ZBTB7A_P1_ENSG00000178951,ZBTB7A,-0.00043661526
3559_GSTM3_P1P2_ENSG00000134202,GSTM3,-0.00043888937
10426_ZNF532_P2_ENSG00000074657,ZNF532,-0.00044164126
7023_RAB31_P1P2_ENSG00000168461,RAB31,-0.0004476686
2264_DMTN_P2_ENSG00000158856,DMTN,-0.0004479651
312_ANGPT1_P1P2_ENSG00000154188,ANGPT1,-0.00045158158
8845_TFDP2_P1_ENSG00000114126,TFDP2,-0.00046086757
4302_KCTD13_P1P2_ENSG00000174943,KCTD13,-0.00046139903
8492_STARD8_ENST00000374599.3_ENSG00000130052,STARD8,-0.00046339372
4562_LGALS8_P1P2_ENSG00000116977,LGALS8,-0.0004637966
2150_DENND4A_P1P2_ENSG00000174485,DENND4A,-0.00046572133
3699_HES2_P2_ENSG00000069812,HES2,-0.00046618274
10799_non-targeting_non-targeting_non-targeting,non-targeting,-0.00046899042
4564_LGMN_P1P2_ENSG00000100600,LGMN,-0.00046952403
11147_non-targeting_non-targeting_non-targeting,non-targeting,-0.00047573395
5176_MPRIP_P1P2_ENSG00000133030,MPRIP,-0.0004760384
8685_TAOK3_P2_ENSG00000135090,TAOK3,-0.0004840603
1666_CLN8_P1P2_ENSG00000182372,CLN8,-0.0004909522
1851_CPXM1_P1P2_ENSG00000088882,CPXM1,-0.0004913244
5120_MMAB_P1P2_ENSG00000139428,MMAB,-0.00049826445
805_BCL6_P1P2_ENSG00000113916,BCL6,-0.0004997412
11152_non-targeting_non-targeting_non-targeting,non-targeting,-0.0005056517
1430_CDK2AP1_P1P2_ENSG00000111328,CDK2AP1,-0.0005094535
2938_FAM72C_ENST00000369175.3_ENSG00000263513,FAM72C,-0.0005111357
2313_DNM2_P1P2_ENSG00000079805,DNM2,-0.00051232456
1575_CHID1_P1P2_ENSG00000177830,CHID1,-0.0005138295
7524_RPS3_P2_ENSG00000149273,RPS3,-0.000513926
4858_MAST1_P2_ENSG00000105613,MAST1,-0.00051593204
2956_FAM98A_P1P2_ENSG00000119812,FAM98A,-0.0005204082
1794_COQ5_P1P2_ENSG00000110871,COQ5,-0.00052167126
4864_MAT2B_P2_ENSG00000038274,MAT2B,-0.0005238044
1748_COIL_P1P2_ENSG00000121058,COIL,-0.0005249604
8285_SOX18_P1P2_ENSG00000203883,SOX18,-0.0005259024
10974_non-targeting_non-targeting_non-targeting,non-targeting,-0.0005260442
8480_STAG1_P1P2_ENSG00000118007,STAG1,-0.0005266969
942_LRMDA_ENST00000372499.1_ENSG00000148655,LRMDA,-0.00052689115
950_C11orf49_P1P2_ENSG00000149179,C11orf49,-0.0005407102
3097_FKBP3_P1P2_ENSG00000100442,FKBP3,-0.0005469055
351_ANO10_P1P2_ENSG00000160746,ANO10,-0.0005544589
3889_HOXA1_P1P2_ENSG00000105991,HOXA1,-0.00055710366
4628_LPA_P1P2_ENSG00000198670,LPA,-0.0005577455
9432_TULP4_P1P2_ENSG00000130338,TULP4,-0.0005603503
9598_UNKL_P1P2_ENSG00000059145,UNKL,-0.0005635001
839_BIVM_P2_ENSG00000134897,BIVM,-0.0005654512
3824_HMG20B_P2_ENSG00000064961,HMG20B,-0.0005706297
3300_GATAD2A_P2_ENSG00000167491,GATAD2A,-0.00057244004
8506_STIL_P1P2_ENSG00000123473,STIL,-0.000573776
259_ALDH5A1_P1P2_ENSG00000112294,ALDH5A1,-0.00057418604
1636_CLASRP_P1P2_ENSG00000104859,CLASRP,-0.0005767153
3035_FBXW4_P1P2_ENSG00000107829,FBXW4,-0.0005804369
11081_non-targeting_non-targeting_non-targeting,non-targeting,-0.0005847601
2234_DIXDC1_ENST00000440460.2_ENSG00000150764,DIXDC1,-0.00058618386
3250_GABARAP_P1P2_ENSG00000170296,GABARAP,-0.0005878308
10473_ZNF581_P1_ENSG00000171425,ZNF581,-0.00058889994
9852_WDR91_P1P2_ENSG00000105875,WDR91,-0.00059014896
10582_ZNF714_P1P2_ENSG00000160352,ZNF714,-0.0005985022
2912_WASHC2C_P1P2_ENSG00000172661,WASHC2C,-0.00061037374
7295_RHOQ_P1P2_ENSG00000119729,RHOQ,-0.0006172499
8128_SLX4IP_P1P2_ENSG00000149346,SLX4IP,-0.0006203625
3112_FLOT1_P1P2_ENSG00000137312,FLOT1,-0.0006270123
9882_WWC2_P1P2_ENSG00000151718,WWC2,-0.0006354347
4011_ICAM3_P1P2_ENSG00000076662,ICAM3,-0.0006356493
10814_non-targeting_non-targeting_non-targeting,non-targeting,-0.0006358718
3244_G6PD_P1P2_ENSG00000160211,G6PD,-0.0006384826
2407_DUSP23_P1P2_ENSG00000158716,DUSP23,-0.00064254436
4733_LYSMD3_P1P2_ENSG00000176018,LYSMD3,-0.00064360787
11198_non-targeting_non-targeting_non-targeting,non-targeting,-0.0006452097
7085_RALGAPA1_P1P2_ENSG00000174373,RALGAPA1,-0.0006492885
10600_ZNF736_P2_ENSG00000234444,ZNF736,-0.0006505091
8806_TEAD3_P1P2_ENSG00000007866,TEAD3,-0.00065207935
1639_CLCN2_P1P2_ENSG00000114859,CLCN2,-0.0006564913
5057_MICALL2_P1P2_ENSG00000164877,MICALL2,-0.0006680546
228_AKAP11_P1P2_ENSG00000023516,AKAP11,-0.0006739946
6931_PTPN7_P1P2_ENSG00000143851,PTPN7,-0.00067949604
7203_RCCD1_P2_ENSG00000166965,RCCD1,-0.0006796462
11029_non-targeting_non-targeting_non-targeting,non-targeting,-0.00068179105
8719_TBC1D3_ENST00000537432.1_ENSG00000274611,TBC1D3,-0.000682956
10956_non-targeting_non-targeting_non-targeting,non-targeting,-0.00068528485
2641_ENO2_P1P2_ENSG00000111674,ENO2,-0.0006969374
2732_ESPL1_P1P2_ENSG00000135476,ESPL1,-0.0006972374
3611_GZF1_P1P2_ENSG00000125812,GZF1,-0.00069867197
10232_ZNF239_P1P2_ENSG00000196793,ZNF239,-0.00071117305
1345_CCS_P1P2_ENSG00000173992,CCS,-0.0007113715
5704_NLN_P1P2_ENSG00000123213,NLN,-0.00071235624
7202_RCCD1_P1_ENSG00000166965,RCCD1,-0.00071401085
3545_GRWD1_P1P2_ENSG00000105447,GRWD1,-0.00071502785
7015_RAB22A_P1P2_ENSG00000124209,RAB22A,-0.000715326
9089_TMEM63A_P1_ENSG00000196187,TMEM63A,-0.00071539043
5382_MYH9_P1P2_ENSG00000100345,MYH9,-0.0007155559
2260_DMRTA2_P1P2_ENSG00000142700,DMRTA2,-0.00071829977
1516_CEP85_P1P2_ENSG00000130695,CEP85,-0.00072497467
9771_VSIG10_P1P2_ENSG00000176834,VSIG10,-0.00072831183
4353_KHDC4_P1P2_ENSG00000132680,KHDC4,-0.0007322011
7214_RDH11_P1P2_ENSG00000072042,RDH11,-0.0007364299
9323_TRPM4_P1P2_ENSG00000130529,TRPM4,-0.00074322295
5402_MYO9A_P1P2_ENSG00000066933,MYO9A,-0.00074483827
6222_PEX10_P2_ENSG00000157911,PEX10,-0.0007559604
6489_PNMA1_P1P2_ENSG00000176903,PNMA1,-0.00075917045
9664_USP47_P1P2_ENSG00000170242,USP47,-0.0007644246
10834_non-targeting_non-targeting_non-targeting,non-targeting,-0.0007684108
7244_REXO4_P1P2_ENSG00000148300,REXO4,-0.0007744066
2824_FAH_P1P2_ENSG00000103876,FAH,-0.0007754725
2395_DUS1L_P1P2_ENSG00000169718,DUS1L,-0.00077933125
28_ABCC4_P1P2_ENSG00000125257,ABCC4,-0.0007837173
3751_HIST1H2AE_P1P2_ENSG00000277075,HIST1H2AE,-0.000784485
9437_TVP23B_P1P2_ENSG00000171928,TVP23B,-0.0007845747
10624_ZNF775_P1P2_ENSG00000196456,ZNF775,-0.00078481174
9724_VGLL4_P1P2_ENSG00000144560,VGLL4,-0.00078958826
10798_non-targeting_non-targeting_non-targeting,non-targeting,-0.00079162745
9799_WDFY1_P1P2_ENSG00000085449,WDFY1,-0.00079519296
1396_CDC27_P1P2_ENSG00000004897,CDC27,-0.0007952988
10188_ZNF17_P1P2_ENSG00000186272,ZNF17,-0.0007960212
8302_SP100_P1P2_ENSG00000067066,SP100,-0.0008025712
8891_THOC6_P1P2_ENSG00000131652,THOC6,-0.0008112877
8857_TFRC_P1P2_ENSG00000072274,TFRC,-0.0008117407
10503_ZNF614_P1P2_ENSG00000142556,ZNF614,-0.00081209454
9577_UGGT2_P1P2_ENSG00000102595,UGGT2,-0.0008126008
1870_CRELD2_P1P2_ENSG00000184164,CRELD2,-0.00081296795
6287_PHF21A_P1P2_ENSG00000135365,PHF21A,-0.00081739866
10887_non-targeting_non-targeting_non-targeting,non-targeting,-0.0008182657
2073_DCTN1_P1P2_ENSG00000204843,DCTN1,-0.0008202113
8712_TBC1D22A_P1P2_ENSG00000054611,TBC1D22A,-0.0008237329
8906_TIGD1_P1P2_ENSG00000221944,TIGD1,-0.00082382886
293_AMH_P1P2_ENSG00000104899,AMH,-0.0008259383
6130_PCK2_P1P2_ENSG00000100889,PCK2,-0.00082869176
1261_CCDC144NL_P1_ENSG00000205212,CCDC144NL,-0.00082940515
5457_NANOG_P1P2_ENSG00000111704,NANOG,-0.0008420167
6846_PSMA6_P1P2_ENSG00000100902,PSMA6,-0.0008433229
1291_CCDC71L_P1P2_ENSG00000253276,CCDC71L,-0.00084460777
9095_TMEM70_P1P2_ENSG00000175606,TMEM70,-0.000844896
10314_ZNF35_P1P2_ENSG00000169981,ZNF35,-0.0008508371
2639_ENKD1_P1P2_ENSG00000124074,ENKD1,-0.00085431716
6824_PRRX2_P1P2_ENSG00000167157,PRRX2,-0.0008565818
1234_CBX8_P1P2_ENSG00000141570,CBX8,-0.0008569529
1548_CHCHD1_P1P2_ENSG00000172586,CHCHD1,-0.0008574911
4344_WASHC5_P1P2_ENSG00000164961,WASHC5,-0.0008577217
7809_SERTAD2_P1P2_ENSG00000179833,SERTAD2,-0.00086774817
10411_ZNF513_P1P2_ENSG00000163795,ZNF513,-0.00087019487
1824_COX8A_P1P2_ENSG00000176340,COX8A,-0.0008731587
4627_LONRF3_P1P2_ENSG00000175556,LONRF3,-0.0008739773
7923_SIRT2_P1P2_ENSG00000068903,SIRT2,-0.00087660115
10271_ZNF28_P1P2_ENSG00000198538,ZNF28,-0.0008801933
6178_PDIA3_P1P2_ENSG00000167004,PDIA3,-0.0008814623
6750_PRKAA1_P1P2_ENSG00000132356,PRKAA1,-0.00088535034
3793_HIST2H4A_ENST00000610125.1_ENSG00000270882,HIST2H4A,-0.0008906494
3675_HDLBP_P2_ENSG00000115677,HDLBP,-0.00089656975
4517_LARP1_ENST00000336314.4_ENSG00000155506,LARP1,-0.00090111664
8126_SLU7_P1P2_ENSG00000164609,SLU7,-0.0009016394
2286_DNAJC11_P1P2_ENSG00000007923,DNAJC11,-0.00090580387
8930_TIMP1_P2_ENSG00000102265,TIMP1,-0.00090603397
8451_ITPRID2_P1P2_ENSG00000138434,ITPRID2,-0.0009091685
3199_FRAT2_P1P2_ENSG00000181274,FRAT2,-0.0009099182
8551_STX17_P1P2_ENSG00000136874,STX17,-0.0009106861
7063_RAD23A_P1P2_ENSG00000179262,RAD23A,-0.00091260375
4241_ITSN1_P1P2_ENSG00000205726,ITSN1,-0.0009167459
3128_FNDC4_P1P2_ENSG00000115226,FNDC4,-0.0009211181
3402_GLRX2_P1P2_ENSG00000023572,GLRX2,-0.0009273649
10292_ZNF330_P1P2_ENSG00000109445,ZNF330,-0.00093141245
6612_PPCDC_P1_ENSG00000138621,PPCDC,-0.0009332822
6719_PRCP_P2_ENSG00000137509,PRCP,-0.0009333497
6317_PI4KA_P1P2_ENSG00000241973,PI4KA,-0.00093594403
2386_DST_ENST00000370754.5_ENSG00000151914,DST,-0.0009417091
5682_NIT2_P1P2_ENSG00000114021,NIT2,-0.00094253884
6411_PLAG1_P1P2_ENSG00000181690,PLAG1,-0.0009517843
7205_RCHY1_P1P2_ENSG00000163743,RCHY1,-0.00095604843
1861_CREB3L4_P1P2_ENSG00000143578,CREB3L4,-0.000958174
9551_UBXN10_P1P2_ENSG00000162543,UBXN10,-0.0009633685
7998_SLC25A29_P1P2_ENSG00000197119,SLC25A29,-0.0009653556
2387_DTD1_P1P2_ENSG00000125821,DTD1,-0.0009691771
807_BCL7B_P1P2_ENSG00000106635,BCL7B,-0.0009702444
3333_GDPD5_P1P2_ENSG00000158555,GDPD5,-0.00097219966
1370_CD55_P1P2_ENSG00000196352,CD55,-0.0009831658
6767_PRKD3_P1P2_ENSG00000115825,PRKD3,-0.0009888865
6728_PRDM4_P1P2_ENSG00000110851,PRDM4,-0.0009910356
6521_POLE2_P1P2_ENSG00000100479,POLE2,-0.0009919122
1353_CCZ1B_ENST00000316731.8_ENSG00000146574,CCZ1B,-0.000995174
1060_C20orf96_P1P2_ENSG00000196476,C20orf96,-0.000997548
10277_ZNF304_P1P2_ENSG00000131845,ZNF304,-0.0009985811
6629_PPIL1_P1P2_ENSG00000137168,PPIL1,-0.0010002202
10327_ZNF385D_P1P2_ENSG00000151789,ZNF385D,-0.001002904
1997_CYBA_P1P2_ENSG00000051523,CYBA,-0.0010042673
3767_HIST1H2BK_P1P2_ENSG00000197903,HIST1H2BK,-0.0010044842
6640_PPM1F_P1P2_ENSG00000100034,PPM1F,-0.0010045416
6928_PTPN23_P1P2_ENSG00000076201,PTPN23,-0.0010052352
6472_PMAIP1_P1P2_ENSG00000141682,PMAIP1,-0.0010092986
5110_MLLT10_P1P2_ENSG00000078403,MLLT10,-0.001010489
2588_ELF5_P1P2_ENSG00000135374,ELF5,-0.0010113957
5400_MYO1H_ENST00000431443.2_ENSG00000174527,MYO1H,-0.0010155494
3762_HIST1H2BE_ENST00000356530.3_ENSG00000274290,HIST1H2BE,-0.0010156874
10209_ZNF214_P1P2_ENSG00000149050,ZNF214,-0.0010166797
5494_NCBP2_P1P2_ENSG00000114503,NCBP2,-0.0010191707
119_ACVR1B_P1P2_ENSG00000135503,ACVR1B,-0.0010216051
10985_non-targeting_non-targeting_non-targeting,non-targeting,-0.0010218335
8454_SSR1_P1P2_ENSG00000124783,SSR1,-0.0010219136
93_ACOX1_P1P2_ENSG00000161533,ACOX1,-0.0010252721
9768_VRK1_P1P2_ENSG00000100749,VRK1,-0.0010340302
8637_SZRD1_P1P2_ENSG00000055070,SZRD1,-0.0010371442
1428_CDK19_P1P2_ENSG00000155111,CDK19,-0.0010423284
7552_RRAS2_P1P2_ENSG00000133818,RRAS2,-0.0010434211
2804_EZR_P2_ENSG00000092820,EZR,-0.0010506662
7738_SEC22A_P1P2_ENSG00000121542,SEC22A,-0.0010533833
6926_PTPN18_P1_ENSG00000072135,PTPN18,-0.0010548873
1463_CDYL_P1_ENSG00000153046,CDYL,-0.001058382
2872_FAM170A_P1P2_ENSG00000164334,FAM170A,-0.0010658251
935_BUB1_P1P2_ENSG00000169679,BUB1,-0.001067825
5831_NSMF_P1P2_ENSG00000165802,NSMF,-0.001071687
8801_TDP2_P1P2_ENSG00000111802,TDP2,-0.0010758132
10945_non-targeting_non-targeting_non-targeting,non-targeting,-0.0010969415
1648_CLEC16A_P1P2_ENSG00000038532,CLEC16A,-0.0010991882
8825_TET3_ENST00000409262.3_ENSG00000187605,TET3,-0.0011009029
2010_CYS1_P1P2_ENSG00000205795,CYS1,-0.0011022359
229_AKAP13_P1P2_ENSG00000170776,AKAP13,-0.0011069746
10409_ZNF512B_P1P2_ENSG00000196700,ZNF512B,-0.001107902
4169_IQCB1_P1P2_ENSG00000173226,IQCB1,-0.0011123443
151_ADD3_P1P2_ENSG00000148700,ADD3,-0.0011137214
2067_DCLRE1B_P1P2_ENSG00000118655,DCLRE1B,-0.0011141136
2890_MCRIP2_P1P2_ENSG00000172366,MCRIP2,-0.0011143752
2898_FAM207A_P1P2_ENSG00000160256,FAM207A,-0.0011146931
1218_CBFA2T3_P1_ENSG00000129993,CBFA2T3,-0.0011158972
249_ALAD_P1P2_ENSG00000148218,ALAD,-0.0011260421
402_APH1B_P1P2_ENSG00000138613,APH1B,-0.0011286158
219_CRYBG1_P1P2_ENSG00000112297,CRYBG1,-0.0011336134
5249_MRPS18B_P1P2_ENSG00000204568,MRPS18B,-0.0011345063
"2741_ESRRG_ENST00000366940.2,ENST00000493603.1_ENSG00000196482",ESRRG,-0.0011352211
5694_NKX2-5_P1P2_ENSG00000183072,NKX2-5,-0.0011418525
2904_INKA2_P1P2_ENSG00000197852,INKA2,-0.0011459838
4168_IPP_P1P2_ENSG00000197429,IPP,-0.0011463051
2852_FAM133B_P1P2_ENSG00000234545,FAM133B,-0.0011479376
5951_OR2A1_ENST00000408951.1_ENSG00000221970,OR2A1,-0.0011491394
10476_ZNF583_P1P2_ENSG00000198440,ZNF583,-0.0011531394
5394_MYO16_ENST00000356711.2_ENSG00000041515,MYO16,-0.0011550849
5977_OSBPL2_P1P2_ENSG00000130703,OSBPL2,-0.0011568244
8846_TFDP2_P2_ENSG00000114126,TFDP2,-0.0011585157
4661_LRRC37A3_P1P2_ENSG00000176809,LRRC37A3,-0.0011650753
406_APLP1_P1P2_ENSG00000105290,APLP1,-0.0011658869
8412_SRM_P1P2_ENSG00000116649,SRM,-0.0011669298
816_BECN1_P1P2_ENSG00000126581,BECN1,-0.0011747716
7317_RIT1_P1P2_ENSG00000143622,RIT1,-0.0011758968
10661_ZNF827_P1P2_ENSG00000151612,ZNF827,-0.0011782883
3735_HIP1R_P1P2_ENSG00000130787,HIP1R,-0.0011913868
10194_ZNF18_P1P2_ENSG00000154957,ZNF18,-0.0011923127
2559_EIF4A2_P1_ENSG00000156976,EIF4A2,-0.0011949587
6202_PDXK_P1P2_ENSG00000160209,PDXK,-0.0011982691
9144_TNNI3_P1P2_ENSG00000129991,TNNI3,-0.0012047753
11080_non-targeting_non-targeting_non-targeting,non-targeting,-0.0012061913
53_ABI1_P1P2_ENSG00000136754,ABI1,-0.0012066172
5157_MOSPD3_P1P2_ENSG00000106330,MOSPD3,-0.0012093389
4431_KLHDC8B_P1P2_ENSG00000185909,KLHDC8B,-0.0012134397
2951_FAM8A1_P1P2_ENSG00000137414,FAM8A1,-0.001217169
363_ANXA5_P1P2_ENSG00000164111,ANXA5,-0.0012174646
10464_ZNF574_P2_ENSG00000105732,ZNF574,-0.0012182823
6687_PTPA_P1P2_ENSG00000119383,PTPA,-0.0012249664
4757_MAF_P1P2_ENSG00000178573,MAF,-0.0012258487
184_AGFG1_P1P2_ENSG00000173744,AGFG1,-0.0012267389
4030_IDS_P1P2_ENSG00000010404,IDS,-0.0012284355
1061_CFAP410_P1P2_ENSG00000160226,CFAP410,-0.0012307365
2887_FAM192A_P1P2_ENSG00000172775,FAM192A,-0.0012333717
2809_F12_P2_ENSG00000131187,F12,-0.0012354918
3798_HIVEP2_P1P2_ENSG00000010818,HIVEP2,-0.0012354921
9533_UBL4A_P1P2_ENSG00000102178,UBL4A,-0.0012370207
5802_NR5A1_P1P2_ENSG00000136931,NR5A1,-0.0012389033
1336_CCNO_P1P2_ENSG00000152669,CCNO,-0.0012433786
5045_MGST2_P1P2_ENSG00000085871,MGST2,-0.0012480314
555_ARVCF_P1_ENSG00000099889,ARVCF,-0.001249079
1064_C21orf58_P1_ENSG00000160298,C21orf58,-0.0012506535
9584_UHRF2_P1P2_ENSG00000147854,UHRF2,-0.0012577103
6205_PDZD8_P1P2_ENSG00000165650,PDZD8,-0.001260917
9058_TMEM243_P1P2_ENSG00000135185,TMEM243,-0.0012618854
1849_CPVL_P1P2_ENSG00000106066,CPVL,-0.0012626933
4173_IQGAP2_P1P2_ENSG00000145703,IQGAP2,-0.0012637582
5085_MITD1_P1P2_ENSG00000158411,MITD1,-0.0012661836
2834_FAM114A2_P1P2_ENSG00000055147,FAM114A2,-0.0012667612
9743_VPS18_P1P2_ENSG00000104142,VPS18,-0.0012682624
882_BRAP_P1P2_ENSG00000089234,BRAP,-0.0012684885
5092_MRTFA_P1P2_ENSG00000196588,MRTFA,-0.0012686029
10362_ZNF43_P1_ENSG00000198521,ZNF43,-0.0012741885
5867_NUDT19_P1P2_ENSG00000213965,NUDT19,-0.0012794961
6216_PEMT_P1P2_ENSG00000133027,PEMT,-0.001280856
8005_SLC25A39_P1_ENSG00000013306,SLC25A39,-0.0012810205
11231_non-targeting_non-targeting_non-targeting,non-targeting,-0.0012855899
5450_NAGA_P1P2_ENSG00000198951,NAGA,-0.001290239
1679_CLSTN3_P1_ENSG00000139182,CLSTN3,-0.0012915686
7272_RGPD6_ENST00000329516.3_ENSG00000183054,RGPD6,-0.0012923167
2179_DGKH_P1_ENSG00000102780,DGKH,-0.0012978738
41_ABHD13_P1P2_ENSG00000139826,ABHD13,-0.0013018282
5959_OR7A10_ENST00000248058.1_ENSG00000127515,OR7A10,-0.001310427
2242_DLGAP5_P1P2_ENSG00000126787,DLGAP5,-0.0013142418
2027_DAPK3_P1P2_ENSG00000167657,DAPK3,-0.0013148291
10495_ZNF606_P1P2_ENSG00000166704,ZNF606,-0.0013169197
5299_MTA1_P1P2_ENSG00000182979,MTA1,-0.0013184331
339_ANKRD39_P1P2_ENSG00000213337,ANKRD39,-0.0013225803
5158_MOV10_P1P2_ENSG00000155363,MOV10,-0.0013291804
7650_SAP30L_P1P2_ENSG00000164576,SAP30L,-0.0013292333
9516_UBE2Q2_P1P2_ENSG00000140367,UBE2Q2,-0.0013339616
6672_PPP1R3D_P1P2_ENSG00000132825,PPP1R3D,-0.0013350236
9845_WDR81_P2_ENSG00000167716,WDR81,-0.0013355709
9456_TXNL1_P1P2_ENSG00000091164,TXNL1,-0.0013371989
979_ERG28_P1P2_ENSG00000133935,ERG28,-0.0013381876
11161_non-targeting_non-targeting_non-targeting,non-targeting,-0.0013384701
7307_RILP_P1P2_ENSG00000167705,RILP,-0.001340552
8991_TMEM123_P1P2_ENSG00000152558,TMEM123,-0.0013421446
9458_TXNL4B_P1P2_ENSG00000140830,TXNL4B,-0.0013464807
5686_NKRF_P1P2_ENSG00000186416,NKRF,-0.0013479973
5332_MTMR1_P1P2_ENSG00000063601,MTMR1,-0.0013480433
5981_OSBPL8_P1P2_ENSG00000091039,OSBPL8,-0.0013544573
2704_ERGIC3_P1P2_ENSG00000125991,ERGIC3,-0.0013545428
3100_FKBP7_P1P2_ENSG00000079150,FKBP7,-0.0013559769
3995_HYAL2_P1_ENSG00000068001,HYAL2,-0.0013694258
4236_ITPKC_P1P2_ENSG00000086544,ITPKC,-0.00137804
2041_DBNDD2_P1_ENSG00000244274,DBNDD2,-0.0013834335
1619_CISD3_P1P2_ENSG00000277972,CISD3,-0.0013860626
2647_ENPP3_P2_ENSG00000154269,ENPP3,-0.0013870694
340_ANKRD40_P1P2_ENSG00000154945,ANKRD40,-0.0013885725
10615_ZNF766_P1P2_ENSG00000196214,ZNF766,-0.0014001582
5960_OR7A17_ENST00000327462.2_ENSG00000185385,OR7A17,-0.0014026802
3562_GSTP1_P1P2_ENSG00000084207,GSTP1,-0.0014053899
2635_ENDOD1_P1P2_ENSG00000149218,ENDOD1,-0.001405405
5756_NOTO_P1P2_ENSG00000214513,NOTO,-0.0014076916
597_ATAD1_P1P2_ENSG00000138138,ATAD1,-0.0014077849
138_ADAT1_P1P2_ENSG00000065457,ADAT1,-0.0014112958
7962_SLC12A9_P2_ENSG00000146828,SLC12A9,-0.0014136995
7818_SETD4_P1P2_ENSG00000185917,SETD4,-0.0014139315
4936_MED15_P2_ENSG00000099917,MED15,-0.0014149891
9465_TYRO3_P1P2_ENSG00000092445,TYRO3,-0.0014163007
8165_SMG1_P1P2_ENSG00000157106,SMG1,-0.001416819
3165_FOXJ2_P1P2_ENSG00000065970,FOXJ2,-0.0014185422
11027_non-targeting_non-targeting_non-targeting,non-targeting,-0.0014213426
9330_TRUB2_P1P2_ENSG00000167112,TRUB2,-0.0014285408
3231_FXR2_P1P2_ENSG00000129245,FXR2,-0.0014314534
5891_NUP205_P1P2_ENSG00000155561,NUP205,-0.0014387197
8415_SRP54_P1P2_ENSG00000100883,SRP54,-0.0014413121
6289_PHF2_P1P2_ENSG00000197724,PHF2,-0.0014433097
5630_NFE2L2_P1_ENSG00000116044,NFE2L2,-0.0014527142
9276_TRIM39_P1P2_ENSG00000204599,TRIM39,-0.0014527687
8433_SRSF3_P1P2_ENSG00000112081,SRSF3,-0.001454381
985_C15orf40_P1P2_ENSG00000169609,C15orf40,-0.0014568835
6823_PRRX1_P2_ENSG00000116132,PRRX1,-0.0014593255
4855_MARK4_P1P2_ENSG00000007047,MARK4,-0.0014744144
9348_TSN_P1P2_ENSG00000211460,TSN,-0.0014763487
1479_CENPE_P1P2_ENSG00000138778,CENPE,-0.0014815539
11039_non-targeting_non-targeting_non-targeting,non-targeting,-0.0014818663
4323_KDM3B_P1P2_ENSG00000120733,KDM3B,-0.0014857803
6254_PGBD1_P1P2_ENSG00000137338,PGBD1,-0.0014882615
4840_MAPRE2_P2_ENSG00000166974,MAPRE2,-0.0014912981
6421_PLCD1_P1P2_ENSG00000187091,PLCD1,-0.0014929582
1043_C1orf198_P2_ENSG00000119280,C1orf198,-0.0014941484
2714_ERLIN2_P1P2_ENSG00000147475,ERLIN2,-0.0014960445
4458_KPNA1_P2_ENSG00000114030,KPNA1,-0.0015031802
1737_COASY_P1P2_ENSG00000068120,COASY,-0.0015064597
333_ANKRD26_P1P2_ENSG00000107890,ANKRD26,-0.0015146744
5883_NUMB_P1_ENSG00000133961,NUMB,-0.001519743
8410_SRI_P1_ENSG00000075142,SRI,-0.0015223091
994_C16orf70_P1P2_ENSG00000125149,C16orf70,-0.0015223894
5381_MYH10_P1P2_ENSG00000133026,MYH10,-0.0015251496
1287_CCDC69_P1P2_ENSG00000198624,CCDC69,-0.0015274776
7861_SGPP1_P1P2_ENSG00000126821,SGPP1,-0.0015286733
1372_CD59_P2_ENSG00000085063,CD59,-0.0015397428
739_B4GALT7_P1P2_ENSG00000027847,B4GALT7,-0.0015423881
260_ALDH9A1_P1P2_ENSG00000143149,ALDH9A1,-0.0015461372
9571_UFM1_P1P2_ENSG00000120686,UFM1,-0.0015533067
768_BATF_P1P2_ENSG00000156127,BATF,-0.0015583992
4917_MDK_P1P2_ENSG00000110492,MDK,-0.0015587703
7994_SLC25A24_P1P2_ENSG00000085491,SLC25A24,-0.0015626148
11160_non-targeting_non-targeting_non-targeting,non-targeting,-0.0015650948
5764_NPC1_P1P2_ENSG00000141458,NPC1,-0.0015653153
4935_MED14_P1P2_ENSG00000180182,MED14,-0.0015696884
36_ABCF3_P1P2_ENSG00000161204,ABCF3,-0.001570323
1460_CDX1_P1P2_ENSG00000113722,CDX1,-0.0015705847
10824_non-targeting_non-targeting_non-targeting,non-targeting,-0.0015727719
7168_RBM27_P1P2_ENSG00000091009,RBM27,-0.0015773427
2136_DEAF1_P1P2_ENSG00000177030,DEAF1,-0.0015805953
10528_ZNF653_P1P2_ENSG00000161914,ZNF653,-0.0015808799
"3201_FRG2_ENST00000378763.1,ENST00000504750.1_ENSG00000205097",FRG2,-0.0015830663
6404_PKP3_P1_ENSG00000184363,PKP3,-0.0015845698
9802_WDHD1_P1P2_ENSG00000198554,WDHD1,-0.0015874438
5471_NAT14_P1P2_ENSG00000090971,NAT14,-0.0015889226
5053_MICAL2_P1P2_ENSG00000133816,MICAL2,-0.0015916526
6116_PCCB_P1_ENSG00000114054,PCCB,-0.0015943765
4374_KIF11_P1P2_ENSG00000138160,KIF11,-0.001595493
2486_EEF1E1_P1P2_ENSG00000124802,EEF1E1,-0.0015983239
2381_DSG2_P1P2_ENSG00000046604,DSG2,-0.0016160405
1836_CPOX_P1P2_ENSG00000080819,CPOX,-0.0016172726
7262_RFX5_P1P2_ENSG00000143390,RFX5,-0.0016174803
10276_ZNF302_P1P2_ENSG00000089335,ZNF302,-0.0016176968
1321_CCND1_P2_ENSG00000110092,CCND1,-0.0016177628
8441_SRXN1_P1P2_ENSG00000271303,SRXN1,-0.0016177804
7922_SIRT1_P1P2_ENSG00000096717,SIRT1,-0.0016184021
1176_CAPG_P2_ENSG00000042493,CAPG,-0.0016233369
736_B4GALT3_P1P2_ENSG00000158850,B4GALT3,-0.0016282792
10838_non-targeting_non-targeting_non-targeting,non-targeting,-0.0016294918
4526_LBH_P1P2_ENSG00000213626,LBH,-0.0016328832
2826_RFLNB_P1P2_ENSG00000183688,RFLNB,-0.0016371162
2464_ECHDC1_P1P2_ENSG00000093144,ECHDC1,-0.0016390735
8150_SMARCD1_P1P2_ENSG00000066117,SMARCD1,-0.0016395521
5527_NDRG3_P1P2_ENSG00000101079,NDRG3,-0.0016396042
2273_DNAH14_P1P2_ENSG00000185842,DNAH14,-0.0016418925
4251_JDP2_P1P2_ENSG00000140044,JDP2,-0.0016422258
920_BTBD2_P1P2_ENSG00000133243,BTBD2,-0.001645185
10938_non-targeting_non-targeting_non-targeting,non-targeting,-0.0016458565
2733_ESPN_P1_ENSG00000187017,ESPN,-0.0016568339
4977_TLNRD1_P1P2_ENSG00000140406,TLNRD1,-0.0016585893
5179_MPV17_P1P2_ENSG00000115204,MPV17,-0.0016587153
4474_KRT10_P1_ENSG00000186395,KRT10,-0.0016616296
4968_MEIS3_P2_ENSG00000105419,MEIS3,-0.0016632453
11320_non-targeting_non-targeting_non-targeting,non-targeting,-0.0016634066
1323_CCND3_P1P2_ENSG00000112576,CCND3,-0.0016838607
8044_SLC35B4_P1P2_ENSG00000205060,SLC35B4,-0.0016851509
10010_ZBTB7B_P1P2_ENSG00000160685,ZBTB7B,-0.0016917686
327_ANKRD13A_P1P2_ENSG00000076513,ANKRD13A,-0.0016942332
6804_PRPS1_P1P2_ENSG00000147224,PRPS1,-0.0016965371
3874_HNRNPM_P2_ENSG00000099783,HNRNPM,-0.0016976924
5792_NR2E3_P1P2_ENSG00000278570,NR2E3,-0.001700794
2739_ESRRB_ENST00000556177.1_ENSG00000119715,ESRRB,-0.0017021113
334_ANKRD27_P1P2_ENSG00000105186,ANKRD27,-0.0017045318
1147_CACNB3_P1_ENSG00000167535,CACNB3,-0.0017108424
6627_PPIG_P1P2_ENSG00000138398,PPIG,-0.0017141935
4723_LYN_P1P2_ENSG00000254087,LYN,-0.0017150318
11247_non-targeting_non-targeting_non-targeting,non-targeting,-0.0017183068
5795_NR2F6_P1P2_ENSG00000160113,NR2F6,-0.0017212919
1050_C1orf50_P1P2_ENSG00000164008,C1orf50,-0.0017227357
5889_NUP160_P1P2_ENSG00000030066,NUP160,-0.0017283579
8290_SOX30_P2_ENSG00000039600,SOX30,-0.001729467
2472_EDARADD_P1_ENSG00000186197,EDARADD,-0.0017330595
2829_FAM104A_P1P2_ENSG00000133193,FAM104A,-0.0017359436
10201_ZNF207_P2_ENSG00000010244,ZNF207,-0.0017369644
5957_OR51B4_ENST00000380224.1_ENSG00000183251,OR51B4,-0.0017431015
9632_USP11_P1P2_ENSG00000102226,USP11,-0.0017513755
6510_POGLUT1_P1P2_ENSG00000163389,POGLUT1,-0.0017564751
2643_ENO3_P1_ENSG00000108515,ENO3,-0.001757596
3856_HNRNPA1L2_P2_ENSG00000139675,HNRNPA1L2,-0.0017588561
6278_PHC3_P1P2_ENSG00000173889,PHC3,-0.0017612004
10509_ZNF621_P1P2_ENSG00000172888,ZNF621,-0.0017648408
4482_KRTCAP2_P1P2_ENSG00000163463,KRTCAP2,-0.001765199
7805_SERPINF1_P1P2_ENSG00000132386,SERPINF1,-0.0017681294
3477_GORASP2_P1P2_ENSG00000115806,GORASP2,-0.0017703843
3805_HK2_P1P2_ENSG00000159399,HK2,-0.0017708493
51_ABHD6_P1P2_ENSG00000163686,ABHD6,-0.0017719951
2715_ERMAP_P2_ENSG00000164010,ERMAP,-0.0017740516
6010_OXNAD1_P1_ENSG00000154814,OXNAD1,-0.0017752273
2496_EFHD2_P1P2_ENSG00000142634,EFHD2,-0.0017776176
5703_NLK_P1P2_ENSG00000087095,NLK,-0.0017796252
9750_VPS33B_P1P2_ENSG00000184056,VPS33B,-0.0017812107
6030_PACSIN2_P1P2_ENSG00000100266,PACSIN2,-0.0017847242
8808_TECPR1_P1P2_ENSG00000205356,TECPR1,-0.0017890339
2917_FAM24B_P1P2_ENSG00000213185,FAM24B,-0.0017898349
5095_MKNK1_P2_ENSG00000079277,MKNK1,-0.0017963385
746_BAG1_P1P2_ENSG00000107262,BAG1,-0.001800725
3083_FIBP_P1P2_ENSG00000172500,FIBP,-0.0018039305
10596_ZNF730_P1P2_ENSG00000183850,ZNF730,-0.0018177131
3411_GLUD2_P1P2_ENSG00000182890,GLUD2,-0.0018213633
2177_DGKE_P1P2_ENSG00000153933,DGKE,-0.0018224576
6843_PSMA3_P1P2_ENSG00000100567,PSMA3,-0.0018228848
8153_SMARCD3_P1_ENSG00000082014,SMARCD3,-0.0018229415
5403_MYO9B_P1P2_ENSG00000099331,MYO9B,-0.0018232766
4580_LIMA1_P2_ENSG00000050405,LIMA1,-0.0018270564
198_AGPS_P1P2_ENSG00000018510,AGPS,-0.0018370516
8303_SP110_P1P2_ENSG00000135899,SP110,-0.0018405011
3005_FBXO17_P2_ENSG00000269190,FBXO17,-0.001840715
7990_SLC25A20_P1P2_ENSG00000178537,SLC25A20,-0.0018498567
4211_ISL2_P1P2_ENSG00000159556,ISL2,-0.0018535631
5835_NSUN5_P1P2_ENSG00000130305,NSUN5,-0.0018619362
"2385_DST_ENST00000361203.3,ENST00000370769.4_ENSG00000151914",DST,-0.0018648444
9602_UPF3A_P1P2_ENSG00000169062,UPF3A,-0.0018648772
1127_C8orf76_P1P2_ENSG00000189376,C8orf76,-0.0018657579
1380_CD8B_P1P2_ENSG00000172116,CD8B,-0.0018659527
9044_TMEM216_P1P2_ENSG00000187049,TMEM216,-0.0018706267
2603_ELOVL6_P1P2_ENSG00000170522,ELOVL6,-0.0018923241
3990_HTATSF1_P1P2_ENSG00000102241,HTATSF1,-0.0018992336
6169_PDE6D_P1P2_ENSG00000156973,PDE6D,-0.0019007084
9508_UBE2J2_P1P2_ENSG00000160087,UBE2J2,-0.0019052529
9757_VPS41_P1_ENSG00000006715,VPS41,-0.0019103563
5633_NFE2_P1P2_ENSG00000123405,NFE2,-0.0019113248
3230_FXR1_P1P2_ENSG00000114416,FXR1,-0.0019158222
4432_KLHL11_P1P2_ENSG00000178502,KLHL11,-0.0019252477
7945_SKOR1_P1P2_ENSG00000188779,SKOR1,-0.0019257134
6137_PCNT_P1P2_ENSG00000160299,PCNT,-0.0019299237
6712_SLC66A1_P1P2_ENSG00000040487,SLC66A1,-0.001930015
1834_CPNE7_P1P2_ENSG00000178773,CPNE7,-0.0019346391
1802_CORO2A_P1P2_ENSG00000106789,CORO2A,-0.0019351185
9314_TRMT61B_P1P2_ENSG00000171103,TRMT61B,-0.0019371246
10900_non-targeting_non-targeting_non-targeting,non-targeting,-0.001939065
1881_CRTC3_P1P2_ENSG00000140577,CRTC3,-0.0019450488
5414_MZT1_P1P2_ENSG00000204899,MZT1,-0.0019541113
5096_MKNK2_P2_ENSG00000099875,MKNK2,-0.0019582966
4308_KCTD6_P1P2_ENSG00000168301,KCTD6,-0.0019583637
9383_TTC27_P1P2_ENSG00000018699,TTC27,-0.0019593376
7148_RBFOX2_P1_ENSG00000100320,RBFOX2,-0.0019597814
7867_SH2B1_P1P2_ENSG00000178188,SH2B1,-0.0019644767
1308_CCDC92_P1P2_ENSG00000119242,CCDC92,-0.0019659288
4177_IQSEC2_P2_ENSG00000124313,IQSEC2,-0.0019697617
2506_EGLN1_P1P2_ENSG00000135766,EGLN1,-0.0019708956
10111_ZFYVE9_P1P2_ENSG00000157077,ZFYVE9,-0.001973362
8053_SLC35F6_P1P2_ENSG00000213699,SLC35F6,-0.001975971
10406_ZNF507_P1P2_ENSG00000168813,ZNF507,-0.001977089
5584_NEDD4L_ENST00000400345.3_ENSG00000049759,NEDD4L,-0.001980432
5693_NKX2-4_P1P2_ENSG00000125816,NKX2-4,-0.0019878133
3970_HSPA13_P1P2_ENSG00000155304,HSPA13,-0.0019883981
1118_C7orf26_P1P2_ENSG00000146576,C7orf26,-0.0019969079
3752_HIST1H2AG_ENST00000359193.2_ENSG00000196787,HIST1H2AG,-0.0019980979
9030_TMEM18_P1P2_ENSG00000151353,TMEM18,-0.0020076125
3085_FIGNL1_P1P2_ENSG00000132436,FIGNL1,-0.0020076847
3811_HLCS_P2_ENSG00000159267,HLCS,-0.0020091208
992_TEDC2_P1P2_ENSG00000162062,TEDC2,-0.002015524
394_APBA3_P1P2_ENSG00000011132,APBA3,-0.0020158333
4179_IRAK1_P1_ENSG00000184216,IRAK1,-0.0020218284
7011_RAB1A_P1P2_ENSG00000138069,RAB1A,-0.0020224124
8952_TM2D1_P1P2_ENSG00000162604,TM2D1,-0.0020242438
8828_TEX261_P1P2_ENSG00000144043,TEX261,-0.0020279125
1016_C19orf25_P1P2_ENSG00000119559,C19orf25,-0.002031423
6894_PSTPIP2_P1P2_ENSG00000152229,PSTPIP2,-0.0020340944
5984_OSER1_P1P2_ENSG00000132823,OSER1,-0.0020361147
9061_TMEM251_P1P2_ENSG00000153485,TMEM251,-0.0020412789
2261_DMRTB1_P1P2_ENSG00000143006,DMRTB1,-0.002042478
10134_ZMAT1_P1P2_ENSG00000166432,ZMAT1,-0.0020425478
7535_RPS6KL1_P1P2_ENSG00000198208,RPS6KL1,-0.002042965
10819_non-targeting_non-targeting_non-targeting,non-targeting,-0.002049122
2953_FAM92A_P1P2_ENSG00000188343,FAM92A,-0.002051438
1993_CYB5R2_P1P2_ENSG00000166394,CYB5R2,-0.0020553248
8925_TIMM8A_P1P2_ENSG00000126953,TIMM8A,-0.0020598986
8268_SOGA1_P1P2_ENSG00000149639,SOGA1,-0.0020650318
11024_non-targeting_non-targeting_non-targeting,non-targeting,-0.0020657305
5712_NME3_P1P2_ENSG00000103024,NME3,-0.0020683757
11030_non-targeting_non-targeting_non-targeting,non-targeting,-0.002075226
3603_GUSB_P1P2_ENSG00000169919,GUSB,-0.0020772696
3176_FOXN4_P1P2_ENSG00000139445,FOXN4,-0.0020835153
2637_ENDOV_P1P2_ENSG00000173818,ENDOV,-0.002085787
43_ABHD14B_P2_ENSG00000114779,ABHD14B,-0.002090529
2762_ETV3L_P1P2_ENSG00000253831,ETV3L,-0.0020915994
10196_ZNF197_P1P2_ENSG00000186448,ZNF197,-0.0020964947
3316_GCDH_P1P2_ENSG00000105607,GCDH,-0.0020992828
3352_GGA2_P1P2_ENSG00000103365,GGA2,-0.002102427
10687_ZNF883_P1P2_ENSG00000285447,ZNF883,-0.0021052451
9401_TTLL12_P1P2_ENSG00000100304,TTLL12,-0.002107909
9597_UNG_P1P2_ENSG00000076248,UNG,-0.0021083194
7665_SATB2_P1P2_ENSG00000119042,SATB2,-0.0021177153
1024_REX1BD_P1P2_ENSG00000006015,REX1BD,-0.0021244206
852_BLVRA_P2_ENSG00000106605,BLVRA,-0.0021258255
4257_JMY_P1P2_ENSG00000152409,JMY,-0.0021278535
7308_RIMKLB_P1P2_ENSG00000166532,RIMKLB,-0.0021324554
6405_PKP4_P1P2_ENSG00000144283,PKP4,-0.0021336284
6321_PIAS2_P2_ENSG00000078043,PIAS2,-0.0021383164
7544_RPUSD2_P1P2_ENSG00000166133,RPUSD2,-0.002139808
9404_TTLL5_P1P2_ENSG00000119685,TTLL5,-0.002141315
11242_non-targeting_non-targeting_non-targeting,non-targeting,-0.0021421763
10594_ZNF728_ENST00000594710.1_ENSG00000269067,ZNF728,-0.002143032
4209_ISL1_P1_ENSG00000016082,ISL1,-0.0021450808
7800_SERINC3_P1P2_ENSG00000132824,SERINC3,-0.0021452862
1825_CPAMD8_ENST00000443236.1_ENSG00000160111,CPAMD8,-0.0021512073
1959_CUEDC2_P1P2_ENSG00000107874,CUEDC2,-0.002155378
520_ARMC10_P1P2_ENSG00000170632,ARMC10,-0.0021610954
8919_TIMM21_P1P2_ENSG00000075336,TIMM21,-0.002162143
3034_FBXW2_P1P2_ENSG00000119402,FBXW2,-0.0021689222
609_ATF6B_P1P2_ENSG00000213676,ATF6B,-0.0021741136
5497_NCK2_P1P2_ENSG00000071051,NCK2,-0.0021795104
7732_SEC11A_P1P2_ENSG00000140612,SEC11A,-0.0021799046
8109_SLC7A6OS_P1P2_ENSG00000103061,SLC7A6OS,-0.0021825873
4654_LRR1_P1P2_ENSG00000165501,LRR1,-0.0021834115
3236_FZD3_P1P2_ENSG00000104290,FZD3,-0.0021884337
4933_MED13L_P1P2_ENSG00000123066,MED13L,-0.0021922586
915_BSX_P1P2_ENSG00000188909,BSX,-0.0021931864
8563_STXBP3_P1P2_ENSG00000116266,STXBP3,-0.0022004077
9425_TUBGCP2_P1P2_ENSG00000130640,TUBGCP2,-0.0022120245
6338_PIGM_P1P2_ENSG00000143315,PIGM,-0.0022134953
918_BTBD10_P1_ENSG00000148925,BTBD10,-0.0022171894
1765_COMMD7_P1P2_ENSG00000149600,COMMD7,-0.0022201242
4080_IKBKG_P1P2_ENSG00000269335,IKBKG,-0.0022285646
6739_PRDX6_P1P2_ENSG00000117592,PRDX6,-0.002232207
3512_GPR68_P1P2_ENSG00000119714,GPR68,-0.0022333895
7997_SLC25A28_P1P2_ENSG00000155287,SLC25A28,-0.0022344308
5297_MT1X_P1P2_ENSG00000187193,MT1X,-0.0022351572
1820_COX7A2L_P1P2_ENSG00000115944,COX7A2L,-0.0022357749
10390_ZNF485_P1P2_ENSG00000198298,ZNF485,-0.0022366915
1067_RTL10_P1P2_ENSG00000215012,RTL10,-0.0022419295
6410_PLAA_P1P2_ENSG00000137055,PLAA,-0.0022422988
3208_FSTL3_P2_ENSG00000070404,FSTL3,-0.0022425784
9037_TMEM205_P1P2_ENSG00000105518,TMEM205,-0.0022428534
8224_SNRPA_P1P2_ENSG00000077312,SNRPA,-0.0022503904
4102_ILK_P1P2_ENSG00000166333,ILK,-0.0022521806
7001_R3HDM4_P2_ENSG00000198858,R3HDM4,-0.0022531461
10401_ZNF500_P1P2_ENSG00000103199,ZNF500,-0.0022604824
2487_EEF1G_P1P2_ENSG00000254772,EEF1G,-0.0022633104
10265_ZNF283_P1P2_ENSG00000167637,ZNF283,-0.0022678196
6540_POLR2A_P1P2_ENSG00000181222,POLR2A,-0.002269251
9625_USB1_P1P2_ENSG00000103005,USB1,-0.0022702506
7868_SH2B3_P1P2_ENSG00000111252,SH2B3,-0.0022782588
9986_ZBTB32_P1P2_ENSG00000011590,ZBTB32,-0.0022811997
2363_DPY19L1_ENST00000310974.4_ENSG00000173852,DPY19L1,-0.0022844258
"5475_NAV1_ENST00000295624.6,ENST00000367296.4_ENSG00000134369",NAV1,-0.0022885837
5628_NFATC4_P1P2_ENSG00000100968,NFATC4,-0.0022922154
11252_non-targeting_non-targeting_non-targeting,non-targeting,-0.002293597
10796_non-targeting_non-targeting_non-targeting,non-targeting,-0.0022942298
5086_MITF_P1_ENSG00000187098,MITF,-0.0022967518
5423_NAA11_P1P2_ENSG00000156269,NAA11,-0.0023015223
7489_RPP25L_P1P2_ENSG00000164967,RPP25L,-0.0023019658
379_AP3B1_P1P2_ENSG00000132842,AP3B1,-0.0023117103
6444_PLEKHG4_P1_ENSG00000196155,PLEKHG4,-0.0023148677
1657_CLIP1_P1P2_ENSG00000130779,CLIP1,-0.002317201
2187_DHFR_P1P2_ENSG00000228716,DHFR,-0.0023192912
8272_SON_P2_ENSG00000159140,SON,-0.002323743
4644_LRG1_P1P2_ENSG00000171236,LRG1,-0.0023253234
598_ATAD2B_P1P2_ENSG00000119778,ATAD2B,-0.0023323304
10817_non-targeting_non-targeting_non-targeting,non-targeting,-0.0023357677
8015_SLC25A6_P2_ENSG00000169100,SLC25A6,-0.0023372727
170_AEBP1_P1P2_ENSG00000106624,AEBP1,-0.0023455878
6357_PIK3R1_P1P2_ENSG00000145675,PIK3R1,-0.0023462037
8266_SOD1_P1P2_ENSG00000142168,SOD1,-0.0023474647
3357_GGNBP2_P1P2_ENSG00000278311,GGNBP2,-0.0023508556
7490_RPP25_P1P2_ENSG00000178718,RPP25,-0.002354408
2520_EHMT1_P1P2_ENSG00000181090,EHMT1,-0.0023604357
3864_HNRNPF_P2_ENSG00000169813,HNRNPF,-0.0023669836
781_BBX_P1P2_ENSG00000114439,BBX,-0.002366998
1132_AOPEP_ENST00000375315.2_ENSG00000148120,AOPEP,-0.002369271
4421_KLF5_P1P2_ENSG00000102554,KLF5,-0.0023718781
8761_TBXA2R_P1P2_ENSG00000006638,TBXA2R,-0.0023720064
243_AKR1C2_P2_ENSG00000151632,AKR1C2,-0.0023749245
5965_ORC1_P1P2_ENSG00000085840,ORC1,-0.0023772742
2062_DCAKD_P1_ENSG00000172992,DCAKD,-0.0023781818
1732_COA1_P1P2_ENSG00000106603,COA1,-0.002379201
6684_PPP2R2D_P1P2_ENSG00000175470,PPP2R2D,-0.0023830854
5624_NFATC2IP_P1P2_ENSG00000176953,NFATC2IP,-0.0023867467
7904_SHROOM1_P1P2_ENSG00000164403,SHROOM1,-0.002388486
9946_YTHDC1_P1P2_ENSG00000083896,YTHDC1,-0.0023901763
8908_TIGD3_P1P2_ENSG00000173825,TIGD3,-0.0023915544
3285_GARS_P1P2_ENSG00000106105,GARS,-0.0023950709
6207_PEAK1_P1P2_ENSG00000173517,PEAK1,-0.0023967843
5182_MPZ_P1_ENSG00000158887,MPZ,-0.0023985158
232_AKAP8L_P1P2_ENSG00000011243,AKAP8L,-0.0024035785
7704_SCOC_P1P2_ENSG00000153130,SCOC,-0.0024036649
845_BLOC1S2_P1P2_ENSG00000196072,BLOC1S2,-0.0024067936
10986_non-targeting_non-targeting_non-targeting,non-targeting,-0.0024069992
10941_non-targeting_non-targeting_non-targeting,non-targeting,-0.0024082926
8479_STAC3_P1P2_ENSG00000185482,STAC3,-0.0024146491
27_ABCC1_P1P2_ENSG00000103222,ABCC1,-0.0024151881
10000_ZBTB46_P1P2_ENSG00000130584,ZBTB46,-0.0024153148
9737_VPS11_P1P2_ENSG00000160695,VPS11,-0.002415562
11326_non-targeting_non-targeting_non-targeting,non-targeting,-0.0024158703
3543_GRSF1_P1P2_ENSG00000132463,GRSF1,-0.002416447
5385_MYL12B_P1P2_ENSG00000118680,MYL12B,-0.002423842
6909_PTGES2_P1P2_ENSG00000148334,PTGES2,-0.0024253647
7708_SCRN3_P1P2_ENSG00000144306,SCRN3,-0.0024253922
3535_GRHPR_P1_ENSG00000137106,GRHPR,-0.0024275444
9518_UBE2S_P1P2_ENSG00000108106,UBE2S,-0.0024290783
3095_FKBP1B_P1P2_ENSG00000119782,FKBP1B,-0.0024296301
7030_RAB40B_P1P2_ENSG00000141542,RAB40B,-0.0024299135
7366_RNF182_P1P2_ENSG00000180537,RNF182,-0.0024330844
3318_GCHFR_P1P2_ENSG00000137880,GCHFR,-0.0024331936
4295_KCNH2_P2_ENSG00000055118,KCNH2,-0.0024423806
5291_MSRB2_P1P2_ENSG00000148450,MSRB2,-0.002444428
10862_non-targeting_non-targeting_non-targeting,non-targeting,-0.0024481425
8526_STK4_P1_ENSG00000101109,STK4,-0.0024505209
2823_FAHD2B_P1P2_ENSG00000144199,FAHD2B,-0.0024511735
2364_DPY19L2_P1P2_ENSG00000177990,DPY19L2,-0.002461119
8676_TAL2_ENST00000334077.3_ENSG00000186051,TAL2,-0.0024631813
8752_TBX21_P1P2_ENSG00000073861,TBX21,-0.002463747
9151_TNPO3_P1P2_ENSG00000064419,TNPO3,-0.0024642064
10037_TUT7_P1P2_ENSG00000083223,TUT7,-0.0024656104
72_ACADVL_P1P2_ENSG00000072778,ACADVL,-0.0024662663
4189_IRF4_P1_ENSG00000137265,IRF4,-0.0024664637
7195_RC3H2_P1P2_ENSG00000056586,RC3H2,-0.0024703718
3221_FUOM_P1P2_ENSG00000148803,FUOM,-0.0024731846
3282_GAPDH_P2_ENSG00000111640,GAPDH,-0.002474367
4768_MAGEC2_P1P2_ENSG00000046774,MAGEC2,-0.0024809176
8769_ELOB_P1P2_ENSG00000103363,ELOB,-0.0024810366
1813_COX20_P1P2_ENSG00000203667,COX20,-0.0024835505
8987_TMEM116_P1P2_ENSG00000198270,TMEM116,-0.0024906655
10841_non-targeting_non-targeting_non-targeting,non-targeting,-0.0024916355
10913_non-targeting_non-targeting_non-targeting,non-targeting,-0.0024941037
2428_DYNLRB1_P2_ENSG00000125971,DYNLRB1,-0.0024994728
3353_GGA3_P1P2_ENSG00000125447,GGA3,-0.002508239
7635_SAFB2_P1P2_ENSG00000130254,SAFB2,-0.0025088303
10603_ZNF746_P1P2_ENSG00000181220,ZNF746,-0.0025096727
8219_SNRNP35_P1P2_ENSG00000184209,SNRNP35,-0.0025130687
8732_TBK1_P1P2_ENSG00000183735,TBK1,-0.0025148527
1696_CMSS1_P1P2_ENSG00000184220,CMSS1,-0.0025194879
7181_RBM4_P2_ENSG00000173933,RBM4,-0.0025296165
306_ANAPC1_P1P2_ENSG00000153107,ANAPC1,-0.0025354472
8060_SLC37A3_P1P2_ENSG00000157800,SLC37A3,-0.0025400424
9011_TMEM161A_P1P2_ENSG00000064545,TMEM161A,-0.0025415742
6839_PSIP1_P1P2_ENSG00000164985,PSIP1,-0.002543035
9204_TPM1_P2_ENSG00000140416,TPM1,-0.0025475076
960_C11orf95_P1P2_ENSG00000188070,C11orf95,-0.0025476047
5353_MUTYH_P1P2_ENSG00000132781,MUTYH,-0.0025538704
3330_GDI1_P1P2_ENSG00000203879,GDI1,-0.0025604495
4138_INPP5K_P1P2_ENSG00000132376,INPP5K,-0.0025696843
8341_SPDYE2_ENST00000341656.4_ENSG00000205238,SPDYE2,-0.0025764643
10765_non-targeting_non-targeting_non-targeting,non-targeting,-0.002577753
10007_ZBTB6_P1P2_ENSG00000186130,ZBTB6,-0.0025802779
8300_SOX8_P1P2_ENSG00000005513,SOX8,-0.0025806043
1429_CDK1_P1P2_ENSG00000170312,CDK1,-0.002582917
7_AAMDC_P1P2_ENSG00000087884,AAMDC,-0.0025896826
5026_MFSD12_P1P2_ENSG00000161091,MFSD12,-0.00259257
156_ADK_P2_ENSG00000156110,ADK,-0.0025968198
3498_GPD2_P1P2_ENSG00000115159,GPD2,-0.0025979276
6935_PTPRF_P1P2_ENSG00000142949,PTPRF,-0.0025993371
6990_QSOX1_P1P2_ENSG00000116260,QSOX1,-0.0026022058
6471_PLXND1_P1P2_ENSG00000004399,PLXND1,-0.0026040755
9285_TRIM65_P1P2_ENSG00000141569,TRIM65,-0.0026116704
9262_TRIM13_P1P2_ENSG00000204977,TRIM13,-0.0026144984
5388_MYL6_P1P2_ENSG00000092841,MYL6,-0.002623721
11006_non-targeting_non-targeting_non-targeting,non-targeting,-0.00262452
6391_PKIB_P2_ENSG00000135549,PKIB,-0.0026347123
1437_CDK5RAP3_P1P2_ENSG00000108465,CDK5RAP3,-0.0026410744
4586_LIMK1_P1_ENSG00000106683,LIMK1,-0.0026453906
11256_non-targeting_non-targeting_non-targeting,non-targeting,-0.002648426
4765_MAGEB1_P1_ENSG00000214107,MAGEB1,-0.0026500106
1631_CKLF_P1P2_ENSG00000217555,CKLF,-0.0026546093
8776_TCF19_P1_ENSG00000137310,TCF19,-0.0026566207
71_ACADS_P1P2_ENSG00000122971,ACADS,-0.0026570337
4783_MAN1A1_P1P2_ENSG00000111885,MAN1A1,-0.0026587972
1783_COPS7A_P1P2_ENSG00000111652,COPS7A,-0.0026605034
9542_UBQLN2_P1P2_ENSG00000188021,UBQLN2,-0.0026612096
4014_ICAM5_P2_ENSG00000105376,ICAM5,-0.0026625607
5506_NCOA2_P1P2_ENSG00000140396,NCOA2,-0.002670656
5341_MTPN_P1P2_ENSG00000105887,MTPN,-0.0026780567
538_ARPC3_P2_ENSG00000111229,ARPC3,-0.002681309
8137_SMAP1_P1P2_ENSG00000112305,SMAP1,-0.0026856759
902_BRK1_P1P2_ENSG00000254999,BRK1,-0.0026867609
9713_VCX_P1P2_ENSG00000182583,VCX,-0.0026871033
8967_TMBIM6_P1P2_ENSG00000139644,TMBIM6,-0.002693718
7685_SCAPER_P1P2_ENSG00000140386,SCAPER,-0.0026942953
6047_PALB2_P1P2_ENSG00000083093,PALB2,-0.0026989114
9140_TNKS1BP1_P1_ENSG00000149115,TNKS1BP1,-0.002699038
6967_PXK_P1P2_ENSG00000168297,PXK,-0.0027029186
1068_C22orf39_P1P2_ENSG00000242259,C22orf39,-0.0027088646
4279_KAT7_P1P2_ENSG00000136504,KAT7,-0.0027101145
6925_PTPN18_P2_ENSG00000072135,PTPN18,-0.0027104036
5873_NUDT4_P1P2_ENSG00000173598,NUDT4,-0.0027109026
3317_GCFC2_P1P2_ENSG00000005436,GCFC2,-0.002713702
3639_HAUS6_P1P2_ENSG00000147874,HAUS6,-0.0027147052
6982_QDPR_P1P2_ENSG00000151552,QDPR,-0.0027179385
3046_FCHO1_P1P2_ENSG00000130475,FCHO1,-0.0027184517
6685_PPP2R3B_P1P2_ENSG00000167393,PPP2R3B,-0.0027215655
629_ATIC_P1P2_ENSG00000138363,ATIC,-0.002724826
5963_ORAI3_P1P2_ENSG00000175938,ORAI3,-0.002725001
6658_PPP1R14B_P1P2_ENSG00000173457,PPP1R14B,-0.002726622
2361_DPPA2_P1P2_ENSG00000163530,DPPA2,-0.0027269232
8104_SLC6A6_P1P2_ENSG00000131389,SLC6A6,-0.0027314979
4016_ICMT_P1P2_ENSG00000116237,ICMT,-0.0027330024
10680_ZNF853_P1_ENSG00000236609,ZNF853,-0.0027363272
10846_non-targeting_non-targeting_non-targeting,non-targeting,-0.0027395214
267_ALG1L_ENST00000340333.3_ENSG00000189366,ALG1L,-0.0027405345
5172_MPP3_P1P2_ENSG00000161647,MPP3,-0.0027406428
1814_COX4I1_P1P2_ENSG00000131143,COX4I1,-0.002741022
6389_PJA2_P1P2_ENSG00000198961,PJA2,-0.0027428127
9158_TOB2_P1P2_ENSG00000183864,TOB2,-0.0027446584
2123_DDX46_P2_ENSG00000145833,DDX46,-0.0027448668
10441_ZNF552_P1P2_ENSG00000178935,ZNF552,-0.0027476968
4354_TMEM131L_P1P2_ENSG00000121210,TMEM131L,-0.0027477117
6302_PHLDB1_P1_ENSG00000019144,PHLDB1,-0.0027482288
7033_RAB4B_P1P2_ENSG00000167578,RAB4B,-0.0027565868
1511_CEP70_P1P2_ENSG00000114107,CEP70,-0.002756984
"504_ARL17A_ENST00000329240.4,ENST00000336125.5,ENST00000445552.2_ENSG00000185829",ARL17A,-0.0027744134
3962_HSF5_P1P2_ENSG00000176160,HSF5,-0.0027811532
8642_TAC3_P1P2_ENSG00000166863,TAC3,-0.0027818775
83_ACIN1_P2_ENSG00000100813,ACIN1,-0.002782828
9819_WDR41_P1P2_ENSG00000164253,WDR41,-0.0027837884
7046_RABEPK_P1P2_ENSG00000136933,RABEPK,-0.0027859088
10445_ZNF557_P1P2_ENSG00000130544,ZNF557,-0.0027910944
1788_COPZ1_P1_ENSG00000111481,COPZ1,-0.0027953917
704_ATXN3_P1P2_ENSG00000066427,ATXN3,-0.0027971596
3426_GMPR_P1P2_ENSG00000137198,GMPR,-0.0027971705
895_BABAM2_P1P2_ENSG00000158019,BABAM2,-0.002811782
6781_PRNP_P1P2_ENSG00000171867,PRNP,-0.0028134028
5757_NOTUM_P1P2_ENSG00000185269,NOTUM,-0.002815017
76_ACAT2_P1P2_ENSG00000120437,ACAT2,-0.0028250876
8708_TBC1D14_P1P2_ENSG00000132405,TBC1D14,-0.0028260173
2224_DIDO1_P2_ENSG00000101191,DIDO1,-0.0028278828
4283_KATNAL1_P1P2_ENSG00000102781,KATNAL1,-0.0028290432
4659_LRRC23_P1P2_ENSG00000010626,LRRC23,-0.0028335191
10935_non-targeting_non-targeting_non-targeting,non-targeting,-0.0028374682
3761_HIST1H2BD_P1P2_ENSG00000158373,HIST1H2BD,-0.002842096
6959_PUSL1_P1P2_ENSG00000169972,PUSL1,-0.0028442945
6417_PLBD2_P1P2_ENSG00000151176,PLBD2,-0.002844886
10544_ZNF676_ENST00000397121.2_ENSG00000196109,ZNF676,-0.002847675
6738_PRDX5_P1P2_ENSG00000126432,PRDX5,-0.002847774
3003_FBXO11_P1P2_ENSG00000138081,FBXO11,-0.0028535742
7742_SEC23B_P1P2_ENSG00000101310,SEC23B,-0.0028563002
10612_ZNF764_P1P2_ENSG00000169951,ZNF764,-0.0028601324
9740_VPS13C_P1P2_ENSG00000129003,VPS13C,-0.0028649126
2465_ECHDC3_P1P2_ENSG00000134463,ECHDC3,-0.0028652623
6736_PRDX3_P1P2_ENSG00000165672,PRDX3,-0.0028678752
11203_non-targeting_non-targeting_non-targeting,non-targeting,-0.0028691837
35_ABCF2_P1P2_ENSG00000033050,ABCF2,-0.0028776412
8265_SOCS4_P1P2_ENSG00000180008,SOCS4,-0.0028853575
6170_PDE7A_P1P2_ENSG00000205268,PDE7A,-0.0028930136
851_BLVRA_P1_ENSG00000106605,BLVRA,-0.0029052317
4347_KIAA0355_P1P2_ENSG00000166398,KIAA0355,-0.0029078526
2475_EDC4_P1P2_ENSG00000038358,EDC4,-0.0029079907
6394_PKMYT1_P1P2_ENSG00000127564,PKMYT1,-0.0029098983
4387_KIF22_P2_ENSG00000079616,KIF22,-0.00291355
8753_TBX22_P1P2_ENSG00000122145,TBX22,-0.002914314
10140_ZMIZ2_P1P2_ENSG00000122515,ZMIZ2,-0.0029150825
10782_non-targeting_non-targeting_non-targeting,non-targeting,-0.0029220597
2530_EIF2AK1_P1P2_ENSG00000086232,EIF2AK1,-0.0029221345
8049_SLC35E2B_P1P2_ENSG00000189339,SLC35E2B,-0.002922581
9389_TTC3_P1P2_ENSG00000182670,TTC3,-0.0029262733
7958_SLC12A4_P2_ENSG00000124067,SLC12A4,-0.0029347327
5113_MLLT3_P1P2_ENSG00000171843,MLLT3,-0.0029351108
7055_RAC1_P1P2_ENSG00000136238,RAC1,-0.0029352603
6731_PRDM8_P2_ENSG00000152784,PRDM8,-0.0029400098
10026_ZC3H4_P2_ENSG00000130749,ZC3H4,-0.0029423393
3291_GATA1_P1P2_ENSG00000102145,GATA1,-0.002946628
10805_non-targeting_non-targeting_non-targeting,non-targeting,-0.0029480127
1931_CTDSP2_P1P2_ENSG00000175215,CTDSP2,-0.0029564106
3700_HES3_P1P2_ENSG00000173673,HES3,-0.0029583597
3810_HLA-E_P1P2_ENSG00000204592,HLA-E,-0.0029587084
10942_non-targeting_non-targeting_non-targeting,non-targeting,-0.00296654
2532_EIF2AK3_P1P2_ENSG00000172071,EIF2AK3,-0.002968072
695_ATP5IF1_P1P2_ENSG00000130770,ATP5IF1,-0.0029767945
9858_WHAMM_P1P2_ENSG00000156232,WHAMM,-0.0029784648
11108_non-targeting_non-targeting_non-targeting,non-targeting,-0.0029790206
9611_UQCRC1_P2_ENSG00000010256,UQCRC1,-0.0029795317
"9237_TRAK1_ENST00000341421.3,ENST00000396175.1_ENSG00000182606",TRAK1,-0.0029849072
10422_ZNF527_P1P2_ENSG00000189164,ZNF527,-0.0029965444
9370_TSSK3_P1P2_ENSG00000162526,TSSK3,-0.0029973953
7320_RMDN1_P1P2_ENSG00000176623,RMDN1,-0.0030024198
5055_MICAL3_P2_ENSG00000243156,MICAL3,-0.003003051
6840_PSKH1_P1P2_ENSG00000159792,PSKH1,-0.0030036394
10914_non-targeting_non-targeting_non-targeting,non-targeting,-0.0030040964
10772_non-targeting_non-targeting_non-targeting,non-targeting,-0.0030042175
4701_LST1_P2_ENSG00000204482,LST1,-0.0030084036
10460_ZNF571_P1P2_ENSG00000180479,ZNF571,-0.0030104548
9657_USP3_P1P2_ENSG00000140455,USP3,-0.0030118744
2534_EIF2A_P1P2_ENSG00000144895,EIF2A,-0.0030127536
8283_SOX15_P1P2_ENSG00000129194,SOX15,-0.0030156951
1170_CAMTA2_P1P2_ENSG00000108509,CAMTA2,-0.003019715
829_BHLHE23_P1P2_ENSG00000125533,BHLHE23,-0.0030218516
3524_GRAMD1A_P1P2_ENSG00000089351,GRAMD1A,-0.0030319241
2406_DUSP22_P1P2_ENSG00000112679,DUSP22,-0.003032364
10403_ZNF502_P1P2_ENSG00000196653,ZNF502,-0.0030333153
9539_UBN2_P1P2_ENSG00000157741,UBN2,-0.0030386387
1913_CST3_P1P2_ENSG00000101439,CST3,-0.003039248
8871_THAP10_P1P2_ENSG00000129028,THAP10,-0.0030404888
6061_TENT4A_ENST00000230859.6_ENSG00000112941,TENT4A,-0.0030459962
3015_FBXO34_P1P2_ENSG00000178974,FBXO34,-0.0030495974
4838_MAPKAPK5_P1P2_ENSG00000089022,MAPKAPK5,-0.003050325
3822_HMG20A_P1P2_ENSG00000140382,HMG20A,-0.0030516593
1519_CEP97_P1P2_ENSG00000182504,CEP97,-0.0030574072
887_BRD1_P1P2_ENSG00000100425,BRD1,-0.0030575448
2843_FAM120C_P1P2_ENSG00000184083,FAM120C,-0.0030576633
3251_GABBR1_P2_ENSG00000204681,GABBR1,-0.003058105
2987_FBLIM1_P1P2_ENSG00000162458,FBLIM1,-0.0030698383
10076_ZFHX3_P1P2_ENSG00000140836,ZFHX3,-0.0030726583
10739_ZXDA_P1P2_ENSG00000198205,ZXDA,-0.0030729664
5072_MIF4GD_P1P2_ENSG00000125457,MIF4GD,-0.0030844212
9391_TTC5_P1P2_ENSG00000136319,TTC5,-0.0030870296
10520_ZNF639_P1P2_ENSG00000121864,ZNF639,-0.003089456
6593_POU3F4_P1P2_ENSG00000196767,POU3F4,-0.0030904496
9586_ULK3_P1P2_ENSG00000140474,ULK3,-0.0030934296
5878_NUF2_P1P2_ENSG00000143228,NUF2,-0.003094344
10319_ZNF37A_P1P2_ENSG00000075407,ZNF37A,-0.0031027873
2861_FAM156A_P1P2_ENSG00000268350,FAM156A,-0.0031056877
3849_JPT1_P1P2_ENSG00000189159,JPT1,-0.0031061145
11202_non-targeting_non-targeting_non-targeting,non-targeting,-0.0031074751
11133_non-targeting_non-targeting_non-targeting,non-targeting,-0.0031080602
300_AMZ2_P1P2_ENSG00000196704,AMZ2,-0.003110157
9152_TNRC18_P1P2_ENSG00000182095,TNRC18,-0.0031121743
10788_non-targeting_non-targeting_non-targeting,non-targeting,-0.0031133688
4294_KCNE3_P1_ENSG00000175538,KCNE3,-0.003115733
8836_TFAP2C_P1P2_ENSG00000087510,TFAP2C,-0.003118621
8238_SNW1_P1_ENSG00000100603,SNW1,-0.0031186675
8636_SYVN1_P1P2_ENSG00000162298,SYVN1,-0.0031191816
10187_ZNF177_P2_ENSG00000188629,ZNF177,-0.003120219
1099_TMEM267_P1P2_ENSG00000151881,TMEM267,-0.003124857
5994_OTP_P1P2_ENSG00000171540,OTP,-0.0031274199
4845_MARCH5_P1P2_ENSG00000198060,MARCH5,-0.0031308935
6706_PPT2_P1P2_ENSG00000221988,PPT2,-0.003137933
5978_OSBPL3_P1P2_ENSG00000070882,OSBPL3,-0.0031381163
10367_ZNF443_P1P2_ENSG00000180855,ZNF443,-0.003142243
557_ARX_P1_ENSG00000004848,ARX,-0.0031478684
4087_IKZF5_P1P2_ENSG00000095574,IKZF5,-0.0031619894
6408_PLA2G15_P1P2_ENSG00000103066,PLA2G15,-0.0031639843
3547_GSC_P1P2_ENSG00000133937,GSC,-0.003164671
7397_RNF8_P1P2_ENSG00000112130,RNF8,-0.0031732742
3140_FOS_P1_ENSG00000170345,FOS,-0.0031760572
3771_HIST1H2BO_P1P2_ENSG00000274641,HIST1H2BO,-0.003177603
9497_UBE2D2_P1P2_ENSG00000131508,UBE2D2,-0.0031790067
4144_INTS10_P1P2_ENSG00000104613,INTS10,-0.0031835178
1041_C1orf159_P1P2_ENSG00000131591,C1orf159,-0.0031905987
4603_LLGL1_P1P2_ENSG00000131899,LLGL1,-0.0031914152
7977_SLC20A1_P1P2_ENSG00000144136,SLC20A1,-0.003198116
3054_FECH_P1P2_ENSG00000066926,FECH,-0.003210887
11106_non-targeting_non-targeting_non-targeting,non-targeting,-0.0032147332
2202_DHTKD1_P1P2_ENSG00000181192,DHTKD1,-0.0032225102
1019_C19orf47_P1_ENSG00000160392,C19orf47,-0.003223833
5485_NBR1_P1P2_ENSG00000188554,NBR1,-0.003227461
5847_NTHL1_P1P2_ENSG00000065057,NTHL1,-0.0032309853
9029_TMEM189_P1P2_ENSG00000240849,TMEM189,-0.0032323275
10166_ZNF134_P1P2_ENSG00000213762,ZNF134,-0.0032327343
97_ACP5_P2_ENSG00000102575,ACP5,-0.0032348407
4420_KLF4_P1_ENSG00000136826,KLF4,-0.003241077
5099_MKRN2_P1P2_ENSG00000075975,MKRN2,-0.0032432238
10646_ZNF7_P1P2_ENSG00000147789,ZNF7,-0.0032440966
9933_YIPF4_P1P2_ENSG00000119820,YIPF4,-0.0032534078
6371_PIP4K2B_P1P2_ENSG00000276293,PIP4K2B,-0.0032574432
10243_ZNF25_P1P2_ENSG00000175395,ZNF25,-0.0032582546
11045_non-targeting_non-targeting_non-targeting,non-targeting,-0.003260912
2488_EEF2K_P1P2_ENSG00000103319,EEF2K,-0.0032609832
9761_VPS4B_P1P2_ENSG00000119541,VPS4B,-0.003261164
10135_ZMAT2_P2_ENSG00000146007,ZMAT2,-0.0032683471
1877_CRLS1_P1P2_ENSG00000088766,CRLS1,-0.0032724289
457_ARHGAP11B_P1P2_ENSG00000284906,ARHGAP11B,-0.0032775907
10386_ZNF479_P1P2_ENSG00000185177,ZNF479,-0.0032785619
8372_SPRTN_P1P2_ENSG00000010072,SPRTN,-0.0032789628
4183_IRF2BP1_P1P2_ENSG00000170604,IRF2BP1,-0.0032864388
5320_MTHFD2_P2_ENSG00000065911,MTHFD2,-0.003286764
2157_DEPDC1_P1P2_ENSG00000024526,DEPDC1,-0.003292284
123_ACYP1_P2_ENSG00000119640,ACYP1,-0.0032939715
1394_CDC25C_P1P2_ENSG00000158402,CDC25C,-0.0032954412
391_AP5Z1_P1P2_ENSG00000242802,AP5Z1,-0.0032983797
4814_MAP3K7_P1P2_ENSG00000135341,MAP3K7,-0.003298928
305_ANAPC16_P1P2_ENSG00000166295,ANAPC16,-0.0032992687
10779_non-targeting_non-targeting_non-targeting,non-targeting,-0.0032999113
3609_GYPE_P1P2_ENSG00000197465,GYPE,-0.0033009911
4213_ISOC2_P1_ENSG00000063241,ISOC2,-0.0033022962
11037_non-targeting_non-targeting_non-targeting,non-targeting,-0.0033061996
10521_ZNF641_P1P2_ENSG00000167528,ZNF641,-0.0033082766
11196_non-targeting_non-targeting_non-targeting,non-targeting,-0.0033087467
6501_PNRC1_P1P2_ENSG00000146278,PNRC1,-0.003309344
6996_R3HCC1_P1_ENSG00000104679,R3HCC1,-0.0033100895
454_ARGFX_P1P2_ENSG00000186103,ARGFX,-0.0033113442
2298_DNAJC30_P1P2_ENSG00000176410,DNAJC30,-0.0033122676
8694_TARSL2_P1P2_ENSG00000185418,TARSL2,-0.0033168858
8139_SMAP2_P1_ENSG00000084070,SMAP2,-0.0033199233
10733_ZSWIM7_P1P2_ENSG00000214941,ZSWIM7,-0.0033254658
9967_ZBED6_P1P2_ENSG00000257315,ZBED6,-0.00332612
10811_non-targeting_non-targeting_non-targeting,non-targeting,-0.0033283634
506_ARL2BP_P1P2_ENSG00000102931,ARL2BP,-0.0033387942
3928_HOXD9_P1P2_ENSG00000128709,HOXD9,-0.003340251
8210_SNAPIN_P1P2_ENSG00000143553,SNAPIN,-0.0033432022
11139_non-targeting_non-targeting_non-targeting,non-targeting,-0.0033476015
6182_PDIK1L_P1P2_ENSG00000175087,PDIK1L,-0.0033485203
1314_CCM2_P1P2_ENSG00000136280,CCM2,-0.0033597376
836_BIRC2_P1P2_ENSG00000110330,BIRC2,-0.0033689707
6708_PPWD1_P1P2_ENSG00000113593,PPWD1,-0.0033717097
7172_RBM38_P1P2_ENSG00000132819,RBM38,-0.0033772134
15_AASDH_P1P2_ENSG00000157426,AASDH,-0.0033788811
4500_LAMB2_P1P2_ENSG00000172037,LAMB2,-0.003380242
6426_PLCXD1_P1_ENSG00000182378,PLCXD1,-0.0033809543
1699_CMTM6_P1P2_ENSG00000091317,CMTM6,-0.0033905096
7151_RBL2_P2_ENSG00000103479,RBL2,-0.003393457
11026_non-targeting_non-targeting_non-targeting,non-targeting,-0.0033952063
3899_HOXB1_P1P2_ENSG00000120094,HOXB1,-0.0033978007
11007_non-targeting_non-targeting_non-targeting,non-targeting,-0.0034004427
3036_FBXW5_P1P2_ENSG00000159069,FBXW5,-0.0034018229
4982_MEST_P1_ENSG00000106484,MEST,-0.0034066166
11089_non-targeting_non-targeting_non-targeting,non-targeting,-0.0034074327
5440_NACA2_P1P2_ENSG00000253506,NACA2,-0.0034079365
8249_SNX24_P1P2_ENSG00000064652,SNX24,-0.0034138274
5031_MFSD6_P1P2_ENSG00000151690,MFSD6,-0.0034143752
4797_MAP1B_P1P2_ENSG00000131711,MAP1B,-0.003426671
10479_ZNF585B_P1P2_ENSG00000245680,ZNF585B,-0.0034268107
411_APOBEC3C_P1P2_ENSG00000244509,APOBEC3C,-0.003427
3141_FOS_P2_ENSG00000170345,FOS,-0.003428777
2196_DHRS3_P1P2_ENSG00000162496,DHRS3,-0.0034353584
7018_RAB27A_P1P2_ENSG00000069974,RAB27A,-0.0034363288
3519_GPSM1_P1P2_ENSG00000160360,GPSM1,-0.0034368574
10269_ZNF286B_P1P2_nan,ZNF286B,-0.0034445554
8236_SNUPN_P1P2_ENSG00000169371,SNUPN,-0.0034454023
7143_RBBP7_P1P2_ENSG00000102054,RBBP7,-0.0034454025
5685_NKIRAS2_P1P2_ENSG00000168256,NKIRAS2,-0.0034510533
5934_OIP5_P1P2_ENSG00000104147,OIP5,-0.0034517646
1936_CTNNAL1_P1P2_ENSG00000119326,CTNNAL1,-0.0034527073
7964_SLC13A3_P1P2_ENSG00000158296,SLC13A3,-0.0034663817
526_ARMCX3_P1P2_ENSG00000102401,ARMCX3,-0.0034687985
6409_PLA2G6_P1P2_ENSG00000184381,PLA2G6,-0.0034726476
1882_CRX_P1P2_ENSG00000105392,CRX,-0.0034801096
10270_ZNF287_P1P2_ENSG00000141040,ZNF287,-0.0034805802
5945_OPA3_P1_ENSG00000125741,OPA3,-0.0034843336
2066_DCLRE1A_P1P2_ENSG00000198924,DCLRE1A,-0.0034936408
7983_SLC25A13_P1P2_ENSG00000004864,SLC25A13,-0.003497711
900_BRIP1_P1P2_ENSG00000136492,BRIP1,-0.0035024337
7087_RALGDS_P1_ENSG00000160271,RALGDS,-0.0035069871
8020_SLC27A5_P1P2_ENSG00000083807,SLC27A5,-0.0035120938
10226_ZNF232_P2_ENSG00000167840,ZNF232,-0.0035176063
11285_non-targeting_non-targeting_non-targeting,non-targeting,-0.0035181474
5626_NFATC2_P2_ENSG00000101096,NFATC2,-0.0035198133
8143_SMARCA5_P1P2_ENSG00000153147,SMARCA5,-0.0035198405
7640_SALL3_P1P2_ENSG00000256463,SALL3,-0.003522634
6506_PODXL2_P1P2_ENSG00000114631,PODXL2,-0.0035260906
10032_ZCCHC10_P1P2_ENSG00000155329,ZCCHC10,-0.0035309014
1317_CCNB1_P1P2_ENSG00000134057,CCNB1,-0.003537557
4582_LIMD1_P1P2_ENSG00000144791,LIMD1,-0.003540783
7131_RAVER1_P2_ENSG00000161847,RAVER1,-0.0035418354
10174_ZNF146_P1P2_ENSG00000167635,ZNF146,-0.0035438917
11022_non-targeting_non-targeting_non-targeting,non-targeting,-0.003545715
2734_ESPN_P2_ENSG00000187017,ESPN,-0.003547177
3844_HMOX2_P2_ENSG00000103415,HMOX2,-0.0035480526
763_BARHL2_P1P2_ENSG00000143032,BARHL2,-0.0035525092
10879_non-targeting_non-targeting_non-targeting,non-targeting,-0.0035545
1935_CTNNA1_P1P2_ENSG00000044115,CTNNA1,-0.0035573505
3166_FOXJ3_P1P2_ENSG00000198815,FOXJ3,-0.0035575952
10019_ZC3H12A_P1P2_ENSG00000163874,ZC3H12A,-0.0035577845
2760_ETV1_P1P2_ENSG00000006468,ETV1,-0.003558145
2016_DAAM1_P1P2_ENSG00000100592,DAAM1,-0.003558309
157_ADK_P1_ENSG00000156110,ADK,-0.0035675538
9718_VEGFA_P1P2_ENSG00000112715,VEGFA,-0.0035712086
4268_KALRN_ENST00000360013.3_ENSG00000160145,KALRN,-0.0035720961
468_ARHGAP4_P2_ENSG00000089820,ARHGAP4,-0.0035763695
10870_non-targeting_non-targeting_non-targeting,non-targeting,-0.003576524
164_GRK2_P1P2_ENSG00000173020,GRK2,-0.0035767292
10328_ZNF391_P1P2_ENSG00000124613,ZNF391,-0.0035795458
5917_OAZ1_P1P2_ENSG00000104904,OAZ1,-0.003586053
10003_ZBTB49_P1P2_ENSG00000168826,ZBTB49,-0.0035924034
8440_SRSF9_P1P2_ENSG00000111786,SRSF9,-0.0036008514
8403_SREK1IP1_P1P2_ENSG00000153006,SREK1IP1,-0.003604941
10920_non-targeting_non-targeting_non-targeting,non-targeting,-0.003610476
9050_TMEM231_P1P2_ENSG00000205084,TMEM231,-0.003612529
5000_METTL23_P1P2_ENSG00000181038,METTL23,-0.0036196965
2393_DTX2_P1P2_ENSG00000091073,DTX2,-0.0036214038
6724_PRDM15_P1P2_ENSG00000141956,PRDM15,-0.0036242
5399_MYO1D_P1P2_ENSG00000176658,MYO1D,-0.0036308134
10982_non-targeting_non-targeting_non-targeting,non-targeting,-0.0036347941
4804_MAP2K5_P1P2_ENSG00000137764,MAP2K5,-0.0036380314
9099_TMEM8A_P1P2_ENSG00000129925,TMEM8A,-0.003638219
8990_TMEM120B_P1P2_ENSG00000188735,TMEM120B,-0.0036427185
4164_IPO7_P1P2_ENSG00000205339,IPO7,-0.003644281
5948_OPN3_P1P2_ENSG00000054277,OPN3,-0.003644303
4212_ISOC1_P1P2_ENSG00000066583,ISOC1,-0.0036443495
11032_non-targeting_non-targeting_non-targeting,non-targeting,-0.0036455847
2028_DAP_P1P2_ENSG00000112977,DAP,-0.0036462594
2587_ELF4_P1P2_ENSG00000102034,ELF4,-0.0036567429
144_COQ8A_P1P2_ENSG00000163050,COQ8A,-0.0036582488
3032_FBXO9_P1P2_ENSG00000112146,FBXO9,-0.0036584153
3423_GMPPA_P1P2_ENSG00000144591,GMPPA,-0.003661178
4915_MDH1_P1P2_ENSG00000014641,MDH1,-0.0036679974
297_AMPD2_P2_ENSG00000116337,AMPD2,-0.0036694796
1638_CLCC1_P1P2_ENSG00000121940,CLCC1,-0.0036706056
3825_HMGA1_P1P2_ENSG00000137309,HMGA1,-0.0036802173
10540_ZNF671_P1P2_ENSG00000083814,ZNF671,-0.0036820683
8985_TMEM109_P1P2_ENSG00000110108,TMEM109,-0.0036904218
928_BTK_P1P2_ENSG00000010671,BTK,-0.0036954433
9342_TSHZ1_P1P2_ENSG00000179981,TSHZ1,-0.0036991902
5030_MFSD5_P1P2_ENSG00000182544,MFSD5,-0.0037005565
8068_SLC38A9_P1P2_ENSG00000177058,SLC38A9,-0.0037014643
"2742_ESRRG_ENST00000361395.2,ENST00000366938.2,ENST00000487276.1_ENSG00000196482",ESRRG,-0.0037099335
10147_ZMYM5_P1P2_ENSG00000132950,ZMYM5,-0.0037113712
5614_NEUROD6_P1P2_ENSG00000164600,NEUROD6,-0.0037124876
1433_CDK4_P1P2_ENSG00000135446,CDK4,-0.0037166066
8171_SMIM10_P1P2_ENSG00000184785,SMIM10,-0.0037211708
7061_RAD1_P1P2_ENSG00000113456,RAD1,-0.0037240405
5774_NPTN_P1P2_ENSG00000156642,NPTN,-0.0037274065
8477_ST7L_P1P2_ENSG00000007341,ST7L,-0.003729305
1948_CTSF_P1P2_ENSG00000174080,CTSF,-0.003735171
6597_POU5F1B_P1P2_ENSG00000212993,POU5F1B,-0.0037390739
9238_TRAM1_P1P2_ENSG00000067167,TRAM1,-0.0037450378
2508_EGLN2_P1_ENSG00000269858,EGLN2,-0.0037452397
7219_RECQL4_P1P2_ENSG00000160957,RECQL4,-0.0037505857
1809_COX16_P1P2_ENSG00000133983,COX16,-0.003755992
5751_NOP9_P1P2_ENSG00000196943,NOP9,-0.0037595374
6543_POLR2D_P2_ENSG00000144231,POLR2D,-0.0037685125
11137_non-targeting_non-targeting_non-targeting,non-targeting,-0.0037696662
9074_TMEM43_P1P2_ENSG00000170876,TMEM43,-0.0037711398
10809_non-targeting_non-targeting_non-targeting,non-targeting,-0.0037768197
6385_PITX2_P1_ENSG00000164093,PITX2,-0.0037768306
9127_TNFRSF12A_P1P2_ENSG00000006327,TNFRSF12A,-0.0037777207
5639_NFIL3_P1P2_ENSG00000165030,NFIL3,-0.0037781738
6656_PPP1R12C_P1P2_ENSG00000125503,PPP1R12C,-0.0037792681
6312_PHYHD1_P1P2_ENSG00000175287,PHYHD1,-0.0037865576
972_C12orf76_P1P2_ENSG00000174456,C12orf76,-0.0037952256
"4760_MAGEA2_ENST00000370284.1,ENST00000393872.3,ENST00000393876.1,ENST00000543232.1_ENSG00000268606",MAGEA2,-0.0037968948
1035_C1orf109_P1_ENSG00000116922,C1orf109,-0.0038042974
7934_SIX4_P1P2_ENSG00000100625,SIX4,-0.0038052902
6337_PIGL_P1P2_ENSG00000108474,PIGL,-0.0038158305
9883_WWOX_P1P2_ENSG00000186153,WWOX,-0.0038300597
1928_CTDNEP1_P1P2_ENSG00000175826,CTDNEP1,-0.0038359002
7935_SIX5_P1P2_ENSG00000177045,SIX5,-0.003844789
8869_TGS1_P1P2_ENSG00000137574,TGS1,-0.0038478964
8772_TCERG1_P1P2_ENSG00000113649,TCERG1,-0.0038491287
10251_ZNF268_P1P2_ENSG00000090612,ZNF268,-0.0038528107
10648_ZNF804A_P1P2_ENSG00000170396,ZNF804A,-0.003854355
8180_SMIM4_P1P2_ENSG00000168273,SMIM4,-0.0038574124
2705_ERG_P1_ENSG00000157554,ERG,-0.0038664548
3703_HES6_P1P2_ENSG00000144485,HES6,-0.003867761
6023_PABPC1L_P1P2_ENSG00000101104,PABPC1L,-0.0038714623
3139_FOSL2_P1P2_ENSG00000075426,FOSL2,-0.0038820622
11156_non-targeting_non-targeting_non-targeting,non-targeting,-0.0038866042
10350_ZNF426_P1P2_ENSG00000130818,ZNF426,-0.0038916792
4204_ISCA1_P1P2_ENSG00000135070,ISCA1,-0.0038925896
10507_ZNF619_P1P2_ENSG00000177873,ZNF619,-0.0038973964
4846_MARCH6_P1P2_ENSG00000145495,MARCH6,-0.0039013168
4059_IFT81_P1P2_ENSG00000122970,IFT81,-0.0039108577
7687_SCARB1_P1P2_ENSG00000073060,SCARB1,-0.003912054
5989_OST4_P1P2_ENSG00000228474,OST4,-0.0039150473
779_BBS4_P1P2_ENSG00000140463,BBS4,-0.0039176275
4927_MECOM_P1P2_ENSG00000085276,MECOM,-0.0039177886
417_APOL2_P1P2_ENSG00000128335,APOL2,-0.003918975
461_ARHGAP19_P1P2_ENSG00000213390,ARHGAP19,-0.0039194375
7846_SFT2D3_P1P2_ENSG00000173349,SFT2D3,-0.003922193
3510_GPR180_P1P2_ENSG00000152749,GPR180,-0.003923851
4266_JUN_P1P2_ENSG00000177606,JUN,-0.0039244
6657_PPP1R14A_P1P2_ENSG00000167641,PPP1R14A,-0.0039247368
7282_RHBDD2_P1P2_ENSG00000005486,RHBDD2,-0.003925319
227_AK4_P1P2_ENSG00000162433,AK4,-0.003929868
10607_ZNF750_P1P2_ENSG00000141579,ZNF750,-0.0039306786
2570_EIF4G2_P2_ENSG00000110321,EIF4G2,-0.0039311703
4636_LPIN2_P1P2_ENSG00000101577,LPIN2,-0.003931319
200_AGTRAP_P1P2_ENSG00000177674,AGTRAP,-0.0039324393
4800_MAP2K1_P1P2_ENSG00000169032,MAP2K1,-0.003935656
491_ARID3B_P1P2_ENSG00000179361,ARID3B,-0.003936576
8566_STXBP6_P1P2_ENSG00000168952,STXBP6,-0.0039455188
1316_CCNB1IP1_P1P2_ENSG00000100814,CCNB1IP1,-0.0039461455
5937_OLIG1_P1P2_ENSG00000184221,OLIG1,-0.0039546834
2413_DUSP9_P2_ENSG00000130829,DUSP9,-0.003956698
4652_LRPAP1_P1P2_ENSG00000163956,LRPAP1,-0.003957586
5535_NDUFA2_P1P2_ENSG00000131495,NDUFA2,-0.003958204
10912_non-targeting_non-targeting_non-targeting,non-targeting,-0.0039593983
7238_REST_P1_ENSG00000084093,REST,-0.0039671157
724_B2M_P2_ENSG00000166710,B2M,-0.0039737993
3091_FKBP11_P1P2_ENSG00000134285,FKBP11,-0.0039758645
2721_ERP44_P1P2_ENSG00000023318,ERP44,-0.003978517
1738_COBL_P1P2_ENSG00000106078,COBL,-0.0039798864
3682_HEBP2_P1P2_ENSG00000051620,HEBP2,-0.003980543
8047_SLC35D2_P1P2_ENSG00000130958,SLC35D2,-0.00398158
7283_RHBDD3_P1P2_ENSG00000100263,RHBDD3,-0.00398285
4136_INPP5E_P1P2_ENSG00000148384,INPP5E,-0.003986075
8092_SLC48A1_P1_ENSG00000211584,SLC48A1,-0.0039862324
8112_SLC8B1_P1_ENSG00000089060,SLC8B1,-0.003989454
392_APAF1_P1P2_ENSG00000120868,APAF1,-0.0039908937
9786_WASF1_P1P2_ENSG00000112290,WASF1,-0.0039911033
2574_EIF5A2_P1P2_ENSG00000163577,EIF5A2,-0.003993534
7894_SHISA5_P1P2_ENSG00000164054,SHISA5,-0.0039983946
3044_FCGR2C_ENST00000543859.1_nan,FCGR2C,-0.0039994293
3770_HIST1H2BN_P1P2_ENSG00000233822,HIST1H2BN,-0.004002221
9668_USP51_P1P2_ENSG00000247746,USP51,-0.0040055825
8994_TMEM127_P1P2_ENSG00000135956,TMEM127,-0.0040098703
10255_ZNF274_P1P2_ENSG00000171606,ZNF274,-0.0040109395
3511_GPR61_P1P2_ENSG00000156097,GPR61,-0.004010982
4779_MAGT1_P1P2_ENSG00000102158,MAGT1,-0.004015084
1967_CUTA_P1P2_ENSG00000112514,CUTA,-0.004015962
8507_STIM1_P1P2_ENSG00000167323,STIM1,-0.004017467
5509_NCOA5_P1P2_ENSG00000124160,NCOA5,-0.0040245457
10971_non-targeting_non-targeting_non-targeting,non-targeting,-0.0040281946
4667_LRRC47_P2_ENSG00000130764,LRRC47,-0.0040339227
4971_MEMO1_P2_ENSG00000162959,MEMO1,-0.0040349555
6148_PCYT2_P1P2_ENSG00000185813,PCYT2,-0.00403716
3848_JPT2_P1P2_ENSG00000206053,JPT2,-0.004039568
6711_SLC66A2_P1P2_ENSG00000122490,SLC66A2,-0.004048972
455_ARGLU1_P1P2_ENSG00000134884,ARGLU1,-0.0040582367
3648_HBD_P1P2_ENSG00000223609,HBD,-0.004062032
9607_UQCR10_P1P2_ENSG00000184076,UQCR10,-0.004066469
898_BRI3BP_P1P2_ENSG00000184992,BRI3BP,-0.004080906
8455_SSR2_P1P2_ENSG00000163479,SSR2,-0.0040913117
10317_ZNF366_P1P2_ENSG00000178175,ZNF366,-0.004092216
187_AGK_P1P2_ENSG00000006530,AGK,-0.004093625
1803_CORO7_P1P2_ENSG00000262246,CORO7,-0.004096038
8496_STAT3_P1P2_ENSG00000168610,STAT3,-0.0041050254
6234_PEX6_P1P2_ENSG00000124587,PEX6,-0.0041096094
4799_MAP1S_P1P2_ENSG00000130479,MAP1S,-0.004112481
6599_POU5F1_P2_ENSG00000204531,POU5F1,-0.0041179014
788_BCAT2_P1P2_ENSG00000105552,BCAT2,-0.004118432
6031_PACSIN3_P1P2_ENSG00000165912,PACSIN3,-0.0041213604
890_BRD3_P1P2_ENSG00000169925,BRD3,-0.004127954
6464_PLSCR3_P2_ENSG00000187838,PLSCR3,-0.0041385666
10802_non-targeting_non-targeting_non-targeting,non-targeting,-0.004139053
5361_MXI1_P1_ENSG00000119950,MXI1,-0.0041415244
9292_TRIP10_P1_ENSG00000125733,TRIP10,-0.0041442066
3561_GSTO1_P1P2_ENSG00000148834,GSTO1,-0.0041471194
8315_SPA17_P1P2_ENSG00000064199,SPA17,-0.00414712
5466_NARF_P1P2_ENSG00000141562,NARF,-0.0041498435
3079_FHL2_P1P2_ENSG00000115641,FHL2,-0.0041533946
4419_KLF4_P2_ENSG00000136826,KLF4,-0.0041545876
522_ARMC5_P1P2_ENSG00000140691,ARMC5,-0.0041560614
8103_SLC6A19_P1P2_ENSG00000174358,SLC6A19,-0.0041578976
272_ALG6_P1P2_ENSG00000088035,ALG6,-0.004159581
4651_LRP8_P1P2_ENSG00000157193,LRP8,-0.0041599334
8534_STPG1_P1P2_ENSG00000001460,STPG1,-0.004160088
1596_CHRAC1_P1P2_ENSG00000104472,CHRAC1,-0.0041667917
1440_CDK6_P1_ENSG00000105810,CDK6,-0.004169158
6089_PAX2_P1P2_ENSG00000075891,PAX2,-0.004173642
4518_LARP4B_ENST00000316157.3_ENSG00000107929,LARP4B,-0.0041763643
7632_SACS_ENST00000382292.3_ENSG00000151835,SACS,-0.004180659
2933_RIPOR1_P2_ENSG00000039523,RIPOR1,-0.004182841
3868_HNRNPH3_P1P2_ENSG00000096746,HNRNPH3,-0.004189602
1932_CTDSPL2_P1P2_ENSG00000137770,CTDSPL2,-0.0041944347
4320_KDM2B_ENST00000377069.4_ENSG00000089094,KDM2B,-0.0041961484
1671_CLP1_P1P2_ENSG00000172409,CLP1,-0.004204789
2860_FAM13B_P1P2_ENSG00000031003,FAM13B,-0.0042091506
8590_SUN1_P2_ENSG00000164828,SUN1,-0.004210948
9408_TUBA1B_P1P2_ENSG00000123416,TUBA1B,-0.0042177713
80_ACCS_P1P2_ENSG00000110455,ACCS,-0.0042181527
5171_MPP1_P1P2_ENSG00000130830,MPP1,-0.004219494
11169_non-targeting_non-targeting_non-targeting,non-targeting,-0.004220853
8125_SLTM_P1P2_ENSG00000137776,SLTM,-0.0042238845
10729_ZSCAN5B_ENST00000586855.2_ENSG00000197213,ZSCAN5B,-0.004227274
9782_VWDE_P1P2_ENSG00000146530,VWDE,-0.004227831
206_AHI1_P1P2_ENSG00000135541,AHI1,-0.0042318185
2920_FAM3A_P1P2_ENSG00000071889,FAM3A,-0.0042322683
11121_non-targeting_non-targeting_non-targeting,non-targeting,-0.004232642
9790_WBP11_P1_ENSG00000084463,WBP11,-0.004236619
6985_QPRT_P1_ENSG00000103485,QPRT,-0.0042394
2707_ERH_P1P2_ENSG00000100632,ERH,-0.0042454572
9236_TRAIP_P1P2_ENSG00000183763,TRAIP,-0.004247074
4594_LIN54_P2_ENSG00000189308,LIN54,-0.0042491998
4815_MAP3K8_P1P2_ENSG00000107968,MAP3K8,-0.0042497185
904_BRMS1_P1P2_ENSG00000174744,BRMS1,-0.0042519076
5962_ORAI2_P1P2_ENSG00000160991,ORAI2,-0.0042531113
6688_PPP2R5A_P1P2_ENSG00000066027,PPP2R5A,-0.0042581665
8443_SS18L1_P1P2_ENSG00000184402,SS18L1,-0.0042582196
1091_C4orf36_P1_ENSG00000163633,C4orf36,-0.004258716
10047_ZDHHC19_P1P2_ENSG00000163958,ZDHHC19,-0.0042680637
1542_CHAC1_P1P2_ENSG00000128965,CHAC1,-0.0042745876
2204_DHX16_P1P2_ENSG00000204560,DHX16,-0.0042754184
9884_WWP1_P1P2_ENSG00000123124,WWP1,-0.004277488
2493_EFCAB14_P1P2_ENSG00000159658,EFCAB14,-0.0042786137
3374_GIPC3_P1P2_ENSG00000179855,GIPC3,-0.004281708
3070_FGF2_P1P2_ENSG00000138685,FGF2,-0.0042875246
9173_TOP1MT_P1P2_ENSG00000184428,TOP1MT,-0.004287633
10776_non-targeting_non-targeting_non-targeting,non-targeting,-0.00429123
5384_MYL12A_P2_ENSG00000101608,MYL12A,-0.0042932956
1955_CTTN_P1P2_ENSG00000085733,CTTN,-0.0042939284
4673_LRRC61_P1P2_ENSG00000127399,LRRC61,-0.004297246
6859_PSMC3IP_P1P2_ENSG00000131470,PSMC3IP,-0.004300512
2661_EPB41L5_P1P2_ENSG00000115109,EPB41L5,-0.0043172613
7837_SF3B3_P1P2_ENSG00000189091,SF3B3,-0.004317431
319_ANKLE1_P1P2_ENSG00000160117,ANKLE1,-0.004319689
9722_VEZT_P1P2_ENSG00000028203,VEZT,-0.004324272
2676_EPOR_P2_ENSG00000187266,EPOR,-0.004327837
8615_SYCE1_P1P2_ENSG00000171772,SYCE1,-0.0043301987
5383_MYL12A_P1_ENSG00000101608,MYL12A,-0.0043309964
11240_non-targeting_non-targeting_non-targeting,non-targeting,-0.004332479
8204_SNAP47_P1_ENSG00000143740,SNAP47,-0.0043351892
5122_MMADHC_P1P2_ENSG00000168288,MMADHC,-0.0043463926
5562_NDUFC1_P2_ENSG00000109390,NDUFC1,-0.0043478045
3073_FGFR1_P1P2_ENSG00000077782,FGFR1,-0.0043479144
6970_PXN_P1P2_ENSG00000089159,PXN,-0.004350866
6059_TENT2_P1P2_ENSG00000164329,TENT2,-0.0043528313
9324_TRPM7_P1P2_ENSG00000092439,TRPM7,-0.0043536285
5121_MMACHC_P1P2_ENSG00000132763,MMACHC,-0.0043551293
2670_EPHX2_P1P2_ENSG00000120915,EPHX2,-0.0043556555
6318_PI4KB_P1P2_ENSG00000143393,PI4KB,-0.004369796
10119_ZIC2_P1P2_ENSG00000043355,ZIC2,-0.0043780087
250_ALAS1_P1P2_ENSG00000023330,ALAS1,-0.0043801065
9307_TRMT1L_P1P2_ENSG00000121486,TRMT1L,-0.0043828
5955_OR4K1_ENST00000285600.4_ENSG00000155249,OR4K1,-0.0043844357
1216_CAV2_P1P2_ENSG00000105971,CAV2,-0.004384658
5618_NEXN_P1P2_ENSG00000162614,NEXN,-0.0043846886
8318_SPAG9_P1P2_ENSG00000008294,SPAG9,-0.0043893512
10074_ZFHX2_P1_ENSG00000136367,ZFHX2,-0.0043921066
271_ALG5_P1P2_ENSG00000120697,ALG5,-0.0043924386
11225_non-targeting_non-targeting_non-targeting,non-targeting,-0.0043956963
7920_SIPA1_P1_ENSG00000213445,SIPA1,-0.0043987115
10751_non-targeting_non-targeting_non-targeting,non-targeting,-0.0044008903
3775_HIST1H3J_ENST00000359303.2_ENSG00000197153,HIST1H3J,-0.0044090617
11263_non-targeting_non-targeting_non-targeting,non-targeting,-0.004411765
9749_VPS33A_P1P2_ENSG00000139719,VPS33A,-0.004412578
8362_SPINT2_P1P2_ENSG00000167642,SPINT2,-0.004413794
6309_PHRF1_P1P2_ENSG00000070047,PHRF1,-0.004414549
3408_GLTP_P1P2_ENSG00000139433,GLTP,-0.0044160946
4415_KLF17_ENST00000372299.3_ENSG00000171872,KLF17,-0.004423247
359_ANXA2R_P1P2_ENSG00000177721,ANXA2R,-0.004423483
946_C10orf88_P1P2_ENSG00000119965,C10orf88,-0.00443201
8784_TCF4_P1P2_ENSG00000196628,TCF4,-0.004434084
2329_DOK1_P1P2_ENSG00000115325,DOK1,-0.0044424697
10306_ZNF347_P1P2_ENSG00000197937,ZNF347,-0.004444316
3074_FGFR3_P1P2_ENSG00000068078,FGFR3,-0.0044520334
10860_non-targeting_non-targeting_non-targeting,non-targeting,-0.0044553406
8971_TMCO6_P1P2_ENSG00000113119,TMCO6,-0.00445644
6723_PRDM14_P1P2_ENSG00000147596,PRDM14,-0.0044571394
3007_FBXO21_P1P2_ENSG00000135108,FBXO21,-0.004457194
1855_CRBN_P1P2_ENSG00000113851,CRBN,-0.004457899
5310_MTFP1_P1P2_ENSG00000242114,MTFP1,-0.0044588246
5990_OSTC_P1P2_ENSG00000198856,OSTC,-0.004459288
10022_ZC3H15_P1P2_ENSG00000065548,ZC3H15,-0.004460509
7557_RRM2B_P1P2_ENSG00000048392,RRM2B,-0.0044608656
1537_CFL2_P1P2_ENSG00000165410,CFL2,-0.0044638882
3468_GOLM1_P1P2_ENSG00000135052,GOLM1,-0.0044663446
3795_HIST3H2A_P1P2_ENSG00000181218,HIST3H2A,-0.004470762
1547_CHCHD10_P1P2_ENSG00000250479,CHCHD10,-0.004476279
4_PRXL2C_P1P2_ENSG00000158122,PRXL2C,-0.004476809
8488_STARD3NL_P1P2_ENSG00000010270,STARD3NL,-0.0044826563
10966_non-targeting_non-targeting_non-targeting,non-targeting,-0.004483769
7044_RABEP1_P1P2_ENSG00000029725,RABEP1,-0.004486555
1800_CORO1B_P1_ENSG00000172725,CORO1B,-0.0044895415
11193_non-targeting_non-targeting_non-targeting,non-targeting,-0.004493547
7660_SASS6_P1P2_ENSG00000156876,SASS6,-0.00449684
6875_PSMD7_P1P2_ENSG00000103035,PSMD7,-0.004499397
4400_KIFC3_P1P2_ENSG00000140859,KIFC3,-0.0045007807
4820_MAP4K5_P1P2_ENSG00000012983,MAP4K5,-0.0045022373
3953_HSD17B7_P1_ENSG00000132196,HSD17B7,-0.004502698
5119_MLYCD_P1P2_ENSG00000103150,MLYCD,-0.0045050164
2756_ETNK1_P1P2_ENSG00000139163,ETNK1,-0.004505313
4922_MDP1_P1P2_ENSG00000213920,MDP1,-0.0045096823
2810_F2RL3_P1P2_ENSG00000127533,F2RL3,-0.00451371
7654_SAR1B_P1P2_ENSG00000152700,SAR1B,-0.0045153033
3918_HOXC9_P1P2_ENSG00000180806,HOXC9,-0.0045175226
4180_IRAK4_P1P2_ENSG00000198001,IRAK4,-0.004524258
8864_TGIF2LX_P1P2_ENSG00000153779,TGIF2LX,-0.0045262785
358_ANXA1_P1P2_ENSG00000135046,ANXA1,-0.004529499
11299_non-targeting_non-targeting_non-targeting,non-targeting,-0.0045371405
8394_SQSTM1_P1_ENSG00000161011,SQSTM1,-0.004537786
11217_non-targeting_non-targeting_non-targeting,non-targeting,-0.0045382585
8312_SP7_P1P2_ENSG00000170374,SP7,-0.004543241
9438_TVP23C_P1P2_ENSG00000175106,TVP23C,-0.004544211
2610_EMC1_P1P2_ENSG00000127463,EMC1,-0.004556291
9807_WDR19_P1P2_ENSG00000157796,WDR19,-0.0045580473
4731_LYRM7_P1P2_ENSG00000186687,LYRM7,-0.0045585735
6403_PKP3_P2_ENSG00000184363,PKP3,-0.0045626154
742_BABAM1_P1P2_ENSG00000105393,BABAM1,-0.004568103
6734_PRDX1_P1P2_ENSG00000117450,PRDX1,-0.0045684087
6735_PRDX2_P1P2_ENSG00000167815,PRDX2,-0.0045689023
10673_ZNF844_P1P2_ENSG00000223547,ZNF844,-0.0045708115
3255_GABRE_P1P2_ENSG00000102287,GABRE,-0.0045717037
7908_SIGIRR_P2_ENSG00000185187,SIGIRR,-0.0045755804
2139_DEDD2_P1_ENSG00000160570,DEDD2,-0.004577771
10589_ZNF720_P1P2_ENSG00000197302,ZNF720,-0.004580255
1356_CD164_P1P2_ENSG00000135535,CD164,-0.0045856093
8470_ST3GAL2_P2_ENSG00000157350,ST3GAL2,-0.004588017
1691_CMC2_P1P2_ENSG00000103121,CMC2,-0.004590599
4965_MEIOB_P1P2_ENSG00000162039,MEIOB,-0.0045933565
6511_POGZ_P1P2_ENSG00000143442,POGZ,-0.004595667
4486_KTN1_P1_ENSG00000126777,KTN1,-0.0045964024
669_DMAC2L_P1P2_ENSG00000125375,DMAC2L,-0.004603241
2671_EPM2AIP1_P1P2_ENSG00000178567,EPM2AIP1,-0.0046115923
4720_LY6E_P1P2_ENSG00000160932,LY6E,-0.004611718
6535_POLR1C_P2_ENSG00000171453,POLR1C,-0.004613379
10283_ZNF319_P2_ENSG00000166188,ZNF319,-0.0046155513
2795_EXOSC8_P1P2_ENSG00000120699,EXOSC8,-0.004619236
9624_UROS_P1P2_ENSG00000188690,UROS,-0.004620077
9758_VPS41_P2_ENSG00000006715,VPS41,-0.0046212184
2074_DCTN2_P1P2_ENSG00000175203,DCTN2,-0.0046259076
6211_PEG3_P1P2_ENSG00000198300,PEG3,-0.004630991
2498_EFNA3_P1_ENSG00000143590,EFNA3,-0.004631293
1629_CKAP5_P2_ENSG00000175216,CKAP5,-0.0046327994
3718_HHLA3_P1P2_ENSG00000197568,HHLA3,-0.0046333894
10001_ZBTB47_P1P2_ENSG00000114853,ZBTB47,-0.004639878
1487_CENPN_P1P2_ENSG00000166451,CENPN,-0.00464752
4853_MARK3_P2_ENSG00000075413,MARK3,-0.0046527004
257_ALDH2_P1P2_ENSG00000111275,ALDH2,-0.004657052
9045_TMEM218_P1P2_ENSG00000150433,TMEM218,-0.0046583423
7530_RPS6KA3_P1P2_ENSG00000177189,RPS6KA3,-0.004668173
1140_CA8_P1P2_ENSG00000178538,CA8,-0.0046702395
756_BAK1_P1P2_ENSG00000030110,BAK1,-0.0046709515
4350_KIAA0513_P1P2_ENSG00000135709,KIAA0513,-0.0046715587
10368_ZNF444_P1P2_ENSG00000167685,ZNF444,-0.0046722675
8544_STRN_P1P2_ENSG00000115808,STRN,-0.004673414
10951_non-targeting_non-targeting_non-targeting,non-targeting,-0.004681993
10126_ZIM3_ENST00000269834.1_ENSG00000141946,ZIM3,-0.0046857903
9910_XRN1_P1P2_ENSG00000114127,XRN1,-0.004690833
3678_HEATR3_P1P2_ENSG00000155393,HEATR3,-0.004696196
8306_SP1_P1P2_ENSG00000185591,SP1,-0.0047042174
7761_SELENBP1_P1P2_ENSG00000143416,SELENBP1,-0.0047042994
7624_S100A4_P1P2_ENSG00000196154,S100A4,-0.0047047976
3080_FHL3_P1P2_ENSG00000183386,FHL3,-0.0047071734
4112_IMPAD1_P1P2_ENSG00000104331,IMPAD1,-0.004711443
3087_FIS1_P1_ENSG00000214253,FIS1,-0.004711689
9175_TOP2A_P1P2_ENSG00000131747,TOP2A,-0.004722193
11289_non-targeting_non-targeting_non-targeting,non-targeting,-0.004722298
6229_PEX1_P1P2_ENSG00000127980,PEX1,-0.004724193
3787_HIST2H2AC_P1P2_ENSG00000184260,HIST2H2AC,-0.004726063
6407_PLA2G12A_P1P2_ENSG00000123739,PLA2G12A,-0.004726565
5281_MSH3_P1P2_ENSG00000113318,MSH3,-0.0047265706
4304_KCTD20_P1P2_ENSG00000112078,KCTD20,-0.004735467
2427_DYNLL2_P1P2_ENSG00000264364,DYNLL2,-0.0047360645
9913_XXYLT1_P1P2_ENSG00000173950,XXYLT1,-0.0047384407
822_BEX2_P1P2_ENSG00000133134,BEX2,-0.0047385176
3075_FGFR4_P1P2_ENSG00000160867,FGFR4,-0.0047408994
8901_THYN1_P1P2_ENSG00000151500,THYN1,-0.0047486536
6853_PSMB5_P1P2_ENSG00000100804,PSMB5,-0.0047488613
5971_ORMDL1_P1P2_ENSG00000128699,ORMDL1,-0.0047513414
3528_GRB10_P2_ENSG00000106070,GRB10,-0.0047553815
3205_FSCN1_P1_ENSG00000075618,FSCN1,-0.004756232
9081_PIP4P2_P1P2_ENSG00000155099,PIP4P2,-0.004756659
1189_CARD8_P1_ENSG00000105483,CARD8,-0.0047610835
10634_ZNF784_P1P2_ENSG00000179922,ZNF784,-0.004766492
6432_PLEC_P1_ENSG00000178209,PLEC,-0.0047676554
10664_ZNF831_ENST00000371030.2_ENSG00000124203,ZNF831,-0.00476958
8610_SUZ12_P1P2_ENSG00000178691,SUZ12,-0.0047752694
9232_TRAF5_P1P2_ENSG00000082512,TRAF5,-0.0047790906
11243_non-targeting_non-targeting_non-targeting,non-targeting,-0.0047791307
6415_PLAUR_P1P2_ENSG00000011422,PLAUR,-0.0047911173
9199_TPD52L2_P1P2_ENSG00000101150,TPD52L2,-0.0047934973
6270_PHACTR1_P2_ENSG00000112137,PHACTR1,-0.004793926
9859_NSD3_P1P2_ENSG00000147548,NSD3,-0.0047944477
8911_TIGD6_P1P2_ENSG00000164296,TIGD6,-0.004795807
4473_KRT10_P2_ENSG00000186395,KRT10,-0.0047958796
214_AIDA_P1P2_ENSG00000186063,AIDA,-0.0047977003
8783_TCF3_P1P2_ENSG00000071564,TCF3,-0.0047989218
4578_LIG1_P1P2_ENSG00000105486,LIG1,-0.004802009
9332_TSC22D1_P1P2_ENSG00000102804,TSC22D1,-0.0048053036
4335_KEL_P1_ENSG00000197993,KEL,-0.004806557
2596_ELMOD3_P1P2_ENSG00000115459,ELMOD3,-0.0048087365
4242_ITSN2_P1P2_ENSG00000198399,ITSN2,-0.0048110844
4249_JARID2_P1P2_ENSG00000008083,JARID2,-0.004811831
7885_SH3GLB1_P1P2_ENSG00000097033,SH3GLB1,-0.004814553
6807_PRPSAP2_P1_ENSG00000141127,PRPSAP2,-0.004815087
5664_NHLH2_P1P2_ENSG00000177551,NHLH2,-0.0048195804
8837_TFAP2D_P1P2_ENSG00000008197,TFAP2D,-0.00482326
6907_PTF1A_P1P2_ENSG00000168267,PTF1A,-0.004835853
9847_WDR82_P1P2_ENSG00000164091,WDR82,-0.004835857
5605_NES_P1_ENSG00000132688,NES,-0.0048405207
948_C11orf24_P1P2_ENSG00000171067,C11orf24,-0.0048486707
10384_ZNF473_P1P2_ENSG00000142528,ZNF473,-0.004852893
1478_CENPC_P1P2_ENSG00000145241,CENPC,-0.0048594424
9705_VAT1_P1P2_ENSG00000108828,VAT1,-0.0048607467
1801_CORO1C_P1P2_ENSG00000110880,CORO1C,-0.004861377
2519_EHF_P1P2_ENSG00000135373,EHF,-0.004863178
10784_non-targeting_non-targeting_non-targeting,non-targeting,-0.004866615
1421_CDK11A_P1P2_ENSG00000008128,CDK11A,-0.004870159
466_ARHGAP25_P1P2_ENSG00000163219,ARHGAP25,-0.0048738
5223_MRPL40_P1P2_ENSG00000185608,MRPL40,-0.004879303
10963_non-targeting_non-targeting_non-targeting,non-targeting,-0.0048864456
590_ASPSCR1_P1P2_ENSG00000169696,ASPSCR1,-0.004886602
5484_NBPF3_P1P2_ENSG00000142794,NBPF3,-0.004886876
5824_NSFL1C_P1P2_ENSG00000088833,NSFL1C,-0.0048897797
745_BAD_P1P2_ENSG00000002330,BAD,-0.004892616
5392_MYNN_P1P2_ENSG00000085274,MYNN,-0.004894112
8536_STRADA_P1P2_ENSG00000266173,STRADA,-0.004896638
8895_THRA_P1P2_ENSG00000126351,THRA,-0.004897846
183_AGBL5_P2_ENSG00000084693,AGBL5,-0.0048997723
6488_PNKP_P1P2_ENSG00000039650,PNKP,-0.0049001435
2195_DHRS2_P1P2_ENSG00000100867,DHRS2,-0.004908332
6014_P2RX1_P1P2_ENSG00000108405,P2RX1,-0.004909402
2948_FAM86C1_P1P2_ENSG00000158483,FAM86C1,-0.004910376
3610_GYS1_P1P2_ENSG00000104812,GYS1,-0.0049161687
5375_MYD88_P2_ENSG00000172936,MYD88,-0.004917054
60_ABRACL_P1P2_ENSG00000146386,ABRACL,-0.004920199
11001_non-targeting_non-targeting_non-targeting,non-targeting,-0.004920228
8716_TBC1D28_ENST00000405044.1_ENSG00000189375,TBC1D28,-0.0049399096
10177_ZNF154_P1P2_ENSG00000179909,ZNF154,-0.004946819
6369_PINX1_P1P2_ENSG00000254093,PINX1,-0.0049503706
3691_HEMK1_P1P2_ENSG00000114735,HEMK1,-0.004958797
3557_GSTCD_P1P2_ENSG00000138780,GSTCD,-0.0049606296
1435_CDK5RAP1_P1_ENSG00000101391,CDK5RAP1,-0.00496214
8122_SLK_P1P2_ENSG00000065613,SLK,-0.004962386
10753_non-targeting_non-targeting_non-targeting,non-targeting,-0.004969871
4263_JTB_P1P2_ENSG00000143543,JTB,-0.004973592
10842_non-targeting_non-targeting_non-targeting,non-targeting,-0.0049816077
10190_ZNF181_P1P2_ENSG00000197841,ZNF181,-0.0049896603
7942_MTREX_P1P2_ENSG00000039123,MTREX,-0.0049943943
9522_UBE2W_P1P2_ENSG00000104343,UBE2W,-0.005006368
2432_DYRK1A_ENST00000398960.2_ENSG00000157540,DYRK1A,-0.005011251
2423_DYNC1LI1_P1P2_ENSG00000144635,DYNC1LI1,-0.0050136726
8796_TCTN1_P1P2_ENSG00000204852,TCTN1,-0.0050187614
6785_PROS1_P1P2_ENSG00000184500,PROS1,-0.0050340714
10063_ZER1_P1P2_ENSG00000160445,ZER1,-0.0050357226
378_AP2S1_P1P2_ENSG00000042753,AP2S1,-0.0050446466
5083_MIS18A_P1P2_ENSG00000159055,MIS18A,-0.0050466955
4620_LMO4_P1P2_ENSG00000143013,LMO4,-0.0050478126
2009_CYP51A1_P1P2_ENSG00000001630,CYP51A1,-0.005050588
2511_EGR1_P2_ENSG00000120738,EGR1,-0.0050530527
8974_TMED2_P1P2_ENSG00000086598,TMED2,-0.005066564
4035_IER5L_P1P2_ENSG00000188483,IER5L,-0.005069622
3017_FBXO3_P2_ENSG00000110429,FBXO3,-0.0050777495
10250_ZNF267_P2_ENSG00000185947,ZNF267,-0.005080851
1498_CEP164_P1P2_ENSG00000110274,CEP164,-0.0050837966
46_ABHD17A_P1P2_ENSG00000129968,ABHD17A,-0.005086416
6288_PHF23_P1P2_ENSG00000040633,PHF23,-0.005091085
9275_TRIM38_P1P2_ENSG00000112343,TRIM38,-0.005093768
9628_USF2_P1P2_ENSG00000105698,USF2,-0.0051002097
3280_GAN_P1P2_ENSG00000261609,GAN,-0.0051060417
9160_TOLLIP_P1P2_ENSG00000078902,TOLLIP,-0.00510666
7135_RB1CC1_P1_ENSG00000023287,RB1CC1,-0.005107735
7177_RBM45_P1P2_ENSG00000155636,RBM45,-0.0051179198
8359_SPIN1_P1P2_ENSG00000106723,SPIN1,-0.0051275142
4739_LZTS2_P1_ENSG00000107816,LZTS2,-0.00514034
2422_DYNC1I2_P1P2_ENSG00000077380,DYNC1I2,-0.005142694
4964_MEGF8_P1P2_ENSG00000105429,MEGF8,-0.005143314
612_ATF7IP_P1_ENSG00000171681,ATF7IP,-0.0051438133
10335_ZNF404_P1P2_ENSG00000176222,ZNF404,-0.005149502
11138_non-targeting_non-targeting_non-targeting,non-targeting,-0.0051568765
9948_YTHDF1_P1P2_ENSG00000149658,YTHDF1,-0.005159593
5640_NFIX_P1_ENSG00000008441,NFIX,-0.0051604193
7271_RGP1_P1P2_ENSG00000107185,RGP1,-0.005161582
4807_MAP3K11_P2_ENSG00000173327,MAP3K11,-0.0051647783
9476_UAP1_P1P2_ENSG00000117143,UAP1,-0.005169167
5974_OS9_P1P2_ENSG00000135506,OS9,-0.0051703914
5016_MFAP1_P1P2_ENSG00000140259,MFAP1,-0.005174287
3884_HOOK2_P2_ENSG00000095066,HOOK2,-0.0051746275
9000_TLCD5_P1P2_ENSG00000181264,TLCD5,-0.005176681
6322_PIAS3_P1P2_ENSG00000131788,PIAS3,-0.005178295
8223_SNRPA1_P1P2_ENSG00000131876,SNRPA1,-0.005182833
3679_HEATR5A_P1P2_ENSG00000129493,HEATR5A,-0.0051840465
7863_SGSM2_P1P2_ENSG00000141258,SGSM2,-0.0051907427
5845_NT5M_P1P2_ENSG00000205309,NT5M,-0.005211049
9358_TSPO_P1P2_ENSG00000100300,TSPO,-0.0052112723
10127_ZKSCAN1_P1P2_ENSG00000106261,ZKSCAN1,-0.005214763
1774_COPG1_P1_ENSG00000181789,COPG1,-0.0052234344
1555_CHD1L_P1P2_ENSG00000131778,CHD1L,-0.005231269
3587_GTF3C4_P1P2_ENSG00000125484,GTF3C4,-0.0052342955
1343_CCSAP_P1P2_ENSG00000154429,CCSAP,-0.005235461
5684_NKIRAS1_P1P2_ENSG00000197885,NKIRAS1,-0.0052364264
10732_ZSWIM1_P1P2_ENSG00000168612,ZSWIM1,-0.0052370583
3361_GHDC_P1P2_ENSG00000167925,GHDC,-0.0052376175
10117_ZHX3_P1P2_ENSG00000174306,ZHX3,-0.005239722
4142_INSM1_P1P2_ENSG00000173404,INSM1,-0.0052445526
2448_EAF2_P1P2_ENSG00000145088,EAF2,-0.00524507
4966_MEIS1_P1P2_ENSG00000143995,MEIS1,-0.005245237
6848_PSMB10_P1P2_ENSG00000205220,PSMB10,-0.0052522193
10915_non-targeting_non-targeting_non-targeting,non-targeting,-0.0052531166
34_ABCF1_P2_ENSG00000204574,ABCF1,-0.0052624927
4038_IFI27L2_P1P2_ENSG00000119632,IFI27L2,-0.0052635595
7345_RNF126_P1P2_ENSG00000070423,RNF126,-0.0052644634
9381_TTC21B_P1P2_ENSG00000123607,TTC21B,-0.0052712928
5015_MEX3D_P1P2_ENSG00000181588,MEX3D,-0.0052731233
719_AXIN1_P1P2_ENSG00000103126,AXIN1,-0.0052754055
1506_CEP55_P1P2_ENSG00000138180,CEP55,-0.0052798497
1277_CCDC43_P1P2_ENSG00000180329,CCDC43,-0.0052808365
1071_C2CD2L_P1_ENSG00000172375,C2CD2L,-0.005284521
8511_STK11_P1_ENSG00000118046,STK11,-0.005292168
7376_RNF213_P2_ENSG00000173821,RNF213,-0.005293331
4223_ITGA5_P1P2_ENSG00000161638,ITGA5,-0.0052961693
8518_STK25_P1P2_ENSG00000115694,STK25,-0.0052970005
6632_PPIL4_P1P2_ENSG00000131013,PPIL4,-0.005300199
3443_GNG7_P1P2_ENSG00000176533,GNG7,-0.0053028623
1515_CEP85L_P1P2_ENSG00000111860,CEP85L,-0.005315097
5326_MTIF2_P1P2_ENSG00000085760,MTIF2,-0.005317959
7545_RPUSD3_P1P2_ENSG00000156990,RPUSD3,-0.0053195427
5098_MKRN1_P1P2_ENSG00000133606,MKRN1,-0.005322007
10908_non-targeting_non-targeting_non-targeting,non-targeting,-0.0053236675
1405_CDC42SE2_P1P2_ENSG00000158985,CDC42SE2,-0.0053246166
1745_COG6_P1P2_ENSG00000133103,COG6,-0.005328061
5992_OSTM1_P1P2_ENSG00000081087,OSTM1,-0.0053343857
314_ANK1_P1P2_ENSG00000029534,ANK1,-0.0053460496
7081_RAI1_P1P2_ENSG00000108557,RAI1,-0.0053490396
1360_CD2AP_P1P2_ENSG00000198087,CD2AP,-0.005352972
4076_IKBIP_P1P2_ENSG00000166130,IKBIP,-0.005358418
6663_PPP1R16B_P1P2_ENSG00000101445,PPP1R16B,-0.0053634364
3463_GOLGA8A_ENST00000359187.4_ENSG00000175265,GOLGA8A,-0.0053661205
11206_non-targeting_non-targeting_non-targeting,non-targeting,-0.0053663235
4758_MAGEA12_P1P2_ENSG00000213401,MAGEA12,-0.005371728
10980_non-targeting_non-targeting_non-targeting,non-targeting,-0.0053718407
4045_IFNAR2_P1P2_ENSG00000159110,IFNAR2,-0.0053744856
9995_ZBTB41_P1P2_ENSG00000177888,ZBTB41,-0.005375803
4571_LHX4_P1P2_ENSG00000121454,LHX4,-0.005376435
275_ALKBH2_P1P2_ENSG00000189046,ALKBH2,-0.0053840787
4475_KRT17_P1P2_ENSG00000128422,KRT17,-0.005384394
7231_REL_P1P2_ENSG00000162924,REL,-0.0053924723
5663_NHLH1_P1P2_ENSG00000171786,NHLH1,-0.00539444
4688_LSM14A_P1P2_ENSG00000257103,LSM14A,-0.00539909
5869_NUDT21_P1P2_ENSG00000167005,NUDT21,-0.0054033697
2946_FAM83G_P1P2_ENSG00000188522,FAM83G,-0.00540783
2180_DGKQ_P1_ENSG00000145214,DGKQ,-0.0054165907
2245_DLX1_P1P2_ENSG00000144355,DLX1,-0.0054171397
4740_M6PR_P1P2_ENSG00000003056,M6PR,-0.0054205838
3807_ZNF875_P1_ENSG00000181666,ZNF875,-0.00542368
3897_HOXA9_P1P2_ENSG00000078399,HOXA9,-0.0054313536
7586_RTF2_P1P2_ENSG00000022277,RTF2,-0.0054366733
4616_LMNA_P1P2_ENSG00000160789,LMNA,-0.005437414
7204_RCE1_P1P2_ENSG00000173653,RCE1,-0.005439985
7357_RNF14_P1P2_ENSG00000013561,RNF14,-0.0054501155
9261_TRIM11_P1P2_ENSG00000154370,TRIM11,-0.0054582623
4996_METTL18_P1P2_ENSG00000171806,METTL18,-0.005466826
3417_GMEB1_P1P2_ENSG00000162419,GMEB1,-0.0054692826
3812_HLCS_P1_ENSG00000159267,HLCS,-0.005472026
2444_E2F7_P1P2_ENSG00000165891,E2F7,-0.0054723183
5324_MTHFS_P1_ENSG00000136371,MTHFS,-0.005482545
5924_ODF2L_P1P2_ENSG00000122417,ODF2L,-0.005484976
682_ATP6V1D_P1P2_ENSG00000100554,ATP6V1D,-0.0054863766
3647_HBA2_P2_ENSG00000188536,HBA2,-0.0054864096
7782_SEPTIN11_P1P2_ENSG00000138758,SEPTIN11,-0.0054930896
7707_SCRN2_P1P2_ENSG00000141295,SCRN2,-0.0054960893
5140_MOCS1_P1P2_ENSG00000124615,MOCS1,-0.0054992763
1905_CSNK2A2_P1P2_ENSG00000070770,CSNK2A2,-0.005502877
9615_UQCRH_P1P2_ENSG00000173660,UQCRH,-0.0055097686
67_ACAD8_P1P2_ENSG00000151498,ACAD8,-0.0055117225
897_BRF2_P1P2_ENSG00000104221,BRF2,-0.00551324
10258_ZNF277_P1P2_ENSG00000198839,ZNF277,-0.0055201775
2188_DHODH_P2_ENSG00000102967,DHODH,-0.005534242
357_ANXA11_P1P2_ENSG00000122359,ANXA11,-0.0055380203
2055_DCAF4L2_P1P2_ENSG00000176566,DCAF4L2,-0.0055387067
3065_FEZ2_P1P2_ENSG00000171055,FEZ2,-0.0055399244
3207_FSTL3_P1_ENSG00000070404,FSTL3,-0.0055503533
6638_PPM1B_P1P2_ENSG00000138032,PPM1B,-0.005551634
8028_SLC2A4RG_P1P2_ENSG00000125520,SLC2A4RG,-0.005553576
11150_non-targeting_non-targeting_non-targeting,non-targeting,-0.0055553042
10301_ZNF341_P2_ENSG00000131061,ZNF341,-0.0055584805
10239_ZNF253_P1P2_ENSG00000256771,ZNF253,-0.005562457
574_ASCL2_P1P2_ENSG00000183734,ASCL2,-0.0055640875
11192_non-targeting_non-targeting_non-targeting,non-targeting,-0.0055794576
"5514_NCOR2_ENST00000356219.3,ENST00000397355.1,ENST00000404621.1,ENST00000429285.2_ENSG00000196498",NCOR2,-0.0055819275
3780_HIST1H4E_P1P2_ENSG00000276966,HIST1H4E,-0.0055868463
2717_ERMARD_P1P2_ENSG00000130023,ERMARD,-0.005588203
6346_PIGU_P1P2_ENSG00000101464,PIGU,-0.005590464
2400_DUSP11_P1P2_ENSG00000144048,DUSP11,-0.005590478
10404_ZNF503_P1P2_ENSG00000165655,ZNF503,-0.005591782
549_ARRDC2_P2_ENSG00000105643,ARRDC2,-0.00559303
2737_ESR2_P1P2_ENSG00000140009,ESR2,-0.005594418
1628_CKAP5_P1_ENSG00000175216,CKAP5,-0.00559728
5508_NCOA4_P1P2_ENSG00000266412,NCOA4,-0.00560149
9969_ZBTB11_P1P2_ENSG00000066422,ZBTB11,-0.0056129512
11162_non-targeting_non-targeting_non-targeting,non-targeting,-0.0056162328
2256_DMRT1_P1P2_ENSG00000137090,DMRT1,-0.005618587
11179_non-targeting_non-targeting_non-targeting,non-targeting,-0.0056190044
8957_TM7SF3_P1P2_ENSG00000064115,TM7SF3,-0.00562012
4405_KLC2_P1P2_ENSG00000174996,KLC2,-0.005621445
17_ABCA7_P2_ENSG00000064687,ABCA7,-0.0056228167
10160_ZNF121_P1P2_ENSG00000197961,ZNF121,-0.0056262664
326_ANKRD12_P1P2_ENSG00000101745,ANKRD12,-0.0056273523
10884_non-targeting_non-targeting_non-targeting,non-targeting,-0.0056315744
625_ATG4D_P1P2_ENSG00000130734,ATG4D,-0.0056318752
3006_FBH1_P1P2_ENSG00000134452,FBH1,-0.005638209
480_ARHGEF25_P1P2_ENSG00000240771,ARHGEF25,-0.005641628
1311_CCDC97_P1P2_ENSG00000142039,CCDC97,-0.0056441757
9017_TMEM168_P1P2_ENSG00000146802,TMEM168,-0.005648929
9552_UBXN11_P1P2_ENSG00000158062,UBXN11,-0.0056538414
9728_SELENOS_P1P2_ENSG00000131871,SELENOS,-0.00565532
8892_THOC7_P1P2_ENSG00000163634,THOC7,-0.00565953
7954_SLC11A2_P2_ENSG00000110911,SLC11A2,-0.005663791
10433_ZNF543_P1P2_ENSG00000178229,ZNF543,-0.0056649065
10417_ZNF518B_P1P2_ENSG00000178163,ZNF518B,-0.0056649987
5755_NOSTRIN_P1P2_ENSG00000163072,NOSTRIN,-0.0056653414
3191_FOXR1_P1P2_ENSG00000176302,FOXR1,-0.005665557
11171_non-targeting_non-targeting_non-targeting,non-targeting,-0.0056696245
4425_KLF9_P1P2_ENSG00000119138,KLF9,-0.0056697205
5373_MYCN_P2_ENSG00000134323,MYCN,-0.0056710104
7009_RAB14_P1P2_ENSG00000119396,RAB14,-0.005673314
1602_CHST2_P1P2_ENSG00000175040,CHST2,-0.0056738555
3118_FMNL3_P1P2_ENSG00000161791,FMNL3,-0.005679613
3925_HOXD3_P1P2_ENSG00000128652,HOXD3,-0.0056928955
11295_non-targeting_non-targeting_non-targeting,non-targeting,-0.005693605
6248_PFKP_P1P2_ENSG00000067057,PFKP,-0.005695189
5680_NISCH_P1P2_ENSG00000010322,NISCH,-0.005695514
3377_GIT2_P1P2_ENSG00000139436,GIT2,-0.005697397
92_ACOT9_P1P2_ENSG00000123130,ACOT9,-0.005708851
8548_STX10_P1P2_ENSG00000104915,STX10,-0.005711078
1524_CERS4_P1P2_ENSG00000090661,CERS4,-0.005718185
9991_ZBTB38_P1_ENSG00000177311,ZBTB38,-0.005719035
1731_CNTROB_P1P2_ENSG00000170037,CNTROB,-0.005724149
10211_ZNF217_P1_ENSG00000171940,ZNF217,-0.005734178
2759_ETS2_P1P2_ENSG00000157557,ETS2,-0.005734953
2549_EIF3E_P1P2_ENSG00000104408,EIF3E,-0.005747308
4599_LIPH_P1P2_ENSG00000163898,LIPH,-0.0057502375
3613_H2AFV_P1P2_ENSG00000105968,H2AFV,-0.0057512335
11012_non-targeting_non-targeting_non-targeting,non-targeting,-0.0057654576
318_ANKIB1_P1P2_ENSG00000001629,ANKIB1,-0.005772598
1305_CCDC8_P1P2_ENSG00000169515,CCDC8,-0.0057727094
2663_EPB41_P2_ENSG00000159023,EPB41,-0.0057729133
5505_NCOA1_P1P2_ENSG00000084676,NCOA1,-0.0057756137
5363_MXRA7_P1P2_ENSG00000182534,MXRA7,-0.005783567
9922_YBX2_P1P2_ENSG00000006047,YBX2,-0.0057966704
1684_CLUAP1_P1P2_ENSG00000103351,CLUAP1,-0.00579675
9020_TMEM175_P1P2_ENSG00000127419,TMEM175,-0.0058006095
11018_non-targeting_non-targeting_non-targeting,non-targeting,-0.00580809
2646_ENOX2_P1P2_ENSG00000165675,ENOX2,-0.0058105877
8351_SPG7_P1P2_ENSG00000197912,SPG7,-0.0058108717
5161_MPDU1_P1P2_ENSG00000129255,MPDU1,-0.0058143376
8361_SPIN4_P1P2_ENSG00000186767,SPIN4,-0.0058145793
4887_MBTPS1_P1P2_ENSG00000140943,MBTPS1,-0.005814735
393_APBA2_P1P2_ENSG00000034053,APBA2,-0.005821179
2985_FAXDC2_P2_ENSG00000170271,FAXDC2,-0.00582943
800_BCL2L13_P1P2_ENSG00000099968,BCL2L13,-0.0058313245
7242_REXO1_P1P2_ENSG00000079313,REXO1,-0.0058316956
5451_NAGK_P1P2_ENSG00000124357,NAGK,-0.005851986
2617_EMC8_P1P2_ENSG00000131148,EMC8,-0.00586144
2969_FAR1_P1P2_ENSG00000197601,FAR1,-0.00586289
10563_ZNF69_P1P2_ENSG00000198429,ZNF69,-0.005864348
4217_ISY1_P1P2_ENSG00000240682,ISY1,-0.005866657
11313_non-targeting_non-targeting_non-targeting,non-targeting,-0.005868262
4262_JRK_P2_ENSG00000234616,JRK,-0.0058791493
2928_TLCD3A_P1P2_ENSG00000167695,TLCD3A,-0.005879972
1513_CEP76_P1P2_ENSG00000101624,CEP76,-0.005887089
10967_non-targeting_non-targeting_non-targeting,non-targeting,-0.005894446
5180_MPZL1_P1P2_ENSG00000197965,MPZL1,-0.0058958475
5719_NMRAL1_P1P2_ENSG00000153406,NMRAL1,-0.005898953
10443_ZNF555_P1P2_ENSG00000186300,ZNF555,-0.005899508
8735_TBL1X_P1P2_ENSG00000101849,TBL1X,-0.0059009963
1686_CLU_P2_ENSG00000120885,CLU,-0.0059028184
3622_HADHB_P1P2_ENSG00000138029,HADHB,-0.005903421
10152_ZNF100_P1P2_ENSG00000197020,ZNF100,-0.005904865
9640_USP20_P1P2_ENSG00000136878,USP20,-0.005909172
1491_CENPT_P1P2_ENSG00000102901,CENPT,-0.005911859
6365_PIM3_P1P2_ENSG00000198355,PIM3,-0.005918807
3643_HAX1_P1P2_ENSG00000143575,HAX1,-0.005919078
54_ABI2_P1P2_ENSG00000138443,ABI2,-0.005923152
3122_FN3KRP_P1P2_ENSG00000141560,FN3KRP,-0.0059250644
5727_NOBOX_ENST00000483238.1_ENSG00000106410,NOBOX,-0.005926468
4923_ME1_P1P2_ENSG00000065833,ME1,-0.005928784
8046_SLC35D1_P1P2_ENSG00000116704,SLC35D1,-0.0059339586
5472_NAA80_P1P2_ENSG00000243477,NAA80,-0.0059393793
2921_FAM3C_P1P2_ENSG00000196937,FAM3C,-0.0059466255
8113_SLC8B1_P2_ENSG00000089060,SLC8B1,-0.0059650517
9909_XRCC6_P1P2_ENSG00000196419,XRCC6,-0.005967891
749_BAG4_P1P2_ENSG00000156735,BAG4,-0.005971031
5578_NEBL_P1P2_ENSG00000078114,NEBL,-0.0059762006
4639_LRCH3_P1P2_ENSG00000186001,LRCH3,-0.0059808013
9361_TSPYL4_P1P2_ENSG00000187189,TSPYL4,-0.0059838207
1752_COLEC11_P2_ENSG00000118004,COLEC11,-0.0059860838
5042_MGME1_P1P2_ENSG00000125871,MGME1,-0.005988398
3461_GOLGA7_P1P2_ENSG00000147533,GOLGA7,-0.0060034953
3434_GNB1L_P1P2_ENSG00000185838,GNB1L,-0.006004373
6398_PKN1_P2_ENSG00000123143,PKN1,-0.006005508
10359_ZNF438_P2_ENSG00000183621,ZNF438,-0.006016035
5946_OPA3_P2_ENSG00000125741,OPA3,-0.0060182223
1681_CLTA_P1P2_ENSG00000122705,CLTA,-0.006020224
2483_EEF1A2_P1P2_ENSG00000101210,EEF1A2,-0.0060232603
1453_CDKN3_P1P2_ENSG00000100526,CDKN3,-0.006023951
8344_SPECC1_ENST00000261503.5_ENSG00000128487,SPECC1,-0.006031338
9291_TRIOBP_P1_ENSG00000100106,TRIOBP,-0.0060358397
1371_CD58_P1P2_ENSG00000116815,CD58,-0.006038227
2689_ERAL1_P1P2_ENSG00000132591,ERAL1,-0.0060588173
8568_STYX_P1P2_ENSG00000198252,STYX,-0.0060622585
1697_CMTM3_P1P2_ENSG00000140931,CMTM3,-0.0060644452
4383_KIF1C_P1P2_ENSG00000129250,KIF1C,-0.0060646045
2223_DIDO1_P1_ENSG00000101191,DIDO1,-0.00606467
1122_FMC1_P1P2_ENSG00000164898,FMC1,-0.006064729
2482_EEF1A1_P1P2_ENSG00000156508,EEF1A1,-0.006067187
10293_ZNF331_P2_ENSG00000130844,ZNF331,-0.006073501
3109_FLNA_P1P2_ENSG00000196924,FLNA,-0.0060778954
7773_SENP3_P1P2_ENSG00000161956,SENP3,-0.006082416
10756_non-targeting_non-targeting_non-targeting,non-targeting,-0.006087824
239_AKNA_P2_ENSG00000106948,AKNA,-0.0060888454
10339_ZNF414_P1P2_ENSG00000133250,ZNF414,-0.0060916967
5409_MYRF_P2_ENSG00000124920,MYRF,-0.006092704
5603_NENF_P1P2_ENSG00000117691,NENF,-0.006094382
7040_RAB8A_P1P2_ENSG00000167461,RAB8A,-0.0060950723
2755_ETHE1_P1P2_ENSG00000105755,ETHE1,-0.006106689
3238_FZR1_P1P2_ENSG00000105325,FZR1,-0.0061108232
4053_IFT27_P1P2_ENSG00000100360,IFT27,-0.0061171553
2072_DCTD_P1P2_ENSG00000129187,DCTD,-0.0061193695
137_ADAR_P2_ENSG00000160710,ADAR,-0.0061214687
9310_TRMT2B_P1P2_ENSG00000188917,TRMT2B,-0.0061299573
4376_KIF14_P1P2_ENSG00000118193,KIF14,-0.0061363117
7787_SEPTIN5_P1_ENSG00000184702,SEPTIN5,-0.0061375075
7528_RPS6KA1_P1_ENSG00000117676,RPS6KA1,-0.0061377105
4222_ITGA2B_P1P2_ENSG00000005961,ITGA2B,-0.0061483523
4925_MEA1_P1P2_ENSG00000124733,MEA1,-0.0061489255
5129_MND1_P1P2_ENSG00000121211,MND1,-0.006155655
10340_ZNF415_P1P2_ENSG00000170954,ZNF415,-0.0061621284
4928_MECP2_P1P2_ENSG00000169057,MECP2,-0.0061667273
1262_CCDC144NL_P2_ENSG00000205212,CCDC144NL,-0.006175152
6063_PAPOLG_P1P2_ENSG00000115421,PAPOLG,-0.0061795497
4403_KIT_P1P2_ENSG00000157404,KIT,-0.0061892765
4443_KLHL36_P2_ENSG00000135686,KLHL36,-0.0062142485
3662_HDAC1_P1P2_ENSG00000116478,HDAC1,-0.006217388
3002_FBXL8_P1P2_ENSG00000135722,FBXL8,-0.006218092
207_AHNAK_P2_ENSG00000124942,AHNAK,-0.006220777
2079_DCTPP1_P1P2_ENSG00000179958,DCTPP1,-0.0062269177
7807_SERPINH1_P1P2_ENSG00000149257,SERPINH1,-0.006234659
10157_ZNF112_P1P2_ENSG00000062370,ZNF112,-0.006234979
5623_NFATC1_P2_ENSG00000131196,NFATC1,-0.0062399516
9603_UPF3B_P1P2_ENSG00000125351,UPF3B,-0.006241757
4823_MAP7D3_P1P2_ENSG00000129680,MAP7D3,-0.006245706
10025_ZC3H4_P1_ENSG00000130749,ZC3H4,-0.0062513384
5920_OBSL1_P1P2_ENSG00000124006,OBSL1,-0.006254604
10898_non-targeting_non-targeting_non-targeting,non-targeting,-0.0062582386
1694_CMPK1_P1P2_ENSG00000162368,CMPK1,-0.0062603555
2121_DDX42_P1P2_ENSG00000198231,DDX42,-0.0062628724
7124_RASGRP2_P2_ENSG00000068831,RASGRP2,-0.0062635425
9523_UBE2Z_P1P2_ENSG00000159202,UBE2Z,-0.0062640854
11036_non-targeting_non-targeting_non-targeting,non-targeting,-0.006272301
10090_ZFP42_P2_ENSG00000179059,ZFP42,-0.006274887
1166_CAMKMT_P1P2_ENSG00000143919,CAMKMT,-0.0062864814
3922_HOXD12_P1P2_ENSG00000170178,HOXD12,-0.006289485
8160_SMC5_P1P2_ENSG00000198887,SMC5,-0.0062938705
11232_non-targeting_non-targeting_non-targeting,non-targeting,-0.006295362
5678_NIPSNAP1_P1P2_ENSG00000184117,NIPSNAP1,-0.006304891
5027_MFSD1_P1P2_ENSG00000118855,MFSD1,-0.0063081877
2766_ETV6_P1P2_ENSG00000139083,ETV6,-0.0063082282
8528_STMN1_P1P2_ENSG00000117632,STMN1,-0.0063090576
2391_DTWD1_P1P2_ENSG00000104047,DTWD1,-0.006313402
4267_JUP_P1P2_ENSG00000173801,JUP,-0.0063145794
8767_TCEAL8_P1P2_ENSG00000180964,TCEAL8,-0.0063157277
9897_XPO4_P1P2_ENSG00000132953,XPO4,-0.0063171
2333_DOK4_P1_ENSG00000125170,DOK4,-0.0063173315
6530_POLM_P2_ENSG00000122678,POLM,-0.0063217706
3948_HSD17B10_P1P2_ENSG00000072506,HSD17B10,-0.006323725
4402_KISS1R_P1P2_ENSG00000116014,KISS1R,-0.0063288556
8888_THOC2_P1P2_ENSG00000125676,THOC2,-0.0063295453
4908_MCOLN1_P1P2_ENSG00000090674,MCOLN1,-0.0063598542
4873_MBD1_P1P2_ENSG00000141644,MBD1,-0.006361473
4199_IRX2_P1P2_ENSG00000170561,IRX2,-0.0063650175
2230_DIRAS3_P1P2_ENSG00000162595,DIRAS3,-0.006365235
5153_MORF4L2_P2_ENSG00000123562,MORF4L2,-0.00636598
9053_TMEM240_P1P2_ENSG00000205090,TMEM240,-0.0063662473
2344_DPF3_P1P2_ENSG00000205683,DPF3,-0.0063760094
8331_SPC24_P1P2_ENSG00000161888,SPC24,-0.006376174
6102_PBRM1_P1P2_ENSG00000163939,PBRM1,-0.006387248
7815_SETD1B_P1P2_ENSG00000139718,SETD1B,-0.0063883583
6799_PRPF40B_P1P2_ENSG00000110844,PRPF40B,-0.006394336
10099_ZFP91_P1P2_ENSG00000186660,ZFP91,-0.006396205
3345_GFI1_P1_ENSG00000162676,GFI1,-0.006405617
9399_TTI2_P1P2_ENSG00000129696,TTI2,-0.006410035
6459_PLP2_P1P2_ENSG00000102007,PLP2,-0.006418293
9249_TRAPPC4_P1P2_ENSG00000196655,TRAPPC4,-0.006420447
2869_FAM161A_P1P2_ENSG00000170264,FAM161A,-0.006423773
1413_CDCA3_P1P2_ENSG00000111665,CDCA3,-0.0064246883
11244_non-targeting_non-targeting_non-targeting,non-targeting,-0.0064264196
7315_RIPK1_P1_ENSG00000137275,RIPK1,-0.0064289807
10472_ZNF580_P2_ENSG00000213015,ZNF580,-0.006431677
7737_SEC16A_P1P2_ENSG00000148396,SEC16A,-0.006444107
10727_ZSCAN5A_ENST00000587340.1_ENSG00000131848,ZSCAN5A,-0.006444207
8052_SLC35F5_P1P2_ENSG00000115084,SLC35F5,-0.0064451457
3482_GP1BB_P1P2_ENSG00000203618,GP1BB,-0.006446575
8371_SPRED2_ENST00000443619.2_ENSG00000198369,SPRED2,-0.0064537674
3424_GMPPB_P1P2_ENSG00000173540,GMPPB,-0.0064552226
9447_TXN2_P1P2_ENSG00000100348,TXN2,-0.0064588096
10002_ZBTB48_P1P2_ENSG00000204859,ZBTB48,-0.0064611593
10767_non-targeting_non-targeting_non-targeting,non-targeting,-0.0064643817
7678_SCAI_P1P2_ENSG00000173611,SCAI,-0.0064800098
5093_MKLN1_P1P2_ENSG00000128585,MKLN1,-0.006480254
602_ATAD5_P1P2_ENSG00000176208,ATAD5,-0.0064814165
8242_SNX13_P1P2_ENSG00000071189,SNX13,-0.006483622
10206_ZNF211_P1P2_ENSG00000121417,ZNF211,-0.0064874706
6482_PMS1_P1P2_ENSG00000064933,PMS1,-0.0064876713
2172_ESS2_P1P2_ENSG00000100056,ESS2,-0.006493317
6971_PYCARD_P1P2_ENSG00000103490,PYCARD,-0.006496354
11135_non-targeting_non-targeting_non-targeting,non-targeting,-0.0064999117
2572_EIF4G3_P1_ENSG00000075151,EIF4G3,-0.0064999424
458_ARHGAP12_P1P2_ENSG00000165322,ARHGAP12,-0.0065035913
7765_SELPLG_P1P2_ENSG00000110876,SELPLG,-0.006507563
10459_ZNF570_P1_ENSG00000171827,ZNF570,-0.006509384
10282_ZNF319_P1_ENSG00000166188,ZNF319,-0.0065119104
5417_N4BP1_P1P2_ENSG00000102921,N4BP1,-0.006514808
10163_ZNF131_P1P2_ENSG00000172262,ZNF131,-0.006514944
6991_QSOX2_P1P2_ENSG00000165661,QSOX2,-0.006534374
4378_KIF16B_P1P2_ENSG00000089177,KIF16B,-0.0065404098
9427_TUBGCP4_P1P2_ENSG00000137822,TUBGCP4,-0.006540965
3784_HIST2H2AA3_ENST00000369161.3_ENSG00000203812,HIST2H2AA3,-0.0065451595
10515_ZNF627_P1P2_ENSG00000198551,ZNF627,-0.006545452
3177_FOXO1_P1P2_ENSG00000150907,FOXO1,-0.0065466356
4633_LPCAT4_P1P2_ENSG00000176454,LPCAT4,-0.0065536913
7201_RCC2_P2_ENSG00000179051,RCC2,-0.006559897
8778_TCF20_P1P2_ENSG00000100207,TCF20,-0.006560563
9196_TP63_P1P2_ENSG00000073282,TP63,-0.0065634046
11324_non-targeting_non-targeting_non-targeting,non-targeting,-0.006568087
3539_GRK6_P1P2_ENSG00000198055,GRK6,-0.0065761143
2522_EI24_P1P2_ENSG00000149547,EI24,-0.006585542
209_AHRR_P1P2_ENSG00000063438,AHRR,-0.0065981722
9161_TOM1L1_P1P2_ENSG00000141198,TOM1L1,-0.0066040005
7864_SGSM3_P1P2_ENSG00000100359,SGSM3,-0.006606133
10021_ZC3H14_P1P2_ENSG00000100722,ZC3H14,-0.006606252
344_ANKRD54_P1P2_ENSG00000100124,ANKRD54,-0.0066137156
10764_non-targeting_non-targeting_non-targeting,non-targeting,-0.0066201882
9996_ZBTB42_P1P2_ENSG00000179627,ZBTB42,-0.0066256286
6329_PIF1_P1_ENSG00000140451,PIF1,-0.006627414
2319_DNPH1_P1P2_ENSG00000112667,DNPH1,-0.006638161
4509_LAMTOR5_P1P2_ENSG00000134248,LAMTOR5,-0.006640259
1835_CPNE8_P1P2_ENSG00000139117,CPNE8,-0.0066438387
10829_non-targeting_non-targeting_non-targeting,non-targeting,-0.0066443584
7952_SLC10A4_P1P2_ENSG00000145248,SLC10A4,-0.006650173
8951_TLX3_P1P2_ENSG00000164438,TLX3,-0.006650711
78_ACBD5_P1P2_ENSG00000107897,ACBD5,-0.006652474
10011_ZBTB7C_P1_ENSG00000184828,ZBTB7C,-0.0066577788
1654_CLIC2_P1P2_ENSG00000155962,CLIC2,-0.006665562
6377_PISD_ENST00000266095.5_ENSG00000241878,PISD,-0.006667258
3998_HYI_P1P2_ENSG00000178922,HYI,-0.006682794
1247_CCDC117_P1P2_ENSG00000159873,CCDC117,-0.00668813
5387_MYL6B_P1P2_ENSG00000196465,MYL6B,-0.0066961786
1509_CEP63_P1P2_ENSG00000182923,CEP63,-0.0066964114
6772_THAP12_P1P2_ENSG00000137492,THAP12,-0.0067030336
1193_CARHSP1_P1P2_ENSG00000153048,CARHSP1,-0.006712338
6227_PEX16_P1P2_ENSG00000121680,PEX16,-0.0067192884
2347_DPH2_P1P2_ENSG00000132768,DPH2,-0.0067213764
11124_non-targeting_non-targeting_non-targeting,non-targeting,-0.0067316913
8098_SLC4A7_P1P2_ENSG00000033867,SLC4A7,-0.0067333765
9566_UCKL1_P1P2_ENSG00000198276,UCKL1,-0.006745369
1850_CPXCR1_P1P2_ENSG00000147183,CPXCR1,-0.006746083
5029_MFSD3_P1P2_ENSG00000167700,MFSD3,-0.006748208
7334_RND2_P1P2_ENSG00000108830,RND2,-0.0067490293
1089_C4orf33_P1_ENSG00000151470,C4orf33,-0.0067595677
10060_ZEB1_P1_ENSG00000148516,ZEB1,-0.0067696604
1272_CCDC25_P1P2_ENSG00000147419,CCDC25,-0.0067872736
8804_TEAD1_P1P2_ENSG00000187079,TEAD1,-0.0067876773
3496_GPCPD1_P1P2_ENSG00000125772,GPCPD1,-0.0067893276
7667_SAYSD1_P1P2_ENSG00000112167,SAYSD1,-0.006794144
4495_LACTB2_P1P2_ENSG00000147592,LACTB2,-0.0067953
6453_PLK1_P1P2_ENSG00000166851,PLK1,-0.006804393
5894_NUP35_P1P2_ENSG00000163002,NUP35,-0.006807242
11191_non-targeting_non-targeting_non-targeting,non-targeting,-0.0068090255
6355_PIK3CD_P1P2_ENSG00000171608,PIK3CD,-0.0068096407
2270_DNAAF2_P1P2_ENSG00000165506,DNAAF2,-0.006810697
617_ATG13_P1P2_ENSG00000175224,ATG13,-0.006815022
4069_IGFBP2_P1P2_ENSG00000115457,IGFBP2,-0.0068206256
11060_non-targeting_non-targeting_non-targeting,non-targeting,-0.0068221544
8085_SLC43A1_P1P2_ENSG00000149150,SLC43A1,-0.0068244003
2563_EIF4E2_P1P2_ENSG00000135930,EIF4E2,-0.006826219
42_ABHD14A_P1P2_ENSG00000248487,ABHD14A,-0.0068387184
4167_IPPK_P1P2_ENSG00000127080,IPPK,-0.0068393513
7294_RHOH_P1P2_ENSG00000168421,RHOH,-0.006844218
9270_TRIM27_P1P2_ENSG00000204713,TRIM27,-0.0068493364
5289_MSN_P1P2_ENSG00000147065,MSN,-0.006854336
199_AGRN_P1P2_ENSG00000188157,AGRN,-0.006854394
446_ARFGAP2_P1P2_ENSG00000149182,ARFGAP2,-0.006854449
2484_EEF1B2_P1P2_ENSG00000114942,EEF1B2,-0.0068571097
6142_PCSK6_P1P2_ENSG00000140479,PCSK6,-0.0068578892
3546_GSC2_P1P2_ENSG00000063515,GSC2,-0.0068636267
2461_ECE1_P1P2_ENSG00000117298,ECE1,-0.006864472
2152_DENND4B_P1_ENSG00000198837,DENND4B,-0.0068745976
2463_ECH1_P1P2_ENSG00000104823,ECH1,-0.0068763313
2780_EXOC3_P1P2_ENSG00000180104,EXOC3,-0.0068790456
8542_STRN3_P1P2_ENSG00000196792,STRN3,-0.0068844906
8956_TM7SF2_P1P2_ENSG00000149809,TM7SF2,-0.006885186
8961_TM9SF3_P1P2_ENSG00000077147,TM9SF3,-0.006885832
8574_SUCO_P1P2_ENSG00000094975,SUCO,-0.0068915463
6763_PRKCQ_P1P2_ENSG00000065675,PRKCQ,-0.0068960944
4728_LYRM2_P1P2_ENSG00000083099,LYRM2,-0.006898041
4256_JMJD8_P1P2_ENSG00000161999,JMJD8,-0.0068990528
2541_EIF2S1_P1P2_ENSG00000134001,EIF2S1,-0.0068999394
4676_LRRC8C_P1P2_ENSG00000171488,LRRC8C,-0.006903416
2399_DUSP10_P1P2_ENSG00000143507,DUSP10,-0.006910411
4460_KPNA3_P1P2_ENSG00000102753,KPNA3,-0.0069115357
10825_non-targeting_non-targeting_non-targeting,non-targeting,-0.006916541
5501_NCKIPSD_P1P2_ENSG00000213672,NCKIPSD,-0.0069264565
9016_TMEM167B_P1P2_ENSG00000215717,TMEM167B,-0.0069285
2630_EMX1_P2_ENSG00000135638,EMX1,-0.0069286646
7409_ROCK2_P1P2_ENSG00000134318,ROCK2,-0.006929092
3792_HIST2H3D_ENST00000331491.1_ENSG00000183598,HIST2H3D,-0.0069374004
7003_RAB11A_P1P2_ENSG00000103769,RAB11A,-0.006939826
6949_PUM2_P1P2_ENSG00000055917,PUM2,-0.006942145
5808_NRBF2_P1P2_ENSG00000148572,NRBF2,-0.006942805
4585_LIME1_P2_ENSG00000203896,LIME1,-0.006948453
10108_ZFYVE21_P1P2_ENSG00000100711,ZFYVE21,-0.006952302
587_ASNS_P1P2_ENSG00000070669,ASNS,-0.006952648
6561_POLR3GL_P1P2_ENSG00000121851,POLR3GL,-0.0069527347
9170_TOMM70_P1P2_ENSG00000154174,TOMM70,-0.0069547496
"9247_TRAPPC2_ENST00000358231.5,ENST00000359680.5,ENST00000380579.1_ENSG00000196459",TRAPPC2,-0.006956938
4565_LGR4_P1P2_ENSG00000205213,LGR4,-0.0069583524
3733_HINT2_P1P2_ENSG00000137133,HINT2,-0.006962542
6965_PWWP2B_P2_ENSG00000171813,PWWP2B,-0.0069664735
133_ADAMTS3_P1P2_ENSG00000156140,ADAMTS3,-0.006966637
2109_DDX1_P1P2_ENSG00000079785,DDX1,-0.006973407
1461_CDX2_P1P2_ENSG00000165556,CDX2,-0.00697478
7679_SCAMP1_P1P2_ENSG00000085365,SCAMP1,-0.0069789877
1908_CSRNP1_P1P2_ENSG00000144655,CSRNP1,-0.006980755
3906_HOXB7_P1P2_ENSG00000260027,HOXB7,-0.0069906847
4345_KIAA0232_P1P2_ENSG00000170871,KIAA0232,-0.0069924137
10435_ZNF546_P1P2_ENSG00000187187,ZNF546,-0.0069962023
6449_PLEKHO1_P1P2_ENSG00000023902,PLEKHO1,-0.0070030717
4428_KLHDC3_P1_ENSG00000124702,KLHDC3,-0.007011181
3715_HEYL_P1P2_ENSG00000163909,HEYL,-0.007018283
886_BRCC3_P1P2_ENSG00000185515,BRCC3,-0.007023113
4170_IQCC_P1P2_ENSG00000160051,IQCC,-0.0070302757
2254_DMD_ENST00000357033.4_ENSG00000198947,DMD,-0.007032431
5486_NCAM2_P1P2_ENSG00000154654,NCAM2,-0.0070370976
4566_LHPP_P1P2_ENSG00000107902,LHPP,-0.007045817
3397_GLIS3_P1P2_ENSG00000107249,GLIS3,-0.007052067
3188_FOXP3_P1P2_ENSG00000049768,FOXP3,-0.0070608924
8280_SOX12_P1P2_ENSG00000177732,SOX12,-0.007061215
11234_non-targeting_non-targeting_non-targeting,non-targeting,-0.0070623825
676_ATP6V0D1_P1P2_ENSG00000159720,ATP6V0D1,-0.007074678
3373_GIPC1_P1P2_ENSG00000123159,GIPC1,-0.007075889
4772_MAGED2_P2_ENSG00000102316,MAGED2,-0.007080427
4471_KRIT1_P1P2_ENSG00000001631,KRIT1,-0.007082125
7126_RASSF1_P2_ENSG00000068028,RASSF1,-0.0070843706
6070_PARG_ENST00000402038.3_ENSG00000227345,PARG,-0.0070952196
2627_EML4_P1P2_ENSG00000143924,EML4,-0.007110167
7668_SBDS_P1P2_ENSG00000126524,SBDS,-0.0071208077
6121_PCGF2_P2_ENSG00000277258,PCGF2,-0.0071347062
7113_RARB_P1P2_ENSG00000077092,RARB,-0.0071379747
8688_TAPBP_P1P2_ENSG00000231925,TAPBP,-0.007143222
10617_ZNF768_P2_ENSG00000169957,ZNF768,-0.007156037
423_APPL1_P1P2_ENSG00000157500,APPL1,-0.0071616755
3173_FOXN2_P1P2_ENSG00000170802,FOXN2,-0.007166301
323_ANKRA2_P1P2_ENSG00000164331,ANKRA2,-0.007167115
11269_non-targeting_non-targeting_non-targeting,non-targeting,-0.0071693305
5681_NIT1_P1P2_ENSG00000158793,NIT1,-0.0071696765
1368_CD52_P1P2_ENSG00000169442,CD52,-0.0071702916
4469_KREMEN2_P1P2_ENSG00000131650,KREMEN2,-0.0071757976
10415_ZNF517_P1P2_ENSG00000197363,ZNF517,-0.0071766037
1661_CLK3_P1_ENSG00000179335,CLK3,-0.0071796766
6298_PHKB_P1P2_ENSG00000102893,PHKB,-0.007187519
579_ASF1B_P1P2_ENSG00000105011,ASF1B,-0.0071890713
11005_non-targeting_non-targeting_non-targeting,non-targeting,-0.007193124
5695_NKX2-6_P1P2_ENSG00000180053,NKX2-6,-0.007193227
10968_non-targeting_non-targeting_non-targeting,non-targeting,-0.0071973004
4084_IKZF3_P1P2_ENSG00000161405,IKZF3,-0.007197586
1500_CEP192_P1P2_ENSG00000101639,CEP192,-0.007199775
10395_ZNF490_P1P2_ENSG00000188033,ZNF490,-0.0072038583
2873_FAM171A1_P1P2_ENSG00000148468,FAM171A1,-0.0072042826
4851_MARK2_P2_ENSG00000072518,MARK2,-0.0072064004
10583_ZNF716_P1P2_ENSG00000182111,ZNF716,-0.00720886
"10728_ZSCAN5A_ENST00000391713.1,ENST00000592355.1_ENSG00000131848",ZSCAN5A,-0.0072101494
10044_ZDHHC16_P1P2_ENSG00000171307,ZDHHC16,-0.0072104833
9834_WDR62_P1P2_ENSG00000075702,WDR62,-0.0072122337
313_ANHX_P1P2_ENSG00000227059,ANHX,-0.007217465
4352_KIAA0895L_P1P2_ENSG00000196123,KIAA0895L,-0.007220515
9013_TMEM164_P1P2_ENSG00000157600,TMEM164,-0.0072214818
"891_BRD4_ENST00000263377.2,ENST00000371835.4_ENSG00000141867",BRD4,-0.0072278683
1462_CDX4_P1P2_ENSG00000131264,CDX4,-0.0072308043
2015_D2HGDH_P1P2_ENSG00000180902,D2HGDH,-0.0072313976
10100_ZFP92_ENST00000338647.5_ENSG00000189420,ZFP92,-0.0072434777
3492_GPATCH4_P1P2_ENSG00000160818,GPATCH4,-0.0072447546
3149_FOXD1_P1P2_ENSG00000251493,FOXD1,-0.007245052
7053_RABL3_P1P2_ENSG00000144840,RABL3,-0.0072462773
1911_CSRNP3_P2_ENSG00000178662,CSRNP3,-0.0072551286
4243_IVNS1ABP_P1P2_ENSG00000116679,IVNS1ABP,-0.007268374
11038_non-targeting_non-targeting_non-targeting,non-targeting,-0.0072716237
5124_MMP15_P1P2_ENSG00000102996,MMP15,-0.0072728014
210_AHR_P1P2_ENSG00000106546,AHR,-0.00728034
6842_PSMA2_P1P2_ENSG00000106588,PSMA2,-0.0072831097
10067_ZFAND2B_P1P2_ENSG00000158552,ZFAND2B,-0.007287337
6358_PIK3R2_P1_ENSG00000105647,PIK3R2,-0.0072972034
7616_RYBP_P1P2_ENSG00000163602,RYBP,-0.0072993403
9139_TNK2_P2_ENSG00000061938,TNK2,-0.0072996933
5344_MTRNR2L1_P1P2_ENSG00000256618,MTRNR2L1,-0.007302178
11180_non-targeting_non-targeting_non-targeting,non-targeting,-0.0073097013
87_ACO2_P1P2_ENSG00000100412,ACO2,-0.007311512
3078_FHIT_P1P2_ENSG00000189283,FHIT,-0.007323853
1879_CRTAP_P1P2_ENSG00000170275,CRTAP,-0.0073336745
9513_UBE2N_P1P2_ENSG00000177889,UBE2N,-0.0073418734
7798_SERHL2_P1P2_ENSG00000183569,SERHL2,-0.007344772
7254_RFPL4B_P1P2_ENSG00000251258,RFPL4B,-0.0073556537
7855_SGK3_ENST00000345714.4_ENSG00000104205,SGK3,-0.0073597264
8398_SRD5A1_P1P2_ENSG00000145545,SRD5A1,-0.0073610116
9209_TPP1_P1P2_ENSG00000166340,TPP1,-0.007376986
4201_IRX4_P1P2_ENSG00000113430,IRX4,-0.0073794355
5545_NDUFAF2_P1P2_ENSG00000164182,NDUFAF2,-0.007379519
7743_SEC23IP_P1P2_ENSG00000107651,SEC23IP,-0.0073801014
8890_THOC5_P1P2_ENSG00000100296,THOC5,-0.0073859687
10281_ZNF318_P1P2_ENSG00000171467,ZNF318,-0.0073986067
10228_ZNF234_P1_ENSG00000263002,ZNF234,-0.007403957
10235_ZNF248_P1P2_ENSG00000198105,ZNF248,-0.007407811
152_ADH5_P1P2_ENSG00000197894,ADH5,-0.007412014
9510_UBE2L3_P1P2_ENSG00000185651,UBE2L3,-0.0074457983
7832_SF3A2_P2_ENSG00000104897,SF3A2,-0.007452573
4824_MAPK11_P1P2_ENSG00000185386,MAPK11,-0.0074534044
2037_DBI_P1_ENSG00000155368,DBI,-0.0074705873
665_ATP5PF_P1P2_ENSG00000154723,ATP5PF,-0.0074812155
9146_TNNT1_P2_ENSG00000105048,TNNT1,-0.0074828425
7693_SCG3_P1P2_ENSG00000104112,SCG3,-0.007490054
9235_TRAFD1_P1P2_ENSG00000135148,TRAFD1,-0.007494457
9341_TSG101_P1P2_ENSG00000074319,TSG101,-0.007502493
9434_TUSC3_P1P2_ENSG00000104723,TUSC3,-0.0075078774
622_ATG4A_P1P2_ENSG00000101844,ATG4A,-0.007509368
9885_WWP2_P1P2_ENSG00000198373,WWP2,-0.0075140186
412_APOBEC3G_P1P2_ENSG00000239713,APOBEC3G,-0.007518233
7457_RPL29_P1P2_ENSG00000162244,RPL29,-0.0075229537
5212_MRPL30_P2_ENSG00000185414,MRPL30,-0.007538123
4980_MESP2_P1P2_ENSG00000188095,MESP2,-0.0075387415
5533_NDUFA13_P1P2_ENSG00000186010,NDUFA13,-0.007540741
7653_SAR1A_P1P2_ENSG00000079332,SAR1A,-0.007543014
11002_non-targeting_non-targeting_non-targeting,non-targeting,-0.00755574
3096_FKBP2_P1P2_ENSG00000173486,FKBP2,-0.007561851
6124_PCGF5_ENST00000543648.1_ENSG00000180628,PCGF5,-0.007562265
321_ANKMY1_P1P2_ENSG00000144504,ANKMY1,-0.007571468
857_BMP2K_P1P2_ENSG00000138756,BMP2K,-0.007577298
1145_CABIN1_P1P2_ENSG00000099991,CABIN1,-0.007592506
7406_RNPEP_P1P2_ENSG00000176393,RNPEP,-0.0075966073
10358_ZNF436_P2_ENSG00000125945,ZNF436,-0.0075968863
8944_TLE3_P1P2_ENSG00000140332,TLE3,-0.0076068896
6630_PPIL2_P1P2_ENSG00000100023,PPIL2,-0.0076190634
1599_CHST10_P1P2_ENSG00000115526,CHST10,-0.007620497
9593_UNC45A_P2_ENSG00000140553,UNC45A,-0.0076327873
6430_PLD6_ENST00000321560.3_ENSG00000179598,PLD6,-0.007645867
3327_GDE1_P1P2_ENSG00000006007,GDE1,-0.0076477854
8946_TLK1_P1P2_ENSG00000198586,TLK1,-0.007653906
7225_REEP6_P1P2_ENSG00000115255,REEP6,-0.007666805
3961_HSF4_P1P2_ENSG00000102878,HSF4,-0.007668255
4631_LPCAT2_P1P2_ENSG00000087253,LPCAT2,-0.00766851
965_C12orf49_P1P2_ENSG00000111412,C12orf49,-0.007675855
6758_PRKAR2A_P1P2_ENSG00000114302,PRKAR2A,-0.007677027
4410_KLF12_P1P2_ENSG00000118922,KLF12,-0.007678408
660_ATP5MC2_P1P2_ENSG00000135390,ATP5MC2,-0.007694514
7703_SCO2_P1P2_ENSG00000284194,SCO2,-0.0076947645
9727_VILL_P2_ENSG00000136059,VILL,-0.007695912
9265_TRIM21_P1P2_ENSG00000132109,TRIM21,-0.0077016167
1125_C8orf44_P1P2_nan,C8orf44,-0.0077054324
1007_C17orf80_P1P2_ENSG00000141219,C17orf80,-0.007707378
4755_MAFG_P1P2_ENSG00000197063,MAFG,-0.0077197636
8630_SYPL1_P1P2_ENSG00000008282,SYPL1,-0.007721811
2513_EGR3_P1P2_ENSG00000179388,EGR3,-0.0077228886
8389_SPTSSA_P1P2_ENSG00000165389,SPTSSA,-0.007727093
4847_MARCH7_P1P2_ENSG00000136536,MARCH7,-0.0077383006
817_BEND6_P1P2_ENSG00000151917,BEND6,-0.007745687
10149_ZMYND11_P1P2_ENSG00000015171,ZMYND11,-0.0077685737
1797_COQ9_P1P2_ENSG00000088682,COQ9,-0.007770385
10919_non-targeting_non-targeting_non-targeting,non-targeting,-0.0077716126
11176_non-targeting_non-targeting_non-targeting,non-targeting,-0.0077768415
6002_OVCA2_P1P2_ENSG00000262664,OVCA2,-0.0077836616
6486_PNISR_P1_ENSG00000132424,PNISR,-0.007787824
8227_SNRPC_P1P2_ENSG00000124562,SNRPC,-0.007789288
10657_ZNF816_P1_ENSG00000180257,ZNF816,-0.007792164
3760_HIST1H2BC_P1P2_ENSG00000180596,HIST1H2BC,-0.007792763
5923_ODC1_P1P2_ENSG00000115758,ODC1,-0.0077969795
3399_GLO1_P1P2_ENSG00000124767,GLO1,-0.0077977367
4882_MBNL2_P1P2_ENSG00000139793,MBNL2,-0.0078004273
"9459_TXNRD1_ENST00000429002.2,ENST00000525566.1_ENSG00000198431",TXNRD1,-0.0078053647
2774_EWSR1_P1P2_ENSG00000182944,EWSR1,-0.0078072846
6183_PDK1_P1P2_ENSG00000152256,PDK1,-0.0078120558
1899_CSNK1D_P1P2_ENSG00000141551,CSNK1D,-0.007822993
10927_non-targeting_non-targeting_non-targeting,non-targeting,-0.007823661
9999_ZBTB45_P1P2_ENSG00000119574,ZBTB45,-0.007824197
2813_FABP5_P1P2_ENSG00000164687,FABP5,-0.007825999
8090_SLC45A4_ENST00000024061.3_ENSG00000022567,SLC45A4,-0.007827971
11094_non-targeting_non-targeting_non-targeting,non-targeting,-0.007828366
7776_SENP7_P1P2_ENSG00000138468,SENP7,-0.00783264
2981_FAT1_P2_ENSG00000083857,FAT1,-0.007833429
2842_FAM120B_P1P2_ENSG00000112584,FAM120B,-0.007841661
3028_FBXO6_P1P2_ENSG00000116663,FBXO6,-0.007843445
2479_EDF1_P1P2_ENSG00000107223,EDF1,-0.007847148
3601_GUK1_P1P2_ENSG00000143774,GUK1,-0.007859395
9767_VPS8_P1P2_ENSG00000156931,VPS8,-0.007867165
519_ARL8B_P1P2_ENSG00000134108,ARL8B,-0.007895004
6847_PSMA7_P1P2_ENSG00000101182,PSMA7,-0.00789525
10263_ZNF281_P1P2_ENSG00000162702,ZNF281,-0.007900492
2633_EN1_P1P2_ENSG00000163064,EN1,-0.007901791
10847_non-targeting_non-targeting_non-targeting,non-targeting,-0.007905534
6235_PEX7_P1P2_ENSG00000112357,PEX7,-0.007909252
8940_TK1_P1P2_ENSG00000167900,TK1,-0.007912859
10389_ZNF484_P1P2_ENSG00000127081,ZNF484,-0.007918496
10274_ZNF2_P1P2_ENSG00000275111,ZNF2,-0.007933916
6942_PTRH2_P1P2_ENSG00000141378,PTRH2,-0.007935514
3728_HIGD1A_P1P2_ENSG00000181061,HIGD1A,-0.007936459
10224_ZNF230_P1P2_ENSG00000159882,ZNF230,-0.007948706
4626_LONP2_P2_ENSG00000102910,LONP2,-0.007948806
4157_INVS_P1P2_ENSG00000119509,INVS,-0.007952683
10151_ZMYND8_P1P2_ENSG00000101040,ZMYND8,-0.007953336
11116_non-targeting_non-targeting_non-targeting,non-targeting,-0.007954537
4679_LRRCC1_P1P2_ENSG00000133739,LRRCC1,-0.007956669
341_ANKRD46_P1P2_ENSG00000186106,ANKRD46,-0.007961387
10378_ZNF462_P1P2_ENSG00000148143,ZNF462,-0.007965651
2894_TAFA2_P1_ENSG00000198673,TAFA2,-0.007974376
2341_DPF1_P1_ENSG00000011332,DPF1,-0.007982309
10818_non-targeting_non-targeting_non-targeting,non-targeting,-0.007986803
1764_COMMD6_P2_ENSG00000188243,COMMD6,-0.007986897
6199_PDSS2_P1P2_ENSG00000164494,PDSS2,-0.007989659
4447_KLHL8_P1P2_ENSG00000145332,KLHL8,-0.00799141
3754_HIST1H2AI_ENST00000358739.3_ENSG00000196747,HIST1H2AI,-0.007994848
1415_CDCA5_P1P2_ENSG00000146670,CDCA5,-0.00799683
4818_MAP4K3_P1P2_ENSG00000011566,MAP4K3,-0.007997916
8448_SSBP3_P1P2_ENSG00000157216,SSBP3,-0.008015924
264_ALG12_P1P2_ENSG00000182858,ALG12,-0.008018597
1073_C2CD3_P1P2_ENSG00000168014,C2CD3,-0.008020665
8429_SRSF11_P1_ENSG00000116754,SRSF11,-0.008023386
5271_MRS2_P1P2_ENSG00000124532,MRS2,-0.008025824
3696_HERPUD2_P1P2_ENSG00000122557,HERPUD2,-0.0080263335
10541_ZNF672_P1P2_ENSG00000171161,ZNF672,-0.008034014
382_AP3M2_P1P2_ENSG00000070718,AP3M2,-0.008042138
632_ATMIN_P1P2_ENSG00000166454,ATMIN,-0.008047067
6212_PELI1_P1P2_ENSG00000197329,PELI1,-0.008048156
6954_PUS10_P1P2_ENSG00000162927,PUS10,-0.0080485735
9433_TUSC2_P1P2_ENSG00000114383,TUSC2,-0.008050535
4484_KTI12_P1P2_ENSG00000198841,KTI12,-0.008056365
4558_LETMD1_P1P2_ENSG00000050426,LETMD1,-0.008064797
6146_PCYOX1_P1P2_ENSG00000116005,PCYOX1,-0.008065562
6695_PPP3R1_P1P2_ENSG00000221823,PPP3R1,-0.008067657
10351_ZNF428_P1P2_ENSG00000131116,ZNF428,-0.008070299
4219_ITCH_P1P2_ENSG00000078747,ITCH,-0.008070966
5386_MYL4_P1P2_ENSG00000198336,MYL4,-0.008081508
1635_CLASP2_P2_ENSG00000163539,CLASP2,-0.008091593
1342_CCR10_P1P2_ENSG00000184451,CCR10,-0.008100352
4248_JAK2_P1P2_ENSG00000096968,JAK2,-0.008100949
3898_HOXB13_P1P2_ENSG00000159184,HOXB13,-0.008102619
9248_TRAPPC3_P1P2_ENSG00000054116,TRAPPC3,-0.008104637
8684_TAOK2_P1P2_ENSG00000149930,TAOK2,-0.008105172
11067_non-targeting_non-targeting_non-targeting,non-targeting,-0.008107081
1164_CAMK2G_P1P2_ENSG00000148660,CAMK2G,-0.008109041
1523_CERS2_P1P2_ENSG00000143418,CERS2,-0.008113389
3909_HOXB9_P1P2_ENSG00000170689,HOXB9,-0.008116878
5816_NRL_P1_ENSG00000129535,NRL,-0.008117109
3125_FNDC3A_ENST00000541916.1_ENSG00000102531,FNDC3A,-0.008119953
4808_MAP3K1_P1P2_ENSG00000095015,MAP3K1,-0.008125153
8560_STX8_P1P2_ENSG00000170310,STX8,-0.008125362
10070_ZFAND6_P1P2_ENSG00000086666,ZFAND6,-0.008128318
8954_TM2D3_P1P2_ENSG00000184277,TM2D3,-0.008144377
7199_RCC1_P2_ENSG00000180198,RCC1,-0.008164469
4238_ITPR2_P1P2_ENSG00000123104,ITPR2,-0.008171876
7233_REPIN1_P1P2_ENSG00000214022,REPIN1,-0.008174698
9674_USP6NL_ENST00000277575.5_ENSG00000148429,USP6NL,-0.008181113
4049_IFRD1_P1_ENSG00000006652,IFRD1,-0.008195062
1303_CCDC88B_P1P2_ENSG00000168071,CCDC88B,-0.008206802
6497_PNPLA8_P1P2_ENSG00000135241,PNPLA8,-0.008207514
7429_RPGR_P1P2_ENSG00000156313,RPGR,-0.008222475
9953_YWHAG_P1P2_ENSG00000170027,YWHAG,-0.008223253
8178_SMIM20_P1P2_ENSG00000250317,SMIM20,-0.008223771
5559_NDUFB7_P1P2_ENSG00000099795,NDUFB7,-0.008235319
8627_SYNJ2BP_P1P2_ENSG00000213463,SYNJ2BP,-0.008239953
4600_LIPT1_P1P2_ENSG00000144182,LIPT1,-0.008265776
7936_SIX6_P1P2_ENSG00000184302,SIX6,-0.00826876
8824_TET2_P1P2_ENSG00000168769,TET2,-0.008292655
5406_MYPOP_P1P2_ENSG00000176182,MYPOP,-0.008294425
1475_CENPA_P2_ENSG00000115163,CENPA,-0.008302015
6348_PIGW_P1P2_ENSG00000277161,PIGW,-0.008306049
1481_CENPH_P1P2_ENSG00000153044,CENPH,-0.00831149
273_ALG8_P1P2_ENSG00000159063,ALG8,-0.0083163865
8327_SPATC1L_P2_ENSG00000160284,SPATC1L,-0.008319833
7041_RAB8B_P1P2_ENSG00000166128,RAB8B,-0.00832044
6822_PRRX1_P1_ENSG00000116132,PRRX1,-0.008322696
3748_HIST1H2AB_P1P2_ENSG00000278463,HIST1H2AB,-0.00832601
8370_SPRED1_P1P2_ENSG00000166068,SPRED1,-0.008340068
8535_BHLHE40_P1P2_ENSG00000134107,BHLHE40,-0.008343575
4346_KIAA0319L_P1P2_ENSG00000142687,KIAA0319L,-0.008346514
7401_RNH1_P1P2_ENSG00000023191,RNH1,-0.008355733
236_AKIRIN1_P1P2_ENSG00000174574,AKIRIN1,-0.008356577
6344_PIGS_P1_ENSG00000087111,PIGS,-0.008362966
3243_G6PC3_P1P2_ENSG00000141349,G6PC3,-0.008368406
5319_MTHFD2_P1_ENSG00000065911,MTHFD2,-0.008370962
5104_MLEC_P2_ENSG00000110917,MLEC,-0.0083710365
3121_FN1_P1P2_ENSG00000115414,FN1,-0.008375797
9643_USP24_P1P2_ENSG00000162402,USP24,-0.008376167
9945_YRDC_P1P2_ENSG00000196449,YRDC,-0.008378927
7795_SERF2_P1_ENSG00000140264,SERF2,-0.008379457
9090_TMEM63B_P1P2_ENSG00000137216,TMEM63B,-0.008382345
10329_ZNF394_P1P2_ENSG00000160908,ZNF394,-0.008385484
268_ALG1_P1P2_ENSG00000033011,ALG1,-0.008392966
8689_TAPT1_P1P2_ENSG00000169762,TAPT1,-0.008403158
2597_ELMSAN1_P1_ENSG00000156030,ELMSAN1,-0.008403812
6429_PLD3_P1_ENSG00000105223,PLD3,-0.00841265
6716_PRC1_P1P2_ENSG00000198901,PRC1,-0.008421487
22_ABCB7_P1P2_ENSG00000131269,ABCB7,-0.008425281
9756_VPS39_P1P2_ENSG00000166887,VPS39,-0.008429454
6083_PASD1_P1P2_ENSG00000166049,PASD1,-0.008432001
2576_EIF5A_P1P2_ENSG00000132507,EIF5A,-0.008433351
404_APIP_P1P2_ENSG00000149089,APIP,-0.008438113
4963_MEF2D_P1P2_ENSG00000116604,MEF2D,-0.008452848
9956_YWHAZ_P1P2_ENSG00000164924,YWHAZ,-0.008453252
1296_CCDC78_P1P2_ENSG00000162004,CCDC78,-0.0084549785
10745_ZZEF1_P1P2_ENSG00000074755,ZZEF1,-0.008456617
3082_FH_P1P2_ENSG00000091483,FH,-0.0084614735
2141_DEDD_P1P2_ENSG00000158796,DEDD,-0.008480624
943_TMEM273_P1P2_ENSG00000204161,TMEM273,-0.008484976
1990_CYB5B_P1P2_ENSG00000103018,CYB5B,-0.008488695
30_ABCD3_P1P2_ENSG00000117528,ABCD3,-0.008489161
3945_HSBP1_P1P2_ENSG00000230989,HSBP1,-0.008490678
3901_HOXB3_P1P2_ENSG00000120093,HOXB3,-0.008493444
9197_TP73_P1P2_ENSG00000078900,TP73,-0.008502789
2263_DMTF1_P1P2_ENSG00000135164,DMTF1,-0.008515783
3_AACS_P1P2_ENSG00000081760,AACS,-0.008528548
5336_MTMR4_P1_ENSG00000108389,MTMR4,-0.008529168
1252_CCDC12_P1_ENSG00000160799,CCDC12,-0.008532324
945_FAM241B_P1P2_ENSG00000171224,FAM241B,-0.008534201
7794_SERF1B_ENST00000380751.5_ENSG00000205572,SERF1B,-0.008534494
3483_GP6_P1P2_ENSG00000088053,GP6,-0.008544088
4186_IRF2BPL_P1P2_ENSG00000119669,IRF2BPL,-0.008546194
621_ATG3_P1P2_ENSG00000144848,ATG3,-0.008547559
11272_non-targeting_non-targeting_non-targeting,non-targeting,-0.008548001
2835_FAM117A_P1_ENSG00000121104,FAM117A,-0.008563996
9129_TNFRSF1B_P1_ENSG00000028137,TNFRSF1B,-0.008564869
9388_TTC38_P1P2_ENSG00000075234,TTC38,-0.008565251
7857_SGMS1_P1P2_ENSG00000198964,SGMS1,-0.0085765775
1150_CACYBP_P1P2_ENSG00000116161,CACYBP,-0.008580814
811_BCOR_P1P2_ENSG00000183337,BCOR,-0.008581326
8131_SMAD3_P1P2_ENSG00000166949,SMAD3,-0.0085852165
2620_EME1_P1P2_ENSG00000154920,EME1,-0.008589927
6144_PCSK9_P1P2_ENSG00000169174,PCSK9,-0.008591802
9222_TRA2B_P1P2_ENSG00000136527,TRA2B,-0.008595823
9025_TMEM184B_P1P2_ENSG00000198792,TMEM184B,-0.008605348
3031_FBXO8_P1_ENSG00000164117,FBXO8,-0.008612614
1795_COQ6_P1P2_ENSG00000119723,COQ6,-0.008612811
8357_SPIC_P1P2_ENSG00000166211,SPIC,-0.0086169625
8905_TIFA_P1P2_ENSG00000145365,TIFA,-0.008625171
7597_RUFY3_P2_ENSG00000018189,RUFY3,-0.008625562
5047_MIA2_P1P2_ENSG00000150527,MIA2,-0.00862791
10616_ZNF768_P1_ENSG00000169957,ZNF768,-0.008634567
10072_ZFAT_P1_ENSG00000066827,ZFAT,-0.00864797
8532_STOM_P1P2_ENSG00000148175,STOM,-0.008653762
484_ARHGEF7_ENST00000370623.3_ENSG00000102606,ARHGEF7,-0.008653954
2174_DGCR6L_P1P2_ENSG00000128185,DGCR6L,-0.008656959
7637_SAGE1_P1P2_ENSG00000181433,SAGE1,-0.008662874
10484_ZNF592_P1P2_ENSG00000166716,ZNF592,-0.008681403
2621_EME2_P1P2_ENSG00000197774,EME2,-0.0086837895
2087_DDB1_P1_ENSG00000167986,DDB1,-0.008684293
5855_NUCB1_P1P2_ENSG00000104805,NUCB1,-0.008686009
5480_NBN_P1P2_ENSG00000104320,NBN,-0.0086890645
10674_ZNF845_P1P2_ENSG00000213799,ZNF845,-0.008691617
3836_HMGN3_P1P2_ENSG00000118418,HMGN3,-0.00869315
1362_CD320_P1P2_ENSG00000167775,CD320,-0.008707186
49_ABHD3_P1P2_ENSG00000158201,ABHD3,-0.008717439
11195_non-targeting_non-targeting_non-targeting,non-targeting,-0.008721681
4687_LSM12_P1P2_ENSG00000161654,LSM12,-0.008722377
8439_SRSF8_P1P2_ENSG00000263465,SRSF8,-0.008725931
11122_non-targeting_non-targeting_non-targeting,non-targeting,-0.00873245
767_BATF3_P1P2_ENSG00000123685,BATF3,-0.00873592
9440_TWF2_P1P2_ENSG00000247596,TWF2,-0.008763229
2418_DVL3_P1P2_ENSG00000161202,DVL3,-0.008766265
6994_R3HCC1L_P1P2_ENSG00000166024,R3HCC1L,-0.008768549
10005_ZBTB4_P1_ENSG00000174282,ZBTB4,-0.008777286
7237_REST_P2_ENSG00000084093,REST,-0.00878275
3223_FURIN_P2_ENSG00000140564,FURIN,-0.008792471
3982_HSPB1_P1_ENSG00000106211,HSPB1,-0.008810133
4811_MAP3K4_P1P2_ENSG00000085511,MAP3K4,-0.008813645
10181_ZNF165_P1P2_ENSG00000197279,ZNF165,-0.0088157365
3406_GLS_P1P2_ENSG00000115419,GLS,-0.008819502
308_ANAPC4_P1P2_ENSG00000053900,ANAPC4,-0.008820331
6465_PLSCR3_P1_ENSG00000187838,PLSCR3,-0.008820684
5787_NR1I3_P1P2_ENSG00000143257,NR1I3,-0.008832492
5337_MTMR9_P1P2_ENSG00000104643,MTMR9,-0.00883322
5315_MTG2_P1P2_ENSG00000101181,MTG2,-0.008844448
1663_CLN3_P1P2_ENSG00000188603,CLN3,-0.0088450005
8853_TFIP11_P1P2_ENSG00000100109,TFIP11,-0.00884534
4924_ME2_P1P2_ENSG00000082212,ME2,-0.008849242
7681_SCAMP2_P2_ENSG00000140497,SCAMP2,-0.008850129
7410_ROGDI_P1P2_ENSG00000067836,ROGDI,-0.008855428
5283_MSH6_P1P2_ENSG00000116062,MSH6,-0.008857962
6319_PIAS1_P1P2_ENSG00000033800,PIAS1,-0.008859388
4024_IDH2_P1P2_ENSG00000182054,IDH2,-0.00885992
2949_FAM89A_P1P2_ENSG00000182118,FAM89A,-0.008868737
1546_CHAMP1_P1P2_ENSG00000198824,CHAMP1,-0.008868811
6442_PLEKHG2_P1P2_ENSG00000090924,PLEKHG2,-0.008869905
7073_RAD54B_P1P2_ENSG00000197275,RAD54B,-0.008872944
9112_TMSB4X_P1_ENSG00000205542,TMSB4X,-0.008874813
3232_FXYD5_P1P2_ENSG00000089327,FXYD5,-0.008875537
11267_non-targeting_non-targeting_non-targeting,non-targeting,-0.008877174
3910_HOXC10_P1P2_ENSG00000180818,HOXC10,-0.008888863
6713_SLC66A3_P1P2_ENSG00000162976,SLC66A3,-0.008889743
1265_CCDC167_P1P2_ENSG00000198937,CCDC167,-0.00889
6350_PIH1D1_P1P2_ENSG00000104872,PIH1D1,-0.008895875
6993_QTRT2_P1P2_ENSG00000151576,QTRT2,-0.008898583
10092_ZFP62_P1P2_ENSG00000196670,ZFP62,-0.008899304
11323_non-targeting_non-targeting_non-targeting,non-targeting,-0.008901206
523_ARMC6_P1P2_ENSG00000105676,ARMC6,-0.008901368
4140_INSIG1_P1P2_ENSG00000186480,INSIG1,-0.008914862
1744_COG5_P1P2_ENSG00000164597,COG5,-0.008920905
9351_TSPAN17_P1P2_ENSG00000048140,TSPAN17,-0.00892467
5641_NFIX_P2_ENSG00000008441,NFIX,-0.008930067
11020_non-targeting_non-targeting_non-targeting,non-targeting,-0.008947754
4515_LAPTM5_P1P2_ENSG00000162511,LAPTM5,-0.008948644
3281_GAPDH_P1_ENSG00000111640,GAPDH,-0.008950469
8199_SNAI2_P1P2_ENSG00000019549,SNAI2,-0.008950858
2832_FAM111A_P2_ENSG00000166801,FAM111A,-0.008964191
11166_non-targeting_non-targeting_non-targeting,non-targeting,-0.008964969
4096_IL23R_P1P2_ENSG00000162594,IL23R,-0.0089702625
6069_PARD6B_P1P2_ENSG00000124171,PARD6B,-0.008973472
5838_NT5C3A_P2_ENSG00000122643,NT5C3A,-0.0089890035
4358_WASHC4_P1P2_ENSG00000136051,WASHC4,-0.008992757
3750_HIST1H2AD_P1P2_ENSG00000196866,HIST1H2AD,-0.008999725
956_HIKESHI_P1P2_ENSG00000149196,HIKESHI,-0.00900205
1246_CCDC116_P1P2_ENSG00000161180,CCDC116,-0.009014899
6475_PML_P1P2_ENSG00000140464,PML,-0.009014919
5679_NIPSNAP3A_P1P2_ENSG00000136783,NIPSNAP3A,-0.009016072
10532_ZNF660_P1P2_ENSG00000144792,ZNF660,-0.009020663
4452_KMT2D_P1P2_ENSG00000167548,KMT2D,-0.0090305125
11316_non-targeting_non-targeting_non-targeting,non-targeting,-0.009031209
6674_PPP1R3E_P2_ENSG00000235194,PPP1R3E,-0.009038466
2368_DPYSL2_P1P2_ENSG00000092964,DPYSL2,-0.009044767
2352_DPM1_P1P2_ENSG00000000419,DPM1,-0.009058276
1531_CETN3_P1P2_ENSG00000153140,CETN3,-0.009058687
2812_F8A1_P1P2_ENSG00000277203,F8A1,-0.009058971
2881_FAM178B_P1P2_ENSG00000168754,FAM178B,-0.009063703
6033_PAFAH1B1_P1P2_ENSG00000007168,PAFAH1B1,-0.009076691
3688_HELT_P1P2_ENSG00000187821,HELT,-0.009078963
4640_LRCH4_P2_ENSG00000077454,LRCH4,-0.009082696
5908_NUTF2_P1P2_ENSG00000102898,NUTF2,-0.009088783
5952_OR2T29_ENST00000328570.3_ENSG00000182783,OR2T29,-0.009094445
4993_METTL15_P1_ENSG00000169519,METTL15,-0.00909705
3320_GCLM_P1P2_ENSG00000023909,GCLM,-0.009109653
7741_SEC23A_P1P2_ENSG00000100934,SEC23A,-0.009120549
1709_CNIH4_P1P2_ENSG00000143771,CNIH4,-0.009131817
3608_GYPC_P1P2_ENSG00000136732,GYPC,-0.009134866
4717_LUC7L_P1P2_ENSG00000007392,LUC7L,-0.009135608
10313_ZNF358_P2_ENSG00000198816,ZNF358,-0.00914422
10572_ZNF705G_ENST00000400156.4_ENSG00000215372,ZNF705G,-0.0091508385
1552_CHCHD5_P1P2_ENSG00000125611,CHCHD5,-0.00915723
5877_NUDT9_P1P2_ENSG00000170502,NUDT9,-0.009168872
4067_IGF2BP3_P1P2_ENSG00000136231,IGF2BP3,-0.009189268
1369_CD53_P1P2_ENSG00000143119,CD53,-0.00919604
974_GON7_P1P2_ENSG00000170270,GON7,-0.009196577
5312_MTFR1_P1P2_ENSG00000066855,MTFR1,-0.0092083225
8077_SLC39A6_P1P2_ENSG00000141424,SLC39A6,-0.009210368
508_ARL3_P1P2_ENSG00000138175,ARL3,-0.009215212
7100_RAP1A_P1P2_ENSG00000116473,RAP1A,-0.009229798
4920_MDM4_P1P2_ENSG00000198625,MDM4,-0.009231621
3029_FBXO7_P1P2_ENSG00000100225,FBXO7,-0.0092332065
10952_non-targeting_non-targeting_non-targeting,non-targeting,-0.009238791
11132_non-targeting_non-targeting_non-targeting,non-targeting,-0.0092484895
6008_OXLD1_P1P2_ENSG00000204237,OXLD1,-0.009258661
3734_HINT3_P1P2_ENSG00000111911,HINT3,-0.0092587
8505_STEAP3_P1P2_ENSG00000115107,STEAP3,-0.009260989
162_ADPGK_P1P2_ENSG00000159322,ADPGK,-0.009261633
8059_SLC37A1_P1P2_ENSG00000160190,SLC37A1,-0.009266379
4316_KDELR3_P1P2_ENSG00000100196,KDELR3,-0.009273841
7383_RNF24_P1P2_ENSG00000101236,RNF24,-0.009275312
8717_TBC1D28_ENST00000345096.4_ENSG00000189375,TBC1D28,-0.009275906
7147_RBFOX2_P2_ENSG00000100320,RBFOX2,-0.009285767
4531_LCE1E_P1P2_ENSG00000186226,LCE1E,-0.00928631
2753_ETFB_P1_ENSG00000105379,ETFB,-0.009287186
8604_SURF4_P1P2_ENSG00000148248,SURF4,-0.009296748
10364_ZNF440_P1P2_ENSG00000171295,ZNF440,-0.009307935
8333_SPCS1_P1P2_ENSG00000114902,SPCS1,-0.009310883
10369_ZNF445_P1P2_ENSG00000185219,ZNF445,-0.009317114
8105_SLC6A8_P1P2_ENSG00000130821,SLC6A8,-0.009320386
1057_C20orf203_P1P2_ENSG00000198547,C20orf203,-0.009322761
8354_SPI1_P1P2_ENSG00000066336,SPI1,-0.0093227895
1408_CDC5L_P1P2_ENSG00000096401,CDC5L,-0.009323237
3196_FPGS_P1P2_ENSG00000136877,FPGS,-0.009335455
2830_FAM104B_P1P2_ENSG00000182518,FAM104B,-0.009335784
5709_NME1_P2_ENSG00000239672,NME1,-0.0093483785
9263_TRIM14_P1P2_ENSG00000106785,TRIM14,-0.009361515
3676_HDX_P1P2_ENSG00000165259,HDX,-0.009369293
4221_ITFG2_P1P2_ENSG00000111203,ITFG2,-0.009375929
370_AP1M1_P1P2_ENSG00000072958,AP1M1,-0.009377081
5858_NUDCD1_P1P2_ENSG00000120526,NUDCD1,-0.0093806125
10289_ZNF329_P2_ENSG00000181894,ZNF329,-0.00939715
3870_HNRNPLL_P1P2_ENSG00000143889,HNRNPLL,-0.009397274
7720_SDF2L1_P1P2_ENSG00000128228,SDF2L1,-0.009410594
4133_INPP5A_P1P2_ENSG00000068383,INPP5A,-0.009419883
7280_RHAG_P1P2_ENSG00000112077,RHAG,-0.009437288
10366_ZNF442_P1P2_ENSG00000198342,ZNF442,-0.009441844
10813_non-targeting_non-targeting_non-targeting,non-targeting,-0.00944981
7024_RAB32_P1P2_ENSG00000118508,RAB32,-0.009452076
4202_IRX5_P1P2_ENSG00000176842,IRX5,-0.009461534
11062_non-targeting_non-targeting_non-targeting,non-targeting,-0.009462153
10918_non-targeting_non-targeting_non-targeting,non-targeting,-0.0094625605
9504_UBE2G2_P1P2_ENSG00000184787,UBE2G2,-0.009470893
1926_CTCFL_P1P2_ENSG00000124092,CTCFL,-0.009476426
104_ACTB_P1P2_ENSG00000075624,ACTB,-0.00948259
930_BTN2A2_P1P2_ENSG00000124508,BTN2A2,-0.00948346
8123_SLMAP_P1P2_ENSG00000163681,SLMAP,-0.009485327
1505_CEP44_P1P2_ENSG00000164118,CEP44,-0.009485381
9387_TTC37_P1P2_ENSG00000198677,TTC37,-0.009488317
9954_YWHAH_P1P2_ENSG00000128245,YWHAH,-0.009493679
6066_PAQR4_P1P2_ENSG00000162073,PAQR4,-0.009494785
237_AKIRIN2_P1P2_ENSG00000135334,AKIRIN2,-0.009498536
8379_SPR_P1P2_ENSG00000116096,SPR,-0.009502616
8964_TMA7_P1P2_ENSG00000232112,TMA7,-0.0095041
10688_ZNF888_ENST00000454258.1_ENSG00000213793,ZNF888,-0.00950614
4973_MEN1_P1P2_ENSG00000133895,MEN1,-0.009507443
5435_NAB1_P1P2_ENSG00000138386,NAB1,-0.009514621
8385_SPTBN2_P1P2_ENSG00000173898,SPTBN2,-0.009519437
1641_CLCN6_P1P2_ENSG00000011021,CLCN6,-0.009519538
11013_non-targeting_non-targeting_non-targeting,non-targeting,-0.009521393
4744_MAD1L1_P1P2_ENSG00000002822,MAD1L1,-0.009525044
696_ATRAID_P1P2_ENSG00000138085,ATRAID,-0.0095546795
7611_RWDD3_P1P2_ENSG00000122481,RWDD3,-0.009560218
2757_ETNK2_P1P2_ENSG00000143845,ETNK2,-0.009560721
8006_SLC25A3_P1P2_ENSG00000075415,SLC25A3,-0.0095842695
10725_ZSCAN31_P1_ENSG00000235109,ZSCAN31,-0.009585616
8203_SNAP47_P2_ENSG00000143740,SNAP47,-0.009593019
131_ADAM9_P1P2_ENSG00000168615,ADAM9,-0.009595026
8118_SLC9B1_P1P2_ENSG00000164037,SLC9B1,-0.009605158
9088_TMEM63A_P2_ENSG00000196187,TMEM63A,-0.009609985
9912_XRRA1_P1P2_ENSG00000166435,XRRA1,-0.009612937
7824_SETDB2_P1P2_ENSG00000136169,SETDB2,-0.009616089
11211_non-targeting_non-targeting_non-targeting,non-targeting,-0.009618936
3362_GHITM_P1P2_ENSG00000165678,GHITM,-0.009623437
8111_SLC7A8_P1P2_ENSG00000092068,SLC7A8,-0.009627127
3148_FOXC2_P1P2_ENSG00000176692,FOXC2,-0.009644282
6286_PHF20_P1P2_ENSG00000025293,PHF20,-0.009646337
5913_NXT2_P1P2_ENSG00000101888,NXT2,-0.009659271
6112_PCBP2_P2_ENSG00000197111,PCBP2,-0.009667197
4596_LIN7B_P1P2_ENSG00000104863,LIN7B,-0.009669252
8196_SMYD4_P1P2_ENSG00000186532,SMYD4,-0.009678041
4098_IL6ST_P1P2_ENSG00000134352,IL6ST,-0.009682895
11044_non-targeting_non-targeting_non-targeting,non-targeting,-0.009685794
4542_LDHA_P1P2_ENSG00000134333,LDHA,-0.009686875
10691_ZNF8_P1P2_ENSG00000278129,ZNF8,-0.009689208
9641_USP21_P1P2_ENSG00000143258,USP21,-0.009703735
3126_FNDC3A_ENST00000492622.2_ENSG00000102531,FNDC3A,-0.009707416
6893_PSTK_P2_ENSG00000179988,PSTK,-0.00970928
5780_NR1D1_P1P2_ENSG00000126368,NR1D1,-0.009710576
1090_C4orf33_P2_ENSG00000151470,C4orf33,-0.009712024
7008_RAB13_P1P2_ENSG00000143545,RAB13,-0.009712534
5510_NCOA6_P1P2_ENSG00000198646,NCOA6,-0.0097202705
2098_DDR1_P1_ENSG00000204580,DDR1,-0.009731911
2437_E2F1_P1P2_ENSG00000101412,E2F1,-0.009737239
4489_L3HYPDH_P1P2_ENSG00000126790,L3HYPDH,-0.009738752
9519_UBE2T_P1P2_ENSG00000077152,UBE2T,-0.009739042
8673_TAGLN2_P1P2_ENSG00000158710,TAGLN2,-0.009747237
7803_SERPINB6_P1P2_ENSG00000124570,SERPINB6,-0.009748242
19_ABCA8_P1P2_ENSG00000141338,ABCA8,-0.009753334
6051_PAM_ENST00000304400.7_ENSG00000145730,PAM,-0.009761022
8186_SMPD2_P1P2_ENSG00000135587,SMPD2,-0.009762853
7847_SFXN1_P1P2_ENSG00000164466,SFXN1,-0.009764158
1508_CEP57_P1P2_ENSG00000166037,CEP57,-0.00976654
405_CENPS_P1P2_ENSG00000175279,CENPS,-0.00978332
4125_INIP_P1P2_ENSG00000148153,INIP,-0.009783745
10844_non-targeting_non-targeting_non-targeting,non-targeting,-0.00979319
4319_KDM2A_P1P2_ENSG00000173120,KDM2A,-0.009803857
221_AIMP2_P1P2_ENSG00000106305,AIMP2,-0.009806261
3865_HNRNPF_P1_ENSG00000169813,HNRNPF,-0.0098071955
2910_FAM219B_P1P2_ENSG00000178761,FAM219B,-0.009814228
8110_SLC7A6_P1P2_ENSG00000103064,SLC7A6,-0.009816201
7362_RNF168_P1P2_ENSG00000163961,RNF168,-0.009831549
5185_MRAS_P1P2_ENSG00000158186,MRAS,-0.0098340325
3799_HIVEP3_ENST00000372584.1_ENSG00000127124,HIVEP3,-0.009844516
356_ANTXR2_P1P2_ENSG00000163297,ANTXR2,-0.009851523
9997_ZBTB43_P1P2_ENSG00000169155,ZBTB43,-0.009854122
6668_PPP1R35_P1P2_ENSG00000160813,PPP1R35,-0.009859251
3838_HMGN5_ENST00000358130.2_ENSG00000198157,HMGN5,-0.009867404
2838_FAM118A_P1P2_ENSG00000100376,FAM118A,-0.0098683555
294_AMMECR1_P1P2_ENSG00000101935,AMMECR1,-0.009869025
9182_TOR1AIP2_P1P2_ENSG00000169905,TOR1AIP2,-0.009872109
6295_PHGDH_P1P2_ENSG00000092621,PHGDH,-0.009872287
3416_GMDS_P1P2_ENSG00000112699,GMDS,-0.009881747
7059_RAD17_P1P2_ENSG00000152942,RAD17,-0.009889788
3629_HAND2_P1_ENSG00000164107,HAND2,-0.009897363
1476_CENPBD1_P1P2_ENSG00000177946,CENPBD1,-0.009905566
1390_CDC20_P1P2_ENSG00000117399,CDC20,-0.00991627
2274_DNAJA1_P1_ENSG00000086061,DNAJA1,-0.00991635
2515_EHBP1L1_P1P2_ENSG00000173442,EHBP1L1,-0.009926436
10451_ZNF563_P1P2_ENSG00000188868,ZNF563,-0.009928693
8638_SZT2_P1P2_ENSG00000198198,SZT2,-0.009934087
1411_CDC7_P1P2_ENSG00000097046,CDC7,-0.009937521
542_ARPC5L_P1_ENSG00000136950,ARPC5L,-0.009938784
743_BACH1_P1P2_ENSG00000156273,BACH1,-0.009970506
10045_ZDHHC17_P1P2_ENSG00000186908,ZDHHC17,-0.009978001
978_C14orf178_P1P2_ENSG00000197734,C14orf178,-0.009978901
3917_HOXC8_P1P2_ENSG00000037965,HOXC8,-0.009983094
1845_CPSF7_P1P2_ENSG00000149532,CPSF7,-0.009983102
7690_SCD_P1P2_ENSG00000099194,SCD,-0.009986422
10341_ZNF416_P1P2_ENSG00000083817,ZNF416,-0.010005051
8453_SSNA1_P1P2_ENSG00000176101,SSNA1,-0.0100054955
1760_COMMD3_P1P2_ENSG00000148444,COMMD3,-0.010008476
4632_LPCAT3_P1P2_ENSG00000111684,LPCAT3,-0.01001719
8088_SLC44A2_P2_ENSG00000129353,SLC44A2,-0.010020032
4677_LRRC8D_P1_ENSG00000171492,LRRC8D,-0.01002919
1178_CAPN10_P1P2_ENSG00000142330,CAPN10,-0.010049101
10793_non-targeting_non-targeting_non-targeting,non-targeting,-0.010051746
9808_WDR1_P1P2_ENSG00000071127,WDR1,-0.010057078
6827_PRSS21_P1P2_ENSG00000007038,PRSS21,-0.010057319
1096_C5orf15_P1P2_ENSG00000113583,C5orf15,-0.010071386
9630_USO1_P1P2_ENSG00000138768,USO1,-0.010079533
3142_FOXA1_P1P2_ENSG00000129514,FOXA1,-0.010088314
5126_MMS19_P1P2_ENSG00000155229,MMS19,-0.01009175
4100_ILF3_P1P2_ENSG00000129351,ILF3,-0.010102603
1598_CHRNB1_P1P2_ENSG00000170175,CHRNB1,-0.010111585
578_ASF1A_P1P2_ENSG00000111875,ASF1A,-0.010116533
4999_METTL22_P1P2_ENSG00000067365,METTL22,-0.010126748
3229_FXN_P1P2_ENSG00000165060,FXN,-0.010127589
7173_RBM39_P1P2_ENSG00000131051,RBM39,-0.010130733
10869_non-targeting_non-targeting_non-targeting,non-targeting,-0.01014361
316_ANKFY1_P1P2_ENSG00000185722,ANKFY1,-0.010143839
6058_PANX1_P1P2_ENSG00000110218,PANX1,-0.0101464605
6606_PPARA_P1P2_ENSG00000186951,PPARA,-0.01014858
4165_IPO8_P1P2_ENSG00000133704,IPO8,-0.010156953
7037_RAB5C_P2_ENSG00000108774,RAB5C,-0.010164559
1034_C1RL_P1P2_ENSG00000139178,C1RL,-0.010172423
1106_C6orf136_P1P2_ENSG00000204564,C6orf136,-0.01017804
4289_KBTBD4_ENST00000450908.1_ENSG00000123444,KBTBD4,-0.010189509
10930_non-targeting_non-targeting_non-targeting,non-targeting,-0.010193222
8382_SPTA1_P1P2_ENSG00000163554,SPTA1,-0.010196883
2148_DENND2D_P1_ENSG00000162777,DENND2D,-0.010199276
5853_NUBP2_P1P2_ENSG00000095906,NUBP2,-0.010208608
7068_RAD51C_P1P2_ENSG00000108384,RAD51C,-0.010209268
8943_TLCD1_P1P2_ENSG00000160606,TLCD1,-0.010209963
2485_EEF1D_P1P2_ENSG00000104529,EEF1D,-0.01021906
4036_IER5_P1P2_ENSG00000162783,IER5,-0.01022816
9732_VKORC1_P1P2_ENSG00000167397,VKORC1,-0.010229025
10671_ZNF841_P1P2_ENSG00000197608,ZNF841,-0.010230028
386_AP4M1_P1P2_ENSG00000221838,AP4M1,-0.010237733
6742_PRELID2_P1P2_ENSG00000186314,PRELID2,-0.010245106
6820_PRRC2B_P1P2_ENSG00000130723,PRRC2B,-0.010255026
11311_non-targeting_non-targeting_non-targeting,non-targeting,-0.010255685
2863_FAM156B_ENST00000452154.2_ENSG00000179304,FAM156B,-0.0102602085
9015_TMEM167A_P1P2_ENSG00000174695,TMEM167A,-0.010263231
6715_PRAME_P1P2_ENSG00000185686,PRAME,-0.010263921
2882_TOGARAM1_P1P2_ENSG00000198718,TOGARAM1,-0.010265453
9805_WDR13_P1P2_ENSG00000101940,WDR13,-0.010269626
7412_ROR2_P1P2_ENSG00000169071,ROR2,-0.010274066
8095_SLC4A2_P1_ENSG00000164889,SLC4A2,-0.010279419
6452_PLIN3_P1P2_ENSG00000105355,PLIN3,-0.0102884825
3951_HSD17B1_P1P2_ENSG00000108786,HSD17B1,-0.010300841
7129_RASSF7_P1P2_ENSG00000099849,RASSF7,-0.01030272
5718_NMNAT3_P1P2_ENSG00000163864,NMNAT3,-0.0103029115
3946_HSCB_P1P2_ENSG00000100209,HSCB,-0.01030377
5305_MTCP1_P1P2_ENSG00000214827,MTCP1,-0.01030577
1626_CKAP2L_P1P2_ENSG00000169607,CKAP2L,-0.010307655
1183_CAPNS1_P1P2_ENSG00000126247,CAPNS1,-0.010312975
1722_CNOT7_P1P2_ENSG00000198791,CNOT7,-0.010313444
9187_TOR4A_P1P2_ENSG00000198113,TOR4A,-0.010319276
9557_UBXN4_P1P2_ENSG00000144224,UBXN4,-0.0103234
10455_ZNF567_P1P2_ENSG00000189042,ZNF567,-0.010323417
2624_EML2_P1_ENSG00000125746,EML2,-0.010327209
9939_YLPM1_P1P2_ENSG00000119596,YLPM1,-0.010328545
9511_UBE2L6_P1P2_ENSG00000156587,UBE2L6,-0.010332204
7556_RRM1_P1P2_ENSG00000167325,RRM1,-0.0103372615
8700_TATDN3_P2_ENSG00000203705,TATDN3,-0.010338733
11223_non-targeting_non-targeting_non-targeting,non-targeting,-0.010352299
7626_S100PBP_P1P2_ENSG00000116497,S100PBP,-0.010356128
11115_non-targeting_non-targeting_non-targeting,non-targeting,-0.010357122
3332_GDI2_P1_ENSG00000057608,GDI2,-0.0103575485
2040_DBNDD2_P2_ENSG00000244274,DBNDD2,-0.010371425
11239_non-targeting_non-targeting_non-targeting,non-targeting,-0.010377858
9241_TRAPPC10_P1P2_ENSG00000160218,TRAPPC10,-0.010381301
5329_MTM1_P1P2_ENSG00000171100,MTM1,-0.010382373
9589_UNC119_P2_ENSG00000109103,UNC119,-0.010395075
3464_GOLGA8A_ENST00000543376.1_ENSG00000175265,GOLGA8A,-0.010398159
9662_USP45_P1P2_ENSG00000123552,USP45,-0.010412669
10195_ZNF195_P1P2_ENSG00000005801,ZNF195,-0.010413502
8386_SPTB_P1P2_ENSG00000070182,SPTB,-0.010414505
2899_TASOR_P1P2_ENSG00000163946,TASOR,-0.010428607
5117_MLXIP_P1P2_ENSG00000175727,MLXIP,-0.010433774
6364_PIM2_P1P2_ENSG00000102096,PIM2,-0.010436718
6821_PRRC2C_P1P2_ENSG00000117523,PRRC2C,-0.010444457
9306_TRMT13_P1P2_ENSG00000122435,TRMT13,-0.010462471
5288_MSMO1_P1P2_ENSG00000052802,MSMO1,-0.010469085
9036_TMEM203_P1P2_ENSG00000187713,TMEM203,-0.010477557
6477_PMM2_P1P2_ENSG00000140650,PMM2,-0.010478142
5128_MNAT1_P1P2_ENSG00000020426,MNAT1,-0.010478385
7099_RAN_P1P2_ENSG00000132341,RAN,-0.010481323
9407_TUBA1A_P1P2_ENSG00000167552,TUBA1A,-0.010481694
6857_PSMC1_P1P2_ENSG00000100764,PSMC1,-0.0104911085
4830_MAPK6_P1P2_ENSG00000069956,MAPK6,-0.010493809
3749_HIST1H2AC_P1P2_ENSG00000180573,HIST1H2AC,-0.01050035
5558_NDUFB6_P1P2_ENSG00000165264,NDUFB6,-0.010528243
3222_FURIN_P1_ENSG00000140564,FURIN,-0.0105348425
1799_CORO1B_P2_ENSG00000172725,CORO1B,-0.01053904
3863_HNRNPD_P1P2_ENSG00000138668,HNRNPD,-0.010551311
10062_ZEB2_P1_ENSG00000169554,ZEB2,-0.010558623
8907_TIGD2_P1P2_ENSG00000180346,TIGD2,-0.010573367
10297_ZNF335_P1P2_ENSG00000198026,ZNF335,-0.010580145
2183_DGUOK_P1P2_ENSG00000114956,DGUOK,-0.010619
10245_ZNF263_P1_ENSG00000006194,ZNF263,-0.010620549
11090_non-targeting_non-targeting_non-targeting,non-targeting,-0.010624737
3226_FUT11_P1P2_ENSG00000196968,FUT11,-0.010629329
6285_PHF20L1_P1P2_ENSG00000129292,PHF20L1,-0.01063579
9107_TMOD1_P1P2_ENSG00000136842,TMOD1,-0.010637926
7821_SETD7_P1P2_ENSG00000145391,SETD7,-0.0106401695
7588_RTN2_P2_ENSG00000125744,RTN2,-0.010651868
8368_SPPL2B_P1P2_ENSG00000005206,SPPL2B,-0.010651962
2227_DIP2A_P1P2_ENSG00000160305,DIP2A,-0.010652656
10116_ZHX2_P1P2_ENSG00000178764,ZHX2,-0.010655837
11170_non-targeting_non-targeting_non-targeting,non-targeting,-0.010659471
2192_DHRS12_P1P2_ENSG00000102796,DHRS12,-0.010660084
5203_MRPL1_P1P2_ENSG00000169288,MRPL1,-0.010660368
803_BCL2L2_P1P2_ENSG00000129473,BCL2L2,-0.01067622
8349_SPART_P1P2_ENSG00000133104,SPART,-0.0106788585
9661_USP44_P2_ENSG00000136014,USP44,-0.010682589
10578_ZNF70_P1P2_ENSG00000187792,ZNF70,-0.0106828185
10959_non-targeting_non-targeting_non-targeting,non-targeting,-0.010685256
9741_VPS13D_P1P2_ENSG00000048707,VPS13D,-0.010686794
2283_DNAJB6_P1P2_ENSG00000105993,DNAJB6,-0.0106915515
10176_ZNF14_P1P2_ENSG00000105708,ZNF14,-0.01070437
3553_GSN_P1P2_ENSG00000148180,GSN,-0.01070843
9283_TRIM59_P1P2_ENSG00000213186,TRIM59,-0.0107143475
2735_ESR1_P1_ENSG00000091831,ESR1,-0.010716853
7747_SEC24D_P1P2_ENSG00000150961,SEC24D,-0.01074521
3737_HIPK2_P1P2_ENSG00000064393,HIPK2,-0.010751249
8287_SOX21_P1P2_ENSG00000125285,SOX21,-0.010759669
3907_HOXB8_P1_ENSG00000120068,HOXB8,-0.010772758
2582_ELAC2_P1P2_ENSG00000006744,ELAC2,-0.010779516
9372_TSTD2_P1P2_ENSG00000136925,TSTD2,-0.010786791
6554_POLR2M_P1P2_ENSG00000255529,POLR2M,-0.010788429
1275_CCDC28B_P1_ENSG00000160050,CCDC28B,-0.0107978005
10198_ZNF200_P1P2_ENSG00000010539,ZNF200,-0.010805783
11209_non-targeting_non-targeting_non-targeting,non-targeting,-0.010823498
7829_SF1_P1P2_ENSG00000168066,SF1,-0.010836604
1497_CEP152_P1P2_ENSG00000103995,CEP152,-0.010846942
2820_FAF2_P1P2_ENSG00000113194,FAF2,-0.010848581
5114_MLLT6_P1P2_ENSG00000275023,MLLT6,-0.010851959
11282_non-targeting_non-targeting_non-targeting,non-targeting,-0.010858395
9763_VPS52_P1P2_ENSG00000223501,VPS52,-0.010860354
2885_MINDY3_P1P2_ENSG00000148481,MINDY3,-0.010861025
6412_PLAGL1_P1_ENSG00000118495,PLAGL1,-0.010867719
2232_DIS3L_P1P2_ENSG00000166938,DIS3L,-0.010876132
10989_non-targeting_non-targeting_non-targeting,non-targeting,-0.010876674
3323_GCOM1_P1P2_ENSG00000137878,GCOM1,-0.010880544
8926_TIMM8B_P1P2_ENSG00000150779,TIMM8B,-0.010887908
2554_EIF3J_P1P2_ENSG00000104131,EIF3J,-0.010913231
18_ABCA7_P1_ENSG00000064687,ABCA7,-0.010914563
5629_NFE2L1_P1P2_ENSG00000082641,NFE2L1,-0.01091985
3871_HNRNPL_P2_ENSG00000104824,HNRNPL,-0.010921391
9530_UBFD1_P1P2_ENSG00000103353,UBFD1,-0.010923626
4287_KBTBD2_P1P2_ENSG00000170852,KBTBD2,-0.010927855
4137_INPP5F_ENST00000361976.2_ENSG00000198825,INPP5F,-0.010935818
1772_COPB2_P1P2_ENSG00000184432,COPB2,-0.01094457
3456_GOLGA2_P1P2_ENSG00000167110,GOLGA2,-0.010945093
9931_YIPF2_P1P2_ENSG00000130733,YIPF2,-0.010947786
4275_KAT2B_P1P2_ENSG00000114166,KAT2B,-0.010954351
5303_MTCH1_P1P2_ENSG00000137409,MTCH1,-0.010955259
2815_FADS1_P1P2_ENSG00000149485,FADS1,-0.010961795
7974_SLC1A4_P1P2_ENSG00000115902,SLC1A4,-0.010962699
4618_LMNB2_P1P2_ENSG00000176619,LMNB2,-0.01097625
5592_NEK1_P1P2_ENSG00000137601,NEK1,-0.010980387
2556_EIF3L_P1P2_ENSG00000100129,EIF3L,-0.01098094
9803_WDR11_P1P2_ENSG00000120008,WDR11,-0.010983314
7806_SERPING1_P1P2_ENSG00000149131,SERPING1,-0.010984907
11076_non-targeting_non-targeting_non-targeting,non-targeting,-0.010988235
9881_WTAP_P1P2_ENSG00000146457,WTAP,-0.010992392
8711_TBC1D20_P1P2_ENSG00000125875,TBC1D20,-0.010992543
3985_HSPD1_P1P2_ENSG00000144381,HSPD1,-0.011000323
11201_non-targeting_non-targeting_non-targeting,non-targeting,-0.011003214
2259_DMRTA1_P1P2_ENSG00000176399,DMRTA1,-0.011006116
7691_SCFD1_P1P2_ENSG00000092108,SCFD1,-0.011009166
2360_DPP9_P1_ENSG00000142002,DPP9,-0.011012422
3069_FGF13_ENST00000315930.6_ENSG00000129682,FGF13,-0.0110227065
7393_RNF4_P1P2_ENSG00000063978,RNF4,-0.01103492
1048_C1orf35_P1P2_ENSG00000143793,C1orf35,-0.011037819
192_AGPAT1_P1_ENSG00000204310,AGPAT1,-0.011038215
647_ATP2A2_P1P2_ENSG00000174437,ATP2A2,-0.011046056
7911_SIK3_P1P2_ENSG00000160584,SIK3,-0.011055919
342_ANKRD49_P1P2_ENSG00000168876,ANKRD49,-0.011062727
11057_non-targeting_non-targeting_non-targeting,non-targeting,-0.011064254
5823_NSDHL_P1P2_ENSG00000147383,NSDHL,-0.01107178
4085_IKZF4_P1_ENSG00000123411,IKZF4,-0.011073408
10613_ZNF765_P1_ENSG00000196417,ZNF765,-0.011075913
4093_IL17RA_P1P2_ENSG00000177663,IL17RA,-0.011080733
3912_HOXC12_P1P2_ENSG00000123407,HOXC12,-0.011089911
11318_non-targeting_non-targeting_non-targeting,non-targeting,-0.011099039
8968_TMC6_P1P2_ENSG00000141524,TMC6,-0.011113371
8055_SLC35G2_P1P2_ENSG00000168917,SLC35G2,-0.011125373
7363_RNF169_P1P2_ENSG00000166439,RNF169,-0.01115413
7109_RAPGEF2_ENST00000264431.4_ENSG00000109756,RAPGEF2,-0.011157583
3931_HPRT1_P1P2_ENSG00000165704,HPRT1,-0.011157972
"3575_GTF2H2_ENST00000274400.5,ENST00000330280.7_ENSG00000145736",GTF2H2,-0.0111637255
1030_C1GALT1C1_P1P2_ENSG00000171155,C1GALT1C1,-0.011165276
7886_SH3GLB2_P1P2_ENSG00000148341,SH3GLB2,-0.011165611
307_ANAPC2_P1P2_ENSG00000176248,ANAPC2,-0.011170854
7542_RPUSD1_P2_ENSG00000007376,RPUSD1,-0.011172861
3809_HLA-C_P1P2_ENSG00000204525,HLA-C,-0.0111799
6745_PRG2_P1P2_ENSG00000186652,PRG2,-0.011189758
1163_CAMK1_P1P2_ENSG00000134072,CAMK1,-0.01119402
26_ABCC10_P1P2_ENSG00000124574,ABCC10,-0.011196522
7145_RBCK1_P1P2_ENSG00000125826,RBCK1,-0.011198823
6809_PRR11_P1P2_ENSG00000068489,PRR11,-0.011200979
9694_VAMP2_P1P2_ENSG00000220205,VAMP2,-0.011201083
1910_CSRNP3_P1_ENSG00000178662,CSRNP3,-0.01120416
7608_RUVBL2_P1P2_ENSG00000183207,RUVBL2,-0.011213285
8133_SMAD5_P1P2_ENSG00000113658,SMAD5,-0.01122409
6390_PKIB_P1_ENSG00000135549,PKIB,-0.01123103
5517_NCSTN_P1P2_ENSG00000162736,NCSTN,-0.011237655
1721_CNOT6_P1P2_ENSG00000113300,CNOT6,-0.01123862
10259_ZNF280A_P1P2_ENSG00000169548,ZNF280A,-0.011239585
3092_FKBP14_P1P2_ENSG00000106080,FKBP14,-0.011240606
10652_ZNF808_P2_ENSG00000198482,ZNF808,-0.011242692
3267_GALNT10_P1P2_ENSG00000164574,GALNT10,-0.011245576
8848_TFE3_P1P2_ENSG00000068323,TFE3,-0.011251801
5722_NMU_P1P2_ENSG00000109255,NMU,-0.011258255
4976_MEPCE_P1P2_ENSG00000146834,MEPCE,-0.011275478
8270_SOHLH2_ENST00000379881.3_ENSG00000120669,SOHLH2,-0.011280263
3730_HILPDA_P1P2_ENSG00000135245,HILPDA,-0.011280775
9168_TOMM5_P1P2_ENSG00000175768,TOMM5,-0.011286804
8360_SPIN2B_P1P2_ENSG00000186787,SPIN2B,-0.011289697
6372_PIP4K2C_P1P2_ENSG00000166908,PIP4K2C,-0.011305387
410_APOBEC3B_P1P2_ENSG00000179750,APOBEC3B,-0.011307814
9177_TOP3A_P1P2_ENSG00000177302,TOP3A,-0.011331638
3266_GALM_P1P2_ENSG00000143891,GALM,-0.011348283
8275_SORT1_P1P2_ENSG00000134243,SORT1,-0.011362368
9621_URI1_P1P2_ENSG00000105176,URI1,-0.011385447
4404_KLC1_P1P2_ENSG00000126214,KLC1,-0.011388079
1420_CDK10_P1P2_ENSG00000185324,CDK10,-0.011389248
11284_non-targeting_non-targeting_non-targeting,non-targeting,-0.011392364
4331_KDM8_P1P2_ENSG00000155666,KDM8,-0.011399842
9870_WNT5B_ENST00000537031.1_ENSG00000111186,WNT5B,-0.011401359
5346_MTRR_P1P2_ENSG00000124275,MTRR,-0.011406185
7760_SEL1L_P1P2_ENSG00000071537,SEL1L,-0.011409416
10071_ZFAT_P2_ENSG00000066827,ZFAT,-0.011414819
2935_DIPK1B_P1P2_ENSG00000165716,DIPK1B,-0.011417806
838_BIRC6_P1P2_ENSG00000115760,BIRC6,-0.011422831
5181_MPZ_P2_ENSG00000158887,MPZ,-0.011428726
5865_NUDT16L1_P1P2_ENSG00000168101,NUDT16L1,-0.011436813
9315_TRMT6_P1P2_ENSG00000089195,TRMT6,-0.0114415595
7892_SHCBP1_P1P2_ENSG00000171241,SHCBP1,-0.011459554
2846_FAM124B_P1P2_ENSG00000124019,FAM124B,-0.011463748
2241_DLGAP4_P1P2_ENSG00000080845,DLGAP4,-0.011482723
570_ASCC1_P1P2_ENSG00000138303,ASCC1,-0.011487738
10625_ZNF776_P1P2_ENSG00000152443,ZNF776,-0.011492796
10839_non-targeting_non-targeting_non-targeting,non-targeting,-0.011502441
880_BPTF_P1P2_ENSG00000171634,BPTF,-0.011504676
1541_CGGBP1_P2_ENSG00000163320,CGGBP1,-0.01151543
7770_SEMA4C_P1_ENSG00000168758,SEMA4C,-0.011524672
174_AFF1_P1P2_ENSG00000172493,AFF1,-0.011526204
8336_SPCS3_P2_ENSG00000129128,SPCS3,-0.011534017
8383_SPTAN1_P1P2_ENSG00000197694,SPTAN1,-0.011543574
4491_L3MBTL1_P1_ENSG00000185513,L3MBTL1,-0.011560502
8169_SMG8_P1P2_ENSG00000167447,SMG8,-0.011579242
6780_PRMT7_P1P2_ENSG00000132600,PRMT7,-0.01158107
6107_PBXIP1_P1P2_ENSG00000163346,PBXIP1,-0.011582749
6437_PLEKHA5_P1P2_ENSG00000052126,PLEKHA5,-0.011596536
2907_FAM216A_P1P2_ENSG00000204856,FAM216A,-0.011605654
10977_non-targeting_non-targeting_non-targeting,non-targeting,-0.0116062015
4322_KDM3A_P1P2_ENSG00000115548,KDM3A,-0.011618445
7719_SDE2_P1P2_ENSG00000143751,SDE2,-0.01162603
7587_RTKN2_P1P2_ENSG00000182010,RTKN2,-0.011632445
10874_non-targeting_non-targeting_non-targeting,non-targeting,-0.01164471
10571_ZNF705D_ENST00000400085.3_ENSG00000215343,ZNF705D,-0.011644867
4550_LEMD3_P1P2_ENSG00000174106,LEMD3,-0.011651387
6512_POLA1_P1P2_ENSG00000101868,POLA1,-0.0116573265
9478_UBA1_P1_ENSG00000130985,UBA1,-0.011665484
1188_CARD11_P1P2_ENSG00000198286,CARD11,-0.011682222
8102_SLC5A6_P1P2_ENSG00000138074,SLC5A6,-0.011715246
6448_PLEKHN1_P1P2_ENSG00000187583,PLEKHN1,-0.011716895
2338_DPAGT1_P1P2_ENSG00000172269,DPAGT1,-0.011717718
7955_SLC11A2_P1_ENSG00000110911,SLC11A2,-0.011724448
2303_DNAJC7_P1P2_ENSG00000168259,DNAJC7,-0.011731318
2173_DGCR2_P1P2_ENSG00000070413,DGCR2,-0.011739225
4660_LRRC28_P1P2_ENSG00000168904,LRRC28,-0.011753997
2056_DCAF4_P1P2_ENSG00000119599,DCAF4,-0.01176908
5604_NES_P2_ENSG00000132688,NES,-0.011770159
2059_DCAF7_P1P2_ENSG00000136485,DCAF7,-0.0117935315
4337_KHDRBS1_P1P2_ENSG00000121774,KHDRBS1,-0.011804406
11214_non-targeting_non-targeting_non-targeting,non-targeting,-0.011816265
10399_ZNF496_P1P2_ENSG00000162714,ZNF496,-0.011820129
1191_CARD9_P1P2_ENSG00000187796,CARD9,-0.011823133
6147_PCYT1A_P1P2_ENSG00000161217,PCYT1A,-0.011824784
3405_GLRX_P1P2_ENSG00000173221,GLRX,-0.011830541
9962_ZBED2_P1P2_ENSG00000177494,ZBED2,-0.0118345525
8965_TMBIM1_P1P2_ENSG00000135926,TMBIM1,-0.011848788
5465_CIAO3_P1P2_ENSG00000103245,CIAO3,-0.011851748
10522_ZNF644_P1P2_ENSG00000122482,ZNF644,-0.011853183
1550_CHCHD3_P1P2_ENSG00000106554,CHCHD3,-0.011854773
7858_SGO1_P1P2_ENSG00000129810,SGO1,-0.011855538
10694_ZNF92_P1P2_ENSG00000146757,ZNF92,-0.011870378
1134_C9orf64_P1P2_ENSG00000165118,C9orf64,-0.011881623
5478_NBEAL2_P1_ENSG00000160796,NBEAL2,-0.011886075
2076_DCTN4_P1P2_ENSG00000132912,DCTN4,-0.011889281
10420_ZNF524_P1P2_ENSG00000171443,ZNF524,-0.011896583
1983_CXorf40A_P1P2_ENSG00000197620,CXorf40A,-0.011897034
4166_IPO9_P1P2_ENSG00000198700,IPO9,-0.0118983295
11059_non-targeting_non-targeting_non-targeting,non-targeting,-0.011899168
201_AHCTF1_P1P2_ENSG00000153207,AHCTF1,-0.011900224
3135_FOPNL_P1P2_ENSG00000133393,FOPNL,-0.011907455
10890_non-targeting_non-targeting_non-targeting,non-targeting,-0.011912794
678_ATP6V0E2_P1P2_ENSG00000171130,ATP6V0E2,-0.011919083
7260_RFX3_P1P2_ENSG00000080298,RFX3,-0.011930137
6025_PABPC4_P1P2_ENSG00000090621,PABPC4,-0.011935608
762_BARHL1_P1P2_ENSG00000125492,BARHL1,-0.011944933
10093_ZFP64_P1P2_ENSG00000020256,ZFP64,-0.011951188
1425_CDK13_P1P2_ENSG00000065883,CDK13,-0.0119534135
427_AQP10_P1P2_ENSG00000143595,AQP10,-0.011953927
9393_TTC7B_P1P2_ENSG00000165914,TTC7B,-0.011955728
4604_LLGL2_P1_ENSG00000073350,LLGL2,-0.011965192
2218_DHX9_P1P2_ENSG00000135829,DHX9,-0.011974084
802_BCL2L1_P2_ENSG00000171552,BCL2L1,-0.011992637
6555_POLR3A_P1P2_ENSG00000148606,POLR3A,-0.0119969295
3585_GTF3C2_P1P2_ENSG00000115207,GTF3C2,-0.011998897
2197_DHRS4L2_ENST00000382755.4_ENSG00000187630,DHRS4L2,-0.012013472
5228_MRPL45_P1P2_ENSG00000278845,MRPL45,-0.012030355
5954_OR4F4_ENST00000326183.3_ENSG00000177693,OR4F4,-0.012040904
1168_CAMSAP1_P1P2_ENSG00000130559,CAMSAP1,-0.012050821
4771_MAGED2_P1_ENSG00000102316,MAGED2,-0.012056882
2784_EXOC7_P1P2_ENSG00000182473,EXOC7,-0.012066465
5415_MZT2A_P1P2_ENSG00000173272,MZT2A,-0.012067135
9106_TMLHE_P1P2_ENSG00000185973,TMLHE,-0.012070056
9178_TOP3B_P1P2_ENSG00000100038,TOP3B,-0.012074733
5970_ORC6_P1P2_ENSG00000091651,ORC6,-0.012075863
9297_TRIP4_P1P2_ENSG00000103671,TRIP4,-0.012077566
8407_SRGAP2_P1P2_ENSG00000266028,SRGAP2,-0.012085826
760_BAP1_P1P2_ENSG00000163930,BAP1,-0.012097387
9865_WIPI2_P1P2_ENSG00000157954,WIPI2,-0.0121116815
81_ACD_P1P2_ENSG00000102977,ACD,-0.0121127255
2751_ETFA_P1P2_ENSG00000140374,ETFA,-0.012119426
9052_TMEM237_P1P2_ENSG00000155755,TMEM237,-0.012120953
8734_TBL1XR1_P1P2_ENSG00000177565,TBL1XR1,-0.012128129
5916_OAT_P1P2_ENSG00000065154,OAT,-0.012133229
10471_ZNF580_P1_ENSG00000213015,ZNF580,-0.012136919
6914_PTK2_P1P2_ENSG00000169398,PTK2,-0.012143672
9540_UBP1_P1P2_ENSG00000153560,UBP1,-0.012147887
11021_non-targeting_non-targeting_non-targeting,non-targeting,-0.012149579
1237_CC2D1B_P1P2_ENSG00000154222,CC2D1B,-0.012155728
9162_TOM1_P1P2_ENSG00000100284,TOM1,-0.012176133
7866_SGTB_P1P2_ENSG00000197860,SGTB,-0.012181471
77_ACBD3_P1P2_ENSG00000182827,ACBD3,-0.012193009
5933_OGT_P1P2_ENSG00000147162,OGT,-0.012197743
3246_GAB2_P1P2_ENSG00000033327,GAB2,-0.01222072
885_BRCA2_P1P2_ENSG00000139618,BRCA2,-0.012223902
9296_TRIP13_P1P2_ENSG00000071539,TRIP13,-0.012225919
10770_non-targeting_non-targeting_non-targeting,non-targeting,-0.012240983
650_ATP2B4_P1P2_ENSG00000058668,ATP2B4,-0.012241619
7273_RGS10_P1P2_ENSG00000148908,RGS10,-0.012242895
10416_ZNF518A_P1P2_ENSG00000177853,ZNF518A,-0.012249434
485_ARHGEF9_P1P2_ENSG00000131089,ARHGEF9,-0.012250085
4777_MAGOHB_P1P2_ENSG00000111196,MAGOHB,-0.012253273
1322_CCND2_P1P2_ENSG00000118971,CCND2,-0.012254745
5942_ONECUT2_P1P2_ENSG00000119547,ONECUT2,-0.012267219
4849_MARCH9_P1P2_ENSG00000139266,MARCH9,-0.012271337
9809_WDR20_P1P2_ENSG00000140153,WDR20,-0.012280091
8320_SPAST_P1P2_ENSG00000021574,SPAST,-0.012284437
4184_IRF2BP2_P1_ENSG00000168264,IRF2BP2,-0.012287976
7722_SDF4_P1P2_ENSG00000078808,SDF4,-0.01229783
3358_GGPS1_P1P2_ENSG00000152904,GGPS1,-0.012305116
109_ACTR10_P1P2_ENSG00000131966,ACTR10,-0.0123160565
2818_FADS3_P1P2_ENSG00000221968,FADS3,-0.012318723
619_ATG2A_P1P2_ENSG00000110046,ATG2A,-0.012322089
7106_RAP2B_P1P2_ENSG00000181467,RAP2B,-0.012326718
4305_KCTD2_P1P2_ENSG00000180901,KCTD2,-0.012333405
2805_EZR_P1_ENSG00000092820,EZR,-0.012339227
5655_NFXL1_P1P2_ENSG00000170448,NFXL1,-0.0123395
7296_RHOT1_P1P2_ENSG00000126858,RHOT1,-0.012348811
731_B3GNTL1_P1_ENSG00000175711,B3GNTL1,-0.012360908
10069_ZFAND5_P1P2_ENSG00000107372,ZFAND5,-0.012361218
8316_SPAG5_P1P2_ENSG00000076382,SPAG5,-0.012365341
2326_DOCK8_P1P2_ENSG00000107099,DOCK8,-0.012365576
7710_SCRT2_P1P2_ENSG00000215397,SCRT2,-0.012367168
9272_TRIM33_P1P2_ENSG00000197323,TRIM33,-0.012367211
7930_SIVA1_P1P2_ENSG00000184990,SIVA1,-0.012372277
8177_SMIM1_P1P2_ENSG00000235169,SMIM1,-0.012386029
1000_C16orf95_P1P2_ENSG00000260456,C16orf95,-0.0123878
3515_GPRC5C_P1P2_ENSG00000170412,GPRC5C,-0.0123954415
4670_LRRC58_P1P2_ENSG00000163428,LRRC58,-0.012395556
6835_PSD4_P1P2_ENSG00000125637,PSD4,-0.012398685
4163_IPO5_P1P2_ENSG00000065150,IPO5,-0.012404878
5905_NUP42_P1P2_ENSG00000136243,NUP42,-0.012423252
10937_non-targeting_non-targeting_non-targeting,non-targeting,-0.012423937
9304_TRMT11_P1P2_ENSG00000066651,TRMT11,-0.012427751
589_ASPM_P1P2_ENSG00000066279,ASPM,-0.0124345645
4442_KLHL36_P1_ENSG00000135686,KLHL36,-0.012461646
10486_ZNF594_P1P2_ENSG00000180626,ZNF594,-0.01246394
1587_CHMP5_P1P2_ENSG00000086065,CHMP5,-0.012464923
5437_NABP1_P1P2_ENSG00000173559,NABP1,-0.012482475
1557_CHD2_P1_ENSG00000173575,CHD2,-0.012487931
4129_INO80E_P1P2_ENSG00000169592,INO80E,-0.012493837
397_APC_P1_ENSG00000134982,APC,-0.012493919
600_ATAD3A_P1P2_ENSG00000197785,ATAD3A,-0.012509922
10414_ZNF516_P1P2_ENSG00000101493,ZNF516,-0.012513311
4492_L3MBTL2_P1P2_ENSG00000100395,L3MBTL2,-0.012520243
2984_FAXDC2_P1_ENSG00000170271,FAXDC2,-0.012522798
3578_GTF2H5_P1P2_ENSG00000272047,GTF2H5,-0.012529864
4250_JAZF1_P1P2_ENSG00000153814,JAZF1,-0.012530493
6324_PIBF1_P1P2_ENSG00000083535,PIBF1,-0.012537073
56_ABL2_P1_ENSG00000143322,ABL2,-0.012545451
3638_HAUS5_P1P2_ENSG00000249115,HAUS5,-0.0125454785
2144_DEGS1_P1P2_ENSG00000143753,DEGS1,-0.012549566
9601_UPF2_P1P2_ENSG00000151461,UPF2,-0.012569435
4051_IFT172_P1P2_ENSG00000138002,IFT172,-0.012580562
10948_non-targeting_non-targeting_non-targeting,non-targeting,-0.012580882
7991_SLC25A21_P1P2_ENSG00000183032,SLC25A21,-0.012584916
4375_KIF13A_P1P2_ENSG00000137177,KIF13A,-0.012598518
4156_INTU_P1_ENSG00000164066,INTU,-0.01259881
10801_non-targeting_non-targeting_non-targeting,non-targeting,-0.012632117
1872_CRIM1_P1P2_ENSG00000150938,CRIM1,-0.012635476
10421_ZNF526_P1P2_ENSG00000167625,ZNF526,-0.012644681
5367_MYBL2_P1P2_ENSG00000101057,MYBL2,-0.012649684
7796_SERF2_P2_ENSG00000140264,SERF2,-0.012657784
3740_HIRA_P2_ENSG00000100084,HIRA,-0.012661838
5287_MSL3_P1P2_ENSG00000005302,MSL3,-0.012676309
6595_POU4F2_P1P2_ENSG00000151615,POU4F2,-0.012676368
8244_SNX15_P1_ENSG00000110025,SNX15,-0.01268975
5841_NT5C_P1P2_ENSG00000125458,NT5C,-0.012691224
5274_MS4A4A_P1P2_ENSG00000110079,MS4A4A,-0.012694942
4513_LAPTM4A_P1P2_ENSG00000068697,LAPTM4A,-0.012709864
8593_SUOX_P1P2_ENSG00000139531,SUOX,-0.012716279
5834_NSUN4_P1P2_ENSG00000117481,NSUN4,-0.012722803
10878_non-targeting_non-targeting_non-targeting,non-targeting,-0.012723395
10131_ZKSCAN5_P1P2_ENSG00000196652,ZKSCAN5,-0.012724175
10338_ZNF410_P1P2_ENSG00000119725,ZNF410,-0.012731545
4960_MEF2A_P1P2_ENSG00000068305,MEF2A,-0.012744037
8397_SRCAP_P1P2_ENSG00000080603,SRCAP,-0.01274734
5553_NDUFB1_P1P2_ENSG00000183648,NDUFB1,-0.012758642
1616_CIRBP_P1P2_ENSG00000099622,CIRBP,-0.012762795
1837_CPPED1_P1P2_ENSG00000103381,CPPED1,-0.012774382
3252_GABBR1_P1_ENSG00000204681,GABBR1,-0.012784645
4672_LRRC59_P2_ENSG00000108829,LRRC59,-0.012795558
11087_non-targeting_non-targeting_non-targeting,non-targeting,-0.012799432
253_ALDH18A1_P1P2_ENSG00000059573,ALDH18A1,-0.012804361
11095_non-targeting_non-targeting_non-targeting,non-targeting,-0.012816422
10183_ZNF16_P1P2_ENSG00000170631,ZNF16,-0.012818009
8120_SLCO4A1_P1P2_ENSG00000101187,SLCO4A1,-0.012823063
5820_NRTN_ENST00000303212.2_ENSG00000171119,NRTN,-0.012823368
581_ASH2L_P1P2_ENSG00000129691,ASH2L,-0.012830642
11075_non-targeting_non-targeting_non-targeting,non-targeting,-0.012837465
4363_VIRMA_P1P2_ENSG00000164944,VIRMA,-0.012845555
3192_FOXR2_ENST00000339140.3_ENSG00000189299,FOXR2,-0.012855001
5462_NAPA_P1P2_ENSG00000105402,NAPA,-0.012855864
4646_LRIG2_P1P2_ENSG00000198799,LRIG2,-0.012865179
1606_CHTOP_P1P2_ENSG00000160679,CHTOP,-0.012869313
4860_MAST2_P1P2_ENSG00000086015,MAST2,-0.012881706
1027_C19orf73_P1P2_ENSG00000221916,C19orf73,-0.012883066
684_ATP6V1E2_P1P2_ENSG00000250565,ATP6V1E2,-0.012884165
5698_NKX3-2_P1P2_ENSG00000109705,NKX3-2,-0.012887653
8295_SOX5_ENST00000546136.1_ENSG00000134532,SOX5,-0.012890214
4885_MBOAT7_P1P2_ENSG00000125505,MBOAT7,-0.012897561
9470_TYW5_P1P2_ENSG00000162971,TYW5,-0.012899581
7014_RAB21_P1P2_ENSG00000080371,RAB21,-0.012920489
9253_TRAPPC8_P1P2_ENSG00000153339,TRAPPC8,-0.012957238
4916_MDH2_P1P2_ENSG00000146701,MDH2,-0.012980057
969_C12orf65_P1P2_ENSG00000130921,C12orf65,-0.013003732
1208_CASP8_P1_ENSG00000064012,CASP8,-0.013012842
6524_POLE_P1P2_ENSG00000177084,POLE,-0.013015409
10132_ZKSCAN7_P1P2_ENSG00000196345,ZKSCAN7,-0.013027202
5967_ORC3_P1P2_ENSG00000135336,ORC3,-0.013029488
10684_ZNF878_P1P2_ENSG00000257446,ZNF878,-0.013029576
3712_HEXIM2_P1_ENSG00000168517,HEXIM2,-0.013041634
9806_WDR18_P1P2_ENSG00000065268,WDR18,-0.013066871
9886_XAB2_P1P2_ENSG00000076924,XAB2,-0.013067363
6792_PRPF19_P1P2_ENSG00000110107,PRPF19,-0.013078974
7306_RILPL2_P1P2_ENSG00000150977,RILPL2,-0.013088493
6520_POLDIP3_P1P2_ENSG00000100227,POLDIP3,-0.013102638
10768_non-targeting_non-targeting_non-targeting,non-targeting,-0.013105868
3832_HMGCR_P1P2_ENSG00000113161,HMGCR,-0.013115081
4519_LARP4_P1P2_ENSG00000161813,LARP4,-0.0131193735
10375_ZNF45_P1P2_ENSG00000124459,ZNF45,-0.013136307
5316_MTHFD1L_P1P2_ENSG00000120254,MTHFD1L,-0.013138442
6645_PPM1N_P1P2_ENSG00000213889,PPM1N,-0.013147158
9890_XK_P1P2_ENSG00000047597,XK,-0.013150514
10666_ZNF836_P1P2_ENSG00000196267,ZNF836,-0.013167126
11010_non-targeting_non-targeting_non-targeting,non-targeting,-0.013167211
4785_MAN1B1_P1P2_ENSG00000177239,MAN1B1,-0.013174086
2457_EBPL_P1P2_ENSG00000123179,EBPL,-0.0131781995
9046_TMEM219_P1P2_ENSG00000149932,TMEM219,-0.013179972
9797_RCC1L_P1P2_ENSG00000274523,RCC1L,-0.013186017
9281_TRIM56_P1P2_ENSG00000169871,TRIM56,-0.0131909195
2252_DMBX1_P1P2_ENSG00000197587,DMBX1,-0.013194697
4983_METAP1D_P1P2_ENSG00000172878,METAP1D,-0.013196355
2870_FAM162A_P1P2_ENSG00000114023,FAM162A,-0.013207707
2747_ESYT1_P1_ENSG00000139641,ESYT1,-0.013227207
9208_TPMT_P1P2_ENSG00000137364,TPMT,-0.013235884
7772_SENP2_P1P2_ENSG00000163904,SENP2,-0.013237827
8821_TESC_P1P2_ENSG00000088992,TESC,-0.013240459
224_AK1_P1P2_ENSG00000106992,AK1,-0.013244025
4669_LRRC57_P1P2_ENSG00000180979,LRRC57,-0.013252923
6481_PMPCB_P2_ENSG00000105819,PMPCB,-0.013254468
6683_PPP2R2A_P1P2_ENSG00000221914,PPP2R2A,-0.013256504
6424_PLCL2_P1P2_ENSG00000154822,PLCL2,-0.013265682
6895_PTAR1_P1P2_ENSG00000188647,PTAR1,-0.013266601
418_APOM_P1P2_ENSG00000204444,APOM,-0.01327385
5943_ONECUT3_P1P2_ENSG00000205922,ONECUT3,-0.013282351
8478_ST7_P1P2_ENSG00000004866,ST7,-0.013293195
242_AKR1C2_P1_ENSG00000151632,AKR1C2,-0.013307945
10142_ZMYM1_P1P2_ENSG00000197056,ZMYM1,-0.013312849
9848_WDR83OS_P1P2_ENSG00000105583,WDR83OS,-0.013317427
10836_non-targeting_non-targeting_non-targeting,non-targeting,-0.013321088
2764_ETV4_P1P2_ENSG00000175832,ETV4,-0.013325933
6127_PCID2_P1_ENSG00000126226,PCID2,-0.013332999
11254_non-targeting_non-targeting_non-targeting,non-targeting,-0.01334014
4520_LARP7_P1P2_ENSG00000174720,LARP7,-0.01336171
9258_TRIAP1_P1P2_ENSG00000170855,TRIAP1,-0.013371971
9857_WEE1_P1P2_ENSG00000166483,WEE1,-0.013379034
8858_TGDS_P1P2_ENSG00000088451,TGDS,-0.013380728
8655_TAF15_P1P2_ENSG00000270647,TAF15,-0.0133921
7235_RER1_P1P2_ENSG00000157916,RER1,-0.013397404
1025_SHFL_P1P2_ENSG00000130813,SHFL,-0.013401144
3521_GPSM3_P1P2_ENSG00000213654,GPSM3,-0.0134014385
9665_USP48_P1P2_ENSG00000090686,USP48,-0.013426583
3344_GFI1_P2_ENSG00000162676,GFI1,-0.013470758
10038_ZCCHC7_P1P2_ENSG00000147905,ZCCHC7,-0.013477967
223_AIRE_P1P2_ENSG00000160224,AIRE,-0.0134874545
7728_SDHD_P1P2_ENSG00000204370,SDHD,-0.013495813
4071_IGFLR1_P1_ENSG00000126246,IGFLR1,-0.013498667
7933_SIX3_P1P2_ENSG00000138083,SIX3,-0.0135036465
6034_PAFAH1B2_P1P2_ENSG00000168092,PAFAH1B2,-0.013508889
4252_JKAMP_P1P2_ENSG00000050130,JKAMP,-0.013520971
7621_S100A13_P1P2_ENSG00000189171,S100A13,-0.013527706
4329_KDM5C_P1P2_ENSG00000126012,KDM5C,-0.01352805
4507_LAMTOR3_P1P2_ENSG00000109270,LAMTOR3,-0.013532383
5980_OSBPL6_P1P2_ENSG00000079156,OSBPL6,-0.013533395
1327_CCNF_P1P2_ENSG00000162063,CCNF,-0.013546742
8002_SLC25A37_P1P2_ENSG00000147454,SLC25A37,-0.01354852
9412_TUBB2A_P1P2_ENSG00000137267,TUBB2A,-0.013556045
6224_PEX11B_P1P2_ENSG00000131779,PEX11B,-0.013567192
9744_VPS25_P1P2_ENSG00000131475,VPS25,-0.013568115
7636_SAFB_P1P2_ENSG00000160633,SAFB,-0.013599301
6891_PSRC1_P1P2_ENSG00000134222,PSRC1,-0.013601307
6604_PPA2_P1P2_ENSG00000138777,PPA2,-0.013621424
3432_GNAQ_P1P2_ENSG00000156052,GNAQ,-0.01364264
6636_PPIP5K2_P1P2_ENSG00000145725,PPIP5K2,-0.013643584
9368_EIPR1_P1P2_ENSG00000032389,EIPR1,-0.013656042
6294_PHF8_P1P2_ENSG00000172943,PHF8,-0.013658601
6550_POLR2I_P1P2_ENSG00000105258,POLR2I,-0.0136686675
8253_SNX2_P1P2_ENSG00000205302,SNX2,-0.013677691
1890_CSAD_P1P2_ENSG00000139631,CSAD,-0.013679494
1467_CEBPD_P1P2_ENSG00000221869,CEBPD,-0.013687211
1184_CAPRIN1_P1P2_ENSG00000135387,CAPRIN1,-0.013700859
3634_HAUS1_P1P2_ENSG00000152240,HAUS1,-0.013719732
9352_TSPAN18_P1P2_ENSG00000157570,TSPAN18,-0.013761785
9429_TUBGCP6_P1P2_ENSG00000128159,TUBGCP6,-0.01377496
10696_ZNF98_P1P2_ENSG00000197360,ZNF98,-0.013782489
2555_EIF3K_P1P2_ENSG00000178982,EIF3K,-0.013784179
9165_TOMM34_P1P2_ENSG00000025772,TOMM34,-0.013787849
6775_PRMT2_P1P2_ENSG00000160310,PRMT2,-0.0137984045
3167_FOXK1_P1P2_ENSG00000164916,FOXK1,-0.013799304
2968_FANCM_P1P2_ENSG00000187790,FANCM,-0.0138001265
6694_PPP3CC_P1P2_ENSG00000120910,PPP3CC,-0.01381245
983_C14orf93_P1_ENSG00000100802,C14orf93,-0.013827296
8572_SUCLG1_P1P2_ENSG00000163541,SUCLG1,-0.0138335815
6072_PARL_P1P2_ENSG00000175193,PARL,-0.013837823
1903_CSNK1G3_P1P2_ENSG00000151292,CSNK1G3,-0.013850351
2036_DBF4_P1P2_ENSG00000006634,DBF4,-0.013856886
7039_RAB7A_P1P2_ENSG00000075785,RAB7A,-0.013874899
3174_FOXN3_P2_ENSG00000053254,FOXN3,-0.013884718
148_ADCY7_P1P2_ENSG00000121281,ADCY7,-0.013904807
9639_USP1_P1P2_ENSG00000162607,USP1,-0.013905742
11261_non-targeting_non-targeting_non-targeting,non-targeting,-0.013943633
758_BANF1_P1P2_ENSG00000175334,BANF1,-0.013945362
5619_NF1_P1P2_ENSG00000196712,NF1,-0.013957025
8034_SLC30A9_P1P2_ENSG00000014824,SLC30A9,-0.013972982
11273_non-targeting_non-targeting_non-targeting,non-targeting,-0.013974078
4194_IRF7_P1P2_ENSG00000185507,IRF7,-0.013976394
10102_ZFPM1_P1P2_ENSG00000179588,ZFPM1,-0.013985799
5411_MYT1L_P1P2_ENSG00000186487,MYT1L,-0.014007182
10987_non-targeting_non-targeting_non-targeting,non-targeting,-0.014008785
11258_non-targeting_non-targeting_non-targeting,non-targeting,-0.014009265
3057_FEN1_P1P2_ENSG00000168496,FEN1,-0.014021217
8200_SNAI3_P1P2_ENSG00000185669,SNAI3,-0.014022642
3818_HMBOX1_P1P2_ENSG00000147421,HMBOX1,-0.014049671
4109_IMPA1_P1P2_ENSG00000133731,IMPA1,-0.014058713
813_BCS1L_P1P2_ENSG00000074582,BCS1L,-0.014059944
7075_RAD54L_P1P2_ENSG00000085999,RAD54L,-0.014066553
5330_MTMR12_P1P2_ENSG00000150712,MTMR12,-0.0140701225
11229_non-targeting_non-targeting_non-targeting,non-targeting,-0.014070563
7338_RNF113A_P1P2_ENSG00000125352,RNF113A,-0.0140711
9898_XPO5_P1P2_ENSG00000124571,XPO5,-0.014073397
6615_PPDPF_P1P2_ENSG00000125534,PPDPF,-0.014078447
3542_GRPEL2_P1P2_ENSG00000164284,GRPEL2,-0.014086891
11230_non-targeting_non-targeting_non-targeting,non-targeting,-0.014087528
10095_ZFP69_P1P2_ENSG00000187815,ZFP69,-0.014113644
4813_MAP3K6_P1P2_ENSG00000142733,MAP3K6,-0.014125081
4623_LNPEP_P1P2_ENSG00000113441,LNPEP,-0.014128571
4411_KLF13_P1P2_ENSG00000169926,KLF13,-0.014130247
9850_WDR83_P1_ENSG00000123154,WDR83,-0.014133427
6787_PROSER1_P1P2_ENSG00000120685,PROSER1,-0.01415837
3469_GOLPH3L_P1P2_ENSG00000143457,GOLPH3L,-0.014158888
1097_C5orf22_P1P2_ENSG00000082213,C5orf22,-0.01416848
3872_HNRNPL_P1_ENSG00000104824,HNRNPL,-0.014175622
9908_ATP23_P1P2_ENSG00000166896,ATP23,-0.0141758
6484_PMVK_P1P2_ENSG00000163344,PMVK,-0.014178495
11306_non-targeting_non-targeting_non-targeting,non-targeting,-0.014210439
9878_WSB1_P1P2_ENSG00000109046,WSB1,-0.014228801
4120_ING2_P1P2_ENSG00000168556,ING2,-0.014228872
9147_TNNT2_P1P2_ENSG00000118194,TNNT2,-0.014230784
899_BRI3_P1P2_ENSG00000164713,BRI3,-0.014252534
4416_KLF1_P1P2_ENSG00000105610,KLF1,-0.014275021
3846_HMX2_P1P2_ENSG00000188816,HMX2,-0.014275868
10184_ZNF174_P1P2_ENSG00000103343,ZNF174,-0.014276717
6518_POLD4_P1P2_ENSG00000175482,POLD4,-0.014288263
6157_PDCD5_P1P2_ENSG00000105185,PDCD5,-0.014289527
9994_ZBTB40_P1P2_ENSG00000184677,ZBTB40,-0.0142898485
3993_HUS1_P1P2_ENSG00000136273,HUS1,-0.014295546
1673_CLPP_P1P2_ENSG00000125656,CLPP,-0.014296163
3457_GOLGA3_P1P2_ENSG00000090615,GOLGA3,-0.014304003
3522_GPT2_P1P2_ENSG00000166123,GPT2,-0.0143054435
11165_non-targeting_non-targeting_non-targeting,non-targeting,-0.014311805
4082_IKZF2_P2_ENSG00000030419,IKZF2,-0.014337905
7714_SDC1_P1P2_ENSG00000115884,SDC1,-0.014341948
9532_UBL3_P1P2_ENSG00000122042,UBL3,-0.014346328
2289_DNAJC14_P1P2_ENSG00000135392,DNAJC14,-0.014353228
9708_VAX2_P1P2_ENSG00000116035,VAX2,-0.014362452
2394_DTYMK_P1P2_ENSG00000168393,DTYMK,-0.014366677
5051_MIB2_P1P2_ENSG00000197530,MIB2,-0.014391371
6639_PPM1D_P1P2_ENSG00000170836,PPM1D,-0.0144014545
6717_PRCC_P1P2_ENSG00000143294,PRCC,-0.014404794
1008_NDUFAF8_P1P2_ENSG00000224877,NDUFAF8,-0.0144054955
7390_RNF40_P1P2_ENSG00000103549,RNF40,-0.014405518
6832_PRUNE1_P1P2_ENSG00000143363,PRUNE1,-0.014411897
8251_SNX27_P1P2_ENSG00000143376,SNX27,-0.014419492
907_BRPF3_P1P2_ENSG00000096070,BRPF3,-0.0144301355
3858_HNRNPA2B1_P1P2_ENSG00000122566,HNRNPA2B1,-0.014439383
8813_TEF_P1_ENSG00000167074,TEF,-0.014439848
1525_CERS5_P1P2_ENSG00000139624,CERS5,-0.014439975
3667_HDAC7_P1P2_ENSG00000061273,HDAC7,-0.014450092
5585_NEDD4L_ENST00000357895.5_ENSG00000049759,NEDD4L,-0.014467767
6316_PI4K2B_P1P2_ENSG00000038210,PI4K2B,-0.014469035
8062_SLC38A10_P1P2_ENSG00000157637,SLC38A10,-0.014495283
4597_LIN7C_P1P2_ENSG00000148943,LIN7C,-0.01449943
429_AQP3_P1_ENSG00000165272,AQP3,-0.014501256
173_TLE5_P1P2_ENSG00000104964,TLE5,-0.014519416
8582_SULT1A3_ENST00000395138.2_ENSG00000261052,SULT1A3,-0.014521894
1740_COG1_P1P2_ENSG00000166685,COG1,-0.014528104
2668_EPHB6_P1P2_ENSG00000106123,EPHB6,-0.014529266
1340_CCP110_P1P2_ENSG00000103540,CCP110,-0.014537298
4919_MDM2_P1P2_ENSG00000135679,MDM2,-0.014548409
4850_MARCKSL1_P1P2_ENSG00000175130,MARCKSL1,-0.014549743
4227_ITGB1_P1P2_ENSG00000150093,ITGB1,-0.014572655
2050_DCAF12_P1P2_ENSG00000198876,DCAF12,-0.014575832
10557_ZNF692_P1P2_ENSG00000171163,ZNF692,-0.014578306
4741_MACC1_P1P2_ENSG00000183742,MACC1,-0.014604906
10309_ZNF354A_P1P2_ENSG00000169131,ZNF354A,-0.014607324
636_ATOH7_P1P2_ENSG00000179774,ATOH7,-0.014627599
1724_CNPPD1_P1_ENSG00000115649,CNPPD1,-0.01463198
5765_NPC2_P1P2_ENSG00000119655,NPC2,-0.014642428
10815_non-targeting_non-targeting_non-targeting,non-targeting,-0.014648805
6360_PIK3R4_P1P2_ENSG00000196455,PIK3R4,-0.014649165
4424_KLF8_P1P2_ENSG00000102349,KLF8,-0.014694572
7245_RFC1_P1P2_ENSG00000035928,RFC1,-0.014698067
6667_PPP1R2_P1P2_ENSG00000184203,PPP1R2,-0.014705492
10909_non-targeting_non-targeting_non-targeting,non-targeting,-0.014712248
8041_SLC35B1_P1P2_ENSG00000121073,SLC35B1,-0.014714677
10377_ZNF461_P1P2_ENSG00000197808,ZNF461,-0.014725079
11031_non-targeting_non-targeting_non-targeting,non-targeting,-0.014752508
9810_WDR24_P1P2_ENSG00000127580,WDR24,-0.014755503
91_ACOT8_P1P2_ENSG00000101473,ACOT8,-0.014763074
2918_FAM32A_P1P2_ENSG00000105058,FAM32A,-0.014768421
10568_ZNF705A_P1P2_ENSG00000196946,ZNF705A,-0.01477706
374_AP2A2_P1P2_ENSG00000183020,AP2A2,-0.014779703
9676_USP8_P1P2_ENSG00000138592,USP8,-0.014781583
1254_CCDC130_P2_ENSG00000104957,CCDC130,-0.014791063
2688_SELENOI_P1P2_ENSG00000138018,SELENOI,-0.014792195
10943_non-targeting_non-targeting_non-targeting,non-targeting,-0.0147954775
5806_NRARP_P1P2_ENSG00000198435,NRARP,-0.01480039
2674_EPN2_P2_ENSG00000072134,EPN2,-0.01481206
3048_FDFT1_P1_ENSG00000079459,FDFT1,-0.014816371
7105_RAP2A_P1P2_ENSG00000125249,RAP2A,-0.014836016
9141_TNKS1BP1_P2_ENSG00000149115,TNKS1BP1,-0.014838721
7656_SARS2_P1P2_ENSG00000104835,SARS2,-0.014840215
963_C12orf43_P1P2_ENSG00000157895,C12orf43,-0.014858299
9579_UGT8_P1P2_ENSG00000174607,UGT8,-0.014858538
2505_EGFL8_P1P2_ENSG00000241404,EGFL8,-0.014865016
3239_G0S2_P1P2_ENSG00000123689,G0S2,-0.01487804
8289_SOX30_P1_ENSG00000039600,SOX30,-0.01487991
100_ACSL3_P1P2_ENSG00000123983,ACSL3,-0.0148840165
9378_TTC17_P1P2_ENSG00000052841,TTC17,-0.014895116
7789_SEPTIN7_P1P2_ENSG00000122545,SEPTIN7,-0.014897162
5778_NQO2_P1P2_ENSG00000124588,NQO2,-0.014898273
8750_TBX1_P1P2_ENSG00000184058,TBX1,-0.014907105
703_ATXN2_P1P2_ENSG00000204842,ATXN2,-0.014910283
1123_STMP1_P1P2_ENSG00000243317,STMP1,-0.014916281
1579_CHMP1A_P1P2_ENSG00000131165,CHMP1A,-0.014917868
3935_HPS5_P1P2_ENSG00000110756,HPS5,-0.014918184
10109_ZFYVE27_P1P2_ENSG00000155256,ZFYVE27,-0.014946605
10233_ZNF23_P1_ENSG00000167377,ZNF23,-0.014947094
6013_OXSR1_P1P2_ENSG00000172939,OXSR1,-0.014967215
8392_SQLE_P1P2_ENSG00000104549,SQLE,-0.014969705
10891_non-targeting_non-targeting_non-targeting,non-targeting,-0.014970288
2140_DEDD2_P2_ENSG00000160570,DEDD2,-0.014971288
884_BRCA1_P1P2_ENSG00000012048,BRCA1,-0.014986556
10958_non-targeting_non-targeting_non-targeting,non-targeting,-0.015032985
2806_F11R_P1_ENSG00000158769,F11R,-0.015035646
4707_LTBP4_P2_ENSG00000090006,LTBP4,-0.015038282
4413_KLF15_P1P2_ENSG00000163884,KLF15,-0.015042303
1660_CLK3_P2_ENSG00000179335,CLK3,-0.0150459865
8220_SNRNP40_P1P2_ENSG00000060688,SNRNP40,-0.015050796
984_C15orf39_P1P2_ENSG00000167173,C15orf39,-0.015054433
9825_WDR48_P1P2_ENSG00000114742,WDR48,-0.015068626
3555_GSR_P1P2_ENSG00000104687,GSR,-0.01509123
2297_DNAJC2_P1P2_ENSG00000105821,DNAJC2,-0.0150955
5035_MGAT1_P2_ENSG00000131446,MGAT1,-0.015097671
4836_MAPKAPK2_P1P2_ENSG00000162889,MAPKAPK2,-0.015098429
6195_PDRG1_P1P2_ENSG00000088356,PDRG1,-0.015101186
1446_CDKN1B_P1P2_ENSG00000111276,CDKN1B,-0.0151381
9981_ZBTB22_P1P2_ENSG00000236104,ZBTB22,-0.015142925
6507_POFUT1_P1P2_ENSG00000101346,POFUT1,-0.015145525
8032_SLC30A6_P1P2_ENSG00000152683,SLC30A6,-0.01516525
10978_non-targeting_non-targeting_non-targeting,non-targeting,-0.015170107
1863_CREB5_ENST00000357727.2_ENSG00000146592,CREB5,-0.015172761
105_ACTG1_P1P2_ENSG00000184009,ACTG1,-0.015184099
6788_PROSER2_P1P2_ENSG00000148426,PROSER2,-0.015195709
296_AMOTL1_P1P2_ENSG00000166025,AMOTL1,-0.015196453
1361_CD2BP2_P1P2_ENSG00000169217,CD2BP2,-0.015197223
7355_RNF146_P1P2_ENSG00000118518,RNF146,-0.015197393
5563_NDUFC1_P1_ENSG00000109390,NDUFC1,-0.0151978405
4131_INPP1_P1P2_ENSG00000151689,INPP1,-0.015201647
2558_EIF4A1_P1P2_ENSG00000161960,EIF4A1,-0.015219734
9565_UCK2_P1P2_ENSG00000143179,UCK2,-0.015228535
10867_non-targeting_non-targeting_non-targeting,non-targeting,-0.015231891
7186_RBMX2_P1P2_ENSG00000134597,RBMX2,-0.015248256
"1422_CDK11B_ENST00000317673.7,ENST00000340677.5,ENST00000407249.3_ENSG00000248333",CDK11B,-0.015262589
11046_non-targeting_non-targeting_non-targeting,non-targeting,-0.015289746
4738_LZTS2_P2_ENSG00000107816,LZTS2,-0.015294516
1720_CNOT6L_P1P2_ENSG00000138767,CNOT6L,-0.015296179
4298_KCNK5_P1P2_ENSG00000164626,KCNK5,-0.015301673
7029_RAB3IP_P1P2_ENSG00000127328,RAB3IP,-0.015303681
7961_SLC12A7_P1P2_ENSG00000113504,SLC12A7,-0.015304131
11074_non-targeting_non-targeting_non-targeting,non-targeting,-0.015304493
7951_SLC10A3_P1P2_ENSG00000126903,SLC10A3,-0.015307385
1612_CIB2_P1P2_ENSG00000136425,CIB2,-0.015311662
7035_RAB5B_P1P2_ENSG00000111540,RAB5B,-0.015317508
9507_UBE2J1_P1P2_ENSG00000198833,UBE2J1,-0.015333467
8050_SLC35E3_P1P2_ENSG00000175782,SLC35E3,-0.015335739
967_C12orf57_P1P2_ENSG00000111678,C12orf57,-0.015355995
9349_TSPAN13_P1P2_ENSG00000106537,TSPAN13,-0.015367668
5270_MRRF_P1P2_ENSG00000148187,MRRF,-0.015393993
2384_DSTYK_P1P2_ENSG00000133059,DSTYK,-0.015409737
11228_non-targeting_non-targeting_non-targeting,non-targeting,-0.0154124405
9527_UBE3D_P1P2_ENSG00000118420,UBE3D,-0.015427999
8817_TEN1_P1P2_ENSG00000257949,TEN1,-0.015430218
9600_UPF1_P1P2_ENSG00000005007,UPF1,-0.015443061
387_AP4S1_P1P2_ENSG00000100478,AP4S1,-0.01544591
197_AGPAT5_P1P2_ENSG00000155189,AGPAT5,-0.015455498
4015_ICK_P1P2_ENSG00000112144,ICK,-0.015467832
8065_SLC38A5_P1P2_ENSG00000017483,SLC38A5,-0.015469349
9003_TMEM147_P1P2_ENSG00000105677,TMEM147,-0.0154856965
4117_INF2_P1P2_ENSG00000203485,INF2,-0.015486881
5724_NNT_P1P2_ENSG00000112992,NNT,-0.015492695
6850_PSMB2_P1P2_ENSG00000126067,PSMB2,-0.015498568
1486_CENPM_P1P2_ENSG00000100162,CENPM,-0.015517075
5968_ORC4_P1P2_ENSG00000115947,ORC4,-0.015520372
4348_ECPAS_P1P2_ENSG00000136813,ECPAS,-0.015525739
3105_FLAD1_P1P2_ENSG00000160688,FLAD1,-0.015535415
6264_PGP_P1P2_ENSG00000184207,PGP,-0.015555358
9663_USP46_P1P2_ENSG00000109189,USP46,-0.015556692
1769_COMT_P1P2_ENSG00000093010,COMT,-0.015572631
4018_ID1_P1P2_ENSG00000125968,ID1,-0.015573878
9952_YWHAE_P1P2_ENSG00000108953,YWHAE,-0.015573947
3564_GSX1_P1P2_ENSG00000169840,GSX1,-0.015580092
7830_SF3A1_P1_ENSG00000099995,SF3A1,-0.015587398
11125_non-targeting_non-targeting_non-targeting,non-targeting,-0.015587497
2007_CYP3A5_P1P2_ENSG00000106258,CYP3A5,-0.015590323
8794_TCTA_P1P2_ENSG00000145022,TCTA,-0.015598499
4619_LMO2_P1P2_ENSG00000135363,LMO2,-0.015598608
2626_EML3_P1P2_ENSG00000149499,EML3,-0.015610925
5137_MOB3B_P1P2_ENSG00000120162,MOB3B,-0.015624768
3067_FEZF2_P1P2_ENSG00000153266,FEZF2,-0.01563404
7352_RNF144A_P2_ENSG00000151692,RNF144A,-0.015640022
9966_ZBED6CL_ENST00000343855.4_ENSG00000188707,ZBED6CL,-0.01564955
9608_UQCR11_P1P2_ENSG00000127540,UQCR11,-0.015690345
122_ACYP1_P1_ENSG00000119640,ACYP1,-0.015691958
7076_RAD9A_P1P2_ENSG00000172613,RAD9A,-0.01571806
8420_SRPK2_P1_ENSG00000135250,SRPK2,-0.015720908
2272_DNAAF3_P1_ENSG00000167646,DNAAF3,-0.01572399
6135_PCNA_P1P2_ENSG00000132646,PCNA,-0.015725076
2957_FAM98B_P1P2_ENSG00000171262,FAM98B,-0.015729208
366_AP1AR_P1P2_ENSG00000138660,AP1AR,-0.015734142
5631_NFE2L2_P2_ENSG00000116044,NFE2L2,-0.015743831
7342_RNF121_P1P2_ENSG00000137522,RNF121,-0.015764823
2373_DRG1_P1P2_ENSG00000185721,DRG1,-0.015768902
10324_ZNF385A_P2_ENSG00000161642,ZNF385A,-0.015784156
3086_FIP1L1_P1P2_ENSG00000145216,FIP1L1,-0.015786868
674_ATP6V0B_P1P2_ENSG00000117410,ATP6V0B,-0.015790721
4264_JUNB_P1P2_ENSG00000171223,JUNB,-0.015806148
3356_GGH_P1P2_ENSG00000137563,GGH,-0.015808979
4160_IPO11_P1P2_ENSG00000086200,IPO11,-0.015825247
8870_THADA_P1P2_ENSG00000115970,THADA,-0.015870875
1792_COQ3_P1P2_ENSG00000132423,COQ3,-0.015887514
1812_COX19_P1P2_ENSG00000240230,COX19,-0.015893763
2665_EPC2_P1P2_ENSG00000135999,EPC2,-0.015923714
11145_non-targeting_non-targeting_non-targeting,non-targeting,-0.015929595
7093_RANBP2_P1P2_ENSG00000153201,RANBP2,-0.015939787
5077_MICOS10_P1P2_ENSG00000173436,MICOS10,-0.015940217
6416_PLBD1_P1P2_ENSG00000121316,PLBD1,-0.015940402
1649_CLEC2B_P1P2_ENSG00000110852,CLEC2B,-0.015968427
5812_NRGN_P1P2_ENSG00000154146,NRGN,-0.01596988
3694_HERC4_P1P2_ENSG00000148634,HERC4,-0.015970912
1250_CCDC125_P1P2_ENSG00000183323,CCDC125,-0.015977306
11301_non-targeting_non-targeting_non-targeting,non-targeting,-0.01598474
6754_PRKAG1_P1P2_ENSG00000181929,PRKAG1,-0.015994934
10907_non-targeting_non-targeting_non-targeting,non-targeting,-0.015996054
1493_CENPW_P1P2_ENSG00000203760,CENPW,-0.016004162
9243_TRAPPC12_P1P2_ENSG00000171853,TRAPPC12,-0.016018562
10712_ZSCAN18_P1_ENSG00000121413,ZSCAN18,-0.016020264
3008_FBXO22_P1P2_ENSG00000167196,FBXO22,-0.016022103
9098_TMEM87A_P1P2_ENSG00000103978,TMEM87A,-0.016025145
2523_EID1_P1P2_ENSG00000255302,EID1,-0.016037388
8380_SPSB2_P1P2_ENSG00000111671,SPSB2,-0.01606419
8140_SMARCA1_P1P2_ENSG00000102038,SMARCA1,-0.01606718
7285_RHD_P1P2_ENSG00000187010,RHD,-0.016068934
1111_C6orf47_P1P2_ENSG00000204439,C6orf47,-0.016070476
1848_CPT2_P1P2_ENSG00000157184,CPT2,-0.016076699
4028_IDH3G_P1P2_ENSG00000067829,IDH3G,-0.016092734
11092_non-targeting_non-targeting_non-targeting,non-targeting,-0.016119238
10923_non-targeting_non-targeting_non-targeting,non-targeting,-0.016126925
3473_GON4L_P1_ENSG00000116580,GON4L,-0.01613112
5621_NFAT5_P1P2_ENSG00000102908,NFAT5,-0.016137434
3934_HPS4_P1P2_ENSG00000100099,HPS4,-0.01614267
7590_RTN3_P1P2_ENSG00000133318,RTN3,-0.016144745
6691_PPP2R5E_P1P2_ENSG00000154001,PPP2R5E,-0.01615414
10961_non-targeting_non-targeting_non-targeting,non-targeting,-0.016161026
6210_PEF1_P1P2_ENSG00000162517,PEF1,-0.016166208
729_B3GNT5_P1P2_ENSG00000176597,B3GNT5,-0.016175838
216_AIFM1_P1P2_ENSG00000156709,AIFM1,-0.016181193
3701_HES4_P1P2_ENSG00000188290,HES4,-0.016189625
691_ATP8B2_P2_ENSG00000143515,ATP8B2,-0.016218485
524_ARMC7_P1P2_ENSG00000125449,ARMC7,-0.016220413
8267_SOD2_P1P2_ENSG00000112096,SOD2,-0.016227635
6241_PFDN6_P1P2_ENSG00000204220,PFDN6,-0.016228057
3144_FOXA3_P1P2_ENSG00000170608,FOXA3,-0.0162288
270_ALG3_P1P2_ENSG00000214160,ALG3,-0.01622994
5885_NUP107_P1P2_ENSG00000111581,NUP107,-0.016234351
8404_SREK1_P1P2_ENSG00000153914,SREK1,-0.016245788
7339_RNF114_P1P2_ENSG00000124226,RNF114,-0.016286053
5011_MEX3A_P1P2_ENSG00000254726,MEX3A,-0.016294422
10940_non-targeting_non-targeting_non-targeting,non-targeting,-0.016298233
7223_REEP4_P1P2_ENSG00000168476,REEP4,-0.016303904
10917_non-targeting_non-targeting_non-targeting,non-targeting,-0.016336903
5275_MSANTD1_P1P2_ENSG00000188981,MSANTD1,-0.01635701
9711_VCPIP1_P1P2_ENSG00000175073,VCPIP1,-0.016379902
2654_ENY2_P1P2_ENSG00000120533,ENY2,-0.016383965
2233_DIS3_P1P2_ENSG00000083520,DIS3,-0.01638686
9179_TOPBP1_P1P2_ENSG00000163781,TOPBP1,-0.016390035
7529_RPS6KA1_P2_ENSG00000117676,RPS6KA1,-0.016390774
1998_CYBRD1_P1P2_ENSG00000071967,CYBRD1,-0.016410068
6778_PRMT5_P2_ENSG00000100462,PRMT5,-0.016452653
6973_PYCR2_P1P2_ENSG00000143811,PYCR2,-0.016460305
7582_RTCA_P1P2_ENSG00000137996,RTCA,-0.016470456
7302_RIC8A_P1_ENSG00000177963,RIC8A,-0.016483467
415_APOC1_P1P2_ENSG00000130208,APOC1,-0.016489856
10660_ZNF823_P1P2_ENSG00000197933,ZNF823,-0.016496506
2841_FAM120A_P1P2_ENSG00000048828,FAM120A,-0.01650197
1726_CNPY2_P1P2_ENSG00000257727,CNPY2,-0.016522922
5768_NPLOC4_P1P2_ENSG00000182446,NPLOC4,-0.016527953
11096_non-targeting_non-targeting_non-targeting,non-targeting,-0.016556641
4285_KATNBL1_P1P2_ENSG00000134152,KATNBL1,-0.016559327
10655_ZNF814_P1P2_ENSG00000204514,ZNF814,-0.016570617
6628_PPIH_P1P2_ENSG00000171960,PPIH,-0.016583515
6647_PPOX_P1P2_ENSG00000143224,PPOX,-0.016592273
2886_FAM189B_P1P2_ENSG00000160767,FAM189B,-0.01659399
6503_POC1A_P1P2_ENSG00000164087,POC1A,-0.016597334
10514_ZNF626_P1P2_ENSG00000188171,ZNF626,-0.016619535
6643_PPM1H_P1P2_ENSG00000111110,PPM1H,-0.016624304
11051_non-targeting_non-targeting_non-targeting,non-targeting,-0.016646067
7938_SKA2_P1P2_ENSG00000182628,SKA2,-0.016656939
10303_ZNF343_P1P2_ENSG00000088876,ZNF343,-0.01666519
10223_ZNF22_P1P2_ENSG00000165512,ZNF22,-0.016666003
1925_CTBS_P1P2_ENSG00000117151,CTBS,-0.016670875
2334_DOLK_P1P2_ENSG00000175283,DOLK,-0.016681006
1520_CEPT1_P1P2_ENSG00000134255,CEPT1,-0.01668145
6946_PTTG1_P1P2_ENSG00000164611,PTTG1,-0.016682094
8288_SOX2_P1P2_ENSG00000181449,SOX2,-0.0166911
3455_GOLGA1_P1P2_ENSG00000136935,GOLGA1,-0.016704505
8531_STOML2_P1P2_ENSG00000165283,STOML2,-0.01672802
11207_non-targeting_non-targeting_non-targeting,non-targeting,-0.016732484
4463_KPNA6_P1P2_ENSG00000025800,KPNA6,-0.01674151
7532_RPS6KB1_P1P2_ENSG00000108443,RPS6KB1,-0.016744183
5557_NDUFB5_P1P2_ENSG00000136521,NDUFB5,-0.016747989
7677_SCAF8_P1P2_ENSG00000213079,SCAF8,-0.016780298
10881_non-targeting_non-targeting_non-targeting,non-targeting,-0.016780758
66_ACAD10_P1P2_ENSG00000111271,ACAD10,-0.016789448
725_B3GALNT2_P1P2_ENSG00000162885,B3GALNT2,-0.01681264
2690_ERAP1_P1P2_ENSG00000164307,ERAP1,-0.016827172
10990_non-targeting_non-targeting_non-targeting,non-targeting,-0.016832657
9941_YOD1_P1P2_ENSG00000180667,YOD1,-0.016865818
6085_PATL1_P1P2_ENSG00000166889,PATL1,-0.016900985
673_ATP6V0A2_P1P2_ENSG00000185344,ATP6V0A2,-0.016902661
8461_SSX1_P1P2_ENSG00000126752,SSX1,-0.016909046
10191_ZNF182_P1P2_ENSG00000147118,ZNF182,-0.01691191
7052_RABIF_P1P2_ENSG00000183155,RABIF,-0.016913982
4321_KDM2B_ENST00000377071.4_ENSG00000089094,KDM2B,-0.016952194
9104_TMEM9_P1P2_ENSG00000116857,TMEM9,-0.016983058
5573_NDUFS8_P1P2_ENSG00000110717,NDUFS8,-0.016986178
951_C11orf54_P1P2_ENSG00000182919,C11orf54,-0.017018145
8724_TBCA_P1P2_ENSG00000171530,TBCA,-0.01705014
9064_TMEM259_P1P2_ENSG00000182087,TMEM259,-0.017055811
1535_CFH_P1P2_ENSG00000000971,CFH,-0.017065406
5502_NCLN_P1P2_ENSG00000125912,NCLN,-0.017075978
2081_DCUN1D2_P1P2_ENSG00000150401,DCUN1D2,-0.01707607
5881_NUMA1_ENST00000393695.3_ENSG00000137497,NUMA1,-0.017078696
6282_PHF14_P1P2_ENSG00000106443,PHF14,-0.017083213
5577_NDUFV3_P1P2_ENSG00000160194,NDUFV3,-0.017088542
1100_C5orf30_P1P2_ENSG00000181751,C5orf30,-0.017118616
7735_SEC14L1_P2_ENSG00000129657,SEC14L1,-0.01712065
9223_TRABD_P1_ENSG00000170638,TRABD,-0.017128663
5391_MYLK3_P2_ENSG00000140795,MYLK3,-0.017134007
7006_RAB11FIP4_ENST00000325874.8_ENSG00000131242,RAB11FIP4,-0.017134411
8917_TIMM17A_P1P2_ENSG00000134375,TIMM17A,-0.017153623
10623_ZNF774_P1P2_ENSG00000196391,ZNF774,-0.017164217
1207_CASP8_P2_ENSG00000064012,CASP8,-0.01716899
1664_CLN5_P1P2_ENSG00000102805,CLN5,-0.017182697
4356_KIAA0930_P1_ENSG00000100364,KIAA0930,-0.017202782
9125_TNFRSF10A_P1P2_ENSG00000104689,TNFRSF10A,-0.017206125
3088_FIS1_P2_ENSG00000214253,FIS1,-0.01721818
6844_PSMA4_P1P2_ENSG00000041357,PSMA4,-0.017225178
10294_ZNF331_P1_ENSG00000130844,ZNF331,-0.017226024
6838_PSENEN_P1P2_ENSG00000205155,PSENEN,-0.017277734
4910_MCRS1_P1P2_ENSG00000187778,MCRS1,-0.017284933
5828_NSMCE1_P1P2_ENSG00000169189,NSMCE1,-0.017290168
8087_SLC44A2_P1_ENSG00000129353,SLC44A2,-0.017293755
6160_PDCD7_P1P2_ENSG00000090470,PDCD7,-0.017295867
8931_TINF2_P1P2_ENSG00000092330,TINF2,-0.017305521
4246_JAGN1_P1P2_ENSG00000171135,JAGN1,-0.017318835
8602_SURF1_P1P2_ENSG00000148290,SURF1,-0.017322185
5084_MIS18BP1_P1P2_ENSG00000129534,MIS18BP1,-0.017337836
11073_non-targeting_non-targeting_non-targeting,non-targeting,-0.017344609
11331_non-targeting_non-targeting_non-targeting,non-targeting,-0.017350527
9520_UBE2V1_P1P2_ENSG00000244687,UBE2V1,-0.017350677
7419_RPA2_P1P2_ENSG00000117748,RPA2,-0.017361566
2695_ERCC3_P1P2_ENSG00000163161,ERCC3,-0.017380757
5652_NFS1_P1P2_ENSG00000244005,NFS1,-0.017391907
6903_PTDSS1_P1P2_ENSG00000156471,PTDSS1,-0.017393798
2315_DNMT3A_ENST00000402667.1_ENSG00000119772,DNMT3A,-0.01745258
4070_IGFBP4_P1P2_ENSG00000141753,IGFBP4,-0.017515274
2287_DNAJC12_P1P2_ENSG00000108176,DNAJC12,-0.01755782
518_ARL8A_P1P2_ENSG00000143862,ARL8A,-0.017567355
1821_COX7A2_P1P2_ENSG00000112695,COX7A2,-0.017570872
1156_CALCOCO2_P2_ENSG00000136436,CALCOCO2,-0.017579269
3292_GATA2_P2_ENSG00000179348,GATA2,-0.01763185
431_AQR_P1P2_ENSG00000021776,AQR,-0.0176435
4693_LSM4_P1P2_ENSG00000130520,LSM4,-0.01767323
4055_IFT46_P1P2_ENSG00000118096,IFT46,-0.017678335
11312_non-targeting_non-targeting_non-targeting,non-targeting,-0.017681874
3683_HECTD1_P1P2_ENSG00000092148,HECTD1,-0.017705917
278_ALKBH5_P1P2_ENSG00000091542,ALKBH5,-0.017708108
8450_SSB_P1P2_ENSG00000138385,SSB,-0.017716167
2271_DNAAF3_P2_ENSG00000167646,DNAAF3,-0.01772196
10868_non-targeting_non-targeting_non-targeting,non-targeting,-0.017728325
7154_RBM12_P1P2_ENSG00000244462,RBM12,-0.017733118
7447_RPL22_P1_ENSG00000116251,RPL22,-0.017736755
10863_non-targeting_non-targeting_non-targeting,non-targeting,-0.017771576
4795_MANF_P1P2_ENSG00000145050,MANF,-0.017822918
5464_NAPG_P1P2_ENSG00000134265,NAPG,-0.017883139
9213_TPRN_P1P2_ENSG00000176058,TPRN,-0.017894858
7144_RBBP8_P1P2_ENSG00000101773,RBBP8,-0.017898493
7193_RBX1_P1P2_ENSG00000100387,RBX1,-0.017900763
702_ATXN2L_P1P2_ENSG00000168488,ATXN2L,-0.017901842
9054_TMEM241_P1P2_ENSG00000134490,TMEM241,-0.017903225
352_ANO6_P1P2_ENSG00000177119,ANO6,-0.017914256
9893_XPC_P2_ENSG00000154767,XPC,-0.017921267
9509_UBE2K_P1P2_ENSG00000078140,UBE2K,-0.017922547
8364_SPNS1_P1P2_ENSG00000169682,SPNS1,-0.017933723
6648_PPP1CA_P1_ENSG00000172531,PPP1CA,-0.017962944
10168_ZNF136_P1P2_ENSG00000196646,ZNF136,-0.01797201
7398_RNFT1_P1P2_ENSG00000189050,RNFT1,-0.017974691
1798_CORO1A_P1P2_ENSG00000102879,CORO1A,-0.01798487
7421_RPAIN_P1P2_ENSG00000129197,RPAIN,-0.018010322
7620_S100A11_P1P2_ENSG00000163191,S100A11,-0.018040985
2450_EARS2_P1P2_ENSG00000103356,EARS2,-0.01804799
3012_FBXO31_P1_ENSG00000103264,FBXO31,-0.0180492
8293_SOX4_P2_ENSG00000124766,SOX4,-0.018051922
9428_TUBGCP5_P1P2_ENSG00000275835,TUBGCP5,-0.01806387
2421_DYNC1H1_P1P2_ENSG00000197102,DYNC1H1,-0.0180727
10897_non-targeting_non-targeting_non-targeting,non-targeting,-0.018076293
9812_WDR26_P1P2_ENSG00000162923,WDR26,-0.018085392
535_ARPC2_P2_ENSG00000163466,ARPC2,-0.018091073
1485_CENPL_P1P2_ENSG00000120334,CENPL,-0.018093973
10587_ZNF718_ENST00000400172.3_ENSG00000250312,ZNF718,-0.01809502
7914_SIM1_P1P2_ENSG00000112246,SIM1,-0.01809822
8004_SLC25A39_P2_ENSG00000013306,SLC25A39,-0.018111859
11300_non-targeting_non-targeting_non-targeting,non-targeting,-0.018114083
4124_INHBE_P1P2_ENSG00000139269,INHBE,-0.018122694
6155_PDCD4_P2_ENSG00000150593,PDCD4,-0.01812624
7020_RAB2A_P1P2_ENSG00000104388,RAB2A,-0.018129757
7359_RNF166_P2_ENSG00000158717,RNF166,-0.018139368
10027_ZC3H7A_P1P2_ENSG00000122299,ZC3H7A,-0.018139774
7179_RBM4B_P1P2_ENSG00000173914,RBM4B,-0.018149028
2893_TAFA2_P2_ENSG00000198673,TAFA2,-0.018184304
10604_ZNF747_P1P2_ENSG00000169955,ZNF747,-0.018189099
4063_IGF1R_P2_ENSG00000140443,IGF1R,-0.018202174
9219_TPX2_P1P2_ENSG00000088325,TPX2,-0.018210594
10534_ZNF664_P1P2_ENSG00000179195,ZNF664,-0.018229686
4446_KLHL7_P1P2_ENSG00000122550,KLHL7,-0.018241571
279_ALKBH6_P1P2_ENSG00000239382,ALKBH6,-0.01829423
9400_TTK_P1P2_ENSG00000112742,TTK,-0.01832053
11091_non-targeting_non-targeting_non-targeting,non-targeting,-0.018326448
2586_ELF3_P1P2_ENSG00000163435,ELF3,-0.018334536
6721_PRDM12_P1P2_ENSG00000130711,PRDM12,-0.018338181
10976_non-targeting_non-targeting_non-targeting,non-targeting,-0.018342545
8207_SNAPC3_P1P2_ENSG00000164975,SNAPC3,-0.018346658
8182_SMIM8_P1P2_ENSG00000111850,SMIM8,-0.018366445
11200_non-targeting_non-targeting_non-targeting,non-targeting,-0.018375969
3307_GBE1_P1P2_ENSG00000114480,GBE1,-0.018380415
2369_DR1_P1P2_ENSG00000117505,DR1,-0.0184051
4985_METAP2_P1P2_ENSG00000111142,METAP2,-0.018429993
2382_DSN1_P1P2_ENSG00000149636,DSN1,-0.018436382
6984_QPCTL_P1P2_ENSG00000011478,QPCTL,-0.01843715
5038_MGAT4B_P1P2_ENSG00000161013,MGAT4B,-0.01844693
419_APOOL_P1P2_ENSG00000155008,APOOL,-0.018458815
1002_C17orf49_P2_ENSG00000258315,C17orf49,-0.018466705
4905_MCM8_P1P2_ENSG00000125885,MCM8,-0.018474247
1805_COX10_P1P2_ENSG00000006695,COX10,-0.018479897
4862_MASTL_P1P2_ENSG00000120539,MASTL,-0.018486714
7702_SCO1_P1P2_ENSG00000133028,SCO1,-0.01848799
2650_TEPSIN_P1P2_ENSG00000167302,TEPSIN,-0.018492315
252_ALDH16A1_P1P2_ENSG00000161618,ALDH16A1,-0.018493315
11131_non-targeting_non-targeting_non-targeting,non-targeting,-0.018502137
8078_SLC39A7_P1P2_ENSG00000112473,SLC39A7,-0.01851139
8913_TIMELESS_P1P2_ENSG00000111602,TIMELESS,-0.018523877
10830_non-targeting_non-targeting_non-targeting,non-targeting,-0.018539602
6766_PRKD2_P1_ENSG00000105287,PRKD2,-0.018554933
2119_DDX3X_P1P2_ENSG00000215301,DDX3X,-0.01855976
8993_TMEM126B_P1P2_ENSG00000171204,TMEM126B,-0.018572137
4205_ISCA2_P1P2_ENSG00000165898,ISCA2,-0.018583758
4232_ITM2C_P1P2_ENSG00000135916,ITM2C,-0.01858829
10524_ZNF646_P1P2_ENSG00000167395,ZNF646,-0.018610485
5004_METTL3_P1P2_ENSG00000165819,METTL3,-0.018628547
7290_RHOBTB1_P1P2_ENSG00000072422,RHOBTB1,-0.018633032
5261_MRPS31_P1P2_ENSG00000102738,MRPS31,-0.01865025
1496_CEP135_P1P2_ENSG00000174799,CEP135,-0.018664801
8562_STXBP2_P1P2_ENSG00000076944,STXBP2,-0.018679125
5230_MRPL47_P1P2_ENSG00000136522,MRPL47,-0.018679595
4044_IFNAR1_P1P2_ENSG00000142166,IFNAR1,-0.018702267
1878_CRNKL1_P1P2_ENSG00000101343,CRNKL1,-0.018702831
2039_DBN1_P1P2_ENSG00000113758,DBN1,-0.018706117
4161_IPO13_P1P2_ENSG00000117408,IPO13,-0.018714625
11119_non-targeting_non-targeting_non-targeting,non-targeting,-0.01873592
189_AGO1_P1P2_ENSG00000092847,AGO1,-0.018740326
2696_ERCC4_P1_ENSG00000175595,ERCC4,-0.018741626
5156_MORN4_P1P2_ENSG00000171160,MORN4,-0.018742016
10552_ZNF684_P1P2_ENSG00000117010,ZNF684,-0.018742971
1676_CLPX_P1P2_ENSG00000166855,CLPX,-0.018750153
10632_ZNF782_P1P2_ENSG00000196597,ZNF782,-0.018752947
8524_STK3_P1P2_ENSG00000104375,STK3,-0.018762667
7211_RCOR3_P1P2_ENSG00000117625,RCOR3,-0.018774878
4497_LAGE3_P1P2_ENSG00000196976,LAGE3,-0.01878286
6161_PDCL3_P1P2_ENSG00000115539,PDCL3,-0.018807516
2372_DRAP1_P1P2_ENSG00000175550,DRAP1,-0.018819895
4029_IDI1_P1P2_ENSG00000067064,IDI1,-0.018867338
10193_ZNF189_P1P2_ENSG00000136870,ZNF189,-0.018876143
5589_NEFH_P1P2_ENSG00000100285,NEFH,-0.01890332
7533_RPS6KB2_P1P2_ENSG00000175634,RPS6KB2,-0.018913034
3599_GUCD1_P1P2_ENSG00000138867,GUCD1,-0.018946378
8145_SMARCAL1_P1P2_ENSG00000138375,SMARCAL1,-0.018982442
11104_non-targeting_non-targeting_non-targeting,non-targeting,-0.018988237
6650_PPP1CB_P1P2_ENSG00000213639,PPP1CB,-0.018991282
3355_GGCX_P1P2_ENSG00000115486,GGCX,-0.019010104
2851_FAM131A_P1P2_ENSG00000175182,FAM131A,-0.019018255
1946_CTSC_P1P2_ENSG00000109861,CTSC,-0.019035589
7255_RFT1_P1P2_ENSG00000163933,RFT1,-0.019052861
4198_IRX1_P1P2_ENSG00000170549,IRX1,-0.019083252
5243_MRPS12_P1P2_ENSG00000128626,MRPS12,-0.019083522
809_BCLAF1_P1P2_ENSG00000029363,BCLAF1,-0.019126879
3490_GPATCH2_P1P2_ENSG00000092978,GPATCH2,-0.019136852
3716_HGS_P1P2_ENSG00000185359,HGS,-0.019140031
11123_non-targeting_non-targeting_non-targeting,non-targeting,-0.019174315
5848_NTMT1_P1P2_ENSG00000148335,NTMT1,-0.019252457
3996_HYAL2_P2_ENSG00000068001,HYAL2,-0.019261729
3213_MRM2_P1P2_ENSG00000122687,MRM2,-0.019262854
9300_TRMT10A_P1P2_ENSG00000145331,TRMT10A,-0.019263677
8161_SMC6_P1P2_ENSG00000163029,SMC6,-0.019273346
3757_HIST1H2AM_P1P2_ENSG00000278677,HIST1H2AM,-0.01927582
1032_C1QBP_P1P2_ENSG00000108561,C1QBP,-0.01928178
2543_EIF2S3_P1P2_ENSG00000130741,EIF2S3,-0.01929746
1530_CETN2_P2_ENSG00000147400,CETN2,-0.01931185
6697_PPP4R1_P1P2_ENSG00000154845,PPP4R1,-0.019316263
4610_LMBR1L_P1P2_ENSG00000139636,LMBR1L,-0.019331222
661_ATP5MC3_P1P2_ENSG00000154518,ATP5MC3,-0.019331617
9903_XRCC1_P1P2_ENSG00000073050,XRCC1,-0.019354878
9245_TRAPPC1_P1P2_ENSG00000170043,TRAPPC1,-0.019369654
2439_E2F3_P1_ENSG00000112242,E2F3,-0.019376412
5265_MRPS36_P1P2_ENSG00000134056,MRPS36,-0.019389004
717_AVL9_P1P2_ENSG00000105778,AVL9,-0.019402122
2343_DPF2_P1_ENSG00000133884,DPF2,-0.01941044
6336_PIGK_P1P2_ENSG00000142892,PIGK,-0.019414615
1807_COX14_P1P2_ENSG00000178449,COX14,-0.019444093
11293_non-targeting_non-targeting_non-targeting,non-targeting,-0.019445758
2449_EAPP_P1P2_ENSG00000129518,EAPP,-0.019446319
6191_PDLIM7_P1_ENSG00000196923,PDLIM7,-0.019447185
9554_UBXN2A_P2_ENSG00000173960,UBXN2A,-0.019484954
4685_LSM10_P1P2_ENSG00000181817,LSM10,-0.019486336
6979_PYROXD1_P1P2_ENSG00000121350,PYROXD1,-0.019492133
9739_VPS13B_P1P2_ENSG00000132549,VPS13B,-0.019524474
10253_ZNF273_P2_ENSG00000198039,ZNF273,-0.019538114
7213_RDH10_P1P2_ENSG00000121039,RDH10,-0.019538296
11109_non-targeting_non-targeting_non-targeting,non-targeting,-0.019541053
4541_LDB1_P1_ENSG00000198728,LDB1,-0.019588947
4997_METTL1_P1P2_ENSG00000037897,METTL1,-0.01960301
5131_MNX1_P1P2_ENSG00000130675,MNX1,-0.019630091
6661_PPP1R15B_P1P2_ENSG00000158615,PPP1R15B,-0.019633517
569_ASB8_P1P2_ENSG00000177981,ASB8,-0.019653784
4012_ICAM4_P1P2_ENSG00000105371,ICAM4,-0.019656358
4802_MAP2K3_P1P2_ENSG00000034152,MAP2K3,-0.019709157
567_ASB6_P1P2_ENSG00000148331,ASB6,-0.019715317
3636_HAUS3_P1P2_ENSG00000214367,HAUS3,-0.01976659
2656_EOMES_P1P2_ENSG00000163508,EOMES,-0.01976869
3449_GNPDA1_P1P2_ENSG00000113552,GNPDA1,-0.019771071
4762_MAGEA6_P1P2_ENSG00000197172,MAGEA6,-0.019771615
8456_SSR3_P1P2_ENSG00000114850,SSR3,-0.01983754
1717_CNOT2_P1P2_ENSG00000111596,CNOT2,-0.019867457
6307_PHOX2B_P1P2_ENSG00000109132,PHOX2B,-0.019870501
10543_ZNF675_P1P2_ENSG00000197372,ZNF675,-0.019890452
9184_TOR1B_P1P2_ENSG00000136816,TOR1B,-0.019905498
1441_CDK7_P1P2_ENSG00000134058,CDK7,-0.019917838
6249_PFN1_P1P2_ENSG00000108518,PFN1,-0.019945951
2378_DSCC1_P1P2_ENSG00000136982,DSCC1,-0.019952549
2099_DDRGK1_P1P2_ENSG00000198171,DDRGK1,-0.01996765
6232_PEX3_P1P2_ENSG00000034693,PEX3,-0.01997448
5245_MRPS15_P1P2_ENSG00000116898,MRPS15,-0.019995108
5982_OSBPL9_P1P2_ENSG00000117859,OSBPL9,-0.019998102
274_ALG9_P1P2_ENSG00000086848,ALG9,-0.020011596
5279_MSGN1_P1P2_ENSG00000151379,MSGN1,-0.02003644
7851_SGK1_P1_ENSG00000118515,SGK1,-0.020045
6573_PON2_P1P2_ENSG00000105854,PON2,-0.020056572
8736_TBL2_P2_ENSG00000106638,TBL2,-0.020058943
6233_PEX5_P1P2_ENSG00000139197,PEX5,-0.020084642
7835_SF3B1_P1P2_ENSG00000115524,SF3B1,-0.02012768
9978_ZBTB20_P1_ENSG00000181722,ZBTB20,-0.020148817
9517_UBE2R2_P1P2_ENSG00000107341,UBE2R2,-0.020148931
5791_NR2E1_P1P2_ENSG00000112333,NR2E1,-0.020152947
5255_MRPS25_P1P2_ENSG00000131368,MRPS25,-0.020169789
5286_MSL2_P1P2_ENSG00000174579,MSL2,-0.020173306
7422_RPAP1_P1P2_ENSG00000103932,RPAP1,-0.020177579
2470_ECSIT_P1P2_ENSG00000130159,ECSIT,-0.02018165
435_ARCN1_P1P2_ENSG00000095139,ARCN1,-0.020185785
8009_SLC25A44_P1P2_ENSG00000160785,SLC25A44,-0.020212507
10244_ZNF260_P1P2_ENSG00000254004,ZNF260,-0.020228371
8764_TCEA1_P1P2_ENSG00000187735,TCEA1,-0.020253535
2542_EIF2S2_P1P2_ENSG00000125977,EIF2S2,-0.020262688
9636_USP15_P1P2_ENSG00000135655,USP15,-0.020270305
5107_MLF2_P1P2_ENSG00000089693,MLF2,-0.020281322
8934_TIPRL_P1P2_ENSG00000143155,TIPRL,-0.020321898
987_CCDC32_P1P2_ENSG00000128891,CCDC32,-0.020345729
3583_GTF3A_P1P2_ENSG00000122034,GTF3A,-0.020356435
8226_SNRPB_P1P2_ENSG00000125835,SNRPB,-0.020359201
10553_ZNF687_P1P2_ENSG00000143373,ZNF687,-0.020393984
5254_MRPS24_P1P2_ENSG00000062582,MRPS24,-0.02039611
2955_CIAO2B_P1P2_ENSG00000166595,CIAO2B,-0.020422425
6676_PPP1R8_P1P2_ENSG00000117751,PPP1R8,-0.020438943
3103_FKBPL_P1P2_ENSG00000204315,FKBPL,-0.020451106
"7696_SCLY_ENST00000254663.6,ENST00000555827.1_ENSG00000132330",SCLY,-0.02045791
5572_NDUFS7_P1P2_ENSG00000115286,NDUFS7,-0.020463943
9562_UCHL3_P1P2_ENSG00000118939,UCHL3,-0.020469261
1975_CWF19L1_P1P2_ENSG00000095485,CWF19L1,-0.020483801
7162_RBM18_P1P2_ENSG00000119446,RBM18,-0.020486098
1455_CDR2L_P1P2_ENSG00000109089,CDR2L,-0.020487197
3334_GEMIN2_P1P2_ENSG00000092208,GEMIN2,-0.020515354
3774_HIST1H3H_ENST00000369163.2_ENSG00000278828,HIST1H3H,-0.020516343
8721_TBC1D5_P1P2_ENSG00000131374,TBC1D5,-0.02058094
8069_SLC39A10_P1P2_ENSG00000196950,SLC39A10,-0.020581823
7622_S100A1_P1_ENSG00000160678,S100A1,-0.020633847
2579_EIF5_P2_ENSG00000100664,EIF5,-0.020657212
6150_PDAP1_P1P2_ENSG00000106244,PDAP1,-0.020675927
4552_LENG8_P1P2_ENSG00000167615,LENG8,-0.020678217
7152_RBM10_P1P2_ENSG00000182872,RBM10,-0.020687899
10009_ZBTB7A_P2_ENSG00000178951,ZBTB7A,-0.02070441
4543_LDHB_P1P2_ENSG00000111716,LDHB,-0.020705681
159_ADNP_P1P2_ENSG00000101126,ADNP,-0.020724064
1263_CCDC14_P1P2_ENSG00000175455,CCDC14,-0.020748332
614_ATF7_P1P2_ENSG00000170653,ATF7,-0.020749465
9887_XAGE1B_ENST00000518075.1_ENSG00000204382,XAGE1B,-0.02076829
6602_POU6F2_ENST00000518318.2_ENSG00000106536,POU6F2,-0.020773625
1670_CLOCK_P1P2_ENSG00000134852,CLOCK,-0.020777458
8553_STX1A_P1P2_ENSG00000106089,STX1A,-0.020783562
4502_LAMP2_P1P2_ENSG00000005893,LAMP2,-0.020791277
377_AP2M1_P1_ENSG00000161203,AP2M1,-0.020796528
6352_PIK3C3_P1P2_ENSG00000078142,PIK3C3,-0.020799689
9830_WDR59_P1P2_ENSG00000103091,WDR59,-0.020819312
5145_MOK_P1P2_ENSG00000080823,MOK,-0.020834412
3506_GPR108_P1P2_ENSG00000125734,GPR108,-0.02083528
5241_MRPS10_P1P2_ENSG00000048544,MRPS10,-0.020857846
3488_GPATCH1_P1P2_ENSG00000076650,GPATCH1,-0.020872008
4752_MAFA_P1P2_ENSG00000182759,MAFA,-0.020874593
937_BUD13_P1P2_ENSG00000137656,BUD13,-0.020885363
2405_DUSP1_P1P2_ENSG00000120129,DUSP1,-0.020898366
2311_DNM1L_P1P2_ENSG00000087470,DNM1L,-0.020899259
10705_ZNRF2_P1P2_ENSG00000180233,ZNRF2,-0.02095414
1522_CERK_P1P2_ENSG00000100422,CERK,-0.020954395
5999_OTUD7B_P1P2_ENSG00000264522,OTUD7B,-0.020962246
8933_TIPIN_P1P2_ENSG00000075131,TIPIN,-0.020965075
1410_CDC73_P1P2_ENSG00000134371,CDC73,-0.020997839
2848_FAM126B_P1P2_ENSG00000155744,FAM126B,-0.021014486
5432_NAA50_P1P2_ENSG00000121579,NAA50,-0.021023633
8874_THAP2_P1_ENSG00000173451,THAP2,-0.021055384
2502_EFTUD2_P1P2_ENSG00000108883,EFTUD2,-0.02105814
5204_MRPL20_P1P2_ENSG00000242485,MRPL20,-0.021098038
10039_ZCCHC8_P1P2_ENSG00000033030,ZCCHC8,-0.021157585
8996_TMEM129_P1P2_ENSG00000168936,TMEM129,-0.021205677
6910_PTGES3_P1P2_ENSG00000110958,PTGES3,-0.021230467
5789_NR2C2AP_P1P2_ENSG00000184162,NR2C2AP,-0.02123907
10300_ZNF33B_P1P2_ENSG00000196693,ZNF33B,-0.021292662
20_ABCB10_P1P2_ENSG00000135776,ABCB10,-0.021311367
11117_non-targeting_non-targeting_non-targeting,non-targeting,-0.021360997
2356_DPP7_P2_ENSG00000176978,DPP7,-0.021385109
5139_MOCOS_P1P2_ENSG00000075643,MOCOS,-0.021403812
10101_ZFPL1_P1P2_ENSG00000162300,ZFPL1,-0.021415222
9205_TPM3_P1P2_ENSG00000143549,TPM3,-0.021457626
262_ALDOC_P1P2_ENSG00000109107,ALDOC,-0.021483619
5302_MTBP_P1P2_ENSG00000172167,MTBP,-0.021513652
10851_non-targeting_non-targeting_non-targeting,non-targeting,-0.021528194
6094_PAX7_P1P2_ENSG00000009709,PAX7,-0.021545485
1826_CPD_P1P2_ENSG00000108582,CPD,-0.021572163
10619_ZNF770_P1P2_ENSG00000198146,ZNF770,-0.021581575
734_B4GALT1_P1P2_ENSG00000086062,B4GALT1,-0.021586081
1585_CHMP4A_P2_ENSG00000254505,CHMP4A,-0.02159238
1859_CREB3L2_P1P2_ENSG00000182158,CREB3L2,-0.021602323
9817_WDR37_P1P2_ENSG00000047056,WDR37,-0.021611705
125_ADAL_P1P2_ENSG00000168803,ADAL,-0.021618407
5134_MOB2_P1P2_ENSG00000182208,MOB2,-0.02162081
8731_TBCK_P1P2_ENSG00000145348,TBCK,-0.021623412
6188_PDLIM4_P1P2_ENSG00000131435,PDLIM4,-0.02162591
7579_RSRC1_P1P2_ENSG00000174891,RSRC1,-0.021656973
11052_non-targeting_non-targeting_non-targeting,non-targeting,-0.02167841
1245_CCDC115_P1P2_ENSG00000136710,CCDC115,-0.021689681
3576_GTF2H3_P1P2_ENSG00000111358,GTF2H3,-0.02170698
9765_VPS54_P1P2_ENSG00000143952,VPS54,-0.021709997
7488_RPP21_P1P2_ENSG00000241370,RPP21,-0.021713333
7486_RPN2_P1P2_ENSG00000118705,RPN2,-0.02171856
7658_SART1_P1P2_ENSG00000175467,SART1,-0.021720428
5082_MIS12_P1P2_ENSG00000167842,MIS12,-0.021722969
331_ANKRD16_P1P2_ENSG00000134461,ANKRD16,-0.021726409
6363_PIM1_P1P2_ENSG00000137193,PIM1,-0.021734413
10388_ZNF483_P1P2_ENSG00000173258,ZNF483,-0.02174109
7378_RNF214_P1P2_ENSG00000167257,RNF214,-0.021749267
2492_EFCAB11_P1P2_ENSG00000140025,EFCAB11,-0.021756789
10326_ZNF385C_ENST00000436535.3_ENSG00000187595,ZNF385C,-0.021759823
8819_TERF2IP_P1P2_ENSG00000166848,TERF2IP,-0.02178374
5665_NHLRC2_P1P2_ENSG00000196865,NHLRC2,-0.021787483
6549_POLR2H_P1P2_ENSG00000163882,POLR2H,-0.021816773
7167_RBM26_P1P2_ENSG00000139746,RBM26,-0.021820705
9313_TRMT61A_P1P2_ENSG00000166166,TRMT61A,-0.021823078
4525_LATS1_P1P2_ENSG00000131023,LATS1,-0.021840665
2409_DUSP3_P1P2_ENSG00000108861,DUSP3,-0.02184888
9659_USP42_P1P2_ENSG00000106346,USP42,-0.021864852
10454_ZNF566_P1P2_ENSG00000186017,ZNF566,-0.021891627
9012_TMEM161B_P1P2_ENSG00000164180,TMEM161B,-0.021895343
10708_ZRSR2_P1P2_ENSG00000169249,ZRSR2,-0.0219117
7686_SCAP_P1P2_ENSG00000114650,SCAP,-0.021913713
640_ATP11B_P1P2_ENSG00000058063,ATP11B,-0.021916691
5187_MRE11_P1P2_ENSG00000020922,MRE11,-0.021930667
10307_ZNF34_P1P2_ENSG00000196378,ZNF34,-0.021941101
5567_NDUFS3_P1P2_ENSG00000213619,NDUFS3,-0.021945495
10457_ZNF569_P1P2_ENSG00000196437,ZNF569,-0.021949634
1781_COPS5_P1P2_ENSG00000121022,COPS5,-0.021953564
8718_TBC1D31_P1P2_ENSG00000156787,TBC1D31,-0.021961262
1735_COA5_P1P2_ENSG00000183513,COA5,-0.021973623
8910_TIGD5_P1P2_ENSG00000179886,TIGD5,-0.021976724
5645_NFKBIA_P2_ENSG00000100906,NFKBIA,-0.021990033
8729_TBCD_P1P2_ENSG00000141556,TBCD,-0.02203318
5177_MPST_P1P2_ENSG00000128309,MPST,-0.022043353
3248_GABARAPL1_P1P2_ENSG00000139112,GABARAPL1,-0.022056947
8661_TAF1_P1P2_ENSG00000147133,TAF1,-0.022057109
1187_CAPZB_P1P2_ENSG00000077549,CAPZB,-0.022126565
6541_POLR2B_P1P2_ENSG00000047315,POLR2B,-0.022135615
8860_TGFBR1_P1P2_ENSG00000106799,TGFBR1,-0.022216389
2322_DOCK11_P1P2_ENSG00000147251,DOCK11,-0.02223005
10896_non-targeting_non-targeting_non-targeting,non-targeting,-0.022237817
6904_PTDSS2_P1P2_ENSG00000174915,PTDSS2,-0.022255113
10139_ZMAT5_P1P2_ENSG00000100319,ZMAT5,-0.022264283
4175_IQSEC1_P1P2_ENSG00000144711,IQSEC1,-0.022286765
9123_TNFAIP8L2_P1P2_ENSG00000163154,TNFAIP8L2,-0.022287851
9277_TRIM41_P1P2_ENSG00000146063,TRIM41,-0.022313576
5775_NPW_P1P2_ENSG00000183971,NPW,-0.022318535
3833_HMGCS1_P1P2_ENSG00000112972,HMGCS1,-0.022333633
6024_PABPC1_P1P2_ENSG00000070756,PABPC1,-0.022344569
947_C11orf1_P1P2_ENSG00000137720,C11orf1,-0.022355387
11296_non-targeting_non-targeting_non-targeting,non-targeting,-0.02236232
1904_CSNK2A1_P1P2_ENSG00000101266,CSNK2A1,-0.022389477
9919_YARS_P1P2_ENSG00000134684,YARS,-0.022393268
428_AQP3_P2_ENSG00000165272,AQP3,-0.022408798
6354_PIK3CB_P1P2_ENSG00000051382,PIK3CB,-0.022421973
9733_VMA21_P1P2_ENSG00000160131,VMA21,-0.02246441
844_BLOC1S1_P1P2_ENSG00000135441,BLOC1S1,-0.022466242
5552_NDUFB11_P1P2_ENSG00000147123,NDUFB11,-0.022467855
8101_SLC5A3_P1P2_ENSG00000198743,SLC5A3,-0.022469379
5512_NCOR1_P1P2_ENSG00000141027,NCOR1,-0.022511095
728_B3GNT2_P1P2_ENSG00000170340,B3GNT2,-0.022529209
1310_YJU2_P1P2_ENSG00000105248,YJU2,-0.022532662
7038_RAB6A_P1P2_ENSG00000175582,RAB6A,-0.02253409
362_ANXA4_P1P2_ENSG00000196975,ANXA4,-0.02258685
1203_CASP3_P1P2_ENSG00000164305,CASP3,-0.02259329
5799_NR4A2_P1_ENSG00000153234,NR4A2,-0.022594465
3508_GPR137_P2_ENSG00000173264,GPR137,-0.022597928
4901_MCM4_P1P2_ENSG00000104738,MCM4,-0.022642147
10519_ZNF638_P1P2_ENSG00000075292,ZNF638,-0.022655148
8809_TECR_P1P2_ENSG00000099797,TECR,-0.022686142
5049_MIA3_P1_ENSG00000154305,MIA3,-0.022697166
7050_RABGGTA_P1P2_ENSG00000100949,RABGGTA,-0.02270291
1295_CCDC77_P1_ENSG00000120647,CCDC77,-0.022727143
11118_non-targeting_non-targeting_non-targeting,non-targeting,-0.02273029
5852_NUBP1_P1P2_ENSG00000103274,NUBP1,-0.022760104
8609_SUV39H2_P1P2_ENSG00000152455,SUV39H2,-0.022793189
8879_THAP6_P1P2_ENSG00000174796,THAP6,-0.022810979
5656_NFYA_P1P2_ENSG00000001167,NFYA,-0.022848502
3975_HSPA1B_P2_ENSG00000204388,HSPA1B,-0.022863306
9849_WDR83_P2_ENSG00000123154,WDR83,-0.022889914
254_ALDH1A1_P1P2_ENSG00000165092,ALDH1A1,-0.022892874
6132_PCMT1_P1P2_ENSG00000120265,PCMT1,-0.022915348
9784_WARS2_P1P2_ENSG00000116874,WARS2,-0.022955066
8608_SUV39H1_P1P2_ENSG00000101945,SUV39H1,-0.022966787
3093_FKBP15_P1P2_ENSG00000119321,FKBP15,-0.02299837
7627_S100P_P1P2_ENSG00000163993,S100P,-0.02300927
3672_HDHD2_P1P2_ENSG00000167220,HDHD2,-0.023012554
398_APEH_P1P2_ENSG00000164062,APEH,-0.023075392
309_ANAPC5_P1P2_ENSG00000089053,ANAPC5,-0.023075549
8623_SYNC_P1P2_ENSG00000162520,SYNC,-0.023090485
1917_CSTF2_P1P2_ENSG00000101811,CSTF2,-0.02309399
5277_MSANTD4_P1P2_ENSG00000170903,MSANTD4,-0.023096683
5078_MINPP1_P1P2_ENSG00000107789,MINPP1,-0.023106724
1937_CTNNB1_P1P2_ENSG00000168036,CTNNB1,-0.023111722
7615_RXRG_P1P2_ENSG00000143171,RXRG,-0.023120975
5790_NR2C2_P1P2_ENSG00000177463,NR2C2,-0.023139289
5125_MMP17_P1P2_ENSG00000198598,MMP17,-0.023140926
5519_NDC80_P1P2_ENSG00000080986,NDC80,-0.023152286
2779_EXOC2_P1P2_ENSG00000112685,EXOC2,-0.023164114
867_BOD1L1_P1_ENSG00000038219,BOD1L1,-0.023171501
3045_FCGRT_P1P2_ENSG00000104870,FCGRT,-0.023186045
3719_HIBADH_P1P2_ENSG00000106049,HIBADH,-0.023253398
5988_OSR2_P1P2_ENSG00000164920,OSR2,-0.023265012
8621_SYMPK_P1P2_ENSG00000125755,SYMPK,-0.0232668
5538_NDUFA5_P1P2_ENSG00000128609,NDUFA5,-0.023267353
9264_TRIM16_P1P2_ENSG00000221926,TRIM16,-0.023284918
7881_SH3BP5_P1_ENSG00000131370,SH3BP5,-0.023286682
608_ATF5_P1P2_ENSG00000169136,ATF5,-0.023340331
2947_FAM83H_P1P2_ENSG00000180921,FAM83H,-0.023350278
10663_ZNF830_P1P2_ENSG00000198783,ZNF830,-0.023353282
2253_DMC1_P1P2_ENSG00000100206,DMC1,-0.023373166
1929_CTDP1_P1P2_ENSG00000060069,CTDP1,-0.023376277
3969_HSP90B1_P1P2_ENSG00000166598,HSP90B1,-0.023413852
4595_LIN54_P1_ENSG00000189308,LIN54,-0.023423377
6523_POLE4_P1P2_ENSG00000115350,POLE4,-0.023424719
799_BCL2L12_P1P2_ENSG00000126453,BCL2L12,-0.02344533
4871_MAX_P1P2_ENSG00000125952,MAX,-0.023462793
1865_CREBBP_P1P2_ENSG00000005339,CREBBP,-0.023471545
3467_GOLIM4_P1P2_ENSG00000173905,GOLIM4,-0.023472058
7897_SHMT2_P1P2_ENSG00000182199,SHMT2,-0.023489917
3350_GFPT1_P1P2_ENSG00000198380,GFPT1,-0.023553565
2976_FASTKD1_P1P2_ENSG00000138399,FASTKD1,-0.023600718
5259_MRPS2_P1P2_ENSG00000122140,MRPS2,-0.023626463
7277_RGS19_P1P2_ENSG00000171700,RGS19,-0.023643894
3850_HNF1A_P1P2_ENSG00000135100,HNF1A,-0.023659673
5574_NDUFV1_P1_ENSG00000167792,NDUFV1,-0.02365983
65_ACACA_P1P2_ENSG00000278540,ACACA,-0.023666352
5456_NANOGNB_ENST00000382119.1_ENSG00000205857,NANOGNB,-0.023685819
4547_LEF1_P2_ENSG00000138795,LEF1,-0.02371978
4174_IQGAP3_P1P2_ENSG00000183856,IQGAP3,-0.023755515
11078_non-targeting_non-targeting_non-targeting,non-targeting,-0.023762822
3388_GLE1_P1P2_ENSG00000119392,GLE1,-0.023780888
4521_LARS2_P1P2_ENSG00000011376,LARS2,-0.023788488
8269_SOHLH1_P1P2_ENSG00000165643,SOHLH1,-0.023806656
9340_TSFM_P1P2_ENSG00000123297,TSFM,-0.023831503
10686_ZNF880_P1P2_ENSG00000221923,ZNF880,-0.023831546
4185_IRF2BP2_P2_ENSG00000168264,IRF2BP2,-0.023846133
934_BUB1B_P1P2_ENSG00000156970,BUB1B,-0.023847912
4918_MDM1_P1P2_ENSG00000111554,MDM1,-0.023864195
2071_DCPS_P1P2_ENSG00000110063,DCPS,-0.023876635
8132_SMAD4_P1P2_ENSG00000141646,SMAD4,-0.023964258
5728_NOBOX_ENST00000223140.5_ENSG00000106410,NOBOX,-0.02398774
5861_NUDC_P1P2_ENSG00000090273,NUDC,-0.023993514
1466_CEBPB_P1P2_ENSG00000172216,CEBPB,-0.02401919
3628_HAND2_P2_ENSG00000164107,HAND2,-0.024063969
2138_DECR2_P1P2_ENSG00000242612,DECR2,-0.024076544
6226_PEX14_P1P2_ENSG00000142655,PEX14,-0.0240807
6849_PSMB1_P1P2_ENSG00000008018,PSMB1,-0.024089843
3657_HCFC1R1_P1P2_ENSG00000103145,HCFC1R1,-0.024106301
6088_PAX1_P1P2_ENSG00000125813,PAX1,-0.024128629
1079_C2orf68_P1P2_ENSG00000168887,C2orf68,-0.02412974
8010_SLC25A46_P1P2_ENSG00000164209,SLC25A46,-0.02418545
8234_SNTA1_P1P2_ENSG00000101400,SNTA1,-0.024248369
6332_PIGC_P1P2_ENSG00000135845,PIGC,-0.024312248
10202_ZNF207_P1_ENSG00000010244,ZNF207,-0.024329508
656_ATP5F1D_P1P2_ENSG00000099624,ATP5F1D,-0.02437132
6291_PHF5A_P1P2_ENSG00000100410,PHF5A,-0.024385238
7843_SFSWAP_P1P2_ENSG00000061936,SFSWAP,-0.02438885
9169_TOMM6_P1P2_ENSG00000214736,TOMM6,-0.024394551
3439_GNE_P1P2_ENSG00000159921,GNE,-0.024417987
5657_NFYB_P1P2_ENSG00000120837,NFYB,-0.024423841
4282_KATNA1_P1P2_ENSG00000186625,KATNA1,-0.02445506
2979_FASTKD5_P1P2_ENSG00000215251,FASTKD5,-0.024456864
1180_CAPN1_P1P2_ENSG00000014216,CAPN1,-0.024469333
2604_ELP2_P1P2_ENSG00000134759,ELP2,-0.024497686
8733_TBKBP1_P1P2_ENSG00000198933,TBKBP1,-0.024499102
9693_VAMP1_P1P2_ENSG00000139190,VAMP1,-0.02451316
889_BRD2_P2_ENSG00000204256,BRD2,-0.024537595
9454_TXNIP_P1_ENSG00000265972,TXNIP,-0.02456087
10073_ZFC3H1_P1P2_ENSG00000133858,ZFC3H1,-0.024583742
4844_MARCH3_P1P2_ENSG00000173926,MARCH3,-0.024585212
7901_SHPK_P1P2_ENSG00000197417,SHPK,-0.024585845
7221_RECQL_P1P2_ENSG00000004700,RECQL,-0.024612548
153_ADI1_P1P2_ENSG00000182551,ADI1,-0.024613556
8156_SMC2_P1P2_ENSG00000136824,SMC2,-0.024659192
6275_PHB2_P1P2_ENSG00000215021,PHB2,-0.024674434
1829_CPEB4_P1P2_ENSG00000113742,CPEB4,-0.024678519
7960_SLC12A5_P2_ENSG00000124140,SLC12A5,-0.02472643
9742_VPS16_P1P2_ENSG00000215305,VPS16,-0.024740543
664_ATP5MF_P1P2_ENSG00000241468,ATP5MF,-0.024745813
8742_TBR1_P1P2_ENSG00000136535,TBR1,-0.024768004
464_ARHGAP22_P1P2_ENSG00000128805,ARHGAP22,-0.024810303
8947_TLK2_P1P2_ENSG00000146872,TLK2,-0.02485218
11307_non-targeting_non-targeting_non-targeting,non-targeting,-0.024896894
5066_MIEF1_P1P2_ENSG00000100335,MIEF1,-0.024905344
6326_PICK1_P1P2_ENSG00000100151,PICK1,-0.024932917
5351_PWWP3A_P1P2_ENSG00000160953,PWWP3A,-0.024942322
6185_PDLIM1_P1P2_ENSG00000107438,PDLIM1,-0.024998344
1532_CFDP1_P1_ENSG00000153774,CFDP1,-0.025011592
3978_HSPA5_P1P2_ENSG00000044574,HSPA5,-0.02505745
611_ATF7IP2_P1P2_ENSG00000166669,ATF7IP2,-0.02507282
6162_PDCL_P1P2_ENSG00000136940,PDCL,-0.02507474
675_ATP6V0C_P1P2_ENSG00000185883,ATP6V0C,-0.02510484
301_ANAPC10_P1P2_ENSG00000164162,ANAPC10,-0.02511222
3731_HINFP_P1P2_ENSG00000172273,HINFP,-0.02516353
4544_LDLRAP1_P1_ENSG00000157978,LDLRAP1,-0.025170023
6582_POTEI_ENST00000451531.2_ENSG00000196834,POTEI,-0.025192112
8001_SLC25A36_P1P2_ENSG00000114120,SLC25A36,-0.025193408
3802_HJURP_P1P2_ENSG00000123485,HJURP,-0.025218463
7752_SEC61B_P1P2_ENSG00000106803,SEC61B,-0.025218824
7967_SLC16A1_P1_ENSG00000155380,SLC16A1,-0.02525969
4583_LIMD2_P1P2_ENSG00000136490,LIMD2,-0.02528488
6262_PGM3_P1P2_ENSG00000013375,PGM3,-0.025291998
8042_SLC35B2_P1P2_ENSG00000157593,SLC35B2,-0.025310902
5540_NDUFA7_P1P2_ENSG00000267855,NDUFA7,-0.025316307
265_ALG13_P1P2_ENSG00000101901,ALG13,-0.025321491
7976_SLC1A5_P1_ENSG00000105281,SLC1A5,-0.025366513
2562_EIF4B_P1P2_ENSG00000063046,EIF4B,-0.025405878
3853_HNF4G_P1_ENSG00000164749,HNF4G,-0.025440304
1315_CCNA2_P1P2_ENSG00000145386,CCNA2,-0.025455235
8601_SUPV3L1_P1P2_ENSG00000156502,SUPV3L1,-0.025466336
1350_CCT6A_P1P2_ENSG00000146731,CCT6A,-0.025495766
575_ASCL3_P1P2_ENSG00000176009,ASCL3,-0.025534889
552_ARRDC4_P1P2_ENSG00000140450,ARRDC4,-0.025584433
7183_RBM6_P1P2_ENSG00000004534,RBM6,-0.02559068
4151_INTS6_P1P2_ENSG00000102786,INTS6,-0.025714569
4146_INTS1_P1P2_ENSG00000164880,INTS1,-0.025730541
8672_TAF9_P1P2_ENSG00000273841,TAF9,-0.025733067
8039_SLC35A3_P1P2_ENSG00000117620,SLC35A3,-0.025760079
4440_KLHL23_P2_ENSG00000213160,KLHL23,-0.025769759
7385_RNF25_P1_ENSG00000163481,RNF25,-0.025805756
6747_PRIM1_P1P2_ENSG00000198056,PRIM1,-0.025832301
1743_COG4_P1P2_ENSG00000103051,COG4,-0.025863575
5252_MRPS22_P1P2_ENSG00000175110,MRPS22,-0.025905948
8678_TAMM41_P1P2_ENSG00000144559,TAMM41,-0.025929991
683_ATP6V1E1_P1P2_ENSG00000131100,ATP6V1E1,-0.025941584
9905_XRCC3_P1P2_ENSG00000126215,XRCC3,-0.025974754
9689_UVRAG_P1P2_ENSG00000198382,UVRAG,-0.026010087
5864_NUDT15_P1P2_ENSG00000136159,NUDT15,-0.026108725
1581_CHMP2A_P1P2_ENSG00000130724,CHMP2A,-0.026124403
3237_FZD5_P1P2_ENSG00000163251,FZD5,-0.02614714
7768_SEMA4B_P2_ENSG00000185033,SEMA4B,-0.026167711
2664_EPC1_P1P2_ENSG00000120616,EPC1,-0.026168007
6856_PSMB7_P1P2_ENSG00000136930,PSMB7,-0.026263623
1786_COPS8_P1P2_ENSG00000198612,COPS8,-0.026357714
8730_TBCE_P1P2_ENSG00000285053,TBCE,-0.02637725
10348_ZNF423_ENST00000262383.2_ENSG00000102935,ZNF423,-0.02637937
5022_MFN2_P1_ENSG00000116688,MFN2,-0.026384212
490_ARID3A_P1P2_ENSG00000116017,ARID3A,-0.026400898
9949_YTHDF2_P1P2_ENSG00000198492,YTHDF2,-0.026423678
2025_DAP3_P1P2_ENSG00000132676,DAP3,-0.02644862
5076_MINK1_P1P2_ENSG00000141503,MINK1,-0.026450846
6239_PFDN4_P1P2_ENSG00000101132,PFDN4,-0.02645156
5583_NEDD1_P1P2_ENSG00000139350,NEDD1,-0.026509266
6304_PHLDB3_P1P2_ENSG00000176531,PHLDB3,-0.026566084
9872_WNT5B_ENST00000310594.3_ENSG00000111186,WNT5B,-0.026573956
4645_LRIF1_P1P2_ENSG00000121931,LRIF1,-0.026582167
2267_DMXL1_P1P2_ENSG00000172869,DMXL1,-0.026588619
9039_TMEM208_P1P2_ENSG00000168701,TMEM208,-0.026598407
3158_FOXF2_P1P2_ENSG00000137273,FOXF2,-0.026629904
9420_TUBB_P1_ENSG00000196230,TUBB,-0.026684606
7000_R3HDM4_P1_ENSG00000198858,R3HDM4,-0.026691405
1770_COPA_P1P2_ENSG00000122218,COPA,-0.026694685
1719_CNOT4_P1P2_ENSG00000080802,CNOT4,-0.026700638
3994_HUWE1_P1P2_ENSG00000086758,HUWE1,-0.026789408
2097_DDR1_P2_ENSG00000204580,DDR1,-0.0268007
2718_ERMP1_P1P2_ENSG00000099219,ERMP1,-0.02680314
7130_RAVER1_P1_ENSG00000161847,RAVER1,-0.026804177
5569_NDUFS5_P1_ENSG00000168653,NDUFS5,-0.026810165
7070_RAD51_P1P2_ENSG00000051180,RAD51,-0.026849693
2578_EIF5_P1_ENSG00000100664,EIF5,-0.026934259
5426_NAA20_P1P2_ENSG00000173418,NAA20,-0.026937248
6791_PRPF18_P1P2_ENSG00000165630,PRPF18,-0.026949689
8206_SNAPC2_P1P2_ENSG00000104976,SNAPC2,-0.026951576
2568_EIF4G1_P1P2_ENSG00000114867,EIF4G1,-0.02698261
3051_FDX2_P1P2_ENSG00000267673,FDX2,-0.026987288
5005_METTL4_P1P2_ENSG00000101574,METTL4,-0.02705625
489_ARID2_P1P2_ENSG00000189079,ARID2,-0.027084647
9473_U2AF1_P1P2_ENSG00000160201,U2AF1,-0.027248261
6883_PSMG1_P1P2_ENSG00000183527,PSMG1,-0.02725463
1574_CHIC2_P1P2_ENSG00000109220,CHIC2,-0.027276145
1816_COX5B_P1P2_ENSG00000135940,COX5B,-0.027349908
4875_MBD3_P1P2_ENSG00000071655,MBD3,-0.027356355
3501_GPKOW_P1P2_ENSG00000068394,GPKOW,-0.027376087
5542_NDUFA9_ENST00000266544.5_ENSG00000139180,NDUFA9,-0.027383553
8401_SREBF1_P1_ENSG00000072310,SREBF1,-0.02739956
4750_MAEA_P1_ENSG00000090316,MAEA,-0.027509956
1538_CFLAR_P1_ENSG00000003402,CFLAR,-0.027516764
5492_NCAPH_P1P2_ENSG00000121152,NCAPH,-0.027686683
4002_IAH1_P1P2_ENSG00000134330,IAH1,-0.027712503
8897_THTPA_P1P2_ENSG00000259431,THTPA,-0.027729828
630_ATL2_P1P2_ENSG00000119787,ATL2,-0.027770776
3479_GOSR2_P1P2_ENSG00000108433,GOSR2,-0.027801236
9972_ZBTB16_P1P2_ENSG00000109906,ZBTB16,-0.027834045
9329_TRUB1_P1P2_ENSG00000165832,TRUB1,-0.027845703
6171_PDE8A_P2_ENSG00000073417,PDE8A,-0.027851366
3663_HDAC2_P1P2_ENSG00000196591,HDAC2,-0.027866798
6474_PMF1_P1P2_ENSG00000160783,PMF1,-0.027918395
9622_URM1_P1P2_ENSG00000167118,URM1,-0.027954618
5314_MTG1_P1P2_ENSG00000148824,MTG1,-0.028019954
98_ACSF3_P1P2_ENSG00000176715,ACSF3,-0.02807479
4291_KCMF1_P1P2_ENSG00000176407,KCMF1,-0.028076319
7833_SF3A2_P1_ENSG00000104897,SF3A2,-0.028163519
3470_GOLPH3_P1P2_ENSG00000113384,GOLPH3,-0.028224805
9317_TRNAU1AP_P1P2_ENSG00000180098,TRNAU1AP,-0.02828158
10024_ZC3H3_P1P2_ENSG00000014164,ZC3H3,-0.028320853
310_ANAPC7_P1P2_ENSG00000196510,ANAPC7,-0.028324919
3942_HS3ST3A1_P1P2_ENSG00000153976,HS3ST3A1,-0.028373903
4991_METTL14_P1P2_ENSG00000145388,METTL14,-0.028377276
9457_TXNL4A_P1P2_ENSG00000141759,TXNL4A,-0.028386964
1672_CLPB_P1P2_ENSG00000162129,CLPB,-0.02844144
5874_NUDT5_P1P2_ENSG00000165609,NUDT5,-0.02845929
10928_non-targeting_non-targeting_non-targeting,non-targeting,-0.028577875
5190_MRGBP_P1P2_ENSG00000101189,MRGBP,-0.02863924
7571_RSBN1L_P1P2_ENSG00000187257,RSBN1L,-0.02864919
3710_HEXIM1_P1P2_ENSG00000186834,HEXIM1,-0.028652053
8759_TBX5_P1_ENSG00000089225,TBX5,-0.02865622
10033_TUT4_P1P2_ENSG00000134744,TUT4,-0.028674752
2978_FASTKD3_P1P2_ENSG00000124279,FASTKD3,-0.028687043
3502_GPN1_P1P2_ENSG00000198522,GPN1,-0.028701654
6271_PHACTR2_P1P2_ENSG00000112419,PHACTR2,-0.02870229
4081_IKZF1_P1P2_ENSG00000185811,IKZF1,-0.028758638
4273_KARS_P1P2_ENSG00000065427,KARS,-0.028766451
10602_ZNF740_P1P2_ENSG00000139651,ZNF740,-0.0287981
5263_MRPS34_P1P2_ENSG00000074071,MRPS34,-0.02883703
1677_CLSPN_P1P2_ENSG00000092853,CLSPN,-0.0290006
9814_WDR33_P1P2_ENSG00000136709,WDR33,-0.029006835
6076_PARP1_P1P2_ENSG00000143799,PARP1,-0.02902363
876_BORA_P1P2_ENSG00000136122,BORA,-0.029054688
7111_RARA_P1_ENSG00000131759,RARA,-0.029058509
7322_RMI1_P1P2_ENSG00000178966,RMI1,-0.029062143
11085_non-targeting_non-targeting_non-targeting,non-targeting,-0.029082213
8338_SPDL1_P1P2_ENSG00000040275,SPDL1,-0.029095527
6513_POLA2_P1P2_ENSG00000014138,POLA2,-0.029115587
6110_PCBP1_P1P2_ENSG00000169564,PCBP1,-0.02913433
8757_TBX4_P2_ENSG00000121075,TBX4,-0.02913809
5524_NDFIP2_P1P2_ENSG00000102471,NDFIP2,-0.029254206
9734_VMP1_P1P2_ENSG00000062716,VMP1,-0.029269569
1386_CDC123_P1P2_ENSG00000151465,CDC123,-0.029269814
7327_RNASE1_P1P2_ENSG00000129538,RNASE1,-0.029396407
5_AAGAB_P1P2_ENSG00000103591,AAGAB,-0.02940033
8839_TFAP4_P1P2_ENSG00000090447,TFAP4,-0.029401597
2296_DNAJC25_P1P2_ENSG00000059769,DNAJC25,-0.029417584
2308_DNASE1L1_P2_ENSG00000013563,DNASE1L1,-0.029425588
7184_RBM7_P1P2_ENSG00000076053,RBM7,-0.029528134
2902_FAM210A_P1P2_ENSG00000177150,FAM210A,-0.029539423
8894_THRAP3_P1P2_ENSG00000054118,THRAP3,-0.029543424
5595_NEK6_P1P2_ENSG00000119408,NEK6,-0.029593632
6327_PIEZO1_P1P2_ENSG00000103335,PIEZO1,-0.02960491
1419_CDIPT_P1P2_ENSG00000103502,CDIPT,-0.029609524
168_ADSS_P1P2_ENSG00000035687,ADSS,-0.029618055
2236_DLAT_P1P2_ENSG00000150768,DLAT,-0.029661642
5490_NCAPG_P1P2_ENSG00000109805,NCAPG,-0.029663399
5616_NEUROG2_P1P2_ENSG00000178403,NEUROG2,-0.029670168
671_ATP6AP2_P1P2_ENSG00000182220,ATP6AP2,-0.029680395
5250_MRPS18C_P1P2_ENSG00000163319,MRPS18C,-0.029704846
9153_TNRC6A_P1P2_ENSG00000090905,TNRC6A,-0.029714303
1601_CHST12_P1P2_ENSG00000136213,CHST12,-0.02975661
5830_NSMCE4A_P1P2_ENSG00000107672,NSMCE4A,-0.029780667
10169_ZNF138_P1P2_ENSG00000197008,ZNF138,-0.02978254
1577_CHKB_P1P2_ENSG00000100288,CHKB,-0.029787006
11173_non-targeting_non-targeting_non-targeting,non-targeting,-0.029835941
8064_SLC38A2_P1P2_ENSG00000134294,SLC38A2,-0.029839192
6757_PRKAR1B_P1_ENSG00000188191,PRKAR1B,-0.029910298
8578_SUGT1_P1P2_ENSG00000165416,SUGT1,-0.029945761
8782_TCF25_P1P2_ENSG00000141002,TCF25,-0.029952137
2401_DUSP12_P1P2_ENSG00000081721,DUSP12,-0.029994901
3337_GEMIN6_P1P2_ENSG00000152147,GEMIN6,-0.030028624
3736_HIPK1_P1P2_ENSG00000163349,HIPK1,-0.030030856
5266_MRPS5_P1P2_ENSG00000144029,MRPS5,-0.03005116
4121_ING3_P1P2_ENSG00000071243,ING3,-0.03005637
1161_CALR_P1P2_ENSG00000179218,CALR,-0.03010021
"7854_SGK3_ENST00000396596.1,ENST00000522398.1_ENSG00000104205",SGK3,-0.030118061
3790_HIST2H3A_P1P2_ENSG00000203852,HIST2H3A,-0.03013035
5561_NDUFB9_P1P2_ENSG00000147684,NDUFB9,-0.030136708
7890_SHC1_P1_ENSG00000160691,SHC1,-0.030144777
9225_TRADD_P1P2_ENSG00000102871,TRADD,-0.030157356
3764_HIST1H2BG_ENST00000244601.3_ENSG00000273802,HIST1H2BG,-0.03021395
2269_DNA2_P1P2_ENSG00000138346,DNA2,-0.030236704
5661_NGRN_P1P2_ENSG00000182768,NGRN,-0.030249758
5231_MRPL48_P1P2_ENSG00000175581,MRPL48,-0.030264659
7252_RFK_P1P2_ENSG00000135002,RFK,-0.030423494
5539_NDUFA6_P1P2_ENSG00000184983,NDUFA6,-0.03042467
1704_CNBP_P1P2_ENSG00000169714,CNBP,-0.030436113
8976_TMED4_P1P2_ENSG00000158604,TMED4,-0.030436622
10726_ZSCAN32_P1P2_ENSG00000140987,ZSCAN32,-0.030456988
6828_PRSS50_P2_nan,PRSS50,-0.03053068
825_BGLAP_P1P2_ENSG00000242252,BGLAP,-0.030537684
8633_SYS1_P1P2_ENSG00000204070,SYS1,-0.030548716
2876_ATPSCKMT_P1P2_ENSG00000150756,ATPSCKMT,-0.030552028
6886_PSMG3_P1_ENSG00000157778,PSMG3,-0.030567236
5461_NAP1L4_P1P2_ENSG00000205531,NAP1L4,-0.030573133
5887_NUP153_P1P2_ENSG00000124789,NUP153,-0.030594997
505_ARL1_P1P2_ENSG00000120805,ARL1,-0.030609177
5890_NUP188_P1P2_ENSG00000095319,NUP188,-0.030653037
8873_THAP1_P1P2_ENSG00000131931,THAP1,-0.030769529
6323_PIAS4_P1P2_ENSG00000105229,PIAS4,-0.030848026
2367_DPY30_P1P2_ENSG00000162961,DPY30,-0.030859005
6220_PET100_P1P2_ENSG00000229833,PET100,-0.0308918
7249_RFC5_P1P2_ENSG00000111445,RFC5,-0.03097179
9762_VPS51_P1P2_ENSG00000149823,VPS51,-0.030990507
2122_DDX46_P1_ENSG00000145833,DDX46,-0.030997483
1779_COPS3_P1P2_ENSG00000141030,COPS3,-0.031004211
8107_SLC7A1_P1P2_ENSG00000139514,SLC7A1,-0.031034032
701_ATXN1L_P1P2_ENSG00000224470,ATXN1L,-0.031042924
2728_ESCO2_P1P2_ENSG00000171320,ESCO2,-0.031071542
3265_GALK2_P2_ENSG00000156958,GALK2,-0.031147748
8986_TMEM115_P1P2_ENSG00000126062,TMEM115,-0.031199813
451_ARFIP2_P1P2_ENSG00000132254,ARFIP2,-0.03121531
4033_IER3IP1_P1P2_ENSG00000134049,IER3IP1,-0.0312193
5898_NUP54_P1P2_ENSG00000138750,NUP54,-0.031226447
6351_PIK3C2A_ENST00000265970.7_ENSG00000011405,PIK3C2A,-0.03126558
10107_ZFYVE19_P1P2_ENSG00000166140,ZFYVE19,-0.031269014
8307_SP2_P1P2_ENSG00000167182,SP2,-0.031330206
11227_non-targeting_non-targeting_non-targeting,non-targeting,-0.031343892
3861_HNRNPC_P1P2_ENSG00000092199,HNRNPC,-0.03136178
5893_NUP214_P1P2_ENSG00000126883,NUP214,-0.03141982
7778_SEPHS1_P1P2_ENSG00000086475,SEPHS1,-0.031463422
4657_CARMIL1_P1P2_ENSG00000079691,CARMIL1,-0.03151287
6740_PREB_P1P2_ENSG00000138073,PREB,-0.031536486
5441_NACA_P1P2_ENSG00000196531,NACA,-0.031543065
830_BHLHE40_P1P2_ENSG00000134107,BHLHE40,-0.03155285
7155_RBM14-RBM4_P1_nan,RBM14-RBM4,-0.031637453
2336_DONSON_P1P2_ENSG00000159147,DONSON,-0.031640533
786_BCAS2_P1P2_ENSG00000116752,BCAS2,-0.03165127
7178_RBM48_P1P2_ENSG00000127993,RBM48,-0.031660393
3517_GPS1_P1P2_ENSG00000169727,GPS1,-0.031661097
6081_PARS2_P1P2_ENSG00000162396,PARS2,-0.03170872
6934_PTPRC_P1P2_ENSG00000081237,PTPRC,-0.031710602
5246_MRPS16_P1P2_ENSG00000182180,MRPS16,-0.03171716
9202_TPI1_P1P2_ENSG00000111669,TPI1,-0.031719953
7420_RPA3_P1P2_ENSG00000106399,RPA3,-0.03172701
6131_PCM1_P1P2_ENSG00000078674,PCM1,-0.03173857
2133_DDX59_P1P2_ENSG00000118197,DDX59,-0.03174571
3329_GDF15_P1P2_ENSG00000130513,GDF15,-0.031767678
8765_TCEA2_P1P2_ENSG00000171703,TCEA2,-0.031769868
638_ATOX1_P1P2_ENSG00000177556,ATOX1,-0.031771228
3418_GMEB2_P1P2_ENSG00000101216,GMEB2,-0.031810082
4694_LSM5_P2_ENSG00000106355,LSM5,-0.031845056
3971_HSPA14_P1P2_ENSG00000284024,HSPA14,-0.031852104
4077_ELP1_P1P2_ENSG00000070061,ELP1,-0.031930555
3341_GET4_P1P2_ENSG00000239857,GET4,-0.031983685
8168_SMG7_P1P2_ENSG00000116698,SMG7,-0.031988483
5566_NDUFS2_P1P2_ENSG00000158864,NDUFS2,-0.032001294
4821_MAP4_P1P2_ENSG00000047849,MAP4,-0.032232545
7939_SKA3_P1P2_ENSG00000165480,SKA3,-0.032249354
670_ATP6AP1_P1P2_ENSG00000071553,ATP6AP1,-0.032296956
9653_USP37_P1P2_ENSG00000135913,USP37,-0.032302003
667_ATP5PO_P1P2_ENSG00000241837,ATP5PO,-0.032349583
7834_SF3A3_P1P2_ENSG00000183431,SF3A3,-0.032363463
3656_HCCS_P1P2_ENSG00000004961,HCCS,-0.03237757
687_ATP6V1H_P1P2_ENSG00000047249,ATP6V1H,-0.032430734
8457_SSR4_P1P2_ENSG00000180879,SSR4,-0.03244366
8233_SNRPG_P1P2_ENSG00000143977,SNRPG,-0.03246057
8856_TFR2_P1P2_ENSG00000106327,TFR2,-0.032539014
9547_UBR4_P1P2_ENSG00000127481,UBR4,-0.032664876
6228_PEX19_P1P2_ENSG00000162735,PEX19,-0.032681588
8820_TERF2_P1P2_ENSG00000132604,TERF2,-0.03272389
4306_KCTD3_P1P2_ENSG00000136636,KCTD3,-0.032741036
2084_DCXR_P1P2_ENSG00000169738,DCXR,-0.032816187
10447_ZNF559_P1P2_ENSG00000188321,ZNF559,-0.032845568
9065_DMAC1_P1P2_ENSG00000137038,DMAC1,-0.032870807
5115_MLST8_P1P2_ENSG00000167965,MLST8,-0.03291276
6992_QTRT1_P1P2_ENSG00000213339,QTRT1,-0.032940663
1026_MICOS13_P1P2_ENSG00000174917,MICOS13,-0.032995634
9461_TXN_P1P2_ENSG00000136810,TXN,-0.03301666
10237_ZNF250_P1P2_ENSG00000196150,ZNF250,-0.033033308
6353_PIK3CA_P1P2_ENSG00000121879,PIK3CA,-0.03307026
2426_DYNLL1_P1P2_ENSG00000088986,DYNLL1,-0.033123568
4258_JOSD1_P1P2_ENSG00000100221,JOSD1,-0.03313414
3959_HSF1_P1P2_ENSG00000185122,HSF1,-0.033149928
9339_TSEN54_P1P2_ENSG00000182173,TSEN54,-0.03320176
4206_ISCU_P1P2_ENSG00000136003,ISCU,-0.033279482
8904_TICRR_P1P2_ENSG00000140534,TICRR,-0.033340428
9777_VWA1_P1P2_ENSG00000179403,VWA1,-0.03334745
7823_SETDB1_P1P2_ENSG00000143379,SETDB1,-0.033366844
6653_PPP1R11_P1P2_ENSG00000204619,PPP1R11,-0.033371188
10400_ZNF497_P1P2_ENSG00000174586,ZNF497,-0.033383187
8816_TELO2_P1P2_ENSG00000100726,TELO2,-0.03339381
7248_RFC4_P1P2_ENSG00000163918,RFC4,-0.033396818
1406_CDC42_P1P2_ENSG00000070831,CDC42,-0.03347939
5660_NGLY1_P1P2_ENSG00000151092,NGLY1,-0.033480894
10041_ZCRB1_P1P2_ENSG00000139168,ZCRB1,-0.03352092
3274_GALNT7_P1P2_ENSG00000109586,GALNT7,-0.03358254
1484_CENPK_P1P2_ENSG00000123219,CENPK,-0.033755958
3554_GSPT1_P1P2_ENSG00000103342,GSPT1,-0.0337582
2462_ECE2_P1P2_ENSG00000145194,ECE2,-0.033795737
182_AGBL5_P1_ENSG00000084693,AGBL5,-0.033795796
11181_non-targeting_non-targeting_non-targeting,non-targeting,-0.03380134
689_ATP7B_P1P2_ENSG00000123191,ATP7B,-0.03385609
1482_CENPI_P1P2_ENSG00000102384,CENPI,-0.033869635
7612_RWDD4_P1P2_ENSG00000182552,RWDD4,-0.033881165
6819_PRRC2A_P1P2_ENSG00000204469,PRRC2A,-0.033918995
7675_SCAF1_P1P2_ENSG00000126461,SCAF1,-0.033991616
5900_NUP62_P1P2_ENSG00000213024,NUP62,-0.034035787
3999_HYLS1_P1P2_ENSG00000198331,HYLS1,-0.034037814
7415_RORC_P2_ENSG00000143365,RORC,-0.034051232
7638_SALL1_P1P2_ENSG00000103449,SALL1,-0.03406328
8158_SMC4_P1_ENSG00000113810,SMC4,-0.034070745
4532_LCLAT1_P1P2_ENSG00000172954,LCLAT1,-0.034151394
3324_GCSH_P1P2_ENSG00000140905,GCSH,-0.03425746
6922_PTPMT1_P1P2_ENSG00000110536,PTPMT1,-0.03429647
2778_EXOC1_P1P2_ENSG00000090989,EXOC1,-0.034395352
3021_FBXO42_P1P2_ENSG00000037637,FBXO42,-0.034409937
5551_NDUFB10_P1P2_ENSG00000140990,NDUFB10,-0.034489
5495_NCDN_P1P2_ENSG00000020129,NCDN,-0.034545004
4158_IP6K1_P1P2_ENSG00000176095,IP6K1,-0.03457457
5300_MTA2_P1P2_ENSG00000149480,MTA2,-0.03458254
4902_MCM5_P1P2_ENSG00000100297,MCM5,-0.03459525
6174_PDGFA_P1P2_ENSG00000197461,PDGFA,-0.034686234
3570_GTF2E2_P1P2_ENSG00000197265,GTF2E2,-0.03470424
4301_KCTD10_P1P2_ENSG00000110906,KCTD10,-0.034720007
161_ADO_P1P2_ENSG00000181915,ADO,-0.03472808
7643_SAMD4B_P1P2_ENSG00000179134,SAMD4B,-0.03485876
8321_SPATA22_P1P2_ENSG00000141255,SPATA22,-0.034884263
263_ALG11_P1P2_ENSG00000253710,ALG11,-0.03495844
6679_PPP2CB_P1P2_ENSG00000104695,PPP2CB,-0.034996714
3339_GEMIN8_P1P2_ENSG00000046647,GEMIN8,-0.0350073
9525_UBE3B_P1P2_ENSG00000151148,UBE3B,-0.035044678
1109_MTRES1_P1P2_ENSG00000130349,MTRES1,-0.035060465
4536_LCORL_P1P2_ENSG00000178177,LCORL,-0.035135794
7754_SEC62_P1P2_ENSG00000008952,SEC62,-0.035277687
7224_REEP5_P1P2_ENSG00000129625,REEP5,-0.035315447
2642_ENO3_P2_ENSG00000108515,ENO3,-0.03534449
6547_POLR2F_P1P2_ENSG00000100142,POLR2F,-0.03538201
6851_PSMB3_P1P2_ENSG00000277791,PSMB3,-0.03541521
9873_WRAP53_P1P2_ENSG00000141499,WRAP53,-0.035469554
584_ASMTL_P1P2_ENSG00000169093,ASMTL,-0.035474468
96_ACP5_P1_ENSG00000102575,ACP5,-0.035544135
9938_YKT6_P1P2_ENSG00000106636,YKT6,-0.035549622
4710_LTB_P1P2_ENSG00000227507,LTB,-0.035563223
6794_PRPF38A_P1P2_ENSG00000134748,PRPF38A,-0.035604037
5197_MRPL14_P1P2_ENSG00000180992,MRPL14,-0.035647787
2366_DPY19L4_P1P2_ENSG00000156162,DPY19L4,-0.03566319
4903_MCM6_P1P2_ENSG00000076003,MCM6,-0.035665512
1771_COPB1_P1P2_ENSG00000129083,COPB1,-0.03568859
7160_RBM15_P1P2_ENSG00000162775,RBM15,-0.035714623
8520_STK32C_P2_ENSG00000165752,STK32C,-0.03578392
6383_PITRM1_P1P2_ENSG00000107959,PITRM1,-0.03580184
1200_KNL1_P1P2_ENSG00000137812,KNL1,-0.035833668
9720_VENTX_P1P2_ENSG00000151650,VENTX,-0.03584938
1685_CLUH_P1P2_ENSG00000132361,CLUH,-0.035902552
1939_CTNNBL1_P1P2_ENSG00000132792,CTNNBL1,-0.0359277
9212_TPRKB_P1P2_ENSG00000144034,TPRKB,-0.03598057
1773_COPE_P1P2_ENSG00000105669,COPE,-0.03601118
3637_HAUS4_P1P2_ENSG00000092036,HAUS4,-0.03601465
8538_STRAP_P1P2_ENSG00000023734,STRAP,-0.036245134
9837_WDR70_P1P2_ENSG00000082068,WDR70,-0.036308534
5210_MRPL28_P1P2_ENSG00000086504,MRPL28,-0.0363228
5587_NEDD8-MDP1_P1P2_nan,NEDD8-MDP1,-0.036393534
7485_RPN1_P1P2_ENSG00000163902,RPN1,-0.03641212
9256_TRERF1_P1P2_ENSG00000124496,TRERF1,-0.036417708
3621_HADHA_P1P2_ENSG00000084754,HADHA,-0.036436435
5348_MTX1_P1P2_ENSG00000173171,MTX1,-0.036539927
9521_UBE2V2_P1P2_ENSG00000169139,UBE2V2,-0.036548376
6988_QRSL1_P1P2_ENSG00000130348,QRSL1,-0.036600925
2244_DLST_P1P2_ENSG00000119689,DLST,-0.0366891
944_TWNK_P1P2_ENSG00000107815,TWNK,-0.036702584
5238_MRPL54_P1P2_ENSG00000183617,MRPL54,-0.03676453
7814_SETD1A_P1P2_ENSG00000099381,SETD1A,-0.036781352
2292_DNAJC19_P1P2_ENSG00000205981,DNAJC19,-0.036812313
4008_ICA1_P1P2_ENSG00000003147,ICA1,-0.036834937
938_BUD31_P1P2_ENSG00000106245,BUD31,-0.036875173
281_ALKBH8_P1P2_ENSG00000137760,ALKBH8,-0.036909364
8739_TBPL1_P1P2_ENSG00000028839,TBPL1,-0.03708618
365_ANXA7_P1P2_ENSG00000138279,ANXA7,-0.03710704
7980_SLC25A10_P1P2_ENSG00000183048,SLC25A10,-0.037172254
968_C12orf60_P1P2_ENSG00000182993,C12orf60,-0.037180975
3658_HCFC1_P1P2_ENSG00000172534,HCFC1,-0.037199944
9764_VPS53_P1P2_ENSG00000141252,VPS53,-0.03721301
8271_SON_P1_ENSG00000159140,SON,-0.037296582
8424_SRRM1_P1P2_ENSG00000133226,SRRM1,-0.037306156
7631_SACM1L_P1P2_ENSG00000211456,SACM1L,-0.03730942
9691_UXT_P1P2_ENSG00000126756,UXT,-0.037319146
924_BTF3_P1P2_ENSG00000145741,BTF3,-0.037382588
8833_TFAP2A_P1_ENSG00000137203,TFAP2A,-0.0374356
9594_UNC50_P1P2_ENSG00000115446,UNC50,-0.03746407
2605_ELP3_P1P2_ENSG00000134014,ELP3,-0.037488334
7304_RICTOR_P1P2_ENSG00000164327,RICTOR,-0.03759477
3297_GATA6_P1P2_ENSG00000141448,GATA6,-0.0376265
4357_ICE1_P1P2_ENSG00000164151,ICE1,-0.037699796
9244_TRAPPC13_P1P2_ENSG00000113597,TRAPPC13,-0.03774187
8205_SNAPC1_P1P2_ENSG00000023608,SNAPC1,-0.037827026
957_C11orf74_P1P2_ENSG00000166352,C11orf74,-0.03790531
8170_SMG9_P1P2_ENSG00000105771,SMG9,-0.037964385
1789_COQ10A_P1P2_ENSG00000135469,COQ10A,-0.038099084
6225_PEX13_P1P2_ENSG00000162928,PEX13,-0.038315505
7430_RPIA_P1P2_ENSG00000153574,RPIA,-0.03833569
4540_LDB1_P2_ENSG00000198728,LDB1,-0.038366023
7217_RDH14_P1P2_ENSG00000240857,RDH14,-0.0384326
4722_LYL1_P1P2_ENSG00000104903,LYL1,-0.03845258
4622_LMX1B_P1P2_ENSG00000136944,LMX1B,-0.03846652
1347_CCT3_P1P2_ENSG00000163468,CCT3,-0.03847418
1652_CLHC1_P1P2_ENSG00000162994,CLHC1,-0.03850122
1504_CEP350_P1P2_ENSG00000135837,CEP350,-0.038501836
4104_IMMP1L_P1P2_ENSG00000148950,IMMP1L,-0.038569357
4414_KLF16_P1P2_ENSG00000129911,KLF16,-0.038601436
9375_TTC12_P1P2_ENSG00000149292,TTC12,-0.038615007
1536_CFL1_P1P2_ENSG00000172757,CFL1,-0.038634963
4026_IDH3A_P1_ENSG00000166411,IDH3A,-0.03865948
1001_C17orf49_P1_ENSG00000258315,C17orf49,-0.038738824
5588_NEDD8_P1P2_ENSG00000129559,NEDD8,-0.03874937
4270_KANSL1_P1P2_ENSG00000120071,KANSL1,-0.03876705
4691_LSM2_P1P2_ENSG00000204392,LSM2,-0.038797
5554_NDUFB2_P1P2_ENSG00000090266,NDUFB2,-0.03880811
2491_EEFSEC_P1P2_ENSG00000132394,EEFSEC,-0.038832597
1791_COQ2_P1P2_ENSG00000173085,COQ2,-0.038833432
5886_NUP133_P1P2_ENSG00000069248,NUP133,-0.038881276
10006_ZBTB5_P1P2_ENSG00000168795,ZBTB5,-0.038901072
8645_TACC3_P1_ENSG00000013810,TACC3,-0.038928874
9748_VPS29_P1P2_ENSG00000111237,VPS29,-0.038937863
5285_MSL1_P1P2_ENSG00000188895,MSL1,-0.03895011
9063_TMEM258_P1P2_ENSG00000134825,TMEM258,-0.03899083
1624_CIT_P1P2_ENSG00000122966,CIT,-0.038994946
8066_SLC38A6_P1P2_ENSG00000139974,SLC38A6,-0.03902223
9838_WDR73_P1P2_ENSG00000177082,WDR73,-0.039037853
8413_SRP14_P1P2_ENSG00000140319,SRP14,-0.039068762
2658_EP400_P1P2_ENSG00000183495,EP400,-0.039071925
1898_CSNK1A1_P1P2_ENSG00000113712,CSNK1A1,-0.03907865
2460_ECD_P1P2_ENSG00000122882,ECD,-0.039253045
8154_SMARCE1_P1P2_ENSG00000073584,SMARCE1,-0.03925492
8472_ST6GAL1_P1_ENSG00000073849,ST6GAL1,-0.039386317
5041_OGA_P1P2_ENSG00000198408,OGA,-0.03955291
4692_LSM3_P1P2_ENSG00000170860,LSM3,-0.03958197
7633_SACS_ENST00000382298.3_ENSG00000151835,SACS,-0.039603096
8725_TBCB_P1P2_ENSG00000105254,TBCB,-0.039641567
8231_SNRPE_P1P2_ENSG00000182004,SNRPE,-0.03969216
8387_SPTLC1_P1P2_ENSG00000090054,SPTLC1,-0.039816115
8353_SPHK2_P1P2_ENSG00000063176,SPHK2,-0.039830986
7161_RBM17_P1P2_ENSG00000134453,RBM17,-0.039870523
7188_RBMX_P1P2_ENSG00000147274,RBMX,-0.039873745
3372_GINS4_P1P2_ENSG00000147536,GINS4,-0.039876614
2765_ETV5_P1P2_ENSG00000244405,ETV5,-0.039941475
6800_PRPF4B_P1P2_ENSG00000112739,PRPF4B,-0.0399572
2919_SHLD2_P1P2_ENSG00000122376,SHLD2,-0.039973814
7585_RTF1_P1P2_ENSG00000137815,RTF1,-0.04004049
6268_PGS1_P1P2_ENSG00000087157,PGS1,-0.040093657
6741_PRELID1_P1P2_ENSG00000169230,PRELID1,-0.040295172
9934_YIPF5_P1P2_ENSG00000145817,YIPF5,-0.040404208
4900_MCM3_P1P2_ENSG00000112118,MCM3,-0.040411178
4624_LONP1_P1P2_ENSG00000196365,LONP1,-0.04066386
10097_ZFP90_P1_ENSG00000184939,ZFP90,-0.04091742
8388_SPTLC2_P1P2_ENSG00000100596,SPTLC2,-0.040977217
4393_KIF3B_P1P2_ENSG00000101350,KIF3B,-0.041087206
7423_RPAP2_P1P2_ENSG00000122484,RPAP2,-0.041193716
1718_CNOT3_P1P2_ENSG00000088038,CNOT3,-0.041317847
266_ALG14_P1P2_ENSG00000172339,ALG14,-0.04140534
936_BUB3_P1P2_ENSG00000154473,BUB3,-0.04143251
686_ATP6V1G1_P1P2_ENSG00000136888,ATP6V1G1,-0.04148279
4145_INTS12_P1P2_ENSG00000138785,INTS12,-0.04148608
1393_CDC25B_P1P2_ENSG00000101224,CDC25B,-0.041508857
6256_PGD_P1P2_ENSG00000142657,PGD,-0.04152062
10595_ZNF729_P1P2_ENSG00000196350,ZNF729,-0.041589763
5256_MRPS26_P1P2_ENSG00000125901,MRPS26,-0.041650776
269_ALG2_P1P2_ENSG00000119523,ALG2,-0.041703425
8080_SLC39A9_P1P2_ENSG00000029364,SLC39A9,-0.041725945
2307_DNASE1L1_P1_ENSG00000013563,DNASE1L1,-0.041768488
5826_NSL1_P1P2_ENSG00000117697,NSL1,-0.041901514
9336_TSEN15_P1P2_ENSG00000198860,TSEN15,-0.041958038
8564_STXBP4_P1P2_ENSG00000166263,STXBP4,-0.041959506
4106_IMMT_P1P2_ENSG00000132305,IMMT,-0.04199522
7084_RALB_P1P2_ENSG00000144118,RALB,-0.042069267
697_ATRIP_P1P2_ENSG00000164053,ATRIP,-0.042094927
6774_PRMT1_P1P2_ENSG00000126457,PRMT1,-0.04212189
3422_GMNN_P1P2_ENSG00000112312,GMNN,-0.04213651
8332_SPC25_P1P2_ENSG00000152253,SPC25,-0.042379867
3577_GTF2H4_P1P2_ENSG00000213780,GTF2H4,-0.042458966
3371_GINS3_P1P2_ENSG00000181938,GINS3,-0.042482555
6516_POLD2_P1P2_ENSG00000106628,POLD2,-0.04248531
5138_MOB4_P1P2_ENSG00000115540,MOB4,-0.04252881
8438_SRSF7_P1P2_ENSG00000115875,SRSF7,-0.042639527
1972_CWC22_P1P2_ENSG00000163510,CWC22,-0.042730033
1741_COG2_P1P2_ENSG00000135775,COG2,-0.042777944
10332_ZNF397_P1P2_ENSG00000186812,ZNF397,-0.042819664
6238_PFDN2_P1P2_ENSG00000143256,PFDN2,-0.042938087
1842_CPSF3_P1P2_ENSG00000119203,CPSF3,-0.042941935
5862_NUDT12_P1P2_ENSG00000112874,NUDT12,-0.042997655
6802_PRPF6_P1P2_ENSG00000101161,PRPF6,-0.04300576
6614_PPCS_P1P2_ENSG00000127125,PPCS,-0.043062568
9875_GET1_P1P2_ENSG00000182093,GET1,-0.04309389
4856_MARS2_P1P2_ENSG00000247626,MARS2,-0.043109182
7094_RANBP3_P1P2_ENSG00000031823,RANBP3,-0.043171965
1198_CASC3_P1P2_ENSG00000108349,CASC3,-0.043213643
8916_TIMM13_P1P2_ENSG00000099800,TIMM13,-0.043236688
1381_CD99L2_P1P2_ENSG00000102181,CD99L2,-0.043349504
7711_SCYL1_P1P2_ENSG00000142186,SCYL1,-0.04336942
2162_DERL2_P1P2_ENSG00000072849,DERL2,-0.043405768
585_GET3_P1P2_ENSG00000198356,GET3,-0.04347959
3518_GPS2_P1P2_ENSG00000132522,GPS2,-0.04350637
6193_PDPK1_P1P2_ENSG00000140992,PDPK1,-0.043541476
10015_ZBTB8OS_P1P2_ENSG00000176261,ZBTB8OS,-0.04355287
4017_MRPL58_P1P2_ENSG00000167862,MRPL58,-0.04368528
7723_SDHAF1_P1P2_ENSG00000205138,SDHAF1,-0.043689806
8108_SLC7A5_P1P2_ENSG00000103257,SLC7A5,-0.043726433
3123_FNBP1_P1P2_ENSG00000187239,FNBP1,-0.043731164
2092_DDI2_P1P2_ENSG00000197312,DDI2,-0.043751642
8618_SYF2_P1P2_ENSG00000117614,SYF2,-0.043797735
10173_ZNF143_P1P2_ENSG00000166478,ZNF143,-0.043800455
3977_HSPA4_P1P2_ENSG00000170606,HSPA4,-0.043908056
1957_CTU2_P1P2_ENSG00000174177,CTU2,-0.043937996
11008_non-targeting_non-targeting_non-targeting,non-targeting,-0.04403821
5536_NDUFA3_P1P2_ENSG00000170906,NDUFA3,-0.044050172
497_ARIH1_P1P2_ENSG00000166233,ARIH1,-0.044052534
1206_CASP8AP2_P1P2_ENSG00000118412,CASP8AP2,-0.044131808
8692_TARDBP_P1P2_ENSG00000120948,TARDBP,-0.044219878
2048_DCAF10_P1P2_ENSG00000122741,DCAF10,-0.044221234
3442_GNG5_P1P2_ENSG00000174021,GNG5,-0.04424875
6261_PGM2_P1P2_ENSG00000169299,PGM2,-0.044282213
10020_ZC3H13_P1P2_ENSG00000123200,ZC3H13,-0.044301268
888_BRD2_P1_ENSG00000204256,BRD2,-0.044304676
6017_P2RY1_P1P2_ENSG00000169860,P2RY1,-0.044311766
2176_DGKD_P1P2_ENSG00000077044,DGKD,-0.044361014
3214_FTSJ3_P1P2_ENSG00000108592,FTSJ3,-0.044387814
1915_CSTF1_P1P2_ENSG00000101138,CSTF1,-0.04439346
8214_SNIP1_P1P2_ENSG00000163877,SNIP1,-0.044460524
1956_CTU1_P1P2_ENSG00000142544,CTU1,-0.04459452
3240_G2E3_P1P2_ENSG00000092140,G2E3,-0.044721983
4926_MEAF6_P1P2_ENSG00000163875,MEAF6,-0.04472284
4686_LSM11_P1P2_ENSG00000155858,LSM11,-0.044804294
6050_PAM16_P1P2_ENSG00000217930,PAM16,-0.044869468
8588_SUMO2_P1P2_ENSG00000188612,SUMO2,-0.044885997
6603_PPA1_P1P2_ENSG00000180817,PPA1,-0.04489908
6104_PBX2_P1P2_ENSG00000204304,PBX2,-0.044915102
9940_YME1L1_P1P2_ENSG00000136758,YME1L1,-0.044997778
6958_PUS7_P1P2_ENSG00000091127,PUS7,-0.045096233
2694_ERCC2_P1P2_ENSG00000104884,ERCC2,-0.045161065
3777_HIST1H4B_ENST00000377364.3_ENSG00000278705,HIST1H4B,-0.04552469
3569_GTF2E1_P1P2_ENSG00000153767,GTF2E1,-0.04566538
9192_TP53I13_P1P2_ENSG00000167543,TP53I13,-0.04569382
3114_FLVCR1_P1P2_ENSG00000162769,FLVCR1,-0.045744393
7819_SETD5_P1P2_ENSG00000168137,SETD5,-0.04577464
4226_ITGB1BP1_P1P2_ENSG00000119185,ITGB1BP1,-0.045800146
2205_DHX29_P1P2_ENSG00000067248,DHX29,-0.045813628
3979_HSPA8_P1P2_ENSG00000109971,HSPA8,-0.04581553
8540_STRIP1_P1P2_ENSG00000143093,STRIP1,-0.045947723
10_AARS2_P1P2_ENSG00000124608,AARS2,-0.045953806
7067_RAD51B_P1P2_ENSG00000182185,RAD51B,-0.04604142
919_BTBD1_P1P2_ENSG00000064726,BTBD1,-0.046147075
9534_UBL5_P1P2_ENSG00000198258,UBL5,-0.04616322
5985_OSGEP_P1P2_ENSG00000092094,OSGEP,-0.046171404
2748_ESYT2_P1P2_ENSG00000117868,ESYT2,-0.04625187
9398_TTI1_P1P2_ENSG00000101407,TTI1,-0.04642215
1683_CLTC_P1P2_ENSG00000141367,CLTC,-0.046479046
6276_PHB_P1P2_ENSG00000167085,PHB,-0.046483178
1746_COG7_P1P2_ENSG00000168434,COG7,-0.046550468
8334_SPCS2_P1P2_ENSG00000118363,SPCS2,-0.046565946
7965_SLC15A4_P1P2_ENSG00000139370,SLC15A4,-0.046672456
7057_RAC3_P1P2_ENSG00000169750,RAC3,-0.04667416
5872_NUDT3_P1P2_ENSG00000272325,NUDT3,-0.04667934
5253_MRPS23_P1P2_ENSG00000181610,MRPS23,-0.04674385
1780_COPS4_P1P2_ENSG00000138663,COPS4,-0.046773266
1782_COPS6_P1P2_ENSG00000168090,COPS6,-0.04680633
2607_ELP5_P1P2_ENSG00000170291,ELP5,-0.046876658
7164_RBM22_P1P2_ENSG00000086589,RBM22,-0.04689507
5560_NDUFB8_P1P2_ENSG00000166136,NDUFB8,-0.046964034
9855_WDTC1_P1P2_ENSG00000142784,WDTC1,-0.046996024
8703_TAZ_P1P2_ENSG00000102125,TAZ,-0.047133178
3664_HDAC3_P1P2_ENSG00000171720,HDAC3,-0.047159195
6032_PAF1_P1P2_ENSG00000006712,PAF1,-0.0471917
7051_RABGGTB_P1P2_ENSG00000137955,RABGGTB,-0.04721629
9056_TMEM242_P1P2_ENSG00000215712,TMEM242,-0.047218397
9574_UGCG_P1P2_ENSG00000148154,UGCG,-0.047232438
8232_SNRPF_P1P2_ENSG00000139343,SNRPF,-0.047366798
843_BLM_P1P2_ENSG00000197299,BLM,-0.047378834
9506_UBE2I_P1P2_ENSG00000103275,UBE2I,-0.047415655
94_ACP1_P1P2_ENSG00000143727,ACP1,-0.047475062
11047_non-targeting_non-targeting_non-targeting,non-targeting,-0.04748677
2972_FARS2_P1P2_ENSG00000145982,FARS2,-0.047695924
3573_GTF2H1_P1P2_ENSG00000110768,GTF2H1,-0.04773439
9610_UQCRC1_P1_ENSG00000010256,UQCRC1,-0.047806315
5784_NR1H3_P2_ENSG00000025434,NR1H3,-0.047810804
4913_MCU_P1P2_ENSG00000156026,MCU,-0.04787902
1633_CLASP1_P1P2_ENSG00000074054,CLASP1,-0.048051264
8773_TCF12_P1_ENSG00000140262,TCF12,-0.04810345
6138_PCNX3_P1P2_ENSG00000197136,PCNX3,-0.04812835
7748_SEC31A_P1_ENSG00000138674,SEC31A,-0.048265964
3878_HNRNPU_P1P2_ENSG00000153187,HNRNPU,-0.048308726
812_BCR_P1P2_ENSG00000186716,BCR,-0.04836751
3050_FDPS_P1P2_ENSG00000160752,FDPS,-0.048404723
2065_DCK_P1P2_ENSG00000156136,DCK,-0.048424825
158_ADNP2_P1P2_ENSG00000101544,ADNP2,-0.048477806
1352_CCT8_P1P2_ENSG00000156261,CCT8,-0.048530795
4554_LEPROTL1_P1P2_ENSG00000104660,LEPROTL1,-0.048626576
6803_PRPF8_P1P2_ENSG00000174231,PRPF8,-0.04865483
1976_CWF19L2_P1P2_ENSG00000152404,CWF19L2,-0.048740134
5269_MRPS9_P1P2_ENSG00000135972,MRPS9,-0.048786096
5658_NFYC_P1P2_ENSG00000066136,NFYC,-0.04896118
5969_ORC5_P1P2_ENSG00000164815,ORC5,-0.049024392
3256_GABRG3_P1P2_ENSG00000182256,GABRG3,-0.049056027
7739_SEC22B_P1P2_ENSG00000265808,SEC22B,-0.0491523
4835_MAPKAP1_P1_ENSG00000119487,MAPKAP1,-0.049160246
685_ATP6V1F_P1P2_ENSG00000128524,ATP6V1F,-0.049166553
176_AFG3L2_P1P2_ENSG00000141385,AFG3L2,-0.049248308
4897_MCM10_P1P2_ENSG00000065328,MCM10,-0.049364563
4888_MBTPS2_P1P2_ENSG00000012174,MBTPS2,-0.04940894
4317_KDM1A_P1P2_ENSG00000004487,KDM1A,-0.04945233
2750_ETF1_P1P2_ENSG00000120705,ETF1,-0.04945703
7010_RAB18_P1P2_ENSG00000099246,RAB18,-0.049508356
9337_TSEN2_P1P2_ENSG00000154743,TSEN2,-0.049565442
4746_MAD2L1_P1P2_ENSG00000164109,MAD2L1,-0.049723245
8669_TAF7_P1P2_ENSG00000178913,TAF7,-0.050011024
3823_HMG20B_P1_ENSG00000064961,HMG20B,-0.050039154
1457_CDS2_P1P2_ENSG00000101290,CDS2,-0.05026817
10790_non-targeting_non-targeting_non-targeting,non-targeting,-0.05028567
3873_HNRNPM_P1_ENSG00000099783,HNRNPM,-0.050374962
2446_E4F1_P1P2_ENSG00000167967,E4F1,-0.05049996
4537_LCOR_P1P2_ENSG00000196233,LCOR,-0.050535806
1570_CHERP_P1P2_ENSG00000085872,CHERP,-0.05062518
9926_YEATS4_P1P2_ENSG00000127337,YEATS4,-0.050637946
325_ANKRD11_P1P2_ENSG00000167522,ANKRD11,-0.050707027
8680_TANGO6_P1P2_ENSG00000103047,TANGO6,-0.050921336
3596_GTPBP8_P1P2_ENSG00000163607,GTPBP8,-0.051163316
9616_UQCRQ_P1P2_ENSG00000164405,UQCRQ,-0.051255982
2839_FAM118B_P1P2_ENSG00000197798,FAM118B,-0.051408846
663_ATP5ME_P1P2_ENSG00000169020,ATP5ME,-0.051431555
5264_MRPS35_P1P2_ENSG00000061794,MRPS35,-0.051440902
4299_KCNMB3_P1P2_ENSG00000171121,KCNMB3,-0.051543858
9474_U2AF2_P1P2_ENSG00000063244,U2AF2,-0.051601574
10016_ZBTB9_P1P2_ENSG00000213588,ZBTB9,-0.051682528
4697_LSM7_P1P2_ENSG00000130332,LSM7,-0.051792048
3072_FGFR1OP_P1P2_ENSG00000213066,FGFR1OP,-0.051819887
5247_MRPS17_P1P2_ENSG00000239789,MRPS17,-0.05187307
6479_PMPCA_P1P2_ENSG00000165688,PMPCA,-0.0519643
7547_CNOT9_P1P2_ENSG00000144580,CNOT9,-0.051991634
2929_CCNQ_P1P2_ENSG00000262919,CCNQ,-0.052096017
85_ACLY_P1P2_ENSG00000131473,ACLY,-0.05213134
4605_LLGL2_P2_ENSG00000073350,LLGL2,-0.052736387
10345_ZNF41_P1P2_ENSG00000147124,ZNF41,-0.052763306
1941_CTPS1_P1P2_ENSG00000171793,CTPS1,-0.052807834
4433_KLHL12_P1P2_ENSG00000117153,KLHL12,-0.053176973
5244_MRPS14_P1P2_ENSG00000120333,MRPS14,-0.05326308
3503_GPN2_P1P2_ENSG00000142751,GPN2,-0.053357657
5467_NARS2_P1P2_ENSG00000137513,NARS2,-0.053515136
3421_GMIP_P1P2_ENSG00000089639,GMIP,-0.05352242
618_ATG16L1_P1P2_ENSG00000085978,ATG16L1,-0.053608116
9609_UQCRB_P1P2_ENSG00000156467,UQCRB,-0.05362154
4244_IWS1_P1P2_ENSG00000163166,IWS1,-0.0536551
893_BRD8_P1P2_ENSG00000112983,BRD8,-0.053667776
2599_ELOF1_P1P2_ENSG00000130165,ELOF1,-0.05368825
5447_NADSYN1_P1P2_ENSG00000172890,NADSYN1,-0.053980336
2120_DDX41_P1P2_ENSG00000183258,DDX41,-0.05401499
5541_NDUFA8_P1P2_ENSG00000119421,NDUFA8,-0.054186016
9302_TRMT10C_P1P2_ENSG00000174173,TRMT10C,-0.054250404
9833_WDR61_P1P2_ENSG00000140395,WDR61,-0.05432087
4154_INTS9_P1P2_ENSG00000104299,INTS9,-0.054351944
9435_TUT1_P1_ENSG00000149016,TUT1,-0.05437727
3134_FOLR3_P2_ENSG00000110203,FOLR3,-0.054532856
8499_STAT5B_P1P2_ENSG00000173757,STAT5B,-0.054564446
980_ATP5MPL_P1P2_ENSG00000156411,ATP5MPL,-0.054938003
7140_RBBP4_P1P2_ENSG00000162521,RBBP4,-0.05501649
471_ARHGAP6_P1P2_ENSG00000047648,ARHGAP6,-0.05505564
3541_GRPEL1_P1P2_ENSG00000109519,GRPEL1,-0.055092663
7411_ROMO1_P1P2_ENSG00000125995,ROMO1,-0.05515936
7726_SDHB_P1P2_ENSG00000117118,SDHB,-0.05524438
8500_STAT6_P1P2_ENSG00000166888,STAT6,-0.0552541
5127_MMS22L_P1P2_ENSG00000146263,MMS22L,-0.055417918
5896_NUP43_P1P2_ENSG00000120253,NUP43,-0.055548865
9612_UQCRC2_P1P2_ENSG00000140740,UQCRC2,-0.055559404
117_ACTR6_P1P2_ENSG00000075089,ACTR6,-0.05556567
5234_MRPL50_P1P2_ENSG00000136897,MRPL50,-0.055690978
9479_UBA2_P1P2_ENSG00000126261,UBA2,-0.055706963
7758_SEH1L_P1P2_ENSG00000085415,SEH1L,-0.05576936
1815_COX5A_P1P2_ENSG00000178741,COX5A,-0.055805303
1892_CSDE1_P1P2_ENSG00000009307,CSDE1,-0.0558253
9319_TRNT1_P1P2_ENSG00000072756,TRNT1,-0.055834863
4272_KANSL3_P1P2_ENSG00000114982,KANSL3,-0.05584679
8008_SLC25A42_P1P2_ENSG00000181035,SLC25A42,-0.055851895
6251_PGAM5_P1P2_ENSG00000247077,PGAM5,-0.055869803
7246_RFC2_P1P2_ENSG00000049541,RFC2,-0.056102075
4557_LETM1_P1P2_ENSG00000168924,LETM1,-0.05618682
106_ACTL6A_P1P2_ENSG00000136518,ACTL6A,-0.056192778
5258_MRPS28_P1P2_ENSG00000147586,MRPS28,-0.05623876
2606_ELP4_P1P2_ENSG00000109911,ELP4,-0.05627273
8842_TFCP2L1_P1P2_ENSG00000115112,TFCP2L1,-0.056411505
7645_SAMM50_P1P2_ENSG00000100347,SAMM50,-0.056589335
8007_SLC25A41_P1P2_ENSG00000181240,SLC25A41,-0.05670754
5427_NAA25_P1P2_ENSG00000111300,NAA25,-0.056830652
8557_STX5_P1P2_ENSG00000162236,STX5,-0.056841776
9380_TTC1_P1P2_ENSG00000113312,TTC1,-0.056888595
5240_MRPL9_P1P2_ENSG00000143436,MRPL9,-0.056890097
9678_USPL1_P1P2_ENSG00000132952,USPL1,-0.057040352
4150_INTS5_P1P2_ENSG00000185085,INTS5,-0.057055183
534_ARPC1B_P1P2_ENSG00000130429,ARPC1B,-0.05728142
2000_CYCS_P1P2_ENSG00000172115,CYCS,-0.057343192
8035_SLC31A1_P1P2_ENSG00000136868,SLC31A1,-0.05742058
6214_PELO_P1_ENSG00000152684,PELO,-0.057483118
10558_ZNF695_ENST00000339986.7_ENSG00000197472,ZNF695,-0.057483807
1971_CWC15_P1P2_ENSG00000150316,CWC15,-0.057656445
6515_POLD1_P1P2_ENSG00000062822,POLD1,-0.057684027
3980_HSPA9_P1P2_ENSG00000113013,HSPA9,-0.057859026
5430_NAA38_P1P2_ENSG00000183011,NAA38,-0.057859514
5565_NDUFS1_P1P2_ENSG00000023228,NDUFS1,-0.0580959
8264_SOCS3_P1P2_ENSG00000184557,SOCS3,-0.058114447
1819_COX6C_P1P2_ENSG00000164919,COX6C,-0.058130287
1839_CPSF1_P1P2_ENSG00000071894,CPSF1,-0.058216307
8029_SLC2A8_P1P2_ENSG00000136856,SLC2A8,-0.0588628
2175_DGCR8_P1P2_ENSG00000128191,DGCR8,-0.058950327
7287_RHEB_P1P2_ENSG00000106615,RHEB,-0.05904709
1806_COX11_P1P2_ENSG00000166260,COX11,-0.059123743
681_ATP6V1C1_P1P2_ENSG00000155097,ATP6V1C1,-0.059129775
6258_PGK1_P1P2_ENSG00000102144,PGK1,-0.059169404
7092_RANBP1_P1P2_ENSG00000099901,RANBP1,-0.05927355
3504_GPN3_P1P2_ENSG00000111231,GPN3,-0.05936206
8460_SSU72_P1P2_ENSG00000160075,SSU72,-0.059697375
3331_GDI2_P2_ENSG00000057608,GDI2,-0.059910268
6797_PRPF3_P1P2_ENSG00000117360,PRPF3,-0.059949297
10736_ZW10_P1P2_ENSG00000086827,ZW10,-0.06016359
5262_MRPS33_P1P2_ENSG00000090263,MRPS33,-0.06022196
7321_RMDN3_P1P2_ENSG00000137824,RMDN3,-0.060224958
9656_USP39_P1_ENSG00000168883,USP39,-0.060253438
1840_CPSF2_P1P2_ENSG00000165934,CPSF2,-0.060339686
5237_MRPL53_P1P2_ENSG00000204822,MRPL53,-0.060496997
4716_LUC7L3_P1P2_ENSG00000108848,LUC7L3,-0.060529042
1167_CAMLG_P1P2_ENSG00000164615,CAMLG,-0.060568243
1778_COPS2_P1P2_ENSG00000166200,COPS2,-0.060651984
9312_TRMT5_P1P2_ENSG00000126814,TRMT5,-0.060707625
7110_RAPGEF6_P1P2_ENSG00000158987,RAPGEF6,-0.06084562
6517_POLD3_P1P2_ENSG00000077514,POLD3,-0.060884517
9250_TRAPPC5_P1P2_ENSG00000181029,TRAPPC5,-0.061007984
449_ARFGEF2_P1P2_ENSG00000124198,ARFGEF2,-0.06117
1823_COX7C_P1P2_ENSG00000127184,COX7C,-0.06119347
5317_MTHFD1_P1P2_ENSG00000100714,MTHFD1,-0.06124327
9526_UBE3C_P1P2_ENSG00000009335,UBE3C,-0.061256066
9613_UQCRFS1_P1P2_ENSG00000169021,UQCRFS1,-0.061494876
3369_GINS1_P1P2_ENSG00000101003,GINS1,-0.061591133
1588_CHMP6_P1P2_ENSG00000176108,CHMP6,-0.061597355
5199_MRPL16_P1P2_ENSG00000166902,MRPL16,-0.061776195
5232_MRPL49_P1P2_ENSG00000149792,MRPL49,-0.061919086
7751_SEC61A1_P1_ENSG00000058262,SEC61A1,-0.06243689
4384_KIF20A_P1P2_ENSG00000112984,KIF20A,-0.062539384
6795_PRPF38B_P1P2_ENSG00000134186,PRPF38B,-0.062552415
2276_DNAJA2_P1P2_ENSG00000069345,DNAJA2,-0.0627085
6074_PARP12_P1P2_ENSG00000059378,PARP12,-0.06277565
5251_MRPS21_P1P2_ENSG00000266472,MRPS21,-0.062816724
1742_COG3_P1P2_ENSG00000136152,COG3,-0.06286626
4341_KIAA0100_P1P2_ENSG00000007202,KIAA0100,-0.06314756
2640_ENO1_P1P2_ENSG00000074800,ENO1,-0.063290596
8335_SPCS3_P1_ENSG00000129128,SPCS3,-0.06350271
7842_SFPQ_P1P2_ENSG00000116560,SFPQ,-0.06350454
7328_RNASEH1_P1P2_ENSG00000171865,RNASEH1,-0.06352655
6798_PRPF40A_P1P2_ENSG00000196504,PRPF40A,-0.063663185
4234_ITPK1_P1P2_ENSG00000100605,ITPK1,-0.06374873
4553_LEO1_P1P2_ENSG00000166477,LEO1,-0.06396806
3102_FKBP9_P1P2_ENSG00000122642,FKBP9,-0.06397537
6236_PFAS_P1P2_ENSG00000178921,PFAS,-0.064000264
8889_THOC3_P1P2_ENSG00000051596,THOC3,-0.06404201
2212_DHX36_P1P2_ENSG00000174953,DHX36,-0.06409485
2550_EIF3F_P1P2_ENSG00000175390,EIF3F,-0.06411619
3370_GINS2_P1P2_ENSG00000131153,GINS2,-0.06419967
7012_RAB1B_P1P2_ENSG00000174903,RAB1B,-0.064330295
2527_EIF1AX_P1P2_ENSG00000173674,EIF1AX,-0.06434966
2738_ESRRA_P1P2_ENSG00000173153,ESRRA,-0.06452716
2989_FBRSL1_P1P2_ENSG00000112787,FBRSL1,-0.06521481
9843_WDR77_P1P2_ENSG00000116455,WDR77,-0.06530781
8124_PRELID3B_P1P2_ENSG00000101166,PRELID3B,-0.06535973
5901_NUP85_P1P2_ENSG00000125450,NUP85,-0.065402254
10738_ZWINT_P1P2_ENSG00000122952,ZWINT,-0.065502815
8418_SRP9_P1P2_ENSG00000143742,SRP9,-0.06555788
8414_SRP19_P1P2_ENSG00000153037,SRP19,-0.06569952
6693_PPP3CB_P1P2_ENSG00000107758,PPP3CB,-0.065700375
167_ADSL_P1P2_ENSG00000239900,ADSL,-0.065721214
8923_TIMM44_P1P2_ENSG00000104980,TIMM44,-0.06616498
680_ATP6V1B2_P1P2_ENSG00000147416,ATP6V1B2,-0.066318005
2783_EXOC6_P1P2_ENSG00000138190,EXOC6,-0.06658118
1747_COG8_P1P2_ENSG00000213380,COG8,-0.06669718
6396_PKM_P1_ENSG00000067225,PKM,-0.06682179
3011_FBXO28_P1P2_ENSG00000143756,FBXO28,-0.067001164
658_ATP5PB_P1P2_ENSG00000116459,ATP5PB,-0.06710014
7546_RPUSD4_P1P2_ENSG00000165526,RPUSD4,-0.06741581
10699_ZNHIT1_P1P2_ENSG00000106400,ZNHIT1,-0.067633465
4271_KANSL2_P1P2_ENSG00000139620,KANSL2,-0.06767359
2238_DLD_P1P2_ENSG00000091140,DLD,-0.067778975
9747_VPS28_P1P2_ENSG00000160948,VPS28,-0.068081595
7893_SEM1_P1P2_ENSG00000127922,SEM1,-0.06809765
2044_DBR1_P1P2_ENSG00000138231,DBR1,-0.06824988
3471_GOLT1B_P1P2_ENSG00000111711,GOLT1B,-0.068745956
8426_SRRT_P1P2_ENSG00000087087,SRRT,-0.06874803
3988_HSPH1_P1P2_ENSG00000120694,HSPH1,-0.068921916
6748_PRIM2_P1P2_ENSG00000146143,PRIM2,-0.06896479
1822_COX7B_P1P2_ENSG00000131174,COX7B,-0.06907541
6480_PMPCB_P1_ENSG00000105819,PMPCB,-0.06909158
6900_PTCD1_P2_ENSG00000106246,PTCD1,-0.069615796
4153_INTS8_P1P2_ENSG00000164941,INTS8,-0.069672994
3342_GFER_P1P2_ENSG00000127554,GFER,-0.06987012
8228_SNRPD1_P1P2_ENSG00000167088,SNRPD1,-0.070084035
5556_NDUFB4_P1P2_ENSG00000065518,NDUFB4,-0.0701137
1810_COX17_P1P2_ENSG00000138495,COX17,-0.07026996
6529_POLL_P1P2_ENSG00000166169,POLL,-0.07045
5364_MXRA8_P1P2_ENSG00000162576,MXRA8,-0.07051547
5079_MIOS_P1P2_ENSG00000164654,MIOS,-0.07060186
2557_EIF3M_P1P2_ENSG00000149100,EIF3M,-0.070634015
9766_VPS72_P1P2_ENSG00000163159,VPS72,-0.07063828
7097_RANGAP1_P1P2_ENSG00000100401,RANGAP1,-0.07066096
4898_MCM2_P1P2_ENSG00000073111,MCM2,-0.07080824
1808_COX15_P1P2_ENSG00000014919,COX15,-0.070887536
5214_MRPL32_P1P2_ENSG00000106591,MRPL32,-0.0709824
821_BET1_P1P2_ENSG00000105829,BET1,-0.071329735
6611_PPAT_P1P2_ENSG00000128059,PPAT,-0.07150273
6777_PRMT5_P1_ENSG00000100462,PRMT5,-0.07159579
6446_PLEKHJ1_P1P2_ENSG00000104886,PLEKHJ1,-0.07161693
6250_PGAM1_P1P2_ENSG00000171314,PGAM1,-0.071627356
5576_NDUFV2_P1P2_ENSG00000178127,NDUFV2,-0.07180846
5242_MRPS11_P1P2_ENSG00000181991,MRPS11,-0.07199563
7634_SAE1_P1P2_ENSG00000142230,SAE1,-0.07222201
4781_MALSU1_P1P2_ENSG00000156928,MALSU1,-0.07240256
5227_MRPL44_P1P2_ENSG00000135900,MRPL44,-0.07240261
5205_MRPL21_P1P2_ENSG00000197345,MRPL21,-0.072597936
6163_GATD1_P1P2_ENSG00000177225,GATD1,-0.07267557
6181_PDIA6_P1P2_ENSG00000143870,PDIA6,-0.07288803
3259_GADD45GIP1_P1P2_ENSG00000179271,GADD45GIP1,-0.0729761
2262_DMRTC2_P1P2_ENSG00000142025,DMRTC2,-0.07301466
7332_RNASEK_P1P2_ENSG00000219200,RNASEK,-0.073137365
7659_SART3_P1P2_ENSG00000075856,SART3,-0.07313775
6890_PSPH_P2_ENSG00000146733,PSPH,-0.073298216
9626_USE1_P1P2_ENSG00000053501,USE1,-0.07370261
4857_MARS_P1P2_ENSG00000166986,MARS,-0.07380007
1289_CCDC6_P1P2_ENSG00000108091,CCDC6,-0.0739576
7247_RFC3_P1P2_ENSG00000133119,RFC3,-0.073959984
2251_DMAP1_P1P2_ENSG00000178028,DMAP1,-0.07400072
1693_CMIP_P1P2_ENSG00000153815,CMIP,-0.074184485
10287_ZNF324_P1P2_ENSG00000083812,ZNF324,-0.07419495
7950_SLBP_P1P2_ENSG00000163950,SLBP,-0.07433357
7607_RUVBL1_P1P2_ENSG00000175792,RUVBL1,-0.07452096
6187_PDLIM2_P2_ENSG00000120913,PDLIM2,-0.07459169
9751_VPS35_P1P2_ENSG00000069329,VPS35,-0.0751842
2020_DAD1_P1P2_ENSG00000129562,DAD1,-0.07607731
976_RTRAF_P1P2_ENSG00000087302,RTRAF,-0.076570496
6118_PCED1A_P1P2_ENSG00000132635,PCED1A,-0.07722079
666_ATP5MG_P1P2_ENSG00000167283,ATP5MG,-0.07743228
1348_CCT4_P1P2_ENSG00000115484,CCT4,-0.07755154
8185_SMNDC1_P1P2_ENSG00000119953,SMNDC1,-0.07774979
5213_MRPL30_P1_ENSG00000185414,MRPL30,-0.077856615
7117_RARS_P1P2_ENSG00000113643,RARS,-0.078274004
2277_DNAJA3_P1P2_ENSG00000103423,DNAJA3,-0.07841215
5260_MRPS30_P1P2_ENSG00000112996,MRPS30,-0.07869945
9194_TP53RK_P1P2_ENSG00000172315,TP53RK,-0.0790196
332_ANKRD17_P1P2_ENSG00000132466,ANKRD17,-0.07954663
5233_MRPL4_P1P2_ENSG00000105364,MRPL4,-0.07967099
9844_WDR7_P1P2_ENSG00000091157,WDR7,-0.079732955
1551_CHCHD4_P1P2_ENSG00000163528,CHCHD4,-0.08036619
7228_RELL2_P1P2_ENSG00000164620,RELL2,-0.08042455
261_ALDOA_P1P2_ENSG00000149925,ALDOA,-0.08100609
5236_MRPL52_P1P2_ENSG00000172590,MRPL52,-0.081118226
2567_EIF4E_P1P2_ENSG00000151247,EIF4E,-0.08114693
9172_TONSL_P1P2_ENSG00000160949,TONSL,-0.081160136
5215_MRPL33_P1P2_ENSG00000243147,MRPL33,-0.08123676
662_ATP5PD_P1P2_ENSG00000167863,ATP5PD,-0.08125007
9430_TUFM_P1P2_ENSG00000178952,TUFM,-0.081306234
3343_GFI1B_P1P2_ENSG00000165702,GFI1B,-0.081315175
2414_DUT_P1P2_ENSG00000128951,DUT,-0.08168989
8166_SMG5_P1P2_ENSG00000198952,SMG5,-0.081794284
9918_YARS2_P1P2_ENSG00000139131,YARS2,-0.08197296
9242_TRAPPC11_P1P2_ENSG00000168538,TRAPPC11,-0.082110435
5543_NDUFAB1_P1P2_ENSG00000004779,NDUFAB1,-0.082161725
5207_MRPL23_P1P2_ENSG00000214026,MRPL23,-0.08245696
6279_PHF10_P1P2_ENSG00000130024,PHF10,-0.08253986
3631_HARS2_P1P2_ENSG00000112855,HARS2,-0.08274813
3286_GART_P1P2_ENSG00000159131,GART,-0.08302251
5196_MRPL13_P1P2_ENSG00000172172,MRPL13,-0.08323417
6274_PHAX_P1_ENSG00000164902,PHAX,-0.08404875
9475_U2SURP_P1P2_ENSG00000163714,U2SURP,-0.084171414
1943_CTR9_P1P2_ENSG00000198730,CTR9,-0.0842634
4522_LARS_P1P2_ENSG00000133706,LARS,-0.08443411
2569_EIF4G2_P1_ENSG00000110321,EIF4G2,-0.08461646
9164_TOMM22_P1P2_ENSG00000100216,TOMM22,-0.08462926
2203_DHX15_P1P2_ENSG00000109606,DHX15,-0.08472381
7583_RTCB_P1P2_ENSG00000100220,RTCB,-0.08568546
7494_RPRD1A_P1P2_ENSG00000141425,RPRD1A,-0.08608269
8417_SRP72_P1P2_ENSG00000174780,SRP72,-0.08613982
5220_MRPL38_P1P2_ENSG00000204316,MRPL38,-0.086638235
8148_SMARCC1_P1P2_ENSG00000173473,SMARCC1,-0.08672738
2539_EIF2B5_P1P2_ENSG00000145191,EIF2B5,-0.08690015
1351_CCT7_P1P2_ENSG00000135624,CCT7,-0.086921714
9484_UBA6_P1P2_ENSG00000033178,UBA6,-0.086940266
2110_DDX20_P1P2_ENSG00000064703,DDX20,-0.08700581
655_ATP5F1C_P1P2_ENSG00000165629,ATP5F1C,-0.08710693
5468_NARS_P1P2_ENSG00000134440,NARS,-0.087158695
6880_PSME3_P1P2_ENSG00000131467,PSME3,-0.087340966
6608_PPARGC1B_P1P2_ENSG00000155846,PPARGC1B,-0.08735923
8230_SNRPD3_P1P2_ENSG00000100028,SNRPD3,-0.08740713
5211_MRPL2_P1P2_ENSG00000112651,MRPL2,-0.08818134
5235_MRPL51_P1P2_ENSG00000111639,MRPL51,-0.08833828
1893_CSE1L_P1P2_ENSG00000124207,CSE1L,-0.08834624
2222_DICER1_P1P2_ENSG00000100697,DICER1,-0.0888442
5257_MRPS27_P1P2_ENSG00000113048,MRPS27,-0.088935345
1906_CSNK2B_P1P2_ENSG00000204435,CSNK2B,-0.08984303
3869_HNRNPK_P1P2_ENSG00000165119,HNRNPK,-0.09007988
654_ATP5F1B_P1P2_ENSG00000110955,ATP5F1B,-0.090243675
5224_MRPL41_P1P2_ENSG00000182154,MRPL41,-0.09051696
2781_EXOC4_P1P2_ENSG00000131558,EXOC4,-0.09098306
8422_SRPRB_P1P2_ENSG00000144867,SRPRB,-0.09127814
2538_EIF2B4_P1P2_ENSG00000115211,EIF2B4,-0.09139924
5222_MRPL3_P1P2_ENSG00000114686,MRPL3,-0.09164917
3654_HBS1L_P1P2_ENSG00000112339,HBS1L,-0.09180601
1268_CCDC174_P1P2_ENSG00000154781,CCDC174,-0.09247469
2096_DDOST_P1P2_ENSG00000244038,DDOST,-0.09252727
5219_MRPL37_P1P2_ENSG00000116221,MRPL37,-0.09254186
2535_EIF2B1_P1P2_ENSG00000111361,EIF2B1,-0.092761494
5201_MRPL18_P1P2_ENSG00000112110,MRPL18,-0.092772745
8552_STX18_P1P2_ENSG00000168818,STX18,-0.09384357
5200_MRPL17_P1P2_ENSG00000158042,MRPL17,-0.09410922
7657_SARS_P1P2_ENSG00000031698,SARS,-0.094253235
8932_TIPARP_P1P2_ENSG00000163659,TIPARP,-0.094553776
5198_MRPL15_P1P2_ENSG00000137547,MRPL15,-0.09496815
8546_STT3B_P1P2_ENSG00000163527,STT3B,-0.09522622
4152_INTS7_P1P2_ENSG00000143493,INTS7,-0.095297135
4004_IARS_P1P2_ENSG00000196305,IARS,-0.09571793
5229_MRPL46_P1P2_ENSG00000259494,MRPL46,-0.09580895
9702_VARS2_P1P2_ENSG00000137411,VARS2,-0.095828965
8793_TCP1_P1P2_ENSG00000120438,TCP1,-0.09607833
6006_OXA1L_P1P2_ENSG00000155463,OXA1L,-0.09640915
2932_RIPOR1_P1_ENSG00000039523,RIPOR1,-0.09650278
5218_MRPL36_P1P2_ENSG00000171421,MRPL36,-0.09662331
5225_MRPL42_P1P2_ENSG00000198015,MRPL42,-0.09691626
3335_GEMIN4_P1P2_ENSG00000179409,GEMIN4,-0.09727053
3308_GBF1_P1P2_ENSG00000107862,GBF1,-0.09763513
5239_MRPL55_P1P2_ENSG00000162910,MRPL55,-0.09786323
6801_PRPF4_P1P2_ENSG00000136875,PRPF4,-0.097994745
4003_IARS2_P1P2_ENSG00000067704,IARS2,-0.09811933
4371_KIAA1958_P1P2_ENSG00000165185,KIAA1958,-0.09852609
2552_EIF3H_P1P2_ENSG00000147677,EIF3H,-0.09919394
5206_MRPL22_P1P2_ENSG00000082515,MRPL22,-0.09931932
10136_ZMAT2_P1_ENSG00000146007,ZMAT2,-0.09983188
5216_MRPL34_P1P2_ENSG00000130312,MRPL34,-0.10045779
5208_MRPL24_P1P2_ENSG00000143314,MRPL24,-0.10070645
4695_LSM5_P1_ENSG00000106355,LSM5,-0.10074797
7424_RPAP3_P1P2_ENSG00000005175,RPAP3,-0.101495035
3950_HSD17B12_P1P2_ENSG00000149084,HSD17B12,-0.10156865
1349_CCT5_P1P2_ENSG00000150753,CCT5,-0.10198767
1544_CHAF1A_P1P2_ENSG00000167670,CHAF1A,-0.102108285
2548_EIF3D_P1P2_ENSG00000100353,EIF3D,-0.102618545
2207_DHX30_P1_ENSG00000132153,DHX30,-0.10302786
3346_GFM1_P1P2_ENSG00000168827,GFM1,-0.10374614
7310_RINT1_P1P2_ENSG00000135249,RINT1,-0.103782915
2678_EPRS_P1P2_ENSG00000136628,EPRS,-0.10435323
1545_CHAF1B_P1P2_ENSG00000159259,CHAF1B,-0.10550535
5193_MRPL10_P1P2_ENSG00000159111,MRPL10,-0.106048
5194_MRPL11_P1P2_ENSG00000174547,MRPL11,-0.10613712
5221_MRPL39_P1P2_ENSG00000154719,MRPL39,-0.10683331
2536_EIF2B2_P1P2_ENSG00000119718,EIF2B2,-0.10694165
862_BNIP1_P1P2_ENSG00000113734,BNIP1,-0.10716648
1667_CLNS1A_P1P2_ENSG00000074201,CLNS1A,-0.10722847
4148_INTS3_P1P2_ENSG00000143624,INTS3,-0.107855104
2376_DROSHA_P1P2_ENSG00000113360,DROSHA,-0.108151905
6671_PPP1R37_P1P2_ENSG00000104866,PPP1R37,-0.1087143
5248_MRPS18A_P1P2_ENSG00000096080,MRPS18A,-0.10952904
8229_SNRPD2_P1P2_ENSG00000125743,SNRPD2,-0.10979562
6981_QARS_P1P2_ENSG00000172053,QARS,-0.1118054
5902_NUP88_P1P2_ENSG00000108559,NUP88,-0.11192062
2030_DARS_P1P2_ENSG00000115866,DARS,-0.1120015
1346_CCT2_P1P2_ENSG00000166226,CCT2,-0.11374311
7753_SEC61G_P1P2_ENSG00000132432,SEC61G,-0.11384653
1197_CARS_P1P2_ENSG00000110619,CARS,-0.11426592
5209_MRPL27_P1P2_ENSG00000108826,MRPL27,-0.11440809
5810_NRDE2_P1P2_ENSG00000119720,NRDE2,-0.11662629
653_ATP5F1A_P1_ENSG00000152234,ATP5F1A,-0.11684185
7116_RARS2_P1P2_ENSG00000146282,RARS2,-0.118573725
3830_HMGB3_P1P2_ENSG00000029993,HMGB3,-0.11894568
4147_INTS2_P1P2_ENSG00000108506,INTS2,-0.11918548
5202_MRPL19_P1P2_ENSG00000115364,MRPL19,-0.12056596
10029_ZC3H8_P1P2_ENSG00000144161,ZC3H8,-0.12065405
4149_INTS4_P1P2_ENSG00000149262,INTS4,-0.12067928
1298_CCDC84_P1P2_ENSG00000186166,CCDC84,-0.12116638
5356_MVD_P1P2_ENSG00000167508,MVD,-0.12167118
7734_SEC13_P1P2_ENSG00000157020,SEC13,-0.12256975
5860_NUDCD3_P1P2_ENSG00000015676,NUDCD3,-0.122604005
8921_TIMM23B_P1P2_ENSG00000204152,TIMM23B,-0.1228113
5217_MRPL35_P1P2_ENSG00000132313,MRPL35,-0.123028725
2501_EFR3A_P1P2_ENSG00000132294,EFR3A,-0.124652915
7166_RBM25_P1P2_ENSG00000119707,RBM25,-0.124985
5226_MRPL43_P1P2_ENSG00000055950,MRPL43,-0.12623997
8695_TARS_P1P2_ENSG00000113407,TARS,-0.12664858
4281_KAT8_P1_ENSG00000103510,KAT8,-0.1269062
2974_FARSB_P1P2_ENSG00000116120,FARSB,-0.12924656
7541_RPTOR_P1P2_ENSG00000141564,RPTOR,-0.12969011
5476_NBAS_P1P2_ENSG00000151779,NBAS,-0.13024975
8886_THG1L_P1P2_ENSG00000113272,THG1L,-0.13033533
8184_SMN2_ENST00000380743.4_ENSG00000205571,SMN2,-0.13039558
8693_TARS2_P1P2_ENSG00000143374,TARS2,-0.1332412
4696_LSM6_P1P2_ENSG00000164167,LSM6,-0.13567455
572_ASCC3_P1P2_ENSG00000112249,ASCC3,-0.13942271
679_ATP6V1A_P1P2_ENSG00000114573,ATP6V1A,-0.14280856
13_AARS_P1P2_ENSG00000090861,AARS,-0.15096667
2291_DNAJC17_P1P2_ENSG00000104129,DNAJC17,-0.15209243
3336_GEMIN5_P1P2_ENSG00000082516,GEMIN5,-0.15297076
3632_HARS_P1P2_ENSG00000170445,HARS,-0.15329498
9703_VARS_P1P2_ENSG00000204394,VARS,-0.15379322
8416_SRP68_P1P2_ENSG00000167881,SRP68,-0.15668286
2973_FARSA_P1P2_ENSG00000179115,FARSA,-0.15837122
3436_RACK1_P1P2_ENSG00000204628,RACK1,-0.16008745
2537_EIF2B3_P1P2_ENSG00000070785,EIF2B3,-0.16874453
3986_HSPE1_P1P2_ENSG00000115541,HSPE1,-0.17706978
5339_MTOR_P1P2_ENSG00000198793,MTOR,-0.17982113
2186_DHDDS_P1P2_ENSG00000117682,DHDDS,-0.18664497
5927_OGDH_P1P2_ENSG00000105953,OGDH,-0.19073834
7929_SIRT7_P1P2_ENSG00000187531,SIRT7,-0.19520555
