Perturbation,Oxidative_Score,Inflammatory_Score,Senescence_Score
4908_MCOLN1_P1P2_ENSG00000090674,-0.014287221,-0.09669973,0.022865646
10623_ZNF774_P1P2_ENSG00000196391,-0.073790364,-0.08703027,-0.029196907
2367_DPY30_P1P2_ENSG00000162961,-0.030695217,-0.084503785,-0.1543211
4220_ITFG1_P1P2_ENSG00000129636,0.047395237,-0.07021743,-0.095091514
7541_RPTOR_P1P2_ENSG00000141564,-0.14043951,-0.065681346,-0.06698247
4578_LIG1_P1P2_ENSG00000105486,-0.028618062,-0.062142305,-0.08656346
9424_TUBG1_P1P2_ENSG00000131462,-0.022825412,-0.061797358,-0.029854672
3649_HBE1_P1P2_ENSG00000213931,0.025876908,-0.061748482,-0.064634375
10875_non-targeting_non-targeting_non-targeting,0.020707771,-0.060829464,-0.032705955
7758_SEH1L_P1P2_ENSG00000085415,-0.055856545,-0.06062281,-0.056560192
3635_HAUS2_P1P2_ENSG00000137814,0.039543275,-0.06042737,0.016005645
4926_MEAF6_P1P2_ENSG00000163875,-0.08958035,-0.05904019,0.013443289
4104_IMMP1L_P1P2_ENSG00000148950,-0.03295738,-0.058026355,0.03676609
10348_ZNF423_ENST00000262383.2_ENSG00000102935,0.018382119,-0.056732383,-0.084478445
957_C11orf74_P1P2_ENSG00000166352,-0.034958117,-0.056534138,0.029320972
2554_EIF3J_P1P2_ENSG00000104131,-0.009990718,-0.056274757,-0.024640257
4822_MAP7D1_P1P2_ENSG00000116871,0.014097325,-0.055897925,0.0059011877
10478_ZNF585A_P1P2_ENSG00000196967,0.034164656,-0.055871494,-0.07115884
2633_EN1_P1P2_ENSG00000163064,-0.013478276,-0.055818908,-0.025441663
8833_TFAP2A_P1_ENSG00000137203,-0.038042326,-0.055782005,-0.041997734
3722_HIC2_P1_ENSG00000169635,0.042417254,-0.055155683,-0.012209485
251_ALAS2_P1P2_ENSG00000158578,0.016680084,-0.05244073,0.0019687067
8102_SLC5A6_P1P2_ENSG00000138074,0.016023643,-0.052343193,-0.036567293
5339_MTOR_P1P2_ENSG00000198793,-0.182329,-0.05131666,-0.056029517
222_AIP_P1P2_ENSG00000110711,0.026504,-0.051301196,0.0277501
9605_UQCC1_P1P2_ENSG00000101019,-0.003330996,-0.049029406,-0.025191901
6845_PSMA5_P1P2_ENSG00000143106,-0.010070899,-0.048755005,-0.060543373
5969_ORC5_P1P2_ENSG00000164815,-0.055797312,-0.04848914,-0.0040406575
7376_RNF213_P2_ENSG00000173821,-0.010435325,-0.04794473,-0.022737762
10285_ZNF322_P1P2_ENSG00000181315,0.038912963,-0.04780878,-0.04746851
8603_SURF2_P1P2_ENSG00000148291,0.06575293,-0.047605272,0.046652414
569_ASB8_P1P2_ENSG00000177981,-0.016277494,-0.047344938,-0.051608264
5573_NDUFS8_P1P2_ENSG00000110717,-0.035330325,-0.046765365,-0.06807055
3514_GPR89B_P1P2_ENSG00000188092,0.027487338,-0.04634377,-0.022201084
7728_SDHD_P1P2_ENSG00000204370,-0.01910122,-0.046293553,-0.0023427017
10750_non-targeting_non-targeting_non-targeting,0.023328913,-0.046217434,-0.0036238404
308_ANAPC4_P1P2_ENSG00000053900,0.04752209,-0.04609975,0.08048428
938_BUD31_P1P2_ENSG00000106245,-0.05348972,-0.045881495,-0.009690258
6679_PPP2CB_P1P2_ENSG00000104695,-0.027093904,-0.04579788,-0.034585595
4458_KPNA1_P2_ENSG00000114030,-0.009023409,-0.045575313,-0.026290113
9454_TXNIP_P1_ENSG00000265972,-0.045054078,-0.0454276,-0.01843697
6610_PPARG_P2_ENSG00000132170,-0.0013106937,-0.04519476,0.012435532
3103_FKBPL_P1P2_ENSG00000204315,0.010119604,-0.044860285,-0.062314566
5530_NDUFA10_P1P2_ENSG00000130414,0.035844997,-0.0442651,-0.023871738
9911_XRN2_P1P2_ENSG00000088930,0.014343752,-0.044044342,0.031799573
6071_PARK7_P1P2_ENSG00000116288,0.030020101,-0.043805577,-0.036733992
5345_MTRNR2L8_P1P2_ENSG00000255823,0.008422858,-0.043634914,-0.04404379
10916_non-targeting_non-targeting_non-targeting,-0.0046889437,-0.043325756,-0.010744631
5138_MOB4_P1P2_ENSG00000115540,-0.032882623,-0.043325618,-0.0064383126
10016_ZBTB9_P1P2_ENSG00000213588,-0.041388042,-0.043050226,0.0055991276
3882_HOOK1_P1P2_ENSG00000134709,0.041397445,-0.042853825,0.008496619
5134_MOB2_P1P2_ENSG00000182208,0.002418588,-0.04279427,-0.03056029
3772_HIST1H3A_ENST00000357647.3_ENSG00000275714,-0.01407135,-0.042633496,-0.000644281
3816_HLX_P1P2_ENSG00000136630,0.014250119,-0.042310987,-0.025223823
912_BSDC1_P1P2_ENSG00000160058,0.020967219,-0.042202357,-0.013616601
1819_COX6C_P1P2_ENSG00000164919,-0.068398215,-0.041844033,-0.05360521
1440_CDK6_P1_ENSG00000105810,-0.0009351919,-0.041815333,-0.08799335
3518_GPS2_P1P2_ENSG00000132522,-0.072517425,-0.04147795,-0.00986593
3823_HMG20B_P1_ENSG00000064961,-0.06345891,-0.040990278,0.027327375
262_ALDOC_P1P2_ENSG00000109107,-0.018142551,-0.0407312,-0.026875453
9089_TMEM63A_P1_ENSG00000196187,0.008890661,-0.0406801,-0.035784725
8759_TBX5_P1_ENSG00000089225,-0.031327944,-0.04062763,-0.034324262
1935_CTNNA1_P1P2_ENSG00000044115,-0.004976907,-0.040403403,-0.010281521
5214_MRPL32_P1P2_ENSG00000106591,-0.05248947,-0.03997008,-0.067290805
8965_TMBIM1_P1P2_ENSG00000135926,-0.023748942,-0.039910235,-0.0054673757
6074_PARP12_P1P2_ENSG00000059378,-0.06877945,-0.039624643,-0.054294292
1624_CIT_P1P2_ENSG00000122966,-0.032595474,-0.039515994,0.010743379
10224_ZNF230_P1P2_ENSG00000159882,-0.03046708,-0.039303802,0.0051045725
5114_MLLT6_P1P2_ENSG00000275023,-9.914738e-05,-0.039184004,-0.0143806655
1252_CCDC12_P1_ENSG00000160799,0.003914825,-0.039086413,-0.033404376
3856_HNRNPA1L2_P2_ENSG00000139675,0.0135922935,-0.038794763,-0.05740686
6653_PPP1R11_P1P2_ENSG00000204619,-0.045536287,-0.038787547,0.039452493
11121_non-targeting_non-targeting_non-targeting,0.0034254517,-0.03871711,0.008578202
1719_CNOT4_P1P2_ENSG00000080802,-0.037683234,-0.038337577,-0.023714082
447_ARFGAP3_P1P2_ENSG00000242247,0.031509183,-0.03797253,-0.0015285872
6097_PAX9_P1_ENSG00000198807,0.029718101,-0.03796911,-0.014058773
6250_PGAM1_P1P2_ENSG00000171314,-0.08292037,-0.03782316,-0.047197413
5542_NDUFA9_ENST00000266544.5_ENSG00000139180,-0.021676315,-0.037822258,-0.06518683
4310_POGLUT2_P1P2_ENSG00000134901,-0.012834988,-0.037755333,-0.029134264
10366_ZNF442_P1P2_ENSG00000198342,9.155612e-05,-0.037593435,0.0209683
9175_TOP2A_P1P2_ENSG00000131747,0.009154074,-0.03752527,-0.06846724
10261_ZNF280C_P1P2_ENSG00000056277,0.024817828,-0.03741968,-0.02319168
10792_non-targeting_non-targeting_non-targeting,-0.021294247,-0.037390955,-0.06953075
261_ALDOA_P1P2_ENSG00000149925,-0.09245452,-0.037329927,-0.074803956
10801_non-targeting_non-targeting_non-targeting,-0.0101324,-0.03727735,0.009256875
5231_MRPL48_P1P2_ENSG00000175581,-0.02896396,-0.037252545,-0.024703149
8276_SOS1_P1P2_ENSG00000115904,0.01848453,-0.03721292,0.0021223926
8877_THAP4_P1P2_ENSG00000176946,0.030698752,-0.03718047,-0.024923176
2786_EXOG_P1P2_ENSG00000157036,0.024372725,-0.03711671,-0.021251513
10931_non-targeting_non-targeting_non-targeting,0.025047466,-0.03701751,-0.02482713
5724_NNT_P1P2_ENSG00000112992,0.009774463,-0.037002962,-0.012239893
6199_PDSS2_P1P2_ENSG00000164494,-0.007905038,-0.036960773,-0.022335298
8766_TCEAL1_P1P2_ENSG00000172465,0.00027366294,-0.036938045,-0.03957375
1591_CHORDC1_P1P2_ENSG00000110172,0.022322899,-0.036904775,-0.009825179
11077_non-targeting_non-targeting_non-targeting,0.0058089,-0.036862396,-0.0038691263
1395_CDC26_P1P2_ENSG00000176386,0.043573134,-0.036806755,-0.055614695
8835_TFAP2B_P1P2_ENSG00000008196,0.030446982,-0.036605444,0.010354848
3899_HOXB1_P1P2_ENSG00000120094,-0.0077850753,-0.036564156,-0.053532958
8499_STAT5B_P1P2_ENSG00000173757,-0.065136336,-0.036438417,-0.02294129
11018_non-targeting_non-targeting_non-targeting,-0.018224223,-0.03643649,-0.005440092
5066_MIEF1_P1P2_ENSG00000100335,-0.009222729,-0.036416367,-0.019731464
4095_IL23A_P1P2_ENSG00000110944,0.007236557,-0.03640933,-0.06406072
9548_UBR5_P1P2_ENSG00000104517,0.004880956,-0.03622082,0.015765421
8338_SPDL1_P1P2_ENSG00000040275,-0.011539241,-0.03603105,-0.045581613
8326_SPATA5_P1P2_ENSG00000145375,0.02406052,-0.03595655,-0.023938008
10315_ZNF362_P1P2_ENSG00000160094,0.034084618,-0.03584074,0.0043810112
6977_PYGL_P1P2_ENSG00000100504,0.008692982,-0.035825137,-0.041248694
8993_TMEM126B_P1P2_ENSG00000171204,-0.0095614465,-0.035746865,-0.02940511
9915_XYLT2_P1P2_ENSG00000015532,-0.004504142,-0.035519037,0.005058487
9447_TXN2_P1P2_ENSG00000100348,-0.004759745,-0.035497997,-0.03892405
7287_RHEB_P1P2_ENSG00000106615,-0.068860345,-0.035493605,-0.0012640263
10219_ZNF226_P1_ENSG00000167380,0.011429827,-0.035486486,-0.040008258
5060_MICB_P1_ENSG00000204516,0.00974426,-0.035458636,-0.00686055
10837_non-targeting_non-targeting_non-targeting,0.037214655,-0.03537892,0.0133435745
4455_KNSTRN_P1P2_ENSG00000128944,0.019363785,-0.03515633,0.0013530776
83_ACIN1_P2_ENSG00000100813,0.006446189,-0.03507392,-0.057522442
274_ALG9_P1P2_ENSG00000086848,-0.013721151,-0.03502468,-0.030660545
4896_MCL1_P1P2_ENSG00000143384,0.02653233,-0.034969904,0.0015842026
10214_ZNF221_P1P2_ENSG00000159905,-0.0025781547,-0.03485688,-0.009626707
7494_RPRD1A_P1P2_ENSG00000141425,-0.10086238,-0.034852196,-0.05025914
8382_SPTA1_P1P2_ENSG00000163554,-0.0014150535,-0.034639962,0.027812192
1879_CRTAP_P1P2_ENSG00000170275,0.0044734124,-0.034541726,-0.002047404
5046_MGST3_P1P2_ENSG00000143198,0.0052256156,-0.034494463,-0.02826386
3289_GAS8_P1_ENSG00000141013,0.014720158,-0.03438378,-0.057505466
5421_EEF1AKMT1_P1P2_ENSG00000150456,0.019760542,-0.034306858,0.017629122
5686_NKRF_P1P2_ENSG00000186416,0.008704921,-0.034201436,-0.013077764
5194_MRPL11_P1P2_ENSG00000174547,-0.11844923,-0.034101874,-0.026260931
6995_R3HCC1_P2_ENSG00000104679,0.045610476,-0.03401164,0.010803274
4487_KXD1_P1P2_ENSG00000105700,0.011432588,-0.03387865,-0.0076718363
7127_RASSF3_P1P2_ENSG00000153179,0.032283604,-0.033825386,-0.030889716
2640_ENO1_P1P2_ENSG00000074800,-0.06846682,-0.033812296,-0.046948567
7804_SERPINB9_P1P2_ENSG00000170542,0.039596915,-0.033714525,0.00047042704
8813_TEF_P1_ENSG00000167074,-0.011961852,-0.033682153,-0.02003726
10227_ZNF233_P1P2_ENSG00000159915,0.036801334,-0.033568103,-0.04121653
1215_CAT_P2_ENSG00000121691,0.035220988,-0.033481713,0.005639949
9702_VARS2_P1P2_ENSG00000137411,-0.10095623,-0.03347481,-0.030600786
10999_non-targeting_non-targeting_non-targeting,0.027711939,-0.033412945,-0.02867833
9293_TRIP10_P2_ENSG00000125733,-0.0097416,-0.033359107,-0.051689167
4012_ICAM4_P1P2_ENSG00000105371,-0.026597403,-0.033285376,0.025477074
1220_CBFB_P1P2_ENSG00000067955,-0.0027972325,-0.033226974,-0.027071532
601_ATAD3B_P1_ENSG00000160072,0.035401434,-0.03302573,-0.0006278155
2610_EMC1_P1P2_ENSG00000127463,0.0020827062,-0.033020504,-0.01976353
991_C16orf58_P1P2_ENSG00000140688,0.033882696,-0.032974157,-0.018490827
443_ARF6_P2_ENSG00000165527,0.019066578,-0.032878414,-0.019185444
5941_ONECUT1_P1P2_ENSG00000169856,0.03256542,-0.032801855,0.00092137355
4428_KLHDC3_P1_ENSG00000124702,0.0035916027,-0.032770142,-0.02519072
4468_KRCC1_P1P2_ENSG00000172086,0.013709467,-0.032699157,-0.021854468
4334_KEL_P2_ENSG00000197993,0.0045551774,-0.032685902,-0.026650915
7211_RCOR3_P1P2_ENSG00000117625,-0.007794719,-0.032617465,-0.0029980165
10155_ZNF107_P1P2_ENSG00000196247,0.025100613,-0.03256255,-0.02489611
889_BRD2_P2_ENSG00000204256,-0.02926853,-0.032487147,0.0050923903
10321_ZNF383_P1P2_ENSG00000188283,0.021297017,-0.03246583,0.0018579145
6463_PLSCR1_P1P2_ENSG00000188313,0.00930408,-0.03245979,-0.019502657
2629_EMP3_P1P2_ENSG00000142227,0.025124181,-0.03245404,-0.028334761
5839_NT5C3A_P1_ENSG00000122643,0.0048991973,-0.032411467,-0.012264344
6166_PDE4A_P2_ENSG00000065989,0.013914923,-0.032243915,-0.008430838
7524_RPS3_P2_ENSG00000149273,-0.0028470939,-0.03219948,0.022013066
1381_CD99L2_P1P2_ENSG00000102181,-0.0055442224,-0.032177262,-0.046505596
7029_RAB3IP_P1P2_ENSG00000127328,-0.01725806,-0.03209765,-0.016743528
5285_MSL1_P1P2_ENSG00000188895,-0.05350751,-0.032050744,-0.018569328
3774_HIST1H3H_ENST00000369163.2_ENSG00000278828,-0.0078816,-0.032003175,-0.04304448
8717_TBC1D28_ENST00000345096.4_ENSG00000189375,-0.012605865,-0.031994097,-0.01415781
5834_NSUN4_P1P2_ENSG00000117481,-0.002274493,-0.031960353,-0.03014899
2569_EIF4G2_P1_ENSG00000110321,-0.09100632,-0.031951185,-0.046859313
1958_CTXN1_P1P2_ENSG00000178531,0.027686443,-0.031743877,-0.018043136
5713_NME4_P1P2_ENSG00000103202,0.04617277,-0.031721942,0.0029970496
4729_LYRM4_P1P2_ENSG00000214113,0.01873858,-0.031708106,-0.024940986
5217_MRPL35_P1P2_ENSG00000132313,-0.14350489,-0.03163607,-0.04816462
10932_non-targeting_non-targeting_non-targeting,0.006865344,-0.031614468,-0.0029007709
7871_SH2D3A_P1P2_ENSG00000125731,0.0175083,-0.031599287,-0.009834817
10014_ZBTB8B_P1P2_ENSG00000273274,0.03049929,-0.031529736,-0.048351362
11322_non-targeting_non-targeting_non-targeting,0.009798143,-0.03150725,-0.009947461
3631_HARS2_P1P2_ENSG00000112855,-0.07978891,-0.03150297,-0.042160906
10614_ZNF765_P2_ENSG00000196417,0.031849016,-0.031441197,-0.0011123935
5888_NUP155_P1P2_ENSG00000113569,-0.029058635,-0.031437006,-0.012121661
940_BZW1_P1P2_ENSG00000082153,0.03671154,-0.03137652,0.0014908833
8442_SRY_P1P2_ENSG00000184895,0.049323805,-0.031349815,-0.013542293
11120_non-targeting_non-targeting_non-targeting,0.015044039,-0.03133701,-0.019201765
5895_NUP37_P1P2_ENSG00000075188,0.01982062,-0.031282336,-0.032759078
4318_KDM1B_P1P2_ENSG00000165097,0.010937518,-0.031206954,-0.03714646
690_ATP8B2_P1_ENSG00000143515,0.03779201,-0.031202812,0.027575016
9189_TP53BP1_P1_ENSG00000067369,0.003161174,-0.031198662,-0.019429306
788_BCAT2_P1P2_ENSG00000105552,-0.015077045,-0.03109664,-0.007281084
2022_DAGLB_ENST00000297056.6_ENSG00000164535,0.0010136319,-0.03102828,0.04228414
9254_TRDMT1_P1P2_ENSG00000107614,0.015002903,-0.031014914,-0.017405394
2349_DPH5_P1P2_ENSG00000117543,0.05270534,-0.030610684,0.026403127
5220_MRPL38_P1P2_ENSG00000204316,-0.08362818,-0.0305608,-0.034907434
11307_non-targeting_non-targeting_non-targeting,-0.024069376,-0.030518088,-0.008683607
5919_STN1_P1P2_ENSG00000107960,0.042523716,-0.030431362,-0.045161523
3011_FBXO28_P1P2_ENSG00000143756,-0.072553255,-0.030410986,-0.018698122
2729_ESD_P1P2_ENSG00000139684,0.020478897,-0.030342555,-0.01638845
8308_SP3_P1P2_ENSG00000172845,0.019146964,-0.03023497,-0.015300394
8854_TFPI_P1P2_ENSG00000003436,0.010321998,-0.03014653,0.025859106
1142_CAB39L_P2_ENSG00000102547,0.017153228,-0.03011283,-0.0051230164
1173_CANX_P1_ENSG00000127022,0.008577907,-0.029983925,0.0080013
6682_PPP2R1B_P1P2_ENSG00000137713,0.022102078,-0.029969785,0.010197989
8315_SPA17_P1P2_ENSG00000064199,-0.017199751,-0.029933263,-0.0022156122
1514_CEP78_P1P2_ENSG00000148019,-0.001341378,-0.029931754,-0.050198037
2837_FAM117B_P1P2_ENSG00000138439,0.032168012,-0.029901909,-0.008805854
6851_PSMB3_P1P2_ENSG00000277791,-0.05158139,-0.029840324,-0.06196517
2458_EBP_P2_ENSG00000147155,0.020539416,-0.02982577,-0.0065474305
11180_non-targeting_non-targeting_non-targeting,0.0008037556,-0.029818164,-0.026243007
2140_DEDD2_P2_ENSG00000160570,-0.004157433,-0.029808318,0.010471064
1944_CTSA_P1P2_ENSG00000064601,0.0063830805,-0.029757645,-0.010658509
6756_PRKAR1B_P2_ENSG00000188191,0.03749556,-0.029728482,-0.00071862934
9304_TRMT11_P1P2_ENSG00000066651,-0.0095587745,-0.029689778,-0.017958203
2583_ELAVL1_P1P2_ENSG00000066044,0.017680649,-0.029620122,-0.018910019
8394_SQSTM1_P1_ENSG00000161011,0.018682545,-0.029617306,-0.047665242
4089_IK_P2_ENSG00000113141,0.03345238,-0.029594887,0.0024537356
6225_PEX13_P1P2_ENSG00000162928,-0.037433658,-0.029509282,-0.0009591495
8547_STUB1_P1P2_ENSG00000103266,-0.014050752,-0.029482832,-0.008254134
5501_NCKIPSD_P1P2_ENSG00000213672,0.014204196,-0.02939198,-0.06346523
11101_non-targeting_non-targeting_non-targeting,0.019391248,-0.029379135,-0.00030598094
7970_SLC17A5_P1P2_ENSG00000119899,0.006853532,-0.029299118,0.010588884
6597_POU5F1B_P1P2_ENSG00000212993,-0.009514501,-0.029293401,-0.01899788
2064_DCBLD2_P1P2_ENSG00000057019,0.009281863,-0.02929322,0.004241846
1423_CDK11B_ENST00000341832.6_ENSG00000248333,0.054308444,-0.029262334,0.040935185
9610_UQCRC1_P1_ENSG00000010256,-0.06011595,-0.029235106,-0.026666416
2559_EIF4A2_P1_ENSG00000156976,-0.00030874397,-0.029213583,0.012186671
11270_non-targeting_non-targeting_non-targeting,-0.005651149,-0.029173918,-0.0140599655
10410_ZNF512_P1P2_ENSG00000243943,0.008299838,-0.02909498,0.0008522585
511_ARL5A_P1P2_ENSG00000162980,0.0005259633,-0.029026324,-0.046789862
7694_SCIN_P1P2_ENSG00000006747,0.023459654,-0.029004259,0.0033478364
7404_RNPC3_P1P2_ENSG00000185946,0.015494975,-0.028978791,0.0017289195
9890_XK_P1P2_ENSG00000047597,-0.002589383,-0.028937895,-0.013274833
6378_PITHD1_P1P2_ENSG00000057757,0.06726051,-0.028915837,0.011785666
2884_FAM185A_P1P2_ENSG00000222011,-0.0052149976,-0.028882965,-0.013481837
11187_non-targeting_non-targeting_non-targeting,-0.0032118615,-0.028852224,0.0012209169
9715_VDAC2_P1P2_ENSG00000165637,-0.0018355169,-0.028816745,-0.01674816
5563_NDUFC1_P1_ENSG00000109390,-0.0143564185,-0.028806629,-0.01664751
8065_SLC38A5_P1P2_ENSG00000017483,-0.008353338,-0.028769704,-0.007398887
8490_STARD4_P1P2_ENSG00000164211,0.008738785,-0.028640592,0.021771273
11227_non-targeting_non-targeting_non-targeting,-0.038777474,-0.028601617,0.014080619
10157_ZNF112_P1P2_ENSG00000062370,-0.010448025,-0.028594775,-0.003900969
10508_ZNF620_P1P2_ENSG00000177842,0.013635154,-0.02850223,0.020007381
5458_NANP_P1P2_ENSG00000170191,0.030915696,-0.028444514,0.0033884824
546_ARRB1_P1P2_ENSG00000137486,0.015109376,-0.028308041,-0.025864748
10277_ZNF304_P1P2_ENSG00000131845,0.0051614195,-0.028257336,-0.01941467
3138_FOSL1_P1P2_ENSG00000175592,-0.0035078346,-0.028244553,-0.019701978
3905_HOXB6_P1_ENSG00000108511,0.018484225,-0.028241022,0.004651135
2919_SHLD2_P1P2_ENSG00000122376,-0.054252546,-0.028227841,-0.03812405
7360_RNF166_P1_ENSG00000158717,0.01238536,-0.028158246,0.005762011
10023_ZC3H18_P1P2_ENSG00000158545,-0.0077065546,-0.028149577,-0.009723413
10090_ZFP42_P2_ENSG00000179059,0.01878165,-0.02809905,-0.006940775
8145_SMARCAL1_P1P2_ENSG00000138375,-0.020760896,-0.028039718,-0.014032095
9939_YLPM1_P1P2_ENSG00000119596,-0.015568952,-0.027931072,-0.090677164
3094_FKBP1A_P1P2_ENSG00000088832,0.03909733,-0.027921481,-0.023928525
11279_non-targeting_non-targeting_non-targeting,0.017431725,-0.02782486,0.02035249
4673_LRRC61_P1P2_ENSG00000127399,-0.008628335,-0.027742915,0.010293056
8387_SPTLC1_P1P2_ENSG00000090054,-0.01996252,-0.027711086,-0.0048270947
8951_TLX3_P1P2_ENSG00000164438,-0.0029369975,-0.027622694,-0.0080796275
1401_CDC42BPB_P1P2_ENSG00000198752,-0.00086116965,-0.027596382,0.036058877
5576_NDUFV2_P1P2_ENSG00000178127,-0.0763195,-0.027536571,-0.050249457
5511_NCOA7_P1P2_ENSG00000111912,0.01665969,-0.027525863,-0.0016913416
7030_RAB40B_P1P2_ENSG00000141542,-0.012278472,-0.027504016,0.06484089
5818_NRROS_P1P2_ENSG00000174004,0.0121962,-0.027494824,0.01144972
7430_RPIA_P1P2_ENSG00000153574,-0.042426437,-0.027449803,-0.023624701
5239_MRPL55_P1P2_ENSG00000162910,-0.10212579,-0.027446602,-0.030603247
10065_ZFAND1_P2_ENSG00000104231,0.023419417,-0.027429521,-0.009418954
1787_COPZ1_P2_ENSG00000111481,0.008528179,-0.027398644,-0.016157167
1865_CREBBP_P1P2_ENSG00000005339,-0.029660627,-0.027349068,-0.019942774
2720_ERP29_P1P2_ENSG00000089248,0.0077761007,-0.027334295,0.011296645
6662_PPP1R16A_P1P2_ENSG00000160972,0.012476568,-0.02731817,-0.0073274723
4466_KRAS_P1P2_ENSG00000133703,-0.00079645327,-0.027253978,0.02057564
3841_ARHGAP45_P1P2_ENSG00000180448,0.00814758,-0.0272517,-0.02194386
11109_non-targeting_non-targeting_non-targeting,-0.009971653,-0.02723436,0.009336654
10163_ZNF131_P1P2_ENSG00000172262,0.0036281734,-0.02714978,-0.007505839
10917_non-targeting_non-targeting_non-targeting,-0.022453312,-0.027139561,-0.035707254
11041_non-targeting_non-targeting_non-targeting,0.016139494,-0.027130371,0.02928439
4097_IL27RA_P1P2_ENSG00000104998,-0.00053171325,-0.02705483,-0.039790317
6819_PRRC2A_P1P2_ENSG00000204469,-0.021427734,-0.027034895,-0.011929864
3961_HSF4_P1P2_ENSG00000102878,-0.001464733,-0.026981475,0.008423628
9098_TMEM87A_P1P2_ENSG00000103978,-0.016217975,-0.026902467,-0.015667805
10538_ZNF669_P1P2_ENSG00000188295,0.005949311,-0.026880337,-0.05153433
11090_non-targeting_non-targeting_non-targeting,0.015878884,-0.026839685,0.063500434
2977_FASTKD2_P1P2_ENSG00000118246,0.052713517,-0.026785184,-0.0101636145
6191_PDLIM7_P1_ENSG00000196923,-0.025038105,-0.026771398,-0.010705828
1570_CHERP_P1P2_ENSG00000085872,-0.05779748,-0.026758626,-0.020957388
6665_PPP1R18_P1_ENSG00000146112,-0.004528933,-0.026752809,-0.01875659
3885_HOOK3_P1P2_ENSG00000168172,0.023419216,-0.026634572,-0.027280668
"5407_MYRFL_ENST00000299350.4,ENST00000548892.1_ENSG00000166268",0.012463643,-0.026585823,-0.0059963474
10690_ZNF891_P1P2_ENSG00000214029,0.0056940946,-0.026546134,-0.03514295
6303_PHLDB1_P2_ENSG00000019144,0.00438837,-0.026407389,0.005366172
9992_ZBTB39_P1P2_ENSG00000166860,0.044510134,-0.026392052,-0.018210502
2692_ERC1_P1P2_ENSG00000082805,0.012933772,-0.026389731,-0.0062659075
4031_IDUA_P1P2_ENSG00000127415,0.026098525,-0.026207695,-0.04068519
11046_non-targeting_non-targeting_non-targeting,-0.010160883,-0.026203107,-0.012923853
8378_SPRYD7_P1P2_ENSG00000123178,0.0111389775,-0.02617875,0.0013492665
5115_MLST8_P1P2_ENSG00000167965,-0.03349461,-0.026178349,-0.042139404
11204_non-targeting_non-targeting_non-targeting,0.0021391937,-0.026157565,0.009435692
52_ABHD8_P1P2_ENSG00000127220,0.008257195,-0.026050158,0.008989885
8492_STARD8_ENST00000374599.3_ENSG00000130052,0.0023245597,-0.0260354,-0.0024066344
9385_TTC32_P1P2_ENSG00000183891,0.012790617,-0.026031187,-0.008975383
5808_NRBF2_P1P2_ENSG00000148572,-0.00032074997,-0.02598512,-0.03588247
5225_MRPL42_P1P2_ENSG00000198015,-0.08727495,-0.02591387,-0.07524231
7874_SH3BGRL_P1P2_ENSG00000131171,0.017819667,-0.025895799,-0.024450123
2871_FAM168B_P1P2_ENSG00000152102,0.0062333615,-0.025891008,-0.01069667
10256_ZNF275_P1P2_ENSG00000063587,0.0014373641,-0.025865506,0.013727632
6005_OVOL3_ENST00000262637.4_ENSG00000105261,7.576799e-05,-0.025856175,0.027248288
11329_non-targeting_non-targeting_non-targeting,0.011713363,-0.025819482,-0.021167397
8735_TBL1X_P1P2_ENSG00000101849,-0.011979149,-0.025770836,0.012264202
7929_SIRT7_P1P2_ENSG00000187531,-0.20489384,-0.025765453,-0.051788673
1340_CCP110_P1P2_ENSG00000103540,0.007817486,-0.02573562,-0.02546699
1673_CLPP_P1P2_ENSG00000125656,-0.02667036,-0.025715118,-0.039415218
1172_CANT1_P1P2_ENSG00000171302,-0.0026129242,-0.025694557,0.024595954
8527_STK4_P2_ENSG00000101109,0.035563424,-0.025666548,0.05018491
2809_F12_P2_ENSG00000131187,0.0057494147,-0.025610112,-0.018160997
5761_NPAS4_P1P2_ENSG00000174576,0.014419452,-0.025610019,-0.0055374173
11182_non-targeting_non-targeting_non-targeting,0.0004931282,-0.0255366,-0.006296332
3655_HBZ_P1P2_ENSG00000130656,0.021519583,-0.025491256,0.028200494
10850_non-targeting_non-targeting_non-targeting,0.009529023,-0.025452847,-0.007546453
456_ARHGAP11A_P1P2_ENSG00000198826,0.017037148,-0.025437593,0.009070017
8839_TFAP4_P1P2_ENSG00000090447,-0.03119379,-0.025435653,-0.09635543
11089_non-targeting_non-targeting_non-targeting,-0.00037375386,-0.025411688,-0.014723851
10041_ZCRB1_P1P2_ENSG00000139168,-0.011602098,-0.025386294,0.041244976
10829_non-targeting_non-targeting_non-targeting,-0.0011400755,-0.025360584,-0.028253378
6647_PPOX_P1P2_ENSG00000143224,-0.017416708,-0.025354087,-0.010689372
3062_FES_P1P2_ENSG00000182511,0.043309536,-0.025326002,-0.03582249
2653_ENTPD7_P1P2_ENSG00000198018,0.039213378,-0.0253166,0.021349201
5385_MYL12B_P1P2_ENSG00000118680,-0.0033643297,-0.02524596,0.00037501546
8146_SMARCB1_P1_ENSG00000099956,0.013720735,-0.025234086,0.026183218
3143_FOXA2_P1P2_ENSG00000125798,-0.0078079244,-0.02517824,-0.018790068
8728_TBCC_P1P2_ENSG00000124659,0.00461703,-0.025177436,0.0035510869
10091_ZFP57_P1P2_ENSG00000204644,0.02008823,-0.025175469,-0.007824627
5079_MIOS_P1P2_ENSG00000164654,-0.07505396,-0.025171379,-0.043130383
1831_CPNE1_P1P2_ENSG00000214078,-0.008991236,-0.025146775,-0.027052347
6882_PSMF1_P1P2_ENSG00000125818,-0.007895237,-0.025142724,-0.011941632
2071_DCPS_P1P2_ENSG00000110063,-0.021855867,-0.025140313,-0.006292847
3766_HIST1H2BJ_P1P2_ENSG00000124635,0.022786705,-0.025139313,-0.014350014
7930_SIVA1_P1P2_ENSG00000184990,-0.005805849,-0.025139181,-0.018164217
"6634_PPIP5K1_ENST00000381885.1,ENST00000396923.3_ENSG00000168781",0.00745709,-0.025072295,0.000121667734
2115_DDX28_P1P2_ENSG00000182810,0.019574214,-0.025032744,-0.017151734
277_ALKBH4_P1P2_ENSG00000160993,0.004750949,-0.025024576,-0.0046154293
5213_MRPL30_P1_ENSG00000185414,-0.104982756,-0.025010588,-0.08340446
8844_TFDP1_P1P2_ENSG00000198176,0.02206417,-0.024982866,0.004856807
5738_NOL9_P1P2_ENSG00000162408,0.06663736,-0.02496712,0.044851687
10882_non-targeting_non-targeting_non-targeting,0.0008932549,-0.024953494,0.018888388
11028_non-targeting_non-targeting_non-targeting,0.039542332,-0.02494253,0.0014813995
3760_HIST1H2BC_P1P2_ENSG00000180596,-0.01783371,-0.02492271,-0.012394303
532_ARNT_P1P2_ENSG00000143437,0.017777285,-0.024919169,-0.000197231
1707_CNEP1R1_P1P2_ENSG00000205423,0.009171919,-0.024914244,-0.014618691
10914_non-targeting_non-targeting_non-targeting,-0.008524876,-0.024833167,-0.027285332
3040_FBXW9_P1P2_ENSG00000132004,0.02154963,-0.024799276,-0.010332084
7603_RUNX3_P2_ENSG00000020633,0.027632358,-0.024777941,-0.009094152
9949_YTHDF2_P1P2_ENSG00000198492,-0.04867037,-0.024766626,-0.018204248
816_BECN1_P1P2_ENSG00000126581,0.012991248,-0.024747953,0.00047827655
3598_GTSF1_P1P2_ENSG00000170627,0.0035150924,-0.024746802,0.022428382
5662_NHEJ1_P1P2_ENSG00000187736,0.003747143,-0.024730762,-0.01708746
139_ADAT2_P1P2_ENSG00000189007,0.032413986,-0.024727676,0.013462862
7243_REXO2_P1P2_ENSG00000076043,0.12251004,-0.024725884,0.06127528
3008_FBXO22_P1P2_ENSG00000167196,-0.012516001,-0.024691561,-0.00321122
7993_SLC25A23_P1P2_ENSG00000125648,0.030183056,-0.024646167,-0.010791406
4419_KLF4_P2_ENSG00000136826,-0.0020119343,-0.024645356,-0.017182866
5908_NUTF2_P1P2_ENSG00000102898,-0.035145357,-0.024617152,-0.016887957
10864_non-targeting_non-targeting_non-targeting,0.026142176,-0.024614708,0.008661126
11079_non-targeting_non-targeting_non-targeting,0.024426576,-0.024591018,-0.041398093
3307_GBE1_P1P2_ENSG00000114480,-0.022779759,-0.024590187,-0.008156395
2093_DDIT3_P1P2_ENSG00000175197,0.012231365,-0.024581086,0.0005322742
9713_VCX_P1P2_ENSG00000182583,-0.0150719825,-0.02449617,0.03238416
4794_MANEA_P1P2_ENSG00000172469,0.005895781,-0.024464635,-0.0058736154
636_ATOH7_P1P2_ENSG00000179774,-0.009722915,-0.024460882,-0.03175137
4355_KIAA0930_P2_ENSG00000100364,0.013253578,-0.024434984,-0.0030100124
551_ARRDC3_P1P2_ENSG00000113369,0.021222405,-0.024397641,-0.01677618
4304_KCTD20_P1P2_ENSG00000112078,-0.013014439,-0.024311237,0.010693965
3197_FPGT_P1P2_ENSG00000254685,0.0062493505,-0.024304641,-0.032493144
5103_MKX_P1_ENSG00000150051,0.02181096,-0.024301734,0.008471146
8135_SMAD9_P1P2_ENSG00000120693,0.014627946,-0.024283703,-0.0045023635
8984_TMEM107_P1P2_ENSG00000179029,0.0217863,-0.024277175,-0.0028587484
4267_JUP_P1P2_ENSG00000173801,0.00014272249,-0.02422893,-0.0066711335
4244_IWS1_P1P2_ENSG00000163166,-0.06758672,-0.02422434,0.037047736
4123_ING5_P1P2_ENSG00000168395,0.0023180456,-0.024140848,-0.010159059
11110_non-targeting_non-targeting_non-targeting,-0.0077655315,-0.024100086,-0.005071231
10402_ZNF501_P1P2_ENSG00000186446,0.009646467,-0.024078809,-0.009001806
5257_MRPS27_P1P2_ENSG00000113048,-0.09654833,-0.024073021,-0.022348702
3415_GMCL1_P1P2_ENSG00000087338,0.008251262,-0.024056073,-0.020589681
10808_non-targeting_non-targeting_non-targeting,0.022927614,-0.024052886,0.01942753
4626_LONP2_P2_ENSG00000102910,-0.011637503,-0.02397992,-0.049395796
6015_P2RX4_P1P2_ENSG00000135124,0.004984806,-0.023960123,-0.003947415
10379_ZNF467_P1P2_ENSG00000181444,-0.0024789115,-0.023957873,0.008774507
3687_HELQ_P1P2_ENSG00000163312,0.0040663616,-0.023939336,-0.019926244
10_AARS2_P1P2_ENSG00000124608,-0.040981635,-0.023927398,-0.03833537
10174_ZNF146_P1P2_ENSG00000167635,-0.0016613551,-0.023925928,-0.019344093
6176_PDHB_P1P2_ENSG00000168291,0.0023773494,-0.023899624,-0.021003667
3755_HIST1H2AK_ENST00000330180.2_ENSG00000275221,0.02326426,-0.023833938,-0.0045524295
9227_TRAF2_P2_ENSG00000127191,0.028418673,-0.02376342,-0.0151261
10981_non-targeting_non-targeting_non-targeting,0.024708414,-0.023753919,0.01134845
6230_PEX26_P1P2_ENSG00000215193,0.025655026,-0.023750968,-0.032200057
7771_SENP1_P1P2_ENSG00000079387,0.017568605,-0.02374568,-0.041190255
3259_GADD45GIP1_P1P2_ENSG00000179271,-0.07651234,-0.023704497,-0.046501793
1823_COX7C_P1P2_ENSG00000127184,-0.08027743,-0.023700956,-0.057002615
9966_ZBED6CL_ENST00000343855.4_ENSG00000188707,-0.011378745,-0.023692954,-0.023812866
2889_FAM193B_P1P2_ENSG00000146067,0.012880772,-0.023683691,-0.013275622
1661_CLK3_P1_ENSG00000179335,-0.00065600744,-0.023639074,-0.025321115
5896_NUP43_P1P2_ENSG00000120253,-0.05402776,-0.023616374,-0.046559453
9680_UTP14A_P1P2_ENSG00000156697,0.19506177,-0.023589661,0.20818527
116_ACTR5_P1P2_ENSG00000101442,0.1218109,-0.023570498,0.022423647
10912_non-targeting_non-targeting_non-targeting,0.0012046675,-0.023522345,0.0075077363
5200_MRPL17_P1P2_ENSG00000158042,-0.09046381,-0.023484988,-0.015391735
7154_RBM12_P1P2_ENSG00000244462,-0.04097288,-0.023419654,-0.03630541
3915_HOXC5_P1P2_ENSG00000172789,0.017015144,-0.023405222,-0.014317913
5198_MRPL15_P1P2_ENSG00000137547,-0.102250986,-0.023392491,-0.05411095
11298_non-targeting_non-targeting_non-targeting,-0.0014121968,-0.023380231,-0.06078991
10187_ZNF177_P2_ENSG00000188629,0.006668338,-0.02335525,-0.030336397
637_ATOH8_P1P2_ENSG00000168874,0.0013631092,-0.023300009,-0.008593093
1248_CCDC124_P1_ENSG00000007080,0.0078016086,-0.02328102,-0.011443109
4085_IKZF4_P1_ENSG00000123411,-0.010649125,-0.02322991,-0.024565032
4214_ISOC2_P2_ENSG00000063241,0.0065355264,-0.023226509,-0.03426038
10749_non-targeting_non-targeting_non-targeting,0.021163357,-0.023211017,-0.0059257136
7185_RBM8A_P1P2_ENSG00000265241,0.019507203,-0.023202153,0.018943923
11061_non-targeting_non-targeting_non-targeting,0.04183011,-0.023187881,-0.025785184
6919_PTP4A1_P1P2_ENSG00000112245,0.029419167,-0.023162346,0.005863861
9784_WARS2_P1P2_ENSG00000116874,-0.012843796,-0.023145504,-0.03536279
8152_SMARCD3_P2_ENSG00000082014,0.0086183185,-0.023131998,-0.022532852
5543_NDUFAB1_P1P2_ENSG00000004779,-0.09212475,-0.023051448,-0.03409516
5760_NPAS3_P1P2_ENSG00000151322,-0.0020940737,-0.023042167,-0.010087546
2844_FAM122A_P1P2_ENSG00000187866,0.015544516,-0.023020057,-0.034340907
7763_SELENOM_P1P2_ENSG00000198832,0.013671949,-0.023009147,0.003466393
4175_IQSEC1_P1P2_ENSG00000144711,-0.016601369,-0.02295438,-0.0047989716
6404_PKP3_P1_ENSG00000184363,-0.007979881,-0.022949262,-0.024050772
10218_ZNF225_P1P2_ENSG00000256294,0.022591373,-0.022902008,-0.016313959
4096_IL23R_P1P2_ENSG00000162594,-0.0053831297,-0.022897732,-0.0036071017
344_ANKRD54_P1P2_ENSG00000100124,-0.016036384,-0.022874082,0.0031946013
8412_SRM_P1P2_ENSG00000116649,-0.0034564098,-0.022868987,-0.0072123506
4340_KHSRP_P1P2_ENSG00000088247,0.023643805,-0.022854507,-0.00085766666
5302_MTBP_P1P2_ENSG00000172167,-0.0040200055,-0.02284614,0.00725207
1522_CERK_P1P2_ENSG00000100422,-0.036952656,-0.022832472,-0.04411959
2269_DNA2_P1P2_ENSG00000138346,0.006734654,-0.022817843,0.04009467
1940_CTNND1_P1P2_ENSG00000198561,-0.0040174583,-0.022797823,0.015066104
3959_HSF1_P1P2_ENSG00000185122,-0.024474919,-0.022768455,-0.007621516
8696_TASP1_P1P2_ENSG00000089123,0.010509601,-0.022705425,0.011960399
967_C12orf57_P1P2_ENSG00000111678,-0.008603182,-0.022649974,0.0049600163
7061_RAD1_P1P2_ENSG00000113456,0.0012044163,-0.022607505,-0.008608771
11160_non-targeting_non-targeting_non-targeting,-0.008274178,-0.022572536,-0.019611087
2276_DNAJA2_P1P2_ENSG00000069345,-0.06605131,-0.022555865,-0.017532082
2872_FAM170A_P1P2_ENSG00000164334,0.002159886,-0.022552054,-0.014427602
5566_NDUFS2_P1P2_ENSG00000158864,-0.021452641,-0.022532582,-0.03143534
1399_CDC40_P1P2_ENSG00000168438,0.0448133,-0.02253003,-0.072626695
5621_NFAT5_P1P2_ENSG00000102908,-0.011554008,-0.022491068,-0.014398484
5161_MPDU1_P1P2_ENSG00000129255,0.012870634,-0.022482088,0.015936907
2584_ELF1_P1P2_ENSG00000120690,-0.0056224894,-0.02247868,-0.016290661
11038_non-targeting_non-targeting_non-targeting,0.001754795,-0.022448037,-0.018577814
6559_POLR3E_P1P2_ENSG00000058600,0.052412096,-0.022422567,-0.000494797
7747_SEC24D_P1P2_ENSG00000150961,-0.008462038,-0.022415917,-7.879386e-05
3859_HNRNPA3_P1P2_ENSG00000170144,0.035419516,-0.022401622,0.018847175
4344_WASHC5_P1P2_ENSG00000164961,0.017417165,-0.022388453,0.016736448
4995_METTL17_P1P2_ENSG00000165792,0.019034622,-0.022388201,-0.013121378
714_AURKA_P1P2_ENSG00000087586,-0.01993928,-0.022387318,0.029819876
11195_non-targeting_non-targeting_non-targeting,-0.018870503,-0.022363055,0.001598989
10307_ZNF34_P1P2_ENSG00000196378,-0.012412733,-0.022341987,-0.02287465
4338_KHK_P1P2_ENSG00000138030,0.0075216168,-0.022338428,-0.023313506
7091_RANBP10_P1P2_ENSG00000141084,-0.008353649,-0.022314584,0.017766528
515_ARL6IP4_P1P2_ENSG00000182196,0.00035652932,-0.022282299,-0.0067462353
4172_IQGAP1_P1P2_ENSG00000140575,0.018471677,-0.022272693,0.0054206396
4400_KIFC3_P1P2_ENSG00000140859,0.00045636608,-0.022230089,0.020513061
7938_SKA2_P1P2_ENSG00000182628,-0.016130675,-0.022229347,0.02398131
3704_HES7_P1P2_ENSG00000179111,0.012089562,-0.022228567,0.027838143
6249_PFN1_P1P2_ENSG00000108518,-0.009737037,-0.022224534,-0.002301376
3651_HBG2_P1P2_ENSG00000196565,-0.005043122,-0.022211071,0.0011510944
9162_TOM1_P1P2_ENSG00000100284,0.0041067493,-0.022161517,0.024870563
125_ADAL_P1P2_ENSG00000168803,-0.01916641,-0.02214026,0.013046007
194_AGPAT2_P1P2_ENSG00000169692,0.013958772,-0.022090891,0.002759818
10654_ZNF813_P1P2_ENSG00000198346,0.007060269,-0.022089496,0.0053310213
8566_STXBP6_P1P2_ENSG00000168952,-0.0038131122,-0.022063576,0.007113888
9901_XPOT_P1P2_ENSG00000184575,0.012927372,-0.022052128,-0.0031605738
975_DGLUCY_P1P2_ENSG00000133943,0.029864995,-0.021993482,0.027542682
721_AZI2_P1P2_ENSG00000163512,-0.016797174,-0.0219763,-0.002803156
4286_KAZALD1_P1P2_ENSG00000107821,0.026986934,-0.0219388,0.009497236
740_B9D1_P1P2_ENSG00000108641,0.0011939039,-0.021929784,-0.018866358
8437_SRSF6_P2_ENSG00000124193,0.012128989,-0.021925054,-0.021741351
10990_non-targeting_non-targeting_non-targeting,-0.03041819,-0.021885434,0.0009509186
7781_SEPSECS_P1P2_ENSG00000109618,0.016831847,-0.021856291,0.0035805863
9374_TST_P1P2_ENSG00000128311,0.008728493,-0.021818357,-0.0036692233
6609_PPARG_P1_ENSG00000132170,0.0075854226,-0.021808513,-0.002585265
3620_HACL1_P1P2_ENSG00000131373,0.007460787,-0.02180239,0.017704276
4163_IPO5_P1P2_ENSG00000065150,-0.023510229,-0.021734925,-0.002233907
10696_ZNF98_P1P2_ENSG00000197360,-0.009908359,-0.021725727,-0.009373196
243_AKR1C2_P2_ENSG00000151632,-0.021935562,-0.021700129,-0.01796003
10680_ZNF853_P1_ENSG00000236609,0.03597664,-0.021698317,0.0035445765
9060_TMEM248_P1P2_ENSG00000106609,0.013917224,-0.021675574,0.0069356305
2524_EID2B_P1P2_ENSG00000176401,0.01714889,-0.02164869,-0.03927623
1928_CTDNEP1_P1P2_ENSG00000175826,-0.007544864,-0.021639764,-0.009744506
1027_C19orf73_P1P2_ENSG00000221916,-0.018247303,-0.021589164,-0.03966022
11111_non-targeting_non-targeting_non-targeting,-0.0075115208,-0.021585878,-0.044283815
14_AASDHPPT_P1P2_ENSG00000149313,0.02898058,-0.02154662,0.0129310945
10159_ZNF117_P1P2_ENSG00000152926,0.02840308,-0.02154049,0.045034543
2426_DYNLL1_P1P2_ENSG00000088986,-0.026803473,-0.021514468,0.015902638
9157_TOB1_P1P2_ENSG00000141232,-0.0024951939,-0.021506824,0.021078557
668_DMAC2_P1P2_ENSG00000105341,0.010252666,-0.021471944,0.004184724
2680_EPS15_P1P2_ENSG00000085832,0.0119586475,-0.02146694,-0.022704419
9205_TPM3_P1P2_ENSG00000143549,-0.025880305,-0.02146091,0.004543501
10610_ZNF761_P1P2_ENSG00000160336,0.0054097604,-0.021452075,-0.01750997
7086_RALGAPB_P1P2_ENSG00000170471,0.015760439,-0.0214494,-0.0052837273
6932_PTPN9_P1P2_ENSG00000169410,0.008512694,-0.021439748,-0.00015253549
6088_PAX1_P1P2_ENSG00000125813,-0.034736924,-0.021420093,-0.0039904662
10913_non-targeting_non-targeting_non-targeting,0.009897912,-0.021409152,-0.032127567
5645_NFKBIA_P2_ENSG00000100906,-0.028848778,-0.021408888,-0.038477268
6167_PDE4A_P1_ENSG00000065989,0.01095192,-0.021407623,0.013062912
6400_PKN3_P1P2_ENSG00000160447,0.021921193,-0.021363907,0.0029042389
4190_IRF4_P2_ENSG00000137265,0.00515801,-0.021348393,-0.002826877
6085_PATL1_P1P2_ENSG00000166889,-0.019871838,-0.021345166,-0.027987432
706_ATXN7L3B_P1P2_ENSG00000253719,0.017696025,-0.021330418,0.004223023
5781_NR1D2_P1P2_ENSG00000174738,0.0020637221,-0.02130136,-0.017515572
10836_non-targeting_non-targeting_non-targeting,-0.025694255,-0.021245336,0.0044512986
7844_SFT2D1_P1P2_ENSG00000198818,0.011426707,-0.021239761,-0.018864103
10493_ZNF600_P1P2_ENSG00000189190,0.010428332,-0.021227356,-0.017803103
480_ARHGEF25_P1P2_ENSG00000240771,-0.0065891417,-0.021210799,-0.02484911
7108_RAPGEF1_ENST00000372190.3_ENSG00000107263,0.0059300987,-0.02120956,0.017741831
2842_FAM120B_P1P2_ENSG00000112584,-0.013181187,-0.021202235,-0.0063799554
3224_FUS_P1P2_ENSG00000089280,0.002623984,-0.021199876,-0.027585058
7159_RBM15B_P2_ENSG00000259956,0.016476542,-0.021173967,-0.029255023
11157_non-targeting_non-targeting_non-targeting,0.020118577,-0.021168863,0.0076525006
7399_RNFT2_P1P2_ENSG00000135119,0.016349118,-0.021113103,0.011979537
6568_POMGNT1_P1P2_ENSG00000085998,0.022519125,-0.021080704,-0.016385598
8907_TIGD2_P1P2_ENSG00000180346,-0.0012928655,-0.021080196,0.03065348
5876_NUDT8_P1P2_ENSG00000167799,0.014705742,-0.021035818,-0.002115482
9835_WDR66_P1P2_ENSG00000158023,0.01692848,-0.020981703,-0.0003357269
4911_MCTS1_P1P2_ENSG00000232119,0.03112698,-0.020953879,0.02698115
6018_P4HA1_P1P2_ENSG00000122884,0.01468302,-0.02091876,-0.0011304854
10915_non-targeting_non-targeting_non-targeting,-0.0010227826,-0.02091181,-0.017864605
6421_PLCD1_P1P2_ENSG00000187091,0.0017598626,-0.020852018,-0.01739456
4616_LMNA_P1P2_ENSG00000160789,0.009098149,-0.020832881,-0.011992556
5692_NKX2-3_P1P2_ENSG00000119919,0.014113961,-0.020812338,0.029626066
1436_CDK5RAP2_P1P2_ENSG00000136861,-0.0030846004,-0.020801803,-0.020678734
8172_SMIM12_P1P2_ENSG00000163866,0.022757666,-0.020791478,0.033230994
10250_ZNF267_P2_ENSG00000185947,-0.0005394114,-0.02078151,-0.013563943
1049_C1orf43_P1P2_ENSG00000143612,0.024280095,-0.020770377,-0.032306496
3894_HOXA5_P1P2_ENSG00000106004,0.0070136646,-0.020694794,-0.0032035722
972_C12orf76_P1P2_ENSG00000174456,-0.009140118,-0.020694738,0.0016942288
4702_LTA4H_P1P2_ENSG00000111144,0.013808904,-0.02069341,0.024529599
10858_non-targeting_non-targeting_non-targeting,-0.0018870403,-0.020668404,-0.049688663
10166_ZNF134_P1P2_ENSG00000213762,-0.010725992,-0.020666389,-0.04646265
9292_TRIP10_P1_ENSG00000125733,0.0039278422,-0.02066243,-0.0039308304
4170_IQCC_P1P2_ENSG00000160051,-0.0060210414,-0.020651564,0.00803253
4606_LLPH_P1P2_ENSG00000139233,-0.004023637,-0.020643452,-0.011338223
9393_TTC7B_P1P2_ENSG00000165914,-0.025746644,-0.020633115,-0.027097085
2452_EBF1_P1P2_ENSG00000164330,0.020660438,-0.020613637,-0.024728466
688_ATP7A_P1P2_ENSG00000165240,-0.0022188823,-0.020597287,-0.0056242784
9142_TNKS2_P1P2_ENSG00000107854,0.025304083,-0.020595716,-0.010530148
7593_RTTN_P1P2_ENSG00000176225,-0.002572923,-0.02057715,0.010073407
5215_MRPL33_P1P2_ENSG00000243147,-0.08305678,-0.020543002,-0.037848335
8504_STEAP1B_P1P2_ENSG00000105889,0.016168047,-0.020519543,-0.021491753
10860_non-targeting_non-targeting_non-targeting,-0.0063035283,-0.02047435,-0.008328112
9650_USP33_P1P2_ENSG00000077254,0.0070565534,-0.020472525,-0.013335305
10390_ZNF485_P1P2_ENSG00000198298,-0.009400036,-0.0204668,-0.008301874
6344_PIGS_P1_ENSG00000087111,-0.013878756,-0.020460937,0.014544672
787_BCAT1_P1P2_ENSG00000060982,0.0073870635,-0.02045449,-0.0017202742
7981_SLC25A11_P1P2_ENSG00000108528,-5.7791785e-05,-0.020450525,0.0025454168
10113_ZGLP1_P1P2_ENSG00000220201,-0.0016468525,-0.020424278,0.005721295
5778_NQO2_P1P2_ENSG00000124588,-0.015607538,-0.020399958,-8.9929e-05
1053_C1orf56_P1P2_ENSG00000143443,0.0075527686,-0.02038821,0.017486079
10413_ZNF514_P1_ENSG00000144026,0.025129871,-0.02036293,-0.00974141
6804_PRPS1_P1P2_ENSG00000147224,-0.0023391424,-0.020360848,-0.040704258
386_AP4M1_P1P2_ENSG00000221838,-0.009380761,-0.020358289,-0.008528542
4202_IRX5_P1P2_ENSG00000176842,-0.01907517,-0.020340204,-0.0051332074
10604_ZNF747_P1P2_ENSG00000169955,-0.02332377,-0.020328337,0.013708697
1950_CTSL_P1_ENSG00000135047,0.007181287,-0.020324893,-0.011686965
19_ABCA8_P1P2_ENSG00000141338,0.006808366,-0.020322017,-0.016945709
1393_CDC25B_P1P2_ENSG00000101224,-0.037360948,-0.020309307,0.037300386
7549_RRAGB_P1P2_ENSG00000083750,0.030028455,-0.020293504,-0.03391396
8148_SMARCC1_P1P2_ENSG00000173473,-0.086408116,-0.020279992,0.036406204
7162_RBM18_P1P2_ENSG00000119446,-0.03713125,-0.0202567,0.0042248433
5050_MIB1_P1P2_ENSG00000101752,0.017253667,-0.020242939,-0.0052676606
10662_ZNF829_P1P2_ENSG00000185869,0.068634115,-0.020241085,-0.055750474
2722_ERV3-1_P1P2_ENSG00000213462,0.007651836,-0.0202213,-0.02879559
11161_non-targeting_non-targeting_non-targeting,-0.0022328421,-0.020212851,-0.0126355775
6629_PPIL1_P1P2_ENSG00000137168,0.007909216,-0.020201076,0.022505445
1912_CSRP1_P1P2_ENSG00000159176,0.0064965584,-0.020199673,-0.008766
1363_CD33_P1P2_ENSG00000105383,0.01805003,-0.020199064,0.0044361567
10971_non-targeting_non-targeting_non-targeting,0.0073716324,-0.020185513,0.005707242
130_ADAM17_P1P2_ENSG00000151694,0.0104647335,-0.020162476,-0.008984062
586_ASNSD1_P1P2_ENSG00000138381,0.0033392748,-0.020129725,-0.0020645864
5184_MRAP2_P1P2_ENSG00000135324,0.018921934,-0.02009071,-0.03295374
9773_VSX2_P1P2_ENSG00000119614,0.02272694,-0.020046027,-0.0067138723
5960_OR7A17_ENST00000327462.2_ENSG00000185385,-0.0047918,-0.02003502,-0.044172578
9700_VAPA_P1P2_ENSG00000101558,0.00087220874,-0.0199658,-0.015426282
7882_SH3BP5_P2_ENSG00000131370,0.019938836,-0.01996531,-0.017938763
7182_RBM5_P1P2_ENSG00000003756,0.05534148,-0.019954734,-0.038024686
6326_PICK1_P1P2_ENSG00000100151,-0.034976196,-0.019952526,-0.007868162
8261_SOAT1_P1P2_ENSG00000057252,0.040308204,-0.019937683,0.0064201183
5986_OSGIN2_P1P2_ENSG00000164823,0.026374118,-0.019915389,-0.010238212
6192_PDP2_P1P2_ENSG00000172840,0.036634415,-0.019908924,-0.011425715
8847_TFDP3_P1P2_ENSG00000183434,0.015062126,-0.019899048,0.0042321933
10846_non-targeting_non-targeting_non-targeting,-0.0032120384,-0.019893134,-0.01768853
3206_FSCN1_P2_ENSG00000075618,0.011837076,-0.019890526,-0.024615714
9775_VTI1A_P1P2_ENSG00000151532,0.008896059,-0.019887611,-0.03796419
8782_TCF25_P1P2_ENSG00000141002,-0.023486104,-0.01988362,0.022423767
6361_PIKFYVE_P1P2_ENSG00000115020,-0.0015342655,-0.019883553,0.009845837
6399_PKN2_P1P2_ENSG00000065243,0.003890053,-0.019878559,0.024789862
2303_DNAJC7_P1P2_ENSG00000168259,-0.012726751,-0.019868886,-0.03156485
3202_FRMD8_P1P2_ENSG00000126391,-7.853675e-05,-0.019865744,-0.0011822041
10753_non-targeting_non-targeting_non-targeting,0.014905996,-0.019855907,-0.0020042097
7402_MRM3_P1P2_ENSG00000171861,0.006726638,-0.019849643,-0.017005095
2467_ECI1_P1P2_ENSG00000167969,0.015001081,-0.019848838,0.021383403
7591_RTN4IP1_P1P2_ENSG00000130347,-0.0027566564,-0.019848516,0.0060056048
6080_PARPBP_P1P2_ENSG00000185480,0.016248886,-0.019822588,-0.00051481376
8890_THOC5_P1P2_ENSG00000100296,0.048957188,-0.01981513,-0.042360313
1539_CFLAR_P2_ENSG00000003402,-0.0062760827,-0.019813072,0.0021642176
4099_ILF2_P1P2_ENSG00000143621,0.019257689,-0.019807454,0.021038735
10844_non-targeting_non-targeting_non-targeting,-0.012006176,-0.019795313,-0.039830286
607_ATF4_P1P2_ENSG00000128272,0.034286104,-0.019775433,0.012748295
4021_ID3_P1P2_ENSG00000117318,0.018547896,-0.019772992,-0.011108867
10629_ZNF780A_P1P2_ENSG00000197782,0.037150297,-0.019769508,-0.028977083
6343_PIGS_P2_ENSG00000087111,-0.0052459436,-0.01971273,0.032174744
4094_IL17RC_P1P2_ENSG00000163702,0.012434295,-0.01970596,-0.008527188
2078_DCTN6_P1P2_ENSG00000104671,0.012588233,-0.019695742,-0.00853169
7780_SELENOP_P1P2_ENSG00000250722,0.022440536,-0.019672304,-0.0066575026
4266_JUN_P1P2_ENSG00000177606,-0.0029009555,-0.019656498,0.0037575697
11007_non-targeting_non-targeting_non-targeting,0.0113309845,-0.019647539,-0.04344603
7702_SCO1_P1P2_ENSG00000133028,-0.016461117,-0.019640626,-0.030940972
10213_ZNF219_P1P2_ENSG00000165804,0.043708175,-0.019637445,-0.0030064909
11146_non-targeting_non-targeting_non-targeting,-0.004245604,-0.019633243,-0.0077410475
2433_DYRK2_P1P2_ENSG00000127334,0.00035679285,-0.019621305,0.001336944
9024_TMEM183A_P1P2_ENSG00000163444,-0.00017412117,-0.019610953,0.020722048
312_ANGPT1_P1P2_ENSG00000154188,-0.009787407,-0.019600142,0.0009323314
10322_ZNF384_P1P2_ENSG00000126746,-0.0022706508,-0.019589901,0.016555896
6258_PGK1_P1P2_ENSG00000102144,-0.059499335,-0.019572712,-0.05193853
11198_non-targeting_non-targeting_non-targeting,-0.0012439886,-0.019549675,-0.030068966
415_APOC1_P1P2_ENSG00000130208,-0.025213988,-0.01953538,-0.0062679173
6464_PLSCR3_P2_ENSG00000187838,-0.02358479,-0.019528052,0.0052275457
7677_SCAF8_P1P2_ENSG00000213079,-0.0076221675,-0.019488739,0.017986417
1091_C4orf36_P1_ENSG00000163633,-0.019632034,-0.019428134,-0.014034151
4981_MEST_P2_ENSG00000106484,0.03451939,-0.019410819,-0.024137737
6370_PIP4K2A_P1P2_ENSG00000150867,0.009172403,-0.019379538,0.007403745
6502_PNRC2_P1P2_ENSG00000189266,0.026760584,-0.019365111,-0.008332302
10651_ZNF808_P1_ENSG00000198482,0.0137046045,-0.019361962,0.007236046
9034_TMEM19_P1P2_ENSG00000139291,0.0046381117,-0.01934964,-0.029602028
8313_SP8_P1P2_ENSG00000164651,0.0269828,-0.019326236,-0.017782569
4687_LSM12_P1P2_ENSG00000161654,0.027071008,-0.019276898,0.0715669
8790_TCIRG1_P1P2_ENSG00000110719,0.0089358855,-0.019273162,-0.009154487
2268_DMXL2_P1P2_ENSG00000104093,0.018555313,-0.019255627,0.0031626325
10612_ZNF764_P1P2_ENSG00000169951,-0.0011799982,-0.01925123,0.0032005168
1518_CEP95_P1P2_ENSG00000258890,0.02259708,-0.019245565,-0.0141279055
5080_MIPEP_P1P2_ENSG00000027001,0.019202199,-0.01922457,-0.025868991
8859_TGFB1_P1P2_ENSG00000105329,0.010055779,-0.019213758,0.005179378
11032_non-targeting_non-targeting_non-targeting,0.0129772145,-0.019213326,-0.0069075865
7372_RNF207_P1_ENSG00000158286,0.01533067,-0.019208198,-0.017652959
10960_non-targeting_non-targeting_non-targeting,0.009525233,-0.019195808,-0.01589881
4559_LEUTX_ENST00000396841.4_ENSG00000213921,0.009045154,-0.01919329,-0.03473512
6365_PIM3_P1P2_ENSG00000198355,-0.0052973754,-0.01918687,-0.05407513
49_ABHD3_P1P2_ENSG00000158201,-0.02382215,-0.019171251,-0.022372792
5307_MTF1_P1P2_ENSG00000188786,0.047251813,-0.019158004,-0.019971859
1911_CSRNP3_P2_ENSG00000178662,-0.012720379,-0.019115437,0.013049502
59_ABO_P2_ENSG00000175164,0.024927454,-0.019084202,-0.02613092
1471_HDHD5_P1P2_ENSG00000069998,0.00676478,-0.01907558,-0.0075576277
10927_non-targeting_non-targeting_non-targeting,-0.008488613,-0.01905941,0.0058731246
8035_SLC31A1_P1P2_ENSG00000136868,-0.0607462,-0.019031143,-0.03502433
10825_non-targeting_non-targeting_non-targeting,0.0015603867,-0.019009635,-0.0024579011
6487_PNKD_ENST00000258362.3_ENSG00000127838,0.021524537,-0.018953076,-0.015630206
10692_ZNF90_P1P2_ENSG00000213988,-0.0012222913,-0.018941533,0.004006597
550_ARRDC2_P1_ENSG00000105643,0.0022349274,-0.01892343,0.024491994
5789_NR2C2AP_P1P2_ENSG00000184162,-0.00954077,-0.018918805,0.0068957494
4650_LRP6_P1P2_ENSG00000070018,-0.0027133818,-0.018918123,0.0044224644
5524_NDFIP2_P1P2_ENSG00000102471,-0.021218184,-0.018904015,0.0030205732
2816_FADS2_P2_ENSG00000134824,0.01896929,-0.018903967,-0.008243515
3533_GRHL2_P1P2_ENSG00000083307,0.021321477,-0.01888662,0.00071725994
10298_ZNF337_P1P2_ENSG00000130684,0.030362237,-0.018883899,-0.025043251
8562_STXBP2_P1P2_ENSG00000076944,-0.012892055,-0.018838579,-0.010280559
10203_ZNF208_P1P2_ENSG00000160321,0.013261395,-0.01882785,-0.042285167
5196_MRPL13_P1P2_ENSG00000172172,-0.08419151,-0.018768353,-0.022089882
3365_GIGYF1_P1_ENSG00000146830,0.008745994,-0.018767048,-0.0029314468
4484_KTI12_P1P2_ENSG00000198841,-0.010823042,-0.018764986,0.016018447
279_ALKBH6_P1P2_ENSG00000239382,-0.018922213,-0.018764643,-0.008127822
2818_FADS3_P1P2_ENSG00000221968,-0.00025082417,-0.018722927,-0.023831964
4577_LIAS_P1P2_ENSG00000121897,0.004234055,-0.018722158,0.050746683
4827_MAPK1IP1L_P1P2_ENSG00000168175,0.015903829,-0.018720696,-0.009946525
6046_PAK4_P1P2_ENSG00000130669,0.008512046,-0.01872007,-0.026395096
8100_SLC52A2_P1P2_ENSG00000185803,-0.018815862,-0.018680029,0.0010894851
2341_DPF1_P1_ENSG00000011332,-0.013390984,-0.018654669,0.0015910811
7842_SFPQ_P1P2_ENSG00000116560,-0.09212292,-0.018600702,-0.029216588
8187_SMPD4_P1P2_ENSG00000136699,0.010824663,-0.018593056,0.0055940286
9852_WDR91_P1P2_ENSG00000105875,0.008729014,-0.018579742,0.00910407
7356_RNF149_P1P2_ENSG00000163162,0.029653016,-0.01857969,-0.002732667
5531_NDUFA11_P1P2_ENSG00000174886,0.009729846,-0.018576464,-0.00569367
6832_PRUNE1_P1P2_ENSG00000143363,-0.0019143813,-0.01855493,0.04187076
4517_LARP1_ENST00000336314.4_ENSG00000155506,-0.00053835585,-0.01854691,-0.019967914
7961_SLC12A7_P1P2_ENSG00000113504,-0.008332499,-0.018542739,0.026908994
7706_SCRIB_P1P2_ENSG00000180900,0.021860221,-0.01852914,0.005380186
806_BCL7A_P1P2_ENSG00000110987,0.007572673,-0.01852021,-0.014903895
2220_DIAPH1_P1P2_ENSG00000131504,0.025339704,-0.018511357,-0.02569023
9659_USP42_P1P2_ENSG00000106346,-0.026972827,-0.018510379,-0.012712477
10377_ZNF461_P1P2_ENSG00000197808,-0.0018419848,-0.018494971,0.0019534384
7876_SH3BGR_P2_ENSG00000185437,0.019253083,-0.018468678,-0.017427785
5559_NDUFB7_P1P2_ENSG00000099795,-0.013344866,-0.018459488,-0.008767279
2464_ECHDC1_P1P2_ENSG00000093144,0.011248213,-0.018411124,0.0018438605
9389_TTC3_P1P2_ENSG00000182670,-0.0042615663,-0.018402545,0.0047164406
792_BCKDHB_P1P2_ENSG00000083123,0.014835672,-0.018400554,-0.0070140273
8092_SLC48A1_P1_ENSG00000211584,0.0012892229,-0.018389015,-0.014112893
10173_ZNF143_P1P2_ENSG00000166478,-0.049286876,-0.018388541,-0.015898574
4025_IDH3A_P2_ENSG00000166411,0.030467663,-0.018367613,-0.04634675
7321_RMDN3_P1P2_ENSG00000137824,-0.056770112,-0.018335974,-0.036715254
10169_ZNF138_P1P2_ENSG00000197008,-0.030552143,-0.018335322,-0.0075724293
7187_RBMXL1_P1P2_ENSG00000213516,0.036021397,-0.018334026,0.012073875
6363_PIM1_P1P2_ENSG00000137193,-0.0282285,-0.01832561,-0.020697836
2003_CYHR1_P2_ENSG00000187954,0.038082715,-0.018274453,-0.028324958
5903_NUP93_P1P2_ENSG00000102900,0.01085933,-0.018241521,-0.0022853431
474_ARHGEF10_P1P2_ENSG00000104728,0.005609941,-0.018240774,0.0057101324
1150_CACYBP_P1P2_ENSG00000116161,-0.0071222223,-0.018219309,0.0127122495
1127_C8orf76_P1P2_ENSG00000189376,-0.007826789,-0.018214064,-0.008256125
4351_KIAA0586_P1P2_ENSG00000100578,0.029697506,-0.018204201,0.017739654
10975_non-targeting_non-targeting_non-targeting,0.0020643082,-0.018194541,0.0012577197
4534_LCMT2_P1P2_ENSG00000168806,0.024877163,-0.018190563,-0.020827265
8423_SRRD_P1P2_ENSG00000100104,0.008418296,-0.018171472,-0.03754687
990_MOSMO_P1P2_ENSG00000185716,0.04516026,-0.018170143,0.03771282
10780_non-targeting_non-targeting_non-targeting,0.0050067725,-0.018169299,-0.022814922
1621_CITED1_P1_ENSG00000125931,0.023430098,-0.018166052,0.027876431
2839_FAM118B_P1P2_ENSG00000197798,-0.0477949,-0.01815008,-0.016073503
856_BMP1_P1P2_ENSG00000168487,-0.004601858,-0.01814842,-0.024463655
5375_MYD88_P2_ENSG00000172936,0.004783349,-0.018133055,-0.0061968593
3686_HELLS_P1P2_ENSG00000119969,0.000743629,-0.018116524,-0.005787866
2513_EGR3_P1P2_ENSG00000179388,-0.0045101563,-0.018062586,-0.011674469
4874_MBD2_P1P2_ENSG00000134046,0.0053361626,-0.018060617,0.0035866238
8784_TCF4_P1P2_ENSG00000196628,0.005720536,-0.018050527,-0.003412099
8693_TARS2_P1P2_ENSG00000143374,-0.14584248,-0.018042488,-0.05084485
420_APOO_P1P2_ENSG00000184831,0.023286661,-0.018002281,-0.011254939
3923_HOXD13_P1P2_ENSG00000128714,0.018277312,-0.017969565,0.019830879
6403_PKP3_P2_ENSG00000184363,-0.0071622515,-0.01793412,-0.017018398
4114_IMPDH1_P1_ENSG00000106348,0.020403922,-0.017904324,0.004769322
3998_HYI_P1P2_ENSG00000178922,-0.017441375,-0.017900696,-0.009698263
6470_PLXNB2_P1P2_ENSG00000196576,-0.0015374998,-0.01787938,-0.00056843064
3725_HIF1A_P1P2_ENSG00000100644,0.0049990504,-0.017877838,-0.0151232565
6385_PITX2_P1_ENSG00000164093,0.0040868893,-0.017876487,-0.02450184
4782_MAML1_P1P2_ENSG00000161021,0.008615491,-0.017825857,-0.015771782
1612_CIB2_P1P2_ENSG00000136425,-0.015661716,-0.017823141,-0.051392272
5771_NPM3_P1P2_ENSG00000107833,0.02269105,-0.017806211,0.014068342
5798_NR4A1_P1P2_ENSG00000123358,0.031240312,-0.017802592,0.012183165
8301_SOX9_P1P2_ENSG00000125398,0.008944638,-0.017802237,-0.005018585
4237_ITPR1_P1P2_ENSG00000150995,0.009611218,-0.017785568,-0.008862227
7027_RAB3GAP2_P1P2_ENSG00000118873,0.017093971,-0.017783694,0.0029785335
3979_HSPA8_P1P2_ENSG00000109971,-0.048233833,-0.017767537,-0.022110341
10437_ZNF548_P1P2_ENSG00000188785,0.00490134,-0.017755592,-0.018671993
5572_NDUFS7_P1P2_ENSG00000115286,-0.032470316,-0.017748073,-0.01612229
4092_IL15RA_P1P2_ENSG00000134470,0.01853077,-0.017728996,0.0024084444
11288_non-targeting_non-targeting_non-targeting,0.013723916,-0.017716566,-0.029674683
3302_GATC_P1P2_ENSG00000257218,0.017911943,-0.017665645,-0.013648396
6248_PFKP_P1P2_ENSG00000067057,-0.0095912395,-0.017661424,-0.02003106
716_AVEN_P1P2_ENSG00000169857,0.0069246264,-0.01762861,-0.024383632
3195_FOXS1_P1P2_ENSG00000179772,0.026193386,-0.017628388,-0.039417304
4765_MAGEB1_P1_ENSG00000214107,0.0047409544,-0.017610062,-0.016596036
10172_ZNF142_P1P2_ENSG00000115568,0.022967461,-0.017601732,0.02695839
6840_PSKH1_P1P2_ENSG00000159792,-0.0012161506,-0.017600438,0.00035618767
5350_MUL1_P1P2_ENSG00000090432,0.013753082,-0.017585894,3.0101339e-05
8718_TBC1D31_P1P2_ENSG00000156787,-0.02167579,-0.017581534,0.012847709
2972_FARS2_P1P2_ENSG00000145982,-0.05166904,-0.017557453,-0.03553265
3004_FBXO17_P1_ENSG00000269190,0.020802664,-0.017482469,-0.010523614
4829_MAPK3_P1P2_ENSG00000102882,0.008994237,-0.017452588,-0.024148142
1236_CC2D1A_P1P2_ENSG00000132024,-0.0053641377,-0.017445365,-0.023402601
3216_FUBP3_P1P2_ENSG00000107164,0.017674854,-0.017439587,0.016739855
7009_RAB14_P1P2_ENSG00000119396,-0.0021084698,-0.017428987,-0.009802614
4080_IKBKG_P1P2_ENSG00000269335,-0.0030294852,-0.017392226,0.014687297
3483_GP6_P1P2_ENSG00000088053,-0.018282386,-0.017357554,-0.011790096
5613_NEUROD4_P1P2_ENSG00000123307,-0.0055325795,-0.017347315,0.017534383
1571_CHFR_P1P2_ENSG00000072609,0.038837973,-0.017331164,-0.016131554
10563_ZNF69_P1P2_ENSG00000198429,-0.0014784151,-0.017321432,0.0019864389
2589_ELK1_P1P2_ENSG00000126767,0.006798648,-0.017320542,0.026119623
5149_MORC2_P1P2_ENSG00000133422,0.016854744,-0.017320205,0.0034776127
9268_TRIM25_P1P2_ENSG00000121060,0.008397455,-0.01731551,-0.011534042
1125_C8orf44_P1P2_nan,-0.004175373,-0.017295836,-0.0050993483
8756_TBX4_P1_ENSG00000121075,0.010185975,-0.017283797,-0.0032391879
6281_PHF13_P1P2_ENSG00000116273,0.009851215,-0.017280543,-0.003808361
1794_COQ5_P1P2_ENSG00000110871,0.008533392,-0.01726905,-0.008329795
10290_ZNF329_P1_ENSG00000181894,0.030457823,-0.01726655,-0.013679506
10644_ZNF799_P1P2_ENSG00000196466,-0.014719469,-0.01726461,-0.015082825
10956_non-targeting_non-targeting_non-targeting,0.0007273186,-0.017260164,0.0059407484
1286_CCDC66_P1P2_ENSG00000180376,0.0045563625,-0.017257087,-0.017736444
8328_SPATC1L_P1_ENSG00000160284,0.024953032,-0.017245652,-0.0008128107
11051_non-targeting_non-targeting_non-targeting,-0.0023906524,-0.017206347,-0.029407231
9002_TMEM141_P1P2_ENSG00000244187,0.00977644,-0.01715861,0.033518665
3705_HESX1_P1_ENSG00000163666,0.0033463875,-0.01712719,0.030650487
11251_non-targeting_non-targeting_non-targeting,0.004646153,-0.017074743,-0.011968481
9308_TRMT1_P1P2_ENSG00000104907,0.0088265855,-0.017063376,-0.0077621783
6277_PHC2_P1P2_ENSG00000134686,-0.00021864216,-0.017056206,-0.026648317
4370_MFSD4B_P1P2_ENSG00000173214,0.0049659023,-0.017046535,0.0053241164
5001_METTL2A_P1P2_ENSG00000087995,0.006698057,-0.017045788,-0.008607155
6490_PNMA8A_P1P2_ENSG00000182013,0.010945097,-0.017038655,-0.034864698
11213_non-targeting_non-targeting_non-targeting,0.010722999,-0.017029477,0.008349949
9581_UHRF1BP1L_P1P2_ENSG00000111647,0.011713262,-0.016997023,-0.016013596
8919_TIMM21_P1P2_ENSG00000075336,-0.0075952727,-0.016967775,-0.020010095
5512_NCOR1_P1P2_ENSG00000141027,-0.029948022,-0.016950805,-0.02290256
419_APOOL_P1P2_ENSG00000155008,-0.010256399,-0.016948042,-0.002430103
3013_FBXO31_P2_ENSG00000103264,0.019855894,-0.016939478,-0.004528636
2614_EMC4_P1P2_ENSG00000128463,0.022815974,-0.016933702,0.017570712
1678_CLSTN1_P1P2_ENSG00000171603,-0.0049694893,-0.016930386,0.016618287
9558_UBXN6_P2_ENSG00000167671,0.010858879,-0.016897965,0.004206178
10729_ZSCAN5B_ENST00000586855.2_ENSG00000197213,-0.010111761,-0.01688492,-0.031848323
11206_non-targeting_non-targeting_non-targeting,0.0028373927,-0.01687903,0.01380821
1662_CLK4_P1P2_ENSG00000113240,0.0073886327,-0.016871693,0.00029697965
98_ACSF3_P1P2_ENSG00000176715,-0.036333647,-0.016854724,-0.008731878
6466_PLTP_P2_ENSG00000100979,0.014483384,-0.016848275,0.040968683
6987_QRICH1_P1P2_ENSG00000198218,0.017610013,-0.01682091,0.009959935
11114_non-targeting_non-targeting_non-targeting,0.0074255983,-0.016808497,-0.025561893
2931_MINDY2_P1P2_ENSG00000128923,0.004919247,-0.016804464,-0.000735853
10988_non-targeting_non-targeting_non-targeting,0.01378558,-0.016803427,-0.008861358
353_ANP32A_P1P2_ENSG00000140350,0.012726936,-0.01680342,0.024077293
2431_DYNLT3_P1P2_ENSG00000165169,0.013213408,-0.016784614,0.0003163
4449_KMT2B_P1_ENSG00000272333,0.006285989,-0.016778784,-0.0072911233
8734_TBL1XR1_P1P2_ENSG00000177565,-0.041347653,-0.016764892,-0.0070332885
10878_non-targeting_non-targeting_non-targeting,-0.011659887,-0.016764151,-0.016268244
2217_DHX8_P1P2_ENSG00000067596,-0.0079569165,-0.016746882,-0.002795475
3999_HYLS1_P1P2_ENSG00000198331,-0.026268765,-0.016742175,-0.038525146
9531_UBIAD1_P1P2_ENSG00000120942,0.005249759,-0.016725766,0.010326871
9932_YIPF3_P1P2_ENSG00000137207,0.02319472,-0.01671565,0.060976572
2890_MCRIP2_P1P2_ENSG00000172366,0.007583805,-0.016647669,0.0004462528
9732_VKORC1_P1P2_ENSG00000167397,-0.0150515,-0.016635288,0.016675085
3102_FKBP9_P1P2_ENSG00000122642,-0.062115416,-0.016609728,0.0097682625
5609_NEU3_P1P2_ENSG00000162139,0.0071318224,-0.016592719,-0.008038571
2378_DSCC1_P1P2_ENSG00000136982,-0.0074359784,-0.016573494,-0.0078025805
1838_CPQ_P1P2_ENSG00000104324,0.0037403798,-0.016569937,0.0077024284
1276_CCDC34_P1P2_ENSG00000109881,0.012147302,-0.01656357,-0.02215787
8253_SNX2_P1P2_ENSG00000205302,-0.025471125,-0.016560502,-0.0045050513
9783_WAC_P1P2_ENSG00000095787,-0.0042484524,-0.01655656,0.015901651
2098_DDR1_P1_ENSG00000204580,-0.0073439805,-0.016552437,-0.0118270675
9617_URB1_P1P2_ENSG00000142207,0.03871286,-0.016546162,0.028321719
7369_RNF187_P2_ENSG00000168159,0.007941528,-0.016541995,-0.0012647746
3560_GSTM4_P1P2_ENSG00000168765,-0.00042915656,-0.016520988,0.007372729
4330_KDM6A_P1P2_ENSG00000147050,-0.0014778075,-0.016517572,-0.011726485
1412_CDCA2_P1P2_ENSG00000184661,0.0010518514,-0.016516587,-0.015954666
1137_C9orf85_P1P2_ENSG00000155621,-0.000328729,-0.016501864,0.0054674246
641_ATP11C_ENST00000361648.2_ENSG00000101974,0.011966259,-0.016479457,-0.020063609
10661_ZNF827_P1P2_ENSG00000151612,0.010135978,-0.016444698,-0.012746637
5379_MYF5_P1P2_ENSG00000111049,0.02185199,-0.016442021,-0.0018126541
10327_ZNF385D_P1P2_ENSG00000151789,0.016175305,-0.016429791,-0.006067572
733_B4GALNT4_P1P2_ENSG00000182272,-0.00499739,-0.016405435,0.010279321
10984_non-targeting_non-targeting_non-targeting,0.033792768,-0.016373372,0.0010099384
4912_MCUR1_P1P2_ENSG00000050393,-0.0035280825,-0.016363153,0.018558469
4026_IDH3A_P1_ENSG00000166411,-0.036014598,-0.016361203,-0.050430194
4479_KRT8_P2_ENSG00000170421,0.012431602,-0.016353317,-0.013044325
10234_ZNF23_P2_ENSG00000167377,0.0017569959,-0.016352948,-0.0147666335
6211_PEG3_P1P2_ENSG00000198300,0.00013173123,-0.016339855,-0.034671377
10079_ZFP1_P1P2_ENSG00000184517,-0.009197592,-0.016279716,-0.011793296
2393_DTX2_P1P2_ENSG00000091073,-0.0053341347,-0.01623983,0.007070144
9730_VIPAS39_P1P2_ENSG00000151445,0.015839517,-0.016238693,0.004651577
2484_EEF1B2_P1P2_ENSG00000114942,0.01863412,-0.016228907,-0.009692668
1066_C21orf91_P1P2_ENSG00000154642,0.020471526,-0.016225172,0.014460483
11092_non-targeting_non-targeting_non-targeting,-0.022486908,-0.0162245,0.020260235
164_GRK2_P1P2_ENSG00000173020,-0.010855674,-0.016223703,-0.025794208
10498_ZNF608_P2_ENSG00000168916,-0.01770231,-0.016212897,-0.024330037
11262_non-targeting_non-targeting_non-targeting,0.023371885,-0.016209591,-0.0028459195
6599_POU5F1_P2_ENSG00000204531,-0.0072795684,-0.016194252,-0.02190956
1074_C2orf42_ENST00000264434.2_ENSG00000115998,0.0017050803,-0.016171975,-0.00051143207
6355_PIK3CD_P1P2_ENSG00000171608,-0.0062076515,-0.016167743,0.011494293
2159_DEPDC7_P1P2_ENSG00000121690,0.0024401946,-0.016164215,-0.0043475223
5567_NDUFS3_P1P2_ENSG00000213619,-0.024145909,-0.016118793,-0.022384001
1219_CBFA2T3_P2_ENSG00000129993,0.053087335,-0.01609743,0.009817162
5929_OGFOD2_P1P2_ENSG00000111325,0.006919127,-0.016093137,-0.02110463
9490_UBAP2L_P1P2_ENSG00000143569,0.03699059,-0.016078547,0.00030968201
4366_CIP2A_P1P2_ENSG00000163507,0.011069104,-0.016078437,0.02261614
10438_ZNF549_P1P2_ENSG00000121406,0.0282532,-0.016076198,-0.030885097
5958_OR51B5_ENST00000300773.2_ENSG00000167355,0.025513519,-0.016060337,0.00876112
3290_GAS8_P2_ENSG00000141013,0.0052734893,-0.016059317,-0.020380443
11173_non-targeting_non-targeting_non-targeting,-0.027917553,-0.01605745,-0.00562697
10631_ZNF781_P1P2_ENSG00000196381,-0.007441778,-0.016043525,-0.02147197
8627_SYNJ2BP_P1P2_ENSG00000213463,-0.011513986,-0.016042797,-0.022802208
8235_SNTB2_P1P2_ENSG00000168807,0.022878708,-0.016028343,0.012164765
1308_CCDC92_P1P2_ENSG00000119242,-0.004268407,-0.016011523,0.006830947
5240_MRPL9_P1P2_ENSG00000143436,-0.05279822,-0.01600453,-0.020587036
5238_MRPL54_P1P2_ENSG00000183617,-0.036286995,-0.015994355,-0.012655282
2038_DBI_P2_ENSG00000155368,0.015168577,-0.015975917,-0.017506074
6721_PRDM12_P1P2_ENSG00000130711,-0.01722954,-0.015955916,0.02869915
1382_CD99_P1P2_ENSG00000002586,0.02676378,-0.015954772,0.027048657
10943_non-targeting_non-targeting_non-targeting,-0.015973985,-0.015952054,0.0004933176
4686_LSM11_P1P2_ENSG00000155858,-0.069591604,-0.015948787,0.0588821
7815_SETD1B_P1P2_ENSG00000139718,-0.016109094,-0.01592773,-0.031185087
122_ACYP1_P1_ENSG00000119640,-0.018315366,-0.015916914,-0.003973094
4069_IGFBP2_P1P2_ENSG00000115457,-0.005434239,-0.015914312,-0.026733467
11283_non-targeting_non-targeting_non-targeting,0.008453788,-0.015911859,-0.021430742
10215_ZNF222_P1P2_ENSG00000159885,0.02099553,-0.015903214,-0.01925211
4385_KIF20B_P1P2_ENSG00000138182,0.0003497965,-0.015903033,0.0047620083
9134_TNIK_P1P2_ENSG00000154310,0.0038690434,-0.015898557,-0.012964825
9004_TMEM14A_P1P2_ENSG00000096092,-0.007123775,-0.015890062,-0.027238699
8762_TBXAS1_P1P2_ENSG00000059377,0.025696836,-0.01588796,0.010390361
7627_S100P_P1P2_ENSG00000163993,4.2435197e-05,-0.015882751,0.016929664
10517_ZNF629_P1P2_ENSG00000102870,0.006123227,-0.015866635,0.0034772013
7817_SETD3_P1P2_ENSG00000183576,0.008505326,-0.015844118,-0.0012013327
4886_MBTD1_P1P2_ENSG00000011258,0.012550537,-0.01583192,-0.010189494
2745_ESX1_P1P2_ENSG00000123576,-0.0014907253,-0.015823662,-0.006850037
4051_IFT172_P1P2_ENSG00000138002,-0.002341812,-0.015821686,0.012054055
4541_LDB1_P1_ENSG00000198728,-0.029762298,-0.015819617,0.0123496475
961_C11orf96_P1P2_ENSG00000187479,0.00065777596,-0.015818339,-0.007906838
11080_non-targeting_non-targeting_non-targeting,0.0011813269,-0.01580519,-0.028440168
6750_PRKAA1_P1P2_ENSG00000132356,-0.0017224718,-0.015794711,0.006791556
8400_SREBF1_P2_ENSG00000072310,0.011085379,-0.015788877,-0.021624489
4393_KIF3B_P1P2_ENSG00000101350,-0.022257553,-0.015785469,0.03123611
4176_IQSEC2_P1_ENSG00000124313,0.0103657665,-0.015759608,0.0025326626
2659_EPAS1_P1P2_ENSG00000116016,-0.0020953335,-0.015740883,-0.0161599
8082_SLC40A1_P1_ENSG00000138449,0.011711879,-0.015731078,-0.022087773
3513_GPR89A_ENST00000313835.9_ENSG00000117262,0.02170448,-0.015727125,0.0007489192
9868_WNK2_P1P2_ENSG00000165238,0.023974769,-0.015726382,0.016741805
2631_EMX1_P1_ENSG00000135638,0.012324103,-0.015720181,-0.028016252
3271_GALNT2_P1P2_ENSG00000143641,0.0033583478,-0.01570377,0.015582855
10216_ZNF223_P1P2_ENSG00000178386,0.01706495,-0.01569453,-0.017466728
6783_PRODH_P1_ENSG00000100033,-0.00015496757,-0.015648067,-0.008109928
10762_non-targeting_non-targeting_non-targeting,0.011646815,-0.015646767,-0.02602282
5974_OS9_P1P2_ENSG00000135506,0.002543938,-0.01563519,-0.0055856677
5556_NDUFB4_P1P2_ENSG00000065518,-0.07581341,-0.015632072,-0.024665948
1952_CTSS_P1P2_ENSG00000163131,0.033850923,-0.015627405,0.00020736599
3350_GFPT1_P1P2_ENSG00000198380,-0.008437752,-0.015621964,-0.02085013
1508_CEP57_P1P2_ENSG00000166037,-0.022602716,-0.015601158,0.011414673
2617_EMC8_P1P2_ENSG00000131148,5.2811003e-05,-0.015591072,-0.0020245935
1160_CALML4_P1P2_ENSG00000129007,0.01214524,-0.015572295,0.0167863
1075_C2orf42_ENST00000420306.1_ENSG00000115998,0.023659607,-0.015547108,-0.027227474
7978_SLC20A2_P1P2_ENSG00000168575,0.0028941785,-0.0155339,0.0100426385
2609_EMC10_P1P2_ENSG00000161671,0.016028883,-0.015516512,-0.006430456
10396_ZNF491_P1P2_ENSG00000177599,0.030101147,-0.015515703,-0.0068189744
4909_MCPH1_P1P2_ENSG00000147316,0.04545347,-0.015504075,0.027502712
3156_FOXE3_P1P2_ENSG00000186790,0.001054767,-0.015494733,-4.8743143e-05
10259_ZNF280A_P1P2_ENSG00000169548,-0.023335578,-0.015492857,-0.016802697
8445_SS18_P1P2_ENSG00000141380,0.042006176,-0.015488738,-0.020667788
5734_NOL12_P1P2_ENSG00000273899,0.09269424,-0.015486079,0.023980327
1238_CCAR1_P1P2_ENSG00000060339,-0.000739194,-0.015480754,-0.023212934
8495_STAT2_P1P2_ENSG00000170581,0.021151666,-0.015478631,-0.008041665
3431_GNAI3_P1P2_ENSG00000065135,0.0017125095,-0.015468967,0.012334684
4227_ITGB1_P1P2_ENSG00000150093,-0.019950282,-0.015461163,0.01796479
9497_UBE2D2_P1P2_ENSG00000131508,0.0075443233,-0.015461056,-0.011518624
179_AGAP1_P1P2_ENSG00000157985,-0.009018409,-0.01543708,0.00044413487
5539_NDUFA6_P1P2_ENSG00000184983,-0.038219944,-0.015432429,-0.03288819
2655_EOGT_P1P2_ENSG00000163378,0.035281774,-0.015431633,0.026016453
8085_SLC43A1_P1P2_ENSG00000149150,-0.012026693,-0.015424499,0.04918659
1847_CPT1C_P1P2_ENSG00000169169,-0.005229209,-0.01542148,-0.007262665
7880_SH3BP5L_P1P2_ENSG00000175137,-0.005934088,-0.015416994,-0.007863874
5765_NPC2_P1P2_ENSG00000119655,-0.0074589555,-0.015400811,0.03220265
3108_FLII_P1P2_ENSG00000177731,0.014635728,-0.015396928,-0.009687865
4211_ISL2_P1P2_ENSG00000159556,0.008547131,-0.015388937,0.03268626
10242_ZNF257_P1P2_ENSG00000197134,-0.00175867,-0.015367912,0.046494924
1607_CHUK_P1P2_ENSG00000213341,0.030033385,-0.015345746,0.008422988
11105_non-targeting_non-targeting_non-targeting,0.015781077,-0.015330242,0.043885164
7254_RFPL4B_P1P2_ENSG00000251258,-0.013565616,-0.0153298285,-0.011854593
7039_RAB7A_P1P2_ENSG00000075785,-0.011658916,-0.015328845,-0.014055661
7099_RAN_P1P2_ENSG00000132341,-0.019946748,-0.0153284995,-0.0155334445
5678_NIPSNAP1_P1P2_ENSG00000184117,-0.001665356,-0.015310218,-0.023990002
7783_SEPTIN1_P1_ENSG00000180096,0.0043579577,-0.015308558,-0.02541933
10745_ZZEF1_P1P2_ENSG00000074755,-0.00802649,-0.015307339,-0.01262677
1733_COA3_P1P2_ENSG00000183978,-0.00025770324,-0.015306108,0.016065361
5930_OGFOD3_P1P2_ENSG00000181396,0.010081168,-0.01527559,0.023341905
9607_UQCR10_P1P2_ENSG00000184076,-0.0030101868,-0.015272583,-0.004277614
5970_ORC6_P1P2_ENSG00000091651,-0.0229497,-0.015267517,0.0116638485
5482_NBPF15_P1P2_ENSG00000266338,0.011498899,-0.015262273,-0.011514518
5951_OR2A1_ENST00000408951.1_ENSG00000221970,-0.0055797817,-0.015258267,-0.008299457
7514_RPS25_P1P2_ENSG00000118181,0.010782787,-0.015245161,-0.029632725
53_ABI1_P1P2_ENSG00000136754,-0.01256872,-0.015240844,-0.0041513825
8049_SLC35E2B_P1P2_ENSG00000189339,-0.0068713487,-0.015240309,0.016642323
11009_non-targeting_non-targeting_non-targeting,0.002118354,-0.0152291795,-0.017111516
4946_MED23_P1P2_ENSG00000112282,0.09332144,-0.01522432,0.038640246
2892_FAM199X_P1P2_ENSG00000123575,0.02101604,-0.015223851,0.022282911
11019_non-targeting_non-targeting_non-targeting,0.014658565,-0.015218876,-0.015816402
6786_PLPBP_P1P2_ENSG00000147471,0.0058107,-0.01521369,-0.003175079
2042_DBNL_P1P2_ENSG00000136279,0.019912053,-0.015169523,-0.005189859
2824_FAH_P1P2_ENSG00000103876,0.016151834,-0.015168745,-0.00570668
7199_RCC1_P2_ENSG00000180198,-0.026458234,-0.015167452,0.0023628154
10576_ZNF708_P1P2_ENSG00000182141,0.02279148,-0.015138027,0.016011368
2651_ENTPD4_P1P2_ENSG00000197217,0.0013206638,-0.01513773,0.0036493966
7034_RAB5A_P1P2_ENSG00000144566,0.00349847,-0.015125664,-0.0060700835
3051_FDX2_P1P2_ENSG00000267673,-0.022267979,-0.015114816,-0.0012252984
1809_COX16_P1P2_ENSG00000133983,0.013951752,-0.0151073905,0.019342195
5383_MYL12A_P1_ENSG00000101608,0.00022722827,-0.015090453,-0.005588017
1503_CEP290_P1P2_ENSG00000198707,-0.003932325,-0.015086407,-0.004276763
649_ATP2B1_P1P2_ENSG00000070961,0.012443938,-0.015045285,0.043468248
5376_MYD88_P1_ENSG00000172936,2.4026558e-05,-0.015035783,0.022800745
2280_DNAJB14_P1P2_ENSG00000164031,0.0043694135,-0.01503454,0.0030730744
11250_non-targeting_non-targeting_non-targeting,0.026615147,-0.015030819,-0.008356323
6431_PLEC_P2_ENSG00000178209,0.040487796,-0.015018688,0.01199125
3828_HMGB1_P2_ENSG00000189403,-0.0054201097,-0.015012868,-0.007675499
8406_SRF_P1P2_ENSG00000112658,0.01942957,-0.015009373,-0.042493444
9803_WDR11_P1P2_ENSG00000120008,-0.013157271,-0.014983537,-0.016646538
5_AAGAB_P1P2_ENSG00000103591,-0.019025419,-0.0149790095,-0.009688767
5260_MRPS30_P1P2_ENSG00000112996,-0.08878726,-0.014976833,-0.037656546
2873_FAM171A1_P1P2_ENSG00000148468,-0.0035527134,-0.014968071,-0.00024473606
795_BCL11A_P1P2_ENSG00000119866,2.0928404e-05,-0.014941547,-0.023242004
6901_PTCD2_P1P2_ENSG00000049883,-0.0046324297,-0.014937799,0.0010416622
10620_ZNF771_P1P2_ENSG00000179965,0.018844888,-0.014918317,-0.011286078
595_ASXL1_P1P2_ENSG00000171456,-0.0061076703,-0.0149156945,0.019429414
10747_non-targeting_non-targeting_non-targeting,-0.002072142,-0.014909851,-0.0036534523
9527_UBE3D_P1P2_ENSG00000118420,-0.012862872,-0.014884597,0.022752345
5592_NEK1_P1P2_ENSG00000137601,-0.018502137,-0.014878998,0.016234944
9418_TUBB4B_P2_ENSG00000188229,0.020086288,-0.01487666,0.010414962
3061_FERMT3_P1_ENSG00000149781,-0.0006440653,-0.0148724,0.006885072
9893_XPC_P2_ENSG00000154767,-0.007518676,-0.014849144,0.004237382
8344_SPECC1_ENST00000261503.5_ENSG00000128487,0.013864347,-0.014840812,-0.027449267
2511_EGR1_P2_ENSG00000120738,-0.018046927,-0.014832317,-0.014148694
1627_CKAP2_P1P2_ENSG00000136108,0.028834302,-0.014830226,0.007164942
8748_TBX18_P1_ENSG00000112837,0.01377317,-0.014827821,-0.009559912
5536_NDUFA3_P1P2_ENSG00000170906,-0.050462574,-0.014801585,-0.02527466
4255_JMJD6_P1P2_ENSG00000070495,0.0012969115,-0.014796967,0.0065784757
10105_ZFX_P1P2_ENSG00000005889,0.0013645948,-0.014792026,0.01791575
1293_CCDC74A_P1P2_ENSG00000163040,0.008502298,-0.0147754885,0.013089229
6755_PRKAR1A_P1P2_ENSG00000108946,-9.554176e-05,-0.0147648705,0.011313643
8785_TCF7L1_P1P2_ENSG00000152284,0.023501538,-0.014734422,0.011182105
2199_DHRS7B_P1P2_ENSG00000109016,0.01593648,-0.01472631,-0.015352395
5551_NDUFB10_P1P2_ENSG00000140990,-0.03466242,-0.014723912,-0.026676381
2847_FAM126A_P1P2_ENSG00000122591,0.0076221353,-0.014721985,-0.012499026
6992_QTRT1_P1P2_ENSG00000213339,-0.038942654,-0.014713393,-0.009697416
250_ALAS1_P1P2_ENSG00000023330,0.0019156431,-0.014680992,-0.029761286
7743_SEC23IP_P1P2_ENSG00000107651,-0.0100022415,-0.014659237,0.0060503166
5061_MICU1_P1P2_ENSG00000107745,0.016843997,-0.014646919,0.0014447401
7673_SC5D_P1P2_ENSG00000109929,0.0007265305,-0.014628992,-0.014172356
2258_DMRT3_P1P2_ENSG00000064218,0.04520435,-0.014611926,-0.010127886
5049_MIA3_P1_ENSG00000154305,-0.022639498,-0.01460495,-0.007801647
7171_RBM34_P1P2_ENSG00000188739,-0.0036141155,-0.014598137,0.0033518004
5320_MTHFD2_P2_ENSG00000065911,-0.00072617526,-0.01456028,0.031431
6753_PRKACA_P1P2_ENSG00000072062,0.017501222,-0.014545423,-0.023738896
6954_PUS10_P1P2_ENSG00000162927,-0.011801581,-0.014537817,0.0076402533
5373_MYCN_P2_ENSG00000134323,0.002669234,-0.014528997,0.018161448
325_ANKRD11_P1P2_ENSG00000167522,-0.07374916,-0.014522453,-0.0029090175
5472_NAA80_P1P2_ENSG00000243477,-0.013749756,-0.014504965,-0.0074061314
"6727_PRDM2_ENST00000235372.7,ENST00000311066.5_ENSG00000116731",0.016538424,-0.014503406,0.0040895394
907_BRPF3_P1P2_ENSG00000096070,-0.014976588,-0.014477811,-0.0023673873
11258_non-targeting_non-targeting_non-targeting,-0.0062403074,-0.014474956,-0.0028543836
9969_ZBTB11_P1P2_ENSG00000066422,-0.0016551922,-0.014472419,-0.028738078
4121_ING3_P1P2_ENSG00000071243,-0.052990336,-0.014467594,-0.020734144
539_ARPC4-TTLL3_P2_nan,0.009728785,-0.014465003,-0.029711938
2757_ETNK2_P1P2_ENSG00000143845,-0.005937652,-0.014456663,-0.003412299
8901_THYN1_P1P2_ENSG00000151500,-0.01575072,-0.01445538,-0.008678581
4521_LARS2_P1P2_ENSG00000011376,-0.018686462,-0.01445416,-0.023714608
6810_PRR12_P1P2_ENSG00000126464,0.029041441,-0.014447137,-0.014059399
7818_SETD4_P1P2_ENSG00000185917,0.0051904214,-0.014445346,0.020588564
1869_CRELD1_P1P2_ENSG00000163703,0.008390919,-0.01442586,-0.009251477
5221_MRPL39_P1P2_ENSG00000154719,-0.11118717,-0.0144241275,-0.017509427
3402_GLRX2_P1P2_ENSG00000023572,0.008975523,-0.014411963,0.022826679
4735_LZIC_P1P2_ENSG00000162441,0.018155528,-0.014406049,-0.044086114
"2742_ESRRG_ENST00000361395.2,ENST00000366938.2,ENST00000487276.1_ENSG00000196482",-0.014244911,-0.014402193,0.018573167
148_ADCY7_P1P2_ENSG00000121281,-0.024588427,-0.014395696,-0.0077863527
521_ARMC1_P1P2_ENSG00000104442,0.007479002,-0.014392247,0.007966753
6065_PAQR3_P1P2_ENSG00000163291,-0.0036910654,-0.01438071,-0.010673645
2612_EMC3_P1_ENSG00000125037,0.012103701,-0.014378779,0.006200453
6112_PCBP2_P2_ENSG00000197111,-0.011006073,-0.01437746,0.0055925483
8639_TAB1_ENST00000216160.6_ENSG00000100324,0.0086685475,-0.0143717015,0.011520609
7641_SALL4_P1P2_ENSG00000101115,0.0077743833,-0.014354796,-0.02638014
11039_non-targeting_non-targeting_non-targeting,0.0016535093,-0.014339304,-0.01096205
433_ARAP1_P1_ENSG00000186635,0.026682766,-0.014332022,0.02858618
11284_non-targeting_non-targeting_non-targeting,0.0072960183,-0.014323132,-0.04655203
3316_GCDH_P1P2_ENSG00000105607,-0.00027310653,-0.014314362,0.036299527
9092_TMEM65_P1P2_ENSG00000164983,0.011867014,-0.014310255,-0.032293327
21_ABCB6_P1P2_ENSG00000115657,0.021088226,-0.014303597,0.0053177294
9895_XPNPEP3_P1P2_ENSG00000196236,0.049682666,-0.014302772,2.9704153e-05
5637_NFIC_P1_ENSG00000141905,0.009353962,-0.01429044,-0.009674818
6646_PPME1_P1P2_ENSG00000214517,0.016595758,-0.014276403,0.0021133928
7852_SGK1_P2_ENSG00000118515,0.035544682,-0.014265213,-0.041469064
9754_VPS37B_P1P2_ENSG00000139722,0.017696947,-0.014261691,-0.00992498
6816_PRR5_P1P2_ENSG00000186654,0.008537211,-0.014256236,0.015085592
7610_RWDD2B_P1P2_ENSG00000156253,0.011747307,-0.014243968,-0.015218071
4669_LRRC57_P1P2_ENSG00000180979,-0.012285125,-0.014234402,-0.0016370016
6302_PHLDB1_P1_ENSG00000019144,0.0032828604,-0.014229232,-0.0214894
11125_non-targeting_non-targeting_non-targeting,-0.034784198,-0.014226862,-0.050689187
448_ARFGEF1_P1P2_ENSG00000066777,0.025000121,-0.014181283,0.00529809
6312_PHYHD1_P1P2_ENSG00000175287,-0.013892259,-0.014176604,0.002964066
481_ARHGEF2_P1P2_ENSG00000116584,0.0062784655,-0.014176497,0.014593114
9696_VAMP4_P1P2_ENSG00000117533,0.00845863,-0.014159485,0.0066518853
766_BATF2_P1P2_ENSG00000168062,-0.008097898,-0.014110402,-0.026768405
2999_FBXL5_P1_ENSG00000118564,0.000100504745,-0.014088597,0.010638891
11054_non-targeting_non-targeting_non-targeting,-0.007944249,-0.014087869,-0.020595087
981_TEDC1_P1P2_ENSG00000185347,0.021894649,-0.01408406,-0.019198185
6667_PPP1R2_P1P2_ENSG00000184203,-0.0233329,-0.014082071,0.06322727
5946_OPA3_P2_ENSG00000125741,-0.007003438,-0.014036695,0.012001427
5985_OSGEP_P1P2_ENSG00000092094,-0.06259592,-0.0140359765,0.0022835701
6530_POLM_P2_ENSG00000122678,0.005821195,-0.014029634,-0.0127591705
8573_SUCLG2_P1P2_ENSG00000172340,0.010237879,-0.014002619,0.010340471
5433_NAA60_P1P2_ENSG00000122390,-0.006154532,-0.013988116,-0.016812054
10972_non-targeting_non-targeting_non-targeting,0.008816209,-0.013984715,0.0012384509
3893_HOXA4_P1P2_ENSG00000197576,0.009767443,-0.013980719,0.002113152
6210_PEF1_P1P2_ENSG00000162517,-0.011484001,-0.013977126,0.0025824762
5522_NDEL1_P1P2_ENSG00000166579,0.014667721,-0.01397203,-0.004819118
7745_SEC24B_P1P2_ENSG00000138802,0.014641126,-0.013956005,-0.019941408
11014_non-targeting_non-targeting_non-targeting,0.0036025296,-0.013940846,0.011647364
2579_EIF5_P2_ENSG00000100664,-0.030203767,-0.013940322,0.03847652
6988_QRSL1_P1P2_ENSG00000130348,-0.03448605,-0.013922939,-0.019557552
5924_ODF2L_P1P2_ENSG00000122417,0.00016267387,-0.013919974,0.0073959855
7333_RNASET2_P1P2_ENSG00000026297,0.01962642,-0.01391607,0.032577615
3788_HIST2H2BE_P1P2_ENSG00000184678,0.018084928,-0.013907345,-0.0137341125
10847_non-targeting_non-targeting_non-targeting,-0.003974672,-0.0138989715,-0.0060620173
781_BBX_P1P2_ENSG00000114439,-0.008012226,-0.01385999,-0.005060216
3053_FDXR_P1P2_ENSG00000161513,0.009701151,-0.013859702,-0.0054382975
5084_MIS18BP1_P1P2_ENSG00000129534,-0.025280917,-0.013857832,-0.005187407
5800_NR4A2_P2_ENSG00000153234,0.014424452,-0.013838055,-0.023223449
5351_PWWP3A_P1P2_ENSG00000160953,0.0006503027,-0.013803633,-0.006096825
8456_SSR3_P1P2_ENSG00000114850,-0.023271915,-0.013792664,-0.010040947
4387_KIF22_P2_ENSG00000079616,0.00866888,-0.013788226,0.008421523
1711_CNN1_P2_ENSG00000130176,0.006238933,-0.013756215,0.010609776
8995_TMEM128_P1P2_ENSG00000132406,0.015752556,-0.013732355,0.004148228
549_ARRDC2_P2_ENSG00000105643,0.004917396,-0.013723725,-0.02059139
4141_INSIG2_P1P2_ENSG00000125629,0.027155101,-0.013723057,0.013525081
6637_PPM1A_P1P2_ENSG00000100614,0.002016252,-0.013716333,-0.0009420996
10225_ZNF232_P1_ENSG00000167840,0.01072687,-0.013714037,-0.01434
5183_MR1_P1P2_ENSG00000153029,0.006830941,-0.013709435,-0.0046316204
7787_SEPTIN5_P1_ENSG00000184702,-0.011491396,-0.013695576,-0.017283175
8795_TCTEX1D2_P1P2_ENSG00000213123,0.013862848,-0.013672024,0.02091613
6356_PIK3CG_P1P2_ENSG00000105851,0.013063282,-0.013650867,-0.022479217
11238_non-targeting_non-targeting_non-targeting,0.0012981853,-0.013642467,-0.01021336
8742_TBR1_P1P2_ENSG00000136535,-0.041971873,-0.013613465,-0.027211884
5544_NDUFAF1_P1P2_ENSG00000137806,0.036437057,-0.013598683,0.0015178631
1304_CCDC88C_P1P2_ENSG00000015133,0.0045405147,-0.013590698,0.017202144
6301_PHLDA2_P1P2_ENSG00000181649,0.00047361676,-0.013575806,0.016357241
1207_CASP8_P2_ENSG00000064012,-0.010996115,-0.013559896,-0.021497002
8641_TAB3_P1P2_ENSG00000157625,0.005173625,-0.01355289,0.017019866
3803_HK1_P2_ENSG00000156515,-0.003942524,-0.013539269,0.016059002
852_BLVRA_P2_ENSG00000106605,-0.0077163996,-0.013505759,0.012869045
3880_HOMER3_P1P2_ENSG00000051128,0.031280845,-0.013501075,-0.024277318
790_BCKDHA_P2_ENSG00000248098,0.00665059,-0.013490956,-0.0079668565
3633_HAT1_P1P2_ENSG00000128708,0.039860312,-0.013486052,0.009580966
5561_NDUFB9_P1P2_ENSG00000147684,-0.03713042,-0.013463166,-0.045889877
9620_URGCP_P2_ENSG00000106608,0.0072155343,-0.013461218,-0.008883237
7395_RNF6_P1P2_ENSG00000127870,0.019290281,-0.013456708,-0.013116716
9097_TMEM80_P1P2_ENSG00000177042,-0.00022988438,-0.013447323,-0.00017446975
4059_IFT81_P1P2_ENSG00000122970,-0.011684328,-0.013447117,-0.024517594
4265_JUND_P1P2_ENSG00000130522,0.02301116,-0.013444414,-0.014389914
4792_MANBA_P1P2_ENSG00000109323,0.015220861,-0.013438056,-0.0004908564
973_C14orf119_P1P2_ENSG00000179933,0.0014341603,-0.013428875,-0.00957908
11148_non-targeting_non-targeting_non-targeting,0.002298715,-0.013424667,-0.035644397
5720_NMT1_P1P2_ENSG00000136448,0.026648695,-0.013415151,0.03296664
5211_MRPL2_P1P2_ENSG00000112651,-0.08680502,-0.013402946,-0.03227868
9413_TUBB2B_P1_ENSG00000137285,-0.00039234676,-0.013396942,-0.019852664
910_BSCL2_P1_ENSG00000168000,0.014838388,-0.013384634,0.006729015
4843_MAPT_P1P2_ENSG00000186868,0.020143196,-0.013377049,-0.014352017
1560_CHD4_P1P2_ENSG00000111642,0.0017412498,-0.013368881,0.015332833
7932_SIX2_P1P2_ENSG00000170577,0.006987436,-0.013360552,-0.0057526142
6459_PLP2_P1P2_ENSG00000102007,-0.00844994,-0.013354789,0.01294503
2381_DSG2_P1P2_ENSG00000046604,-0.004976979,-0.013354498,-0.0076082936
5346_MTRR_P1P2_ENSG00000124275,-0.022285331,-0.013330625,-0.0024427285
3091_FKBP11_P1P2_ENSG00000134285,-0.015253132,-0.013303144,-0.010399568
7740_SEC22C_P1P2_ENSG00000093183,0.018480826,-0.013296689,-0.020807723
305_ANAPC16_P1P2_ENSG00000166295,-0.00019412428,-0.013294604,-0.002157206
3753_HIST1H2AH_P1P2_ENSG00000274997,0.026993139,-0.01329401,0.053555604
1217_CBFA2T2_P1P2_ENSG00000078699,0.004350328,-0.01329307,0.0028422645
613_ATF7IP_P2_ENSG00000171681,0.025507327,-0.013275637,0.013524635
1213_CASZ1_ENST00000377022.3_ENSG00000130940,-0.003357439,-0.013261872,0.0016705429
7138_RBAK_P1_ENSG00000146587,0.004913131,-0.013255673,-0.01435067
10786_non-targeting_non-targeting_non-targeting,-0.0038347815,-0.013251573,-0.0048174695
403_API5_P1P2_ENSG00000166181,0.024831874,-0.013249451,0.0057800026
5665_NHLRC2_P1P2_ENSG00000196865,-0.010926585,-0.013237328,-0.018557109
2322_DOCK11_P1P2_ENSG00000147251,-0.015145461,-0.013232521,0.0039354847
11265_non-targeting_non-targeting_non-targeting,0.0060719578,-0.013222059,-0.0063758334
6881_PSME4_P1P2_ENSG00000068878,0.0126731135,-0.0132014295,-0.015351829
7939_SKA3_P1P2_ENSG00000165480,-0.025714206,-0.013189802,-0.023755224
11190_non-targeting_non-targeting_non-targeting,0.008248923,-0.013183664,-0.012373602
6706_PPT2_P1P2_ENSG00000221988,-0.014200751,-0.013175923,-0.015848514
3580_GTF2IRD2B_P1P2_ENSG00000174428,0.016705351,-0.0131716095,0.006383682
4757_MAF_P1P2_ENSG00000178573,-0.0031058365,-0.01316664,0.012881663
3668_HDAC8_P1P2_ENSG00000147099,0.050288208,-0.013163756,0.0016034201
10714_ZSCAN1_P1P2_ENSG00000152467,-0.004186185,-0.013161291,0.00011324456
782_BCAP29_P1P2_ENSG00000075790,0.006328084,-0.013159813,-0.038421225
1992_CYB5R1_P1P2_ENSG00000159348,0.009381407,-0.013157867,0.017445613
10816_non-targeting_non-targeting_non-targeting,0.012332415,-0.013122845,-0.0121015
11260_non-targeting_non-targeting_non-targeting,0.022655549,-0.013117187,-0.025074493
2666_EPCAM_P1P2_ENSG00000119888,0.010696356,-0.013106757,0.0013870068
2368_DPYSL2_P1P2_ENSG00000092964,-0.0020038844,-0.013104461,-0.022432985
280_ALKBH7_P1P2_ENSG00000125652,0.003850493,-0.013084752,-0.012296541
4212_ISOC1_P1P2_ENSG00000066583,-0.0013114874,-0.013078765,-0.00839541
5186_MRC2_P1P2_ENSG00000011028,0.0056575984,-0.013052736,-0.002971241
3038_FBXW7_ENST00000281708.4_ENSG00000109670,0.010284694,-0.013045401,-0.010657654
6096_PAX9_P2_ENSG00000198807,0.009029605,-0.013026894,0.0068849465
25_ABCB9_P2_ENSG00000150967,0.015181283,-0.013023773,0.0022898281
2667_EPHB4_P1P2_ENSG00000196411,0.000909548,-0.012976817,-0.0022312016
9477_UBA1_P2_ENSG00000130985,0.02640672,-0.012965115,0.018691864
1261_CCDC144NL_P1_ENSG00000205212,-0.0029230942,-0.01296502,-0.016208522
10349_ZNF425_P1P2_ENSG00000204947,0.019260356,-0.012954297,-0.016242439
6833_PSAP_P1P2_ENSG00000197746,0.023061398,-0.012946895,-0.002592781
9420_TUBB_P1_ENSG00000196230,0.004519604,-0.012924014,0.0143529195
7280_RHAG_P1P2_ENSG00000112077,-0.002128613,-0.012906019,-0.0034474232
5210_MRPL28_P1P2_ENSG00000086504,-0.045402933,-0.01289258,-0.031158468
8831_TEX30_P1P2_ENSG00000151287,0.008045859,-0.012888393,-0.011255204
2861_FAM156A_P1P2_ENSG00000268350,0.012585376,-0.012887019,-9.724895e-05
9625_USB1_P1P2_ENSG00000103005,-0.004933155,-0.012883197,-0.019412063
359_ANXA2R_P1P2_ENSG00000177721,0.0019484299,-0.012879669,-0.011774619
9105_TMF1_P1P2_ENSG00000144747,0.014576052,-0.012855818,0.014266948
10770_non-targeting_non-targeting_non-targeting,-0.0020039086,-0.012840527,0.0065850667
8602_SURF1_P1P2_ENSG00000148290,-0.008295091,-0.012827868,-0.0345106
8454_SSR1_P1P2_ENSG00000124783,-0.016542923,-0.012823874,0.0009165693
9019_TMEM173_P1P2_ENSG00000184584,0.0052421903,-0.012785293,-0.0019429949
5132_MOB1A_P1P2_ENSG00000114978,0.026671456,-0.012784451,0.016099185
10125_ZIM2_P1P2_ENSG00000269699,0.014456554,-0.012779774,-0.0030497243
1528_CES2_P2_ENSG00000172831,0.024691824,-0.012776236,0.009099547
4806_MAP3K11_P1_ENSG00000173327,-0.0034891684,-0.012769427,-0.007122801
11236_non-targeting_non-targeting_non-targeting,0.002549252,-0.012767166,-0.032611407
6224_PEX11B_P1P2_ENSG00000131779,-0.009511422,-0.012764271,-0.011535343
9995_ZBTB41_P1P2_ENSG00000177888,-0.018229194,-0.012755738,-0.010481325
401_APH1A_P1P2_ENSG00000117362,0.036430255,-0.012749672,0.025766004
4427_KLHDC2_P1P2_ENSG00000165516,0.00094356004,-0.012745356,0.012365965
315_ANK3_P1P2_ENSG00000151150,0.02354042,-0.012733798,0.005020828
2591_ELK4_P1P2_ENSG00000158711,0.011078006,-0.012726769,0.006782779
1341_CCPG1_P1P2_ENSG00000260916,0.0064812354,-0.012718782,0.0062882844
8747_TBX18_P2_ENSG00000112837,0.026343867,-0.012714033,-0.0154621145
4036_IER5_P1P2_ENSG00000162783,-0.012326139,-0.012713058,0.006161938
6016_P2RX5_P1P2_ENSG00000083454,0.01673104,-0.012712293,0.01135951
3548_GSDMA_P1P2_ENSG00000167914,0.0066945907,-0.0127104465,0.0062210197
4607_LMAN1_P1P2_ENSG00000074695,0.015342111,-0.012696915,0.004954731
6164_PDE12_P1P2_ENSG00000174840,0.018292563,-0.012690355,-0.016316244
8581_SULT1A3_ENST00000338971.5_ENSG00000261052,0.005698584,-0.012668922,0.010782037
4102_ILK_P1P2_ENSG00000166333,0.0011585824,-0.012656032,-0.026245048
1820_COX7A2L_P1P2_ENSG00000115944,-0.012494458,-0.012635623,-0.024195697
10062_ZEB2_P1_ENSG00000169554,-0.009526293,-0.012633224,0.02205466
5425_NAA16_P1P2_ENSG00000172766,0.011937515,-0.01262026,-0.01128787
3438_GNB4_P1P2_ENSG00000114450,0.009407439,-0.012609226,0.020577928
3330_GDI1_P1P2_ENSG00000203879,-0.015265959,-0.012598505,-0.013641433
6949_PUM2_P1P2_ENSG00000055917,-0.019286094,-0.012585346,-0.0020653761
7640_SALL3_P1P2_ENSG00000256463,0.0015451639,-0.0125842625,-0.0036087588
11094_non-targeting_non-targeting_non-targeting,-0.019306144,-0.012576431,-0.0104127545
10601_ZNF737_P1P2_ENSG00000237440,0.041876726,-0.012569273,-0.037609342
9128_TNFRSF1A_P1P2_ENSG00000067182,0.014720924,-0.012560619,-0.030661523
3227_FUT1_P1P2_ENSG00000174951,0.007541691,-0.012560575,-0.011122291
9913_XXYLT1_P1P2_ENSG00000173950,0.0048445063,-0.012556099,0.006021432
10755_non-targeting_non-targeting_non-targeting,0.043055106,-0.012543974,0.0059972354
7991_SLC25A21_P1P2_ENSG00000183032,-0.02093236,-0.012543163,-0.037691142
10107_ZFYVE19_P1P2_ENSG00000166140,-0.02528925,-0.012540461,-0.011537507
10185_ZNF175_P1P2_ENSG00000105497,0.0008714236,-0.012532587,-0.014036237
1608_CHURC1_P1P2_ENSG00000258289,0.016469063,-0.012496771,0.0065380684
5799_NR4A2_P1_ENSG00000153234,-0.04334275,-0.012496726,-0.010236518
3064_FEZ1_P1P2_ENSG00000149557,0.0025305722,-0.012484781,0.010086741
367_AP1B1_P1P2_ENSG00000100280,0.014003345,-0.0124809,0.009589221
10621_ZNF772_P1P2_ENSG00000197128,0.0142352935,-0.012462832,0.0049399235
4098_IL6ST_P1P2_ENSG00000134352,-0.010431218,-0.012459764,0.0065768785
2875_ANTKMT_P1P2_ENSG00000103254,0.013204869,-0.012453624,6.339743e-05
9135_TNIP1_P1_ENSG00000145901,0.020732397,-0.012450944,0.004316692
86_ACO1_P1P2_ENSG00000122729,-0.0048905336,-0.012425842,-0.01253376
4756_MAFK_P1P2_ENSG00000198517,0.02389237,-0.012417243,0.010804522
6407_PLA2G12A_P1P2_ENSG00000123739,-0.012185465,-0.01241698,0.020702424
6711_SLC66A2_P1P2_ENSG00000122490,-0.0037039653,-0.012388751,-0.0044751815
8001_SLC25A36_P1P2_ENSG00000114120,-0.028540853,-0.0123698525,-0.004519592
5918_OAZ2_P1P2_ENSG00000180304,0.01224631,-0.012363441,0.007187021
10941_non-targeting_non-targeting_non-targeting,-0.018308405,-0.012363314,-0.008128936
11022_non-targeting_non-targeting_non-targeting,-0.0050552995,-0.012353513,-0.0158842
3521_GPSM3_P1P2_ENSG00000213654,-0.010342169,-0.01233966,0.013478993
1015_FAM174C_P1P2_ENSG00000228300,-0.0004414053,-0.0123315435,-0.010834041
2479_EDF1_P1P2_ENSG00000107223,0.0027047556,-0.012326997,1.9867719e-05
1056_SHLD1_P1P2_ENSG00000171984,0.013238035,-0.012321449,0.0067313765
10650_ZNF805_P1P2_ENSG00000204524,-0.0049499343,-0.012321418,0.008374899
10013_ZBTB8A_P1P2_ENSG00000160062,0.018302739,-0.01231729,0.008612301
7890_SHC1_P1_ENSG00000160691,-0.034238767,-0.012316658,0.014769294
9666_USP49_P1P2_ENSG00000164663,0.009779374,-0.012310699,0.021195421
8836_TFAP2C_P1P2_ENSG00000087510,-0.00021592923,-0.012305496,-0.002924256
8852_TFG_P1P2_ENSG00000114354,0.01522621,-0.012284929,-0.000100851554
11058_non-targeting_non-targeting_non-targeting,0.009166624,-0.012277429,-0.018849766
10936_non-targeting_non-targeting_non-targeting,0.015537284,-0.012272974,0.011412981
3155_FOXE1_P1P2_ENSG00000178919,0.009496594,-0.012264369,0.0047114217
7768_SEMA4B_P2_ENSG00000185033,-0.03083186,-0.01225966,-0.032964107
2672_EPN1_P1P2_ENSG00000063245,0.022078685,-0.012240657,0.025777942
7123_RASGRP2_P1_ENSG00000068831,0.016160678,-0.012234845,0.0074022193
366_AP1AR_P1P2_ENSG00000138660,-0.019685274,-0.012215642,0.010057527
8467_ST20-MTHFS_P1P2_nan,-0.034548722,-0.012204445,-0.05868717
2636_ENDOG_P1P2_ENSG00000167136,0.010418792,-0.0122005325,0.022528598
10820_non-targeting_non-targeting_non-targeting,0.0076065175,-0.01219977,-0.014819733
11208_non-targeting_non-targeting_non-targeting,0.00737748,-0.012184911,0.014978261
10626_ZNF777_P1P2_ENSG00000196453,0.0046797646,-0.012176423,0.0006176992
10748_non-targeting_non-targeting_non-targeting,0.009018248,-0.012169354,-0.016124219
10158_ZNF114_P1P2_ENSG00000178150,0.008900307,-0.012163209,0.010352003
7912_SIKE1_P1P2_ENSG00000052723,0.009258886,-0.012161591,-0.014075678
257_ALDH2_P1P2_ENSG00000111275,-0.0012914757,-0.012157241,-0.01041494
1605_CHTF8_P1P2_ENSG00000168802,0.01937977,-0.012132215,-0.04574309
10535_ZNF665_P1P2_ENSG00000197497,0.014016851,-0.012119116,0.009408692
1490_CENPQ_P1P2_ENSG00000031691,0.029307643,-0.012100273,-0.016195618
10892_non-targeting_non-targeting_non-targeting,0.024574172,-0.012087804,-0.019724755
784_BCAR1_P2_ENSG00000050820,-0.0018008885,-0.012084533,-0.033019464
11221_non-targeting_non-targeting_non-targeting,-0.007898286,-0.012068388,-0.0010368451
9968_ZBTB10_P1P2_ENSG00000205189,0.0025785235,-0.0120647,-0.036830653
3048_FDFT1_P1_ENSG00000079459,0.0018629264,-0.0120638395,0.031211857
10354_ZNF431_P1P2_ENSG00000196705,0.017113682,-0.012052443,0.002400072
3702_HES5_P1P2_ENSG00000197921,0.0056050597,-0.012052049,0.0042357384
5925_ODF2_P1P2_ENSG00000136811,-0.0024374693,-0.012041721,0.004894509
2026_DAPK1_P1P2_ENSG00000196730,-2.8156388e-05,-0.012040687,0.013024357
4601_LITAF_P1P2_ENSG00000189067,0.00305833,-0.012032725,-0.010645315
5966_ORC2_P1P2_ENSG00000115942,0.011243716,-0.012032466,0.043741267
467_ARHGAP35_ENST00000404338.3_ENSG00000160007,0.011364574,-0.012031669,0.0026938359
7682_SCAMP3_P1P2_ENSG00000116521,0.004639123,-0.012028049,-0.01094921
8023_SLC29A2_P1P2_ENSG00000174669,0.021302326,-0.012010491,-0.014068215
4377_KIF15_P1P2_ENSG00000163808,0.030551266,-0.012009958,-0.007852642
5063_MID1IP1_P1P2_ENSG00000165175,0.016350722,-0.012005372,-0.0073632016
7957_SLC12A4_P1_ENSG00000124067,0.016869178,-0.011967528,-0.046591412
6585_POU2F1_P2_ENSG00000143190,0.028491268,-0.01196383,0.0049878275
4441_KLHL24_P1P2_ENSG00000114796,0.005033459,-0.011952088,-0.00717249
1143_CAB39L_P1_ENSG00000102547,-0.00512812,-0.011943033,0.0064663664
5366_MYBL1_P1P2_ENSG00000185697,0.01600707,-0.011940576,0.02004366
303_ANAPC13_P1P2_ENSG00000129055,0.0013861413,-0.011934192,-0.0048730266
7734_SEC13_P1P2_ENSG00000157020,-0.15459271,-0.011929691,-0.021894313
"8252_SNX29_ENST00000306030.3,ENST00000323433.4_ENSG00000048471",0.006262683,-0.011928903,0.03096119
5092_MRTFA_P1P2_ENSG00000196588,0.0071834163,-0.011915212,0.005819132
7931_SIX1_P1P2_ENSG00000126778,0.01404082,-0.011906461,0.01521385
1857_CREB1_P1P2_ENSG00000118260,0.0144583015,-0.011906034,0.018864399
3379_GJC1_P1P2_ENSG00000182963,0.012435586,-0.011893851,0.0057548005
9122_TNFAIP8L1_P1P2_ENSG00000185361,0.018679908,-0.011882293,0.017888863
4179_IRAK1_P1_ENSG00000184216,0.004971389,-0.011872413,-0.0012019166
10700_ZNHIT2_P1P2_ENSG00000174276,-0.004811574,-0.011867041,-0.0018504296
11143_non-targeting_non-targeting_non-targeting,0.024488932,-0.011859618,0.004812801
6879_PSME2_P1P2_ENSG00000100911,0.013230222,-0.011855005,-0.024438463
11293_non-targeting_non-targeting_non-targeting,-0.018397553,-0.011854782,-0.0018247125
10843_non-targeting_non-targeting_non-targeting,0.009072616,-0.011842346,-0.021030162
333_ANKRD26_P1P2_ENSG00000107890,-0.0029839124,-0.011836796,-0.0023504593
1814_COX4I1_P1P2_ENSG00000131143,-0.011708133,-0.0118331835,-0.0036154871
11246_non-targeting_non-targeting_non-targeting,0.011079635,-0.011824083,-0.005713551
3295_GATA4_P1P2_ENSG00000136574,0.01376695,-0.011817974,0.011589755
1384_CDADC1_P1P2_ENSG00000102543,0.013654712,-0.01181503,-0.010557977
8942_TKT_P1_ENSG00000163931,-0.021497447,-0.01180148,-0.021798234
2874_FAM171A2_P1P2_ENSG00000161682,0.009282275,-0.011791021,-0.0037721137
6582_POTEI_ENST00000451531.2_ENSG00000196834,-0.026656754,-0.011788341,0.0020487914
4584_LIME1_P1_ENSG00000203896,4.3631473e-05,-0.011780169,0.002113217
6812_PRR14L_P1P2_ENSG00000183530,0.019627662,-0.011765553,-0.0080996165
46_ABHD17A_P1P2_ENSG00000129968,0.003651475,-0.011757942,0.011715072
2628_EMP2_P1P2_ENSG00000213853,0.005480065,-0.011756333,0.00037848577
9144_TNNI3_P1P2_ENSG00000129991,0.0017051246,-0.011752975,-0.0011619064
729_B3GNT5_P1P2_ENSG00000176597,-0.032399546,-0.011750338,0.01413309
5309_MTFMT_P1P2_ENSG00000103707,0.029071178,-0.011745656,0.0038206617
9988_ZBTB34_P1P2_ENSG00000177125,-0.00187001,-0.011745155,0.010226517
4516_LARP1B_P1P2_ENSG00000138709,-0.0026186288,-0.011743639,-0.013858143
2044_DBR1_P1P2_ENSG00000138231,-0.058915544,-0.011728126,-0.0031336923
5099_MKRN2_P1P2_ENSG00000075975,-0.013924481,-0.011722318,0.020217586
7330_RNASEH2B_P1P2_ENSG00000136104,0.052019585,-0.0117213745,0.007715034
10653_ZNF80_ENST00000482457.2_ENSG00000174255,0.025961699,-0.011718248,-0.010138716
1178_CAPN10_P1P2_ENSG00000142330,-0.00940531,-0.011708773,0.0009299864
9567_UCP2_P1P2_ENSG00000175567,0.017948309,-0.01168839,0.0018107969
5804_NR5A2_P2_ENSG00000116833,0.0039548236,-0.011684754,-0.0018481195
7567_RRP8_P1P2_ENSG00000132275,0.019824881,-0.011679864,-0.0037193769
1883_CRY1_P1P2_ENSG00000008405,0.01734226,-0.011677762,-0.0027530596
6586_POU2F1_P1_ENSG00000143190,0.02611977,-0.011674043,-0.0062050996
7390_RNF40_P1P2_ENSG00000103549,-0.026643017,-0.011672722,-0.014301022
3314_GCC1_P1P2_ENSG00000179562,0.03129361,-0.0116590485,0.03237958
11214_non-targeting_non-targeting_non-targeting,0.011347536,-0.011656268,0.029241553
2221_DIAPH3_P1P2_ENSG00000139734,0.008147042,-0.011646016,0.03476898
5327_MTIF3_P1P2_ENSG00000122033,0.030440189,-0.011625888,-0.002829702
8632_SYP_P1P2_ENSG00000102003,0.007644726,-0.011619852,0.004499218
10087_ZFP3_P1P2_ENSG00000180787,0.0013350116,-0.011607007,-0.013402985
11301_non-targeting_non-targeting_non-targeting,-0.030191224,-0.011605312,0.025061863
5956_OR4N2_ENST00000315947.1_ENSG00000176294,0.0006580014,-0.011593659,-0.0187267
10446_ZNF558_P1P2_ENSG00000167785,-6.872839e-05,-0.011593234,-0.016343147
6364_PIM2_P1P2_ENSG00000102096,-0.005879842,-0.011592969,-0.021085138
10408_ZNF511_P1P2_ENSG00000198546,0.065753564,-0.011592382,0.016467553
5700_NKX6-2_P1P2_ENSG00000148826,-0.0002454956,-0.011589566,0.020031808
5570_NDUFS5_P2_ENSG00000168653,0.024993485,-0.011583277,-0.009201093
7846_SFT2D3_P1P2_ENSG00000173349,0.002518046,-0.011578326,0.024391089
9193_TP53I3_P1P2_ENSG00000115129,0.021532468,-0.0115574775,0.0014921967
3824_HMG20B_P2_ENSG00000064961,0.006911718,-0.011556707,-0.012760057
4391_KIF2C_P1P2_ENSG00000142945,0.015704025,-0.011551737,0.008780351
6773_PRKX_P1P2_ENSG00000183943,0.005154022,-0.011536534,0.030106375
6450_PLIN2_P2_ENSG00000147872,-0.0076013044,-0.01153583,-0.025709042
10505_ZNF616_P1P2_ENSG00000204611,0.021478131,-0.011522938,0.006405274
4467_KRBA1_P1P2_ENSG00000133619,0.0037660366,-0.011519442,0.010170021
8062_SLC38A10_P1P2_ENSG00000157637,-0.0044254083,-0.011518422,-0.019697083
6233_PEX5_P1P2_ENSG00000139197,-0.019546377,-0.011511287,0.0115920575
310_ANAPC7_P1P2_ENSG00000196510,-0.021109425,-0.011489512,0.011561188
2810_F2RL3_P1P2_ENSG00000127533,-0.0129598575,-0.011484334,0.012095508
7778_SEPHS1_P1P2_ENSG00000086475,-0.031161923,-0.011481191,-0.0054470343
6320_PIAS2_P1_ENSG00000078043,0.025448242,-0.011465629,-0.00087512186
6614_PPCS_P1P2_ENSG00000127125,-0.04651886,-0.011459048,0.024578687
209_AHRR_P1P2_ENSG00000063438,-0.00745566,-0.0114546055,0.014568975
2801_EYA3_P1P2_ENSG00000158161,0.01665674,-0.01144552,0.018263863
455_ARGLU1_P1P2_ENSG00000134884,-0.0051192767,-0.011428454,-0.012513108
908_BRWD1_P1P2_ENSG00000185658,0.010496746,-0.011423644,0.0013257907
4647_LRP10_P1P2_ENSG00000197324,0.011090652,-0.011377005,0.012580808
4583_LIMD2_P1P2_ENSG00000136490,-0.018614724,-0.011373654,0.030956086
4279_KAT7_P1P2_ENSG00000136504,0.0012479976,-0.0113695795,0.012618457
2370_DRAM1_P1P2_ENSG00000136048,0.0005844205,-0.011343525,-0.012592989
3407_GLT8D1_P1P2_ENSG00000016864,0.0024670174,-0.011336274,-0.008824042
9429_TUBGCP6_P1P2_ENSG00000128159,-0.011051308,-0.011331217,0.0017995362
10940_non-targeting_non-targeting_non-targeting,-0.023032257,-0.011330886,-0.0010031591
10210_ZNF215_P1P2_ENSG00000149054,0.0068794186,-0.011327741,-0.0025148464
3952_HSD17B4_P1P2_ENSG00000133835,0.01871782,-0.011325176,0.009306041
1784_COPS7B_P2_ENSG00000144524,0.005556893,-0.0113189835,0.022358306
3297_GATA6_P1P2_ENSG00000141448,-0.03922006,-0.011298858,-0.035994682
5135_MOB3A_P2_ENSG00000172081,0.02045098,-0.011284473,0.035565857
4543_LDHB_P1P2_ENSG00000111716,-0.015205455,-0.01128276,-0.016837299
11056_non-targeting_non-targeting_non-targeting,0.0035965517,-0.011280618,0.017253645
6666_PPP1R26_P1P2_ENSG00000196422,0.005301619,-0.011268798,0.00072833226
7145_RBCK1_P1P2_ENSG00000125826,-0.017627755,-0.011259952,-0.0069184857
1432_CDK2_P1P2_ENSG00000123374,0.0025390293,-0.011257796,0.022325654
1000_C16orf95_P1P2_ENSG00000260456,-0.016185483,-0.011251476,0.010258991
6354_PIK3CB_P1P2_ENSG00000051382,-0.030247323,-0.011250875,0.0044246484
5723_NNMT_P1P2_ENSG00000166741,0.0103259245,-0.011238349,0.007841263
6692_PPP3CA_P1P2_ENSG00000138814,0.01600121,-0.011230759,-0.009739155
10832_non-targeting_non-targeting_non-targeting,0.007884802,-0.011230342,0.040792637
4429_KLHDC3_P2_ENSG00000124702,-0.012578757,-0.011204356,-0.0037214484
9444_TWSG1_P1P2_ENSG00000128791,0.03615888,-0.011203936,0.00336302
10099_ZFP91_P1P2_ENSG00000186660,0.013151666,-0.01120388,0.0051438008
5036_MGAT2_P1P2_ENSG00000168282,0.024481341,-0.01118193,0.03958297
5998_OTUD6B_P1P2_ENSG00000155100,-4.1019124e-05,-0.011180252,0.0014572884
3039_FBXW7_ENST00000603548.1_ENSG00000109670,0.034533672,-0.011177259,0.0065239365
5498_NCKAP1L_P1P2_ENSG00000123338,0.008619509,-0.011163237,-0.0061358404
9865_WIPI2_P1P2_ENSG00000157954,-0.0050074575,-0.011162152,0.0039814655
7680_SCAMP2_P1_ENSG00000140497,-0.0023683351,-0.011154804,-0.004138994
68_ACAD9_P1P2_ENSG00000177646,0.026016261,-0.011151733,0.0011925444
9494_UBE2A_P1P2_ENSG00000077721,0.018102737,-0.011146138,-0.007875263
10833_non-targeting_non-targeting_non-targeting,0.018592974,-0.011145721,0.01629554
6391_PKIB_P2_ENSG00000135549,0.00421164,-0.0111421645,-0.022051895
4167_IPPK_P1P2_ENSG00000127080,-0.0031393208,-0.011141511,-0.018907104
1158_CALM2_P1P2_ENSG00000143933,0.018388517,-0.011139124,-0.0010916096
2921_FAM3C_P1P2_ENSG00000196937,-0.013087902,-0.01113275,-0.0023647223
5597_NEK9_P1P2_ENSG00000119638,0.019720754,-0.011118498,-0.0104420325
8130_SMAD2_P1P2_ENSG00000175387,0.0075087575,-0.0111180665,-0.018317435
2441_E2F4_P1P2_ENSG00000205250,0.003522208,-0.011113071,0.014789869
9051_TMEM234_P1P2_ENSG00000160055,0.005859396,-0.011107187,0.0029651301
9953_YWHAG_P1P2_ENSG00000170027,-0.015396171,-0.011102043,0.0050899135
8701_TAX1BP1_P1P2_ENSG00000106052,0.0101480195,-0.011090845,0.000120854005
11244_non-targeting_non-targeting_non-targeting,-0.015386315,-0.011087563,-0.012156141
4987_METRN_P1P2_ENSG00000103260,0.009755431,-0.011080866,-0.01041011
7906_SIAH2_P1P2_ENSG00000181788,0.0057250224,-0.011053405,1.19868355e-05
11071_non-targeting_non-targeting_non-targeting,-0.0029399064,-0.011047459,0.007860406
6936_PTPRG_P1P2_ENSG00000144724,0.0065658195,-0.011040389,-0.011171536
6766_PRKD2_P1_ENSG00000105287,-0.018948812,-0.011039717,0.0008046602
3696_HERPUD2_P1P2_ENSG00000122557,0.0001624231,-0.01103281,-0.007249511
726_B3GALT6_P1P2_ENSG00000176022,0.0024377839,-0.01103151,0.010553515
10672_ZNF843_P1P2_ENSG00000176723,0.0025109435,-0.0110231405,-0.012001807
3058_FERD3L_P1P2_ENSG00000146618,0.016875071,-0.011020946,-0.0031090672
8311_SP6_P1P2_ENSG00000189120,0.019569814,-0.011015461,0.008925897
8449_SSBP4_P1P2_ENSG00000130511,0.017766913,-0.011006993,0.014945943
3041_FCER1G_P1P2_ENSG00000158869,0.022902194,-0.0109985415,-0.033532105
6368_PINK1_P1P2_ENSG00000158828,0.0006584081,-0.010993657,0.007955139
1224_CBR1_P1P2_ENSG00000159228,0.001737508,-0.010940749,-0.0027118188
11075_non-targeting_non-targeting_non-targeting,-0.012506588,-0.01093704,-0.0026172458
8286_SOX1_P1P2_ENSG00000182968,0.019982733,-0.01090982,-0.006945486
3144_FOXA3_P1P2_ENSG00000170608,-0.01799764,-0.010906258,0.008042375
6564_POLR3K_P1P2_ENSG00000161980,0.024130952,-0.010896058,0.025298644
11237_non-targeting_non-targeting_non-targeting,0.018957268,-0.01089504,-0.0033275634
9357_TSPAN4_P2_ENSG00000214063,0.00029176284,-0.01088656,-0.0013190258
1732_COA1_P1P2_ENSG00000106603,-0.013709273,-0.010882871,-0.010116166
5003_METTL2B_P1_ENSG00000165055,0.014158559,-0.010878577,0.01691307
8330_SPATS2_P1P2_ENSG00000123352,-0.0064895162,-0.010873424,-0.013582489
6581_POT1_P1P2_ENSG00000128513,0.014471891,-0.010864304,0.016634341
776_BBIP1_P1P2_ENSG00000214413,-0.0031650055,-0.010862561,-0.019814815
10883_non-targeting_non-targeting_non-targeting,0.054740157,-0.010855617,0.033998217
10781_non-targeting_non-targeting_non-targeting,-0.00036131695,-0.010849806,0.015160325
11207_non-targeting_non-targeting_non-targeting,-0.011575426,-0.010848751,-0.0045568487
779_BBS4_P1P2_ENSG00000140463,0.000677206,-0.01084274,0.0019201612
4804_MAP2K5_P1P2_ENSG00000137764,0.0036408699,-0.010841584,0.018642822
8671_TAF9B_P1P2_ENSG00000187325,-0.00038042554,-0.010841476,-0.028068079
2143_DEF8_P1P2_ENSG00000140995,-0.001956475,-0.010832912,0.016762251
9985_ZBTB2_P1P2_ENSG00000181472,0.032719597,-0.01083109,-0.028044919
8064_SLC38A2_P1P2_ENSG00000134294,-0.028686492,-0.010824276,0.017518405
10049_ZDHHC24_P1P2_ENSG00000174165,0.003235307,-0.010817934,-0.00041789847
11139_non-targeting_non-targeting_non-targeting,-0.007250284,-0.010810966,0.0066513782
6203_PDXP_P1P2_ENSG00000241360,0.005744167,-0.010803441,-0.024617707
10779_non-targeting_non-targeting_non-targeting,0.007825748,-0.010802002,-0.027484778
10346_ZNF420_P1P2_ENSG00000197050,0.010180796,-0.010793923,-0.006233247
72_ACADVL_P1P2_ENSG00000072778,-0.00132532,-0.010792222,0.012467388
3032_FBXO9_P1P2_ENSG00000112146,-0.011016858,-0.010791665,-0.015671391
4807_MAP3K11_P2_ENSG00000173327,-0.008965063,-0.010784543,-0.003402319
9562_UCHL3_P1P2_ENSG00000118939,-0.021335341,-0.01077234,0.042835165
723_B2M_P1_ENSG00000166710,0.0103794,-0.0107672075,-0.03128103
3500_GPI_P1P2_ENSG00000105220,-0.011116605,-0.010763654,-0.0026199024
3010_FBXO27_P1P2_ENSG00000161243,0.0072699543,-0.01076306,-0.0177015
5047_MIA2_P1P2_ENSG00000150527,-0.014299154,-0.010752894,-0.0013768469
3743_HIST1H1B_P1P2_ENSG00000184357,0.0008486134,-0.010751052,0.004802941
10681_ZNF85_P1P2_ENSG00000105750,0.012626493,-0.0107503375,-0.014959389
2430_DYNLT1_P1P2_ENSG00000146425,0.017720219,-0.010742945,0.007154734
8846_TFDP2_P2_ENSG00000114126,-0.007963544,-0.010702897,-0.037870124
10590_ZNF721_P1_ENSG00000182903,0.014464424,-0.01069332,0.022208022
10974_non-targeting_non-targeting_non-targeting,0.001028598,-0.010692796,0.014165314
11118_non-targeting_non-targeting_non-targeting,-0.03155172,-0.010690468,-0.004568247
56_ABL2_P1_ENSG00000143322,-0.011556796,-0.010688482,-0.002748646
6572_POMT2_P1P2_ENSG00000009830,-0.0028096144,-0.0106865745,-0.0043036165
6991_QSOX2_P1P2_ENSG00000165661,-0.012746294,-0.010685817,-0.027123043
10905_non-targeting_non-targeting_non-targeting,0.008691848,-0.0106766205,-0.006483276
8503_STC2_P1P2_ENSG00000113739,0.015369874,-0.010666375,0.003684871
1320_CCND1_P1_ENSG00000110092,-0.0032904027,-0.010648158,0.017364448
9346_TSNARE1_P1P2_ENSG00000171045,0.024469135,-0.010634284,0.007632217
6185_PDLIM1_P1P2_ENSG00000107438,-0.016872332,-0.010625032,-0.010797926
3049_FDFT1_P2_ENSG00000079459,0.019230936,-0.010607758,0.022955634
5987_OSR1_P1P2_ENSG00000143867,0.008859747,-0.010604313,0.05815339
336_ANKRD33B_P1P2_ENSG00000164236,0.011854915,-0.010597481,-0.0033063197
5931_OGFR_P1P2_ENSG00000060491,0.0017777622,-0.010596588,-0.0008126488
6767_PRKD3_P1P2_ENSG00000115825,-0.003111431,-0.010594979,0.003610035
8677_TALDO1_P1P2_ENSG00000177156,0.0115681235,-0.010581877,-0.03566451
1785_COPS7B_P1_ENSG00000144524,0.020150142,-0.010577737,-0.0076753204
10332_ZNF397_P1P2_ENSG00000186812,-0.043259654,-0.01057448,-0.0068542934
9037_TMEM205_P1P2_ENSG00000105518,0.0023087747,-0.010567674,-0.04053778
8306_SP1_P1P2_ENSG00000185591,0.012019573,-0.010560948,0.021170793
384_AP3S2_P1P2_ENSG00000157823,0.008941153,-0.0105567025,0.023262007
5294_MSX1_P1P2_ENSG00000163132,0.028842581,-0.010550722,-0.0026506707
9200_TPGS1_P1P2_ENSG00000141933,9.558322e-05,-0.01055034,0.0093598245
1580_CHMP1B_P1P2_ENSG00000255112,0.021142585,-0.010547251,-0.0027886597
2153_DENND4C_ENST00000602925.1_ENSG00000137145,0.0077884607,-0.0105457725,0.0042253295
2616_EMC7_P1P2_ENSG00000134153,0.009344591,-0.010542459,-0.011615752
9114_TMUB1_P1P2_ENSG00000164897,0.011865789,-0.010539585,-0.026054803
9544_UBR1_P1P2_ENSG00000159459,0.01665256,-0.010539025,-0.0135009
4384_KIF20A_P1P2_ENSG00000112984,-0.078146525,-0.0105321985,-0.021084394
844_BLOC1S1_P1P2_ENSG00000135441,-0.038147427,-0.010526089,-0.02754271
5234_MRPL50_P1P2_ENSG00000136897,-0.049975812,-0.010524787,-0.0064445427
9265_TRIM21_P1P2_ENSG00000132109,-0.0005755513,-0.010524551,0.0128928805
11122_non-targeting_non-targeting_non-targeting,0.0031131993,-0.010502568,-0.015156742
10859_non-targeting_non-targeting_non-targeting,0.024357757,-0.01049696,-0.014767918
1202_CASP2_P1P2_ENSG00000106144,0.013253884,-0.010496941,-1.8434723e-05
331_ANKRD16_P1P2_ENSG00000134461,-0.022802047,-0.010491446,0.015422695
7056_RAC2_P1P2_ENSG00000128340,0.00343253,-0.010479362,-0.013468913
8619_SYK_P1_ENSG00000165025,0.028866692,-0.01047462,0.008088383
7015_RAB22A_P1P2_ENSG00000124209,0.0051135565,-0.010466506,-0.018540317
2343_DPF2_P1_ENSG00000133884,-0.029989684,-0.010459119,0.018687027
971_C12orf73_P2_ENSG00000204954,0.016384777,-0.01045818,0.023471503
3852_HNF4A_P1P2_ENSG00000101076,-0.0015219429,-0.010449315,0.0132412715
9889_XIAP_P1P2_ENSG00000101966,0.0013631791,-0.010446586,0.035916924
10814_non-targeting_non-targeting_non-targeting,0.0039095753,-0.010441031,-0.025777105
8369_SPPL3_P1P2_ENSG00000157837,-0.011134286,-0.010439592,-0.009516367
11316_non-targeting_non-targeting_non-targeting,-0.0178129,-0.01043958,0.015220397
409_NAXE_P1P2_ENSG00000163382,0.018805332,-0.010418903,0.009964387
7895_SHKBP1_P1P2_ENSG00000160410,0.00048524005,-0.010417614,0.014604192
5516_NCS1_P1P2_ENSG00000107130,0.020292783,-0.010404879,0.0014127898
6942_PTRH2_P1P2_ENSG00000141378,-0.022180168,-0.010403023,0.0041851564
3593_GTPBP3_P1P2_ENSG00000130299,0.024883462,-0.01040102,-0.007034628
7334_RND2_P1P2_ENSG00000108830,-0.027546559,-0.010386573,-0.0019209996
5549_NDUFAF6_P1P2_ENSG00000156170,0.009839417,-0.010383543,0.007994135
5187_MRE11_P1P2_ENSG00000020922,-0.01660009,-0.010377059,-0.02368422
8471_ST3GAL4_P1P2_ENSG00000110080,0.0022109102,-0.010375977,-0.0042193937
3844_HMOX2_P2_ENSG00000103415,-0.014093992,-0.010364867,-0.026934557
7572_RSBN1_P1P2_ENSG00000081019,0.02887766,-0.010343159,0.0024732992
6169_PDE6D_P1P2_ENSG00000156973,0.0018144316,-0.010340802,0.008390233
1978_CXCL3_P1P2_ENSG00000163734,0.018793525,-0.010337276,0.017693479
9655_USP39_P2_ENSG00000168883,0.011373522,-0.010334408,-0.00049330347
8255_SNX3_P1P2_ENSG00000112335,0.020136448,-0.010308879,-0.020217897
3884_HOOK2_P2_ENSG00000095066,-0.020416297,-0.010303178,-0.0011541826
10473_ZNF581_P1_ENSG00000171425,0.0022813375,-0.01029476,0.01216788
1676_CLPX_P1P2_ENSG00000166855,-0.021980194,-0.010294183,-0.024781706
2522_EI24_P1P2_ENSG00000149547,0.00044673396,-0.010290869,0.0056548933
6693_PPP3CB_P1P2_ENSG00000107758,-0.079467535,-0.010283115,-0.018555231
7840_SFI1_P1P2_ENSG00000198089,0.015437538,-0.010280851,-0.00228439
1821_COX7A2_P1P2_ENSG00000112695,-0.019085824,-0.010275974,-0.017408699
4477_KRT19_P1P2_ENSG00000171345,0.011762264,-0.010272894,0.001408878
10414_ZNF516_P1P2_ENSG00000101493,-0.028418181,-0.010272436,0.012790356
5515_NCR3LG1_P1P2_ENSG00000188211,0.017610678,-0.010263636,-0.013589895
9728_SELENOS_P1P2_ENSG00000131871,0.0010951355,-0.01025199,0.00049246545
10266_ZNF284_ENST00000421176.3_ENSG00000186026,-0.005504382,-0.010251978,-0.00082225166
4160_IPO11_P1P2_ENSG00000086200,-0.02057068,-0.010248157,-0.044824984
9588_UNC119B_P1P2_ENSG00000175970,0.019171214,-0.010247184,-0.009462336
4122_ING4_P1P2_ENSG00000111653,0.010134535,-0.010241562,-0.0015736998
11052_non-targeting_non-targeting_non-targeting,-0.03855267,-0.010239599,-0.023497624
9882_WWC2_P1P2_ENSG00000151718,-0.006133198,-0.010238503,0.014397006
7707_SCRN2_P1P2_ENSG00000141295,0.010009869,-0.010231203,-0.007105986
11133_non-targeting_non-targeting_non-targeting,-0.0068305037,-0.0102261575,-0.01853999
8607_SUSD3_P1P2_ENSG00000157303,0.014104072,-0.010216043,0.009310829
6242_PFKFB2_P1P2_ENSG00000123836,0.0373589,-0.010213142,-0.026375595
123_ACYP1_P2_ENSG00000119640,-0.009390424,-0.010211536,0.016366353
9025_TMEM184B_P1P2_ENSG00000198792,-0.023247747,-0.010209513,0.006119459
4720_LY6E_P1P2_ENSG00000160932,-0.0077158837,-0.010205567,0.00073963683
2815_FADS1_P1P2_ENSG00000149485,-0.004658513,-0.010196333,-0.028687898
7663_SATB1_P1_ENSG00000182568,0.007647604,-0.010177238,0.0020639698
4839_MAPRE1_P1P2_ENSG00000101367,0.009627542,-0.010157592,0.0045226305
10989_non-targeting_non-targeting_non-targeting,-0.021258937,-0.010156623,-0.009471583
6357_PIK3R1_P1P2_ENSG00000145675,-0.010234248,-0.010155115,-0.017107228
10852_non-targeting_non-targeting_non-targeting,0.015101749,-0.010153561,0.012519602
1257_CCDC137_P1P2_ENSG00000185298,-0.0015660395,-0.010147175,-0.0135344425
9725_VHL_P1P2_ENSG00000134086,0.02139486,-0.010137769,0.01210598
5867_NUDT19_P1P2_ENSG00000213965,0.0014586165,-0.010126779,0.009455021
1853_CRADD_P1P2_ENSG00000169372,0.0005756509,-0.01012263,0.0041620918
6945_PTTG1IP_P1P2_ENSG00000183255,0.010064744,-0.010118002,0.021940084
4590_LIN28A_P1P2_ENSG00000131914,0.006193696,-0.010106405,0.016975645
1366_CD46_P1P2_ENSG00000117335,0.014806525,-0.0101036215,-0.023867253
5094_MKNK1_P1_ENSG00000079277,-0.0043677953,-0.010095462,0.014656919
8948_TLN1_P1P2_ENSG00000137076,0.00080195867,-0.010095262,0.0011568256
6671_PPP1R37_P1P2_ENSG00000104866,-0.10102849,-0.010084129,-0.024327718
10909_non-targeting_non-targeting_non-targeting,-0.029592732,-0.010081216,-0.015960272
4277_KAT6A_P1P2_ENSG00000083168,0.0049964897,-0.010069873,-0.014654103
10987_non-targeting_non-targeting_non-targeting,-0.030702336,-0.010053357,-0.014807533
7380_RNF217_P1P2_ENSG00000146373,0.004366496,-0.010050503,0.02416989
4666_LRRC45_P1P2_ENSG00000169683,0.0031839602,-0.010046768,-0.011563089
10774_non-targeting_non-targeting_non-targeting,0.0039610625,-0.010041152,-0.017496172
2375_DRGX_P1P2_ENSG00000165606,-0.0016309122,-0.010035394,-0.02061843
7807_SERPINH1_P1P2_ENSG00000149257,-0.010042612,-0.010033665,0.006731463
376_AP2M1_P2_ENSG00000161203,-0.003676104,-0.010028905,-0.013794146
9334_TSC22D4_P1P2_ENSG00000166925,0.003524169,-0.010020687,0.0020760682
1501_CEP19_P1P2_ENSG00000174007,0.012581571,-0.010020393,-0.02036982
2594_ELMO2_P1P2_ENSG00000062598,0.022911357,-0.010019078,0.030761773
7329_RNASEH2A_P1P2_ENSG00000104889,0.05032594,-0.010015712,0.0126675945
4923_ME1_P1P2_ENSG00000065833,-0.001796674,-0.010014815,0.03728642
10357_ZNF436_P1_ENSG00000125945,0.013559915,-0.010011618,-0.0109242825
7984_SLC25A14_P1P2_ENSG00000102078,-0.0017790849,-0.010005695,0.0012050703
6297_PHKA2_P1P2_ENSG00000044446,-0.0070116646,-0.01000353,0.015850933
4177_IQSEC2_P2_ENSG00000124313,-0.006921776,-0.00999455,-0.0077632274
4853_MARK3_P2_ENSG00000075413,-0.008547673,-0.009992565,-0.003443184
1509_CEP63_P1P2_ENSG00000182923,-0.008402395,-0.009989883,0.00061715394
9150_TNPO2_P1_ENSG00000105576,0.0025474296,-0.009987875,0.02645675
5629_NFE2L1_P1P2_ENSG00000082641,-0.015513666,-0.0099780075,-0.022832964
6057_PANK4_P1P2_ENSG00000157881,-0.0066607315,-0.009975495,0.013173849
10177_ZNF154_P1P2_ENSG00000179909,-0.016898261,-0.009972423,0.012780605
1968_CUTC_P1P2_ENSG00000119929,0.05920418,-0.009970165,0.005840703
5545_NDUFAF2_P1P2_ENSG00000164182,-0.022079794,-0.0099592265,0.0059343083
2259_DMRTA1_P1P2_ENSG00000176399,-0.009129735,-0.009937402,0.008074758
10911_non-targeting_non-targeting_non-targeting,0.034180716,-0.0099369455,0.016978772
1623_CITED2_P1P2_ENSG00000164442,0.016011275,-0.009932225,0.019770628
1323_CCND3_P1P2_ENSG00000112576,-0.010729465,-0.009925705,-0.012152683
6943_PTRHD1_P1P2_ENSG00000184924,0.015668707,-0.009923154,-0.0025684452
2766_ETV6_P1P2_ENSG00000139083,-0.008698806,-0.00991744,0.0040715607
10147_ZMYM5_P1P2_ENSG00000132950,0.0061067394,-0.00991551,0.00909951
5150_MORC3_P1P2_ENSG00000159256,0.014853199,-0.009905567,-0.0031133054
158_ADNP2_P1P2_ENSG00000101544,-0.039943807,-0.009900852,-0.015021048
2555_EIF3K_P1P2_ENSG00000178982,-0.018639632,-0.009894594,-0.016340092
2325_DOCK7_P1P2_ENSG00000116641,0.018619472,-0.009894546,0.0021222571
6288_PHF23_P1P2_ENSG00000040633,-0.003929106,-0.009882727,0.033334848
8020_SLC27A5_P1P2_ENSG00000083807,-0.002230177,-0.009873887,0.026033912
3165_FOXJ2_P1P2_ENSG00000065970,0.0090116095,-0.009840145,0.021421185
6854_PSMB6_P2_ENSG00000142507,0.011188911,-0.009834154,-0.007918214
7687_SCARB1_P1P2_ENSG00000073060,-0.0031128938,-0.009833688,0.00094312284
1766_COMMD8_P1P2_ENSG00000169019,0.01564865,-0.009828243,0.004104234
6418_PLCB1_P1P2_ENSG00000182621,0.013369279,-0.0098166615,-0.0013541483
6829_PRSS50_P1_nan,0.009622332,-0.0098141255,-0.0008004606
7292_RHOC_P1P2_ENSG00000155366,0.0019708683,-0.009810984,0.0036138357
3638_HAUS5_P1P2_ENSG00000249115,-0.016618004,-0.009809944,-0.022955718
8555_STX3_P1P2_ENSG00000166900,0.010560171,-0.0098080095,0.013354468
845_BLOC1S2_P1P2_ENSG00000196072,0.014419735,-0.009804996,0.007893597
10824_non-targeting_non-targeting_non-targeting,0.0013023587,-0.009797767,-0.009084872
10965_non-targeting_non-targeting_non-targeting,0.021755278,-0.009786572,-0.010841091
7664_SATB1_P2_ENSG00000182568,0.013414654,-0.009782453,-0.00028936318
8174_SMIM14_P1P2_ENSG00000163683,0.004371292,-0.009774548,-0.00631949
10627_ZNF778_P1P2_ENSG00000170100,0.0005983104,-0.00976187,-0.0010969808
5639_NFIL3_P1P2_ENSG00000165030,0.0005013204,-0.0097512435,0.014848817
9795_WBP4_P1P2_ENSG00000120688,0.012512181,-0.0097506875,0.004215779
5955_OR4K1_ENST00000285600.4_ENSG00000155249,0.0065022176,-0.009736004,-0.033182323
3626_HAMP_P1P2_ENSG00000105697,0.0117358565,-0.009733155,-0.016075082
7132_RAX2_P1P2_ENSG00000173976,0.014161841,-0.009715248,-9.6400334e-05
2330_DOK2_P1P2_ENSG00000147443,0.014570482,-0.009713942,-0.019931816
4457_KPNA1_P1_ENSG00000114030,0.0034249844,-0.009705724,-0.000734403
6034_PAFAH1B2_P1P2_ENSG00000168092,-0.01099449,-0.009695742,-0.0034541648
7251_RFFL_P1P2_ENSG00000092871,-0.020054266,-0.009693102,0.016380627
159_ADNP_P1P2_ENSG00000101126,-0.0064439205,-0.009691128,-0.0030080725
3792_HIST2H3D_ENST00000331491.1_ENSG00000183598,-0.0032346793,-0.009690081,0.01786685
2724_ERVW-1_ENST00000603053.1_ENSG00000242950,-0.00597873,-0.009685737,0.009652979
4513_LAPTM4A_P1P2_ENSG00000068697,-0.015344118,-0.009682681,-0.014566972
10853_non-targeting_non-targeting_non-targeting,0.017233944,-0.009671906,-0.0044927164
8930_TIMP1_P2_ENSG00000102265,-0.0053513837,-0.009659759,0.021493487
835_BIN3_P1P2_ENSG00000147439,0.0016528948,-0.009627036,0.008335865
7241_REV3L_P1P2_ENSG00000009413,0.009394612,-0.009616532,-0.006855558
10624_ZNF775_P1P2_ENSG00000196456,0.003731488,-0.009614843,-0.0039622723
1695_CMPK2_P1P2_ENSG00000134326,0.014490597,-0.009609407,-0.008966764
1655_CLIC4_P1P2_ENSG00000169504,0.016487386,-0.009603156,0.0019335714
1312_CCDC9_P1P2_ENSG00000105321,0.007508061,-0.00959118,0.009738189
10606_ZNF74_P1P2_ENSG00000185252,0.0036220911,-0.009589073,0.008870025
1037_C1orf112_P1P2_ENSG00000000460,0.009883404,-0.009573835,-0.001908363
3171_FOXM1_P1P2_ENSG00000111206,0.017194098,-0.009570898,-0.00087347475
3047_FCHSD1_P1P2_ENSG00000197948,0.0031589998,-0.009568742,0.00073672656
5562_NDUFC1_P2_ENSG00000109390,-0.035657648,-0.009565862,0.025110114
10985_non-targeting_non-targeting_non-targeting,0.0036396573,-0.009556967,-0.028960807
5923_ODC1_P1P2_ENSG00000115758,-0.016616335,-0.00955651,0.019472519
4833_MAPK9_P1P2_ENSG00000050748,0.0044514877,-0.009551444,-0.0031843565
1368_CD52_P1P2_ENSG00000169442,-0.0030440774,-0.009542818,-0.023515891
3454_GNS_P1P2_ENSG00000135677,0.011102964,-0.009537673,-0.0098757725
7769_SEMA4C_P2_ENSG00000168758,0.007555339,-0.00951718,0.0024293184
7013_RAB20_P1P2_ENSG00000139832,0.055008695,-0.009507755,-0.011153524
9182_TOR1AIP2_P1P2_ENSG00000169905,-0.010850554,-0.009503656,0.018285304
181_AGA_P1P2_ENSG00000038002,0.025743844,-0.009503466,-0.0072731604
1402_CDC42EP1_P1P2_ENSG00000128283,0.016207816,-0.009502258,0.0047226446
2986_FBF1_P1P2_ENSG00000188878,0.0014583943,-0.009498498,0.008408236
10027_ZC3H7A_P1P2_ENSG00000122299,-0.03604995,-0.009497783,-0.006722992
9329_TRUB1_P1P2_ENSG00000165832,-0.029539164,-0.009497189,0.020577272
2355_DPP3_P1P2_ENSG00000254986,0.007574145,-0.009494643,-0.0014119692
6063_PAPOLG_P1P2_ENSG00000115421,-0.010513888,-0.009493571,0.0063510165
1535_CFH_P1P2_ENSG00000000971,-0.008120829,-0.009491684,-0.01772357
3545_GRWD1_P1P2_ENSG00000105447,0.007092307,-0.009478657,0.007293558
3875_HNRNPR_P1P2_ENSG00000125944,0.012755259,-0.009474307,0.015326906
7136_RB1_P1P2_ENSG00000139687,0.004132063,-0.009469264,0.0030636585
7801_SERP1_P1P2_ENSG00000120742,-0.0069080023,-0.009465089,0.014584432
4197_IRGQ_P1P2_ENSG00000167378,0.0042633307,-0.009458944,-0.009632709
3887_HOXA11_P1P2_ENSG00000005073,0.0011804044,-0.00945126,-0.009285527
3670_HDDC3_P1P2_ENSG00000184508,1.5106644e-05,-0.009448493,0.022584895
5994_OTP_P1P2_ENSG00000171540,-0.007974236,-0.00944848,-0.0033265795
2470_ECSIT_P1P2_ENSG00000130159,-0.028046152,-0.009443599,-0.019504739
6948_PUM1_P1P2_ENSG00000134644,0.050577935,-0.00943772,0.006367459
10061_ZEB2_P2_ENSG00000169554,0.008703521,-0.009412669,-0.02051216
10861_non-targeting_non-targeting_non-targeting,-0.00033646412,-0.00938386,0.01600243
3727_HIF3A_P2_ENSG00000124440,-0.006809852,-0.009382508,0.009540234
778_BBS2_P1P2_ENSG00000125124,0.0061074547,-0.009379579,0.007867168
560_ASAH1_P1P2_ENSG00000104763,0.008387447,-0.009379292,0.011820197
3489_GPATCH2L_P1P2_ENSG00000089916,0.013488488,-0.009377451,0.007147589
9711_VCPIP1_P1P2_ENSG00000175073,-0.011490573,-0.009377033,-0.03463653
6601_POU6F1_P1P2_ENSG00000184271,0.012317579,-0.009363015,0.0075911945
5439_NABP2_P1_ENSG00000139579,0.023256198,-0.009358053,-0.011936411
4278_KAT6B_P1P2_ENSG00000156650,-0.0069010546,-0.009355028,-0.010806858
8640_TAB2_P1P2_ENSG00000055208,0.033024658,-0.009346,0.005926043
5988_OSR2_P1P2_ENSG00000164920,-0.016857594,-0.009341292,-0.0096379565
905_BROX_P1P2_ENSG00000162819,0.027624048,-0.0093357405,-0.011829934
6349_PIGX_P1P2_ENSG00000163964,-0.009038321,-0.009329039,0.009887361
10344_ZNF419_P1P2_ENSG00000105136,0.009942863,-0.009322547,0.0073329853
8614_SYAP1_P1P2_ENSG00000169895,0.012929089,-0.009312191,0.022330415
2913_FAM222B_P1_ENSG00000173065,0.00895363,-0.0093083205,-0.005487032
10734_ZSWIM8_P1P2_ENSG00000214655,-0.0039321524,-0.009306915,0.010605704
4964_MEGF8_P1P2_ENSG00000105429,-0.0052751284,-0.00930418,-0.003975958
6828_PRSS50_P2_nan,-0.004448702,-0.0093020545,0.041308362
544_ARPC5_P1P2_ENSG00000162704,0.010974371,-0.009300659,0.028336292
8545_STT3A_P1P2_ENSG00000134910,0.0048751156,-0.009296883,-0.02921471
4207_ISG15_P1P2_ENSG00000187608,0.038193345,-0.009295115,-0.015748626
1452_CDKN2D_P1P2_ENSG00000129355,-0.003725012,-0.009289598,-0.015819557
2557_EIF3M_P1P2_ENSG00000149100,-0.0757458,-0.009286473,-0.0032612314
533_ARPC1A_P1P2_ENSG00000241685,-0.012991253,-0.009282138,0.0030812018
1757_COMMD1_P1P2_ENSG00000173163,-0.0009588831,-0.009276677,0.005222608
7698_SCMH1_ENST00000402904.2_ENSG00000010803,0.0004905158,-0.009261255,0.008779211
7972_SLC19A1_P1P2_ENSG00000173638,0.008183584,-0.00925593,0.004766196
10376_ZNF460_P1P2_ENSG00000197714,0.039079927,-0.009247881,-0.01259008
351_ANO10_P1P2_ENSG00000160746,0.0002503071,-0.009240832,-0.0022466867
10340_ZNF415_P1P2_ENSG00000170954,-0.021528734,-0.009238126,-0.06417759
1873_CRIPT_P1P2_ENSG00000119878,0.0041374518,-0.009228363,0.005227691
11326_non-targeting_non-targeting_non-targeting,0.000983696,-0.009219136,-4.0051094e-05
5907_NUSAP1_P1P2_ENSG00000137804,0.009485094,-0.0092151575,-0.0004433863
5311_MTFR1L_P1P2_ENSG00000117640,0.0059635355,-0.0092129605,-0.0088746445
5643_NFKB2_P1P2_ENSG00000077150,0.009498473,-0.009196898,-0.020621825
1491_CENPT_P1P2_ENSG00000102901,0.0008408223,-0.00919446,-0.016184408
1548_CHCHD1_P1P2_ENSG00000172586,0.006548323,-0.009192955,0.036905628
9001_TMEM138_P1P2_ENSG00000149483,-0.008790519,-0.009186415,-0.016917946
6926_PTPN18_P1_ENSG00000072135,-0.0046681548,-0.009178689,-0.008628558
1228_CBX1_P1P2_ENSG00000108468,0.009466581,-0.0091685355,0.0002338972
8213_SNF8_P1P2_ENSG00000159210,0.0062646535,-0.009165423,-0.0006890627
10533_ZNF662_P1P2_ENSG00000182983,0.013308751,-0.009164707,0.0027818484
8648_TADA2A_P1P2_ENSG00000276234,0.048488423,-0.009163501,0.0010717005
10371_ZNF449_P1P2_ENSG00000173275,0.00674992,-0.00916006,0.008043118
6121_PCGF2_P2_ENSG00000277258,-0.007018177,-0.009153364,-0.0025280488
2846_FAM124B_P1P2_ENSG00000124019,-0.0014368419,-0.009144007,-0.009334101
2971_FARP2_P1P2_ENSG00000006607,0.020735625,-0.009138642,-0.00052319095
288_AMBRA1_P1P2_ENSG00000110497,0.017056135,-0.0091377,0.01902677
6393_PKLR_P1P2_ENSG00000143627,-0.0021204916,-0.009130988,-0.0008243228
712_AUP1_P1P2_ENSG00000115307,0.015578675,-0.009128776,-0.006030352
6123_PCGF3_P1P2_ENSG00000185619,0.024230644,-0.009123851,0.0027228189
10313_ZNF358_P2_ENSG00000198816,-0.008561003,-0.009100037,0.0024370353
3798_HIVEP2_P1P2_ENSG00000010818,-0.0014553249,-0.009095455,-0.007383469
10658_ZNF81_P1P2_ENSG00000197779,0.028104778,-0.009079326,0.017678509
320_ANKLE2_P1P2_ENSG00000176915,0.0077471565,-0.009078023,-0.008204857
1176_CAPG_P2_ENSG00000042493,0.0013063989,-0.009073538,0.01552463
5177_MPST_P1P2_ENSG00000128309,-0.03637744,-0.009063468,0.024479974
9120_TNFAIP1_P1P2_ENSG00000109079,-0.005634131,-0.009060626,0.016673204
9093_TMEM68_P1P2_ENSG00000167904,0.009029733,-0.009058914,-0.013322423
2422_DYNC1I2_P1P2_ENSG00000077380,-0.011278872,-0.009049803,0.00083796977
3754_HIST1H2AI_ENST00000358739.3_ENSG00000196747,-0.022572381,-0.009047261,0.021117479
9787_WASF2_P1P2_ENSG00000158195,0.009537926,-0.009043152,-4.119721e-05
10966_non-targeting_non-targeting_non-targeting,-0.01209675,-0.009028363,0.003274495
7093_RANBP2_P1P2_ENSG00000153201,-0.014065086,-0.009025499,0.030461693
6162_PDCL_P1P2_ENSG00000136940,-0.019164726,-0.009022746,-0.03875229
6554_POLR2M_P1P2_ENSG00000255529,-0.009968273,-0.008990101,-0.056494974
606_ATF3_P1P2_ENSG00000162772,0.015176561,-0.008976628,-0.028921822
5274_MS4A4A_P1P2_ENSG00000110079,0.00029932734,-0.008957344,-0.004818887
4290_KBTBD6_P1P2_ENSG00000165572,0.0017774187,-0.008956609,0.013708418
1183_CAPNS1_P1P2_ENSG00000126247,-0.016179783,-0.008950635,0.0093729915
10705_ZNRF2_P1P2_ENSG00000180233,-0.016165677,-0.008943653,-0.010254342
4781_MALSU1_P1P2_ENSG00000156928,-0.06683514,-0.008942205,-0.011616077
3137_FOSB_P2_ENSG00000125740,0.0044068247,-0.008939813,-0.007069544
3073_FGFR1_P1P2_ENSG00000077782,-0.015430133,-0.008939066,-0.007098893
441_ARF5_P1_ENSG00000004059,0.005685426,-0.008930403,0.015574331
599_ATAD2_P1P2_ENSG00000156802,0.010700151,-0.008912267,-0.01996172
8410_SRI_P1_ENSG00000075142,0.0038167632,-0.008900894,-0.029186975
2183_DGUOK_P1P2_ENSG00000114956,-0.0194012,-0.008898483,-0.008585879
5216_MRPL34_P1P2_ENSG00000130312,-0.11836184,-0.008896912,-0.031573966
1725_CNPPD1_P2_ENSG00000115649,0.004893453,-0.008896734,-0.013339313
6259_PGLS_P1P2_ENSG00000130313,0.014642751,-0.00888923,-0.0051155463
9706_VAV1_P1P2_ENSG00000141968,0.0016097849,-0.008869622,-0.004094846
1034_C1RL_P1P2_ENSG00000139178,-0.010024258,-0.008849647,-0.005081535
7045_RABEP2_P1P2_ENSG00000177548,0.0077805035,-0.008834921,0.018386597
2179_DGKH_P1_ENSG00000102780,0.003666183,-0.008834599,0.0023641738
8434_SRSF4_P1P2_ENSG00000116350,0.0073237745,-0.00883317,0.0031152077
3023_FBXO44_P1P2_ENSG00000132879,0.016242163,-0.008818452,-0.005827825
4442_KLHL36_P1_ENSG00000135686,-0.0154839605,-0.008817872,-0.014349019
7761_SELENBP1_P1P2_ENSG00000143416,-0.008668242,-0.00880922,-0.01614877
3383_GLA_P1P2_ENSG00000102393,0.016835252,-0.008804982,0.0014227229
11261_non-targeting_non-targeting_non-targeting,-0.01880783,-0.008802344,0.011049311
9185_TOR2A_P1P2_ENSG00000160404,0.0037208935,-0.008799662,0.007931593
6476_PMM1_P1P2_ENSG00000100417,-0.0029501326,-0.008794253,-0.011217939
7731_SEBOX_P1P2_ENSG00000274529,-0.0013666126,-0.0087903915,0.005839475
5560_NDUFB8_P1P2_ENSG00000166136,-0.05185448,-0.008786876,-0.017043905
6506_PODXL2_P1P2_ENSG00000114631,-0.0013083656,-0.008772718,0.036466997
6091_PAX4_ENST00000341640.2_ENSG00000106331,0.011922214,-0.008772063,0.017895442
2017_DAB2_P1P2_ENSG00000153071,0.015867775,-0.00876994,-0.004232257
4815_MAP3K8_P1P2_ENSG00000107968,-0.0013007564,-0.00876863,-0.0029528849
9084_TMEM59_P1P2_ENSG00000116209,0.016155869,-0.008768412,0.0044268505
4948_MED25_P1P2_ENSG00000104973,0.019054424,-0.008765273,0.007025949
3673_HDHD3_P1P2_ENSG00000119431,0.022211574,-0.008761518,-0.019295102
7989_SLC25A1_P1P2_ENSG00000100075,-0.008400415,-0.008742929,-0.019314377
5218_MRPL36_P1P2_ENSG00000171421,-0.11083126,-0.008734801,-0.029646957
6501_PNRC1_P1P2_ENSG00000146278,0.002091298,-0.0087240515,-0.0016966476
4361_KIAA1191_P1P2_ENSG00000122203,0.017491918,-0.008717523,0.0001415347
7667_SAYSD1_P1P2_ENSG00000112167,-0.016023751,-0.008696332,-0.030695431
793_BCKDK_P1P2_ENSG00000103507,0.013213726,-0.008692385,-0.013477648
2570_EIF4G2_P2_ENSG00000110321,-0.0031759008,-0.008686832,0.022499902
5037_MGAT3_P1P2_ENSG00000128268,-0.0066249054,-0.008684039,0.020921757
1447_CDKN1C_P1P2_ENSG00000129757,0.023386532,-0.008681896,0.018395001
6269_PHACTR1_P1_ENSG00000112137,0.005333462,-0.0086812535,0.0064682416
11230_non-targeting_non-targeting_non-targeting,-0.021980578,-0.008680434,0.019563174
235_AKIP1_P1P2_ENSG00000166452,0.0016681394,-0.008679693,0.0023405547
818_BEST1_P1_ENSG00000167995,0.013137204,-0.008672639,0.0023217434
9276_TRIM39_P1P2_ENSG00000204599,0.0013574609,-0.008671754,-0.006857152
8966_TMBIM4_P1P2_ENSG00000155957,0.029285198,-0.008662115,0.0017011369
1358_CD24_P1P2_ENSG00000272398,0.009408539,-0.008661051,0.0016942335
3184_FOXP1_ENST00000475937.1_ENSG00000114861,0.01077737,-0.008659622,-0.018637696
5070_MIER2_P1P2_ENSG00000105556,0.02316517,-0.00865717,0.020817164
3292_GATA2_P2_ENSG00000179348,-0.035229,-0.008653722,-0.05466205
7966_SLC16A1_P2_ENSG00000155380,0.018820122,-0.008652663,0.03561797
102_ACSM3_P1P2_ENSG00000005187,0.0077224514,-0.008645671,0.003659981
10835_non-targeting_non-targeting_non-targeting,0.0038760114,-0.008637244,-0.022337828
7084_RALB_P1P2_ENSG00000144118,-0.08740728,-0.008634729,0.022644341
8197_SMYD5_P1P2_ENSG00000135632,0.014596937,-0.008630219,-0.0026178595
7036_RAB5C_P1_ENSG00000108774,0.013894037,-0.008624854,-0.024452213
4247_JAK1_P1P2_ENSG00000162434,0.006787131,-0.008624022,-0.017949728
5953_OR2T5_ENST00000366473.2_ENSG00000203661,0.015102242,-0.008607154,0.014960002
7898_SHOC2_P1P2_ENSG00000108061,0.01789947,-0.008605768,0.01005765
9301_TRMT10B_P1P2_ENSG00000165275,0.008909659,-0.0085965535,-0.001458853
6052_PAM_ENST00000438793.3_ENSG00000145730,0.0161926,-0.008592929,-0.0049356916
7546_RPUSD4_P1P2_ENSG00000165526,-0.0639703,-0.008583952,-0.030622533
9788_WASL_P1P2_ENSG00000106299,0.002904859,-0.008581786,0.009515016
794_BCL10_P1P2_ENSG00000142867,0.010697919,-0.008573462,0.007627091
8305_SP140_P1P2_ENSG00000079263,-0.0027280103,-0.008573415,0.028288014
7955_SLC11A2_P1_ENSG00000110911,-0.010634329,-0.008571229,0.012907926
10760_non-targeting_non-targeting_non-targeting,0.008156494,-0.008567381,0.0013343663
8707_TBC1D13_P1P2_ENSG00000107021,0.00849951,-0.008561567,0.011334365
3075_FGFR4_P1P2_ENSG00000160867,0.005169687,-0.0085603325,0.008898308
3196_FPGS_P1P2_ENSG00000136877,-0.0186347,-0.008558871,-0.0076362886
8336_SPCS3_P2_ENSG00000129128,-0.020280465,-0.00855692,8.5994354e-05
8938_TJP2_P2_ENSG00000119139,0.020005608,-0.008551816,-0.011223389
6780_PRMT7_P1P2_ENSG00000132600,-0.028815543,-0.008537155,-0.0060019777
3484_GPAA1_P1P2_ENSG00000197858,0.014638145,-0.00853495,0.013038506
11189_non-targeting_non-targeting_non-targeting,0.0143904565,-0.008533612,-0.03306758
6959_PUSL1_P1P2_ENSG00000169972,0.0016329999,-0.008531437,-0.01932757
9005_TMEM14B_P1P2_ENSG00000137210,0.011117785,-0.008526266,0.008136165
390_AP5S1_P1P2_ENSG00000125843,0.024856038,-0.008520454,0.008502324
4618_LMNB2_P1P2_ENSG00000176619,-0.014051955,-0.0085200425,0.009197011
3756_HIST1H2AL_ENST00000357320.2_ENSG00000276903,0.0022604733,-0.00851892,-0.009163692
11083_non-targeting_non-targeting_non-targeting,0.03391748,-0.00851774,-0.012500283
1417_CDCA7_P1P2_ENSG00000144354,0.015336087,-0.008512253,-0.0055494606
4703_LTB4R2_P1P2_ENSG00000213906,0.0012473435,-0.0085093565,-0.01106351
8012_SLC25A51_P1P2_ENSG00000122696,0.017826863,-0.008506277,-0.0014607509
1694_CMPK1_P1P2_ENSG00000162368,-0.009096724,-0.008487747,0.00789324
2499_EFNA3_P2_ENSG00000143590,0.004753375,-0.008482064,0.0044894624
6471_PLXND1_P1P2_ENSG00000004399,-0.009400228,-0.008480155,-0.0036625431
5097_MKNK2_P1_ENSG00000099875,-0.0010997668,-0.008470302,-0.0020602173
501_ARL14EP_P1P2_ENSG00000152219,0.0011701371,-0.008458254,-0.019736554
4511_LANCL2_P1P2_ENSG00000132434,0.020754145,-0.0084540695,0.00040117404
2466_ECHS1_P1P2_ENSG00000127884,0.007783763,-0.008443545,0.0050291913
293_AMH_P1P2_ENSG00000104899,0.004443332,-0.008432933,-0.010914461
4173_IQGAP2_P1P2_ENSG00000145703,0.0038475757,-0.008428463,0.013445367
3750_HIST1H2AD_P1P2_ENSG00000196866,-0.0054972284,-0.008419726,-0.033409033
3294_GATA3_P1P2_ENSG00000107485,0.023826715,-0.008418145,-0.005075253
695_ATP5IF1_P1P2_ENSG00000130770,0.0014693629,-0.008397574,-0.01917597
4023_IDH1_P1P2_ENSG00000138413,0.030126398,-0.008396951,-0.0060584014
7869_SH2D2A_P2_ENSG00000027869,-0.012565646,-0.008395962,0.006868131
11069_non-targeting_non-targeting_non-targeting,-0.0022489617,-0.008394208,-0.021314384
4168_IPP_P1P2_ENSG00000197429,0.0068769394,-0.008382119,-0.008745258
2455_EBF4_P1P2_ENSG00000088881,0.0019159385,-0.00837251,0.003770533
6733_PRDM9_P1P2_ENSG00000164256,0.0064039025,-0.008371261,0.004743409
7170_RBM33_P1P2_ENSG00000184863,0.041137956,-0.00836289,-0.012153777
7044_RABEP1_P1P2_ENSG00000029725,-0.007848563,-0.008361655,0.0035922255
5358_MXD1_P1P2_ENSG00000059728,0.013648457,-0.008361129,-0.018302457
10838_non-targeting_non-targeting_non-targeting,-0.0023271192,-0.008357026,-0.018630926
9963_ZBED3_P1P2_ENSG00000132846,0.019955793,-0.008350527,-0.008087744
9280_TRIM4_P1P2_ENSG00000146833,0.007104817,-0.008340874,0.008580352
543_ARPC5L_P2_ENSG00000136950,-0.001232332,-0.008334246,-0.0068010334
4030_IDS_P1P2_ENSG00000010404,0.0068514217,-0.008333772,0.014096344
3386_GLCCI1_P1P2_ENSG00000106415,0.009064618,-0.008326587,-0.014013493
7204_RCE1_P1P2_ENSG00000173653,0.0050275023,-0.00832406,-0.022543073
8094_SLC4A2_P2_ENSG00000164889,0.014818699,-0.008303378,-0.020396102
5248_MRPS18A_P1P2_ENSG00000096080,-0.110495426,-0.008302764,-0.02304269
6807_PRPSAP2_P1_ENSG00000141127,-0.0077571766,-0.008302195,-0.03602964
9830_WDR59_P1P2_ENSG00000103091,-0.033579692,-0.008298256,-0.013648888
1259_CCDC142_P1P2_ENSG00000135637,0.0014532964,-0.008297721,0.015982782
4884_MBOAT2_P1P2_ENSG00000143797,0.01372449,-0.0082952585,0.0012210008
10934_non-targeting_non-targeting_non-targeting,0.007921218,-0.008290448,0.0026735114
3009_FBXO25_P1P2_ENSG00000147364,0.00804473,-0.008288943,0.018726613
9516_UBE2Q2_P1P2_ENSG00000140367,0.0051624617,-0.008276029,-0.020513773
8590_SUN1_P2_ENSG00000164828,-0.008110836,-0.008270601,-0.0040271087
3018_FBXO3_P1_ENSG00000110429,0.0040351637,-0.008268168,-0.0030326305
10873_non-targeting_non-targeting_non-targeting,-0.0058641145,-0.008254325,0.029458428
9748_VPS29_P1P2_ENSG00000111237,-0.043591056,-0.0082438,0.019669646
7891_SHC1_P2_ENSG00000160691,0.060402516,-0.008234822,-0.004780046
4005_IBA57_P1P2_ENSG00000181873,0.052684247,-0.008227505,0.025229042
10127_ZKSCAN1_P1P2_ENSG00000106261,-0.005254388,-0.008220271,-0.007682086
3283_GAPVD1_P1P2_ENSG00000165219,0.024284938,-0.008216653,-0.008413098
6975_PYDC2_ENST00000518817.1_ENSG00000253548,-0.0025355995,-0.00821298,-0.026187805
9979_ZBTB20_P2_ENSG00000181722,0.0009965504,-0.008212032,-0.0074762832
5521_NDE1_P2_ENSG00000072864,0.00941433,-0.00820773,-0.050449513
5654_NFX1_P1P2_ENSG00000086102,0.006464348,-0.008178261,-7.746866e-06
1179_CAPN15_P1P2_ENSG00000103326,0.019907957,-0.008172387,-0.0005503571
6986_QPRT_P2_ENSG00000103485,-0.004255382,-0.008165246,-0.008516362
10468_ZNF578_P1P2_ENSG00000258405,0.035299055,-0.008163225,0.014781697
10076_ZFHX3_P1P2_ENSG00000140836,0.0021465127,-0.008162401,-0.011080703
9948_YTHDF1_P1P2_ENSG00000149658,-0.015171036,-0.008159144,0.018822562
8257_SNX5_P1P2_ENSG00000089006,0.017489262,-0.00815466,0.02562866
2068_DCLRE1C_P1P2_ENSG00000152457,0.016279578,-0.008147039,0.02291503
10768_non-targeting_non-targeting_non-targeting,-0.0023859497,-0.0081394985,-0.024369301
346_ANKS1A_P1P2_ENSG00000064999,0.017222783,-0.008139436,-0.0066397483
9864_WIPI1_P1P2_ENSG00000070540,0.0075614126,-0.0081393365,-0.0033143193
5032_MFSD8_P1P2_ENSG00000164073,0.004317149,-0.008124286,0.0133586265
3116_FLYWCH2_P1P2_ENSG00000162076,-0.002962697,-0.008120324,-0.00036204563
1712_CNN2_P1P2_ENSG00000064666,0.009794042,-0.008097505,-0.0042388784
2776_EXO1_P1P2_ENSG00000174371,0.014397728,-0.008095286,-0.0018397995
5693_NKX2-4_P1P2_ENSG00000125816,0.002797244,-0.008080961,-0.02571073
7346_RNF130_P1P2_ENSG00000113269,0.00426297,-0.008068457,0.039520994
488_ARID1B_P2_ENSG00000049618,0.0037970897,-0.008065011,-0.00020746366
2853_RETREG2_P1P2_ENSG00000144567,-0.0026777023,-0.008061013,-0.0077146958
2184_DHCR24_P1P2_ENSG00000116133,-0.016167883,-0.008059393,0.014427566
1758_COMMD2_P1P2_ENSG00000114744,0.008624976,-0.008055088,4.011939e-05
3470_GOLPH3_P1P2_ENSG00000113384,-0.033076,-0.00805447,-0.031057067
10530_ZNF655_P1P2_ENSG00000197343,0.011065646,-0.008047322,-0.00026793728
10192_ZNF184_P1P2_ENSG00000096654,0.024859454,-0.008039411,0.015091384
"6790_PROX2_ENST00000445876.1,ENST00000556489.2_ENSG00000119608",-0.0023397924,-0.008037063,-0.016192572
6055_PANK2_P1P2_ENSG00000125779,0.021302192,-0.008031011,0.009421955
3789_HIST2H2BF_P1P2_ENSG00000203814,0.0045537553,-0.008029756,0.016762165
10856_non-targeting_non-targeting_non-targeting,0.033746872,-0.008027706,0.0029434918
1961_CUL2_P1P2_ENSG00000108094,0.025665728,-0.008014022,0.017020104
11295_non-targeting_non-targeting_non-targeting,0.009684077,-0.0080019925,-0.021963801
4259_JOSD2_P1P2_ENSG00000161677,0.008654137,-0.007999258,0.0024723047
7281_RHBDD1_P1P2_ENSG00000144468,0.010675219,-0.007988309,0.010182538
11002_non-targeting_non-targeting_non-targeting,-0.023232602,-0.007986188,0.0063177203
3571_GTF2F1_P1P2_ENSG00000125651,0.03519459,-0.007982719,-0.02604574
11128_non-targeting_non-targeting_non-targeting,0.017663157,-0.007969764,0.012663756
5623_NFATC1_P2_ENSG00000131196,-0.019266682,-0.007956126,0.01675209
658_ATP5PB_P1P2_ENSG00000116459,-0.06897928,-0.007955254,0.030525727
10764_non-targeting_non-targeting_non-targeting,-0.004648588,-0.007951251,-0.041637816
1919_CS_P1P2_ENSG00000062485,0.012819491,-0.007943358,0.014611573
2567_EIF4E_P1P2_ENSG00000151247,-0.16431653,-0.007940183,-0.014297096
6340_PIGO_P1P2_ENSG00000165282,0.02065537,-0.007938427,0.02278065
4974_MEOX1_P1P2_ENSG00000005102,-0.004166861,-0.007934404,0.0011274109
2494_EFCAB2_P1P2_ENSG00000203666,-0.00686197,-0.007933877,0.0052402252
2275_DNAJA1_P2_ENSG00000086061,0.03281209,-0.007932811,0.009001762
9891_XPA_P1P2_ENSG00000136936,0.02075448,-0.007932441,-0.0049398714
9794_WBP2_P1P2_ENSG00000132471,0.027064227,-0.007925643,-0.00787477
6751_PRKAB1_P1P2_ENSG00000111725,0.01054577,-0.007923045,0.023647312
4435_KLHL18_P1P2_ENSG00000114648,0.008457284,-0.007918026,0.021888386
9386_TTC33_P1P2_ENSG00000113638,-0.0041496907,-0.007914236,0.008966258
11212_non-targeting_non-targeting_non-targeting,0.006494356,-0.007903923,-0.011416764
878_BPHL_P1P2_ENSG00000137274,0.030102551,-0.007875731,-0.00030301808
5634_NFE4_P1P2_ENSG00000230257,0.020255148,-0.007852823,-0.016596284
8589_SUMO3_P1P2_ENSG00000184900,0.037729003,-0.007845877,0.0064842035
9717_VDR_P1P2_ENSG00000111424,0.019202342,-0.007845847,-0.01774291
5715_NME7_P1P2_ENSG00000143156,-0.009050309,-0.007842709,0.006443525
11311_non-targeting_non-targeting_non-targeting,-0.005142955,-0.007834463,-0.00849879
4018_ID1_P1P2_ENSG00000125968,-0.017809296,-0.007826564,-0.0011342216
350_ANLN_P1P2_ENSG00000011426,0.009542348,-0.007820956,-0.0017646204
4570_LHX3_P2_ENSG00000107187,0.0022638172,-0.007816864,0.02376591
4483_KSR1_P1P2_ENSG00000141068,0.009551866,-0.007803141,0.021413185
6025_PABPC4_P1P2_ENSG00000090621,0.010632674,-0.0077982037,0.02439415
3258_GADD45A_P1P2_ENSG00000116717,0.007612109,-0.0077747386,0.006517947
2623_EMILIN2_P1P2_ENSG00000132205,0.003066293,-0.007773444,-0.02072655
6272_PHACTR4_P1P2_ENSG00000204138,0.0094506815,-0.0077690096,0.052486364
3363_GID4_P1P2_ENSG00000141034,-0.013713159,-0.0077680727,0.005545681
6366_PIN1_P1P2_ENSG00000127445,-0.006027276,-0.0077542746,-0.033193495
8461_SSX1_P1P2_ENSG00000126752,-0.019363035,-0.0077525605,0.0010224225
9350_TSPAN14_P1P2_ENSG00000108219,-0.004680975,-0.0077492497,-0.039775643
6584_POU2AF1_P1P2_ENSG00000110777,0.017236,-0.007746537,-0.004600616
9354_TSPAN32_P1P2_ENSG00000064201,0.031066695,-0.007739865,0.019623976
4674_LRRC8A_P1P2_ENSG00000136802,0.0044615986,-0.007733756,0.0026511133
8514_STK17A_P1P2_ENSG00000164543,-0.0036743928,-0.0077319513,-0.022384191
460_ARHGAP18_P1P2_ENSG00000146376,0.003020723,-0.007726578,0.013725761
8625_SYNGR2_P1P2_ENSG00000108639,0.0106867235,-0.0077216956,-0.019733893
2775_EXD3_P1P2_ENSG00000187609,0.027939731,-0.0077207894,-0.017135324
11035_non-targeting_non-targeting_non-targeting,0.00446234,-0.007711329,-0.0010905763
9623_UROD_P1P2_ENSG00000126088,0.017401671,-0.0077064014,0.007362431
1407_CDC45_P1P2_ENSG00000093009,-0.0022957744,-0.0077054733,-0.0031259363
8385_SPTBN2_P1P2_ENSG00000173898,-0.017376645,-0.007690045,1.9032508e-05
4444_KLHL42_P1P2_ENSG00000087448,0.016554294,-0.0076680053,-0.007167542
3600_GUF1_P1P2_ENSG00000151806,0.00032623849,-0.0076679443,0.0071811103
5635_NFIA_P1P2_ENSG00000162599,0.014628472,-0.007665206,0.008353876
11306_non-targeting_non-targeting_non-targeting,-0.018703297,-0.007663204,0.0026569404
5467_NARS2_P1P2_ENSG00000137513,-0.046934064,-0.007661733,-0.013754906
9658_USP40_P1P2_ENSG00000085982,0.0027710302,-0.007657175,0.004267454
10895_non-targeting_non-targeting_non-targeting,0.0040834406,-0.007654046,0.009486238
11011_non-targeting_non-targeting_non-targeting,0.009379372,-0.007650755,-0.021977521
9129_TNFRSF1B_P1_ENSG00000028137,-0.011643934,-0.0076463087,0.0037409805
6068_PARD3_P1P2_ENSG00000148498,0.01069656,-0.0076438477,-0.010192734
5278_MSC_P1P2_ENSG00000178860,0.024303468,-0.0076292315,0.006861897
6623_PPIC_P1P2_ENSG00000168938,0.0017239584,-0.0076244934,-0.01596569
1710_CNN1_P1_ENSG00000130176,-0.005180684,-0.007617233,-0.008286271
6428_PLD3_P2_ENSG00000105223,0.01791988,-0.0076099574,-0.020471696
1872_CRIM1_P1P2_ENSG00000150938,-0.03300117,-0.007597523,-0.032080945
9950_YTHDF3_P1P2_ENSG00000185728,0.017285345,-0.0075960923,0.009540037
1186_CAPZA2_P1P2_ENSG00000198898,-0.006444785,-0.007583425,-0.00678999
4257_JMY_P1P2_ENSG00000152409,-0.0022336098,-0.0075822617,-0.01733462
930_BTN2A2_P1P2_ENSG00000124508,0.005668957,-0.007573772,-0.007283922
2911_WASHC2A_P1P2_ENSG00000099290,0.013794194,-0.0075722146,-0.013344535
2627_EML4_P1P2_ENSG00000143924,0.0028699501,-0.007568266,0.01619319
6298_PHKB_P1P2_ENSG00000102893,-0.0074957632,-0.0075650043,-0.0044633774
6100_PBDC1_P1P2_ENSG00000102390,-0.0023092416,-0.0075615635,-0.005350356
10741_ZXDC_P1P2_ENSG00000070476,-0.006303327,-0.007550457,-0.05953803
2903_FAM210B_P1P2_ENSG00000124098,0.007347655,-0.0075423964,-0.015452405
5631_NFE2L2_P2_ENSG00000116044,-0.019444102,-0.0075403694,0.069417976
7776_SENP7_P1P2_ENSG00000138468,-0.007890128,-0.0075290506,-0.017612414
2959_FAN1_P1P2_ENSG00000198690,0.0018018964,-0.0075277905,0.0051292107
3650_HBG1_P1P2_ENSG00000213934,-0.021060567,-0.0075216233,-0.015911246
1837_CPPED1_P1P2_ENSG00000103381,-0.009445583,-0.0075204642,0.010379092
"5975_OSBP2_ENST00000332585.6,ENST00000446658.2_ENSG00000184792",-0.0037281874,-0.0075146426,0.007929746
1278_CCDC47_P1P2_ENSG00000108588,0.008127643,-0.0075133136,-0.0050964803
1227_CBWD1_ENST00000356521.4_ENSG00000172785,0.007742775,-0.007510037,-0.00317192
9714_VDAC1_P1P2_ENSG00000213585,-0.0017667806,-0.0075007826,-0.016927082
819_BEST1_P2_ENSG00000167995,-0.0006324039,-0.007489714,-0.009077872
10021_ZC3H14_P1P2_ENSG00000100722,-0.009304141,-0.0074883783,-0.0008310864
1613_CIC_P1P2_ENSG00000079432,0.026995977,-0.0074864444,-0.008739298
3028_FBXO6_P1P2_ENSG00000116663,-0.028680796,-0.0074804886,-0.016078547
7320_RMDN1_P1P2_ENSG00000176623,-0.0038342038,-0.007477129,0.00026914876
10584_ZNF717_P1P2_ENSG00000227124,0.001422605,-0.0074752276,0.0057302443
9116_TMX1_P1P2_ENSG00000139921,-0.0007491672,-0.007474059,-0.023740077
9260_TRIB3_P1P2_ENSG00000101255,0.013838124,-0.0074735833,0.0147156445
693_ATPAF1_P1P2_ENSG00000123472,0.01251524,-0.0074670436,-0.000627693
6896_PTBP1_P1P2_ENSG00000011304,0.06613973,-0.007447786,0.03623939
868_BOD1_P1P2_ENSG00000145919,-0.015890295,-0.007440392,-0.0064549074
4668_LRRC47_P1_ENSG00000130764,0.02939336,-0.0074375444,0.013726668
7941_SKIL_P1P2_ENSG00000136603,-0.0022696909,-0.0074353353,-0.013231369
11021_non-targeting_non-targeting_non-targeting,-0.0024469001,-0.0074331434,0.00060041
5797_NR3C2_P1P2_ENSG00000151623,0.00202672,-0.0074127475,-0.011030382
11084_non-targeting_non-targeting_non-targeting,0.0019027318,-0.0074102147,-0.010059778
10066_ZFAND2A_P1P2_ENSG00000178381,0.01643721,-0.0073924623,0.011094664
3900_HOXB2_P1P2_ENSG00000173917,0.008616901,-0.0073878374,0.025254814
5950_OR1E2_ENST00000248384.1_ENSG00000127780,0.010305057,-0.0073807924,-0.039676018
1387_CDC14A_P1P2_ENSG00000079335,0.019182388,-0.0073799402,0.011587135
11037_non-targeting_non-targeting_non-targeting,0.0031455108,-0.0073788483,-0.031815138
2976_FASTKD1_P1P2_ENSG00000138399,-0.040495075,-0.0073700356,-0.030046972
7417_RP9_P1P2_ENSG00000164610,0.014778139,-0.0073660356,0.055681363
5857_NUCKS1_P1P2_ENSG00000069275,-0.0004304512,-0.007353957,-0.022786368
10933_non-targeting_non-targeting_non-targeting,-0.00019432673,-0.007351332,0.0047614565
8523_STK38_P1P2_ENSG00000112079,0.019358926,-0.007350671,0.003678481
1653_CLIC1_P1P2_ENSG00000213719,0.0070638247,-0.007349037,0.0037681197
4759_MAGEA1_P1P2_ENSG00000198681,0.009498686,-0.0073401816,-0.019953847
2514_EGR4_P1P2_ENSG00000135625,0.018078784,-0.007337599,0.012077515
10977_non-targeting_non-targeting_non-targeting,-0.0129072415,-0.0073333015,-0.0008485726
1201_CASP10_P1P2_ENSG00000003400,0.00590102,-0.007329992,0.01816406
847_BLOC1S3_P2_ENSG00000189114,-0.0111284135,-0.0073272935,0.0026295208
8694_TARSL2_P1P2_ENSG00000185418,0.002197019,-0.0073247524,0.010311886
4430_KLHDC4_P1P2_ENSG00000104731,0.016999707,-0.0073219785,0.026324226
8998_TMEM134_P1P2_ENSG00000172663,0.0096299695,-0.0073174057,-0.02653394
11085_non-targeting_non-targeting_non-targeting,-0.034085825,-0.007313643,-0.009739799
11186_non-targeting_non-targeting_non-targeting,0.0036445106,-0.007309096,0.011490625
1768_COMTD1_P1P2_ENSG00000165644,0.03161592,-0.0073071695,-0.0050657755
84_ACIN1_P1_ENSG00000100813,0.024204249,-0.007295573,0.003475528
6529_POLL_P1P2_ENSG00000166169,-0.06968996,-0.007290265,-0.008678909
6442_PLEKHG2_P1P2_ENSG00000090924,-0.011864679,-0.007279688,-0.036092725
11216_non-targeting_non-targeting_non-targeting,0.022369873,-0.0072697327,0.0053173816
5967_ORC3_P1P2_ENSG00000135336,-0.007519382,-0.007267221,0.019403584
4260_JRKL_P1P2_ENSG00000183340,0.028957503,-0.007265613,0.015517129
10908_non-targeting_non-targeting_non-targeting,-0.018267145,-0.007264423,-0.013723275
9422_TUBD1_P1P2_ENSG00000108423,0.0044944715,-0.007264119,0.007689945
2242_DLGAP5_P1P2_ENSG00000126787,0.008673673,-0.0072629135,0.001390591
8122_SLK_P1P2_ENSG00000065613,0.019306742,-0.0072589684,-0.013653462
10993_non-targeting_non-targeting_non-targeting,-0.002949251,-0.007258117,0.014026465
9230_TRAF3_P1P2_ENSG00000131323,0.016624093,-0.0072571514,-0.022317432
9720_VENTX_P1P2_ENSG00000151650,-0.069182076,-0.0072537223,-0.007668826
4730_ETFRF1_P1P2_ENSG00000205707,0.007678041,-0.00724027,0.01257902
9124_TNFAIP8_P1P2_ENSG00000145779,0.024392197,-0.007239839,0.011453317
8692_TARDBP_P1P2_ENSG00000120948,-0.05872551,-0.007238411,-0.025847564
3278_GANAB_P1P2_ENSG00000089597,0.006573539,-0.0072379853,0.011223878
7134_RB1CC1_P2_ENSG00000023287,0.008911019,-0.0072374633,-0.010739733
7448_RPL22_P2_ENSG00000116251,0.03143118,-0.00722984,0.00087060354
4579_LIG3_P1P2_ENSG00000005156,0.01762358,-0.00722246,0.020271283
1177_CAPG_P1_ENSG00000042493,0.024156528,-0.007219985,-0.0117458105
8479_STAC3_P1P2_ENSG00000185482,0.008458214,-0.0072197122,0.01390512
5015_MEX3D_P1P2_ENSG00000181588,-0.004274125,-0.007212863,0.013344318
1451_CDKN2C_P1_ENSG00000123080,0.00853675,-0.007208548,0.020821862
5722_NMU_P1P2_ENSG00000109255,-0.013977186,-0.007207064,-0.014268458
4064_IGF1_P1P2_ENSG00000017427,0.000794346,-0.007202702,-0.018287739
7813_SETBP1_P1P2_ENSG00000152217,-0.004538336,-0.00719996,5.164991e-05
7674_SCAF11_P1P2_ENSG00000139218,0.012700738,-0.0071991812,0.009780705
7249_RFC5_P1P2_ENSG00000111445,-0.04288536,-0.007172967,0.027968874
4925_MEA1_P1P2_ENSG00000124733,-0.010806545,-0.007169796,0.011896996
4234_ITPK1_P1P2_ENSG00000100605,-0.058573082,-0.0071509057,-0.020188069
5454_NAIF1_P1P2_ENSG00000171169,0.0005393794,-0.007137178,-0.0013460703
9564_UCK1_P1P2_ENSG00000130717,0.024713926,-0.0071344087,0.009847479
3130_FNIP2_P1P2_ENSG00000052795,0.009915445,-0.007133852,0.009204266
1270_CCDC18_P1P2_ENSG00000122483,-0.004882716,-0.007131943,0.0014813672
7416_RORC_P1_ENSG00000143365,0.005592006,-0.0071248547,0.016664227
2675_EPOR_P1_ENSG00000187266,0.014643915,-0.0071188617,0.012623018
11202_non-targeting_non-targeting_non-targeting,-0.007642552,-0.007108119,0.010069742
10308_ZNF350_P1P2_ENSG00000256683,0.009664024,-0.0071000387,-0.0015870824
1022_C19orf53_P1P2_ENSG00000104979,0.009023607,-0.007090192,0.0055309082
5151_MORF4L1_P1P2_ENSG00000185787,0.030469762,-0.007088328,-0.010182708
6683_PPP2R2A_P1P2_ENSG00000221914,0.0008128344,-0.007070848,-0.0284315
10582_ZNF714_P1P2_ENSG00000160352,0.0098061245,-0.007066078,-0.01936872
10841_non-targeting_non-targeting_non-targeting,-0.0074162367,-0.007065903,0.0018163045
3315_GCC2_P1P2_ENSG00000135968,0.01749795,-0.0070651514,0.0005533189
5306_MTDH_P1P2_ENSG00000147649,-0.003832876,-0.007063057,-0.0044814995
9704_VASP_P1P2_ENSG00000125753,-0.009829835,-0.0070546963,0.009945994
2284_DNAJB9_P1P2_ENSG00000128590,0.0032947564,-0.007048465,-0.008841398
7777_SELENOF_P1P2_ENSG00000183291,0.013066153,-0.0070469393,-0.0094479425
1415_CDCA5_P1P2_ENSG00000146670,-0.026165824,-0.0070418506,0.014093438
4850_MARCKSL1_P1P2_ENSG00000175130,-0.009169839,-0.007035586,0.016819773
7316_RIPK2_P1P2_ENSG00000104312,-0.0027000431,-0.0070271636,-0.00055955
4582_LIMD1_P1P2_ENSG00000144791,0.0014280293,-0.0070207985,0.008422206
2312_DNM1_P1P2_ENSG00000106976,-0.0024769371,-0.007018576,0.0066790013
7268_RGCC_P1P2_ENSG00000102760,0.033534423,-0.0070155263,0.021658171
1762_COMMD5_ENST00000450361.2_ENSG00000170619,0.007968418,-0.007013243,0.0057574795
2156_DEPDC1B_P1P2_ENSG00000035499,0.014274706,-0.0070075784,0.017258737
124_ACYP2_P1P2_ENSG00000170634,0.012074523,-0.006999544,-0.018105153
2812_F8A1_P1P2_ENSG00000277203,0.012384813,-0.0069982265,-0.0044168187
3263_GALK1_P1P2_ENSG00000108479,0.015239013,-0.0069870935,-0.040766098
200_AGTRAP_P1P2_ENSG00000177674,-0.009216775,-0.0069820634,0.018556451
2425_DYNC2LI1_P1P2_ENSG00000138036,-0.016449243,-0.006977964,0.015972188
"9247_TRAPPC2_ENST00000358231.5,ENST00000359680.5,ENST00000380579.1_ENSG00000196459",-0.008168468,-0.0069757965,0.0031084716
3135_FOPNL_P1P2_ENSG00000133393,-0.026655706,-0.006970267,0.015355629
7283_RHBDD3_P1P2_ENSG00000100263,-0.006591456,-0.00696869,0.0008204676
9545_UBR2_P1P2_ENSG00000024048,0.034786053,-0.0069575296,-0.0035737385
11136_non-targeting_non-targeting_non-targeting,0.02265495,-0.006921605,-0.00920443
6107_PBXIP1_P1P2_ENSG00000163346,-0.011045997,-0.006921201,-0.0229686
3277_GAMT_P1P2_ENSG00000130005,0.025372222,-0.0069195223,0.008789267
11225_non-targeting_non-targeting_non-targeting,-0.009412739,-0.0069143176,-0.016649596
5729_NOC2L_P1P2_ENSG00000188976,0.0152857555,-0.0069117276,-0.023286294
4954_MED31_P1P2_ENSG00000108590,0.02152547,-0.006909588,-0.015494969
6729_PRDM5_P1P2_ENSG00000138738,0.0059326515,-0.0069039306,-0.006910005
9348_TSN_P1P2_ENSG00000211460,0.0055552656,-0.006895509,-0.0039870734
584_ASMTL_P1P2_ENSG00000169093,-0.051133305,-0.006891977,0.009679591
4849_MARCH9_P1P2_ENSG00000139266,-0.011980043,-0.0068863095,0.0422038
1525_CERS5_P1P2_ENSG00000139624,-0.024002459,-0.0068815816,0.00288153
1523_CERS2_P1P2_ENSG00000143418,-0.014898328,-0.006879712,-0.0120672565
7079_RAG1_P1P2_ENSG00000166349,0.0135727,-0.006877003,0.02533137
10994_non-targeting_non-targeting_non-targeting,0.009190729,-0.0068742135,-0.010854376
2408_DUSP28_P1P2_ENSG00000188542,0.011751196,-0.0068739704,-0.0066417945
10798_non-targeting_non-targeting_non-targeting,0.011975346,-0.0068515674,-0.014441894
523_ARMC6_P1P2_ENSG00000105676,-0.008258769,-0.0068447334,0.014819085
1162_CALU_P1P2_ENSG00000128595,0.016827142,-0.0068390733,0.0036653837
1115_C6orf62_P1_ENSG00000112308,-0.003221812,-0.0068071457,0.0031362835
7314_RIPK1_P2_ENSG00000137275,0.009476968,-0.006802504,0.0050370586
3812_HLCS_P1_ENSG00000159267,-0.0060060746,-0.0067925723,-0.0004761619
538_ARPC3_P2_ENSG00000111229,-0.004098621,-0.0067896773,-0.024373379
1054_C1orf61_P2_ENSG00000125462,0.006128697,-0.0067887222,-0.01313739
42_ABHD14A_P1P2_ENSG00000248487,-0.015134269,-0.0067849937,0.0051047187
4184_IRF2BP2_P1_ENSG00000168264,-0.014334043,-0.0067839804,0.013798606
10579_ZNF710_P1P2_ENSG00000140548,0.008294456,-0.006782125,0.020467239
7347_RNF138_P1P2_ENSG00000134758,0.02010458,-0.0067688595,0.0016656764
319_ANKLE1_P1P2_ENSG00000160117,-0.011099625,-0.006759585,0.0042739073
8444_SS18L2_P1P2_ENSG00000008324,0.007382058,-0.0067522586,0.0075336755
10880_non-targeting_non-targeting_non-targeting,-4.79389e-05,-0.0067503164,0.0043704896
3930_HPCAL1_P1P2_ENSG00000115756,-0.0035855067,-0.0067388793,-0.0013489075
9040_TMEM209_P1P2_ENSG00000146842,0.0038036553,-0.006738822,-0.008095128
1699_CMTM6_P1P2_ENSG00000091317,0.0035602767,-0.006734252,0.009239612
9281_TRIM56_P1P2_ENSG00000169871,-0.017544225,-0.006727985,0.021278989
9976_ZBTB18_P1P2_ENSG00000179456,0.012940472,-0.0067276787,0.0036203468
7992_SLC25A22_P1P2_ENSG00000177542,0.008378485,-0.006727568,-0.00076998
7589_RTN2_P1_ENSG00000125744,0.008695197,-0.006724654,0.051420823
11042_non-targeting_non-targeting_non-targeting,0.008957637,-0.006699387,-0.028500287
7956_SLC12A2_P1P2_ENSG00000064651,0.0025491002,-0.0066989553,0.0013512353
9206_TPM4_P2_ENSG00000167460,0.0049673324,-0.006676959,0.01002095
10945_non-targeting_non-targeting_non-targeting,-0.0015263696,-0.0066662505,-0.001455076
4545_LDLRAP1_P2_ENSG00000157978,0.015790226,-0.0066599995,0.028644573
5541_NDUFA8_P1P2_ENSG00000119421,-0.068990335,-0.006652562,-0.037569042
1754_COLGALT1_P1P2_ENSG00000130309,0.022406915,-0.0066470844,0.012773105
3340_GEN1_P1P2_ENSG00000178295,0.02906989,-0.00663705,0.010162547
6314_PHYKPL_P1P2_ENSG00000175309,0.01461676,-0.006630085,0.0021806464
4612_LMBRD1_P1P2_ENSG00000168216,0.022976479,-0.0066269664,-0.006154274
337_ANKRD36C_P1P2_ENSG00000174501,0.013795285,-0.0066252938,0.02405956
8484_STAMBP_P1P2_ENSG00000124356,-0.0061021843,-0.0066191712,0.012271816
3084_FIGLA_P1P2_ENSG00000183733,0.027313216,-0.0066143326,0.030876677
11164_non-targeting_non-targeting_non-targeting,0.0155793205,-0.0066140746,0.015905904
3441_GNG12_P1P2_ENSG00000172380,0.013819459,-0.0066130683,-0.013223275
8941_TKT_P2_ENSG00000163931,0.006080468,-0.006609424,-0.0054958235
8893_THOP1_P1P2_ENSG00000172009,0.008837174,-0.0066033616,0.0038595689
1379_CD81_P1_ENSG00000110651,0.009698045,-0.006596615,0.007067132
3535_GRHPR_P1_ENSG00000137106,-0.017881515,-0.006594624,-0.029681504
10769_non-targeting_non-targeting_non-targeting,-0.022579689,-0.006594473,0.031813156
8798_TDGF1_P1P2_ENSG00000241186,0.016989792,-0.0065812017,-0.0045449305
1714_CNOT10_P1P2_ENSG00000182973,0.038487215,-0.00657882,0.0020750447
3380_GK5_P1P2_ENSG00000175066,0.016312893,-0.0065610968,0.0056418357
1792_COQ3_P1P2_ENSG00000132423,-0.024881281,-0.0065581747,0.01488004
5381_MYH10_P1P2_ENSG00000133026,-0.009871426,-0.0065529356,0.003145657
10986_non-targeting_non-targeting_non-targeting,-0.0047249836,-0.006547495,0.006670198
9994_ZBTB40_P1P2_ENSG00000184677,-0.008428404,-0.006542303,-0.017919654
5703_NLK_P1P2_ENSG00000087095,-0.0094403,-0.0065385294,0.015693955
10483_ZNF589_P1P2_ENSG00000164048,0.0010713056,-0.0065294867,-0.022261674
6396_PKM_P1_ENSG00000067225,-0.11045011,-0.0065226094,-0.10224983
8969_TMCO1_P1P2_ENSG00000143183,0.005619119,-0.0065162983,-0.018374663
4615_LMF2_P2_ENSG00000100258,-0.00816609,-0.0065140296,0.009414064
7595_RUFY1_P2_ENSG00000176783,0.01856683,-0.006513913,0.0011129375
2637_ENDOV_P1P2_ENSG00000173818,-0.01566339,-0.0065115984,-0.007425842
8760_TBX6_P1P2_ENSG00000149922,0.016205804,-0.0065109897,0.006614633
8568_STYX_P1P2_ENSG00000198252,-0.0074299145,-0.0065072677,0.007278338
1014_C19orf12_P1P2_ENSG00000131943,0.0071336967,-0.0064987903,-0.0026456525
3799_HIVEP3_ENST00000372584.1_ENSG00000127124,0.0037066126,-0.006480014,-0.059367146
8034_SLC30A9_P1P2_ENSG00000014824,0.0034344322,-0.006471197,0.027907845
195_AGPAT3_P1P2_ENSG00000160216,0.01279246,-0.006469083,0.026936596
7003_RAB11A_P1P2_ENSG00000103769,0.00019335738,-0.006468302,-0.019885447
9143_TNKS_P1P2_ENSG00000173273,0.030114185,-0.006464345,-0.0023377368
9201_TPGS2_P1P2_ENSG00000134779,0.02131044,-0.0064637577,0.00332846
7683_SCAMP4_P1P2_ENSG00000227500,0.025760403,-0.0064616995,-0.0024836545
220_AIMP1_P1P2_ENSG00000164022,0.010713015,-0.006457661,0.012551983
135_ADARB1_P1P2_ENSG00000197381,0.003952961,-0.0064558145,0.0007085309
642_ATP13A1_P1P2_ENSG00000105726,-0.018384561,-0.0064551528,-0.015792085
6218_PER3_P1P2_ENSG00000049246,0.010734251,-0.0064538084,0.009321675
11291_non-targeting_non-targeting_non-targeting,0.0033675358,-0.006451719,-0.00040220842
9440_TWF2_P1P2_ENSG00000247596,-0.011472677,-0.0064407317,0.00017496037
2185_DHCR7_P1P2_ENSG00000172893,0.027683135,-0.0064381263,0.015196746
1994_CYB5R3_P1P2_ENSG00000100243,0.00817201,-0.006436375,-0.015133831
3773_HIST1H3F_ENST00000446824.2_ENSG00000277775,0.01886914,-0.0064243902,0.019419553
5564_NDUFC2_P1P2_ENSG00000151366,0.022757815,-0.0064111897,-0.008254784
3409_NOP53_P1P2_ENSG00000105373,0.07598864,-0.0063921288,0.023417026
6174_PDGFA_P1P2_ENSG00000197461,-0.03202725,-0.0063906764,-0.011813287
10080_ZFP28_P1P2_ENSG00000196867,-0.00023866624,-0.0063751764,-0.0016960596
2602_ELOVL5_P1P2_ENSG00000012660,0.0077876686,-0.006371099,-0.002251842
2173_DGCR2_P1P2_ENSG00000070413,-0.016761638,-0.0063617947,-0.024403768
10759_non-targeting_non-targeting_non-targeting,-0.0044655823,-0.0063521317,-0.007853259
9320_TROAP_P1P2_ENSG00000135451,0.006973795,-0.0063475296,0.023160238
1521_CERCAM_P1P2_ENSG00000167123,0.013449811,-0.0063454,0.006086346
4770_MAGED1_P2_ENSG00000179222,0.019006291,-0.006339242,0.025095114
8294_SOX5_ENST00000309359.1_ENSG00000134532,0.019498996,-0.0063389833,0.0007284454
1848_CPT2_P1P2_ENSG00000157184,-0.015386333,-0.006333222,0.016283281
9038_PACC1_P1P2_ENSG00000065600,0.009932865,-0.0063173776,-0.008961168
4228_ITGB3BP_P1P2_ENSG00000142856,0.020044241,-0.006311406,0.011838732
6806_PRPSAP1_P1P2_ENSG00000161542,0.022820031,-0.0063015763,-0.0024737825
3092_FKBP14_P1P2_ENSG00000106080,-0.0070603746,-0.0062974044,0.004462225
11266_non-targeting_non-targeting_non-targeting,0.00063519337,-0.006295244,-0.007705767
596_ASXL2_P1P2_ENSG00000143970,0.01928286,-0.006294316,-0.0041240384
5168_MPI_P1P2_ENSG00000178802,0.007984832,-0.006288461,-0.009267294
8091_SLC48A1_P2_ENSG00000211584,0.0071292673,-0.006267782,0.037887212
9902_XPR1_P1P2_ENSG00000143324,0.031296253,-0.006266823,-0.006035737
10537_ZNF668_ENST00000417110.2_ENSG00000167394,0.0014131378,-0.00626224,-0.0050644805
1761_COMMD4_P1P2_ENSG00000140365,0.012238465,-0.006258426,-0.0037737975
3354_GGCT_P1P2_ENSG00000006625,-0.005150234,-0.0062559247,-0.0051305527
2620_EME1_P1P2_ENSG00000154920,-0.0014148742,-0.0062533906,-0.03625213
6137_PCNT_P1P2_ENSG00000160299,-0.0004727992,-0.006248519,0.003739928
1562_CHD7_P1P2_ENSG00000171316,0.014422602,-0.0062441924,0.0037672205
7197_RCBTB2_P1P2_ENSG00000136161,0.0007867068,-0.00624232,0.007695332
8285_SOX18_P1P2_ENSG00000203883,0.0016459594,-0.006239721,-0.024587912
10874_non-targeting_non-targeting_non-targeting,-0.038925845,-0.006232769,0.02199963
482_ARHGEF39_P1P2_ENSG00000137135,0.023364957,-0.006218268,0.00964895
8805_TEAD2_P1P2_ENSG00000074219,0.0024612376,-0.006215514,0.014534497
5054_MICAL3_P1_ENSG00000243156,0.016171843,-0.0062151314,-0.049045946
8830_TEX2_P1P2_ENSG00000136478,0.012953158,-0.006204835,0.010683006
10167_ZNF135_P1P2_ENSG00000176293,-0.0035754088,-0.0062047746,0.012328272
7531_RPS6KA4_P1P2_ENSG00000162302,0.0005270364,-0.0062019094,0.0029737246
3536_GRHPR_P2_ENSG00000137106,-0.0026212216,-0.006190126,0.00019662427
7381_OBI1_P1P2_ENSG00000152193,0.005637329,-0.006187682,0.009917408
7959_SLC12A5_P1_ENSG00000124140,0.01242031,-0.0061872695,-0.007234968
7847_SFXN1_P1P2_ENSG00000164466,-0.011175467,-0.006184584,-0.025273677
8269_SOHLH1_P1P2_ENSG00000165643,-0.04146783,-0.0061804536,-0.008250334
10526_ZNF649_P1P2_ENSG00000198093,0.008662045,-0.0061729588,0.02482276
10718_ZSCAN23_P1P2_ENSG00000187987,0.014883892,-0.006166806,-0.0037279343
9586_ULK3_P1P2_ENSG00000140474,-0.011148928,-0.0061651277,-0.030623617
9264_TRIM16_P1P2_ENSG00000221926,-0.028259445,-0.0061635054,-0.008284009
2735_ESR1_P1_ENSG00000091831,-0.0114826225,-0.0061628413,-0.064925715
11126_non-targeting_non-targeting_non-targeting,0.011861623,-0.0061556324,0.009178252
1095_C4orf48_P1P2_ENSG00000243449,0.0005037774,-0.0061524217,0.00823896
121_ACY1_P1P2_ENSG00000243989,-0.000878153,-0.006150195,0.0009460335
10494_ZNF605_P1P2_ENSG00000196458,0.017595803,-0.00614944,0.0421703
1359_CD276_P1P2_ENSG00000103855,0.0035948108,-0.00614347,-9.0715785e-06
8780_TCF23_P1P2_ENSG00000163792,0.011284052,-0.0061281724,-0.016859956
2234_DIXDC1_ENST00000440460.2_ENSG00000150764,0.0040249466,-0.0061212885,0.011121116
3769_HIST1H2BM_P1P2_ENSG00000273703,0.0018009376,-0.0061193993,0.0010741579
8009_SLC25A44_P1P2_ENSG00000160785,-0.026132781,-0.006118975,-0.033505794
5395_MYO18A_P1P2_ENSG00000196535,0.012074669,-0.0061128554,-0.0043777227
3664_HDAC3_P1P2_ENSG00000171720,-0.06284767,-0.006109632,-0.010407066
1494_CEP104_P1P2_ENSG00000116198,0.020263808,-0.0060870997,-0.015073773
8950_TLX2_P1P2_ENSG00000115297,0.009339487,-0.006080551,0.0022126741
9423_TUBE1_P1P2_ENSG00000074935,0.00037163973,-0.00606251,-0.013776699
4766_MAGEB2_P1P2_ENSG00000099399,-7.661428e-06,-0.006048148,0.01589793
11177_non-targeting_non-targeting_non-targeting,0.010595178,-0.0060397554,-0.02697583
2859_FAM13A_ENST00000264344.5_ENSG00000138640,0.02084506,-0.0060352455,-0.012276498
2390_DTNBP1_P1P2_ENSG00000047579,0.009875752,-0.0060321004,-0.011638558
7235_RER1_P1P2_ENSG00000157916,-0.0032105213,-0.0060286936,0.024328198
7764_SELENOO_P1P2_ENSG00000073169,0.0010844519,-0.006025522,0.0009696094
11003_non-targeting_non-targeting_non-targeting,0.028763564,-0.006019472,-0.022683937
9083_MACO1_P1P2_ENSG00000204178,0.013197262,-0.0060192347,-0.015420988
11169_non-targeting_non-targeting_non-targeting,-0.00697943,-0.0060131126,-0.0059538507
841_BLCAP_P1P2_ENSG00000166619,0.0038530035,-0.00599555,-0.02110521
11048_non-targeting_non-targeting_non-targeting,0.004481243,-0.005991123,0.019561922
10906_non-targeting_non-targeting_non-targeting,0.008685316,-0.005986174,0.008536692
10005_ZBTB4_P1_ENSG00000174282,-0.0032008495,-0.005983138,0.00014368867
7636_SAFB_P1P2_ENSG00000160633,-0.017139569,-0.0059821615,0.030297786
4641_LRCH4_P1_ENSG00000077454,0.010727234,-0.0059785238,-0.015955523
2820_FAF2_P1P2_ENSG00000113194,-0.0067183096,-0.0059739114,-0.00016391998
6178_PDIA3_P1P2_ENSG00000167004,-0.0018881464,-0.00597292,0.022164276
7349_RNF13_P1P2_ENSG00000082996,0.0060435105,-0.005969095,0.027147464
9333_TSC22D2_P1P2_ENSG00000196428,0.020221353,-0.00595499,-0.013360578
11184_non-targeting_non-targeting_non-targeting,0.0073213563,-0.00595375,0.016939145
8869_TGS1_P1P2_ENSG00000137574,-0.0024438035,-0.0059481165,-0.022004085
7110_RAPGEF6_P1P2_ENSG00000158987,-0.06752407,-0.005944601,-0.0074779745
2691_ERBIN_P1P2_ENSG00000112851,0.0010280495,-0.005927566,0.01771718
5905_NUP42_P1P2_ENSG00000136243,-0.015883898,-0.0059266477,0.0028088281
3568_GTF2B_P1P2_ENSG00000137947,0.046210814,-0.0059140995,-0.00680089
180_AGAP3_P1P2_ENSG00000133612,0.037185114,-0.005905652,0.007357921
911_BSCL2_P2_ENSG00000168000,0.022147998,-0.0058805044,0.005922335
9514_UBE2O_P1P2_ENSG00000175931,0.0038456784,-0.0058743833,-0.0009813511
8067_SLC38A7_P1P2_ENSG00000103042,0.0057331584,-0.005872477,0.028441966
9937_YJEFN3_P2_ENSG00000250067,0.004336379,-0.0058614765,0.013915946
2365_DPY19L3_P1P2_ENSG00000178904,0.0062582493,-0.0058581657,-0.054507304
9078_TMEM52_P1P2_ENSG00000178821,0.0048451233,-0.005844217,0.0072057517
8749_TBX19_ENST00000367821.3_ENSG00000143178,0.0045138854,-0.005841065,0.006261294
9604_UPRT_P1P2_ENSG00000094841,0.01407008,-0.0058196136,-0.0048743994
1136_C9orf78_P1P2_ENSG00000136819,0.011324048,-0.0058135316,0.0045045284
2417_DVL2_P1P2_ENSG00000004975,0.0069011208,-0.00580451,-0.016334899
5769_NPL_P1P2_ENSG00000135838,-0.00011588366,-0.0057922606,0.02140072
5554_NDUFB2_P1P2_ENSG00000090266,-0.047997035,-0.0057914364,-0.038461268
2169_DFFA_P1P2_ENSG00000160049,0.026983632,-0.0057894858,0.00995583
3311_GBX1_P1_ENSG00000164900,0.017602406,-0.0057877726,0.0012520837
10212_ZNF217_P2_ENSG00000171940,0.030281544,-0.00578628,0.012503715
8528_STMN1_P1P2_ENSG00000117632,-0.01747582,-0.005784367,0.015192869
8464_SSX4_ENST00000376886.2_ENSG00000268009,0.0058267,-0.0057808026,0.0061090495
1986_CYB561A3_P1P2_ENSG00000162144,0.013561552,-0.0057801,0.012092498
3515_GPRC5C_P1P2_ENSG00000170412,-0.019940851,-0.00577733,-0.0035455266
8862_TGFBRAP1_P1P2_ENSG00000135966,0.011525046,-0.005775623,0.012090725
3465_GOLGA8B_P1P2_ENSG00000215252,0.009379903,-0.005769691,0.013773045
11053_non-targeting_non-targeting_non-targeting,0.019598482,-0.005764397,0.008207241
10845_non-targeting_non-targeting_non-targeting,0.004946311,-0.0057531022,-0.008236921
3922_HOXD12_P1P2_ENSG00000170178,-0.016361361,-0.005753057,-0.0046102894
836_BIRC2_P1P2_ENSG00000110330,-0.002127905,-0.005749356,-0.001345471
3318_GCHFR_P1P2_ENSG00000137880,0.007345679,-0.005738011,-0.008224429
7545_RPUSD3_P1P2_ENSG00000156990,-0.000980261,-0.005731117,-0.020262154
7391_RNF41_P1P2_ENSG00000181852,0.01798808,-0.005715672,0.0032664107
9647_USP2_P2_ENSG00000036672,0.009195445,-0.005710553,0.024172802
4801_MAP2K2_P1P2_ENSG00000126934,0.011904741,-0.005702279,0.018167252
6784_PROP1_P1P2_ENSG00000175325,0.012057755,-0.005700639,0.009877527
6869_PSMD1_P1P2_ENSG00000173692,-0.0021911145,-0.0056955954,-0.015198946
10602_ZNF740_P1P2_ENSG00000139651,-0.024326392,-0.0056801,0.0023325186
1392_CDC25A_P1P2_ENSG00000164045,0.03304118,-0.0056719864,0.031747825
527_ARMCX5_P1P2_ENSG00000125962,0.010660242,-0.005661123,0.012209499
5056_MICALL1_P1P2_ENSG00000100139,0.007509867,-0.0056437803,0.033461697
7937_SKA1_P1P2_ENSG00000154839,0.03769454,-0.00564185,0.0146416705
5487_NCAPD2_P1P2_ENSG00000010292,0.013104766,-0.0056369174,0.0419872
4358_WASHC4_P1P2_ENSG00000136051,-0.012762148,-0.0056291968,-0.026137408
7087_RALGDS_P1_ENSG00000160271,0.00032968682,-0.005621111,-0.010217966
11219_non-targeting_non-targeting_non-targeting,-0.0035876285,-0.0056168544,-0.0051465
5010_METTL9_P1P2_ENSG00000197006,0.0058946284,-0.0056124674,0.00702449
3761_HIST1H2BD_P1P2_ENSG00000158373,0.005204099,-0.005604002,0.0021392056
1715_CNOT11_P1P2_ENSG00000158435,0.051179122,-0.0056016166,0.00898873
6328_PIF1_P2_ENSG00000140451,0.021879362,-0.0055850684,-0.007709061
241_AKR1C1_P1P2_ENSG00000187134,0.01547405,-0.005579269,-0.0046079727
3624_HAGHL_P1P2_ENSG00000103253,-0.008204181,-0.005574814,-0.005215943
985_C15orf40_P1P2_ENSG00000169609,-0.0138432225,-0.00557291,0.0117612155
568_ASB7_P1P2_ENSG00000183475,0.004620983,-0.0055690245,-0.0057049375
1896_CSK_P1P2_ENSG00000103653,0.023711937,-0.005554588,0.0028880609
99_ACSL1_P1P2_ENSG00000151726,-0.002026497,-0.0055511594,-0.0065303445
3071_FGFR1OP2_P1P2_ENSG00000111790,0.027282558,-0.00554787,-0.002715374
9360_TSPYL2_P1P2_ENSG00000184205,0.009463302,-0.0055404534,0.014839206
364_ANXA6_P1P2_ENSG00000197043,-0.0041859606,-0.005537509,0.0034869653
5090_MKI67_P1P2_ENSG00000148773,0.012500618,-0.005535234,-0.006334114
1279_CCDC50_P1P2_ENSG00000152492,0.035145022,-0.0055338987,-0.023903763
3768_HIST1H2BL_P1P2_ENSG00000185130,0.004927104,-0.005529663,-0.020238621
7226_RELA_P1P2_ENSG00000173039,-0.0014307273,-0.005512379,-0.004582092
6820_PRRC2B_P1P2_ENSG00000130723,-0.006803491,-0.005500915,0.0005422483
767_BATF3_P1P2_ENSG00000123685,-0.00813761,-0.0054957964,0.007596995
5363_MXRA7_P1P2_ENSG00000182534,-0.0031274562,-0.0054902877,0.012038821
8611_SVIP_P1P2_ENSG00000198168,0.005418397,-0.0054887612,0.0072638267
8900_THUMPD3_P1P2_ENSG00000134077,0.008526001,-0.0054859715,-0.0132044405
9829_WDR55_P1P2_ENSG00000120314,0.025341956,-0.0054824427,0.038036644
503_ARL16_P1P2_ENSG00000214087,0.00809857,-0.005480316,-0.0026199215
2477_EDEM2_ENST00000374492.3_ENSG00000088298,0.024942819,-0.005478817,-0.022652406
6965_PWWP2B_P2_ENSG00000171813,-0.0029407938,-0.005477696,-0.02032083
6067_PAQR8_P1P2_ENSG00000170915,0.010603273,-0.005469153,0.009146602
10490_ZNF597_P1P2_ENSG00000167981,0.00077789644,-0.005466881,0.00770826
178_AFTPH_P1P2_ENSG00000119844,0.00628741,-0.0054535307,-0.024288774
4502_LAMP2_P1P2_ENSG00000005893,-0.013515833,-0.00545256,-0.008427124
10207_ZNF212_P1P2_ENSG00000170260,0.003802546,-0.005444713,0.020953512
318_ANKIB1_P1P2_ENSG00000001629,-0.0027808535,-0.0054445793,-0.009469926
2687_EPS8L2_P1P2_ENSG00000177106,0.027141077,-0.0054413886,-0.028599555
2713_ERLIN1_P1P2_ENSG00000107566,0.016935874,-0.0054401048,-0.012421372
9079_TMEM53_P1P2_ENSG00000126106,0.013066084,-0.005436389,0.0057611302
9542_UBQLN2_P1P2_ENSG00000188021,-0.0063593346,-0.0054318113,0.013996471
404_APIP_P1P2_ENSG00000149089,-0.0050658598,-0.0054139844,0.0149991615
4020_ID2_P1_ENSG00000115738,0.00032903833,-0.00541396,-0.013603925
2997_FBXL3_P1P2_ENSG00000005812,0.003618417,-0.005377393,0.0031630888
9590_UNC119_P1_ENSG00000109103,-0.006115074,-0.005373586,-0.014960354
6293_PHF7_P1P2_ENSG00000010318,-0.0006549743,-0.005370933,0.019829975
10518_ZNF630_P1P2_ENSG00000221994,0.010268982,-0.0053625903,-0.0014574364
3822_HMG20A_P1P2_ENSG00000140382,-0.017364906,-0.0053624893,0.015374247
8061_SLC37A4_P1P2_ENSG00000137700,0.008974028,-0.0053588822,0.017932275
1593_CHPF2_P1P2_ENSG00000033100,-0.00047476596,-0.005339188,0.022596542
6213_PELO_P2_ENSG00000152684,0.016977461,-0.005336613,0.00740712
7873_SH3BGRL3_P1P2_ENSG00000142669,0.010941703,-0.0053282487,0.01344144
4670_LRRC58_P1P2_ENSG00000163428,-0.015541886,-0.0053202133,-0.022931913
9053_TMEM240_P1P2_ENSG00000205090,-0.000202007,-0.005309159,0.017970473
6087_PATZ1_P1_ENSG00000100105,0.009772143,-0.00530884,0.0057947505
10350_ZNF426_P1P2_ENSG00000130818,0.0015322212,-0.0053022667,0.015177292
1488_CENPO_P1P2_ENSG00000138092,0.017868577,-0.0053017233,0.010612184
8804_TEAD1_P1P2_ENSG00000187079,-0.016263299,-0.0053001516,-0.0061606276
8337_SPDEF_P1P2_ENSG00000124664,0.012301076,-0.0052996986,0.019675475
11036_non-targeting_non-targeting_non-targeting,-0.023496855,-0.005298077,0.01591554
6081_PARS2_P1P2_ENSG00000162396,-0.034700513,-0.0052975696,-0.017896589
11172_non-targeting_non-targeting_non-targeting,0.011628164,-0.0052958257,-0.012424247
7122_RASGEF1A_P1P2_ENSG00000198915,0.015218519,-0.0052936072,0.0013871826
9496_UBE2D1_P1P2_ENSG00000072401,0.022084467,-0.00529336,-0.00046035697
2883_FAM184A_P1P2_ENSG00000111879,0.019306144,-0.0052880608,0.00219344
2945_FAM83D_P1P2_ENSG00000101447,0.012601163,-0.0052869483,-0.021883229
8494_STAT1_P1P2_ENSG00000115415,0.0040646847,-0.0052834977,-0.025494726
770_BAZ1A_P1P2_ENSG00000198604,0.048064884,-0.0052684834,0.017777693
10683_ZNF865_P1P2_ENSG00000261221,-0.0027677258,-0.0052608354,-0.009693968
6482_PMS1_P1P2_ENSG00000064933,0.0013308207,-0.005251375,-0.0015278204
1035_C1orf109_P1_ENSG00000116922,-0.009920254,-0.0052504735,-0.010798932
5675_NIPA2_P1P2_ENSG00000140157,-0.00047727878,-0.005235287,-0.015042001
6746_PRICKLE3_P1P2_ENSG00000012211,0.01803496,-0.0052253893,0.023374477
2753_ETFB_P1_ENSG00000105379,-0.024517206,-0.005213412,-0.022394663
9269_TRIM26_P1P2_ENSG00000234127,0.007299867,-0.0052126953,0.011540092
7653_SAR1A_P1P2_ENSG00000079332,0.005491622,-0.0052124993,0.005576722
5102_MKX_P2_ENSG00000150051,0.0139609,-0.0052072755,0.016061118
2771_EVL_P1_ENSG00000196405,-0.0026822723,-0.0052043656,-0.05883793
6036_PAGE1_P1P2_ENSG00000068985,-0.011511022,-0.005198463,-0.0128534185
10647_ZNF800_P1P2_ENSG00000048405,0.005532651,-0.0051941597,0.014987385
10800_non-targeting_non-targeting_non-targeting,-0.014409428,-0.005187617,-0.019653292
5547_NDUFAF4_P1P2_ENSG00000123545,0.01715967,-0.0051866686,-0.029434625
8554_STX2_P1P2_ENSG00000111450,0.010274075,-0.0051833605,-0.0036072542
328_ANKRD13B_P1P2_ENSG00000198720,0.012296895,-0.005181216,-0.010813339
4491_L3MBTL1_P1_ENSG00000185513,-0.017296476,-0.005181044,-0.015525211
4927_MECOM_P1P2_ENSG00000085276,0.0022235808,-0.0051777135,-0.01838157
11145_non-targeting_non-targeting_non-targeting,-0.02174421,-0.0051646302,0.0042760116
4728_LYRM2_P1P2_ENSG00000083099,-0.0010235793,-0.005152469,0.002932216
5770_NPM1_P1P2_ENSG00000181163,0.010688488,-0.0051478995,0.02177295
7889_SHB_P1P2_ENSG00000107338,0.0005003902,-0.005130781,0.0046103294
11013_non-targeting_non-targeting_non-targeting,0.0031288678,-0.0051245345,-0.0048180413
526_ARMCX3_P1P2_ENSG00000102401,0.0036146918,-0.0051233117,-0.004622116
3052_FDX1_P1P2_ENSG00000137714,-0.00035632562,-0.0051166876,-0.009475204
8987_TMEM116_P1P2_ENSG00000198270,0.016266426,-0.0051110815,0.010663899
6384_PITX1_P1P2_ENSG00000069011,0.018960178,-0.00508655,-0.0057793316
2532_EIF2AK3_P1P2_ENSG00000172071,-0.0110799875,-0.005085344,0.013734537
5411_MYT1L_P1P2_ENSG00000186487,-0.011810106,-0.005075858,-0.0035966202
5901_NUP85_P1P2_ENSG00000125450,-0.07947233,-0.0050752275,-0.016679978
5155_MORN2_P1P2_ENSG00000188010,0.04699469,-0.0050688996,0.014725058
3334_GEMIN2_P1P2_ENSG00000092208,-0.01942412,-0.0050651315,0.038795803
7208_RCN2_P1P2_ENSG00000117906,0.015068196,-0.0050565987,-0.010571017
1602_CHST2_P1P2_ENSG00000175040,-0.017996727,-0.0050495276,0.013260277
9106_TMLHE_P1P2_ENSG00000185973,-0.012293863,-0.0050481115,-0.014286456
6913_PTK2B_P1P2_ENSG00000120899,0.0076438594,-0.0050305305,0.00048167905
5272_MRTO4_P1P2_ENSG00000053372,0.03291773,-0.0050158026,-0.005806561
3002_FBXL8_P1P2_ENSG00000135722,-0.011486122,-0.0050156587,0.002862307
10949_non-targeting_non-targeting_non-targeting,0.00807276,-0.00501543,0.007025366
5356_MVD_P1P2_ENSG00000167508,-0.124895506,-0.0050081997,-0.0413337
5756_NOTO_P1P2_ENSG00000214513,-0.009171524,-0.0050071897,0.0028233035
720_AXL_P1P2_ENSG00000167601,0.01359782,-0.005006788,-0.0090684565
11253_non-targeting_non-targeting_non-targeting,-0.0038725792,-0.0050052674,-0.040655497
372_AP1S2_P1P2_ENSG00000182287,0.019895695,-0.0050008646,0.0061639175
6811_PRR13_P1P2_ENSG00000205352,0.0350097,-0.0050007654,0.023511281
2141_DEDD_P1P2_ENSG00000158796,-0.017262008,-0.004999026,-0.014344874
11267_non-targeting_non-targeting_non-targeting,-0.015456461,-0.0049927393,0.008013193
1370_CD55_P1P2_ENSG00000196352,0.0016044165,-0.004991053,-0.039343774
4178_IRAK1_P2_ENSG00000184216,0.015807906,-0.0049888995,-0.014349598
902_BRK1_P1P2_ENSG00000254999,4.7172936e-05,-0.004973639,0.006477738
500_ARL13B_P1P2_ENSG00000169379,0.0072146123,-0.0049708067,-0.004660171
6285_PHF20L1_P1P2_ENSG00000129292,-0.010967499,-0.004967257,-0.02814257
10706_ZRANB2_P1P2_ENSG00000132485,0.019253548,-0.004965895,-0.0122093
5280_MSH2_P1P2_ENSG00000095002,0.008377123,-0.0049619814,0.022921871
10578_ZNF70_P1P2_ENSG00000187792,-0.0142274285,-0.004959245,-0.017804407
1836_CPOX_P1P2_ENSG00000080819,0.018745208,-0.00495535,-0.0056038154
8003_SLC25A38_P1P2_ENSG00000144659,0.03727523,-0.004942422,0.010814369
4663_LRRC40_P1P2_ENSG00000066557,0.012388714,-0.0049407883,-0.00660367
6296_PHIP_P1P2_ENSG00000146247,0.009382294,-0.0049357433,0.0075793746
3707_HEXA_P1P2_ENSG00000213614,0.02092718,-0.0049335286,0.0009144733
17_ABCA7_P2_ENSG00000064687,-0.012654565,-0.004931023,-0.016346715
7397_RNF8_P1P2_ENSG00000112130,0.00041240445,-0.004930805,0.011171694
6781_PRNP_P1P2_ENSG00000171867,-0.012227555,-0.0049297097,-0.001010859
10199_ZNF202_P1P2_ENSG00000166261,0.016616467,-0.004924549,0.007975754
11257_non-targeting_non-targeting_non-targeting,0.0108528435,-0.0049208896,-0.0015400052
9332_TSC22D1_P1P2_ENSG00000102804,-0.011019407,-0.004918968,0.03249878
4380_KIF18B_P1P2_ENSG00000186185,0.029205529,-0.004914913,0.02637692
11286_non-targeting_non-targeting_non-targeting,-0.008246069,-0.004914117,-0.03579584
3056_FEM1B_P1P2_ENSG00000169018,0.020259492,-0.0049106907,0.00040839115
5431_NAA40_P1P2_ENSG00000110583,0.02524033,-0.004905057,0.01295716
11023_non-targeting_non-targeting_non-targeting,-0.006524225,-0.0048987316,0.005070007
1044_C1orf198_P1_ENSG00000119280,0.01637209,-0.0048936233,-0.00410979
3734_HINT3_P1P2_ENSG00000111911,-0.019783353,-0.0048762807,-0.0029117067
4965_MEIOB_P1P2_ENSG00000162039,-0.0300026,-0.004872655,-0.002560779
9793_WBP1_P1P2_ENSG00000239779,0.011259894,-0.0048719593,0.0056731473
11166_non-targeting_non-targeting_non-targeting,-0.026907165,-0.0048667206,-0.012300367
2165_DESI2_P1P2_ENSG00000121644,0.004145683,-0.0048642587,0.04372069
9109_TMPO_P1P2_ENSG00000120802,0.025626676,-0.0048634713,0.017824676
2358_DPP8_P1P2_ENSG00000074603,0.015955226,-0.004840501,-0.0055065746
10698_ZNFX1_P1P2_ENSG00000124201,0.019791896,-0.00483357,-0.011186979
4090_IL10RB_P1P2_ENSG00000243646,0.0085220225,-0.0048236568,0.016641159
5691_NKX2-2_P1P2_ENSG00000125820,0.031234479,-0.0048082727,0.028323075
7759_SEL1L3_P1P2_ENSG00000091490,0.008805176,-0.0048057176,0.0039213537
3694_HERC4_P1P2_ENSG00000148634,-0.029800247,-0.004797331,0.0046228827
10634_ZNF784_P1P2_ENSG00000179922,-0.012140434,-0.0047872458,-0.0020683084
3968_HSP90AB1_P1P2_ENSG00000096384,-0.01600444,-0.004786359,-0.0060340124
8874_THAP2_P1_ENSG00000173451,-0.020757705,-0.0047861394,-0.0049280613
3719_HIBADH_P1P2_ENSG00000106049,-0.026429923,-0.004766344,0.012495248
7018_RAB27A_P1P2_ENSG00000069974,0.000110860456,-0.004743063,0.0001352629
894_BRD9_P1P2_ENSG00000028310,0.023988754,-0.0047409614,0.0072661
8643_TACC1_P1P2_ENSG00000147526,-0.01005655,-0.0047224346,-0.012112038
3093_FKBP15_P1P2_ENSG00000119321,-0.034181945,-0.0047112335,0.0009894357
3904_HOXB6_P2_ENSG00000108511,0.00038811288,-0.00470602,0.0006655802
9140_TNKS1BP1_P1_ENSG00000149115,-0.003352209,-0.004700771,0.029604793
9633_USP12_P1P2_ENSG00000152484,0.012787453,-0.004694882,0.007661267
5546_NDUFAF3_P1P2_ENSG00000178057,0.003333306,-0.0046868096,0.027126255
8899_THUMPD2_P1P2_ENSG00000138050,0.0024983152,-0.004676533,0.01337016
4033_IER3IP1_P1P2_ENSG00000134049,-0.0021906344,-0.004663038,0.0059629367
1826_CPD_P1P2_ENSG00000108582,-0.0073898304,-0.004661932,0.024433412
888_BRD2_P1_ENSG00000204256,-0.06407585,-0.0046606064,-0.045808837
430_AQP7_P1P2_ENSG00000165269,0.0024854112,-0.004659232,0.025976885
11179_non-targeting_non-targeting_non-targeting,-0.0213823,-0.0046468526,0.009328875
6752_PRKAB2_P1P2_ENSG00000131791,-8.388627e-05,-0.0046348865,-0.0061930697
233_AKAP8_P1P2_ENSG00000105127,0.0051408065,-0.0046316143,-0.0020427937
4773_MAGEF1_P1P2_ENSG00000177383,0.00564317,-0.004609428,0.008903564
3864_HNRNPF_P2_ENSG00000169813,0.004099107,-0.0045959186,-0.005955176
8580_SULT1A3_ENST00000395137.2_ENSG00000261052,0.0105737345,-0.004594049,0.02004381
10450_ZNF562_P1P2_ENSG00000171466,0.0016555168,-0.004593812,0.0034084048
5296_MT1F_P1P2_ENSG00000198417,0.006346634,-0.0045928163,0.0043800385
3890_HOXA2_P1P2_ENSG00000105996,0.0026997232,-0.0045883846,0.0034718683
1954_CTSZ_P1P2_ENSG00000101160,0.0017021026,-0.0045785005,0.025880573
7146_RBFA_P1P2_ENSG00000101546,0.029871246,-0.004569988,0.00941411
5087_MITF_P2_ENSG00000187098,0.0042230445,-0.0045684767,-0.026591433
487_ARID1B_P1_ENSG00000049618,0.011416243,-0.004567859,0.027514357
771_BAZ1B_P1P2_ENSG00000009954,0.0023552948,-0.0045655663,0.014746005
4622_LMX1B_P1P2_ENSG00000136944,-0.034683082,-0.004560722,0.0243211
1791_COQ2_P1P2_ENSG00000173085,-0.043902256,-0.0045592734,-0.0101045845
6270_PHACTR1_P2_ENSG00000112137,-0.014693213,-0.004555449,0.0039600553
1512_CEP72_P1P2_ENSG00000112877,0.014780511,-0.004553372,-0.00044318786
1206_CASP8AP2_P1P2_ENSG00000118412,-0.06509888,-0.0045508007,0.048434284
2012_CYTH1_P1P2_ENSG00000108669,0.035095185,-0.0045435117,0.004719863
4195_IRF8_P1P2_ENSG00000140968,0.008899306,-0.0045429077,-0.0078866985
5553_NDUFB1_P1P2_ENSG00000183648,0.008606698,-0.0045357565,0.004164947
8497_STAT4_P1P2_ENSG00000138378,-0.00082012254,-0.0045269514,-0.0383719
2138_DECR2_P1P2_ENSG00000242612,-0.033673346,-0.0045131594,-0.0022892882
1442_CDK8_P1P2_ENSG00000132964,0.0045886305,-0.0045041423,-0.0009507434
10795_non-targeting_non-targeting_non-targeting,-0.008417484,-0.0044991774,-0.005415495
2383_DSTN_P1P2_ENSG00000125868,-0.004887021,-0.004497386,0.02810778
11234_non-targeting_non-targeting_non-targeting,0.0034610434,-0.0044952584,0.008741403
2006_CYP2R1_P1P2_ENSG00000186104,0.012850616,-0.004492429,-0.0074094874
1629_CKAP5_P2_ENSG00000175216,-0.0013099028,-0.0044861464,-0.00695093
8583_SULT1A3_ENST00000563322.1_ENSG00000261052,0.05146002,-0.0044775344,-0.017976927
11100_non-targeting_non-targeting_non-targeting,-2.148959e-05,-0.0044734012,-0.00913171
1038_C1orf122_P1P2_ENSG00000197982,-0.00076636916,-0.0044660736,-0.028061442
1403_CDC42EP4_P1P2_ENSG00000179604,0.015054099,-0.0044614673,0.010136995
6128_PCID2_P2_ENSG00000126226,0.012720565,-0.0044586747,0.004118334
9512_UBE2M_P1P2_ENSG00000130725,0.030789163,-0.004457763,0.019786803
4039_IFI30_P1P2_ENSG00000216490,-0.0006670436,-0.0044518146,-0.016658211
11097_non-targeting_non-targeting_non-targeting,-0.002268227,-0.0044511897,0.007994679
3851_HNF1B_P1P2_ENSG00000275410,-0.00014591921,-0.004450374,0.011396955
7535_RPS6KL1_P1P2_ENSG00000198208,-0.0011914154,-0.00445037,0.009739741
10303_ZNF343_P1P2_ENSG00000088876,-0.02287205,-0.004445977,0.0017587146
3659_HCLS1_P1P2_ENSG00000180353,0.0027689978,-0.004444846,-0.014642686
7202_RCCD1_P1_ENSG00000166965,0.0068412237,-0.004443318,0.021220522
567_ASB6_P1P2_ENSG00000148331,-0.019333197,-0.0044401507,0.00070388714
6736_PRDX3_P1P2_ENSG00000165672,-0.0075517027,-0.004426991,0.027691985
9945_YRDC_P1P2_ENSG00000196449,-0.005427518,-0.004424422,0.015837474
3419_GMFB_P1P2_ENSG00000197045,-0.0055500404,-0.004423083,-0.008042738
11259_non-targeting_non-targeting_non-targeting,0.01019027,-0.0044223894,0.0100236805
7986_SLC25A16_P1P2_ENSG00000122912,0.014601509,-0.0044098813,0.016716339
3881_HOMEZ_P1P2_ENSG00000215271,-0.0026123442,-0.0043991804,-0.009374382
6514_POLB_P1P2_ENSG00000070501,0.009618832,-0.0043959483,0.005211912
11159_non-targeting_non-targeting_non-targeting,-0.00012414608,-0.0043836604,0.00490095
7587_RTKN2_P1P2_ENSG00000182010,-0.027026206,-0.004382378,-0.013408891
4828_MAPK1_P1P2_ENSG00000100030,0.02072475,-0.004381195,0.021594713
10268_ZNF286A_P1P2_ENSG00000187607,0.006099082,-0.004374251,-0.018629728
5330_MTMR12_P1P2_ENSG00000150712,-0.011488029,-0.0043738675,0.012344263
9578_UGP2_P1P2_ENSG00000169764,0.0059724264,-0.004370581,0.015881933
6193_PDPK1_P1P2_ENSG00000140992,-0.05182876,-0.004356488,-0.02782907
1039_CZIB_P1P2_ENSG00000162384,0.0059621483,-0.004353732,0.025427038
299_AMPD3_P1P2_ENSG00000133805,0.0058145584,-0.0043514394,0.019701028
2326_DOCK8_P1P2_ENSG00000107099,-0.015008242,-0.0043498706,-0.017291682
9296_TRIP13_P1P2_ENSG00000071539,-0.012083155,-0.0043449453,0.03469285
3107_FLI1_P1P2_ENSG00000151702,0.018202435,-0.0043427185,-0.0018403644
4632_LPCAT3_P1P2_ENSG00000111684,-0.014415462,-0.0043427,-0.01973435
1600_CHST11_P1P2_ENSG00000171310,-0.0008668938,-0.0043417476,-0.015379417
644_ATP13A3_P1P2_ENSG00000133657,0.0037883807,-0.0043411837,-0.0018325194
2817_FADS2_P1_ENSG00000134824,0.018683838,-0.004338673,-0.006463815
8402_SREBF2_P1P2_ENSG00000198911,0.008921323,-0.00432625,0.023242544
8404_SREK1_P1P2_ENSG00000153914,-0.030003356,-0.004322505,0.0012706297
4602_LIX1L_P1P2_ENSG00000271601,0.002038832,-0.0043189167,0.0027911447
2836_FAM117A_P2_ENSG00000121104,0.0024804436,-0.0043153856,-0.007903012
11107_non-targeting_non-targeting_non-targeting,0.0071186977,-0.0043048374,-0.0072937934
9628_USF2_P1P2_ENSG00000105698,-0.010189887,-0.004304824,-0.0086135445
10060_ZEB1_P1_ENSG00000148516,-0.0055654095,-0.0043016914,0.0060095135
6764_PRKCSH_P1P2_ENSG00000130175,0.0064722397,-0.0042897887,-0.0014081161
9651_USP34_P1P2_ENSG00000115464,0.002434307,-0.004281995,0.031265166
8828_TEX261_P1P2_ENSG00000144043,0.0008065443,-0.0042767585,0.0049112705
9225_TRADD_P1P2_ENSG00000102871,-0.0594439,-0.004273807,-0.02482995
2471_ECT2_P1P2_ENSG00000114346,0.042507205,-0.00427347,-0.01438298
5329_MTM1_P1P2_ENSG00000171100,-0.014508775,-0.0042699315,-0.032029126
11196_non-targeting_non-targeting_non-targeting,-0.0070927497,-0.0042675785,0.0039797523
3960_HSF2_P1P2_ENSG00000025156,0.030682528,-0.0042653424,-0.00045446356
5610_NEURL4_P1P2_ENSG00000215041,0.011325323,-0.004263811,-0.013892752
6955_PUS1_P1P2_ENSG00000177192,0.0122053735,-0.004241947,0.009639975
9827_WDR53_P1P2_ENSG00000185798,0.0058391737,-0.0042384607,0.0003017294
8548_STX10_P1P2_ENSG00000104915,-0.011603719,-0.0042369016,0.0021217612
5386_MYL4_P1P2_ENSG00000198336,-0.0112669915,-0.004226658,-0.010670465
665_ATP5PF_P1P2_ENSG00000154723,-0.008705924,-0.0042264294,0.008654707
1122_FMC1_P1P2_ENSG00000164898,-0.008862813,-0.0042244545,0.00870279
2736_ESR1_P2_ENSG00000091831,-0.006104814,-0.0042202165,0.0054350137
10142_ZMYM1_P1P2_ENSG00000197056,-0.01886815,-0.0042091818,-0.027069502
7884_SH3GL3_P1P2_ENSG00000140600,0.005997267,-0.0042056707,0.0128878215
8727_TBCCD1_P1_ENSG00000113838,0.0074304114,-0.0042020534,-0.023084978
571_ASCC2_P1P2_ENSG00000100325,-0.0030816395,-0.0041756444,0.0014110402
1524_CERS4_P1P2_ENSG00000090661,-0.0059702187,-0.0041701864,0.0031627535
10495_ZNF606_P1P2_ENSG00000166704,-0.012634533,-0.0041645756,-0.028984811
10529_ZNF654_P1P2_ENSG00000175105,0.004050385,-0.0041625015,-0.0029775414
286_ALX4_P1P2_ENSG00000052850,0.009186902,-0.004161014,-0.010295006
11276_non-targeting_non-targeting_non-targeting,0.011846828,-0.0041540847,-0.0211533
610_ATF6_P1P2_ENSG00000118217,0.009914323,-0.0041515455,-0.0005307694
2255_DMPK_P1P2_ENSG00000104936,0.007577261,-0.0041483142,-0.010572596
11108_non-targeting_non-targeting_non-targeting,-0.005990616,-0.004147357,-0.0013713539
9483_UBA5_P1P2_ENSG00000081307,0.0174894,-0.0041446495,-0.0035242874
11034_non-targeting_non-targeting_non-targeting,0.009289772,-0.004142706,0.012053377
11088_non-targeting_non-targeting_non-targeting,-0.0010877302,-0.0041338047,-0.0077534905
8533_STON2_ENST00000267540.2_ENSG00000140022,0.018946946,-0.004131762,0.03349066
3420_GMFG_P1P2_ENSG00000130755,0.00768862,-0.0041303164,-0.028369984
4263_JTB_P1P2_ENSG00000143543,-0.000115966126,-0.004114675,0.007424064
4293_KCNE3_P2_ENSG00000175538,0.009168508,-0.004114298,0.010945608
1615_CIR1_P1P2_ENSG00000138433,0.024538666,-0.0041134544,-0.0065722363
3127_FNDC3B_P1P2_ENSG00000075420,-0.00716529,-0.004107717,-0.011716271
5209_MRPL27_P1P2_ENSG00000108826,-0.12324469,-0.0041059633,-0.037828907
9956_YWHAZ_P1P2_ENSG00000164924,-0.003229086,-0.004104611,-0.017440805
578_ASF1A_P1P2_ENSG00000111875,-0.017707441,-0.004098417,-0.002648401
557_ARX_P1_ENSG00000004848,0.010685157,-0.004096019,0.019523013
8913_TIMELESS_P1P2_ENSG00000111602,-0.010355346,-0.004094967,0.033364426
6212_PELI1_P1P2_ENSG00000197329,-0.011746806,-0.0040895417,-0.010142416
8612_SWI5_P1P2_ENSG00000175854,0.015102726,-0.0040893764,0.025983928
5605_NES_P1_ENSG00000132688,-0.00395486,-0.004089136,0.039127577
7291_RHOBTB3_P1P2_ENSG00000164292,0.011063599,-0.004084489,0.008872616
6151_PDCD10_P1P2_ENSG00000114209,0.0057224273,-0.004083708,-0.0005634299
8861_TGFBR3_P1P2_ENSG00000069702,0.02171013,-0.0040743896,-0.0069488883
8909_TIGD4_P1P2_ENSG00000169989,0.003750479,-0.004072414,-0.009474125
3547_GSC_P1P2_ENSG00000133937,-0.00387671,-0.0040722066,-0.010820601
5237_MRPL53_P1P2_ENSG00000204822,-0.062951,-0.0040672654,-0.018119691
5710_NME1_P1_ENSG00000239672,0.021969387,-0.004063419,-0.036244083
9278_TRIM44_P1P2_ENSG00000166326,0.013581176,-0.004060859,0.015952377
7742_SEC23B_P1P2_ENSG00000101310,-0.0043001906,-0.0040556146,-0.016847672
6701_PPP6R1_P1P2_ENSG00000105063,-0.0015878158,-0.00405475,0.0022834644
5337_MTMR9_P1P2_ENSG00000104643,-0.003483989,-0.0040400117,0.0136771165
4314_KDELR1_P1P2_ENSG00000105438,-0.023870034,-0.004039995,0.03776802
4837_MAPKAPK3_P1P2_ENSG00000114738,0.008527635,-0.004038581,0.000256531
10370_ZNF446_P1P2_ENSG00000083838,0.028810177,-0.004032093,-0.002685043
6627_PPIG_P1P2_ENSG00000138398,0.0067148856,-0.004032079,0.013880457
10028_ZC3H7B_P1P2_ENSG00000100403,0.00054166385,-0.0040256088,0.023001622
7926_SIRT6_P1P2_ENSG00000077463,0.018405966,-0.004022331,-0.01211798
5429_NAA35_P1P2_ENSG00000135040,0.0069362638,-0.0040065874,-0.0025531151
9983_ZBTB25_P1P2_ENSG00000089775,0.028058505,-0.0040050237,0.028475689
6744_PREP_P1P2_ENSG00000085377,0.014038959,-0.0039982167,0.006046423
903_BRMS1L_P1P2_ENSG00000100916,0.018040929,-0.003996856,0.0003522041
153_ADI1_P1P2_ENSG00000182551,-0.020244455,-0.003996488,0.007100114
4490_L3MBTL1_P2_ENSG00000185513,0.009163389,-0.0039959177,0.0046160948
8127_SLX1A_ENST00000251303.6_ENSG00000132207,-0.007973416,-0.0039945114,0.013578329
9523_UBE2Z_P1P2_ENSG00000159202,-0.02846216,-0.0039944355,-0.006481891
1144_CAB39_P1P2_ENSG00000135932,-0.0016704128,-0.003992159,0.0018469505
9035_TMEM201_P1P2_ENSG00000188807,-0.007889276,-0.0039916625,0.03538173
929_BTN2A1_P1P2_ENSG00000112763,0.013883959,-0.003989614,-0.03592164
2119_DDX3X_P1P2_ENSG00000215301,-0.0065384572,-0.0039886325,-0.023657423
6054_PAN3_P1P2_ENSG00000152520,0.0073492415,-0.003979375,-0.0048760124
7925_SIRT5_P1P2_ENSG00000124523,0.016937315,-0.0039600767,-0.007991268
9863_WIPF3_P1P2_ENSG00000122574,0.016374964,-0.0039574,0.007811074
2315_DNMT3A_ENST00000402667.1_ENSG00000119772,-0.013179977,-0.0039529246,0.008425837
7394_RNF5_P1P2_ENSG00000204308,0.006035249,-0.0039358423,-0.020433297
11068_non-targeting_non-targeting_non-targeting,0.011589821,-0.003935062,0.018274363
7952_SLC10A4_P1P2_ENSG00000145248,-0.013433543,-0.0039232257,-0.015894767
7703_SCO2_P1P2_ENSG00000284194,-0.02316941,-0.003921178,-0.012175256
10771_non-targeting_non-targeting_non-targeting,0.0068001403,-0.0039184564,-0.0139813265
5006_METTL5_P1P2_ENSG00000138382,0.018043386,-0.0039095967,0.008304813
5603_NENF_P1P2_ENSG00000117691,-0.015408637,-0.003909213,0.010908348
9904_XRCC2_P1P2_ENSG00000196584,0.0074949185,-0.0039021198,0.0036925436
10581_ZNF713_P1P2_ENSG00000178665,0.018063605,-0.0038989405,-0.0036164066
11027_non-targeting_non-targeting_non-targeting,0.0044790795,-0.0038982034,-0.01793654
604_ATF1_P1P2_ENSG00000123268,0.008429571,-0.0038959037,-0.0038188866
11272_non-targeting_non-targeting_non-targeting,0.0003793545,-0.003891184,0.0114797
5474_NAT9_P1P2_ENSG00000109065,0.00588182,-0.0038850051,0.0064867875
9735_VOPP1_P1P2_ENSG00000154978,0.0067793094,-0.0038699855,-0.007132907
10637_ZNF787_P1P2_ENSG00000142409,0.013639082,-0.0038648539,0.009351404
"8865_TGIF2LY_ENST00000321217.4,ENST00000559055.2_ENSG00000176679",0.0059231822,-0.0038517385,0.0072309147
2086_DDAH2_P1P2_ENSG00000213722,-0.017850446,-0.0038505052,0.028631883
2934_RIPOR3_P1P2_ENSG00000042062,0.018992648,-0.0038495217,-0.015022224
4054_IFT43_P1P2_ENSG00000119650,0.0043326803,-0.0038405133,-0.001413573
10758_non-targeting_non-targeting_non-targeting,-0.008438768,-0.0038306748,-0.0009895533
2500_EFNA4_P1P2_ENSG00000243364,0.017638145,-0.0038290687,-0.0052827583
6430_PLD6_ENST00000321560.3_ENSG00000179598,0.0003267121,-0.0038253502,0.0033134187
6616_PPFIA1_P1P2_ENSG00000131626,0.0020706009,-0.0038249607,-0.0101515455
6716_PRC1_P1P2_ENSG00000198901,-0.0029787645,-0.0038232275,0.011066599
5996_OTUD4_P1P2_ENSG00000164164,0.014238368,-0.0038161331,0.020721113
10772_non-targeting_non-targeting_non-targeting,-0.013128722,-0.0038103352,-0.005457089
6095_PAX8_P1P2_ENSG00000125618,0.027257616,-0.0038023926,-0.00080198894
10902_non-targeting_non-targeting_non-targeting,0.006669727,-0.00379775,-0.012711153
7239_RETSAT_P1P2_ENSG00000042445,0.01469519,-0.0037964394,0.002518016
2206_DHX30_P2_ENSG00000132153,0.009504025,-0.003793279,-0.0019392165
418_APOM_P1P2_ENSG00000204444,-0.01707286,-0.0037858845,-0.034615647
5062_MICU2_P1P2_ENSG00000165487,0.006922487,-0.0037846512,0.006356372
3584_GTF3C1_P1P2_ENSG00000077235,0.036187466,-0.0037692182,0.006595382
468_ARHGAP4_P2_ENSG00000089820,-0.0017585863,-0.0037675027,-0.0040036133
10920_non-targeting_non-targeting_non-targeting,0.0055521997,-0.0037662575,-0.02571408
7229_RELN_P1P2_ENSG00000189056,-0.010919601,-0.0037640936,0.003523377
1459_CDV3_P1P2_ENSG00000091527,-0.003919431,-0.0037568873,0.013745364
11082_non-targeting_non-targeting_non-targeting,0.025382716,-0.0037518258,-0.021776713
11098_non-targeting_non-targeting_non-targeting,-0.003298958,-0.0037513284,0.000120657685
6509_POGK_P1P2_ENSG00000143157,0.025461318,-0.0037473515,-0.012562463
5113_MLLT3_P1P2_ENSG00000171843,-0.00040929057,-0.003744984,0.0008824967
449_ARFGEF2_P1P2_ENSG00000124198,-0.053128213,-0.0037364983,0.053231005
5388_MYL6_P1P2_ENSG00000092841,-0.00886936,-0.0037259217,0.030898375
9879_WSB2_P1P2_ENSG00000176871,-0.004577466,-0.003720142,0.025234852
3699_HES2_P2_ENSG00000069812,0.019615743,-0.0036967609,0.042926516
9407_TUBA1A_P1P2_ENSG00000167552,0.00058288494,-0.0036834716,-0.010613082
2571_EIF4G3_P2_ENSG00000075151,-0.0028000209,-0.0036742068,-0.0050122505
4831_MAPK8IP3_P1P2_ENSG00000138834,0.006826186,-0.0036699674,-0.0024477192
3181_FOXO6_P1P2_ENSG00000204060,0.026469149,-0.00366881,-0.004778372
8475_ST6GALNAC4_P1P2_ENSG00000136840,0.0072859335,-0.003668383,-0.0036003848
2777_EXO5_P1P2_ENSG00000164002,0.052812148,-0.0036607257,0.012042697
10870_non-targeting_non-targeting_non-targeting,0.0030498886,-0.0036606377,0.025013128
3967_HSP90AA1_P1P2_ENSG00000080824,-0.0027087901,-0.0036521317,0.0039140773
4992_METTL15_P2_ENSG00000169519,0.03041352,-0.0036476846,-0.0071486146
3442_GNG5_P1P2_ENSG00000174021,-0.04873101,-0.0036473826,-0.019609112
2673_EPN2_P1_ENSG00000072134,0.01619331,-0.0036423013,-0.0071911933
8509_STIP1_P1P2_ENSG00000168439,0.01226069,-0.0036408312,-0.0047382982
4006_IBTK_P2_ENSG00000005700,0.012839188,-0.0036377707,-0.017074654
1789_COQ10A_P1P2_ENSG00000135469,-0.039224435,-0.0036366247,-0.010758597
2041_DBNDD2_P1_ENSG00000244274,0.009772579,-0.00362455,0.013269635
11010_non-targeting_non-targeting_non-targeting,-0.033069927,-0.0036211982,-0.026551668
7639_SALL2_P1P2_ENSG00000165821,-0.0050697993,-0.0036188052,0.007496044
155_ADIPOR2_P1P2_ENSG00000006831,0.017621927,-0.0036173647,0.012144195
3698_HES2_P1_ENSG00000069812,0.0081084,-0.0036165197,-0.009865454
10506_ZNF618_P1P2_ENSG00000157657,-0.008468307,-0.0036127416,0.02487102
2101_DDT_ENST00000350608.3_ENSG00000099977,0.021132674,-0.0036123742,-0.008136935
1086_DIPK2A_P1P2_ENSG00000181744,0.020045329,-0.0035938476,-0.0016435854
652_ATP5F1A_P2_ENSG00000152234,0.0040630987,-0.003589663,0.0016518205
2379_VPS26C_P1P2_ENSG00000157538,0.015604993,-0.0035854613,0.021346476
7887_SH3KBP1_P1P2_ENSG00000147010,0.021351581,-0.0035837188,0.032383498
369_AP1G2_P1P2_ENSG00000213983,0.0037558624,-0.0035816503,-0.0070053427
2669_EPHX1_P1P2_ENSG00000143819,0.030907739,-0.0035760517,0.004497796
2715_ERMAP_P2_ENSG00000164010,0.00683933,-0.0035749192,-0.0015475169
6757_PRKAR1B_P1_ENSG00000188191,-0.02908183,-0.00356507,-0.038649302
7790_SEPTIN8_P1P2_ENSG00000164402,0.01019085,-0.0035607275,0.006344847
7619_S100A10_P1_ENSG00000197747,-0.002638017,-0.003545061,-0.022967422
1650_CLEC2D_P1P2_ENSG00000069493,0.024816554,-0.003543054,0.0144677935
3838_HMGN5_ENST00000358130.2_ENSG00000198157,-0.011726758,-0.0035343925,-0.009817208
8224_SNRPA_P1P2_ENSG00000077312,0.021695761,-0.003531659,0.030333411
10037_TUT7_P1P2_ENSG00000083223,0.0007376663,-0.0035299263,0.012375662
9880_WT1_P1P2_ENSG00000184937,0.011766048,-0.0035238666,0.010208025
7808_SERTAD1_P1P2_ENSG00000197019,0.020868408,-0.0035215341,0.027313715
10888_non-targeting_non-targeting_non-targeting,-0.0024497197,-0.0035137797,-0.0070456606
1861_CREB3L4_P1P2_ENSG00000143578,-0.01097919,-0.0035047513,0.009050075
6422_PLCD3_P1P2_ENSG00000161714,0.0076076644,-0.003490195,-0.010039198
6531_POLM_P1_ENSG00000122678,0.004140706,-0.003485239,0.012972399
8014_SLC25A5_P1P2_ENSG00000005022,0.021850318,-0.003481467,0.0034221343
8274_SORD_P1P2_ENSG00000140263,0.0100658275,-0.0034807099,-0.016432391
7810_SERTAD3_P1P2_ENSG00000167565,0.00628295,-0.0034800216,0.007018043
2664_EPC1_P1P2_ENSG00000120616,-0.0136506865,-0.0034784619,-0.029567387
10198_ZNF200_P1P2_ENSG00000010539,-0.013396075,-0.0034666876,-0.0052286694
3186_FOXP2_ENST00000393494.2_ENSG00000128573,0.020555537,-0.0034560757,-0.00019479047
405_CENPS_P1P2_ENSG00000175279,-0.010797618,-0.0034558615,0.013674379
9957_YY1AP1_P1P2_ENSG00000163374,0.00790326,-0.0034486754,0.017056042
2473_EDARADD_P2_ENSG00000186197,0.008236517,-0.00344674,-0.011739566
7425_RPE_P1P2_ENSG00000197713,0.011791039,-0.0034440872,-0.0016127345
6933_PTPRA_P1P2_ENSG00000132670,0.014311283,-0.0034413654,0.023283364
10773_non-targeting_non-targeting_non-targeting,0.0027713745,-0.0034275455,0.015323999
1487_CENPN_P1P2_ENSG00000166451,-0.006443967,-0.0034256377,0.00065182947
3596_GTPBP8_P1P2_ENSG00000163607,-0.05889007,-0.0034253146,-0.03869969
4658_LRRC20_P1P2_ENSG00000172731,0.01531774,-0.0034215834,0.0027058918
10599_ZNF736_P1_ENSG00000234444,0.021319646,-0.0034208468,-0.0032824217
2619_EMD_P1P2_ENSG00000102119,0.014993557,-0.0034203227,0.027435144
1867_CREBZF_P1P2_ENSG00000137504,0.018390952,-0.003417765,0.011832607
434_ARAP1_P2_ENSG00000186635,0.006416043,-0.0034069072,-0.011281035
2151_DENND4B_P2_ENSG00000198837,0.013373174,-0.0034057193,0.021540057
2517_EHD1_P1P2_ENSG00000110047,0.04321932,-0.0034028164,0.0041317823
5911_NXF1_P2_ENSG00000162231,0.017036898,-0.0034015721,0.00086784555
2760_ETV1_P1P2_ENSG00000006468,0.012102221,-0.003392588,0.009344346
2352_DPM1_P1P2_ENSG00000000419,0.002219502,-0.0033806616,-0.0054743947
9556_UBXN2B_P1P2_ENSG00000215114,0.0039836597,-0.0033793515,-0.017245345
8112_SLC8B1_P1_ENSG00000089060,-0.007009372,-0.0033778136,0.0022694669
4474_KRT10_P1_ENSG00000186395,-0.0039609987,-0.0033735596,0.0026793883
1033_C1QTNF4_P1P2_ENSG00000172247,0.0015372537,-0.00337235,-0.011487851
10269_ZNF286B_P1P2_nan,-0.0023667938,-0.0033639567,-0.013041724
3530_GRB2_P2_ENSG00000177885,0.0035551006,-0.0033623492,0.013882649
7230_RELT_P1P2_ENSG00000054967,0.01576927,-0.00335649,-0.009327386
7005_RAB11FIP1_P1P2_ENSG00000156675,0.0174029,-0.0033558449,-0.0066618174
1383_CD9_P1P2_ENSG00000010278,0.015724123,-0.0033522467,-0.025569467
869_BOLA1_P1_ENSG00000178096,-0.007369932,-0.0033511256,0.049551085
379_AP3B1_P1P2_ENSG00000132842,-0.01491587,-0.0033501296,-0.015273687
10431_ZNF540_P1_ENSG00000171817,0.013864461,-0.0033426255,0.0030858957
6561_POLR3GL_P1P2_ENSG00000121851,-0.003157013,-0.0033368384,-0.0019556335
4248_JAK2_P1P2_ENSG00000096968,-0.015611547,-0.0033323462,-0.006907761
525_ARMC8_P1P2_ENSG00000114098,0.02098811,-0.0033311113,0.034756597
5207_MRPL23_P1P2_ENSG00000214026,-0.07933007,-0.0033262165,-0.020675074
10757_non-targeting_non-targeting_non-targeting,-0.0143254595,-0.00331968,-0.009996441
1982_CXorf38_P1P2_ENSG00000185753,0.02639284,-0.0033168865,-0.030804835
9984_ZBTB26_P1P2_ENSG00000171448,0.014369642,-0.0033142536,0.0136396075
6678_PPP2CA_P1P2_ENSG00000113575,0.00988224,-0.003308472,0.0042085857
4309_KCTD9_P1P2_ENSG00000104756,0.020054659,-0.0032958535,0.003630649
7176_RBM42_P1P2_ENSG00000126254,0.03252282,-0.003295419,0.003660057
10561_ZNF699_ENST00000308650.3_ENSG00000196110,0.003698268,-0.0032950775,-0.005344476
8690_TARBP1_P1P2_ENSG00000059588,0.0033335988,-0.0032938109,-0.0026634638
4105_IMMP2L_P1P2_ENSG00000184903,0.018698452,-0.0032899848,-0.0044017076
6960_NECTIN2_P1P2_ENSG00000130202,0.008473741,-0.0032857584,0.006332891
8231_SNRPE_P1P2_ENSG00000182004,-0.031694785,-0.0032840567,-0.0051068934
10821_non-targeting_non-targeting_non-targeting,0.022840118,-0.0032836199,0.03589108
4655_LRRC14_P1_ENSG00000160959,0.0017335294,-0.0032555924,0.00040862316
6290_PHF3_P1P2_ENSG00000118482,0.013694928,-0.0032551016,-0.014937917
8177_SMIM1_P1P2_ENSG00000235169,-0.0101303235,-0.0032540632,0.0039805183
4775_MAGI1_P1P2_ENSG00000151276,0.003592448,-0.0032527198,0.0047485353
1566_CHD9_P2_ENSG00000177200,0.017309858,-0.0032502243,0.023958456
1159_CALM3_ENST00000291295.9_ENSG00000160014,0.01585002,-0.003249293,0.008949029
11287_non-targeting_non-targeting_non-targeting,0.009024749,-0.0032440429,-0.013756092
4198_IRX1_P1P2_ENSG00000170549,-0.029672608,-0.0032417404,0.018188398
"3781_HIST1H4H_ENST00000289352.1,ENST00000377727.1_ENSG00000158406",0.0075682146,-0.0032274248,0.013037735
3617_H3F3A_P1P2_ENSG00000163041,0.008597439,-0.0032267643,-0.05713721
7622_S100A1_P1_ENSG00000160678,-0.012863492,-0.0032106442,0.013459646
3357_GGNBP2_P1P2_ENSG00000278311,-0.0020192475,-0.0032100938,-0.014131253
2596_ELMOD3_P1P2_ENSG00000115459,-0.0068634925,-0.003201186,0.007890458
"3800_HIVEP3_ENST00000247584.5,ENST00000429157.2_ENSG00000127124",0.016148886,-0.0031999552,0.014316936
1730_CNTRL_P1P2_ENSG00000119397,0.0004834773,-0.0031954653,0.01207274
160_ADORA2B_P1P2_ENSG00000170425,0.004887827,-0.0031942725,0.008976917
10782_non-targeting_non-targeting_non-targeting,-0.0028603326,-0.0031921826,-0.01537572
10784_non-targeting_non-targeting_non-targeting,-0.005992038,-0.003192,-0.0075482335
3437_GNB2_P1P2_ENSG00000172354,-0.003971946,-0.0031880238,-0.0117516825
9395_TTC9C_P1P2_ENSG00000162222,0.028134609,-0.0031868785,0.008165247
3205_FSCN1_P1_ENSG00000075618,-0.0031675247,-0.0031778952,0.00084545265
9446_TXLNG_P1P2_ENSG00000086712,-0.013643396,-0.00317568,0.00075903686
6075_PARP14_P1P2_ENSG00000173193,-0.007476274,-0.0031748768,0.01296715
407_APLP2_P1P2_ENSG00000084234,0.004514117,-0.003171565,0.005121697
10485_ZNF593_P1P2_ENSG00000142684,0.0024700835,-0.003162328,-0.013659347
11296_non-targeting_non-targeting_non-targeting,-0.01163411,-0.0031605698,-0.0117929755
8955_TM4SF19_P1P2_ENSG00000145107,0.013404864,-0.0031550948,0.008372059
6588_POU2F3_P1_ENSG00000137709,0.015220467,-0.0031543567,0.026722375
5319_MTHFD2_P1_ENSG00000065911,-0.01972386,-0.003149827,-0.015276408
3247_GAB3_P1P2_ENSG00000160219,0.02614786,-0.0031308027,-0.009675668
8851_TFEC_P1P2_ENSG00000105967,0.036754522,-0.003117098,0.037332714
11127_non-targeting_non-targeting_non-targeting,0.0026791731,-0.0031127997,-0.0011204365
10783_non-targeting_non-targeting_non-targeting,0.01321398,-0.003102314,-0.01307576
10462_ZNF573_P1P2_ENSG00000189144,0.03191654,-0.003096291,0.029712867
6728_PRDM4_P1P2_ENSG00000110851,0.014934697,-0.0030889183,0.010978576
10458_ZNF570_P2_ENSG00000171827,0.006366078,-0.0030876861,0.008287428
4475_KRT17_P1P2_ENSG00000128422,0.0005179226,-0.0030832724,0.017677048
5647_NFKBID_P1_ENSG00000167604,0.024055114,-0.003077996,0.028137954
9131_TNFRSF8_P1P2_ENSG00000120949,0.029854938,-0.0030687735,-0.00902671
1922_MIA2_P1P2_ENSG00000150527,0.01442653,-0.0030612247,0.016285893
5721_NMT2_P1P2_ENSG00000152465,-0.0022527757,-0.0030573006,0.018144222
10296_ZNF334_P1P2_ENSG00000198185,0.013827844,-0.0030475964,-0.0053682304
5119_MLYCD_P1P2_ENSG00000103150,-0.004696226,-0.0030379272,-0.005804328
8031_SLC30A5_P1P2_ENSG00000145740,0.0125664575,-0.0030367826,-0.0053876746
3831_HMGCL_P1P2_ENSG00000117305,0.0050869025,-0.0030358243,0.008490429
7301_RHPN1_P1P2_ENSG00000158106,0.0119776055,-0.0030304547,-0.011620272
9234_TRAF7_P1_ENSG00000131653,-0.0026013523,-0.0030299877,0.0005057693
9538_UBN1_P1P2_ENSG00000118900,0.01299177,-0.0030132907,-0.010683866
1267_CCDC169_P1P2_ENSG00000242715,0.00132232,-0.003011431,0.029300861
8763_TCAIM_P1P2_ENSG00000179152,0.014413537,-0.003006271,0.037553262
9323_TRPM4_P1P2_ENSG00000130529,0.0020360856,-0.0029819715,-0.003144859
3810_HLA-E_P1P2_ENSG00000204592,-0.008892016,-0.0029776734,0.0062840865
4398_KIFC1_P1P2_ENSG00000237649,-0.006009928,-0.0029728261,0.007690588
10295_ZNF333_P1P2_ENSG00000160961,0.011209215,-0.002970627,0.009892183
3085_FIGNL1_P1P2_ENSG00000132436,-0.0063325106,-0.002965893,0.014401408
10154_ZNF106_ENST00000263805.4_ENSG00000103994,0.013088624,-0.0029609837,-0.009600674
6607_PPARD_P1P2_ENSG00000112033,0.02507935,-0.0029606486,0.031118788
10077_ZFHX4_P1P2_ENSG00000091656,0.0012486114,-0.002957498,-0.010772995
11025_non-targeting_non-targeting_non-targeting,0.0037260044,-0.0029426145,-0.011807446
9006_TMEM14C_P1P2_ENSG00000111843,-0.014915447,-0.002942531,-0.012197675
7177_RBM45_P1P2_ENSG00000155636,-0.00956465,-0.0029416555,-0.0063796174
6989_QSER1_P1P2_ENSG00000060749,0.02436288,-0.0029401511,-0.008801783
80_ACCS_P1P2_ENSG00000110455,-0.017987605,-0.0029369886,0.01764781
10109_ZFYVE27_P1P2_ENSG00000155256,-0.017896855,-0.0029328587,-0.01891659
3026_FBXO4_P1P2_ENSG00000151876,0.011582341,-0.0029301618,-0.00861797
4610_LMBR1L_P1P2_ENSG00000139636,-0.023039551,-0.0029221298,0.04772599
9275_TRIM38_P1P2_ENSG00000112343,-0.009966001,-0.002902044,0.0045477226
1354_CCZ1_P1P2_ENSG00000122674,0.0047839643,-0.0028997776,0.018300952
7269_RGL2_P2_ENSG00000237441,-0.005291979,-0.0028805588,-0.0064484994
186_AGGF1_P1P2_ENSG00000164252,0.024665164,-0.0028805337,0.0017216353
5254_MRPS24_P1P2_ENSG00000062582,-0.0009662967,-0.0028790967,0.016091252
6598_POU5F1_P1_ENSG00000204531,0.013596859,-0.0028771958,0.008004645
9990_ZBTB38_P2_ENSG00000177311,0.006993512,-0.002872311,0.030719753
11006_non-targeting_non-targeting_non-targeting,0.0025314693,-0.0028632456,0.033415996
4396_KIF9_P1P2_ENSG00000088727,0.007967062,-0.0028545852,0.007965093
8104_SLC6A6_P1P2_ENSG00000131389,-0.00032790235,-0.002854443,-0.010177577
324_ANKRD10_P1P2_ENSG00000088448,0.047255486,-0.0028532476,-0.010550614
3211_FTO_P1P2_ENSG00000140718,0.0035742018,-0.0028529784,0.010006299
9513_UBE2N_P1P2_ENSG00000177889,-0.006965443,-0.0028508247,0.02357464
1258_CCDC138_P1P2_ENSG00000163006,0.0031689436,-0.0028480063,-0.0037766628
5026_MFSD12_P1P2_ENSG00000161091,-0.009770376,-0.002844259,-0.022878349
5019_MFGE8_P1P2_ENSG00000140545,-0.00035494872,-0.002838036,0.0011016936
4162_IPO4_P1P2_ENSG00000196497,-0.003303224,-0.002837765,-0.006710683
1827_CPEB1_ENST00000562019.1_ENSG00000214575,0.035826266,-0.0028341566,-0.00047722535
3301_GATAD2B_P1P2_ENSG00000143614,-0.0023383766,-0.0028294718,-0.0004037374
6375_PIR_P1P2_ENSG00000087842,-0.012462232,-0.002826281,0.010065854
9310_TRMT2B_P1P2_ENSG00000188917,-0.0054595866,-0.002811994,0.01069405
4413_KLF15_P1P2_ENSG00000163884,-0.028338682,-0.0028074288,0.0056006243
10128_ZKSCAN2_P1P2_ENSG00000155592,0.010054227,-0.0028025901,0.0060374527
6903_PTDSS1_P1P2_ENSG00000156471,-0.004296076,-0.002785405,-0.030136563
3892_HOXA3_P1_ENSG00000105997,0.009183997,-0.0027789564,0.0381115
7102_RAP1GAP_P2_ENSG00000076864,-0.0006379203,-0.002774521,0.011071817
9077_TMEM50B_P1P2_ENSG00000142188,0.011179143,-0.0027678995,0.0049619386
10488_ZNF595_P2_ENSG00000272602,0.00082727,-0.0027640127,-0.01232387
4017_MRPL58_P1P2_ENSG00000167862,-0.037086133,-0.0027530722,-0.027098235
3392_GLI2_ENST00000361492.4_ENSG00000074047,-0.0031194875,-0.0027515711,-0.003951086
6660_PPP1R15A_P1P2_ENSG00000087074,-0.0028034593,-0.0027224107,0.049777064
3139_FOSL2_P1P2_ENSG00000075426,0.009038853,-0.002716351,0.03251799
9595_UNC93B1_P1P2_ENSG00000110057,0.00086598255,-0.0027109112,0.0124608
9288_TRIM7_P1P2_ENSG00000146054,0.028818682,-0.0027099873,0.012523238
10667_ZNF837_P1P2_ENSG00000152475,0.010507946,-0.0027033947,-0.0035337014
10497_ZNF608_P1_ENSG00000168916,0.026915483,-0.0026937532,0.0049055973
9498_UBE2D3_P1P2_ENSG00000109332,-0.0018290462,-0.002688412,-0.010866402
7331_RNASEH2C_P1P2_ENSG00000172922,0.033161495,-0.0026799475,0.0146194305
465_ARHGAP24_P1P2_ENSG00000138639,0.0048093577,-0.0026711787,-0.00069872366
10673_ZNF844_P1P2_ENSG00000223547,-0.010856362,-0.0026598524,-0.0005855419
38_ABHD10_P1P2_ENSG00000144827,0.015817778,-0.0026588945,-0.0036092268
6208_PEBP1_P1P2_ENSG00000089220,0.027294941,-0.0026565478,0.0054458533
8827_TEX15_ENST00000256246.2_ENSG00000133863,-0.00020272791,-0.0026525485,0.02084497
5205_MRPL21_P1P2_ENSG00000197345,-0.073807344,-0.0026508404,0.00020349225
3842_HMMR_P1P2_ENSG00000072571,-0.002714778,-0.0026333404,0.0317907
291_AMFR_P1P2_ENSG00000159461,0.007861487,-0.002626339,-0.020958373
4093_IL17RA_P1P2_ENSG00000177663,-0.0017096078,-0.0026100373,0.0102496445
7409_ROCK2_P1P2_ENSG00000134318,-0.0041819974,-0.0026031395,0.0053913095
8324_SPATA33_P1P2_ENSG00000167523,0.011252138,-0.002601292,0.0065645287
427_AQP10_P1P2_ENSG00000143595,-0.009826123,-0.0025942295,0.0068362732
6618_PPFIA3_P2_ENSG00000177380,0.027503269,-0.0025931452,0.009834559
9286_TRIM68_P1P2_ENSG00000167333,0.03837194,-0.0025892484,-0.013629025
3162_FOXI2_P1P2_ENSG00000186766,-0.0010647435,-0.0025826474,-0.015639411
7031_RAB40C_P1P2_ENSG00000197562,0.0017055077,-0.0025826092,0.0084048
10839_non-targeting_non-targeting_non-targeting,-0.02114729,-0.0025780525,-0.005856815
2608_ELP6_P1P2_ENSG00000163832,0.01851104,-0.0025674417,0.011283581
4373_KIDINS220_P1P2_ENSG00000134313,0.024285978,-0.0025607697,-0.010969811
10469_ZNF579_P1P2_ENSG00000218891,0.0160366,-0.0025605832,-0.0075395713
3871_HNRNPL_P2_ENSG00000104824,-0.009921226,-0.0025509875,-0.0141291125
8243_SNX14_P1P2_ENSG00000135317,-0.009475903,-0.002546957,-0.015687065
10765_non-targeting_non-targeting_non-targeting,0.000636193,-0.0025324514,-0.0024272946
9761_VPS4B_P1P2_ENSG00000119541,0.011212742,-0.0025308225,0.021487512
10804_non-targeting_non-targeting_non-targeting,0.020305779,-0.0025287417,-0.0060223136
6891_PSRC1_P1P2_ENSG00000134222,-0.012665144,-0.0025272078,0.007348648
4628_LPA_P1P2_ENSG00000198670,-0.0052699503,-0.0025253831,0.008931069
10053_ZDHHC6_P1P2_ENSG00000023041,0.018945474,-0.0025093313,0.0204164
6708_PPWD1_P1P2_ENSG00000113593,0.015814554,-0.0025049474,0.027896194
8992_TMEM126A_P1P2_ENSG00000171202,-0.0029585143,-0.0025042589,-0.002447742
10785_non-targeting_non-targeting_non-targeting,0.0034865846,-0.0025015147,-0.024683142
5236_MRPL52_P1P2_ENSG00000172590,-0.094831094,-0.0024964463,-0.031184291
5607_NETO2_P1P2_ENSG00000171208,0.008767953,-0.0024953973,-0.0062378477
11168_non-targeting_non-targeting_non-targeting,0.02298173,-0.0024934406,-0.0013880932
3222_FURIN_P1_ENSG00000140564,-0.018168472,-0.0024928707,0.01594621
3913_HOXC13_P1P2_ENSG00000123364,0.0134754125,-0.002492161,-0.02344637
3641_HAUS7_P2_ENSG00000213397,0.025239626,-0.0024904811,0.023207527
558_ARX_P2_ENSG00000004848,0.017445818,-0.0024759844,-5.0864615e-05
2952_FAM91A1_P1P2_ENSG00000176853,0.005571403,-0.0024574918,0.011074128
3578_GTF2H5_P1P2_ENSG00000272047,-0.008002462,-0.0024569551,0.008049658
735_B4GALT2_P1P2_ENSG00000117411,0.010681374,-0.0024329578,0.0035028583
8604_SURF4_P1P2_ENSG00000148248,-0.004823794,-0.0024267673,-0.002768144
2922_DENND10_P1P2_ENSG00000119979,0.018525442,-0.002414193,0.009115532
3813_HLF_P2_ENSG00000108924,0.011280744,-0.0024112235,-0.00079530355
9472_U2AF1L4_P1P2_ENSG00000161265,0.009331874,-0.0024063408,-0.0035418267
10153_ZNF101_P1P2_ENSG00000181896,0.009385996,-0.002399849,0.0050326674
8534_STPG1_P1P2_ENSG00000001460,-0.002196685,-0.0023985652,-0.01949377
2917_FAM24B_P1P2_ENSG00000213185,0.007993313,-0.0023984553,0.0010148684
9592_UNC45A_P1_ENSG00000140553,0.0003385025,-0.0023739627,-0.012888986
3927_HOXD8_P1P2_ENSG00000175879,0.010660701,-0.0023705,0.009826335
10130_ZKSCAN4_P1P2_ENSG00000187626,0.008932879,-0.002365205,-0.0130339265
2327_DOCK9_P1P2_ENSG00000088387,-0.0027973752,-0.0023606126,0.0058270195
9086_TMEM60_P1P2_ENSG00000135211,0.01187516,-0.002359127,0.00920071
5288_MSMO1_P1P2_ENSG00000052802,-0.018112404,-0.0023479878,-0.014431213
4489_L3HYPDH_P1P2_ENSG00000126790,-0.011992793,-0.0023379268,0.0071858186
3662_HDAC1_P1P2_ENSG00000116478,-0.0057190666,-0.0023359393,-0.03029223
2908_FAM217B_P1_ENSG00000196227,0.02418335,-0.002333885,0.0131815495
1338_CCNT2_P1P2_ENSG00000082258,0.031076154,-0.0023319111,0.012148754
282_ALMS1_P1P2_ENSG00000116127,0.034833033,-0.0023308315,0.0047057075
7786_SEPTIN5_P2_ENSG00000184702,0.0098684095,-0.0023283805,-0.020470643
3991_HTRA2_P1P2_ENSG00000115317,0.008288055,-0.0023282762,0.01765084
1025_SHFL_P1P2_ENSG00000130813,-0.023687083,-0.0023246205,-0.02341431
5972_ORMDL2_P1P2_ENSG00000123353,0.006485784,-0.002323666,0.005302184
10175_ZNF148_P1P2_ENSG00000163848,0.011624226,-0.0023211166,-0.02415369
5767_NPHP4_P1P2_ENSG00000131697,0.012498714,-0.0023169518,0.010430029
7429_RPGR_P1P2_ENSG00000156313,-0.018846536,-0.0023005307,-0.002824291
11178_non-targeting_non-targeting_non-targeting,0.005352815,-0.0022965376,-0.010367482
4838_MAPKAPK5_P1P2_ENSG00000089022,-0.0010002921,-0.002292785,-0.010826781
3563_GSTZ1_P1P2_ENSG00000100577,0.009822108,-0.002285409,-0.024261355
11194_non-targeting_non-targeting_non-targeting,0.012427198,-0.0022843936,-0.0066098487
8570_SUB1_P2_ENSG00000113387,-0.004921448,-0.0022818758,0.020207128
6414_PLAGL2_P1P2_ENSG00000126003,-0.0022917353,-0.002276962,0.020642698
296_AMOTL1_P1P2_ENSG00000166025,-0.017149145,-0.0022628452,-0.03582831
3746_HIST1H1E_P1P2_ENSG00000168298,0.038854647,-0.0022604025,-0.016063131
6841_PSMA1_P1P2_ENSG00000129084,-0.006542931,-0.0022550172,0.007058899
5847_NTHL1_P1P2_ENSG00000065057,0.0014153982,-0.0022530875,0.01631949
9220_TRA2A_P2_ENSG00000164548,0.028102225,-0.0022450236,0.015155712
8536_STRADA_P1P2_ENSG00000266173,-0.0044179824,-0.0022291148,-0.004963862
5615_NEUROG1_P1P2_ENSG00000181965,0.0069199214,-0.0022289748,0.01955939
9811_WDR25_P1P2_ENSG00000176473,0.008454546,-0.0022228716,0.018451875
2833_FAM111A_P1_ENSG00000166801,-0.0017502878,-0.002222427,0.016827416
4621_LMX1A_P1P2_ENSG00000162761,-0.0012598282,-0.0022178846,-0.001349102
2643_ENO3_P1_ENSG00000108515,-0.004712325,-0.0022131847,-0.002982351
314_ANK1_P1P2_ENSG00000029534,0.0014089076,-0.0022099847,-0.012536288
9432_TULP4_P1P2_ENSG00000130338,0.0044017863,-0.0022046221,0.021627685
6774_PRMT1_P1P2_ENSG00000126457,-0.031745583,-0.0021947953,0.019267993
5773_NPRL3_P1P2_ENSG00000103148,0.02105125,-0.0021935538,0.0034261479
5608_NEU1_P1P2_ENSG00000204386,-0.0039700363,-0.0021932398,-0.006351225
8519_STK32C_P1_ENSG00000165752,0.0196638,-0.0021931182,-0.0099788625
7559_RRN3_P1P2_ENSG00000085721,0.050333336,-0.0021904798,0.06644285
1967_CUTA_P1P2_ENSG00000112514,0.0044835084,-0.0021893347,0.029441496
4091_IL13RA1_P1P2_ENSG00000131724,0.0067352057,-0.0021875103,-0.0011993307
5569_NDUFS5_P1_ENSG00000168653,-0.027449526,-0.0021863112,-0.014896145
9637_USP16_P1P2_ENSG00000156256,0.02688281,-0.0021799675,0.020504998
10502_ZNF613_P1P2_ENSG00000176024,0.010849863,-0.002175679,0.01997058
3947_HSD11B1L_P1P2_ENSG00000167733,0.0035477483,-0.0021718277,-0.010758848
11030_non-targeting_non-targeting_non-targeting,-0.0059936414,-0.0021621787,0.0004892014
1291_CCDC71L_P1P2_ENSG00000253276,0.010659222,-0.0021563987,-0.010417998
6966_PWWP2B_P1_ENSG00000171813,0.016038239,-0.002149187,0.0096196495
4013_ICAM5_P1_ENSG00000105376,0.0045528314,-0.002145654,-0.029543966
6673_PPP1R3E_P1_ENSG00000235194,-0.00064003345,-0.002145104,0.001826737
3647_HBA2_P2_ENSG00000188536,-0.0016698876,-0.0021438813,0.0063366983
5523_NDFIP1_P1P2_ENSG00000131507,0.019876078,-0.002134139,-0.0031549085
9927_YES1_P1P2_ENSG00000176105,0.005920162,-0.0021329802,0.00992337
10465_ZNF575_P1P2_ENSG00000176472,0.011828605,-0.0021238003,0.0035314937
9518_UBE2S_P1P2_ENSG00000108106,0.011363858,-0.0021231768,0.033217326
11170_non-targeting_non-targeting_non-targeting,-0.0112949135,-0.002122198,-0.0029605837
438_ARF1_P1P2_ENSG00000143761,0.027944935,-0.002120008,-0.006253612
3811_HLCS_P2_ENSG00000159267,0.005534269,-0.0021091315,0.0052587152
5316_MTHFD1L_P1P2_ENSG00000120254,-0.01803296,-0.0021005843,-0.013314897
10275_ZNF300_P1P2_ENSG00000145908,0.030197047,-0.0020875505,0.0014203204
2759_ETS2_P1P2_ENSG00000157557,0.0045269597,-0.0020847959,-0.019373098
2683_EPS8L1_P1_ENSG00000131037,0.010509735,-0.002080027,-0.024634343
4637_LPL_P1P2_ENSG00000175445,0.0041397777,-0.0020773856,0.02864209
8845_TFDP2_P1_ENSG00000114126,-0.0043491274,-0.0020727792,-0.02223332
4432_KLHL11_P1P2_ENSG00000178502,0.00044771892,-0.0020688677,-0.00082835444
1856_CRCP_P1P2_ENSG00000241258,0.01030975,-0.0020688362,0.0092206495
5926_OFD1_P1P2_ENSG00000046651,-0.0033881178,-0.002063406,0.02271676
5642_NFKB1_P1P2_ENSG00000109320,0.0129245715,-0.0020521665,-0.02488878
8420_SRPK2_P1_ENSG00000135250,-0.019048879,-0.0020497183,-0.0007389908
5325_MTHFS_P2_ENSG00000136371,-0.0080594355,-0.0020447897,-0.010783202
10704_ZNRF1_P1P2_ENSG00000186187,-0.00031722893,-0.0020401028,0.004027594
9137_TNIP2_P1P2_ENSG00000168884,0.016239488,-0.0020399515,-0.0022514532
9381_TTC21B_P1P2_ENSG00000123607,-0.0062093684,-0.002035101,0.0020645605
9550_UBTF_P1P2_ENSG00000108312,0.017229471,-0.0020341214,0.0074063046
212_AHSA2_P1P2_nan,0.012733487,-0.0020340334,-0.0066526723
51_ABHD6_P1P2_ENSG00000163686,-0.0042834207,-0.00202994,0.011218411
1130_PAXX_P1P2_ENSG00000148362,0.008330413,-0.0020185076,-0.0082780225
10724_ZSCAN31_P2_ENSG00000235109,0.020763556,-0.0020178442,0.031296548
8774_TCF12_P2_ENSG00000140262,0.014203881,-0.0019926769,-0.00023771425
4239_ITPR3_P1P2_ENSG00000096433,0.0004790346,-0.0019804363,0.006925414
5308_MTF2_P1P2_ENSG00000143033,-0.0047436487,-0.0019784677,-0.014400841
8198_SNAI1_P1P2_ENSG00000124216,0.018031532,-0.0019773722,0.022826163
9621_URI1_P1P2_ENSG00000105176,-0.014732371,-0.0019492954,0.04076958
10430_ZNF540_P2_ENSG00000171817,0.004812476,-0.0019467054,-0.0018987171
2449_EAPP_P1P2_ENSG00000129518,-0.0261582,-0.0019438491,-0.007147374
10094_ZFP69B_P1P2_ENSG00000187801,-6.1998304e-05,-0.0019435189,0.00603654
5844_NT5DC3_P1P2_ENSG00000111696,0.00769941,-0.001931078,4.066775e-06
466_ARHGAP25_P1P2_ENSG00000163219,-0.004036131,-0.0019202051,-0.025387786
4835_MAPKAP1_P1_ENSG00000119487,-0.050566368,-0.0019084213,-0.0005117804
3671_HDGF_P1P2_ENSG00000143321,-0.021781476,-0.0019023053,-0.0026171983
566_ASB3_P1P2_ENSG00000115239,0.0109161325,-0.0019019219,-0.0040807268
2700_ERCC8_P1P2_ENSG00000049167,-0.00038670702,-0.0018979013,-0.02659288
2867_FAM160A2_P1P2_ENSG00000051009,0.0048676715,-0.0018803778,0.014195949
10592_ZNF726_P1P2_ENSG00000213967,0.0074176462,-0.0018800932,-0.005350697
3918_HOXC9_P1P2_ENSG00000180806,-0.009693078,-0.0018758001,0.013611229
6037_PAGE2B_P1P2_ENSG00000238269,0.018933633,-0.0018624475,0.00082625425
3242_G3BP2_P1P2_ENSG00000138757,0.028384829,-0.0018526929,-0.01327196
8773_TCF12_P1_ENSG00000140262,-0.050628174,-0.0018493892,-0.0069367755
4854_MARK3_P1_ENSG00000075413,0.0206916,-0.0018420029,0.0012846045
4288_KBTBD3_P1P2_ENSG00000182359,0.025788717,-0.001840804,0.005390136
1609_CIAO1_P1P2_ENSG00000144021,0.009475021,-0.0018389138,0.010837052
7725_SDHA_P1P2_ENSG00000073578,0.0064040185,-0.0018310988,0.035712663
2991_FBXL12_P1P2_ENSG00000127452,0.008395978,-0.0018295718,-0.003779121
7652_SAPCD2_P1P2_ENSG00000186193,0.00082628266,-0.0018173195,-0.0054313983
8441_SRXN1_P1P2_ENSG00000271303,-0.0029244786,-0.0018104543,-0.009321073
3997_HYAL3_P1P2_ENSG00000186792,0.010442667,-0.0018063587,-0.017117035
1194_NAXD_P1P2_ENSG00000213995,0.013339025,-0.0018054526,0.0005466764
450_ARFIP1_P1P2_ENSG00000164144,-0.00014784964,-0.0018019461,-0.007202379
4337_KHDRBS1_P1P2_ENSG00000121774,-0.018545764,-0.0018007703,0.0067589018
7345_RNF126_P1P2_ENSG00000070423,-0.0128396675,-0.0017983628,-0.0065017194
9758_VPS41_P2_ENSG00000006715,-0.016432904,-0.001795658,0.00287096
11302_non-targeting_non-targeting_non-targeting,-0.0043431204,-0.0017920556,0.0017651899
486_ARID1A_P1P2_ENSG00000117713,0.012896918,-0.001789918,0.021091308
3689_HELZ_P1P2_ENSG00000198265,0.013879802,-0.0017831252,-0.0040912805
"5514_NCOR2_ENST00000356219.3,ENST00000397355.1,ENST00000404621.1,ENST00000429285.2_ENSG00000196498",-0.0067838975,-0.0017802198,0.021655193
2027_DAPK3_P1P2_ENSG00000167657,-0.020904057,-0.0017786479,0.013722833
6009_OXNAD1_P2_ENSG00000154814,0.009726337,-0.0017720544,-0.012666655
41_ABHD13_P1P2_ENSG00000139826,-0.004988223,-0.0017718573,-0.011522239
3510_GPR180_P1P2_ENSG00000152749,-0.015695931,-0.0017718219,0.022628587
3444_GNL1_P1P2_ENSG00000204590,0.04457874,-0.0017662109,0.033218965
10195_ZNF195_P1P2_ENSG00000005801,-0.012831637,-0.0017590593,-0.0036009555
3817_HM13_P1P2_ENSG00000101294,0.018166676,-0.0017553421,0.002334772
10849_non-targeting_non-targeting_non-targeting,0.03282333,-0.0017478277,0.026892034
4819_MAP4K4_P1P2_ENSG00000071054,0.00039908878,-0.0017443509,0.01631029
6738_PRDX5_P1P2_ENSG00000126432,0.016072359,-0.0017426275,0.0008877697
2108_DDX19B_P2_ENSG00000157349,0.004776342,-0.0017383615,-0.010428
10742_ZYG11A_P1P2_ENSG00000203995,0.016671902,-0.0017353089,-0.032545403
2420_DYM_P1P2_ENSG00000141627,0.0065946043,-0.0017317907,0.011287696
9886_XAB2_P1P2_ENSG00000076924,-0.013731064,-0.001721997,0.00841646
11217_non-targeting_non-targeting_non-targeting,-0.0018225639,-0.0017213442,-0.0020652993
5889_NUP160_P1P2_ENSG00000030066,-0.0004694232,-0.0017207859,-0.008798408
11067_non-targeting_non-targeting_non-targeting,-0.009332523,-0.0017176452,-0.0031654516
4529_LBX2_P1P2_ENSG00000179528,0.008035876,-0.0017154453,0.004165471
10104_ZFR_P1P2_ENSG00000056097,0.053190015,-0.0017120403,0.008652053
752_BAHCC1_P1P2_ENSG00000266074,0.006292088,-0.0017111403,0.017501729
1369_CD53_P1P2_ENSG00000143119,-0.01650055,-0.0017013795,-0.00096641766
3323_GCOM1_P1P2_ENSG00000137878,-0.0038525506,-0.0016982729,0.014412071
4446_KLHL7_P1P2_ENSG00000122550,-0.016517349,-0.0016973782,-0.020977966
10000_ZBTB46_P1P2_ENSG00000130584,-0.0010900744,-0.001696868,-0.012184531
6642_PPM1G_P1_ENSG00000115241,0.17825842,-0.0016951503,0.049785893
9436_TUT1_P2_ENSG00000149016,0.007031796,-0.0016744487,0.009426252
10953_non-targeting_non-targeting_non-targeting,-0.0013071866,-0.0016725865,-0.012508868
9344_TSHZ3_P1P2_ENSG00000121297,0.0056050722,-0.0016675148,-0.026377957
239_AKNA_P2_ENSG00000106948,-0.0072222543,-0.0016666331,-0.009596157
6180_PDIA5_P1P2_ENSG00000065485,0.009502831,-0.0016614444,-0.004712252
5663_NHLH1_P1P2_ENSG00000171786,-0.0096588135,-0.0016576648,0.0074434956
5088_MIXL1_P1P2_ENSG00000185155,-0.002193569,-0.0016313685,0.009188076
6709_PPY_P1P2_ENSG00000108849,0.024687357,-0.0016306842,0.04701893
8116_SLC9A3R2_P2_ENSG00000065054,0.018524703,-0.0016294566,0.015231103
5681_NIT1_P1P2_ENSG00000158793,-0.025279213,-0.0016109502,0.0012227768
5219_MRPL37_P1P2_ENSG00000116221,-0.10050346,-0.0016075697,-0.022403793
3384_GLB1L2_P1P2_ENSG00000149328,0.003429302,-0.0016057789,-0.009394093
9421_TUBB_P2_ENSG00000196230,-0.0067413663,-0.0016046835,-0.0054911654
8539_STRBP_P1P2_ENSG00000165209,0.009796656,-0.0016038837,0.049001303
4642_LRFN1_P1P2_ENSG00000128011,0.012644512,-0.0016006442,0.013065311
2285_DNAJC10_P1P2_ENSG00000077232,0.013811576,-0.0015853534,0.012726586
8868_TGOLN2_P1P2_ENSG00000152291,0.02173502,-0.0015713226,-0.011754912
306_ANAPC1_P1P2_ENSG00000153107,-0.0072324914,-0.0015672686,-0.0070270593
7298_RHOXF1_P1P2_ENSG00000101883,0.009697528,-0.0015602848,-0.008946111
8278_SOX10_P1P2_ENSG00000100146,0.016414035,-0.001559646,0.0055001606
8452_SSH2_P1P2_ENSG00000141298,0.012686818,-0.0015574923,-0.006973039
2283_DNAJB6_P1P2_ENSG00000105993,-0.010157805,-0.0015411027,-0.021389997
7838_SF3B4_P1P2_ENSG00000143368,0.012070284,-0.0015396818,-0.0059190607
365_ANXA7_P1P2_ENSG00000138279,-0.043083806,-0.0015395529,0.013915723
1446_CDKN1B_P1P2_ENSG00000111276,-0.014659596,-0.0015379632,-0.010029957
8884_THEM6_P1P2_ENSG00000130193,0.024628032,-0.0015366069,-0.011119914
7382_RNF220_ENST00000443020.2_ENSG00000187147,0.006923206,-0.0015340298,0.0024723103
1825_CPAMD8_ENST00000443236.1_ENSG00000160111,-0.0030035123,-0.0015306071,-0.00024308643
7106_RAP2B_P1P2_ENSG00000181467,-0.012262217,-0.0015301467,0.0101621095
4217_ISY1_P1P2_ENSG00000240682,0.012527641,-0.0015295972,-0.012283737
1485_CENPL_P1P2_ENSG00000120334,-0.029944886,-0.0015248739,-0.0045585833
187_AGK_P1P2_ENSG00000006530,0.0029321816,-0.0015243612,-0.009827741
3043_FCGR2A_P1P2_ENSG00000143226,1.2208696e-05,-0.0015220372,0.011851029
3623_HADH_P1P2_ENSG00000138796,0.03708348,-0.0015095212,0.008421815
7528_RPS6KA1_P1_ENSG00000117676,-0.0072828177,-0.0015083954,0.0023997247
6243_PFKFB4_P1P2_ENSG00000114268,0.011210075,-0.0015056485,0.001169698
4661_LRRC37A3_P1P2_ENSG00000176809,-0.005698024,-0.0015032988,0.032299772
2459_EBP_P1_ENSG00000147155,0.011734048,-0.0014976554,0.019246288
5434_NAAA_P1P2_ENSG00000138744,-0.0046006204,-0.0014852652,0.015379984
1874_CRKL_P1P2_ENSG00000099942,0.035415594,-0.0014846079,0.011328189
4350_KIAA0513_P1P2_ENSG00000135709,-0.011452094,-0.0014805172,0.015178708
8237_SNW1_P2_ENSG00000100603,0.0057613123,-0.0014726555,0.0022005397
3556_GSS_P1P2_ENSG00000100983,-0.0016999396,-0.0014721713,0.019186074
8511_STK11_P1_ENSG00000118046,0.0015527346,-0.001459477,-0.012315848
10395_ZNF490_P1P2_ENSG00000188033,-0.002336393,-0.0014586622,-0.0030554677
5042_MGME1_P1P2_ENSG00000125871,0.002041048,-0.0014525007,0.033613827
2906_PRXL2A_P2_ENSG00000122378,-0.000712771,-0.0014449051,0.026541168
5484_NBPF3_P1P2_ENSG00000142794,-0.011317951,-0.00143207,-0.0013483475
6884_PSMG2_P1P2_ENSG00000128789,0.0039430507,-0.001429153,-0.0014748026
3490_GPATCH2_P1P2_ENSG00000092978,-0.037204254,-0.0014270509,-0.027566977
9800_WDFY2_P1P2_ENSG00000139668,0.0045100655,-0.0014230815,-0.0017085023
5206_MRPL22_P1P2_ENSG00000082515,-0.09614043,-0.0014195441,-0.03175624
5990_OSTC_P1P2_ENSG00000198856,0.003457352,-0.0014161773,-0.012555676
6247_PFKM_P2_ENSG00000152556,-0.00023447211,-0.00141103,-0.0062340936
1297_CCDC82_P1P2_ENSG00000149231,-0.0151007045,-0.0014042179,0.013826084
2293_DNAJC1_P1P2_ENSG00000136770,-0.0027545788,-0.0014023301,0.028242536
9450_TXNDC15_P1P2_ENSG00000113621,-0.0019836482,-0.0013903191,-0.001122574
1411_CDC7_P1P2_ENSG00000097046,-0.00729639,-0.0013901931,0.00956404
3044_FCGR2C_ENST00000543859.1_nan,-0.0105587095,-0.0013897088,-0.003534727
9061_TMEM251_P1P2_ENSG00000153485,0.00024954346,-0.0013895754,0.012577547
10223_ZNF22_P1P2_ENSG00000165512,-0.026642758,-0.0013835547,-0.010013562
10143_ZMYM2_P1P2_ENSG00000121741,0.003332241,-0.0013777905,-0.01748272
728_B3GNT2_P1P2_ENSG00000170340,-0.03858709,-0.0013691409,-0.020895515
3941_HS2ST1_P1P2_ENSG00000153936,-0.0005740608,-0.0013635779,0.0030727356
2994_FBXL15_P1P2_ENSG00000107872,0.018862527,-0.0013616465,0.015444159
10557_ZNF692_P1P2_ENSG00000171163,-0.017741138,-0.0013504145,0.004415629
10701_ZNHIT3_P1P2_ENSG00000273611,0.080312155,-0.0013489716,0.010300126
3869_HNRNPK_P1P2_ENSG00000165119,-0.09206793,-0.0013466418,-0.011785757
7963_SLC12A9_P1_ENSG00000146828,0.0017455139,-0.0013434637,0.00027967306
1734_COA4_P1P2_ENSG00000181924,0.00061311555,-0.0013363836,-0.006897959
10611_ZNF763_P1P2_ENSG00000197054,-0.0017444463,-0.0013276862,0.008602779
1984_CXorf40B_P1P2_ENSG00000197021,0.0064964825,-0.0013260524,0.008818569
8366_SPOP_P1P2_ENSG00000121067,0.014135839,-0.0013249385,-0.004729891
4213_ISOC2_P1_ENSG00000063241,-0.008628998,-0.0013202298,-0.0031457548
6468_PLXNA1_ENST00000393409.2_ENSG00000114554,0.022027357,-0.0013200648,0.010599659
6257_PGGT1B_P1P2_ENSG00000164219,0.008032713,-0.0013178242,0.024731483
5534_NDUFA1_P1P2_ENSG00000125356,0.020635504,-0.0013145193,0.0101557365
259_ALDH5A1_P1P2_ENSG00000112294,-0.013069219,-0.0013116784,-0.014697445
9180_TOPORS_P1P2_ENSG00000197579,0.0061354614,-0.001310923,0.0022133002
612_ATF7IP_P1_ENSG00000171681,-0.008866209,-0.0013093312,0.014457358
10026_ZC3H4_P2_ENSG00000130749,0.00066850474,-0.0012977732,-0.004625722
6030_PACSIN2_P1P2_ENSG00000100266,-0.0075426367,-0.0012944433,-0.011633908
7924_SIRT3_P1P2_ENSG00000142082,0.013528731,-0.001293878,0.011883231
9080_TMEM54_P1P2_ENSG00000121900,0.021909703,-0.001291102,-0.026858935
11029_non-targeting_non-targeting_non-targeting,-0.006072346,-0.0012893886,-0.0025467738
8173_SMIM13_P1P2_ENSG00000224531,0.0038788826,-0.0012878751,0.015438583
5290_MSRB1_P1P2_ENSG00000198736,0.0111781005,-0.0012824411,0.0064027626
8365_SPN_P1P2_ENSG00000197471,0.012152799,-0.0012805102,0.016102836
4597_LIN7C_P1P2_ENSG00000148943,-0.0055315485,-0.0012793777,0.015558912
5915_OARD1_P1P2_ENSG00000124596,0.021059724,-0.0012792496,-0.019740377
2415_DUXA_ENST00000554048.2_ENSG00000258873,0.0009197574,-0.0012770799,-0.004592885
5389_MYLIP_P1P2_ENSG00000007944,0.015706846,-0.0012758246,0.009461812
9881_WTAP_P1P2_ENSG00000146457,-0.01188238,-0.0012758232,0.0051140324
3883_HOOK2_P1_ENSG00000095066,0.0168885,-0.0012746977,0.015396271
5142_MOCS3_P1P2_ENSG00000124217,0.009058423,-0.001271973,0.02319889
6255_PGBD2_P1P2_ENSG00000185220,0.024342911,-0.0012701468,-0.0028069073
11235_non-targeting_non-targeting_non-targeting,0.012344892,-0.0012634051,-0.024722284
408_APMAP_P1P2_ENSG00000101474,-0.0029255657,-0.0012596467,-0.018373333
1475_CENPA_P2_ENSG00000115163,-0.00158672,-0.00125857,-0.04102061
4075_IGSF8_P1P2_ENSG00000162729,-0.0029281154,-0.0012553625,-0.0069253924
5664_NHLH2_P1P2_ENSG00000177551,-0.010859961,-0.0012539944,-0.00793686
4841_MAPRE2_P1_ENSG00000166974,0.009027855,-0.0012476991,0.0071886373
4418_KLF3_P1P2_ENSG00000109787,-0.012869102,-0.0012457237,-0.0025372826
11017_non-targeting_non-targeting_non-targeting,0.011049098,-0.0012420951,-0.019578686
475_ARHGEF11_P1P2_ENSG00000132694,0.022063335,-0.0012394142,-0.002873618
2025_DAP3_P1P2_ENSG00000132676,-0.018496124,-0.0012301784,-0.0016622032
2582_ELAC2_P1P2_ENSG00000006744,0.0042193574,-0.0012300726,0.002119886
11140_non-targeting_non-targeting_non-targeting,-0.0042054118,-0.001227126,0.035255477
3778_HIST1H4C_P1P2_ENSG00000197061,0.0014050766,-0.0012258611,-0.001422673
2228_DIP2B_P1P2_ENSG00000066084,0.011817807,-0.0012226433,0.0035549074
10863_non-targeting_non-targeting_non-targeting,-0.021006122,-0.0012224843,0.003380919
1063_C21orf58_P2_ENSG00000160298,0.02129265,-0.0012153229,-0.0220879
3168_FOXK2_P1P2_ENSG00000141568,0.030473353,-0.0012116058,0.033303227
2354_DPM3_P1P2_ENSG00000179085,0.011102811,-0.0012082929,0.022721322
11167_non-targeting_non-targeting_non-targeting,0.0094681345,-0.0011993019,0.009992512
245_AKR7A2_P1P2_ENSG00000053371,0.00015324727,-0.0011987988,0.0046863095
7708_SCRN3_P1P2_ENSG00000144306,0.011015017,-0.0011950615,-0.025856875
8103_SLC6A19_P1P2_ENSG00000174358,0.0127722565,-0.0011673322,0.007267568
6413_PLAGL1_P2_ENSG00000118495,0.007647929,-0.0011656883,0.01899202
1933_CTDSPL_P1P2_ENSG00000144677,0.012685745,-0.0011598979,0.0019075543
11330_non-targeting_non-targeting_non-targeting,0.004842908,-0.0011513702,-0.011642712
4708_LTBP4_P1_ENSG00000090006,0.016778957,-0.0011423782,-0.0029108992
4980_MESP2_P1P2_ENSG00000188095,-0.01898264,-0.0011416669,0.01386298
10633_ZNF783_P1P2_ENSG00000204946,-0.0014270722,-0.0011391627,0.009239004
2851_FAM131A_P1P2_ENSG00000175182,-0.012715053,-0.0011368883,-0.0055185324
2356_DPP7_P2_ENSG00000176978,-0.012003117,-0.0011335268,-0.00976342
2719_ERN1_P1P2_ENSG00000178607,0.011457985,-0.0011246003,0.0053545367
67_ACAD8_P1P2_ENSG00000151498,0.004010824,-0.0011240576,-0.012874049
4292_KCNA10_ENST00000369771.2_ENSG00000143105,0.005043362,-0.0011161295,0.011772287
8986_TMEM115_P1P2_ENSG00000126062,-0.030570706,-0.0011059702,-0.0084339585
1079_C2orf68_P1P2_ENSG00000168887,-0.018079106,-0.0010964053,-0.006105387
11300_non-targeting_non-targeting_non-targeting,-0.019496946,-0.0010943222,0.0013817331
7794_SERF1B_ENST00000380751.5_ENSG00000205572,-0.014275539,-0.0010894686,-0.0046688956
1832_CPNE2_P1P2_ENSG00000140848,0.0018180355,-0.0010849292,0.008507136
11104_non-targeting_non-targeting_non-targeting,0.0013764976,-0.001083242,0.015525547
4993_METTL15_P1_ENSG00000169519,-0.0012508834,-0.0010786547,-0.015993385
9572_UFSP1_P1P2_ENSG00000176125,0.011445021,-0.0010742204,-0.01921311
2443_E2F6_P1P2_ENSG00000169016,0.011404775,-0.0010710967,0.011369113
8876_THAP3_P1P2_ENSG00000041988,0.025484944,-0.001062861,0.03060782
69_ACADM_P1P2_ENSG00000117054,0.0036886062,-0.0010574226,0.015016213
2916_FAM229B_P1P2_ENSG00000203778,0.010674674,-0.0010562422,-0.017016884
3209_FTH1_P1P2_ENSG00000167996,0.006719678,-0.0010537887,0.030660443
6338_PIGM_P1P2_ENSG00000143315,-0.002199849,-0.001047685,-0.016107028
2218_DHX9_P1P2_ENSG00000135829,-0.005066869,-0.0010459857,0.009694175
631_ATL3_P1P2_ENSG00000184743,0.0064363275,-0.001042896,-0.0081010815
1723_CNOT8_P1P2_ENSG00000155508,0.0046630753,-0.0010406731,-0.003815984
3603_GUSB_P1P2_ENSG00000169919,-0.0028021454,-0.0010400431,0.003952045
628_ATG9A_P1P2_ENSG00000198925,0.012810489,-0.0010365621,0.0025660878
2698_ERCC5_P1P2_ENSG00000134899,0.023443714,-0.0010363719,0.011726065
7554_RRBP1_P1P2_ENSG00000125844,-0.0094320625,-0.0010312963,0.00061589445
5298_MT2A_P1P2_ENSG00000125148,0.009220283,-0.0010303997,0.0014307216
5618_NEXN_P1P2_ENSG00000162614,-0.0036501826,-0.0010263396,0.02663663
2166_DES_P1_ENSG00000175084,0.002824949,-0.0010244086,-0.0017873546
8422_SRPRB_P1P2_ENSG00000144867,-0.084710754,-0.0010226999,-0.048777834
8099_SLC50A1_P1P2_ENSG00000169241,0.011337948,-0.0010104346,0.011672794
4481_KRTAP4-7_ENST00000391417.4_ENSG00000240871,0.00047642304,-0.0010066789,0.0040958766
5081_MIPOL1_P1P2_ENSG00000151338,-0.0037306105,-0.0010050036,-0.006757714
9305_TRMT12_P1P2_ENSG00000183665,0.026288358,-0.0010044647,0.011204926
3313_GCAT_P1P2_ENSG00000100116,0.010213209,-0.0010013388,0.002406829
2849_RTL8C_P1P2_ENSG00000134590,0.019664844,-0.0009951026,0.011675392
272_ALG6_P1P2_ENSG00000088035,-0.003005374,-0.000987386,0.0027093093
1611_CIB1_P1P2_ENSG00000185043,-0.011240985,-0.0009859898,-0.007763944
3204_FRYL_P1P2_ENSG00000075539,0.014639218,-0.0009846545,0.014093053
3914_HOXC4_ENST00000430889.2_ENSG00000198353,0.0112986965,-0.0009775355,0.021793736
2923_FAM49B_P2_ENSG00000153310,-0.0058664274,-0.0009762117,0.0068602744
1563_CHD8_P1_ENSG00000100888,0.047539253,-0.00096743717,0.0067204824
5193_MRPL10_P1P2_ENSG00000159111,-0.1235642,-0.0009589979,-0.049878784
8113_SLC8B1_P2_ENSG00000089060,0.009761118,-0.0009520368,-0.011382769
2131_DDX55_P1P2_ENSG00000111364,0.06737562,-0.0009462884,0.043877672
9662_USP45_P1P2_ENSG00000123552,-0.013891803,-0.00094157533,-0.013420307
8821_TESC_P1P2_ENSG00000088992,-0.013095461,-0.00093829026,-0.0043150615
10996_non-targeting_non-targeting_non-targeting,0.006766445,-0.0009321459,0.0012617803
7620_S100A11_P1P2_ENSG00000163191,-0.036518887,-0.00092633936,-0.00998565
9631_USP10_P1P2_ENSG00000103194,0.01844618,-0.0009250218,0.020195333
2480_EEA1_P1P2_ENSG00000102189,0.025247935,-0.00092131126,0.0023960113
5577_NDUFV3_P1P2_ENSG00000160194,-0.0036301764,-0.00091713347,0.028527983
4132_INPP4A_P1P2_ENSG00000040933,0.05303446,-0.0009153244,0.017331878
6336_PIGK_P1P2_ENSG00000142892,-0.025363076,-0.000911265,-0.0132273715
2250_DLX6_P1P2_ENSG00000006377,0.008869871,-0.0009083531,0.00399421
3951_HSD17B1_P1P2_ENSG00000108786,0.0044374606,-0.00090761314,-0.0055005085
2840_FAM120AOS_P1P2_ENSG00000188938,0.021232378,-0.0009050324,0.01710593
2948_FAM86C1_P1P2_ENSG00000158483,0.0023810903,-0.0008926556,0.006052826
3550_GSK3A_P1P2_ENSG00000105723,-0.0012000013,-0.0008826467,0.0043587578
8180_SMIM4_P1P2_ENSG00000168273,-0.005320686,-0.00088046124,0.020831743
479_ARHGEF1_P2_ENSG00000076928,0.0042578517,-0.0008799937,-0.014371059
4138_INPP5K_P1P2_ENSG00000132376,0.012057219,-0.00087822654,0.0039320863
1361_CD2BP2_P1P2_ENSG00000169217,-0.01594682,-0.00087338185,0.0011077359
7934_SIX4_P1P2_ENSG00000100625,-0.007864169,-0.0008637459,0.0052427133
5202_MRPL19_P1P2_ENSG00000115364,-0.13173921,-0.00085738226,-0.03213357
3356_GGH_P1P2_ENSG00000137563,-0.028684372,-0.0008565191,-0.018339913
3068_FGD6_P1P2_ENSG00000180263,0.000926247,-0.0008511713,-0.0103492355
1951_CTSL_P2_ENSG00000135047,-0.0029161428,-0.0008501155,-0.0013322992
2887_FAM192A_P1P2_ENSG00000172775,0.0019793066,-0.0008497869,0.010923277
8084_SLC41A3_P1P2_ENSG00000114544,-0.0017096428,-0.00084756786,0.024325639
3660_HCRTR1_P1P2_ENSG00000121764,0.0057881516,-0.0008446869,0.021852225
3561_GSTO1_P1P2_ENSG00000148834,-0.009292273,-0.00084235304,0.0040070033
2202_DHTKD1_P1P2_ENSG00000181192,-0.01660197,-0.0008313934,0.017375499
10337_ZNF408_P1P2_ENSG00000175213,0.0045783143,-0.00082622207,0.014117684
10162_ZNF12_P1P2_ENSG00000164631,-0.0016725942,-0.00082434807,-0.007381091
2518_EHD4_P1P2_ENSG00000103966,-0.0035449173,-0.0008234736,0.007090149
9204_TPM1_P2_ENSG00000140416,-0.00019173315,-0.00081094034,0.0008631357
8189_SMTN_P1P2_ENSG00000183963,-0.0022999195,-0.00080931943,-0.02706377
48_ABHD2_P1P2_ENSG00000140526,0.007860003,-0.0008089135,-0.012819547
3269_GALNT12_P1P2_ENSG00000119514,0.0050543556,-0.0008075038,-3.6167105e-05
6449_PLEKHO1_P1P2_ENSG00000023902,0.0022501636,-0.00079877384,0.0036216357
2170_DFFB_P1P2_ENSG00000169598,0.014326332,-0.00079210085,-0.018810263
5505_NCOA1_P1P2_ENSG00000084676,-0.010413311,-0.0007792885,-0.0057605635
9094_TMEM69_P1P2_ENSG00000159596,-0.0011492114,-0.00077549124,-0.018281322
9221_TRA2A_P1_ENSG00000164548,0.0024347228,-0.0007749793,0.013877462
6423_PLCG1_P1P2_ENSG00000124181,0.022589564,-0.000769278,0.008424029
9883_WWOX_P1P2_ENSG00000186153,0.0007043411,-0.00076504785,0.009165932
1927_CTCF_P1P2_ENSG00000102974,0.006592364,-0.0007623604,0.021187812
2721_ERP44_P1P2_ENSG00000023318,-0.0070169936,-0.00076075114,0.011731952
1343_CCSAP_P1P2_ENSG00000154429,-0.015781369,-0.00075928593,0.013465657
11242_non-targeting_non-targeting_non-targeting,-0.0021583785,-0.000758746,0.016896997
4155_INTU_P2_ENSG00000164066,0.021718947,-0.0007511766,-0.022089535
4698_LSR_P1P2_ENSG00000105699,-0.00053759996,-0.00074310496,0.019804979
89_ACOT13_P1P2_ENSG00000112304,-0.00012444428,-0.00074293703,0.017147517
9954_YWHAH_P1P2_ENSG00000128245,-0.012564284,-0.00074131193,0.016148517
6295_PHGDH_P1P2_ENSG00000092621,-0.0055006016,-0.00072762853,0.011553114
9338_TSEN34_P1P2_ENSG00000170892,0.004557705,-0.0007217627,-0.004414941
2769_EVI5_P1P2_ENSG00000067208,0.036240406,-0.00072163966,-0.0050852853
9854_WDSUB1_P1P2_ENSG00000196151,0.0030188367,-0.0007214564,0.015696026
1147_CACNB3_P1_ENSG00000167535,-0.014215834,-0.00071674894,7.151136e-05
11040_non-targeting_non-targeting_non-targeting,-0.0048166583,-0.0007135279,-0.00028219473
4169_IQCB1_P1P2_ENSG00000173226,-0.00793704,-0.0007110915,0.018487629
255_ALDH1A2_P1P2_ENSG00000128918,0.01540943,-0.0007024584,0.016064538
74_ACAP3_P1P2_ENSG00000131584,0.015633777,-0.0006950435,0.0035090127
9870_WNT5B_ENST00000537031.1_ENSG00000111186,-0.0031617086,-0.00069392833,-0.01726487
4500_LAMB2_P1P2_ENSG00000172037,0.0005465011,-0.00069364853,0.010217698
1182_CAPN7_P1P2_ENSG00000131375,0.0067001213,-0.0006848365,0.008613895
8379_SPR_P1P2_ENSG00000116096,-0.0014948918,-0.0006759424,0.011011149
498_ARIH2_P1P2_ENSG00000177479,0.00749184,-0.0006738525,-0.0019417445
5180_MPZL1_P1P2_ENSG00000197965,-0.002894395,-0.0006715251,0.010429067
9000_TLCD5_P1P2_ENSG00000181264,0.0037636007,-0.00066597544,0.011981662
1116_C6orf89_P1P2_ENSG00000198663,0.0057598106,-0.00066546025,-0.0014110787
8968_TMC6_P1P2_ENSG00000141524,-0.028002786,-0.0006647174,0.0035787278
2879_ABRAXAS2_P1P2_ENSG00000165660,0.0047943704,-0.00066455506,0.0022865331
2260_DMRTA2_P1P2_ENSG00000142700,-0.008802766,-0.0006562054,0.012411747
5051_MIB2_P1P2_ENSG00000197530,-0.025655968,-0.00065028545,0.0067168972
4797_MAP1B_P1P2_ENSG00000131711,-0.008945159,-0.0006478957,-0.023450824
9970_ZBTB12_P1P2_ENSG00000204366,0.030680895,-0.0006458038,0.02019326
2701_ERF_P1P2_ENSG00000105722,0.007069461,-0.0006453851,-0.0067362688
5875_NUDT6_P1P2_ENSG00000170917,0.00612754,-0.0006448409,0.0048219156
"10482_ZNF587_ENST00000339656.5,ENST00000423137.1_ENSG00000198466",0.01357761,-0.0006400558,0.02710129
2772_EVX1_P1P2_ENSG00000106038,0.008116559,-0.00063969905,-0.008901245
10910_non-targeting_non-targeting_non-targeting,0.016548632,-0.0006327988,0.019481983
2937_FAM72B_ENST00000369390.3_ENSG00000188610,0.015115354,-0.0006305922,0.015607368
1963_CUL4A_P1P2_ENSG00000139842,0.010501751,-0.00062733307,0.018718157
3829_HMGB2_P1P2_ENSG00000164104,0.006596494,-0.0006210091,-0.0067267176
4042_IFITM2_P1P2_ENSG00000185201,0.011444173,-0.00062015216,0.005620003
3238_FZR1_P1P2_ENSG00000105325,0.0016589197,-0.00061987876,0.016572783
8739_TBPL1_P1P2_ENSG00000028839,-0.04035708,-0.00060804706,0.0036868989
10570_ZNF705B_ENST00000400120.3_ENSG00000215356,0.031767383,-0.0006029783,-0.0031687065
4451_KMT2C_P1P2_ENSG00000055609,0.00058100483,-0.0006014174,0.037394006
11319_non-targeting_non-targeting_non-targeting,0.009234396,-0.00059700286,0.013124781
10466_ZNF576_P1P2_ENSG00000124444,0.003978233,-0.00059572863,0.030582355
410_APOBEC3B_P1P2_ENSG00000179750,-0.010406539,-0.00059506024,0.011598422
6239_PFDN4_P1P2_ENSG00000101132,-7.2680873e-06,-0.00059450313,-0.020639388
6950_PURA_P1_ENSG00000185129,0.020011457,-0.00059294864,-0.016672043
7150_RBL2_P1_ENSG00000103479,0.004924778,-0.00059063564,0.012941626
10088_ZFP41_P1P2_ENSG00000181638,0.00090573455,-0.0005870667,-0.0061909705
10004_ZBTB4_P2_ENSG00000174282,0.020486757,-0.0005802382,-0.00043556702
10580_ZNF711_P1P2_ENSG00000147180,-0.0056060194,-0.00057730265,0.0009918998
5596_NEK7_P1P2_ENSG00000151414,0.012345799,-0.00057310035,0.028246159
850_BLOC1S6_P1P2_ENSG00000104164,0.032763287,-0.0005724053,0.004422918
3321_GCM1_P1P2_ENSG00000137270,0.0037994054,-0.00056410657,0.007492304
11314_non-targeting_non-targeting_non-targeting,0.0080584185,-0.0005570506,-0.026375718
1305_CCDC8_P1P2_ENSG00000169515,-0.012031174,-0.0005551973,-0.0006483946
948_C11orf24_P1P2_ENSG00000171067,-0.011187282,-0.00054975913,0.004357201
4459_KPNA2_P1P2_ENSG00000182481,0.011064124,-0.0005480842,0.0036465684
6439_PLEKHB2_P1P2_ENSG00000115762,0.0024005554,-0.000546346,0.023161255
7352_RNF144A_P2_ENSG00000151692,-0.016142005,-0.00054184336,-0.008891177
5894_NUP35_P1P2_ENSG00000163002,-0.0012586967,-0.000541444,-0.013004755
10831_non-targeting_non-targeting_non-targeting,0.018947992,-0.00054108264,-0.0029019448
10412_ZNF514_P2_ENSG00000144026,0.035337314,-0.00052604586,-0.009308142
4748_MADD_P1P2_ENSG00000110514,0.016531954,-0.0005248323,0.009837842
2273_DNAH14_P1P2_ENSG00000185842,-0.0030527047,-0.0005162828,0.010284209
9439_TWF1_P1P2_ENSG00000151239,0.013941722,-0.00051400723,-0.020253642
6266_PGRMC2_P1P2_ENSG00000164040,0.021526406,-0.00050610193,0.015197873
1818_COX6B1_P1P2_ENSG00000126267,0.0003286065,-0.0004973209,0.0011326362
9067_TMEM30A_P1P2_ENSG00000112697,-0.008273757,-0.00049453886,-0.0022250311
3464_GOLGA8A_ENST00000543376.1_ENSG00000175265,-0.010741748,-0.0004933851,0.0037385973
7387_RNF2_P1P2_ENSG00000121481,0.025789982,-0.0004917643,-0.0151196085
5565_NDUFS1_P1P2_ENSG00000023228,-0.072174214,-0.0004905664,-0.05818591
6318_PI4KB_P1P2_ENSG00000143393,-0.011345428,-0.0004885062,-0.0139271375
5807_NRAS_P1P2_ENSG00000213281,0.0038354662,-0.0004884716,-0.007226845
1988_CYB561_P1P2_ENSG00000008283,-0.0062721116,-0.0004881174,-0.02211965
4671_LRRC59_P1_ENSG00000108829,0.0199283,-0.00048024207,0.011316737
10373_ZNF451_P1P2_ENSG00000112200,0.00078752515,-0.00047971506,0.0031005566
5877_NUDT9_P1P2_ENSG00000170502,-0.012414507,-0.00047668212,0.015057753
3625_HAGH_P1P2_ENSG00000063854,0.01601489,-0.00047031525,0.001686076
238_AKNA_P1_ENSG00000106948,-0.0016131335,-0.00046658685,-0.0071706087
6339_PIGN_P1P2_ENSG00000197563,0.010314369,-0.00046437667,-0.0038258308
1210_CASS4_P1P2_ENSG00000087589,-0.00023576847,-0.00046050822,-0.002081279
5973_ORMDL3_P1P2_ENSG00000172057,0.016856615,-0.00045618566,0.009685608
6969_PXMP4_P1P2_ENSG00000101417,-0.0129835885,-0.00045618246,-0.024893116
3835_HMGN2_P1P2_ENSG00000198830,0.018379686,-0.00044895502,0.0043507954
5460_NAP1L1_P1P2_ENSG00000187109,0.0071632024,-0.00044537958,0.016806286
10740_ZXDB_P1P2_ENSG00000198455,0.017358124,-0.00043964593,-0.017040994
10848_non-targeting_non-targeting_non-targeting,0.008787298,-0.00043434248,0.013906723
6372_PIP4K2C_P1P2_ENSG00000166908,-0.012319467,-0.00042343308,0.02932524
6236_PFAS_P1P2_ENSG00000178921,-0.068167,-0.00042047186,-0.0057790647
10108_ZFYVE21_P1P2_ENSG00000100711,-0.00067206286,-0.00041818526,-0.014938821
1864_CREB5_ENST00000396300.2_ENSG00000146592,0.01310866,-0.00041670754,-0.0020886818
7192_RBPMS2_P1P2_ENSG00000166831,0.007595572,-0.0004158835,0.002905847
1540_CGGBP1_P1_ENSG00000163320,0.008970998,-0.00041531146,0.010391977
9018_TMEM170A_P1P2_ENSG00000166822,0.009738027,-0.0004142006,0.0032465197
3931_HPRT1_P1P2_ENSG00000165704,-0.009802325,-0.00041387585,-0.011139331
5863_NUDT14_P1P2_ENSG00000183828,0.008404797,-0.0004054098,2.2106122e-05
3217_FUCA1_P1P2_ENSG00000179163,-0.0035023042,-0.00040249235,0.024385123
9828_WDR54_P1P2_ENSG00000005448,0.004017969,-0.00038806477,-0.0023484975
8348_SPG11_P1P2_ENSG00000104133,0.013742753,-0.00038586246,0.002529871
3046_FCHO1_P1P2_ENSG00000130475,0.0052451976,-0.00038163934,0.019072536
5267_MRPS6_P1P2_ENSG00000243927,0.035372645,-0.00038162826,0.03135298
5033_MFSD9_P1P2_ENSG00000135953,0.002386389,-0.00038127037,0.0011164082
4572_LHX5_P1P2_ENSG00000089116,0.019357147,-0.00038059498,0.017531453
5378_MYEOV_P1P2_ENSG00000172927,-0.0022281273,-0.00037571148,0.00418213
"5475_NAV1_ENST00000295624.6,ENST00000367296.4_ENSG00000134369",-0.0032381287,-0.00037453178,-0.01789741
5197_MRPL14_P1P2_ENSG00000180992,-0.03400578,-0.00037253185,-0.029391946
9848_WDR83OS_P1P2_ENSG00000105583,-0.017394364,-0.00037112323,-0.019285947
6915_PTK7_P1P2_ENSG00000112655,0.0058862683,-0.0003685242,0.0027658204
10646_ZNF7_P1P2_ENSG00000147789,-0.002788048,-0.00036811837,0.012054485
1154_CALCOCO1_P1P2_ENSG00000012822,0.026916722,-0.00036350722,-0.0008519659
428_AQP3_P2_ENSG00000165272,-0.019063057,-0.00036233437,-0.009876304
10362_ZNF43_P1_ENSG00000198521,-0.0057593207,-0.00036156405,0.016687687
10566_ZNF703_P1P2_ENSG00000183779,0.010565981,-0.00036096582,0.025740711
10422_ZNF527_P1P2_ENSG00000189164,0.0010904435,-0.00035723695,-0.016218873
1549_CHCHD2_P1P2_ENSG00000106153,0.017406875,-0.0003476822,-0.0087070605
8510_STK11IP_P1P2_ENSG00000144589,0.010321132,-0.00034118915,0.00042164326
10855_non-targeting_non-targeting_non-targeting,-0.003218938,-0.00032890993,0.023563115
1018_C19orf47_P2_ENSG00000160392,0.0020528748,-0.00032823958,-0.0017033186
622_ATG4A_P1P2_ENSG00000101844,0.00356804,-0.0003272048,-0.027157683
9859_NSD3_P1P2_ENSG00000147548,0.002575012,-0.0003185305,-0.0018588223
7724_SDHAF2_P1P2_ENSG00000167985,0.003918829,-0.0003164672,0.009247028
345_ANKRD9_P1P2_ENSG00000156381,0.003987052,-0.00031601157,0.03781814
4258_JOSD1_P1P2_ENSG00000100221,-0.019890929,-0.0003128764,-0.0052172043
6900_PTCD1_P2_ENSG00000106246,-0.06921485,-0.00031282633,-0.040017057
1132_AOPEP_ENST00000375315.2_ENSG00000148120,-0.0032772492,-0.00031104858,-0.015477186
7983_SLC25A13_P1P2_ENSG00000004864,-0.007902063,-0.00030982806,-0.00028416718
5199_MRPL16_P1P2_ENSG00000166902,-0.060930412,-0.00030798212,-0.005573383
7784_SEPTIN1_P2_ENSG00000180096,0.011964098,-0.00030637678,-0.0032658959
579_ASF1B_P1P2_ENSG00000105011,-0.012809092,-0.0003031309,0.012378129
8028_SLC2A4RG_P1P2_ENSG00000125520,-0.0015860597,-0.00030286275,-0.011858341
9166_TOMM40L_P1P2_ENSG00000158882,0.017369678,-0.0002990336,0.006364739
4492_L3MBTL2_P1P2_ENSG00000100395,-0.0072903708,-0.0002953134,0.026314724
3079_FHL2_P1P2_ENSG00000115641,-0.011012079,-0.00028201612,-0.0053615966
1089_C4orf33_P1_ENSG00000151470,-0.014481633,-0.0002818449,-0.001222231
9359_TSPYL1_P1P2_ENSG00000189241,0.009147707,-0.0002674037,-0.011032061
9190_TP53BP1_P2_ENSG00000067369,-0.004069347,-0.0002626819,0.010916677
4873_MBD1_P1P2_ENSG00000141644,-0.011474079,-0.00025931105,0.0056236596
4065_IGF2BP1_P1P2_ENSG00000159217,-6.0530358e-05,-0.00025365935,0.0075742663
5443_NACC2_P1P2_ENSG00000148411,0.029592358,-0.0002533497,0.0066481815
7303_RIC8A_P2_ENSG00000177963,0.029604176,-0.0002525124,0.0050446647
2353_DPM2_P1P2_ENSG00000136908,0.007168608,-0.00025170608,0.0072300513
1739_COCH_P1P2_ENSG00000100473,0.010067065,-0.00025076175,0.0126855485
10316_ZNF365_P1P2_ENSG00000138311,0.018099299,-0.0002497254,0.012785991
10887_non-targeting_non-targeting_non-targeting,0.0119526,-0.00023893514,0.009746432
3592_GTPBP2_P1P2_ENSG00000172432,0.010180388,-0.0002387482,0.015956908
4812_MAP3K5_P1P2_ENSG00000197442,0.002984507,-0.00023872718,-0.025471492
4667_LRRC47_P2_ENSG00000130764,0.0027660797,-0.00023754743,-0.010269521
1625_CIZ1_P1P2_ENSG00000148337,0.009266329,-0.00021223271,-0.008610269
980_ATP5MPL_P1P2_ENSG00000156411,-0.057118993,-0.00020969532,0.0527679
3807_ZNF875_P1_ENSG00000181666,-0.010029396,-0.0002045488,0.0062585264
4526_LBH_P1P2_ENSG00000213626,-0.002543013,-0.00020403575,0.007734793
9840_WDR74_P2_ENSG00000133316,0.0065590637,-0.00020319158,0.015334713
2763_ETV3_P1P2_ENSG00000117036,0.00449208,-0.0001969196,0.011232937
7227_RELB_P1P2_ENSG00000104856,0.00856145,-0.00019403711,0.007952563
1596_CHRAC1_P1P2_ENSG00000104472,-0.006530639,-0.00019399142,0.015638273
2665_EPC2_P1P2_ENSG00000135999,-0.018894445,-0.00019394705,-0.011127954
1674_CLPTM1L_P1P2_ENSG00000049656,0.010354257,-0.00019016395,0.013373023
1604_CHTF18_P1P2_ENSG00000127586,0.020689905,-0.0001896568,0.023504978
10486_ZNF594_P1P2_ENSG00000180626,-0.03298935,-0.00018440047,-0.04943031
10903_non-targeting_non-targeting_non-targeting,0.008773282,-0.0001836321,-0.028115716
8482_STAG2_P2_ENSG00000101972,0.03298727,-0.00018073345,0.011829311
8081_SLC3A2_P1P2_ENSG00000168003,0.013379571,-0.00016831899,0.008648993
7606_RUSC1_P1_ENSG00000160753,0.013733253,-0.00016433395,-0.0055856314
5977_OSBPL2_P1P2_ENSG00000130703,-0.0038501183,-0.00016340651,0.025858888
8560_STX8_P1P2_ENSG00000170310,-0.0097698225,-0.00016271608,0.005984989
9261_TRIM11_P1P2_ENSG00000154370,-0.00093500887,-0.00016027236,0.029096393
11201_non-targeting_non-targeting_non-targeting,-0.0135988435,-0.0001476665,-0.013963773
1243_MCUB_P1P2_ENSG00000005059,0.0011167944,-0.00014496715,-0.00029661582
4767_MAGEC1_P1P2_ENSG00000155495,0.014629121,-0.00014146128,0.00042951058
5683_NKAP_P1P2_ENSG00000101882,0.03630646,-0.00013854685,0.02701596
11304_non-targeting_non-targeting_non-targeting,-0.0031331321,-0.00012273935,0.028812924
2239_DLG1_P1P2_ENSG00000075711,0.002461879,-0.00012079522,0.0070114965
2002_CYHR1_P1_ENSG00000187954,0.021799663,-0.00011983825,-0.018322868
1515_CEP85L_P1P2_ENSG00000111860,-0.0052414765,-0.0001073366,-0.011367866
9952_YWHAE_P1P2_ENSG00000108953,-0.015029887,-0.00010554568,-0.013060463
9673_USP5_P2_ENSG00000111667,1.6996453e-05,-9.909395e-05,-0.01914454
461_ARHGAP19_P1P2_ENSG00000213390,-0.009332561,-8.819545e-05,-0.013447448
7289_RHOA_P1P2_ENSG00000067560,0.0015232664,-8.1627244e-05,0.041377287
3213_MRM2_P1P2_ENSG00000122687,-0.008394303,-7.894069e-05,-0.0024422156
8882_THAP9_P1P2_ENSG00000168152,0.0031077017,-7.882399e-05,0.010582292
10752_non-targeting_non-targeting_non-targeting,0.02799679,-7.7043245e-05,0.024431426
11141_non-targeting_non-targeting_non-targeting,0.0044687036,-7.335126e-05,-0.0026830058
11188_non-targeting_non-targeting_non-targeting,0.010677731,-7.012156e-05,0.014065667
6217_PEPD_P1P2_ENSG00000124299,0.023264058,-6.3922394e-05,0.00011987115
5611_NEUROD1_P1P2_ENSG00000162992,0.015267637,-5.263267e-05,-0.009921706
3125_FNDC3A_ENST00000541916.1_ENSG00000102531,-0.0072358795,-3.998755e-05,-0.0049698125
9920_YBEY_P1P2_ENSG00000182362,-0.00184869,-3.500962e-05,-0.007965489
4315_KDELR2_P1P2_ENSG00000136240,0.0010400976,-2.8352477e-05,-0.012893753
9559_UBXN6_P1_ENSG00000167671,0.012307298,-2.7258751e-05,0.007296576
210_AHR_P1P2_ENSG00000106546,-0.0023704583,-2.6236796e-05,0.012011413
4905_MCM8_P1P2_ENSG00000125885,-0.015110079,-2.4445826e-05,0.009004978
834_BID_P1P2_ENSG00000015475,0.00786014,-1.1532037e-05,-0.00034526287
2396_DUS2_P1P2_ENSG00000167264,0.014147068,-9.132573e-06,0.011870528
4399_KIFC2_P1P2_ENSG00000167702,0.011171017,-6.712124e-06,-0.031398557
7953_SLC10A7_P1P2_ENSG00000120519,0.019389441,-5.2466235e-06,-0.0014422326
7949_SLAIN2_P1P2_ENSG00000109171,0.0136359325,4.8972947e-06,0.013987008
2453_EBF2_P1P2_ENSG00000221818,0.0054049073,1.9240417e-05,0.0046324823
6563_POLR3H_P1P2_ENSG00000100413,0.030094445,2.107498e-05,-0.009073591
6090_PAX3_P1P2_ENSG00000135903,0.0033028251,3.4329918e-05,0.0037116022
7982_SLC25A12_P1P2_ENSG00000115840,-0.008004156,3.5011315e-05,-0.015663637
3819_HMBS_P1_ENSG00000256269,0.0014756122,3.5079596e-05,0.010684778
6278_PHC3_P1P2_ENSG00000173889,-0.006439162,4.2586104e-05,0.00037382875
10896_non-targeting_non-targeting_non-targeting,-0.029697232,4.3429907e-05,0.019441789
11305_non-targeting_non-targeting_non-targeting,-0.004688097,4.759874e-05,-0.0018057233
896_BRF1_P1P2_ENSG00000185024,0.041001424,4.979407e-05,0.0273257
3376_GIT1_P1P2_ENSG00000108262,0.018457258,5.7481546e-05,0.0043706545
73_ACAP2_P1P2_ENSG00000114331,0.010996648,5.760058e-05,-0.014755638
1339_CCNY_P1P2_ENSG00000108100,-0.001775246,6.027278e-05,-0.0020787541
954_C11orf68_P1P2_ENSG00000175573,0.003950437,6.495888e-05,0.0062548663
7075_RAD54L_P1P2_ENSG00000085999,-0.007642836,7.779292e-05,-0.017098108
10491_ZNF598_P1P2_ENSG00000167962,0.0140032815,8.242068e-05,0.0011643355
4323_KDM3B_P1P2_ENSG00000120733,0.0053211143,8.702797e-05,-0.022281451
2080_DCUN1D1_P1P2_ENSG00000043093,0.022323739,9.425642e-05,-0.0021153085
4689_LSM14B_P1P2_ENSG00000149657,0.03128982,9.98937e-05,-0.02027249
4718_LURAP1_P1P2_ENSG00000171357,0.020855216,0.00011971861,0.0055850903
8529_STMN3_P1P2_ENSG00000197457,0.012333154,0.000120462966,-0.004919569
4984_METAP1_P1P2_ENSG00000164024,0.011641534,0.000122050275,0.025221832
5228_MRPL45_P1P2_ENSG00000278845,-0.0032442522,0.00012484872,0.0025008835
4975_MEOX2_P1P2_ENSG00000106511,-0.0041579963,0.00013527992,0.008148265
453_ARG2_P1P2_ENSG00000081181,0.009232357,0.00013898138,0.020992393
4977_TLNRD1_P1P2_ENSG00000140406,-0.013989664,0.00013903624,-0.00057436206
3597_GTSE1_P1P2_ENSG00000075218,0.0042943717,0.0001414166,0.008854386
602_ATAD5_P1P2_ENSG00000176208,-0.004222738,0.00014430984,0.02360163
2040_DBNDD2_P2_ENSG00000244274,-0.017442178,0.00014650152,0.03483115
3676_HDX_P1P2_ENSG00000165259,-0.0051310123,0.00015297928,0.0048404625
5520_NDE1_P1_ENSG00000072864,0.014768639,0.00015432794,0.016831746
510_ARL4D_P1P2_ENSG00000175906,0.005919871,0.00015552258,0.0007806002
3387_GLCE_P1P2_ENSG00000138604,0.012281653,0.00016033827,0.021951018
10103_ZFPM2_P1P2_ENSG00000169946,0.017864432,0.0001642731,0.013744783
6311_PHTF2_P1P2_ENSG00000006576,0.010939832,0.00016499485,0.0021433819
8561_STXBP1_P1P2_ENSG00000136854,0.0042460235,0.0001663685,0.013914257
2804_EZR_P2_ENSG00000092820,-0.0037212214,0.00016743751,-0.0030895802
8975_TMED3_P1P2_ENSG00000166557,0.0131730065,0.00016830598,-0.0010585432
5632_NFE2L3_P1P2_ENSG00000050344,0.004207465,0.00017123377,-0.0007796337
9222_TRA2B_P1P2_ENSG00000136527,0.015582673,0.00017682147,0.024642529
2181_DGKQ_P2_ENSG00000145214,0.007266731,0.00017929082,-0.009110611
704_ATXN3_P1P2_ENSG00000066427,-0.0031366164,0.00018116747,0.012110661
391_AP5Z1_P1P2_ENSG00000242802,-0.0031201327,0.00018146049,-2.3794175e-05
7672_SBNO2_P1_ENSG00000064932,0.01724265,0.00018581291,0.016810805
2978_FASTKD3_P1P2_ENSG00000124279,-0.027533405,0.00018708188,-0.039046362
10165_ZNF133_P1P2_ENSG00000125846,0.0068663033,0.00019204734,0.015659295
7578_RSPRY1_P1P2_ENSG00000159579,0.022983976,0.00021726417,0.0092214225
4832_MAPK8_P1P2_ENSG00000107643,0.029823117,0.00022025585,0.0077516222
2951_FAM8A1_P1P2_ENSG00000137414,0.0022282596,0.00022828016,0.010546436
3806_ZNF875_P2_ENSG00000181666,0.01681088,0.00022828588,-0.0233677
1889_CRYZ_P1P2_ENSG00000116791,-0.00095092016,0.00023137561,0.023514228
7848_SFXN2_P1P2_ENSG00000156398,0.0063821403,0.00023807812,0.006556955
5584_NEDD4L_ENST00000400345.3_ENSG00000049759,-0.007343787,0.0002466986,-0.0065565496
5390_MYLK3_P1_ENSG00000140795,0.010523231,0.00025055002,0.0073348987
10761_non-targeting_non-targeting_non-targeting,-0.0028437846,0.00025105657,0.0128684
2167_DES_P2_ENSG00000175084,0.01973405,0.00025454606,0.026510678
7105_RAP2A_P1P2_ENSG00000125249,-0.006488671,0.0002552616,-0.001515545
744_BACH2_P1P2_ENSG00000112182,0.0073149614,0.0002581814,0.003068346
4047_IFNGR2_P1P2_ENSG00000159128,0.002054248,0.00026120682,0.00878794
3260_GAK_P1P2_ENSG00000178950,0.007136902,0.00026417046,0.012116057
627_ATG7_P1P2_ENSG00000197548,-0.0065398687,0.0002665607,-0.016167903
1890_CSAD_P1P2_ENSG00000139631,-0.026202796,0.00027294178,0.021062868
5140_MOCS1_P1P2_ENSG00000124615,-0.010704565,0.0002733776,-0.019070053
10235_ZNF248_P1P2_ENSG00000198105,-0.0076205996,0.00029116488,0.005187548
5655_NFXL1_P1P2_ENSG00000170448,-0.008359895,0.00029121074,0.0056769163
3850_HNF1A_P1P2_ENSG00000135100,-0.012527706,0.00029330511,0.011328858
3121_FN1_P1P2_ENSG00000115414,0.002623009,0.00030205393,0.026537048
9171_TOMM7_P1P2_ENSG00000196683,0.019239632,0.00030244348,0.009477164
9322_TRPC4AP_P1P2_ENSG00000100991,0.026487397,0.00030277105,0.015476377
6837_PSEN2_P1P2_ENSG00000143801,0.013003187,0.0003035207,-0.0071872496
10656_ZNF816_P2_ENSG00000180257,-0.0044165044,0.00030923542,-0.024100568
5341_MTPN_P1P2_ENSG00000105887,-0.003667253,0.0003094983,-0.00949405
5496_NCK1_P1P2_ENSG00000158092,0.0067727277,0.00031380146,0.0173872
7987_SLC25A17_P1P2_ENSG00000100372,0.003592249,0.00031390344,0.0028481116
10200_ZNF205_P1P2_ENSG00000122386,-0.012086177,0.0003144276,0.018483458
6153_PDCD2L_P1P2_ENSG00000126249,0.0050491844,0.00031530773,0.025489548
1077_MAIP1_P1P2_ENSG00000162972,0.0027646944,0.00031757582,0.006482027
4633_LPCAT4_P1P2_ENSG00000176454,-0.0029888533,0.00033519426,0.0021851922
9335_TSC2_P1P2_ENSG00000103197,0.0077414624,0.00033730725,0.018921463
5805_NR6A1_P1P2_ENSG00000148200,-0.00035453352,0.0003386666,-0.006484502
11185_non-targeting_non-targeting_non-targeting,0.020365164,0.0003431259,0.004731144
342_ANKRD49_P1P2_ENSG00000168876,-0.01285505,0.00034315337,0.008907593
5706_NLRP2_P1P2_ENSG00000022556,0.012795798,0.00034523488,-0.02559365
11282_non-targeting_non-targeting_non-targeting,-0.013376989,0.00034815658,-0.013452062
3748_HIST1H2AB_P1P2_ENSG00000278463,-0.0024747932,0.00035469898,-0.012658135
4707_LTBP4_P2_ENSG00000090006,-0.017766824,0.00035690152,0.008754823
1081_C2orf76_P1P2_ENSG00000186132,-0.0071462216,0.00036089245,0.0017553248
5641_NFIX_P2_ENSG00000008441,-0.002068546,0.00036560328,-0.009986069
2461_ECE1_P1P2_ENSG00000117298,-0.002482565,0.00037269582,0.003318057
4588_LIMK2_P1P2_ENSG00000182541,0.005279874,0.00037344923,0.0019940408
3366_GIGYF1_P2_ENSG00000146830,0.015963342,0.00038169263,-0.0065444764
11308_non-targeting_non-targeting_non-targeting,0.013016886,0.00038548294,-0.010875176
2845_FAM122B_P1P2_ENSG00000156504,0.009417999,0.00039355626,0.005251852
2508_EGLN2_P1_ENSG00000269858,0.008075969,0.00039569652,0.018569112
5590_NEIL2_P1P2_ENSG00000154328,0.016402718,0.00039895633,0.004106005
9464_TYMS_P1P2_ENSG00000176890,-0.0053058364,0.00041011654,-0.041130424
5387_MYL6B_P1P2_ENSG00000196465,-0.012451615,0.0004164833,-0.019735644
965_C12orf49_P1P2_ENSG00000111412,-0.004965929,0.00041859786,0.035598297
7919_SIN3B_P1P2_ENSG00000127511,0.03973441,0.00042032366,-0.018114397
9438_TVP23C_P1P2_ENSG00000175106,-0.0027667168,0.0004219571,-0.0022229995
1765_COMMD7_P1P2_ENSG00000149600,0.0019673123,0.00043903527,-0.009183962
5827_NSMAF_P1P2_ENSG00000035681,0.013121925,0.00043923256,0.020224005
10961_non-targeting_non-targeting_non-targeting,-0.022260467,0.00044007372,-0.03351363
4027_IDH3B_P1P2_ENSG00000101365,0.027454155,0.00044255052,0.02354008
7059_RAD17_P1P2_ENSG00000152942,0.0010138256,0.00044338845,0.018696534
1437_CDK5RAP3_P1P2_ENSG00000108465,0.0062364964,0.00044790976,0.0066954354
9160_TOLLIP_P1P2_ENSG00000078902,-0.022723727,0.00044821674,-0.0065643145
8203_SNAP47_P2_ENSG00000143740,0.012200736,0.00047315855,0.006987036
471_ARHGAP6_P1P2_ENSG00000047648,-0.066606276,0.00048639107,0.035000842
926_BTG2_P1P2_ENSG00000159388,0.0055650254,0.00049285503,0.016233342
8476_ST6GALNAC6_P1P2_ENSG00000160408,0.008048719,0.0004950427,0.014246276
3154_FOXD4_ENST00000382500.2_ENSG00000170122,0.0021948803,0.0004965214,-0.0007104127
327_ANKRD13A_P1P2_ENSG00000076513,0.027747316,0.00050334557,-0.04874558
9072_TMEM41A_P1P2_ENSG00000163900,-0.0030112325,0.0005059835,-0.0049160924
4630_LPCAT1_P1_ENSG00000153395,0.0092088245,0.0005078846,-0.02609052
6494_PNPLA2_P1P2_ENSG00000177666,0.01907227,0.00051048934,0.015763428
2512_EGR2_P1P2_ENSG00000122877,0.009431831,0.0005137065,-0.011818574
5831_NSMF_P1P2_ENSG00000165802,-0.00078501564,0.00052617776,0.012272617
1900_CSNK1E_P1P2_ENSG00000213923,-0.003659377,0.0005328053,0.008998171
9924_YDJC_P1P2_ENSG00000161179,0.011256908,0.0005369909,-0.017019417
6824_PRRX2_P1P2_ENSG00000167157,-0.003434818,0.00054220075,0.010083833
6630_PPIL2_P1P2_ENSG00000100023,0.0028815519,0.00054697477,-0.015118495
2063_DCAKD_P2_ENSG00000172992,0.0076484424,0.0005470014,-0.0032794152
6244_PFKL_P1_ENSG00000141959,0.01522803,0.0005590542,-0.012434338
3405_GLRX_P1P2_ENSG00000173221,-0.0092015285,0.00056154805,-0.028969742
8105_SLC6A8_P1P2_ENSG00000130821,-0.0082060965,0.0005618447,0.011591073
6033_PAFAH1B1_P1P2_ENSG00000007168,-0.0233043,0.0005641792,0.0093984045
7671_SBNO2_P2_ENSG00000064932,0.006722109,0.00057954784,0.022279585
5380_MYF6_P1P2_ENSG00000111046,0.025647473,0.00058360974,-0.015519806
2632_EMX2_P1P2_ENSG00000170370,0.033317663,0.00058520667,0.010599301
5160_MPC2_P1P2_ENSG00000143158,0.014541038,0.0005965729,0.026247473
9091_TMEM64_P1P2_ENSG00000180694,0.014793827,0.0006022424,0.008611752
6458_PLOD3_P1P2_ENSG00000106397,-0.004689117,0.0006025402,0.017084325
7368_RNF187_P1_ENSG00000168159,0.020649023,0.0006072266,-0.014367151
6739_PRDX6_P1P2_ENSG00000117592,0.020826466,0.00061396294,0.012605678
6522_POLE3_P1P2_ENSG00000148229,0.018465199,0.000614452,0.01859511
11228_non-targeting_non-targeting_non-targeting,-0.013674371,0.0006249184,0.016427655
3889_HOXA1_P1P2_ENSG00000105991,-0.010259329,0.0006343317,-0.022863476
1299_CCDC85B_P1P2_ENSG00000175602,0.018228486,0.00063462293,0.01828235
6641_PPM1G_P2_ENSG00000115241,0.001369437,0.00063530676,0.0005427024
3077_FGGY_P1P2_ENSG00000172456,0.004209188,0.0006465994,-0.0029298281
2270_DNAAF2_P1P2_ENSG00000165506,-0.016294375,0.000647824,0.0018093691
1174_CANX_P2_ENSG00000127022,-0.0011582228,0.00064931356,0.016532319
5636_NFIB_P1P2_ENSG00000147862,0.009790345,0.00065141456,0.013342086
11065_non-targeting_non-targeting_non-targeting,0.012984131,0.00065263256,-0.039288025
3250_GABARAP_P1P2_ENSG00000170296,0.0053918613,0.0006551439,-0.009943492
309_ANAPC5_P1P2_ENSG00000089053,0.0046842988,0.0006575314,-0.0038484158
6373_PIP5K1A_P1P2_ENSG00000143398,0.010529085,0.0006666106,0.010765374
6848_PSMB10_P1P2_ENSG00000205220,0.0002931014,0.00067129213,0.011963759
205_AHDC1_P1P2_ENSG00000126705,-0.0014286262,0.00067395484,0.013090757
1587_CHMP5_P1P2_ENSG00000086065,-0.013901875,0.00067621,-0.019292409
10454_ZNF566_P1P2_ENSG00000186017,-0.024194945,0.0006779965,-0.006862771
4347_KIAA0355_P1P2_ENSG00000166398,-0.005628268,0.00068541954,0.002524806
4488_L2HGDH_P1P2_ENSG00000087299,0.0719725,0.0006933094,-0.01102554
9071_TMEM39B_P1P2_ENSG00000121775,0.013699965,0.00069631793,0.024488984
4550_LEMD3_P1P2_ENSG00000174106,-0.01820353,0.00069637725,-0.017898476
9044_TMEM216_P1P2_ENSG00000187049,0.002185993,0.0006965115,0.0046564755
11210_non-targeting_non-targeting_non-targeting,0.018272206,0.0006972405,0.011505925
11255_non-targeting_non-targeting_non-targeting,0.04114259,0.00069809175,0.059528325
8202_SNAP29_P1P2_ENSG00000099940,0.008073384,0.0007007473,0.024675334
10973_non-targeting_non-targeting_non-targeting,-0.00024945196,0.0007010737,0.027939925
5419_N4BP2_P1P2_ENSG00000078177,0.0069827656,0.0007012666,0.0070510963
2057_DCAF5_P1P2_ENSG00000139990,0.007791476,0.0007054335,0.026415288
3582_GTF2I_P1P2_ENSG00000263001,0.021444058,0.0007056521,-0.004345561
7489_RPP25L_P1P2_ENSG00000164967,0.0048473612,0.00071372517,-0.033480093
4816_MAP4K1_P1P2_ENSG00000104814,0.025806934,0.00071780477,1.0868659e-05
71_ACADS_P1P2_ENSG00000122971,0.00066881214,0.00072162785,-0.022471799
411_APOBEC3C_P1P2_ENSG00000244509,0.0060266443,0.00072383054,0.0032398063
1454_CDPF1_P1P2_ENSG00000205643,0.010887858,0.00072481896,-0.0112723615
9390_TTC4_P1P2_ENSG00000243725,0.08992936,0.0007270918,-0.0046552
489_ARID2_P1P2_ENSG00000189079,-0.017318644,0.00074035017,-0.007916232
1953_CTSV_P1P2_ENSG00000136943,0.0003747729,0.0007485176,-0.00010040949
2247_DLX3_P1P2_ENSG00000064195,0.0032094659,0.00075591705,0.013734787
3854_HNF4G_P2_ENSG00000164749,-0.0023969223,0.00076723815,-0.0019902377
5409_MYRF_P2_ENSG00000124920,0.001171636,0.0007738943,0.022081343
6165_PDE3B_P1P2_ENSG00000152270,0.015662568,0.0007763275,0.016567258
11248_non-targeting_non-targeting_non-targeting,0.0020843437,0.00077634276,0.0053409417
6119_PCF11_P1P2_ENSG00000165494,0.015095,0.00078054034,-0.009610951
1380_CD8B_P1P2_ENSG00000172116,-0.005864993,0.00078341336,0.009801523
2177_DGKE_P1P2_ENSG00000153933,0.0008331685,0.0007895207,0.004167072
9776_VTI1B_P1P2_ENSG00000100568,0.0052627227,0.0008053504,0.00073884527
355_ANP32E_P1P2_ENSG00000143401,0.00012621182,0.00081478694,-0.017083775
3100_FKBP7_P1P2_ENSG00000079150,0.0051574837,0.0008178963,0.009058345
5873_NUDT4_P1P2_ENSG00000173598,0.0051787435,0.0008296462,0.002602908
6246_PFKM_P1_ENSG00000152556,-0.0014975687,0.0008341544,0.010293264
7317_RIT1_P1P2_ENSG00000143622,-0.00033204202,0.00083710783,0.019997008
7473_RPL41_P1P2_ENSG00000229117,0.01122668,0.00083813985,-0.0008777779
1635_CLASP2_P2_ENSG00000163539,0.0034002087,0.00084377447,0.025905695
11045_non-targeting_non-targeting_non-targeting,-0.005900645,0.00084898394,-0.011126085
5035_MGAT1_P2_ENSG00000131446,-0.022141803,0.0008543262,0.003037396
4339_KHNYN_P1P2_ENSG00000100441,0.0033267504,0.0008569785,0.038128365
4990_EEF1AKNMT_P1P2_ENSG00000010165,0.022003712,0.0008587241,0.00492707
4057_IFT57_P1P2_ENSG00000114446,-0.002409654,0.0008629754,0.020987118
7428_RPGRIP1L_P1P2_ENSG00000103494,0.016454931,0.0008765558,0.011302241
1214_CAT_P1_ENSG00000121691,0.021033235,0.00087698246,-0.013097438
4145_INTS12_P1P2_ENSG00000138785,-0.05730679,0.0008869672,-0.0077313455
4882_MBNL2_P1P2_ENSG00000139793,-0.002202271,0.00088971516,0.0045389743
4303_KCTD15_P1P2_ENSG00000153885,-0.00521061,0.0008974959,-0.018429188
7232_RENBP_P1P2_ENSG00000102032,0.010937605,0.0009038339,0.00029978293
9325_TRPS1_P1P2_ENSG00000104447,0.006363373,0.0009070457,-0.012181614
4592_LIN37_P1P2_ENSG00000267796,0.032184944,0.0009117583,0.018346716
5075_RIOX2_P1P2_ENSG00000170854,-0.0033234493,0.0009182717,-0.00034590327
4892_MCCC2_P1P2_ENSG00000131844,0.021309027,0.0009259528,0.014454886
9999_ZBTB45_P1P2_ENSG00000119574,-0.005576364,0.00093629136,0.004571508
5455_NAMPT_P1P2_ENSG00000105835,0.006036481,0.0009405561,-0.02011662
989_METTL26_P1P2_ENSG00000130731,0.020937877,0.0009514848,0.04033385
7113_RARB_P1P2_ENSG00000077092,-0.012082074,0.00095626846,-0.004111732
169_ADTRP_P1P2_ENSG00000111863,0.009493435,0.00096127973,0.009101031
5287_MSL3_P1P2_ENSG00000005302,-0.011972409,0.0009612882,0.009832801
3179_FOXO3_P1_ENSG00000118689,0.0068367883,0.0009785988,-0.020327235
7126_RASSF1_P2_ENSG00000068028,0.00045468446,0.0009802988,-0.028006542
1901_CSNK1G1_P1P2_ENSG00000169118,0.005637715,0.000981515,0.017364275
8973_TMED1_P1P2_ENSG00000099203,0.015841126,0.0009864395,0.000116290896
4685_LSM10_P1P2_ENSG00000181817,-0.030665265,0.0009899186,0.06395133
2962_FANCD2_P1P2_ENSG00000144554,0.013948956,0.0009957422,-0.009516478
7714_SDC1_P1P2_ENSG00000115884,-0.008110571,0.0009999218,-0.010472583
4210_ISL1_P2_ENSG00000016082,0.0061435704,0.0010057031,0.008368296
2035_DBF4B_P1P2_ENSG00000161692,0.011540148,0.0010159117,0.0063815615
7052_RABIF_P1P2_ENSG00000183155,-0.02355168,0.0010192763,0.0061235726
8372_SPRTN_P1P2_ENSG00000010072,-0.00077051483,0.0010225417,0.010729428
6822_PRRX1_P1_ENSG00000116132,-0.020352213,0.0010323694,-0.017569022
4300_KCNN4_P1P2_ENSG00000104783,0.009281,0.0010384781,0.025877202
4799_MAP1S_P1P2_ENSG00000130479,-0.0020876145,0.0010452955,0.0032530583
5945_OPA3_P1_ENSG00000125741,-0.018113527,0.0010484963,0.049450494
3264_GALK2_P1_ENSG00000156958,0.009616549,0.0010520426,0.0036531738
5126_MMS19_P1P2_ENSG00000155229,-0.013318457,0.0010541719,0.02527756
4453_KMT2E_P1P2_ENSG00000005483,0.0052886177,0.00105488,0.019118402
7968_SLC16A5_P1P2_ENSG00000170190,0.015293806,0.001060513,-0.0035712584
8018_SLC27A2_P1P2_ENSG00000140284,0.004801331,0.0010621282,0.017855283
10484_ZNF592_P1P2_ENSG00000166716,-0.0028921615,0.0010681312,0.019191433
6484_PMVK_P1P2_ENSG00000163344,-0.01458688,0.0010690725,0.010963393
8719_TBC1D3_ENST00000537432.1_ENSG00000274611,-0.003967442,0.0010712526,0.028997002
3351_GGA1_P1P2_ENSG00000100083,-0.0047243456,0.0010793887,0.01565782
6578_POPDC3_P1_ENSG00000132429,-0.0027263183,0.0010830576,-0.0040964354
5466_NARF_P1P2_ENSG00000141562,0.0042542173,0.0010843049,0.013189685
10545_ZNF677_P1P2_ENSG00000197928,0.0017762469,0.0010847293,0.005736298
6066_PAQR4_P1P2_ENSG00000162073,-0.019846572,0.0010865149,0.011639593
9834_WDR62_P1P2_ENSG00000075702,-0.0068650185,0.0010929304,-0.010306754
2434_DYRK3_P1P2_ENSG00000143479,0.052670773,0.001097121,0.00204051
7350_RNF141_P1P2_ENSG00000110315,-0.0037751675,0.0010971791,0.0073325154
11103_non-targeting_non-targeting_non-targeting,0.016389426,0.0010973243,-0.0012118643
8021_SLC29A1_P2_ENSG00000112759,0.0015052153,0.0011011653,-0.0127560785
10012_ZBTB7C_P2_ENSG00000184828,0.003700355,0.0011069227,-0.0028558928
358_ANXA1_P1P2_ENSG00000135046,0.0033180807,0.0011149136,-0.015104363
9947_YTHDC2_P1P2_ENSG00000047188,0.0093585765,0.0011161244,-0.00424812
10693_ZNF91_P1P2_ENSG00000167232,0.022535179,0.0011175765,-0.0029223913
5446_NADK_P2_ENSG00000008130,0.027907006,0.0011193298,0.0201594
5979_OSBPL5_P1P2_ENSG00000021762,-0.0062437654,0.0011225106,0.0074720727
10131_ZKSCAN5_P1P2_ENSG00000196652,-0.005992019,0.0011239994,-0.042009823
1505_CEP44_P1P2_ENSG00000164118,-0.0098037915,0.0011248289,0.008494518
8714_TBC1D23_P1P2_ENSG00000036054,0.014653023,0.0011249771,0.016111799
1497_CEP152_P1P2_ENSG00000103995,-0.016505789,0.0011283725,-0.014420846
10264_ZNF282_P1P2_ENSG00000170265,0.005259593,0.0011293414,-0.008401264
11226_non-targeting_non-targeting_non-targeting,0.009558353,0.0011297081,0.030455733
4345_KIAA0232_P1P2_ENSG00000170871,0.008138739,0.001136261,0.038899675
4929_MECR_P1P2_ENSG00000116353,0.038615864,0.0011396484,-0.012657877
2843_FAM120C_P1P2_ENSG00000184083,-0.0033718501,0.0011458469,-0.00737623
7654_SAR1B_P1P2_ENSG00000152700,-0.0070046424,0.0011490026,-0.0039820387
4462_KPNA5_P1P2_ENSG00000196911,0.008099447,0.0011495054,0.010099297
10364_ZNF440_P1P2_ENSG00000171295,-0.014952679,0.0011558848,0.02154511
11099_non-targeting_non-targeting_non-targeting,-0.006024852,0.0011572478,0.008924846
6158_PDCD6IP_P1P2_ENSG00000170248,0.009740374,0.0011646112,0.0072606998
8194_SMYD2_P1P2_ENSG00000143499,0.014268519,0.0011659028,-0.0026469706
10404_ZNF503_P1P2_ENSG00000165655,0.0047479314,0.0011661436,-0.013341243
9118_TMX3_P1P2_ENSG00000166479,0.007748779,0.0011680278,0.011841868
10948_non-targeting_non-targeting_non-targeting,-0.0054628793,0.0011684179,0.057689123
4711_LTF_P1P2_ENSG00000012223,0.0057607396,0.0011698582,0.0036891024
2034_DAZAP2_P1P2_ENSG00000183283,0.004204444,0.0011909477,0.013781593
10098_ZFP90_P2_ENSG00000184939,0.0038396425,0.0011955224,0.0012449421
7922_SIRT1_P1P2_ENSG00000096717,-0.0099048205,0.0011991268,0.036601085
1155_CALCOCO2_P1_ENSG00000136436,-0.0029492471,0.0011992855,0.0031308632
9648_USP30_P1P2_ENSG00000135093,0.016904471,0.001210304,0.0062990813
10564_ZNF700_P1P2_ENSG00000196757,0.006640906,0.0012103404,-0.028648326
10796_non-targeting_non-targeting_non-targeting,-0.008595817,0.0012256023,0.009883419
1404_CDC42SE1_P1P2_ENSG00000197622,0.010374025,0.0012291372,-0.008060393
10572_ZNF705G_ENST00000400156.4_ENSG00000215372,0.0036519726,0.0012293402,0.018795988
10374_ZNF454_P1P2_ENSG00000178187,0.020637866,0.0012303472,0.011792718
7366_RNF182_P1P2_ENSG00000180537,-0.0040077157,0.0012341741,-0.01566844
5718_NMNAT3_P1P2_ENSG00000163864,-0.020378944,0.0012356511,-0.0043035895
1764_COMMD6_P2_ENSG00000188243,-0.011710684,0.0012415529,0.0056192414
7954_SLC11A2_P2_ENSG00000110911,0.0032552062,0.001249604,-0.0013667153
4672_LRRC59_P2_ENSG00000108829,-0.015207663,0.0012529541,0.01834127
1558_CHD2_P2_ENSG00000173575,0.0017891304,0.0012609932,0.017686222
3888_HOXA13_P1P2_ENSG00000106031,-0.0009464788,0.0012676432,0.016661908
4936_MED15_P2_ENSG00000099917,0.0007701884,0.0012690368,0.020174239
886_BRCC3_P1P2_ENSG00000185515,0.0024414803,0.0012805803,-0.009483298
2645_ENOSF1_P1P2_ENSG00000132199,0.01566421,0.0012826037,-0.0022894524
1190_CARD8_P2_ENSG00000105483,0.008195387,0.0012883745,-0.00013061793
3910_HOXC10_P1P2_ENSG00000180818,0.0037289846,0.0012888075,0.027405133
2831_FAM110A_P1P2_ENSG00000125898,0.019016478,0.0012969493,0.019519435
7408_ROCK1_P1P2_ENSG00000067900,0.007179426,0.0012978703,0.005943132
6038_PAGE5_P1P2_ENSG00000158639,-0.011415423,0.0012984012,-0.027042862
2306_DNAL1_P1P2_ENSG00000119661,0.019471947,0.00129978,-0.013465524
5666_NHLRC3_P1P2_ENSG00000188811,0.01498239,0.0013007176,0.01312178
3956_HSD3B7_P1P2_ENSG00000099377,0.0139446715,0.0013068788,0.007691317
9532_UBL3_P1P2_ENSG00000122042,-0.027945824,0.0013112288,-0.0017896513
6445_PLEKHH3_P1P2_ENSG00000068137,0.019889127,0.0013113337,0.033326928
6424_PLCL2_P1P2_ENSG00000154822,-0.029191311,0.0013129355,0.026508274
898_BRI3BP_P1P2_ENSG00000184992,-0.011212413,0.0013130277,-0.0075693033
2398_DUS4L_P1P2_ENSG00000105865,-0.014070277,0.0013164155,-0.011507496
5526_NDRG2_P1P2_ENSG00000165795,0.0033504143,0.0013176445,-0.0030148758
7655_SARNP_P1P2_ENSG00000205323,0.022227215,0.0013224136,0.04188819
4378_KIF16B_P1P2_ENSG00000089177,-0.015944578,0.0013224868,-0.0103148315
785_BCAR1_P1_ENSG00000050820,-0.0062096156,0.0013256635,0.0075600003
7042_RAB9A_P1P2_ENSG00000123595,0.009654129,0.001337897,0.0047945855
8985_TMEM109_P1P2_ENSG00000110108,-0.0060062762,0.0013455057,-0.0039057962
1240_KYAT3_P1P2_ENSG00000137944,0.009603644,0.0013582838,0.011867857
11275_non-targeting_non-targeting_non-targeting,0.021650286,0.0013601469,0.044618588
10555_ZNF689_P1P2_ENSG00000156853,0.035319068,0.0013779526,-0.03826079
11135_non-targeting_non-targeting_non-targeting,0.0047355667,0.001380071,0.0044764043
1315_CCNA2_P1P2_ENSG00000145386,-0.045084603,0.0013827976,0.03513042
7974_SLC1A4_P1P2_ENSG00000115902,-0.017637543,0.001384429,0.01492156
5456_NANOGNB_ENST00000382119.1_ENSG00000205857,-0.015013053,0.001393577,0.010421463
10355_ZNF432_P1P2_ENSG00000256087,0.019285044,0.0013985722,0.003574355
5638_NFIC_P2_ENSG00000141905,0.02503046,0.0014000657,-0.034102105
7244_REXO4_P1P2_ENSG00000148300,0.0008109418,0.0014026095,0.02438788
6184_PDK2_P1P2_ENSG00000005882,0.010443636,0.0014079708,0.02058139
5865_NUDT16L1_P1P2_ENSG00000168101,-0.011745464,0.0014161972,0.016878493
923_BTF3L4_P1P2_ENSG00000134717,0.01564355,0.0014173705,0.0039832876
8459_ZNRD2_P1P2_ENSG00000173465,-0.0039747665,0.0014214987,0.009614315
4284_KATNB1_P1P2_ENSG00000140854,0.010897694,0.0014228199,-0.00012277036
10181_ZNF165_P1P2_ENSG00000197279,-0.015355973,0.0014259919,0.008124505
9960_ZADH2_P1P2_ENSG00000180011,0.003808714,0.001426298,-0.008490875
10787_non-targeting_non-targeting_non-targeting,0.009568729,0.0014269189,0.0024873517
1939_CTNNBL1_P1P2_ENSG00000132792,-0.026395569,0.0014282836,-0.027581047
5244_MRPS14_P1P2_ENSG00000120333,-0.039494235,0.001428753,-0.0005132327
6131_PCM1_P1P2_ENSG00000078674,-0.02937812,0.0014297579,0.007769124
5299_MTA1_P1P2_ENSG00000182979,-0.00130641,0.0014312846,-0.01708102
1232_CBX5_P1P2_ENSG00000094916,0.034892846,0.0014427007,-0.014631706
11024_non-targeting_non-targeting_non-targeting,5.629861e-05,0.0014491329,0.015367772
5436_NAB2_P1P2_ENSG00000166886,-0.012905792,0.0014539318,0.013668374
5594_NEK4_P1P2_ENSG00000114904,-0.0041450653,0.001456103,-0.0036705225
7661_SAT1_P1P2_ENSG00000130066,-0.0034126153,0.0014591144,0.013354393
5913_NXT2_P1P2_ENSG00000101888,-0.014147155,0.001459982,0.0319481
7765_SELPLG_P1P2_ENSG00000110876,-0.008068766,0.0014612596,-0.011970727
995_C16orf72_P1_ENSG00000182831,0.01576293,0.0014701696,0.032985948
9614_UQCRHL_P1P2_ENSG00000233954,0.017259672,0.0014746062,-0.022418555
3414_GM2A_P1P2_ENSG00000196743,-0.026704399,0.0014752211,-0.012452899
1495_CEP120_P1P2_ENSG00000168944,-0.0037128322,0.0014756037,0.027980942
2830_FAM104B_P1P2_ENSG00000182518,-0.0020603046,0.0014773121,-0.019200202
6498_PNPO_P1P2_ENSG00000108439,-0.0018818879,0.0014800163,-0.012213123
"7600_RUNX1_ENST00000300305.3,ENST00000437180.1_ENSG00000159216",0.0038264897,0.0014892133,0.012553527
11171_non-targeting_non-targeting_non-targeting,-0.007587872,0.0014915203,-0.0017401507
496_ARID5B_ENST00000279873.7_ENSG00000150347,0.03954804,0.0014958174,0.044610776
2564_EIF4EBP1_P1P2_ENSG00000187840,0.024947643,0.0014968214,0.022169799
4009_ICAM1_P1P2_ENSG00000090339,0.012303133,0.0014981397,-0.0331626
2710_ERI3_P1P2_ENSG00000117419,0.0009824631,0.0014998274,0.010225215
2556_EIF3L_P1P2_ENSG00000100129,-0.0082042655,0.0015093614,0.025034972
10664_ZNF831_ENST00000371030.2_ENSG00000124203,-0.0027352374,0.0015164668,-0.0017616024
5349_MTX2_P1P2_ENSG00000128654,0.019809349,0.0015200005,-0.0064541115
6069_PARD6B_P1P2_ENSG00000124171,-0.0069456827,0.0015309663,0.013663871
7693_SCG3_P1P2_ENSG00000104112,-0.01888315,0.0015310717,0.003273173
945_FAM241B_P1P2_ENSG00000171224,-0.0045201094,0.0015600247,0.0054449993
3300_GATAD2A_P2_ENSG00000167491,0.016643813,0.0015653089,-0.0024932092
6079_PARP6_P1P2_ENSG00000137817,0.019463416,0.0015659251,0.01724564
10639_ZNF790_P1_ENSG00000197863,0.0077416,0.0015663073,-0.02686944
3118_FMNL3_P1P2_ENSG00000161791,-0.007691896,0.0015680896,0.011871895
6221_PET117_P1P2_ENSG00000232838,0.14302593,0.00157099,0.04610086
4140_INSIG1_P1P2_ENSG00000186480,-0.012161457,0.0015737449,0.005970324
2404_DUSP14_P1_ENSG00000276023,0.022714559,0.0015745038,0.02758081
4028_IDH3G_P1P2_ENSG00000067829,-0.019931296,0.0015761255,-0.009673033
5942_ONECUT2_P1P2_ENSG00000119547,-0.016292393,0.0015800324,-0.010545386
10901_non-targeting_non-targeting_non-targeting,0.023264877,0.0015837305,0.025715046
9677_USP9X_P1P2_ENSG00000124486,0.015423689,0.0015896953,-0.009835682
8457_SSR4_P1P2_ENSG00000180879,-0.02619019,0.0015951376,0.022146106
6454_PLK3_P1P2_ENSG00000173846,0.009896616,0.0015976927,-0.030680323
8764_TCEA1_P1P2_ENSG00000187735,-0.019480856,0.0016108265,-0.014484163
4800_MAP2K1_P1P2_ENSG00000169032,0.0047436543,0.001614688,0.0022022785
4889_MCAM_P1P2_ENSG00000076706,0.014400528,0.0016172044,0.00836589
10881_non-targeting_non-targeting_non-targeting,-0.0041051586,0.0016183319,0.01451701
8068_SLC38A9_P1P2_ENSG00000177058,-0.00087934744,0.0016205688,0.0069585303
254_ALDH1A1_P1P2_ENSG00000165092,-0.029993074,0.0016303442,-0.009052277
5846_NTAN1_P1P2_ENSG00000157045,0.022085812,0.0016379232,0.011529874
2615_EMC6_P1P2_ENSG00000127774,0.016356627,0.0016380035,0.007315366
5053_MICAL2_P1P2_ENSG00000133816,-0.010916333,0.0016438676,-0.01513384
8096_SLC4A5_P1_ENSG00000188687,0.004327733,0.001653976,-0.0010341497
865_BNIP3_P1P2_ENSG00000176171,0.00062021054,0.0016562067,-0.016591279
3932_HPS1_P1P2_ENSG00000107521,0.014504045,0.0016669744,0.008787743
7741_SEC23A_P1P2_ENSG00000100934,-0.022093931,0.0016743401,-0.007835063
2445_E2F8_P1P2_ENSG00000129173,0.028424207,0.0016789102,0.005606034
581_ASH2L_P1P2_ENSG00000129691,-0.020331316,0.0016825506,0.017367506
7238_REST_P1_ENSG00000084093,-0.0060143685,0.0016868571,-0.0110125495
9624_UROS_P1P2_ENSG00000188690,-0.0070810723,0.0016880477,-0.002479668
10635_ZNF785_P1P2_ENSG00000197162,0.011729897,0.0016905213,0.012861482
184_AGFG1_P1P2_ENSG00000173744,-0.016402261,0.0016910854,-0.001954752
10640_ZNF790_P2_ENSG00000197863,0.0113866525,0.0016984296,0.0066019343
9252_TRAPPC6B_P1P2_ENSG00000182400,0.0031170624,0.0017029002,-0.0042731236
7004_RAB11B_P1P2_ENSG00000185236,0.03835662,0.0017029598,0.007877181
5833_NSUN2_P1P2_ENSG00000037474,0.013819791,0.001703861,-0.007828105
9191_TP53BP2_P1P2_ENSG00000143514,-0.001736186,0.0017116745,0.0075844196
439_ARF3_P1P2_ENSG00000134287,0.02823648,0.0017152383,0.0067605567
4660_LRRC28_P1P2_ENSG00000168904,-0.022845486,0.0017155601,-0.0012498592
4379_KIF18A_P1P2_ENSG00000121621,0.026084606,0.0017184825,0.01124814
1233_CBX6_P1P2_ENSG00000183741,0.0034116502,0.0017200426,-0.008847648
8796_TCTN1_P1P2_ENSG00000204852,0.0017660809,0.001725709,-0.0008622238
4256_JMJD8_P1P2_ENSG00000161999,-0.0041070236,0.0017264145,-0.01198229
5266_MRPS5_P1P2_ENSG00000144029,-0.02533406,0.001739207,-0.0035552734
10794_non-targeting_non-targeting_non-targeting,0.00588816,0.0017456448,-0.0072874026
1082_C2orf88_P1P2_ENSG00000187699,0.009377008,0.0017473788,0.017092276
4916_MDH2_P1P2_ENSG00000146701,-0.0054752934,0.0017540358,0.01928809
4643_LRFN4_P1P2_ENSG00000173621,0.014986898,0.0017754924,0.00702997
4509_LAMTOR5_P1P2_ENSG00000134248,-0.0063640308,0.0017894418,0.0487337
10554_ZNF688_P1P2_ENSG00000229809,0.0137777915,0.0018020023,0.022296272
3678_HEATR3_P1P2_ENSG00000155393,-0.011982498,0.0018036469,0.043588426
8312_SP7_P1P2_ENSG00000170374,-0.012576088,0.0018057801,-0.028056912
1249_CCDC124_P2_ENSG00000007080,0.010132599,0.0018086969,0.0142924525
1456_CDR2_P1P2_ENSG00000140743,0.00904443,0.0018219491,-0.013200773
9207_TPM4_P1_ENSG00000167460,-0.006057598,0.0018259439,0.0072783274
7971_SLC18B1_P1P2_ENSG00000146409,0.019522037,0.0018301461,0.010646208
321_ANKMY1_P1P2_ENSG00000144504,-0.0149770975,0.0018336026,-0.02667294
2340_DPF1_P2_ENSG00000011332,-0.0031381256,0.0018358,-0.012858297
422_APPBP2_P1P2_ENSG00000062725,-0.0065280185,0.0018474488,0.042001206
4368_KIAA1586_P1P2_ENSG00000168116,0.0033415747,0.0018500908,0.0106021445
10405_ZNF506_P1P2_ENSG00000081665,0.019414546,0.001851062,-0.0055666836
3983_HSPB1_P2_ENSG00000106211,-0.005179485,0.0018530948,0.031110888
9547_UBR4_P1P2_ENSG00000127481,-0.065565795,0.0018539672,-0.050507464
6379_PITPNA_P1P2_ENSG00000174238,0.003132678,0.0018557176,0.0005873089
82_ACER3_P1P2_ENSG00000078124,0.0015185288,0.0018635107,-0.01093979
249_ALAD_P1P2_ENSG00000148218,0.018957127,0.0018682234,0.009391503
8787_TCF7_P1P2_ENSG00000081059,0.009671318,0.0018703234,0.06566087
7196_RCAN1_P1P2_ENSG00000159200,0.022644712,0.0018729072,0.038180515
10443_ZNF555_P1P2_ENSG00000186300,-0.010044745,0.0018734655,-0.0138442945
7231_REL_P1P2_ENSG00000162924,-0.010677354,0.0018865597,0.013671879
9718_VEGFA_P1P2_ENSG00000112715,-0.00447524,0.0018900024,-0.0018264741
8071_SLC39A13_P1P2_ENSG00000165915,0.008619461,0.0019104856,0.0018656979
3036_FBXW5_P1P2_ENSG00000159069,-0.0073886923,0.0019175143,-0.0249515
6206_PEA15_P1P2_ENSG00000162734,0.006140547,0.0019188003,0.020952305
5785_NR1H4_P1P2_ENSG00000012504,0.001362073,0.0019216589,-0.012269086
3348_GFOD1_P1P2_ENSG00000145990,-0.0033566658,0.0019235162,-0.010584786
8483_STAM2_P1P2_ENSG00000115145,0.010657715,0.0019282429,0.0075177914
9452_TXNDC5_P1P2_ENSG00000239264,-0.0098490985,0.0019284983,0.0011102539
7401_RNH1_P1P2_ENSG00000023191,-0.004075034,0.001931536,-0.010964705
4296_KCNH2_P1_ENSG00000055118,0.013312834,0.0019324345,-0.0012208692
432_ARAF_P1P2_ENSG00000078061,0.01386686,0.0019348483,0.005453172
10720_ZSCAN26_P1P2_ENSG00000197062,0.025638472,0.0019364438,0.018473107
10445_ZNF557_P1P2_ENSG00000130544,-0.006579279,0.0019532098,0.051321287
6156_PDCD4_P1_ENSG00000150593,-0.0010763927,0.0019654366,-0.005684829
11138_non-targeting_non-targeting_non-targeting,0.0035655613,0.001975204,0.006039356
1468_CEBPE_P1P2_ENSG00000092067,0.00074892107,0.0019776353,-0.007631051
1934_CTH_P1P2_ENSG00000116761,0.003341323,0.0019794572,-0.019256018
512_ARL5B_P1P2_ENSG00000165997,0.00818202,0.0019836042,0.0099897655
4343_DELE1_P1P2_ENSG00000081791,0.0013403991,0.0019843853,0.024309568
2174_DGCR6L_P1P2_ENSG00000128185,-0.0005657988,0.0019962208,0.0075686933
9404_TTLL5_P1P2_ENSG00000119685,-0.035510756,0.0019993696,-0.01850602
8712_TBC1D22A_P1P2_ENSG00000054611,-0.010453977,0.001999448,-0.013901723
4519_LARP4_P1P2_ENSG00000161813,-0.02557955,0.0020024017,0.040543403
529_ARNT2_P1P2_ENSG00000172379,0.0045257285,0.0020053,0.016635096
8789_TCHP_P1P2_ENSG00000139437,0.0058837095,0.002025803,-0.012570537
8970_TMCO3_P1P2_ENSG00000150403,0.023244321,0.002027035,0.010058237
5041_OGA_P1P2_ENSG00000198408,-0.045391865,0.0020275305,0.01492826
4328_KDM5B_P1P2_ENSG00000117139,-0.00072345283,0.0020388893,0.005065247
9802_WDHD1_P1P2_ENSG00000198554,0.003226336,0.0020442659,0.00927466
2979_FASTKD5_P1P2_ENSG00000215251,-0.019170174,0.0020463772,0.0022147705
9425_TUBGCP2_P1P2_ENSG00000130640,-0.011156631,0.0020468575,-0.0044913893
2058_DCAF6_P1P2_ENSG00000143164,0.0066287504,0.002052755,0.020772882
10423_ZNF528_P1P2_ENSG00000167555,0.0029361052,0.002054043,0.02242288
3451_GNPNAT1_P1P2_ENSG00000100522,0.016362438,0.0020630413,0.013286142
925_BTG1_P1P2_ENSG00000133639,-0.005548981,0.0020697943,-0.016250847
4495_LACTB2_P1P2_ENSG00000147592,-0.011478051,0.0020703822,0.009371847
3953_HSD17B7_P1_ENSG00000132196,-0.004747535,0.0020740258,0.004004726
2207_DHX30_P1_ENSG00000132153,-0.10051147,0.0020766254,-0.018902726
1006_C17orf75_P1P2_ENSG00000108666,0.008828167,0.0020812568,-0.006241648
7757_SECISBP2_P1P2_ENSG00000187742,0.0046847872,0.0020885572,0.010942378
5227_MRPL44_P1P2_ENSG00000135900,-0.07840845,0.0020913824,-0.017624076
4727_LYRM1_P1P2_ENSG00000102897,0.027681606,0.002093987,0.0071714064
919_BTBD1_P1P2_ENSG00000064726,-0.049435474,0.0020970916,0.037735183
8245_SNX15_P2_ENSG00000110025,0.010878717,0.0021011927,0.0078113344
7319_RLIM_P1P2_ENSG00000131263,0.0056293546,0.0021016772,0.022518927
5145_MOK_P1P2_ENSG00000080823,-0.021663051,0.0021027038,-0.00817856
7799_SERINC1_P1P2_ENSG00000111897,0.030917691,0.0021112827,-0.00020870852
10744_ZYX_P1P2_ENSG00000159840,0.008368975,0.0021138664,0.00862174
8427_SRR_P1P2_ENSG00000167720,0.0031682565,0.002115138,-0.016000371
743_BACH1_P1P2_ENSG00000156273,-0.010582542,0.002119433,-0.009458587
9014_TMEM165_P1P2_ENSG00000134851,0.023538178,0.0021219256,-0.042666156
1218_CBFA2T3_P1_ENSG00000129993,0.0049993396,0.0021225743,-0.003430125
4724_LYPLA1_P1P2_ENSG00000120992,0.020646783,0.0021305452,0.022534767
10112_ZFY_P1P2_ENSG00000067646,0.024202006,0.0021403907,0.021397548
10712_ZSCAN18_P1_ENSG00000121413,-0.016492354,0.0021414266,-0.013848542
5571_NDUFS6_P1P2_ENSG00000145494,-0.0027080744,0.002146642,0.006565427
759_BANP_P1P2_ENSG00000172530,0.0010196659,0.002156541,0.033763107
3182_FOXP1_ENST00000493089.1_ENSG00000114861,0.012816715,0.0021574683,0.025173005
9056_TMEM242_P1P2_ENSG00000215712,-0.042475414,0.002172634,-0.034674007
457_ARHGAP11B_P1P2_ENSG00000284906,-0.0003886999,0.0021897468,-0.0028727804
7020_RAB2A_P1P2_ENSG00000104388,-0.03459269,0.0021901443,-0.0059539224
7967_SLC16A1_P1_ENSG00000155380,-0.04189841,0.0022039986,-0.011481997
6478_PMP22_P1P2_ENSG00000109099,-0.00461485,0.0022054114,0.005092143
31_ABCD4_P1P2_ENSG00000119688,-0.00485164,0.0022120294,0.011917392
3758_HIST1H2BA_P1P2_ENSG00000146047,0.021088952,0.002222749,0.019031407
7276_RGS16_P1P2_ENSG00000143333,-0.00091262447,0.0022287145,0.01630935
10095_ZFP69_P1P2_ENSG00000187815,-8.821993e-05,0.0022339039,-0.015255797
7736_SEC14L1_P1_ENSG00000129657,0.004065431,0.0022339453,-0.0014575049
5935_OLA1_P1P2_ENSG00000138430,-0.0019174101,0.0022475938,-0.006980209
8814_TEKT2_P1P2_ENSG00000092850,0.001369974,0.002247658,-0.0031318327
4867_MATR3_P1P2_ENSG00000280987,0.0064553847,0.0022486125,0.007499404
7660_SASS6_P1P2_ENSG00000156876,-0.0032954433,0.0022547946,0.02081916
8971_TMCO6_P1P2_ENSG00000113119,0.0014195106,0.0022557036,-0.011122825
802_BCL2L1_P2_ENSG00000171552,-0.013476032,0.0022561823,-0.009271598
5017_MFAP3_P1P2_ENSG00000037749,0.008756448,0.0022562551,0.014616362
887_BRD1_P1P2_ENSG00000100425,-0.0061955554,0.0022650112,0.027142579
8006_SLC25A3_P1P2_ENSG00000075415,-0.024738377,0.0022710876,-0.024627158
2107_DDX19B_P1_ENSG00000157349,-0.00082520524,0.0022739181,-0.008713557
2588_ELF5_P1P2_ENSG00000135374,0.00648899,0.0022739987,0.0031364248
2800_EXTL3_P1P2_ENSG00000012232,0.005787619,0.0022758564,-0.010854064
5286_MSL2_P1P2_ENSG00000174579,-0.029931683,0.0022820816,0.017049095
1599_CHST10_P1P2_ENSG00000115526,-0.0058095986,0.0022880484,0.006482915
2488_EEF2K_P1P2_ENSG00000103319,0.0013924392,0.0022907443,0.032244887
4705_LTBP1_P1P2_ENSG00000049323,0.008356593,0.0022949155,-0.0017039478
8767_TCEAL8_P1P2_ENSG00000180964,-0.009312431,0.0022980338,0.01034249
6280_PHF12_P1P2_ENSG00000109118,0.012100623,0.0023067049,-0.0020254042
3280_GAN_P1P2_ENSG00000261609,-0.0005088261,0.0023125696,0.010050952
7065_RAD50_P1P2_ENSG00000113522,0.0002054763,0.0023181005,0.007133879
2106_DDX19A_P1P2_ENSG00000168872,0.005417807,0.0023216496,0.01646087
3328_GDF11_P1P2_ENSG00000135414,-0.0104581835,0.002325684,-0.00279972
8390_SPTY2D1_P1P2_ENSG00000179119,0.0039029932,0.0023256845,-0.018237054
6264_PGP_P1P2_ENSG00000184207,-0.019636905,0.0023366304,-0.0040962477
5763_NPB_P1P2_ENSG00000183979,-0.0016326989,0.0023426467,0.0014899296
9138_TNK2_P1_ENSG00000061938,-0.002801317,0.0023428944,0.0029357483
3193_FOXRED1_P1P2_ENSG00000110074,0.0004444629,0.0023445284,-0.01132057
3511_GPR61_P1P2_ENSG00000156097,-0.00050494174,0.0023451964,-0.009546166
3176_FOXN4_P1P2_ENSG00000139445,-0.0057277502,0.002353571,0.0012315464
1389_CDC16_P1P2_ENSG00000130177,0.010210806,0.0023777639,-0.01634621
832_BICD1_P1P2_ENSG00000151746,0.008034638,0.0023823385,0.00049294956
7642_SAMD1_P1P2_ENSG00000141858,0.017443795,0.0023824726,0.012621883
4306_KCTD3_P1P2_ENSG00000136636,-0.032964434,0.0023835236,0.028229574
7738_SEC22A_P1P2_ENSG00000121542,0.0026638906,0.0023868724,0.028898425
7023_RAB31_P1P2_ENSG00000168461,-0.006960828,0.0023922727,0.023683999
2168_DEXI_P1P2_ENSG00000182108,0.004474744,0.002397303,0.010490953
2562_EIF4B_P1P2_ENSG00000063046,-0.035523612,0.0023984439,0.0104469415
9710_VCL_P1P2_ENSG00000035403,0.0039543957,0.002399012,0.0054760906
10265_ZNF283_P1P2_ENSG00000167637,5.7405345e-05,0.0024000506,0.016585106
941_BZW2_P1P2_ENSG00000136261,0.0045729605,0.0024050449,0.0103866225
88_ACOT12_P1P2_ENSG00000172497,0.016869059,0.0024060383,0.0075151124
5759_NPAS2_P1P2_ENSG00000170485,0.0052788956,0.0024102286,0.0038467182
2899_TASOR_P1P2_ENSG00000163946,-0.003150937,0.0024131306,-0.0006876852
2964_FANCF_P1P2_ENSG00000183161,0.004963583,0.0024154475,-0.019356543
4011_ICAM3_P1P2_ENSG00000076662,-0.0016162687,0.002415697,-0.012491922
5442_NACC1_P1P2_ENSG00000160877,0.0011142929,0.0024176785,0.016187336
2938_FAM72C_ENST00000369175.3_ENSG00000263513,0.0046558776,0.0024206971,-0.009444179
5640_NFIX_P1_ENSG00000008441,0.0019424392,0.0024258606,0.0051019317
8896_THRB_P1P2_ENSG00000151090,0.02161897,0.0024393415,-0.008522075
10978_non-targeting_non-targeting_non-targeting,-0.018483745,0.0024420887,-0.008405582
10356_ZNF433_P1P2_ENSG00000197647,0.013769254,0.0024443269,-0.015563233
6485_PNISR_P2_ENSG00000132424,-0.00071765867,0.0024451262,0.0062526586
4437_KLHL21_P1P2_ENSG00000162413,0.005581424,0.0024530943,0.006389516
7828_SEZ6L2_P1P2_ENSG00000174938,0.008967861,0.0024563342,-0.004757476
3529_GRB10_P1_ENSG00000106070,0.024273178,0.0024563833,0.007870455
7367_RNF185_P1P2_ENSG00000138942,-0.008399983,0.0024581265,0.0065992824
7609_RWDD1_P1P2_ENSG00000111832,0.002600381,0.002459054,-0.010071834
1567_CHDH_P1P2_ENSG00000016391,0.0023249218,0.0024623687,-0.0016237197
1482_CENPI_P1P2_ENSG00000102384,-0.054321654,0.0024756393,0.06577574
2573_EIF4H_P1P2_ENSG00000106682,-0.0008219054,0.0024784743,-0.03583702
7845_SFT2D2_P1P2_ENSG00000213064,0.013646559,0.002479662,0.005695573
2279_DNAJB12_P1P2_ENSG00000148719,0.006766525,0.002482045,-0.012430515
9884_WWP1_P1P2_ENSG00000123124,-0.0018725718,0.0024825975,0.013120813
10032_ZCCHC10_P1P2_ENSG00000155329,-0.020318,0.0024877007,-0.008485708
8565_STXBP5_P1P2_ENSG00000164506,-0.0020831146,0.002489528,-0.0057733306
5752_NOS1AP_P1P2_ENSG00000198929,0.01978085,0.0024907442,0.003493246
3544_GRTP1_P1P2_ENSG00000139835,-0.0038275395,0.002492482,1.0077248e-05
1273_CCDC28A_P1P2_ENSG00000024862,0.008745221,0.0024928206,-0.00020975598
5864_NUDT15_P1P2_ENSG00000136159,-0.027927004,0.0024943093,-0.019736605
9574_UGCG_P1P2_ENSG00000148154,-0.038432322,0.00250016,-0.018023733
5921_OCEL1_P1P2_ENSG00000099330,0.023292713,0.0025244893,0.0056816735
3733_HINT2_P1P2_ENSG00000137133,-0.007966173,0.002526996,-0.003410704
9231_TRAF4_P1P2_ENSG00000076604,0.021413498,0.00252745,0.010605133
215_AIF1_P1P2_ENSG00000204472,0.017282447,0.0025296533,-0.0046878657
470_ARHGAP5_P1P2_ENSG00000100852,0.00632188,0.0025333164,0.015187988
3268_GALNT11_P1P2_ENSG00000178234,0.0015518421,0.0025341648,-0.011338142
812_BCR_P1P2_ENSG00000186716,-0.049353722,0.0025342936,-0.01815677
8221_SNRNP48_P1P2_ENSG00000168566,0.031388167,0.0025400727,0.013205668
4415_KLF17_ENST00000372299.3_ENSG00000171872,-0.0056182113,0.0025414485,-0.010734696
6654_PPP1R12A_P1P2_ENSG00000058272,0.0069366386,0.002542486,0.0098712025
7793_SERBP1_P1P2_ENSG00000142864,0.009935628,0.002542529,0.013870378
7999_SLC25A32_P1P2_ENSG00000164933,-0.0013766575,0.0025507922,0.0018652782
7396_RNF7_P1P2_ENSG00000114125,0.010499307,0.0025510504,0.017216662
6289_PHF2_P1P2_ENSG00000197724,-0.01146167,0.0025587643,-0.008655941
"6635_PPIP5K1_ENST00000334933.4,ENST00000360135.4,ENST00000360301.4,ENST00000420765.1_ENSG00000168781",0.017753124,0.002558823,-0.003373923
"10670_ZNF83_ENST00000301096.3,ENST00000536937.1,ENST00000544146.1,ENST00000545872.1_ENSG00000167766",0.02908495,0.0025706987,0.024818415
3210_FTL_P1P2_ENSG00000087086,0.019831285,0.0025771752,0.006510623
1394_CDC25C_P1P2_ENSG00000158402,0.002596675,0.0025778967,-0.0170365
2814_FADD_P1P2_ENSG00000168040,0.022313826,0.002579062,-0.0051196455
11117_non-targeting_non-targeting_non-targeting,-0.024914883,0.0025883215,0.0013001094
2045_DBT_P1P2_ENSG00000137992,-0.0066633234,0.002593154,0.0083004115
1834_CPNE7_P1P2_ENSG00000178773,0.0046913493,0.0025950358,0.017127426
10979_non-targeting_non-targeting_non-targeting,0.012997011,0.0026059374,-0.023969604
10030_ZC3HAV1_P1P2_ENSG00000105939,0.004517926,0.002606566,0.00889306
10898_non-targeting_non-targeting_non-targeting,0.0095281815,0.0026161622,0.01075882
2438_E2F2_P1P2_ENSG00000007968,0.007102085,0.0026165717,-0.007667395
7850_SFXN5_P1P2_ENSG00000144040,0.033273745,0.0026195776,0.010611605
555_ARVCF_P1_ENSG00000099889,0.001620655,0.0026218283,0.015855165
8418_SRP9_P1P2_ENSG00000143742,-0.081497625,0.0026245902,-0.04782937
9554_UBXN2A_P2_ENSG00000173960,-0.024407733,0.0026246996,0.016955787
3346_GFM1_P1P2_ENSG00000168827,-0.11293675,0.002627232,-0.023299785
10812_non-targeting_non-targeting_non-targeting,0.0066773347,0.0026283078,0.02863661
9307_TRMT1L_P1P2_ENSG00000121486,0.0019276057,0.0026303914,-0.011037504
6491_PNMT_P1P2_ENSG00000141744,0.00079414085,0.00263786,0.012492223
10305_ZNF346_P1P2_ENSG00000113761,0.0037770816,0.0026380674,0.011050978
146_ADCK5_P1P2_ENSG00000173137,0.0067484686,0.002638127,-0.017178947
3982_HSPB1_P1_ENSG00000106211,0.0013313191,0.0026418183,0.019308781
10991_non-targeting_non-targeting_non-targeting,0.020484142,0.0026456437,-0.0002720376
6606_PPARA_P1P2_ENSG00000186951,-0.010316044,0.0026476383,-0.021796709
3136_FOSB_P1_ENSG00000125740,0.015773462,0.0026505478,0.0125019215
35_ABCF2_P1P2_ENSG00000033050,0.011339929,0.0026546982,-0.005020505
6566_POM121C_P1P2_ENSG00000272391,0.023485411,0.00265621,-0.014487876
864_BNIP3L_P1P2_ENSG00000104765,0.0007112922,0.002656958,0.0060787112
1007_C17orf80_P1P2_ENSG00000141219,-0.018337166,0.002665403,0.011539044
3012_FBXO31_P1_ENSG00000103264,-0.04182696,0.0026733838,-0.004563986
4201_IRX4_P1P2_ENSG00000113430,0.0070514795,0.0026748276,-0.0052207634
2072_DCTD_P1P2_ENSG00000129187,-0.013944946,0.0026776379,-0.004856755
528_ARMCX6_P1P2_ENSG00000198960,0.009083955,0.0026868258,0.023949556
2754_ETFDH_P1P2_ENSG00000171503,0.021704264,0.0026883667,-0.014602388
10246_ZNF263_P2_ENSG00000006194,0.008446355,0.002696191,0.0035103406
10115_ZHX1_P1P2_ENSG00000165156,-0.00063650974,0.002698204,0.01732904
8396_SRBD1_P1P2_ENSG00000068784,0.030306295,0.0027017612,0.0076785907
9062_TMEM256_P1P2_ENSG00000205544,0.008877815,0.0027054176,-0.0022729083
5399_MYO1D_P1P2_ENSG00000176658,-0.0065040714,0.0027128432,-0.0005203206
8786_TCF7L2_P1P2_ENSG00000148737,0.00029791798,0.0027219676,0.0051106215
4193_IRF6_P1P2_ENSG00000117595,-0.002871136,0.0027271528,0.0027058192
3684_HECTD3_P1P2_ENSG00000126107,0.0016302518,0.0027275234,-0.0075451056
6543_POLR2D_P2_ENSG00000144231,-0.005056914,0.0027317856,0.007983493
8114_SLC9A3R1_P1P2_ENSG00000109062,0.023464503,0.0027319114,0.0061999736
2049_DCAF11_P1P2_ENSG00000100897,0.023472756,0.0027350977,-0.016425353
7224_REEP5_P1P2_ENSG00000129625,-0.046954542,0.002737041,0.009791257
3976_HSPA4L_P1P2_ENSG00000164070,-0.0016756078,0.002740698,0.0053842054
765_BARX2_P1P2_ENSG00000043039,0.040460415,0.0027524768,-0.008801718
7392_RNF44_P1P2_ENSG00000146083,0.020920558,0.002754678,0.01294044
1753_COLEC11_P1_ENSG00000118004,0.00610497,0.0027553008,-0.017770696
5606_NET1_P1P2_ENSG00000173848,0.0052889013,0.0027568291,-0.0015036551
5027_MFSD1_P1P2_ENSG00000118855,-0.012494135,0.0027574052,-0.007680221
6815_PRR4_P1P2_ENSG00000111215,0.021297438,0.0027585856,0.01430712
10336_ZNF407_ENST00000299687.5_ENSG00000215421,0.017180797,0.002761402,0.009243182
9102_TMEM99_P1P2_ENSG00000167920,0.008687743,0.0027657717,0.023478465
4542_LDHA_P1P2_ENSG00000134333,-0.028600628,0.002765971,-0.0013590227
6256_PGD_P1P2_ENSG00000142657,-0.05265023,0.002770099,-0.0027500025
4073_IGHMBP2_P1P2_ENSG00000132740,0.0056929514,0.0027746004,0.007217174
9448_TXNDC11_P1P2_ENSG00000153066,0.0016511115,0.0027787061,-0.003950374
5558_NDUFB6_P1P2_ENSG00000165264,-0.01398556,0.002781817,-0.01117717
5780_NR1D1_P1P2_ENSG00000126368,-0.0041215047,0.0027827255,0.01190438
7945_SKOR1_P1P2_ENSG00000188779,0.0067607732,0.0027877004,0.0024147886
1636_CLASRP_P1P2_ENSG00000104859,-0.00013630865,0.0027887018,0.051500354
1877_CRLS1_P1P2_ENSG00000088766,-0.0011520205,0.0027933437,0.0047940714
9751_VPS35_P1P2_ENSG00000069329,-0.08599094,0.0027981724,0.1021225
7529_RPS6KA1_P2_ENSG00000117676,-0.022502035,0.0028049638,0.015417775
4742_MACF1_P1P2_ENSG00000127603,0.002008626,0.002809851,-0.0058039953
10387_ZNF480_P1P2_ENSG00000198464,0.02068702,0.002812065,0.0022363223
5976_OSBPL11_P1P2_ENSG00000144909,0.026645916,0.0028128338,-0.006843886
1333_CCNK_P1_ENSG00000090061,0.029272377,0.0028176615,0.017337803
4022_IDE_P1P2_ENSG00000119912,0.0006396212,0.0028208306,-0.008822788
4408_KLF10_P1_ENSG00000155090,0.0035281866,0.0028269314,0.0022100585
1266_CCDC169-SOHLH2_P1P2_nan,-0.005657385,0.0028380826,0.023673693
10806_non-targeting_non-targeting_non-targeting,5.1694336e-05,0.0028400482,0.015561347
11239_non-targeting_non-targeting_non-targeting,-0.020313257,0.002850434,0.027060164
828_BHLHE22_P1P2_ENSG00000180828,0.0048952233,0.0028527256,0.009462746
4133_INPP5A_P1P2_ENSG00000068383,-0.0024155672,0.002853994,0.0062160958
7073_RAD54B_P1P2_ENSG00000197275,-0.006133401,0.0028548066,0.009845373
8292_SOX4_P1_ENSG00000124766,0.022184802,0.002859545,0.004264195
7306_RILPL2_P1P2_ENSG00000150977,-0.025456874,0.002862787,-0.035654914
2954_CIAO2A_P1P2_ENSG00000166797,0.0098930225,0.0028654705,0.002849191
6961_PVR_P1P2_ENSG00000073008,0.009762132,0.0028692666,-0.0046352874
2447_EAF1_P1P2_ENSG00000144597,0.020475455,0.0028700512,-0.010405014
1205_CASP7_P1P2_ENSG00000165806,0.012021329,0.002872051,0.019824425
6168_PDE4DIP_ENST00000313431.9_ENSG00000178104,0.024095831,0.0028822692,0.0058841603
1364_CD3D_P1P2_ENSG00000167286,0.013065722,0.0028823407,-0.008926411
1822_COX7B_P1P2_ENSG00000131174,-0.07238133,0.0028849419,-0.051876687
3393_GLI3_P1P2_ENSG00000106571,0.0038964122,0.002887905,0.0032429055
892_BRD7_P1P2_ENSG00000166164,0.018056808,0.0029000787,0.0057334085
2257_DMRT2_P1P2_ENSG00000173253,0.0049721114,0.0029027623,0.018795868
2560_EIF4A2_P2_ENSG00000156976,0.019901235,0.002908489,-0.0036863633
3749_HIST1H2AC_P1P2_ENSG00000180573,-0.013222641,0.0029107584,0.014309498
11249_non-targeting_non-targeting_non-targeting,0.011409671,0.0029169167,-0.016566789
11026_non-targeting_non-targeting_non-targeting,0.004201477,0.0029349402,0.0143053355
6877_PSMD9_P1P2_ENSG00000110801,-0.009469532,0.002943709,0.0061262283
5777_NQO1_P1_ENSG00000181019,0.016780935,0.002944784,0.0071318843
1824_COX8A_P1P2_ENSG00000176340,0.0041561266,0.0029477275,-0.010942691
548_ARRDC1_P1P2_ENSG00000197070,0.006898091,0.0029803072,0.01757991
6732_PRDM8_P1_ENSG00000152784,0.018007576,0.002984838,0.010063325
3909_HOXB9_P1P2_ENSG00000170689,-0.001555578,0.002986495,0.0007311318
2287_DNAJC12_P1P2_ENSG00000108176,-0.024048729,0.002987368,0.010271392
928_BTK_P1P2_ENSG00000010671,-0.014648917,0.002994788,-0.008986698
4787_MAN2A2_P1P2_ENSG00000196547,0.018660769,0.003000852,0.006441935
5848_NTMT1_P1P2_ENSG00000148335,-0.03580337,0.003004618,0.009876534
298_AMPD2_P1_ENSG00000116337,0.0051018307,0.003004766,0.017208965
10867_non-targeting_non-targeting_non-targeting,-0.034924753,0.003011661,0.0056008776
8697_TATDN1_P1P2_ENSG00000147687,0.02786941,0.0030156916,-0.007528932
4052_IFT20_P1P2_ENSG00000109083,0.013298516,0.0030293027,-0.013820284
3060_FERMT3_P2_ENSG00000149781,0.027214786,0.003036168,0.009264176
7766_SELENOT_P1P2_ENSG00000198843,0.010815051,0.0030487082,0.013041431
3896_HOXA7_P1P2_ENSG00000122592,0.01688402,0.0030518672,-0.0034279323
10317_ZNF366_P1P2_ENSG00000178175,-0.0023773063,0.003060815,-0.0017328083
6680_PPP2R1A_P2_ENSG00000105568,0.015421254,0.0030703389,0.014914241
7665_SATB2_P1P2_ENSG00000119042,-0.006000788,0.0030737277,-0.01111881
340_ANKRD40_P1P2_ENSG00000154945,0.0019541993,0.003075563,0.010283605
11137_non-targeting_non-targeting_non-targeting,-0.008342745,0.003079395,0.011273313
9020_TMEM175_P1P2_ENSG00000127419,-0.0022040524,0.0030796893,0.03871493
1556_CHD1_P1P2_ENSG00000153922,0.023492377,0.003080315,0.005757566
10382_ZNF470_P1P2_ENSG00000197016,0.0061531244,0.0030881152,-0.0040512965
1036_C1orf109_P2_ENSG00000116922,0.007453435,0.0031008516,0.011218364
6562_POLR3G_P1P2_ENSG00000113356,0.038233504,0.0031020492,0.0002900253
3347_GFM2_P1P2_ENSG00000164347,0.05437234,0.0031025498,0.06507346
11245_non-targeting_non-targeting_non-targeting,-0.0068845404,0.003103975,0.012311588
7557_RRM2B_P1P2_ENSG00000048392,-0.0070344717,0.0031067573,0.0013772942
6951_PURA_P2_ENSG00000185129,0.03035906,0.003109354,0.0151127335
9934_YIPF5_P1P2_ENSG00000145817,-0.032624174,0.0031111925,-0.037693154
11150_non-targeting_non-targeting_non-targeting,-0.008881736,0.0031128374,0.008680077
1271_CCDC22_P1P2_ENSG00000101997,0.006899591,0.0031196098,-0.028219786
3855_HNRNPA0_P1P2_ENSG00000177733,0.005154911,0.003120326,0.019008735
3275_GALT_P1P2_ENSG00000213930,0.005865831,0.0031345456,0.0168783
8318_SPAG9_P1P2_ENSG00000008294,-0.023054132,0.0031356348,-0.018478116
6702_PPP6R2_P1P2_ENSG00000100239,0.029769724,0.0031395545,0.015436711
10675_ZNF846_P1P2_ENSG00000196605,0.012538814,0.003145856,0.010965395
7701_SCNM1_P1P2_ENSG00000163156,0.0024680954,0.0031468268,0.014459549
5323_MTHFSD_P1P2_ENSG00000103248,0.024372976,0.0031522666,0.018808762
10577_ZNF709_P1P2_ENSG00000242852,0.0063393004,0.0031550261,-0.006776484
1321_CCND1_P2_ENSG00000110092,0.006696821,0.003155256,-0.0032332598
10228_ZNF234_P1_ENSG00000263002,-0.0034293684,0.0031554287,-0.008168218
9411_TUBA4A_P1P2_ENSG00000127824,0.017465204,0.0031599486,0.006334184
6617_PPFIA3_P1_ENSG00000177380,-0.0035709504,0.0031656239,0.0028998256
8974_TMED2_P1P2_ENSG00000086598,-0.0013189574,0.0031665084,-0.0002400808
4124_INHBE_P1P2_ENSG00000139269,-0.028031457,0.0031697361,0.036900364
5452_NAGLU_P1P2_ENSG00000108784,0.001189762,0.0031783865,0.008252955
897_BRF2_P1P2_ENSG00000104221,-0.009114699,0.0031815027,-0.0010547757
11112_non-targeting_non-targeting_non-targeting,0.031098595,0.0031818226,0.011117476
9155_TNRC6C_P1P2_ENSG00000078687,-0.0011638033,0.0031846038,0.019944284
4573_LHX6_P1_ENSG00000106852,0.0050459546,0.003184849,-0.031207927
1180_CAPN1_P1P2_ENSG00000014216,-0.0065598143,0.0031859344,0.05999202
229_AKAP13_P1P2_ENSG00000170776,-0.00074905663,0.003186322,-0.00037234178
7885_SH3GLB1_P1P2_ENSG00000097033,-0.009536937,0.0031893132,0.008871555
4478_KRT8_P1_ENSG00000170421,-0.00060791173,0.0032147393,0.0074346373
9851_WDR89_P1P2_ENSG00000140006,0.030163903,0.0032214199,0.01888854
3417_GMEB1_P1P2_ENSG00000162419,-0.0065074153,0.0032244166,0.016583964
9778_VWA8_P1P2_ENSG00000102763,-0.0010216972,0.0032293256,-0.0046335114
5086_MITF_P1_ENSG00000187098,-0.0032414768,0.0032349958,-0.0115070315
8086_SLC43A3_P1P2_ENSG00000134802,0.010479536,0.003238872,0.018327616
11315_non-targeting_non-targeting_non-targeting,0.0026389095,0.0032392526,0.013206901
11064_non-targeting_non-targeting_non-targeting,0.014755056,0.0032396014,0.035997245
8894_THRAP3_P1P2_ENSG00000054118,-0.03365329,0.0032435965,-0.005383593
7517_RPS27L_P1P2_ENSG00000185088,0.028754964,0.003243675,0.043348245
27_ABCC1_P1P2_ENSG00000103222,-0.0035127895,0.0032445863,0.009007964
8073_SLC39A1_P1P2_ENSG00000143570,0.006355788,0.003247823,-0.001161535
2191_DHRS11_P1P2_ENSG00000278535,-0.0005171836,0.0032650256,0.009587885
2066_DCLRE1A_P1P2_ENSG00000198924,-0.023344055,0.0032661732,-0.011072536
7300_RHOXF2_ENST00000371388.3_ENSG00000131721,0.014620892,0.0032714515,0.017134514
574_ASCL2_P1P2_ENSG00000183734,-0.003334207,0.003272595,0.008749848
1241_CCDC106_P1P2_ENSG00000173581,0.003478683,0.0032727153,-0.0022307402
5758_NPAS1_P1P2_ENSG00000130751,0.003041105,0.0032798424,-0.02396754
335_ANKRD28_P1P2_ENSG00000206560,0.010984527,0.0032890982,-0.01651176
1763_COMMD6_P1_ENSG00000188243,0.02143464,0.0032982433,-0.0054939017
6481_PMPCB_P2_ENSG00000105819,-0.015152662,0.0033066547,0.011574664
3272_GALNT5_P1P2_ENSG00000136542,0.0077037383,0.0033087195,0.004587369
10648_ZNF804A_P1P2_ENSG00000170396,-0.010665641,0.0033142623,-0.004474608
10333_ZNF398_P1P2_ENSG00000197024,-0.0028333014,0.0033174558,0.017672308
6814_PRR3_P1P2_ENSG00000204576,0.0060387505,0.0033242488,0.001584094
8322_SPATA24_P1P2_ENSG00000170469,0.02430642,0.0033266405,0.029266743
3391_GLI2_ENST00000452319.1_ENSG00000074047,-0.0028794082,0.003334167,0.0106186215
5067_MIEN1_P1P2_ENSG00000141741,0.0309893,0.0033570868,-0.004584714
9209_TPP1_P1P2_ENSG00000166340,-0.010583578,0.0033582554,-0.0058356402
2465_ECHDC3_P1P2_ENSG00000134463,-0.015553725,0.0033678594,-0.021487685
3203_FRRS1_P1P2_ENSG00000156869,0.027875686,0.0033872516,0.017596576
1133_C9orf40_P1P2_ENSG00000135045,-0.013368777,0.0033910263,0.0072832806
6039_PAGR1_P1P2_ENSG00000280789,0.0114310365,0.0033958976,-0.00975221
1444_CDKAL1_P1P2_ENSG00000145996,0.0010546627,0.0034199383,0.010101427
3834_HMGN1_P1P2_ENSG00000205581,0.0006134044,0.0034242722,0.0025977942
6188_PDLIM4_P1P2_ENSG00000131435,-0.012619305,0.0034271667,0.0323777
4530_LCE1C_P1P2_ENSG00000197084,0.01448335,0.0034274226,0.037102066
3804_HK1_P1_ENSG00000156515,0.0085967835,0.003434598,-0.0047142585
7179_RBM4B_P1P2_ENSG00000173914,-0.023303133,0.0034374383,0.0010334249
1803_CORO7_P1P2_ENSG00000262246,-0.008044129,0.0034387712,0.0015947379
5984_OSER1_P1P2_ENSG00000132823,0.0009314095,0.003447496,0.004857699
1589_CHMP7_P1P2_ENSG00000147457,0.003580744,0.0034483671,-0.0075990735
5291_MSRB2_P1P2_ENSG00000148450,0.0009739055,0.0034486616,0.0033375772
9615_UQCRH_P1P2_ENSG00000173660,-0.031994406,0.0034495268,-0.0033540132
1235_CBY1_P1P2_ENSG00000100211,0.004782419,0.0034514174,-0.00053854636
5811_NRF1_P1P2_ENSG00000106459,0.0040404303,0.0034598436,0.03272825
2714_ERLIN2_P1P2_ENSG00000147475,-0.00584351,0.0034688606,0.0231973
3045_FCGRT_P1P2_ENSG00000104870,-0.018215554,0.0034779187,0.041679278
9013_TMEM164_P1P2_ENSG00000157600,-0.010433269,0.0034830389,-0.0003303739
8679_TANGO2_P1P2_ENSG00000183597,0.016879711,0.0034841136,-0.009545474
1882_CRX_P1P2_ENSG00000105392,-0.009875341,0.00348661,0.010213177
5428_NAA30_P1P2_ENSG00000139977,0.040836386,0.0034920708,0.024642952
7894_SHISA5_P1P2_ENSG00000164054,0.006120266,0.0034923,0.007204173
10257_ZNF276_P1P2_ENSG00000158805,0.006319364,0.0034972117,-0.010013614
1594_CHPF_P1P2_ENSG00000123989,-0.0015356791,0.0034991065,-6.531412e-05
9382_TTC26_P1P2_ENSG00000105948,0.006340369,0.0035003235,0.007727328
10716_ZSCAN21_P1P2_ENSG00000166529,0.011748444,0.003505272,0.030950364
6133_PCMTD1_P1P2_ENSG00000168300,-0.003780346,0.0035113187,0.006631968
11000_non-targeting_non-targeting_non-targeting,-0.009009696,0.0035114782,0.005563161
2342_DPF2_P2_ENSG00000133884,0.011548634,0.0035198685,0.019495955
8339_SPDYC_P1P2_ENSG00000204710,0.0057825777,0.003528755,-0.058561165
3639_HAUS6_P1P2_ENSG00000147874,-0.024259353,0.0035305764,0.00016847702
7135_RB1CC1_P1_ENSG00000023287,-0.0019538973,0.003531459,-6.288489e-05
2436_DZIP1_P1P2_ENSG00000134874,0.009834983,0.0035317147,-0.01687641
4769_MAGED1_P1_ENSG00000179222,0.0103444215,0.0035366311,0.021219974
7791_SEPTIN9_P1P2_ENSG00000184640,0.019291973,0.0035601088,0.0133229215
8512_STK11_P2_ENSG00000118046,0.014511832,0.0035626364,0.033709805
3099_FKBP5_P1P2_ENSG00000096060,0.0117895575,0.0035639703,-0.002727967
3821_HMCES_P1P2_ENSG00000183624,0.0039863787,0.0035679876,0.0011275371
5002_METTL2B_P2_ENSG00000165055,0.00557879,0.003568606,0.005091987
8447_SSBP2_P1P2_ENSG00000145687,0.0065602837,0.0035717343,-0.00495474
7755_SEC63_P1P2_ENSG00000025796,0.023981957,0.0035744784,0.012433235
5359_MXD3_P1P2_ENSG00000213347,-0.006192172,0.0035916038,0.007866737
2079_DCTPP1_P1P2_ENSG00000179958,-0.0034699573,0.0035951412,0.008064778
951_C11orf54_P1P2_ENSG00000182919,-0.021628631,0.003598311,0.008286033
8803_TDRKH_P1P2_ENSG00000182134,-0.008152394,0.003607511,0.025257569
9085_RXYLT1_P1P2_ENSG00000118600,0.0013983481,0.003612132,0.012427193
8236_SNUPN_P1P2_ENSG00000169371,-0.010354527,0.0036296407,0.0015876673
3191_FOXR1_P1P2_ENSG00000176302,-0.012694224,0.0036356,0.012032719
10827_non-targeting_non-targeting_non-targeting,0.002832889,0.0036388878,-0.0082591465
11154_non-targeting_non-targeting_non-targeting,0.0072239,0.0036415774,0.0032122915
5853_NUBP2_P1P2_ENSG00000095906,-0.012190073,0.0036419216,0.016776334
9287_TRIM71_P1P2_ENSG00000206557,0.013044515,0.003641991,0.015827801
11044_non-targeting_non-targeting_non-targeting,-0.008604984,0.0036477004,0.011180099
10818_non-targeting_non-targeting_non-targeting,-0.014007523,0.0036569992,0.0064754146
6329_PIF1_P1_ENSG00000140451,-0.009670817,0.0036666638,0.0054320437
9239_TRAM2_P1P2_ENSG00000065308,0.00015432571,0.0036676154,0.03222014
4726_LYPLAL1_P1P2_ENSG00000143353,-0.0030520912,0.0036684002,-0.0031868701
10862_non-targeting_non-targeting_non-targeting,-0.0032032202,0.0036733882,-0.0014867741
927_BTG3_P1P2_ENSG00000154640,-0.000723189,0.0036757619,-0.0029648156
5276_MSANTD3_P1P2_ENSG00000066697,-9.3587936e-05,0.0036813712,-0.0077260192
5555_NDUFB3_P1P2_ENSG00000119013,0.008717969,0.003684703,0.008484868
3917_HOXC8_P1P2_ENSG00000037965,-0.0050194403,0.0036849722,0.0031517888
9561_UBXN8_P1P2_ENSG00000104691,-0.0030862247,0.0036902428,0.0025589135
3552_GSKIP_P1P2_ENSG00000100744,0.0059353323,0.0036963315,0.00274569
7272_RGPD6_ENST00000329516.3_ENSG00000183054,-0.0011095126,0.0037000703,-0.0038150172
1751_CERT1_P1P2_ENSG00000113163,0.010243367,0.0037044717,0.006715928
1917_CSTF2_P1P2_ENSG00000101811,-0.032815464,0.0037062278,-0.006244624
1533_CFDP1_P2_ENSG00000153774,0.020675525,0.0037189485,0.0082414085
2904_INKA2_P1P2_ENSG00000197852,0.008892784,0.0037298216,-0.003304497
10889_non-targeting_non-targeting_non-targeting,0.01863342,0.0037341216,0.013412897
5481_NBPF12_P1P2_ENSG00000268043,-0.0035807714,0.0037350138,-0.00036097044
9756_VPS39_P1P2_ENSG00000166887,-0.010431705,0.0037376827,-0.0095157735
7598_RUFY3_P1_ENSG00000018189,0.005864489,0.003737871,-0.006018001
8488_STARD3NL_P1P2_ENSG00000010270,-0.017542632,0.003740771,0.020895155
4060_IFT88_P1P2_ENSG00000032742,0.036112722,0.003745509,0.024891954
9646_USP2_P1_ENSG00000036672,0.01832517,0.0037476993,0.016194766
1146_CACNB3_P2_ENSG00000167535,0.0013322855,0.0037506698,0.008073871
4971_MEMO1_P2_ENSG00000162959,-0.010430298,0.0037601078,0.012487105
5445_NADK_P1_ENSG00000008130,0.006099929,0.003760108,0.015494206
8042_SLC35B2_P1P2_ENSG00000157593,-0.015091756,0.0037626142,0.0036870206
1921_CTAG2_ENST00000369585.3_ENSG00000126890,0.0089921225,0.0037648738,0.020854272
10292_ZNF330_P1P2_ENSG00000109445,-0.0012080721,0.0037791198,-0.0015670239
1536_CFL1_P1P2_ENSG00000172757,-0.033019394,0.003787161,0.04379075
8812_TEF_P2_ENSG00000167074,-0.0011682,0.0037931516,-0.0013951749
4817_MAP4K2_P1P2_ENSG00000168067,-0.0019990227,0.0037941122,0.0067589968
3006_FBH1_P1P2_ENSG00000134452,0.004865369,0.003797853,0.0157873
8350_SPG21_P1P2_ENSG00000090487,0.028806645,0.0037998916,0.00631427
6972_PYCR1_P1P2_ENSG00000183010,0.012809655,0.0038046294,0.011435801
8775_TCF15_P1P2_ENSG00000125878,0.01567064,0.0038114781,-0.018181127
8682_TANK_P1_ENSG00000136560,0.01611726,0.0038337058,0.015730998
10428_ZNF534_P1P2_ENSG00000198633,0.013858141,0.0038343593,-0.0060214344
6511_POGZ_P1P2_ENSG00000143442,-0.0048912857,0.0038368995,-0.012988662
10067_ZFAND2B_P1P2_ENSG00000158552,-0.020681264,0.003853928,-0.0087537505
11243_non-targeting_non-targeting_non-targeting,-0.0023841958,0.0038608569,0.0040800176
2411_DUSP7_P1_ENSG00000164086,0.020171259,0.0038641673,-0.008251523
8911_TIGD6_P1P2_ENSG00000164296,-0.014644355,0.0038690695,-0.010091018
4786_MAN2A1_P1P2_ENSG00000112893,0.022493383,0.0038695512,0.007960533
9493_UBC_P1P2_ENSG00000150991,0.02160815,0.0038710493,0.003842267
6687_PTPA_P1P2_ENSG00000119383,-0.006846112,0.003882527,0.006619334
10471_ZNF580_P1_ENSG00000213015,-0.014964332,0.003885614,0.009228029
7335_RNF103_P1P2_ENSG00000239305,0.006511738,0.003894065,0.022821164
8320_SPAST_P1P2_ENSG00000021574,-0.020567209,0.0038954155,-0.007003064
2928_TLCD3A_P1P2_ENSG00000167695,-0.0060812016,0.0038975975,0.00485087
5293_MSTO1_P1P2_ENSG00000125459,0.004382229,0.0039057215,0.01583951
5753_NOS3_P1P2_ENSG00000164867,0.022072507,0.0039084684,-4.372547e-05
6508_POFUT2_P1P2_ENSG00000186866,0.0048569893,0.0039158952,-0.0021609096
1698_CMTM4_P1P2_ENSG00000183723,0.036184058,0.00392263,-0.015934933
9032_TMEM198_P1P2_ENSG00000188760,0.016323326,0.0039254366,0.018270373
1400_CDC42BPA_P1P2_ENSG00000143776,-0.0028767744,0.00392558,-0.004026175
10168_ZNF136_P1P2_ENSG00000196646,-0.024632422,0.0039292243,-0.008511813
11303_non-targeting_non-targeting_non-targeting,0.0033971053,0.0039306674,-0.003005024
1565_CHD9_P1_ENSG00000177200,0.026051044,0.0039377282,-0.01566758
3382_GK_P1P2_ENSG00000198814,0.02651933,0.0039416524,-0.007475419
10925_non-targeting_non-targeting_non-targeting,-0.0073742615,0.0039536715,0.0025901424
1749_COL18A1_P1P2_ENSG00000182871,0.012066223,0.003954137,0.008946234
6028_PACS1_P1P2_ENSG00000175115,0.004567749,0.0039586024,0.019919105
6749_PRIMPOL_P1P2_ENSG00000164306,0.009559626,0.003972682,0.009393515
3874_HNRNPM_P2_ENSG00000099783,0.0003365628,0.0039755167,-0.013959148
9361_TSPYL4_P1P2_ENSG00000187189,-0.016522758,0.0039765704,-0.0071734716
5595_NEK6_P1P2_ENSG00000119408,-0.02574041,0.003981005,0.016376313
5891_NUP205_P1P2_ENSG00000155561,-0.007298087,0.0039820382,0.00057307654
5317_MTHFD1_P1P2_ENSG00000100714,-0.07628442,0.003989888,-0.021534095
8408_SRGN_P2_ENSG00000122862,0.016506126,0.0039951988,0.017507395
11008_non-targeting_non-targeting_non-targeting,-0.07335237,0.003995949,-0.0033219606
11131_non-targeting_non-targeting_non-targeting,-0.018993195,0.0039973212,-0.010215155
8713_TBC1D22B_P1P2_ENSG00000065491,0.006112432,0.004005113,-0.012692394
6189_PDLIM5_P1P2_ENSG00000163110,0.022909138,0.0040078457,0.01992448
8316_SPAG5_P1P2_ENSG00000076382,-0.018561136,0.0040089367,-0.006523901
10813_non-targeting_non-targeting_non-targeting,0.002758921,0.004010456,-0.024516156
444_ARF6_P1_ENSG00000165527,0.0070599206,0.0040154695,-0.017884556
1094_C4orf46_P1P2_ENSG00000205208,0.017215304,0.0040244684,-0.017355207
8011_SLC25A4_P1P2_ENSG00000151729,-0.01992949,0.004027216,0.013074345
183_AGBL5_P2_ENSG00000084693,0.0027479145,0.0040322216,0.015874451
226_AK3_P1P2_ENSG00000147853,0.0022570929,0.0040369025,0.0024976323
10534_ZNF664_P1P2_ENSG00000179195,-0.015024559,0.0040383907,-0.00031339613
718_AVPI1_P1P2_ENSG00000119986,0.017189218,0.004040903,-0.009802853
9912_XRRA1_P1P2_ENSG00000166435,-0.015524298,0.0040412317,-0.0145986
3916_HOXC6_P1P2_ENSG00000197757,0.024667308,0.0040415814,0.034609623
1862_CREB3_P1P2_ENSG00000107175,0.0152417645,0.004047872,-0.0313712
3076_FGFRL1_P1P2_ENSG00000127418,0.0130844265,0.004051109,-0.008418252
2743_ESRRG_ENST00000493748.1_ENSG00000196482,0.017949585,0.004051593,0.014783195
3475_GORAB_P1P2_ENSG00000120370,0.030462977,0.004052318,0.018375969
10399_ZNF496_P1P2_ENSG00000162714,-0.003183257,0.0040704976,-0.013346016
8558_STX6_P1P2_ENSG00000135823,0.022404427,0.004075977,0.011326046
462_ARHGAP1_P1P2_ENSG00000175220,-0.00047369656,0.0040870775,-0.019798608
9096_TMEM74B_P1P2_ENSG00000125895,0.0040067513,0.0040886025,-0.008710136
2210_DHX34_P1P2_ENSG00000134815,0.007784166,0.004099882,0.0067774006
264_ALG12_P1P2_ENSG00000182858,-0.0072101974,0.0041062688,-0.0026393747
7164_RBM22_P1P2_ENSG00000086589,-0.07062217,0.004108314,0.047991514
"3575_GTF2H2_ENST00000274400.5,ENST00000330280.7_ENSG00000145736",-0.009823119,0.0041095847,-0.0007286042
2413_DUSP9_P2_ENSG00000130829,0.0041994085,0.004113144,-0.01154345
9759_VPS45_P1P2_ENSG00000136631,0.007379777,0.0041200416,-0.005496097
3270_GALNT1_ENST00000269195.5_ENSG00000141429,0.012505281,0.0041203503,0.013831956
6397_PKN1_P1_ENSG00000123143,0.0020838936,0.0041226875,0.0035991992
7221_RECQL_P1P2_ENSG00000004700,-0.034980822,0.0041232407,-0.0020015782
10869_non-targeting_non-targeting_non-targeting,-0.012616467,0.0041233897,0.01993367
5712_NME3_P1P2_ENSG00000103024,0.0022123118,0.004134516,0.014563437
1999_CYC1_P1P2_ENSG00000179091,-0.018034125,0.0041377335,-0.0027556852
3601_GUK1_P1P2_ENSG00000143774,-0.0065686563,0.0041383733,-0.0054604425
3081_FHOD1_P1P2_ENSG00000135723,0.019574273,0.0041434444,0.025711767
10733_ZSWIM7_P1P2_ENSG00000214941,-0.0010380568,0.004145314,0.0068101976
2377_DSC2_P1P2_ENSG00000134755,-0.00072106987,0.0041457363,0.027705057
10407_ZNF510_P1P2_ENSG00000081386,0.029227333,0.0041458113,-0.04358363
406_APLP1_P1P2_ENSG00000105290,0.008486097,0.0041511087,0.02085888
8620_SYK_P2_ENSG00000165025,0.026269615,0.004152615,-0.0095899645
4342_PCLAF_P1P2_ENSG00000166803,0.017012687,0.0041538,-0.0038280662
5578_NEBL_P1P2_ENSG00000078114,-0.005252162,0.004155889,0.02032525
4143_INSM2_P1P2_ENSG00000168348,0.0087951645,0.004159491,-0.010073008
7119_RASA1_P2_ENSG00000145715,-0.0034041184,0.004160171,0.015810909
944_TWNK_P1P2_ENSG00000107815,-0.020113373,0.004161528,0.016692119
4302_KCTD13_P1P2_ENSG00000174943,-0.0044705807,0.004164722,0.0146719795
9113_TMTC4_P1P2_ENSG00000125247,0.018981272,0.0041655335,0.041011296
1345_CCS_P1P2_ENSG00000173992,-0.0016490554,0.004165712,0.005567598
6817_PRR7_P1P2_ENSG00000131188,0.0068520727,0.004179907,0.033484213
10807_non-targeting_non-targeting_non-targeting,0.01787504,0.004180961,-0.001852275
7325_RMND5A_P1P2_ENSG00000153561,-0.0015800364,0.004186167,0.0010838315
4268_KALRN_ENST00000360013.3_ENSG00000160145,-0.0049208496,0.004200184,0.013932786
7233_REPIN1_P1P2_ENSG00000214022,-0.0108196065,0.0042006257,-0.003183203
3714_HEY2_P1P2_ENSG00000135547,0.008264605,0.0042144167,0.0073686866
7191_RBPJ_P1P2_ENSG00000168214,0.02116265,0.0042282697,0.022564547
4409_KLF11_P1P2_ENSG00000172059,0.001152615,0.0042297817,-0.0025811975
1062_GATD3A_P1P2_ENSG00000160221,0.0012460485,0.0042316513,0.03395069
9170_TOMM70_P1P2_ENSG00000154174,-0.00012853356,0.0042365766,0.0013304082
2638_ENGASE_P1P2_ENSG00000167280,0.01682322,0.0042373696,0.016986364
3462_GOLGA8A_ENST00000360553.3_ENSG00000175265,0.0013548833,0.004250145,0.015951185
10324_ZNF385A_P2_ENSG00000161642,-0.022857983,0.0042512226,0.0045834524
2023_DALRD3_P1_ENSG00000178149,0.010362068,0.0042544412,0.040106695
10871_non-targeting_non-targeting_non-targeting,-0.006712514,0.0042567044,0.0034758926
1107_C6orf15_P1P2_ENSG00000204542,0.008118375,0.0042574904,0.015407329
3790_HIST2H3A_P1P2_ENSG00000203852,-0.036295205,0.0042603007,0.00087438774
1737_COASY_P1P2_ENSG00000068120,0.0043167756,0.004260524,0.007781561
7625_S100A6_P1P2_ENSG00000197956,0.0010291452,0.0042622625,-0.008560332
9958_YY1_P1P2_ENSG00000100811,0.011499572,0.0042672157,0.0104472535
9121_TNFAIP2_P1P2_ENSG00000185215,0.00597926,0.004277094,-0.012463228
8469_ST3GAL2_P1_ENSG00000157350,-0.0031583956,0.004282054,0.0187438
1620_CISH_P1P2_ENSG00000114737,-0.003431624,0.0042824605,0.0039954633
6186_PDLIM2_P1_ENSG00000120913,0.009141275,0.004288386,-0.005430001
1085_C3orf38_P1P2_ENSG00000179021,-0.008424603,0.004294384,4.4346198e-05
3621_HADHA_P1P2_ENSG00000084754,-0.020607367,0.004309783,0.011005414
9465_TYRO3_P1P2_ENSG00000092445,-0.007879786,0.0043172822,-0.010003719
8450_SSB_P1P2_ENSG00000138385,-0.01265346,0.004317851,-0.028290456
1414_CDCA4_P1P2_ENSG00000170779,0.0031221171,0.004321294,-0.011704069
6419_PLCB3_P1P2_ENSG00000149782,0.01945717,0.0043350155,-0.01287623
10306_ZNF347_P1P2_ENSG00000197937,-0.0047314255,0.0043358584,0.010898542
1637_CLCA1_P1P2_ENSG00000016490,0.027292673,0.0043362905,0.025264073
8724_TBCA_P1P2_ENSG00000171530,-0.019588219,0.004338948,-0.002797102
5403_MYO9B_P1P2_ENSG00000099331,0.002375198,0.0043510725,0.016011007
6659_PPP1R14C_P1P2_ENSG00000198729,-0.0035325626,0.0043530804,0.0027710206
4209_ISL1_P1_ENSG00000016082,-0.0032404526,0.004354939,-0.0030693158
6060_TENT4B_P1P2_ENSG00000121274,-0.010272731,0.0043600434,0.038077187
7288_RHNO1_P1P2_ENSG00000171792,0.012399169,0.0043637604,0.015574435
7405_RNPEPL1_P1P2_ENSG00000142327,0.016822085,0.004367875,0.016729362
5370_MYCBP_P1P2_ENSG00000214114,0.01661317,0.004373786,-0.011304752
10823_non-targeting_non-targeting_non-targeting,-0.0043814084,0.0043760384,0.024261037
4386_KIF21A_P1P2_ENSG00000139116,-0.011394387,0.004382592,0.00264348
6941_PTRH1_P1P2_ENSG00000187024,0.01627783,0.0043922584,0.009507594
2196_DHRS3_P1P2_ENSG00000162496,-0.0016896249,0.0044003697,-0.0036220439
1450_CDKN2C_P2_ENSG00000123080,-0.00010769897,0.0044031846,0.0021078107
3105_FLAD1_P1P2_ENSG00000160688,-0.018946944,0.004415465,-0.01059982
711_AUNIP_P1P2_ENSG00000127423,0.02111622,0.0044195405,0.007715167
1124_C8orf33_P1P2_ENSG00000182307,0.010276906,0.0044286777,-0.015778832
8949_TLX1_P1P2_ENSG00000107807,-0.0010537916,0.004436021,0.017782481
11096_non-targeting_non-targeting_non-targeting,-0.022982089,0.004441471,-0.017951455
7788_SEPTIN6_P1P2_ENSG00000125354,0.020185638,0.0044417093,0.03875665
2346_DPH1_P1_ENSG00000108963,0.051254854,0.004448908,0.011730906
8685_TAOK3_P2_ENSG00000135090,0.0075635086,0.004452855,-0.028778581
4654_LRR1_P1P2_ENSG00000165501,0.004456384,0.0044591795,0.010352703
5939_OLIG3_P1P2_ENSG00000177468,0.011554448,0.004460566,0.0072241323
10665_ZNF835_P1P2_ENSG00000127903,0.008374754,0.0044647306,-0.005419605
4447_KLHL8_P1P2_ENSG00000145332,-0.012912803,0.004474937,0.019853141
10036_ZCCHC4_P1P2_ENSG00000168228,-0.00030886414,0.00447962,0.005576074
2402_DUSP13_P1P2_ENSG00000079393,-0.0008090953,0.0044850376,0.014998284
311_ANGEL2_P1P2_ENSG00000174606,0.009586988,0.0044941674,-0.012544112
3669_HDDC2_P1P2_ENSG00000111906,0.0061579244,0.0044953795,0.010378105
2036_DBF4_P1P2_ENSG00000006634,-0.010717463,0.0045035393,0.022011511
10464_ZNF574_P2_ENSG00000105732,0.0013462648,0.0045063132,-0.0050315405
1046_FNDC10_P1P2_ENSG00000228594,0.010257866,0.00451483,-0.007498851
5252_MRPS22_P1P2_ENSG00000175110,-0.017348142,0.0045257066,-0.010991985
5133_MOB1B_P1P2_ENSG00000173542,-0.0017865212,0.004528329,-0.014922458
10241_ZNF256_P1P2_ENSG00000152454,0.021205295,0.0045305463,0.015483261
8999_TMEM135_P1P2_ENSG00000166575,0.02191782,0.00453928,0.00755367
9090_TMEM63B_P1P2_ENSG00000137216,0.001656781,0.0045493487,0.013398528
1430_CDK2AP1_P1P2_ENSG00000111328,-0.0014921854,0.004552149,0.0019612242
4103_ILVBL_P1P2_ENSG00000105135,-0.015526779,0.00455382,0.007837773
4188_IRF3_P1P2_ENSG00000126456,0.00077354675,0.004561478,-0.0034987987
8005_SLC25A39_P1_ENSG00000013306,0.0012472963,0.0045748143,-0.012056053
7597_RUFY3_P2_ENSG00000018189,0.0037838037,0.0045760362,0.008480078
562_ASAP1_P1P2_ENSG00000153317,0.014305113,0.004584968,0.0023321584
6077_PARP2_P1P2_ENSG00000129484,0.0028857277,0.0045852205,-0.0023615574
4077_ELP1_P1P2_ENSG00000070061,-0.016332973,0.0045864033,-0.006860109
10638_ZNF789_P1P2_ENSG00000198556,0.01260989,0.004592473,-0.05206679
1946_CTSC_P1P2_ENSG00000109861,-0.01762426,0.0045927255,0.028831093
8376_SPRYD3_P1P2_ENSG00000167778,0.010447381,0.0045944694,-0.0022493238
8513_STK16_P1P2_ENSG00000115661,0.013722546,0.0046013654,0.0045426097
9379_TTC19_P1P2_ENSG00000011295,0.0025792546,0.0046020215,-0.0021224534
826_BHLHA15_P1P2_ENSG00000180535,0.0043164417,0.004602556,0.005191769
2648_ENPP3_P1_ENSG00000154269,0.01524753,0.004608359,0.008800342
1024_REX1BD_P1P2_ENSG00000006015,0.002949162,0.0046110163,0.014065796
9340_TSFM_P1P2_ENSG00000123297,-0.0024626758,0.0046123504,-0.0058752266
3257_GAD1_P1P2_ENSG00000128683,0.0048661013,0.0046206736,0.0065980833
8487_STARD10_P1P2_ENSG00000214530,0.03204423,0.0046331217,-0.010007781
8030_SLC30A1_P1P2_ENSG00000170385,0.0028269356,0.0046340376,-0.0028565482
8549_STX12_P1P2_ENSG00000117758,0.02122487,0.0046343594,0.028061384
9746_VPS26B_P1P2_ENSG00000151502,0.015934581,0.004634689,0.022582527
8761_TBXA2R_P1P2_ENSG00000006638,0.0022031455,0.0046347855,0.011805759
9515_UBE2Q1_P1P2_ENSG00000160714,0.022112941,0.004642278,0.011545044
5793_NR2F1_P1P2_ENSG00000175745,0.01442019,0.0046463474,0.0015202368
492_ARID3C_P1P2_ENSG00000205143,0.0041272403,0.004646475,0.018098751
2088_DDB1_P2_ENSG00000167986,0.0018547123,0.0046512615,0.01085968
8925_TIMM8A_P1P2_ENSG00000126953,0.009326414,0.0046550822,-0.0064500133
10492_ZNF599_P1P2_ENSG00000153896,0.011753872,0.0046729445,0.057593305
3653_HBQ1_P1P2_ENSG00000086506,0.0151731055,0.0046823244,0.008491593
11016_non-targeting_non-targeting_non-targeting,0.0022060305,0.004702423,-0.004450218
3212_FTSJ1_P1P2_ENSG00000068438,0.051692702,0.004703129,0.026925124
7465_RPL36A_P1P2_ENSG00000241343,0.02525105,0.0047071273,0.058132015
3962_HSF5_P1P2_ENSG00000176160,0.008560228,0.004712368,0.008918779
2178_DGKH_P2_ENSG00000102780,-0.0019522188,0.004724288,0.007107437
673_ATP6V0A2_P1P2_ENSG00000185344,-0.023018518,0.0047252704,0.014904595
2981_FAT1_P2_ENSG00000083857,-0.027465735,0.004725643,-0.012080564
9709_VBP1_P1P2_ENSG00000155959,0.017164512,0.004726017,0.014958365
3426_GMPR_P1P2_ENSG00000137198,-0.00083920377,0.0047350274,0.0063022864
9742_VPS16_P1P2_ENSG00000215305,-0.019775745,0.004735626,0.016825026
860_BNC1_P1P2_ENSG00000169594,0.020605816,0.0047410084,0.007933694
381_AP3M1_P1P2_ENSG00000185009,0.026805716,0.0047474476,0.030442325
3559_GSTM3_P1P2_ENSG00000134202,0.005979931,0.0047533037,0.013260558
11280_non-targeting_non-targeting_non-targeting,0.00036772242,0.0047571994,-0.02769983
5708_NME1-NME2_P1P2_nan,0.01024814,0.0047597988,0.02469549
5957_OR51B4_ENST00000380224.1_ENSG00000183251,-0.006167933,0.004762289,-0.008470248
10600_ZNF736_P2_ENSG00000234444,0.003881419,0.0047623003,0.008333675
9456_TXNL1_P1P2_ENSG00000091164,0.011235004,0.0047810087,-0.006675649
597_ATAD1_P1P2_ENSG00000138138,0.0014610928,0.004781018,-0.01219164
2161_DERL1_P1P2_ENSG00000136986,0.0060057836,0.004781947,0.028416814
6831_PRTFDC1_P1P2_ENSG00000099256,-0.0016242744,0.0047837435,0.0050964314
3098_FKBP4_P1P2_ENSG00000004478,0.00905568,0.0047866856,-0.030320799
10671_ZNF841_P1P2_ENSG00000197608,-0.011340564,0.0047961744,-0.0012173498
3169_FOXL1_P1P2_ENSG00000176678,0.0024295624,0.0047965143,-0.01232849
6139_PCNX4_P1P2_ENSG00000126773,0.0064031947,0.004803501,0.026043314
2679_EPS15L1_P1P2_ENSG00000127527,0.014165155,0.0048099607,-0.011357013
8300_SOX8_P1P2_ENSG00000005513,-0.008663537,0.004812676,0.030871324
1262_CCDC144NL_P2_ENSG00000205212,-0.015828481,0.0048146914,0.010782892
4383_KIF1C_P1P2_ENSG00000129250,-0.016992433,0.004824873,0.019467326
9036_TMEM203_P1P2_ENSG00000187713,-0.0029129665,0.0048264284,-0.0053640157
5552_NDUFB11_P1P2_ENSG00000147123,-0.024324335,0.004827652,-0.0025313199
4712_LTN1_P1P2_ENSG00000198862,0.019258328,0.004841918,0.022836467
4627_LONRF3_P1P2_ENSG00000175556,0.0026000596,0.004846298,0.0050427783
11049_non-targeting_non-targeting_non-targeting,0.0040114964,0.004852165,0.012662376
"891_BRD4_ENST00000263377.2,ENST00000371835.4_ENSG00000141867",-0.005343471,0.0048544854,-0.02407789
8284_SOX17_P1P2_ENSG00000164736,0.010727939,0.0048580104,0.018539155
4186_IRF2BPL_P1P2_ENSG00000119669,-0.0078109833,0.0048589515,0.005336344
8384_SPTBN1_P1P2_ENSG00000115306,-0.0017716513,0.004861073,-0.02159526
757_BAMBI_P1P2_ENSG00000095739,0.004394212,0.0048690606,0.006318559
1736_COA6_P1P2_ENSG00000168275,-0.0018034014,0.004871228,0.017869882
1755_COLGALT2_P1P2_ENSG00000198756,0.0057971366,0.004874558,0.027650421
9050_TMEM231_P1P2_ENSG00000205084,-0.0036687288,0.0048773726,0.02812737
6703_PPP6R3_P1P2_ENSG00000110075,0.026805593,0.0048834295,0.01954941
953_C11orf58_P1P2_ENSG00000110696,0.02365856,0.0048872596,0.00723893
1140_CA8_P1P2_ENSG00000178538,-0.0067404862,0.0048929765,0.0028512164
3152_FOXD3_P2_ENSG00000187140,-0.00028323263,0.004893111,-0.00067583646
208_AHNAK_P1_ENSG00000124942,-0.0014899829,0.0048982245,0.015685255
8947_TLK2_P1P2_ENSG00000146872,-0.022603802,0.004899388,-0.01067192
3231_FXR2_P1P2_ENSG00000129245,0.009220066,0.004908276,0.01798598
10583_ZNF716_P1P2_ENSG00000182111,-0.0076193293,0.0049408404,0.0055569136
2693_ERCC1_P1P2_ENSG00000012061,0.019248148,0.0049466137,0.025209822
2266_DMWD_P1P2_ENSG00000185800,0.013983676,0.004947355,0.014246654
5057_MICALL2_P1P2_ENSG00000164877,-0.0063188127,0.004952098,0.002444194
10102_ZFPM1_P1P2_ENSG00000179588,-0.0059542595,0.004952236,0.0067951856
1017_TRIR_P1P2_ENSG00000123144,0.030102156,0.004969826,0.03063686
2299_DNAJC3_P1P2_ENSG00000102580,0.0003219861,0.004977416,0.0072471234
7811_SESN1_ENST00000436639.2_ENSG00000080546,0.0056606675,0.004978156,0.015548447
3180_FOXO4_P1P2_ENSG00000184481,-0.0011160152,0.004982061,0.0028420468
773_BAZ2A_P1_ENSG00000076108,0.0065048463,0.004982406,-0.013795716
8493_STAR_P1P2_ENSG00000147465,0.006974166,0.0049863798,-0.011501672
"8297_SOX6_ENST00000352083.6,ENST00000396356.3_ENSG00000110693",-0.008603455,0.0049964814,0.019913755
9906_XRCC4_P1P2_ENSG00000152422,0.0068362053,0.0049977563,-0.005252095
5110_MLLT10_P1P2_ENSG00000078403,-0.0062153297,0.005000883,0.012494674
1878_CRNKL1_P1P2_ENSG00000101343,-0.023269005,0.0050009233,0.024281766
6904_PTDSS2_P1P2_ENSG00000174915,-0.02371155,0.005004031,0.032117605
8374_SPRY2_P1P2_ENSG00000136158,0.015402771,0.005007109,-0.019460538
4294_KCNE3_P1_ENSG00000175538,-0.0005683019,0.0050180466,-0.007434281
3262_GALE_P1P2_ENSG00000117308,0.0052425372,0.0050215046,0.018261824
3312_GBX2_P1P2_ENSG00000168505,0.0044549843,0.005029186,0.013990685
10822_non-targeting_non-targeting_non-targeting,0.009248721,0.005043596,-0.0069834935
1010_C17orf99_P1P2_ENSG00000187997,0.013594226,0.005044893,0.022981377
6031_PACSIN3_P1P2_ENSG00000165912,-0.0049033966,0.005050468,0.018776733
1234_CBX8_P1P2_ENSG00000141570,0.00019953832,0.0050543156,0.015143332
1729_CNST_P1P2_ENSG00000162852,0.0151851075,0.0050553787,0.0056459466
5322_MTHFR_P2_ENSG00000177000,0.023928309,0.00505803,0.006230816
95_ACP2_P1P2_ENSG00000134575,0.007837763,0.005064152,0.0014842369
8829_TEX264_P1P2_ENSG00000164081,-1.038243e-05,0.005066738,-0.007715305
3232_FXYD5_P1P2_ENSG00000089327,-0.009097729,0.0050748675,0.014005388
554_ARV1_P1P2_ENSG00000173409,0.019508066,0.0050765746,-0.0014530381
2145_DEK_P1P2_ENSG00000124795,0.03746923,0.00507717,0.008031885
6551_POLR2J3_ENST00000379357.5_ENSG00000285437,0.014544631,0.0050809286,0.026106955
696_ATRAID_P1P2_ENSG00000138085,-0.009362568,0.0050919107,0.01142858
10089_ZFP42_P1_ENSG00000179059,0.010598711,0.0050956984,0.0028749106
5382_MYH9_P1P2_ENSG00000100345,1.1688581e-05,0.0051069567,0.00930804
9796_TCEAL9_P1P2_ENSG00000185222,0.01949641,0.005113231,0.027339255
10603_ZNF746_P1P2_ENSG00000181220,-0.004655616,0.0051154452,-0.01652673
8792_TCP11L1_P1P2_ENSG00000176148,0.005242238,0.005119745,0.01790276
2767_ETV7_P1P2_ENSG00000010030,0.023143932,0.0051199277,0.002933136
11294_non-targeting_non-targeting_non-targeting,-0.0107539175,0.0051245475,0.027033122
2910_FAM219B_P1P2_ENSG00000178761,-0.020203644,0.005135864,0.00861907
3110_FLNB_P1P2_ENSG00000136068,-0.0051891548,0.0051387697,-0.022898875
6012_OXSM_P1P2_ENSG00000151093,0.010893742,0.00514075,-0.0008010303
2329_DOK1_P1P2_ENSG00000115325,-0.009198141,0.0051578586,0.008310697
3491_GPATCH3_P1P2_ENSG00000198746,0.0039819526,0.005158276,0.0083682025
8515_STK17B_P1P2_ENSG00000081320,0.02053444,0.0051647373,0.032598566
1752_COLEC11_P2_ENSG00000118004,-0.0073404135,0.0051656193,0.028158786
4365_KIAA1522_P1_ENSG00000162522,0.0019754877,0.005167231,-0.0073321215
177_AFMID_P1P2_ENSG00000183077,-0.0057494394,0.0051696515,0.007839231
463_ARHGAP21_P1P2_ENSG00000107863,0.0044732206,0.005178411,-0.007860376
6125_PCGF5_ENST00000336126.5_ENSG00000180628,0.0026464236,0.00518191,0.02056336
9914_XYLB_P1P2_ENSG00000093217,0.0013969113,0.0051882397,0.0060507064
820_BET1L_P1P2_ENSG00000177951,0.0196868,0.005203425,0.01005347
9373_TSTD3_P1P2_ENSG00000279170,0.021761028,0.005217602,0.014822413
3618_H3F3B_P1P2_ENSG00000132475,0.008840345,0.005220899,0.015251765
7604_RUNX3_P1_ENSG00000020633,0.016888075,0.005229735,-0.0028432682
7490_RPP25_P1P2_ENSG00000178718,-0.0066625676,0.005229801,0.0043802876
7344_RNF125_P1P2_ENSG00000101695,-0.00022389957,0.0052346294,0.020000348
3317_GCFC2_P1P2_ENSG00000005436,0.010034268,0.0052377167,0.013012811
8538_STRAP_P1P2_ENSG00000023734,-0.03497819,0.005242098,-0.020507941
3929_HP1BP3_P1P2_ENSG00000127483,0.005144267,0.0052423505,-0.009936168
483_ARHGEF6_P1P2_ENSG00000129675,0.010376952,0.005247655,-0.01784584
7750_SEC61A1_P2_ENSG00000058262,0.0054591834,0.0052517443,-0.0012311398
4523_LAS1L_P1P2_ENSG00000001497,0.08246118,0.0052520256,0.0795157
6990_QSOX1_P1P2_ENSG00000116260,-0.0118924985,0.0052524568,-0.005953026
801_BCL2L1_P1_ENSG00000171552,0.03058876,0.005258718,0.009789026
2728_ESCO2_P1P2_ENSG00000171320,-0.016320098,0.0052659595,0.01645346
1113_C6orf52_P1P2_ENSG00000137434,-0.0054212455,0.0052668964,0.012888964
7341_RNF11_P1P2_ENSG00000123091,0.016761763,0.005274309,-0.0009090928
6287_PHF21A_P1P2_ENSG00000135365,-0.0015413654,0.00527506,0.0587639
5416_MZT2B_P1P2_ENSG00000152082,0.02120192,0.005279554,-0.023439148
1845_CPSF7_P1P2_ENSG00000149532,-0.012807324,0.0052957176,0.013765528
10171_ZNF141_P1P2_ENSG00000131127,0.01859648,0.0052983747,0.0011500008
4072_IGFLR1_P2_ENSG00000126246,0.010496755,0.0052995207,0.0060122157
3482_GP1BB_P1P2_ENSG00000203618,-0.014820427,0.0053028017,-0.011287616
1367_CD47_P1P2_ENSG00000196776,-0.0006389575,0.0053090323,0.0051103914
10441_ZNF552_P1P2_ENSG00000178935,0.003970807,0.005313448,0.030940436
10302_ZNF341_P1_ENSG00000131061,0.009747145,0.0053145797,-0.014256433
10618_ZNF76_P1P2_ENSG00000065029,0.013595424,0.005315469,0.031757455
11224_non-targeting_non-targeting_non-targeting,0.02274009,0.0053174384,-0.0016634618
3208_FSTL3_P2_ENSG00000070404,0.009870513,0.005317939,0.01854676
9095_TMEM70_P1P2_ENSG00000175606,-0.005528898,0.005320363,-0.005420893
7542_RPUSD1_P2_ENSG00000007376,-0.015901085,0.005321752,-0.0066532595
3267_GALNT10_P1P2_ENSG00000164574,-0.0069926935,0.005326157,0.0026005812
3472_GON4L_P2_ENSG00000116580,0.0010422489,0.005329053,0.020145092
1603_CHSY1_P1P2_ENSG00000131873,0.036638882,0.00533093,0.009228481
10897_non-targeting_non-targeting_non-targeting,-0.018632868,0.0053364425,-0.005562127
6483_PMS2_P1P2_ENSG00000122512,0.00957282,0.0053368136,-0.0051653227
4758_MAGEA12_P1P2_ENSG00000213401,-0.016993737,0.0053394167,0.02786742
2607_ELP5_P1P2_ENSG00000170291,-0.036742497,0.005346629,0.022660984
3063_FEV_P1P2_ENSG00000163497,-0.003042384,0.005350861,0.013801763
1496_CEP135_P1P2_ENSG00000174799,-0.018302096,0.0053519346,-0.015326838
8945_TLE4_P1P2_ENSG00000106829,0.009565665,0.005363239,0.0017610644
43_ABHD14B_P2_ENSG00000114779,-0.0049889395,0.0053666765,0.00088887813
6557_POLR3C_P1P2_ENSG00000186141,0.04432781,0.0053745625,0.02320399
9755_VPS37C_P1P2_ENSG00000167987,-0.0014260885,0.005375135,-0.001764473
2733_ESPN_P1_ENSG00000187017,-0.0008778219,0.0053842757,0.020480016
1362_CD320_P1P2_ENSG00000167775,-0.021678956,0.005393711,0.031540237
2223_DIDO1_P1_ENSG00000101191,-0.015909161,0.005394792,0.004054947
6083_PASD1_P1P2_ENSG00000166049,-0.009310587,0.005397558,-0.030433716
5265_MRPS36_P1P2_ENSG00000134056,-0.0015018545,0.005402127,-0.014590621
8282_SOX14_P1P2_ENSG00000168875,-0.009006733,0.0054026335,0.010993767
5404_MYOD1_P1P2_ENSG00000129152,-0.0022266747,0.00540799,0.012615058
6254_PGBD1_P1P2_ENSG00000137338,0.0017700245,0.0054103844,0.012894826
304_ANAPC15_P1P2_ENSG00000110200,0.01097148,0.0054143355,0.005994737
7129_RASSF7_P1P2_ENSG00000099849,-0.010557107,0.0054160496,-0.00887862
9675_USP7_P1P2_ENSG00000187555,-0.0010007583,0.0054181945,-0.013664546
10775_non-targeting_non-targeting_non-targeting,0.01080124,0.005419589,0.0074718418
4967_MEIS2_P1P2_ENSG00000134138,0.01513908,0.005422069,0.02034499
4774_MAGEH1_P1P2_ENSG00000187601,-0.0015944886,0.005423363,-0.01530752
10367_ZNF443_P1P2_ENSG00000180855,-0.0018916111,0.0054265875,-0.02983988
10668_ZNF83_ENST00000597597.1_ENSG00000167766,0.002810114,0.0054287068,0.005453677
6132_PCMT1_P1P2_ENSG00000120265,-0.026716795,0.005437613,-0.014540703
8403_SREK1IP1_P1P2_ENSG00000153006,-0.014719456,0.0054379688,0.012918598
1684_CLUAP1_P1P2_ENSG00000103351,0.0062136715,0.005441832,0.02344919
1546_CHAMP1_P1P2_ENSG00000198824,-0.022531712,0.005447913,0.0015624302
5262_MRPS33_P1P2_ENSG00000090263,-0.064433776,0.0054481993,-0.008922151
6526_POLG_P1P2_ENSG00000140521,0.03497453,0.005454717,0.020277904
4067_IGF2BP3_P1P2_ENSG00000136231,-0.013099523,0.00545641,0.0104121035
10226_ZNF232_P2_ENSG00000167840,-0.010178808,0.0054587526,0.0072748335
2347_DPH2_P1P2_ENSG00000132768,-0.03147965,0.0054649613,0.014887894
8800_TDP1_P1P2_ENSG00000042088,0.0031324392,0.0054782354,0.029953126
10383_ZNF471_P1P2_ENSG00000196263,0.031973984,0.005482254,-0.0019594657
5840_NT5C3B_P1P2_ENSG00000141698,0.018306926,0.005492191,0.023170786
1275_CCDC28B_P1_ENSG00000160050,-0.0059128553,0.005492916,0.024087625
11309_non-targeting_non-targeting_non-targeting,0.0053357333,0.00549329,-0.0070716906
145_COQ8B_P1P2_ENSG00000123815,0.006029274,0.005495739,0.010765759
3711_HEXIM2_P2_ENSG00000168517,-0.0054137567,0.0054957806,-0.006588622
6593_POU3F4_P1P2_ENSG00000196767,-0.005886855,0.0054960446,0.0076137166
8207_SNAPC3_P1P2_ENSG00000164975,-0.008121766,0.0055021616,0.03961701
3877_HNRNPUL2_P1P2_ENSG00000214753,0.020059302,0.005516265,0.006378816
5568_NDUFS4_P1P2_ENSG00000164258,0.013423288,0.005525075,-0.016197849
1899_CSNK1D_P1P2_ENSG00000141551,-0.016773444,0.0055303047,0.014015507
1866_CREBL2_P1P2_ENSG00000111269,0.0027772218,0.005538401,0.023379942
10179_ZNF157_ENST00000377073.3_ENSG00000147117,-0.0029647215,0.005541539,0.021379806
4745_MAD2L1BP_P1P2_ENSG00000124688,-0.002180736,0.0055430364,0.007407447
763_BARHL2_P1P2_ENSG00000143032,-0.0031956448,0.005543902,0.01920233
761_BARD1_P1P2_ENSG00000138376,0.014727428,0.005544942,-0.0053429017
5892_NUP210_P1P2_ENSG00000132182,0.013877173,0.005545091,-0.011471029
8058_SLC35G6_ENST00000412468.2_ENSG00000259224,0.010869246,0.0055492404,0.005110883
3281_GAPDH_P1_ENSG00000111640,-0.013073381,0.0055559287,-0.026176764
2062_DCAKD_P1_ENSG00000172992,0.0055766446,0.005556074,0.01936732
10957_non-targeting_non-targeting_non-targeting,0.010350819,0.005557914,0.030053506
9668_USP51_P1P2_ENSG00000247746,-0.012965918,0.0055598947,-0.007998449
10930_non-targeting_non-targeting_non-targeting,-0.03359867,0.005572469,0.00088231167
10510_ZNF622_P1P2_ENSG00000173545,0.01067381,0.0055752425,0.02388674
6794_PRPF38A_P1P2_ENSG00000134748,-0.016571932,0.0055865645,0.05988796
37_ABCG1_P1P2_ENSG00000160179,0.017152088,0.0055883783,0.028339688
5513_NCOR2_ENST00000405201.1_ENSG00000196498,0.017418519,0.005598153,0.019171398
2552_EIF3H_P1P2_ENSG00000147677,-0.08959414,0.005598499,0.0051632356
11327_non-targeting_non-targeting_non-targeting,0.014885986,0.0056000627,-0.013873696
4723_LYN_P1P2_ENSG00000254087,0.012548112,0.0056011593,0.010184611
7948_SKP2_P1P2_ENSG00000145604,0.016729757,0.0056102285,-0.008905423
6888_PSPC1_P1P2_ENSG00000121390,0.0112048015,0.0056203282,0.0065035312
2531_EIF2AK2_P1P2_ENSG00000055332,0.0016809647,0.0056258957,0.005611038
796_BCL11B_P1P2_ENSG00000127152,-0.00240682,0.005626016,0.01041223
11063_non-targeting_non-targeting_non-targeting,0.011611222,0.005626434,-0.008829344
6852_PSMB4_P1P2_ENSG00000159377,0.004677932,0.0056264573,0.002970518
6245_PFKL_P2_ENSG00000141959,0.020413844,0.0056278654,0.008803843
9907_XRCC5_P1P2_ENSG00000079246,0.032349233,0.0056320587,-0.034681424
6440_PLEKHF1_P1P2_ENSG00000166289,0.0011258372,0.005632656,0.004829411
3675_HDLBP_P2_ENSG00000115677,0.0014507336,0.005638112,0.003571288
2785_EXOC8_P1P2_ENSG00000116903,-0.00067157333,0.005651992,0.031640343
283_ALS2_P1P2_ENSG00000003393,0.03711743,0.0056537413,0.007167993
10499_ZNF609_ENST00000326648.3_ENSG00000180357,-0.001198668,0.005679426,0.026010811
11325_non-targeting_non-targeting_non-targeting,-0.011002614,0.0056860647,-0.0018983341
6967_PXK_P1P2_ENSG00000168297,-0.0044164564,0.005686167,-0.0043802788
10086_ZFP37_P1P2_ENSG00000136866,-0.015964815,0.005686327,-0.015674721
3225_FUT10_P1P2_ENSG00000172728,0.01135517,0.005688135,0.0057786424
361_ANXA3_P1P2_ENSG00000138772,0.008255209,0.005688694,-0.013942804
151_ADD3_P1P2_ENSG00000148700,0.0058826194,0.0056927474,0.0103437435
7916_SIMC1_P1P2_ENSG00000170085,0.0048992345,0.00569473,0.006006378
11115_non-targeting_non-targeting_non-targeting,-0.02641019,0.005696293,-0.011904415
7137_RBAK-RBAKDN_ENST00000407184.1_nan,-0.0023742085,0.00570046,-0.0120717725
5755_NOSTRIN_P1P2_ENSG00000163072,-0.0053179134,0.0057025407,0.009612902
7962_SLC12A9_P2_ENSG00000146828,-0.012668026,0.0057066986,0.021106567
2586_ELF3_P1P2_ENSG00000163435,-0.017096743,0.005709198,0.021560756
360_ANXA2_P1P2_ENSG00000182718,0.009066418,0.0057158433,-0.030053277
4392_KIF3A_P1P2_ENSG00000131437,0.0054147374,0.0057220724,0.0046444363
1870_CRELD2_P1P2_ENSG00000184164,0.0065387464,0.0057296664,0.024555856
10010_ZBTB7B_P1P2_ENSG00000160685,-0.0010495482,0.0057382532,0.015498561
7258_RFX1_P1P2_ENSG00000132005,0.000434132,0.0057549407,0.023251528
4567_LHX1_P1P2_ENSG00000273706,0.022840684,0.005758165,-0.005193515
8478_ST7_P1P2_ENSG00000004866,-0.02193526,0.0057589523,0.0018777113
4690_LSM1_P1P2_ENSG00000175324,-0.00625109,0.0057593486,0.010264484
6160_PDCD7_P1P2_ENSG00000090470,-0.011161231,0.0057646143,0.0030926561
4074_IGSF3_P1P2_ENSG00000143061,0.005431972,0.0057839253,0.012329878
2282_DNAJB4_P1P2_ENSG00000162616,0.04994919,0.005788099,-0.019195795
10596_ZNF730_P1P2_ENSG00000183850,-0.005372498,0.005789285,0.025095778
8179_SMIM3_P1P2_ENSG00000256235,0.0054012057,0.0057897554,-0.03179514
6675_PPP1R7_P1P2_ENSG00000115685,-0.011787692,0.0058009354,0.028084518
8571_SUCLA2_P1P2_ENSG00000136143,0.0041230447,0.005801155,-0.0019310993
2702_ERGIC1_P1P2_ENSG00000113719,-0.0058196597,0.0058017327,0.02243675
4486_KTN1_P1_ENSG00000126777,0.0019460339,0.005807123,0.023573881
10133_ZKSCAN8_P1P2_ENSG00000198315,0.012542669,0.005812946,-0.017280847
2412_DUSP9_P1_ENSG00000130829,0.0032903864,0.005813994,0.012428721
2492_EFCAB11_P1P2_ENSG00000140025,-0.01841357,0.0058174976,0.011398367
6916_PTMA_P1P2_ENSG00000187514,0.0018529193,0.0058342447,0.024864146
8540_STRIP1_P1P2_ENSG00000143093,-0.053179257,0.0058363955,-0.006819656
400_APEX2_P1P2_ENSG00000169188,0.009654699,0.005839021,0.017610004
6793_PRPF31_P1P2_ENSG00000105618,0.017127452,0.0058410456,0.02481999
3372_GINS4_P1P2_ENSG00000147536,-0.062888086,0.0058417907,0.027980195
7143_RBBP7_P1P2_ENSG00000102054,-0.00824033,0.005845997,0.0012219027
6620_PPHLN1_P1P2_ENSG00000134283,0.012103087,0.0058465246,-0.011912665
1681_CLTA_P1P2_ENSG00000122705,0.0036332093,0.005858767,-0.0086341975
6099_PAXIP1_P1P2_ENSG00000157212,0.032227512,0.005861584,0.010870829
7133_RAX_P1P2_ENSG00000134438,-0.0008946316,0.005862408,0.0069308598
7364_RNF170_P1P2_ENSG00000120925,0.0041386783,0.005868086,0.010760482
10512_ZNF624_P1P2_ENSG00000197566,0.020894252,0.005874351,0.019735372
2752_ETFB_P2_ENSG00000105379,-0.00303687,0.005897422,-0.0022613893
10992_non-targeting_non-targeting_non-targeting,0.0135971075,0.005903082,-0.013888481
9365_TSR1_P2_ENSG00000167721,0.011580354,0.0059096133,0.009956838
9962_ZBED2_P1P2_ENSG00000177494,0.015376724,0.0059112967,0.18744645
764_BARX1_P1P2_ENSG00000131668,0.008656255,0.005922372,0.016271196
"8584_SULT1A3_ENST00000354723.6,ENST00000355544.5_ENSG00000261052",0.028888352,0.0059235524,0.015752815
7923_SIRT2_P1P2_ENSG00000068903,-0.009518274,0.0059308256,-0.008034035
4375_KIF13A_P1P2_ENSG00000137177,-0.009511984,0.0059341732,0.008270351
8588_SUMO2_P1P2_ENSG00000188612,-0.04827846,0.0059358017,0.0015762945
7856_RSKR_P1P2_ENSG00000167524,-0.0050807064,0.005936378,0.007014239
10630_ZNF780B_P1P2_ENSG00000128000,-0.0018362764,0.005939473,0.0014761585
8220_SNRNP40_P1P2_ENSG00000060688,-0.016886456,0.0059398124,-0.0060838712
2359_DPP9_P2_ENSG00000142002,0.0193699,0.0059411377,0.0065513086
1553_CHCHD6_P1P2_ENSG00000159685,0.0036486483,0.005946608,0.00924037
"2385_DST_ENST00000361203.3,ENST00000370769.4_ENSG00000151914",-0.012985788,0.0059500495,0.016310666
3226_FUT11_P1P2_ENSG00000196968,-0.019539177,0.005959585,-0.0052124877
1260_CCDC144A_P1P2_ENSG00000170160,-0.00101017,0.0059626903,0.01998456
3424_GMPPB_P1P2_ENSG00000173540,-0.00316361,0.0059669605,0.00984924
3326_GDA_P1P2_ENSG00000119125,0.012976223,0.005975777,0.038876783
1776_COPG2_P1P2_ENSG00000158623,-0.0014844775,0.0059854398,0.0118065635
459_ARHGAP17_P1P2_ENSG00000140750,0.0052895583,0.0059951157,0.03357897
3534_GRHL3_P1P2_ENSG00000158055,0.0020413601,0.005998728,-0.0015633765
3846_HMX2_P1P2_ENSG00000188816,-0.027116233,0.0060052667,-0.0033360906
8924_TIMM50_P1P2_ENSG00000105197,0.06199496,0.006008028,-0.013491314
2895_FAM200B_P1P2_ENSG00000237765,0.0051548867,0.0060213967,-0.007397657
11292_non-targeting_non-targeting_non-targeting,0.00978151,0.006027163,0.013246939
3512_GPR68_P1P2_ENSG00000119714,-0.0026619558,0.006030192,-0.01149533
6558_POLR3D_P1P2_ENSG00000168495,0.06777302,0.006032005,0.037367012
3665_HDAC5_P1P2_ENSG00000108840,-0.008972054,0.0060342834,0.022978522
6041_PAIP1_P1P2_ENSG00000172239,0.0019900163,0.006034575,-0.0031218687
2362_DPRX_ENST00000376650.1_ENSG00000204595,-0.0059797396,0.006034604,-0.014013501
6761_PRKCB_P1P2_ENSG00000166501,0.011844003,0.006043629,0.00078273006
3924_HOXD1_P1P2_ENSG00000128645,-0.00074179017,0.006046211,-0.009470922
739_B4GALT7_P1P2_ENSG00000027847,-7.187805e-05,0.0060508833,0.005930024
1281_WASHC3_P1P2_ENSG00000120860,0.012143718,0.006052511,0.0043959464
3069_FGF13_ENST00000315930.6_ENSG00000129682,-0.012150883,0.0060532806,0.025532078
2590_ELK3_P1P2_ENSG00000111145,0.01659771,0.006066652,-0.008063825
2920_FAM3A_P1P2_ENSG00000071889,-0.0036333287,0.006069621,0.022839427
8260_SNX9_P1P2_ENSG00000130340,0.00823101,0.006072283,0.029738702
1277_CCDC43_P1P2_ENSG00000180329,0.011726375,0.006087061,-0.027290262
6956_PUS3_P1P2_ENSG00000110060,0.025694126,0.0060903854,0.021714663
4970_MELK_P1P2_ENSG00000165304,0.0015990031,0.0060913227,0.005224384
827_BHLHA9_P1P2_ENSG00000205899,0.006804035,0.0060925167,-0.0015998445
1251_CCDC127_P1P2_ENSG00000164366,0.055226702,0.0060971812,0.014022961
6122_PCGF2_P1_ENSG00000277258,0.009972269,0.006102712,-0.010908956
10504_ZNF615_P1P2_ENSG00000197619,0.0038139632,0.0061120284,0.0016006972
1811_COX18_P1P2_ENSG00000163626,0.031799033,0.0061205295,0.010209908
1087_HPF1_P1P2_ENSG00000056050,0.0129947355,0.0061306925,-0.011999413
8265_SOCS4_P1P2_ENSG00000180008,-0.0036581545,0.0061332555,-0.0005365575
5788_NR2C1_P1P2_ENSG00000120798,0.020244973,0.0061353263,0.043377433
3319_GCLC_P1P2_ENSG00000001084,0.036286477,0.006137658,0.015289859
10050_ZDHHC3_P1P2_ENSG00000163812,0.003978459,0.0061503937,0.019135833
591_ASRGL1_P1P2_ENSG00000162174,0.0061498974,0.006165833,-0.0018677656
11268_non-targeting_non-targeting_non-targeting,0.011238945,0.0061828503,0.017276108
2572_EIF4G3_P1_ENSG00000075151,-0.014542385,0.0061850837,0.012521002
6300_PHKG2_P1P2_ENSG00000156873,0.0122615,0.00618589,0.0070911422
7339_RNF114_P1P2_ENSG00000124226,-0.023777666,0.0061875023,-0.008341413
7835_SF3B1_P1P2_ENSG00000115524,-0.023246523,0.0061878213,-0.0066777337
4538_LCP1_P1P2_ENSG00000136167,0.015561438,0.0061994973,-0.020066895
1851_CPXM1_P1P2_ENSG00000088882,-0.0074513694,0.0062068626,-0.032011267
2137_DECR1_P1P2_ENSG00000104325,0.017736103,0.0062157237,0.010277207
9582_UHRF1BP1_P1P2_ENSG00000065060,0.022429768,0.0062241247,0.05149053
1738_COBL_P1P2_ENSG00000106078,0.000580188,0.006226871,0.013154572
1334_CCNL1_P1P2_ENSG00000163660,0.0053958427,0.0062278407,-0.008565943
5111_MLLT11_P1P2_ENSG00000213190,0.008859527,0.006228383,0.024194257
5802_NR5A1_P1P2_ENSG00000136931,-0.0050311205,0.006229639,-0.010108916
5141_MOCS2_P1P2_ENSG00000164172,-0.0041500023,0.006234011,0.010427435
7616_RYBP_P1P2_ENSG00000163602,-0.002682493,0.0062374044,-0.011339063
3374_GIPC3_P1P2_ENSG00000179855,-0.0076821893,0.0062413495,-0.008700338
3553_GSN_P1P2_ENSG00000148180,-0.009111193,0.0062425304,-0.0014216312
6342_PIGQ_P1P2_ENSG00000007541,0.017872931,0.0062445737,-0.02902022
625_ATG4D_P1P2_ENSG00000130734,-0.005161375,0.0062525272,0.018383237
111_ACTR1B_P1P2_ENSG00000115073,0.0047002486,0.0062565096,-0.00044192106
8551_STX17_P1P2_ENSG00000136874,-0.0075186933,0.0062689423,0.019159315
7103_RAP1GAP_P1_ENSG00000076864,0.004437898,0.006278413,0.013293814
10151_ZMYND8_P1P2_ENSG00000101040,-0.0128470175,0.0062797726,-0.01725093
8386_SPTB_P1P2_ENSG00000070182,8.07489e-05,0.0062871813,0.053858984
5627_NFATC3_P1P2_ENSG00000072736,0.005352044,0.006288361,0.016862495
997_C16orf86_P1P2_ENSG00000159761,0.007469409,0.006292948,0.012866199
3164_FOXJ1_P1P2_ENSG00000129654,0.0070524523,0.0062974473,0.009302703
7024_RAB32_P1P2_ENSG00000118508,0.030099604,0.0063002277,0.017786847
132_ADAMTS14_P1P2_ENSG00000138316,-0.011943605,0.00630107,-0.014900325
2288_DNAJC13_P1P2_ENSG00000138246,0.0054237098,0.006306219,-0.0016482058
10385_ZNF474_P1P2_ENSG00000164185,0.00016347485,0.0063100113,0.0011567568
4156_INTU_P1_ENSG00000164066,-0.02663413,0.0063110823,0.010725591
984_C15orf39_P1P2_ENSG00000167173,-0.010389431,0.006313885,-0.012087532
10573_ZNF705G_ENST00000400078.2_ENSG00000215372,-0.0048636575,0.006324795,0.0055863354
5440_NACA2_P1P2_ENSG00000253506,-0.004156228,0.0063397884,0.03479104
4229_ITGB5_P1P2_ENSG00000082781,0.019901924,0.006342949,0.01671343
10274_ZNF2_P1P2_ENSG00000275111,-0.00854389,0.006344378,0.0049577476
1070_C2CD2L_P2_ENSG00000172375,0.028862992,0.006353331,0.0098673655
6883_PSMG1_P1P2_ENSG00000183527,-0.030946705,0.0063558975,-0.0045008897
440_ARF4_P1P2_ENSG00000168374,0.013958536,0.006357512,0.017999649
10715_ZSCAN20_P1P2_ENSG00000121903,0.004662499,0.006362292,0.012207732
452_ARFRP1_P1P2_ENSG00000101246,0.007875281,0.0063677123,-0.009622071
6587_POU2F2_P1P2_ENSG00000028277,-0.004385253,0.0063717254,0.014851502
11113_non-targeting_non-targeting_non-targeting,-0.0036148576,0.00637495,-0.014409614
4876_MBD4_P1P2_ENSG00000129071,-0.0033855578,0.0063816914,0.01096444
2509_EGLN3_P1P2_ENSG00000129521,0.008565978,0.0063889185,0.024585754
7563_RRP1B_P1P2_ENSG00000160208,0.0075584836,0.006392495,0.018136011
682_ATP6V1D_P1P2_ENSG00000100554,-0.00066762406,0.0063981027,-0.0040996266
5362_MXI1_P2_ENSG00000119950,0.024170652,0.0063987095,-0.0069160284
8022_SLC29A1_P1_ENSG00000112759,0.024396896,0.0064129103,0.05147713
191_AGO3_P1P2_ENSG00000126070,0.01149885,0.0064142337,0.023281038
4423_KLF7_P1P2_ENSG00000118263,0.00041041023,0.006419098,0.0075518265
4281_KAT8_P1_ENSG00000103510,-0.16486569,0.006421038,0.016084196
7863_SGSM2_P1P2_ENSG00000141258,-0.020778937,0.006427838,-0.0143637955
10778_non-targeting_non-targeting_non-targeting,0.016516745,0.0064282757,0.0035330893
7161_RBM17_P1P2_ENSG00000134453,-0.024586929,0.0064286143,-0.009532887
10935_non-targeting_non-targeting_non-targeting,0.008121008,0.006429467,0.006695499
8070_SLC39A11_P1P2_ENSG00000133195,0.025051711,0.0064383987,0.005458982
4078_IKBKB_P1P2_ENSG00000104365,0.002357568,0.0064480756,0.014676142
4016_ICMT_P1P2_ENSG00000116237,0.00039876046,0.006463119,0.020185152
9244_TRAPPC13_P1P2_ENSG00000113597,-0.043146692,0.0064682304,-0.02668614
1914_CSTB_P1P2_ENSG00000160213,0.0044430685,0.006470087,0.019823978
9874_WRAP73_P1P2_ENSG00000116213,0.002980243,0.0064809453,0.019632341
10330_ZNF395_P1P2_ENSG00000186918,0.023508172,0.006495742,-0.04217181
275_ALKBH2_P1P2_ENSG00000189046,-0.0036406517,0.006497691,-0.017068632
5916_OAT_P1P2_ENSG00000065154,-0.008887082,0.0065112733,-8.137723e-05
7328_RNASEH1_P1P2_ENSG00000171865,-0.06104536,0.006511858,-0.047252394
10616_ZNF768_P1_ENSG00000169957,-0.020965027,0.0065121143,-0.016377231
6596_POU4F3_P1P2_ENSG00000091010,-1.7594131e-05,0.0065151365,0.0058397083
10380_ZNF468_P1P2_ENSG00000204604,0.012231472,0.0065169847,-0.0020708486
4614_LMF2_P1_ENSG00000100258,0.022436272,0.0065182773,0.009801066
2703_ERGIC2_P1P2_ENSG00000087502,-0.00045375465,0.0065195803,0.0060097137
6621_PPIA_P1P2_ENSG00000196262,0.014240701,0.0065197498,-0.0029933297
5292_MST1_ENST00000449682.2_ENSG00000173531,0.002502171,0.006526031,0.012912558
7646_SAMSN1_P1P2_ENSG00000155307,0.0070815887,0.0065331957,0.019651413
5795_NR2F6_P1P2_ENSG00000160113,-0.0033755677,0.006535199,0.0070731323
10542_ZNF674_P1P2_ENSG00000251192,-0.001971444,0.006535382,0.0069348537
4878_MBD6_P1P2_ENSG00000166987,0.014267178,0.0065366277,0.0010198795
5045_MGST2_P1P2_ENSG00000085871,0.0034087691,0.006550097,-0.033630114
10222_ZNF229_P1P2_ENSG00000278318,0.008415975,0.006554376,-0.016363671
838_BIRC6_P1P2_ENSG00000115760,0.0042853854,0.0065588565,-0.007961589
2737_ESR2_P1P2_ENSG00000140009,-0.006296457,0.006559417,0.009684512
7796_SERF2_P2_ENSG00000140264,-0.013608418,0.006574145,0.008187077
8526_STK4_P1_ENSG00000101109,-0.0044956957,0.006574372,-0.022175772
4112_IMPAD1_P1P2_ENSG00000104331,0.0031870578,0.006578265,-0.03505119
3572_GTF2F2_P1P2_ENSG00000188342,0.014835025,0.006578331,0.028706523
8175_SMIM15_P1P2_ENSG00000188725,0.0050925463,0.0065790284,-0.018665867
11072_non-targeting_non-targeting_non-targeting,0.0089720525,0.006586879,-0.0172025
2224_DIDO1_P2_ENSG00000101191,-0.00065320695,0.0065884343,0.002942219
661_ATP5MC3_P1P2_ENSG00000154518,-0.038800053,0.0065951813,-0.006625067
8577_SUGP2_P1P2_ENSG00000064607,0.018728951,0.0065989885,0.0022671786
2_AAAS_P1P2_ENSG00000094914,0.00094148185,0.006601255,0.00306018
10304_ZNF345_P1P2_ENSG00000251247,-0.011842556,0.0066043003,0.001294482
8733_TBKBP1_P1P2_ENSG00000198933,-0.026607959,0.006606883,0.069937125
10789_non-targeting_non-targeting_non-targeting,0.016864771,0.006607456,0.0031326623
7868_SH2B3_P1P2_ENSG00000111252,-0.005543863,0.006613748,-0.006277897
4422_KLF6_P1P2_ENSG00000067082,0.007566027,0.006619013,0.014989211
2784_EXOC7_P1P2_ENSG00000182473,-0.002946898,0.006622777,0.060260728
9674_USP6NL_ENST00000277575.5_ENSG00000148429,0.005649229,0.006623874,-0.005842772
5321_MTHFR_P1_ENSG00000177000,0.0066760066,0.006628204,0.0028818345
8087_SLC44A2_P1_ENSG00000129353,-0.018865127,0.00663044,0.0137809515
9826_WDR4_P1P2_ENSG00000160193,0.0017021247,0.0066341357,0.004100958
1373_CD59_P1_ENSG00000085063,0.007678513,0.0066371113,0.0010298621
10262_ZNF280D_P1P2_ENSG00000137871,0.0046951184,0.006639378,0.01153501
1093_C4orf3_P1P2_ENSG00000164096,0.009414106,0.0066403905,-0.00012577549
9842_WDR76_P1P2_ENSG00000092470,0.012225023,0.0066410047,0.00446788
5353_MUTYH_P1P2_ENSG00000132781,0.012635054,0.0066482583,0.024060028
9877_WRN_P1P2_ENSG00000165392,0.01757696,0.0066504613,0.04132414
1104_ILRUN_P1P2_ENSG00000196821,0.01486023,0.006665204,-0.00013836722
5136_MOB3A_P1_ENSG00000172081,0.00797471,0.0066652894,0.026409142
7218_RDX_P1P2_ENSG00000137710,-0.0038115433,0.0066666077,0.0019010415
10776_non-targeting_non-targeting_non-targeting,0.00042933592,0.006666631,0.0006140647
4199_IRX2_P1P2_ENSG00000170561,-0.004660353,0.0066718385,0.009375603
7370_RNF19A_P1P2_ENSG00000034677,0.006494402,0.0066723116,0.004946761
4261_JRK_P1_ENSG00000234616,0.0077475663,0.0066745696,-0.011893187
8013_SLC25A53_P1P2_ENSG00000269743,0.00930989,0.0066771973,0.016387118
4101_ILKAP_P1P2_ENSG00000132323,0.01954416,0.0066785784,0.016631657
1285_CCDC61_P1P2_ENSG00000104983,0.009598742,0.0066813705,0.0056274426
8136_SMAGP_P1P2_ENSG00000170545,0.00699435,0.0066832174,0.017141622
6885_PSMG3_P2_ENSG00000157778,-0.003329032,0.006686505,0.010947934
10697_ZNF99_P1P2_ENSG00000213973,0.009673325,0.0066900738,-0.0029640098
10369_ZNF445_P1P2_ENSG00000185219,-0.0060600163,0.0066988175,-0.025837291
1356_CD164_P1P2_ENSG00000135535,-0.016750485,0.0067060892,-0.008685274
10415_ZNF517_P1P2_ENSG00000197363,-0.005596703,0.006707875,0.012533078
5585_NEDD4L_ENST00000357895.5_ENSG00000049759,-0.012622633,0.006710111,0.004723255
1239_CCAR2_P1P2_ENSG00000158941,0.016867502,0.0067183864,0.00772175
10297_ZNF335_P1P2_ENSG00000198026,-0.016400244,0.0067189788,-0.0055659786
5073_MIF_P1P2_ENSG00000240972,0.01180641,0.006724999,-0.082689054
3826_HMGA2_P1P2_ENSG00000149948,0.027362049,0.006733342,0.0018124427
1204_CASP6_P1P2_ENSG00000138794,0.003898831,0.006739891,-0.007939669
5044_MGST1_P1P2_ENSG00000008394,0.011240743,0.006741194,-0.019095356
50_ABHD5_P1P2_ENSG00000011198,0.006280847,0.006748951,-0.0012879466
3142_FOXA1_P1P2_ENSG00000129514,-0.0015243022,0.0067584864,0.013098911
10797_non-targeting_non-targeting_non-targeting,0.023739662,0.006762306,-0.0058807144
1009_EPOP_P1P2_ENSG00000273604,0.019015985,0.0067732115,0.024182418
7865_SGTA_P1P2_ENSG00000104969,0.00512496,0.0067748833,0.026949434
6619_PPFIBP1_P1P2_ENSG00000110841,0.004909115,0.006775788,0.010203913
7798_SERHL2_P1P2_ENSG00000183569,-0.013823682,0.006782752,0.02873299
8166_SMG5_P1P2_ENSG00000198952,-0.07789251,0.00679537,-0.08132255
2697_ERCC4_P2_ENSG00000175595,0.01892661,0.0067980657,-0.025128739
10149_ZMYND11_P1P2_ENSG00000015171,-0.003235145,0.006798179,-0.0029607571
8176_SMIM19_P1P2_ENSG00000176209,0.009933785,0.006803819,0.0042703273
"8340_SPDYE2_ENST00000432940.1,ENST00000507918.1_ENSG00000205238",0.007294759,0.0068140454,0.000948138
2886_FAM189B_P1P2_ENSG00000160767,-0.027362337,0.0068156333,0.01576622
7795_SERF2_P1_ENSG00000140264,-0.006006126,0.0068171374,0.061536655
5412_MYT1_P1P2_ENSG00000196132,0.0060617505,0.0068181204,-0.008204734
8567_STYXL1_P1P2_ENSG00000127952,0.012606833,0.006820022,-0.012447075
276_ALKBH3_P1P2_ENSG00000166199,-0.009405209,0.0068263896,-0.0080582425
10189_ZNF180_P1P2_ENSG00000167384,0.0023633288,0.006828278,0.0008372009
8090_SLC45A4_ENST00000024061.3_ENSG00000022567,-0.009609326,0.0068313894,0.010931843
9326_TRPT1_P1P2_ENSG00000149743,-0.008231769,0.006832943,-0.009632898
576_ASCL4_ENST00000342331.4_ENSG00000187855,0.011760628,0.0068345056,-0.00067329704
8559_STX7_P1P2_ENSG00000079950,0.017692877,0.006835041,0.0009804447
4100_ILF3_P1P2_ENSG00000129351,-0.018304385,0.0068364535,-0.004672061
1072_C2CD2_P1P2_ENSG00000157617,0.016587952,0.0068423636,0.04792684
2075_DCTN3_P1P2_ENSG00000137100,0.016275227,0.006844316,0.02042777
6645_PPM1N_P1P2_ENSG00000213889,0.0012116007,0.0068473695,0.005030993
8496_STAT3_P1P2_ENSG00000168610,-0.01587419,0.006848757,0.022868924
7265_RFX8_P1P2_ENSG00000196460,0.0076610814,0.006855046,0.021238025
7792_SELENOW_P1P2_ENSG00000178980,0.014777419,0.0068554888,-0.01633927
4563_LGALSL_P1P2_ENSG00000119862,0.00032774525,0.006861228,-0.008018202
11274_non-targeting_non-targeting_non-targeting,0.0066126157,0.006866256,0.0070864875
7825_SETMAR_P1P2_ENSG00000170364,-0.013851965,0.006870237,-0.009633992
8083_SLC40A1_P2_ENSG00000138449,0.0010527364,0.0068758456,0.017647104
2630_EMX1_P2_ENSG00000135638,-0.003491945,0.006879206,0.030889371
1685_CLUH_P1P2_ENSG00000132361,-0.0017735263,0.0068812896,0.036309693
10002_ZBTB48_P1P2_ENSG00000204859,-0.00081016077,0.006889403,0.010926342
8628_SYNJ2_P1P2_ENSG00000078269,0.0007882974,0.006892261,-0.0019637083
10593_ZNF727_P1P2_ENSG00000214652,0.028149473,0.0068943463,0.026597926
3697_HES1_P1P2_ENSG00000114315,0.005405922,0.006898009,0.002123556
9817_WDR37_P1P2_ENSG00000047056,-0.018625682,0.006899306,0.001098413
6273_PHAX_P2_ENSG00000164902,0.012941318,0.0069023785,0.0043418515
5174_MPP6_P1P2_ENSG00000105926,-0.006138516,0.0069067013,0.034779947
1942_CTPS2_P1P2_ENSG00000047230,0.00511377,0.0069136703,0.008192796
2639_ENKD1_P1P2_ENSG00000124074,0.0108897695,0.0069144177,-0.0048144585
8079_SLC39A8_P1P2_ENSG00000138821,-0.002829969,0.0069257985,-0.021471433
3288_GAS6_P1P2_ENSG00000183087,0.0016423514,0.0069258297,-0.00393945
10689_ZNF888_ENST00000596623.1_ENSG00000213793,0.035513256,0.006938724,-0.007022598
7172_RBM38_P1P2_ENSG00000132819,0.0030541737,0.006938921,0.012302409
1067_RTL10_P1P2_ENSG00000215012,0.008051712,0.0069407905,0.020831468
909_BRWD3_P1P2_ENSG00000165288,0.0061002104,0.0069454066,0.025315454
1948_CTSF_P1P2_ENSG00000174080,-0.005224711,0.00696042,0.025626777
6510_POGLUT1_P1P2_ENSG00000163389,-0.0074866083,0.006963083,0.025352528
9670_USP54_P2_ENSG00000166348,-0.005706931,0.0069648502,-0.013018131
9770_VRK3_P1P2_ENSG00000105053,-0.0035974598,0.0069665057,0.00024047746
10711_ZSCAN16_P1P2_ENSG00000196812,-0.0005211425,0.006966854,0.024390178
9049_TMEM230_P1P2_ENSG00000089063,0.015463167,0.00696807,-0.029974526
9669_USP53_P1P2_ENSG00000145390,0.015843466,0.0069724787,0.010698261
7284_RHCE_P1P2_ENSG00000188672,0.012430715,0.0069732266,0.023370836
6528_POLK_P1P2_ENSG00000122008,-0.0041605593,0.0069733784,0.004385815
4665_LRRC42_P1P2_ENSG00000116212,0.0016119861,0.0069779973,0.010586186
5469_NASP_P1P2_ENSG00000132780,0.03334824,0.006982554,0.009777247
5152_MORF4L2_P1_ENSG00000123562,0.020337803,0.006984476,-0.008474583
10409_ZNF512B_P1P2_ENSG00000196700,0.00067078084,0.0069862837,0.025684835
705_ATXN7L1_P1P2_ENSG00000146776,0.0014211944,0.0069936174,0.050121512
10191_ZNF182_P1P2_ENSG00000147118,-0.020556852,0.0069996524,0.0060459445
8302_SP100_P1P2_ENSG00000067066,0.0031330283,0.0070038247,0.008114958
10958_non-targeting_non-targeting_non-targeting,-0.031587444,0.00700671,0.0014328904
10511_ZNF623_P1P2_ENSG00000183309,0.01640689,0.0070216428,0.025947398
8768_TCEANC2_P1P2_ENSG00000116205,-0.010127143,0.0070316754,0.031538084
10111_ZFYVE9_P1P2_ENSG00000157077,-0.013489974,0.007032078,-0.0061853905
1139_CA5A_P1P2_ENSG00000174990,0.005274106,0.007049687,0.0053129676
839_BIVM_P2_ENSG00000134897,-0.0039683515,0.007056391,0.011611769
3565_GSX2_P1P2_ENSG00000180613,0.016673189,0.0070639267,0.009053649
10514_ZNF626_P1P2_ENSG00000188171,-0.022043932,0.0070647583,0.038806614
10318_ZNF367_P1P2_ENSG00000165244,-0.008422993,0.0070709693,0.012173793
10731_ZSCAN9_P1P2_ENSG00000137185,-0.0002312296,0.007077777,0.0040369416
1657_CLIP1_P1P2_ENSG00000130779,-0.0017403289,0.0070804707,-0.026197366
4988_EEF1AKMT2_P1P2_ENSG00000203791,0.004937629,0.0070867785,0.015593312
1078_C2orf49_P1P2_ENSG00000135974,0.014543942,0.007090413,-0.014599947
9203_TPM1_P1_ENSG00000140416,0.04764357,0.0070921304,0.032535054
8863_TGIF1_P1P2_ENSG00000177426,-0.008740713,0.007092928,-0.026116366
8381_SPSB3_P1P2_ENSG00000162032,-0.009526966,0.007099316,0.012885821
2013_CYTH2_P1P2_ENSG00000105443,0.007927146,0.007101549,0.00073053775
96_ACP5_P1_ENSG00000102575,-0.030881364,0.007103536,0.03983257
9156_TNXB_P1P2_ENSG00000168477,-0.0069387024,0.007104919,0.02989164
4872_MAZ_P1P2_ENSG00000103495,0.0211905,0.0071086218,0.012786492
969_C12orf65_P1P2_ENSG00000130921,0.0026883562,0.0071094125,-0.014714623
4382_KIF1B_P1P2_ENSG00000054523,0.0055292854,0.0071107256,-0.02006488
5506_NCOA2_P1P2_ENSG00000140396,0.007300243,0.007113099,-0.007911924
8380_SPSB2_P1P2_ENSG00000111671,-0.024349725,0.0071153957,0.026194703
956_HIKESHI_P1P2_ENSG00000149196,-0.027713852,0.007127707,0.01477414
8377_SPRYD4_P1P2_ENSG00000176422,0.0046904096,0.007133467,0.005000609
1396_CDC27_P1P2_ENSG00000004897,0.002585043,0.007133654,0.027069239
8310_SP5_P1P2_ENSG00000204335,0.021370457,0.007134406,-0.02190382
3963_HSFX1_ENST00000370416.4_ENSG00000171116,0.004215464,0.007152254,0.004178202
4501_LAMP1_P1P2_ENSG00000185896,0.019974561,0.0071592783,-0.0071503595
6555_POLR3A_P1P2_ENSG00000148606,-0.043305807,0.0071617356,-0.04615935
9823_WDR45_P1P2_ENSG00000196998,0.0131327445,0.007162003,0.0077920826
5519_NDC80_P1P2_ENSG00000080986,-0.02571765,0.0071638627,0.05141393
1559_CHD3_P1P2_ENSG00000170004,-0.002836655,0.007168479,0.005751553
5870_NUDT22_P1P2_ENSG00000149761,0.014080481,0.0071730884,0.0066097826
6292_PHF6_P1P2_ENSG00000156531,0.021165902,0.007174163,-0.00903413
875_BOP1_P2_ENSG00000261236,0.005571446,0.007180493,0.0006374362
2534_EIF2A_P1P2_ENSG00000144895,0.0068526585,0.007186274,-0.008962699
10097_ZFP90_P1_ENSG00000184939,-0.024442622,0.0071967826,0.027136207
5367_MYBL2_P1P2_ENSG00000101057,-0.010586821,0.007199381,0.04058264
3252_GABBR1_P1_ENSG00000204681,-0.023556845,0.007202708,0.009721781
11151_non-targeting_non-targeting_non-targeting,0.009156206,0.007208606,0.007130855
2323_DOCK2_P1P2_ENSG00000134516,0.003795447,0.007208994,-0.0027094318
454_ARGFX_P1P2_ENSG00000186103,-0.015242924,0.0072227,0.00825376
6742_PRELID2_P1P2_ENSG00000186314,-0.014324123,0.007226787,0.0025244174
6345_PIGT_P1P2_ENSG00000124155,0.0100315735,0.007230271,0.011230956
7379_RNF216_P1P2_ENSG00000011275,-0.0014024362,0.007232488,0.023700576
6331_PIGB_P1P2_ENSG00000069943,0.00971279,0.0072386763,-0.020423448
397_APC_P1_ENSG00000134982,-0.017658487,0.00723954,-0.012187052
10503_ZNF614_P1P2_ENSG00000142556,-0.0081013385,0.007241024,0.023448221
10594_ZNF728_ENST00000594710.1_ENSG00000269067,-0.007726483,0.007244654,0.009452255
383_AP3S1_P1P2_ENSG00000177879,-0.004824519,0.007245908,-0.011863942
6299_PHKG1_P1P2_ENSG00000164776,0.017219592,0.007252506,0.02214291
598_ATAD2B_P1P2_ENSG00000119778,0.0007551983,0.0072540473,-0.0004992202
3150_FOXD2_P1P2_ENSG00000186564,-0.0044556567,0.0072540534,0.017681403
6435_PLEKHA3_P1P2_ENSG00000116095,-0.00096404296,0.0072559346,0.0026929772
1617_CISD1_P1P2_ENSG00000122873,-0.0014022735,0.0072623477,-0.015980141
8343_SPECC1_ENST00000395527.4_ENSG00000128487,0.008755578,0.0072624087,0.04362838
"2744_ESRRG_ENST00000359162.2,ENST00000361525.3_ENSG00000196482",0.00048145396,0.0072661056,0.0066735614
10872_non-targeting_non-targeting_non-targeting,0.03461398,0.007275933,-0.033167325
4452_KMT2D_P1P2_ENSG00000167548,-0.0053957133,0.0072823972,0.015754832
1631_CKLF_P1P2_ENSG00000217555,0.0032053946,0.007282841,-0.003690477
10238_ZNF251_P1P2_ENSG00000198169,0.013040725,0.0072925775,0.030844148
6754_PRKAG1_P1P2_ENSG00000181929,-0.011144626,0.0073051997,0.020212488
3228_FUT8_P1P2_ENSG00000033170,0.011612948,0.0073053446,-0.005283974
7888_SHARPIN_P1P2_ENSG00000179526,0.019067246,0.0073059155,0.017662706
6921_PTP4A3_P1P2_ENSG00000184489,-0.0011329888,0.0073072813,0.01406338
4219_ITCH_P1P2_ENSG00000078747,-0.016032027,0.007307565,0.0031339503
10217_ZNF224_P1P2_ENSG00000267680,0.0067146295,0.0073181344,-0.014415697
7915_SIM2_P1P2_ENSG00000159263,-0.0036144191,0.007321627,-0.010213778
3481_GOT2_P1P2_ENSG00000125166,0.008901254,0.007321657,-0.0011303268
2451_EBAG9_P1P2_ENSG00000147654,0.0129464,0.007321697,-0.039391473
10809_non-targeting_non-targeting_non-targeting,-0.00036742713,0.0073255375,-0.015961427
2254_DMD_ENST00000357033.4_ENSG00000198947,-0.010507126,0.0073262597,0.029078593
3808_HLA-B_P1P2_ENSG00000234745,0.009076796,0.0073341373,0.013005838
147_ADCY3_P1P2_ENSG00000138031,-0.002020501,0.007337332,0.016122984
9434_TUSC3_P1P2_ENSG00000104723,-0.015152726,0.007338317,0.021902379
2957_FAM98B_P1P2_ENSG00000171262,-0.014198689,0.007347119,0.0004291271
2933_RIPOR1_P2_ENSG00000039523,-0.0040258723,0.0073603564,0.0230389
8841_TFB2M_P1P2_ENSG00000162851,0.012827991,0.0073622647,0.025883885
5263_MRPS34_P1P2_ENSG00000074071,-0.02059836,0.007363541,0.022952342
6008_OXLD1_P1P2_ENSG00000204237,-0.01060989,0.00736489,0.010903374
10605_ZNF749_P1P2_ENSG00000186230,0.004913161,0.007367122,0.019480739
9782_VWDE_P1P2_ENSG00000146530,0.0023542196,0.0073674433,0.03268525
3166_FOXJ3_P1P2_ENSG00000198815,0.001830994,0.007379418,0.016546415
4866_MATK_P1P2_ENSG00000007264,0.0015233232,0.0073814522,0.032230925
1833_CPNE3_P1P2_ENSG00000085719,0.010106724,0.0073815235,0.0115628205
11047_non-targeting_non-targeting_non-targeting,-0.033236735,0.0073820036,0.014417106
988_C15orf61_P1P2_ENSG00000189227,0.020188361,0.0073876367,0.005063837
4389_KIF23_P1P2_ENSG00000137807,0.023751033,0.007389251,0.000927333
3933_HPS3_P1P2_ENSG00000163755,0.0056973808,0.007407114,-0.0034689535
5201_MRPL18_P1P2_ENSG00000112110,-0.10258178,0.0074080555,-0.023249846
4062_IGF1R_P1_ENSG00000140443,-0.0016318251,0.0074088867,0.0017663225
1854_CRAT_P1P2_ENSG00000095321,0.010131736,0.0074104704,0.022374697
44_ABHD14B_P1_ENSG00000114779,-0.0013525983,0.007410694,0.00993959
10137_ZMAT3_P1P2_ENSG00000172667,-0.0018739443,0.0074128835,0.0070717274
1441_CDK7_P1P2_ENSG00000134058,-0.026095275,0.0074135237,-0.020495478
6341_PIGP_P1P2_ENSG00000185808,0.044873152,0.0074137193,-0.011058038
2503_EGFL7_P1_ENSG00000172889,0.006290661,0.007424379,-0.011938964
10058_ZDHHC9_P1P2_ENSG00000188706,0.0029922798,0.007426555,0.0079190945
4251_JDP2_P1P2_ENSG00000140044,0.0054388694,0.0074269045,-0.00500613
7209_RCN3_P1P2_ENSG00000142552,-0.0039726384,0.0074411277,-0.021385375
6836_PSEN1_P1P2_ENSG00000080815,0.017906547,0.0074447757,0.015296163
6775_PRMT2_P1P2_ENSG00000160310,-0.02253046,0.0074467887,0.019205565
8182_SMIM8_P1P2_ENSG00000111850,-0.029088605,0.0074492428,0.0047776625
114_ACTR3C_P1P2_ENSG00000106526,0.019502543,0.0074492763,-0.00034912484
1735_COA5_P1P2_ENSG00000183513,-0.017146053,0.007453546,-0.012197432
6917_PTMS_P1P2_ENSG00000159335,0.030694935,0.007457962,-0.0095000155
9876_WRNIP1_P1P2_ENSG00000124535,0.017230347,0.007458642,0.011462585
10619_ZNF770_P1P2_ENSG00000198146,-0.034628693,0.0074625257,0.011050442
3161_FOXI1_P1P2_ENSG00000168269,-0.0008945546,0.0074631926,0.008007495
5775_NPW_P1P2_ENSG00000183971,-0.027804505,0.0074635358,0.0021881482
7095_RANBP6_P1P2_ENSG00000137040,0.010817057,0.0074659497,0.026995558
10063_ZER1_P1P2_ENSG00000160445,-0.0018814555,0.007470306,0.012679121
3585_GTF3C2_P1P2_ENSG00000115207,0.0013905009,0.007472479,0.012398324
57_ABL2_P2_ENSG00000143322,0.0010410659,0.007473603,0.005284659
1199_CASC4_P1P2_ENSG00000166734,0.026396496,0.007474921,0.042921644
508_ARL3_P1P2_ENSG00000138175,-0.015408333,0.0074805226,0.02411468
1626_CKAP2L_P1P2_ENSG00000169607,0.0033557252,0.007493806,-0.012719109
1216_CAV2_P1P2_ENSG00000105971,-0.007671075,0.0075054998,0.009842247
914_BST2_P1P2_ENSG00000130303,0.024356464,0.007513311,0.02199614
3739_HIPK3_P2_ENSG00000110422,0.0074613155,0.0075157117,0.018701373
7573_RSC1A1_P1P2_ENSG00000215695,-0.005049461,0.0075163394,0.026084693
10884_non-targeting_non-targeting_non-targeting,-0.011520829,0.0075172395,0.012425885
1997_CYBA_P1P2_ENSG00000051523,-0.009761689,0.0075174766,-0.010497403
3468_GOLM1_P1P2_ENSG00000135052,-0.004242588,0.0075181373,0.0025108
3703_HES6_P1P2_ENSG00000144485,-0.0165011,0.0075198947,0.0013105118
10477_ZNF584_P1P2_ENSG00000171574,0.0069703753,0.007525389,0.01592343
9577_UGGT2_P1P2_ENSG00000102595,-0.010723605,0.007538084,0.0015532052
8171_SMIM10_P1P2_ENSG00000184785,-0.015696082,0.0075407317,0.010084366
3364_GID8_P1P2_ENSG00000101193,-0.0050522066,0.007541719,0.02323736
10134_ZMAT1_P1P2_ENSG00000166432,-0.005790936,0.0075457,0.0039170342
5116_MLXIPL_P1P2_ENSG00000009950,0.00984866,0.0075512836,0.0077803507
9410_TUBA3D_ENST00000321253.6_ENSG00000075886,0.025421584,0.0075544887,0.019610254
748_BAG3_P1P2_ENSG00000151929,0.0065553263,0.007557705,0.005819709
2067_DCLRE1B_P1P2_ENSG00000118655,-0.009125225,0.0075597214,0.010388596
10509_ZNF621_P1P2_ENSG00000172888,-0.007654516,0.0075611193,0.0074497582
287_ALYREF_P1P2_ENSG00000183684,0.006774229,0.007568492,0.023580324
7297_RHOT2_P1P2_ENSG00000140983,0.0049711056,0.007570374,0.008475178
3090_FJX1_P1P2_ENSG00000179431,-0.0023757124,0.0075723175,0.030195683
7216_RDH13_P1_ENSG00000160439,0.012353532,0.0075745415,-0.012733922
3487_GPATCH11_P1P2_ENSG00000152133,0.020657962,0.007574872,0.012720455
633_ATM_P1P2_ENSG00000149311,-0.0062126936,0.0075848293,0.021559868
10424_ZNF529_P1P2_ENSG00000186020,0.018736526,0.007597304,-0.002429635
9753_VPS37A_P1P2_ENSG00000155975,-0.0026299148,0.0076144338,0.004269648
813_BCS1L_P1P2_ENSG00000074582,-0.0014551578,0.0076161237,-0.009621356
356_ANTXR2_P1P2_ENSG00000163297,-0.014352131,0.0076201167,-0.021099316
3434_GNB1L_P1P2_ENSG00000185838,0.018492168,0.0076212054,-0.016525887
6633_PPIP5K1_ENST00000348806.6_ENSG00000168781,0.014538009,0.0076236143,0.009479935
621_ATG3_P1P2_ENSG00000144848,-0.012581795,0.007634197,-0.009041077
8783_TCF3_P1P2_ENSG00000071564,-0.000354905,0.0076343757,-0.024751138
1353_CCZ1B_ENST00000316731.8_ENSG00000146574,-0.013046513,0.007647743,0.03588943
7520_RPS29_P2_ENSG00000213741,0.019947207,0.0076502697,0.0032304851
8363_SPIRE1_P1P2_ENSG00000134278,0.005180915,0.007657641,0.013699353
848_BLOC1S4_P1P2_ENSG00000186222,0.016057622,0.0076595424,0.03079409
7969_SLC16A9_P1P2_ENSG00000165449,0.004613816,0.007668899,0.011456509
7558_RRM2_P1P2_ENSG00000171848,0.014285541,0.0076706237,0.008417012
2649_ENSA_P1P2_ENSG00000143420,0.0017875499,0.0076711737,0.022077316
4223_ITGA5_P1P2_ENSG00000161638,-0.002316769,0.0076748813,-0.014163733
1112_SNHG32_P1P2_ENSG00000204387,0.014715088,0.0076752314,-0.0112356385
4555_LEPROT_P1P2_ENSG00000213625,0.006596423,0.007682035,0.014530829
5992_OSTM1_P1P2_ENSG00000081087,-0.010697134,0.0076943403,-0.008647536
2092_DDI2_P1P2_ENSG00000197312,-0.03613082,0.0077105593,-0.0036374757
8630_SYPL1_P1P2_ENSG00000008282,-0.010388433,0.0077112997,0.026289135
10983_non-targeting_non-targeting_non-targeting,0.030278403,0.0077115544,0.0013108437
5630_NFE2L2_P1_ENSG00000116044,-0.018786412,0.0077202213,-2.8693179e-05
1574_CHIC2_P1P2_ENSG00000109220,-0.035942648,0.007731901,-0.020725453
2121_DDX42_P1P2_ENSG00000198231,0.0030561034,0.0077322614,-0.004085476
9010_TMEM160_P1P2_ENSG00000130748,-0.001480783,0.007740496,-0.0018599449
4640_LRCH4_P2_ENSG00000077454,-0.02105643,0.0077504124,0.012227476
10467_ZNF577_P1P2_ENSG00000161551,0.009589479,0.007755225,0.008740349
8026_SLC2A1_P1P2_ENSG00000117394,0.015935408,0.0077612507,0.0057605575
11192_non-targeting_non-targeting_non-targeting,0.0017866084,0.007764485,0.051675495
8615_SYCE1_P1P2_ENSG00000171772,0.003638482,0.0077652894,0.02348488
7293_RHOG_P1P2_ENSG00000177105,0.008382968,0.0077698366,0.007166505
6651_PPP1CC_P1P2_ENSG00000186298,0.009078299,0.0077759163,0.00933485
8290_SOX30_P2_ENSG00000039600,0.006286772,0.0077822767,0.045494054
2601_ELOVL2_P1P2_ENSG00000197977,0.01311567,0.0077888416,0.008233535
8771_ELOA_P1P2_ENSG00000011007,-0.0012584585,0.007790608,0.027566928
10950_non-targeting_non-targeting_non-targeting,0.007009975,0.007794052,0.0037436597
3683_HECTD1_P1P2_ENSG00000092148,-0.022134792,0.00779633,0.0047032745
3187_FOXP2_ENST00000350908.4_ENSG00000128573,-0.0012801194,0.007796704,0.012562427
6462_PLS1_P2_ENSG00000120756,0.013971636,0.00779791,0.008257604
4961_MEF2B_P1P2_ENSG00000213999,0.023412041,0.007799118,0.0055749775
2880_FAM177A1_P1P2_ENSG00000151327,0.018388085,0.007808796,-0.008965169
2677_EPPK1_P1P2_ENSG00000261150,0.020644102,0.007815176,0.0012545153
10081_ZFP2_P1P2_ENSG00000198939,8.897515e-05,0.007821661,-0.010776618
2007_CYP3A5_P1P2_ENSG00000106258,-0.017330784,0.007822707,-0.0026245522
6102_PBRM1_P1P2_ENSG00000163939,-0.004020203,0.007823088,-0.013089467
4979_MESP1_P1P2_ENSG00000166823,0.013747792,0.007825913,0.016457465
8980_TMED9_P1P2_ENSG00000184840,0.031862784,0.007834062,0.009441987
4332_KDSR_P1P2_ENSG00000119537,0.02126507,0.007834345,0.047419563
9644_USP25_P1P2_ENSG00000155313,0.0091718715,0.007836713,0.03008763
3333_GDPD5_P1P2_ENSG00000158555,-0.008720708,0.007840387,0.014037507
11015_non-targeting_non-targeting_non-targeting,-0.0019432892,0.007842493,-0.013202542
7055_RAC1_P1P2_ENSG00000136238,-0.013816511,0.007847442,-0.0057081264
8133_SMAD5_P1P2_ENSG00000113658,-0.0110350605,0.007850924,0.01459556
29_ABCC5_P1P2_ENSG00000114770,0.0006963656,0.007851614,0.0042813784
2130_DDX54_P2_ENSG00000123064,0.0019821152,0.007851738,-0.0036858132
6330_PIGA_P1P2_ENSG00000165195,-0.0041751117,0.007852409,0.04375514
11095_non-targeting_non-targeting_non-targeting,-0.004244879,0.007853873,-0.0011322187
5989_OST4_P1P2_ENSG00000228474,-0.0059994105,0.00785388,-0.0062450864
8415_SRP54_P1P2_ENSG00000100883,-0.010680447,0.007863504,0.0006003004
2245_DLX1_P1P2_ENSG00000144355,-0.01627781,0.007870809,-0.0030868037
6360_PIK3R4_P1P2_ENSG00000196455,-0.0120062325,0.007874421,0.009484623
6394_PKMYT1_P1P2_ENSG00000127564,-0.006980344,0.007875852,-0.011794624
7440_RPL17-C18orf32_P1P2_nan,0.044042747,0.007876671,0.022242405
10009_ZBTB7A_P2_ENSG00000178951,-0.023551049,0.0078786,-0.001716355
131_ADAM9_P1P2_ENSG00000168615,-0.012417147,0.007894376,0.017601606
3096_FKBP2_P1P2_ENSG00000173486,-0.015575036,0.007895132,-0.0051640403
11324_non-targeting_non-targeting_non-targeting,-0.0054297694,0.007898201,0.015534921
8849_TFEB_P1_ENSG00000112561,0.020821337,0.007903763,0.01514061
1426_CDK16_P1P2_ENSG00000102225,0.011497086,0.007908382,0.025411282
1059_C20orf27_P1P2_ENSG00000101220,-0.000563729,0.007910096,0.008888262
6223_PEX10_P1_ENSG00000157911,-0.014197997,0.0079101855,-0.028294401
5963_ORAI3_P1P2_ENSG00000175938,-0.0068310895,0.007911305,0.004553284
5717_NMNAT1_P1P2_ENSG00000173614,0.021977833,0.0079162605,-0.01758016
747_BAG2_P1P2_ENSG00000112208,0.006104808,0.007917893,0.00087955804
10141_ZMPSTE24_P1P2_ENSG00000084073,0.01213259,0.007936416,0.005450514
2811_F2R_P1P2_ENSG00000181104,-0.0041442066,0.007937011,0.010430101
10885_non-targeting_non-targeting_non-targeting,0.013417236,0.007937503,-0.019372258
1498_CEP164_P1P2_ENSG00000110274,-0.011076541,0.007951363,0.017215583
2097_DDR1_P2_ENSG00000204580,-0.020433806,0.007952923,-0.010276526
4436_KLHL20_P1P2_ENSG00000076321,-0.0019678755,0.007961116,-0.0041945404
10959_non-targeting_non-targeting_non-targeting,-0.014354762,0.007962112,0.0012993984
396_APC_P2_ENSG00000134982,-0.0014512683,0.007964446,-0.011975151
11005_non-targeting_non-targeting_non-targeting,-0.02385799,0.007966492,-0.004976345
1767_COMMD9_P1P2_ENSG00000110442,0.0039187362,0.007967168,-0.008883761
5862_NUDT12_P1P2_ENSG00000112874,-0.035988394,0.007968675,0.0246449
263_ALG11_P1P2_ENSG00000253710,-0.032644145,0.007968818,-0.015997332
5023_MFN2_P2_ENSG00000116688,0.007595114,0.007986092,0.004439779
6663_PPP1R16B_P1P2_ENSG00000101445,0.00026294906,0.00798631,-0.0005641262
8815_TEKT4_P1P2_ENSG00000163060,-0.00064471073,0.008009179,0.007355267
8436_SRSF6_P1_ENSG00000124193,-0.00074299,0.00801052,0.013283796
"10585_ZNF718_ENST00000510175.1,ENST00000511079.1,ENST00000513304.1,ENST00000513889.1_ENSG00000250312",-0.00239882,0.0080142915,0.0002041412
6143_PCSK7_P1P2_ENSG00000160613,-0.0053608585,0.008018174,0.015411288
6686_PPP2R3C_P1P2_ENSG00000092020,0.02521185,0.008019381,0.02790753
5971_ORMDL1_P1P2_ENSG00000128699,-0.002052947,0.008019914,0.017051648
1537_CFL2_P1P2_ENSG00000165410,0.00199699,0.008020031,0.015297322
2318_DNPEP_P1P2_ENSG00000123992,-0.0003541833,0.008021226,-0.022727061
3726_HIF3A_P1_ENSG00000124440,0.018605946,0.008021786,0.034643374
4445_KLHL5_P1P2_ENSG00000109790,0.0034650774,0.008032493,0.00083421246
11297_non-targeting_non-targeting_non-targeting,0.012855532,0.0080327755,0.0007500708
5866_NUDT16_P1P2_ENSG00000198585,-0.011554454,0.008040063,-0.022531241
3763_HIST1H2BF_ENST00000359985.1_ENSG00000277224,0.0121494485,0.008040996,0.00999822
363_ANXA5_P1P2_ENSG00000164111,-0.00052111474,0.008051475,0.011598081
10589_ZNF720_P1P2_ENSG00000197302,-0.0090799695,0.008056953,0.011329531
2193_DHRS13_P1P2_ENSG00000167536,0.00525916,0.0080648055,0.0063893525
7_AAMDC_P1P2_ENSG00000087884,0.0053337575,0.0080667725,0.003728662
295_AMN1_P1P2_ENSG00000151743,0.014071772,0.008068403,0.024665019
5156_MORN4_P1P2_ENSG00000171160,-0.022519903,0.008072443,0.004398485
11209_non-targeting_non-targeting_non-targeting,-9.653992e-05,0.008076518,0.0042124134
9321_RO60_P1P2_ENSG00000116747,0.015514175,0.008081692,-2.0418936e-05
5064_MIDN_P1_ENSG00000167470,-0.015397716,0.008091629,0.015734762
4203_IRX6_P1P2_ENSG00000159387,0.0062666065,0.008095656,-0.002391935
2706_ERG_P2_ENSG00000157554,0.011678445,0.008106893,0.021952976
2157_DEPDC1_P1P2_ENSG00000024526,-0.01064981,0.008112886,0.011020145
4086_IKZF4_P2_ENSG00000123411,-0.0011945694,0.00811716,0.015643768
4222_ITGA2B_P1P2_ENSG00000005961,-0.005819846,0.008121933,0.014936919
2881_FAM178B_P1P2_ENSG00000168754,0.0021430969,0.008130156,-0.008276153
5401_MYO6_P1P2_ENSG00000196586,0.01268451,0.008131264,-0.010332037
9611_UQCRC1_P2_ENSG00000010256,-0.0061223838,0.008143348,0.010228037
751_BAG6_P1P2_ENSG00000204463,-0.011406444,0.008150373,0.01662038
5962_ORAI2_P1P2_ENSG00000160991,-0.011521955,0.008162131,-0.0152279455
8664_TAF4B_P1P2_ENSG00000141384,0.00355934,0.008168436,0.004921947
4885_MBOAT7_P1P2_ENSG00000125505,-0.015527819,0.0081783775,-0.005674188
8516_STK19_P1P2_ENSG00000204344,0.0025518795,0.008180695,0.046195652
8193_SMURF2_P1P2_ENSG00000108854,0.0008131438,0.0081813475,0.01338015
8891_THOC6_P1P2_ENSG00000131652,-0.004198678,0.008185637,0.025467595
10043_ZDHHC14_P1P2_ENSG00000175048,0.013729081,0.008187594,-0.030184021
851_BLVRA_P1_ENSG00000106605,-0.004766349,0.008190451,0.016072985
242_AKR1C2_P1_ENSG00000151632,-0.024645219,0.008202057,-0.0032775279
8873_THAP1_P1P2_ENSG00000131931,-0.045777887,0.008208453,0.010055621
553_ARSK_P1P2_ENSG00000164291,0.019178864,0.00820926,0.028419124
7189_RBP5_P1P2_ENSG00000139194,-2.1570995e-05,0.008210947,-0.002387247
97_ACP5_P2_ENSG00000102575,0.009370756,0.008213168,0.02021549
10073_ZFC3H1_P1P2_ENSG00000133858,-0.03549912,0.008215218,-0.007971868
9737_VPS11_P1P2_ENSG00000160695,0.013987245,0.008221759,0.005594704
8508_STIM2_P1P2_ENSG00000109689,-0.0032286188,0.008225513,0.0044599837
75_ACAT1_P1P2_ENSG00000075239,-0.004653772,0.008231709,0.0095103355
2660_EPB41L2_P1P2_ENSG00000079819,0.027823031,0.00823766,0.021127628
8564_STXBP4_P1P2_ENSG00000166263,-0.032011982,0.00824098,-0.0186557
8159_SMC4_P2_ENSG00000113810,0.008920315,0.0082424525,0.022227058
635_ATOH1_P1P2_ENSG00000172238,-0.01614906,0.008247481,-0.0021329774
3397_GLIS3_P1P2_ENSG00000107249,-0.010234368,0.008249567,0.0067180535
11264_non-targeting_non-targeting_non-targeting,0.03622338,0.0082719615,-0.0017855606
4420_KLF4_P1_ENSG00000136826,-0.010868303,0.008274762,0.014313635
9115_TMUB2_P1P2_ENSG00000168591,0.005573729,0.008277586,0.0072284765
9665_USP48_P1P2_ENSG00000090686,-0.01979521,0.008285979,0.0036117323
4264_JUNB_P1P2_ENSG00000171223,-0.01525409,0.008294465,0.02167509
7596_RUFY2_P1P2_ENSG00000204130,0.011490598,0.008294831,0.015031501
4976_MEPCE_P1P2_ENSG00000146834,-0.015520177,0.008310066,0.03247386
7007_RAB12_P1P2_ENSG00000206418,0.009527145,0.008310796,0.017682645
1529_CETN2_P1_ENSG00000147400,0.020023348,0.008325955,-0.006063245
9663_USP46_P1P2_ENSG00000109189,-0.008962515,0.008336423,-0.012114366
11059_non-targeting_non-targeting_non-targeting,-0.012023967,0.008338951,0.007857182
7688_SCARB2_P1P2_ENSG00000138760,0.019878335,0.008350876,0.010915433
1830_CPED1_P1P2_ENSG00000106034,-0.0005718089,0.008360479,-0.0036936363
2073_DCTN1_P1P2_ENSG00000204843,-0.010918389,0.008361017,-0.010064439
10048_ZDHHC20_P1P2_ENSG00000180776,-0.010186524,0.008364562,0.008560433
1800_CORO1B_P1_ENSG00000172725,-0.012528325,0.008368166,0.0015304885
3709_HEXD_P1P2_ENSG00000169660,0.01458758,0.008368367,0.034516465
4_PRXL2C_P1P2_ENSG00000158122,0.0058855144,0.008372678,0.02528634
620_ATG2B_P1P2_ENSG00000066739,0.04401219,0.008373225,-0.0064429985
1463_CDYL_P1_ENSG00000153046,-0.0068523833,0.008377329,0.029158944
11070_non-targeting_non-targeting_non-targeting,0.006479292,0.008387166,0.0020926385
1513_CEP76_P1P2_ENSG00000101624,-0.01280789,0.008393176,0.010192523
8537_STRADB_P1P2_ENSG00000082146,0.0072225877,0.00839531,-0.0054257563
575_ASCL3_P1P2_ENSG00000176009,-0.041728932,0.008397549,0.0063702106
6808_PRPSAP2_P2_ENSG00000141127,0.006424901,0.008401726,0.023356646
2481_EED_P1P2_ENSG00000074266,0.012791352,0.0084055485,-0.008438747
5624_NFATC2IP_P1P2_ENSG00000176953,-0.0036296903,0.008412969,-0.007218165
10926_non-targeting_non-targeting_non-targeting,0.0044210367,0.008415757,-0.01698606
2244_DLST_P1P2_ENSG00000119689,-0.026352605,0.00841893,0.051758066
6740_PREB_P1P2_ENSG00000138073,-0.045253303,0.008427304,0.016572164
2483_EEF1A2_P1P2_ENSG00000101210,-0.014507446,0.008441389,0.00052391214
2230_DIRAS3_P1P2_ENSG00000162595,-0.0014738042,0.00845258,0.0045813615
2371_DRAM2_P1P2_ENSG00000156171,0.019668171,0.008455263,0.004292285
6007_OXCT1_P1P2_ENSG00000083720,0.0071939714,0.0084574,0.007375477
10186_ZNF177_P1_ENSG00000188629,0.012455626,0.008463785,0.0018376171
9047_TMEM222_P1P2_ENSG00000186501,0.008902524,0.008464259,0.02528232
6827_PRSS21_P1P2_ENSG00000007038,-0.006622035,0.008465534,-0.005624643
8048_SLC35E1_P1P2_ENSG00000127526,0.023531044,0.008469821,0.0040925066
10360_ZNF438_P1_ENSG00000183621,0.005859816,0.0084720235,0.026618667
91_ACOT8_P1P2_ENSG00000101473,-0.021951847,0.008472408,-0.00441023
4915_MDH1_P1P2_ENSG00000014641,0.0021198657,0.008476391,0.008510745
3145_FOXB1_P1P2_ENSG00000171956,0.015134741,0.008477604,0.0068138633
11176_non-targeting_non-targeting_non-targeting,-0.015267991,0.008479001,-0.014318214
1023_C19orf54_P1P2_ENSG00000188493,0.019350728,0.008484869,0.017174235
9258_TRIAP1_P1P2_ENSG00000170855,-0.009421353,0.008486404,0.0063247066
10194_ZNF18_P1P2_ENSG00000154957,0.0007814192,0.008490944,-0.0026772143
2905_PRXL2A_P1_ENSG00000122378,0.05168276,0.008492047,0.024397176
9522_UBE2W_P1P2_ENSG00000104343,-0.02165226,0.008494969,-0.0178212
2854_RETREG3_P1P2_ENSG00000141699,0.01867892,0.008503767,0.0020035326
1198_CASC3_P1P2_ENSG00000108349,-0.040308908,0.00850423,-0.060697027
1795_COQ6_P1P2_ENSG00000119723,-0.019506276,0.008510618,0.022314576
3786_HIST2H2AB_P1P2_ENSG00000184270,0.040671498,0.008518712,0.035106443
3183_FOXP1_ENST00000498215.1_ENSG00000114861,0.014977032,0.008525424,0.04858656
1955_CTTN_P1P2_ENSG00000085733,0.0051696016,0.008526963,-0.014518883
5173_MPP5_P1P2_ENSG00000072415,0.014223538,0.0085386345,0.030791793
3809_HLA-C_P1P2_ENSG00000204525,-0.017849427,0.008543067,-0.025446657
11020_non-targeting_non-targeting_non-targeting,-0.011462997,0.008546837,-0.009967954
6465_PLSCR3_P1_ENSG00000187838,0.0020518494,0.008555808,-0.010787904
7772_SENP2_P1P2_ENSG00000163904,-0.0073592598,0.008566104,0.0028153688
5396_MYO19_P1P2_ENSG00000278259,0.035979543,0.008566238,0.032229614
10628_ZNF77_P1P2_ENSG00000175691,0.03607304,0.008570955,-0.021758886
4514_LAPTM4B_P1P2_ENSG00000104341,0.017800413,0.008576833,0.009584189
10799_non-targeting_non-targeting_non-targeting,0.0064298133,0.00857786,0.010078589
9066_CEMIP2_P1P2_ENSG00000135048,0.02157203,0.008578781,0.0060754963
9688_UTRN_ENST00000367545.3_ENSG00000152818,0.0052648075,0.008584791,-0.018613704
5139_MOCOS_P1P2_ENSG00000075643,-0.0027493963,0.008587835,-0.0031274473
10271_ZNF28_P1P2_ENSG00000198538,0.0017474128,0.008593145,0.012772316
54_ABI2_P1P2_ENSG00000138443,-0.010241348,0.0085965665,0.0006921003
955_C11orf71_P1P2_ENSG00000180425,0.0066446024,0.008597113,-0.0038315852
8806_TEAD3_P1P2_ENSG00000007866,-0.0050537377,0.0086014075,0.006242042
8017_SLC26A6_P1P2_ENSG00000225697,0.0053624725,0.008601575,0.008409959
9401_TTLL12_P1P2_ENSG00000100304,-0.008058716,0.008606376,-0.010596737
1222_CBLN1_P1P2_ENSG00000102924,0.032785915,0.008617451,-0.0037034957
5899_NUP62CL_P1P2_ENSG00000198088,-0.00030678813,0.008619554,-0.0020642707
9712_VCP_P1P2_ENSG00000165280,0.012234253,0.008629546,0.024159007
9152_TNRC18_P1P2_ENSG00000182095,0.0006310582,0.008642102,-0.006270565
7705_SCP2_ENST00000371514.3_ENSG00000116171,0.014355152,0.008647885,0.0044469633
9785_WARS_P1P2_ENSG00000140105,0.005752609,0.008648087,0.0099713085
478_ARHGEF1_P1_ENSG00000076928,0.010575515,0.008655579,0.005878522
8360_SPIN2B_P1P2_ENSG00000186787,-0.0075776465,0.008656686,0.025764199
2597_ELMSAN1_P1_ENSG00000156030,-0.01893229,0.0086597325,0.011811737
1302_CCDC88A_P1P2_ENSG00000115355,-0.0065919403,0.008661849,0.003781602
10643_ZNF793_P1P2_ENSG00000188227,-0.0042911475,0.008662037,0.009008026
9173_TOP1MT_P1P2_ENSG00000184428,-0.014322233,0.008662711,0.0071220966
137_ADAR_P2_ENSG00000160710,-0.0188609,0.008663769,0.019005166
7996_SLC25A26_ENST00000354883.6_ENSG00000144741,0.0418831,0.008665941,-0.0014910579
8939_TJP2_P1_ENSG00000119139,0.0003523229,0.008666905,0.018070191
2163_DERL3_P1P2_ENSG00000099958,0.007928983,0.008671777,-0.0051887226
7601_RUNX2_P2_ENSG00000124813,0.026941447,0.008677158,0.012507592
4784_MAN1A2_P1P2_ENSG00000198162,0.019773277,0.008681291,0.02559292
5684_NKIRAS1_P1P2_ENSG00000197885,-0.016132884,0.008687854,0.013494028
502_ARL15_P1P2_ENSG00000185305,0.004459536,0.008690324,0.021994673
7829_SF1_P1P2_ENSG00000168066,-0.009146216,0.0086904345,-0.053279452
9481_UBA52_P2_ENSG00000221983,0.030693443,0.008691823,-0.02357363
8392_SQLE_P1P2_ENSG00000104549,-0.009404634,0.00869961,0.039204314
3492_GPATCH4_P1P2_ENSG00000160818,-0.0087164035,0.00870423,0.018684752
9657_USP3_P1P2_ENSG00000140455,-0.014525462,0.008705595,-0.008838827
3777_HIST1H4B_ENST00000377364.3_ENSG00000278705,-0.05493497,0.008705853,-0.028446345
1590_CHM_P1P2_ENSG00000188419,0.009271547,0.008708793,-0.025953382
8691_TARBP2_P1P2_ENSG00000139546,0.006170202,0.008711818,0.025214812
4070_IGFBP4_P1P2_ENSG00000141753,-0.031390965,0.00872073,-0.012233289
4679_LRRCC1_P1P2_ENSG00000133739,-0.0076766117,0.008722115,0.007603879
"7946_SKOR2_ENST00000400404.1,ENST00000425639.1_ENSG00000215474",0.011851015,0.008729298,-0.011778027
1639_CLCN2_P1P2_ENSG00000114859,-0.0035890057,0.0087370435,0.028554257
3992_HTT_P1P2_ENSG00000197386,-0.004791734,0.008741409,0.016138725
998_C16orf87_P1P2_ENSG00000155330,0.0275766,0.008746477,-0.008209651
9899_XPO6_P1P2_ENSG00000169180,0.00882211,0.008746479,0.006843087
2751_ETFA_P1P2_ENSG00000140374,-0.024953812,0.008746793,0.006526355
4574_LHX6_P2_ENSG00000106852,0.005283288,0.00874876,-0.0075675556
4738_LZTS2_P2_ENSG00000107816,-0.0001688021,0.008753299,0.023223191
4182_IRF1_P1P2_ENSG00000125347,0.003897185,0.008760965,0.013049543
5676_NIPAL3_P1P2_ENSG00000001461,-0.009553001,0.008763927,0.004295842
1554_CHCHD7_P1P2_ENSG00000170791,0.0087637855,0.008765997,0.0045055444
9981_ZBTB22_P1P2_ENSG00000236104,-0.015408508,0.008771177,0.015014142
7556_RRM1_P1P2_ENSG00000167325,-0.024002636,0.008777173,0.026653219
4482_KRTCAP2_P1P2_ENSG00000163463,-0.006786189,0.008778962,0.0022457202
3017_FBXO3_P2_ENSG00000110429,0.00044574786,0.008783089,-0.0016727598
3488_GPATCH1_P1P2_ENSG00000076650,-0.0056974986,0.008785056,0.020115998
10793_non-targeting_non-targeting_non-targeting,-0.011129252,0.008785063,-0.004661939
1632_CKS2_P1P2_ENSG00000123975,0.00017275618,0.008785765,0.007970887
3840_HMGXB4_P1P2_ENSG00000100281,0.011477696,0.008789732,0.019172464
4907_MCMBP_P1P2_ENSG00000197771,0.0039137667,0.008792402,0.046215814
6611_PPAT_P1P2_ENSG00000128059,-0.039513797,0.00879786,-0.10279301
"9237_TRAK1_ENST00000341421.3,ENST00000396175.1_ENSG00000182606",-0.013036363,0.008804033,0.0003127637
10220_ZNF226_P2_ENSG00000167380,-0.0040472737,0.008807481,0.019959642
6770_PRKRIP1_P2_ENSG00000128563,-0.009029601,0.008813717,-0.00047635398
4055_IFT46_P1P2_ENSG00000118096,-0.013427097,0.008814181,-0.01790339
7936_SIX6_P1P2_ENSG00000184302,-0.006404552,0.008814687,-0.02738473
1256_CCDC136_P1P2_ENSG00000128596,0.012175178,0.008814822,0.011514778
4037_IFI27L1_P1P2_ENSG00000165948,0.038801733,0.00881816,0.02612751
1076_WDCP_P1P2_ENSG00000163026,0.03358348,0.008824573,0.027642302
8307_SP2_P1P2_ENSG00000167182,-0.014536639,0.008826181,0.011364064
5034_MGAT1_P1_ENSG00000131446,0.0011617457,0.008829804,0.01743573
4611_LMBR1_P1P2_ENSG00000105983,0.0079759685,0.008831158,0.0077737537
3360_GGT1_P2_ENSG00000286070,0.007890077,0.008831672,-0.0045057903
9353_TSPAN31_P1P2_ENSG00000135452,0.02065448,0.008833668,-0.011289836
2047_DBX2_P1P2_ENSG00000185610,-0.0016315845,0.008841751,-0.008885807
6149_PC_P1P2_ENSG00000173599,0.007675361,0.008842859,0.0038173203
3167_FOXK1_P1P2_ENSG00000164916,-0.026918724,0.0088452585,-0.018607948
5579_NECAB3_P2_ENSG00000125967,-0.005480712,0.008845894,0.03692845
9316_TRMU_P1P2_ENSG00000100416,0.023311313,0.008847241,0.016624616
2821_FAHD1_P1P2_ENSG00000180185,0.010390667,0.008849314,0.022308847
648_ATP2A3_P1P2_ENSG00000074370,0.0063289823,0.00885277,0.0076463027
3865_HNRNPF_P1_ENSG00000169813,-0.019976992,0.008859647,0.06744536
1647_CLEC11A_P1P2_ENSG00000105472,0.014278231,0.008868517,0.011148029
3249_GABARAPL2_P1P2_ENSG00000034713,0.0047620405,0.008869472,0.023788756
10842_non-targeting_non-targeting_non-targeting,0.0029545212,0.008871303,0.01626731
932_BTNL9_P1_ENSG00000165810,0.011469318,0.008871743,0.0010331139
4187_IRF2_P1P2_ENSG00000168310,0.019743461,0.008876293,0.013153259
10008_ZBTB7A_P1_ENSG00000178951,-0.0029829296,0.008880287,0.008697216
6713_SLC66A3_P1P2_ENSG00000162976,-0.0068159965,0.0088834865,0.014698504
1728_CNP_P1P2_ENSG00000173786,0.012913171,0.008885607,-0.0006391518
385_AP4B1_P1P2_ENSG00000134262,0.018634228,0.008886713,-0.000709807
2657_EP300_P1P2_ENSG00000100393,0.034322765,0.008893295,0.0018415846
7935_SIX5_P1P2_ENSG00000177045,-0.0019443004,0.008899914,0.012752916
8871_THAP10_P1P2_ENSG00000129028,-0.0029890817,0.008908015,0.015310466
5271_MRS2_P1P2_ENSG00000124532,-0.013790526,0.008911127,-0.009675902
8287_SOX21_P1P2_ENSG00000125285,-0.017861228,0.008915061,0.023984563
9240_TRAP1_P1P2_ENSG00000126602,0.001450815,0.008916335,-0.02428159
9198_TPD52L1_P1P2_ENSG00000111907,0.022747785,0.008919304,-0.0009617803
7255_RFT1_P1P2_ENSG00000163933,-0.011984434,0.008921427,0.0055665653
1863_CREB5_ENST00000357727.2_ENSG00000146592,-0.024493922,0.008924371,-0.014953266
10299_ZNF33A_P1P2_ENSG00000189180,-0.0021086857,0.008934567,-0.0042488487
6392_PKIG_P1P2_ENSG00000168734,0.007041349,0.008935531,0.027246479
822_BEX2_P1P2_ENSG00000133134,-0.0072693215,0.008940394,0.017935598
6772_THAP12_P1P2_ENSG00000137492,-0.018529689,0.008945812,0.019831201
10300_ZNF33B_P1P2_ENSG00000196693,-0.01187376,0.008952549,0.028817212
943_TMEM273_P1P2_ENSG00000204161,-0.014889403,0.008959504,0.014059636
5829_NSMCE2_P1P2_ENSG00000156831,0.00041404678,0.0089681465,-0.0047544283
4233_ITPA_P1P2_ENSG00000125877,0.012523851,0.008977739,0.011486502
5028_MFSD2B_P1P2_ENSG00000205639,0.021925053,0.008981041,0.0019349846
6560_POLR3F_P1P2_ENSG00000132664,0.06366479,0.008982003,0.047571097
3614_H2AFX_P1P2_ENSG00000188486,-8.02009e-05,0.008988875,0.003496647
4747_MAD2L2_P1P2_ENSG00000116670,0.0029510697,0.008989277,-5.2585452e-05
4291_KCMF1_P1P2_ENSG00000176407,-0.03553065,0.0089919185,-0.014692175
9272_TRIM33_P1P2_ENSG00000197323,-0.014450254,0.008996807,0.008951974
3619_HACE1_P1P2_ENSG00000085382,0.0010634023,0.0089974385,0.013722315
6374_PIP5K1C_P1P2_ENSG00000186111,0.02168074,0.009004849,0.0012811476
2229_DIRAS1_P1P2_ENSG00000176490,0.015691165,0.0090093,0.004097526
6697_PPP4R1_P1P2_ENSG00000154845,-0.027816027,0.009010406,-0.030346518
11318_non-targeting_non-targeting_non-targeting,-0.0011489975,0.00901087,0.021268288
5405_MYOG_P1P2_ENSG00000122180,0.01863328,0.009013988,0.01908805
9838_WDR73_P1P2_ENSG00000177082,-0.07137603,0.0090155,-0.018321782
8818_TERF1_P1P2_ENSG00000147601,0.01865458,0.009021761,0.04109507
6359_PIK3R2_P2_ENSG00000105647,0.0059512,0.009022601,0.033738475
3170_FOXL2_P1P2_ENSG00000183770,0.0016033704,0.009024769,0.02475379
5289_MSN_P1P2_ENSG00000147065,-0.008446397,0.009026387,-0.005902991
4374_KIF11_P1P2_ENSG00000138160,0.0036557515,0.00903076,0.006891569
144_COQ8A_P1P2_ENSG00000163050,-0.0069958135,0.009031175,0.020927241
6251_PGAM5_P1P2_ENSG00000247077,-0.047665454,0.0090335095,-0.016706187
8349_SPART_P1P2_ENSG00000133104,-0.018241553,0.0090352455,0.016431414
9342_TSHZ1_P1P2_ENSG00000179981,-0.01070988,0.009035492,0.0020132628
4677_LRRC8D_P1_ENSG00000171492,-0.018208794,0.009043733,0.026955994
5029_MFSD3_P1P2_ENSG00000167700,-0.010452497,0.009047037,0.013923001
9642_USP22_P1P2_ENSG00000124422,0.018224407,0.0090479795,-0.0016235481
9327_TRPV2_P1P2_ENSG00000187688,0.024288304,0.009049342,0.022594355
1555_CHD1L_P1P2_ENSG00000131778,-0.007929941,0.009052075,-0.0067470847
3104_FKRP_P1P2_ENSG00000181027,0.008929874,0.009054656,0.023500035
3912_HOXC12_P1P2_ENSG00000123407,-0.023023425,0.0090550445,0.008095959
1573_CHI3L2_P1_ENSG00000064886,0.04171823,0.009055132,0.0040020375
791_BCKDHA_P1_ENSG00000248098,0.074656695,0.009059121,-0.011753408
768_BATF_P1P2_ENSG00000156127,0.0025623774,0.009062606,0.011805298
207_AHNAK_P2_ENSG00000124942,-0.010426516,0.009071527,0.032569144
7819_SETD5_P1P2_ENSG00000168137,-0.06662381,0.009075191,-0.0007042954
2046_DBX1_P1P2_ENSG00000109851,0.022834118,0.009076563,-0.0011160972
6126_PCGF6_P1P2_ENSG00000156374,0.0026683987,0.00908953,-0.0013680947
5744_NONO_P1P2_ENSG00000147140,2.3493061e-05,0.00909705,0.01226749
6200_PDX1_P1P2_ENSG00000139515,0.011530286,0.009103793,0.012353108
4426_KLHDC10_P1P2_ENSG00000128607,0.003686191,0.009107293,0.009075776
2832_FAM111A_P2_ENSG00000166801,-0.0051595173,0.009107541,-0.010037592
7337_RNF111_P1P2_ENSG00000157450,0.016250787,0.00911234,0.0109159965
6106_PBX4_P1P2_ENSG00000105717,0.0062816245,0.009135323,-0.0054734377
9458_TXNL4B_P1P2_ENSG00000140830,0.0048243077,0.009136633,0.032305334
8097_SLC4A5_P2_ENSG00000188687,-0.00018980386,0.009137563,-0.006636086
2243_DLL3_P1P2_ENSG00000090932,0.0072798296,0.0091380775,0.011370108
7022_RAB30_P1P2_ENSG00000137502,0.017328842,0.009138582,0.0023638948
5355_MVB12A_P1P2_ENSG00000141971,0.019235937,0.009145263,-0.009506744
8358_SPIDR_P1P2_ENSG00000164808,0.026266823,0.0091610765,0.026989523
7823_SETDB1_P1P2_ENSG00000143379,-0.03082515,0.009161546,0.0078949155
4793_MANEAL_P1P2_ENSG00000185090,0.033777323,0.009163623,0.0018767111
9772_VSX1_P1P2_ENSG00000100987,0.0038022709,0.009170286,0.022226471
7130_RAVER1_P1_ENSG00000161847,-0.0605428,0.009172978,-0.0077002426
5096_MKNK2_P2_ENSG00000099875,0.0032993257,0.009174016,0.011384541
6737_PRDX4_P1P2_ENSG00000123131,0.028423818,0.009178989,0.042872917
4803_MAP2K4_P1P2_ENSG00000065559,0.022387892,0.009180052,-0.005076046
40_ABHD12_P1P2_ENSG00000100997,0.0021765542,0.009184764,-0.021831635
1439_CDK6_P2_ENSG00000105810,0.010005799,0.009184958,0.01829301
713_AURKAIP1_P1P2_ENSG00000175756,0.014012428,0.009185916,0.014434455
2024_DALRD3_P2_ENSG00000178149,0.0014876004,0.009188982,0.010744031
1109_MTRES1_P1P2_ENSG00000130349,-0.05277795,0.009201209,0.019144578
10552_ZNF684_P1P2_ENSG00000117010,-0.013034769,0.009201826,0.016636368
5841_NT5C_P1P2_ENSG00000125458,-0.0058575515,0.009207026,0.004985371
4010_ICAM2_P1P2_ENSG00000108622,0.0025046656,0.009215862,-0.051067866
1_A1BG_P2_ENSG00000121410,0.0064752647,0.00922218,0.02423162
7486_RPN2_P1P2_ENSG00000118705,-0.02340339,0.009223817,-0.014949733
1534_CFD_P1P2_ENSG00000197766,0.015601465,0.009224668,0.03655549
8234_SNTA1_P1P2_ENSG00000101400,-0.019386623,0.009239859,-0.0125593785
2625_EML2_P2_ENSG00000125746,-0.010179335,0.0092417225,0.001945138
3175_FOXN3_P1_ENSG00000053254,0.036756556,0.009251704,-0.0038615267
9058_TMEM243_P1P2_ENSG00000135185,-0.007724915,0.009256308,0.005630429
8757_TBX4_P2_ENSG00000121075,-0.045353338,0.009265951,-0.001526244
2749_ETAA1_P1P2_ENSG00000143971,0.0044508255,0.009267893,0.029780267
9433_TUSC2_P1P2_ENSG00000114383,-0.008239253,0.009269728,0.013472391
11066_non-targeting_non-targeting_non-targeting,-0.0015664528,0.009270499,0.0004883794
11086_non-targeting_non-targeting_non-targeting,0.015413923,0.009272467,0.010564701
8055_SLC35G2_P1P2_ENSG00000168917,-0.0057611037,0.009273106,-0.007952932
883_BRAT1_P1P2_ENSG00000106009,-0.0005781119,0.009274903,0.006984913
2139_DEDD2_P1_ENSG00000160570,-0.0149945,0.009276725,0.023494642
5743_NOMO3_P1P2_ENSG00000103226,0.015288781,0.009277138,0.0148711335
4556_LEPR_P1P2_ENSG00000116678,0.0038714255,0.0092773335,0.0009616693
698_ATRX_P1P2_ENSG00000085224,0.008168875,0.00928514,0.033026326
6699_PPP5C_P1P2_ENSG00000011485,0.02235786,0.009287839,0.007114893
11012_non-targeting_non-targeting_non-targeting,-0.008070593,0.0092918705,-0.0016157042
8036_SLC33A1_P1P2_ENSG00000169359,0.021727704,0.0092938645,0.015253202
2397_DUS3L_P1P2_ENSG00000141994,0.011923129,0.009296356,0.009584167
9232_TRAF5_P1P2_ENSG00000082512,-0.007611007,0.009297202,0.004166221
10278_ZNF30_P1P2_ENSG00000168661,0.009899528,0.009299301,0.0007721947
6381_PITPNC1_P1P2_ENSG00000154217,-0.0026736916,0.009305127,-0.04752597
10248_ZNF266_P1P2_ENSG00000174652,0.021100141,0.0093095945,0.010813042
8524_STK3_P1P2_ENSG00000104375,-0.014169325,0.009310061,0.0060344427
3460_GOLGA6L1_ENST00000560659.2_ENSG00000273976,0.000108979,0.009317136,0.0059389663
4851_MARK2_P2_ENSG00000072518,-0.0028271845,0.0093237925,-0.0016853561
10942_non-targeting_non-targeting_non-targeting,0.0062383404,0.009327656,0.018023781
1585_CHMP4A_P2_ENSG00000254505,-0.025241569,0.009327715,-0.0017001416
9297_TRIP4_P1P2_ENSG00000103671,-0.015484305,0.0093279565,-0.0057866178
6444_PLEKHG4_P1_ENSG00000196155,-0.013658138,0.009332716,0.010344341
2302_DNAJC6_P1P2_ENSG00000116675,0.0143476045,0.009333724,0.012636899
10432_ZNF541_P1P2_ENSG00000118156,0.017493699,0.009337483,-0.006239574
4461_KPNA4_P1P2_ENSG00000186432,0.014194371,0.009341869,0.026301688
5253_MRPS23_P1P2_ENSG00000181610,-0.037567183,0.009342124,0.02351136
1231_CBX4_P1P2_ENSG00000141582,0.0030216111,0.00934809,0.007439852
8659_TAF1D_P2_ENSG00000166012,0.0013906748,0.009352156,0.026350375
11183_non-targeting_non-targeting_non-targeting,0.010745203,0.0093561085,0.010582701
4243_IVNS1ABP_P1P2_ENSG00000116679,-0.009037153,0.009358096,-0.003945263
6638_PPM1B_P1P2_ENSG00000138032,-0.0113298865,0.009359469,0.038674675
5540_NDUFA7_P1P2_ENSG00000267855,-0.023880536,0.009372464,0.019220594
9082_PIP4P1_P1P2_ENSG00000165782,0.02200839,0.009372574,0.023379473
4662_LRRC37B_P1P2_ENSG00000185158,0.020990256,0.009373733,0.008403168
646_ATP1B3_P1P2_ENSG00000069849,0.03701867,0.009380054,0.04906194
6640_PPM1F_P1P2_ENSG00000100034,-0.013572909,0.009382418,0.0055798967
10998_non-targeting_non-targeting_non-targeting,0.00904367,0.009388238,0.01193256
8138_SMAP2_P2_ENSG00000084070,0.0033949094,0.0093949055,0.024383696
3122_FN3KRP_P1P2_ENSG00000141560,0.0017427714,0.009395164,0.048272353
1493_CENPW_P1P2_ENSG00000203760,-0.014476145,0.00940284,0.005162415
10968_non-targeting_non-targeting_non-targeting,-0.011623374,0.009415854,-0.019383399
7348_RNF139_P1P2_ENSG00000170881,0.003583336,0.00941768,0.014015277
5331_MTMR14_P1P2_ENSG00000163719,0.0058997385,0.0094210515,-0.0073489896
8139_SMAP2_P1_ENSG00000084070,-0.0062108003,0.009421418,0.009273129
5993_OTOP1_P1P2_ENSG00000163982,0.0058210534,0.00942715,0.012652831
703_ATXN2_P1P2_ENSG00000204842,-0.0038169932,0.009433903,0.029187534
9415_TUBB3_P2_ENSG00000258947,0.01487777,0.009447336,0.02580272
906_BRPF1_P1P2_ENSG00000156983,0.00052298605,0.009447752,0.014681988
110_ACTR1A_P1P2_ENSG00000138107,0.010572964,0.009449229,0.012494087
9622_URM1_P1P2_ENSG00000167118,-0.0348361,0.009453277,0.0034545274
6347_PIGV_P1P2_ENSG00000060642,0.010535787,0.009455284,-0.008450445
3390_GLI1_P1P2_ENSG00000111087,0.014451772,0.009456617,-0.0023261686
10739_ZXDA_P1P2_ENSG00000198205,-0.00967054,0.0094637945,0.02616826
6161_PDCL3_P1P2_ENSG00000115539,-0.04405105,0.0094692,0.015566786
5814_NRIP3_P1P2_ENSG00000175352,0.024688607,0.009470169,0.017865153
6762_PRKCI_P1P2_ENSG00000163558,0.027016342,0.0094721485,0.04921927
2493_EFCAB14_P1P2_ENSG00000159658,-0.034247134,0.009474132,0.014898035
8355_SPIB_P1P2_ENSG00000269404,0.00948952,0.009474631,0.020557502
5786_NR1I2_P1P2_ENSG00000144852,0.0062682605,0.009474733,0.01025256
5933_OGT_P1P2_ENSG00000147162,-0.043464046,0.00947542,-0.009648146
2909_FAM217B_P2_ENSG00000196227,0.0068450114,0.00947629,0.020974196
8210_SNAPIN_P1P2_ENSG00000143553,0.0002997822,0.009476381,0.0019918403
1105_C6orf120_P1P2_ENSG00000185127,0.01640145,0.009477745,0.022583943
3480_GOT1_P1P2_ENSG00000120053,0.015559209,0.0094791455,-0.0011911992
2054_DCAF17_P1P2_ENSG00000115827,0.0043808473,0.009483538,0.008016769
1700_CMTM7_P1P2_ENSG00000153551,0.014157273,0.009485498,-0.0151689155
2551_EIF3G_P1P2_ENSG00000130811,0.0023001581,0.009497287,0.011482873
4364_KIAA1522_P2_ENSG00000162522,0.010382156,0.009497601,-0.011214649
7964_SLC13A3_P1P2_ENSG00000158296,-0.003979645,0.00950279,0.0012384026
5754_NOSIP_P1P2_ENSG00000142546,0.015278367,0.009505906,0.03009211
9270_TRIM27_P1P2_ENSG00000204713,-0.009449774,0.009506485,0.041346207
977_RIOX1_P1P2_ENSG00000170468,0.01152433,0.009511847,0.016066851
10418_ZNF519_P1P2_ENSG00000175322,0.0045128,0.009518816,-0.002982846
7470_RPL39L_P1P2_ENSG00000163923,0.0041904054,0.009526584,-0.017523441
4034_IER3_P1P2_ENSG00000137331,0.034888778,0.009535144,0.03815111
737_B4GALT4_P1P2_ENSG00000121578,0.00839954,0.009537136,0.0076990197
3522_GPT2_P1P2_ENSG00000166123,-0.015772078,0.00954596,-0.0040948763
8843_TFCP2_P1P2_ENSG00000135457,0.0030815403,0.009547088,0.020515742
8088_SLC44A2_P2_ENSG00000129353,-0.014813316,0.009552101,-0.010607787
6051_PAM_ENST00000304400.7_ENSG00000145730,-0.01860776,0.009552433,0.036363885
6735_PRDX2_P1P2_ENSG00000167815,0.015547748,0.009555008,-0.005731216
6700_PPP6C_P1P2_ENSG00000119414,0.0047995932,0.00956036,-0.010976598
10830_non-targeting_non-targeting_non-targeting,-0.022584518,0.009567631,0.033137448
1175_CAP1_P1P2_ENSG00000131236,-0.0047552506,0.009571622,0.010320944
2550_EIF3F_P1P2_ENSG00000175390,-0.078996755,0.009572551,-0.048621107
7072_RAD52_P2_ENSG00000002016,0.015987245,0.009573341,0.013137096
9347_TSNAX_P1P2_ENSG00000116918,0.009081863,0.009582143,0.023388749
5098_MKRN1_P1P2_ENSG00000133606,-0.010224214,0.009587823,0.019456545
11057_non-targeting_non-targeting_non-targeting,-0.016732566,0.009594711,0.009772647
1666_CLN8_P1P2_ENSG00000182372,0.0024168654,0.009596535,-0.016595041
5914_OAF_P1P2_ENSG00000184232,0.0058570965,0.009598071,0.012421716
10019_ZC3H12A_P1P2_ENSG00000163874,0.0015719987,0.009601479,0.017879354
8530_STOML1_P1P2_ENSG00000067221,-0.01026009,0.009604416,0.016484687
152_ADH5_P1P2_ENSG00000197894,-0.01215855,0.009608229,0.048702743
950_C11orf49_P1P2_ENSG00000149179,-0.004325755,0.009611757,-0.021187015
1576_CHKA_P1P2_ENSG00000110721,-0.0031745473,0.009630302,0.006712733
6389_PJA2_P1P2_ENSG00000198961,-0.011681439,0.0096341595,0.009554389
6452_PLIN3_P1P2_ENSG00000105355,-0.01686587,0.009635582,-0.008483366
6141_PCOLCE_P1P2_ENSG00000106333,0.011929597,0.00963923,-0.0002789552
9643_USP24_P1P2_ENSG00000162402,-0.0059965355,0.009645427,0.0016953024
4216_ISX_P1P2_ENSG00000175329,0.0025556348,0.009660609,0.005429962
10311_ZNF354C_P1P2_ENSG00000177932,0.011512752,0.0096697025,0.007347135
3378_GJA3_P1P2_ENSG00000121743,-0.0043359515,0.009670272,0.003700708
24_ABCB9_P1_ENSG00000150967,0.007833547,0.009676316,0.0053859125
9602_UPF3A_P1P2_ENSG00000169062,-0.0045478744,0.00968149,-0.018890662
5620_NF2_P1P2_ENSG00000186575,0.010643512,0.00968346,0.020755209
7357_RNF14_P1P2_ENSG00000013561,-0.0022572563,0.009684608,0.031905726
10146_ZMYM4_P1P2_ENSG00000146463,0.046490937,0.009691247,0.042415902
7066_RAD51AP1_P1P2_ENSG00000111247,0.01682293,0.009700984,0.029399829
5764_NPC1_P1P2_ENSG00000141458,-0.01161599,0.009708149,0.038483936
2400_DUSP11_P1P2_ENSG00000144048,-0.008317916,0.009711136,0.00014935607
8244_SNX15_P1_ENSG00000110025,-0.007832242,0.00971195,0.012963991
6447_PLEKHM2_P1P2_ENSG00000116786,0.007902795,0.009723495,0.003908544
8272_SON_P2_ENSG00000159140,-0.010048492,0.009723902,0.011414195
8144_SMARCAD1_P1P2_ENSG00000163104,0.012427994,0.009724119,-0.0021821498
9959_YY2_P1P2_ENSG00000230797,0.008392839,0.00972624,0.027204702
8686_TAOK3_P1_ENSG00000135090,0.015512205,0.00973184,0.01793222
10291_ZNF32_P1P2_ENSG00000169740,0.026883302,0.009736452,0.019449782
2897_ABITRAM_P1P2_ENSG00000119328,-0.0026994145,0.009737287,0.017094577
3339_GEMIN8_P1P2_ENSG00000046647,-0.04150083,0.00973863,0.040365513
3588_GTF3C5_P1P2_ENSG00000148308,0.024976233,0.009739261,0.02740973
11240_non-targeting_non-targeting_non-targeting,-0.008870922,0.009741328,-0.023283249
1531_CETN3_P1P2_ENSG00000153140,-0.0003938072,0.009745715,-0.015297809
2039_DBN1_P1P2_ENSG00000113758,-0.027000718,0.0097502805,0.005005237
3033_FBXW11_P1P2_ENSG00000072803,-0.0064799115,0.009759761,0.017311772
2180_DGKQ_P1_ENSG00000145214,-0.010829753,0.009767742,-0.005810969
3284_GAR1_P1P2_ENSG00000109534,0.03503233,0.009769711,0.039642908
2010_CYS1_P1P2_ENSG00000205795,-0.0048076925,0.009779881,0.026154164
5790_NR2C2_P1P2_ENSG00000177463,-0.014857795,0.009792217,0.017651025
879_BPNT1_P1P2_ENSG00000162813,-0.008142789,0.00979385,0.024567658
214_AIDA_P1P2_ENSG00000186063,-0.0005562346,0.009796228,0.021657106
258_ALDH4A1_P1P2_ENSG00000159423,-0.014638218,0.009801426,-0.005124762
8521_STK35_P1P2_ENSG00000125834,0.0029308086,0.009802466,-0.008437812
11163_non-targeting_non-targeting_non-targeting,-0.0040580695,0.00980953,0.0065095793
11091_non-targeting_non-targeting_non-targeting,-0.023573443,0.009810025,-0.0038836545
6579_POPDC3_P2_ENSG00000132429,0.012624935,0.009811811,-0.029456701
1208_CASP8_P1_ENSG00000064012,-0.0235733,0.009821924,-0.0019414057
9430_TUFM_P1P2_ENSG00000178952,-0.09060604,0.009822558,-0.008483251
2361_DPPA2_P1P2_ENSG00000163530,-0.0010726207,0.009824327,0.02439934
10148_ZMYM6_P1P2_ENSG00000163867,0.015720455,0.009828312,0.017164582
3820_HMBS_P2_ENSG00000256269,0.019370507,0.00982959,0.019301165
5122_MMADHC_P1P2_ENSG00000168288,0.0023142155,0.009830828,-0.031423423
4463_KPNA6_P1P2_ENSG00000025800,-0.029198037,0.009831685,0.031073278
3337_GEMIN6_P1P2_ENSG00000152147,-0.038273484,0.009835631,0.026288461
2081_DCUN1D2_P1P2_ENSG00000150401,-0.019561,0.009847072,0.019464452
8291_SOX3_P1P2_ENSG00000134595,0.06264477,0.009847979,0.029613895
840_BIVM_P1_ENSG00000134897,-0.00043624602,0.009848902,-0.009041082
8188_SMS_P1P2_ENSG00000102172,0.030119808,0.009853965,0.037623648
5182_MPZ_P1_ENSG00000158887,-0.0026773463,0.009858339,0.039915554
9431_TULP1_P1P2_ENSG00000112041,0.012844554,0.009862578,-0.012026108
2877_FAM174A_P1P2_ENSG00000174132,-0.0011285724,0.009864601,0.009501668
4741_MACC1_P1P2_ENSG00000183742,-0.019702395,0.009866864,-0.023160093
5246_MRPS16_P1P2_ENSG00000182180,-0.0015277741,0.009879635,-0.00050280266
2870_FAM162A_P1P2_ENSG00000114023,-0.016435115,0.009880513,0.0002457912
4710_LTB_P1P2_ENSG00000227507,-0.04224343,0.009881245,-0.0077725826
4785_MAN1B1_P1P2_ENSG00000177239,-0.022774987,0.00988642,0.021942949
4362_KIAA1324L_P1P2_ENSG00000164659,-0.0048354506,0.009887535,-0.0038047123
495_ARID5A_P1P2_ENSG00000196843,0.011155876,0.009892278,0.015160363
8991_TMEM123_P1P2_ENSG00000152558,0.007219279,0.009897778,-0.002235291
5249_MRPS18B_P1P2_ENSG00000204568,0.006817762,0.009907449,0.0005719793
7049_RABGEF1_P1P2_ENSG00000154710,0.0015183042,0.009909336,0.012594108
8217_SNRNP25_P1P2_ENSG00000161981,0.032336537,0.009914109,0.050535616
8_AAMP_P1P2_ENSG00000127837,0.07361473,0.009919774,0.030379398
7225_REEP6_P1P2_ENSG00000115255,-0.018064404,0.009926281,0.007911118
1891_CSAG1_P1P2_ENSG00000198930,-0.006223879,0.009926385,-0.01760556
7343_RNF123_P1P2_ENSG00000164068,0.010835424,0.009928461,0.0015715227
2734_ESPN_P2_ENSG00000187017,-0.009316439,0.009930914,0.012046142
11073_non-targeting_non-targeting_non-targeting,-0.015880682,0.009932823,0.01674032
4327_KDM5A_P1P2_ENSG00000073614,0.0121003175,0.009955042,-0.003312402
3627_HAND1_P1P2_ENSG00000113196,0.011046139,0.009956218,0.026926998
2739_ESRRB_ENST00000556177.1_ENSG00000119715,-0.002722434,0.009958143,0.0048506497
8802_TDRD3_P1P2_ENSG00000083544,0.024252206,0.009959112,0.010331931
1467_CEBPD_P1P2_ENSG00000221869,-0.028228447,0.009961937,-0.00532167
3359_GGT1_P1_ENSG00000286070,0.027436297,0.009967785,-0.007682708
10361_ZNF439_P1P2_ENSG00000171291,0.008926305,0.0099730855,0.016169587
9330_TRUB2_P1P2_ENSG00000167112,0.0014838167,0.009974137,-0.0054367287
90_ACOT7_P1P2_ENSG00000097021,0.0025784606,0.009974164,0.0041914745
3432_GNAQ_P1P2_ENSG00000156052,-0.026782993,0.009980598,-0.0185926
5954_OR4F4_ENST00000326183.3_ENSG00000177693,-0.02160594,0.0099857235,0.0081028985
3256_GABRG3_P1P2_ENSG00000182256,-0.023161022,0.009987793,-0.030351453
10236_ZNF24_P1P2_ENSG00000172466,0.009209221,0.009996784,0.042063985
6078_PARP4_P1P2_ENSG00000102699,0.0032589992,0.009998419,0.0023167597
6532_POLQ_P1P2_ENSG00000051341,-0.0027470908,0.010002564,0.027115857
5646_NFKBIB_P1P2_ENSG00000104825,-0.005930832,0.010003486,-0.0188332
11290_non-targeting_non-targeting_non-targeting,0.00044790885,0.010006857,0.022340149
1375_CD68_P1P2_ENSG00000129226,-0.009368532,0.010009103,0.00162522
7019_RAB28_P1P2_ENSG00000157869,-0.0012540831,0.010011019,-0.030557457
7040_RAB8A_P1P2_ENSG00000167461,-0.005842196,0.010016384,0.024011785
3527_GRAP2_P1P2_ENSG00000100351,0.008260356,0.010023329,0.017496767
8953_TM2D2_P1P2_ENSG00000169490,0.017534086,0.010030403,0.004042055
7205_RCHY1_P1P2_ENSG00000163743,-0.009018167,0.0100324685,0.008251338
9598_UNKL_P1P2_ENSG00000059145,0.004850998,0.010037542,0.004370335
1658_CLK1_P1P2_ENSG00000013441,0.009515027,0.010038812,0.0067303656
6333_PIGF_P1P2_ENSG00000151665,0.003196543,0.010043822,0.022507055
2663_EPB41_P2_ENSG00000159023,0.0004371131,0.010044106,-0.017665964
9799_WDFY1_P1P2_ENSG00000085449,-0.00258511,0.010051221,0.0027195064
4280_KAT8_P2_ENSG00000103510,0.024879046,0.010052838,0.029499067
2056_DCAF4_P1P2_ENSG00000119599,-0.010589001,0.010055495,-0.0076001976
10365_ZNF441_P1P2_ENSG00000197044,0.0150266765,0.010069528,0.003307042
10084_ZFP36L1_P2_ENSG00000185650,0.01653533,0.01007313,0.009752873
10893_non-targeting_non-targeting_non-targeting,0.00696871,0.010073404,0.0066293827
9417_TUBB4B_P1_ENSG00000188229,0.012162486,0.010074557,0.0279726
10461_ZNF572_P1P2_ENSG00000180938,0.00528685,0.010076742,0.010012447
10767_non-targeting_non-targeting_non-targeting,-0.008052212,0.010077829,0.03331009
9566_UCKL1_P1P2_ENSG00000198276,-0.003924724,0.010085112,0.017510302
2944_FAM83A_P1P2_ENSG00000147689,0.005692747,0.010091897,-0.024794012
8502_STAU2_P1P2_ENSG00000040341,0.015676498,0.010095011,0.0032232793
8212_SND1_P1P2_ENSG00000197157,-0.0019482749,0.010095049,0.003135362
2001_CYFIP1_P1P2_ENSG00000273749,0.008151232,0.010114616,0.018480334
7712_SCYL2_P1P2_ENSG00000136021,3.103383e-05,0.010118378,0.009940479
6140_PCOLCE2_P1P2_ENSG00000163710,0.010854379,0.010119064,0.02039781
7068_RAD51C_P1P2_ENSG00000108384,-0.01660409,0.010124118,0.026637105
5459_NANS_P1P2_ENSG00000095380,-0.0065688337,0.010124386,0.01902823
8491_STARD7_P1P2_ENSG00000084090,0.030996423,0.010133687,0.012740565
634_ATN1_P1P2_ENSG00000111676,0.00787617,0.010134088,0.023696689
8934_TIPRL_P1P2_ENSG00000143155,-0.017975247,0.0101478575,-0.011092479
10525_ZNF648_P1P2_ENSG00000179930,0.0021472096,0.010182928,0.0023452952
7859_SGO2_P1P2_ENSG00000163535,0.027374668,0.010184296,0.007244622
3353_GGA3_P1P2_ENSG00000125447,-0.001155192,0.010202903,0.024560304
11232_non-targeting_non-targeting_non-targeting,-0.007300438,0.010202958,-0.010872367
6527_POLH_P1P2_ENSG00000170734,0.012728244,0.010204285,0.0034241392
9149_TNPO2_P2_ENSG00000105576,0.029713422,0.010207019,-0.025122998
2822_FAHD2A_P1P2_ENSG00000115042,0.0006335105,0.010207184,0.009670522
6725_PRDM16_P1P2_ENSG00000142611,0.010650255,0.010209667,-0.014938408
3636_HAUS3_P1P2_ENSG00000214367,-0.012150185,0.0102141285,0.020500783
5980_OSBPL6_P1P2_ENSG00000079156,-0.0095395725,0.0102165835,-0.011914134
10388_ZNF483_P1P2_ENSG00000173258,-0.015136111,0.010219239,0.026889272
494_ARID4B_P1P2_ENSG00000054267,0.05541361,0.0102199055,-0.009218083
4040_IFI35_P1P2_ENSG00000068079,0.022520015,0.010220598,0.012317876
7944_SKI_ENST00000378536.4_ENSG00000157933,0.017457083,0.010221156,0.013650922
2926_FAM53B_P1P2_ENSG00000189319,0.0020450463,0.010235702,0.013429192
1959_CUEDC2_P1P2_ENSG00000107874,0.0010581432,0.010236248,0.016838219
2826_RFLNB_P1P2_ENSG00000183688,-0.017558848,0.010242679,0.016151065
1318_CCNB2_P1P2_ENSG00000157456,-0.014384049,0.0102458345,0.008378175
657_ATP5F1E_P1P2_ENSG00000124172,0.0051952447,0.010246745,0.03770162
3611_GZF1_P1P2_ENSG00000125812,-0.0013508876,0.010248958,0.0019925795
11162_non-targeting_non-targeting_non-targeting,-0.014041708,0.0102506615,-0.008885261
267_ALG1L_ENST00000340333.3_ENSG00000189366,-0.0042427443,0.010267617,-0.0068694036
10969_non-targeting_non-targeting_non-targeting,0.022266995,0.010272847,-0.0005861887
9967_ZBED6_P1P2_ENSG00000257315,-0.0059345593,0.010273864,0.02698235
476_ARHGEF12_P1P2_ENSG00000196914,-0.004395559,0.010276777,0.00043312833
6408_PLA2G15_P1P2_ENSG00000103066,-0.011532544,0.010278343,0.022875585
10233_ZNF23_P1_ENSG00000167377,-0.02919497,0.010282148,-0.010849218
4901_MCM4_P1P2_ENSG00000104738,-0.028578257,0.010283729,0.016751463
10565_ZNF701_P1P2_ENSG00000167562,0.009920519,0.010284907,-0.0047198753
45_ABHD16A_P1P2_ENSG00000204427,0.012375677,0.010287783,0.0299267
3059_FERMT2_P1P2_ENSG00000073712,0.046936717,0.010302278,0.030981312
9136_TNIP1_P2_ENSG00000145901,0.048424695,0.010303977,0.020627731
2360_DPP9_P1_ENSG00000142002,-0.013627588,0.010305867,-0.00031927848
115_ACTR3_P1P2_ENSG00000115091,-0.004804997,0.010306979,0.020046068
4081_IKZF1_P1P2_ENSG00000185811,-0.036294986,0.010310489,-0.005962037
4552_LENG8_P1P2_ENSG00000167615,-0.013864526,0.010316135,0.016728468
3735_HIP1R_P1P2_ENSG00000130787,-0.010805935,0.010318658,0.01927635
1102_MRNIP_P1P2_ENSG00000161010,0.01402181,0.010323306,0.010392326
8200_SNAI3_P1P2_ENSG00000185669,-0.019526232,0.010323451,0.031396035
3845_HMX1_P1P2_ENSG00000215612,0.0013032566,0.010324047,-0.01608078
3920_HOXD10_P1_ENSG00000128710,0.0062550367,0.010324423,0.02480339
8946_TLK1_P1P2_ENSG00000198586,-0.014851953,0.010326469,0.00049141335
7302_RIC8A_P1_ENSG00000177963,-0.020235296,0.010327905,-0.01531683
8698_TATDN2_P1P2_ENSG00000157014,0.0128091825,0.010333019,0.018418875
4571_LHX4_P1P2_ENSG00000121454,-0.0131654255,0.010338552,0.003719413
107_ACTN1_P1P2_ENSG00000072110,0.0075706868,0.010346744,0.010575791
9768_VRK1_P1P2_ENSG00000100749,-0.0081373155,0.010350178,0.02875995
5982_OSBPL9_P1P2_ENSG00000117859,-0.0125090415,0.010352294,-0.017250858
3113_FLOT2_P1P2_ENSG00000132589,0.027033847,0.010363898,0.011888644
6367_PIN4_P1P2_ENSG00000102309,0.020105867,0.010372633,0.041544702
4204_ISCA1_P1P2_ENSG00000135070,0.0144491475,0.010377419,0.036831327
5776_NQO1_P2_ENSG00000181019,0.021947995,0.010378594,0.009398589
7574_RSF1_P1P2_ENSG00000048649,-0.005730048,0.01038115,-0.022306714
7721_SDF2_P1P2_ENSG00000132581,0.009799367,0.010383266,0.009711844
7184_RBM7_P1P2_ENSG00000076053,-0.029189078,0.010384512,0.04386439
2387_DTD1_P1P2_ENSG00000125821,-0.0030660785,0.010391046,0.017811364
3485_GPALPP1_P1P2_ENSG00000133114,0.07004616,0.0103921555,-0.012751127
8000_SLC25A33_P1P2_ENSG00000171612,0.009219484,0.010403188,-0.0026018089
3744_HIST1H1C_P1P2_ENSG00000187837,0.0077853166,0.010404477,4.6719208e-05
10453_ZNF565_P1P2_ENSG00000196357,0.0076495702,0.010411043,0.0024352872
6503_POC1A_P1P2_ENSG00000164087,-0.022701934,0.010418513,0.00066159916
2476_EDEM1_P1P2_ENSG00000134109,0.002758942,0.010422414,0.0230851
858_BMPR2_P1P2_ENSG00000204217,0.0017064597,0.0104238605,0.01340354
3494_GPBP1L1_P1P2_ENSG00000159592,0.041826185,0.0104278885,0.01880133
3160_FOXH1_P1P2_ENSG00000160973,0.016849566,0.010432484,0.0063063083
6469_PLXNB1_P1P2_ENSG00000164050,-0.0043847132,0.010439684,0.015702741
5235_MRPL51_P1P2_ENSG00000111639,-0.08775132,0.010441715,-0.014383516
7994_SLC25A24_P1P2_ENSG00000085491,-0.0034508868,0.010444642,0.0070880176
833_BICD2_P1P2_ENSG00000185963,0.010684315,0.010450763,-0.00054586405
10326_ZNF385C_ENST00000436535.3_ENSG00000187595,-0.013105423,0.0104516195,0.031844907
694_ATPAF2_P1P2_ENSG00000171953,0.011095915,0.010452025,-0.0017294275
6846_PSMA6_P1P2_ENSG00000100902,-0.012056163,0.01045419,0.005171249
7914_SIM1_P1P2_ENSG00000112246,-0.009472986,0.01045712,-0.0021576106
10258_ZNF277_P1P2_ENSG00000198839,-0.016277917,0.010465717,0.011269938
804_BCL6B_P1P2_ENSG00000161940,-0.008277625,0.0104671,-0.006207951
9488_UBALD2_P1P2_ENSG00000185262,0.007980869,0.010467367,0.012918737
745_BAD_P1P2_ENSG00000002330,-0.009099859,0.010479057,0.017834501
2082_DCUN1D4_P1P2_ENSG00000109184,-0.004549443,0.010485185,-0.0060281307
8574_SUCO_P1P2_ENSG00000094975,-0.008539108,0.010488732,0.0109547665
10164_ZNF132_P1P2_ENSG00000131849,0.011011583,0.010491075,0.028018301
3440_GNG10_P1P2_ENSG00000242616,0.009371502,0.010494943,0.049763426
7579_RSRC1_P1P2_ENSG00000174891,-0.022251107,0.010499164,-0.030992743
9858_WHAMM_P1P2_ENSG00000156232,0.00851895,0.010500813,0.02798502
8977_TMED5_P1P2_ENSG00000117500,0.015292606,0.010504119,0.012610728
3097_FKBP3_P1P2_ENSG00000100442,-0.0018250374,0.010505253,0.0014268397
"2888_FAM193A_ENST00000324666.5,ENST00000382839.3,ENST00000502458.1,ENST00000545951.1_ENSG00000125386",-0.0074729756,0.010506458,0.020947127
6718_PRCP_P1_ENSG00000137509,0.007651867,0.010512322,0.005708006
8256_SNX4_P1P2_ENSG00000114520,0.0022324515,0.010533646,-0.00018721273
11050_non-targeting_non-targeting_non-targeting,0.005861287,0.01053406,0.0018936124
5491_NCAPH2_P1P2_ENSG00000025770,0.009969569,0.010539341,-0.014944106
884_BRCA1_P1P2_ENSG00000012048,-0.022328166,0.010542627,0.034057558
10393_ZNF488_P2_ENSG00000265763,0.008175476,0.010549361,0.027252218
3516_GPRIN1_P1P2_ENSG00000169258,0.0105412295,0.010560583,-0.0076376586
2984_FAXDC2_P1_ENSG00000170271,-0.0075045074,0.010560818,0.0068251477
3394_GLI4_P1P2_ENSG00000250571,0.008214401,0.0105654895,0.005177265
3304_NIPSNAP2_P1P2_ENSG00000146729,-0.003194171,0.010565667,-0.005832486
2439_E2F3_P1_ENSG00000112242,-0.02796071,0.010571934,0.0036466927
2195_DHRS2_P1P2_ENSG00000100867,0.002322102,0.010572482,0.01605737
5085_MITD1_P1P2_ENSG00000158411,0.011262742,0.010574298,0.02045251
6519_POLDIP2_P1P2_ENSG00000004142,-0.015600542,0.0105795525,-0.0021812425
5473_NAT8L_P1P2_ENSG00000185818,0.008454732,0.010580701,0.01218884
3151_FOXD3_P1_ENSG00000187140,0.010647249,0.010584537,0.0076810583
8267_SOD2_P1P2_ENSG00000112096,-0.024819987,0.010586658,-0.016438736
8134_SMAD6_P1P2_ENSG00000137834,-0.008451728,0.01059792,0.0126452595
8327_SPATC1L_P2_ENSG00000160284,-0.009392281,0.010603859,0.031206679
4510_LANCL1_P1P2_ENSG00000115365,0.0018141578,0.01060485,-0.024441611
9442_TWIST2_P1P2_ENSG00000233608,0.008897553,0.010623242,-0.012423769
1691_CMC2_P1P2_ENSG00000103121,-0.01040092,0.010633322,0.022295462
531_ARNTL_P1P2_ENSG00000133794,0.01073577,0.010635173,0.003168208
7213_RDH10_P1P2_ENSG00000121039,-0.030405812,0.010636035,0.008430763
3857_HNRNPA1_P1P2_ENSG00000135486,0.05259583,0.010639942,0.014517074
9387_TTC37_P1P2_ENSG00000198677,-0.0067722723,0.010648545,0.049835347
3574_GTF2H2C_P1P2_ENSG00000183474,0.005911984,0.010650977,0.021174615
10819_non-targeting_non-targeting_non-targeting,-0.0073506124,0.0106518585,0.039571706
8709_TBC1D15_P1P2_ENSG00000121749,0.0007011556,0.010654817,0.0064543234
6409_PLA2G6_P1P2_ENSG00000184381,-0.009185271,0.010657635,0.015372898
10425_ZNF530_P1P2_ENSG00000183647,-0.0111780325,0.010668062,0.024742132
5714_NME6_P1P2_ENSG00000172113,0.00048630012,0.010671285,0.008806392
1272_CCDC25_P1P2_ENSG00000147419,-0.010624356,0.010684658,-0.0068813874
10334_ZNF3_P1P2_ENSG00000166526,0.057190172,0.01069262,-0.004893941
10840_non-targeting_non-targeting_non-targeting,0.011242355,0.010694525,-0.00010655001
11043_non-targeting_non-targeting_non-targeting,-0.004755796,0.010694888,-0.009459158
1628_CKAP5_P1_ENSG00000175216,-0.0080447905,0.010700233,0.031082988
573_ASCL1_P1P2_ENSG00000139352,0.0023204635,0.01070229,0.00652499
211_AHSA1_P1P2_ENSG00000100591,0.014055113,0.010704051,0.030557768
5688_NKX1-1_ENST00000422806.1_ENSG00000235608,-0.0033057604,0.010717164,0.009679798
219_CRYBG1_P1P2_ENSG00000112297,0.0022789254,0.0107261045,-0.010497325
9654_USP38_P1P2_ENSG00000170185,0.0050221337,0.01072744,-0.0011209521
2249_DLX5_P1P2_ENSG00000105880,0.019174427,0.010734584,0.016965099
6022_PAAF1_P1P2_ENSG00000175575,0.012484299,0.010736575,0.0072695403
9580_UHMK1_P1P2_ENSG00000152332,0.018165829,0.010736711,-0.018011877
7033_RAB4B_P1P2_ENSG00000167578,0.013659714,0.010740336,0.007848144
4322_KDM3A_P1P2_ENSG00000115548,-0.013899849,0.010741379,-0.02140164
7026_RAB3GAP1_P1P2_ENSG00000115839,0.009354334,0.010743987,0.037777763
7592_RTN4_ENST00000394609.2_ENSG00000115310,0.0029509894,0.01076396,0.009796352
7373_RNF207_P2_ENSG00000158286,0.00857229,0.010765762,0.01131177
9810_WDR24_P1P2_ENSG00000127580,-0.009131731,0.010770285,-0.008570983
1161_CALR_P1P2_ENSG00000179218,-0.025926234,0.010770493,0.05784539
730_B3GNTL1_P2_ENSG00000175711,0.015706865,0.010776235,-0.017455377
3762_HIST1H2BE_ENST00000356530.3_ENSG00000274290,0.015900372,0.010778668,0.0010569841
3652_HBP1_P1P2_ENSG00000105856,0.0077791624,0.010789612,0.0005580771
7666_SAV1_P1P2_ENSG00000151748,0.0086646695,0.010789619,-0.0063817147
5360_MXD4_P1P2_ENSG00000123933,0.03750843,0.010791447,0.06163712
5626_NFATC2_P2_ENSG00000101096,-0.0009007232,0.010795973,0.028262665
5121_MMACHC_P1P2_ENSG00000132763,-0.0104083475,0.010796999,0.017361147
5175_MPPE1_P1P2_ENSG00000154889,-0.006600093,0.010797272,0.008201901
4359_KIAA1109_P1P2_ENSG00000138688,0.0069149416,0.010798181,-0.005828493
9181_TOR1AIP1_P1P2_ENSG00000143337,0.022787428,0.01080948,-0.0029168117
3549_GSE1_P1P2_ENSG00000131149,0.0069811963,0.010809874,-0.0024010623
2252_DMBX1_P1P2_ENSG00000197587,-0.016558668,0.01082313,0.0065468405
3993_HUS1_P1P2_ENSG00000136273,-0.0032346675,0.010828902,0.0013212543
234_AKAP9_P1P2_ENSG00000127914,0.00070458406,0.010832333,-0.0034182882
7174_RBM3_P1P2_ENSG00000102317,-0.0039392784,0.010848977,-0.0084304195
979_ERG28_P1P2_ENSG00000133935,-0.0051344633,0.010849286,0.0019815655
4388_KIF22_P1_ENSG00000079616,-0.011747465,0.010855707,0.013907822
4221_ITFG2_P1P2_ENSG00000111203,-0.02957246,0.010855859,0.07065468
8178_SMIM20_P1P2_ENSG00000250317,-0.012716608,0.010862869,-0.007047256
39_ABHD11_P1P2_ENSG00000106077,0.003022551,0.010865907,0.00020935287
61_ABR_P1P2_ENSG00000159842,0.0063501876,0.010867721,0.012193654
8409_SRGN_P1_ENSG00000122862,0.019054662,0.010868677,0.016939636
6782_PRODH_P2_ENSG00000100033,0.004521981,0.010869678,0.010927588
9441_TWIST1_P1P2_ENSG00000122691,0.020277444,0.010871355,-0.011311744
231_AKAP1_P1P2_ENSG00000121057,-0.010991226,0.010873851,0.013774144
4603_LLGL1_P1P2_ENSG00000131899,-0.0060006273,0.010878361,-0.0036908507
8801_TDP2_P1P2_ENSG00000111802,0.0043874583,0.010879822,0.0047908416
197_AGPAT5_P1P2_ENSG00000155189,-0.015127291,0.010883012,0.01745543
2869_FAM161A_P1P2_ENSG00000170264,-0.0053353966,0.010891341,0.057412926
1931_CTDSP2_P1P2_ENSG00000175215,-0.010790413,0.010900571,0.0062963874
650_ATP2B4_P1P2_ENSG00000058668,-0.001198999,0.010906446,-0.007069371
3751_HIST1H2AE_P1P2_ENSG00000277075,-0.007461419,0.010909219,0.029730383
10323_ZNF385A_P1_ENSG00000161642,0.0038828154,0.010914535,0.0077115255
10642_ZNF792_P1P2_ENSG00000180884,0.00039090676,0.0109311445,0.016515527
1989_CYB5A_P1P2_ENSG00000166347,0.009377492,0.010933999,0.0010822788
4788_MAN2B1_P2_ENSG00000104774,0.009617841,0.01094529,-0.0066812956
9965_ZBED5_P1P2_ENSG00000236287,0.018811952,0.010948262,0.012734608
2454_EBF3_P1P2_ENSG00000108001,0.03301509,0.010955154,0.02303291
7001_R3HDM4_P2_ENSG00000198858,-0.0036300942,0.010958874,0.014441458
1909_CSRNP2_P1P2_ENSG00000110925,-0.010070368,0.010960828,0.015202228
2418_DVL3_P1P2_ENSG00000161202,-0.0148381395,0.010961135,0.01407727
10120_ZIC3_P1P2_ENSG00000156925,0.008467646,0.010963693,-0.020499762
6745_PRG2_P1P2_ENSG00000186652,-0.0161074,0.010966817,-0.018765245
3325_GDAP2_P1P2_ENSG00000196505,0.011317488,0.010976747,0.007422129
8151_SMARCD2_P1P2_ENSG00000108604,0.0025668272,0.010976964,0.03463036
9918_YARS2_P1P2_ENSG00000139131,-0.08452462,0.010977651,-0.019473135
1322_CCND2_P1P2_ENSG00000118971,-0.016397465,0.010984311,-0.0012911622
3886_HOXA10_P1P2_ENSG00000253293,0.010980653,0.010990866,0.007629252
10939_non-targeting_non-targeting_non-targeting,0.015714407,0.011007288,-0.006634862
8755_TBX3_P1P2_ENSG00000135111,0.021873092,0.0110121155,-0.0019302923
1619_CISD3_P1P2_ENSG00000277972,-0.0052099396,0.011013816,0.0035840194
5644_NFKBIA_P1_ENSG00000100906,-0.013525395,0.011014684,-0.0011736157
10052_ZDHHC5_P1P2_ENSG00000156599,0.004354441,0.011016412,0.018064471
2939_FAM72D_ENST00000400889.1_ENSG00000215784,0.026984485,0.011018701,0.011029476
1465_CEBPA_P1P2_ENSG00000245848,-0.0055098697,0.011020313,0.006030781
647_ATP2A2_P1P2_ENSG00000174437,0.0005290042,0.011025481,0.021888815
6894_PSTPIP2_P1P2_ENSG00000152229,-0.00020650754,0.011035189,0.0083118
754_BAIAP2L1_P1P2_ENSG00000006453,0.001157607,0.01103537,0.00478518
882_BRAP_P1P2_ENSG00000089234,0.0065608597,0.011047773,0.008051136
11211_non-targeting_non-targeting_non-targeting,-0.006016303,0.011051184,0.016145688
664_ATP5MF_P1P2_ENSG00000241468,0.0021433826,0.011054883,0.0059854113
3080_FHL3_P1P2_ENSG00000183386,-0.005253433,0.011058575,0.007826934
5167_MPHOSPH9_P1P2_ENSG00000051825,-0.004024033,0.011059953,0.020420356
10810_non-targeting_non-targeting_non-targeting,-0.0035827116,0.011061914,0.011517608
872_BOLA2_ENST00000330978.3_ENSG00000183336,0.017326912,0.0110643655,0.0070039122
9195_TP53_P1P2_ENSG00000141510,-0.0067821257,0.011069575,0.017000504
7543_RPUSD1_P1_ENSG00000007376,0.0065323366,0.01107234,0.017213283
1019_C19orf47_P1_ENSG00000160392,-0.008733692,0.011076282,0.016087735
6591_POU3F2_P1P2_ENSG00000184486,-0.012892399,0.0110773025,-0.014007046
2406_DUSP22_P1P2_ENSG00000112679,-0.007008418,0.011083132,0.034147218
1675_CLPTM1_P1P2_ENSG00000104853,-0.00081709237,0.011083506,0.019522859
5453_NAGPA_P1P2_ENSG00000103174,0.007016912,0.011094285,-0.0007229687
8982_TMEM106B_P1P2_ENSG00000106460,0.004094719,0.011098032,0.00968546
6427_PLD1_P1P2_ENSG00000075651,-0.001955301,0.01110217,0.0013808941
2136_DEAF1_P1P2_ENSG00000177030,-0.0034773552,0.011104313,0.019563386
1230_CBX3_P1P2_ENSG00000122565,0.033036184,0.011109319,0.0012181689
2566_EIF4ENIF1_P1P2_ENSG00000184708,0.030985268,0.011111089,-0.015343708
8304_SP140L_P1P2_ENSG00000185404,0.004030376,0.011120454,0.019340398
6489_PNMA1_P1P2_ENSG00000176903,0.013554198,0.011129939,0.052912828
3486_GPANK1_P1P2_ENSG00000204438,0.04388324,0.011133044,0.0013951536
11004_non-targeting_non-targeting_non-targeting,0.025884653,0.011143617,0.008189979
442_ARF5_P2_ENSG00000004059,0.0017043867,0.011144462,0.0088608265
8928_TIMMDC1_P1P2_ENSG00000113845,-0.016747788,0.011144533,-0.015299526
9283_TRIM59_P1P2_ENSG00000213186,-0.0074898843,0.0111457445,0.026000977
10243_ZNF25_P1P2_ENSG00000175395,0.00093221874,0.011163046,-0.005661122
246_AKT1S1_P1P2_ENSG00000204673,0.017251847,0.011174792,0.009516874
2472_EDARADD_P1_ENSG00000186197,-0.0065215877,0.011176333,0.028528174
5394_MYO16_ENST00000356711.2_ENSG00000041515,-0.0071383724,0.011177722,-0.018951697
8935_TJAP1_P1_ENSG00000137221,0.0002929282,0.0111798905,0.017628849
7112_RARA_P2_ENSG00000131759,0.007341942,0.011180629,-0.022908028
11149_non-targeting_non-targeting_non-targeting,0.0010438341,0.011206023,0.031907175
10434_ZNF544_P1P2_ENSG00000198131,-0.014394121,0.011211636,0.03162291
2345_DPH1_P2_ENSG00000108963,0.005983651,0.011215204,0.011043135
3133_FOLR3_P1_ENSG00000110203,-0.0066479547,0.011224627,0.005364915
6058_PANX1_P1P2_ENSG00000110218,-0.010259805,0.011229534,0.005892347
11142_non-targeting_non-targeting_non-targeting,-0.003916461,0.011241697,-0.043177135
3524_GRAMD1A_P1P2_ENSG00000089351,0.01103314,0.011252652,0.0071649007
7074_RAD54L2_ENST00000409535.2_ENSG00000164080,0.015009521,0.011255531,-0.012074635
4321_KDM2B_ENST00000377071.4_ENSG00000089094,-0.026502073,0.011262693,-0.019560572
1644_CLDN6_P1P2_ENSG00000184697,0.007805689,0.011274898,0.06013545
3643_HAX1_P1P2_ENSG00000143575,-0.015502098,0.01127847,0.023248
2690_ERAP1_P1P2_ENSG00000164307,-0.02118921,0.011281268,0.001144054
506_ARL2BP_P1P2_ENSG00000102931,-0.004378132,0.011281491,0.017426645
3065_FEZ2_P1P2_ENSG00000171055,-0.0129384175,0.01128732,0.0050719324
970_C12orf73_P1_ENSG00000204954,-0.0150486985,0.011308402,0.030786414
5100_MKRN3_P1P2_ENSG00000179455,-0.00043901414,0.011312604,-0.018417101
10449_ZNF561_P1P2_ENSG00000171469,-0.0020614741,0.011313079,0.013022342
2780_EXOC3_P1P2_ENSG00000180104,-0.00967173,0.011320734,0.017863603
2407_DUSP23_P1P2_ENSG00000158716,-0.0055238823,0.011322734,-0.0019120345
9391_TTC5_P1P2_ENSG00000136319,-0.010559075,0.011323375,0.01895566
8211_SNCG_P1P2_ENSG00000173267,0.0068615824,0.011324537,0.0071142553
6983_QKI_P1P2_ENSG00000112531,0.007831108,0.011327861,-0.0029868563
9284_TRIM5_P1P2_ENSG00000132256,0.002875937,0.01133171,-0.01663605
5741_NOMO1_P1P2_ENSG00000103512,0.011778805,0.011334578,0.029222878
1775_COPG1_P2_ENSG00000181789,-0.0029118177,0.011338101,0.02567276
6656_PPP1R12C_P1P2_ENSG00000125503,-0.001298884,0.011352251,-0.0045994613
2802_EZH1_P1P2_ENSG00000108799,0.0022785785,0.011358236,-0.0040919427
3253_GABPA_P1P2_ENSG00000154727,0.01781115,0.0113601405,0.012358286
8004_SLC25A39_P2_ENSG00000013306,-0.013756868,0.011364409,-0.047170382
6631_PPIL3_P1P2_ENSG00000240344,-0.010908122,0.011371211,0.011004696
4282_KATNA1_P1P2_ENSG00000186625,-0.030316526,0.011373002,-0.002702973
6789_PROX1_P1P2_ENSG00000117707,0.006795042,0.011374821,0.012131451
7562_RRP15_P1P2_ENSG00000067533,0.11873974,0.0113957105,0.04861851
5500_NCKAP5L_P1P2_ENSG00000167566,-0.010726454,0.011396038,0.007345287
10632_ZNF782_P1P2_ENSG00000196597,-0.02351321,0.011397546,0.010110717
2314_DNMT1_P1P2_ENSG00000130816,0.024321165,0.011408471,0.014118503
5242_MRPS11_P1P2_ENSG00000181991,-0.06400029,0.011408943,-0.0018389195
174_AFF1_P1P2_ENSG00000172493,-0.011903705,0.011410513,0.017773626
5774_NPTN_P1P2_ENSG00000156642,0.0017436312,0.011412066,0.0028521037
10075_ZFHX2_P2_ENSG00000136367,-0.0060733063,0.011412773,0.028268207
5333_MTMR2_P1P2_ENSG00000087053,0.0016639112,0.011416139,0.011495294
6056_PANK3_P1P2_ENSG00000120137,-0.010833156,0.011418432,-0.010823706
8010_SLC25A46_P1P2_ENSG00000164209,-0.029079692,0.011421318,-0.0011887943
994_C16orf70_P1P2_ENSG00000125149,-0.004138641,0.011423777,-0.006844988
1047_ODR4_P1P2_ENSG00000157181,0.02057315,0.011425972,0.0011807643
1294_CCDC77_P2_ENSG00000120647,0.010137439,0.011429201,0.0031308031
9291_TRIOBP_P1_ENSG00000100106,-0.013259616,0.0114310635,0.018626684
6500_PNP_P1P2_ENSG00000198805,-0.0057787774,0.011442726,0.017970715
3610_GYS1_P1P2_ENSG00000104812,0.0019017351,0.011445894,0.004959806
10591_ZNF721_P2_ENSG00000182903,0.015764546,0.0114489,0.055640567
4709_LTBR_P1P2_ENSG00000111321,0.0025333266,0.011453463,-0.0074431826
10717_ZSCAN22_P1P2_ENSG00000182318,-0.0016151994,0.011466037,0.019889947
9021_TMEM177_P1P2_ENSG00000144120,-0.0028324726,0.011468462,0.0065550706
5479_NBEAL2_P2_ENSG00000160796,0.016614035,0.011477211,0.0018447841
2704_ERGIC3_P1P2_ENSG00000125991,-0.003560042,0.011481378,0.0066737384
3990_HTATSF1_P1P2_ENSG00000102241,-0.010809802,0.01148273,-0.00010261983
7308_RIMKLB_P1P2_ENSG00000166532,-0.02166076,0.011493036,0.0053900257
2838_FAM118A_P1P2_ENSG00000100376,-0.019432079,0.011494158,0.0028312658
2261_DMRTB1_P1P2_ENSG00000143006,-0.0013527395,0.011494528,-0.006028235
6970_PXN_P1P2_ENSG00000089159,-0.0052023064,0.011498922,0.024887634
9511_UBE2L6_P1P2_ENSG00000156587,-0.017578242,0.011499928,-0.015422223
9406_TTPAL_P1P2_ENSG00000124120,0.019254334,0.011500826,0.0018045894
2575_EIF5AL1_P1P2_ENSG00000253626,0.036018062,0.011504485,-0.0010688986
4007_IBTK_P1_ENSG00000005700,-0.0060866517,0.011514286,0.0066099553
9929_YIF1B_P1P2_ENSG00000167645,0.0054364074,0.011514794,0.0069960454
9007_TMEM150A_P1P2_ENSG00000168890,0.0073112124,0.0115196975,0.0013454171
10967_non-targeting_non-targeting_non-targeting,-0.004114343,0.01152099,-0.024999447
9533_UBL4A_P1P2_ENSG00000102178,0.001948928,0.011523145,0.036235902
2970_FAR2_P1P2_ENSG00000064763,0.037848655,0.011530489,0.026786499
5450_NAGA_P1P2_ENSG00000198951,0.006493606,0.011539287,0.015775258
6415_PLAUR_P1P2_ENSG00000011422,-0.00013314573,0.011539976,0.036412932
1727_CNPY3_P1P2_ENSG00000137161,0.010814258,0.011544564,0.017601658
7580_RSRC2_P1P2_ENSG00000111011,0.017631445,0.011546712,0.022708433
10260_ZNF280B_P1P2_ENSG00000275004,0.014804982,0.011549422,0.010964763
36_ABCF3_P1P2_ENSG00000161204,-0.016690176,0.011552367,-0.0032708135
10802_non-targeting_non-targeting_non-targeting,-0.006226859,0.011555634,-0.0004393437
5408_MYRF_P1_ENSG00000124920,-0.0062663145,0.011557778,-0.01572946
1802_CORO2A_P1P2_ENSG00000106789,0.0018751991,0.011561425,0.0041294782
9235_TRAFD1_P1P2_ENSG00000135148,-0.0044618733,0.011569059,0.03333263
8191_SMUG1_P1P2_ENSG00000123415,0.059298933,0.011570915,0.071366265
2290_DNAJC16_P1P2_ENSG00000116138,0.008964624,0.011574767,0.004049524
9982_ZBTB24_P1P2_ENSG00000112365,0.0076347273,0.01157501,-0.0042387745
9030_TMEM18_P1P2_ENSG00000151353,-2.2928978e-05,0.011578339,0.015040185
660_ATP5MC2_P1P2_ENSG00000135390,-0.028192341,0.011578649,0.015675547
7274_RGS14_P1_ENSG00000169220,0.023855928,0.0115885055,0.008514143
1114_C6orf62_P2_ENSG00000112308,0.026719104,0.011603197,0.01464425
9507_UBE2J1_P1P2_ENSG00000198833,-0.016424613,0.011605937,-0.00013948903
10406_ZNF507_P1P2_ENSG00000168813,0.0025464792,0.011606385,0.008062375
5656_NFYA_P1P2_ENSG00000001167,-0.03148302,0.011609286,0.004401123
1106_C6orf136_P1P2_ENSG00000204564,-0.004576665,0.01162235,0.027636355
206_AHI1_P1P2_ENSG00000135541,0.0050950926,0.011623237,0.005141933
4171_IQCE_P1P2_ENSG00000106012,-0.0018789634,0.011625567,0.029830521
6650_PPP1CB_P1P2_ENSG00000213639,-0.028231235,0.011629713,0.007491238
150_ADD2_P1P2_ENSG00000075340,0.0068772854,0.011636153,0.014801939
4734_LYZ_P1P2_ENSG00000090382,0.0049936064,0.011640412,0.015934391
9081_PIP4P2_P1P2_ENSG00000155099,0.003612579,0.01164107,0.0014513407
1704_CNBP_P1P2_ENSG00000169714,-0.049937353,0.011645419,0.020794882
2711_ERICH1_P1P2_ENSG00000104714,-0.01793897,0.011649153,-0.00764153
1332_CCNK_P2_ENSG00000090061,0.02335196,0.011654234,0.0038012706
9273_TRIM35_P1P2_ENSG00000104228,0.0074614314,0.011659172,0.0016658867
5725_NOA1_P1P2_ENSG00000084092,0.066992216,0.011665763,0.029317813
8268_SOGA1_P1P2_ENSG00000149639,-0.01233369,0.011671072,-0.0019988653
2219_DIABLO_P1P2_ENSG00000184047,0.007856405,0.011681644,0.016113015
7160_RBM15_P1P2_ENSG00000162775,-0.03936914,0.011683275,-0.013413725
7716_SDCBP_P1P2_ENSG00000137575,0.010117392,0.011683661,0.04013846
7760_SEL1L_P1P2_ENSG00000071537,-0.014472644,0.011686597,-0.014661686
8240_SNX11_P1P2_ENSG00000002919,0.008677139,0.011692975,0.01041011
2350_DPH6_P1P2_ENSG00000134146,0.004824846,0.011696395,-0.004624168
9930_YIPF1_P1P2_ENSG00000058799,0.0011749623,0.011700309,0.0034670224
11087_non-targeting_non-targeting_non-targeting,-0.017463546,0.011715731,0.0068301694
8834_TFAP2A_P2_ENSG00000137203,0.019131271,0.011721894,0.028932992
10121_ZIC4_P2_ENSG00000174963,0.029596208,0.011726252,0.026947826
8277_SOSTDC1_P1P2_ENSG00000171243,-0.0068753934,0.01173498,0.01335003
7085_RALGAPA1_P1P2_ENSG00000174373,-0.0010962032,0.011742833,0.009817333
762_BARHL1_P1P2_ENSG00000125492,-0.013330318,0.011743954,-0.013531369
10140_ZMIZ2_P1P2_ENSG00000122515,-0.0028485223,0.011762351,-0.0074601225
8532_STOM_P1P2_ENSG00000148175,-0.005418529,0.011765297,0.008258041
10546_ZNF678_P1P2_ENSG00000181450,0.008946433,0.011768163,0.015381739
9695_VAMP3_P1P2_ENSG00000049245,0.017203469,0.011768454,-0.0063346624
2399_DUSP10_P1P2_ENSG00000143507,-0.0035553612,0.011768935,0.023727953
1980_CXXC4_P1P2_ENSG00000168772,0.018381504,0.01177421,-0.00030479033
1225_CBR4_P1P2_ENSG00000145439,0.012119719,0.0117858,-0.00667274
4235_ITPKA_P1P2_ENSG00000137825,0.005177854,0.011796221,0.016838016
10301_ZNF341_P2_ENSG00000131061,0.0019263983,0.01180217,-0.022028847
5535_NDUFA2_P1P2_ENSG00000131495,0.016777601,0.011814412,-0.011305293
9238_TRAM1_P1P2_ENSG00000067167,-0.0065655494,0.011819917,0.01525654
917_BTBD10_P2_ENSG00000148925,0.033828236,0.011828012,0.00029015195
9052_TMEM237_P1P2_ENSG00000155755,-0.011169826,0.011829424,0.010855296
2779_EXOC2_P1P2_ENSG00000112685,-0.025899561,0.011833172,-0.0048703807
10070_ZFAND6_P1P2_ENSG00000086666,-0.010584459,0.011834808,0.011290833
7831_SF3A1_P2_ENSG00000099995,0.0033844963,0.011838764,-0.0019734995
5297_MT1X_P1P2_ENSG00000187193,0.0015718194,0.011839157,0.013572759
6_AAK1_P1P2_ENSG00000115977,0.02061474,0.011840423,0.009700068
8740_TBPL2_ENST00000247219.5_ENSG00000182521,0.008964102,0.011847248,0.013963516
10520_ZNF639_P1P2_ENSG00000121864,0.0021959117,0.011848126,0.025928926
7309_RING1_P1P2_ENSG00000204227,0.015227614,0.011850741,0.0010749568
7407_RNPS1_P1P2_ENSG00000205937,0.04101475,0.011850789,0.011040246
445_ARFGAP1_P1P2_ENSG00000101199,0.0029767915,0.011872544,0.011835152
608_ATF5_P1P2_ENSG00000169136,-0.051896986,0.011875971,-0.051927328
170_AEBP1_P1P2_ENSG00000106624,-0.00332002,0.011879009,0.003275696
5495_NCDN_P1P2_ENSG00000020129,-0.047266405,0.011880105,0.0035776724
10938_non-targeting_non-targeting_non-targeting,-0.0053312797,0.011886292,0.0050991355
8646_TACO1_P1P2_ENSG00000136463,0.009155657,0.011901209,0.017459918
920_BTBD2_P1P2_ENSG00000133243,-0.0038147701,0.011901822,0.00047800766
10947_non-targeting_non-targeting_non-targeting,0.0043507502,0.011901901,0.016535591
1664_CLN5_P1P2_ENSG00000102805,-0.018787505,0.011908222,0.0024610013
2761_ETV2_P1P2_ENSG00000105672,0.00017191072,0.011935829,0.012144688
11074_non-targeting_non-targeting_non-targeting,-0.031930428,0.011945501,-0.0142779
10547_ZNF679_P1P2_ENSG00000197123,0.0019193687,0.0119456705,0.04720827
175_AFF4_P1P2_ENSG00000072364,0.001251521,0.011949373,0.024411421
8359_SPIN1_P1P2_ENSG00000106723,-0.029536521,0.011953867,0.010551166
6438_PLEKHA8_P1P2_ENSG00000106086,0.015550395,0.011967275,0.024894634
5904_NUP98_P1P2_ENSG00000110713,0.011848511,0.011973927,0.0055857506
10129_ZKSCAN3_P1P2_ENSG00000189298,0.00094632216,0.011975362,0.011044257
8059_SLC37A1_P1P2_ENSG00000160190,-0.0003895494,0.011978421,0.00023677442
6937_PTPRH_P1P2_ENSG00000080031,0.00025852723,0.011984705,0.02985856
3926_HOXD4_P1P2_ENSG00000170166,0.0126392385,0.011985822,0.03641675
10397_ZNF492_P1P2_ENSG00000229676,0.0051636635,0.01199428,0.010187473
2188_DHODH_P2_ENSG00000102967,-0.0016746233,0.011995385,0.009892155
9017_TMEM168_P1P2_ENSG00000146802,-0.0013851792,0.011998175,0.034611724
1569_CHEK2_P1P2_ENSG00000183765,0.008521261,0.012000609,0.0057611507
2317_DNMT3B_P2_ENSG00000088305,0.011734778,0.0120072635,0.030860016
9551_UBXN10_P1P2_ENSG00000162543,-0.00011017164,0.012014822,0.0060474584
5410_MYSM1_P1P2_ENSG00000162601,0.07346473,0.012018334,0.06457417
224_AK1_P1P2_ENSG00000106992,-0.021083698,0.012029703,0.008374657
8808_TECPR1_P1P2_ENSG00000205356,-0.005390231,0.012034429,0.0037870007
2489_EEF2_P2_ENSG00000167658,0.005392101,0.012038544,0.019162098
6938_PTPRR_P1P2_ENSG00000153233,0.009601036,0.012041926,0.011568864
7464_RPL36AL_P1P2_ENSG00000165502,-0.002905578,0.0120578455,0.021760978
4240_ITPRIP_P1P2_ENSG00000148841,0.004578216,0.012065444,0.05781465
9491_UBAP2_P1P2_ENSG00000137073,-0.004569353,0.012066055,-0.032450832
542_ARPC5L_P1_ENSG00000136950,-0.0101587875,0.012070919,0.040508483
9501_UBE2E3_P1P2_ENSG00000170035,0.0016425697,0.012074279,0.020792063
5393_MYO16_ENST00000357550.2_ENSG00000041515,0.021714525,0.012075303,0.029256526
8474_ST6GALNAC1_P1P2_ENSG00000070526,-0.007875046,0.012081104,0.006130038
7266_RFXANK_P1P2_ENSG00000064490,0.028556226,0.012084781,0.017294664
4224_ITGAE_ENST00000263087.4_ENSG00000083457,0.027170852,0.0120972395,-0.006838329
5397_MYO1C_P1_ENSG00000197879,-0.0006616691,0.012100603,0.02441987
10726_ZSCAN32_P1P2_ENSG00000140987,-0.01567028,0.012121361,0.02952966
4381_KIF1A_P1P2_ENSG00000130294,-0.0016637055,0.012122791,0.043639626
2661_EPB41L5_P1P2_ENSG00000115109,0.0024741758,0.012124727,-0.011850624
4989_CSKMT_P1P2_ENSG00000214756,0.0120147485,0.012126446,-0.0028778503
11241_non-targeting_non-targeting_non-targeting,0.047763426,0.012127664,0.017773245
9159_TOE1_P1P2_ENSG00000132773,0.029510848,0.012131882,0.028693592
4046_IFNGR1_P1P2_ENSG00000027697,0.031292528,0.012132312,0.0018966993
3499_GPHN_P1P2_ENSG00000171723,0.017101325,0.012134881,0.026314387
7361_RNF167_P1P2_ENSG00000108523,0.004407915,0.012137697,0.018769769
3613_H2AFV_P1P2_ENSG00000105968,-0.0046840934,0.012140825,0.0034860575
8027_SLC2A3_P1P2_ENSG00000059804,0.025752347,0.01215337,0.034240205
7116_RARS2_P1P2_ENSG00000146282,-0.13921241,0.012157093,-0.030364692
11215_non-targeting_non-targeting_non-targeting,0.0019892259,0.012159132,0.0075601437
417_APOL2_P1P2_ENSG00000128335,-0.0061456407,0.012162786,-0.003805498
8926_TIMM8B_P1P2_ENSG00000150779,-0.02079957,0.012163741,-0.0066044377
2860_FAM13B_P1P2_ENSG00000031003,-0.020173134,0.012167127,-0.016875897
9358_TSPO_P1P2_ENSG00000100300,-0.0035627477,0.012168636,-0.0027598075
1506_CEP55_P1P2_ENSG00000138180,-0.019387612,0.0121694505,0.007870121
8967_TMBIM6_P1P2_ENSG00000139644,-0.018274872,0.012175109,0.030800281
5282_MSH5_P1P2_ENSG00000204410,0.010090391,0.0121787805,0.006088744
8610_SUZ12_P1P2_ENSG00000178691,-0.004441005,0.012179433,0.007069145
9064_TMEM259_P1P2_ENSG00000182087,-0.013761924,0.012181255,-0.0071943454
34_ABCF1_P2_ENSG00000204574,-0.008793731,0.012182656,-0.0022833198
1135_TMEM250_P1P2_ENSG00000238227,0.011273658,0.012187163,0.0023688127
8007_SLC25A41_P1P2_ENSG00000181240,-0.064268015,0.01218872,0.007007896
10253_ZNF273_P2_ENSG00000198039,-0.010529942,0.012194391,-0.006891099
7628_SAAL1_P2_ENSG00000166788,0.0018453075,0.0122096995,-0.0032526536
2896_FAM204A_P1P2_ENSG00000165669,0.043126736,0.012211522,-0.0019482347
11102_non-targeting_non-targeting_non-targeting,0.007812273,0.012211783,-0.00020161246
4305_KCTD2_P1P2_ENSG00000180901,-0.007399874,0.012214267,0.026260192
1646_CLDND1_P1P2_ENSG00000080822,-0.004036111,0.012216125,-0.020102886
3957_HSDL1_P1P2_ENSG00000103160,0.015765326,0.012216555,0.029285965
5305_MTCP1_P1P2_ENSG00000214827,0.010717717,0.012220542,0.0034662252
9549_UBR7_P1P2_ENSG00000012963,0.0070750816,0.01222441,0.008872328
6546_POLR2E_P1_ENSG00000099817,0.046248317,0.012231425,-0.002627082
8751_TBX20_P1P2_ENSG00000164532,-0.0055050794,0.012231485,-0.0037945989
5020_MFHAS1_P1P2_ENSG00000147324,0.014249053,0.012242131,0.0010769026
2440_E2F3_P2_ENSG00000112242,0.0018464356,0.012243022,0.04313854
3690_HEMGN_P1P2_ENSG00000136929,-0.0010632948,0.012246205,0.0069284174
11277_non-targeting_non-targeting_non-targeting,-0.0022299506,0.012246565,-0.0021291007
5223_MRPL40_P1P2_ENSG00000185608,-0.014668397,0.012247525,0.013707773
753_BAHD1_P1P2_ENSG00000140320,0.02699842,0.012260138,0.016647313
10952_non-targeting_non-targeting_non-targeting,-0.0061336416,0.012265669,-0.0015960927
1111_C6orf47_P1P2_ENSG00000204439,-0.018140875,0.012266621,-0.01609469
11331_non-targeting_non-targeting_non-targeting,-0.0044237687,0.012267913,0.007836711
3591_GTPBP1_P1P2_ENSG00000100226,0.01443631,0.012277822,-0.013285503
3377_GIT2_P1P2_ENSG00000139436,-0.0075876787,0.012278426,0.05110284
8636_SYVN1_P1P2_ENSG00000162298,-0.0007075515,0.012285379,-0.0030411258
4352_KIAA0895L_P1P2_ENSG00000196123,-0.012869163,0.012293381,0.010103647
28_ABCC4_P1P2_ENSG00000125257,-0.008061264,0.012295834,0.021873802
7069_RAD51D_P1P2_ENSG00000185379,0.0021578479,0.012296939,0.0017060568
8033_SLC30A7_P1P2_ENSG00000162695,-0.0013003321,0.01230395,0.018801598
913_BSG_P1P2_ENSG00000172270,-0.0030873318,0.01230803,0.001160949
7630_SAC3D1_P1P2_ENSG00000168061,0.011964675,0.012320156,-0.010925881
6763_PRKCQ_P1P2_ENSG00000065675,-0.012707849,0.0123261,0.032235365
4000_HYOU1_P1P2_ENSG00000149428,0.012392409,0.0123287365,0.030371172
8393_SQSTM1_P2_ENSG00000161011,0.021390101,0.012334606,0.007683506
9356_TSPAN4_P1_ENSG00000214063,0.0064102598,0.012336304,0.025718752
6805_PRPS2_P1P2_ENSG00000101911,0.02261815,0.0123407245,0.021387618
9467_TYW1B_ENST00000343721.5_ENSG00000277149,0.012116337,0.012343021,-0.030385936
10152_ZNF100_P1P2_ENSG00000197020,-0.0037622058,0.012352857,0.025373537
165_GRK3_P1P2_ENSG00000100077,0.015027657,0.012356551,0.0027557958
3477_GORASP2_P1P2_ENSG00000115806,-0.0030259618,0.012358839,0.0014777462
10907_non-targeting_non-targeting_non-targeting,-0.01941072,0.012360985,0.025755925
6346_PIGU_P1P2_ENSG00000101464,0.0039718826,0.012362477,-0.02746894
1645_CLDN7_P1P2_ENSG00000181885,0.0029012978,0.012368252,0.029359914
2096_DDOST_P1P2_ENSG00000244038,-0.08587305,0.012369452,0.010297078
7681_SCAMP2_P2_ENSG00000140497,-0.0115261255,0.0123698395,0.024160068
6535_POLR1C_P2_ENSG00000171453,0.0024217393,0.0123718595,0.013406101
7200_RCC2_P1_ENSG00000179051,0.0074706203,0.012373663,0.0005455475
6127_PCID2_P1_ENSG00000126226,-0.0138607705,0.012378989,0.018434854
4498_LAMA5_P1P2_ENSG00000130702,0.018238012,0.012387989,0.013095839
7098_RANGRF_P1P2_ENSG00000108961,0.0012498295,0.012401065,0.010762181
6624_PPID_P1P2_ENSG00000171497,0.003551925,0.012406282,0.012004243
9757_VPS41_P1_ENSG00000006715,-0.00922532,0.012407448,0.000722099
218_AIG1_P1P2_ENSG00000146416,0.005893477,0.012410547,-0.015713397
3055_FEM1A_P1P2_ENSG00000141965,0.0021422408,0.012410616,0.008365486
5438_NABP2_P2_ENSG00000139579,0.0066398587,0.01241357,0.011866713
4659_LRRC23_P1P2_ENSG00000010626,-0.015201315,0.012415145,0.02046448
4676_LRRC8C_P1P2_ENSG00000171488,-0.0068593384,0.012416793,0.019929867
5625_NFATC2_P1_ENSG00000101096,0.017011749,0.0124203265,0.01143864
2232_DIS3L_P1P2_ENSG00000166938,-0.007098332,0.012428442,0.02316412
6538_POLR1D_P2_ENSG00000186184,0.053184126,0.0124299135,0.015521449
268_ALG1_P1P2_ENSG00000033011,-0.015510224,0.0124387685,0.01794735
3543_GRSF1_P1P2_ENSG00000132463,0.014067505,0.012440232,0.0016100297
8535_BHLHE40_P1P2_ENSG00000134107,-0.0069167363,0.012446982,0.017098365
8617_SYCP2_P1P2_ENSG00000196074,-0.00092140445,0.012453458,0.008386725
301_ANAPC10_P1P2_ENSG00000164162,-0.042985074,0.012455517,-0.06616792
545_ARPP19_P1P2_ENSG00000128989,-0.0017307844,0.012459744,0.0049891006
5779_NR0B1_P1P2_ENSG00000169297,0.0141201345,0.012464092,0.020500703
3115_FLYWCH1_P1P2_ENSG00000059122,-0.0083151795,0.012464488,0.013282353
4118_ING1_P1_ENSG00000153487,-0.0061279386,0.0124654565,-0.0010947211
7128_RASSF5_P1P2_ENSG00000266094,0.008398593,0.012469862,0.0074082413
4205_ISCA2_P1P2_ENSG00000165898,-0.009762131,0.012483369,-0.015571027
11252_non-targeting_non-targeting_non-targeting,-0.0026496486,0.012484637,-0.0082877
2103_DDX11_P1P2_ENSG00000013573,0.011277999,0.012485865,0.02181925
5071_MIER3_P1P2_ENSG00000155545,0.013569053,0.012486119,0.023798594
4450_KMT2B_P2_ENSG00000272333,-0.014874035,0.01249167,0.025863629
9141_TNKS1BP1_P2_ENSG00000149115,-0.009050505,0.012499211,0.029987697
10828_non-targeting_non-targeting_non-targeting,-0.0046714256,0.012499234,0.020025082
3400_GLOD4_P1P2_ENSG00000167699,-0.012708228,0.012501031,0.005019232
5203_MRPL1_P1P2_ENSG00000169288,0.00063460966,0.012501929,0.006719747
5842_NT5DC1_P1P2_ENSG00000178425,0.028969018,0.012505138,0.00080103497
8817_TEN1_P1P2_ENSG00000257949,-0.0081017595,0.012506908,0.013665835
5497_NCK2_P1P2_ENSG00000071051,-0.0002291508,0.012507607,0.016833972
1118_C7orf26_P1P2_ENSG00000146576,0.0045200544,0.012514466,0.03959804
2386_DST_ENST00000370754.5_ENSG00000151914,0.0089038005,0.012515426,0.0089023905
7014_RAB21_P1P2_ENSG00000080371,-0.016641226,0.012517701,-0.001632555
4319_KDM2A_P1P2_ENSG00000173120,-0.009778901,0.012518102,0.0048567504
7383_RNF24_P1P2_ENSG00000101236,-0.029328672,0.012533118,0.039664384
3745_HIST1H1D_P1P2_ENSG00000124575,0.00011695737,0.012544382,0.0008121636
7412_ROR2_P1P2_ENSG00000169071,-0.020074142,0.012549108,-0.011393768
6047_PALB2_P1P2_ENSG00000083093,-0.005272045,0.012552877,0.011388296
9345_TSKU_P1P2_ENSG00000182704,-0.006502357,0.012561697,-0.0011915935
3836_HMGN3_P1P2_ENSG00000118418,0.0025455956,0.012568718,0.038279723
5614_NEUROD6_P1P2_ENSG00000164600,-0.012003913,0.0125787575,-0.024150634
3439_GNE_P1P2_ENSG00000159921,-0.031564314,0.012581759,0.017741747
317_ANKHD1_P1P2_ENSG00000131503,0.0015749192,0.012582154,0.0106532425
"9459_TXNRD1_ENST00000429002.2,ENST00000525566.1_ENSG00000198431",-0.010581951,0.012603764,0.00026484876
2995_FBXL19_P1P2_ENSG00000099364,-0.0022127016,0.012611481,0.021571489
4471_KRIT1_P1P2_ENSG00000001631,-0.0053118453,0.012616388,0.00090461376
4733_LYSMD3_P1P2_ENSG00000176018,-0.009380485,0.012627982,0.018517846
1936_CTNNAL1_P1P2_ENSG00000119326,-0.022042694,0.012632396,-0.011698855
5575_NDUFV1_P2_ENSG00000167792,0.015264159,0.012635188,0.017829346
537_ARPC3_P1_ENSG00000111229,0.0020617675,0.012640707,0.0037416252
3858_HNRNPA2B1_P1P2_ENSG00000122566,-0.030612616,0.012646641,-0.006212165
2160_DERA_P1P2_ENSG00000023697,0.0076611,0.012652376,0.0016939786
10273_ZNF296_P1P2_ENSG00000170684,-0.005204675,0.01266426,-0.021385735
4252_JKAMP_P1P2_ENSG00000050130,-0.014240181,0.012671794,-0.020303851
5868_NUDT1_P1P2_ENSG00000106268,0.006693702,0.012677492,0.01930812
10562_ZNF699_ENST00000591998.1_ENSG00000196110,0.013017505,0.012684037,-0.020363396
561_ASAH2B_P1P2_ENSG00000204147,0.005175951,0.012685143,0.01279301
758_BANF1_P1P2_ENSG00000175334,-0.023635063,0.012688765,-0.018055854
9123_TNFAIP8L2_P1P2_ENSG00000163154,-0.02282919,0.012691381,-0.0010603627
5414_MZT1_P1P2_ENSG00000204899,0.00877668,0.012691597,0.015799861
9298_TRIP6_P1P2_ENSG00000087077,0.011317655,0.012693138,0.018732836
7371_RNF19B_P1P2_ENSG00000116514,-0.004125052,0.012697159,0.016766518
6461_PLS1_P1_ENSG00000120756,0.04176196,0.012707152,0.0041121184
7273_RGS10_P1P2_ENSG00000148908,-0.020824898,0.012712,-0.00731288
6159_PDCD6_P1P2_ENSG00000249915,0.009570804,0.012712145,0.027727932
10208_ZNF213_P1P2_ENSG00000085644,-0.0088928435,0.012712941,-0.014120838
10083_ZFP36L1_P1_ENSG00000185650,0.017352669,0.012715792,0.014633377
8904_TICRR_P1P2_ENSG00000140534,-0.04862221,0.012716354,0.016788831
2187_DHFR_P1P2_ENSG00000228716,-0.0003061787,0.012723893,-0.0031608462
6209_PECR_P1P2_ENSG00000115425,0.0041480283,0.012735961,-0.011650952
2506_EGLN1_P1P2_ENSG00000135766,-0.0033328254,0.012736921,0.01790698
10527_ZNF652_P1P2_ENSG00000198740,0.017259339,0.0127507495,-0.011731719
5108_MLH1_P1P2_ENSG00000076242,0.010574293,0.012755255,0.021672754
5832_NSRP1_P1P2_ENSG00000126653,0.012125326,0.012761364,0.022534471
10435_ZNF546_P1P2_ENSG00000187187,-0.0116509255,0.012769208,0.008594579
1265_CCDC167_P1P2_ENSG00000198937,-0.007105801,0.01277127,0.0049024355
9485_UBAC1_P1P2_ENSG00000130560,0.0027365983,0.012774983,0.010761787
10335_ZNF404_P1P2_ENSG00000176222,0.0012847164,0.012775411,-0.0025250395
1138_CA11_P1P2_ENSG00000063180,0.0133169005,0.012778447,0.021479066
1013_C18orf32_P1P2_ENSG00000177576,0.06901593,0.012785622,0.02046526
2009_CYP51A1_P1P2_ENSG00000001630,-0.0071017677,0.012791303,0.010172878
5949_OR1D2_ENST00000331459.1_ENSG00000184166,0.0021670808,0.012794721,-0.008585245
8964_TMA7_P1P2_ENSG00000232112,-0.002149292,0.012803725,-0.011608001
2798_EXT2_P1P2_ENSG00000151348,0.0028358703,0.012808803,-0.0007670892
394_APBA3_P1P2_ENSG00000011132,0.007267606,0.012810286,0.0021360586
9251_TRAPPC6A_P1P2_ENSG00000007255,0.012682164,0.012810449,0.002206436
11247_non-targeting_non-targeting_non-targeting,0.008929251,0.012810719,0.050308574
2392_DTWD2_P1P2_ENSG00000169570,0.0075238817,0.012815637,-0.0022696585
5326_MTIF2_P1P2_ENSG00000085760,0.012728023,0.012818616,-0.002536636
8654_TAF13_P1P2_ENSG00000197780,0.11666499,0.012819382,0.047499005
707_ATXN7L3_P1P2_ENSG00000087152,-0.0030756614,0.012822655,0.013188278
7008_RAB13_P1P2_ENSG00000143545,-0.014398732,0.012836006,-0.00045133854
6940_CAVIN1_P1P2_ENSG00000177469,0.012276066,0.012836559,0.00941341
7879_SH3BP2_P2_ENSG00000087266,0.014880922,0.012837442,0.037512925
2823_FAHD2B_P1P2_ENSG00000144199,-0.0039472887,0.012839832,0.01918583
10117_ZHX3_P1P2_ENSG00000174306,-0.010123789,0.01284717,-0.00902643
3375_GIPR_P1P2_ENSG00000010310,0.021225344,0.01284717,-0.0070174923
6002_OVCA2_P1P2_ENSG00000262664,-0.008194136,0.012850947,-0.01167208
1977_CXCL2_P1P2_ENSG00000081041,-0.00017471105,0.012852328,0.0056073964
3140_FOS_P1_ENSG00000170345,-0.0037915835,0.012859605,0.02973501
6925_PTPN18_P2_ENSG00000072135,-0.003678202,0.012859844,-0.010116615
4798_MAP1LC3B_P1P2_ENSG00000140941,0.0020531574,0.012862871,0.021855704
5981_OSBPL8_P1P2_ENSG00000091039,-0.0057915454,0.012864432,0.009508643
2603_ELOVL6_P1P2_ENSG00000170522,0.0043034,0.012866535,0.014055372
1317_CCNB1_P1P2_ENSG00000134057,-0.003679121,0.012867375,0.011122762
10018_ZC3H11A_P1P2_ENSG00000058673,0.018684614,0.012873664,0.0134955505
2577_EIF5B_P1P2_ENSG00000158417,0.06244691,0.012875131,0.038695417
11310_non-targeting_non-targeting_non-targeting,0.003058148,0.012879248,0.0017463065
3474_GOPC_P1P2_ENSG00000047932,0.0046203933,0.012881175,0.034501363
2829_FAM104A_P1P2_ENSG00000133193,-0.0103117805,0.01288497,-0.009540884
7870_SH2D2A_P1_ENSG00000027869,0.008256546,0.012885823,0.03554211
5251_MRPS21_P1P2_ENSG00000266472,-0.058923986,0.012888879,0.028508706
402_APH1B_P1P2_ENSG00000138613,-0.0022938214,0.012890307,-0.0034217387
9585_UIMC1_P1P2_ENSG00000087206,0.012082029,0.012893971,0.02850714
589_ASPM_P1P2_ENSG00000066279,-0.013371122,0.012895869,0.00497585
7684_SCAND1_P1P2_ENSG00000171222,0.0071797953,0.012921834,0.010065766
2241_DLGAP4_P1P2_ENSG00000080845,-0.009946411,0.012923664,1.5114496e-05
9470_TYW5_P1P2_ENSG00000162971,-0.017427636,0.012924757,0.01063825
4664_LRRC41_P1P2_ENSG00000132128,0.024722409,0.012933193,-0.0014507455
6664_PPP1R18_P2_ENSG00000146112,-0.005173681,0.012934546,0.013043464
7048_RABGAP1_P1P2_ENSG00000011454,0.003260664,0.012935074,0.02121868
517_ARL6IP6_P1P2_ENSG00000177917,0.025375102,0.012937825,0.03609944
3520_GPSM2_P1P2_ENSG00000121957,0.021884507,0.012939962,0.025765294
8881_THAP8_P1P2_ENSG00000161277,0.012567659,0.012940232,0.008842138
5940_OMA1_P1P2_ENSG00000162600,-0.0040055322,0.012950701,0.025765099
8958_TM9SF1_P2_ENSG00000100926,0.015167676,0.012952532,0.012699055
5224_MRPL41_P1P2_ENSG00000182154,-0.09424006,0.0129536195,-0.0011327495
1065_CFAP298_P1P2_ENSG00000159079,-0.016156698,0.012963449,0.00012854635
9690_UXS1_P1P2_ENSG00000115652,0.024839565,0.012973466,0.0022801459
2941_FAM76A_P1P2_ENSG00000009780,-0.00017491939,0.012973814,0.015586227
6778_PRMT5_P2_ENSG00000100462,-0.016408194,0.012981229,-0.0042831823
3129_FNIP1_P1P2_ENSG00000217128,0.0027396735,0.013001759,0.032391068
2281_DNAJB1_P1P2_ENSG00000132002,-0.011367895,0.01300795,0.0027543192
1416_CDCA7L_P1P2_ENSG00000164649,0.003099285,0.013009283,0.012345952
7386_RNF26_P1P2_ENSG00000173456,0.016457736,0.01301763,0.010853126
8149_SMARCC2_P1P2_ENSG00000139613,0.003030002,0.0130197145,-0.004175792
3506_GPR108_P1P2_ENSG00000125734,-0.027946036,0.0130242165,-0.0030006797
9888_XBP1_P1P2_ENSG00000100219,0.019325098,0.013024345,-0.009967548
11153_non-targeting_non-targeting_non-targeting,-0.013554778,0.013031694,0.008951317
3587_GTF3C4_P1P2_ENSG00000125484,-0.004236087,0.013035005,0.015395535
5510_NCOA6_P1P2_ENSG00000198646,-0.010755636,0.013038602,0.0152149545
8731_TBCK_P1P2_ENSG00000145348,-0.029073026,0.013043029,0.008132777
8451_ITPRID2_P1P2_ENSG00000138434,-0.006230683,0.013054739,0.027925361
6177_PDHX_P1P2_ENSG00000110435,-0.0027152551,0.013061334,0.018605322
4922_MDP1_P1P2_ENSG00000213920,-0.0041374485,0.013069056,0.00216847
5313_MTFR2_P1P2_ENSG00000146410,0.005950788,0.01307053,0.0060135145
2996_FBXL20_P1P2_ENSG00000108306,0.007872282,0.013073944,0.01021804
2126_DDX50_P1P2_ENSG00000107625,0.017651169,0.0130763175,0.009851455
7590_RTN3_P1P2_ENSG00000133318,-0.027384205,0.013082136,0.030508656
11193_non-targeting_non-targeting_non-targeting,-0.017494213,0.013093577,-0.014647722
6076_PARP1_P1P2_ENSG00000143799,-0.04021936,0.013101249,0.01194509
10031_ZC3HC1_P1P2_ENSG00000091732,0.001741849,0.013103519,0.02220597
10011_ZBTB7C_P1_ENSG00000184828,-0.0074838856,0.013117596,-0.01344486
92_ACOT9_P1P2_ENSG00000123130,0.00033203245,0.01311963,-0.002307838
11093_non-targeting_non-targeting_non-targeting,0.00918892,0.013129935,-0.0057084328
8840_TFB1M_P1P2_ENSG00000029639,0.03217706,0.013146768,0.030970545
6809_PRR11_P1P2_ENSG00000068489,-0.027922524,0.01315224,0.011636577
9555_UBXN2A_P1_ENSG00000173960,-0.010327916,0.013158708,-0.001435547
11256_non-targeting_non-targeting_non-targeting,-0.000623922,0.013178755,0.0059781773
1237_CC2D1B_P1P2_ENSG00000154222,-0.013517399,0.013183429,-0.0078444965
4353_KHDC4_P1P2_ENSG00000132680,-0.008726378,0.0131920045,-0.010816143
2208_DHX32_P1P2_ENSG00000089876,0.011338183,0.01319425,0.0152137
769_BAX_P1P2_ENSG00000087088,0.0017707885,0.013199236,0.010452612
9846_WDR81_P1_ENSG00000167716,0.008062263,0.013202519,0.01275478
6799_PRPF40B_P1P2_ENSG00000110844,-0.0051799924,0.013208048,0.019434439
7584_RTEL1_P1P2_ENSG00000258366,0.021916771,0.013210639,-0.0025842902
273_ALG8_P1P2_ENSG00000159063,-0.012817165,0.013215489,-0.021585722
8361_SPIN4_P1P2_ENSG00000186767,-0.00045378655,0.013225103,0.027431624
1665_CLN6_P1P2_ENSG00000128973,0.009550228,0.013227874,0.01991037
2709_ERI2_P1P2_ENSG00000196678,0.03250545,0.013233229,0.037608042
6583_POU1F1_P1P2_ENSG00000064835,0.016835324,0.013239445,0.026377695
2069_DCP1A_P1P2_ENSG00000272886,-0.00886371,0.013239739,0.024461959
9892_XPC_P1_ENSG00000154767,0.013260086,0.013239766,0.025218928
493_ARID4A_P1P2_ENSG00000032219,0.011537224,0.013241228,0.01524273
5858_NUDCD1_P1P2_ENSG00000120526,-0.011254738,0.013245694,-0.008526436
11129_non-targeting_non-targeting_non-targeting,0.017110625,0.013245704,0.040001813
6234_PEX6_P1P2_ENSG00000124587,-0.009668472,0.013249777,0.0120158335
8781_TCF24_P1P2_ENSG00000261787,0.014408541,0.013252161,0.01718032
11323_non-targeting_non-targeting_non-targeting,-0.01215647,0.013266522,0.016640572
8329_SPATS2L_P1P2_ENSG00000196141,0.010213664,0.013266984,-0.003375651
2969_FAR1_P1P2_ENSG00000197601,-0.0155941015,0.013271332,-0.0017141777
5191_MRI1_P1P2_ENSG00000037757,-0.0054463944,0.013273142,0.026048796
3688_HELT_P1P2_ENSG00000187821,-0.0135783665,0.013275295,7.778257e-05
3035_FBXW4_P1P2_ENSG00000107829,-0.0019530106,0.01327824,0.017084774
8507_STIM1_P1P2_ENSG00000167323,0.0017530116,0.013279555,-0.020947607
473_ARHGDIB_P1P2_ENSG00000111348,-0.0007982414,0.013281166,0.014329556
10815_non-targeting_non-targeting_non-targeting,-0.026159216,0.013282321,0.017190756
8593_SUOX_P1P2_ENSG00000139531,-0.0076942435,0.013282581,0.020751705
7900_SHOX_P1P2_ENSG00000185960,-0.00089940935,0.013293806,0.01429497
9068_TMEM33_P1P2_ENSG00000109133,0.004557143,0.013301178,0.013097196
7976_SLC1A5_P1_ENSG00000105281,-0.022500917,0.013309308,0.0135352
10381_ZNF469_ENST00000437464.1_ENSG00000225614,-0.00090643764,0.013312717,0.0046041748
313_ANHX_P1P2_ENSG00000227059,-0.0047677057,0.0133215645,-0.0102808345
8579_SULT1A1_P1P2_ENSG00000196502,0.0030938578,0.013321719,0.01188412
3496_GPCPD1_P1P2_ENSG00000125772,-0.007078238,0.013321774,0.015460798
4041_IFITM1_P1P2_ENSG00000185885,0.012890545,0.013323639,0.0030642292
157_ADK_P1_ENSG00000156110,-0.011282332,0.01333497,0.010225103
1586_CHMP4B_P1P2_ENSG00000101421,0.032468386,0.013335695,0.0103707295
6082_PARVB_P1P2_ENSG00000188677,0.02742255,0.013338655,0.007449599
10351_ZNF428_P1P2_ENSG00000131116,-0.011449879,0.013344798,-0.01356062
5277_MSANTD4_P1P2_ENSG00000170903,-0.029058004,0.013344974,0.009235406
6594_POU4F1_P1P2_ENSG00000152192,0.00126542,0.013349071,0.021524161
6371_PIP4K2B_P1P2_ENSG00000276293,-0.002896934,0.013349204,-0.002473887
9369_TSSC4_P1P2_ENSG00000184281,0.01345361,0.0133496085,-0.0043128463
3355_GGCX_P1P2_ENSG00000115486,-0.028398916,0.013350256,0.009427174
6350_PIH1D1_P1P2_ENSG00000104872,-0.0024798594,0.013356022,0.032847833
3944_HS6ST1_P1P2_ENSG00000136720,-0.0041731014,0.013358264,0.012766274
8254_SNX33_P1P2_ENSG00000173548,0.011562911,0.013371312,0.006092136
9792_WBP1L_P1P2_ENSG00000166272,0.0024886404,0.01337491,0.0041842526
5018_MFF_P1P2_ENSG00000168958,-0.0032481176,0.013375136,-0.004329722
11033_non-targeting_non-targeting_non-targeting,0.006560163,0.013379143,0.005497855
960_C11orf95_P1P2_ENSG00000188070,-0.0061509786,0.013391405,-0.0152859865
10918_non-targeting_non-targeting_non-targeting,-0.010880318,0.013393261,-0.008617605
7223_REEP4_P1P2_ENSG00000168476,-0.017892072,0.01339363,0.011069467
5983_OSBP_P1P2_ENSG00000110048,-0.013999709,0.013398657,0.015047792
8981_TMEM101_P1P2_ENSG00000091947,0.0030070462,0.0134053845,0.009119635
2059_DCAF7_P1P2_ENSG00000136485,-0.010366716,0.013405457,-0.0032434633
7612_RWDD4_P1P2_ENSG00000182552,-0.042196184,0.013419495,0.007449691
9476_UAP1_P1P2_ENSG00000117143,-0.0066141537,0.013426628,0.034437403
171_AEBP2_P1P2_ENSG00000139154,0.01089194,0.013432951,-0.00016987945
10035_ZCCHC3_P1P2_ENSG00000247315,0.011178187,0.013433132,0.00782908
4704_LTB4R_P1P2_ENSG00000213903,0.01867561,0.013434564,0.021934114
861_BNC2_P1P2_ENSG00000173068,0.01789841,0.013445715,-0.0020123376
6957_PUS7L_P1P2_ENSG00000129317,0.028876876,0.013447323,0.026216788
142_ADA_P1P2_ENSG00000196839,0.009985767,0.013449773,0.013517066
4019_ID2_P2_ENSG00000115738,-0.01724811,0.0134508535,0.038339898
10645_ZNF79_P1P2_ENSG00000196152,0.025658228,0.013457218,0.017850611
8074_SLC39A3_P1P2_ENSG00000141873,-0.00086539716,0.013459812,0.002139283
4127_INO80C_P1P2_ENSG00000153391,0.027815541,0.013473637,0.026220195
1280_CCDC51_P1P2_ENSG00000164051,0.0059593245,0.013488231,0.01768684
3199_FRAT2_P1P2_ENSG00000181274,-0.009322426,0.013489432,0.030634515
7599_RUNDC1_P1P2_ENSG00000198863,0.027986206,0.013492056,0.008499917
3429_GNA13_P1P2_ENSG00000120063,-0.0155118685,0.013496839,0.0072764237
6892_PSTK_P1_ENSG00000179988,-0.0037692918,0.013500532,0.021262417
8915_TIMM10_P1P2_ENSG00000134809,0.005978172,0.013508035,0.034167144
2052_DCAF15_P1P2_ENSG00000132017,0.016140735,0.013514665,0.0073475405
7167_RBM26_P1P2_ENSG00000139746,-0.025176998,0.013524105,0.010726365
1932_CTDSPL2_P1P2_ENSG00000137770,-0.013477331,0.013529016,0.015948728
416_APOE_P1P2_ENSG00000130203,0.020521339,0.013539871,0.006527006
11156_non-targeting_non-targeting_non-targeting,-0.004205403,0.01354511,0.004679009
5095_MKNK1_P2_ENSG00000079277,-0.015827315,0.013545302,0.021216772
8357_SPIC_P1P2_ENSG00000166211,0.00048726267,0.013546997,0.011891374
10954_non-targeting_non-targeting_non-targeting,-0.00016345884,0.013552629,0.0066068843
10559_ZNF696_P1P2_ENSG00000185730,9.631577e-06,0.013559363,0.015958833
3398_GLMN_P1P2_ENSG00000174842,0.006600642,0.013563889,0.03260941
9528_UBE4A_P1P2_ENSG00000110344,-0.0016367676,0.013570365,0.00046028147
3903_HOXB5_P1P2_ENSG00000120075,-0.002190287,0.01357134,0.014778657
7304_RICTOR_P1P2_ENSG00000164327,-0.028890241,0.013574977,-0.030885296
1060_C20orf96_P1P2_ENSG00000196476,0.0077409474,0.013580794,-0.0069116117
5604_NES_P2_ENSG00000132688,-0.0035268518,0.013583067,-0.00020486812
2204_DHX16_P1P2_ENSG00000204560,0.004306307,0.013589424,0.0071040164
2373_DRG1_P1P2_ENSG00000185721,-0.022180049,0.013592077,0.005491641
"2864_FAM156B_ENST00000412319.1,ENST00000452021.2_ENSG00000179304",0.007153123,0.013598782,0.015792135
4895_MCFD2_P2_ENSG00000180398,-0.0055269776,0.013602717,0.008153144
5384_MYL12A_P2_ENSG00000101608,0.009644336,0.013615995,-0.0068233917
2961_FANCB_P1P2_ENSG00000181544,0.013802221,0.013617491,0.018371725
4218_ISYNA1_P1P2_ENSG00000105655,-0.0009380673,0.0136179505,0.01206878
2316_DNMT3B_P1_ENSG00000088305,0.009414794,0.013623295,0.011507242
6306_PHOX2A_P1P2_ENSG00000165462,0.02431302,0.013635112,-0.0053303433
6061_TENT4A_ENST00000230859.6_ENSG00000112941,-0.0062855785,0.013637266,0.02340226
7262_RFX5_P1P2_ENSG00000143390,0.0125144385,0.013647852,0.01745621
3266_GALM_P1P2_ENSG00000143891,-0.020221714,0.013657402,0.0037991037
7046_RABEPK_P1P2_ENSG00000136933,0.00531578,0.013657573,-0.0060611805
5508_NCOA4_P1P2_ENSG00000266412,0.005266457,0.01366149,0.010742563
6488_PNKP_P1P2_ENSG00000039650,-0.014066782,0.013665569,0.027117392
7215_RDH13_P2_ENSG00000160439,0.013820364,0.013666165,0.008411101
5696_NKX2-8_P1P2_ENSG00000136327,0.00797532,0.013672984,0.012964541
8520_STK32C_P2_ENSG00000165752,-0.028125484,0.013673641,0.020153848
5959_OR7A10_ENST00000248058.1_ENSG00000127515,-0.0017520789,0.013680414,-0.025422534
1096_C5orf15_P1P2_ENSG00000113583,-0.012216457,0.013687959,-0.013901097
3015_FBXO34_P1P2_ENSG00000178974,-0.0056799217,0.0136905685,0.002021439
1458_CDT1_P1P2_ENSG00000167513,0.029158333,0.013692853,-0.028675025
9873_WRAP53_P1P2_ENSG00000141499,-0.03771698,0.0137010105,-0.0023427259
727_B3GAT3_P1P2_ENSG00000149541,-0.002015126,0.013713218,0.03283784
3732_HINT1_P1P2_ENSG00000169567,-0.017701026,0.013713803,-0.010617915
4443_KLHL36_P2_ENSG00000135686,0.0076790377,0.01372596,0.03900159
676_ATP6V0D1_P1P2_ENSG00000159720,-0.0061981766,0.013727526,0.02713063
3459_GOLGA5_P1P2_ENSG00000066455,0.04373137,0.013728361,-0.052012376
10051_ZDHHC4_P1P2_ENSG00000136247,0.008157563,0.013731212,0.011501617
8858_TGDS_P1P2_ENSG00000088451,-0.00044515767,0.013732924,-0.020886362
8732_TBK1_P1P2_ENSG00000183735,0.000510439,0.013740389,-0.005386113
2807_F11R_P2_ENSG00000158769,0.0008276286,0.013741467,-0.0041446225
2730_ESF1_P2_ENSG00000089048,0.005133137,0.01374372,-0.0023964942
10962_non-targeting_non-targeting_non-targeting,0.011816265,0.01374467,0.001583578
4924_ME2_P1P2_ENSG00000082212,-0.015779039,0.013744826,-0.008738428
5652_NFS1_P1P2_ENSG00000244005,-0.012530938,0.013754747,0.0033958682
9698_VAMP8_P2_ENSG00000118640,0.02841641,0.013757267,-0.011297198
58_ABO_P1_ENSG00000175164,0.018571286,0.013761184,0.0055000205
1098_C5orf24_P1P2_ENSG00000181904,0.023115572,0.013768753,0.02510204
9503_UBE2G1_P1P2_ENSG00000132388,0.014113966,0.0137736285,0.0136616845
10180_ZNF160_P1P2_ENSG00000170949,0.0076738214,0.013781886,0.0074088355
5787_NR1I3_P1P2_ENSG00000143257,0.004011178,0.013787043,0.030624632
7355_RNF146_P1P2_ENSG00000118518,-0.016869945,0.013790203,0.003600872
4410_KLF12_P1P2_ENSG00000118922,-0.008737237,0.013799592,0.008668591
9103_TMEM9B_P1P2_ENSG00000175348,0.0070862924,0.013802907,0.004554525
3368_GINM1_P1P2_ENSG00000055211,0.012344203,0.013805791,0.017834319
3433_GNAS_P1P2_ENSG00000087460,0.021576626,0.013825021,0.0072005386
6934_PTPRC_P1P2_ENSG00000081237,-0.06300423,0.013825207,0.032091502
3921_HOXD11_P1P2_ENSG00000128713,0.024016954,0.013828502,0.023687337
3389_GLG1_P1P2_ENSG00000090863,-0.0051867403,0.013836944,0.016206764
7267_RFXAP_P1P2_ENSG00000133111,0.0063325204,0.013843028,0.01596898
1705_CNDP2_P2_ENSG00000133313,0.006804148,0.013847178,0.022044592
1324_CCNDBP1_P1P2_ENSG00000166946,0.0023482987,0.01384787,-0.03277792
1726_CNPY2_P1P2_ENSG00000257727,-0.00710854,0.013850764,0.012269204
7866_SGTB_P1P2_ENSG00000197860,-0.009118786,0.01385526,0.008296653
3939_HRC_P1P2_ENSG00000130528,0.0076728766,0.013861122,0.017606853
8368_SPPL2B_P1P2_ENSG00000005206,-0.013255565,0.013864745,-0.011243064
1151_CADM4_P1P2_ENSG00000105767,0.009404165,0.013878526,0.0064921374
617_ATG13_P1P2_ENSG00000175224,0.00013088185,0.013878579,0.001421395
8888_THOC2_P1P2_ENSG00000125676,-0.0032551116,0.013880056,0.008896014
2497_EFNA1_P1P2_ENSG00000169242,0.011749727,0.013880394,-0.024133272
7770_SEMA4C_P1_ENSG00000168758,-0.015370579,0.013881515,0.018253705
11200_non-targeting_non-targeting_non-targeting,-0.0243482,0.013884924,0.013400467
11320_non-targeting_non-targeting_non-targeting,-0.019180056,0.013889923,-0.01720607
1157_CALM1_P1P2_ENSG00000198668,0.0040563275,0.0138935,0.00751943
4796_MAP1A_P1P2_ENSG00000166963,0.009222823,0.013900241,0.018984683
10607_ZNF750_P1P2_ENSG00000141579,-0.005780659,0.013905793,-0.024055546
775_BBC3_P1P2_ENSG00000105327,0.01573196,0.013910947,0.014965246
2956_FAM98A_P1P2_ENSG00000119812,-0.0014963235,0.013912065,-0.002386822
4790_MAN2C1_P1P2_ENSG00000140400,0.013917515,0.013912775,-0.008460493
1088_FAM241A_P1P2_ENSG00000174749,0.0032594719,0.0139190005,-0.009531874
4714_LUC7L2_P2_ENSG00000146963,-0.003508496,0.01392691,0.0059934873
1519_CEP97_P1P2_ENSG00000182504,0.0011233395,0.013929246,0.0104755
7101_RAP1B_P1P2_ENSG00000127314,0.0031804405,0.0139379045,0.022314038
6035_PAFAH1B3_P1P2_ENSG00000079462,0.006799689,0.013945638,0.020834992
8715_TBC1D24_P1P2_ENSG00000162065,0.0064996136,0.013951669,0.0126279835
5801_NR4A3_P1P2_ENSG00000119508,0.0013065984,0.013957459,0.016966064
4116_INCENP_P1P2_ENSG00000149503,0.018358486,0.013962111,0.026560005
4131_INPP1_P1P2_ENSG00000151689,-0.0174897,0.013962743,0.02633703
3274_GALNT7_P1P2_ENSG00000109586,-0.041450504,0.013963512,0.009368869
10389_ZNF484_P1P2_ENSG00000127081,-0.014692568,0.013978308,0.028657516
5245_MRPS15_P1P2_ENSG00000116898,-0.013784528,0.013980303,0.017584693
10197_ZNF19_P1P2_ENSG00000157429,0.0032798261,0.013983872,-0.021801572
11191_non-targeting_non-targeting_non-targeting,0.00104591,0.013998056,-0.019197766
10710_ZSCAN12_P1P2_ENSG00000158691,0.0026465098,0.0140025085,-0.010539376
10543_ZNF675_P1P2_ENSG00000197372,-0.009825992,0.014005051,0.025608154
9165_TOMM34_P1P2_ENSG00000025772,-0.019161781,0.014005389,-0.0036365332
1568_CHEK1_P1P2_ENSG00000149554,0.022549765,0.014014208,0.025351
4894_MCFD2_P1_ENSG00000180398,0.0006753736,0.014016794,-0.0031432996
6411_PLAG1_P1P2_ENSG00000181690,-0.0058364514,0.014028727,-0.00993722
5617_NEUROG3_P1P2_ENSG00000122859,0.012699322,0.014030799,0.023036571
8293_SOX4_P2_ENSG00000124766,-0.01759925,0.014031164,0.01241103
161_ADO_P1P2_ENSG00000181915,-0.01890478,0.01403216,0.01992306
3128_FNDC4_P1P2_ENSG00000115226,0.00016969204,0.014034452,0.007295726
8885_THEMIS2_P1P2_ENSG00000130775,-0.010382563,0.014037081,-0.049203847
8575_SUDS3_P1P2_ENSG00000111707,0.021555908,0.0140409125,-0.015102511
10270_ZNF287_P1P2_ENSG00000141040,-0.0015146434,0.014046888,0.0013312711
11269_non-targeting_non-targeting_non-targeting,0.00088021765,0.0140587725,0.044179335
4136_INPP5E_P1P2_ENSG00000148384,-0.019354727,0.014059494,0.01729907
1247_CCDC117_P1P2_ENSG00000159873,-0.003225502,0.014061244,0.003456519
6332_PIGC_P1P2_ENSG00000135845,-0.038270686,0.014066165,-0.025617562
2197_DHRS4L2_ENST00000382755.4_ENSG00000187630,-0.0091453595,0.014069484,0.02030576
2504_EGFL7_P2_ENSG00000172889,0.032355938,0.014069686,0.045794226
3661_HDAC10_P1P2_ENSG00000100429,0.012122583,0.014076274,0.012706609
5782_NR1H2_P1P2_ENSG00000131408,0.01448782,0.014089052,0.02020084
7872_SH3BGRL2_P1P2_ENSG00000198478,0.0043349466,0.014089494,0.0069624865
536_ARPC2_P1_ENSG00000163466,0.020742321,0.014090864,0.029033886
7832_SF3A2_P2_ENSG00000104897,-0.0059982636,0.014090938,0.007344216
1975_CWF19L1_P1P2_ENSG00000095485,-0.02684118,0.01409257,0.0091072945
5310_MTFP1_P1P2_ENSG00000242114,-0.0036843037,0.014092755,0.0052503445
10686_ZNF880_P1P2_ENSG00000221923,-0.029446749,0.01409827,-0.003379375
1692_CMC4_P1P2_ENSG00000182712,0.014987415,0.014111706,0.029956972
2083_DCUN1D5_P1P2_ENSG00000137692,-5.5316035e-05,0.0141218435,0.018490108
6369_PINX1_P1P2_ENSG00000254093,0.0026364154,0.014123287,0.037931032
4289_KBTBD4_ENST00000450908.1_ENSG00000123444,-0.0037860097,0.014127552,-0.0017968186
1500_CEP192_P1P2_ENSG00000101639,-0.0065200417,0.014133336,-0.0059158346
6048_PALM3_ENST00000340790.4_ENSG00000187867,0.0009928274,0.014140265,-0.0034793252
7581_RSU1_P1P2_ENSG00000148484,0.04564052,0.014140772,-0.0032084666
570_ASCC1_P1P2_ENSG00000138303,-0.017899357,0.014155652,0.0075943554
10440_ZNF551_P1P2_ENSG00000204519,0.018639922,0.014155658,-0.017607948
8989_TMEM120A_P1P2_ENSG00000189077,0.018517349,0.014172077,0.048754852
202_AHCYL1_P1_ENSG00000168710,0.013896202,0.014172651,0.013274732
8753_TBX22_P1P2_ENSG00000122145,-0.025916992,0.014173746,0.020407714
3870_HNRNPLL_P1P2_ENSG00000143889,-0.006256092,0.014175403,0.0029694687
6985_QPRT_P1_ENSG00000103485,-0.002236649,0.014179288,-0.0003934222
2782_EXOC5_P1P2_ENSG00000070367,0.022741072,0.014186292,0.0037169806
5166_MPHOSPH8_P1_ENSG00000196199,0.004198726,0.014186799,0.0064208875
6376_PISD_ENST00000382151.2_ENSG00000241878,0.015396218,0.014192225,0.015859107
2240_DLG5_P1P2_ENSG00000151208,0.028022954,0.014198551,0.009378923
3106_FLCN_P1P2_ENSG00000154803,0.035835568,0.014206841,0.069971986
6453_PLK1_P1P2_ENSG00000166851,-0.01984947,0.014208324,0.029621087
6073_PARN_P1P2_ENSG00000140694,0.041122533,0.014212375,0.025713686
3027_FBXO5_P1P2_ENSG00000112029,0.0052245604,0.014221424,-0.006249831
6426_PLCXD1_P1_ENSG00000182378,-0.015396757,0.014223962,0.023250258
2094_DDIT4_P1P2_ENSG00000168209,0.006094196,0.014227644,0.022960432
10082_ZFP30_P1P2_ENSG00000120784,0.026297616,0.014246284,0.0029669662
9145_TNNT1_P1_ENSG00000105048,0.014024362,0.014247692,0.019115118
2043_DBP_P1P2_ENSG00000105516,0.019217525,0.01425593,-0.018433506
6395_PKM_P2_ENSG00000067225,-0.0021195356,0.014257191,0.0019426509
7120_RASA2_P1P2_ENSG00000155903,0.009519735,0.014258362,0.014946626
93_ACOX1_P1P2_ENSG00000161533,-0.0019268848,0.014258937,0.04232522
5488_NCAPD3_P1P2_ENSG00000151503,0.021935625,0.014259097,-0.0023985181
803_BCL2L2_P1P2_ENSG00000129473,-0.019897336,0.014260971,0.0005914097
5072_MIF4GD_P1P2_ENSG00000125457,-0.0076103895,0.014268474,0.018675271
7951_SLC10A3_P1P2_ENSG00000126903,-0.012007999,0.014273556,-0.010778983
185_AGFG2_P1P2_ENSG00000106351,0.012027897,0.01427424,0.016736489
8314_SP9_P1P2_ENSG00000217236,0.012001404,0.014282039,0.0075968863
7940_SKAP2_P1P2_ENSG00000005020,0.019382162,0.014288527,0.0074025104
7857_SGMS1_P1P2_ENSG00000198964,-0.010410153,0.014308311,0.035061646
4236_ITPKC_P1P2_ENSG00000086544,0.0013320153,0.014309981,0.014313589
8129_SMAD1_P1P2_ENSG00000170365,-0.0070173903,0.014324188,0.00038253664
4524_LASP1_P1P2_ENSG00000002834,0.016089344,0.014332623,0.002795434
6116_PCCB_P1_ENSG00000114054,-0.011508492,0.01434123,0.00035436693
7054_RABL6_P1P2_ENSG00000196642,0.0011502691,0.014363581,0.023241634
9603_UPF3B_P1P2_ENSG00000125351,0.0022018082,0.014364416,-0.001040398
4469_KREMEN2_P1P2_ENSG00000131650,-0.014803707,0.01436532,-0.012270085
846_BLOC1S3_P1_ENSG00000189114,0.011791636,0.014377402,0.022701757
7892_SHCBP1_P1P2_ENSG00000171241,-0.0036563105,0.014377443,0.024092926
1255_CCDC130_P1_ENSG00000104957,0.04455344,0.014386914,0.016213074
6649_PPP1CA_P2_ENSG00000172531,0.013996021,0.014386944,0.03050241
8455_SSR2_P1P2_ENSG00000163479,-0.008724302,0.01439207,-0.015966304
8429_SRSF11_P1_ENSG00000116754,-0.0066105253,0.014393023,0.01916087
3174_FOXN3_P2_ENSG00000053254,-0.010676414,0.014405774,-3.9698185e-05
7820_SETD6_P1P2_ENSG00000103037,0.015231211,0.014406623,0.008772819
10034_ZCCHC17_P1P2_ENSG00000121766,0.020144053,0.0144097945,-0.010694004
6688_PPP2R5A_P1P2_ENSG00000066027,-0.0077012107,0.014426512,0.0019392004
6171_PDE8A_P2_ENSG00000073417,-0.024850542,0.014428302,-0.01972014
6982_QDPR_P1P2_ENSG00000151552,-0.005723473,0.014438016,0.0025527354
5004_METTL3_P1P2_ENSG00000165819,-0.020443682,0.014438656,-0.019813359
1985_CXorf56_P1P2_ENSG00000018610,0.011689373,0.01443887,0.020748995
6676_PPP1R8_P1P2_ENSG00000117751,-0.012899521,0.014441504,0.04253391
3695_HERPUD1_P1P2_ENSG00000051108,0.004667908,0.0144443,0.0358756
6434_PLEKHA2_P1P2_ENSG00000169499,0.0024602471,0.014449494,-0.0037742897
4914_MDC1_P1P2_ENSG00000137337,0.0060839313,0.01445098,0.03231539
7114_RARG_P1_ENSG00000172819,-0.011162485,0.0144621525,0.019201765
11158_non-targeting_non-targeting_non-targeting,0.018288245,0.014464364,-0.0061666756
9546_UBR3_P1P2_ENSG00000144357,0.011011705,0.014470772,0.0127632655
2927_FAM53C_P1P2_ENSG00000120709,-0.0007689067,0.0144709665,0.026358696
10046_ZDHHC18_P1P2_ENSG00000204160,0.00167095,0.014476046,0.017790584
4706_LTBP3_P1P2_ENSG00000168056,-0.00023302555,0.014482471,-0.0018770848
4325_KDM4B_P1P2_ENSG00000127663,0.006389605,0.014483982,0.025483992
1055_C1orf61_P1_ENSG00000125462,0.0010656845,0.014500458,0.01795401
4367_RESF1_P1P2_ENSG00000174718,-0.0063039563,0.014503651,0.017388863
6198_PDSS1_P1P2_ENSG00000148459,0.018390529,0.014518851,0.049017552
2912_WASHC2C_P1P2_ENSG00000172661,-0.0056998823,0.014518884,0.0037748576
5856_NUCB2_P1P2_ENSG00000070081,0.0143443495,0.014519799,0.031336725
3476_GORASP1_P1P2_ENSG00000114745,-0.0039102994,0.014525105,-0.014717414
7709_SCRT1_P1P2_ENSG00000261678,0.017868573,0.014527654,0.011905047
3759_HIST1H2BB_P1P2_ENSG00000276410,0.0016036677,0.01452843,0.020920096
4962_MEF2C_P1P2_ENSG00000081189,0.011894166,0.014541516,0.008459566
10249_ZNF267_P1_ENSG00000185947,-0.0039545726,0.014544422,-0.0063152355
10239_ZNF253_P1P2_ENSG00000256771,-0.019241055,0.014546516,0.012800462
814_BDH2_P1P2_ENSG00000164039,0.014904571,0.014557578,-0.0074025174
8541_STRIP2_P1P2_ENSG00000128578,0.014302926,0.014558371,0.0122641185
7250_RFESD_P1P2_ENSG00000175449,-0.0022545569,0.014567303,0.0048385654
2171_DGAT1_P1P2_ENSG00000185000,0.0067717265,0.014568327,0.028255727
7043_RABAC1_P1P2_ENSG00000105404,0.005408915,0.0145775005,0.024953721
9593_UNC45A_P2_ENSG00000140553,-0.013900594,0.014587858,0.003225516
1477_CENPB_P1P2_ENSG00000125817,0.0037185904,0.014591231,0.010666427
1226_CBS_P1P2_ENSG00000160200,0.003777738,0.014591333,0.020970993
3779_HIST1H4D_ENST00000340756.2_ENSG00000277157,-0.0045305914,0.014610701,0.022748258
4549_LEMD2_P1P2_ENSG00000161904,-0.0013416153,0.014611334,0.0137581015
7614_RXRB_P1P2_ENSG00000204231,0.012657944,0.01461232,0.01378361
7649_SAP30BP_P1P2_ENSG00000161526,0.05768924,0.014628838,-0.0036212096
1622_CITED1_P2_ENSG00000125931,0.0029394955,0.014632537,0.016695946
8052_SLC35F5_P1P2_ENSG00000115084,-0.009273296,0.01463603,0.039788984
3495_GPBP1_P1P2_ENSG00000062194,0.013176692,0.0146529535,0.014311214
3070_FGF2_P1P2_ENSG00000138685,-0.0030222277,0.014657277,-0.012165209
1371_CD58_P1P2_ENSG00000116815,-0.0005910676,0.014670849,0.0061080437
7472_RPL3_P1P2_ENSG00000100316,0.020392068,0.01467515,0.02213073
10586_ZNF718_ENST00000502662.1_ENSG00000250312,0.0022867927,0.01467947,0.0053665354
7816_SETD2_P1P2_ENSG00000181555,-0.0021741202,0.014684656,-0.0013184004
7016_RAB23_P1P2_ENSG00000112210,0.012564737,0.014689764,0.044955812
6072_PARL_P1P2_ENSG00000175193,-0.0097472565,0.014691764,0.0069900383
5581_NECAP1_P1P2_ENSG00000089818,-0.0023017784,0.014700135,0.00903587
4181_IREB2_P1P2_ENSG00000136381,-0.0021254355,0.014701208,0.016083732
9022_TMEM179B_P1P2_ENSG00000185475,0.011138967,0.0147020165,0.03584182
6714_PRADC1_P1P2_ENSG00000135617,0.012333412,0.014706173,0.013346714
7144_RBBP8_P1P2_ENSG00000101773,-0.018812085,0.014709185,0.004926791
8665_TAF5L_P1P2_ENSG00000135801,0.05971112,0.014725581,0.012293625
10074_ZFHX2_P1_ENSG00000136367,0.002543994,0.014727162,0.0080535
5792_NR2E3_P1P2_ENSG00000278570,-0.0032392018,0.014735919,0.0022176798
2924_FAM49B_P1_ENSG00000153310,-0.0011072604,0.014748369,0.011447504
9878_WSB1_P1P2_ENSG00000109046,-0.019870985,0.014753515,0.0116853295
3189_FOXP4_P1P2_ENSG00000137166,0.023572013,0.014768356,0.010073248
10400_ZNF497_P1P2_ENSG00000174586,-0.023459192,0.014770824,-0.05603994
5185_MRAS_P1P2_ENSG00000158186,-0.022778682,0.014774267,0.0032631706
1057_C20orf203_P1P2_ENSG00000198547,-0.018955698,0.01477465,-0.007637832
5055_MICAL3_P2_ENSG00000243156,-0.008344302,0.014777298,0.030851465
3112_FLOT1_P1P2_ENSG00000137312,-0.0036722277,0.014786701,0.013283785
1815_COX5A_P1P2_ENSG00000178741,-0.092421375,0.014799216,-0.014032402
9101_TMEM98_P1P2_ENSG00000006042,0.014727965,0.014800224,0.00032563246
9449_TXNDC12_P1P2_ENSG00000117862,0.025306305,0.014801397,-0.014337359
4749_MAEA_P2_ENSG00000090316,0.009656359,0.014804389,0.0015428446
10068_ZFAND3_P1P2_ENSG00000156639,0.036070686,0.014805808,0.0061370907
509_ARL4A_P1P2_ENSG00000122644,0.014029209,0.014812005,0.00061445584
166_ADRM1_P1P2_ENSG00000130706,0.0027372546,0.014816172,0.00815342
6759_PRKAR2B_P1P2_ENSG00000005249,0.0069687874,0.014819004,0.013082306
7151_RBL2_P2_ENSG00000103479,-0.018811109,0.01482931,0.0023800025
1466_CEBPB_P1P2_ENSG00000172216,-0.028902292,0.014834553,-0.0009654403
9414_TUBB2B_P2_ENSG00000137285,0.01175767,0.0148386005,0.005457937
7913_SIL1_P1P2_ENSG00000120725,0.008700629,0.0148433745,0.017999278
9807_WDR19_P1P2_ENSG00000157796,-0.027287886,0.014853424,0.0071430444
9819_WDR41_P1P2_ENSG00000164253,-0.016662586,0.014854035,0.017861295
1435_CDK5RAP1_P1_ENSG00000101391,0.000115787174,0.014855665,0.016897447
8810_TEC_P1P2_ENSG00000135605,0.010429034,0.014855752,0.0119683165
8704_TBC1D10A_P1P2_ENSG00000099992,-0.006044557,0.014858864,0.010827751
2311_DNM1L_P1P2_ENSG00000087470,-0.021338558,0.014859888,0.015374661
9640_USP20_P1P2_ENSG00000136878,-0.008306309,0.014862391,0.001245663
4743_MACROD1_P1P2_ENSG00000133315,0.022542557,0.014862779,-0.0016947768
966_C12orf4_P1P2_ENSG00000047621,0.024126772,0.014877227,0.018648703
755_BAIAP2_P1P2_ENSG00000175866,0.008509925,0.014877767,0.0023594769
9075_TMEM44_P1P2_ENSG00000145014,0.016052904,0.0148778185,0.015837857
10507_ZNF619_P1P2_ENSG00000177873,-0.010532429,0.014879693,0.0004105213
5264_MRPS35_P1P2_ENSG00000061794,-0.05411895,0.014884116,0.012780835
1100_C5orf30_P1P2_ENSG00000181751,-0.017699705,0.014887832,0.016158914
3878_HNRNPU_P1P2_ENSG00000153187,-0.08172689,0.014888197,0.045134887
2274_DNAJA1_P1_ENSG00000086061,-0.013691618,0.014897638,0.006105305
5348_MTX1_P1P2_ENSG00000173171,-0.025010211,0.014898882,-0.02634596
307_ANAPC2_P1P2_ENSG00000176248,0.003650564,0.014899157,0.033288136
6390_PKIB_P1_ENSG00000135549,0.00421446,0.014900548,-0.00041121134
9591_UNC13D_P1P2_ENSG00000092929,0.0027123285,0.014903595,-0.0055222646
2395_DUS1L_P1P2_ENSG00000169718,-0.0029157682,0.014916883,0.002206919
4732_LYSMD2_P1P2_ENSG00000140280,-0.011861869,0.014920247,0.014183684
10919_non-targeting_non-targeting_non-targeting,0.0035590113,0.014936939,0.012832651
375_AP2B1_P1P2_ENSG00000006125,0.012796165,0.014943456,-0.005035614
3273_GALNT6_P1P2_ENSG00000139629,0.057264652,0.014945792,0.021588208
10763_non-targeting_non-targeting_non-targeting,0.021203175,0.0149554275,0.014019465
3868_HNRNPH3_P1P2_ENSG00000096746,-0.02024182,0.014966832,-0.005226858
9187_TOR4A_P1P2_ENSG00000198113,-0.0046954304,0.014969203,0.04224401
8163_SMCO4_P1P2_ENSG00000166002,0.018537937,0.014974505,0.04336426
2540_EIF2D_P1P2_ENSG00000143486,-0.0050460487,0.014982367,0.034436934
5668_NIF3L1_P1P2_ENSG00000196290,-0.0131746335,0.01499152,0.037432592
4246_JAGN1_P1P2_ENSG00000171135,-0.029943284,0.014995646,0.0049461625
9399_TTI2_P1P2_ENSG00000129696,0.0038513783,0.0150063615,-0.054343652
7861_SGPP1_P1P2_ENSG00000126821,-0.007140557,0.015010201,0.011307341
3608_GYPC_P1P2_ENSG00000136732,0.0024085988,0.015010573,0.019922102
3783_HIST1H4J_P1P2_ENSG00000197238,0.019053856,0.015015218,0.008441656
6172_PDE8A_P1_ENSG00000073417,-0.0044686985,0.0150161525,0.025538923
8041_SLC35B1_P1P2_ENSG00000121073,-0.00016784843,0.01501648,0.0134709915
5269_MRPS9_P1P2_ENSG00000135972,-0.040903885,0.015017636,-0.030678717
10964_non-targeting_non-targeting_non-targeting,0.005598166,0.015021531,0.0008508978
9781_INTS14_P1P2_ENSG00000138614,0.027297009,0.015022581,0.04629188
9998_ZBTB44_P1P2_ENSG00000196323,0.026268885,0.015023944,0.0037413887
6448_PLEKHN1_P1P2_ENSG00000187583,-0.011478734,0.0150284255,0.012736914
9318_TRNP1_P1P2_ENSG00000253368,0.0039233686,0.015030517,-0.010999971
3054_FECH_P1P2_ENSG00000066926,0.055310495,0.0150317075,-0.098070405
10254_ZNF273_P1_ENSG00000198039,0.0030656124,0.015034554,0.017650282
8465_ST13_P1P2_ENSG00000100380,0.0137389,0.015037496,0.021703176
4480_KRTAP4-2_P1P2_ENSG00000244537,0.006486833,0.015039115,0.0010859075
11321_non-targeting_non-targeting_non-targeting,0.0197254,0.01503993,0.004137775
7313_RIOK3_P1P2_ENSG00000101782,0.025175322,0.015076472,0.0045451545
6019_P4HA2_P1P2_ENSG00000072682,-0.008498141,0.015077312,-0.0071062567
7296_RHOT1_P1P2_ENSG00000126858,-0.019721963,0.015081724,0.002926363
7427_RPF2_P1P2_ENSG00000197498,0.10130318,0.015083676,0.02904295
2335_DOLPP1_P1P2_ENSG00000167130,0.021483924,0.015101844,0.0075684753
3123_FNBP1_P1P2_ENSG00000187239,-0.032517754,0.015109877,0.014587023
807_BCL7B_P1P2_ENSG00000106635,0.0044076513,0.0151122175,-0.01070411
297_AMPD2_P2_ENSG00000116337,0.0012104211,0.015117378,0.015052411
9468_TYW1_P1P2_ENSG00000198874,0.0412659,0.015127569,0.009249683
4648_LRP12_P1P2_ENSG00000147650,-0.006606556,0.015128868,0.01859749
7183_RBM6_P1P2_ENSG00000004534,-0.026794717,0.015129153,0.0154258115
3276_GAL_P1P2_ENSG00000069482,0.01390955,0.015133877,0.016100062
2298_DNAJC30_P1P2_ENSG00000176410,-0.008748616,0.015135442,0.018422294
11254_non-targeting_non-targeting_non-targeting,-0.018446496,0.015140519,0.0019084698
8111_SLC7A8_P1P2_ENSG00000092068,-0.013776204,0.015149393,0.0071806847
8544_STRN_P1P2_ENSG00000115808,0.0007700773,0.015159415,0.0036284684
9638_USP19_P1P2_ENSG00000172046,0.009698158,0.015162899,-0.013573522
1850_CPXCR1_P1P2_ENSG00000147183,-0.018592333,0.015173306,0.01250127
1507_CEP57L1_P1P2_ENSG00000183137,-0.0003792335,0.015173737,0.01626572
9917_YAF2_P1P2_ENSG00000015153,0.010190863,0.015175961,-0.008103946
10754_non-targeting_non-targeting_non-targeting,0.017267385,0.015187718,0.0046923403
9486_UBAC2_P1P2_ENSG00000134882,0.009014072,0.015188448,0.011162326
8592_SUN2_P1P2_ENSG00000100242,0.0065603126,0.015190258,0.0320111
8342_SPECC1L_P1P2_ENSG00000100014,-0.0088182455,0.015206466,-0.0068179667
4183_IRF2BP1_P1P2_ENSG00000170604,-0.016377762,0.015207879,-0.0068062195
7534_RPS6KC1_P1P2_ENSG00000136643,-0.004990875,0.015208176,0.04510657
5978_OSBPL3_P1P2_ENSG00000070882,-0.01143705,0.015214648,0.0023519255
8702_TAX1BP3_P1P2_ENSG00000213977,0.01891085,0.0152160665,0.0024596492
5402_MYO9A_P1P2_ENSG00000066933,0.0027875518,0.015220262,0.038031362
4504_LAMTOR1_P1P2_ENSG00000149357,0.006815641,0.015224948,0.06421138
1829_CPEB4_P1P2_ENSG00000113742,-0.040430464,0.015251255,0.026851514
8927_TIMM9_P1P2_ENSG00000100575,0.030292906,0.015261081,0.045946606
10251_ZNF268_P1P2_ENSG00000090612,0.0033237927,0.01527208,0.013916794
9153_TNRC6A_P1P2_ENSG00000090905,-0.012625649,0.015273376,0.03580969
9887_XAGE1B_ENST00000518075.1_ENSG00000204382,-0.03307329,0.015275462,0.05159776
3003_FBXO11_P1P2_ENSG00000138081,-0.017230675,0.015281719,0.0056777955
8025_SLC2A13_P1P2_ENSG00000151229,0.010855441,0.015303408,0.0333864
2388_DTD2_P1P2_ENSG00000129480,0.013700878,0.015307001,0.013860208
5124_MMP15_P1P2_ENSG00000102996,-0.012506008,0.01531114,0.022046084
7979_SLC22A23_P1P2_ENSG00000137266,0.014430655,0.01531189,0.034436803
436_AREG_P1P2_ENSG00000109321,-0.0003748762,0.0153121585,0.02207229
8204_SNAP47_P1_ENSG00000143740,0.018689418,0.015325629,-0.010760603
11062_non-targeting_non-targeting_non-targeting,-0.002630931,0.0153258,-0.045527685
659_ATP5MC1_P1P2_ENSG00000159199,0.011860623,0.015330838,0.00332676
7821_SETD7_P1P2_ENSG00000145391,-0.0013858003,0.0153349545,0.015574571
2310_DNLZ_P1P2_ENSG00000213221,0.006776564,0.015353928,0.029665487
2943_FAM78A_P1P2_ENSG00000126882,0.010844157,0.015363238,0.026720306
4231_ITM2B_P1P2_ENSG00000136156,0.001292571,0.015364015,-0.006939115
5583_NEDD1_P1P2_ENSG00000139350,-0.021481883,0.01537097,0.04150071
8414_SRP19_P1P2_ENSG00000153037,-0.07396217,0.015375726,-0.014040705
338_ANKRD36_P1P2_ENSG00000135976,-0.0024903333,0.015376476,0.010725403
5880_NUFIP2_P1P2_ENSG00000108256,0.015582273,0.015377952,0.012759277
8705_TBC1D10B_P1P2_ENSG00000169221,0.0024389005,0.0153853195,0.0024502114
8128_SLX4IP_P1P2_ENSG00000149346,0.002237402,0.015389578,0.035238992
890_BRD3_P1P2_ENSG00000169925,-0.0027595432,0.0153932795,0.027041582
1165_CAMKK2_P1P2_ENSG00000110931,0.073538795,0.015396787,0.032793578
370_AP1M1_P1P2_ENSG00000072958,-0.0074085253,0.015397765,-0.009805912
7318_RLF_P1P2_ENSG00000117000,0.023600532,0.015399028,0.036754187
1041_C1orf159_P1P2_ENSG00000131591,-0.010482364,0.015411021,0.007572372
11313_non-targeting_non-targeting_non-targeting,-0.009498465,0.015412781,0.037283733
9552_UBXN11_P1P2_ENSG00000158062,0.0055998927,0.015414681,0.0009783938
6694_PPP3CC_P1P2_ENSG00000120910,-0.020156216,0.015430556,0.03993825
1342_CCR10_P1P2_ENSG00000184451,-0.004901021,0.015438423,0.043245804
7222_REEP3_P1P2_ENSG00000165476,0.031823378,0.01544049,0.0117094815
8518_STK25_P1P2_ENSG00000115694,-0.026406964,0.015445162,-0.008188259
6183_PDK1_P1P2_ENSG00000152256,-0.0036113027,0.015445199,0.010331292
8486_STAP2_P1P2_ENSG00000178078,0.006316477,0.015448188,0.002670998
1796_COQ7_P1P2_ENSG00000167186,0.021714523,0.015451261,0.025040133
10659_ZNF821_P1P2_ENSG00000102984,-0.0073444196,0.015456251,0.0057026474
2533_EIF2AK4_P1P2_ENSG00000128829,0.019246772,0.015461121,0.0032095383
4254_JMJD4_P1P2_ENSG00000081692,0.010389837,0.01546492,-0.015477731
9367_TSR3_P1P2_ENSG00000007520,-0.001323379,0.015470828,0.010458825
1696_CMSS1_P1P2_ENSG00000184220,-0.0037652394,0.01547194,0.016656369
225_AK2_P1P2_ENSG00000004455,0.0015189962,0.0154730445,0.023123289
8864_TGIF2LX_P1P2_ENSG00000153779,-0.019447176,0.015473775,-0.015666133
1813_COX20_P1P2_ENSG00000203667,0.013094706,0.015482385,0.0076469346
4830_MAPK6_P1P2_ENSG00000069956,-0.0145681165,0.015487224,0.014975948
4050_IFRD2_P1P2_ENSG00000214706,0.0064549316,0.015490033,0.02449066
10071_ZFAT_P2_ENSG00000066827,-0.0010672376,0.015490593,0.06801294
4683_LRWD1_P1P2_ENSG00000161036,0.011846246,0.015497602,0.005444612
7109_RAPGEF2_ENST00000264431.4_ENSG00000109756,-0.011914245,0.015498641,-0.013143707
5850_NTRK1_P1P2_ENSG00000198400,0.0054038456,0.01550473,-0.008034318
10042_ZDHHC12_P1P2_ENSG00000160446,-0.0007842288,0.015505074,0.01409788
4639_LRCH3_P1P2_ENSG00000186001,0.0024738968,0.015507823,-0.019658795
4591_LIN28B_P1P2_ENSG00000187772,0.003651314,0.015511718,0.026834536
5849_NTPCR_P1P2_ENSG00000135778,0.015902787,0.015512214,0.046482462
10309_ZNF354A_P1P2_ENSG00000169131,-0.018467775,0.015520274,0.0032732068
2516_EHBP1_P1P2_ENSG00000115504,-0.0038464463,0.015523764,-0.0057596755
4324_KDM4A_P1P2_ENSG00000066135,0.009470729,0.015536104,-0.011929871
108_ACTN4_P1P2_ENSG00000130402,0.008688499,0.015538128,0.0028188366
9524_UBE3A_P1P2_ENSG00000114062,0.012218925,0.015540442,0.011412933
3737_HIPK2_P1P2_ENSG00000064393,-0.018847832,0.015545015,0.004991276
3119_FMR1NB_P1P2_ENSG00000176988,0.0021656365,0.015545709,-0.004540997
3863_HNRNPD_P1P2_ENSG00000138668,-0.011338275,0.015553728,-0.0030587262
2898_FAM207A_P1P2_ENSG00000160256,-0.0063734674,0.015555981,0.020260785
7767_SEMA4B_P1_ENSG00000185033,0.010152215,0.0155586535,0.015973624
10398_ZNF493_P1P2_ENSG00000196268,0.012175127,0.0155608365,0.009868772
1185_CAPZA1_P1P2_ENSG00000116489,-0.010833528,0.015573138,-0.012193215
6712_SLC66A1_P1P2_ENSG00000040487,-0.0021394435,0.015576287,0.011804753
5671_NINJ2_P1_ENSG00000171840,0.014463684,0.015576501,0.03370367
675_ATP6V0C_P1P2_ENSG00000185883,-0.017810954,0.015578817,0.017004557
5144_MOG_P1P2_ENSG00000204655,0.005482773,0.015579199,0.021135207
8634_SYT5_P1P2_ENSG00000129990,-0.0044474103,0.015591587,0.020207234
6661_PPP1R15B_P1P2_ENSG00000158615,-0.006770602,0.015592334,0.03715288
2491_EEFSEC_P1P2_ENSG00000132394,-0.04079563,0.015601244,0.024843547
7670_SBNO1_P1P2_ENSG00000139697,0.010784051,0.015610795,0.020605553
10038_ZCCHC7_P1P2_ENSG00000147905,-0.017887061,0.015616195,0.064321466
9570_UFL1_P1P2_ENSG00000014123,0.030648328,0.015623929,-0.0023435832
3830_HMGB3_P1P2_ENSG00000029993,-0.1320952,0.015629154,0.012668608
10894_non-targeting_non-targeting_non-targeting,-0.0070181945,0.015641712,0.022111386
1957_CTU2_P1P2_ENSG00000174177,-0.04523835,0.015643554,0.013825092
5413_MZF1_P1P2_ENSG00000099326,0.010634551,0.015653955,0.03732891
7789_SEPTIN7_P1P2_ENSG00000122545,-0.014804465,0.01565443,0.029441388
3245_GAA_P1P2_ENSG00000171298,0.007440302,0.015657587,-0.003444552
1092_C4orf36_P2_ENSG00000163633,0.0031338853,0.01565969,0.037242033
7632_SACS_ENST00000382292.3_ENSG00000151835,0.029418575,0.015660664,0.01583645
915_BSX_P1P2_ENSG00000188909,-0.0012506798,0.01566695,-0.0021658428
772_BAZ2A_P2_ENSG00000076108,-0.007120585,0.015669595,0.019840786
10890_non-targeting_non-targeting_non-targeting,-0.0033984438,0.015672307,0.027449738
10475_ZNF582_P1P2_ENSG00000018869,0.0044656363,0.015684146,0.0068224072
9376_TTC13_P1P2_ENSG00000143643,0.00875674,0.015693758,-0.005501633
10386_ZNF479_P1P2_ENSG00000185177,-0.009642953,0.015694477,0.0007903435
8397_SRCAP_P1P2_ENSG00000080603,-0.0074125337,0.015700607,0.017009446
143_ADCK2_P1P2_ENSG00000133597,0.005570704,0.015717695,-0.0015341614
9371_TSTA3_P1P2_ENSG00000104522,0.008163223,0.015725885,0.018171947
4238_ITPR2_P1P2_ENSG00000123104,-0.015114196,0.015744114,0.014952584
9797_RCC1L_P1P2_ENSG00000274523,-0.00450432,0.015757827,0.0048857885
1697_CMTM3_P1P2_ENSG00000140931,-0.014637868,0.015769225,-0.0075347037
6207_PEAK1_P1P2_ENSG00000173517,-0.0015293985,0.015780175,0.029410135
4600_LIPT1_P1P2_ENSG00000144182,0.033565715,0.015781917,0.039239757
5757_NOTUM_P1P2_ENSG00000185269,-0.0025316158,0.015785329,0.0023467178
7389_RNF34_P1P2_ENSG00000170633,0.052735128,0.015787462,-0.0458815
6262_PGM3_P1P2_ENSG00000013375,-0.03867975,0.015815603,0.031274255
8250_SNX25_P1P2_ENSG00000109762,0.011717655,0.01581984,0.018607993
1282_CCDC57_P1P2_ENSG00000176155,8.1073515e-05,0.015820747,0.016666794
4024_IDH2_P1P2_ENSG00000182054,-0.0020701315,0.015821544,-0.010561095
2091_DDHD2_P1P2_ENSG00000085788,0.013215886,0.015831044,0.02866438
8807_TEAD4_P1P2_ENSG00000197905,0.0033091644,0.015834315,0.027680783
4015_ICK_P1P2_ENSG00000112144,-0.017600786,0.015838783,-0.009972062
6134_PCMTD2_P1P2_ENSG00000203880,0.018938914,0.015839063,0.04001356
7139_RBAK_P2_ENSG00000146587,-0.0046085753,0.015849292,0.03490814
11134_non-targeting_non-targeting_non-targeting,0.009732872,0.01585333,0.038465224
6402_PKNOX2_P1P2_ENSG00000165495,0.022253282,0.015854103,0.034335803
4275_KAT2B_P1P2_ENSG00000114166,0.010216569,0.015861327,0.0059620566
9372_TSTD2_P1P2_ENSG00000136925,-0.02275066,0.015864402,0.03339915
1875_CRK_P1P2_ENSG00000167193,0.008563397,0.015867064,0.03901846
1547_CHCHD10_P1P2_ENSG00000250479,-0.008143588,0.015871067,0.002029744
6571_POMT1_P1P2_ENSG00000130714,0.0011065013,0.015871441,0.026383614
1068_C22orf39_P1P2_ENSG00000242259,-0.0032180974,0.015889088,0.017631508
677_ATP6V0E1_P1P2_ENSG00000113732,0.00083092996,0.015889263,-0.03597735
4652_LRPAP1_P1P2_ENSG00000163956,-0.016934156,0.01590112,0.016040176
7097_RANGAP1_P1P2_ENSG00000100401,-0.07256348,0.01590961,-0.02650716
2595_ELMOD2_P1P2_ENSG00000179387,0.0014699639,0.015915113,0.0345215
10339_ZNF414_P1P2_ENSG00000133250,-0.011163348,0.015923448,0.031518824
1103_C5orf51_P1P2_ENSG00000205765,0.0066017867,0.015924616,0.013393848
9460_TXNRD2_P1P2_ENSG00000184470,-0.0048480905,0.015928432,0.022308521
10727_ZSCAN5A_ENST00000587340.1_ENSG00000131848,-0.013038075,0.01592866,0.030939678
2337_DOT1L_P1P2_ENSG00000104885,0.00554278,0.0159375,-0.00046001747
7849_SFXN4_P1P2_ENSG00000183605,0.037218086,0.015941942,0.029100688
3131_FNTA_P1P2_ENSG00000168522,0.0068449685,0.015946224,0.0075157476
10392_ZNF488_P1_ENSG00000265763,-0.011079415,0.015952958,-0.00059853285
6911_PTGFRN_P1P2_ENSG00000134247,0.005564955,0.015955452,0.008965022
2486_EEF1E1_P1P2_ENSG00000124802,-0.00035831015,0.015957776,0.026550258
9707_VAX1_P1P2_ENSG00000148704,0.009021793,0.015966237,0.014789347
2987_FBLIM1_P1P2_ENSG00000162458,-0.014500331,0.015968302,0.012395612
2885_MINDY3_P1P2_ENSG00000148481,-0.010803543,0.015971007,0.008262383
5825_NSF_ENST00000398238.4_ENSG00000073969,0.0040220777,0.015971188,0.016768092
6929_PTPN2_P1P2_ENSG00000175354,0.014028298,0.015972303,0.030570626
3742_HIRIP3_P1P2_ENSG00000149929,0.04943568,0.015976064,0.04926997
4688_LSM14A_P1P2_ENSG00000257103,-0.017845726,0.015984748,0.017008249
7058_RACGAP1_P1P2_ENSG00000161800,0.005043375,0.015984777,0.006845949
8364_SPNS1_P1P2_ENSG00000169682,-0.008567608,0.015987158,-0.013456617
2855_FAM135A_P1P2_ENSG00000082269,-0.003002497,0.015988102,0.015204641
3718_HHLA3_P1P2_ENSG00000197568,-0.01768525,0.015988123,-0.02446549
3021_FBXO42_P1P2_ENSG00000037637,-0.021808343,0.016000317,-0.035325352
9869_WNK4_P1P2_ENSG00000126562,0.007235513,0.016015116,0.005512203
5932_OGG1_P1P2_ENSG00000114026,0.003993901,0.016016217,-0.009741323
4791_MANBAL_P1P2_ENSG00000101363,-0.010590365,0.016022963,0.035959776
1069_C22orf46_P1P2_nan,0.050398216,0.016031362,0.08054162
1687_CLU_P1_ENSG00000120885,0.01484717,0.01604017,-0.0054348577
6914_PTK2_P1P2_ENSG00000169398,-0.020106252,0.016046314,0.0043859542
10289_ZNF329_P2_ENSG00000181894,-0.018998874,0.0160524,0.0061150403
535_ARPC2_P2_ENSG00000163466,-0.014548718,0.016052853,0.046283897
10674_ZNF845_P1P2_ENSG00000213799,-0.012408122,0.016053505,0.029161049
4189_IRF4_P1_ENSG00000137265,-0.029079169,0.016063347,0.024117086
2099_DDRGK1_P1P2_ENSG00000198171,-0.020130811,0.016069762,0.018188627
1061_CFAP410_P1P2_ENSG00000160226,0.0004744208,0.016069807,-0.0025298547
2930_SINHCAF_P1P2_ENSG00000139146,0.0057289754,0.01608091,-0.00725505
5295_MSX2_P1P2_ENSG00000120149,0.0044712266,0.016082704,-0.0008119069
5528_NDST1_P1P2_ENSG00000070614,0.0131426575,0.016086672,0.005910642
129_ADAM15_P1P2_ENSG00000143537,-0.0017442659,0.01608883,-0.010431254
5123_MMGT1_P1P2_ENSG00000169446,0.0018582055,0.016092408,0.0023336813
4772_MAGED2_P2_ENSG00000102316,-0.005703152,0.016097136,0.060002603
1434_CDK5RAP1_P2_ENSG00000101391,0.047525868,0.01609922,0.004446449
10232_ZNF239_P1P2_ENSG00000196793,-0.0053908546,0.016101602,0.0130913565
9789_WAS_P1P2_ENSG00000015285,0.0111732185,0.016110292,0.03577105
9980_ZBTB21_P1P2_ENSG00000173276,-0.002168832,0.016110497,0.001055233
4581_LIMA1_P1_ENSG00000050405,-0.002386131,0.016116314,0.07805354
6179_PDIA4_P1P2_ENSG00000155660,0.012545543,0.016118722,-0.0071371947
4431_KLHDC8B_P1P2_ENSG00000185909,-0.015621587,0.016120318,0.014403963
3466_GOLGB1_P1P2_ENSG00000173230,0.0013165695,0.01612225,0.0013444555
5250_MRPS18C_P1P2_ENSG00000163319,-0.022066558,0.016137723,0.010364832
3345_GFI1_P1_ENSG00000162676,-0.011821676,0.016145557,0.022348588
7071_RAD52_P1_ENSG00000002016,0.011317421,0.016148577,0.0042820284
9632_USP11_P1P2_ENSG00000102226,0.000969893,0.016151497,-0.0076812515
9213_TPRN_P1P2_ENSG00000176058,-0.008586841,0.01615596,0.0067500477
7305_RIF1_P1P2_ENSG00000080345,-0.0027323896,0.016157173,0.035093784
8323_SPATA2L_P1P2_ENSG00000158792,-0.005376106,0.016163105,0.024461327
4634_LPGAT1_P1P2_ENSG00000123684,0.0037014452,0.016167562,0.010761799
9199_TPD52L2_P1P2_ENSG00000101150,-0.002971151,0.016168805,0.012984391
9769_VRK2_P1P2_ENSG00000028116,0.0016632926,0.01617382,0.017350635
4230_ITM2A_P1P2_ENSG00000078596,0.00988238,0.0161817,-0.019419955
6023_PABPC1L_P1P2_ENSG00000101104,-0.00446864,0.016182125,-0.0011657174
6283_PHF19_P1P2_ENSG00000119403,0.0024026665,0.01618938,-0.026320625
4795_MANF_P1P2_ENSG00000145050,-0.023942016,0.016192153,0.020522054
5821_NSA2_P1P2_ENSG00000164346,0.054005876,0.016194036,0.05196874
8752_TBX21_P1P2_ENSG00000073861,-0.009218819,0.01619417,0.009627384
9862_WIPF2_P1P2_ENSG00000171475,0.014467729,0.016203025,0.0018812679
9315_TRMT6_P1P2_ENSG00000089195,-0.03325239,0.016206563,-0.0035545183
7363_RNF169_P1P2_ENSG00000166439,-0.010236238,0.016216783,-0.0153890485
11055_non-targeting_non-targeting_non-targeting,0.017072236,0.01622062,0.018363377
6241_PFDN6_P1P2_ENSG00000204220,-0.026202373,0.01622593,0.018783445
6309_PHRF1_P1P2_ENSG00000070047,-0.020334203,0.016228154,0.0197167
7575_RSL1D1_P2_ENSG00000171490,-0.00429027,0.0162343,0.023973083
2289_DNAJC14_P1P2_ENSG00000135392,-0.00082468847,0.01624681,0.011411919
1805_COX10_P1P2_ENSG00000006695,-0.025203234,0.0162495,-0.015143304
7165_RBM23_P1P2_ENSG00000100461,0.011374152,0.016249565,0.024304843
5447_NADSYN1_P1P2_ENSG00000172890,-0.041618817,0.016249696,0.068349555
9259_TRIB2_P1P2_ENSG00000071575,0.0033424909,0.016252795,0.01850275
5823_NSDHL_P1P2_ENSG00000147383,-0.0077895736,0.016254658,0.019587936
4893_MCEE_P1P2_ENSG00000124370,0.013564424,0.016255839,0.0112492405
1134_C9orf64_P1P2_ENSG00000165118,-0.025045866,0.016267136,0.020533463
2372_DRAP1_P1P2_ENSG00000175550,-0.03298216,0.016271094,-0.031285092
3814_HLF_P1_ENSG00000108924,0.030865908,0.016272144,0.008591936
7746_SEC24C_P1P2_ENSG00000176986,-0.010313253,0.016275557,0.016973827
8872_THAP11_P1P2_ENSG00000168286,0.04372303,0.016293349,-0.015235886
7878_SH3BP2_P1_ENSG00000087266,-0.0065037278,0.01629449,0.009103783
3109_FLNA_P1P2_ENSG00000196924,-0.013986025,0.016294865,0.01379861
4363_VIRMA_P1P2_ENSG00000164944,-0.010462938,0.016298862,-0.029045291
81_ACD_P1P2_ENSG00000102977,-0.017358636,0.016306166,-0.00031233157
6935_PTPRF_P1P2_ENSG00000142949,-0.017084116,0.016306678,-0.0074442583
942_LRMDA_ENST00000372499.1_ENSG00000148655,-0.004069625,0.01630704,0.010781495
4821_MAP4_P1P2_ENSG00000047849,-0.02748118,0.016307613,0.020344317
6952_PURB_P1P2_ENSG00000146676,-0.005943037,0.016311795,0.013928738
"10267_ZNF285_ENST00000330997.4,ENST00000544719.2_ENSG00000267508",-0.0012107296,0.016316757,-0.009670599
4814_MAP3K7_P1P2_ENSG00000135341,-0.01734921,0.016326455,-0.017307023
4520_LARP7_P1P2_ENSG00000174720,-0.03404315,0.016330127,0.009906089
9645_USP28_P1P2_ENSG00000048028,0.0029190697,0.016337987,0.016975338
1043_C1orf198_P2_ENSG00000119280,0.008179943,0.016362173,0.013534398
1689_CMBL_P1P2_ENSG00000164237,0.011730943,0.016362509,0.029453006
1790_COQ10B_P1P2_ENSG00000115520,0.021830136,0.016369553,0.0017866009
2495_EFHD1_P1P2_ENSG00000115468,0.057931535,0.01637352,0.025043609
6520_POLDIP3_P1P2_ENSG00000100227,-0.005642454,0.016379926,-0.008163842
451_ARFIP2_P1P2_ENSG00000132254,-0.03321898,0.016387291,-0.021771634
6689_PPP2R5C_P1P2_ENSG00000078304,0.025630012,0.016391478,0.007618173
8481_STAG2_P1_ENSG00000101972,0.05218676,0.016392468,0.008193863
8298_SOX6_ENST00000316399.6_ENSG00000110693,0.01471469,0.016392585,0.015455788
10713_ZSCAN18_P2_ENSG00000121413,0.018345471,0.016398469,0.02238515
4840_MAPRE2_P2_ENSG00000166974,-0.0009638881,0.016405478,0.0035952406
4525_LATS1_P1P2_ENSG00000131023,-0.02892697,0.016409643,0.013632747
2117_DDX39A_P1P2_ENSG00000123136,0.029639294,0.016430985,-0.036970723
6492_PNN_P1P2_ENSG00000100941,0.04098346,0.016440934,-0.0048081568
4448_KMT2A_P1P2_ENSG00000118058,0.0041543627,0.016454397,0.008104229
7990_SLC25A20_P1P2_ENSG00000178537,-0.007546236,0.016458042,0.053780146
6092_PAX5_P1P2_ENSG00000196092,0.0031411494,0.016460342,-0.008389341
3066_FEZF1_P1P2_ENSG00000128610,-0.0015423072,0.01647872,0.01336416
5489_NCAPG2_P1P2_ENSG00000146918,0.011037816,0.016478734,-0.0059259636
9377_TTC14_P1P2_ENSG00000163728,-0.002059943,0.016481783,0.0043464964
3767_HIST1H2BK_P1P2_ENSG00000197903,4.3040716e-05,0.0164927,-0.029609922
9408_TUBA1B_P1P2_ENSG00000123416,0.00030209206,0.01649835,0.009104493
5859_NUDCD2_P1P2_ENSG00000170584,0.023067828,0.016500175,0.022900634
6253_PGAP2_P2_ENSG00000148985,0.0015911493,0.016522186,-0.0071898787
4166_IPO9_P1P2_ENSG00000198700,-0.015039337,0.016524926,-0.003698648
236_AKIRIN1_P1P2_ENSG00000174574,-0.010159465,0.016528344,0.021987416
530_ARNTL2_P1P2_ENSG00000029153,0.0032656565,0.016533663,0.016059913
5897_NUP50_P1P2_ENSG00000093000,-0.0004798988,0.016534172,0.008802441
11218_non-targeting_non-targeting_non-targeting,0.015644275,0.016536511,0.0066224425
1713_CNNM3_P1P2_ENSG00000168763,0.007273263,0.016542053,0.030185077
1855_CRBN_P1P2_ENSG00000113851,-0.0014016536,0.016554704,0.022053052
10132_ZKSCAN7_P1P2_ENSG00000196345,-0.013967466,0.016561057,0.017128205
797_BCL2L11_P1_ENSG00000153094,-0.012271267,0.016576571,0.015590525
6335_PIGH_P1P2_ENSG00000100564,-0.0013858768,0.016596612,0.009407108
5934_OIP5_P1P2_ENSG00000104147,-0.00040483984,0.016596975,0.0041668667
11199_non-targeting_non-targeting_non-targeting,0.00029566023,0.016605528,0.024095992
9530_UBFD1_P1P2_ENSG00000103353,-0.012594997,0.016607035,0.016829079
2960_FANCA_P1P2_ENSG00000187741,0.011038633,0.016611245,0.014233257
8824_TET2_P1P2_ENSG00000168769,-0.0019638718,0.016615042,0.00060557976
3416_GMDS_P1P2_ENSG00000112699,-0.0057824147,0.016615454,0.0065098843
10481_ZNF587B_ENST00000594901.1_ENSG00000269343,0.0014924331,0.016617691,0.009725996
5806_NRARP_P1P2_ENSG00000198435,-0.01752936,0.016630564,0.00940496
5871_NUDT2_P1P2_ENSG00000164978,0.02936941,0.016633276,0.0060254587
8283_SOX15_P1P2_ENSG00000129194,-0.015950564,0.016636409,0.0016350407
8095_SLC4A2_P1_ENSG00000164889,-0.011281292,0.016646747,0.032682326
6818_PRRC1_P1P2_ENSG00000164244,0.004389269,0.016648699,0.01203542
5819_NRSN2_P1P2_ENSG00000125841,0.014884236,0.016649922,0.0031025643
7656_SARS2_P1P2_ENSG00000104835,-0.0022088094,0.016653948,-0.020862168
9352_TSPAN18_P1P2_ENSG00000157570,-0.026899537,0.016656263,0.0196549
6003_OVOL1_P1P2_ENSG00000172818,0.010912865,0.01667688,0.034901135
9126_TNFRSF10B_P1P2_ENSG00000120889,0.01450942,0.016681686,0.011572333
9403_TTLL4_P1P2_ENSG00000135912,0.004384309,0.016688878,0.020198949
6722_PRDM13_P1P2_ENSG00000112238,0.021367617,0.016697938,0.0317037
7338_RNF113A_P1P2_ENSG00000125352,0.0027415748,0.016702592,0.032516025
1004_C17orf58_P1P2_ENSG00000186665,-0.007478795,0.016704543,0.005696847
3230_FXR1_P1P2_ENSG00000114416,-0.013545173,0.01670585,-0.0064603216
4376_KIF14_P1P2_ENSG00000118193,-0.012867208,0.016723469,0.03008516
6657_PPP1R14A_P1P2_ENSG00000167641,0.0037216519,0.016731083,0.031026391
8726_TBCCD1_P2_ENSG00000113838,0.0011459965,0.01674783,0.022529226
9832_WDR60_P1P2_ENSG00000126870,0.018583622,0.016748495,0.01997291
2940_MIGA2_P1P2_ENSG00000148343,-0.0008051697,0.016750867,0.000778229
7704_SCOC_P1P2_ENSG00000153130,-0.0012526902,0.01675505,0.020700889
7773_SENP3_P1P2_ENSG00000161956,-0.012540601,0.016755981,0.010525503
924_BTF3_P1P2_ENSG00000145741,-0.034744713,0.016763955,0.08206286
2142_DEF6_P1P2_ENSG00000023892,0.002731657,0.016764382,-0.002285622
10777_non-targeting_non-targeting_non-targeting,-0.0061947997,0.016768085,0.024849623
9217_TPST2_P2_ENSG00000128294,-0.007142,0.016774563,0.0030712443
7918_SIN3A_P1_ENSG00000169375,0.011693368,0.016790686,-0.00055585353
3223_FURIN_P2_ENSG00000140564,-0.0072878255,0.01679394,-0.0008558355
9964_ZBED4_P1P2_ENSG00000100426,0.01756829,0.016808387,0.03184924
10352_ZNF429_P1P2_ENSG00000197013,-0.015753293,0.016808614,-0.0056994897
5961_ORAI1_P1P2_ENSG00000276045,0.0143359145,0.016821602,0.0033322792
7812_SESN2_P1P2_ENSG00000130766,0.01908225,0.016834771,0.004026276
3595_GTPBP6_P1P2_ENSG00000178605,0.010758762,0.016841194,0.010275262
8075_SLC39A4_P1_ENSG00000147804,0.001615876,0.016842632,0.012106054
7803_SERPINB6_P1P2_ENSG00000124570,-0.021218384,0.016854815,0.00596967
300_AMZ2_P1P2_ENSG00000196704,0.010794012,0.01686138,0.012721109
2705_ERG_P1_ENSG00000157554,-0.00061024184,0.01686328,0.011373684
6145_PCTP_P1P2_ENSG00000141179,0.004061831,0.016870376,0.04088309
5304_MTCH2_P1P2_ENSG00000109919,0.003327402,0.016870696,0.0029868102
10391_ZNF486_P1P2_ENSG00000256229,0.014210691,0.016874393,0.0063725947
4029_IDI1_P1P2_ENSG00000067064,-0.021184076,0.016880363,0.0130061805
829_BHLHE23_P1P2_ENSG00000125533,-0.006647351,0.01688384,0.0128447125
7365_RNF181_P1P2_ENSG00000168894,-0.011164109,0.016894365,0.0108220875
9573_UFSP2_P1P2_ENSG00000109775,0.018785922,0.016898168,0.010659015
2717_ERMARD_P1P2_ENSG00000130023,-0.0030352091,0.01690249,0.007978677
962_C12orf29_P1P2_ENSG00000133641,0.009438664,0.016904578,0.021208772
2621_EME2_P1P2_ENSG00000197774,-0.01585239,0.016906867,0.008475375
2688_SELENOI_P1P2_ENSG00000138018,-0.014788002,0.01691403,0.006016807
611_ATF7IP2_P1P2_ENSG00000166669,-0.03315393,0.016924176,-0.013040095
196_AGPAT4_P1P2_ENSG00000026652,0.016779633,0.016942007,0.034958255
5109_MLH3_P1P2_ENSG00000119684,0.03823178,0.01694221,0.016981997
1663_CLN3_P1P2_ENSG00000188603,-0.014957286,0.016947392,-0.015852038
3940_RIDA_P1P2_ENSG00000132541,0.026124585,0.016949316,0.009029205
565_ASB1_P1P2_ENSG00000065802,0.017465984,0.016951578,-0.01286326
7282_RHBDD2_P1P2_ENSG00000005486,-0.0029191195,0.016960718,0.010849459
6743_PREPL_P1P2_ENSG00000138078,0.030053752,0.016961187,0.04119408
11076_non-targeting_non-targeting_non-targeting,-0.026772616,0.016961724,0.010452772
8470_ST3GAL2_P2_ENSG00000157350,-6.910303e-05,0.016963946,-0.00768878
933_BTNL9_P2_ENSG00000165810,0.024616938,0.01696737,-0.010107861
7699_SCML2_P1P2_ENSG00000102098,-0.020626318,0.016973961,-0.0011543479
3848_JPT2_P1P2_ENSG00000206053,-0.0007808432,0.01697843,-0.0012416954
10022_ZC3H15_P1P2_ENSG00000065548,-0.021483745,0.016978547,-0.023285864
5991_OSTF1_P1P2_ENSG00000134996,0.011379965,0.016979158,0.028196555
692_ATP9B_P1P2_ENSG00000166377,-0.0003533763,0.016984137,0.030097675
1849_CPVL_P1P2_ENSG00000106066,0.0027258059,0.016994992,-0.020260366
3305_GBA_P1_ENSG00000177628,0.020265073,0.016997527,0.024079677
3752_HIST1H2AG_ENST00000359193.2_ENSG00000196787,0.006177415,0.01699978,0.0055485344
9520_UBE2V1_P1P2_ENSG00000244687,-0.023678126,0.01700234,0.029008351
380_AP3D1_P1P2_ENSG00000065000,-0.005902019,0.017008496,0.014802495
854_BLZF1_P1P2_ENSG00000117475,0.005235725,0.017013643,0.014255503
4558_LETMD1_P1P2_ENSG00000050426,-0.021957932,0.017014688,-0.010458521
5628_NFATC4_P1P2_ENSG00000100968,-0.016977323,0.017018635,0.00879067
5533_NDUFA13_P1P2_ENSG00000186010,-0.005460316,0.017023277,0.008029268
5338_MTO1_P1P2_ENSG00000135297,0.0016164209,0.017029837,-0.0016127357
3943_HS3ST3B1_P1P2_ENSG00000125430,0.0074686976,0.017031975,0.030647665
9825_WDR48_P1P2_ENSG00000114742,-0.010083031,0.017032234,0.040888716
4402_KISS1R_P1P2_ENSG00000116014,-0.014506892,0.017035825,-0.004172509
5680_NISCH_P1P2_ENSG00000010322,-0.0021557573,0.017045096,0.0073739504
3_AACS_P1P2_ENSG00000081760,-0.006347396,0.017046927,0.030962225
2592_ELL2_P1P2_ENSG00000118985,-0.0030692506,0.017052015,-0.016327122
1672_CLPB_P1P2_ENSG00000162129,-0.03105199,0.01706302,-0.0057507367
5651_NFRKB_P1P2_ENSG00000170322,0.0569548,0.017063636,0.052041896
1783_COPS7A_P1P2_ENSG00000111652,-0.0061023654,0.017065544,0.0024061748
3837_HMGN4_P1P2_ENSG00000182952,0.011048313,0.017072253,-0.033553388
10176_ZNF14_P1P2_ENSG00000105708,-0.008448547,0.0170735,0.0119798565
1888_CRYZL1_P1P2_ENSG00000205758,0.015954794,0.017074462,0.011327042
2448_EAF2_P1P2_ENSG00000145088,-0.008685062,0.01707755,0.016922785
2005_CYP2A13_P1P2_ENSG00000197838,0.017518697,0.017082848,-0.00026527792
9774_VTA1_P1P2_ENSG00000009844,0.00033859245,0.017093144,0.0105754
1398_CDC37_P1P2_ENSG00000105401,0.012096056,0.017096786,0.030604599
10138_ZMAT4_P1P2_ENSG00000165061,0.004921001,0.017099304,0.018267045
9355_TSPAN3_P1P2_ENSG00000140391,0.01995937,0.017101904,-0.007205269
5936_OLFML3_P1P2_ENSG00000116774,0.0074382145,0.017106818,-0.004310928
5153_MORF4L2_P2_ENSG00000123562,-0.00757983,0.017111287,0.009489326
421_COA8_P1P2_ENSG00000256053,0.0220354,0.017112276,0.0011063373
5352_MUS81_P1P2_ENSG00000172732,0.008333184,0.017132085,0.010458214
800_BCL2L13_P1P2_ENSG00000099968,-0.00986815,0.01713266,0.038184106
6310_PHTF1_P1P2_ENSG00000116793,0.01752485,0.017134506,0.0019933213
6441_PLEKHF2_P1P2_ENSG00000175895,0.0029265485,0.017138781,-0.0036683513
702_ATXN2L_P1P2_ENSG00000168488,-0.024303725,0.017156973,0.0035070807
3117_FMNL1_P1P2_ENSG00000184922,-0.0036581033,0.01715767,0.006905706
7965_SLC15A4_P1P2_ENSG00000139370,-0.06270337,0.017162526,0.031509094
3825_HMGA1_P1P2_ENSG00000137309,-0.0011725192,0.017163143,0.007887412
11285_non-targeting_non-targeting_non-targeting,-0.013779864,0.017170653,0.0017537023
5040_MGA_P1P2_ENSG00000174197,0.019619694,0.017191416,0.010357162
1810_COX17_P1P2_ENSG00000138495,-0.088769056,0.017202852,-0.02013852
1449_CDKN2AIP_P1P2_ENSG00000168564,-0.0033587527,0.01721071,0.024175268
3299_GATAD2A_P1_ENSG00000167491,0.008423428,0.01722333,0.02455203
8657_TAF1B_P1P2_ENSG00000115750,0.070851624,0.017225606,0.03762008
3546_GSC2_P1P2_ENSG00000063515,-0.015317592,0.017226063,0.022229094
5284_MSI2_P1P2_ENSG00000153944,0.013302826,0.017230907,0.020740349
8706_TBC1D12_P1P2_ENSG00000108239,0.012142945,0.017235525,0.013499363
5318_MTHFD2L_P1P2_ENSG00000163738,0.016910207,0.01723686,0.026412789
2718_ERMP1_P1P2_ENSG00000099219,-0.020922747,0.017238481,0.032956276
9176_TOP2B_P1P2_ENSG00000077097,0.001496015,0.01724488,-0.005917043
5014_MEX3C_P1P2_ENSG00000176624,0.0046569146,0.01724878,0.01814376
2505_EGFL8_P1P2_ENSG00000241404,-0.033564303,0.01725647,0.0031693366
8596_SUPT3H_P1P2_ENSG00000196284,0.006240827,0.017260283,0.012723672
8319_SPARC_P1P2_ENSG00000113140,0.025130367,0.0172757,0.019391486
7147_RBFOX2_P2_ENSG00000100320,-0.003603504,0.01728663,0.0022885243
4535_LCN10_P1P2_ENSG00000187922,0.0027027586,0.017294165,0.013086421
587_ASNS_P1P2_ENSG00000070669,-0.013009305,0.017300706,0.013223406
1970_CUX2_P1P2_ENSG00000111249,-0.0033962447,0.017324835,0.010014024
1886_CRYAB_P1_ENSG00000109846,0.010724577,0.017333616,0.019560477
8902_TIA1_P1P2_ENSG00000116001,0.0086547155,0.017351696,0.00051010156
8597_SUPT4H1_P1P2_ENSG00000213246,0.07598915,0.017355148,0.03232257
7552_RRAS2_P1P2_ENSG00000133818,-0.00184808,0.017356692,-0.040361557
7582_RTCA_P1P2_ENSG00000137996,-0.0010080505,0.017363733,0.025533382
11106_non-targeting_non-targeting_non-targeting,0.0007952701,0.017363902,-0.015726198
10684_ZNF878_P1P2_ENSG00000257446,-0.026027918,0.017368965,0.03243367
3192_FOXR2_ENST00000339140.3_ENSG00000189299,-0.017357428,0.017382327,-0.00749511
2732_ESPL1_P1P2_ENSG00000135476,0.005330432,0.017386962,0.015671466
5422_NAA10_P1P2_ENSG00000102030,0.027673727,0.017392414,0.025647154
7621_S100A13_P1P2_ENSG00000189171,-0.0028885698,0.017398207,0.01137111
10044_ZDHHC16_P1P2_ENSG00000171307,-0.000855787,0.01740262,0.00793676
2000_CYCS_P1P2_ENSG00000172115,-0.08191151,0.017407067,-0.031597283
5478_NBEAL2_P1_ENSG00000160796,-0.018109301,0.017409947,0.006007816
6412_PLAGL1_P1_ENSG00000118495,-0.02952488,0.01741221,0.029163202
6602_POU6F2_ENST00000518318.2_ENSG00000106536,-0.023125574,0.017414443,-0.0045814747
3287_GAS2L1_P1P2_ENSG00000185340,0.0083059445,0.017423224,0.016130384
7723_SDHAF1_P1P2_ENSG00000205138,0.0054488326,0.01742324,-0.007579805
10725_ZSCAN31_P1_ENSG00000235109,5.528647e-05,0.017426789,0.004660676
55_ABL1_ENST00000372348.2_ENSG00000097007,-0.00088732847,0.017427785,0.011483701
8501_STAU1_P1P2_ENSG00000124214,0.019001605,0.01743229,0.01458264
2147_DENND1B_P1P2_ENSG00000213047,-0.011115981,0.017439088,0.011105508
1028_C19orf81_P1P2_ENSG00000235034,0.016013278,0.017464276,0.014311151
9504_UBE2G2_P1P2_ENSG00000184787,-0.011286503,0.017468631,-0.016975677
10206_ZNF211_P1P2_ENSG00000121417,-0.009893422,0.017469762,0.008941841
3907_HOXB8_P1_ENSG00000120068,-0.020072205,0.017474782,0.033738635
3469_GOLPH3L_P1P2_ENSG00000143457,0.0042734384,0.017486598,0.010768909
7715_SDC3_P1P2_ENSG00000162512,0.011045744,0.017487807,0.004372005
6282_PHF14_P1P2_ENSG00000106443,-0.026792673,0.017495397,0.0054743816
11123_non-targeting_non-targeting_non-targeting,-0.013023921,0.017497519,-0.025969924
1543_CHAC2_P1P2_ENSG00000143942,-0.0048648864,0.017502954,0.030521596
10899_non-targeting_non-targeting_non-targeting,0.00025081358,0.01751386,-0.002389417
70_ACADSB_P1P2_ENSG00000196177,0.008827192,0.017526347,0.017301394
3849_JPT1_P1P2_ENSG00000189159,0.003151127,0.017541274,0.004550509
3423_GMPPA_P1P2_ENSG00000144591,-0.0044821105,0.017541936,0.015927734
4551_LENG1_P1P2_ENSG00000105617,0.052693192,0.017548662,0.021967731
6830_PRSS57_P1P2_ENSG00000185198,0.024887323,0.017550938,0.0011332855
922_BTBD7_P1P2_ENSG00000011114,0.010575703,0.017554805,-0.010189859
6417_PLBD2_P1P2_ENSG00000151176,-0.013403611,0.01756737,0.018543022
193_AGPAT1_P2_ENSG00000204310,-0.0107612135,0.017571684,-0.015279793
8169_SMG8_P1P2_ENSG00000167447,-0.009506872,0.017574856,0.0068428568
3989_HTATIP2_P1P2_ENSG00000109854,-0.0072391513,0.017575355,0.010742267
6232_PEX3_P1P2_ENSG00000034693,-0.023321506,0.017579457,0.004008708
1310_YJU2_P1P2_ENSG00000105248,-0.016962739,0.017583836,0.004227248
5480_NBN_P1P2_ENSG00000104320,0.00060929393,0.017584994,0.037507854
3207_FSTL3_P1_ENSG00000070404,-0.011920769,0.017593412,0.013499373
4157_INVS_P1P2_ENSG00000119509,-0.016071348,0.017596226,-0.018730678
149_ADD1_P1P2_ENSG00000087274,-0.016789623,0.017599816,0.0052552084
6436_PLEKHA4_P1P2_ENSG00000105559,0.0064694276,0.017602928,0.00017623951
1313_CCHCR1_P1P2_ENSG00000204536,0.022912454,0.017603174,0.012844998
9584_UHRF2_P1P2_ENSG00000147854,-0.0056318487,0.01763111,-0.009349141
2998_FBXL4_P1P2_ENSG00000112234,0.027160132,0.017639272,0.027506595
2958_FAM98C_P1P2_ENSG00000130244,0.013899073,0.017640417,0.024154356
10119_ZIC2_P1P2_ENSG00000043355,-0.012141629,0.01764628,-0.007518253
5137_MOB3B_P1P2_ENSG00000120162,-0.019252619,0.017651148,0.010296781
2528_EIF1B_P1P2_ENSG00000114784,0.00607214,0.017656123,-0.0074786902
899_BRI3_P1P2_ENSG00000164713,-0.040590618,0.01765693,-0.028198667
8407_SRGAP2_P1P2_ENSG00000266028,-0.004564606,0.017663438,0.02158958
9416_TUBB3_P1_ENSG00000258947,0.012466098,0.017669305,0.015416609
8226_SNRPB_P1P2_ENSG00000125835,-0.008038548,0.017673515,0.04311385
1425_CDK13_P1P2_ENSG00000065883,-0.0020139809,0.017679099,0.008901676
8066_SLC38A6_P1P2_ENSG00000139974,-0.02281059,0.017682366,0.022352878
260_ALDH9A1_P1P2_ENSG00000143149,-0.0002709818,0.017683372,-0.0025867934
3306_GBA_P2_ENSG00000177628,0.005902032,0.017692287,-0.0043188576
12_AARSD1_P1_ENSG00000266967,0.0149134975,0.017694341,0.0023695943
8906_TIGD1_P1P2_ENSG00000221944,-0.0054049203,0.017703068,0.00777015
3646_HBA2_P1_ENSG00000188536,0.0028529137,0.017706368,0.023425775
6104_PBX2_P1P2_ENSG00000204304,-0.03345292,0.01771615,-0.00084561703
7588_RTN2_P2_ENSG00000125744,-0.02008592,0.017717011,0.015167226
8209_SNAPC5_P1P2_ENSG00000174446,0.00043251627,0.017725313,0.003451823
9362_TSPYL5_P1P2_ENSG00000180543,0.025630103,0.017732756,0.041899495
8943_TLCD1_P1P2_ENSG00000160606,-0.009624922,0.01773597,0.026807636
8522_STK38L_P1P2_ENSG00000211455,-0.008630551,0.01773715,0.01936851
4406_KLC4_P1P2_ENSG00000137171,-0.0048157526,0.017737407,0.0026401016
2050_DCAF12_P1P2_ENSG00000198876,-0.02056264,0.017738203,-0.014969107
1880_CRTC2_P1P2_ENSG00000160741,0.039196976,0.017738909,0.004810555
11078_non-targeting_non-targeting_non-targeting,-0.026332885,0.01775223,0.032262456
5995_OTUB1_P1P2_ENSG00000167770,0.005586972,0.01775521,-0.001681305
4629_LPCAT1_P2_ENSG00000153395,0.01696118,0.017765889,0.0071777543
8201_SNAP23_P1P2_ENSG00000092531,0.010496278,0.017766591,0.0135069825
3425_GMPR2_P1P2_ENSG00000100938,0.02361038,0.01777647,0.060322344
3996_HYAL2_P2_ENSG00000068001,-0.021225462,0.017791284,-0.000626976
9997_ZBTB43_P1P2_ENSG00000169155,-0.01843482,0.017796252,0.019637594
7805_SERPINF1_P1P2_ENSG00000132386,-0.0044316356,0.01779637,0.009659741
520_ARMC10_P1P2_ENSG00000170632,-0.009803891,0.017798783,-0.0013816039
5719_NMRAL1_P1P2_ENSG00000153406,0.0020234282,0.017800467,0.00032136912
8480_STAG1_P1P2_ENSG00000118007,0.002653253,0.01781637,0.015202954
1930_CTDSP1_P1P2_ENSG00000144579,-0.0054769614,0.01781649,0.019711332
4515_LAPTM5_P1P2_ENSG00000162511,-0.020508213,0.017823946,-0.012040773
8673_TAGLN2_P1P2_ENSG00000158710,-0.0039619594,0.01782809,0.011412649
5143_MOGS_P1P2_ENSG00000115275,0.008809837,0.017832825,0.0062203566
518_ARL8A_P1P2_ENSG00000143862,-0.030728351,0.01784005,0.009306954
1991_CYB5D2_P1P2_ENSG00000167740,-0.00064362923,0.01784971,-0.021298273
5815_NRL_P2_ENSG00000129535,0.024046214,0.017854586,0.044563577
4434_KLHL17_P1P2_ENSG00000187961,0.009583063,0.017862367,0.029705172
783_BCAP31_P1P2_ENSG00000185825,0.03048912,0.0178633,0.0069818962
10059_ZEB1_P2_ENSG00000148516,-0.008783696,0.017865513,0.01741871
4613_LMBRD2_P1P2_ENSG00000164187,-0.003902238,0.017867621,0.016613685
4485_KTN1_P2_ENSG00000126777,0.002706874,0.017881012,0.008453098
1981_CXXC5_P1P2_ENSG00000171604,0.008728498,0.017881472,0.007571112
8582_SULT1A3_ENST00000395138.2_ENSG00000261052,-0.015122201,0.017884795,0.03897502
7785_SEPTIN2_P1P2_ENSG00000168385,-0.017646817,0.01788684,-0.0041870694
9455_TXNIP_P2_ENSG00000265972,0.017937593,0.0178892,0.009304116
4135_INPP5B_P1_ENSG00000204084,0.014046129,0.017915787,0.013063537
9731_VKORC1L1_P1P2_ENSG00000196715,0.016222807,0.017937344,0.024015963
4272_KANSL3_P1P2_ENSG00000114982,-0.061643694,0.017939484,0.037324943
1145_CABIN1_P1P2_ENSG00000099991,-0.020982733,0.017958151,0.029912258
9928_YIF1A_P1P2_ENSG00000174851,0.020061286,0.017971186,0.012607748
4494_L3MBTL4_P1P2_ENSG00000154655,-0.0028077115,0.017971437,0.013839423
3615_H2AFY_P1P2_ENSG00000113648,-0.011655239,0.01797175,-0.018710973
138_ADAT1_P1P2_ENSG00000065457,-0.0057437,0.017975302,-0.02116209
3906_HOXB7_P1P2_ENSG00000260027,-0.010612589,0.017990034,0.00988327
11197_non-targeting_non-targeting_non-targeting,0.010238016,0.017992612,0.008102771
999_C16orf91_P1P2_ENSG00000174109,0.008810568,0.017999733,-0.0032391225
8908_TIGD3_P1P2_ENSG00000173825,-0.0032490576,0.01800384,0.014746494
6862_PSMC5_P1P2_ENSG00000087191,-0.015300395,0.018004816,0.037138052
9236_TRAIP_P1P2_ENSG00000183763,0.00088236603,0.01800874,0.020679299
4508_LAMTOR4_P1P2_ENSG00000188186,-0.000902577,0.018012239,0.033733595
7248_RFC4_P1P2_ENSG00000163918,-0.042213034,0.018022105,0.031997018
7107_RAP2C_P1P2_ENSG00000123728,0.01821559,0.018030154,0.012503791
6042_PAIP2_P1P2_ENSG00000120727,-0.006115072,0.018034332,0.03302728
8453_SSNA1_P1P2_ENSG00000176101,-0.0068553747,0.018044863,0.01297623
853_BLVRB_P1P2_ENSG00000090013,0.003336487,0.018046344,0.021351354
7228_RELL2_P1P2_ENSG00000164620,-0.08336338,0.018046372,-0.0516641
252_ALDH16A1_P1P2_ENSG00000161618,-0.021094829,0.018047748,-0.01665269
672_ATP6V0A1_P1P2_ENSG00000033627,0.0053877854,0.018057147,0.020681482
3793_HIST2H4A_ENST00000610125.1_ENSG00000270882,-0.00118601,0.018058395,0.011836362
6705_PPT1_P1P2_ENSG00000131238,-0.007020065,0.018063726,-0.016051358
9599_UNK_P1P2_ENSG00000132478,0.002480389,0.018063856,-0.0019387441
9986_ZBTB32_P1P2_ENSG00000011590,-0.012562366,0.01806947,0.011726586
6787_PROSER1_P1P2_ENSG00000120685,-0.015465866,0.018074881,0.0042709666
5423_NAA11_P1P2_ENSG00000156269,0.001117799,0.018095175,0.012296855
4301_KCTD10_P1P2_ENSG00000110906,-0.038282752,0.0180973,0.030074026
4137_INPP5F_ENST00000361976.2_ENSG00000198825,-0.023255346,0.018101973,0.02890038
2755_ETHE1_P1P2_ENSG00000105755,-0.0083009135,0.018113721,-0.0008549504
2689_ERAL1_P1P2_ENSG00000132591,0.007350535,0.01811468,0.027047364
1881_CRTC3_P1P2_ENSG00000140577,0.0013855274,0.01812599,0.020586526
2278_DNAJB11_P1P2_ENSG00000090520,0.017434571,0.018131237,0.0402795
8642_TAC3_P1P2_ENSG00000166863,0.018265005,0.018133009,-0.0075282217
6569_POMGNT2_P1P2_ENSG00000144647,0.002723303,0.01813392,0.013079976
10281_ZNF318_P1P2_ENSG00000171467,-0.01568444,0.018140892,7.2779876e-05
5148_MON2_P1P2_ENSG00000061987,8.9104855e-05,0.018155525,0.005153622
2963_FANCE_P1P2_ENSG00000112039,0.046581514,0.018156188,0.023088617
1376_CD69_P1P2_ENSG00000110848,0.0019580666,0.018158814,0.036678504
6518_POLD4_P1P2_ENSG00000175482,-0.023872837,0.01816534,0.01448727
1777_COPRS_P1P2_ENSG00000172301,-0.012671907,0.018165458,0.004704678
1360_CD2AP_P1P2_ENSG00000198087,-0.010626073,0.018167514,0.03761325
9943_YPEL3_P1P2_ENSG00000090238,-0.0033755365,0.018170487,0.019075163
1110_MPIG6B_P1P2_ENSG00000204420,0.008539955,0.018170932,0.031928077
3057_FEN1_P1P2_ENSG00000168496,-0.01634831,0.018172981,0.00937647
8629_SYNRG_P1P2_ENSG00000275066,0.0011029071,0.018175596,0.019521449
9266_TRIM23_P1P2_ENSG00000113595,0.026985299,0.018179253,0.018399341
6084_PASK_P1P2_ENSG00000115687,0.014347271,0.018183537,0.008339188
65_ACACA_P1P2_ENSG00000278540,-0.028991243,0.0181855,0.0065725655
2114_DDX27_P1P2_ENSG00000124228,0.10043017,0.018186687,0.052758027
11273_non-targeting_non-targeting_non-targeting,-0.018548995,0.018188791,0.01623417
2450_EARS2_P1P2_ENSG00000103356,-0.013258888,0.018191935,0.012902067
8046_SLC35D1_P1P2_ENSG00000116704,-0.0128983185,0.018191962,0.028174398
952_NKAPD1_P1P2_ENSG00000150776,0.012118451,0.018212082,0.042028863
8448_SSBP3_P1P2_ENSG00000157216,-0.011585916,0.018235883,0.01324585
8120_SLCO4A1_P1P2_ENSG00000101187,-0.0066898987,0.018251795,0.009575507
3558_GSTK1_P1P2_ENSG00000197448,0.004926757,0.018258361,0.0069739255
7689_SCCPDH_P1P2_ENSG00000143653,0.013578696,0.018271253,0.02577719
6939_PTPRS_P1P2_ENSG00000105426,-0.00038424024,0.01827185,0.011453305
8413_SRP14_P1P2_ENSG00000140319,-0.046946354,0.018275566,-0.0065886187
3542_GRPEL2_P1P2_ENSG00000164284,-0.016319284,0.018285053,0.008998943
6304_PHLDB3_P1P2_ENSG00000176531,-0.04531858,0.018299371,-0.016098026
9228_TRAF3IP1_P1P2_ENSG00000204104,0.005540075,0.01830041,0.013846244
2037_DBI_P1_ENSG00000155368,-0.022311036,0.018309886,0.027766377
5147_MON1B_P1P2_ENSG00000103111,0.0114347,0.018315054,0.01573172
5457_NANOG_P1P2_ENSG00000111704,-0.005232173,0.018318148,0.013248791
1264_CCDC150_P1P2_ENSG00000144395,-0.0074401014,0.01832674,0.036445655
6267_PGR_P1P2_ENSG00000082175,-0.0033091381,0.018329607,-0.022477483
10363_ZNF43_P2_ENSG00000198521,0.013288857,0.018330421,0.026527604
2955_CIAO2B_P1P2_ENSG00000166595,-0.027057942,0.018330667,0.041107465
1542_CHAC1_P1P2_ENSG00000128965,0.0042501143,0.018339425,0.009892817
6873_PSMD5_P1P2_ENSG00000095261,-0.0052535133,0.018343199,-0.006726751
3408_GLTP_P1P2_ENSG00000139433,0.006054173,0.01835193,0.012647242
9801_WDFY3_P1P2_ENSG00000163625,0.0321975,0.018367466,0.016243266
9202_TPI1_P1P2_ENSG00000111669,-0.029551852,0.018374916,-0.02705573
26_ABCC10_P1P2_ENSG00000124574,-0.009212251,0.018375255,0.010117581
590_ASPSCR1_P1P2_ENSG00000169696,-0.024199987,0.018378668,-0.0049400395
7998_SLC25A29_P1P2_ENSG00000197119,-0.008434524,0.018379431,0.01747349
8878_THAP5_P1P2_ENSG00000177683,0.019321838,0.018382594,-0.0074611083
7532_RPS6KB1_P1P2_ENSG00000108443,-0.003027599,0.018386254,0.021357667
5315_MTG2_P1P2_ENSG00000101181,-0.0023492284,0.018387834,0.01406854
8333_SPCS1_P1P2_ENSG00000114902,-0.0024238925,0.018391617,0.0021687583
3329_GDF15_P1P2_ENSG00000130513,-0.022978932,0.018410893,-0.060003996
10523_CBLL2_P1P2_ENSG00000175809,0.021999195,0.01841868,0.06719294
2624_EML2_P1_ENSG00000125746,-0.01164707,0.018425664,0.057829108
8655_TAF15_P1P2_ENSG00000270647,-0.024447363,0.018431684,-0.00094163755
389_AP5M1_P1P2_ENSG00000053770,-0.004915453,0.018433113,0.007950768
6726_PRDM1_P1P2_ENSG00000057657,-0.0024263468,0.018437563,0.029768655
7195_RC3H2_P1P2_ENSG00000056586,-0.007423004,0.018441005,-0.0053578746
5101_MKS1_P1P2_ENSG00000011143,0.030506698,0.018441696,0.005026698
10205_ZNF20_P2_ENSG00000132010,0.013850561,0.01845214,0.035143655
2271_DNAAF3_P2_ENSG00000167646,-0.015044184,0.018453838,-0.0059401095
1552_CHCHD5_P1P2_ENSG00000125611,-0.0105008045,0.018458668,0.016904606
1016_C19orf25_P1P2_ENSG00000119559,0.0039616236,0.018465204,0.014358512
10622_ZNF773_P1P2_ENSG00000152439,-0.0031367783,0.018471342,0.021657696
5912_NXT1_P1P2_ENSG00000132661,-0.0036194979,0.018473955,0.04177685
1871_CREM_ENST00000395895.2_ENSG00000095794,0.010961487,0.018476848,0.013895366
2914_FAM222B_P2_ENSG00000173065,0.012750382,0.018481266,0.011575999
3509_GPR160_P1P2_ENSG00000173890,-0.0005450136,0.01849014,0.011003162
3029_FBXO7_P1P2_ENSG00000100225,-0.017346378,0.018497242,0.018131081
4862_MASTL_P1P2_ENSG00000120539,-0.030841807,0.01851464,0.0030067305
10791_non-targeting_non-targeting_non-targeting,0.018749923,0.018521259,0.030636815
168_ADSS_P1P2_ENSG00000035687,-0.05708851,0.018523406,-0.011075556
7278_RGS20_P2_ENSG00000147509,0.0041809906,0.018544285,0.01677679
6138_PCNX3_P1P2_ENSG00000197136,-0.042329304,0.01854471,0.025597097
10817_non-targeting_non-targeting_non-targeting,0.0023350036,0.018553821,-0.001192798
9314_TRMT61B_P1P2_ENSG00000171103,1.2567106e-06,0.018557874,-0.0012825333
1708_CNIH1_P1P2_ENSG00000100528,0.014938578,0.018558117,-0.014566308
11181_non-targeting_non-targeting_non-targeting,-0.054636437,0.018558547,-0.002786723
6758_PRKAR2A_P1P2_ENSG00000114302,0.0033588745,0.018562002,-0.011826398
9186_TOR3A_P1P2_ENSG00000186283,0.044392373,0.018562356,0.024499618
4883_MBOAT1_P1P2_ENSG00000172197,0.013972487,0.018567173,0.051308427
7021_RAB2B_P1P2_ENSG00000129472,0.005490496,0.0185822,0.017597986
811_BCOR_P1P2_ENSG00000183337,-0.0016609555,0.018584253,0.037357192
5701_NKX6-3_P1P2_ENSG00000165066,0.013984097,0.018584568,0.017610991
6658_PPP1R14B_P1P2_ENSG00000173457,-0.0073912838,0.01858481,0.0059254635
1461_CDX2_P1P2_ENSG00000165556,-0.008187037,0.01858613,0.0037838535
2320_DNTTIP1_P1P2_ENSG00000101457,-0.0031251395,0.018586706,0.03630429
6930_PTPN4_P1P2_ENSG00000088179,0.013750812,0.018592441,0.01928267
7676_SCAF4_P1P2_ENSG00000156304,-0.0018477819,0.018598368,0.006393624
188_AGL_P1P2_ENSG00000162688,0.015209063,0.01860028,0.020406969
1460_CDX1_P1P2_ENSG00000113722,0.019084916,0.018604986,-0.014250753
484_ARHGEF7_ENST00000370623.3_ENSG00000102606,-0.017344363,0.01860828,0.028066184
6691_PPP2R5E_P1P2_ENSG00000154001,-0.019225987,0.01861393,0.030981977
7194_RC3H1_P1P2_ENSG00000135870,0.01933067,0.018617682,-0.020140458
6252_PGAP2_P1_ENSG00000148985,0.017904775,0.018618096,0.037955042
2605_ELP3_P1P2_ENSG00000134014,-0.0272035,0.01861923,0.049637638
1429_CDK1_P1P2_ENSG00000170312,-0.0055310363,0.018633703,0.016925227
6608_PPARGC1B_P1P2_ENSG00000155846,-0.12192367,0.018636873,0.037910625
10548_ZNF680_P1P2_ENSG00000173041,0.022519423,0.018640507,0.021622447
1557_CHD2_P1_ENSG00000173575,-0.0150983315,0.018642541,0.021089928
9993_ZBTB3_P1P2_ENSG00000185670,0.024617659,0.018643316,0.04575915
3612_H1FX_P1P2_ENSG00000184897,0.00021589658,0.018650005,-0.0122372415
173_TLE5_P1P2_ENSG00000104964,-0.008050469,0.018651508,-0.0044299765
322_ANKMY2_P1P2_ENSG00000106524,0.018997757,0.018653033,0.03495326
1196_CARS2_P1P2_ENSG00000134905,0.021842042,0.018660914,0.04548233
2146_DENND1A_P1P2_ENSG00000119522,0.004098199,0.0186782,0.018294027
8345_SPEG_P2_ENSG00000072195,0.00030603024,0.018685099,0.01586644
9557_UBXN4_P1P2_ENSG00000144224,0.0024133492,0.018694306,0.030792156
3528_GRB10_P2_ENSG00000106070,-0.006354109,0.01869441,0.024971154
1913_CST3_P1P2_ENSG00000101439,-0.0029287133,0.018697485,0.023172835
8485_STAM_P1P2_ENSG00000136738,0.017706482,0.018703485,0.02825648
4845_MARCH5_P1P2_ENSG00000198060,0.0046737883,0.018707296,0.029872386
3537_GRINA_P1P2_ENSG00000178719,-0.01579658,0.018710855,0.07921517
3609_GYPE_P1P2_ENSG00000197465,-0.007873128,0.018710993,0.028901918
10403_ZNF502_P1P2_ENSG00000196653,-0.0016999933,0.018715324,0.0024682123
3078_FHIT_P1P2_ENSG00000189283,-0.005853573,0.01872048,0.046096954
1418_CDCA8_P1P2_ENSG00000134690,0.016644122,0.01872681,0.047785554
7560_RRNAD1_P1P2_ENSG00000143303,0.005406638,0.01872792,0.026351757
221_AIMP2_P1P2_ENSG00000106305,-0.01381004,0.018733872,0.000832884
10866_non-targeting_non-targeting_non-targeting,0.020953722,0.018741373,0.0050999057
516_ARL6IP5_P1P2_ENSG00000144746,0.015425969,0.018757172,0.031834327
9211_TPRA1_P1P2_ENSG00000163870,0.002799069,0.018758561,0.03152617
10876_non-targeting_non-targeting_non-targeting,0.019316912,0.018767,0.04095673
10723_ZSCAN30_P1P2_ENSG00000186814,-0.009682668,0.018767666,0.00028066698
4779_MAGT1_P1P2_ENSG00000102158,0.0062228213,0.018771036,0.024288118
9031_TMEM192_P1P2_ENSG00000170088,0.015441865,0.018784354,-0.0075884056
7264_RFX7_P1P2_ENSG00000181827,-0.0074876137,0.018787941,-0.0063860384
213_AHSP_P1P2_ENSG00000169877,0.01041575,0.018792953,0.02133232
10678_ZNF852_P1P2_ENSG00000178917,-0.0043476652,0.018800883,0.020062447
4397_KIFAP3_P1P2_ENSG00000075945,-0.002628788,0.018805599,0.024563987
6380_PITPNB_P1P2_ENSG00000180957,0.027506586,0.018806012,-0.0024357964
6626_PPIF_P1P2_ENSG00000108179,0.023398327,0.018806502,-0.015863666
6497_PNPLA8_P1P2_ENSG00000135241,-0.018033562,0.018812994,0.015498391
8838_TFAP2E_P1P2_ENSG00000116819,0.025678067,0.018813632,-0.007641569
9099_TMEM8A_P1P2_ENSG00000129925,-0.004785116,0.018814033,-0.020611567
2841_FAM120A_P1P2_ENSG00000048828,0.0021821985,0.018817713,0.021551786
8356_SPICE1_P1P2_ENSG00000163611,-0.0037741587,0.018821228,0.04491725
5874_NUDT5_P1P2_ENSG00000165609,-0.03747216,0.018822737,-0.023454368
2384_DSTYK_P1P2_ENSG00000133059,0.010275723,0.018879298,-0.009042221
5898_NUP54_P1P2_ENSG00000138750,-0.031241529,0.018889476,0.020296762
2416_DVL1_P1P2_ENSG00000107404,0.0054255053,0.018890604,-0.0019813648
9996_ZBTB42_P1P2_ENSG00000179627,-0.009567697,0.018894212,0.019825228
9743_VPS18_P1P2_ENSG00000104142,-0.0070589804,0.018897649,0.02397407
4372_KIAA2013_P1P2_ENSG00000116685,0.026258407,0.018908225,0.017033825
9282_TRIM58_P1P2_ENSG00000162722,-0.0046485523,0.018916469,0.0013178824
3713_HEY1_P1P2_ENSG00000164683,0.018968951,0.018921996,0.025613796
6197_PDS5B_P1P2_ENSG00000083642,0.016872928,0.018928898,0.003563148
9351_TSPAN17_P1P2_ENSG00000048140,-0.014143584,0.018944865,0.0048739463
6321_PIAS2_P2_ENSG00000078043,-0.0077855457,0.018953305,0.0070543173
8799_TDG_P1P2_ENSG00000139372,-0.0010468225,0.018954217,-0.0016952216
6173_PDF_P1P2_ENSG00000258429,0.0010233937,0.01895726,0.011391044
9271_TRIM28_P1P2_ENSG00000130726,0.059494644,0.018958671,0.027251938
11222_non-targeting_non-targeting_non-targeting,-0.0030097247,0.01895982,-0.027833048
2866_FAM156B_ENST00000416841.2_ENSG00000179304,0.017367607,0.0189662,0.003996528
10521_ZNF641_P1P2_ENSG00000167528,-0.01341355,0.018967347,0.0045991684
1606_CHTOP_P1P2_ENSG00000160679,-0.027949775,0.01896815,0.00787601
708_ATXN7_ENST00000538065.1_ENSG00000163635,0.012917573,0.019003157,0.022789892
10811_non-targeting_non-targeting_non-targeting,0.0034235804,0.019011652,0.024038812
563_ASAP3_P1P2_ENSG00000088280,0.0047596768,0.01901334,0.001859843
1153_CALB1_P1P2_ENSG00000104327,0.016264662,0.019014016,0.050974626
2444_E2F7_P1P2_ENSG00000165891,-0.01865859,0.019019939,0.039568063
9697_VAMP7_P1P2_ENSG00000124333,0.016943429,0.019029785,0.0020847425
1296_CCDC78_P1P2_ENSG00000162004,-0.007101087,0.019032776,0.0017381703
11223_non-targeting_non-targeting_non-targeting,-0.026117524,0.019033609,0.002345316
9649_USP32_P1P2_ENSG00000170832,0.030625358,0.019040525,-0.008457499
2725_ESAM_P1_ENSG00000149564,-0.008202241,0.019045938,0.020776622
9740_VPS13C_P1P2_ENSG00000129003,-0.012321063,0.019045945,0.01836867
823_BEX4_P1P2_ENSG00000102409,0.010746448,0.019066932,0.032430455
8280_SOX12_P1P2_ENSG00000177732,-0.008285489,0.019072425,-0.014719993
8296_SOX6_ENST00000528429.1_ENSG00000110693,0.011235378,0.01907556,-0.025330028
9158_TOB2_P1P2_ENSG00000183864,-0.004628608,0.019077456,0.030601524
5586_NEDD4_P1P2_ENSG00000069869,-0.015272189,0.019081607,0.07234602
4298_KCNK5_P1P2_ENSG00000164626,0.0025387055,0.0190859,0.017211797
1706_CNDP2_P1_ENSG00000133313,0.023496347,0.019087577,0.04263596
7207_RCN1_P1P2_ENSG00000049449,-0.0028619238,0.01908791,0.008416836
7149_RBL1_P1P2_ENSG00000080839,0.0031828056,0.019089451,0.024503302
5633_NFE2_P1P2_ENSG00000123405,0.0017921284,0.019089734,0.0033375393
8063_SLC38A1_P1P2_ENSG00000111371,0.0043494077,0.019094149,0.0025005506
4326_KDM4C_P1P2_ENSG00000107077,0.009580879,0.019100197,0.005653108
5188_MRFAP1L1_P1P2_ENSG00000178988,0.020744035,0.01910203,0.008907021
1378_CD81_P2_ENSG00000110651,0.0014687253,0.019104505,-0.0023040725
6226_PEX14_P1P2_ENSG00000142655,-0.025002277,0.019110067,0.034519065
6388_PIWIL4_P1P2_ENSG00000134627,0.024028588,0.019110532,0.03954039
6117_PCCB_P2_ENSG00000114054,0.017657138,0.019114874,0.0058368277
10240_ZNF254_ENST00000357002.4_ENSG00000213096,-0.0029699341,0.01914822,0.006059949
9885_WWP2_P1P2_ENSG00000198373,-0.0103557445,0.019148316,-0.0042728814
8880_THAP7_P1P2_ENSG00000184436,0.0073626856,0.019148342,0.011307035
1817_COX6A1_P1P2_ENSG00000111775,-0.010493684,0.019157892,-0.0074280743
4276_KAT5_P1P2_ENSG00000172977,-0.011098913,0.019159522,0.008938181
7827_SET_P1P2_ENSG00000119335,0.01635454,0.019162675,0.012549956
10625_ZNF776_P1P2_ENSG00000152443,-0.014859397,0.019174654,0.0011196799
7259_RFX2_P1P2_ENSG00000087903,0.012073505,0.019199701,-0.013170855
10329_ZNF394_P1P2_ENSG00000160908,-0.0036511854,0.019218232,0.021313174
1887_CRYM_P1P2_ENSG00000103316,0.00021765124,0.019222433,0.0016253869
7277_RGS19_P1P2_ENSG00000171700,-0.034941297,0.019239297,-0.002444524
4656_LRRC14_P2_ENSG00000160959,0.00065758853,0.01924148,0.01483224
4548_LEF1_P1_ENSG00000138795,0.06450122,0.01924439,0.03785777
1618_CISD2_P1P2_ENSG00000145354,-0.0013773734,0.019248601,-0.0040369844
8638_SZT2_P1P2_ENSG00000198198,-0.01436069,0.019256806,0.0350616
10756_non-targeting_non-targeting_non-targeting,-0.02117421,0.019265732,0.0147209745
7644_SAMHD1_P1P2_ENSG00000101347,0.038511615,0.019269701,0.0014418879
2808_F12_P1_ENSG00000131187,0.0016050192,0.019273495,0.0022958533
7975_SLC1A5_P2_ENSG00000105281,0.0082048355,0.019274063,0.04483184
3320_GCLM_P1P2_ENSG00000023909,-0.01775218,0.019284137,0.0070427298
11_AARSD1_P2_ENSG00000266967,-0.002011545,0.019285012,0.008795614
9951_YWHAB_P1P2_ENSG00000166913,-0.005347496,0.019285938,-0.0035925126
6420_PLCB4_P1P2_ENSG00000101333,0.01286949,0.019293427,0.014159522
863_BNIP2_P1P2_ENSG00000140299,0.014449044,0.019295594,0.0075567383
6570_POMP_P1P2_ENSG00000132963,0.03653988,0.019315483,-0.0026972068
8797_TCTN3_P1P2_ENSG00000119977,-0.003298433,0.01932325,0.01799689
7635_SAFB2_P1P2_ENSG00000130254,-0.011595205,0.019334143,0.015572361
3016_FBXO38_P1P2_ENSG00000145868,-0.006334169,0.0193411,0.0161276
4681_LRRFIP2_P1P2_ENSG00000093167,0.016389633,0.019347481,0.013389866
7629_SAAL1_P1_ENSG00000166788,-0.00077121455,0.019348385,0.01423495
106_ACTL6A_P1P2_ENSG00000136518,-0.050228808,0.019349825,-0.0061931224
281_ALKBH8_P1P2_ENSG00000137760,-0.033153087,0.019358655,0.025661068
"4861_MAST4_ENST00000403625.2,ENST00000404260.3_ENSG00000069020",0.0002812217,0.01937155,0.03236855
777_BBS1_P1P2_ENSG00000174483,0.027634934,0.019391667,0.00997749
2055_DCAF4L2_P1P2_ENSG00000176566,-0.018403962,0.019392967,0.01507273
4561_LGALS1_P2_ENSG00000100097,0.0021389374,0.019394092,0.0056979805
4860_MAST2_P1P2_ENSG00000086015,-0.033462632,0.019398022,-0.004164719
9933_YIPF4_P1P2_ENSG00000119820,-0.013517592,0.01939893,0.012386032
6505_POC5_P1P2_ENSG00000152359,0.0024873405,0.019401047,0.0020323393
921_BTBD3_P1P2_ENSG00000132640,-0.00932193,0.01940117,0.0073648617
4270_KANSL1_P1P2_ENSG00000120071,-0.040389016,0.019405149,0.017644668
6496_PNPLA6_P1P2_ENSG00000032444,0.009531097,0.019407626,0.0043114843
9100_TMEM97_P1P2_ENSG00000109084,0.028535537,0.019410487,0.020316426
8463_SSX3_P1P2_ENSG00000165584,0.024499066,0.019413117,0.037572898
582_ASIC4_P1P2_ENSG00000072182,0.004432705,0.019414654,0.018344795
3255_GABRE_P1P2_ENSG00000102287,-0.00561208,0.019423338,0.034620993
3954_HSD17B7_P2_ENSG00000132196,-0.0030990941,0.019431133,0.027443504
393_APBA2_P1P2_ENSG00000034053,-0.010008405,0.019431869,0.022909004
10436_ZNF547_P1P2_ENSG00000152433,0.0005926418,0.019439502,0.016865442
8206_SNAPC2_P1P2_ENSG00000104976,-0.023507696,0.019448204,0.061041962
5890_NUP188_P1P2_ENSG00000095319,-0.027096346,0.01946223,-0.0182133
6592_POU3F3_P1P2_ENSG00000198914,-0.0062218714,0.01946333,-0.00792881
9402_TTLL3_P1P2_ENSG00000214021,0.012484906,0.019472046,0.0126197245
10524_ZNF646_P1P2_ENSG00000167395,-0.017586181,0.019483805,0.018292066
1355_CD151_P1P2_ENSG00000177697,-0.0005926271,0.019485708,-0.0035387285
3911_HOXC11_P1P2_ENSG00000123388,0.007800177,0.01949022,0.03909487
603_ATE1_P1P2_ENSG00000107669,0.007373097,0.019493299,0.0137387635
5602_NEMF_P1P2_ENSG00000165525,0.046185818,0.019495444,0.020714706
3519_GPSM1_P1P2_ENSG00000160360,-0.008859683,0.019496921,0.020896042
9375_TTC12_P1P2_ENSG00000149292,-0.033163294,0.019503621,-0.025821837
5164_MPHOSPH6_P1P2_ENSG00000135698,0.051157303,0.019522162,0.03942475
7070_RAD51_P1P2_ENSG00000051180,-0.030214487,0.019531427,0.07622505
9652_USP36_P1P2_ENSG00000055483,0.055266857,0.019531677,0.025978982
11289_non-targeting_non-targeting_non-targeting,0.0009736988,0.019537916,0.021192629
6322_PIAS3_P1P2_ENSG00000131788,-0.0053611677,0.019543111,0.018247731
7000_R3HDM4_P1_ENSG00000198858,0.00093299686,0.019550653,0.018822845
9553_UBXN1_P1P2_ENSG00000162191,0.010001413,0.019573558,0.027016917
4717_LUC7L_P1P2_ENSG00000007392,-0.01296482,0.019579569,0.0063969186
3507_GPR137_P1_ENSG00000173264,0.01650888,0.019590193,0.040570617
9786_WASF1_P1P2_ENSG00000112290,0.0016765519,0.019617246,0.007953123
6567_POM121_P1P2_ENSG00000196313,-0.004164201,0.01961734,0.015736835
8398_SRD5A1_P1P2_ENSG00000145545,-0.010057074,0.019618945,0.011986722
5222_MRPL3_P1P2_ENSG00000114686,-0.10389568,0.019619165,-0.025299303
10641_ZNF791_P1P2_ENSG00000173875,0.0071888794,0.019629044,0.0085128695
3590_GTPBP10_P1P2_ENSG00000105793,0.021264346,0.019637374,-0.0016432618
4768_MAGEC2_P1P2_ENSG00000046774,0.0013418582,0.019644262,-0.031991847
6553_POLR2L_P1P2_ENSG00000177700,-0.006086974,0.019666258,0.0075810854
5997_OTUD5_P1P2_ENSG00000068308,-0.0043410556,0.019673118,-0.022793584
3974_HSPA1B_P1_ENSG00000204388,0.0095728375,0.0196826,-0.02415869
10085_ZFP36L2_P1P2_ENSG00000152518,0.038561836,0.019686358,0.042764734
8186_SMPD2_P1P2_ENSG00000135587,-0.015143144,0.019688698,0.015316961
7907_SIGIRR_P1_ENSG00000185187,0.0015067165,0.019702807,0.01452217
6580_POR_P1P2_ENSG00000127948,0.008805074,0.019703465,0.01290224
10358_ZNF436_P2_ENSG00000125945,0.010848459,0.01970651,0.019334553
9294_TRIP11_P1P2_ENSG00000100815,0.0007711039,0.019711418,-0.012027605
5336_MTMR4_P1_ENSG00000108389,-0.0027520864,0.019722488,-0.01018867
6968_PXMP2_P1P2_ENSG00000176894,0.015333832,0.019735089,0.030134225
4043_IFITM3_P1P2_ENSG00000142089,0.011102197,0.019746125,-0.006954483
3443_GNG7_P1P2_ENSG00000176533,-0.002117765,0.019757008,0.015365785
7877_SH3BP1_P1P2_ENSG00000100092,0.0058287196,0.019761909,0.00815028
7958_SLC12A4_P2_ENSG00000124067,-0.0032098726,0.019769726,0.03814678
2478_EDEM3_P1P2_ENSG00000116406,0.008866359,0.01977256,0.008284407
9108_TMOD3_P1P2_ENSG00000138594,0.0050180936,0.019774577,0.0039547067
4014_ICAM5_P2_ENSG00000105376,-0.013646194,0.019777775,0.035765883
334_ANKRD27_P1P2_ENSG00000105186,-0.008797504,0.01978598,0.016100341
10196_ZNF197_P1P2_ENSG00000186448,-0.000110046734,0.019793564,0.005137948
1949_CTSH_P1P2_ENSG00000103811,0.008423106,0.019805817,0.01775726
7236_RERE_P1P2_ENSG00000142599,-0.010042198,0.019819668,0.021934371
7285_RHD_P1P2_ENSG00000187010,-0.017929256,0.019843074,0.006763602
1923_CTBP1_P1P2_ENSG00000159692,0.030782085,0.019852709,0.079771064
5694_NKX2-5_P1P2_ENSG00000183072,0.0014144871,0.019856352,0.019938624
8635_SYTL4_P1P2_ENSG00000102362,0.040473472,0.019859636,0.07761948
6924_PTPN12_P1P2_ENSG00000127947,0.0008227223,0.019865643,0.024192773
5030_MFSD5_P1P2_ENSG00000182544,-0.0031833914,0.01987968,-0.0049121273
1656_CLINT1_P1P2_ENSG00000113282,0.011230246,0.019882672,0.02259345
2498_EFNA3_P1_ENSG00000143590,0.026490847,0.01988471,0.027948389
6825_PRSS16_P1_ENSG00000112812,0.017371034,0.019888189,-0.009090368
3693_HERC1_P1P2_ENSG00000103657,0.023266565,0.019896854,0.02504808
5303_MTCH1_P1P2_ENSG00000137409,-0.01646562,0.019900054,0.006258911
10116_ZHX2_P1P2_ENSG00000178764,-0.023948196,0.019920232,-0.004147769
1188_CARD11_P1P2_ENSG00000198286,-0.008072944,0.019924184,0.0008984528
2085_DDA1_P1P2_ENSG00000130311,0.016478702,0.019936629,0.038170323
2634_EN2_P1P2_ENSG00000164778,0.010353973,0.01993925,0.016648417
4506_LAMTOR2_P1P2_ENSG00000116586,-0.005483583,0.019941624,0.065536544
3715_HEYL_P1P2_ENSG00000163909,-0.01265869,0.019944139,0.016826037
2348_DPH3_P1P2_ENSG00000154813,-0.007582898,0.019945722,-0.0064688553
10416_ZNF518A_P1P2_ENSG00000177853,-0.0069827833,0.019959038,-0.008816721
10541_ZNF672_P1P2_ENSG00000171161,-0.01072003,0.019959258,-0.0054190853
8952_TM2D1_P1P2_ENSG00000162604,-0.002252864,0.019968927,-0.0064713466
247_AKT1_P1P2_ENSG00000142208,0.014781042,0.019974818,-0.001608321
6771_PRKRIP1_P1_ENSG00000128563,0.05712339,0.019986102,0.053860057
2338_DPAGT1_P1P2_ENSG00000172269,-0.020155525,0.019997621,0.008325999
10310_ZNF354B_P1P2_ENSG00000178338,0.007083429,0.020006247,0.0072845286
2525_EID2_P1P2_ENSG00000176396,0.015642755,0.020007534,0.023485027
2053_DCAF16_P1P2_ENSG00000163257,0.035221323,0.020014284,0.006434387
4966_MEIS1_P1P2_ENSG00000143995,-0.0086301975,0.020034006,0.008701068
8776_TCF19_P1_ENSG00000137310,-0.001967663,0.020038746,0.017612647
7669_SBF1_P1P2_ENSG00000100241,0.0019780754,0.020040592,0.01986845
2834_FAM114A2_P1P2_ENSG00000055147,-0.0046522124,0.020044958,-0.0029791999
1189_CARD8_P1_ENSG00000105483,-0.012327569,0.020084053,0.022194918
9233_TRAF7_P2_ENSG00000131653,0.01829256,0.02008751,0.000981994
6696_PPP4C_P1P2_ENSG00000149923,0.029713886,0.020093363,0.03058045
4763_MAGEA9B_ENST00000243314.5_ENSG00000267978,0.001844011,0.020095551,0.022236757
5704_NLN_P1P2_ENSG00000123213,0.005480483,0.020123828,0.02897549
6240_PFDN5_P1P2_ENSG00000123349,0.0064547495,0.020126404,0.012664383
8972_TMED10_P1P2_ENSG00000170348,-0.005300624,0.020141065,-0.006365107
5226_MRPL43_P1P2_ENSG00000055950,-0.1508777,0.020142877,-0.008985698
2116_DDX31_P1P2_ENSG00000125485,0.055809714,0.020146513,0.026045868
5008_METTL7A_P1P2_ENSG00000185432,0.013534795,0.020152615,0.008434039
10325_ZNF385B_P1P2_ENSG00000144331,-0.0016036398,0.020173468,0.01692005
30_ABCD3_P1P2_ENSG00000117528,-0.018890861,0.020183109,0.019560033
6999_R3HDM2_P1P2_ENSG00000179912,0.012008508,0.02018361,0.010608064
8887_THOC1_P1P2_ENSG00000079134,0.0058517247,0.020188559,0.0040521375
6893_PSTK_P2_ENSG00000179988,-0.005402389,0.0201961,0.021697242
8352_SPHK1_P1P2_ENSG00000176170,-0.003465735,0.020204427,9.004896e-05
734_B4GALT1_P1P2_ENSG00000086062,-0.024068257,0.020207347,0.021035245
5660_NGLY1_P1P2_ENSG00000151092,-0.027174111,0.020208484,-0.01797493
2133_DDX59_P1P2_ENSG00000118197,-0.0353967,0.020209668,-0.008720372
8848_TFE3_P1P2_ENSG00000068323,-0.01893836,0.020214118,0.024356794
4082_IKZF2_P2_ENSG00000030419,-0.028010424,0.020216428,0.014581093
11147_non-targeting_non-targeting_non-targeting,0.0064260704,0.020216996,0.029632004
4891_MCCC1_P1P2_ENSG00000078070,0.010092305,0.020232879,0.02341772
4134_INPP5B_P2_ENSG00000204084,-0.00020698126,0.020241156,0.02097538
3805_HK2_P1P2_ENSG00000159399,-0.007917336,0.020244626,0.02167669
9437_TVP23B_P1P2_ENSG00000171928,-0.008605513,0.020258635,0.025736175
5011_MEX3A_P1P2_ENSG00000254726,-0.02061552,0.020262929,0.0061278674
7586_RTF2_P1P2_ENSG00000022277,-0.015427462,0.020264328,-0.014034503
1048_C1orf35_P1P2_ENSG00000143793,-0.012831241,0.020270672,0.010390809
3293_GATA2_P1_ENSG00000179348,0.012186888,0.020287247,-0.00023621669
3936_HPS6_P1P2_ENSG00000166189,0.03436055,0.02029731,0.018379698
3666_HDAC6_P1P2_ENSG00000094631,0.023532677,0.020320484,0.053245567
2339_DPCD_P1P2_ENSG00000166171,-0.0114753805,0.020339446,0.013581421
8687_TAP2_P1P2_ENSG00000204267,0.027571652,0.020346543,-0.012428784
10342_ZNF417_P1P2_ENSG00000173480,0.009302266,0.020349616,0.014958118
2018_DACH1_P1P2_ENSG00000276644,0.0065147346,0.020352365,0.012015178
5154_MORN1_P1P2_ENSG00000116151,-0.0035241963,0.020354869,0.0006236869
2246_DLX2_P1P2_ENSG00000115844,0.002068206,0.02036304,0.010401841
8937_TJP1_P1P2_ENSG00000104067,0.0029975744,0.020363366,0.021664655
10479_ZNF585B_P1P2_ENSG00000245680,0.013128472,0.0203657,0.0298721
8391_SPZ1_P1P2_ENSG00000164299,0.01060639,0.020366177,0.004892696
8185_SMNDC1_P1P2_ENSG00000119953,-0.061179787,0.020366777,0.0010905097
4417_KLF2_P1P2_ENSG00000127528,-0.0011549331,0.020371446,0.006572716
8098_SLC4A7_P1P2_ENSG00000033867,-0.0012942473,0.020400591,-0.012457907
2437_E2F1_P1P2_ENSG00000101412,-0.0046313927,0.020406576,0.031633623
8089_SLC44A4_P1P2_ENSG00000204385,0.0311063,0.020419566,0.001601018
4038_IFI27L2_P1P2_ENSG00000119632,0.00093924487,0.020442428,0.0065233945
9613_UQCRFS1_P1P2_ENSG00000169021,-0.06215763,0.020454811,-0.045097623
9500_UBE2E1_P1P2_ENSG00000170142,0.036684662,0.020471169,0.030198399
9597_UNG_P1P2_ENSG00000076248,-0.0033368093,0.020472636,0.038029425
5069_MIER1_P2_ENSG00000198160,0.009816147,0.020484371,0.0183478
1502_CEP250_P1P2_ENSG00000126001,0.008494854,0.020501085,-0.0043794955
824_BFAR_P1P2_ENSG00000103429,0.009733519,0.02050205,-0.005494534
3298_GATAD1_P1P2_ENSG00000157259,0.010199804,0.020506723,0.010909333
7011_RAB1A_P1P2_ENSG00000138069,-0.007152069,0.020513793,0.017506806
918_BTBD10_P1_ENSG00000148925,-0.010536764,0.0205227,0.0092499405
3692_HEPH_P1P2_ENSG00000089472,0.016644355,0.020523958,0.028958136
7006_RAB11FIP4_ENST00000325874.8_ENSG00000131242,-0.031969562,0.020529775,0.0057011405
1254_CCDC130_P2_ENSG00000104957,-0.021789236,0.0205332,-0.018895006
10877_non-targeting_non-targeting_non-targeting,-0.009417188,0.020536669,-0.0054002926
588_ASPH_P1P2_ENSG00000198363,0.05261894,0.020541314,-0.0014483184
8556_STX4_P1P2_ENSG00000103496,0.023957573,0.020541506,0.013669534
10106_ZFYVE16_P1P2_ENSG00000039319,0.0036879722,0.020543547,-0.005279262
7198_RCC1_P1_ENSG00000180198,0.045325197,0.020546095,0.02608355
9110_TMSB10_P1P2_ENSG00000034510,0.0093297735,0.02054651,-0.009602681
10444_ZNF556_P1P2_ENSG00000172000,0.027754057,0.020548778,0.0022368892
10150_ZMYND19_P1P2_ENSG00000165724,0.0002848243,0.020553429,0.026144745
6382_PITPNM1_P1P2_ENSG00000110697,0.0031948958,0.020563764,0.02254184
203_AHCYL1_P2_ENSG00000168710,-0.00235686,0.020576615,0.051539324
1071_C2CD2L_P1_ENSG00000172375,-0.005769355,0.020579197,0.020728352
10452_ZNF564_P1P2_ENSG00000249709,0.009680588,0.020584004,0.033430114
3074_FGFR3_P1P2_ENSG00000068078,-0.003131117,0.020590432,-0.0053048353
7475_RPL5_P1P2_ENSG00000122406,0.14339443,0.020597354,0.0012704055
2095_DDN_P1P2_ENSG00000181418,0.015089687,0.020602183,0.013672949
1690_CMC1_P1P2_ENSG00000187118,0.013910582,0.020612618,-0.0057501495
1221_CBLL1_P1P2_ENSG00000105879,0.0037512514,0.02061306,0.0002899905
8247_SNX19_P1P2_ENSG00000120451,0.03125414,0.020622645,0.049194597
2020_DAD1_P1P2_ENSG00000129562,-0.07483122,0.020637471,-0.022927396
4496_LACTB_P1P2_ENSG00000103642,0.020563558,0.02064428,0.0019050201
5300_MTA2_P1P2_ENSG00000149480,-0.048567124,0.020651607,0.05142627
2611_EMC2_P1P2_ENSG00000104412,0.010710199,0.02065347,-0.0011059863
2211_DHX35_P1P2_ENSG00000101452,0.0012902167,0.020653497,0.04493738
10924_non-targeting_non-targeting_non-targeting,0.024379648,0.020655045,-0.0038187678
2028_DAP_P1P2_ENSG00000112977,-0.004374006,0.020657284,-0.010124656
6668_PPP1R35_P1P2_ENSG00000160813,-0.020970827,0.02067073,0.026367541
10826_non-targeting_non-targeting_non-targeting,-0.003735342,0.02067614,-0.00065078936
9029_TMEM189_P1P2_ENSG00000240849,-0.007226924,0.020677596,0.015035119
10459_ZNF570_P1_ENSG00000171827,-0.013893876,0.020685937,0.0064792037
2568_EIF4G1_P1P2_ENSG00000114867,-0.0666759,0.020689746,0.022818957
7544_RPUSD2_P1P2_ENSG00000166133,-0.022691099,0.020694936,0.014999719
9192_TP53I13_P1P2_ENSG00000167543,-0.034176905,0.020697977,-0.009743916
6307_PHOX2B_P1P2_ENSG00000109132,-0.010516842,0.020721357,0.05933303
643_ATP13A2_P1P2_ENSG00000159363,0.0064643105,0.02072678,0.023460472
8279_SOX11_P1P2_ENSG00000176887,0.02526922,0.020727756,0.00547352
6386_PITX2_P2_ENSG00000164093,0.002174647,0.02073145,0.029693427
4880_MBLAC2_P1P2_ENSG00000176055,0.017844459,0.020731661,0.013175367
8729_TBCD_P1P2_ENSG00000141556,-0.039811395,0.02073583,-0.022479156
3970_HSPA13_P1P2_ENSG00000155304,0.012841858,0.020736279,0.0062247114
1907_CSPP1_P1P2_ENSG00000104218,0.0033102757,0.020747012,0.013149337
294_AMMECR1_P1P2_ENSG00000101935,-0.0068832017,0.02074842,0.001827573
10679_ZNF853_P2_ENSG00000236609,0.00785286,0.02075028,0.02915546
3700_HES3_P1P2_ENSG00000173673,0.0008408798,0.020753223,0.015336086
10394_ZNF48_P1P2_ENSG00000180035,0.016498666,0.020755596,0.024184309
6890_PSPH_P2_ENSG00000146733,-0.062670976,0.02075662,-0.009976852
3158_FOXF2_P1P2_ENSG00000137273,-0.044933893,0.020760652,0.09047013
2647_ENPP3_P2_ENSG00000154269,-0.011431903,0.020770395,0.04043009
4335_KEL_P1_ENSG00000197993,-0.0042968183,0.020770507,0.005558868
10951_non-targeting_non-targeting_non-targeting,0.010789629,0.02077494,0.01293748
9208_TPMT_P1P2_ENSG00000137364,-0.012189853,0.020790065,0.008354215
4906_MCM9_P1P2_ENSG00000111877,0.021495009,0.020799076,0.004323393
7340_RNF115_P1P2_ENSG00000265491,0.011932136,0.020799229,0.036571078
3815_HLTF_P1P2_ENSG00000071794,0.013421975,0.02079956,0.012945327
9285_TRIM65_P1P2_ENSG00000141569,0.010362171,0.020801004,0.024380304
3995_HYAL2_P1_ENSG00000068001,-0.00060162833,0.020802706,0.030917445
7270_RGL2_P1_ENSG00000237441,-0.0059536663,0.020814229,0.0040100743
1517_CEP89_P1P2_ENSG00000121289,-0.0005808375,0.020817978,0.0051107616
10328_ZNF391_P1P2_ENSG00000124613,-0.0069293478,0.020818906,0.021877022
1101_C5orf34_P1P2_ENSG00000172244,0.009695759,0.020828888,0.062175553
7354_RNF145_P1_ENSG00000145860,0.0025893778,0.0208293,-0.014356742
4825_MAPK12_P1P2_ENSG00000188130,0.024484439,0.020830516,-0.0063591795
8681_TANK_P2_ENSG00000136560,0.016676411,0.020849455,0.011838034
1181_CAPN2_P1P2_ENSG00000162909,-0.00025373691,0.020852508,-0.008516886
2155_DENR_P1P2_ENSG00000139726,0.040256172,0.020865949,-0.005008609
7896_SHMT1_P1P2_ENSG00000176974,-0.0009968084,0.020876817,0.0161102
6741_PRELID1_P1P2_ENSG00000169230,-0.041633066,0.0208771,0.01765868
9263_TRIM14_P1P2_ENSG00000106785,-0.005556539,0.020881541,-0.008606577
1156_CALCOCO2_P2_ENSG00000136436,-0.013651926,0.020886773,-0.01870652
9445_TXLNA_P1P2_ENSG00000084652,-0.0011899855,0.020895135,0.034336753
8281_SOX13_P1P2_ENSG00000143842,0.0039502755,0.020896893,0.032056708
2587_ELF4_P1P2_ENSG00000102034,-0.0010946511,0.020901572,0.014690417
414_APOBR_P2_ENSG00000184730,0.034191363,0.02090503,0.037312083
5208_MRPL24_P1P2_ENSG00000143314,-0.10920644,0.020906484,-0.044918
8072_SLC39A14_P1P2_ENSG00000104635,0.018248996,0.020915633,0.03917428
8199_SNAI2_P1P2_ENSG00000019549,-0.01023367,0.020917583,0.03404056
4562_LGALS8_P1P2_ENSG00000116977,0.003574067,0.020919958,-0.0033018724
3007_FBXO21_P1P2_ENSG00000135108,-0.020591192,0.020936092,0.022760503
5437_NABP1_P1P2_ENSG00000173559,-0.016531868,0.020937884,-0.0044284975
10003_ZBTB49_P1P2_ENSG00000168826,-0.013837863,0.02094475,0.007704406
2014_CYTH3_P1P2_ENSG00000008256,0.0058558243,0.020962052,0.0066547915
3332_GDI2_P1_ENSG00000057608,-0.018318314,0.020967234,0.0023307912
583_ASL_P1P2_ENSG00000126522,0.002438889,0.020969674,0.023278028
5118_MLX_P1P2_ENSG00000108788,0.00071137416,0.020982977,0.015794178
6707_PPTC7_P1P2_ENSG00000196850,0.007842356,0.020994658,0.016491981
2152_DENND4B_P1_ENSG00000198837,-0.011034003,0.020994965,0.03269997
354_ANP32B_P1P2_ENSG00000136938,0.024181312,0.020996204,0.029716255
3120_FMR1_P1P2_ENSG00000102081,0.0068575013,0.020997193,0.0074253394
5518_NDC1_P1P2_ENSG00000058804,-0.008025425,0.021012712,0.012430689
1149_CACUL1_P1P2_ENSG00000151893,0.014922817,0.021014165,-0.006340174
10891_non-targeting_non-targeting_non-targeting,-0.01946228,0.021017158,0.021482525
8443_SS18L1_P1P2_ENSG00000184402,-0.006217187,0.02101986,-0.018152623
1541_CGGBP1_P2_ENSG00000163320,-0.023748746,0.021020392,0.02879417
6944_PTS_P1P2_ENSG00000150787,-0.008964906,0.021022905,0.028263373
4596_LIN7B_P1P2_ENSG00000104863,-0.02197989,0.021022957,0.011659007
4824_MAPK11_P1P2_ENSG00000185386,-0.013061975,0.021027712,0.0055832686
6111_PCBP2_P1_ENSG00000197111,0.0099469125,0.021029975,0.00953569
4771_MAGED2_P1_ENSG00000102316,-0.008107312,0.021034405,0.0019571264
2389_DTL_P1P2_ENSG00000143476,0.00792927,0.021035323,0.011510404
6907_PTF1A_P1P2_ENSG00000168267,-0.008031612,0.021039562,0.0080046365
8016_SLC25A6_P1_ENSG00000169100,-0.00033065898,0.021041641,0.022716884
7633_SACS_ENST00000382298.3_ENSG00000151835,-0.04943927,0.021046262,0.0040530674
8399_SRD5A3_P1P2_ENSG00000128039,0.0009985643,0.021055907,-0.0061685336
9033_TMEM199_P1P2_ENSG00000244045,-0.0010007626,0.021058833,0.0023474842
9612_UQCRC2_P1P2_ENSG00000140740,-0.07739531,0.021061944,-0.020955142
7921_SIPA1_P2_ENSG00000213445,0.026133113,0.021071501,0.021591237
2194_DHRS1_P1P2_ENSG00000157379,-0.009067274,0.021072917,0.023032624
7081_RAI1_P1P2_ENSG00000108557,-0.009393508,0.021073425,0.010585844
810_BCORL1_P1P2_ENSG00000085185,-0.0061448594,0.021074057,0.017025616
7076_RAD9A_P1P2_ENSG00000172613,-0.02400318,0.021078926,0.035263762
9016_TMEM167B_P1P2_ENSG00000215717,-0.006393254,0.021079225,0.014012848
1920_CT45A5_P1P2_ENSG00000228836,0.006423656,0.02108118,0.0016406854
10719_ZSCAN25_P1P2_ENSG00000197037,0.021395715,0.021081716,0.01595736
5342_MTRF1L_P1P2_ENSG00000112031,0.0361309,0.021090942,0.04498134
2758_ETS1_P1P2_ENSG00000134954,0.026267149,0.021103958,0.019546542
7883_SH3GL1_P1P2_ENSG00000141985,0.041584756,0.021114433,0.022660136
3446_GNL3L_P1P2_ENSG00000130119,0.035608158,0.02112346,0.11033181
1433_CDK4_P1P2_ENSG00000135446,-0.018876854,0.021123476,0.040892664
2231_DIS3L2_P1P2_ENSG00000144535,0.004229638,0.021124221,-0.0075342157
7977_SLC20A1_P1P2_ENSG00000144136,-0.004919111,0.021129292,0.021507312
2768_EVA1B_P1P2_ENSG00000142694,0.016985847,0.021130504,0.03330008
4139_INPPL1_P1P2_ENSG00000165458,0.0036852835,0.021144109,-0.0039433865
8288_SOX2_P1P2_ENSG00000181449,-0.06085276,0.021150222,-0.011441024
1128_C8orf82_P1P2_ENSG00000213563,0.0057454505,0.02115347,0.02734703
893_BRD8_P1P2_ENSG00000112983,-0.062572405,0.021158988,0.0027887325
7342_RNF121_P1P2_ENSG00000137522,-0.014007718,0.02115942,0.0024871817
1295_CCDC77_P1_ENSG00000120647,-0.03943424,0.021171423,0.014154074
7903_SHQ1_P1P2_ENSG00000144736,0.007175243,0.021175222,0.009516327
1947_CTSD_P1P2_ENSG00000117984,0.009095662,0.021184195,0.03559601
3473_GON4L_P1_ENSG00000116580,-0.013673735,0.021190016,0.014430671
3404_GLRX5_P1P2_ENSG00000182512,0.050417036,0.021190941,0.026182214
4200_IRX3_P1P2_ENSG00000177508,0.0038295484,0.021195017,-0.00097258016
8419_SRPK1_P1P2_ENSG00000096063,-0.003236756,0.021204075,0.03207196
9508_UBE2J2_P1P2_ENSG00000160087,-0.006020289,0.021207575,0.005649293
4638_LRBA_P1P2_ENSG00000198589,-0.008567052,0.021209367,-0.0016239454
9249_TRAPPC4_P1P2_ENSG00000196655,-0.005643703,0.021218129,-0.0073492513
4333_KEAP1_P1P2_ENSG00000079999,0.06389421,0.021220544,0.08645595
6433_PLEKHA1_P1P2_ENSG00000107679,0.028947515,0.021223972,-0.02559405
10666_ZNF836_P1P2_ENSG00000196267,-0.008853409,0.021226697,0.009564434
4870_MAVS_P2_ENSG00000088888,0.013270079,0.021230003,0.037137378
2707_ERH_P1P2_ENSG00000100632,0.014632497,0.021238156,0.01613719
6001_OTX2_P1P2_ENSG00000165588,0.04457876,0.021247441,0.014609552
564_ASB13_P1P2_ENSG00000196372,0.0033310323,0.02124998,0.019615822
10378_ZNF462_P1P2_ENSG00000148143,-0.014530076,0.02125013,0.026881473
1892_CSDE1_P1P2_ENSG00000009307,-0.044899516,0.021254187,-0.006051976
4129_INO80E_P1P2_ENSG00000169592,-0.0122718355,0.021262158,-0.01937276
6600_POU5F2_P1P2_ENSG00000248483,-0.0026323888,0.021269817,0.01632219
1246_CCDC116_P1P2_ENSG00000161180,-0.027199512,0.021286245,0.009509146
6325_PICALM_P1P2_ENSG00000073921,0.0060111205,0.021287957,0.019306185
4395_KIF5B_P1P2_ENSG00000170759,0.00022615016,0.02128894,0.050053123
8341_SPDYE2_ENST00000341656.4_ENSG00000205238,0.012650828,0.021309499,0.009204342
5451_NAGK_P1P2_ENSG00000124357,-0.007942651,0.021311518,0.016069168
7697_SCMH1_ENST00000326197.7_ENSG00000010803,-0.0017791634,0.021324163,0.03391416
11001_non-targeting_non-targeting_non-targeting,-0.0060533434,0.021327797,0.028311806
1195_CARM1_P1P2_ENSG00000142453,0.053601347,0.021329626,0.012586439
5697_NKX3-1_P1P2_ENSG00000167034,0.031550337,0.021330321,0.028947433
4493_L3MBTL3_P1P2_ENSG00000198945,0.009094407,0.021332867,0.01627242
877_BPGM_P1P2_ENSG00000172331,0.023205698,0.021377226,0.009928306
7261_RFX4_P1P2_ENSG00000111783,0.0047709215,0.021382464,0.034307983
112_ACTR2_P1P2_ENSG00000138071,0.008664574,0.021399226,0.011611785
6109_PCBD2_P1P2_ENSG00000132570,0.009320701,0.021402268,0.006288949
4809_MAP3K2_P1P2_ENSG00000169967,0.0216996,0.02140934,0.04343683
2112_DDX23_P1P2_ENSG00000174243,0.0039626528,0.021420022,0.033210035
4518_LARP4B_ENST00000316157.3_ENSG00000107929,-0.010966291,0.02142064,0.03511924
6000_OTX1_P1P2_ENSG00000115507,0.015511346,0.021452066,0.031590506
8460_SSU72_P1P2_ENSG00000160075,-0.076014265,0.021456158,-0.0051261643
4576_LHX9_P1P2_ENSG00000143355,0.0108559355,0.0214617,-0.043542147
10320_ZNF382_P1P2_ENSG00000161298,0.0038634604,0.021472089,0.023221169
4546_LDLR_P1P2_ENSG00000130164,0.0173625,0.021473924,0.0055821324
2403_DUSP14_P2_ENSG00000276023,0.0056647174,0.021485701,0.0023232424
399_APEX1_P1P2_ENSG00000100823,0.016851475,0.02148836,0.013340415
6928_PTPN23_P1P2_ENSG00000076201,-0.0031850308,0.021494802,-0.00016895868
10472_ZNF580_P2_ENSG00000213015,-0.002982651,0.021509573,0.019630829
4473_KRT10_P2_ENSG00000186395,-0.013759882,0.021512525,0.011123032
10682_ZNF860_P1P2_ENSG00000197385,0.01752967,0.021514777,0.0058840467
7032_RAB4A_P1P2_ENSG00000168118,0.0031999007,0.021517152,0.03539225
5463_NAPEPLD_P1P2_ENSG00000161048,0.021805704,0.021523667,0.0029539561
10550_ZNF682_P1P2_ENSG00000197124,0.008301824,0.02152557,0.0018863783
9012_TMEM161B_P1P2_ENSG00000164180,-0.027047385,0.021526547,0.035751734
"504_ARL17A_ENST00000329240.4,ENST00000336125.5,ENST00000445552.2_ENSG00000185829",-0.020987738,0.021532305,0.015167166
3934_HPS4_P1P2_ENSG00000100099,-0.017199483,0.021537472,0.011859897
10347_ZNF423_ENST00000561648.1_ENSG00000102935,0.009568024,0.021538714,-0.016596952
8432_SRSF2_P1P2_ENSG00000161547,0.03246669,0.021543985,0.036408372
9027_TMEM185B_P1P2_ENSG00000226479,-0.002247696,0.02155842,0.0063702455
8883_THEM4_P1P2_ENSG00000159445,-0.0052672457,0.021559883,0.02402823
10460_ZNF571_P1P2_ENSG00000180479,-0.009233537,0.0215617,0.026387231
11031_non-targeting_non-targeting_non-targeting,-0.027297668,0.021563662,0.008488425
8038_SLC35A2_P1P2_ENSG00000102100,-0.0022267406,0.02156909,0.034457877
1164_CAMK2G_P1P2_ENSG00000148660,-0.017586967,0.021569582,0.03734036
4623_LNPEP_P1P2_ENSG00000113441,-0.019639207,0.021570468,-0.011311665
1029_C1D_P1P2_ENSG00000197223,0.030348899,0.021578377,0.036258165
3430_GNAI2_P1P2_ENSG00000114353,0.018413272,0.02158084,0.008214664
3349_GFOD2_P1P2_ENSG00000141098,0.04348855,0.021582048,0.020776512
1058_RAB5IF_P1P2_ENSG00000101084,0.04791669,0.021591095,-0.0068168584
6405_PKP4_P1P2_ENSG00000144283,-0.011094871,0.021592954,-0.021199156
6429_PLD3_P1_ENSG00000105223,-0.0128405355,0.02159396,-0.0064872154
2950_FAM89B_P1P2_ENSG00000176973,0.003016305,0.021598466,0.006246403
6064_PAPSS1_P1P2_ENSG00000138801,0.044749446,0.021605648,0.010082334
5324_MTHFS_P1_ENSG00000136371,-0.0019562135,0.021605989,-0.022370446
519_ARL8B_P1P2_ENSG00000134108,-0.006004817,0.021610463,0.01867423
6859_PSMC3IP_P1P2_ENSG00000131470,0.0012901829,0.021611026,0.024388371
5922_OCIAD1_P1P2_ENSG00000109180,-0.0026987563,0.021614144,0.023749094
1244_CCDC112_P1P2_ENSG00000164221,0.024308715,0.02161577,0.033728875
667_ATP5PO_P1P2_ENSG00000241837,-0.016122583,0.02161794,0.02749198
3862_HNRNPDL_P1P2_ENSG00000152795,0.015350129,0.021624494,-0.0017396808
2726_ESAM_P2_ENSG00000149564,-0.0038145417,0.0216426,0.0018336001
8822_TES_P1P2_ENSG00000135269,0.01233193,0.021649944,0.02304939
10695_ZNF93_P1P2_ENSG00000184635,-0.0076142666,0.021665186,0.042711746
2650_TEPSIN_P1P2_ENSG00000167302,-0.024641624,0.021674344,0.0017720443
1005_CYBC1_P1P2_ENSG00000178927,0.018461203,0.02168177,0.028195115
6720_PRDM10_P1P2_ENSG00000170325,0.0767757,0.02170468,0.030231604
9392_TTC7A_P1P2_ENSG00000068724,0.013752196,0.02170575,0.031754486
7875_SH3BGR_P1_ENSG00000185437,0.027150946,0.021717183,0.0129552325
9427_TUBGCP4_P1P2_ENSG00000137822,0.009062357,0.021724809,0.010442028
8914_TIMM10B_P1P2_ENSG00000132286,0.0043153116,0.021725427,0.043624327
3282_GAPDH_P2_ENSG00000111640,-0.0015844072,0.021739071,0.035364375
7530_RPS6KA3_P1P2_ENSG00000177189,-0.008867543,0.021743359,0.0055621956
5622_NFATC1_P1_ENSG00000131196,0.017851792,0.021743754,0.0048567792
270_ALG3_P1P2_ENSG00000214160,-0.004934625,0.021745536,0.005874941
9987_ZBTB33_P1P2_ENSG00000177485,0.0107407365,0.021750165,0.034137737
7637_SAGE1_P1P2_ENSG00000181433,-0.0012849782,0.021758419,0.0021729367
9063_TMEM258_P1P2_ENSG00000134825,-0.04954943,0.021763002,0.026261391
9587_UMPS_P1P2_ENSG00000114491,0.046470188,0.021763885,0.037125934
9394_TTC8_P1P2_ENSG00000165533,0.021261541,0.021764975,0.034386095
10980_non-targeting_non-targeting_non-targeting,-0.0030045977,0.02177125,-0.00026639042
4636_LPIN2_P1P2_ENSG00000101577,-0.0065670027,0.021789256,0.02572688
9671_USP54_P1_ENSG00000166348,0.012605337,0.021789834,0.0018555172
10921_non-targeting_non-targeting_non-targeting,0.014618569,0.021793451,0.012230913
5344_MTRNR2L1_P1P2_ENSG00000256618,-0.0089257425,0.021794092,0.024558106
8015_SLC25A6_P2_ENSG00000169100,-0.004631273,0.021795785,0.018763231
4836_MAPKAPK2_P1P2_ENSG00000162889,-0.008403268,0.021797191,0.04595234
6918_PTOV1_P1P2_ENSG00000104960,0.024944026,0.021808188,0.007961362
10677_ZNF850_P1P2_ENSG00000267041,-0.010068868,0.021826196,0.018166699
1325_CCNE1_P1P2_ENSG00000105173,0.042868175,0.021829506,0.04180562
5766_NPEPPS_P1P2_ENSG00000141279,0.03614578,0.021831086,0.008773688
7858_SGO1_P1P2_ENSG00000129810,0.0053498885,0.021834156,0.047561023
5687_NKTR_P1P2_ENSG00000114857,0.0145817865,0.021834861,0.009874978
7555_RREB1_P1P2_ENSG00000124782,0.012635723,0.02183546,0.06023022
9560_UBXN7_P1P2_ENSG00000163960,0.0058767362,0.021836737,0.024306225
8616_SYCP2L_ENST00000283141.6_ENSG00000153157,0.0038924313,0.02184842,0.014048325
2264_DMTN_P2_ENSG00000158856,-0.0065908358,0.021850996,0.030601732
1003_C17orf53_P1P2_ENSG00000125319,0.003429465,0.021860208,0.011149783
3988_HSPH1_P1P2_ENSG00000120694,-0.07074447,0.02186345,0.042582814
674_ATP6V0B_P1P2_ENSG00000117410,-0.021098137,0.021874307,-0.009228915
8131_SMAD3_P1P2_ENSG00000166949,-0.0027437364,0.021875113,0.011153591
7862_SGSH_P1P2_ENSG00000181523,-0.0023204978,0.021885423,0.010538886
1595_CHPT1_P1P2_ENSG00000111666,-0.00034140842,0.02188786,0.018291477
8825_TET3_ENST00000409262.3_ENSG00000187605,-0.0008204814,0.02189768,-0.010001171
349_ANKZF1_P1P2_ENSG00000163516,0.011996071,0.02190576,0.023610475
3338_GEMIN7_P1P2_ENSG00000142252,0.017039515,0.021908717,0.021475343
9589_UNC119_P2_ENSG00000109103,-0.011970722,0.02191517,0.03313246
7410_ROGDI_P1P2_ENSG00000067836,-0.009158494,0.021922989,0.022185065
4564_LGMN_P1P2_ENSG00000100600,-0.005004733,0.021931639,0.024992347
6129_PCIF1_P1P2_ENSG00000100982,0.020098442,0.021935917,0.026703982
8060_SLC37A3_P1P2_ENSG00000157800,-0.008642491,0.021942535,0.030642591
3955_HSD17B8_P1P2_ENSG00000204228,-0.0022440953,0.021978725,-0.00025703225
1357_CD226_P1P2_ENSG00000150637,-0.0033594987,0.02198447,-0.007007553
7156_RBM14-RBM4_P2_nan,-0.0063154837,0.021984989,0.010457838
9378_TTC17_P1P2_ENSG00000052841,-0.017155819,0.021989636,0.0048235925
3367_GIGYF2_P1P2_ENSG00000204120,0.008339978,0.021991583,0.04150273
5661_NGRN_P1P2_ENSG00000182768,-0.01938792,0.021994287,0.004784734
4142_INSM1_P1P2_ENSG00000173404,-0.0210326,0.02200092,0.021648668
8745_TBX10_P1P2_ENSG00000167800,0.0141373165,0.022004345,0.027737625
7090_RALY_P1P2_ENSG00000125970,0.008011655,0.022005904,0.040754784
10574_ZNF706_P1P2_ENSG00000120963,0.008791015,0.022009615,0.023991665
1051_C1orf52_P1P2_ENSG00000162642,0.013629329,0.022055563,0.01272011
6847_PSMA7_P1P2_ENSG00000101182,-0.0015894767,0.022056608,0.022299577
655_ATP5F1C_P1P2_ENSG00000165629,-0.06584471,0.022062082,-0.007397041
8956_TM7SF2_P1P2_ENSG00000149809,-0.014350321,0.022067552,0.0070295385
6103_PBX1_P1P2_ENSG00000185630,0.010761426,0.022075066,0.011520305
10735_ZUP1_P1P2_ENSG00000153975,0.015388725,0.022084402,0.007098334
10001_ZBTB47_P1P2_ENSG00000114853,-0.005257667,0.02210312,0.03655163
6086_PATZ1_P2_ENSG00000100105,0.006598291,0.02210483,-0.01720797
8658_TAF1C_P1P2_ENSG00000103168,0.12085251,0.022109767,0.0471878
5377_COPS9_P1P2_ENSG00000172428,0.020703837,0.022114543,0.019166572
7933_SIX3_P1P2_ENSG00000138083,-0.03134286,0.022126837,0.02407608
866_BOD1L1_P2_ENSG00000038219,-0.004606842,0.022127073,0.013374243
808_BCL7C_P1P2_ENSG00000099385,0.011417899,0.022132669,0.033226192
172_AEN_P1P2_ENSG00000181026,0.015990473,0.022134664,0.032030337
3410_GLUD1_P1P2_ENSG00000148672,0.012342612,0.022138178,0.059936825
3086_FIP1L1_P1P2_ENSG00000145216,-0.021044921,0.022138352,0.0043705185
10280_ZNF317_P1P2_ENSG00000130803,-0.005816876,0.022142293,0.0015917018
3594_GTPBP4_P1P2_ENSG00000107937,0.06951316,0.022143329,-0.0013355592
9861_WIPF1_P1P2_ENSG00000115935,-0.0053463182,0.022161687,0.011437346
6864_PSMD10_P1P2_ENSG00000101843,0.009849521,0.022163443,0.027695019
8054_SLC35G1_P1P2_ENSG00000176273,-0.003400816,0.022164492,-0.009931429
2520_EHMT1_P1P2_ENSG00000181090,0.020267434,0.022165544,-0.0063494085
10341_ZNF416_P1P2_ENSG00000083817,-0.008153634,0.022174718,0.021326326
8586_SUMF2_P2_ENSG00000129103,0.0026810302,0.022181293,0.013256062
5162_MPG_P1P2_ENSG00000103152,0.034445364,0.022184948,0.018186817
2788_EXOSC1_P1P2_ENSG00000171311,0.0046492103,0.022187628,0.04146135
3000_FBXL5_P2_ENSG00000118564,0.0076537803,0.02219851,0.015959252
9243_TRAPPC12_P1P2_ENSG00000171853,-0.017510125,0.022199303,0.004852249
3680_HEATR5B_P1P2_ENSG00000008869,0.021116149,0.022204433,-0.02405765
8875_THAP2_P2_ENSG00000173451,0.02159419,0.022207744,-0.0069016824
7744_SEC24A_P1P2_ENSG00000113615,-0.013081031,0.02221049,0.03330206
6460_PLRG1_P1P2_ENSG00000171566,0.0013467318,0.02222381,0.010522497
8652_TAF11_P1P2_ENSG00000064995,0.06825157,0.022232762,0.0375393
1966_CUL7_P1P2_ENSG00000044090,0.011420778,0.022241587,0.046023656
1032_C1QBP_P1P2_ENSG00000108561,-0.021729395,0.022256363,0.002164782
9809_WDR20_P1P2_ENSG00000140153,-0.014643253,0.022257198,0.033319887
8994_TMEM127_P1P2_ENSG00000135956,-0.017821874,0.022260575,0.024083035
1012_C18orf25_P1P2_ENSG00000152242,0.0016035758,0.022264691,0.024008418
5709_NME1_P2_ENSG00000239672,-0.014341882,0.02226872,-0.031201787
9894_XPNPEP1_P1P2_ENSG00000108039,-0.006240153,0.022290373,0.007856308
5025_MFSD11_P1P2_ENSG00000092931,0.007263573,0.022292212,0.052408874
8622_SYNCRIP_P1P2_ENSG00000135316,0.0332799,0.022297109,0.042136524
4982_MEST_P1_ENSG00000106484,-0.005706906,0.022310322,0.00778102
8295_SOX5_ENST00000546136.1_ENSG00000134532,-0.009700086,0.022323698,0.014518968
9289_TRIM8_P1P2_ENSG00000171206,-0.010266553,0.02232715,0.0100476
6978_PYGO2_P1P2_ENSG00000163348,0.0072555253,0.022328367,0.005317242
4242_ITSN2_P1P2_ENSG00000198399,-0.012382784,0.022338266,0.021551758
8117_SLC9A6_P1P2_ENSG00000198689,0.005529527,0.022344548,0.018695526
7748_SEC31A_P1_ENSG00000138674,-0.066238225,0.022349773,-0.031556908
1659_CLK2_P1P2_ENSG00000176444,0.017246522,0.022361802,0.0023137268
8944_TLE3_P1P2_ENSG00000140332,-0.016581744,0.022362903,0.018094156
11116_non-targeting_non-targeting_non-targeting,-0.009351066,0.022363167,0.0061464477
2746_ESYT1_P2_ENSG00000139641,0.040937483,0.022369556,0.0019238486
7905_SIAH1_P1P2_ENSG00000196470,0.011218954,0.022370236,0.019421937
244_AKR1E2_P1P2_ENSG00000165568,-0.0036299014,0.02238876,0.02786509
4744_MAD1L1_P1P2_ENSG00000002822,-0.011853224,0.022394663,0.012119868
1601_CHST12_P1P2_ENSG00000136213,-0.025910059,0.022398474,0.008926409
10900_non-targeting_non-targeting_non-targeting,-0.013018872,0.022403931,0.014937494
7782_SEPTIN11_P1P2_ENSG00000138758,-0.0061672283,0.022416385,0.019918654
9961_ZBED1_P1P2_ENSG00000214717,0.007254329,0.022433257,-0.012694345
10963_non-targeting_non-targeting_non-targeting,0.011936852,0.022439385,0.016353408
2286_DNAJC11_P1P2_ENSG00000007923,0.001336034,0.022462856,0.011592593
3309_GBGT1_P1P2_ENSG00000148288,0.002212179,0.022465292,0.02732698
4245_JAG2_P1P2_ENSG00000184916,0.0055506453,0.02246691,0.021565754
7094_RANBP3_P1P2_ENSG00000031823,-0.057649683,0.022470908,0.026872357
9871_WNT5B_ENST00000397196.2_ENSG00000111186,-0.0039406484,0.022472389,-0.0056771482
4900_MCM3_P1P2_ENSG00000112118,-0.05101715,0.022473179,0.025084846
10401_ZNF500_P1P2_ENSG00000103199,-0.008509761,0.022475056,0.020130476
725_B3GALNT2_P1P2_ENSG00000162885,-0.03007701,0.022489147,0.0030909185
1756_COMMD10_P1P2_ENSG00000145781,-0.011173652,0.022491371,0.021469153
4035_IER5L_P1P2_ENSG00000188483,-0.014446241,0.022497121,0.010352967
9492_UBB_P1P2_ENSG00000170315,0.010973259,0.022498481,0.020810513
9499_UBE2D4_P1P2_ENSG00000078967,0.0091632325,0.022502147,0.013312777
4902_MCM5_P1P2_ENSG00000100297,-0.039535444,0.022502573,0.030824292
5159_MPC1_P1P2_ENSG00000060762,0.0061221104,0.022515377,0.0014004859
1021_TIMM29_P1P2_ENSG00000142444,0.0030286184,0.022518585,0.0147777
4594_LIN54_P2_ENSG00000189308,-0.008982667,0.022528375,0.02508003
9274_TRIM37_P1P2_ENSG00000108395,0.008226384,0.022534978,0.026019849
8778_TCF20_P1P2_ENSG00000100207,-0.007844225,0.02256328,-0.0087561365
87_ACO2_P1P2_ENSG00000100412,-0.013762476,0.022564143,0.01835364
4369_LNPK_P1P2_ENSG00000144320,-0.010654608,0.022572098,0.017471874
6577_POP7_P1P2_ENSG00000172336,0.059318967,0.022576185,0.027680088
10421_ZNF526_P1P2_ENSG00000167625,-0.0074253334,0.022580324,-0.009309814
7658_SART1_P1P2_ENSG00000175467,-0.023181893,0.022581859,0.0029549624
3422_GMNN_P1P2_ENSG00000112312,-0.04633823,0.022586985,0.030054139
9312_TRMT5_P1P2_ENSG00000126814,-0.047377724,0.022594186,0.04097735
9537_UBLCP1_P1P2_ENSG00000164332,0.007676669,0.022607924,0.057447612
7131_RAVER1_P2_ENSG00000161847,-0.009654076,0.02260891,0.0151276905
4527_LBR_P1P2_ENSG00000143815,0.027134176,0.022621905,0.023355674
10708_ZRSR2_P1P2_ENSG00000169249,-0.031549376,0.022648381,0.037812576
7326_RMND5B_P1P2_ENSG00000145916,0.005599305,0.02265313,0.01080606
6115_PCCA_P1P2_ENSG00000175198,0.013751938,0.022668492,0.018880673
5012_MEX3B_P1_ENSG00000183496,0.03250684,0.022669258,0.030878209
2953_FAM92A_P1P2_ENSG00000188343,-0.0045540463,0.022692626,0.008732106
4192_IRF5_P2_ENSG00000128604,0.0064000688,0.022692887,-0.0041840225
10575_ZNF707_P1P2_ENSG00000181135,0.0065093115,0.022697357,0.00027754853
8170_SMG9_P1P2_ENSG00000105771,-0.049017683,0.022697357,-0.013143583
9133_TNFSF9_P1P2_ENSG00000125657,0.0030022617,0.02269937,0.01705705
7904_SHROOM1_P1P2_ENSG00000164403,-0.00528299,0.022706052,0.011607724
9248_TRAPPC3_P1P2_ENSG00000054116,-0.0010907634,0.02270639,0.007493238
9539_UBN2_P1P2_ENSG00000157741,-0.006967273,0.022714557,0.02171
3497_GPD1L_P1P2_ENSG00000152642,0.0029556102,0.02273538,0.044507366
3083_FIBP_P1P2_ENSG00000172500,-0.0071873413,0.022737067,0.020224733
4609_LMAN2_P1P2_ENSG00000169223,0.0149247665,0.022741878,0.018899934
1816_COX5B_P1P2_ENSG00000135940,-0.052401785,0.022752535,0.019047042
2263_DMTF1_P1P2_ENSG00000135164,-0.0003095881,0.022774728,0.022273846
8165_SMG1_P1P2_ENSG00000157106,-0.012026418,0.022775382,0.006576844
10489_ZNF596_P1P2_ENSG00000172748,0.005407859,0.022777379,-0.009973455
4125_INIP_P1P2_ENSG00000148153,-0.0117766345,0.022786248,0.028999917
1682_CLTB_P1P2_ENSG00000175416,0.0059959143,0.022801578,0.04032382
6222_PEX10_P2_ENSG00000157911,-0.00028716365,0.022809604,0.019061951
8746_TBX15_P1P2_ENSG00000092607,0.0043098545,0.022810007,0.01813177
2947_FAM83H_P1P2_ENSG00000180921,-0.02281983,0.022820253,-0.005163443
6410_PLAA_P1P2_ENSG00000137055,-0.0059716203,0.022820387,0.023003364
2799_EXTL2_P1P2_ENSG00000162694,0.0015928904,0.022824245,9.137889e-06
9693_VAMP1_P1P2_ENSG00000139190,-0.011715659,0.02282836,0.003389001
8473_ST6GAL1_P2_ENSG00000073849,0.027980968,0.022828477,0.023374269
2304_DNAJC8_P1P2_ENSG00000126698,0.008609804,0.022831462,0.0335362
3784_HIST2H2AA3_ENST00000369161.3_ENSG00000203812,-0.0029520036,0.022837503,0.021950465
2581_ELAC1_P1P2_ENSG00000141642,0.019623991,0.02285512,0.0077593024
9045_TMEM218_P1P2_ENSG00000150433,-0.011018439,0.022857402,0.0014353648
8150_SMARCD1_P1P2_ENSG00000066117,0.016782224,0.022859024,0.013510216
1483_CENPJ_P1P2_ENSG00000151849,0.07553037,0.022865662,0.047434054
5117_MLXIP_P1P2_ENSG00000175727,-0.016109176,0.022866778,0.0025449782
742_BABAM1_P1P2_ENSG00000105393,-0.0134838335,0.022867277,0.005469537
514_ARL6IP1_P2_ENSG00000170540,-0.0023667777,0.022876123,-0.0012598586
4180_IRAK4_P1P2_ENSG00000198001,-0.011221156,0.02294432,0.011999875
10732_ZSWIM1_P1P2_ENSG00000168612,-0.007995113,0.02294631,0.010096477
3797_HIVEP1_P1P2_ENSG00000095951,0.030568326,0.022946818,-0.0068882457
10970_non-targeting_non-targeting_non-targeting,-0.0018212579,0.022952441,0.030127883
2593_ELL_P1P2_ENSG00000105656,-0.0084629385,0.022960678,0.03610612
3229_FXN_P1P2_ENSG00000165060,-0.010518539,0.022967892,0.0014621861
6853_PSMB5_P1P2_ENSG00000100804,-0.019018078,0.022971377,-0.0018187359
9255_TREML2_P1P2_ENSG00000112195,0.007891576,0.022980046,0.013631912
5648_NFKBID_P2_ENSG00000167604,-0.0021290055,0.022987938,0.034236602
5007_METTL6_P1P2_ENSG00000206562,-0.0009056398,0.02298919,0.010504412
1973_CWC25_P1P2_ENSG00000273559,0.012341507,0.022989683,0.0152448425
10451_ZNF563_P1P2_ENSG00000188868,-0.014495704,0.022994174,0.015431007
4407_KLF10_P2_ENSG00000155090,0.0069424435,0.023024794,0.02380712
5837_NT5C2_P1P2_ENSG00000076685,0.004726395,0.023028975,0.015021205
2985_FAXDC2_P2_ENSG00000170271,-0.011574105,0.02303004,0.024446402
9942_YPEL1_P1P2_ENSG00000100027,-0.004076849,0.023044884,0.019664062
9946_YTHDC1_P1P2_ENSG00000083896,-0.010962506,0.02304802,-0.026406374
9991_ZBTB38_P1_ENSG00000177311,-0.0014661589,0.02305642,-0.0035514398
1229_CBX2_P1P2_ENSG00000173894,0.014044054,0.023059238,0.012049277
10854_non-targeting_non-targeting_non-targeting,0.00316745,0.023066146,-0.008982868
3567_GTF2A2_P1P2_ENSG00000140307,0.08438636,0.02306819,0.029521737
1191_CARD9_P1P2_ENSG00000187796,-0.0076066204,0.023076966,0.016723495
7881_SH3BP5_P1_ENSG00000131370,-0.036454666,0.023084164,0.00046625137
5589_NEFH_P1P2_ENSG00000100285,-0.030988337,0.023088742,0.034874443
8241_SNX12_P1P2_ENSG00000147164,-0.0032807963,0.023089834,0.015254932
9608_UQCR11_P1P2_ENSG00000127540,-0.0059305825,0.023098132,0.03408452
9277_TRIM41_P1P2_ENSG00000146063,-0.032111492,0.023102634,0.016448997
8367_SPPL2A_P1P2_ENSG00000138600,-0.0024334276,0.023109304,0.026177404
10944_non-targeting_non-targeting_non-targeting,-0.009656852,0.023114204,0.007436124
7041_RAB8B_P1P2_ENSG00000166128,-0.008181731,0.02312335,0.05067758
615_ATG10_P1P2_ENSG00000152348,0.023365453,0.023129066,0.008307999
9699_VAMP8_P1_ENSG00000118640,0.018952135,0.023131276,0.023094125
4818_MAP4K3_P1P2_ENSG00000011566,-0.02228646,0.023132278,0.0054137823
2738_ESRRA_P1P2_ENSG00000173153,-0.09716532,0.023139125,0.048638143
79_ACBD6_P1P2_ENSG00000230124,0.027391592,0.0231394,0.023925709
7017_RAB24_P1P2_ENSG00000169228,-0.0029094706,0.02314131,0.013758708
7909_SIGLEC14_P1P2_ENSG00000254415,0.03501413,0.023156425,0.017915316
387_AP4S1_P1P2_ENSG00000100478,-0.0195206,0.023158718,-0.009843686
2410_DUSP7_P2_ENSG00000164086,0.023286387,0.023161583,0.014757067
3583_GTF3A_P1P2_ENSG00000122034,-0.024421968,0.023165232,-0.0068106046
9426_TUBGCP3_P1P2_ENSG00000126216,0.045368306,0.023176612,-0.029699806
7010_RAB18_P1P2_ENSG00000099246,-0.054150846,0.023181906,0.015486801
1731_CNTROB_P1P2_ENSG00000170037,-0.0065359445,0.023182582,0.013640693
10709_ZSCAN10_P1P2_ENSG00000130182,0.018907735,0.023192335,-0.0155150825
880_BPTF_P1P2_ENSG00000171634,-0.011041959,0.023195934,0.011125577
11271_non-targeting_non-targeting_non-targeting,-0.0024542706,0.023207257,0.024792137
6425_PLCXD1_P2_ENSG00000182378,0.022326402,0.023208283,-0.02913678
1996_CYB5RL_P1P2_ENSG00000215883,-0.007349797,0.023208864,-0.0163501
5529_NDST2_P1P2_ENSG00000166507,0.011169462,0.023213087,0.024815727
4226_ITGB1BP1_P1P2_ENSG00000119185,-0.052110825,0.023214007,0.04445808
5415_MZT2A_P1P2_ENSG00000173272,-0.0033749356,0.023226041,0.0041230866
10047_ZDHHC19_P1P2_ENSG00000163958,-0.0048811217,0.023232687,-0.015133751
10170_ZNF140_P1P2_ENSG00000196387,0.001450086,0.023233235,0.0025704538
8137_SMAP1_P1P2_ENSG00000112305,-0.0040254095,0.02323564,0.014467514
10124_ZIK1_P1P2_ENSG00000171649,0.016692504,0.023237957,0.01459154
4404_KLC1_P1P2_ENSG00000126214,-0.021711025,0.023243414,0.019430373
974_GON7_P1P2_ENSG00000170270,-0.019938443,0.023245752,0.017314708
7124_RASGRP2_P2_ENSG00000068831,-0.0012318565,0.023250036,-0.008459984
5204_MRPL20_P1P2_ENSG00000242485,-0.016071254,0.023252318,0.0031901905
4049_IFRD1_P1_ENSG00000006652,-0.007114621,0.023258055,0.015503545
9462_TYK2_P1P2_ENSG00000105397,0.014760047,0.023258336,-0.036249854
5886_NUP133_P1P2_ENSG00000069248,-0.047417745,0.023265334,0.016994387
3579_GTF2IRD1_P1P2_ENSG00000006704,0.0028053499,0.02327146,0.012310903
8251_SNX27_P1P2_ENSG00000143376,-0.022989264,0.023287518,0.0009570571
9540_UBP1_P1P2_ENSG00000153560,-0.018035093,0.023287535,0.017994408
9989_ZBTB37_P1P2_ENSG00000185278,0.0038056748,0.023300948,0.016903868
2428_DYNLRB1_P2_ENSG00000125971,-0.0036427772,0.023302762,0.03340678
7550_RRAGC_P1P2_ENSG00000116954,0.021740146,0.023312582,0.022639265
347_ANKS3_P1P2_ENSG00000168096,0.005488626,0.023313122,0.0033495023
2216_DHX57_P1P2_ENSG00000163214,-0.004530687,0.02331702,0.021540793
4999_METTL22_P1P2_ENSG00000067365,-0.008215132,0.023327392,-0.008703607
9384_TTC31_P1P2_ENSG00000115282,0.002938612,0.023336904,0.019175569
6190_PDLIM7_P2_ENSG00000196923,0.023822144,0.023341909,0.05403238
10609_ZNF75D_P1P2_ENSG00000186376,0.0063246046,0.023346325,-0.02239968
7142_RBBP6_P1P2_ENSG00000122257,0.069392085,0.023349755,0.0375383
4863_MAT2A_P1P2_ENSG00000168906,0.032207306,0.02336663,0.040097237
133_ADAMTS3_P1P2_ENSG00000156140,0.00117233,0.023368323,-0.0020251698
10139_ZMAT5_P1P2_ENSG00000100319,-0.0016488462,0.023375673,0.050489172
4348_ECPAS_P1P2_ENSG00000136813,-0.016140731,0.023384567,0.051535837
949_SELENOH_P1P2_ENSG00000211450,0.013536616,0.023403399,0.027692938
5887_NUP153_P1P2_ENSG00000124789,-0.046170916,0.023412088,0.01529288
8918_TIMM17B_P1P2_ENSG00000126768,0.036589097,0.02342795,-0.026179785
10072_ZFAT_P1_ENSG00000066827,-0.002172273,0.023442935,0.023968155
6672_PPP1R3D_P1P2_ENSG00000132825,-0.005198007,0.02346917,0.050415102
6029_PACS2_P1P2_ENSG00000179364,0.034103304,0.023472471,0.029936159
4934_MED13_P1P2_ENSG00000108510,0.0035762426,0.023511508,0.020320054
9163_TOMM20_P1P2_ENSG00000173726,0.0036941797,0.023512729,0.0566784
3562_GSTP1_P1P2_ENSG00000084207,0.00653811,0.023515455,0.037006356
4512_LAP3_P1P2_ENSG00000002549,0.0047824346,0.023534456,0.028586602
1453_CDKN3_P1P2_ENSG00000100526,-0.0036082526,0.023538869,-0.008295497
352_ANO6_P1P2_ENSG00000177119,-0.016207589,0.023554735,-0.004682434
7571_RSBN1L_P1P2_ENSG00000187257,-0.042601217,0.023571344,0.032899898
1575_CHID1_P1P2_ENSG00000177830,0.0026996403,0.023578182,0.030012319
6974_PYCR3_P1P2_ENSG00000104524,0.0035417415,0.023584323,0.013757398
513_ARL6IP1_P1_ENSG00000170540,0.0008461868,0.023587305,0.039395478
6684_PPP2R2D_P1P2_ENSG00000175470,-0.008174866,0.023598414,0.036060166
7576_RSL1D1_P1_ENSG00000171490,0.11365801,0.023618583,0.055297554
425_APTX_P2_ENSG00000137074,-0.0010708641,0.023630781,0.012927013
3498_GPD2_P1P2_ENSG00000115159,-0.002069555,0.023633467,0.0067061433
8631_SYPL2_P1P2_ENSG00000143028,0.002251163,0.0236367,0.015527652
1390_CDC20_P1P2_ENSG00000117399,-0.012191886,0.023638746,-0.0063379207
1995_CYB5R4_P1P2_ENSG00000065615,-0.007033883,0.023646584,0.011270363
9521_UBE2V2_P1P2_ENSG00000169139,-0.020082409,0.023652375,-0.030177252
3388_GLE1_P1P2_ENSG00000119392,-0.045672737,0.02365251,0.025217984
9495_UBE2B_P1P2_ENSG00000119048,0.0013276794,0.023654535,0.0060322285
10033_TUT4_P1P2_ENSG00000134744,-0.03721287,0.023660772,0.01416161
3843_HMOX2_P1_ENSG00000103415,-0.00048350764,0.023661649,0.02095374
2646_ENOX2_P1P2_ENSG00000165675,-0.0060992925,0.023667216,0.008706703
3030_FBXO8_P2_ENSG00000164117,0.00046790825,0.023673976,-0.03458796
4008_ICA1_P1P2_ENSG00000003147,-0.03943296,0.023683688,0.03793682
7047_RABGAP1L_P1P2_ENSG00000152061,0.0019497953,0.02368551,0.016568718
719_AXIN1_P1P2_ENSG00000103126,-0.0006541256,0.023687804,0.008584451
3403_GLRX3_P1P2_ENSG00000108010,0.013560944,0.023688154,0.0013241353
1336_CCNO_P1P2_ENSG00000152669,0.0021189475,0.023695435,0.028741384
1750_COL2A1_P1P2_ENSG00000139219,0.021987537,0.023699956,0.02360938
4250_JAZF1_P1P2_ENSG00000153814,-0.007642779,0.023718597,0.013368662
1897_CSMD1_P1P2_ENSG00000183117,0.001780582,0.023722176,0.0020901004
9724_VGLL4_P1P2_ENSG00000144560,-0.008210005,0.023725,0.02370552
4972_MEMO1_P1_ENSG00000162959,0.08055816,0.023728618,-0.008931535
2324_DOCK6_P1P2_ENSG00000130158,0.0047737183,0.023733763,0.015227893
8736_TBL2_P2_ENSG00000106638,-0.03632979,0.023734793,-0.011712955
4586_LIMK1_P1_ENSG00000106683,-0.0015642032,0.023737356,0.036668956
1131_C9orf16_P1P2_ENSG00000171159,0.0027584052,0.023741309,0.02667327
4287_KBTBD2_P1P2_ENSG00000170852,-0.008489344,0.02374836,0.020885142
9897_XPO4_P1P2_ENSG00000132953,-0.005290525,0.023748431,0.008931284
11278_non-targeting_non-targeting_non-targeting,0.026763983,0.023771247,-0.008672913
3141_FOS_P2_ENSG00000170345,-0.002915291,0.023782382,0.0138637405
7315_RIPK1_P1_ENSG00000137275,-0.0021395609,0.023790766,0.03595156
4063_IGF1R_P2_ENSG00000140443,-0.022702543,0.023791794,0.024835985
11203_non-targeting_non-targeting_non-targeting,0.021826135,0.023798391,0.03370003
1064_C21orf58_P1_ENSG00000160298,-0.0011743156,0.02380865,0.02251945
2192_DHRS12_P1P2_ENSG00000102796,-0.013974465,0.023809716,-0.02287946
1634_CLASP2_P1_ENSG00000163539,0.008191033,0.02383359,0.010297364
8370_SPRED1_P1P2_ENSG00000166068,-0.009216396,0.023834176,-0.03604625
2256_DMRT1_P1P2_ENSG00000137090,-0.0181444,0.023848314,-0.027615745
8238_SNW1_P1_ENSG00000100603,-0.012303106,0.023858774,0.027083693
6513_POLA2_P1P2_ENSG00000014138,-0.03422909,0.023863424,0.010204425
10283_ZNF319_P2_ENSG00000166188,-0.0014110162,0.023867067,0.033182748
6523_POLE4_P1P2_ENSG00000115350,-0.016168565,0.023867285,0.052157547
7104_RAP1GDS1_P1P2_ENSG00000138698,-0.00063061924,0.023879442,0.016641596
3147_FOXC1_P1P2_ENSG00000054598,-0.004951352,0.023890657,0.037650816
4675_LRRC8B_P1P2_ENSG00000197147,-0.0014033488,0.023897031,0.016077911
374_AP2A2_P1P2_ENSG00000183020,-0.022355484,0.02389928,0.0059282654
412_APOBEC3G_P1P2_ENSG00000239713,-0.023137314,0.0239006,0.028229637
9363_TSPYL6_P1P2_ENSG00000178021,0.00045378855,0.02391386,0.024706272
8228_SNRPD1_P1P2_ENSG00000167088,-0.037061945,0.023925712,0.04579433
8777_TCF19_P2_ENSG00000137310,0.009082644,0.023934929,-0.0035992751
870_BOLA1_P2_ENSG00000178096,0.0056154067,0.023939058,0.013197231
4719_LUZP1_P1P2_ENSG00000169641,0.006837283,0.023941608,0.01303585
7867_SH2B1_P1P2_ENSG00000178188,0.014900007,0.023958376,0.025534673
5106_MLF1_P1P2_ENSG00000178053,-0.0025444964,0.023973078,0.023919908
4808_MAP3K1_P1P2_ENSG00000095015,-0.01552615,0.02398502,-0.009683201
522_ARMC5_P1P2_ENSG00000140691,-0.005980656,0.02398984,0.014909788
2190_DHPS_P1P2_ENSG00000095059,0.08476333,0.023991317,0.080302924
8270_SOHLH2_ENST00000379881.3_ENSG00000120669,-0.015980897,0.0239918,0.004633555
7406_RNPEP_P1P2_ENSG00000176393,-0.008716578,0.023993012,0.02430537
120_ACVR2B_P1P2_ENSG00000114739,0.013092206,0.02400008,0.034330063
639_ATP11A_P1P2_ENSG00000068650,0.01759039,0.024021234,-0.002750253
7920_SIPA1_P1_ENSG00000213445,0.0043345103,0.02402774,-0.01246863
285_ALX3_P1P2_ENSG00000156150,-0.0005902821,0.024051443,0.02717698
10287_ZNF324_P1P2_ENSG00000083812,-0.07186322,0.024073755,0.076856665
9059_TMEM245_P1P2_ENSG00000106771,0.014255988,0.024081012,-0.011598808
10245_ZNF263_P1_ENSG00000006194,-0.016600044,0.02409488,0.006339221
6906_PTER_P1P2_ENSG00000165983,0.0055614635,0.024099657,0.02347025
6838_PSENEN_P1P2_ENSG00000205155,-0.030191954,0.024111087,0.02879966
5256_MRPS26_P1P2_ENSG00000125901,-0.04123758,0.024116457,-0.007920035
849_BLOC1S5_P1P2_ENSG00000188428,0.017365703,0.02412329,0.025897987
2806_F11R_P1_ENSG00000158769,-0.013143529,0.024131069,0.007788762
9867_WNK1_P1P2_ENSG00000060237,0.04164215,0.024134377,0.028404536
2134_DDX5_P1P2_ENSG00000108654,0.024443498,0.024149006,-0.006111039
1008_NDUFAF8_P1P2_ENSG00000224877,-0.022541717,0.02416341,0.00019715776
7275_RGS14_P2_ENSG00000169220,0.092795804,0.024166064,0.07111075
10982_non-targeting_non-targeting_non-targeting,-0.0034529762,0.024170477,0.0060084364
8920_TIMM22_P1P2_ENSG00000177370,-0.0008162599,0.024176044,0.06423816
11130_non-targeting_non-targeting_non-targeting,0.0065286336,0.0241815,-0.0045658867
4762_MAGEA6_P1P2_ENSG00000197172,-0.021066718,0.024189232,0.0051140334
6776_PRMT3_P1P2_ENSG00000185238,0.012148115,0.024190184,0.038362026
7089_RALGPS2_P1P2_ENSG00000116191,0.0017348763,0.02421288,0.03632723
7732_SEC11A_P1P2_ENSG00000140612,-0.013002238,0.024218451,0.018798197
3114_FLVCR1_P1P2_ENSG00000162769,-0.030707447,0.024222879,0.0068628537
7860_SGPL1_P1P2_ENSG00000166224,0.013734531,0.024229312,0.041401956
6994_R3HCC1L_P1P2_ENSG00000166024,-0.022821588,0.024230193,-0.0013175596
10293_ZNF331_P2_ENSG00000130844,0.0014512961,0.024232026,0.054902855
3796_HIST3H2BB_P1P2_ENSG00000196890,0.0151625415,0.024236673,0.0066855564
1406_CDC42_P1P2_ENSG00000070831,-0.03765212,0.024237676,0.0012091483
5179_MPV17_P1P2_ENSG00000115204,-0.0026729673,0.02424313,0.030718325
2366_DPY19L4_P1P2_ENSG00000156162,-0.028845783,0.024244167,0.0018952086
6908_PTGER3_P1P2_ENSG00000050628,0.013517948,0.024264272,0.007000399
9694_VAMP2_P1P2_ENSG00000220205,-0.015974237,0.024269696,0.020914366
4438_KLHL22_P1P2_ENSG00000099910,-0.00058804953,0.024294673,-0.011170179
9510_UBE2L3_P1P2_ENSG00000185651,-0.0076937093,0.024306467,0.019767301
7826_SETX_P1P2_ENSG00000107290,0.023417847,0.024329426,0.028564207
1480_CENPF_P1P2_ENSG00000117724,-0.0035500082,0.024332488,0.0068328953
5824_NSFL1C_P1P2_ENSG00000088833,-0.010784446,0.024337169,-0.018157683
5270_MRRF_P1P2_ENSG00000148187,-0.007298067,0.024343923,0.030899601
3463_GOLGA8A_ENST00000359187.4_ENSG00000175265,0.010288019,0.024345992,0.009803956
9127_TNFRSF12A_P1P2_ENSG00000006327,-0.005531949,0.024352023,0.016151728
8047_SLC35D2_P1P2_ENSG00000130958,-0.017568521,0.02435969,0.01699985
6021_PA2G4_P1P2_ENSG00000170515,0.012070137,0.024361623,0.017250026
1448_CDKN2AIPNL_P1P2_ENSG00000237190,0.0029769014,0.02436177,-0.002744841
7002_RAB10_P1P2_ENSG00000084733,0.020411296,0.024365988,0.0061894986
8684_TAOK2_P1P2_ENSG00000149930,0.0009557833,0.024373904,0.016765425
10556_ZNF691_P1P2_ENSG00000164011,0.009123997,0.024406511,0.008112095
1839_CPSF1_P1P2_ENSG00000071894,-0.057795502,0.02441882,0.034300383
8794_TCTA_P1P2_ENSG00000145022,-0.012988502,0.024443563,2.3118655e-05
9908_ATP23_P1P2_ENSG00000166896,-0.019016672,0.024444511,0.04235878
1895_CSH2_P2_ENSG00000213218,-0.003153028,0.024446897,0.030619362
4087_IKZF5_P1P2_ENSG00000095574,-0.005779872,0.024460342,0.008756925
3723_HIC2_P2_ENSG00000169635,0.025384523,0.024470294,0.0106083015
5716_NMI_P1P2_ENSG00000123609,-0.008694487,0.024473507,0.023070242
8118_SLC9B1_P1P2_ENSG00000164037,-0.009632681,0.02448217,-0.0025450292
3879_HOMER1_P1P2_ENSG00000152413,0.007408183,0.024488268,0.01350661
1797_COQ9_P1P2_ENSG00000088682,-0.0069750827,0.024498316,-0.00069275365
8683_TAOK1_P1P2_ENSG00000160551,0.023453146,0.024511399,0.013045248
5391_MYLK3_P2_ENSG00000140795,-0.022760563,0.024514752,0.01779202
8897_THTPA_P1P2_ENSG00000259431,-0.044656046,0.0245156,0.034394313
5013_MEX3B_P2_ENSG00000183496,0.014770871,0.024516173,-0.0018289472
540_ARPC4-TTLL3_P1_nan,0.0027004257,0.024530368,-0.0018868449
1679_CLSTN3_P1_ENSG00000139182,-0.011222301,0.024537316,0.02109357
9306_TRMT13_P1P2_ENSG00000122435,-0.021840747,0.024539279,0.038234033
9299_TRIT1_P1P2_ENSG00000043514,0.01376041,0.024559468,0.039294723
8708_TBC1D14_P1P2_ENSG00000132405,0.0036043047,0.024566919,0.0409823
4394_KIF4A_P1P2_ENSG00000090889,0.005130934,0.024573768,0.030567916
10496_ZNF607_P1P2_ENSG00000198182,0.0134353535,0.02458167,0.00401163
10868_non-targeting_non-targeting_non-targeting,-0.025074037,0.024599856,0.0009180849
4811_MAP3K4_P1P2_ENSG00000085511,-0.011381387,0.024601081,0.0052874214
4044_IFNAR1_P1P2_ENSG00000142166,-0.009679556,0.024619466,0.023250723
9708_VAX2_P1P2_ENSG00000116035,-0.03184407,0.02462126,0.01820665
2797_EXPH5_P1P2_ENSG00000110723,-0.0019077214,0.024622945,0.016725061
2968_FANCM_P1P2_ENSG00000187790,-0.038373355,0.024630051,0.04734474
371_AP1S1_P1P2_ENSG00000106367,-0.0032833072,0.024647117,0.00780734
9919_YARS_P1P2_ENSG00000134684,-0.024744654,0.024654416,0.00814381
8435_SRSF5_P1P2_ENSG00000100650,0.024139175,0.024657493,0.024494998
4783_MAN1A1_P1P2_ENSG00000111885,-0.01836184,0.024657512,0.025419137
684_ATP6V1E2_P1P2_ENSG00000250565,-0.013601244,0.024666684,0.00076987647
1597_CHRNA5_P1P2_ENSG00000169684,0.012584889,0.024669502,0.018116854
2670_EPHX2_P1P2_ENSG00000120915,-0.018407812,0.02467098,0.0069116424
2301_DNAJC5_P1P2_ENSG00000101152,-0.002907923,0.024679491,0.0058438242
348_ANKS6_P1P2_ENSG00000165138,-0.005136934,0.024681814,0.023572057
4810_MAP3K3_P1P2_ENSG00000198909,0.002497824,0.024692133,0.024622519
7082_RALA_P1P2_ENSG00000006451,-0.006639227,0.02471436,-0.0042283875
9705_VAT1_P1P2_ENSG00000108828,-0.0026830165,0.02471748,0.027267689
5279_MSGN1_P1P2_ENSG00000151379,-0.023982855,0.024720242,0.021987962
2805_EZR_P1_ENSG00000092820,-0.004492863,0.02472281,0.015892426
8983_TMEM106C_P1P2_ENSG00000134291,-0.00079640746,0.024727091,-0.017259844
885_BRCA2_P1P2_ENSG00000139618,-0.008585263,0.024735168,0.008214157
9808_WDR1_P1P2_ENSG00000071127,-0.007570004,0.024736749,0.02528075
5158_MOV10_P1P2_ENSG00000155363,0.0023618336,0.024738727,0.018768877
11144_non-targeting_non-targeting_non-targeting,0.009230406,0.024753602,0.007055626
2850_RTL8A_P1P2_ENSG00000203950,-0.0071777203,0.024788752,0.029829849
805_BCL6_P1P2_ENSG00000113916,-0.011912755,0.024798684,-0.0027336397
1388_CDC14B_P1P2_ENSG00000081377,0.0054571074,0.02480214,0.029496508
2600_ELOVL1_P1P2_ENSG00000066322,-0.0072764237,0.024806054,0.03783405
6655_PPP1R12B_P1P2_ENSG00000077157,0.014874258,0.024841912,0.03472818
284_ALX1_P1P2_ENSG00000180318,0.042638972,0.024877919,0.029145634
10617_ZNF768_P2_ENSG00000169957,-0.010422575,0.02487985,0.026454099
5812_NRGN_P1P2_ENSG00000154146,-0.01856122,0.024885587,0.020537209
5828_NSMCE1_P1P2_ENSG00000169189,-0.01814431,0.024890319,0.03830663
4531_LCE1E_P1P2_ENSG00000186226,-0.013050686,0.024895605,0.013234457
2469_ECM1_P1P2_ENSG00000143369,-0.0036957636,0.024899516,0.047606807
7351_RNF144A_P1_ENSG00000151692,0.043871522,0.024900183,0.025341071
1473_CELF2_P1P2_ENSG00000048740,0.026996309,0.024903728,0.012210552
1052_C1orf53_P1P2_ENSG00000203724,0.021253254,0.02492366,0.02788288
6265_PGRMC1_P1P2_ENSG00000101856,0.024445131,0.02492439,0.0058574816
1476_CENPBD1_P1P2_ENSG00000177946,-0.015857588,0.024931448,-0.016548324
1263_CCDC14_P1P2_ENSG00000175455,-0.018625474,0.024935734,-0.0015494659
4751_MAF1_P1P2_ENSG00000179632,0.042457473,0.024963638,0.0040176595
7378_RNF214_P1P2_ENSG00000167257,-0.035594527,0.024970774,0.00063843874
"4760_MAGEA2_ENST00000370284.1,ENST00000393872.3,ENST00000393876.1,ENST00000543232.1_ENSG00000268606",-0.0046948143,0.024971237,0.0074165273
10343_ZNF418_P1P2_ENSG00000196724,0.0023371505,0.02497597,0.0063995672
10456_ZNF568_P1P2_ENSG00000198453,0.020734878,0.024981463,-0.008887268
3014_FBXO33_P1P2_ENSG00000165355,-0.0059988922,0.024994189,0.0056083957
2835_FAM117A_P1_ENSG00000121104,-0.009336414,0.024997415,0.018726863
3674_HDLBP_P1_ENSG00000115677,0.01916513,0.025016762,0.020646095
5906_NUS1_P1P2_ENSG00000153989,0.0059056208,0.025020357,0.04370853
671_ATP6AP2_P1P2_ENSG00000182220,-0.031518243,0.025022574,0.009484322
10359_ZNF438_P2_ENSG00000183621,-0.023902034,0.025030423,0.016172728
5705_NLRP1_P1P2_ENSG00000091592,0.024143336,0.02503498,0.00013030633
10685_ZNF879_P1P2_ENSG00000234284,-0.002275289,0.025035292,0.019422362
7662_SAT2_P1P2_ENSG00000141504,0.0070508756,0.025045607,0.010618786
9388_TTC38_P1P2_ENSG00000075234,-0.0055136834,0.025052749,0.026898595
7253_RFNG_P1P2_ENSG00000169733,0.0310365,0.02505682,0.029686967
5689_NKX1-2_P1P2_ENSG00000229544,0.0021089301,0.025068624,0.033917952
8069_SLC39A10_P1P2_ENSG00000196950,-0.014672084,0.025069013,0.008057377
6644_PPM1K_P1P2_ENSG00000163644,3.7728176e-05,0.025071077,0.01663177
6455_PLK4_P1P2_ENSG00000142731,-0.0051729376,0.025105536,0.054100383
4920_MDM4_P1P2_ENSG00000198625,-0.031268653,0.02510758,0.0128848115
9253_TRAPPC8_P1P2_ENSG00000153339,-0.013304104,0.02512115,-0.014263276
9719_VEGFB_P1P2_ENSG00000173511,0.008793398,0.025124729,0.025275104
8362_SPINT2_P1P2_ENSG00000167642,0.009811547,0.025124999,-0.008571484
4858_MAST1_P2_ENSG00000105613,-0.0074177287,0.025134841,0.0154741835
3188_FOXP3_P1P2_ENSG00000049768,-0.006943368,0.025135575,0.03261856
4777_MAGOHB_P1P2_ENSG00000111196,-0.0047090696,0.025136769,-0.0008394236
3322_GCM2_P1P2_ENSG00000124827,0.013695936,0.025138035,-0.008723617
3344_GFI1_P2_ENSG00000162676,-0.017545655,0.0251471,0.027213445
6622_PPIB_P1P2_ENSG00000166794,-0.005091235,0.025147831,0.01206301
8263_SOCS2_P1P2_ENSG00000120833,0.0014010306,0.025157606,-0.0008117894
9691_UXT_P1P2_ENSG00000126756,-0.06165216,0.025167596,0.031777844
2882_TOGARAM1_P1P2_ENSG00000198718,-0.02253234,0.025178548,0.023511428
1965_CUL5_P1P2_ENSG00000166266,0.011265478,0.025179246,0.021245781
6406_PLA2G10_ENST00000438167.3_ENSG00000069764,0.0012216845,0.025192434,0.027583364
424_APRT_P1P2_ENSG00000198931,-0.0041884594,0.025198136,0.008416851
656_ATP5F1D_P1P2_ENSG00000099624,-0.034172527,0.025221681,0.0062986673
10721_ZSCAN29_P1P2_ENSG00000140265,0.028885055,0.025223602,0.028586816
6146_PCYOX1_P1P2_ENSG00000116005,-0.0058080056,0.025251077,0.018208006
10419_ZNF521_P1P2_ENSG00000198795,0.018429767,0.025251234,0.036270976
3928_HOXD9_P1P2_ENSG00000128709,-0.0071311644,0.025252547,0.015273024
2272_DNAAF3_P1_ENSG00000167646,-0.021505507,0.025257884,0.021097893
3148_FOXC2_P1P2_ENSG00000176692,-0.016631905,0.025270574,0.03008196
7617_RYK_P1P2_ENSG00000163785,0.0082926955,0.02528657,0.00828479
3724_HIF1AN_P1P2_ENSG00000166135,0.05167844,0.02532142,0.0274901
7362_RNF168_P1P2_ENSG00000163961,-0.015015077,0.025325347,0.008409341
9300_TRMT10A_P1P2_ENSG00000145331,-0.010001464,0.02533357,0.016559284
10976_non-targeting_non-targeting_non-targeting,-0.019217169,0.02533871,0.0817125
10865_non-targeting_non-targeting_non-targeting,0.004663721,0.025356561,0.012708399
2644_ENOPH1_P1P2_ENSG00000145293,0.005391867,0.02535747,0.017843762
10368_ZNF444_P1P2_ENSG00000167685,-0.00038484918,0.025358457,0.032787707
10946_non-targeting_non-targeting_non-targeting,0.012477747,0.025372526,0.032237183
2949_FAM89A_P1P2_ENSG00000182118,-0.00903394,0.025383307,0.022490423
10487_ZNF595_P1_ENSG00000272602,-0.0075996947,0.02538554,0.015857296
9161_TOM1L1_P1P2_ENSG00000141198,0.009049704,0.02538955,0.046523456
8045_SLC35C2_P1P2_ENSG00000080189,0.011908139,0.025390405,0.042080943
5968_ORC4_P1P2_ENSG00000115947,-0.01592734,0.025396606,0.037375342
10649_ZNF804B_P1P2_ENSG00000182348,-0.018103406,0.025397345,0.033092108
4354_TMEM131L_P1P2_ENSG00000121210,0.008889668,0.025405893,-0.008314309
9069_TMEM38B_P1P2_ENSG00000095209,-0.0014855816,0.025421454,0.0037542598
8167_SMG6_P1P2_ENSG00000070366,0.00743625,0.02542834,0.019426573
464_ARHGAP22_P1P2_ENSG00000128805,-0.028249208,0.025433049,0.0068891686
6765_PRKD2_P2_ENSG00000105287,0.0072481227,0.025433512,0.016882172
7523_RPS3A_P1P2_ENSG00000145425,0.10390537,0.02543712,0.024813868
7841_SFMBT1_P1P2_ENSG00000163935,0.0098200105,0.025438188,0.023942498
6187_PDLIM2_P2_ENSG00000120913,-0.080165155,0.025449976,0.022734078
1924_CTBP2_P1P2_ENSG00000175029,0.006302712,0.02545854,-0.00027122622
10501_ZNF611_P1P2_ENSG00000213020,-0.012192412,0.025461664,0.06780339
6317_PI4KA_P1P2_ENSG00000241973,-0.003978809,0.025478574,0.02573252
3457_GOLGA3_P1P2_ENSG00000090615,-0.03262544,0.025485527,0.073912986
5965_ORC1_P1P2_ENSG00000085840,-0.009376254,0.025488941,0.027692487
7083_RALBP1_P1P2_ENSG00000017797,0.002475351,0.025496576,0.004434226
10540_ZNF671_P1P2_ENSG00000083814,-0.011414359,0.025514057,-6.481608e-05
2696_ERCC4_P1_ENSG00000175595,-0.025637118,0.025516072,0.04312526
873_BOLA3_P1P2_ENSG00000163170,0.013897677,0.02552575,0.013484669
10024_ZC3H3_P1P2_ENSG00000014164,-0.04415927,0.025527507,-0.041095532
5230_MRPL47_P1P2_ENSG00000136522,0.012306143,0.025564909,0.002008362
10567_ZNF704_P1P2_ENSG00000164684,0.06608632,0.02556672,0.0010812706
4120_ING2_P1P2_ENSG00000168556,-0.01216977,0.025566986,-0.02789802
4575_LHX8_P1P2_ENSG00000162624,0.009974043,0.025572384,0.020740716
8543_STRN4_P1P2_ENSG00000090372,0.012190388,0.025575643,0.01741855
8550_STX16_P1P2_ENSG00000124222,0.017646242,0.025578033,0.020942235
"3201_FRG2_ENST00000378763.1,ENST00000504750.1_ENSG00000205097",-0.014059633,0.025592234,-0.014772577
8542_STRN3_P1P2_ENSG00000196792,-0.019676307,0.025594302,-4.823692e-06
1330_CCNI_P1P2_ENSG00000118816,0.009910436,0.025599651,0.018154513
6157_PDCD5_P1P2_ENSG00000105185,-0.019110331,0.02560728,0.009576789
3648_HBD_P1P2_ENSG00000223609,-0.0028901137,0.025609601,-0.022076963
11155_non-targeting_non-targeting_non-targeting,0.006934658,0.025609847,0.024066623
5170_MPND_P1P2_ENSG00000008382,0.02946348,0.025631871,0.02903271
4405_KLC2_P1P2_ENSG00000174996,-0.009269334,0.025652653,0.018690946
9132_TNFSF10_P1P2_ENSG00000121858,0.024201958,0.0256558,0.006941447
9978_ZBTB20_P1_ENSG00000181722,-0.030693332,0.025703005,0.027864387
556_ARVCF_P2_ENSG00000099889,0.008675033,0.02571074,0.032386374
2942_FAM76B_P1P2_ENSG00000077458,0.0029593795,0.025724303,0.028668262
10122_ZIC4_P1_ENSG00000174963,0.010816093,0.025724469,-0.0077758157
9736_DCAF1_P1P2_ENSG00000145041,0.0045099584,0.025727196,0.011210918
8779_TCF21_P1P2_ENSG00000118526,0.0046205265,0.025729224,0.019609822
5343_MTRF1_P1P2_ENSG00000120662,0.011401389,0.02573371,0.03889402
1020_C19orf48_P1P2_ENSG00000167747,0.022071525,0.025735414,-0.01885249
3945_HSBP1_P1P2_ENSG00000230989,-0.014289328,0.025735693,-0.0070892517
6398_PKN1_P2_ENSG00000123143,-0.020913014,0.025738347,0.0030270894
709_ATXN7_ENST00000398590.3_ENSG00000163635,0.023675572,0.025743289,0.007252873
7212_RCSD1_P1P2_ENSG00000198771,-0.0037079498,0.025743484,0.007485589
5854_NUBPL_P1P2_ENSG00000151413,0.020251483,0.025744768,-0.00165747
3949_HSD17B11_P1P2_ENSG00000198189,-0.0122621,0.025745101,0.026962232
4557_LETM1_P1P2_ENSG00000168924,-0.05619168,0.02575667,0.061088808
9664_USP47_P1P2_ENSG00000170242,-0.0071577784,0.025763445,0.017575705
4846_MARCH6_P1P2_ENSG00000145495,-0.0039040097,0.025773812,0.021291602
3577_GTF2H4_P1P2_ENSG00000213780,-0.050311908,0.025794268,0.01911117
5172_MPP3_P1P2_ENSG00000161647,-0.0005761333,0.02579734,0.019550191
1926_CTCFL_P1P2_ENSG00000124092,-0.009253262,0.025804725,0.0066622724
1344_CCSER2_P1P2_ENSG00000107771,0.0007723489,0.025809532,-0.005745695
223_AIRE_P1P2_ENSG00000160224,-0.02748787,0.025816616,0.011677701
1592_CHP1_P1P2_ENSG00000187446,0.0182622,0.025816675,0.014487681
4776_MAGI3_P1P2_ENSG00000081026,0.0069570043,0.025821598,0.03435586
9295_TRIP12_P1P2_ENSG00000153827,0.02960309,0.025828008,0.037159186
5574_NDUFV1_P1_ENSG00000167792,-0.02619235,0.025835812,-0.012707668
7700_SCML4_P1P2_ENSG00000146285,0.0079499,0.02584891,0.0057916944
477_ARHGEF18_P1P2_ENSG00000104880,-0.0025290847,0.025855541,0.0008656502
1307_CCDC91_P1P2_ENSG00000123106,0.010173887,0.025862621,0.027511334
4416_KLF1_P1P2_ENSG00000105610,-0.017291417,0.025879301,-0.025477678
10722_ZSCAN2_P1P2_ENSG00000176371,0.08886617,0.025885012,0.010913453
2946_FAM83G_P1P2_ENSG00000188522,-0.026415119,0.025901152,0.019928928
9630_USO1_P1P2_ENSG00000138768,-0.0044772485,0.02590528,0.004893057
9634_USP13_P1P2_ENSG00000058056,0.0075685014,0.025920216,0.015089761
4307_KCTD5_P1P2_ENSG00000167977,0.00537303,0.025935264,0.04101407
7495_RPRD1B_P1P2_ENSG00000101413,-0.0063082306,0.02593652,0.052265104
11231_non-targeting_non-targeting_non-targeting,-0.002595696,0.025937913,0.020710347
3172_FOXN1_P1P2_ENSG00000109101,0.036862694,0.025941825,0.06425157
"10531_ZNF658_ENST00000377626.3,ENST00000602553.1_ENSG00000274349",0.008356605,0.025952328,0.018139776
64_ACAA2_P1P2_ENSG00000167315,-0.0012988214,0.025961945,-0.007590525
741_B9D2_P1P2_ENSG00000123810,0.015306174,0.025968524,0.036351573
3428_GNA11_P1P2_ENSG00000088256,0.0049244915,0.02597545,-0.0008526475
8425_SRRM2_P1P2_ENSG00000167978,0.002026866,0.025976254,0.039749406
8585_SUMF2_P1_ENSG00000129103,0.009245928,0.025979374,0.0155860605
7737_SEC16A_P1P2_ENSG00000148396,-0.013640914,0.025981445,0.019551182
1774_COPG1_P1_ENSG00000181789,-0.016221842,0.025982892,0.011740193
7605_RUSC1_P2_ENSG00000160753,0.021958899,0.025987864,0.013162469
6525_POLG2_P1P2_ENSG00000256525,0.043945827,0.02600537,0.03399962
1643_CLDN15_P1P2_ENSG00000106404,0.02663036,0.026005717,0.02890571
6144_PCSK9_P1P2_ENSG00000169174,-0.014698929,0.026010694,0.016264206
3352_GGA2_P1P2_ENSG00000103365,0.00089808635,0.026015755,0.011742878
7775_SENP6_P1P2_ENSG00000112701,-0.0036791423,0.026023958,0.046277277
2967_FANCL_P1P2_ENSG00000115392,0.040491506,0.026032517,-0.008443984
3604_GXYLT1_P1P2_ENSG00000151233,-0.00088499184,0.026046764,0.053180054
5650_NFKBIL1_P1P2_ENSG00000204498,0.022320842,0.026055885,0.0128401425
4635_LPIN1_P1P2_ENSG00000134324,0.056163777,0.02607708,0.045237716
8730_TBCE_P1P2_ENSG00000285053,-0.02257199,0.026082993,0.019199617
3190_FOXQ1_P1P2_ENSG00000164379,0.014397213,0.026097994,0.011406306
8440_SRSF9_P1P2_ENSG00000111786,-0.0010606167,0.026100947,0.02621422
6387_PITX3_P1P2_ENSG00000107859,0.0018086415,0.026104836,0.020387601
8225_SNRPB2_P1P2_ENSG00000125870,0.0048158495,0.026125655,-0.0017757596
10470_ZNF57_P1P2_ENSG00000171970,0.019248955,0.026132088,-0.013249183
809_BCLAF1_P1P2_ENSG00000029363,-0.025301984,0.026132856,0.013198737
9635_USP14_P1P2_ENSG00000101557,0.06590261,0.026137363,0.020156465
8417_SRP72_P1P2_ENSG00000174780,-0.09172462,0.026144154,-0.030799348
167_ADSL_P1P2_ENSG00000239900,-0.07911431,0.026166206,-0.019160477
8978_TMED7_P1P2_ENSG00000134970,0.0013188015,0.0261883,0.015141005
2565_EIF4EBP2_P1P2_ENSG00000148730,0.012822329,0.026201013,0.017870741
6998_R3HDM1_P2_ENSG00000048991,-0.008863147,0.02620665,0.040124785
499_ARL11_P1P2_ENSG00000152213,0.010096307,0.026208011,0.010370528
7096_RANBP9_P1P2_ENSG00000010017,0.008791033,0.026208045,0.03277603
7695_SCLT1_P1P2_ENSG00000151466,-0.0026587069,0.026219754,0.030985111
9689_UVRAG_P1P2_ENSG00000198382,-0.0578279,0.026240656,-0.03675523
3505_GPR107_P1P2_ENSG00000148358,-0.0028646898,0.026251262,0.023124043
4731_LYRM7_P1P2_ENSG00000186687,-0.006130484,0.026253365,0.010121631
119_ACVR1B_P1P2_ENSG00000135503,-0.006312555,0.026255468,0.029097533
8115_SLC9A3R2_P1_ENSG00000065054,0.0021787637,0.026259402,0.025981832
5398_MYO1C_P2_ENSG00000197879,-0.0022510597,0.026273366,0.041073035
1812_COX19_P1P2_ENSG00000240230,-0.01603742,0.026280725,0.021993328
2773_EVX2_P1P2_ENSG00000174279,0.019659122,0.026289662,0.023469746
10652_ZNF808_P2_ENSG00000198482,0.006735478,0.026294274,-0.0030232645
8578_SUGT1_P1P2_ENSG00000165416,-0.025433235,0.026348235,0.035767175
3111_FLNC_P1P2_ENSG00000128591,0.005494976,0.026355281,0.0025289895
8809_TECR_P1P2_ENSG00000099797,-0.027579395,0.026355963,0.019899793
7435_RPL13A_P1_ENSG00000142541,0.04741971,0.026358029,0.023617731
9026_TMEM184C_P1P2_ENSG00000164168,0.0032774843,0.026363753,0.008715802
2214_DHX38_P1P2_ENSG00000140829,0.019725567,0.026391374,0.018902656
4910_MCRS1_P1P2_ENSG00000187778,-0.016469724,0.026408045,0.021276476
7613_RXRA_P1P2_ENSG00000186350,0.014678103,0.026421312,0.010543953
5612_NEUROD2_P1P2_ENSG00000171532,0.0030053316,0.026429798,-0.006919299
3243_G6PC3_P1P2_ENSG00000141349,-0.015007372,0.02644117,0.03815585
4969_MEIS3_P1_ENSG00000105419,0.04692896,0.026450166,-0.020201458
3607_GYPB_P1P2_ENSG00000250361,0.01358785,0.026466098,0.0116218785
9813_WDR27_P1P2_ENSG00000184465,-0.0060677193,0.026470164,0.032061353
2158_DEPDC5_P1P2_ENSG00000100150,0.040238183,0.026479686,0.026877034
5749_NOP56_P1P2_ENSG00000101361,0.007940115,0.026481973,0.028876256
4241_ITSN1_P1P2_ENSG00000205726,1.1669656e-05,0.02648481,0.024367994
426_APTX_P1_ENSG00000137074,0.021607127,0.02648921,0.027723094
10707_ZRANB3_P1P2_ENSG00000121988,-0.006236916,0.0265123,0.045070827
5917_OAZ1_P1P2_ENSG00000104904,-0.017367518,0.026527254,0.028102178
1859_CREB3L2_P1P2_ENSG00000182158,-0.02712902,0.026547082,0.052003674
1769_COMT_P1P2_ENSG00000093010,-0.0067900494,0.026548006,0.027438687
2435_DYRK4_P1P2_ENSG00000010219,-0.00020149005,0.026554462,0.0022974375
10886_non-targeting_non-targeting_non-targeting,-0.005442542,0.02656308,0.024807563
9568_UFC1_P1P2_ENSG00000143222,-0.002492693,0.026572304,0.0117730135
559_AR_P1P2_ENSG00000169083,0.0064844084,0.026573082,0.03554375
9023_TMEM181_P1P2_ENSG00000146433,0.005806251,0.026579423,0.020848291
3765_HIST1H2BH_P1P2_ENSG00000275713,-0.00044891285,0.026597008,0.013766161
2253_DMC1_P1P2_ENSG00000100206,-0.018201156,0.02659965,0.05676793
9726_VILL_P1_ENSG00000136059,0.017996855,0.02660379,0.0038491474
8395_SRA1_P1P2_ENSG00000213523,0.030721247,0.026624106,0.02880147
7995_SLC25A25_ENST00000373064.5_ENSG00000148339,0.0025444955,0.026627429,0.01869208
7452_RPL26L1_P1P2_ENSG00000037241,-0.004871514,0.026637359,0.025670122
4899_MCM3AP_P1P2_ENSG00000160294,-0.008661549,0.026655752,0.034707125
6791_PRPF18_P1P2_ENSG00000165630,-0.026377525,0.026681459,0.008504197
1638_CLCC1_P1P2_ENSG00000121940,-0.0073550977,0.026695605,0.023157692
3667_HDAC7_P1P2_ENSG00000061273,-0.019241175,0.026710987,0.010047521
10803_non-targeting_non-targeting_non-targeting,0.06685191,0.026724607,-0.010737273
6324_PIBF1_P1P2_ENSG00000083535,-0.025996158,0.026740935,0.04587163
780_BBS7_P1P2_ENSG00000138686,0.006567994,0.026741564,-0.008592036
8723_TBC1D9B_P1P2_ENSG00000197226,0.017418496,0.026747338,0.030805377
1042_C1orf174_P1P2_ENSG00000198912,0.015921798,0.02675884,-0.008436034
2762_ETV3L_P1P2_ENSG00000253831,-0.010328739,0.026806096,0.022750787
3095_FKBP1B_P1P2_ENSG00000119782,-0.013619467,0.026819887,0.00065085886
1938_CTNNBIP1_P1P2_ENSG00000178585,0.00154871,0.026820013,0.0146274
8044_SLC35B4_P1P2_ENSG00000205060,-0.0031777308,0.026824387,0.021344943
9194_TP53RK_P1P2_ENSG00000172315,-0.090674914,0.026827682,0.050749786
3708_HEXB_P1P2_ENSG00000049860,0.008307575,0.026828133,0.00030714794
7418_RPA1_P1P2_ENSG00000132383,-0.007127558,0.026840555,0.028757932
3958_HSDL2_P1P2_ENSG00000119471,0.0071084173,0.026858903,0.019171739
10615_ZNF766_P1P2_ENSG00000196214,-0.010181618,0.026867982,0.02097292
3712_HEXIM2_P1_ENSG00000168517,-0.021002803,0.026893435,0.004578621
134_ADAMTSL4_P1P2_ENSG00000143382,0.032375727,0.026894383,0.027347801
9609_UQCRB_P1P2_ENSG00000156467,-0.07714596,0.026896277,-0.033302445
4269_KANK2_P1P2_ENSG00000197256,0.008044023,0.026900899,0.023645533
4283_KATNAL1_P1P2_ENSG00000102781,-0.018450523,0.026902093,0.04560125
6260_PGM2L1_P1P2_ENSG00000165434,0.019837074,0.026909737,0.0034493366
9419_TUBB6_P1P2_ENSG00000176014,-0.00014471824,0.02691515,0.05784942
3876_HNRNPUL1_P1P2_ENSG00000105323,0.014082931,0.026916446,0.00045570135
749_BAG4_P1P2_ENSG00000156735,-0.019873835,0.026924396,0.0017944544
3908_HOXB8_P2_ENSG00000120068,0.03903017,0.026933825,0.046774678
10314_ZNF35_P1P2_ENSG00000169981,-0.01007377,0.026939353,0.0046769227
4754_MAFF_P1P2_ENSG00000185022,-0.003779469,0.026947502,0.002935883
5258_MRPS28_P1P2_ENSG00000147586,-0.04796736,0.026954392,0.03355002
3782_HIST1H4I_ENST00000354348.2_ENSG00000276180,0.007856437,0.026962198,-0.0027785012
2662_EPB41_P1_ENSG00000159023,0.013837667,0.026968796,0.008080878
3897_HOXA9_P1P2_ENSG00000078399,-0.015823705,0.026970422,0.033438604
6205_PDZD8_P1P2_ENSG00000165650,0.011152128,0.026973573,0.018385787
1945_CTSB_P1P2_ENSG00000164733,0.008350525,0.026975617,0.030342013
3251_GABBR1_P2_ENSG00000204681,-0.009484752,0.026979577,0.031374313
4739_LZTS2_P1_ENSG00000107816,-0.012281017,0.026984084,0.015868705
7836_SF3B2_P1P2_ENSG00000087365,0.009919854,0.02698544,0.028628595
6136_PCNP_P1P2_ENSG00000081154,0.009139873,0.027013345,0.022417279
10135_ZMAT2_P2_ENSG00000146007,-0.0020842466,0.02701884,0.0076769595
6685_PPP2R3B_P1P2_ENSG00000167393,0.0025172462,0.027019974,0.00503301
881_BRAF_P1P2_ENSG00000157764,0.029785026,0.027029783,0.024241956
1492_CENPV_P1P2_ENSG00000166582,0.010176963,0.027030112,0.023081385
4174_IQGAP3_P1P2_ENSG00000183856,-0.02272539,0.027038239,0.005567468
9229_TRAF3IP2_P1P2_ENSG00000056972,-0.010839232,0.027047459,0.020565752
1050_C1orf50_P1P2_ENSG00000164008,0.0023950667,0.027050257,-0.0028385234
5178_MPV17L2_P1P2_ENSG00000254858,0.022464601,0.027051415,0.01849526
4580_LIMA1_P2_ENSG00000050405,-0.0046126,0.027053703,0.035575256
1550_CHCHD3_P1P2_ENSG00000106554,-0.0016673537,0.027058354,0.0032393117
8688_TAPBP_P1P2_ENSG00000231925,-0.017182074,0.027067117,0.006804916
717_AVL9_P1P2_ENSG00000105778,-0.030222198,0.02707224,0.01951002
2891_MCRIP1_P1P2_ENSG00000225663,0.04139968,0.02707246,0.024365766
7822_SETD9_P1P2_ENSG00000155542,0.014845916,0.02708778,0.060789727
3126_FNDC3A_ENST00000492622.2_ENSG00000102531,-0.025631798,0.027091643,0.0027247937
491_ARID3B_P1P2_ENSG00000179361,-0.005027311,0.027106466,0.029718524
2016_DAAM1_P1P2_ENSG00000100592,0.0043765577,0.027110154,0.020510135
4721_LYAR_P1P2_ENSG00000145220,0.00414401,0.02712535,0.037016295
11317_non-targeting_non-targeting_non-targeting,0.0052893944,0.027129617,0.032840304
8156_SMC2_P1P2_ENSG00000136824,-0.042432956,0.02713342,0.023615092
76_ACAT2_P1P2_ENSG00000120437,0.00057117804,0.027141197,0.02897934
2778_EXOC1_P1P2_ENSG00000090989,-0.031360656,0.02714325,-0.013589574
10516_ZNF628_P1P2_ENSG00000197483,0.013884024,0.02716076,0.0025065087
5021_MFN1_P1P2_ENSG00000171109,0.050503872,0.027183719,0.01393297
9245_TRAPPC1_P1P2_ENSG00000170043,-0.041582353,0.02718908,0.0010458924
1084_C3orf33_P1P2_ENSG00000174928,0.0039764685,0.027190939,0.036920413
10279_ZNF311_P1P2_ENSG00000197935,-0.0007481084,0.02721437,0.001571807
5537_NDUFA4_P1P2_ENSG00000189043,-0.0012228998,0.027235625,0.045919307
7234_REPS1_P1P2_ENSG00000135597,0.0102586625,0.027252614,0.025039703
10017_ZC2HC1C_P1P2_ENSG00000119703,0.010579586,0.027253322,0.030053308
5486_NCAM2_P1P2_ENSG00000154654,-0.030053286,0.027255721,-0.007905046
1499_CEP170_P1P2_ENSG00000143702,0.008525789,0.027261022,0.02828521
6229_PEX1_P1P2_ENSG00000127980,0.008924536,0.027267957,0.02312244
5682_NIT2_P1P2_ENSG00000114021,-0.018366538,0.027278852,0.026283503
4456_KNTC1_P1P2_ENSG00000184445,0.009959774,0.027286496,0.031711444
3581_GTF2IRD2_ENST00000405086.2_ENSG00000196275,0.010699812,0.02729792,0.01711742
7988_SLC25A19_P1P2_ENSG00000125454,0.008148328,0.027332263,0.02359977
6216_PEMT_P1P2_ENSG00000133027,-0.0070031765,0.02734142,0.020796202
6674_PPP1R3E_P2_ENSG00000235194,-0.009347096,0.027370384,0.015424118
469_ARHGAP4_P1_ENSG00000089820,0.03373146,0.027375115,0.0421278
8147_SMARCB1_P2_ENSG00000099956,0.012807555,0.027383946,0.030738808
5947_OPLAH_P1P2_ENSG00000178814,0.005607734,0.027387759,0.032437727
2332_DOK4_P2_ENSG00000125170,0.010899731,0.027409375,0.025176652
"9279_TRIM49C_ENST00000432771.1,ENST00000448984.1_ENSG00000204449",0.022014847,0.027423542,0.010005069
4109_IMPA1_P1P2_ENSG00000133731,-0.015668921,0.02744586,0.052692063
3461_GOLGA7_P1P2_ENSG00000147533,-0.023026718,0.027452188,-0.01728144
1972_CWC22_P1P2_ENSG00000163510,-0.08420339,0.027460285,0.0319768
4053_IFT27_P1P2_ENSG00000100360,-0.018635094,0.02747203,0.025396615
6337_PIGL_P1P2_ENSG00000108474,-0.0027573034,0.027474089,-0.00085479155
10338_ZNF410_P1P2_ENSG00000119725,-0.02671228,0.027487267,0.018242527
9219_TPX2_P1P2_ENSG00000088325,-0.027066434,0.027511772,0.033526003
7057_RAC3_P1P2_ENSG00000169750,-0.04495868,0.027512623,-0.014556422
817_BEND6_P1P2_ENSG00000151917,-0.013742221,0.02752652,0.021417059
3327_GDE1_P1P2_ENSG00000006007,-0.00513638,0.027527438,-0.00170746
1372_CD59_P2_ENSG00000085063,-0.010334325,0.027549004,0.01860588
9701_VAPB_P1P2_ENSG00000124164,0.004338338,0.02755063,0.004501427
2237_DLC1_P1P2_ENSG00000164741,0.009399528,0.027551875,0.020562928
6834_PSAT1_P1P2_ENSG00000135069,-0.009924313,0.027554197,0.017922787
6124_PCGF5_ENST00000543648.1_ENSG00000180628,-0.017645922,0.02755804,0.02488247
316_ANKFY1_P1P2_ENSG00000185722,-0.006490777,0.027559305,0.010518415
2394_DTYMK_P1P2_ENSG00000168393,-0.01352993,0.027562002,-0.005771177
94_ACP1_P1P2_ENSG00000143727,-0.08074339,0.027563684,-0.039061215
3149_FOXD1_P1P2_ENSG00000251493,-0.009322102,0.02757765,0.0030535692
5920_OBSL1_P1P2_ENSG00000124006,-0.010898908,0.02758213,0.02290871
4299_KCNMB3_P1P2_ENSG00000171121,-0.054076683,0.027582597,0.067300305
6785_PROS1_P1P2_ENSG00000184500,-0.014067931,0.02759159,0.044961717
8750_TBX1_P1P2_ENSG00000184058,-0.009143197,0.027599195,-0.0059512556
3037_FBXW7_ENST00000603841.1_ENSG00000109670,-0.0010729561,0.027600005,0.026315095
3867_HNRNPH2_P1P2_ENSG00000126945,-0.0028741094,0.027604094,0.051851094
3642_HAUS8_P1P2_ENSG00000131351,0.013341259,0.027606925,0.017000746
3873_HNRNPM_P1_ENSG00000099783,-0.079181336,0.027623903,0.02372897
7985_SLC25A15_P1P2_ENSG00000102743,-0.0033912854,0.027632782,-0.0032258097
8961_TM9SF3_P1P2_ENSG00000077147,0.0033320207,0.027637774,0.025316302
2463_ECH1_P1P2_ENSG00000104823,-0.0015177262,0.027659018,0.009594879
7720_SDF2L1_P1P2_ENSG00000128228,-0.0020385222,0.027670993,0.019757187
9860_NSD2_P1P2_ENSG00000109685,0.012531088,0.027680717,0.024760028
8743_TBRG1_P1P2_ENSG00000154144,0.01614377,0.02768831,0.03442822
7756_SECISBP2L_P1P2_ENSG00000138593,0.015894378,0.027688619,0.016776038
1120_CYREN_P1P2_ENSG00000122783,0.05652598,0.027690979,-0.027212502
8317_SPAG7_P1P2_ENSG00000091640,0.12603231,0.027692918,0.029501485
1969_CUX1_P1P2_ENSG00000257923,-0.005260007,0.027712297,0.0030650843
10657_ZNF816_P1_ENSG00000180257,-0.019021768,0.02772117,0.009505401
5796_NR3C1_P1P2_ENSG00000113580,-0.002823028,0.027728371,0.030813936
6909_PTGES2_P1P2_ENSG00000148334,-0.008664966,0.027752204,0.015885696
10288_ZNF326_P1P2_ENSG00000162664,0.02718853,0.027768875,0.040003337
4569_LHX3_P1_ENSG00000107187,-0.012437864,0.027771555,0.05894002
3710_HEXIM1_P1P2_ENSG00000186834,-0.065946825,0.027782591,0.01461676
609_ATF6B_P1P2_ENSG00000213676,-0.007570874,0.027784254,-0.0013431172
5233_MRPL4_P1P2_ENSG00000105364,-0.08337795,0.027784558,0.006881978
10553_ZNF687_P1P2_ENSG00000143373,-0.028020246,0.027786743,0.0066030156
9368_EIPR1_P1P2_ENSG00000032389,-0.013709535,0.027800214,0.021195496
3185_FOXP1_ENST00000318789.4_ENSG00000114861,0.008353716,0.027812408,0.011809023
5885_NUP107_P1P2_ENSG00000111581,-0.018232606,0.027813993,0.0009929757
5039_MGAT5_P1P2_ENSG00000152127,-0.0067705372,0.027832061,0.027263109
8472_ST6GAL1_P1_ENSG00000073849,-0.035561215,0.027841676,0.019095473
2424_DYNC1LI2_P1P2_ENSG00000135720,0.017090743,0.02785217,0.03635011
4439_KLHL23_P1_ENSG00000213160,0.010533671,0.027853899,0.016819067
10660_ZNF823_P1P2_ENSG00000197933,-0.024811627,0.027867015,-0.01657818
6826_PRSS16_P2_ENSG00000112812,0.022989295,0.027885675,0.05147545
7443_RPL18_P1P2_ENSG00000063177,0.065438494,0.02789076,0.027073741
"2019_DACH2_ENST00000373125.4,ENST00000373131.1_ENSG00000126733",0.0020662537,0.027895007,-0.019680265
2604_ELP2_P1P2_ENSG00000134759,-0.023820445,0.027905751,0.030455235
2033_DAZAP1_P1P2_ENSG00000071626,0.02380821,0.0279146,0.0073914616
9576_UGGT1_P1P2_ENSG00000136731,0.012845244,0.027924169,0.0270011
5525_NDOR1_P1P2_ENSG00000188566,-0.0039111204,0.027924858,-0.009176715
"10728_ZSCAN5A_ENST00000391713.1,ENST00000592355.1_ENSG00000131848",-0.008966421,0.027934944,0.007724362
140_ADAT3_P2_ENSG00000213638,0.031462733,0.02795508,0.02153998
3801_HIVEP3_ENST00000372583.1_ENSG00000127124,0.019984461,0.027959863,0.016629167
2401_DUSP12_P1P2_ENSG00000081721,-0.03323323,0.027962051,0.010752317
6723_PRDM14_P1P2_ENSG00000147596,0.0011224499,0.027984872,-0.013235092
8143_SMARCA5_P1P2_ENSG00000153147,-0.018106561,0.02799179,0.03053657
2265_DMTN_P1_ENSG00000158856,-0.01964674,0.027999489,-0.00097064674
9011_TMEM161A_P1P2_ENSG00000064545,0.0023362543,0.028008947,0.014889106
6507_POFUT1_P1P2_ENSG00000101346,-0.00089386647,0.028029952,0.009846764
3501_GPKOW_P1P2_ENSG00000068394,-0.031932272,0.028038511,0.027080456
1717_CNOT2_P1P2_ENSG00000111596,-0.05813734,0.028039062,-0.02288727
2618_EMC9_P1P2_ENSG00000100908,0.0073923212,0.028049903,0.009813711
9076_TMEM50A_P1P2_ENSG00000183726,-0.004229084,0.028054446,0.02260443
8325_SPATA5L1_P1P2_ENSG00000171763,0.01274308,0.028057642,0.04602329
8936_TJAP1_P2_ENSG00000137221,-0.0029220837,0.028080503,0.011912638
4159_IP6K2_P1P2_ENSG00000068745,0.013090093,0.028088784,0.03351899
10788_non-targeting_non-targeting_non-targeting,-0.027457282,0.028093843,0.03210093
2313_DNM2_P1P2_ENSG00000079805,-0.022917653,0.028103674,-0.0044200057
6613_PPCDC_P2_ENSG00000138621,0.0025506015,0.028130166,0.017071376
855_BMI1_P1P2_ENSG00000168283,-0.001247397,0.028135423,0.037767198
4617_LMNB1_P1P2_ENSG00000113368,0.019034382,0.028157964,-0.0052762553
3194_FOXRED2_P1P2_ENSG00000100350,0.06065583,0.028177558,0.017174257
7436_RPL13A_P2_ENSG00000142541,0.01920065,0.02819308,0.033905305
6308_PHPT1_P1P2_ENSG00000054148,-0.0018410473,0.028196583,0.024593446
8741_TBP_P1P2_ENSG00000112592,0.073399134,0.02819846,0.070747495
10834_non-targeting_non-targeting_non-targeting,-0.007292314,0.028217273,-0.01453829
163_ADPRHL2_P1P2_ENSG00000116863,0.005981701,0.028239727,0.04124534
8289_SOX30_P1_ENSG00000039600,-0.01967132,0.028246693,0.035651226
4678_LRRC8D_P2_ENSG00000171492,0.013831795,0.02824901,0.027415391
1641_CLCN6_P1P2_ENSG00000011021,-0.010649491,0.028270844,0.01805127
8569_SUB1_P1_ENSG00000113387,0.026624179,0.028280089,0.054322664
8498_STAT5A_P1P2_ENSG00000126561,0.009320735,0.02828691,0.01826081
8637_SZRD1_P1P2_ENSG00000055070,-0.029366069,0.028304748,0.045870904
6973_PYCR2_P1P2_ENSG00000143811,-0.019417068,0.028308844,0.0068717105
8870_THADA_P1P2_ENSG00000115970,-0.035499208,0.0283153,0.009194657
1983_CXorf40A_P1P2_ENSG00000197620,-0.013947419,0.02831673,-0.018632656
5532_NDUFA12_P1P2_ENSG00000184752,0.008798675,0.028337711,0.017654052
7727_SDHC_P1P2_ENSG00000143252,0.0657221,0.028352225,0.010684876
5679_NIPSNAP3A_P1P2_ENSG00000136783,-0.018636627,0.02837564,-0.017203717
6730_PRDM6_P1P2_ENSG00000061455,0.03368327,0.028403096,0.029579353
4937_MED15_P1_ENSG00000099917,0.0023018888,0.0284054,0.041693103
8032_SLC30A6_P1P2_ENSG00000152683,-0.01091155,0.028413612,-0.0045766053
10427_ZNF532_P1_ENSG00000074657,-0.0045839488,0.02842359,0.018431937
1916_CSTF2T_P1P2_ENSG00000177613,0.008359518,0.02842359,0.040277228
10319_ZNF37A_P1P2_ENSG00000075407,-0.012894585,0.028439533,0.024913387
9519_UBE2T_P1P2_ENSG00000077152,-0.0098186815,0.028448505,0.019386929
9009_TMEM159_P1P2_ENSG00000011638,0.027018791,0.028463159,0.030363265
2878_ABRAXAS1_P1P2_ENSG00000163322,0.010845425,0.028467255,0.0127955675
5392_MYNN_P1P2_ENSG00000085274,-0.015715417,0.028471796,0.0295553
5314_MTG1_P1P2_ENSG00000148824,-0.047952883,0.028481416,0.017669734
11233_non-targeting_non-targeting_non-targeting,0.008489913,0.02848934,0.0057583954
3285_GARS_P1P2_ENSG00000106105,0.0012239377,0.028491126,0.022246955
2641_ENO2_P1P2_ENSG00000111674,-0.010068043,0.028516974,0.012463084
3236_FZD3_P1P2_ENSG00000104290,0.016164009,0.028520899,0.023539636
1925_CTBS_P1P2_ENSG00000117151,-0.01809465,0.028522793,0.0053889696
9767_VPS8_P1P2_ENSG00000156931,-0.015529557,0.028523026,0.027438309
1904_CSNK2A1_P1P2_ENSG00000101266,-0.039401103,0.028524589,0.0048715877
6472_PMAIP1_P1P2_ENSG00000141682,-0.00016311299,0.028536705,0.010450526
3757_HIST1H2AM_P1P2_ENSG00000278677,-0.02892808,0.028548947,0.04189528
10879_non-targeting_non-targeting_non-targeting,0.0059876046,0.02856202,0.024237458
5728_NOBOX_ENST00000223140.5_ENSG00000106410,-0.034757167,0.02856767,0.0041699093
2305_DNAJC9_P1P2_ENSG00000213551,0.00046888087,0.028574647,0.017445022
6334_PIGG_P1P2_ENSG00000174227,0.015566778,0.02858697,0.03998476
6457_PLOD2_P1P2_ENSG00000152952,-0.005698351,0.028596086,0.02557176
7173_RBM39_P1P2_ENSG00000131051,0.0020922606,0.028623251,0.008505644
1724_CNPPD1_P1_ENSG00000115649,-0.017576104,0.028644176,0.023362843
5670_NINJ2_P2_ENSG00000171840,0.009716906,0.028652137,0.021428648
3898_HOXB13_P1P2_ENSG00000159184,-0.011027001,0.028660458,0.018555814
1510_CEP68_P1P2_ENSG00000011523,0.004736472,0.028663408,0.045353208
3691_HEMK1_P1P2_ENSG00000114735,-0.0011867513,0.028672867,0.031602122
8108_SLC7A5_P1P2_ENSG00000103257,-0.048247766,0.028673045,0.025121558
8606_SUSD1_P1P2_ENSG00000106868,0.012597698,0.02868958,0.003777027
10331_ZNF396_P1P2_ENSG00000186496,0.056440707,0.028698532,0.047716998
10455_ZNF567_P1P2_ENSG00000189042,0.002167229,0.02870046,0.000747557
3539_GRK6_P1P2_ENSG00000198055,-0.0007541371,0.028702283,0.04278522
8153_SMARCD3_P1_ENSG00000082014,-0.010170337,0.028703073,0.038491704
7618_S100A10_P2_ENSG00000197747,0.006918092,0.028712872,0.019069426
6768_PRKDC_P1P2_ENSG00000253729,0.069678634,0.028717134,-0.026775504
7624_S100A4_P1P2_ENSG00000196154,-0.0016805774,0.028725818,0.035301547
5902_NUP88_P1P2_ENSG00000108559,-0.13160169,0.028727736,0.015413342
11119_non-targeting_non-targeting_non-targeting,-0.012424032,0.028732164,0.040024232
2712_ERLEC1_P1P2_ENSG00000068912,0.01596785,0.02873661,0.02729779
594_INTS13_P1P2_ENSG00000064102,0.024608817,0.028750239,0.093717285
3246_GAB2_P1P2_ENSG00000033327,-0.016680166,0.02876476,-0.013617517
8019_SLC27A4_P1P2_ENSG00000167114,-4.2185544e-05,0.0287678,-0.019635428
3218_FUCA2_P1P2_ENSG00000001036,0.008422464,0.028778616,0.029077101
2561_EIF4A3_P1P2_ENSG00000141543,-0.0006070476,0.028790828,0.1268658
7294_RHOH_P1P2_ENSG00000168421,-0.0065745967,0.028802756,-0.009852833
11299_non-targeting_non-targeting_non-targeting,-0.014132525,0.028816067,0.012087728
3901_HOXB3_P1P2_ENSG00000120093,-0.012162942,0.028821327,0.020949773
1670_CLOCK_P1P2_ENSG00000134852,-0.02112342,0.028830616,-0.028528485
3839_HMGXB3_P1P2_ENSG00000113716,-0.001885494,0.028838512,0.022282816
"1121_C7orf50_ENST00000357429.6,ENST00000397098.3,ENST00000397100.2_ENSG00000146540",0.0067593823,0.02884239,0.014582434
8867_TGM2_P1P2_ENSG00000198959,0.012613537,0.028853208,0.019196652
3523_GPX4_P1P2_ENSG00000167468,0.016440617,0.028853383,0.031234946
10560_ZNF697_P1P2_ENSG00000143067,0.019054087,0.028862715,0.054552197
4320_KDM2B_ENST00000377069.4_ENSG00000089094,-0.0050164396,0.028872378,0.0072149527
5855_NUCB1_P1P2_ENSG00000104805,-0.002095931,0.028872544,0.0043552206
4111_IMPACT_P1P2_ENSG00000154059,0.0026728834,0.028912952,0.0029096717
1908_CSRNP1_P1P2_ENSG00000144655,-0.01224144,0.028913537,0.0005222032
3370_GINS2_P1P2_ENSG00000131153,-0.058347013,0.02892018,0.030109817
10201_ZNF207_P2_ENSG00000010244,-0.0083587915,0.028923506,0.02697907
4249_JARID2_P1P2_ENSG00000008083,-0.012685661,0.028933559,0.035283696
1902_CSNK1G2_P1P2_ENSG00000133275,0.008496403,0.028950147,0.005542598
5372_MYCN_P1_ENSG00000134323,0.065585114,0.028973473,0.04243728
10598_ZNF735_NM_001159524_ENSG00000223614,0.011451328,0.028977832,0.047259133
6905_PTEN_P1P2_ENSG00000171862,0.05405954,0.028998468,0.035488572
4879_MBIP_P1P2_ENSG00000151332,0.052426238,0.029001713,0.038593072
4855_MARK4_P1P2_ENSG00000007047,-0.005125758,0.029008307,0.027195865
7678_SCAI_P1P2_ENSG00000173611,-0.0094105415,0.029028216,0.01289249
113_ACTR3B_P1P2_ENSG00000133627,0.014180734,0.029038722,0.0115372995
6540_POLR2A_P1P2_ENSG00000181222,-0.006002491,0.029039277,0.05655468
6416_PLBD1_P1P2_ENSG00000121316,-0.0070738588,0.029050982,0.01913962
8428_SRSF10_P1P2_ENSG00000188529,0.009825253,0.029065905,0.015236434
5698_NKX3-2_P1P2_ENSG00000109705,0.003781857,0.029079752,0.018517079
7456_RPL28_P1P2_ENSG00000108107,0.04845379,0.029085875,0.02550871
11060_non-targeting_non-targeting_non-targeting,-0.01248977,0.029088574,-0.015361849
8608_SUV39H1_P1P2_ENSG00000101945,-0.0023697666,0.02909598,-0.014237405
7650_SAP30L_P1P2_ENSG00000164576,-0.011097075,0.029098434,0.015287189
663_ATP5ME_P1P2_ENSG00000169020,-0.05278427,0.029126035,0.01945299
6013_OXSR1_P1P2_ENSG00000172939,-0.018452588,0.029130988,0.039582547
7242_REXO1_P1P2_ENSG00000079313,-0.029528191,0.02913326,0.0043189335
10851_non-targeting_non-targeting_non-targeting,-0.034709774,0.02914528,0.0045936434
2992_FBXL13_P1P2_ENSG00000161040,0.016568903,0.029152652,0.05029918
1798_CORO1A_P1P2_ENSG00000102879,-0.0051824967,0.029155303,0.007851731
9853_WDR92_P1P2_ENSG00000243667,0.0032356572,0.029155426,0.014410173
7839_SF3B5_P1P2_ENSG00000169976,0.0018158198,0.029181087,0.04209899
8700_TATDN3_P2_ENSG00000203705,-0.011555557,0.02921429,0.011958199
8960_TM9SF2_P1P2_ENSG00000125304,0.00013616646,0.029227592,-0.006422759
5462_NAPA_P1P2_ENSG00000105402,-0.012164974,0.029237669,-0.010490467
1806_COX11_P1P2_ENSG00000166260,-0.06145255,0.02923772,-0.012915109
6196_PDS5A_P1P2_ENSG00000121892,0.028893203,0.029247828,0.03060884
7060_RAD18_P1P2_ENSG00000070950,0.006421594,0.029267091,0.021634463
3738_HIPK3_P1_ENSG00000110422,0.029193228,0.029268863,0.029508786
6053_PAN2_P1P2_ENSG00000135473,0.015162044,0.029271217,0.020435337
10528_ZNF653_P1P2_ENSG00000161914,8.751204e-05,0.029277865,-0.006834968
6639_PPM1D_P1P2_ENSG00000170836,-0.017431226,0.029285654,0.015525622
2456_EBNA1BP2_P1P2_ENSG00000117395,0.10162246,0.029289985,0.04178135
9921_YBX1_P1P2_ENSG00000065978,0.007928437,0.029293528,-0.044840112
1520_CEPT1_P1P2_ENSG00000134255,-0.012114817,0.029296681,0.03846715
5593_NEK2_P1P2_ENSG00000117650,0.00829789,0.029306922,0.035330255
4842_MAPRE3_P1P2_ENSG00000084764,0.02971092,0.029310066,0.026936734
2015_D2HGDH_P1P2_ENSG00000180902,-0.011656167,0.029332627,0.022675265
392_APAF1_P1P2_ENSG00000120868,-0.002105082,0.029343942,0.06574251
5259_MRPS2_P1P2_ENSG00000122140,-0.02465787,0.02935441,0.028116131
395_APBB3_P1P2_ENSG00000113108,0.0032836003,0.029356223,0.07306491
3938_HRAS_P2_ENSG00000174775,0.007577724,0.029371973,0.026957043
10549_ZNF681_P1P2_ENSG00000196172,-0.018396541,0.029373392,0.011444011
7037_RAB5C_P2_ENSG00000108774,0.003174788,0.029390242,0.03907222
2474_EDC3_P1P2_ENSG00000179151,0.016706275,0.02940356,0.020867167
7446_RPL22L1_P1P2_ENSG00000163584,0.014926733,0.029406557,0.034846768
9349_TSPAN13_P1P2_ENSG00000106537,-0.02033085,0.029416984,0.02408717
6931_PTPN7_P1P2_ENSG00000143851,0.009759109,0.029417684,-0.0044032573
4048_IFRD1_P2_ENSG00000006652,0.0088986615,0.029436646,0.0066527356
3586_GTF3C3_P1P2_ENSG00000119041,0.14187482,0.029461194,0.05940722
2813_FABP5_P1P2_ENSG00000164687,-0.017336722,0.029462883,0.005752948
1292_CCDC71_P1P2_ENSG00000177352,0.00794625,0.029468259,0.043446463
7447_RPL22_P1_ENSG00000116251,-0.013510826,0.029484807,-0.014783841
269_ALG2_P1P2_ENSG00000119523,-0.03701447,0.029503925,-0.0033389407
4411_KLF13_P1P2_ENSG00000169926,-0.012997643,0.029508062,0.015004013
3576_GTF2H3_P1P2_ENSG00000111358,-0.039031353,0.029515257,0.010113007
6690_PPP2R5D_P1P2_ENSG00000112640,0.0015922375,0.029535731,0.038474265
4716_LUC7L3_P1P2_ENSG00000108848,-0.050108634,0.029564258,-0.024890486
1090_C4orf33_P2_ENSG00000151470,-0.007249789,0.029566905,-0.027991686
7779_SEPHS2_P1P2_ENSG00000179918,0.009459392,0.02956742,0.07137109
1152_CAD_P1P2_ENSG00000084774,0.03850899,0.029574994,0.012428624
7570_RSAD1_P1P2_ENSG00000136444,0.033295274,0.02959305,0.017336855
5171_MPP1_P1P2_ENSG00000130830,-0.0052606463,0.029598724,0.014015061
4644_LRG1_P1P2_ENSG00000171236,-0.006419036,0.029603599,0.012181396
101_ACSL4_P1P2_ENSG00000068366,0.0067209103,0.029613705,0.033524707
10448_ZNF560_P1P2_ENSG00000198028,0.015497816,0.0296182,0.04029193
8126_SLU7_P1P2_ENSG00000164609,0.0049193176,0.029619884,0.016388379
9752_VPS36_P1P2_ENSG00000136100,-0.0025548239,0.029621236,0.02190096
10039_ZCCHC8_P1P2_ENSG00000033030,-0.014983824,0.02963325,0.032265913
9866_WIZ_P1P2_ENSG00000011451,0.008760946,0.029642537,0.0428519
5449_NAF1_P1P2_ENSG00000145414,0.07029503,0.029659037,0.022836328
3532_GRHL1_P1P2_ENSG00000134317,0.0033880358,0.02968282,0.027954267
5374_MYC_P1P2_ENSG00000136997,0.004274683,0.02968489,0.009577021
8716_TBC1D28_ENST00000405044.1_ENSG00000189375,-0.014640811,0.02970134,0.06493136
9723_VGF_P1P2_ENSG00000128564,0.013040429,0.029710652,0.045251865
7168_RBM27_P1P2_ENSG00000091009,0.018104754,0.029713659,0.0073789083
605_ATF2_P1P2_ENSG00000115966,-0.012588478,0.029720252,0.01217086
3895_HOXA6_P1P2_ENSG00000106006,-0.0012858568,0.02974368,-0.0041851965
2363_DPY19L1_ENST00000310974.4_ENSG00000173852,-0.0040193303,0.02975918,0.02708367
472_ARHGDIA_P1P2_ENSG00000141522,0.0079515325,0.029762639,0.016562883
6316_PI4K2B_P1P2_ENSG00000038210,-0.021282803,0.0297696,0.021837344
2236_DLAT_P1P2_ENSG00000150768,-0.024066975,0.029779235,-0.011779357
5444_NADK2_P1P2_ENSG00000152620,0.016807145,0.029795937,0.00949331
7088_RALGDS_P2_ENSG00000160271,-0.009570737,0.029798275,0.017134842
1801_CORO1C_P1P2_ENSG00000110880,-0.006047693,0.029805163,0.018863773
9541_UBQLN1_P1P2_ENSG00000135018,-0.0014227264,0.029837696,-0.0060670017
10457_ZNF569_P1P2_ENSG00000196437,-0.02705672,0.029846333,0.021870157
1443_CDK9_P1P2_ENSG00000136807,0.060994774,0.029846942,-0.008507123
154_ADIPOR1_P1P2_ENSG00000159346,-0.0045022834,0.029849345,0.032078348
8895_THRA_P1P2_ENSG00000126351,-0.007115435,0.02985132,0.007894543
7064_RAD23B_P1P2_ENSG00000119318,-0.0052617947,0.029852405,-0.017808992
2100_DDT_ENST00000398344.4_ENSG00000099977,0.032512065,0.029853981,0.016313344
5952_OR2T29_ENST00000328570.3_ENSG00000182783,-0.0077676326,0.029861495,0.033426534
3853_HNF4G_P1_ENSG00000164749,-0.026473843,0.029863687,-0.0052508763
9727_VILL_P2_ENSG00000136059,-0.015494349,0.02987452,0.02078114
6628_PPIH_P1P2_ENSG00000171960,0.009194523,0.029878447,0.02238839
1852_CR1L_P1P2_ENSG00000197721,0.018736942,0.029880391,0.03705449
2227_DIP2A_P1P2_ENSG00000160305,-0.012038384,0.029881593,0.038825475
5048_MIA3_P2_ENSG00000154305,0.014441839,0.029939935,0.009521627
8077_SLC39A6_P1P2_ENSG00000141424,0.0017644182,0.029952299,0.038542066
7749_SEC31A_P2_ENSG00000138674,-0.006629112,0.029952474,0.03102259
3221_FUOM_P1P2_ENSG00000148803,-0.005609097,0.029978538,0.032212205
2966_FANCI_P1P2_ENSG00000140525,0.033915862,0.02998369,0.011769194
9505_UBE2H_P1P2_ENSG00000186591,-0.013067646,0.029999878,0.021655237
5043_MGRN1_P1P2_ENSG00000102858,0.030509025,0.030005319,0.043496538
2297_DNAJC2_P1P2_ENSG00000105821,-0.030846626,0.03000851,0.036994044
3902_HOXB4_P1P2_ENSG00000182742,-0.001855674,0.030009648,0.009485475
9183_TOR1A_P1P2_ENSG00000136827,-0.0007326649,0.030023627,-0.008350807
10480_ZNF586_P1P2_ENSG00000083828,0.026969356,0.030045642,0.03457957
3606_GYPA_P1P2_ENSG00000170180,0.017969592,0.030060666,-0.0034436395
6305_PHOSPHO2_P1P2_ENSG00000144362,-0.0028390477,0.030075546,-0.0006763245
4164_IPO7_P1P2_ENSG00000205339,-0.003084503,0.030091966,0.029236173
7973_SLC19A2_P1P2_ENSG00000117479,0.02532094,0.030092765,-0.0056436537
4736_LZTFL1_P1P2_ENSG00000163818,0.009843179,0.03011329,0.0322861
7111_RARA_P1_ENSG00000131759,-0.024166027,0.03012324,-0.057200693
5471_NAT14_P1P2_ENSG00000090971,-0.003650321,0.030129436,0.027489053
9569_UFD1_P1P2_ENSG00000070010,0.02761472,0.030147834,0.018161604
6228_PEX19_P1P2_ENSG00000162735,-0.03765082,0.030176144,0.0021340197
7374_RNF208_P1P2_ENSG00000212864,0.00090420834,0.03017681,0.0028031366
10156_ZNF10_P1P2_ENSG00000256223,0.0118016265,0.03017918,0.0036498704
10536_ZNF667_P1P2_ENSG00000198046,0.023561768,0.030181354,0.023361508
7307_RILP_P1P2_ENSG00000167705,-0.0014270336,0.030198695,-0.0044614803
1126_RBIS_P1P2_ENSG00000176731,-0.003936475,0.030213447,0.032849416
4949_MED26_P1P2_ENSG00000105085,0.016387224,0.030224882,0.023231216
5591_NEIL3_P1P2_ENSG00000109674,0.0026287853,0.030231733,0.030699758
6170_PDE7A_P1P2_ENSG00000205268,-0.0038609395,0.030233389,0.039083418
8125_SLTM_P1P2_ENSG00000137776,0.0024103622,0.030235764,0.02677068
3605_GYG1_P1P2_ENSG00000163754,0.06620224,0.030242959,0.053169526
7679_SCAMP1_P1P2_ENSG00000085365,0.013218029,0.030243281,0.02440335
3248_GABARAPL1_P1P2_ENSG00000139112,-0.032252017,0.030243928,0.016589645
830_BHLHE40_P1P2_ENSG00000134107,-0.014572157,0.030248364,0.040487133
1169_CAMTA1_P1P2_ENSG00000171735,0.01766806,0.03029199,0.01429294
7837_SF3B3_P1P2_ENSG00000189091,-0.006807804,0.030304875,0.008602719
9054_TMEM241_P1P2_ENSG00000134490,-0.025962668,0.030309442,0.045746174
2530_EIF2AK1_P1P2_ENSG00000086232,-0.0025822942,0.030324902,0.025099691
9683_UTP18_P1P2_ENSG00000011260,0.09319792,0.03034844,0.020480828
11175_non-targeting_non-targeting_non-targeting,0.004542808,0.030352421,0.009077531
10588_ZNF71_P1P2_ENSG00000197951,0.0070650424,0.030354334,0.047985055
2695_ERCC3_P1P2_ENSG00000163161,-0.027386362,0.03036477,0.017687062
996_C16orf72_P2_ENSG00000182831,-0.025230702,0.030386167,0.049360257
6724_PRDM15_P1P2_ENSG00000141956,-0.021502014,0.03039215,0.020005023
237_AKIRIN2_P1P2_ENSG00000135334,-0.020216558,0.03039303,0.010153871
6014_P2RX1_P1P2_ENSG00000108405,-0.019722661,0.03040721,-0.00802988
8132_SMAD4_P1P2_ENSG00000141646,-0.02182583,0.030412626,0.01867503
2652_ENTPD6_P1P2_ENSG00000197586,0.013485497,0.030426444,0.011602696
2149_DENND2D_P2_ENSG00000162777,0.028203184,0.03043365,-0.010465476
9343_TSHZ2_P1P2_ENSG00000182463,0.013167838,0.030435486,0.021908304
368_AP1G1_P1P2_ENSG00000166747,0.017494107,0.030450387,0.016859675
1894_CSH2_P1_ENSG00000213218,0.0047174515,0.030464163,0.016262151
4262_JRK_P2_ENSG00000234616,-0.021781845,0.030470425,-0.022578163
10069_ZFAND5_P1P2_ENSG00000107372,-0.028899532,0.03047127,0.00723867
4848_MARCH8_P1P2_ENSG00000165406,0.029668128,0.030474843,0.048495594
2125_DDX49_P1P2_ENSG00000105671,0.06080153,0.030478643,0.045379546
8963_TMA16_P1P2_ENSG00000198498,0.02463749,0.030493796,0.064623035
3540_GRN_P1P2_ENSG00000030582,0.02041592,0.030497832,0.03083433
3254_GABPB1_P1P2_ENSG00000104064,0.0121620335,0.030499075,0.0589282
1740_COG1_P1P2_ENSG00000166685,-0.007513741,0.030502241,0.022025805
5157_MOSPD3_P1P2_ENSG00000106330,-0.007513498,0.030516108,0.01564719
8506_STIL_P1P2_ENSG00000123473,-0.004839641,0.030519271,0.017967654
4903_MCM6_P1P2_ENSG00000076003,-0.051899284,0.030534506,0.043691076
7910_SIGMAR1_P1P2_ENSG00000147955,0.012696464,0.03055839,-0.06557091
619_ATG2A_P1P2_ENSG00000110046,-0.027569512,0.030579027,0.02625298
9070_TMEM39A_P1P2_ENSG00000176142,0.0115524195,0.03058946,0.04200202
9716_VDAC3_P1P2_ENSG00000078668,0.0045482214,0.030592505,0.033381056
3508_GPR137_P2_ENSG00000173264,-0.03032229,0.030595055,0.025000548
6860_PSMC3_P1P2_ENSG00000165916,0.017708292,0.030598206,0.03651928
9487_UBALD1_P1P2_ENSG00000153443,0.00039568037,0.030598374,0.011524388
5432_NAA50_P1P2_ENSG00000121579,-0.008888203,0.030606085,0.008988766
3235_FZD2_P1P2_ENSG00000180340,0.021659005,0.030607061,0.023494085
3418_GMEB2_P1P2_ENSG00000101216,-0.032618374,0.030611953,0.0019917984
6204_PDZD11_P1P2_ENSG00000120509,0.0051546614,0.030613745,0.028108884
8765_TCEA2_P1P2_ENSG00000171703,-0.025638977,0.03061548,0.030336158
8678_TAMM41_P1P2_ENSG00000144559,-0.024735415,0.03062406,0.050600413
5273_MS4A3_P1P2_ENSG00000149516,0.003666685,0.030634379,0.018281821
1431_CDK2AP2_P1P2_ENSG00000167797,0.026901804,0.03064741,0.00015732323
2164_DESI1_P1P2_ENSG00000100418,0.018265411,0.030654455,0.0015263805
5059_MICB_P2_ENSG00000204516,0.02282969,0.030657053,0.025779398
4076_IKBIP_P1P2_ENSG00000166130,-0.01381018,0.030666532,0.027309144
9148_TNPO1_P1P2_ENSG00000083312,0.041874707,0.030667812,0.038136426
3538_GRIPAP1_P1P2_ENSG00000068400,0.011286191,0.030674899,0.008984632
5105_MLEC_P1_ENSG00000110917,0.011235673,0.030674929,0.018590288
9463_TYMP_P1P2_ENSG00000025708,0.010335955,0.030699989,0.020262765
3616_H2AFZ_P1P2_ENSG00000164032,0.006783364,0.030728763,0.037228763
62_ABT1_P1P2_ENSG00000146109,0.046150804,0.030754765,0.03262411
2077_DCTN5_P1P2_ENSG00000166847,0.011584941,0.030787414,-0.008204601
9749_VPS33A_P1P2_ENSG00000139719,-0.010292912,0.030799432,0.030091971
6910_PTGES3_P1P2_ENSG00000110958,-0.05486449,0.03081091,-0.017101236
7290_RHOBTB1_P1P2_ENSG00000072422,-0.03420508,0.030811932,0.013357646
724_B2M_P2_ENSG00000166710,0.009992314,0.030813193,0.035529032
9977_ZBTB1_P1P2_ENSG00000126804,0.007614667,0.030815616,0.0054853437
4349_PRORP_P1P2_ENSG00000100890,0.050488938,0.030817455,0.031219948
6996_R3HCC1_P1_ENSG00000104679,-0.0058498867,0.030825503,0.011353635
10096_ZFP82_P1P2_ENSG00000181007,0.0016990004,0.03085836,0.0051057884
4533_LCMT1_P1P2_ENSG00000205629,0.018165067,0.030861445,0.021358272
5483_NBPF1_P1P2_ENSG00000219481,-0.010528871,0.03086727,0.047195
9146_TNNT1_P2_ENSG00000105048,0.005249389,0.030867437,0.020429105
6319_PIAS1_P1P2_ENSG00000033800,-0.0014103245,0.03088126,0.057419408
2011_CYSTM1_P1P2_ENSG00000120306,0.0051390226,0.030887574,0.019450238
6027_PACRGL_P1P2_ENSG00000163138,0.02000249,0.030904707,-0.016010905
5884_NUMB_P2_ENSG00000133961,0.012521833,0.030918583,0.05429725
6856_PSMB7_P1P2_ENSG00000136930,-0.060746975,0.030923188,0.028187808
1030_C1GALT1C1_P1P2_ENSG00000171155,-0.019292725,0.030931095,0.0016718286
5820_NRTN_ENST00000303212.2_ENSG00000171119,-0.012309683,0.030955357,0.016441494
3244_G6PD_P1P2_ENSG00000160211,-0.0120196855,0.030955756,0.02520335
6432_PLEC_P1_ENSG00000178209,0.0046150642,0.030958029,-0.004380704
4587_LIMK1_P2_ENSG00000106683,-0.008498712,0.030961199,-0.03237538
7219_RECQL4_P1P2_ENSG00000160957,-0.008161431,0.030962346,0.029333023
6698_PPP4R2_P1P2_ENSG00000163605,0.012764611,0.030975876,0.024021327
9046_TMEM219_P1P2_ENSG00000149932,-0.015006327,0.030981258,0.044774618
10420_ZNF524_P1P2_ENSG00000171443,-0.020793015,0.030992595,0.024823824
8645_TACC3_P1_ENSG00000013810,-0.02115353,0.031005442,0.0011259804
1319_CCNC_P1P2_ENSG00000112237,0.0031335016,0.03101111,0.04530135
6284_PHF1_P1P2_ENSG00000112511,-0.005784206,0.031013208,0.028118206
9226_TRAF2_P1_ENSG00000127191,0.08797767,0.031017134,0.09220614
1660_CLK3_P2_ENSG00000179335,-0.025536872,0.031028844,0.04057085
8466_ST18_P1P2_ENSG00000147488,-0.0045753974,0.031046338,-0.010123517
1253_CCDC12_P2_ENSG00000160799,0.011673868,0.031051606,0.040697392
10078_ZFP14_P1P2_ENSG00000142065,0.0014944822,0.031059995,0.048689645
3005_FBXO17_P2_ENSG00000269190,0.0046208436,0.03107052,0.032960087
750_BAG5_P1P2_ENSG00000166170,0.004814189,0.031088421,0.064260855
9370_TSSK3_P1P2_ENSG00000162526,-0.006621139,0.031088639,0.029797077
9509_UBE2K_P1P2_ENSG00000078140,-0.02745783,0.031106565,-0.008022918
3324_GCSH_P1P2_ENSG00000140905,-0.033901896,0.03114075,0.0022148022
2965_FANCG_P1P2_ENSG00000221829,0.0036726866,0.031169713,0.019719968
5024_MFSD10_P1P2_ENSG00000109736,-0.00041968873,0.031200103,0.037193462
8933_TIPIN_P1P2_ENSG00000075131,-0.01637783,0.031203236,0.031408597
7806_SERPING1_P1P2_ENSG00000149131,-0.011943611,0.031213947,0.009440669
7190_RBPJL_P1P2_ENSG00000124232,0.036005672,0.031215254,-0.008763876
10597_ZNF732_P1P2_ENSG00000186777,0.004178931,0.031238317,0.029909246
1301_CCDC86_P1P2_ENSG00000110104,0.12372948,0.031244084,0.07781695
577_ASCL5_P1P2_ENSG00000232237,0.013613478,0.03127734,-0.01942039
7359_RNF166_P2_ENSG00000158717,-0.026201617,0.031303715,0.014238001
5816_NRL_P1_ENSG00000129535,-0.019494178,0.031320687,0.017614448
292_AMHR2_P1P2_ENSG00000135409,0.005092753,0.031323213,0.01690962
4390_KIF2A_P1P2_ENSG00000068796,0.0010428961,0.031339657,0.024570044
271_ALG5_P1P2_ENSG00000120697,-4.472924e-06,0.031368297,0.027496167
4045_IFNAR2_P1P2_ENSG00000159110,-0.0021619215,0.03137314,0.040391173
3629_HAND2_P1_ENSG00000164107,-0.01594531,0.031387296,0.036911465
3411_GLUD2_P1P2_ENSG00000182890,-0.0029660761,0.03138834,0.0123359505
4421_KLF5_P1P2_ENSG00000102554,-0.014680403,0.03138869,0.020917797
9627_USF1_P1P2_ENSG00000158773,0.027412586,0.03139251,0.010413087
2084_DCXR_P1P2_ENSG00000169738,-0.009029687,0.03139788,-0.0050653303
1885_CRYAB_P2_ENSG00000109846,0.012728721,0.03143828,0.0075977496
10743_ZYG11B_P1P2_ENSG00000162378,0.008452149,0.031440273,-0.008778355
7067_RAD51B_P1P2_ENSG00000182185,-0.05787391,0.031455327,0.055278175
1405_CDC42SE2_P1P2_ENSG00000158985,-0.011389333,0.03146328,0.013597672
9661_USP44_P2_ENSG00000136014,-0.022873962,0.031489227,-0.036389317
9502_UBE2F_P1P2_ENSG00000184182,0.043809414,0.031496353,0.014079171
8959_TM9SF1_P1_ENSG00000100926,0.033361048,0.03149791,0.049357634
1163_CAMK1_P1P2_ENSG00000134072,-0.0029285748,0.03151684,0.016823169
10372_ZNF44_P1P2_ENSG00000197857,0.014444107,0.031522565,0.006770467
5129_MND1_P1P2_ENSG00000121211,-0.017362356,0.031549778,0.017469283
9336_TSEN15_P1P2_ENSG00000198860,-0.051908836,0.031571157,0.024754575
9903_XRCC1_P1P2_ENSG00000073050,-0.02952907,0.031574048,0.028903663
1377_CD7_P1P2_ENSG00000173762,0.0032731832,0.031578925,0.01609706
2334_DOLK_P1P2_ENSG00000175283,-0.006269815,0.03159685,0.017386181
738_B4GALT5_P1P2_ENSG00000158470,0.02213735,0.031605624,0.053038064
7121_RASA3_P1P2_ENSG00000185989,-0.0048684347,0.03162383,0.050362967
4225_ITGAV_P1P2_ENSG00000138448,0.018554153,0.031629495,0.01667422
5417_N4BP1_P1P2_ENSG00000102921,-0.016529914,0.03165038,0.0042190985
10544_ZNF676_ENST00000397121.2_ENSG00000196109,-0.011243343,0.031658057,0.020483267
4699_LSS_P1P2_ENSG00000160285,0.011621582,0.031672448,0.0071387836
7115_RARG_P2_ENSG00000172819,0.0035631326,0.031682033,0.031713
8591_SUN1_P1_ENSG00000164828,0.009503268,0.031703863,0.0025387541
8303_SP110_P1P2_ENSG00000135899,0.00039245523,0.03171054,0.007715891
8754_TBX2_P1P2_ENSG00000121068,0.0065421006,0.03174463,0.02457915
9302_TRMT10C_P1P2_ENSG00000174173,-0.06887092,0.031786576,0.024090644
2308_DNASE1L1_P2_ENSG00000013563,-0.025776291,0.031787664,0.036789767
9563_UCHL5_P1P2_ENSG00000116750,0.02215226,0.031808414,0.021465594
2935_DIPK1B_P1P2_ENSG00000165716,-4.8660662e-05,0.031809334,0.009412651
4412_KLF14_P1P2_ENSG00000266265,0.010274776,0.031831894,0.033386167
8997_TMEM131_P1P2_ENSG00000075568,0.014867336,0.03184915,-0.0041704043
4460_KPNA3_P1P2_ENSG00000102753,-0.002171013,0.0318695,0.0103353625
645_ATP1A1_P1P2_ENSG00000163399,0.11955268,0.03188757,0.147281
5268_MRPS7_P1P2_ENSG00000125445,0.0153544005,0.03189339,0.029029824
7462_RPL35A_P1P2_ENSG00000182899,0.05330952,0.03190884,0.0012501011
6923_PTPN11_P1P2_ENSG00000179295,0.01606941,0.031912807,0.029618656
1760_COMMD3_P1P2_ENSG00000148444,-0.011977827,0.03192277,0.013342561
987_CCDC32_P1P2_ENSG00000128891,-0.022477578,0.031943314,0.014335054
534_ARPC1B_P1P2_ENSG00000130429,-0.07992682,0.031945746,0.06563062
3860_HNRNPAB_P1P2_ENSG00000197451,0.017531287,0.031965286,0.016012376
3721_HIC1_P1P2_ENSG00000177374,0.0038337503,0.03196676,0.03343731
1080_C2orf69_P1P2_ENSG00000178074,-0.0035115804,0.03196942,0.0136078065
7901_SHPK_P1P2_ENSG00000197417,-0.019547973,0.03197518,-0.006118395
7421_RPAIN_P1P2_ENSG00000129197,-0.012497052,0.03198006,-0.007242939
8347_SPEN_P1P2_ENSG00000065526,0.013891715,0.03199095,0.010391189
302_ANAPC11_P1P2_ENSG00000141552,0.0037852006,0.03199493,0.03330727
330_ANKRD13D_P1P2_ENSG00000172932,-4.122719e-05,0.032023773,0.008278279
4066_IGF2BP2_P1P2_ENSG00000073792,0.017210625,0.032026302,0.025620716
6108_PCBD1_P1P2_ENSG00000166228,0.0018137262,0.032031942,-0.012091357
8477_ST7L_P1P2_ENSG00000007341,-0.003995169,0.032033898,0.015970137
10608_ZNF75A_P1P2_ENSG00000162086,0.005557136,0.03204118,-0.0011519827
2432_DYRK1A_ENST00000398960.2_ENSG00000157540,-0.0034207955,0.032069515,0.011196888
7078_RAF1_P1P2_ENSG00000132155,0.024643768,0.03209202,0.031220483
63_ACAA1_P1P2_ENSG00000060971,0.009379528,0.03209745,0.001599763
1551_CHCHD4_P1P2_ENSG00000163528,-0.06739348,0.032112524,0.05200975
2144_DEGS1_P1P2_ENSG00000143753,-0.0152404,0.032134045,0.010327418
9805_WDR13_P1P2_ENSG00000101940,-0.010576193,0.032154534,0.0052674315
4996_METTL18_P1P2_ENSG00000171806,-0.009170918,0.032156155,0.006471919
4084_IKZF3_P1P2_ENSG00000161405,0.01395239,0.03216641,0.021594686
1654_CLIC2_P1P2_ENSG00000155962,-0.013359296,0.03217102,0.024023885
3720_HIBCH_P1P2_ENSG00000198130,-0.0008669109,0.03221233,0.02785531
651_ATP2C1_P1P2_ENSG00000017260,-0.0005906004,0.032227732,-0.0194386
3764_HIST1H2BG_ENST00000244601.3_ENSG00000273802,-0.019050648,0.0322587,0.00576066
435_ARCN1_P1P2_ENSG00000095139,-0.027697654,0.032259192,0.021146763
5328_TESMIN_P1P2_ENSG00000132749,0.027457563,0.032273974,0.041598335
1168_CAMSAP1_P1P2_ENSG00000130559,-0.011435428,0.032292258,0.024428
4113_IMPDH1_P2_ENSG00000106348,-0.000475226,0.032314543,0.026969971
10204_ZNF20_P1_ENSG00000132010,0.01908897,0.03233764,0.008737842
8647_TADA1_P1P2_ENSG00000152382,0.042394117,0.032346457,0.00093690853
2319_DNPH1_P1P2_ENSG00000112667,-0.0035576262,0.032355618,0.021437408
7263_RFX6_P1P2_ENSG00000185002,0.04504652,0.03236931,0.061640713
6201_PDXDC1_P1P2_ENSG00000179889,-0.0072003882,0.032396104,-0.011062642
5312_MTFR1_P1P2_ENSG00000066855,-0.0053066085,0.032418877,0.07202828
1962_CUL3_P1P2_ENSG00000036257,0.031220805,0.03242511,0.02260932
3448_GNPAT_P1P2_ENSG00000116906,0.05775699,0.032425966,0.07036604
8411_SRI_P2_ENSG00000075142,-0.0028292853,0.032428287,0.032943975
1409_CDC6_P1P2_ENSG00000094804,0.005782218,0.032429527,0.060861085
5669_NINJ1_P1P2_ENSG00000131669,0.028073443,0.032438178,0.057581317
9535_UBL7_P2_ENSG00000138629,0.021441545,0.03244077,-0.031469833
10353_ZNF430_P1P2_ENSG00000118620,0.006744683,0.032474134,0.043657456
1385_CDAN1_P1P2_ENSG00000140326,0.026022946,0.03247718,-0.0005908067
2699_ERCC6L2_P1P2_ENSG00000182150,0.026904257,0.032479607,0.045335744
2674_EPN2_P2_ENSG00000072134,-0.020648293,0.032517888,0.039738502
4253_JMJD1C_P1P2_ENSG00000171988,-0.004973333,0.03256386,0.044369925
2894_TAFA2_P1_ENSG00000198673,-0.0043273238,0.032574795,0.0135043
3261_GALC_P1P2_ENSG00000054983,0.005056919,0.03260987,0.017329989
2475_EDC4_P1P2_ENSG00000038358,-0.0038364618,0.032629263,0.029940572
7843_SFSWAP_P1P2_ENSG00000061936,-0.026811965,0.03262967,-0.010197757
3371_GINS3_P1P2_ENSG00000181938,-0.038582902,0.032641202,0.03699283
4823_MAP7D3_P1P2_ENSG00000129680,-0.010237488,0.032654565,-0.021157738
9721_VEZF1_P1P2_ENSG00000136451,0.00074043113,0.032657642,0.053482015
6612_PPCDC_P1_ENSG00000138621,-0.00641651,0.0326822,0.016459916
5283_MSH6_P1P2_ENSG00000116062,-0.008380541,0.032697953,0.018721579
8119_SLC9B2_P1P2_ENSG00000164038,-0.0022879522,0.032699898,0.03487283
446_ARFGAP2_P1P2_ENSG00000149182,-0.009595748,0.032705843,0.022699418
8371_SPRED2_ENST00000443619.2_ENSG00000198369,-0.033083614,0.032708697,0.032122694
2295_DNAJC24_P1P2_ENSG00000170946,0.07489501,0.032716837,0.038976807
8600_SUPT7L_P1P2_ENSG00000119760,0.01255422,0.032730278,0.009986039
5836_NSUN6_P1P2_ENSG00000241058,-0.0015387811,0.0327429,0.0399425
3729_HIGD2A_P1P2_ENSG00000146066,-0.0068933205,0.032745596,0.01712836
9212_TPRKB_P1P2_ENSG00000144034,-0.0190641,0.032747038,0.018792128
7414_RORB_P1P2_ENSG00000198963,0.0048510493,0.03277219,0.026783783
2032_DAXX_P2_ENSG00000204209,-0.02062901,0.032780964,0.031245606
1651_CLEC2L_P1P2_ENSG00000236279,0.075568385,0.032802843,0.039817207
5783_NR1H3_P1_ENSG00000025434,0.007800395,0.03281832,0.029936349
1427_CDK17_P1P2_ENSG00000059758,-0.00023195737,0.032844137,0.018492373
2021_DAG1_P1P2_ENSG00000173402,0.027232176,0.03285124,0.030933741
10551_ZNF683_P1P2_ENSG00000176083,-0.0021195163,0.032862097,0.020681072
7830_SF3A1_P1_ENSG00000099995,-0.030429661,0.032868985,0.061886035
3985_HSPD1_P1P2_ENSG00000144381,-0.0139780175,0.03288371,0.041455626
2585_ELF2_P1P2_ENSG00000109381,-0.0029271268,0.03288945,0.014419694
1309_CCDC93_P1P2_ENSG00000125633,0.025225827,0.032930747,0.03231526
10928_non-targeting_non-targeting_non-targeting,-0.046380334,0.032995403,0.045857403
8601_SUPV3L1_P1P2_ENSG00000156502,-0.013879827,0.033007413,0.013662132
8649_TADA2B_P1P2_ENSG00000173011,0.050197806,0.033034667,-0.004178587
774_BAZ2B_P1P2_ENSG00000123636,0.007936038,0.033049393,0.02639045
4651_LRP8_P1P2_ENSG00000157193,-0.07574756,0.033067077,-0.048885845
1424_CDK12_P1P2_ENSG00000167258,0.043092202,0.033078574,0.010019419
4196_IRF9_P1P2_ENSG00000213928,0.040054,0.033093054,0.03684061
3866_HNRNPH1_P1P2_ENSG00000169045,0.012862771,0.03310875,0.03419124
6235_PEX7_P1P2_ENSG00000112357,-0.012168751,0.03311196,0.001300622
2008_CYP4F11_P1P2_ENSG00000171903,0.015730223,0.03314431,0.012927014
10539_ZNF670_P1P2_ENSG00000277462,-0.0023878533,0.03316134,0.06011667
8421_SRPK2_P2_ENSG00000135250,0.004252683,0.033162963,0.056416914
1564_CHD8_P2_ENSG00000100888,0.03874981,0.0331746,0.0019351229
2344_DPF3_P1P2_ENSG00000205683,-0.006639956,0.03319153,0.012787016
77_ACBD3_P1P2_ENSG00000182827,-0.008479364,0.03320283,-0.015663413
5038_MGAT4B_P1P2_ENSG00000161013,-0.013593422,0.033232477,0.024950588
5616_NEUROG2_P1P2_ENSG00000178403,-0.025693052,0.03323903,-0.008254
10006_ZBTB5_P1P2_ENSG00000168795,-0.048500165,0.033244602,-0.0070301592
931_BTN3A2_P1P2_ENSG00000186470,0.03030228,0.03325441,0.068908356
6839_PSIP1_P1P2_ENSG00000164985,0.021081014,0.03327041,0.008762906
6004_OVOL2_P1P2_ENSG00000125850,0.010566759,0.033273168,7.948323e-05
6997_R3HDM1_P1_ENSG00000048991,0.011503168,0.03332562,0.005708923
4740_M6PR_P1P2_ENSG00000003056,-0.011475213,0.033348892,0.02016428
9112_TMSB4X_P1_ENSG00000205542,-0.018073015,0.033355244,0.036912516
900_BRIP1_P1P2_ENSG00000136492,-0.002230663,0.0333564,0.023283036
4649_LRP5_P1P2_ENSG00000162337,0.0036298751,0.033356782,0.012455696
10922_non-targeting_non-targeting_non-targeting,0.032696523,0.033362355,0.026900005
10161_ZNF124_P1P2_ENSG00000196418,0.009880906,0.033366345,0.019748598
1123_STMP1_P1P2_ENSG00000243317,-0.021634862,0.033370197,0.021522323
3663_HDAC2_P1P2_ENSG00000196591,-0.043351274,0.033377614,-0.005813968
6093_PAX6_P1P2_ENSG00000007372,-0.003502301,0.033394627,0.02054021
7299_RHOXF2B_ENST00000371402.2_ENSG00000203989,0.014570609,0.033403285,0.005559455
5091_MKKS_P1P2_ENSG00000125863,0.019422423,0.033409484,0.023509447
4191_IRF5_P1_ENSG00000128604,0.00770128,0.033413183,0.035419974
9168_TOMM5_P1P2_ENSG00000175768,-0.030466769,0.033465557,0.015685875
7643_SAMD4B_P1P2_ENSG00000179134,-0.014587963,0.033483613,0.056071214
156_ADK_P2_ENSG00000156110,-0.003831019,0.033488266,0.0026166162
8239_SNX10_P1P2_ENSG00000086300,0.0039076763,0.03351802,0.008707551
6011_OXR1_ENST00000312046.6_ENSG00000164830,0.014470012,0.033530705,0.015896898
2409_DUSP3_P1P2_ENSG00000108861,-0.012087736,0.033543654,0.017768074
8168_SMG7_P1P2_ENSG00000116698,-0.036766354,0.033546664,-0.05857368
"8675_TAL1_ENST00000294339.3,ENST00000371883.3_ENSG00000162367",-0.0006085244,0.03355305,0.01896859
398_APEH_P1P2_ENSG00000164062,-0.024274912,0.03355574,0.0028092195
9806_WDR18_P1P2_ENSG00000065268,2.2588689e-05,0.033566535,0.034827955
4357_ICE1_P1P2_ENSG00000164151,-0.031032385,0.03357312,0.017088162
6813_PRR14_P1P2_ENSG00000156858,0.02559605,0.033603992,0.053955548
1212_CAST_P1_ENSG00000153113,0.04963358,0.033630185,0.017452272
8164_SMDT1_P1P2_ENSG00000183172,-0.007063451,0.033638384,0.019686598
4960_MEF2A_P1P2_ENSG00000068305,-0.013383505,0.033699572,-0.02399354
1516_CEP85_P1P2_ENSG00000130695,-0.0038612345,0.033703126,0.018351745
3101_FKBP8_P1P2_ENSG00000105701,0.011292827,0.03372113,0.0035183127
7510_RPS20_P1P2_ENSG00000008988,0.055877756,0.033743232,-0.012698
8162_SMCHD1_P1P2_ENSG00000101596,-0.004102652,0.033783488,-0.0074871075
7457_RPL29_P1P2_ENSG00000162244,0.014175568,0.03378479,0.04108312
4056_IFT52_P1P2_ENSG00000101052,0.01125589,0.033785596,0.02949177
1335_CCNL2_P1P2_ENSG00000221978,-0.008803633,0.033841707,0.002632651
1960_CUL1_P1P2_ENSG00000055130,0.0142995855,0.033869267,0.0065492373
3237_FZD5_P1P2_ENSG00000163251,-0.022967292,0.03387118,0.020672977
9935_YIPF6_P1P2_ENSG00000181704,0.010003454,0.033896536,0.012086672
190_AGO2_P1P2_ENSG00000123908,0.019041901,0.033909064,-0.0015700241
2852_FAM133B_P1P2_ENSG00000234545,0.0121791875,0.03391733,-0.00058184814
7400_RNGTT_P1P2_ENSG00000111880,0.006946348,0.033929724,0.03709523
3771_HIST1H2BO_P1P2_ENSG00000274641,-0.012999467,0.03393789,0.024160715
8024_SLC2A11_P1P2_ENSG00000133460,0.015857218,0.033952273,0.027401567
5169_MPLKIP_P1P2_ENSG00000168303,0.0015191619,0.033959605,0.00034568843
10955_non-targeting_non-targeting_non-targeting,0.024068065,0.03395985,0.019468565
6194_PDPR_P1P2_ENSG00000090857,0.009823883,0.033960074,0.025511282
8699_TATDN3_P1_ENSG00000203705,0.022052215,0.033963308,0.03607656
736_B4GALT3_P1P2_ENSG00000158850,-0.011192867,0.033971835,-0.02216289
1974_CWC27_P1P2_ENSG00000153015,0.0060654455,0.03398912,0.026217304
9820_WDR43_P1P2_ENSG00000163811,0.09698833,0.03401323,0.046437263
2109_DDX1_P1P2_ENSG00000079785,-0.015831586,0.03401809,0.013749393
4146_INTS1_P1P2_ENSG00000164880,-0.040765278,0.03405656,0.0061356425
9629_ATP5MD_P1P2_ENSG00000173915,0.06339195,0.03407158,0.033269297
8623_SYNC_P1P2_ENSG00000162520,-0.03459662,0.034089494,0.033738747
9606_UQCC2_P1P2_ENSG00000137288,-0.0068849274,0.034102466,-0.0033429237
4068_IGF2R_P1P2_ENSG00000197081,0.002646407,0.03410415,0.00949251
9451_TXNDC17_P1P2_ENSG00000129235,0.0047936253,0.034116402,0.008847004
5999_OTUD7B_P1P2_ENSG00000264522,-0.030278455,0.034119334,0.009116179
6504_POC1B_P1P2_ENSG00000139323,0.0032973124,0.034145776,0.013163633
10655_ZNF814_P1P2_ENSG00000204514,-0.02014836,0.03415034,0.021309474
992_TEDC2_P1P2_ENSG00000162062,-0.010494502,0.034167495,0.03512409
1129_SPOUT1_P1P2_ENSG00000198917,0.09366786,0.034172084,0.027937314
6294_PHF8_P1P2_ENSG00000172943,-0.021228839,0.034190275,0.0116254855
8770_ELOB_P1P2_ENSG00000103363,0.015459514,0.034203805,0.00019271573
1702_CMTR2_P1P2_ENSG00000180917,0.055694222,0.03422566,0.014920044
8572_SUCLG1_P1P2_ENSG00000163541,-0.03177643,0.034226235,0.09431949
3685_HECTD4_P1P2_ENSG00000173064,0.0063196803,0.03424617,0.033780932
10569_ZNF705B_ENST00000443676.1_ENSG00000215356,0.08930308,0.03425443,0.048003145
2090_DDHD1_P1P2_ENSG00000100523,0.04611704,0.034267284,0.029101353
5261_MRPS31_P1P2_ENSG00000102738,-0.00644397,0.03438249,0.036604714
6456_PLOD1_P1P2_ENSG00000083444,0.024429142,0.034401,0.019910203
10145_ZMYM3_P2_ENSG00000147130,-0.0014112461,0.034409013,0.01540938
6547_POLR2F_P1P2_ENSG00000100142,-0.062408965,0.034416504,0.025880374
8249_SNX24_P1P2_ENSG00000064652,-0.00349944,0.034420118,0.011670041
4507_LAMTOR3_P1P2_ENSG00000109270,-0.03438121,0.034432348,0.030751279
6964_PWWP2A_P1P2_ENSG00000170234,0.002312696,0.034446143,0.004975709
6719_PRCP_P2_ENSG00000137509,-0.013593225,0.034450956,0.007813523
8990_TMEM120B_P1P2_ENSG00000188735,0.016342994,0.034456626,0.00853162
5076_MINK1_P1P2_ENSG00000141503,-0.012609553,0.03446107,0.046931658
3455_GOLGA1_P1P2_ENSG00000136935,-0.025593173,0.034462377,0.0428941
8711_TBC1D20_P1P2_ENSG00000125875,-0.016973788,0.03446464,0.014898559
2004_CYP20A1_P1P2_ENSG00000119004,0.010194755,0.03447369,0.030372065
290_AMDHD2_P1P2_ENSG00000162066,0.000101282276,0.034493983,0.023380203
9241_TRAPPC10_P1P2_ENSG00000160218,-0.02370778,0.03450541,-0.049591374
9184_TOR1B_P1P2_ENSG00000136816,-0.027909568,0.034509916,0.00091765873
3780_HIST1H4E_P1P2_ENSG00000276966,-0.0025632833,0.034536764,0.054926705
7692_SCFD2_P1P2_ENSG00000184178,-0.011173175,0.034544684,0.058160737
5176_MPRIP_P1P2_ENSG00000133030,-0.007850798,0.034547716,0.0049493443
7188_RBMX_P1P2_ENSG00000147274,-0.04684295,0.034566592,0.030042978
1511_CEP70_P1P2_ENSG00000114107,-0.003698994,0.03459429,0.02438462
7675_SCAF1_P1P2_ENSG00000126461,-0.043442808,0.03461264,-0.0015121569
11124_non-targeting_non-targeting_non-targeting,-0.03009284,0.03461404,0.05823716
8721_TBC1D5_P1P2_ENSG00000131374,-0.026085991,0.03461949,0.03328102
4115_IMPDH2_P1P2_ENSG00000178035,0.028776327,0.034621958,0.0061514485
1026_MICOS13_P1P2_ENSG00000174917,-0.036653392,0.03463748,-0.007400084
9526_UBE3C_P1P2_ENSG00000009335,-0.059931483,0.034642696,0.026981313
198_AGPS_P1P2_ENSG00000018510,0.009740794,0.03465159,0.016426375
3730_HILPDA_P1P2_ENSG00000135245,-0.03262789,0.034661647,-0.010419821
6545_POLR2E_P2_ENSG00000099817,-0.0008072159,0.034662552,-0.010108777
10433_ZNF543_P1P2_ENSG00000178229,-0.0091121,0.034663074,0.03435911
4032_IER2_P1P2_ENSG00000160888,0.006052011,0.0346957,0.015132484
9151_TNPO3_P1P2_ENSG00000064419,0.012946159,0.034708176,0.007698229
6512_POLA1_P1P2_ENSG00000101868,-0.020177795,0.03470848,0.03343799
1486_CENPM_P1P2_ENSG00000100162,-0.017883755,0.03471881,-0.038829222
3747_HIST1H2AA_P1P2_ENSG00000164508,0.022602625,0.03472783,0.05963832
4856_MARS2_P1P2_ENSG00000247626,-0.037240975,0.034734733,0.011057603
10126_ZIM3_ENST00000269834.1_ENSG00000141946,-0.005234949,0.034739643,-0.0014874821
3602_GULP1_P1P2_ENSG00000144366,0.024213927,0.03474852,0.016327951
3741_HIRA_P1_ENSG00000100084,0.017354207,0.03479891,0.0017346876
3401_GLOD5_P1P2_ENSG00000171433,0.012061075,0.034809988,-0.022597091
7802_SERPINB1_P1P2_ENSG00000021355,0.051121082,0.034848206,0.075158454
2251_DMAP1_P1P2_ENSG00000178028,-0.105489045,0.034864817,-0.048304167
5909_NVL_P1P2_ENSG00000143748,0.10133114,0.034868646,0.05757623
10429_ZNF536_P1P2_ENSG00000198597,0.025998069,0.034888484,0.045274522
3919_HOXD10_P2_ENSG00000128710,0.0068210983,0.034896404,0.035194397
4997_METTL1_P1P2_ENSG00000037897,-0.010900707,0.034905255,0.032549687
9471_TBXT_P1P2_ENSG00000164458,0.0019722804,0.03490981,0.024501007
3024_FBXO45_P1P2_ENSG00000174013,0.028216183,0.034914486,0.043661125
10211_ZNF217_P1_ENSG00000171940,-0.0029030677,0.034915872,0.01767602
8354_SPI1_P1P2_ENSG00000066336,-0.019247493,0.034954056,0.068362996
9473_U2AF1_P1P2_ENSG00000160201,-0.030988367,0.034960855,0.0572413
1374_CD63_P1P2_ENSG00000135404,0.0032386477,0.034963228,0.04099291
4565_LGR4_P1P2_ENSG00000205213,-0.011895671,0.034966893,0.050065216
8826_TEX10_P1P2_ENSG00000136891,0.12403671,0.034988105,0.064224996
5243_MRPS12_P1P2_ENSG00000128626,-0.019969929,0.035017576,0.029684484
8192_SMURF1_P1P2_ENSG00000198742,-0.0035418067,0.03501861,0.009481206
1365_CD3EAP_P1P2_ENSG00000117877,0.16556938,0.035026867,0.078505374
7762_SELENOK_P1P2_ENSG00000113811,0.033700828,0.03505878,0.0071202246
6348_PIGW_P1P2_ENSG00000277161,-0.016790202,0.035069913,0.026085746
1793_COQ4_P1P2_ENSG00000167113,-0.008177282,0.035101958,0.0218075
10669_ZNF83_ENST00000541777.2_ENSG00000167766,-0.015341571,0.035102382,0.03919081
4694_LSM5_P2_ENSG00000106355,-0.042430006,0.03510707,0.015389604
6443_PLEKHG4_P2_ENSG00000196155,-0.0023657691,0.035107497,0.01901908
8346_SPEG_P1_ENSG00000072195,-0.011634214,0.035190415,0.061135497
4826_MAPK14_P1P2_ENSG00000112062,0.0070926156,0.035220217,0.0126233725
1489_CENPP_P1P2_ENSG00000188312,0.08884972,0.03522276,0.0549188
8259_SNX8_P1P2_ENSG00000106266,-0.012740934,0.03522315,0.017407062
2065_DCK_P1P2_ENSG00000156136,-0.047778558,0.03524622,-0.004659116
11263_non-targeting_non-targeting_non-targeting,0.0025962011,0.035254806,0.0061738426
8988_TMEM11_P1P2_ENSG00000178307,0.020906866,0.03525572,-0.013517162
9616_UQCRQ_P1P2_ENSG00000164405,-0.08220161,0.035259016,-0.015017387
10746_AC118549.1_P1P2_ENSG00000036549,0.08559718,0.035288025,0.062076412
3279_GANC_P1P2_ENSG00000214013,0.027930375,0.03532837,0.047409892
10093_ZFP64_P1P2_ENSG00000020256,-0.0050032777,0.03533509,0.017932527
7038_RAB6A_P1P2_ENSG00000175582,-0.027681336,0.035349585,0.04322883
2756_ETNK1_P1P2_ENSG00000139163,-0.0006744237,0.035406433,0.026690418
5751_NOP9_P1P2_ENSG00000196943,-0.012089577,0.035421904,0.014412438
5843_NT5DC2_P1P2_ENSG00000168268,-0.00093114155,0.03543424,0.023072027
3019_FBXO41_P1P2_ENSG00000163013,0.0077793547,0.035441652,0.024099197
2374_DRG2_P1P2_ENSG00000108591,-0.0068894196,0.035470776,0.031581756
3233_FYN_P1P2_ENSG00000010810,0.040624235,0.0354772,0.04528492
10276_ZNF302_P1P2_ENSG00000089335,-0.013086974,0.035493076,0.023912126
3937_HRAS_P1_ENSG00000174775,0.004535855,0.03549309,0.049647316
1835_CPNE8_P1P2_ENSG00000139117,-0.008228652,0.03552079,0.020824572
3832_HMGCR_P1P2_ENSG00000113161,-0.018419402,0.03553409,0.034078207
1903_CSNK1G3_P1P2_ENSG00000151292,-0.017757507,0.035535336,0.020001836
9926_YEATS4_P1P2_ENSG00000127337,-0.05683714,0.03554631,0.034799483
3679_HEATR5A_P1P2_ENSG00000129493,-0.011823275,0.035557672,0.0030621598
10188_ZNF17_P1P2_ENSG00000186272,-0.012605848,0.03556443,0.02762521
8275_SORT1_P1P2_ENSG00000134243,-0.0227084,0.035580963,0.12433449
9015_TMEM167A_P1P2_ENSG00000174695,-0.0046398174,0.03558968,0.022694511
7125_RASSF1_P1_ENSG00000068028,0.010733668,0.035598133,0.025714675
4897_MCM10_P1P2_ENSG00000065328,-0.062401537,0.0356124,0.02635389
5181_MPZ_P2_ENSG00000158887,0.0033444178,0.035635263,0.015577376
3361_GHDC_P1P2_ENSG00000167925,-0.012068018,0.035645332,0.020717049
4813_MAP3K6_P1P2_ENSG00000142733,-0.009940356,0.035693895,0.024471132
10118_ZIC1_P1P2_ENSG00000152977,-0.00349126,0.035698023,0.039780166
4215_IST1_P1P2_ENSG00000182149,0.04133338,0.03572505,-0.0024336204
2676_EPOR_P2_ENSG00000187266,-0.01247036,0.035790388,0.02674028
10439_ZNF550_P1P2_ENSG00000251369,-0.0062687816,0.035813387,0.03856923
1582_CHMP2B_P1P2_ENSG00000083937,0.005945187,0.035816547,0.039332528
2154_DENND5A_P1P2_ENSG00000184014,0.02111375,0.035855435,0.06367793
10263_ZNF281_P1P2_ENSG00000162702,-0.012231135,0.035867944,0.016208576
10636_ZNF786_P1P2_ENSG00000197362,0.01579452,0.035870053,0.03800486
1326_CCNE2_P1P2_ENSG00000175305,-0.0031113839,0.035891254,0.05009971
6049_PALM_P1P2_ENSG00000099864,0.0016733533,0.035904672,0.035517346
6544_POLR2D_P1_ENSG00000144231,0.0026506314,0.03591877,0.026542334
4986_METRNL_P1P2_ENSG00000176845,0.02328472,0.03596017,0.058837164
3994_HUWE1_P1P2_ENSG00000086758,0.0009171974,0.03596912,0.03557173
4117_INF2_P1P2_ENSG00000203485,0.017751154,0.035973,0.050078113
2975_FASN_P1P2_ENSG00000169710,0.0069407932,0.035978112,0.045081064
8242_SNX13_P1P2_ENSG00000071189,-0.019422648,0.03600959,0.012546434
7257_RFWD3_P1P2_ENSG00000168411,0.007908474,0.03603058,0.02802732
7092_RANBP1_P1P2_ENSG00000099901,-0.07131511,0.03605503,0.017160874
7210_RCOR1_P1P2_ENSG00000089902,0.0059207934,0.036057293,0.0076646223
4820_MAP4K5_P1P2_ENSG00000012983,-0.005545038,0.036060166,0.041285284
5937_OLIG1_P1P2_ENSG00000184221,0.0024825926,0.03610971,0.018209454
623_ATG4B_P1P2_ENSG00000168397,0.009676124,0.036118306,0.0435261
8273_SORBS3_P1P2_ENSG00000120896,0.015108075,0.03612252,0.044109505
10272_ZNF292_P1P2_ENSG00000188994,-0.001002747,0.036140464,0.015060026
8309_SP4_P1P2_ENSG00000105866,0.018759614,0.036152065,0.021690316
2351_DPH7_P1P2_ENSG00000148399,0.030139472,0.03616251,0.023612268
9619_URGCP_P1_ENSG00000106608,0.023176933,0.03620832,0.034343284
1640_CLCN3_P1P2_ENSG00000109572,-0.0007161222,0.036210474,-0.002204984
3628_HAND2_P2_ENSG00000164107,-0.031170983,0.036220547,-0.009661477
9313_TRMT61A_P1P2_ENSG00000166166,-0.037185464,0.03622594,-0.020216318
253_ALDH18A1_P1P2_ENSG00000059573,-0.009234827,0.036237374,0.036784664
10929_non-targeting_non-targeting_non-targeting,0.0060780756,0.03628431,0.018496998
6953_PURG_P1P2_ENSG00000172733,0.033163954,0.03628533,0.039898433
8110_SLC7A6_P1P2_ENSG00000103064,-0.028870018,0.036289223,-0.0013029838
9214_TPRX1_ENST00000535759.1_ENSG00000178928,0.022078373,0.036307644,0.022109408
3395_GLIS1_ENST00000312233.2_ENSG00000174332,0.08655844,0.036308415,0.021281855
6677_PPP1R9B_P1P2_ENSG00000108819,-0.0042661997,0.036312934,0.036443587
8039_SLC35A3_P1P2_ENSG00000117620,-0.036913473,0.03633215,0.0077448697
8531_STOML2_P1P2_ENSG00000165283,-0.019877583,0.03634342,0.035098925
10144_ZMYM3_P1_ENSG00000147130,0.005019641,0.036353465,-0.0074728816
947_C11orf1_P1P2_ENSG00000137720,-0.024936317,0.036363337,0.0022875194
9798_BUD23_P1P2_ENSG00000071462,0.09171739,0.036367062,-0.0014520327
9905_XRCC3_P1P2_ENSG00000126215,-0.028399823,0.036394667,-0.048076026
9111_TMSB4X_P2_ENSG00000205542,0.007872856,0.03640365,0.004572974
1141_CAAP1_P1P2_ENSG00000120159,0.029345138,0.0364069,0.00018488467
9223_TRABD_P1_ENSG00000170638,-0.008713613,0.03641347,0.016418949
2578_EIF5_P1_ENSG00000100664,-0.033282876,0.03644158,0.04270412
6849_PSMB1_P1P2_ENSG00000008018,-0.024933465,0.03645704,-0.027289001
9618_URB2_P1P2_ENSG00000135763,0.058166444,0.0364573,0.029634781
993_VPS35L_P1P2_ENSG00000103544,0.026569672,0.03645982,0.024630997
266_ALG14_P1P2_ENSG00000172339,-0.039737135,0.036501806,0.017834963
6800_PRPF4B_P1P2_ENSG00000112739,-0.049083427,0.03650895,0.021144098
7260_RFX3_P1P2_ENSG00000080298,0.0016210942,0.036520742,0.023876969
2331_DOK3_P1P2_ENSG00000146094,0.008661903,0.036538925,0.018500099
2990_FBRS_P1P2_ENSG00000156860,0.027822712,0.03656649,0.021061761
6271_PHACTR2_P1P2_ENSG00000112419,-0.02780678,0.036574926,0.030714897
1987_CYB561D2_P1P2_ENSG00000114395,0.012599933,0.03661441,0.030689063
2523_EID1_P1P2_ENSG00000255302,-0.010283465,0.036618654,0.0046152156
8331_SPC24_P1P2_ENSG00000161888,-0.024655607,0.03662518,-0.062223602
1744_COG5_P1P2_ENSG00000164597,-0.006670516,0.036626242,0.0049593383
9224_TRABD_P2_ENSG00000170638,0.008667253,0.03664703,0.040301498
329_ANKRD13C_P1P2_ENSG00000118454,0.010610615,0.036684357,0.03735095
4864_MAT2B_P2_ENSG00000038274,0.0041139824,0.03671189,0.0321009
8725_TBCB_P1P2_ENSG00000105254,-0.05430511,0.036737647,0.015941266
2563_EIF4E2_P1P2_ENSG00000135930,-0.0015827003,0.036742356,0.029438695
1350_CCT6A_P1P2_ENSG00000146731,-0.03800517,0.036761303,-0.02098047
7140_RBBP4_P1P2_ENSG00000162521,-0.07151563,0.03676839,0.011433943
10230_ZNF235_P1P2_ENSG00000159917,0.008962701,0.036797706,0.018915363
5948_OPN3_P1P2_ENSG00000054277,-0.003550723,0.03679894,0.04029647
8051_SLC35F2_P1P2_ENSG00000110660,0.039413787,0.036799688,-0.006560448
9812_WDR26_P1P2_ENSG00000162923,-0.01486113,0.036808133,0.011490492
7851_SGK1_P1_ENSG00000118515,-0.032678965,0.0368294,-0.0058897207
357_ANXA11_P1P2_ENSG00000122359,-0.009923349,0.03684477,0.00059006835
5354_MMUT_P1P2_ENSG00000146085,-0.004719472,0.036852274,0.04196809
4802_MAP2K3_P1P2_ENSG00000034152,-0.017131438,0.03685321,-0.0179685
8142_SMARCA4_P1P2_ENSG00000127616,0.02759459,0.036884867,0.078699
9641_USP21_P1P2_ENSG00000143258,-0.0010848559,0.03692267,0.014394583
789_BCCIP_P1P2_ENSG00000107949,0.044578943,0.03693535,0.026857203
3219_FUNDC1_P1P2_ENSG00000069509,0.011953994,0.03693793,0.025152119
7201_RCC2_P2_ENSG00000179051,-0.0066892453,0.03696228,0.065302305
10663_ZNF830_P1P2_ENSG00000198783,0.04503126,0.036966935,-0.0055847485
4646_LRIG2_P1P2_ENSG00000198799,-0.026596911,0.03697687,0.023264913
3861_HNRNPC_P1P2_ENSG00000092199,-0.027031649,0.03699299,-0.014255827
3656_HCCS_P1P2_ENSG00000004961,-0.045144085,0.036995783,0.021477846
7153_RBM12B_P1P2_ENSG00000183808,-0.0074630175,0.037010092,0.023446854
5507_NCOA3_P1P2_ENSG00000124151,0.01880292,0.037020724,0.011594824
624_ATG4C_P1P2_ENSG00000125703,0.002340909,0.037030097,0.01965796
5943_ONECUT3_P1P2_ENSG00000205922,-0.023005186,0.03706098,0.059589617
118_ACTR8_P1P2_ENSG00000113812,0.052207254,0.0370698,0.05440598
2748_ESYT2_P1P2_ENSG00000117868,-0.020812687,0.03707787,-0.04331212
4403_KIT_P1P2_ENSG00000157404,-0.008863271,0.037086066,0.030370168
7327_RNASE1_P1P2_ENSG00000129538,-0.056842126,0.037088078,0.04235932
10190_ZNF181_P1P2_ENSG00000197841,-0.019410955,0.03711279,0.027140202
3531_GRB2_P1_ENSG00000177885,0.04581481,0.0371174,0.021917798
9119_TMX4_P1P2_ENSG00000125827,0.007078967,0.037136957,0.046828315
7551_RRAGD_P1P2_ENSG00000025039,0.018242938,0.037167437,0.01771581
6113_PCBP4_P2_ENSG00000090097,0.030873843,0.037242897,0.012835746
7384_RNF25_P2_ENSG00000163481,0.016186124,0.037251603,0.038868632
904_BRMS1_P1P2_ENSG00000174744,-0.01322344,0.037258152,0.017621584
8788_TCFL5_P1P2_ENSG00000101190,-0.0052523795,0.03732989,0.07471553
732_B4GALNT1_P1P2_ENSG00000135454,-0.012113724,0.037336692,-0.049394242
3088_FIS1_P2_ENSG00000214253,-0.014360004,0.0373803,0.023931822
5364_MXRA8_P1P2_ENSG00000162576,-0.090071894,0.037387583,0.07317398
6451_PLIN2_P1_ENSG00000147872,0.015767312,0.03740612,0.057808332
1413_CDCA3_P1P2_ENSG00000111665,-0.015783679,0.037406575,0.044836167
7324_RMND1_P1P2_ENSG00000155906,0.031961143,0.03742527,0.056101628
4778_MAGOH_P1P2_ENSG00000162385,0.02166956,0.037433423,-0.016271643
8823_TET1_P1P2_ENSG00000138336,0.014396033,0.03743856,0.055596717
2510_EGR1_P1_ENSG00000120738,0.072341494,0.037456587,0.048739552
10284_ZNF320_P1P2_ENSG00000182986,0.011000865,0.037464753,0.029921101
4568_LHX2_P1P2_ENSG00000106689,0.021777086,0.037468586,-0.027002564
3159_FOXG1_P1P2_ENSG00000176165,0.020177957,0.037479475,0.040269993
8195_SMYD3_P1P2_ENSG00000185420,0.0074021067,0.03749015,0.007760954
256_ALDH1B1_P1P2_ENSG00000137124,0.0026374003,0.03750588,0.008158835
1979_CXXC1_P1P2_ENSG00000154832,0.12805942,0.03752281,0.0026628196
6353_PIK3CA_P1P2_ENSG00000121879,-0.040590554,0.03752692,-0.012009287
3427_GMPS_P1P2_ENSG00000163655,0.036607683,0.037527364,-0.030562032
4271_KANSL2_P1P2_ENSG00000139620,-0.07307021,0.037529364,0.039024003
1445_CDKL1_P1P2_ENSG00000100490,0.0017031681,0.03752985,0.019787602
423_APPL1_P1P2_ENSG00000157500,-0.015938215,0.03757998,0.03802336
6958_PUS7_P1P2_ENSG00000091127,-0.08391328,0.037584044,0.092740625
1642_CLCN7_P1P2_ENSG00000103249,0.01833142,0.037592277,0.017178364
10244_ZNF260_P1P2_ENSG00000254004,-0.044905998,0.037597306,-0.023996126
8626_SYNGR3_P1P2_ENSG00000127561,0.008007283,0.037614144,0.007907932
2747_ESYT1_P1_ENSG00000139641,-0.05710388,0.03761673,0.12452761
8744_TBRG4_P1P2_ENSG00000136270,0.171936,0.037630487,0.08294633
7220_RECQL5_P1P2_ENSG00000108469,0.002417532,0.037646953,0.013398394
572_ASCC3_P1P2_ENSG00000112249,-0.12166411,0.037656944,-0.0923127
1391_CDC23_P1P2_ENSG00000094880,-0.00030957803,0.037661802,-0.018559018
3453_GNPTG_P1P2_ENSG00000090581,0.011792011,0.03766379,0.034516253
1166_CAMKMT_P1P2_ENSG00000143919,-0.013947347,0.037691984,0.02056923
7286_RHEBL1_P1P2_ENSG00000167550,0.019182876,0.037816502,0.04763507
2296_DNAJC25_P1P2_ENSG00000059769,-0.02568101,0.03784618,0.053859916
1193_CARHSP1_P1P2_ENSG00000153048,-0.020079134,0.037862364,0.01003493
10209_ZNF214_P1P2_ENSG00000149050,-0.0033252703,0.037899684,0.0326897
9290_TRIOBP_P2_ENSG00000100106,0.03253699,0.03790512,0.05143958
6979_PYROXD1_P1P2_ENSG00000121350,-0.019276619,0.037916403,0.0074940533
3178_FOXO3_P2_ENSG00000118689,0.008427085,0.037916698,0.016539922
5229_MRPL46_P1P2_ENSG00000259494,-0.092464626,0.03799469,0.011550063
1397_CDC34_P1P2_ENSG00000099804,0.013569216,0.03801165,0.017712576
9218_TPT1_P1P2_ENSG00000133112,0.042833492,0.03804837,0.01682386
9188_TOX4_P1P2_ENSG00000092203,-0.0013767871,0.03806237,0.049485136
6089_PAX2_P1P2_ENSG00000075891,0.008891381,0.038066097,0.052984145
8373_SPRY1_P1P2_ENSG00000164056,0.06976126,0.03806938,0.04234391
7797_SERGEF_P1P2_ENSG00000129158,-0.0025207605,0.038078655,0.0018964986
6823_PRRX1_P2_ENSG00000116132,-0.0090719955,0.038127813,0.012125985
3303_GBA2_P1P2_ENSG00000070610,0.040069334,0.03812957,0.04543831
7152_RBM10_P1P2_ENSG00000182872,-0.023732996,0.038139604,0.029925756
10110_ZFYVE28_P1P2_ENSG00000159733,0.0063453508,0.038188856,0.025140371
4476_KRT18_P1P2_ENSG00000111057,-0.00023946352,0.038205795,0.01084786
4978_MESD_P1P2_ENSG00000117899,-0.010146362,0.03825816,0.022867965
5726_NOB1_P1P2_ENSG00000141101,0.078902744,0.03829799,0.050720807
9405_TTL_P1P2_ENSG00000114999,0.009011659,0.03833517,0.021114876
3467_GOLIM4_P1P2_ENSG00000173905,-0.0421456,0.038389124,0.017088898
10092_ZFP62_P1P2_ENSG00000196670,-0.02093325,0.038397077,0.009161478
10997_non-targeting_non-targeting_non-targeting,0.00053172087,0.038399994,0.025144279
4764_MAGEB1_P2_ENSG00000214107,-0.0025786974,0.0384,0.021102615
6010_OXNAD1_P1_ENSG00000154814,0.0021334216,0.03842923,0.022231257
2902_FAM210A_P1P2_ENSG00000177150,-0.025027849,0.03846167,0.042900223
8078_SLC39A7_P1P2_ENSG00000112473,-0.014652392,0.038491804,-0.0026230265
7722_SDF4_P1P2_ENSG00000078808,-0.021066474,0.038510773,0.03172996
2974_FARSB_P1P2_ENSG00000116120,-0.11988269,0.038515024,0.08210652
7686_SCAP_P1P2_ENSG00000114650,-0.029048327,0.03851704,-0.0035166314
10294_ZNF331_P1_ENSG00000130844,-0.018746665,0.038529232,0.004701526
7237_REST_P2_ENSG00000084093,-0.013217588,0.03853162,0.021937346
9216_TPST2_P1_ENSG00000128294,0.0040228777,0.038550988,0.034193497
4859_MAST1_P1_ENSG00000105613,0.029768346,0.038556933,0.03921063
7358_RNF157_P1P2_ENSG00000141576,-0.0072377087,0.038562536,0.021853315
4464_KPNB1_P1P2_ENSG00000108424,0.005471733,0.03857192,0.011055012
1846_CPT1A_P1P2_ENSG00000110090,-0.0036610751,0.0386045,0.015429979
2089_DDB2_P1P2_ENSG00000134574,0.03203572,0.038640067,0.09018665
3925_HOXD3_P1P2_ENSG00000128652,-0.013334186,0.03864549,0.0418439
6059_TENT2_P1P2_ENSG00000164329,-0.04237118,0.038650226,-0.03581577
5690_NKX2-1_P1P2_ENSG00000136352,-0.006448865,0.038657665,-0.004427756
2333_DOK4_P1_ENSG00000125170,-0.011944423,0.038665395,0.023332078
7214_RDH11_P1P2_ENSG00000072042,-0.007999484,0.03869501,0.011120135
4595_LIN54_P1_ENSG00000189308,-0.027482323,0.03869692,-0.00022895336
8233_SNRPG_P1P2_ENSG00000143977,-0.019585142,0.038768373,0.06748362
2031_DAXX_P1_ENSG00000204209,0.020552114,0.038776945,0.042647697
2172_ESS2_P1P2_ENSG00000100056,0.006437242,0.038804054,0.012830611
3526_GRAMD4_ENST00000361034.3_ENSG00000075240,0.0153768435,0.038831756,0.03247098
8154_SMARCE1_P1P2_ENSG00000073584,-0.041592225,0.038864482,0.07888298
10064_ZFAND1_P1_ENSG00000104231,0.03684923,0.03886988,0.03166381
1677_CLSPN_P1P2_ENSG00000092853,-0.027859196,0.038876485,-0.0044141454
6383_PITRM1_P1P2_ENSG00000107959,-0.02344005,0.038894106,0.05566429
10691_ZNF8_P1P2_ENSG00000278129,-0.02643592,0.038898047,0.0037791755
10766_non-targeting_non-targeting_non-targeting,0.019336088,0.03892226,0.015551211
5301_MTA3_P1P2_ENSG00000057935,0.020135384,0.038926993,0.02921745
8525_STK40_P1P2_ENSG00000196182,-0.016746348,0.038956683,0.046623286
5659_NGDN_P1P2_ENSG00000129460,0.19598897,0.03897805,-0.026370423
2074_DCTN2_P1P2_ENSG00000175203,-0.0073849116,0.038991522,0.03526475
8676_TAL2_ENST00000334077.3_ENSG00000186051,-0.0013162056,0.0389952,0.035305373
3082_FH_P1P2_ENSG00000091483,-0.02629232,0.0390225,0.008275816
1688_CMAS_P1P2_ENSG00000111726,-0.015092792,0.03903409,0.07354667
8722_TBC1D7_P1P2_ENSG00000145979,0.0065087904,0.03904657,0.04580485
1721_CNOT6_P1P2_ENSG00000113300,-0.027049886,0.039062873,0.05593198
7158_RBM15B_P1_ENSG00000259956,-0.009061547,0.03911632,0.020826383
7754_SEC62_P1P2_ENSG00000008952,-0.03475632,0.039135788,0.0413395
1438_CDK5_P1P2_ENSG00000164885,0.039970636,0.03914663,0.017421747
6268_PGS1_P1P2_ENSG00000087157,-0.04369227,0.03914817,0.07242862
1504_CEP350_P1P2_ENSG00000135837,-0.057072893,0.03915967,0.0129262805
7385_RNF25_P1_ENSG00000163481,-0.030085897,0.03922373,0.06181449
9565_UCK2_P1P2_ENSG00000143179,-0.0046174084,0.039259486,0.02447102
6842_PSMA2_P1P2_ENSG00000106588,-0.015811298,0.039260533,0.0068437676
2527_EIF1AX_P1P2_ENSG00000173674,-0.07635884,0.039264377,0.042984903
4725_LYPLA2_P1P2_ENSG00000011009,0.022567414,0.039267182,0.026688356
5580_NECAB3_P1_ENSG00000125967,0.004803316,0.039288048,0.029552108
4107_IMP3_P1P2_ENSG00000177971,0.0074995924,0.039288398,0.031488772
5879_NUFIP1_P1P2_ENSG00000083635,0.085771315,0.039303135,0.06523134
2148_DENND2D_P1_ENSG00000162777,-0.028006312,0.039325017,0.016123613
7638_SALL1_P1P2_ENSG00000103449,-0.06009316,0.0393367,0.029383203
958_C11orf80_P1P2_ENSG00000173715,-0.017272968,0.03933738,0.0033259115
8668_TAF6_P1P2_ENSG00000106290,0.05991981,0.039385423,0.021989707
141_ADAT3_P1_ENSG00000213638,-0.0078001325,0.03940092,0.046198048
8621_SYMPK_P1P2_ENSG00000125755,-0.036066864,0.03940158,0.047951978
2120_DDX41_P1P2_ENSG00000183258,-0.05542537,0.0394072,-0.0049301046
2765_ETV5_P1P2_ENSG00000244405,-0.05679355,0.03943774,0.05298884
8656_TAF1A_P1P2_ENSG00000143498,0.14167333,0.039475698,0.022117568
1898_CSNK1A1_P1P2_ENSG00000113712,-0.051132172,0.039501168,-0.008280692
6717_PRCC_P1P2_ENSG00000143294,-0.013776325,0.039514363,-0.007583787
5737_NOL8_P1P2_ENSG00000198000,0.12511449,0.039526742,0.0610571
2526_EIF1AD_P1P2_ENSG00000175376,0.023005828,0.03953815,0.028742492
4356_KIAA0930_P1_ENSG00000100364,-0.021580575,0.03954046,0.025090396
3450_GNPDA2_P1P2_ENSG00000163281,0.013968693,0.039550584,0.021386137
7193_RBX1_P1P2_ENSG00000100387,-0.037428357,0.039553132,0.10216545
10476_ZNF583_P1P2_ENSG00000198440,0.0032246213,0.039580513,0.025146175
4088_IK_P1_ENSG00000113141,0.009840301,0.03961483,0.031526364
10375_ZNF45_P1P2_ENSG00000124459,0.0009085878,0.039668385,-0.013444451
4847_MARCH7_P1P2_ENSG00000136536,-0.0062066484,0.039743233,-0.019666126
4780_MAK16_P1P2_ENSG00000198042,0.12291744,0.03975246,0.016106656
867_BOD1L1_P1_ENSG00000038219,-0.015566676,0.03977948,0.060779877
8141_SMARCA2_P1P2_ENSG00000080503,0.006050479,0.039813653,0.014415202
640_ATP11B_P1P2_ENSG00000058063,-0.008888123,0.039819725,0.0445871
9856_WDYHV1_P1P2_ENSG00000156795,0.00050737424,0.03983761,0.02723314
8850_TFEB_P2_ENSG00000112561,0.012584139,0.039943654,0.03748689
7442_RPL18A_P1P2_ENSG00000105640,0.13489859,0.04000165,0.052848063
6747_PRIM1_P1P2_ENSG00000198056,-0.022384448,0.040083285,0.024134977
6835_PSD4_P1P2_ENSG00000125637,-0.0062368154,0.040085245,0.030931
6589_POU2F3_P2_ENSG00000137709,0.0106089525,0.040090263,-0.014342034
5120_MMAB_P1P2_ENSG00000139428,-0.00901856,0.04009535,0.007522077
4834_MAPKAP1_P2_ENSG00000119487,-0.012207443,0.040128127,0.0063349265
9941_YOD1_P1P2_ENSG00000180667,-0.021978065,0.040135287,-0.0049781664
11205_non-targeting_non-targeting_non-targeting,0.004803138,0.04015173,0.013621076
5365_MYBBP1A_P1P2_ENSG00000132382,0.09764414,0.04019943,0.034401037
3740_HIRA_P2_ENSG00000100084,-0.030633638,0.040203527,-0.023258094
8424_SRRM1_P1P2_ENSG00000133226,-0.04361545,0.040210154,0.06830247
5517_NCSTN_P1P2_ENSG00000162736,-0.017489541,0.040237695,0.027049562
1993_CYB5R2_P1P2_ENSG00000166394,-0.018870367,0.040253855,0.01355873
638_ATOX1_P1P2_ENSG00000177556,-0.033933185,0.04028436,-0.003561542
722_AZIN1_P1P2_ENSG00000155096,-0.010957986,0.040303968,0.035197213
5078_MINPP1_P1P2_ENSG00000107789,-0.028670158,0.040339485,0.03782113
5281_MSH3_P1P2_ENSG00000113318,-0.014584359,0.040370457,0.021239182
9529_UBE4B_P1P2_ENSG00000130939,0.0023930648,0.040384077,-0.0034846377
10442_ZNF554_P1P2_ENSG00000172006,0.048250683,0.040385414,0.04616307
10100_ZFP92_ENST00000338647.5_ENSG00000189420,-0.010069129,0.04039289,0.04668438
5058_MICA_P1P2_ENSG00000204520,0.013126729,0.04047322,0.03857948
524_ARMC7_P1P2_ENSG00000125449,-0.0025518169,0.04050067,0.061658636
8689_TAPT1_P1P2_ENSG00000169762,-0.0025048978,0.04050306,0.070072055
9849_WDR83_P2_ENSG00000123154,-0.022269672,0.040531762,0.027212324
1527_CES2_P1_ENSG00000172831,0.03049338,0.040537324,0.01117606
4918_MDM1_P1P2_ENSG00000111554,-0.03501852,0.040584896,-0.0028100589
8979_TMED8_P1P2_ENSG00000100580,0.0070878994,0.04059509,0.02900861
653_ATP5F1A_P1_ENSG00000152234,-0.11443031,0.040596597,0.05693674
3458_GOLGA4_P1P2_ENSG00000144674,0.007038692,0.04064946,0.008371426
9739_VPS13B_P1P2_ENSG00000132549,-0.016194237,0.04065549,0.03847472
1099_TMEM267_P1P2_ENSG00000151881,-0.021038622,0.040672094,0.050373115
7853_SGK3_ENST00000521198.2_ENSG00000104205,0.011628252,0.040679738,0.036163118
8505_STEAP3_P1P2_ENSG00000115107,-0.009833306,0.040686123,0.03784605
9922_YBX2_P1P2_ENSG00000006047,-0.0023127552,0.040717132,0.031022787
8976_TMED4_P1P2_ENSG00000158604,-0.05734455,0.04071937,0.018770935
78_ACBD5_P1P2_ENSG00000107897,-0.009781805,0.04074816,5.520517e-05
5065_MIDN_P2_ENSG00000167470,0.018915089,0.040759042,0.02909324
7902_SHPRH_P1P2_ENSG00000146414,0.01876607,0.040785544,0.02599674
4599_LIPH_P1P2_ENSG00000163898,-0.007224848,0.04078629,0.02068591
6105_PBX3_P1P2_ENSG00000167081,-0.015770067,0.040787634,0.028553609
3981_HSPB11_P1P2_ENSG00000081870,0.028619248,0.04080465,0.055626165
4865_MAT2B_P1_ENSG00000038274,0.031036058,0.04080477,0.037229218
11312_non-targeting_non-targeting_non-targeting,-0.030702643,0.040808346,0.0059711277
1303_CCDC88B_P1P2_ENSG00000168071,0.0014236389,0.040863685,0.03195993
4877_MBD5_P1P2_ENSG00000204406,0.04184232,0.040883582,0.052533988
2982_FAT1_P1_ENSG00000083857,-0.0069947303,0.040892165,0.022295436
3200_FRG1_P1P2_ENSG00000109536,-0.01954743,0.0409161,-0.019728282
8375_SPRY4_P1P2_ENSG00000187678,0.029619146,0.040994953,0.020436695
3239_G0S2_P1P2_ENSG00000123689,-0.016772464,0.041001447,0.015714455
4532_LCLAT1_P1P2_ENSG00000172954,-0.033033054,0.04103383,0.09262193
6175_PDHA1_P1P2_ENSG00000131828,0.03253541,0.041034404,0.044584412
8917_TIMM17A_P1P2_ENSG00000134375,0.005110028,0.041054912,0.028095989
2076_DCTN4_P1P2_ENSG00000132912,-0.012843366,0.04105741,-0.014245878
7717_ENTR1_P1P2_ENSG00000165689,-0.0041431375,0.041059103,0.03562982
9104_TMEM9_P1P2_ENSG00000116857,-0.020137727,0.041082922,0.030444082
8879_THAP6_P1P2_ENSG00000174796,-0.04076756,0.0410844,0.013543845
6142_PCSK6_P1P2_ENSG00000140479,-0.010215815,0.041116692,0.047861394
7063_RAD23A_P1P2_ENSG00000179262,-0.026285943,0.04112958,-0.0020512836
3124_FNBP4_P1P2_ENSG00000109920,0.031293955,0.041219987,0.0039491216
7484_RPLP2_P1P2_ENSG00000177600,0.137414,0.04122678,0.09327242
1306_CCDC90B_P1P2_ENSG00000137500,0.007164137,0.041237198,-0.0039239028
9850_WDR83_P1_ENSG00000123154,-0.037595965,0.04124698,0.024346419
1327_CCNF_P1P2_ENSG00000162063,-0.012380693,0.0413069,0.015848655
230_AKAP17A_P1P2_ENSG00000197976,-0.0033050585,0.041353855,0.034295723
4700_LST1_P1_ENSG00000204482,0.015222593,0.04136606,0.016019918
1915_CSTF1_P1P2_ENSG00000101138,-0.05229443,0.041367024,0.0637647
4750_MAEA_P1_ENSG00000090316,-0.052138958,0.041402172,0.036342733
8121_SLIRP_P1P2_ENSG00000119705,0.12635662,0.04140447,0.123585604
831_BHLHE41_P1P2_ENSG00000123095,-0.0067357677,0.041410714,0.0048401416
413_APOBR_P1_ENSG00000184730,0.018765764,0.041412346,0.04561889
6323_PIAS4_P1P2_ENSG00000105229,-0.038264584,0.04142333,0.02191398
9042_TMEM214_P1P2_ENSG00000119777,0.02568109,0.041424267,0.010226865
5000_METTL23_P1P2_ENSG00000181038,-0.013391186,0.041441385,0.032935314
1031_C1GALT1_P1P2_ENSG00000106392,0.0004768874,0.04144788,-0.01159218
1720_CNOT6L_P1P2_ENSG00000138767,-0.032298665,0.041482504,0.034527436
10282_ZNF319_P1_ENSG00000166188,-0.002075685,0.04151673,0.011045237
7615_RXRG_P1P2_ENSG00000143171,-0.0347656,0.041550852,-0.007777399
4919_MDM2_P1P2_ENSG00000135679,-0.027051454,0.041590378,0.021522643
5464_NAPG_P1P2_ENSG00000134265,-0.016052807,0.04160842,0.057815544
7594_RUFY1_P1_ENSG00000176783,0.0180716,0.041609723,0.020734867
7585_RTF1_P1P2_ENSG00000137815,-0.05707959,0.0416329,-0.040723577
437_AREL1_P1P2_ENSG00000119682,-0.00076052704,0.041652612,0.009322894
3984_HSPBP1_P1P2_ENSG00000133265,-0.0006725137,0.041696727,0.041903473
8106_SLC7A11_P1P2_ENSG00000151012,0.008949043,0.041703895,-0.020876853
10937_non-targeting_non-targeting_non-targeting,-0.017283417,0.04172459,-0.014075482
9857_WEE1_P1P2_ENSG00000166483,-0.026602421,0.041736223,0.005299538
8886_THG1L_P1P2_ENSG00000113272,-0.15113875,0.04177894,0.0853989
2558_EIF4A1_P1P2_ENSG00000161960,-0.0051211696,0.041806117,0.071815304
4928_MECP2_P1P2_ENSG00000169057,-0.008186479,0.041808393,0.006188645
507_ARL2_P1P2_ENSG00000213465,-0.029292183,0.041866127,-0.051036526
8644_TACC3_P2_ENSG00000013810,-0.0065052696,0.041889068,0.026771935
7279_RGS20_P1_ENSG00000147509,0.005274107,0.041969452,0.032388713
9667_USP4_P1P2_ENSG00000114316,0.04817729,0.041987177,-0.054975085
5878_NUF2_P1P2_ENSG00000143228,-0.006774815,0.042013016,0.040306527
1328_CCNG1_P1P2_ENSG00000113328,0.027662825,0.04201563,0.028249294
2825_FAIM_P1P2_ENSG00000158234,0.032390453,0.04202565,0.003757577
6477_PMM2_P1P2_ENSG00000140650,-0.015495863,0.042038064,0.024992593
2656_EOMES_P1P2_ENSG00000163508,-0.04943864,0.042085364,0.05188558
9944_YPEL5_P1P2_ENSG00000119801,-0.0009057091,0.04211823,-0.0022905727
10312_ZNF358_P1_ENSG00000198816,0.052297123,0.04212366,0.058915574
7483_RPLP1_P1P2_ENSG00000137818,0.132661,0.042131614,0.08728495
4316_KDELR3_P1P2_ENSG00000100196,-0.018955486,0.042160988,0.022744346
8931_TINF2_P1P2_ENSG00000092330,-0.022748774,0.042180113,0.02554361
117_ACTR6_P1P2_ENSG00000075089,-0.054883935,0.042198442,0.03659902
9074_TMEM43_P1P2_ENSG00000170876,-0.016701544,0.04221926,0.018092098
5538_NDUFA5_P1P2_ENSG00000128609,-0.030377017,0.042242963,-0.009478134
4308_KCTD6_P1P2_ENSG00000168301,-0.008629486,0.042253774,0.06962584
9745_VPS26A_P1P2_ENSG00000122958,-0.015709827,0.042299073,0.027074363
326_ANKRD12_P1P2_ENSG00000101745,-0.008604995,0.04229934,0.012892839
3978_HSPA5_P1P2_ENSG00000044574,-0.022096226,0.042302392,0.027350405
1686_CLU_P2_ENSG00000120885,-0.010409202,0.0423137,0.07754818
9525_UBE3B_P1P2_ENSG00000151148,-0.02975477,0.042337652,0.008312595
2529_EIF1_P1P2_ENSG00000173812,0.026560504,0.04237714,0.026683621
10995_non-targeting_non-targeting_non-targeting,0.06475608,0.042378776,0.00786266
5845_NT5M_P1P2_ENSG00000205309,-0.008668317,0.042395454,0.04762791
3421_GMIP_P1P2_ENSG00000089639,-0.043629456,0.042424574,0.037740543
4346_KIAA0319L_P1P2_ENSG00000142687,-0.0028638188,0.04248963,0.008056873
18_ABCA7_P1_ENSG00000064687,-0.017759042,0.042508673,0.040871024
2029_DARS2_P1P2_ENSG00000117593,0.01495081,0.04255925,-0.0069396095
5944_OPA1_P1P2_ENSG00000198836,0.02354841,0.0425644,0.04252483
2030_DARS_P1P2_ENSG00000115866,-0.11445826,0.04256775,0.059483066
1722_CNOT7_P1P2_ENSG00000198791,-0.011012239,0.042574335,0.020387547
5357_MVK_P1P2_ENSG00000110921,0.022778789,0.04257953,0.048091948
2150_DENND4A_P1P2_ENSG00000174485,-0.015279985,0.04257963,0.05638581
9139_TNK2_P2_ENSG00000061938,0.004450887,0.042583007,0.04070955
2496_EFHD2_P1P2_ENSG00000142634,-0.0016200881,0.04260736,0.0007706265
9596_UNCX_P1P2_ENSG00000164853,0.045167916,0.042617675,0.0077609294
4789_MAN2B1_P1_ENSG00000104774,0.019154262,0.042634316,0.044461153
9196_TP63_P1P2_ENSG00000073282,-0.0071879257,0.042636786,0.026196308
5125_MMP17_P1P2_ENSG00000198598,-0.029663907,0.04264117,0.02721455
2267_DMXL1_P1P2_ENSG00000172869,-0.017873105,0.04264585,0.025685044
6962_PWP1_P1P2_ENSG00000136045,0.028904932,0.042654492,0.027392674
5371_MYCL_P1P2_ENSG00000116990,0.053315733,0.042658113,0.08002201
9660_USP44_P1_ENSG00000136014,0.002113559,0.042699017,0.052389394
8264_SOCS3_P1P2_ENSG00000184557,-0.067793526,0.04270696,-0.00061547756
2189_DHODH_P1_ENSG00000102967,0.04036476,0.04274781,8.540302e-05
9339_TSEN54_P1P2_ENSG00000182173,-0.036702406,0.04276261,0.021426817
9543_UBQLN4_P1P2_ENSG00000160803,0.020737873,0.042769153,-0.007949945
7710_SCRT2_P1P2_ENSG00000215397,-0.024913624,0.042779844,0.035699226
4194_IRF7_P1P2_ENSG00000185507,-0.01764794,0.04283321,0.038032856
5803_NR5A2_P1_ENSG00000116833,-0.0021552097,0.04286317,0.061073635
5503_NCL_P2_ENSG00000115053,0.008423958,0.042879533,0.014044416
9594_UNC50_P1P2_ENSG00000115446,-0.05606216,0.04288075,-0.013003787
7413_RORA_ENST00000335670.6_ENSG00000069667,0.0040101116,0.042891406,0.053026363
4625_LONP2_P1_ENSG00000102910,0.005880446,0.042900387,0.035637226
8898_THUMPD1_P1P2_ENSG00000066654,0.106539845,0.042908937,0.089650355
4083_IKZF2_P1_ENSG00000030419,0.036856882,0.042918094,0.05035685
8266_SOD1_P1P2_ENSG00000142168,0.0068399515,0.04293902,0.025761446
9741_VPS13D_P1P2_ENSG00000048707,-0.0132433865,0.042943362,0.05150983
7240_REV1_P1P2_ENSG00000135945,0.045726042,0.042949963,0.021971038
618_ATG16L1_P1P2_ENSG00000085978,-0.06422694,0.042991128,0.026817502
"2741_ESRRG_ENST00000366940.2,ENST00000493603.1_ENSG00000196482",-0.009927204,0.04303755,0.030561328
3399_GLO1_P1P2_ENSG00000124767,-0.018256756,0.043056294,0.038348675
5112_MLLT1_P1P2_ENSG00000130382,0.02150469,0.043096628,0.008163851
4297_KCNIP3_ENST00000468529.1_ENSG00000115041,0.011973344,0.043109726,0.019847123
1998_CYBRD1_P1P2_ENSG00000071967,-0.015751055,0.043140184,0.05002774
10694_ZNF92_P1P2_ENSG00000146757,-0.02401644,0.04315698,0.0071248193
2574_EIF5A2_P1P2_ENSG00000163577,-0.0014529366,0.04316681,0.020546092
7626_S100PBP_P1P2_ENSG00000116497,-0.013870354,0.043200668,0.03069412
3775_HIST1H3J_ENST00000359303.2_ENSG00000197153,0.00805873,0.043220516,0.031906977
8856_TFR2_P1P2_ENSG00000106327,0.007085469,0.04323722,-0.024791617
986_C15orf41_P1P2_ENSG00000186073,0.01730536,0.043343507,0.019956188
6219_PES1_P1P2_ENSG00000100029,0.15294862,0.043377534,0.03826887
4331_KDM8_P1P2_ENSG00000155666,-0.0062073534,0.04344307,0.010825639
6515_POLD1_P1P2_ENSG00000062822,-0.07712131,0.043545045,0.04311021
1242_CCDC107_P1P2_ENSG00000159884,0.01861438,0.043545824,0.016670205
2794_EXOSC7_P1P2_ENSG00000075914,2.3759994e-06,0.043570098,0.014738009
11165_non-targeting_non-targeting_non-targeting,-0.006758369,0.043617744,0.02228179
2414_DUT_P1P2_ENSG00000128951,-0.07606965,0.043633595,-0.01298449
1386_CDC123_P1P2_ENSG00000151465,-0.035407804,0.043636747,0.06730211
701_ATXN1L_P1P2_ENSG00000224470,-0.0429711,0.043677505,0.033912577
2405_DUSP1_P1P2_ENSG00000120129,-0.019805638,0.04372832,0.020493465
1779_COPS3_P1P2_ENSG00000141030,-0.035949465,0.04374651,0.049833424
9923_YBX3_P1P2_ENSG00000060138,0.054018892,0.04379431,0.029994888
9744_VPS25_P1P2_ENSG00000131475,-0.013860725,0.04384972,0.018164499
7217_RDH14_P1P2_ENSG00000240857,-0.061269537,0.04390781,0.05104014
429_AQP3_P1_ENSG00000165272,-0.02685525,0.043912023,0.011209612
3717_HHEX_P1P2_ENSG00000152804,-0.0017499512,0.043944925,0.041302335
4295_KCNH2_P2_ENSG00000055118,-0.014823447,0.043953832,0.0105134165
4001_HYPK_P1P2_ENSG00000242028,0.0023518691,0.043973777,0.005791515
8160_SMC5_P1P2_ENSG00000198887,-0.016874392,0.043987554,0.017277243
9843_WDR77_P1P2_ENSG00000116455,-0.08334299,0.043993384,0.011272013
3335_GEMIN4_P1P2_ENSG00000179409,-0.109514646,0.044011652,0.11744098
10688_ZNF888_ENST00000454258.1_ENSG00000213793,-0.021761803,0.04401425,0.041720327
5083_MIS18A_P1P2_ENSG00000159055,-0.0010742074,0.04402702,0.03288237
3413_GLYR1_P1P2_ENSG00000140632,-0.009478235,0.04402764,0.015908247
5093_MKLN1_P1P2_ENSG00000128585,-0.010568656,0.044033725,0.04950919
3728_HIGD1A_P1P2_ENSG00000181061,0.008865826,0.044122595,0.07041313
7353_RNF145_P2_ENSG00000145860,-0.004934931,0.04413553,0.042354777
2300_DNAJC4_P1P2_ENSG00000110011,0.030228132,0.04416572,0.0354399
6147_PCYT1A_P1P2_ENSG00000161217,-0.018618738,0.044225384,0.023993107
5127_MMS22L_P1P2_ENSG00000146263,-0.06448614,0.044302806,0.06530077
5492_NCAPH_P1P2_ENSG00000121152,-0.025848497,0.044360567,0.024750957
3034_FBXW2_P1P2_ENSG00000119402,-0.005430008,0.04437516,0.022360351
2200_DHRS7_P1P2_ENSG00000100612,0.00095624005,0.044384632,0.018018607
710_AUH_P1P2_ENSG00000148090,-0.0051253177,0.044410627,0.022390509
8553_STX1A_P1P2_ENSG00000106089,-0.026720276,0.044418126,0.035789393
10247_ZNF264_P1P2_ENSG00000083844,0.0036741241,0.04444136,0.0321301
2215_DHX40_P1P2_ENSG00000108406,0.0041367267,0.044481188,0.022713434
5104_MLEC_P2_ENSG00000110917,-0.016587008,0.044493556,-0.0054815067
2515_EHBP1L1_P1P2_ENSG00000173442,-0.023969205,0.044606406,0.0038739468
3373_GIPC1_P1P2_ENSG00000123159,-0.009932457,0.044622306,0.0488218
6362_PILRB_P1P2_ENSG00000121716,-0.0007285316,0.044634353,0.03942604
2423_DYNC1LI1_P1P2_ENSG00000144635,0.0004341612,0.044671383,0.03771697
9686_UTP3_P1P2_ENSG00000132467,0.1534716,0.044725887,0.012557471
5493_NCBP1_P1P2_ENSG00000136937,-0.0080557605,0.04476052,0.031226741
7393_RNF4_P1P2_ENSG00000063978,-0.016940659,0.04477421,-0.005733956
4553_LEO1_P1P2_ENSG00000166477,-0.13953434,0.04479181,0.010152189
8595_SUPT20H_P1P2_ENSG00000102710,0.035079125,0.044807963,-0.004426879
4657_CARMIL1_P1P2_ENSG00000079691,-0.036224596,0.044831075,0.11051336
6237_PFDN1_P1P2_ENSG00000113068,0.0042611314,0.04490653,-0.016481915
6351_PIK3C2A_ENST00000265970.7_ENSG00000011405,-0.069869876,0.044910677,0.033144083
104_ACTB_P1P2_ENSG00000075624,-0.013959311,0.044944055,0.04876632
10221_ZNF227_P1P2_ENSG00000131115,-0.00068849314,0.04496621,0.013600756
8962_TM9SF4_P1P2_ENSG00000101337,0.0025445982,0.04499332,0.053869434
2918_FAM32A_P1P2_ENSG00000105058,-0.008337637,0.044994004,0.012158632
10178_ZNF155_P1P2_ENSG00000204920,-0.014984544,0.04499963,-0.002336309
7651_SAP30_P1P2_ENSG00000164105,0.041886877,0.04502272,0.006878667
6437_PLEKHA5_P1P2_ENSG00000052126,-0.022773938,0.045037515,0.015769089
5695_NKX2-6_P1P2_ENSG00000180053,-0.008314795,0.045072865,0.0033719977
8140_SMARCA1_P1P2_ENSG00000102038,-0.01931634,0.045091525,0.029879289
6130_PCK2_P1P2_ENSG00000100889,-0.0034688248,0.045113098,0.051014937
4536_LCORL_P1P2_ENSG00000178177,-0.051323097,0.045142308,-0.022075038
9039_TMEM208_P1P2_ENSG00000168701,-0.02722102,0.04514442,0.052297883
7855_SGK3_ENST00000345714.4_ENSG00000104205,-0.025223244,0.0451586,0.052815687
8624_SYNGR1_P1P2_ENSG00000100321,0.010944844,0.04518222,0.04415083
9177_TOP3A_P1P2_ENSG00000177302,-0.01778051,0.045185514,0.02650196
6984_QPCTL_P1P2_ENSG00000011478,-0.027217196,0.045198154,0.01910421
6120_PCGF1_P1P2_ENSG00000115289,0.0009790302,0.04522046,0.021286376
5882_NUMBL_P1P2_ENSG00000105245,0.0059752786,0.04526059,0.047985204
8889_THOC3_P1P2_ENSG00000051596,-0.09310239,0.04526683,0.0072832583
1472_CELF1_P1P2_ENSG00000149187,0.0007164909,0.045272898,0.032261003
7824_SETDB2_P1P2_ENSG00000136169,-0.04106331,0.045278177,0.02011899
8468_AC015871.1_P1P2_ENSG00000180953,0.00089625875,0.045338403,0.016783033
6020_P4HB_P1P2_ENSG00000185624,0.000980983,0.045352113,0.032988362
2547_EIF3C_P1P2_ENSG00000184110,0.008311464,0.045360297,0.06647584
7980_SLC25A10_P1P2_ENSG00000183048,-0.03797933,0.045361757,0.022848373
9839_WDR74_P1_ENSG00000133316,0.10533438,0.045401804,0.015417346
2787_EXOSC10_P1P2_ENSG00000171824,0.044938564,0.045403156,0.06591368
5838_NT5C3A_P2_ENSG00000122643,-0.024126727,0.04542434,0.033543516
8811_TEFM_P1P2_ENSG00000172171,0.044257566,0.045545872,0.07143948
3241_G3BP1_P1P2_ENSG00000145907,0.024511289,0.04554635,0.03929957
8439_SRSF8_P1P2_ENSG00000263465,-0.008272054,0.045647323,0.016877562
3569_GTF2E1_P1P2_ENSG00000153767,-0.061484702,0.04565375,0.069151044
6475_PML_P1P2_ENSG00000140464,-0.016960867,0.04566537,0.023303734
2209_DHX33_P1P2_ENSG00000005100,0.07076839,0.04569881,0.06382767
2774_EWSR1_P1P2_ENSG00000182944,-0.005769063,0.045723762,0.046239916
8853_TFIP11_P1P2_ENSG00000100109,-0.013047513,0.045748867,0.055311166
4991_METTL14_P1P2_ENSG00000145388,-0.04463286,0.045752596,-0.01739349
3456_GOLGA2_P1P2_ENSG00000167110,-0.028006447,0.045754645,0.002401033
9931_YIPF2_P1P2_ENSG00000130733,-0.001185695,0.04579977,0.029692555
11152_non-targeting_non-targeting_non-targeting,0.050219934,0.04581759,-0.02034822
10587_ZNF718_ENST00000400172.3_ENSG00000250312,-0.019595098,0.045876384,0.007174925
6182_PDIK1L_P1P2_ENSG00000175087,0.0094014965,0.045886613,0.05914245
2770_EVL_P2_ENSG00000196405,0.0024869174,0.045888685,0.06589095
1786_COPS8_P1P2_ENSG00000198612,-0.024564758,0.045921847,0.0403505
6327_PIEZO1_P1P2_ENSG00000103335,-0.033431854,0.04593354,0.055924457
10417_ZNF518B_P1P2_ENSG00000178163,-0.00092262565,0.04598599,0.01574421
1614_CINP_P1P2_ENSG00000100865,0.058523025,0.045997735,0.046423156
7886_SH3GLB2_P1P2_ENSG00000148341,-0.0067362916,0.046062853,0.03362781
6220_PET100_P1P2_ENSG00000229833,-0.019385407,0.046090357,-0.01207371
3971_HSPA14_P1P2_ENSG00000284024,-0.043254916,0.04613537,0.012034321
6352_PIK3C3_P1P2_ENSG00000078142,-0.024622424,0.046153013,0.027909685
9534_UBL5_P1P2_ENSG00000198258,-0.039235286,0.046155147,0.021120815
1108_SMIM29_P1P2_ENSG00000186577,0.049213953,0.046163015,0.064757094
10730_ZSCAN5B_ENST00000358992.3_ENSG00000197213,0.012115513,0.046208397,0.0062185773
3153_FOXD4L1_ENST00000306507.5_ENSG00000184492,0.000567636,0.046222616,0.044178985
5928_OGFOD1_P1P2_ENSG00000087263,-0.036728032,0.04623188,0.124046184
1428_CDK19_P1P2_ENSG00000155111,-0.0040641963,0.04624725,0.051646158
9154_TNRC6B_P1P2_ENSG00000100354,0.017058685,0.046275716,0.04535992
5369_MYCBP2_P1P2_ENSG00000005810,0.0036060365,0.046286065,0.051873498
4566_LHPP_P1P2_ENSG00000107902,-0.0059886677,0.046287697,-0.0056740493
227_AK4_P1P2_ENSG00000162433,-0.006290116,0.04629901,0.020221354
6976_PYGB_P1P2_ENSG00000100994,-0.01123254,0.046357885,0.03720405
815_BDP1_P1P2_ENSG00000145734,0.093708225,0.046366505,0.047653444
4232_ITM2C_P1P2_ENSG00000135916,-0.03763799,0.046423443,0.006567039
1671_CLP1_P1P2_ENSG00000172409,-0.0026087011,0.046454083,0.061120298
5424_NAA15_P1P2_ENSG00000164134,-0.0063797995,0.046480197,0.027647043
1073_C2CD3_P1P2_ENSG00000168014,0.0062155216,0.046513066,-0.02414963
8205_SNAPC1_P1P2_ENSG00000023608,-0.037210204,0.04652832,0.061430525
6315_PI4K2A_P1P2_ENSG00000155252,0.009444636,0.046578135,0.0567746
2519_EHF_P1P2_ENSG00000135373,-0.0026760108,0.046612445,0.06841922
1937_CTNNB1_P1P2_ENSG00000168036,-0.012815102,0.046612836,0.05869594
20_ABCB10_P1P2_ENSG00000135776,-0.004361278,0.046679504,0.038407512
10613_ZNF765_P1_ENSG00000196417,-0.0087298695,0.046717398,0.03871858
9600_UPF1_P1P2_ENSG00000005007,0.0037527843,0.04675217,-0.022961492
278_ALKBH5_P1P2_ENSG00000091542,-0.03472755,0.046754442,0.0055509186
2198_DHRS4_P1P2_ENSG00000157326,0.0034874817,0.046764523,0.05244475
1748_COIL_P1P2_ENSG00000121058,-0.00190345,0.046765234,0.033129334
7553_RRAS_P1P2_ENSG00000126458,0.0047265594,0.04679552,0.020895233
1649_CLEC2B_P1P2_ENSG00000110852,-0.023123631,0.046832003,0.033154305
6878_PSME1_P1P2_ENSG00000092010,0.008768993,0.04683648,0.008416808
485_ARHGEF9_P1P2_ENSG00000131089,-0.024239928,0.0468407,0.044909123
1743_COG4_P1P2_ENSG00000103051,-0.012831148,0.046901703,0.0063257534
7960_SLC12A5_P2_ENSG00000124140,-0.026104959,0.046937846,0.039153036
9822_WDR45B_P1P2_ENSG00000141580,0.022884414,0.04702755,0.0066232784
4881_MBNL1_P1P2_ENSG00000152601,0.019526076,0.047044624,0.048705693
7719_SDE2_P1P2_ENSG00000143751,-0.015499678,0.04708642,0.018655578
3478_GOSR1_P1P2_ENSG00000108587,0.003567423,0.047136344,0.01166624
7433_RPL11_P1P2_ENSG00000142676,0.06494554,0.047140084,0.02987171
4151_INTS6_P1P2_ENSG00000102786,-0.030088589,0.047178023,0.019112226
6595_POU4F2_P1P2_ENSG00000151615,-0.02394592,0.04718716,0.010024624
6695_PPP3R1_P1P2_ENSG00000221823,-0.021471512,0.04724989,0.0124901
7295_RHOQ_P1P2_ENSG00000119729,0.00344257,0.04728888,0.017622178
10805_non-targeting_non-targeting_non-targeting,-0.010837268,0.047361054,0.011386758
9466_TYROBP_P1P2_ENSG00000011600,0.016442701,0.04737755,0.037731238
6971_PYCARD_P1P2_ENSG00000103490,-0.007858982,0.047393996,0.057257522
5673_NIP7_P1P2_ENSG00000132603,0.10992511,0.04740363,0.07314853
9601_UPF2_P1P2_ENSG00000151461,0.008253036,0.047454968,-0.013153967
2863_FAM156B_ENST00000452154.2_ENSG00000179304,-0.029824222,0.04746637,0.029971832
5851_NUB1_P1P2_ENSG00000013374,0.013922884,0.04750425,0.047210004
9246_TRAPPC2L_P1P2_ENSG00000167515,0.024194783,0.047545124,0.016157338
4983_METAP1D_P1P2_ENSG00000172878,-0.018720545,0.047572885,0.03543414
10463_ZNF574_P1_ENSG00000105732,0.03486132,0.047585323,0.0788461
5747_NOP16_P1P2_ENSG00000048162,0.1681765,0.04764593,0.0644603
9771_VSIG10_P1P2_ENSG00000176834,0.0043202615,0.047705024,0.03587147
3637_HAUS4_P1P2_ENSG00000092036,-0.045895528,0.047705133,0.05189931
5461_NAP1L4_P1P2_ENSG00000205531,-0.029438728,0.047757458,0.0074551827
8196_SMYD4_P1P2_ENSG00000186532,-0.00083530316,0.0477737,0.058929358
9750_VPS33B_P1P2_ENSG00000184056,-0.012293413,0.04780776,0.016872145
199_AGRN_P1P2_ENSG00000188157,-0.0090876315,0.04781697,0.015242179
9733_VMA21_P1P2_ENSG00000160131,-0.030245822,0.047839187,0.023472806
8181_SMIM7_P1P2_ENSG00000214046,0.023676382,0.047879502,0.035386655
4608_LMAN2L_P1P2_ENSG00000114988,-0.0028460065,0.047884498,-0.007295522
5400_MYO1H_ENST00000431443.2_ENSG00000174527,0.0024230063,0.04789337,0.04623504
9898_XPO5_P1P2_ENSG00000124571,-0.02220228,0.047949627,0.024444615
1269_CCDC17_P1P2_ENSG00000159588,0.017544635,0.047951166,0.07716152
3564_GSX1_P1P2_ENSG00000169840,-0.026055543,0.0479515,0.067628056
9179_TOPBP1_P1P2_ENSG00000163781,-0.010405581,0.04796021,0.06502674
7729_SDR39U1_P1P2_ENSG00000100445,0.051906817,0.047978446,0.028804671
715_AURKB_P1P2_ENSG00000178999,0.043829482,0.0480177,-0.022698916
6541_POLR2B_P1P2_ENSG00000047315,-0.042376176,0.04806697,0.033027295
5557_NDUFB5_P1P2_ENSG00000136521,-0.05523839,0.048081793,0.01160474
103_ACSS2_P1P2_ENSG00000131069,0.019360267,0.048089243,0.05934962
9900_XPO7_P1P2_ENSG00000130227,0.0055980743,0.048092786,0.03933336
9319_TRNT1_P1P2_ENSG00000072756,-0.063482344,0.04811191,0.047139082
3632_HARS_P1P2_ENSG00000170445,-0.14508311,0.048186924,0.04665397
5165_MPHOSPH8_P2_ENSG00000196199,0.006914739,0.04819211,0.039692212
3847_HMX3_P1P2_ENSG00000188620,0.026631983,0.048194274,0.05286338
2803_EZH2_P1P2_ENSG00000106462,0.026223695,0.048203997,0.006161049
8215_SNRK_P1P2_ENSG00000163788,0.014550433,0.048314963,0.040683467
3449_GNPDA1_P1P2_ENSG00000113552,-0.026477473,0.048376318,0.043263745
6227_PEX16_P1P2_ENSG00000121680,-0.0072007407,0.048419226,0.024973415
7377_RNF213_P1_ENSG00000173821,0.024392957,0.048425708,0.030937236
1171_CAND1_P1P2_ENSG00000111530,-0.013523735,0.04845687,0.11363087
5465_CIAO3_P1P2_ENSG00000103245,-0.007798853,0.048489656,0.0034697598
5746_NOP14_P1P2_ENSG00000087269,0.09487089,0.048498522,0.057927255
4624_LONP1_P1P2_ENSG00000196365,-0.03522293,0.048504323,0.063709624
3891_HOXA3_P2_ENSG00000105997,0.04078875,0.048506107,0.05166165
6148_PCYT2_P1P2_ENSG00000185813,0.0022245538,0.048543826,0.02767947
5077_MICOS10_P1P2_ENSG00000173436,-0.0063590193,0.048549056,0.042852126
9324_TRPM7_P1P2_ENSG00000092439,-0.018769443,0.048554562,0.020358166
9791_WBP11_P2_ENSG00000084463,0.0067810635,0.048586093,-0.0068028294
10252_ZNF26_P1P2_ENSG00000198393,0.023070626,0.048613857,0.008526653
5332_MTMR1_P1P2_ENSG00000063601,0.0148320375,0.048669353,0.03366946
4126_INO80B_P1P2_ENSG00000115274,0.056028448,0.04868264,0.07016725
9337_TSEN2_P1P2_ENSG00000154743,-0.05848752,0.048712008,0.07758109
7548_RRAGA_P1P2_ENSG00000155876,-0.0021388005,0.04873199,0.02851263
5736_NOL7_P1P2_ENSG00000225921,0.0050061666,0.048769195,0.06293674
11281_non-targeting_non-targeting_non-targeting,-0.0005049163,0.04877108,0.030160043
8002_SLC25A37_P1P2_ENSG00000147454,-0.003581326,0.04878445,0.0080938665
9571_UFM1_P1P2_ENSG00000120686,0.008273652,0.04883731,0.04453551
5420_N6AMT1_P1P2_ENSG00000156239,0.064607315,0.048930444,0.03744236
4336_KHDC1_ENST00000257765.5_ENSG00000135314,0.010181278,0.0489429,0.020474691
4715_LUC7L2_P1_ENSG00000146963,0.011506804,0.048943367,0.019508366
6044_PAK1_ENST00000356341.3_ENSG00000149269,-0.0133107975,0.04899138,0.06706272
362_ANXA4_P1P2_ENSG00000196975,-0.0035514324,0.048993673,0.013618547
874_BOP1_P1_ENSG00000261236,0.12041177,0.049013384,0.070324935
240_AKR1A1_P1P2_ENSG00000117448,0.032388497,0.04903977,0.045152746
7492_RPP38_P1P2_ENSG00000152464,0.048497178,0.049065977,0.037098918
217_AIFM2_P1P2_ENSG00000042286,0.0033204402,0.04908434,0.031283263
4497_LAGE3_P1P2_ENSG00000196976,-0.031297445,0.049118716,0.04483057
6779_PRMT6_P1P2_ENSG00000198890,0.0046695755,0.049121708,0.008722945
6912_PTGR2_P1P2_ENSG00000140043,0.07047999,0.049124468,0.09292076
6871_PSMD3_P1P2_ENSG00000108344,-0.0036983958,0.04912894,0.024853539
1300_CCDC85C_P1P2_ENSG00000205476,0.01661161,0.04914561,0.017416144
2989_FBRSL1_P1P2_ENSG00000112787,-0.08213839,0.049236126,0.06535408
8262_SOCS1_P1P2_ENSG00000185338,-0.006237535,0.049238022,0.005957218
3658_HCFC1_P1P2_ENSG00000172534,-0.03721204,0.049238574,0.037254322
6286_PHF20_P1P2_ENSG00000025293,-0.018155513,0.049296193,0.0564432
5131_MNX1_P1P2_ENSG00000130675,-0.020609774,0.04932003,0.053471636
2123_DDX46_P2_ENSG00000145833,0.0029737393,0.04946891,0.038712952
2868_FAM160B2_P1P2_ENSG00000158863,0.005933156,0.049493615,0.029098116
4128_INO80D_P1P2_ENSG00000114933,0.01689329,0.049502123,0.016396547
9262_TRIM13_P1P2_ENSG00000204977,-0.014455384,0.04951529,0.041928016
6648_PPP1CA_P1_ENSG00000172531,-0.027143665,0.049522936,0.0021516222
3517_GPS1_P1P2_ENSG00000169727,-0.027300373,0.049533915,0.049449358
9003_TMEM147_P1P2_ENSG00000105677,-0.02034409,0.049575713,0.038478244
10255_ZNF274_P1P2_ENSG00000171606,0.0040982533,0.04959168,0.011678299
10532_ZNF660_P1P2_ENSG00000144792,-0.02142435,0.049681436,-0.0099900905
388_AP5B1_P1P2_ENSG00000254470,0.0059379996,0.04968282,0.048163064
5502_NCLN_P1P2_ENSG00000125912,-0.018959831,0.04973452,0.011025641
7322_RMI1_P1P2_ENSG00000178966,-0.040534135,0.049739126,0.03709393
1868_CREG1_P1P2_ENSG00000143162,0.0024697166,0.049754146,0.029858131
6777_PRMT5_P1_ENSG00000100462,-0.08828162,0.049804796,0.03908327
8050_SLC35E3_P1P2_ENSG00000175782,-0.013449951,0.049842525,0.019710435
6539_POLR1E_P1P2_ENSG00000137054,0.13827902,0.049851127,0.09775498
6358_PIK3R2_P1_ENSG00000105647,0.010571389,0.049891304,-0.0011261349
6993_QTRT2_P1P2_ENSG00000151576,-0.016973566,0.049938243,0.036165673
2740_ESRRG_ENST00000360012.3_ENSG00000196482,0.031126605,0.049992315,0.049578983
9575_UGDH_P1P2_ENSG00000109814,0.010926425,0.04999594,0.037205912
6920_PTP4A2_P1P2_ENSG00000184007,0.032489195,0.05006041,-0.017567838
2626_EML3_P1P2_ENSG00000149499,-0.02136571,0.05006849,0.027466329
8929_TIMP1_P1_ENSG00000102265,0.030787133,0.05010526,0.03393338
60_ABRACL_P1P2_ENSG00000146386,0.002726706,0.05012763,0.032028817
9028_TMEM186_P1P2_ENSG00000184857,0.009251767,0.050159257,0.018414497
1287_CCDC69_P1P2_ENSG00000198624,0.0018631233,0.05019066,0.06343738
10384_ZNF473_P1P2_ENSG00000142528,-0.01527595,0.050198015,0.013476056
15_AASDH_P1P2_ENSG00000157426,0.0003256499,0.050206594,0.027755585
5883_NUMB_P1_ENSG00000133961,-0.0038266943,0.05024706,0.03129348
3341_GET4_P1P2_ENSG00000239857,-0.034069754,0.05026542,0.027894208
2369_DR1_P1P2_ENSG00000117505,-0.023211341,0.050292064,0.025306582
1561_CHD6_P1P2_ENSG00000124177,-0.013057307,0.05031524,0.06492079
6533_POLR1A_P1P2_ENSG00000068654,0.13659199,0.050534744,0.08500694
8837_TFAP2D_P1P2_ENSG00000008197,0.0017704304,0.050537195,0.03516245
8669_TAF7_P1P2_ENSG00000178913,-0.05902121,0.050538525,0.030129112
1284_CCDC59_P1P2_ENSG00000133773,0.040675383,0.050558414,0.053423937
6980_PYURF_P1P2_ENSG00000145337,0.02779564,0.05059971,0.07034471
4537_LCOR_P1P2_ENSG00000196233,-0.046045303,0.050614156,0.019877147
2654_ENY2_P1P2_ENSG00000120533,-0.014418759,0.05062208,0.0434413
1462_CDX4_P1P2_ENSG00000131264,-0.0065395506,0.050629705,0.028318089
6536_POLR1C_P1_ENSG00000171453,0.18782882,0.050687604,0.08641834
248_AKT2_P1P2_ENSG00000105221,0.037565265,0.050717916,0.06898783
9267_TRIM24_P1P2_ENSG00000122779,0.038376544,0.050813176,0.037922785
7685_SCAPER_P1P2_ENSG00000140386,-0.002106094,0.050831582,0.07318105
9412_TUBB2A_P1P2_ENSG00000137267,-0.01694537,0.050842773,0.017343042
1584_CHMP4A_P1_ENSG00000254505,0.011745135,0.050891437,0.023928234
1349_CCT5_P1P2_ENSG00000150753,-0.1162667,0.050915863,-0.02551627
10045_ZDHHC17_P1P2_ENSG00000186908,-0.015511298,0.05092941,0.025225272
10411_ZNF513_P1P2_ENSG00000163795,-0.023246277,0.050950292,0.049266282
4144_INTS10_P1P2_ENSG00000104613,-0.009522955,0.050952453,0.03523357
4933_MED13L_P1P2_ENSG00000123066,0.0065273265,0.05103418,0.04341626
9760_VPS4A_P1P2_ENSG00000132612,0.0058253244,0.051064372,0.06146321
2391_DTWD1_P1P2_ENSG00000104047,-0.0021602022,0.051105324,0.019351022
2929_CCNQ_P1P2_ENSG00000262919,-0.05197454,0.05110786,0.08447029
8650_TADA3_P1P2_ENSG00000171148,0.09335034,0.05112828,0.03874905
1283_CCDC58_P1P2_ENSG00000160124,0.0019467348,0.05122527,0.043761473
1420_CDK10_P1P2_ENSG00000185324,-0.022143243,0.05125548,0.027435804
7521_RPS29_P1_ENSG00000213741,0.056006055,0.0512556,0.024628125
2201_DHRSX_P1P2_ENSG00000169084,0.0050087357,0.051317383,0.010010393
8860_TGFBR1_P1P2_ENSG00000106799,-0.031956792,0.05133262,0.0567422
3634_HAUS1_P1P2_ENSG00000152240,-0.005096734,0.05133844,0.03266472
9331_TSC1_P1P2_ENSG00000165699,0.07458337,0.051363748,0.1784628
11132_non-targeting_non-targeting_non-targeting,-0.0030895872,0.051384963,0.017294304
2127_DDX51_P1P2_ENSG00000185163,0.11665643,0.051452354,0.03466577
9435_TUT1_P1_ENSG00000149016,-0.04224496,0.051475886,0.056741536
8720_TBC1D4_P1P2_ENSG00000136111,0.023261348,0.05150222,0.08601543
3555_GSR_P1P2_ENSG00000104687,-0.021108441,0.05164891,0.040995978
6135_PCNA_P1P2_ENSG00000132646,-0.023254776,0.051686134,0.094820365
4440_KLHL23_P2_ENSG00000213160,-0.012321845,0.051708356,0.011265111
3630_HAPLN2_P1P2_ENSG00000132702,0.011203576,0.05172033,0.054713715
7077_RAE1_P1P2_ENSG00000101146,0.018861549,0.051720724,0.017774712
1211_CAST_P2_ENSG00000153113,0.08790156,0.051738136,0.088435024
1929_CTDP1_P1P2_ENSG00000060069,-0.029425915,0.051747683,0.025217587
2716_ERMAP_P1_ENSG00000164010,-0.00039979632,0.051795803,0.066844486
8916_TIMM13_P1P2_ENSG00000099800,-0.048257872,0.051819045,0.014014986
4875_MBD3_P1P2_ENSG00000071655,-0.029717654,0.051820923,0.0132593205
1807_COX14_P1P2_ENSG00000178449,-0.020564761,0.05185752,0.053935397
9117_TMX2_P1P2_ENSG00000213593,0.07024593,0.051886674,0.063816816
5361_MXI1_P1_ENSG00000119950,-0.00812717,0.051912524,0.042902436
5435_NAB1_P1P2_ENSG00000138386,-0.020827673,0.05196738,0.00025904726
746_BAG1_P1P2_ENSG00000107262,-0.0009324497,0.052032277,0.026830953
1148_CACTIN_P1P2_ENSG00000105298,0.010584913,0.052044302,0.0405547
7468_RPL37_P1P2_ENSG00000145592,0.07718576,0.052058335,0.057310916
5750_NOP58_P1P2_ENSG00000055044,0.024137689,0.052134495,0.003998092
799_BCL2L12_P1P2_ENSG00000126453,-0.04463233,0.05219256,0.02356035
7388_RNF31_P1P2_ENSG00000092098,0.061556738,0.052193698,0.037782546
458_ARHGAP12_P1P2_ENSG00000165322,-0.022830963,0.052220326,-0.0020890224
5052_MICAL1_P1P2_ENSG00000135596,-0.0046853893,0.052224945,0.053138096
4917_MDK_P1P2_ENSG00000110492,-0.0032417837,0.05231463,0.032610934
541_ARPC4_P1P2_ENSG00000241553,0.03164116,0.052322075,0.03370786
3072_FGFR1OP_P1P2_ENSG00000213066,-0.056054864,0.052331973,0.037784304
6821_PRRC2C_P1P2_ENSG00000117523,-0.00096856663,0.052375022,0.021746956
6590_POU3F1_P1P2_ENSG00000185668,0.033928514,0.052409384,0.04740453
47_ABHD17B_P1P2_ENSG00000107362,0.018831084,0.052445345,0.0693284
8819_TERF2IP_P1P2_ENSG00000166848,-0.026827909,0.052484512,0.042385094
7035_RAB5B_P1P2_ENSG00000111540,-0.01582902,0.052486867,0.06857435
6895_PTAR1_P1P2_ENSG00000188647,-0.008010803,0.052488733,0.010258483
1001_C17orf49_P1_ENSG00000258315,-0.039553672,0.05254301,-0.04183452
1667_CLNS1A_P1P2_ENSG00000074201,-0.10444966,0.052637994,0.009428787
10571_ZNF705D_ENST00000400085.3_ENSG00000215343,0.0022531382,0.052674685,0.02697618
6573_PON2_P1P2_ENSG00000105854,-0.031606436,0.05270637,0.0131543605
4973_MEN1_P1P2_ENSG00000133895,-0.011830637,0.05274073,0.0039339904
2446_E4F1_P1P2_ENSG00000167967,-0.065968245,0.05278609,0.02073995
3795_HIST3H2A_P1P2_ENSG00000181218,-0.009843833,0.05280306,0.0497961
963_C12orf43_P1P2_ENSG00000157895,-0.025219528,0.052809358,0.010999646
8219_SNRNP35_P1P2_ENSG00000184209,0.006354171,0.052859813,0.021178301
2553_EIF3I_P1P2_ENSG00000084623,-0.005655025,0.052890897,0.044879775
3362_GHITM_P1P2_ENSG00000165678,-0.01849348,0.052901562,0.039721157
3358_GGPS1_P1P2_ENSG00000152904,-0.007990946,0.052981038,0.032504797
11229_non-targeting_non-targeting_non-targeting,-0.00826333,0.05299613,0.029983332
3479_GOSR2_P1P2_ENSG00000108433,-0.032970835,0.053020835,0.008967448
2051_DCAF13_P1P2_ENSG00000164934,0.062386896,0.05309035,0.022052865
10904_non-targeting_non-targeting_non-targeting,0.0076966537,0.05310096,0.021673266
5275_MSANTD1_P1P2_ENSG00000188981,-0.019883104,0.05312802,0.04973822
5247_MRPS17_P1P2_ENSG00000239789,-0.045735434,0.053131513,0.012930182
8791_TCOF1_P1P2_ENSG00000070814,0.06093641,0.053213354,0.04973499
630_ATL2_P1P2_ENSG00000119787,-0.051192496,0.053224828,0.015495147
3445_GNL2_P1P2_ENSG00000134697,0.11047787,0.053256188,0.06777345
1828_CPEB1_ENST00000568128.1_ENSG00000214575,0.06637761,0.05329532,0.04307639
10286_ZNF324B_P1P2_ENSG00000249471,0.00450305,0.053365678,0.013928286
3067_FEZF2_P1P2_ENSG00000153266,-0.024787113,0.053437795,0.014262248
5406_MYPOP_P1P2_ENSG00000176182,-0.008189703,0.05344341,0.06215816
10676_ZNF84_P1P2_ENSG00000198040,0.0631031,0.053463973,0.027801674
6850_PSMB2_P1P2_ENSG00000126067,-0.042718068,0.05352644,-0.00633733
8223_SNRPA1_P1P2_ENSG00000131876,-0.020524975,0.053546935,0.056329206
9178_TOP3B_P1P2_ENSG00000100038,-0.024459684,0.053556766,0.023090864
9975_ZBTB17_P1P2_ENSG00000116809,0.03681652,0.05358045,0.083056614
4058_IFT80_P1P2_ENSG00000068885,0.0633694,0.053594414,0.06889633
2248_DLX4_P1P2_ENSG00000108813,0.026562167,0.05361162,0.061111916
6889_PSPH_P1_ENSG00000146733,0.0352591,0.0537789,-0.03365651
5810_NRDE2_P1P2_ENSG00000119720,-0.13514972,0.053850546,-0.015767429
3198_FRA10AC1_P1P2_ENSG00000148690,0.03752947,0.053900767,0.05649867
3706_HESX1_P2_ENSG00000163666,-0.025915232,0.053904522,0.049405742
6902_PTCD3_P1P2_ENSG00000132300,0.04071327,0.053965364,0.07960059
2848_FAM126B_P1P2_ENSG00000155744,-0.028085282,0.053987544,0.0095473835
4852_MARK2_P1_ENSG00000072518,0.0020008802,0.05403045,0.0333712
6045_PAK2_P1P2_ENSG00000180370,-0.013326784,0.054068558,-0.03543842
8405_SRFBP1_P1P2_ENSG00000151304,0.076004624,0.05408396,0.028628085
1905_CSNK2A2_P1P2_ENSG00000070770,0.005365715,0.05410707,0.0317124
1274_CCDC28B_P2_ENSG00000160050,0.019149967,0.05412093,0.043811895
8043_SLC35B3_P1P2_ENSG00000124786,0.00090506085,0.054132532,0.046712313
1579_CHMP1A_P1P2_ENSG00000131165,-0.025440354,0.054137707,0.019168438
7437_RPL13_P1P2_ENSG00000167526,0.089689404,0.05414261,0.028243894
9147_TNNT2_P1P2_ENSG00000118194,-0.036623485,0.054164607,0.06719572
9167_TOMM40_P1P2_ENSG00000130204,0.0270184,0.054265045,0.060711797
1268_CCDC174_P1P2_ENSG00000154781,-0.10429386,0.0542808,0.023831354
7323_RMI2_P1P2_ENSG00000175643,0.013869585,0.054293722,0.02444359
4604_LLGL2_P1_ENSG00000073350,-0.014111319,0.05429983,0.013105143
3977_HSPA4_P1P2_ENSG00000170606,-0.047630616,0.054302573,0.000505506
7467_RPL37A_P1P2_ENSG00000197756,0.07417966,0.05438265,0.038037945
11081_non-targeting_non-targeting_non-targeting,6.464225e-05,0.054390453,0.03989773
8161_SMC6_P1P2_ENSG00000163029,-0.02724392,0.054437794,0.068893574
8383_SPTAN1_P1P2_ENSG00000197694,-0.013554536,0.05447554,0.019551225
7864_SGSM3_P1P2_ENSG00000100359,-0.01611221,0.05449186,0.006374924
7080_RAI14_P1P2_ENSG00000039560,0.022382597,0.054506827,0.056358896
7482_RPLP0_P1P2_ENSG00000089157,0.07141967,0.054522652,0.02711214
8489_STARD3_P1P2_ENSG00000131748,0.01011465,0.054531585,-0.009535687
2213_DHX37_P1P2_ENSG00000150990,0.078981996,0.05457,0.088739425
7271_RGP1_P1P2_ENSG00000107185,-0.010612458,0.054580428,0.026956664
1971_CWC15_P1P2_ENSG00000150316,-0.03118751,0.05459843,0.00022450635
5881_NUMA1_ENST00000393695.3_ENSG00000137497,-0.024401324,0.054603968,0.03329998
876_BORA_P1P2_ENSG00000136122,-0.04862109,0.0546527,0.050032966
8438_SRSF7_P1P2_ENSG00000115875,-0.02770563,0.05466553,-5.7905912e-05
343_ANKRD52_P1P2_ENSG00000139645,0.019480499,0.05466588,0.058783654
162_ADPGK_P1P2_ENSG00000159322,-0.0024944523,0.054669928,0.024236398
7577_RSL24D1_P1P2_ENSG00000137876,0.11389698,0.054687615,0.042822674
1781_COPS5_P1P2_ENSG00000121022,-0.027512155,0.054742675,0.047575228
216_AIFM1_P1P2_ENSG00000156709,-0.018355127,0.054776065,0.009238044
1630_CKB_P1P2_ENSG00000166165,-0.0077286246,0.05482161,0.023958273
10015_ZBTB8OS_P1P2_ENSG00000176261,-0.051163856,0.054830134,0.044376727
7420_RPA3_P1P2_ENSG00000106399,-0.045551494,0.054992743,0.037344653
6486_PNISR_P1_ENSG00000132424,-0.0117405215,0.05500001,0.06455016
10568_ZNF705A_P1P2_ENSG00000196946,-0.014798621,0.055007264,0.031771846
1799_CORO1B_P2_ENSG00000172725,-0.015545609,0.055167325,0.04272331
5830_NSMCE4A_P1P2_ENSG00000107672,-0.04594437,0.05524577,0.053450312
9636_USP15_P1P2_ENSG00000135655,-0.021568589,0.055275306,0.071701914
7471_RPL39_P1P2_ENSG00000198918,0.06212224,0.055301335,0.043346655
6094_PAX7_P1P2_ENSG00000009709,-0.029990287,0.0553319,0.06463715
689_ATP7B_P1P2_ENSG00000123191,-0.008779629,0.055356193,0.0082191415
2635_ENDOD1_P1P2_ENSG00000149218,-0.015386336,0.055384167,0.081684396
5509_NCOA5_P1P2_ENSG00000124160,-0.003503464,0.055414394,0.038426373
4753_MAFB_P1P2_ENSG00000204103,0.009708521,0.055454273,0.021569898
4943_MED20_P1P2_ENSG00000124641,0.0047875885,0.055481464,0.05566639
3872_HNRNPL_P1_ENSG00000104824,-0.011781305,0.055592526,-0.012441869
5699_NKX6-1_P1P2_ENSG00000163623,-0.012299697,0.05569456,-0.06568228
9972_ZBTB16_P1P2_ENSG00000109906,-0.013071846,0.055697653,0.017738763
5335_MTMR4_P2_ENSG00000108389,0.011617647,0.055713467,0.07191219
6313_PHYH_P1P2_ENSG00000107537,-0.0056848465,0.05571962,0.0030342056
7025_RAB35_P1P2_ENSG00000111737,0.02062886,0.055756025,0.028273642
289_AMD1_P1P2_ENSG00000123505,0.029540474,0.055792194,-0.03565679
9073_TMEM41B_P1P2_ENSG00000166471,0.043350786,0.055851478,-0.034222182
2876_ATPSCKMT_P1P2_ENSG00000150756,-0.007155081,0.055908307,0.046846114
4130_INO80_P1P2_ENSG00000128908,0.04559237,0.05594259,0.08109269
5667_NHP2_P1P2_ENSG00000145912,0.060524147,0.055943284,0.08566516
552_ARRDC4_P1P2_ENSG00000140450,-0.039543927,0.05595108,0.021185523
7547_CNOT9_P1P2_ENSG00000144580,-0.026566023,0.055967797,0.02172888
959_SPINDOC_P1P2_ENSG00000168005,-0.00034185546,0.056088567,0.012541934
9738_VPS13A_P1P2_ENSG00000197969,0.03273479,0.056203395,0.09449234
3682_HEBP2_P1P2_ENSG00000051620,-0.010086345,0.056248035,0.06606976
7485_RPN1_P1P2_ENSG00000163902,-0.04323524,0.05625875,0.028610885
4071_IGFLR1_P1_ENSG00000126246,-0.014351247,0.056288388,0.043926455
6377_PISD_ENST00000266095.5_ENSG00000241878,-0.026804514,0.056467034,0.07188236
2457_EBPL_P1P2_ENSG00000123179,-0.013317583,0.05653607,0.033761613
8093_SLC4A1AP_P1P2_ENSG00000163798,-0.0005641756,0.056578726,0.013300617
7568_RRP9_P1P2_ENSG00000114767,0.0665349,0.056623053,0.049093228
7911_SIK3_P1P2_ENSG00000160584,-0.029015943,0.05670965,0.061978064
4844_MARCH3_P1P2_ENSG00000173926,-0.025193011,0.05673592,0.005962467
1316_CCNB1IP1_P1P2_ENSG00000100814,-0.007037576,0.056745004,0.010588742
2460_ECD_P1P2_ENSG00000122882,-0.045833357,0.0567791,0.018281618
2678_EPRS_P1P2_ENSG00000136628,-0.11686589,0.056883268,0.025680905
2993_FBXL14_P1P2_ENSG00000171823,0.05927301,0.057012606,0.04732193
9174_TOP1_P1P2_ENSG00000198900,0.13240166,0.057057973,0.10908709
6155_PDCD4_P2_ENSG00000150593,-0.036904365,0.057060633,0.042778797
2544_EIF3A_P1P2_ENSG00000107581,-0.021631623,0.057264958,0.029994456
5232_MRPL49_P1P2_ENSG00000149792,-0.085173264,0.0573176,0.009882778
9925_YEATS2_P1P2_ENSG00000163872,0.1360899,0.057341818,0.11784253
4904_MCM7_P1P2_ENSG00000166508,-0.011066144,0.057384375,0.058089238
6195_PDRG1_P1P2_ENSG00000088356,-0.028505113,0.057392616,0.02114221
5730_NOC3L_P1P2_ENSG00000173145,0.10209615,0.05740747,0.06321649
7459_RPL31_P1P2_ENSG00000071082,0.162781,0.057445582,0.040710844
616_ATG12_P1P2_ENSG00000145782,0.003949878,0.05751017,0.016903345
6797_PRPF3_P1P2_ENSG00000117360,-0.068357006,0.057624318,0.04391149
10522_ZNF644_P1P2_ENSG00000122482,-0.0056429417,0.057631355,0.024740206
626_ATG5_P1P2_ENSG00000057663,-0.0009797257,0.05771687,0.0286132
2104_DDX17_P1P2_ENSG00000100201,0.0066062696,0.05772946,0.038600225
6636_PPIP5K2_P1P2_ENSG00000145725,-0.02320782,0.05780971,0.025743267
9841_WDR75_P1P2_ENSG00000115368,0.13669816,0.05782933,0.029372994
5872_NUDT3_P1P2_ENSG00000272325,-0.06780394,0.05783222,-0.008644742
5068_MIER1_P1_ENSG00000198160,0.02352912,0.057880305,0.050462835
3163_FOXI3_P1P2_ENSG00000214336,0.016528118,0.0578859,0.05574975
10025_ZC3H4_P1_ENSG00000130749,-0.016702458,0.05789535,0.0398268
2723_ERVW-1_ENST00000493463.2_ENSG00000242950,0.013115289,0.057969805,0.02370157
5772_NPRL2_P1P2_ENSG00000114388,0.05110692,0.05799647,0.03148688
6788_PROSER2_P1P2_ENSG00000148426,-0.018865664,0.05800081,0.049297452
5146_MON1A_P1P2_ENSG00000164077,0.0779598,0.05804346,0.0471523
7449_RPL23A_P1P2_ENSG00000198242,0.15627381,0.058064424,-0.0052765002
3566_GTF2A1_P1P2_ENSG00000165417,0.10043227,0.058114402,0.09675162
4691_LSM2_P1P2_ENSG00000204392,-0.054180082,0.05816988,0.052602664
3265_GALK2_P2_ENSG00000156958,-0.022562487,0.05820684,0.026994925
1192_CARF_P1P2_ENSG00000138380,0.061666608,0.05823903,0.037196707
654_ATP5F1B_P1P2_ENSG00000110955,-0.096859746,0.05829413,0.059533406
7245_RFC1_P1P2_ENSG00000035928,-0.02259238,0.058319863,0.032621697
9396_TTF1_P1P2_ENSG00000125482,0.12438228,0.058378402,0.045893677
4454_KNOP1_P1P2_ENSG00000103550,-0.011209599,0.05839151,0.026369892
6803_PRPF8_P1P2_ENSG00000174231,-0.046255674,0.058422584,0.037051715
10007_ZBTB6_P1P2_ENSG00000186130,-0.019821972,0.05845333,0.07832924
9482_UBA52_P1_ENSG00000221983,0.15359485,0.058538962,0.036151752
7519_RPS28_P1P2_ENSG00000233927,0.07066435,0.058566306,0.043065272
10519_ZNF638_P1P2_ENSG00000075292,-0.026022688,0.058628324,0.0631766
1470_CEBPZ_P1P2_ENSG00000115816,0.09917888,0.058640715,0.07535111
4539_LCP2_P1P2_ENSG00000043462,0.007326183,0.058681197,0.033343066
9824_WDR46_P1P2_ENSG00000227057,0.077783,0.058695927,0.06943862
4857_MARS_P1P2_ENSG00000166986,-0.08479285,0.05891328,0.07525924
6922_PTPMT1_P1P2_ENSG00000110536,-0.03406435,0.058957335,0.04487367
7460_RPL32_P1P2_ENSG00000144713,0.09064271,0.058986053,0.03994719
2110_DDX20_P1P2_ENSG00000064703,-0.1199643,0.059040524,0.12736388
2901_FAM20B_P1P2_ENSG00000116199,0.011243037,0.05909324,0.047163177
6521_POLE2_P1P2_ENSG00000100479,-0.0033275015,0.059151087,0.045647666
3969_HSP90B1_P1P2_ENSG00000166598,-0.021775538,0.05915497,0.038624763
10183_ZNF16_P1P2_ENSG00000170631,-0.008666114,0.059172522,0.014866755
6760_PRKCA_P1P2_ENSG00000154229,0.029873695,0.059273046,0.026291005
5702_NLE1_P1P2_ENSG00000073536,0.09660832,0.059327036,0.060908895
5685_NKIRAS2_P1P2_ENSG00000168256,-0.0008465456,0.059366282,0.034526143
5485_NBR1_P1P2_ENSG00000188554,0.0036950125,0.05937816,-0.022423426
3701_HES4_P1P2_ENSG00000188290,-0.017163116,0.05939367,-0.0032826683
678_ATP6V0E2_P1P2_ENSG00000171130,0.00093561254,0.059411827,0.0067753145
8957_TM7SF3_P1P2_ENSG00000064115,-0.0061159157,0.059469905,0.032898534
859_BMS1_P1P2_ENSG00000165733,0.07291377,0.05947107,-0.0289405
3146_FOXB2_ENST00000376708.1_ENSG00000204612,-0.0061371326,0.05950991,0.05842775
9107_TMOD1_P1P2_ENSG00000136842,-0.027996328,0.059530694,0.042891443
5107_MLF2_P1P2_ENSG00000089693,-0.03888893,0.05961831,0.006882751
3599_GUCD1_P1P2_ENSG00000138867,-0.021425502,0.059645105,0.070949644
4805_MAP2K7_P1P2_ENSG00000076984,0.057780802,0.059682135,0.10630634
7203_RCCD1_P2_ENSG00000166965,0.029297905,0.05970847,0.028337246
1633_CLASP1_P1P2_ENSG00000074054,-0.037969254,0.059772678,0.0009740571
4465_KPTN_P1P2_ENSG00000118162,0.007315896,0.05977301,-0.00808166
5241_MRPS10_P1P2_ENSG00000048544,-0.029195456,0.059809383,0.03237547
9821_WDR44_P1P2_ENSG00000131725,-0.0008991394,0.059875164,0.012817191
8158_SMC4_P1_ENSG00000113810,-0.054269202,0.059879422,0.0188785
10193_ZNF189_P1P2_ENSG00000136870,-0.038783256,0.059977036,0.018431205
4593_LIN52_P1P2_ENSG00000205659,0.03892083,0.06000612,0.015566793
189_AGO1_P1P2_ENSG00000092847,-0.008510383,0.060022578,0.013332411
6865_PSMD11_P1P2_ENSG00000108671,-0.0053966152,0.06002388,0.023708237
3946_HSCB_P1P2_ENSG00000100209,-0.01254782,0.060025614,0.031205336
4106_IMMT_P1P2_ENSG00000132305,-0.04016999,0.060031142,0.003546162
2900_TASOR2_P1P2_ENSG00000108021,0.0022329001,0.060088508,0.022145122
7415_RORC_P2_ENSG00000143365,-0.037953515,0.060281333,0.08749266
5649_NFKBIE_P1P2_ENSG00000146232,0.020288814,0.060304914,0.073773175
8857_TFRC_P1P2_ENSG00000072274,-0.006206597,0.060335346,0.025945676
10123_ZIC5_P1P2_ENSG00000139800,-0.008598314,0.06036447,-0.015525413
4963_MEF2D_P1P2_ENSG00000116604,-0.022026079,0.060491942,0.01563002
8613_SWSAP1_P1P2_ENSG00000173928,0.021448687,0.060660616,0.033689294
1209_CASP9_P1P2_ENSG00000132906,0.026776493,0.060662523,-0.0007758893
4620_LMO4_P1P2_ENSG00000143013,-0.010276622,0.060758423,0.0013375372
8076_SLC39A4_P2_ENSG00000147804,-0.018058106,0.06078366,0.027791956
5334_MTMR3_P1P2_ENSG00000100330,0.03555739,0.06078691,0.019721858
1577_CHKB_P1P2_ENSG00000100288,-0.020237401,0.06079488,0.08324542
6886_PSMG3_P1_ENSG00000157778,-0.073987894,0.060796317,-0.028133338
3525_GRAMD4_ENST00000406902.1_ENSG00000075240,0.031710163,0.06085182,0.014515702
8605_SURF6_P1P2_ENSG00000148296,0.06797926,0.060853463,0.10524802
1311_CCDC97_P1P2_ENSG00000142039,-0.010447893,0.060877856,0.01921902
614_ATF7_P1P2_ENSG00000170653,-0.028494375,0.060878586,0.021499105
6024_PABPC1_P1P2_ENSG00000070756,-0.07235477,0.060993847,-0.015792875
8663_TAF3_P1P2_ENSG00000165632,0.05484621,0.061017923,0.017376365
6769_PRKRA_P1P2_ENSG00000180228,0.00958762,0.061031096,0.039376713
7426_RPF1_P1P2_ENSG00000117133,0.12976058,0.061043523,0.061791524
490_ARID3A_P1P2_ENSG00000116017,-0.012425785,0.061065655,0.00999683
3134_FOLR3_P2_ENSG00000110203,-0.08196102,0.061100427,0.08356144
2309_DNASE2_P1P2_ENSG00000105612,0.010913851,0.061175298,0.008259025
3776_HIST1H4A_ENST00000359907.3_ENSG00000278637,-0.0058685965,0.061252322,0.000978375
6542_POLR2C_P1P2_ENSG00000102978,0.02048227,0.06129693,0.008129746
6467_PLTP_P1_ENSG00000100979,0.025659405,0.061399266,0.028664267
1469_CEBPG_P1P2_ENSG00000153879,0.019509185,0.061435428,0.09255926
7256_COP1_P1P2_ENSG00000143207,0.007030798,0.061542813,0.001959475
7942_MTREX_P1P2_ENSG00000039123,-0.03949235,0.061560433,0.035372864
9398_TTI1_P1P2_ENSG00000101407,-0.013471259,0.06171241,-0.11261881
23_ABCB8_P1P2_ENSG00000197150,0.041584633,0.06173782,0.08395238
8334_SPCS2_P1P2_ENSG00000118363,-0.03959449,0.061761964,-0.015979169
4341_KIAA0100_P1P2_ENSG00000007202,-0.054623485,0.061797637,0.047570627
9309_TRMT2A_P1P2_ENSG00000099899,0.008872619,0.06183522,0.028480416
6643_PPM1H_P1P2_ENSG00000111110,-0.013981391,0.06193189,0.016913323
11220_non-targeting_non-targeting_non-targeting,0.06505069,0.061958734,0.05463829
7943_SKIV2L_P1P2_ENSG00000204351,0.06961121,0.06196057,0.017432176
497_ARIH1_P1P2_ENSG00000166233,-0.06798333,0.06199752,0.017102508
1843_CPSF4_P1P2_ENSG00000160917,0.013563361,0.062016003,0.056232452
382_AP3M2_P1P2_ENSG00000070718,-0.011829121,0.06218519,0.026853299
5809_NRBP1_P1P2_ENSG00000115216,0.07112205,0.062191766,-0.008208623
1709_CNIH4_P1P2_ENSG00000143771,-0.022892078,0.06233892,0.015124271
6524_POLE_P1P2_ENSG00000177084,-0.036631074,0.062364776,0.042790722
9409_TUBA1C_P1P2_ENSG00000167553,0.0145574175,0.06243523,0.039190896
9676_USP8_P1P2_ENSG00000138592,-0.02630622,0.062443696,0.054245356
378_AP2S1_P1P2_ENSG00000042753,0.005345101,0.06246048,0.0022660904
1329_CCNH_P1P2_ENSG00000134480,0.009171374,0.06247202,0.044589628
7648_SAP18_P1P2_ENSG00000150459,0.079114184,0.062482,0.047258478
8222_SNRNP70_P1P2_ENSG00000104852,0.06374664,0.062492236,-0.018424422
"4761_MAGEA3_ENST00000370278.3,ENST00000393902.3_ENSG00000221867",0.014584229,0.06250091,0.048314497
8109_SLC7A6OS_P1P2_ENSG00000103061,-0.008575685,0.06250425,0.047277566
2294_DNAJC21_P1P2_ENSG00000168724,0.02699914,0.06252544,0.074685454
5368_MYB_P1P2_ENSG00000118513,0.061105758,0.062569864,0.076679066
4693_LSM4_P1P2_ENSG00000130520,-0.02178051,0.06262324,0.0740531
4285_KATNBL1_P1P2_ENSG00000134152,-0.025580842,0.06266096,0.035702232
6605_PPAN_P1P2_ENSG00000130810,0.12599373,0.062678255,0.11590027
8208_SNAPC4_P1P2_ENSG00000165684,0.031346194,0.062691756,0.032148097
5089_NIFK_P1P2_ENSG00000155438,0.15430291,0.06269657,0.08017316
2129_DDX54_P1_ENSG00000123064,0.09934271,0.0627011,0.02283131
5582_NECAP2_P1P2_ENSG00000157191,0.017035492,0.06272925,0.052218594
7735_SEC14L1_P2_ENSG00000129657,-0.021441488,0.0627367,0.045361284
8351_SPG7_P1P2_ENSG00000197912,-0.0152539825,0.06274481,0.027701702
5255_MRPS25_P1P2_ENSG00000131368,-0.007867682,0.0627504,0.031165656
7752_SEC61B_P1P2_ENSG00000106803,-0.02567522,0.062787384,0.050675884
4585_LIME1_P2_ENSG00000203896,0.017425401,0.06283603,0.10234473
0_A1BG_P1_ENSG00000121410,-0.006528067,0.06284054,0.032301966
9479_UBA2_P1P2_ENSG00000126261,-0.05596229,0.06289526,0.057947453
1572_CHI3L2_P2_ENSG00000064886,-0.013234446,0.06293619,0.008105291
10923_non-targeting_non-targeting_non-targeting,-0.02054365,0.06293912,0.040313486
1544_CHAF1A_P1P2_ENSG00000167670,-0.14492773,0.0629969,0.04268541
2671_EPM2AIP1_P1P2_ENSG00000178567,-0.019826844,0.06300178,0.05566217
5016_MFAP1_P1P2_ENSG00000140259,-0.009918173,0.0630103,0.045137543
9008_TMEM158_P1P2_ENSG00000249992,0.004240565,0.06314096,-0.0058575356
6710_PQBP1_P1P2_ENSG00000102103,0.029280212,0.06317385,0.042440273
204_AHCY_P1P2_ENSG00000101444,0.046141773,0.063306004,0.033011507
8389_SPTSSA_P1P2_ENSG00000165389,-0.024877828,0.06331277,0.016948799
8552_STX18_P1P2_ENSG00000168818,-0.10990642,0.06332367,-0.007957986
731_B3GNTL1_P1_ENSG00000175711,-0.010431183,0.06333436,0.008005079
6110_PCBP1_P1P2_ENSG00000169564,-0.022070859,0.06339932,0.06280096
10857_non-targeting_non-targeting_non-targeting,0.029572243,0.06344786,0.04198965
2462_ECE2_P1P2_ENSG00000145194,-0.039144307,0.06349282,-0.0034098746
3975_HSPA1B_P2_ENSG00000204388,-0.036178693,0.06352899,0.06640473
2576_EIF5A_P1P2_ENSG00000132507,0.020600097,0.06356383,0.08090416
8214_SNIP1_P1P2_ENSG00000163877,-0.063136734,0.06364576,0.013599638
1598_CHRNB1_P1P2_ENSG00000170175,-0.023035841,0.06378304,0.010279322
1844_CPSF6_P1P2_ENSG00000111605,-0.05213449,0.0638344,0.08314209
7028_RAB3IL1_P1P2_ENSG00000167994,0.026915962,0.06385685,0.06215133
1652_CLHC1_P1P2_ENSG00000162994,-0.03799584,0.06388949,-0.050680164
1289_CCDC6_P1P2_ENSG00000108091,-0.08079055,0.063892156,-0.038114
9579_UGT8_P1P2_ENSG00000174607,-0.015879126,0.06394763,0.022543738
8695_TARS_P1P2_ENSG00000113407,-0.13626547,0.063966796,0.0763991
6118_PCED1A_P1P2_ENSG00000132635,-0.08671425,0.064001374,-0.03489329
629_ATIC_P1P2_ENSG00000138363,-0.0052475818,0.06400511,0.033743024
5910_NXF1_P1_ENSG00000162231,0.030169416,0.06409851,0.10558684
662_ATP5PD_P1P2_ENSG00000167863,-0.085169,0.06410133,0.09582327
4697_LSM7_P1P2_ENSG00000130332,-0.0711572,0.06415429,0.04861889
5860_NUDCD3_P1P2_ENSG00000015676,-0.12045009,0.0641847,0.09166496
8892_THOC7_P1P2_ENSG00000163634,-0.025520543,0.06424905,0.026529841
3640_HAUS7_P1_ENSG00000213397,0.0061169164,0.064258434,0.052107837
192_AGPAT1_P1_ENSG00000204310,-0.018630482,0.06428292,0.0007053365
8674_TAL1_ENST00000371884.2_ENSG00000162367,-0.00037126243,0.06429766,0.008046631
1530_CETN2_P2_ENSG00000147400,-0.035349052,0.06436918,0.08009865
5189_MRFAP1_P1P2_ENSG00000179010,0.0155363735,0.06437378,0.011790891
8401_SREBF1_P1_ENSG00000072310,-0.042839292,0.06438218,0.020110229
4701_LST1_P2_ENSG00000204482,-0.008549419,0.06444478,0.058579747
7997_SLC25A28_P1P2_ENSG00000155287,-0.0050204378,0.06457277,0.026641693
10687_ZNF883_P1P2_ENSG00000285447,-0.008576646,0.06464866,0.01529384
5550_NDUFAF7_P1P2_ENSG00000003509,0.018431837,0.06466461,0.103856966
10738_ZWINT_P1P2_ENSG00000122952,-0.08323124,0.064670704,-0.036715865
5504_NCL_P1_ENSG00000115053,0.07219622,0.06476324,0.08204194
9678_USPL1_P1P2_ENSG00000132952,-0.06553286,0.06476553,0.07660771
2482_EEF1A1_P1P2_ENSG00000156508,0.0041581774,0.0649377,0.05801605
100_ACSL3_P1P2_ENSG00000123983,-0.044319693,0.06506792,0.06594536
4329_KDM5C_P1P2_ENSG00000126012,-0.01595718,0.06514185,0.034121778
9639_USP1_P1P2_ENSG00000162607,-0.012851924,0.06516625,0.07046448
7488_RPP21_P1P2_ENSG00000241370,-0.018554535,0.06522915,0.08537703
4605_LLGL2_P2_ENSG00000073350,-0.06210327,0.0652476,-0.0053344527
4958_MED8_P1P2_ENSG00000159479,0.0009008403,0.065252766,0.06536524
2694_ERCC2_P1P2_ENSG00000104884,-0.058967765,0.065272756,0.046116017
2421_DYNC1H1_P1P2_ENSG00000197102,-0.041728023,0.06529123,0.046434913
7422_RPAP1_P1P2_ENSG00000103932,-0.038321454,0.06531025,0.054648776
2980_FASTK_P1P2_ENSG00000164896,0.014841334,0.06538674,0.008446244
9311_TRMT44_P1P2_ENSG00000155275,0.0034609537,0.06548044,0.045634095
7461_RPL34_P1P2_ENSG00000109475,0.1261045,0.065516986,0.024342077
8101_SLC5A3_P1P2_ENSG00000198743,-0.028460959,0.065528594,0.041269016
9169_TOMM6_P1P2_ENSG00000214736,-0.01703895,0.06553229,0.050999656
7565_RRP36_P1P2_ENSG00000124541,0.04057042,0.065539405,0.034520965
9457_TXNL4A_P1P2_ENSG00000141759,-0.053060666,0.06554532,-0.009457487
8190_SMU1_P1P2_ENSG00000122692,0.01663622,0.06556633,0.04112243
6026_PABPN1_P1P2_ENSG00000100836,0.047345705,0.065604545,0.015041014
6843_PSMA3_P1P2_ENSG00000100567,-0.02256923,0.06571624,0.015844796
8903_TIAL1_P1P2_ENSG00000151923,0.032630343,0.065745175,-0.0008650443
7564_RRP1_P1P2_ENSG00000160214,0.030412162,0.0660494,0.08906949
7496_RPRD2_P1P2_ENSG00000163125,0.02086515,0.06605076,0.056636993
1842_CPSF3_P1P2_ENSG00000119203,-0.066322826,0.066150986,0.06568848
3087_FIS1_P1_ENSG00000214253,-0.010136662,0.06615771,0.065358676
1532_CFDP1_P1_ENSG00000153774,-0.028883466,0.06630079,0.032505818
9256_TRERF1_P1P2_ENSG00000124496,-0.03372382,0.06648491,0.07337114
6040_PAICS_P1P2_ENSG00000128050,0.01819807,0.06653045,0.010531429
6517_POLD3_P1P2_ENSG00000077514,-0.07936965,0.06656129,0.019630197
4887_MBTPS1_P1P2_ENSG00000140943,-0.009837886,0.06658683,0.012837208
6798_PRPF40A_P1P2_ENSG00000196504,-0.070734814,0.066592105,-0.004417931
7423_RPAP2_P1P2_ENSG00000122484,-0.055530287,0.06675225,0.07967619
6795_PRPF38B_P1P2_ENSG00000134186,-0.099364884,0.06677175,0.027577916
7141_RBBP5_P1P2_ENSG00000117222,0.038392648,0.06679622,0.018136125
7726_SDHB_P1P2_ENSG00000117118,-0.06440843,0.066805564,0.08091318
9087_TMEM62_P1P2_ENSG00000137842,0.011457748,0.06689886,0.0597655
3541_GRPEL1_P1P2_ENSG00000109519,-0.06372055,0.06690835,0.07820419
1782_COPS6_P1P2_ENSG00000168090,-0.027734192,0.06699398,0.03352182
9475_U2SURP_P1P2_ENSG00000163714,-0.10086857,0.067006394,0.06154406
10736_ZW10_P1P2_ENSG00000086827,-0.06938464,0.067017004,0.007937803
1745_COG6_P1P2_ENSG00000133103,-0.001835287,0.0670856,0.011806539
3802_HJURP_P1P2_ENSG00000123485,-0.030365134,0.06709952,0.019537628
5826_NSL1_P1P2_ENSG00000117697,-0.064111136,0.06721931,0.010161408
2685_EPS8L1_P2_ENSG00000131037,0.041759666,0.06732365,0.029697457
3406_GLS_P1P2_ENSG00000115419,-0.034554116,0.06740219,0.066513225
5768_NPLOC4_P1P2_ENSG00000182446,-0.009650544,0.06744172,0.037478022
7713_SDAD1_P1P2_ENSG00000198301,0.09746847,0.067486964,0.058013864
7252_RFK_P1P2_ENSG00000135002,-0.029947376,0.06748937,0.088430144
10426_ZNF532_P2_ENSG00000074657,0.005966973,0.06765737,0.036735278
670_ATP6AP1_P1P2_ENSG00000071553,-0.034738198,0.067698516,0.0070286402
1788_COPZ1_P1_ENSG00000111481,-0.016222017,0.06777164,0.013345013
7398_RNFT1_P1P2_ENSG00000189050,-0.013442554,0.06783491,0.012703433
10702_ZNHIT6_P1P2_ENSG00000117174,0.07708984,0.067965806,0.048130505
2545_EIF3B_P1P2_ENSG00000106263,0.009751422,0.06802602,0.008463691
7163_RBM19_P1P2_ENSG00000122965,0.078643166,0.06814058,0.10310859
6263_PGPEP1_P1P2_ENSG00000130517,0.017529624,0.06814475,0.05757867
3234_FYTTD1_P1P2_ENSG00000122068,0.023872042,0.06818446,0.053613912
7166_RBM25_P1P2_ENSG00000119707,-0.13057393,0.068226136,0.05143588
1002_C17orf49_P2_ENSG00000258315,-0.0060418644,0.068254784,-0.002549781
3731_HINFP_P1P2_ENSG00000172273,-0.04735604,0.06832864,0.028445115
7375_RNF20_P1P2_ENSG00000155827,0.049294718,0.06837265,0.017918956
4004_IARS_P1P2_ENSG00000196305,-0.10740777,0.068568535,0.05047347
4522_LARS_P1P2_ENSG00000133706,-0.084521756,0.06866771,0.14752556
9766_VPS72_P1P2_ENSG00000163159,-0.0818633,0.068672486,0.037782844
7458_RPL30_P1P2_ENSG00000156482,0.12941858,0.06877692,0.061736565
683_ATP6V1E1_P1P2_ENSG00000131100,-0.019095385,0.06884051,0.027540555
4913_MCU_P1P2_ENSG00000156026,-0.106832296,0.06895504,0.050374072
1918_CSTF3_P1P2_ENSG00000176102,-0.00524912,0.069081165,0.027943663
7481_RPL9_P1P2_ENSG00000163682,0.08691954,0.069113,0.038560685
4653_LRPPRC_P1P2_ENSG00000138095,0.071593344,0.06912732,0.085764006
2048_DCAF10_P1P2_ENSG00000122741,-0.044290505,0.0691274,0.015843624
2111_DDX21_P1P2_ENSG00000165732,0.11922344,0.06913153,0.083534874
7487_RPP14_P1P2_ENSG00000163684,0.11720187,0.069160625,0.04470391
8462_SSX2IP_P1P2_ENSG00000117155,0.031831156,0.06921908,0.09431036
4947_MED24_P1P2_ENSG00000008838,0.08576834,0.06928453,0.038507905
4619_LMO2_P1P2_ENSG00000135363,-0.018495793,0.06942873,0.018505491
9833_WDR61_P1P2_ENSG00000140395,-0.09540094,0.06949623,0.03210254
7602_RUNX2_P1_ENSG00000124813,0.0062435092,0.06958353,-0.0066441963
3672_HDHD2_P1P2_ENSG00000167220,-0.044564333,0.06961767,0.10020734
8618_SYF2_P1P2_ENSG00000117614,-0.051478904,0.06963674,0.07280501
6556_POLR3B_P1P2_ENSG00000013503,0.021681787,0.06963948,0.08338351
373_AP2A1_P1P2_ENSG00000196961,0.042947553,0.06966103,0.033618208
4631_LPCAT2_P1P2_ENSG00000087253,-0.006982862,0.06966826,0.042625897
1770_COPA_P1P2_ENSG00000122218,-0.04983862,0.06976432,0.03456052
7478_RPL7L1_P1P2_ENSG00000146223,0.16443552,0.06981056,0.05258985
4871_MAX_P1P2_ENSG00000125952,-0.008396276,0.069834754,0.020935955
2113_DDX24_P1P2_ENSG00000089737,0.153217,0.06986406,0.06244577
10345_ZNF41_P1P2_ENSG00000147124,-0.07155847,0.06995044,0.015598158
4274_KAT2A_P1P2_ENSG00000108773,0.053353775,0.070023224,0.07374736
1245_CCDC115_P1P2_ENSG00000136710,-0.027443327,0.070091136,0.044544492
4868_MAU2_P1P2_ENSG00000129933,0.08644748,0.07009882,0.039341304
6844_PSMA4_P1P2_ENSG00000041357,-0.03960112,0.070117734,-2.0819902e-05
1840_CPSF2_P1P2_ENSG00000165934,-0.094933316,0.07015844,0.15267874
7511_RPS21_P1P2_ENSG00000171858,0.082123,0.07033818,0.0317068
339_ANKRD39_P1P2_ENSG00000213337,-0.025658147,0.07038976,0.104703695
3948_HSD17B10_P1P2_ENSG00000072506,0.00985299,0.07040353,0.04100167
8446_SSBP1_P1P2_ENSG00000106028,0.03994279,0.07041701,0.08464243
8855_TFPT_P1P2_ENSG00000105619,0.057275556,0.07045585,0.0805319
6214_PELO_P1_ENSG00000152684,-0.057881337,0.07048936,0.048607767
4158_IP6K1_P1P2_ENSG00000176095,-0.04062841,0.07051737,0.102428235
1964_CUL4B_P1P2_ENSG00000158290,0.016025217,0.0705493,0.037945855
7453_RPL26_P1P2_ENSG00000161970,0.17713858,0.07055862,0.097556315
3369_GINS1_P1P2_ENSG00000101003,-0.056699842,0.070629515,0.0474775
8563_STXBP3_P1P2_ENSG00000116266,-0.004605518,0.070688896,-0.0042006513
1352_CCT8_P1P2_ENSG00000156261,-0.05190731,0.07072824,-0.020622332
2983_FAU_P1P2_ENSG00000149806,0.043239113,0.07089002,0.0074742567
3215_FUBP1_P1P2_ENSG00000162613,0.048214655,0.07104934,0.080148794
9428_TUBGCP5_P1P2_ENSG00000275835,-0.0012191798,0.07106128,-0.03612886
9814_WDR33_P1P2_ENSG00000136709,-0.037816674,0.07112194,0.019693417
8816_TELO2_P1P2_ENSG00000100726,-0.020362472,0.07122445,-0.10098148
3551_GSK3B_P1P2_ENSG00000082701,0.03191415,0.07124775,0.06682776
105_ACTG1_P1P2_ENSG00000184009,0.0016351086,0.071312696,0.0637881
3935_HPS5_P1P2_ENSG00000110756,-0.019765059,0.071317054,0.056273784
4998_METTL21A_P1P2_ENSG00000144401,0.04000564,0.071351215,0.07574529
6098_PAXBP1_P1P2_ENSG00000159086,0.035329778,0.07136374,0.037252195
2542_EIF2S2_P1P2_ENSG00000125977,-0.019471167,0.07137783,0.062340498
2336_DONSON_P1P2_ENSG00000159147,-0.035157267,0.07141722,0.05585642
7474_RPL4_P1P2_ENSG00000174444,0.101772085,0.07163783,0.055846635
4110_IMPA2_P1P2_ENSG00000141401,0.113304526,0.07169561,0.058570568
9172_TONSL_P1P2_ENSG00000160949,-0.10456923,0.07171554,0.059339248
6261_PGM2_P1P2_ENSG00000169299,-0.03176748,0.0717539,0.07324525
1223_CBL_P1P2_ENSG00000110395,0.024539307,0.07181331,0.024017822
6947_PUF60_P1P2_ENSG00000179950,0.005727492,0.07181602,0.08390873
8670_TAF8_P1P2_ENSG00000137413,-0.0065983282,0.07186975,-0.027584825
109_ACTR10_P1P2_ENSG00000131966,-0.017038645,0.07195075,0.04492039
669_DMAC2L_P1P2_ENSG00000125375,-0.001987573,0.07198797,0.049807534
4713_LTV1_P1P2_ENSG00000135521,0.04449772,0.07212563,0.018155169
8912_TIGD7_P1P2_ENSG00000140993,0.0063431454,0.07214386,0.026013477
5869_NUDT21_P1P2_ENSG00000167005,-0.043695386,0.07220297,0.13546242
7311_RIOK1_P1P2_ENSG00000124784,0.08864517,0.07220951,0.010469612
6493_PNO1_P1P2_ENSG00000115946,0.07822419,0.072282925,0.035868842
7711_SCYL1_P1P2_ENSG00000142186,-0.050590314,0.07238605,-0.0027612015
7053_RABL3_P1P2_ENSG00000144840,-0.0064341845,0.072447844,0.053368457
10595_ZNF729_P1P2_ENSG00000196350,-0.05456901,0.072470814,0.064456575
937_BUD13_P1P2_ENSG00000137656,-0.022086808,0.072482444,0.024877334
7206_RCL1_P1P2_ENSG00000120158,0.10015989,0.07250638,0.058015134
2580_EIF6_P1P2_ENSG00000242372,0.12152942,0.07250858,0.064680345
3435_GNB1_P1P2_ENSG00000078369,-0.0010265931,0.07253693,0.0742605
9474_U2AF2_P1P2_ENSG00000063244,-0.054995954,0.07260184,0.05506589
182_AGBL5_P1_ENSG00000084693,-0.018940222,0.07268618,0.017015781
6154_PDCD2_P1P2_ENSG00000071994,0.03636063,0.072776936,0.09496205
3570_GTF2E2_P1P2_ENSG00000197265,-0.042100202,0.07278218,0.032288708
6279_PHF10_P1P2_ENSG00000130024,-0.09160828,0.072964,0.05951478
5707_NMD3_P1P2_ENSG00000169251,0.091432266,0.07304461,0.060100596
2548_EIF3D_P1P2_ENSG00000100353,-0.14398286,0.07309081,0.008726996
"7696_SCLY_ENST00000254663.6,ENST00000555827.1_ENSG00000132330",-0.023615474,0.073198386,0.06338213
600_ATAD3A_P1P2_ENSG00000197785,-0.03071845,0.07323252,0.1066277
33_ABCF1_P1_ENSG00000204574,0.062393095,0.07335492,0.03898745
9896_XPO1_P1P2_ENSG00000082898,0.03343454,0.07350815,0.03591839
760_BAP1_P1P2_ENSG00000163930,-0.005296652,0.0735294,0.05839381
1538_CFLAR_P1_ENSG00000003402,-0.041438222,0.07369985,0.07802342
686_ATP6V1G1_P1P2_ENSG00000136888,-0.07057975,0.07381323,0.05321941
7917_SIN3A_P2_ENSG00000169375,0.017604016,0.073819846,0.037440203
7445_RPL21_P1P2_ENSG00000122026,0.12604603,0.07385345,0.07717049
1990_CYB5B_P1P2_ENSG00000103018,0.00021243095,0.07389459,0.07527218
9461_TXN_P1P2_ENSG00000136810,-0.04434906,0.07394736,0.006945262
7479_RPL7_P1P2_ENSG00000147604,0.13470785,0.074010484,0.033465765
1771_COPB1_P1P2_ENSG00000129083,-0.045914944,0.074194565,0.028001579
8905_TIFA_P1P2_ENSG00000145365,0.025402535,0.074232526,0.12067316
2502_EFTUD2_P1P2_ENSG00000108883,-0.037453625,0.07424042,0.063380234
6548_POLR2G_P1P2_ENSG00000168002,-0.009620349,0.07428617,0.09841938
6537_POLR1D_P1_ENSG00000186184,0.2954698,0.07432278,0.045323737
983_C14orf93_P1_ENSG00000100802,-0.01820451,0.07456508,0.061206724
6858_PSMC2_P1P2_ENSG00000161057,-0.010013417,0.07467757,-0.022108639
2789_EXOSC2_P1P2_ENSG00000130713,-0.0071702166,0.074786834,0.021964107
176_AFG3L2_P1P2_ENSG00000141385,-0.059751347,0.07482295,0.119948305
9938_YKT6_P1P2_ENSG00000106636,-0.032263286,0.07490929,0.031136196
2442_E2F5_P1P2_ENSG00000133740,0.02427511,0.07506829,0.044521328
9489_UBAP1_P1P2_ENSG00000165006,-0.010106444,0.0751598,0.04028937
4942_MED1_P1P2_ENSG00000125686,0.006751608,0.075198635,0.0045715747
8433_SRSF3_P1P2_ENSG00000112081,0.033077944,0.0753485,0.050163023
9916_YAE1_P1P2_ENSG00000241127,0.037858956,0.07535473,0.023977326
5130_MNT_P1P2_ENSG00000070444,0.023578364,0.07540338,0.04784744
5731_NOC4L_P1P2_ENSG00000184967,0.10178377,0.07551067,0.0077551682
4547_LEF1_P2_ENSG00000138795,-0.030964578,0.07566305,0.033295546
6715_PRAME_P1P2_ENSG00000185686,0.002830227,0.075777866,0.011007786
2235_DKC1_P1P2_ENSG00000130826,0.09004715,0.075857356,0.015351621
1956_CTU1_P1P2_ENSG00000142544,-0.04251816,0.07595073,0.07605283
8820_TERF2_P1P2_ENSG00000132604,-0.022841431,0.07598342,0.0580156
3220_FUNDC2_P1P2_ENSG00000165775,0.0056827078,0.07630226,-0.020117851
4752_MAFA_P1P2_ENSG00000182759,-0.01839574,0.07633651,0.053915724
6565_POLRMT_P1P2_ENSG00000099821,0.07306797,0.076398104,0.12024393
5835_NSUN5_P1P2_ENSG00000130305,-0.00021903691,0.07645728,0.039139368
7538_RPS8_P1P2_ENSG00000142937,0.029345527,0.076483645,0.09883095
936_BUB3_P1P2_ENSG00000154473,-0.053208686,0.07651699,0.036803536
7498_RPS10_P1P2_ENSG00000124614,0.095308684,0.07652691,0.030069133
"7854_SGK3_ENST00000396596.1,ENST00000522398.1_ENSG00000104205",-0.05254554,0.076686025,0.054753177
4921_MDN1_P1P2_ENSG00000112159,0.08573738,0.07672809,0.08079227
7834_SF3A3_P1P2_ENSG00000183431,-0.039626427,0.076749876,0.0589651
6550_POLR2I_P1P2_ENSG00000105258,-0.028079972,0.07679755,0.044629235
7611_RWDD3_P1P2_ENSG00000122481,-0.009755473,0.07689354,-0.004763775
2212_DHX36_P1P2_ENSG00000174953,-0.09553302,0.077027306,0.0066226632
1167_CAMLG_P1P2_ENSG00000164615,-0.074956976,0.07725018,-0.0027077596
5128_MNAT1_P1P2_ENSG00000020426,-0.0211693,0.07727447,0.04937341
6802_PRPF6_P1P2_ENSG00000101161,-0.032640792,0.07731757,0.14903283
3381_GKAP1_P1P2_ENSG00000165113,0.03591993,0.07734052,0.069567904
3736_HIPK1_P1P2_ENSG00000163349,-0.03005596,0.07745668,0.07195039
10500_ZNF610_P1P2_ENSG00000167554,0.0028482112,0.07750271,0.06058049
3681_HEBP1_P1P2_ENSG00000013583,0.009040775,0.077722564,0.031992666
4414_KLF16_P1P2_ENSG00000129911,-0.06079762,0.077766724,0.032169823
7246_RFC2_P1P2_ENSG00000049541,-0.07686401,0.077831574,0.07398612
7500_RPS12_P1P2_ENSG00000112306,0.0787807,0.077838294,0.004686734
3573_GTF2H1_P1P2_ENSG00000110768,-0.08811922,0.07796246,0.08820776
7733_SEC11C_P1P2_ENSG00000166562,0.023909027,0.07800021,-0.023848366
1203_CASP3_P1P2_ENSG00000164305,-0.030408029,0.07803505,0.031788837
6615_PPDPF_P1P2_ENSG00000125534,-0.0012855466,0.07807768,0.08318899
9250_TRAPPC5_P1P2_ENSG00000181029,-0.07826918,0.07812301,0.015273779
5732_NOL10_P1P2_ENSG00000115761,0.09308576,0.078173675,0.036060356
964_C12orf45_P1P2_ENSG00000151131,0.06790532,0.078256324,0.025282018
1478_CENPC_P1P2_ENSG00000145241,-0.032400575,0.07840807,0.022829471
66_ACAD10_P1P2_ENSG00000111271,-0.005673522,0.07843417,0.034638476
7774_SENP5_P1P2_ENSG00000119231,0.010400499,0.07844658,0.0038558964
9777_VWA1_P1P2_ENSG00000179403,-0.023193501,0.078472696,0.076039754
5677_NIPBL_P1P2_ENSG00000164190,0.005772372,0.07850337,0.030516438
5601_NELFE_P1P2_ENSG00000204356,0.015636286,0.078596234,0.04912617
934_BUB1B_P1P2_ENSG00000156970,-0.031210685,0.07873568,0.055328246
9910_XRN1_P1P2_ENSG00000114127,-0.0035834187,0.07888269,0.023063838
1479_CENPE_P1P2_ENSG00000138778,-0.009754399,0.07890948,0.033211254
8662_TAF2_P1P2_ENSG00000064313,-0.031091167,0.079298615,-0.055991676
3042_FCF1_P1P2_ENSG00000119616,0.11786687,0.07935946,0.03831571
4061_IGBP1_P1P2_ENSG00000089289,0.0183027,0.07943032,0.085822634
946_C10orf88_P1P2_ENSG00000119965,-0.013753716,0.079488896,0.07063316
8772_TCERG1_P1P2_ENSG00000113649,-0.017395161,0.07967156,0.012706949
6625_PPIE_P1P2_ENSG00000084072,0.02773124,0.07978036,0.018279763
228_AKAP11_P1P2_ENSG00000023516,0.0051016533,0.079873435,0.11205975
786_BCAS2_P1P2_ENSG00000116752,-0.057370033,0.079896234,0.018828286
3177_FOXO1_P1P2_ENSG00000150907,0.0063410657,0.080054335,0.040324755
"1422_CDK11B_ENST00000317673.7,ENST00000340677.5,ENST00000407249.3_ENSG00000248333",-0.03661928,0.080057316,0.020189885
5762_NPAT_P1P2_ENSG00000149308,-0.007928368,0.08007741,0.14967777
7525_RPS3_P1_ENSG00000149273,0.12628305,0.08010255,-0.021561634
901_BRIX1_P1P2_ENSG00000113460,0.11215908,0.08013181,0.034554634
4002_IAH1_P1P2_ENSG00000134330,-0.012637141,0.080369264,0.046670664
3342_GFER_P1P2_ENSG00000127554,-0.07455695,0.080379575,0.067911
4206_ISCU_P1P2_ENSG00000136003,-0.031545956,0.08040314,-0.012946144
10790_non-targeting_non-targeting_non-targeting,-0.06659885,0.08045945,0.052309465
7439_RPL15_P1P2_ENSG00000174748,0.06279765,0.080497734,0.018046053
7497_RPS10-NUDT3_P1P2_ENSG00000270800,0.10218148,0.080650605,0.06356985
2973_FARSA_P1P2_ENSG00000179115,-0.15692481,0.08067274,0.0644325
5600_NELFCD_P1P2_ENSG00000101158,0.037504416,0.08070657,0.08293577
10114_ZGPAT_P1P2_ENSG00000197114,0.010783411,0.080717765,0.05852817
9480_UBA3_P1P2_ENSG00000144744,0.064159274,0.08072153,0.107271835
1200_KNL1_P1P2_ENSG00000137812,-0.039230853,0.0808085,0.011520931
8271_SON_P1_ENSG00000159140,-0.043365072,0.08084776,0.062394142
323_ANKRA2_P1P2_ENSG00000164331,-0.0021042302,0.080875225,0.018215572
8996_TMEM129_P1P2_ENSG00000168936,-0.014564113,0.08092333,0.056185983
6150_PDAP1_P1P2_ENSG00000106244,-0.031401873,0.08097683,0.04058083
7503_RPS15A_P1P2_ENSG00000134419,0.09423145,0.08098638,0.01302874
1841_INTS11_P1P2_ENSG00000127054,0.017690679,0.08102836,0.07464547
10020_ZC3H13_P1P2_ENSG00000123200,-0.070934236,0.08106978,-0.0110541405
1484_CENPK_P1P2_ENSG00000123219,-0.04178354,0.08112806,0.04855667
2132_DDX56_P1P2_ENSG00000136271,0.23035125,0.08125852,0.11322346
7540_RPSA_P1P2_ENSG00000168028,0.07833168,0.081400976,0.021466197
1097_C5orf22_P1P2_ENSG00000082213,-0.013071559,0.0814097,0.012589413
4401_KIN_P1P2_ENSG00000151657,0.00463997,0.081529506,0.029124817
1011_C18orf21_P1P2_ENSG00000141428,0.07218361,0.0816751,0.053346597
8703_TAZ_P1P2_ENSG00000102125,-0.048122924,0.081741,0.037786905
8426_SRRT_P1P2_ENSG00000087087,-0.069730334,0.08176112,0.042604882
5653_NFU1_P1P2_ENSG00000169599,0.020572204,0.08188301,0.08137604
5499_NCKAP1_P1P2_ENSG00000061676,0.022355117,0.08221952,0.037668046
5619_NF1_P1P2_ENSG00000196712,0.003997298,0.08246946,0.0023021607
265_ALG13_P1P2_ENSG00000101901,-0.006683953,0.08247926,0.0652987
4433_KLHL12_P1P2_ENSG00000117153,-0.065146565,0.08249806,0.07158504
9763_VPS52_P1P2_ENSG00000223501,-0.0051737153,0.08253348,0.054133784
2858_FAM136A_P1P2_ENSG00000035141,0.036164727,0.082950205,-0.010678291
5852_NUBP1_P1P2_ENSG00000103274,-0.023878207,0.083038375,0.043397553
7659_SART3_P1P2_ENSG00000075856,-0.08878347,0.083065785,0.054304276
8710_TBC1D1_ENST00000261439.4_ENSG00000065882,0.091321565,0.08308113,0.02775749
6792_PRPF19_P1P2_ENSG00000110107,-0.015758548,0.08323477,-0.031329393
5418_N4BP2L2_P1P2_ENSG00000244754,0.028902901,0.083334744,0.044999577
895_BABAM2_P1P2_ENSG00000158019,-0.014950389,0.08347458,-0.00014244337
7512_RPS23_P1P2_ENSG00000186468,0.099322,0.08353683,0.069826536
2277_DNAJA3_P1P2_ENSG00000103423,-0.08660262,0.083560385,0.10863019
8667_TAF6L_P1P2_ENSG00000162227,0.0078405375,0.08363328,0.020277848
4149_INTS4_P1P2_ENSG00000149262,-0.11076895,0.08371088,0.043896023
2781_EXOC4_P1P2_ENSG00000131558,-0.104734845,0.083751924,0.011752662
1804_COTL1_P1P2_ENSG00000103187,0.04323442,0.083823286,0.051912483
5745_NOP10_P1P2_ENSG00000182117,0.07911745,0.08390028,0.07327352
1184_CAPRIN1_P1P2_ENSG00000135387,-0.04029766,0.08402657,0.01163138
4898_MCM2_P1P2_ENSG00000073111,-0.08658015,0.08403205,0.08543515
976_RTRAF_P1P2_ENSG00000087302,-0.075477906,0.08409932,0.08324529
4938_MED16_P1P2_ENSG00000175221,0.05455911,0.08416425,0.020146137
1347_CCT3_P1P2_ENSG00000163468,-0.032805864,0.08418196,0.05879826
7419_RPA2_P1P2_ENSG00000117748,-0.03354997,0.084210984,0.053521294
7607_RUVBL1_P1P2_ENSG00000175792,-0.05125462,0.0845557,-0.008119087
8594_SUPT16H_P1P2_ENSG00000092201,-0.011317564,0.08459138,0.040868204
3336_GEMIN5_P1P2_ENSG00000082516,-0.17701535,0.0847397,0.13339691
9855_WDTC1_P1P2_ENSG00000142784,-0.067778625,0.08479757,0.021298861
5009_METTL8_P1P2_ENSG00000123600,0.021025674,0.08482898,0.054373782
7506_RPS17_ENST00000330339.7_ENSG00000182774,0.032220118,0.084947884,0.039318357
2429_DYNLRB1_P1_ENSG00000125971,0.0141411,0.08499538,0.021338342
916_BTAF1_P1P2_ENSG00000095564,-0.002919424,0.085081466,0.05178425
9653_USP37_P1P2_ENSG00000135913,-0.012558605,0.08519873,0.063762225
9484_UBA6_P1P2_ENSG00000033178,-0.099370465,0.0852193,0.047520995
3396_GLIS2_P1P2_ENSG00000126603,-0.008933868,0.085293725,0.044890963
3343_GFI1B_P1P2_ENSG00000165702,-0.083939984,0.08536128,-0.0069701583
9729_VIM_P1P2_ENSG00000026025,0.0046832953,0.08557115,0.021066537
8576_SUGP1_P1P2_ENSG00000105705,0.04233581,0.08568422,0.03235813
2427_DYNLL2_P1P2_ENSG00000264364,-0.0036688484,0.08629846,0.027942816
2795_EXOSC8_P1P2_ENSG00000120699,-0.05432119,0.08646967,0.063953966
6704_PPRC1_P1P2_ENSG00000148840,0.15607332,0.086538844,0.043796897
7561_RRP12_P1P2_ENSG00000052749,0.12701558,0.08671089,0.017600248
6552_POLR2K_P1P2_ENSG00000147669,-0.011737042,0.086893834,0.15473013
2262_DMRTC2_P1P2_ENSG00000142025,-0.08505713,0.08690712,0.05244753
8832_TFAM_P1P2_ENSG00000108064,0.12895867,0.08696827,0.11200283
2226_DIMT1_P1P2_ENSG00000086189,0.0656595,0.086978,0.06334964
2792_EXOSC5_P1P2_ENSG00000077348,0.020105518,0.08710793,0.07436005
9303_TRMT112_P1P2_ENSG00000173113,0.058263626,0.08716076,0.020800523
4869_MAVS_P1_ENSG00000088888,0.05246225,0.087220795,0.0320042
8037_SLC35A1_P1P2_ENSG00000164414,-0.003981514,0.08731836,0.050435062
7431_RPL10A_P1P2_ENSG00000198755,0.14772572,0.08738007,0.06314835
3412_GLUL_P1P2_ENSG00000135821,0.0014610629,0.08759942,0.07574734
2535_EIF2B1_P1P2_ENSG00000111361,-0.09891273,0.08761369,0.086133465
5448_NAE1_P1P2_ENSG00000159593,0.02930557,0.08765776,0.08710922
4955_MED4_P1P2_ENSG00000136146,0.022133447,0.08777739,0.024775498
8661_TAF1_P1P2_ENSG00000147133,-0.10920149,0.08800527,-0.12909932
6017_P2RY1_P1P2_ENSG00000169860,-0.039243206,0.08813448,0.054883897
3502_GPN1_P1P2_ENSG00000198522,-0.032816947,0.08841009,0.09150675
5784_NR1H3_P2_ENSG00000025434,-0.0618898,0.08858052,0.058599725
5657_NFYB_P1P2_ENSG00000120837,-0.019118082,0.088655315,0.07324531
9506_UBE2I_P1P2_ENSG00000103275,-0.05765905,0.08892326,0.096659765
2708_ERI1_P1P2_ENSG00000104626,-0.0011329798,0.08897427,0.047470536
6043_PAK1IP1_P1P2_ENSG00000111845,0.023920378,0.08910861,0.04507158
8416_SRP68_P1P2_ENSG00000167881,-0.17494544,0.089333385,-0.057399552
7310_RINT1_P1P2_ENSG00000135249,-0.11158472,0.08934522,-0.0073339655
2613_EMC3_P2_ENSG00000125037,-0.012296986,0.08938624,-0.0016481559
7537_RPS7_P1P2_ENSG00000171863,0.07057425,0.089429185,0.034297664
4208_ISG20L2_P1P2_ENSG00000143319,0.08704883,0.08951556,0.1253641
1410_CDC73_P1P2_ENSG00000134371,-0.03944019,0.08956898,0.07598509
10040_ZCCHC9_P1P2_ENSG00000131732,0.12566058,0.0896436,0.06808407
9831_WDR5_P1P2_ENSG00000196363,0.09589444,0.08968687,0.13884492
9210_TPP2_P1P2_ENSG00000134900,0.19295138,0.0897037,0.057740655
2490_EEF2_P1_ENSG00000167658,0.0997445,0.08975561,0.01002878
7950_SLBP_P1P2_ENSG00000163950,-0.11034217,0.08980255,0.1041851
7751_SEC61A1_P1_ENSG00000058262,-0.0796911,0.0898272,-0.0012999892
5005_METTL4_P1P2_ENSG00000101574,-0.011928802,0.089930214,0.08502712
10160_ZNF121_P1P2_ENSG00000197961,-0.013853811,0.089986436,0.023411293
939_BYSL_P1P2_ENSG00000112578,0.09923988,0.09015363,0.053813674
2070_DCP2_P1P2_ENSG00000172795,-0.0016155535,0.09022463,0.042407077
4185_IRF2BP2_P2_ENSG00000168264,-0.040082972,0.09051072,-0.008760763
585_GET3_P1P2_ENSG00000198356,-0.045766205,0.090609565,0.0025189393
22_ABCB7_P1P2_ENSG00000131269,-0.01607946,0.0906221,0.06392665
8353_SPHK2_P1P2_ENSG00000063176,-0.0528792,0.09064638,0.05728481
2102_DDX10_P1P2_ENSG00000178105,0.114709504,0.090709865,0.048341822
857_BMP2K_P1P2_ENSG00000138756,-0.009874725,0.09072355,0.09390529
1906_CSNK2B_P1P2_ENSG00000204435,-0.08687147,0.090771504,0.008434858
7450_RPL23_P1P2_ENSG00000125691,0.19219978,0.09093035,0.062362228
1741_COG2_P1P2_ENSG00000135775,-0.04049906,0.09103169,0.030991029
8218_SNRNP27_P1P2_ENSG00000124380,0.06673682,0.09116652,0.1084654
7730_SDSL_P1P2_ENSG00000139410,-0.0010555079,0.09157099,0.047379594
9517_UBE2R2_P1P2_ENSG00000107341,-0.03567065,0.09159844,0.0921422
9672_USP5_P1_ENSG00000111667,-0.03016941,0.0917227,0.057854127
6291_PHF5A_P1P2_ENSG00000100410,-0.007354768,0.09175114,0.0818284
5347_MTR_P1P2_ENSG00000116984,0.003057727,0.09201392,0.083729215
1772_COPB2_P1P2_ENSG00000184432,-0.02507117,0.09206341,0.052344747
9197_TP73_P1P2_ENSG00000078900,-0.025018312,0.09210305,0.0804359
9685_UTP23_P1P2_ENSG00000147679,0.08911288,0.092326276,0.038541876
7583_RTCB_P1P2_ENSG00000100220,-0.09334838,0.09254067,0.072236404
9875_GET1_P1P2_ENSG00000182093,-0.054044157,0.0925687,0.03183442
2827_FAM102B_P1P2_ENSG00000162636,-0.019989997,0.09264991,0.064402625
1457_CDS2_P1P2_ENSG00000101290,-0.06079049,0.09272796,0.0097022
6796_PRPF39_P1P2_ENSG00000185246,0.034229115,0.09313544,0.053835154
6215_PELP1_P1P2_ENSG00000141456,0.073622234,0.09322744,0.11867007
10231_ZNF236_P1P2_ENSG00000130856,0.12054902,0.09324754,0.08788817
9687_UTP6_P1P2_ENSG00000108651,0.11224483,0.093265645,0.09815877
9679_UTP11_P1P2_ENSG00000183520,0.08186156,0.093381405,0.0924278
1778_COPS2_P1P2_ENSG00000166200,-0.037738834,0.09338476,0.05866935
4684_LSG1_P1P2_ENSG00000041802,0.09948757,0.09344887,0.13017379
843_BLM_P1P2_ENSG00000197299,-0.06191539,0.09345612,0.08394297
1464_CDYL_P2_ENSG00000153046,0.0015076625,0.093686044,0.026825579
4424_KLF8_P1P2_ENSG00000102349,-0.022844879,0.093761064,0.060941834
7493_RPP40_P1P2_ENSG00000124787,0.13866258,0.09381165,0.0880833
2658_EP400_P1P2_ENSG00000183495,-0.051169347,0.0938321,-0.05805286
9940_YME1L1_P1P2_ENSG00000136758,-0.060232185,0.09386484,0.05433146
7332_RNASEK_P1P2_ENSG00000219200,-0.072619915,0.09387247,0.10527272
3050_FDPS_P1P2_ENSG00000160752,-0.057732835,0.09401615,0.093577825
6479_PMPCA_P1P2_ENSG00000165688,-0.047871355,0.09411941,0.08553734
4682_LRSAM1_P1P2_ENSG00000148356,0.018122213,0.094144456,0.092040874
9684_UTP20_P1P2_ENSG00000120800,0.10996874,0.094161876,0.048930366
8107_SLC7A1_P1P2_ENSG00000139514,-0.016899528,0.09419576,0.078849174
8517_STK24_P1P2_ENSG00000102572,0.13300978,0.094200924,0.031934243
9804_WDR12_P1P2_ENSG00000138442,0.20986411,0.09422682,0.07300369
9364_TSR1_P1_ENSG00000167721,0.06872748,0.09429715,0.069684386
4950_MED27_P1P2_ENSG00000160563,0.06815149,0.09430555,0.048167072
9790_WBP11_P1_ENSG00000084463,-0.006572276,0.09439842,0.032948665
3503_GPN2_P1P2_ENSG00000142751,-0.10539606,0.094622165,0.04053186
2468_ECI2_P1P2_ENSG00000198721,0.02125199,0.09490757,0.022199523
2731_ESF1_P1_ENSG00000089048,0.06715065,0.09515613,0.02553614
6880_PSME3_P1P2_ENSG00000131467,-0.101651795,0.09519772,0.07839382
9682_UTP15_P1P2_ENSG00000164338,0.14419569,0.09524608,0.099903345
1746_COG7_P1P2_ENSG00000168434,-0.05315519,0.095382884,0.06548925
6032_PAF1_P1P2_ENSG00000006712,-0.06544208,0.09554254,0.05250029
6574_POP1_P1P2_ENSG00000104356,0.09693178,0.095717125,0.09816058
10056_ZDHHC7_P1P2_ENSG00000153786,0.026128398,0.095788375,0.047142785
10136_ZMAT2_P1_ENSG00000146007,-0.11526148,0.0959985,0.04865517
4737_LZTR1_P1P2_ENSG00000099949,0.028671233,0.09606131,0.057502545
7062_RAD21_P1P2_ENSG00000164754,0.06440884,0.09608455,0.03309322
8660_TAF1D_P1_ENSG00000166012,0.15709607,0.09614225,0.09015117
5190_MRGBP_P1P2_ENSG00000101189,-0.04228755,0.09617488,0.047010127
4645_LRIF1_P1P2_ENSG00000121931,-0.0317537,0.09638634,0.014122772
9317_TRNAU1AP_P1P2_ENSG00000180098,-0.04286019,0.09643199,0.06801299
8680_TANGO6_P1P2_ENSG00000103047,-0.08747919,0.09643803,0.07356332
6876_PSMD8_P1P2_ENSG00000099341,0.012778858,0.09647637,-0.0012071716
2419_DXO_P1P2_ENSG00000204348,0.0153219225,0.09651509,0.057036955
9583_UHRF1_P1P2_ENSG00000276043,0.027198391,0.09662055,0.06259013
9816_WDR36_P1P2_ENSG00000134987,0.10974261,0.09664145,0.03797404
7434_RPL12_P1P2_ENSG00000197958,0.036054384,0.09711263,0.10419727
6070_PARG_ENST00000402038.3_ENSG00000227345,-0.046836395,0.0971134,0.12126671
3436_RACK1_P1P2_ENSG00000204628,-0.22296079,0.09733948,0.03881317
1683_CLTC_P1P2_ENSG00000141367,-0.049018163,0.09735177,0.06511568
2606_ELP4_P1P2_ENSG00000109911,-0.052942872,0.0975286,0.0767626
6499_PNPT1_P1P2_ENSG00000138035,0.025865393,0.09781054,0.08275402
7178_RBM48_P1P2_ENSG00000127993,-0.035751395,0.09813746,0.08948051
1083_NEPRO_P1P2_ENSG00000163608,0.05620167,0.098168224,-0.00212498
10703_ZNRD1_P1P2_ENSG00000066379,0.19288318,0.098218836,0.111272715
3942_HS3ST3A1_P1P2_ENSG00000153976,-0.042666625,0.09842044,0.060977384
8335_SPCS3_P1_ENSG00000129128,-0.05893542,0.098657824,0.035905953
8232_SNRPF_P1P2_ENSG00000139343,-0.062987834,0.09866616,0.049674507
2186_DHDDS_P1P2_ENSG00000117682,-0.20481049,0.0987322,0.03839912
5740_NOM1_P1P2_ENSG00000146909,0.021551603,0.09875773,0.057942163
5212_MRPL30_P2_ENSG00000185414,-0.008814838,0.098799974,0.010954301
7480_RPL8_P1P2_ENSG00000161016,0.088980034,0.09881108,0.06761945
4499_LAMB1_P1P2_ENSG00000091136,0.078095056,0.09882401,0.07171122
2135_DDX6_P1P2_ENSG00000110367,0.1016505,0.09885119,0.001903157
9164_TOMM22_P1P2_ENSG00000100216,-0.087441616,0.09887702,0.09923279
1718_CNOT3_P1P2_ENSG00000088038,-0.10831707,0.09890291,-0.05316249
4470_KRI1_P1P2_ENSG00000129347,0.130283,0.09912677,0.04453538
1773_COPE_P1P2_ENSG00000105669,-0.047480296,0.09930809,0.046173953
4544_LDLRAP1_P1_ENSG00000157978,-0.04676776,0.09933361,0.09148455
332_ANKRD17_P1P2_ENSG00000132466,-0.09761102,0.09938939,0.059881438
7533_RPS6KB2_P1P2_ENSG00000175634,-0.03081906,0.09942977,0.09179147
837_BIRC5_P1P2_ENSG00000089685,0.010242233,0.099771254,0.06234307
5658_NFYC_P1P2_ENSG00000066136,-0.07236617,0.09979583,0.13217478
1298_CCDC84_P1P2_ENSG00000186166,-0.11015978,0.09980323,0.09323915
2225_UTP25_P1P2_ENSG00000117597,0.058885776,0.100056104,0.015561686
7897_SHMT2_P1P2_ENSG00000182199,-0.038185157,0.10056116,0.031747412
7438_RPL14_P1P2_ENSG00000188846,0.23969415,0.10058479,0.009070697
5817_NRM_P1P2_ENSG00000137404,0.011341195,0.10060913,0.06462805
9397_TTF2_P1P2_ENSG00000116830,-0.022194466,0.100657634,0.082783535
6887_PSMG4_P1P2_ENSG00000180822,0.096410744,0.10067599,0.048885036
2549_EIF3E_P1P2_ENSG00000104408,-0.04600729,0.100781955,0.017479917
6534_POLR1B_P1P2_ENSG00000125630,0.26647842,0.101048,0.07932087
3331_GDI2_P2_ENSG00000057608,-0.049569637,0.10106112,0.031286363
9764_VPS53_P1P2_ENSG00000141252,-0.041812558,0.10108542,0.04867618
2796_EXOSC9_P1P2_ENSG00000123737,0.0057243714,0.10189201,0.06598074
9_AAR2_P1P2_ENSG00000131043,0.09179604,0.101955764,0.071128316
2087_DDB1_P1_ENSG00000167986,-0.010013497,0.10205444,0.06745332
3240_G2E3_P1P2_ENSG00000092140,-0.05703657,0.10207995,0.06261901
978_C14orf178_P1P2_ENSG00000197734,-0.027556311,0.10224858,0.01761623
7403_RNMT_P1P2_ENSG00000101654,0.02605654,0.10224922,0.066534564
1187_CAPZB_P1P2_ENSG00000077549,-0.023845252,0.1024653,0.06915731
3385_GLB1_P1P2_ENSG00000170266,0.094201125,0.10253631,0.0728731
8388_SPTLC2_P1P2_ENSG00000100596,-0.05451165,0.1026637,0.046091054
9818_WDR3_P1P2_ENSG00000065183,0.0917783,0.10294178,0.06802602
5733_NOL11_P1P2_ENSG00000130935,0.16361344,0.103240535,0.11479282
666_ATP5MG_P1P2_ENSG00000167283,-0.053907275,0.10328311,0.07952459
9872_WNT5B_ENST00000310594.3_ENSG00000111186,-0.06293408,0.10336932,0.057882313
4598_LIN9_P1P2_ENSG00000183814,-0.010445384,0.103381775,0.0209256
6480_PMPCB_P1_ENSG00000105819,-0.0787145,0.10357398,0.1354715
8216_SNRNP200_P1P2_ENSG00000144028,0.010593185,0.10361808,0.047488026
4931_MED11_P1P2_ENSG00000161920,0.010927013,0.103985265,0.030609595
1455_CDR2L_P1P2_ENSG00000109089,-0.0018166342,0.10405467,0.16275693
700_ATXN10_P1P2_ENSG00000130638,0.04510071,0.104124114,0.03959501
3214_FTSJ3_P1P2_ENSG00000108592,-0.061079126,0.10423656,-0.0075411284
7569_RRS1_P1P2_ENSG00000179041,0.13651773,0.104276694,0.08882402
7539_RPS9_P1P2_ENSG00000170889,0.050980717,0.104723245,0.045278188
2128_DDX52_P1P2_ENSG00000278053,0.09533707,0.10487636,0.04286859
11328_non-targeting_non-targeting_non-targeting,-0.00044085324,0.105212584,0.029455218
2205_DHX29_P1P2_ENSG00000067248,-0.09844375,0.10521651,0.09527602
1348_CCT4_P1P2_ENSG00000115484,-0.076514795,0.10549086,0.01600368
7645_SAMM50_P1P2_ENSG00000100347,-0.045367472,0.105916485,0.10547838
7463_RPL35_P1P2_ENSG00000136942,0.103375055,0.10604816,0.03867141
7169_RBM28_P1P2_ENSG00000106344,0.15837936,0.10612451,0.07919967
2176_DGKD_P1P2_ENSG00000077044,-0.048674315,0.10624942,0.08610407
5082_MIS12_P1P2_ENSG00000167842,-0.017309563,0.106285915,0.06876711
5192_MRM1_P1P2_ENSG00000278619,0.05994328,0.10631194,0.040013425
4935_MED14_P1P2_ENSG00000180182,0.005058202,0.106835015,0.069485426
6866_PSMD12_P1P2_ENSG00000197170,0.002659345,0.106928006,0.017576931
9837_WDR70_P1P2_ENSG00000082068,0.014545421,0.10701129,0.0051847994
2307_DNASE1L1_P1_ENSG00000013563,-0.065560244,0.10711456,0.07663486
8458_SSRP1_P1P2_ENSG00000149136,-0.008467571,0.10735745,0.078838594
85_ACLY_P1P2_ENSG00000131473,-0.07666827,0.10736413,0.03509379
2364_DPY19L2_P1P2_ENSG00000177990,-0.0028774093,0.10737478,0.04590969
7566_RRP7A_P1P2_ENSG00000189306,0.11383672,0.10738412,0.024837544
9971_ZBTB14_P1P2_ENSG00000198081,0.10666885,0.10750441,0.02743462
6006_OXA1L_P1P2_ENSG00000155463,-0.090882845,0.1076986,0.08986688
7444_RPL19_P1P2_ENSG00000108298,0.15128887,0.107847504,0.060167193
7814_SETD1A_P1P2_ENSG00000099381,-0.027034,0.10798383,0.09919468
4161_IPO13_P1P2_ENSG00000117408,0.0054578474,0.108198784,-0.031360976
5031_MFSD6_P1P2_ENSG00000151690,-0.014488271,0.10829484,0.08767089
9215_TPR_P1P2_ENSG00000047410,0.025981002,0.10878069,0.029704278
9909_XRCC6_P1P2_ENSG00000196419,0.0010675592,0.109131135,0.043239664
6946_PTTG1_P1P2_ENSG00000164611,-0.020025779,0.109173074,0.014751507
5598_NELFA_P1P2_ENSG00000185049,0.022688916,0.109270334,0.07326376
5074_MIIP_P1P2_ENSG00000116691,0.10854264,0.109396726,0.023128089
8932_TIPARP_P1P2_ENSG00000163659,-0.10199803,0.10945488,0.08741048
9453_TXNDC9_P1P2_ENSG00000115514,0.05604334,0.109579995,0.0676502
7432_RPL10_P1P2_ENSG00000147403,0.14422706,0.109906755,0.05276292
7148_RBFOX2_P1_ENSG00000100320,0.005564235,0.10995061,0.031971313
11174_non-targeting_non-targeting_non-targeting,0.04747958,0.11006943,0.08802087
431_AQR_P1P2_ENSG00000021776,-0.0052992604,0.110285714,0.009125029
4722_LYL1_P1P2_ENSG00000104903,-0.03980147,0.11034712,0.020114006
10057_ZDHHC8_P1P2_ENSG00000099904,0.010938865,0.11040098,0.07202705
2791_EXOSC4_P1P2_ENSG00000178896,-0.033745065,0.11044189,0.046286583
3622_HADHB_P1P2_ENSG00000138029,5.7782472e-05,0.11070602,0.07926383
7451_RPL24_P1P2_ENSG00000114391,0.16520946,0.11086649,0.028583877
6516_POLD2_P1P2_ENSG00000106628,-0.062825166,0.11142628,0.04575664
10699_ZNHIT1_P1P2_ENSG00000106400,-0.07784308,0.1115087,0.09047409
6855_PSMB6_P1_ENSG00000142507,-0.03497327,0.1115111,0.013729453
5163_MPHOSPH10_P1P2_ENSG00000124383,0.08881906,0.11178415,0.004457237
1808_COX15_P1P2_ENSG00000014919,-0.06750619,0.11186777,0.05176083
10202_ZNF207_P1_ENSG00000010244,-0.018873325,0.11211464,0.058353674
5794_NR2F2_P1P2_ENSG00000185551,0.012538522,0.11240245,0.11268289
7518_RPS27_P1P2_ENSG00000177954,0.079677835,0.112543635,0.005000462
1876_CRLF3_P1P2_ENSG00000176390,0.02279178,0.11267216,0.047907043
2501_EFR3A_P1P2_ENSG00000132294,-0.12839305,0.11280206,-0.045707762
6274_PHAX_P1_ENSG00000164902,-0.094643295,0.11284343,0.106127776
4952_MED29_P1P2_ENSG00000063322,0.011978284,0.11301095,0.056773003
7491_RPP30_P1P2_ENSG00000148688,0.118680835,0.113013126,0.061804492
5441_NACA_P1P2_ENSG00000196531,-0.036014985,0.11301911,0.045454223
2487_EEF1G_P1P2_ENSG00000254772,0.008809766,0.113951005,0.11827239
7739_SEC22B_P1P2_ENSG00000265808,-0.06070071,0.11406461,0.045743387
547_ARRB2_P1P2_ENSG00000141480,0.029863099,0.11450619,0.11516204
16_AATF_P1P2_ENSG00000275700,0.072324,0.11454378,0.01710896
10237_ZNF250_P1P2_ENSG00000196150,-0.057376266,0.11454784,0.07794396
9762_VPS51_P1P2_ENSG00000149823,-0.06037898,0.114844404,0.075410806
2750_ETF1_P1P2_ENSG00000120705,-0.035211746,0.11487589,0.06484741
4692_LSM3_P1P2_ENSG00000170860,-0.052276894,0.11512867,0.055073086
8227_SNRPC_P1P2_ENSG00000124562,0.021681959,0.11521688,0.07200233
1331_CCNJ_P1P2_ENSG00000107443,0.04986763,0.11580291,0.030772531
4930_MED10_P1P2_ENSG00000133398,0.015189958,0.115895,0.03848802
1860_CREB3L3_P1P2_ENSG00000060566,0.027371,0.117293686,0.019902892
2122_DDX46_P1_ENSG00000145833,-0.060728963,0.117441416,0.11782711
8124_PRELID3B_P1P2_ENSG00000101166,-0.06522387,0.11759962,0.12602967
7608_RUVBL2_P1P2_ENSG00000183207,-0.026666012,0.118031345,-0.0038547397
2328_DOHH_P1P2_ENSG00000129932,0.08392854,0.11820693,0.051257305
4371_KIAA1958_P1P2_ENSG00000165185,-0.12454856,0.11828926,0.0736785
2828_RAMAC_P1P2_ENSG00000169612,0.028739573,0.11833925,0.054115467
7424_RPAP3_P1P2_ENSG00000005175,-0.17061652,0.11837438,0.038524877
5599_NELFB_P1P2_ENSG00000188986,0.026621316,0.1186148,0.0596016
7117_RARS_P1P2_ENSG00000113643,-0.10772614,0.11876921,0.061433557
2790_EXOSC3_P1P2_ENSG00000107371,-0.043004323,0.119091846,0.0736211
6801_PRPF4_P1P2_ENSG00000136875,-0.07610345,0.119108185,0.08276428
4003_IARS2_P1P2_ENSG00000067704,-0.110419154,0.11918835,0.13779588
2907_FAM216A_P1P2_ENSG00000204856,0.013570322,0.119735636,0.012311127
7947_SKP1_P1P2_ENSG00000113558,0.009891682,0.119782254,0.08298113
7833_SF3A2_P1_ENSG00000104897,-0.050862025,0.12015936,0.11005563
3286_GART_P1P2_ENSG00000159131,-0.09680301,0.12041954,0.069518395
4945_MED22_P1P2_ENSG00000148297,0.10590918,0.12052627,0.052841973
7312_RIOK2_P1P2_ENSG00000058729,0.12613481,0.1209016,0.08171211
7455_RPL27_P1P2_ENSG00000131469,0.21871951,0.12091686,0.10256157
5548_NDUFAF5_P1P2_ENSG00000101247,0.067363195,0.12097187,0.035466306
5494_NCBP2_P1P2_ENSG00000114503,-0.010966373,0.12099832,0.07678264
32_ABCE1_P1P2_ENSG00000164163,0.088113874,0.1211884,0.0624647
4312_POGLUT3_P1P2_ENSG00000178202,0.02469883,0.12134274,0.049121667
4273_KARS_P1P2_ENSG00000065427,-0.03463886,0.122406974,0.08293177
4951_MED28_P1P2_ENSG00000118579,0.027039286,0.122499295,0.038466413
685_ATP6V1F_P1P2_ENSG00000128524,-0.06351666,0.12296184,0.033786047
5022_MFN2_P1_ENSG00000116688,-0.040678114,0.12308882,0.11426902
6576_POP5_P1P2_ENSG00000167272,0.07590502,0.1230941,0.056573328
10751_non-targeting_non-targeting_non-targeting,-0.07598669,0.12321138,0.08610022
4939_MED17_P1P2_ENSG00000042429,0.061915945,0.12407217,0.017930927
4108_IMP4_P1P2_ENSG00000136718,0.09505313,0.124141306,0.09026662
5791_NR2E1_P1P2_ENSG00000112333,0.02853191,0.12428441,0.0496668
8230_SNRPD3_P1P2_ENSG00000100028,-0.09605133,0.12443557,0.1327755
6861_PSMC4_P1P2_ENSG00000013275,-0.0053188778,0.12456725,0.04974461
4154_INTS9_P1P2_ENSG00000104299,-0.07397051,0.12469008,0.1252792
377_AP2M1_P1_ENSG00000161203,-0.036172844,0.124887936,0.052355543
5748_NOP2_P1P2_ENSG00000111641,0.24374397,0.12538576,0.058985185
9366_TSR2_P1P2_ENSG00000158526,0.09618452,0.12555698,-0.008748253
7499_RPS11_P1P2_ENSG00000142534,0.1158319,0.12583444,0.045708146
9765_VPS54_P1P2_ENSG00000143952,-0.038127538,0.12592372,0.07822021
9844_WDR7_P1P2_ENSG00000091157,-0.094781466,0.12660113,0.014879446
7476_RPL6_P1P2_ENSG00000089009,0.14749147,0.12661973,0.05133141
1780_COPS4_P1P2_ENSG00000138663,-0.026891964,0.12662087,0.106749944
3554_GSPT1_P1P2_ENSG00000103342,-0.005087115,0.1274657,0.08065919
6863_PSMC6_P1P2_ENSG00000100519,-0.015355531,0.12752698,0.057215486
10558_ZNF695_ENST00000339986.7_ENSG00000197472,-0.07692619,0.1275901,0.0670426
2321_DNTTIP2_P1P2_ENSG00000067334,0.09700516,0.1276828,0.06474779
9400_TTK_P1P2_ENSG00000112742,-0.034877606,0.12768392,0.06619604
3031_FBXO8_P1_ENSG00000164117,-0.008220418,0.12768675,0.093645245
8229_SNRPD2_P1P2_ENSG00000125743,-0.12029295,0.12771964,0.1812342
2382_DSN1_P1P2_ENSG00000149636,-0.037334476,0.12836961,0.0856454
127_ADAM10_P1P2_ENSG00000137845,0.021594862,0.12867871,0.04383653
4554_LEPROTL1_P1P2_ENSG00000104660,-0.054708745,0.12945822,0.072678074
821_BET1_P1P2_ENSG00000105829,-0.09174114,0.12958504,0.04207344
7623_S100A1_P2_ENSG00000160678,0.029769965,0.12962602,0.03912329
4695_LSM5_P1_ENSG00000106355,-0.13408077,0.12968537,0.1385781
3471_GOLT1B_P1P2_ENSG00000111711,-0.09745905,0.12987743,0.07902433
6731_PRDM8_P2_ENSG00000152784,-0.0015932112,0.13021879,0.01813267
3557_GSTCD_P1P2_ENSG00000138780,-0.015315352,0.13068935,0.1096749
3504_GPN3_P1P2_ENSG00000111231,-0.0947182,0.13071975,0.17365055
687_ATP6V1H_P1P2_ENSG00000047249,-0.051568326,0.13082165,0.10046148
4940_MED18_P1P2_ENSG00000130772,-0.0021674416,0.13101028,0.047891513
8546_STT3B_P1P2_ENSG00000163527,-0.11096958,0.1314982,0.08976324
6575_POP4_P1P2_ENSG00000105171,0.09817719,0.13202813,0.08411891
8738_TBL3_P1P2_ENSG00000183751,0.11645094,0.13212986,0.12603506
6867_PSMD13_P1P2_ENSG00000185627,0.050748173,0.13221382,0.041146096
4148_INTS3_P1P2_ENSG00000143624,-0.091347344,0.13228944,0.1539786
1578_CHML_P1P2_ENSG00000203668,0.011410424,0.13247311,0.09228467
1910_CSRNP3_P1_ENSG00000178662,-0.023628805,0.13278894,0.09307773
5927_OGDH_P1P2_ENSG00000105953,-0.21173202,0.13279128,0.040739946
8557_STX5_P1P2_ENSG00000162236,-0.06636138,0.13300833,0.01582982
6872_PSMD4_P1P2_ENSG00000159352,0.011209426,0.13346761,-0.008856113
7466_RPL36_P1P2_ENSG00000130255,0.17193209,0.133547,0.078940265
1943_CTR9_P1P2_ENSG00000198730,-0.12564859,0.13404803,0.028761659
8184_SMN2_ENST00000380743.4_ENSG00000205571,-0.12770233,0.13429607,0.1592378
7690_SCD_P1P2_ENSG00000099194,0.00277766,0.13436519,0.041601967
691_ATP8B2_P2_ENSG00000143515,-0.027692258,0.13471915,0.045957662
5470_NAT10_P1P2_ENSG00000135372,0.17954352,0.1347907,0.108996525
3716_HGS_P1P2_ENSG00000185359,-0.025843738,0.13546017,0.09477841
5964_LTO1_P1P2_ENSG00000149716,0.1254956,0.13593945,0.035963155
7477_RPL7A_P1P2_ENSG00000148303,0.20497558,0.1359406,0.11663572
8633_SYS1_P1P2_ENSG00000204070,-0.04896219,0.13639909,0.073954314
9383_TTC27_P1P2_ENSG00000018699,-0.0037188504,0.13643539,0.12492697
7469_RPL38_P1P2_ENSG00000172809,0.15430547,0.13649917,0.070061885
6181_PDIA6_P1P2_ENSG00000143870,-0.097214766,0.13658145,0.09119412
7516_RPS27A_P1P2_ENSG00000143947,0.12678185,0.1369125,-0.05610989
8910_TIGD5_P1P2_ENSG00000179886,-0.03241884,0.13725984,0.061985005
2124_DDX47_P1P2_ENSG00000213782,0.094234735,0.1380238,0.022576276
6748_PRIM2_P1P2_ENSG00000146143,-0.10340201,0.13822605,0.06413666
3447_GNL3_P1P2_ENSG00000163938,0.036640987,0.13877612,0.15194957
7508_RPS19BP1_P1P2_ENSG00000187051,0.09279012,0.13950682,0.039316956
6632_PPIL4_P1P2_ENSG00000131013,0.016409257,0.13976082,0.091608316
4746_MAD2L1_P1P2_ENSG00000164109,-0.07146649,0.14010662,0.033442374
5468_NARS_P1P2_ENSG00000134440,-0.08493579,0.14160702,0.17139082
2175_DGCR8_P1P2_ENSG00000128191,-0.10237935,0.1416978,0.04029106
9626_USE1_P1P2_ENSG00000053501,-0.091707215,0.14200363,0.049712643
3818_HMBOX1_P1P2_ENSG00000147421,-0.017399168,0.14210865,0.04625744
2539_EIF2B5_P1P2_ENSG00000145191,-0.113617934,0.14228275,0.16730894
4957_MED7_P1P2_ENSG00000155868,0.027000701,0.14248362,0.0634831
6963_PWP2_P1P2_ENSG00000241945,0.08305885,0.14312965,0.069444105
2233_DIS3_P1P2_ENSG00000083520,-0.04841357,0.14355974,0.13197246
4472_KRR1_P1P2_ENSG00000111615,0.106640674,0.14474241,0.056265857
7186_RBMX2_P1P2_ENSG00000134597,-0.028484026,0.14481759,0.073222704
6062_PAPOLA_P1P2_ENSG00000090060,0.018260604,0.14493318,0.08784222
7509_RPS19_P1P2_ENSG00000105372,0.08895461,0.1454186,0.08534704
7411_ROMO1_P1P2_ENSG00000125995,-0.048245247,0.14577264,0.13477267
6238_PFDN2_P1P2_ENSG00000143256,-0.07742226,0.14593555,0.12972221
6152_PDCD11_P1P2_ENSG00000148843,0.16814055,0.1460398,0.046255093
681_ATP6V1C1_P1P2_ENSG00000155097,-0.05157682,0.14632043,0.09264436
7522_RPS2_P1P2_ENSG00000140988,0.11495443,0.14723663,0.04885935
1693_CMIP_P1P2_ENSG00000153815,-0.06184941,0.14758195,0.092085704
4985_METAP2_P1P2_ENSG00000111142,-0.0030305842,0.14770707,0.08055201
6474_PMF1_P1P2_ENSG00000160783,-0.046551485,0.14865595,0.09027228
7631_SACM1L_P1P2_ENSG00000211456,-0.055333085,0.14896569,0.0841074
1742_COG3_P1P2_ENSG00000136152,-0.10362611,0.14959459,0.059022706
7527_RPS5_P1P2_ENSG00000083845,0.13488907,0.14965023,-0.011043412
5426_NAA20_P1P2_ENSG00000173418,-0.032044116,0.14969076,0.13350314
7050_RABGGTA_P1P2_ENSG00000100949,-0.038179386,0.15008333,0.016123708
10029_ZC3H8_P1P2_ENSG00000144161,-0.115773484,0.15049705,0.22208773
3986_HSPE1_P1P2_ENSG00000115541,-0.19297414,0.15058208,0.16187349
1351_CCT7_P1P2_ENSG00000135624,-0.09726119,0.15252212,0.02536989
5430_NAA38_P1P2_ENSG00000183011,-0.062233783,0.1525657,0.10544812
3308_GBF1_P1P2_ENSG00000107862,-0.09855616,0.15326764,0.09371187
7505_RPS16_P1P2_ENSG00000105193,0.09102976,0.15339363,-0.06313921
2622_EMG1_P1P2_ENSG00000126749,0.08388803,0.15372197,0.090235665
2105_DDX18_P1P2_ENSG00000088205,0.1267609,0.15464346,0.01281337
1545_CHAF1B_P1P2_ENSG00000159259,-0.13921896,0.15478086,0.1380271
2764_ETV4_P1P2_ENSG00000175832,-0.0073945965,0.15503372,-0.009901183
9847_WDR82_P1P2_ENSG00000164091,0.03009241,0.15503861,0.009442711
2925_FAM50A_P1P2_ENSG00000071859,0.08274548,0.15521117,0.018261218
7526_RPS4X_P1P2_ENSG00000198034,0.11999706,0.15576555,0.027317354
8598_SUPT5H_P1P2_ENSG00000196235,0.038971186,0.15693647,0.0703149
6874_PSMD6_P1P2_ENSG00000163636,-0.033860207,0.15714474,0.03280878
8666_TAF5_P1P2_ENSG00000148835,-0.070866704,0.15762892,-0.046731103
7691_SCFD1_P1P2_ENSG00000092108,-0.01028606,0.15794307,0.082878925
2783_EXOC6_P1P2_ENSG00000138190,-0.081552014,0.15892419,0.15922388
7513_RPS24_P1P2_ENSG00000138326,0.098525174,0.158953,0.051179107
6981_QARS_P1P2_ENSG00000172053,-0.11264237,0.15947612,0.08092649
6857_PSMC1_P1P2_ENSG00000100764,-0.023556191,0.15982467,0.07274152
8321_SPATA22_P1P2_ENSG00000141255,-0.04320272,0.1601266,0.068575926
1197_CARS_P1P2_ENSG00000110619,-0.086336955,0.16024241,0.23193307
7441_RPL17_P1P2_ENSG00000265681,0.22913353,0.1615681,0.0061850618
4994_METTL16_P1P2_ENSG00000127804,0.054809324,0.16290547,0.11669542
2162_DERL2_P1P2_ENSG00000072849,-0.07722138,0.16422805,0.07577551
1040_C1orf131_P1P2_ENSG00000143633,0.12467754,0.16445497,0.048176654
3677_HEATR1_P1P2_ENSG00000119285,0.23045962,0.1656117,0.122516856
4956_MED6_P1P2_ENSG00000133997,0.011981528,0.16648272,0.039903335
2222_DICER1_P1P2_ENSG00000100697,-0.15687971,0.16663422,0.04017245
1346_CCT2_P1P2_ENSG00000166226,-0.15872495,0.16710846,0.010988593
7753_SEC61G_P1P2_ENSG00000132432,-0.11038333,0.16773997,0.02810887
8651_TAF10_P1P2_ENSG00000166337,-0.0016832713,0.16794194,0.035736155
9478_UBA1_P1_ENSG00000130985,-0.03300484,0.16808198,0.014139076
7247_RFC3_P1P2_ENSG00000133119,-0.08201884,0.16876434,0.10017443
8040_SLC35A4_P1P2_ENSG00000176087,0.0010307343,0.1708501,0.17291182
505_ARL1_P1P2_ENSG00000120805,-0.04689742,0.17132641,0.10128067
1408_CDC5L_P1P2_ENSG00000096401,-0.021514637,0.17179169,0.15249042
9443_TWISTNB_P1P2_ENSG00000105849,0.21090926,0.17190886,0.10592092
1610_CIAPIN1_P1P2_ENSG00000005194,-0.00467244,0.17277445,0.105144836
6446_PLEKHJ1_P1P2_ENSG00000104886,-0.100446604,0.17303158,0.046866152
1581_CHMP2A_P1P2_ENSG00000130724,-0.03759387,0.1736647,0.14406559
8157_SMC3_P1P2_ENSG00000108055,0.06619903,0.17518021,0.047265664
6275_PHB2_P1P2_ENSG00000215021,-0.051626265,0.17530127,0.095439605
5900_NUP62_P1P2_ENSG00000213024,-0.09031101,0.17543605,0.08932922
9703_VARS_P1P2_ENSG00000204394,-0.16221234,0.1756249,0.1342538
825_BGLAP_P1P2_ENSG00000242252,-0.039258063,0.175645,0.08640801
862_BNIP1_P1P2_ENSG00000113734,-0.123773225,0.17569119,0.037712898
6549_POLR2H_P1P2_ENSG00000163882,-0.021967927,0.17646366,0.1597035
4888_MBTPS2_P1P2_ENSG00000012174,-0.05497299,0.17731306,0.06297218
9380_TTC1_P1P2_ENSG00000113312,-0.0627865,0.17789292,0.15019265
6652_PPP1R10_P1P2_ENSG00000204569,0.011009276,0.17823684,0.04504633
7155_RBM14-RBM4_P1_nan,-0.06542028,0.17959553,0.046491228
968_C12orf60_P1P2_ENSG00000182993,-0.06841235,0.18087025,0.10371445
8923_TIMM44_P1P2_ENSG00000104980,-0.09043322,0.18120891,0.15501477
7536_RPS6_P1P2_ENSG00000137154,0.15521729,0.18127945,0.06594879
5735_NOL6_P1P2_ENSG00000165271,0.13140264,0.18291591,0.040115613
7454_RPL27A_P1P2_ENSG00000166441,0.27815223,0.18419051,0.012700856
1941_CTPS1_P1P2_ENSG00000171793,-0.11287646,0.18423207,0.17440452
7507_RPS18_P1P2_ENSG00000231500,0.15902758,0.18497156,0.07957898
2238_DLD_P1P2_ENSG00000091140,-0.09816024,0.18502913,0.10367127
8123_SLMAP_P1P2_ENSG00000163681,-0.017947948,0.18526103,0.087737516
1747_COG8_P1P2_ENSG00000213380,-0.06314358,0.18700495,0.044235818
1419_CDIPT_P1P2_ENSG00000103502,-0.033968903,0.18724464,0.10073327
6276_PHB_P1P2_ENSG00000167085,-0.08085942,0.18771084,0.1234581
9656_USP39_P1_ENSG00000168883,-0.03865035,0.18882306,-0.02238171
9065_DMAC1_P1P2_ENSG00000137038,-0.052912086,0.18910462,0.036980893
2292_DNAJC19_P1P2_ENSG00000205981,-0.042270873,0.19313116,0.14277984
3833_HMGCS1_P1P2_ENSG00000112972,-0.060353797,0.19315283,0.097265124
699_ATR_P1P2_ENSG00000175054,0.032652345,0.19472608,0.15067452
7012_RAB1B_P1P2_ENSG00000174903,-0.118028656,0.19524887,0.13420576
8921_TIMM23B_P1P2_ENSG00000204152,-0.13907838,0.19688016,0.17561507
1701_CMTR1_P1P2_ENSG00000137200,0.16444324,0.19953221,0.07667017
8500_STAT6_P1P2_ENSG00000166888,-0.0696642,0.20114702,0.26597953
3980_HSPA9_P1P2_ENSG00000113013,-0.057163473,0.20267658,0.13504152
7501_RPS13_P1P2_ENSG00000110700,0.16733317,0.2027791,0.03417082
3950_HSD17B12_P1P2_ENSG00000149084,-0.1153748,0.20312281,0.08812592
3654_HBS1L_P1P2_ENSG00000112339,-0.11523044,0.2064081,0.17553785
10737_ZWILCH_P1P2_ENSG00000174442,-0.014789303,0.20673417,0.07744713
2543_EIF2S3_P1P2_ENSG00000130741,-0.05702505,0.21064463,0.23044103
5427_NAA25_P1P2_ENSG00000111300,-0.0648152,0.2117015,0.16701832
8332_SPC25_P1P2_ENSG00000152253,-0.07998342,0.21246485,0.013040038
2538_EIF2B4_P1P2_ENSG00000115211,-0.10681317,0.2162048,0.16753323
8431_SRSF1_P1P2_ENSG00000136450,0.017857952,0.21633278,0.031012615
8008_SLC25A42_P1P2_ENSG00000181035,-0.087589055,0.2165791,0.21273226
8653_TAF12_P1P2_ENSG00000120656,0.034206424,0.2170045,0.06602404
6603_PPA1_P1P2_ENSG00000180817,-0.05087806,0.22137026,0.14951307
2536_EIF2B2_P1P2_ENSG00000119718,-0.12648791,0.22222789,0.20433055
7657_SARS_P1P2_ENSG00000031698,-0.084410064,0.22348817,0.15759845
9242_TRAPPC11_P1P2_ENSG00000168538,-0.09505182,0.22767052,0.106286906
6050_PAM16_P1P2_ENSG00000217930,-0.06581691,0.22884396,0.23424718
8029_SLC2A8_P1P2_ENSG00000136856,-0.05783641,0.22899027,0.19155635
1716_CNOT1_P1P2_ENSG00000125107,-0.023259476,0.2292212,0.086333625
5587_NEDD8-MDP1_P1P2_nan,-0.055494286,0.22926198,0.1843577
4944_MED21_P1P2_ENSG00000152944,0.04431469,0.23062165,0.053622738
4941_MED19_P1P2_ENSG00000156603,0.08082913,0.23066664,0.025436992
7893_SEM1_P1P2_ENSG00000127922,-0.103170715,0.23281044,0.18924852
5861_NUDC_P1P2_ENSG00000090273,-0.07058145,0.2340826,0.18482082
2793_EXOSC6_P1P2_ENSG00000223496,-0.045559213,0.2368596,0.16128913
2893_TAFA2_P2_ENSG00000198673,0.015804915,0.23909266,0.19581333
679_ATP6V1A_P1P2_ENSG00000114573,-0.1733291,0.23995218,0.19580884
4152_INTS7_P1P2_ENSG00000143493,-0.15450205,0.24470218,0.047929663
7515_RPS26_P1P2_ENSG00000197728,0.026641414,0.2488447,0.15490678
6868_PSMD14_P1P2_ENSG00000115233,-0.03895066,0.25523168,0.019368978
13_AARS_P1P2_ENSG00000090861,-0.20351961,0.25538552,0.23039408
2988_FBL_P1P2_ENSG00000105202,0.17225622,0.2563633,0.13930912
4153_INTS8_P1P2_ENSG00000164941,-0.14632769,0.26417258,0.034017228
8599_SUPT6H_P1P2_ENSG00000109111,0.22205499,0.26489687,0.14296369
2537_EIF2B3_P1P2_ENSG00000070785,-0.2113774,0.266372,0.21089467
5588_NEDD8_P1P2_ENSG00000129559,-0.097179316,0.27037257,0.29827008
2541_EIF2S1_P1P2_ENSG00000134001,-0.03251225,0.27296415,0.18477246
4959_MED9_P1P2_ENSG00000141026,0.052316714,0.28773668,0.15986165
6875_PSMD7_P1P2_ENSG00000103035,-0.044040956,0.28898075,0.05121323
10184_ZNF174_P1P2_ENSG00000103343,-0.012769572,0.29169434,0.32371318
4696_LSM6_P1P2_ENSG00000164167,-0.18136683,0.31049275,0.29628018
8155_SMC1A_P1P2_ENSG00000072501,0.016175367,0.31198215,0.13588715
6927_PTPN1_P1P2_ENSG00000196396,0.03384342,0.3132664,0.16152921
1893_CSE1L_P1P2_ENSG00000124207,-0.13365395,0.31349468,0.09972034
4317_KDM1A_P1P2_ENSG00000004487,-0.09954712,0.31448463,0.20285846
4150_INTS5_P1P2_ENSG00000185085,-0.13877264,0.3258033,0.091622114
2291_DNAJC17_P1P2_ENSG00000104129,-0.14304043,0.3318199,0.13004704
2203_DHX15_P1P2_ENSG00000109606,-0.11989679,0.34037623,0.20406656
4953_MED30_P1P2_ENSG00000164758,0.043129116,0.34933355,0.078917995
680_ATP6V1B2_P1P2_ENSG00000147416,-0.09860113,0.35197654,0.17566171
2932_RIPOR1_P1_ENSG00000039523,-0.08457768,0.36773595,0.52476966
8842_TFCP2L1_P1P2_ENSG00000115112,-0.063048095,0.3896917,0.4145912
9341_TSG101_P1P2_ENSG00000074319,-0.031201651,0.39128897,0.2586972
6870_PSMD2_P1P2_ENSG00000175166,-0.05900158,0.39220342,0.013775138
7504_RPS15_P1P2_ENSG00000115268,0.010308983,0.4124243,0.2242215
2376_DROSHA_P1P2_ENSG00000113360,-0.21223082,0.4125074,0.13247195
6163_GATD1_P1P2_ENSG00000177225,-0.10754421,0.4263755,0.26761994
4932_MED12_P1P2_ENSG00000184634,0.14732702,0.43572825,0.09858645
4540_LDB1_P2_ENSG00000198728,-0.062162317,0.4519588,0.10592521
1583_CHMP3_P1P2_ENSG00000115561,-0.01473367,0.46472582,0.27788457
9747_VPS28_P1P2_ENSG00000160948,-0.12799019,0.46758458,0.38867134
4147_INTS2_P1P2_ENSG00000108506,-0.23170146,0.48039037,0.23032847
3291_GATA1_P1P2_ENSG00000102145,-0.02594918,0.52982223,0.116877414
1588_CHMP6_P1P2_ENSG00000176108,-0.12085086,0.8350422,0.54430354
9469_TYW3_P1P2_ENSG00000162623,0.07968332,inf,inf
7175_RBM41_P1P2_ENSG00000089682,0.021686431,inf,inf
9955_YWHAQ_P1P2_ENSG00000134308,0.013606054,inf,inf
632_ATMIN_P1P2_ENSG00000166454,-0.0066627706,inf,inf
10101_ZFPL1_P1P2_ENSG00000162300,-0.024694255,inf,inf
6401_PKNOX1_P1P2_ENSG00000160199,0.008842508,inf,inf
6202_PDXK_P1P2_ENSG00000160209,0.007084428,inf,inf
3452_GNPTAB_P1P2_ENSG00000111670,0.0026812793,inf,inf
3493_GPATCH8_P1P2_ENSG00000186566,0.025246553,inf,inf
2642_ENO3_P2_ENSG00000108515,-0.013551988,inf,inf
1314_CCM2_P1P2_ENSG00000136280,-0.0028384232,inf,inf
1421_CDK11A_P1P2_ENSG00000008128,-0.0016640545,inf,inf
136_ADAR_P1_ENSG00000160710,0.019008813,inf,inf
4680_LRRFIP1_P1P2_ENSG00000124831,0.01499124,inf,inf
9734_VMP1_P1P2_ENSG00000062716,-0.03167532,inf,inf
1680_CLSTN3_P2_ENSG00000139182,0.009965278,inf,inf
7668_SBDS_P1P2_ENSG00000126524,-0.008977561,inf,inf
2819_FAF1_P1P2_ENSG00000185104,0.008492965,inf,inf
842_BLMH_P1P2_ENSG00000108578,0.0004972866,inf,inf
8430_SRSF11_P2_ENSG00000116754,0.019590868,inf,inf
8769_ELOB_P1P2_ENSG00000103363,0.0013090299,inf,inf
7718_SDCCAG8_P1P2_ENSG00000054282,0.008778096,inf,inf
9722_VEZT_P1P2_ENSG00000028203,-0.007954317,inf,inf
580_ASH1L_P1P2_ENSG00000116539,0.008840541,inf,inf
5813_NRIP1_P1P2_ENSG00000180530,0.0001689735,inf,inf
1703_CNBD2_P1P2_ENSG00000149646,0.0049398597,inf,inf
4360_KIAA1143_P1P2_ENSG00000163807,-0.0023127412,inf,inf
7634_SAE1_P1P2_ENSG00000142230,-0.0813419,inf,inf
9088_TMEM63A_P2_ENSG00000196187,-0.013609986,inf,inf
4425_KLF9_P1P2_ENSG00000119138,-0.009438732,inf,inf
8248_SNX1_P1P2_ENSG00000028528,0.017347798,inf,inf
9048_TMEM223_P1P2_ENSG00000168569,0.01645036,inf,inf
7647_SAP130_P1P2_ENSG00000136715,0.042639825,inf,inf
4589_LIMS1_P1P2_ENSG00000169756,-0.0047778,inf,inf
6734_PRDX1_P1P2_ENSG00000117450,-0.005491141,inf,inf
5822_NSD1_P1P2_ENSG00000165671,0.026479822,inf,inf
1045_C1orf216_P1P2_ENSG00000142686,0.008177928,inf,inf
10515_ZNF627_P1P2_ENSG00000198551,-0.010665488,inf,inf
5938_OLIG2_P1P2_ENSG00000205927,0.0003182832,inf,inf
7336_RNF10_P1P2_ENSG00000022840,0.01240499,inf,inf
9328_TRRAP_P1P2_ENSG00000196367,0.0481999,inf,inf
1337_CCNT1_P1P2_ENSG00000129315,0.01825298,inf,inf
4755_MAFG_P1P2_ENSG00000197063,-0.01380842,inf,inf
5340_MTPAP_P1P2_ENSG00000107951,0.04657774,inf,inf
6897_PTBP2_P1P2_ENSG00000117569,0.035183344,inf,inf
3089_FIZ1_P1P2_ENSG00000179943,-0.0023631493,inf,inf
3025_FBXO46_P1P2_ENSG00000177051,-0.002930444,inf,inf
2485_EEF1D_P1P2_ENSG00000104529,-0.0051936777,inf,inf
5674_NIPA1_P1P2_ENSG00000170113,0.009740366,inf,inf
9692_VAC14_P1P2_ENSG00000103043,0.0011873494,inf,inf
1526_CERS6_P1P2_ENSG00000172292,0.019042213,inf,inf
1481_CENPH_P1P2_ENSG00000153044,0.0026072015,inf,inf
9815_WDR34_P1P2_ENSG00000119333,-0.0128879165,inf,inf
8609_SUV39H2_P1P2_ENSG00000152455,-0.019984797,inf,inf
4165_IPO8_P1P2_ENSG00000133704,-0.004631086,inf,inf
4079_IKBKE_P1P2_ENSG00000263528,0.003952793,inf,inf
10447_ZNF559_P1P2_ENSG00000188321,-0.042650353,inf,inf
7502_RPS14_P1P2_ENSG00000164587,0.06590714,inf,inf
232_AKAP8L_P1P2_ENSG00000011243,-0.016229915,inf,inf
8737_TBL2_P1_ENSG00000106638,0.0015698678,inf,inf
1884_CRY2_P1P2_ENSG00000121671,0.003929626,inf,inf
4119_ING1_P2_ENSG00000153487,0.010513008,inf,inf
1858_CREB3L1_P1P2_ENSG00000157613,0.00747,inf,inf
5893_NUP214_P1P2_ENSG00000126883,-0.04465193,inf,inf
6681_PPP2R1A_P1_ENSG00000105568,0.0030989102,inf,inf
8246_SNX17_P1P2_ENSG00000115234,0.0072811805,inf,inf
3310_GBX1_P2_ENSG00000164900,0.017861623,inf,inf
3296_GATA5_P1P2_ENSG00000130700,0.0048657097,inf,inf
5476_NBAS_P1P2_ENSG00000151779,-0.15682639,inf,inf
5477_NBEAL1_P1P2_ENSG00000144426,0.000417363,inf,inf
6898_PTBP3_P1P2_ENSG00000119314,0.025498562,inf,inf
3173_FOXN2_P1P2_ENSG00000170802,-0.008918611,inf,inf
3157_FOXF1_P1P2_ENSG00000103241,0.012165531,inf,inf
8758_TBX5_P2_ENSG00000089225,-0.006738013,inf,inf
4528_LBX1_P1P2_ENSG00000138136,0.008044174,inf,inf
8258_SNX6_P1P2_ENSG00000129515,0.021781614,inf,inf
1616_CIRBP_P1P2_ENSG00000099622,-0.020015286,inf,inf
5527_NDRG3_P1P2_ENSG00000101079,-0.008582191,inf,inf
5490_NCAPG_P1P2_ENSG00000109805,-0.044486053,inf,inf
2357_DPP7_P1_ENSG00000176978,0.00789604,inf,inf
2380_DSCR4_P1P2_ENSG00000184029,0.0020770926,inf,inf
9130_TNFRSF1B_P2_ENSG00000028137,0.015059312,inf,inf
9125_TNFRSF10A_P1P2_ENSG00000104689,-0.023844302,inf,inf
756_BAK1_P1P2_ENSG00000030110,-0.015731387,inf,inf
5739_NOLC1_P1P2_ENSG00000166197,0.071904264,inf,inf
5727_NOBOX_ENST00000483238.1_ENSG00000106410,-0.010618063,inf,inf
1170_CAMTA2_P1P2_ENSG00000108509,-0.0076227225,inf,inf
1250_CCDC125_P1P2_ENSG00000183323,0.00044073432,inf,inf
935_BUB1_P1P2_ENSG00000169679,-0.0018560614,inf,inf
4890_MCAT_P1P2_ENSG00000100294,0.04345584,inf,inf
6101_PBK_P1P2_ENSG00000168078,0.005375612,inf,inf
201_AHCTF1_P1P2_ENSG00000153207,-0.017288093,inf,inf
8940_TK1_P1P2_ENSG00000167900,-0.00073169597,inf,inf
7899_SHOX2_P1P2_ENSG00000168779,0.0073944,inf,inf
2598_ELMSAN1_P2_ENSG00000156030,0.019430116,inf,inf
2599_ELOF1_P1P2_ENSG00000130165,-0.070961684,inf,inf
2521_EHMT2_P1P2_ENSG00000204371,0.032455828,inf,inf
5672_NIN_P1P2_ENSG00000100503,0.018936567,inf,inf
1648_CLEC16A_P1P2_ENSG00000038532,0.002552767,inf,inf
4560_LGALS1_P1_ENSG00000100097,0.008211564,inf,inf
6604_PPA2_P1P2_ENSG00000138777,-0.024682803,inf,inf
7809_SERTAD2_P1P2_ENSG00000179833,-0.0052827033,inf,inf
8954_TM2D3_P1P2_ENSG00000184277,-0.004239747,inf,inf
1976_CWF19L2_P1P2_ENSG00000152404,-0.03517263,inf,inf
3827_HMGB1_P1_ENSG00000189403,0.024592794,inf,inf
3965_HSFY1_ENST00000307393.2_ENSG00000172468,-0.013118005,inf,inf
8587_SUMO1_P1P2_ENSG00000116030,0.04067879,inf,inf
10182_ZNF169_P1P2_ENSG00000175787,0.0074526044,inf,inf
7800_SERINC3_P1P2_ENSG00000132824,-0.0023151147,inf,inf
3987_HSPG2_P1P2_ENSG00000142798,0.008545435,inf,inf
982_C14orf93_P2_ENSG00000100802,0.009896087,inf,inf
2182_DGKZ_P1P2_ENSG00000149091,0.017262565,inf,inf
9845_WDR81_P2_ENSG00000167716,-0.0006428764,inf,inf
6495_PNPLA4_P1P2_ENSG00000006757,0.019672394,inf,inf
6231_PEX2_P1P2_ENSG00000164751,0.024717757,inf,inf
9836_WDR6_P1P2_ENSG00000178252,0.008677789,inf,inf
3657_HCFC1R1_P1P2_ENSG00000103145,-0.03293379,inf,inf
2060_DCAF8_P2_ENSG00000132716,0.01856875,inf,inf
798_BCL2L11_P2_ENSG00000153094,-0.005538448,inf,inf
8793_TCP1_P1P2_ENSG00000120438,-0.072642356,inf,inf
3589_GTF3C6_P1P2_ENSG00000155115,0.096375614,inf,inf
7118_RASA1_P1_ENSG00000145715,0.005210719,inf,inf
7100_RAP1A_P1P2_ENSG00000116473,-0.005234411,inf,inf
2915_FAM229A_P1P2_ENSG00000225828,0.0054854057,inf,inf
7051_RABGGTB_P1P2_ENSG00000137955,-0.05783786,inf,inf
3770_HIST1H2BN_P1P2_ENSG00000233822,-0.00083819206,inf,inf
7908_SIGIRR_P2_ENSG00000185187,-0.013254904,inf,inf
3787_HIST2H2AC_P1P2_ENSG00000184260,-0.0041439156,inf,inf
4968_MEIS3_P2_ENSG00000105419,-0.0046471893,inf,inf
8672_TAF9_P1P2_ENSG00000273841,-0.012386806,inf,inf
2862_FAM156B_ENST00000509613.1_ENSG00000179304,0.010191771,inf,inf
7181_RBM4_P2_ENSG00000173933,0.0051555443,inf,inf
9536_UBL7_P1_ENSG00000138629,0.012456963,inf,inf
697_ATRIP_P1P2_ENSG00000164053,-0.03278222,inf,inf
2668_EPHB6_P1P2_ENSG00000106123,-0.011680531,inf,inf
8080_SLC39A9_P1P2_ENSG00000029364,-0.04457516,inf,inf
341_ANKRD46_P1P2_ENSG00000186106,-0.004933623,inf,inf
8053_SLC35F6_P1P2_ENSG00000213699,0.0035962614,inf,inf
8866_TGIF2_P1P2_ENSG00000118707,0.06294291,inf,inf
2118_DDX39B_P1P2_ENSG00000198563,0.036098912,inf,inf
2727_ESCO1_P1P2_ENSG00000141446,0.022509372,inf,inf
