,Mean_LFC_in_LE,Pct_UP_in_LE,MW_Pval
KEAP1,0.05194462463259697,0.6671328671328671,8.019697708710881e-09
DICER1,0.08104227483272552,0.6923076923076923,1.1658150979253121e-17
UBR5,0.02619601972401142,0.586013986013986,3.2042028848286507e-06
SHOC2,0.023265067487955093,0.6055944055944056,0.0009753094494515846
