perturbation_id,target_gene,mimetic_score,up_enrichment,down_enrichment
8931_TINF2_P1P2_ENSG00000092330,TINF2,0.6048261299232651,0.27481006935194535,-0.3300160605713197
6678_PPP2CA_P1P2_ENSG00000113575,PPP2CA,0.5990927541579025,0.24714397590848658,-0.351948778249416
4901_MCM4_P1P2_ENSG00000104738,MCM4,0.5947305605706035,0.2571430878161994,-0.33758747275440404
6896_PTBP1_P1P2_ENSG00000011304,PTBP1,0.5594358723440637,0.19583242505712653,-0.36360344728693716
9672_USP5_P1_ENSG00000111667,USP5,0.5485846060507349,0.2894716658189586,-0.2591129402317763
3502_GPN1_P1P2_ENSG00000198522,GPN1,0.5468120582141793,0.2519679317945178,-0.2948441264196615
3233_FYN_P1P2_ENSG00000010810,FYN,0.5439548621206696,0.188198868086004,-0.3557559940346655
4166_IPO9_P1P2_ENSG00000198700,IPO9,0.5433675655382728,0.3020825764364992,-0.2412849891017736
10703_ZNRD1_P1P2_ENSG00000066379,ZNRD1,0.5428142354506635,0.20359919587280212,-0.3392150395778614
4907_MCMBP_P1P2_ENSG00000197771,MCMBP,0.5423237719396783,0.2948870104391313,-0.247436761500547
2685_EPS8L1_P2_ENSG00000131037,EPS8L1,0.5410781324099143,0.22735566481783415,-0.3137224675920802
5422_NAA10_P1P2_ENSG00000102030,NAA10,0.5376727096602514,0.24615900081544573,-0.2915137088448056
4959_MED9_P1P2_ENSG00000141026,MED9,0.5361358561319549,0.28458715818539626,-0.2515486979465587
7116_RARS2_P1P2_ENSG00000146282,RARS2,0.535048303962405,0.2495680642010062,-0.2854802397613988
3935_HPS5_P1P2_ENSG00000110756,HPS5,0.5301506384336454,0.2781000476340477,-0.25205059079959763
2067_DCLRE1B_P1P2_ENSG00000118655,DCLRE1B,0.5290528132367661,0.235814743946853,-0.29323806928991314
5751_NOP9_P1P2_ENSG00000196943,NOP9,0.5287181924155117,0.20308652441043837,-0.32563166800507326
8913_TIMELESS_P1P2_ENSG00000111602,TIMELESS,0.5274707147242355,0.24967302056338408,-0.2777976941608514
6546_POLR2E_P1_ENSG00000099817,POLR2E,0.52630069628323,0.23021976247569886,-0.29608093380753114
10056_ZDHHC7_P1P2_ENSG00000153786,ZDHHC7,0.5250716237379675,0.22596499301638612,-0.29910663072158133
6667_PPP1R2_P1P2_ENSG00000184203,PPP1R2,0.5247197036371742,0.24235836946256217,-0.2823613341746121
4941_MED19_P1P2_ENSG00000156603,MED19,0.520418998171764,0.2522182123509478,-0.26820078582081613
7510_RPS20_P1P2_ENSG00000008988,RPS20,0.5186921925657748,0.21621212488192756,-0.3024800676838472
8438_SRSF7_P1P2_ENSG00000115875,SRSF7,0.5155357571269975,0.23994639151954272,-0.2755893656074548
8338_SPDL1_P1P2_ENSG00000040275,SPDL1,0.5151781917757228,0.2645687504541533,-0.2506094413215695
9751_VPS35_P1P2_ENSG00000069329,VPS35,0.5150140909770401,0.22868780326334473,-0.28632628771369534
9622_URM1_P1P2_ENSG00000167118,URM1,0.5139811336717667,0.1882311623513455,-0.32574997132042116
3569_GTF2E1_P1P2_ENSG00000153767,GTF2E1,0.5138623603747468,0.19697079791057692,-0.3168915624641699
3503_GPN2_P1P2_ENSG00000142751,GPN2,0.5134370759250505,0.23346331775135534,-0.2799737581736952
3572_GTF2F2_P1P2_ENSG00000188342,GTF2F2,0.512611835414659,0.25363512324300325,-0.2589767121716558
1545_CHAF1B_P1P2_ENSG00000159259,CHAF1B,0.5085909126375797,0.20475573425049987,-0.30383517838707985
7522_RPS2_P1P2_ENSG00000140988,RPS2,0.5073035489341207,0.2440356528689479,-0.2632678960651728
2788_EXOSC1_P1P2_ENSG00000171311,EXOSC1,0.5044506752075668,0.17425178223978766,-0.3301988929677792
1329_CCNH_P1P2_ENSG00000134480,CCNH,0.5039481901451823,0.19283915033789267,-0.3111090398072896
1587_CHMP5_P1P2_ENSG00000086065,CHMP5,0.5019868781228296,0.1963592252605842,-0.30562765286224547
9012_TMEM161B_P1P2_ENSG00000164180,TMEM161B,0.4988497362743033,0.26271990376310705,-0.23612983251119626
2593_ELL_P1P2_ENSG00000105656,ELL,0.49831221346685156,0.19163417056216048,-0.3066780429046911
4943_MED20_P1P2_ENSG00000124641,MED20,0.4972883458411853,0.24893025246042963,-0.24835809338075565
6552_POLR2K_P1P2_ENSG00000147669,POLR2K,0.495324136563235,0.2237427438822603,-0.2715813926809747
9547_UBR4_P1P2_ENSG00000127481,UBR4,0.49482788606635225,0.21331976974190348,-0.2815081163244488
2001_CYFIP1_P1P2_ENSG00000273749,CYFIP1,0.4946104313483135,0.31105029024472,-0.18356014110359356
630_ATL2_P1P2_ENSG00000119787,ATL2,0.49443439924352306,0.25587755629295983,-0.23855684295056326
6575_POP4_P1P2_ENSG00000105171,POP4,0.4938236663261563,0.21430878161811195,-0.27951488470804436
2235_DKC1_P1P2_ENSG00000130826,DKC1,0.49303071938643894,0.2539863233786306,-0.23904439600780839
6948_PUM1_P1P2_ENSG00000134644,PUM1,0.4928614864445333,0.17528519873083506,-0.3175762877136982
924_BTF3_P1P2_ENSG00000145741,BTF3,0.4919900310880502,0.1932024608230245,-0.29878757026502567
5424_NAA15_P1P2_ENSG00000164134,NAA15,0.48908774097866947,0.28930212092589297,-0.19978562005277647
7497_RPS10-NUDT3_P1P2_ENSG00000270800,RPS10-NUDT3,0.4871481936406831,0.3111128603838268,-0.17603533325685633
4931_MED11_P1P2_ENSG00000161920,MED11,0.4868885663300912,0.2532395184925162,-0.233649047837575
2125_DDX49_P1P2_ENSG00000105671,DDX49,0.4862339236997643,0.25427697176675196,-0.23195695193301236
2607_ELP5_P1P2_ENSG00000170291,ELP5,0.483477116625408,0.2309282179217111,-0.2525488987036969
4312_POGLUT3_P1P2_ENSG00000178202,POGLUT3,0.4832366849608789,0.21143661039391543,-0.2718000745669635
6625_PPIE_P1P2_ENSG00000084072,PPIE,0.4829628155381869,0.16511048675532236,-0.3178523287828645
8750_TBX1_P1P2_ENSG00000184058,TBX1,0.48215129323674266,0.19410064507796335,-0.28805064815877934
5730_NOC3L_P1P2_ENSG00000173145,NOC3L,0.48146836716209085,0.17292973575219234,-0.3085386314098985
6883_PSMG1_P1P2_ENSG00000183527,PSMG1,0.47838393139447377,0.2670977951090481,-0.2112861362854257
5367_MYBL2_P1P2_ENSG00000101057,MYBL2,0.4773130553547264,0.23559070248100816,-0.24172235287371824
7512_RPS23_P1P2_ENSG00000186468,RPS23,0.47712741942113246,0.16292456866971675,-0.3142028507514157
7055_RAC1_P1P2_ENSG00000136238,RAC1,0.47686906356180414,0.21134981955581147,-0.26551924400599264
2993_FBXL14_P1P2_ENSG00000171823,FBXL14,0.4757352366045457,0.2711386150604373,-0.2045966215441084
9583_UHRF1_P1P2_ENSG00000276043,UHRF1,0.4749727094737644,0.19245363754531936,-0.28251907192844505
4954_MED31_P1P2_ENSG00000108590,MED31,0.47494537241819257,0.22263666529417417,-0.2523087071240184
2128_DDX52_P1P2_ENSG00000278053,DDX52,0.4735079708689664,0.1536803352144811,-0.3198276356544853
5441_NACA_P1P2_ENSG00000196531,NACA,0.4734099468087555,0.23097060414498577,-0.24243934266376974
9163_TOMM20_P1P2_ENSG00000173726,TOMM20,0.4731057532058946,0.20549648396186976,-0.26760926924402484
4523_LAS1L_P1P2_ENSG00000001497,LAS1L,0.4730815056764232,0.20763396064944534,-0.26544754502697787
2787_EXOSC10_P1P2_ENSG00000171824,EXOSC10,0.47254908965785414,0.14014903803457507,-0.33240005162327907
2132_DDX56_P1P2_ENSG00000136271,DDX56,0.47226513577355894,0.21699526081657122,-0.2552698749569877
4153_INTS8_P1P2_ENSG00000164941,INTS8,0.47217487344432263,0.20291294273420277,-0.2692619307101199
5733_NOL11_P1P2_ENSG00000130935,NOL11,0.4713444216885847,0.14780277892154361,-0.3235416427670411
7576_RSL1D1_P1_ENSG00000171490,RSL1D1,0.47058274230771213,0.13673795625743515,-0.33384478605027695
10702_ZNHIT6_P1P2_ENSG00000117174,ZNHIT6,0.4700403501044935,0.15700260776192818,-0.3130377423425653
2694_ERCC2_P1P2_ENSG00000104884,ERCC2,0.4692929530958786,0.1724089907234897,-0.2968839623723889
1966_CUL7_P1P2_ENSG00000044090,CUL7,0.4690994549401063,0.17494005376996608,-0.2941594011701402
1741_COG2_P1P2_ENSG00000135775,COG2,0.4686520222780751,0.19491607527793942,-0.2737359470001357
9493_UBC_P1P2_ENSG00000150991,UBC,0.4686251000382075,0.17954198658173287,-0.28908311345647464
8817_TEN1_P1P2_ENSG00000257949,TEN1,0.4679386773496274,0.2653317024729384,-0.202606974876689
7558_RRM2_P1P2_ENSG00000171848,RRM2,0.4678505248439528,0.18805959906671266,-0.27979092577724013
9814_WDR33_P1P2_ENSG00000136709,WDR33,0.4678085282556851,0.09837236902656898,-0.3694361592291161
1834_CPNE7_P1P2_ENSG00000178773,CPNE7,0.46777029733848074,0.27567797773311437,-0.19209231960536638
2096_DDOST_P1P2_ENSG00000244038,DDOST,0.4674412348509094,0.17133520640073255,-0.29610602845017686
2074_DCTN2_P1P2_ENSG00000175203,DCTN2,0.4671185918187394,0.18813427955531306,-0.27898431226342635
8904_TICRR_P1P2_ENSG00000140534,TICRR,0.4661585152483748,0.2684844301273287,-0.1976740851210461
5126_MMS19_P1P2_ENSG00000155229,MMS19,0.4661157984344836,0.20284431742035017,-0.26327148101413345
3577_GTF2H4_P1P2_ENSG00000213780,GTF2H4,0.46589693987844505,0.23892306698638993,-0.22697387289205512
8649_TADA2B_P1P2_ENSG00000173011,TADA2B,0.4656790286952987,0.13313916406294696,-0.33253986463235174
4903_MCM6_P1P2_ENSG00000076003,MCM6,0.46551123883850715,0.2658403371521377,-0.19967090168636947
7903_SHQ1_P1P2_ENSG00000144736,SHQ1,0.4650653995353674,0.20113070296543198,-0.2639346965699354
7893_SEM1_P1P2_ENSG00000127922,SEM1,0.4647627950656485,0.29276769927580804,-0.17199509578984046
7472_RPL3_P1P2_ENSG00000100316,RPL3,0.46421113263444674,0.19341842872252912,-0.2707927039119176
7566_RRP7A_P1P2_ENSG00000189306,RRP7A,0.4641200937847796,0.19821009034320894,-0.2659100034415707
3372_GINS4_P1P2_ENSG00000147536,GINS4,0.4636310790607684,0.25772236620083605,-0.20590871285993234
1780_COPS4_P1P2_ENSG00000138663,COPS4,0.4630887311698123,0.11907702989641744,-0.34401170127339487
1609_CIAO1_P1P2_ENSG00000144021,CIAO1,0.46046583862891766,0.11950492891224931,-0.34096090971666837
9159_TOE1_P1P2_ENSG00000132773,TOE1,0.46025392456018965,0.22471560862580078,-0.2355383159343889
2209_DHX33_P1P2_ENSG00000005100,DHX33,0.4596262224040325,0.22994929800341535,-0.22967692440061713
1469_CEBPG_P1P2_ENSG00000153879,CEBPG,0.4590024803022723,0.2195243054714733,-0.239478174830799
3988_HSPH1_P1P2_ENSG00000120694,HSPH1,0.45863772340349024,0.2677356068496266,-0.19090211655386363
3369_GINS1_P1P2_ENSG00000101003,GINS1,0.4580941342202346,0.2606530707809669,-0.19744106343926773
2212_DHX36_P1P2_ENSG00000174953,DHX36,0.4580346411615772,0.24811078547728865,-0.20992385568428854
5826_NSL1_P1P2_ENSG00000117697,NSL1,0.45736303163684444,0.23022783604202443,-0.22713519559482004
6524_POLE_P1P2_ENSG00000177084,POLE,0.45728106295898097,0.21298471673893166,-0.24429634622004928
7246_RFC2_P1P2_ENSG00000049541,RFC2,0.45630138845930024,0.2825102332453494,-0.17379115521395083
7950_SLBP_P1P2_ENSG00000163950,SLBP,0.4559944074697031,0.23161245266873026,-0.22438195480097287
6229_PEX1_P1P2_ENSG00000127980,PEX1,0.45574658466449036,0.16441212326721003,-0.29133446139728036
9923_YBX3_P1P2_ENSG00000060138,YBX3,0.45526693585517497,0.1610716851955116,-0.2941952506596634
4147_INTS2_P1P2_ENSG00000108506,INTS2,0.4545531761689158,0.19208830866859758,-0.26246486750031817
1100_C5orf30_P1P2_ENSG00000181751,C5orf30,0.45397493436043823,0.1322652005070215,-0.3217097338534167
7444_RPL19_P1P2_ENSG00000108298,RPL19,0.45344588780778866,0.1889375994057933,-0.26450828840199536
8605_SURF6_P1P2_ENSG00000148296,SURF6,0.4530596542396325,0.14468234553249854,-0.308377308707134
5216_MRPL34_P1P2_ENSG00000130312,MRPL34,0.45299902341894743,0.1946819418541832,-0.25831708156476424
8165_SMG1_P1P2_ENSG00000157106,SMG1,0.452863331910159,0.23640411428940847,-0.21645921762075052
3667_HDAC7_P1P2_ENSG00000061273,HDAC7,0.45283967693735017,0.21021750187711094,-0.24262217506023925
1628_CKAP5_P1_ENSG00000175216,CKAP5,0.452394914470546,0.12428246179185287,-0.3281124526786931
8160_SMC5_P1P2_ENSG00000198887,SMC5,0.45199752006754135,0.29477599890200507,-0.15722152116553628
5657_NFYB_P1P2_ENSG00000120837,NFYB,0.4518488400109419,0.20578511395839294,-0.24606372605254895
1831_CPNE1_P1P2_ENSG00000214078,CPNE1,0.45183596434209206,0.1606377310049171,-0.2911982333371749
9824_WDR46_P1P2_ENSG00000227057,WDR46,0.45107288746180146,0.1602259791217615,-0.29084690834003996
5746_NOP14_P1P2_ENSG00000087269,NOP14,0.45105116726331496,0.22815696627672843,-0.22289420098658652
3872_HNRNPL_P1_ENSG00000104824,HNRNPL,0.4510339278385685,0.1826503096212757,-0.2683836182172928
4001_HYPK_P1P2_ENSG00000242028,HYPK,0.4509271626632001,0.2239102703837461,-0.227016892279454
5115_MLST8_P1P2_ENSG00000167965,MLST8,0.45032226063878983,0.2198351377754146,-0.23048712286337522
9219_TPX2_P1P2_ENSG00000088325,TPX2,0.45005303583801476,0.21677323774231777,-0.233279798095697
4160_IPO11_P1P2_ENSG00000086200,IPO11,0.4497688030847885,0.1947283648606227,-0.25504043822416583
2487_EEF1G_P1P2_ENSG00000254772,EEF1G,0.4497403736503179,0.18185506333713175,-0.26788531031318613
2695_ERCC3_P1P2_ENSG00000163161,ERCC3,0.44883160239088044,0.22568645497776832,-0.22314514741311212
5339_MTOR_P1P2_ENSG00000198793,MTOR,0.448759104720851,0.28275445862701737,-0.1660046460938336
1636_CLASRP_P1P2_ENSG00000104859,CLASRP,0.4482262173024032,0.18043411566191597,-0.2677921016404872
859_BMS1_P1P2_ENSG00000165733,BMS1,0.44821576418969733,0.2216577453758728,-0.22655801881382456
7520_RPS29_P2_ENSG00000213741,RPS29,0.44764062203747945,0.2664680569348056,-0.18117256510267388
2414_DUT_P1P2_ENSG00000128951,DUT,0.4474103651087703,0.25973470261019954,-0.18767566249857076
4149_INTS4_P1P2_ENSG00000149262,INTS4,0.4473175278367809,0.18126771138615877,-0.26604981645062215
6517_POLD3_P1P2_ENSG00000077514,POLD3,0.4470512669191167,0.17241908268140585,-0.2746321842377108
9812_WDR26_P1P2_ENSG00000162923,WDR26,0.44634085719095795,0.20780552393409696,-0.23853533325686102
7488_RPP21_P1P2_ENSG00000241370,RPP21,0.44584920315425575,0.17413875231106302,-0.27171045084319273
8892_THOC7_P1P2_ENSG00000163634,THOC7,0.4447210109121462,0.1877124357142444,-0.2570085751979018
4900_MCM3_P1P2_ENSG00000112118,MCM3,0.4443791274585694,0.2546887236499045,-0.18969040380866486
4272_KANSL3_P1P2_ENSG00000114982,KANSL3,0.4434347041609574,0.2631942257853678,-0.18024047837558965
7245_RFC1_P1P2_ENSG00000035928,RFC1,0.44274968577346085,0.23098675127764645,-0.2117629344958144
9366_TSR2_P1P2_ENSG00000158526,TSR2,0.44257872922771246,0.13824165798758958,-0.3043370712401229
6565_POLRMT_P1P2_ENSG00000099821,POLRMT,0.44241771343994274,0.20089253275851002,-0.2415251806814327
8146_SMARCB1_P1_ENSG00000099956,SMARCB1,0.44213665733220797,0.29184125753870455,-0.15029539979350345
9482_UBA52_P1_ENSG00000221983,UBA52,0.4420784628157626,0.1261333268744804,-0.3159451359412822
686_ATP6V1G1_P1P2_ENSG00000136888,ATP6V1G1,0.44190983331316513,0.29735752173809127,-0.1445523115750739
6033_PAFAH1B1_P1P2_ENSG00000007168,PAFAH1B1,0.44173291383504654,0.2020288872203721,-0.23970402661467446
7686_SCAP_P1P2_ENSG00000114650,SCAP,0.4416366816559645,0.2126193878622159,-0.22901729379374855
5374_MYC_P1P2_ENSG00000136997,MYC,0.4415457450341307,0.18490283462915524,-0.25664291040497544
4871_MAX_P1P2_ENSG00000125952,MAX,0.4414762792640561,0.1627429134271697,-0.2787333658368864
7188_RBMX_P1P2_ENSG00000147274,RBMX,0.44086898241118794,0.1283152081769085,-0.31255377423427944
5853_NUBP2_P1P2_ENSG00000095906,NUBP2,0.4407644883315734,0.16863459846118456,-0.27212988987038883
6630_PPIL2_P1P2_ENSG00000100023,PPIL2,0.440746008222324,0.23765148028839936,-0.20309452793392468
6534_POLR1B_P1P2_ENSG00000125630,POLR1B,0.44072924754908316,0.18755298277908383,-0.2531762647699993
2827_FAM102B_P1P2_ENSG00000162636,FAM102B,0.44056957516567014,0.25604508279444016,-0.18452449237122998
4164_IPO7_P1P2_ENSG00000205339,IPO7,0.44045371521672316,0.17569089543925911,-0.264762819777464
8626_SYNGR3_P1P2_ENSG00000127561,SYNGR3,0.44043640398357936,0.1432513058993578,-0.29718509808422156
4897_MCM10_P1P2_ENSG00000065328,MCM10,0.44033371732766435,0.18115266306585975,-0.2591810542618046
7727_SDHC_P1P2_ENSG00000143252,SDHC,0.4398167828032296,0.2741096874722638,-0.16570709533096584
1487_CENPN_P1P2_ENSG00000166451,CENPN,0.4396934397317379,0.14132172354494393,-0.298371716186794
4379_KIF18A_P1P2_ENSG00000121621,KIF18A,0.43907213954918745,0.1744455478318447,-0.2646265917173427
2707_ERH_P1P2_ENSG00000100632,ERH,0.43867610681378205,0.17212439751011377,-0.2665517093036683
2561_EIF4A3_P1P2_ENSG00000141543,EIF4A3,0.43863320499418335,0.1262443384116075,-0.3123888665825758
935_BUB1_P1P2_ENSG00000169679,BUB1,0.43841404945071427,0.1546976045728753,-0.283716444877839
2678_EPRS_P1P2_ENSG00000136628,EPRS,0.43837375536664114,0.17056014403243655,-0.26781361133420456
1254_CCDC130_P2_ENSG00000104957,CCDC130,0.43807287727929234,0.19834734097092885,-0.2397255363083635
6453_PLK1_P1P2_ENSG00000166851,PLK1,0.4377493923148149,0.23443618249489898,-0.20331320981991596
10701_ZNHIT3_P1P2_ENSG00000273611,ZNHIT3,0.43774602420922115,0.23881003705767742,-0.19893598715154373
8933_TIPIN_P1P2_ENSG00000075131,TIPIN,0.43745211845269893,0.2218353638352719,-0.21561675461742702
9257_TREX2_P1P2_ENSG00000183479,TREX2,0.43731926946769406,0.2432767376333338,-0.19404253183436024
934_BUB1B_P1P2_ENSG00000156970,BUB1B,0.43703334792947646,0.2310816156821129,-0.20595173224736352
4152_INTS7_P1P2_ENSG00000143493,INTS7,0.4362131205472912,0.21385666190326436,-0.2223564586440269
7424_RPAP3_P1P2_ENSG00000005175,RPAP3,0.436100172354531,0.255701956225127,-0.18039821612940404
7449_RPL23A_P1P2_ENSG00000198242,RPL23A,0.43498795176172944,0.18877007290430797,-0.2462178788574215
7506_RPS17_ENST00000330339.7_ENSG00000182774,RPS17,0.4347662046331231,0.20272321392530157,-0.23204299070782156
9946_YTHDC1_P1P2_ENSG00000083896,YTHDC1,0.43458225163802955,0.20077546604662944,-0.23380678559140014
6681_PPP2R1A_P1_ENSG00000105568,PPP2R1A,0.43447256842576715,0.21257498324736135,-0.2218975851784058
9443_TWISTNB_P1P2_ENSG00000105849,TWISTNB,0.4344142706684746,0.19110737035872227,-0.2433069003097523
7501_RPS13_P1P2_ENSG00000110700,RPS13,0.4341024870843342,0.19219730181414788,-0.2419051852701863
7714_SDC1_P1P2_ENSG00000115884,SDC1,0.43383096751216194,0.1871291205464392,-0.24670184696572273
5519_NDC80_P1P2_ENSG00000080986,NDC80,0.43364773922890393,0.20203494239511946,-0.23161279683378447
4932_MED12_P1P2_ENSG00000184634,MED12,0.4333455054363701,0.15215644956848706,-0.28118905586788306
5492_NCAPH_P1P2_ENSG00000121152,NCAPH,0.4332100838240275,0.2109683435464002,-0.2222417402776273
9806_WDR18_P1P2_ENSG00000065268,WDR18,0.4330505110056528,0.1549337563882237,-0.2781167546174291
9765_VPS54_P1P2_ENSG00000143952,VPS54,0.43280464071700697,0.26780019538031435,-0.1650044453366926
6537_POLR1D_P1_ENSG00000186184,POLR1D,0.43227266802334896,0.18886897409193443,-0.24340369393141456
431_AQR_P1P2_ENSG00000021776,AQR,0.4320044050960056,0.13743631974552828,-0.2945680853504773
4956_MED6_P1P2_ENSG00000133997,MED6,0.4318513479406365,0.25547185958454927,-0.17637948835608722
1406_CDC42_P1P2_ENSG00000070831,CDC42,0.4316484177926111,0.17326680714672957,-0.25838161064588155
9151_TNPO3_P1P2_ENSG00000064419,TNPO3,0.43143463022257933,0.13330669056442943,-0.29812793965814993
3370_GINS2_P1P2_ENSG00000131153,GINS2,0.4309414842733578,0.17372498203633968,-0.25721650223701814
9236_TRAIP_P1P2_ENSG00000183763,TRAIP,0.43054403623839277,0.18106385383615908,-0.2494801824022337
3545_GRWD1_P1P2_ENSG00000105447,GRWD1,0.43048209610858046,0.1860674465731804,-0.24441464953540004
7593_RTTN_P1P2_ENSG00000176225,RTTN,0.42983657065400893,0.18070054335102437,-0.24913602730298456
9818_WDR3_P1P2_ENSG00000065183,WDR3,0.4297442791373498,0.1359326180153791,-0.2938116611219707
8396_SRBD1_P1P2_ENSG00000068784,SRBD1,0.42968991280949287,0.23460774577955348,-0.19508216702993936
3530_GRB2_P2_ENSG00000177885,GRB2,0.4290997667279871,0.23098473288606752,-0.19811503384191959
14_AASDHPPT_P1P2_ENSG00000149313,AASDHPPT,0.42886857050160865,0.13973526775982842,-0.28913330274178023
8109_SLC7A6OS_P1P2_ENSG00000103061,SLC7A6OS,0.42843711192011946,0.2610486755314641,-0.16738843638865536
4003_IARS2_P1P2_ENSG00000067704,IARS2,0.4276943151054023,0.14854151024133244,-0.27915280486406985
8923_TIMM44_P1P2_ENSG00000104980,TIMM44,0.42739260428973136,0.1875953690023559,-0.23979723528737548
3134_FOLR3_P2_ENSG00000110203,FOLR3,0.42709573493951214,0.25162682361680766,-0.17546891132270445
2426_DYNLL1_P1P2_ENSG00000088986,DYNLL1,0.42675333658421294,0.25329199667370583,-0.1734613399105071
8680_TANGO6_P1P2_ENSG00000103047,TANGO6,0.4267524461139558,0.13328852504016642,-0.2934639210737894
8872_THAP11_P1P2_ENSG00000168286,THAP11,0.4264922387212628,0.170695376268573,-0.2557968624526898
1683_CLTC_P1P2_ENSG00000141367,CLTC,0.4258161530247647,0.13723851737028167,-0.2885776356544831
5089_NIFK_P1P2_ENSG00000155438,NIFK,0.4256139880513665,0.18755903795384068,-0.23805495009752586
2780_EXOC3_P1P2_ENSG00000180104,EXOC3,0.4255722511425987,0.23471673892509062,-0.1908555122175081
3637_HAUS4_P1P2_ENSG00000092036,HAUS4,0.4252779081971777,0.2238396266783022,-0.20143828151887547
3950_HSD17B12_P1P2_ENSG00000149084,HSD17B12,0.42509896665164454,0.14822260437103235,-0.2768763622806122
"3575_GTF2H2_ENST00000274400.5,ENST00000330280.7_ENSG00000145736",GTF2H2,0.4250364550070095,0.17500060551749178,-0.2500358494895177
7249_RFC5_P1P2_ENSG00000111445,RFC5,0.4248753274111646,0.20539758277424236,-0.2194777446369223
6542_POLR2C_P1P2_ENSG00000102978,POLR2C,0.4246649366295785,0.19030606889982177,-0.23435886772975673
7069_RAD51D_P1P2_ENSG00000185379,RAD51D,0.4243375248375809,0.22724061649753688,-0.19709690834004404
2778_EXOC1_P1P2_ENSG00000090989,EXOC1,0.42404366388529946,0.20422893404705056,-0.21981472983824887
7584_RTEL1_P1P2_ENSG00000258366,RTEL1,0.42398664718844725,0.18634396622021027,-0.23764268096823696
876_BORA_P1P2_ENSG00000136122,BORA,0.4231573469138486,0.18409144121233736,-0.23906590570151123
4317_KDM1A_P1P2_ENSG00000004487,KDM1A,0.4230746395444657,0.29189777250305954,-0.1311768670414062
8873_THAP1_P1P2_ENSG00000131931,THAP1,0.4230684412449913,0.22089883014025252,-0.2021696111047388
9117_TMX2_P1P2_ENSG00000213593,TMX2,0.42279023761755086,0.17911408756590205,-0.24367615005164883
5128_MNAT1_P1P2_ENSG00000020426,MNAT1,0.42263167495006776,0.22130452684865481,-0.20132714810141294
7539_RPS9_P1P2_ENSG00000170889,RPS9,0.4224668851266272,0.16812192699881687,-0.2543449581278104
5551_NDUFB10_P1P2_ENSG00000140990,NDUFB10,0.4222429107514204,0.20375461202478604,-0.21848829872663436
9110_TMSB10_P1P2_ENSG00000034510,TMSB10,0.42208601562457004,0.16499140165185383,-0.2570946139727162
7518_RPS27_P1P2_ENSG00000177954,RPS27,0.42197112961842276,0.197915405171934,-0.22405572444648875
9676_USP8_P1P2_ENSG00000138592,USP8,0.4214689711814581,0.22659473119063153,-0.19487423999082654
2795_EXOSC8_P1P2_ENSG00000120699,EXOSC8,0.42139161334862385,0.19951195291497092,-0.2218796604336529
7077_RAE1_P1P2_ENSG00000101146,RAE1,0.4213776960095454,0.1897469744310224,-0.231630721578523
6455_PLK4_P1P2_ENSG00000142731,PLK4,0.421130886770597,0.20836058161973772,-0.2127703051508593
6515_POLD1_P1P2_ENSG00000062822,POLD1,0.4204814210588358,0.16365926320634525,-0.2568221578524905
4952_MED29_P1P2_ENSG00000063322,MED29,0.4203581400417959,0.20791048029647413,-0.21244765974532176
2456_EBNA1BP2_P1P2_ENSG00000117395,EBNA1BP2,0.42032931758596476,0.12961505235708115,-0.2907142652288836
7561_RRP12_P1P2_ENSG00000052749,RRP12,0.4197882869635066,0.22949919668015165,-0.19028909028335497
6576_POP5_P1P2_ENSG00000167272,POP5,0.419689589276419,0.19115984853991794,-0.228529740736501
5879_NUFIP1_P1P2_ENSG00000083635,NUFIP1,0.4195052780208398,0.23263981398504216,-0.18686546403579768
127_ADAM10_P1P2_ENSG00000137845,ADAM10,0.41949766433499863,0.17373507399425314,-0.2457625903407455
1481_CENPH_P1P2_ENSG00000153044,CENPH,0.41929739268905114,0.14675523368938803,-0.2725421589996631
2979_FASTKD5_P1P2_ENSG00000215251,FASTKD5,0.4191821748187692,0.23311615439889172,-0.18606602041987746
2732_ESPL1_P1P2_ENSG00000135476,ESPL1,0.4191324846321219,0.2414480748581157,-0.17768440977400618
7541_RPTOR_P1P2_ENSG00000141564,RPTOR,0.4190031514794078,0.20049692800801686,-0.21850622347139098
2389_DTL_P1P2_ENSG00000143476,DTL,0.41868826010593774,0.1582883232010113,-0.26039993690492647
1844_CPSF6_P1P2_ENSG00000111605,CPSF6,0.41856405550747133,0.17743680415950364,-0.24112725134796767
1429_CDK1_P1P2_ENSG00000170312,CDK1,0.417782633075458,0.14054060600190277,-0.2772420270735552
9691_UXT_P1P2_ENSG00000126756,UXT,0.4176196984032444,0.16361889537466484,-0.2540008030285796
7453_RPL26_P1P2_ENSG00000161970,RPL26,0.4174585003014818,0.17057023599034363,-0.24688826431113817
1841_INTS11_P1P2_ENSG00000127054,INTS11,0.4174581370049007,0.10518040383978955,-0.31227773316511115
5525_NDOR1_P1P2_ENSG00000188566,NDOR1,0.4171908717249427,0.2524947319979729,-0.16469613972696978
3946_HSCB_P1P2_ENSG00000100209,HSCB,0.4167776683051971,0.19427422675419467,-0.2225034415510024
9748_VPS29_P1P2_ENSG00000111237,VPS29,0.41672901443426347,0.1506648581878203,-0.2660641562464432
2122_DDX46_P1_ENSG00000145833,DDX46,0.4160190561929913,0.19579205722544155,-0.22022699896754974
6716_PRC1_P1P2_ENSG00000198901,PRC1,0.4158189586990406,0.2033246946173594,-0.21249426408168118
5491_NCAPH2_P1P2_ENSG00000025770,NCAPH2,0.41563098556318573,0.15148836195413012,-0.2641426236090556
3042_FCF1_P1P2_ENSG00000119616,FCF1,0.41542427585130004,0.19175931084038572,-0.22366496501091432
6521_POLE2_P1P2_ENSG00000100479,POLE2,0.41517786828776077,0.19985507948426917,-0.2153227888034916
2526_EIF1AD_P1P2_ENSG00000175376,EIF1AD,0.4150014741598891,0.210257869708804,-0.20474360445108508
8417_SRP72_P1P2_ENSG00000174780,SRP72,0.41494119051435807,0.11092676467976428,-0.30401442583459376
6352_PIK3C3_P1P2_ENSG00000078142,PIK3C3,0.41485489417290194,0.2481834475743071,-0.16667144659859484
2175_DGCR8_P1P2_ENSG00000128191,DGCR8,0.41459581840626375,0.22839715487523285,-0.1861986635310309
9164_TOMM22_P1P2_ENSG00000100216,TOMM22,0.4145518799815291,0.15923898563713876,-0.25531289434439036
8963_TMA16_P1P2_ENSG00000198498,TMA16,0.4144655706445228,0.24414464601449315,-0.17032092463002962
7468_RPL37_P1P2_ENSG00000145592,RPL37,0.414213830389503,0.1648985556389857,-0.24931527475051732
2471_ECT2_P1P2_ENSG00000114346,ECT2,0.4139986702402461,0.18698177796078685,-0.22701689227945926
9703_VARS_P1P2_ENSG00000204394,VARS,0.4139582752018369,0.11631788860092876,-0.2976403866009082
3445_GNL2_P1P2_ENSG00000134697,GNL2,0.4138275518723543,0.21407061141118133,-0.199756940461173
5262_MRPS33_P1P2_ENSG00000090263,MRPS33,0.4137050604002581,0.1243208112319473,-0.28938424916831085
2129_DDX54_P1_ENSG00000123064,DDX54,0.41365437430282237,0.13522214417774855,-0.27843223012507384
8647_TADA1_P1P2_ENSG00000152382,TADA1,0.41329078465930946,0.21074833886373057,-0.2025424457955789
2790_EXOSC3_P1P2_ENSG00000107371,EXOSC3,0.41319184135917514,0.14122685914050276,-0.2719649822186724
6548_POLR2G_P1P2_ENSG00000168002,POLR2G,0.4128598008351765,0.18944219730183098,-0.22341760353334553
8317_SPAG7_P1P2_ENSG00000091640,SPAG7,0.41262865942745636,0.14474693406319583,-0.2678817253642605
3177_FOXO1_P1P2_ENSG00000150907,FOXO1,0.4124850552482531,0.17592502886300587,-0.23656002638524717
8739_TBPL1_P1P2_ENSG00000028839,TBPL1,0.4124725254520881,0.26795964831546093,-0.1445128771366272
1346_CCT2_P1P2_ENSG00000166226,CCT2,0.41238203756753605,0.16039956079800627,-0.2519824767695298
350_ANLN_P1P2_ENSG00000011426,ANLN,0.4122785308604429,0.10417726322248207,-0.30810126763796086
7577_RSL24D1_P1P2_ENSG00000137876,RSL24D1,0.4122334132847084,0.09118689498711445,-0.32104651829759395
6549_POLR2H_P1P2_ENSG00000163882,POLR2H,0.41219367059987744,0.23252678405633823,-0.17966688654353918
7559_RRN3_P1P2_ENSG00000085721,RRN3,0.4121631107342096,0.27722204729496613,-0.13494106343924345
4700_LST1_P1_ENSG00000204482,LST1,0.41210128770910304,0.1659945422691586,-0.2461067454399444
5726_NOB1_P1P2_ENSG00000141101,NOB1,0.4119733728660666,0.19766512461551602,-0.21430824825055056
2366_DPY19L4_P1P2_ENSG00000156162,DPY19L4,0.41164001003742035,0.14853343667499538,-0.263106573362425
2110_DDX20_P1P2_ENSG00000064703,DDX20,0.41158624442823927,0.24007153179775106,-0.1715147126304882
1484_CENPK_P1P2_ENSG00000123219,CENPK,0.4114583855905273,0.20169585260898198,-0.20976253298154526
9857_WEE1_P1P2_ENSG00000166483,WEE1,0.4111556750724671,0.1829449947925538,-0.2282106802799133
1957_CTU2_P1P2_ENSG00000174177,CTU2,0.4109204978656483,0.19399165193240958,-0.21692884593323872
4619_LMO2_P1P2_ENSG00000135363,LMO2,0.41076990361345755,0.18398244806679712,-0.22678745554666044
9303_TRMT112_P1P2_ENSG00000173113,TRMT112,0.41066838577574144,0.2053834540331592,-0.20528493174258225
1667_CLNS1A_P1P2_ENSG00000074201,CLNS1A,0.4104591581394522,0.24949136532082314,-0.1609677928186291
6512_POLA1_P1P2_ENSG00000101868,POLA1,0.41033140248467287,0.15183148852343376,-0.2584999139612391
10202_ZNF207_P1_ENSG00000010244,ZNF207,0.4102697318172125,0.1860957040553589,-0.2241740277618536
1677_CLSPN_P1P2_ENSG00000092853,CLSPN,0.4100099859547536,0.1183564641008841,-0.29165352185386945
759_BANP_P1P2_ENSG00000172530,BANP,0.4096957612617965,0.13651189640001607,-0.2731838648617804
1586_CHMP4B_P1P2_ENSG00000101421,CHMP4B,0.4091906391153281,0.1661095905894555,-0.2430810485258726
2314_DNMT1_P1P2_ENSG00000130816,DNMT1,0.40910129871777084,0.22337943339713326,-0.18572186532063759
3639_HAUS6_P1P2_ENSG00000147874,HAUS6,0.4088782514840297,0.1843134642865944,-0.22456478719743528
6043_PAK1IP1_P1P2_ENSG00000111845,PAK1IP1,0.4088466886743373,0.17874674029759752,-0.2300999483767398
265_ALG13_P1P2_ENSG00000101901,ALG13,0.4086911410038972,0.19889634348180948,-0.2097947975220877
4208_ISG20L2_P1P2_ENSG00000143319,ISG20L2,0.40814712699056566,0.18477971274252164,-0.22336741424804402
9618_URB2_P1P2_ENSG00000135763,URB2,0.40805852742627197,0.22362365877880064,-0.18443486864747133
9621_URI1_P1P2_ENSG00000105176,URI1,0.4078103504995079,0.2504884507633627,-0.15732189973614524
8158_SMC4_P1_ENSG00000113810,SMC4,0.40763665524967563,0.18422263666529662,-0.22341401858437904
4944_MED21_P1P2_ENSG00000152944,MED21,0.40728067170893006,0.1979053132140188,-0.20937535849491126
3594_GTPBP4_P1P2_ENSG00000107937,GTPBP4,0.4068250633974466,0.16299117559200388,-0.2438338878054427
16_AATF_P1P2_ENSG00000275700,AATF,0.40666516603756475,0.2884443045026388,-0.11822086153492592
5944_OPA1_P1P2_ENSG00000198836,OPA1,0.40621356165859923,0.09113239841435308,-0.3150811632442462
7068_RAD51C_P1P2_ENSG00000108384,RAD51C,0.40616705766873884,0.19469808898685254,-0.2114689686818863
2428_DYNLRB1_P2_ENSG00000125971,DYNLRB1,0.40575880963534405,0.21781069101655118,-0.18794811861879288
6912_PTGR2_P1P2_ENSG00000140043,PTGR2,0.4049431159064244,0.10473232090811943,-0.30021079499830494
9202_TPI1_P1P2_ENSG00000111669,TPI1,0.40488935747520294,0.16171151532766823,-0.2431778421475347
6852_PSMB4_P1P2_ENSG00000159377,PSMB4,0.4047516143189649,0.1357227052906122,-0.2690289090283527
3342_GFER_P1P2_ENSG00000127554,GFER,0.4043818024687966,0.22712758656882595,-0.17725421589997067
1352_CCT8_P1P2_ENSG00000156261,CCT8,0.4043344405988437,0.13039415150854738,-0.27394028909029633
2135_DDX6_P1P2_ENSG00000110367,DDX6,0.4035016628129054,0.19958259662040997,-0.20391906619249542
2226_DIMT1_P1P2_ENSG00000086189,DIMT1,0.4034488336360442,0.20596475080938353,-0.19748408282666066
8927_TIMM9_P1P2_ENSG00000100575,TIMM9,0.4033732513024446,0.15476421149515135,-0.24860903980729324
7465_RPL36A_P1P2_ENSG00000241343,RPL36A,0.40320798266959107,0.19112957266613717,-0.2120784100034539
9364_TSR1_P1_ENSG00000167721,TSR1,0.4032034287271221,0.18910310751569592,-0.21410032121142616
6914_PTK2_P1P2_ENSG00000169398,PTK2,0.4031488332550274,0.21157991619640293,-0.19156891705862447
4904_MCM7_P1P2_ENSG00000166508,MCM7,0.4026550843584876,0.1549458667377226,-0.247709217620765
7516_RPS27A_P1P2_ENSG00000143947,RPS27A,0.40259672223124404,0.10468387951009628,-0.29791284272114776
9687_UTP6_P1P2_ENSG00000108651,UTP6,0.40258091787433903,0.16200216371579584,-0.2405787541585432
3576_GTF2H3_P1P2_ENSG00000111358,GTF2H3,0.40235414123551283,0.25593407125731304,-0.14642006997819976
3447_GNL3_P1P2_ENSG00000163938,GNL3,0.4022345718234333,0.16619436303599772,-0.2360402087874356
5487_NCAPD2_P1P2_ENSG00000010292,NCAPD2,0.4015768506365282,0.22109259573231826,-0.18048425490420994
2369_DR1_P1P2_ENSG00000117505,DR1,0.4013121831066967,0.21008025124940288,-0.1912319318572938
964_C12orf45_P1P2_ENSG00000151131,C12orf45,0.4012962438449701,0.1326365845584984,-0.26865965928647173
9427_TUBGCP4_P1P2_ENSG00000137822,TUBGCP4,0.4012954455012832,0.17996786720598723,-0.22132757829529598
884_BRCA1_P1P2_ENSG00000012048,BRCA1,0.4012944308351998,0.20832021378804633,-0.19297421704715348
1604_CHTF18_P1P2_ENSG00000127586,CHTF18,0.4010396442954019,0.1948979097536947,-0.2061417345417072
10139_ZMAT5_P1P2_ENSG00000100319,ZMAT5,0.400799809847385,0.1831145396856287,-0.2176852701617563
4940_MED18_P1P2_ENSG00000130772,MED18,0.4007359155222946,0.22177884887092014,-0.17895706665137445
2222_DICER1_P1P2_ENSG00000100697,DICER1,0.4006820929816307,0.2426611282001701,-0.15802096478146058
5302_MTBP_P1P2_ENSG00000172167,MTBP,0.40058136874092054,0.18313270520987845,-0.21744866353104209
4484_KTI12_P1P2_ENSG00000198841,KTI12,0.40030870550227693,0.15613066259759417,-0.24417804290468276
6892_PSTK_P1_ENSG00000179988,PSTK,0.40024253316398756,0.22299190221297235,-0.1772506309510152
7499_RPS11_P1P2_ENSG00000142534,RPS11,0.4001861612664806,0.1288843946036271,-0.2713017666628535
1458_CDT1_P1P2_ENSG00000167513,CDT1,0.39983672172424706,0.10561637642195676,-0.2942203453022903
6900_PTCD1_P2_ENSG00000106246,PTCD1,0.3997136023846438,0.11742396718902802,-0.2822896351956158
1351_CCT7_P1P2_ENSG00000135624,CCT7,0.3994747190431652,0.10910819386247747,-0.2903665251806878
6539_POLR1E_P1P2_ENSG00000137054,POLR1E,0.3993016166683815,0.17225962974625558,-0.22704198692212588
2124_DDX47_P1P2_ENSG00000213782,DDX47,0.3986980644447873,0.1613744439331338,-0.2373236205116535
4099_ILF2_P1P2_ENSG00000143621,ILF2,0.39864807550515957,0.12824254607988544,-0.2704055294252741
3253_GABPA_P1P2_ENSG00000154727,GABPA,0.39853437009715814,0.23109574442319003,-0.1674386256739681
5936_OLFML3_P1P2_ENSG00000116774,OLFML3,0.39852391545046917,0.14865655856161844,-0.24986735688885073
1743_COG4_P1P2_ENSG00000103051,COG4,0.3979716994203087,0.15216250474323914,-0.24580919467706955
6680_PPP2R1A_P2_ENSG00000105568,PPP2R1A,0.3978977259302391,0.16551416507214234,-0.23238356085809672
3736_HIPK1_P1P2_ENSG00000163349,HIPK1,0.3976824737123016,0.18530651294597586,-0.21237596076632573
7206_RCL1_P1P2_ENSG00000120158,RCL1,0.39765430470986085,0.20484858026338212,-0.19280572444647875
6195_PDRG1_P1P2_ENSG00000088356,PDRG1,0.39745610476913246,0.18328408457869894,-0.21417202019043352
1320_CCND1_P1_ENSG00000110092,CCND1,0.39742599885056273,0.2520849985064073,-0.14534100034415542
1347_CCT3_P1P2_ENSG00000163468,CCT3,0.3969402359089186,0.15154689531006554,-0.24539334059885304
1589_CHMP7_P1P2_ENSG00000147457,CHMP7,0.39687785482758053,0.18479585987518704,-0.21208199495239347
8725_TBCB_P1P2_ENSG00000105254,TBCB,0.39686430006155116,0.17737221562881825,-0.21949208443273294
8662_TAF2_P1P2_ENSG00000064313,TAF2,0.3967107796972347,0.11428133149256073,-0.28242944820467397
6047_PALB2_P1P2_ENSG00000083093,PALB2,0.39656819950388356,0.18917173282954783,-0.20739646667433573
6474_PMF1_P1P2_ENSG00000160783,PMF1,0.3965517048776551,0.18074494796586665,-0.21580675691178844
8656_TAF1A_P1P2_ENSG00000143498,TAF1A,0.396467398100258,0.12615149239874127,-0.27031590570151676
5414_MZT1_P1P2_ENSG00000204899,MZT1,0.39626388998300033,0.1633282469865522,-0.2329356429964481
4694_LSM5_P2_ENSG00000106355,LSM5,0.39618256150247955,0.19887414117438196,-0.19730842032809762
5370_MYCBP_P1P2_ENSG00000214114,MYCBP,0.39598021806457134,0.1689131364997955,-0.22706708156477584
1532_CFDP1_P1_ENSG00000153774,CFDP1,0.3957197079825858,0.1918723407690947,-0.20384736721349114
117_ACTR6_P1P2_ENSG00000075089,ACTR6,0.3955742867994671,0.16070635631878058,-0.23486793048068652
7509_RPS19_P1P2_ENSG00000105372,RPS19,0.39510813093322,0.14792590080817003,-0.24718223012504997
9683_UTP18_P1P2_ENSG00000011260,UTP18,0.39474201772137196,0.1355107741742787,-0.25923124354709326
3570_GTF2E2_P1P2_ENSG00000197265,GTF2E2,0.3944905383614592,0.1590310913039633,-0.23545944705749586
6872_PSMD4_P1P2_ENSG00000159352,PSMD4,0.39447041626856494,0.17587456907341098,-0.21859584719515399
1409_CDC6_P1P2_ENSG00000094804,CDC6,0.3940837347445995,0.1895552272305435,-0.20452850751405602
7070_RAD51_P1P2_ENSG00000051180,RAD51,0.39388256197725313,0.17449802601303552,-0.21938453596421764
8395_SRA1_P1P2_ENSG00000213523,SRA1,0.3938804652071477,0.20508271368712988,-0.18879775152001785
8220_SNRNP40_P1P2_ENSG00000060688,SNRNP40,0.39348212953834727,0.17956822567233283,-0.21391390386601447
2475_EDC4_P1P2_ENSG00000038358,EDC4,0.39308471203858275,0.24755370940006172,-0.145531002638521
1806_COX11_P1P2_ENSG00000166260,COX11,0.3928379182843039,0.1654051719266045,-0.22743274635769942
6317_PI4KA_P1P2_ENSG00000241973,PI4KA,0.39241996998295897,0.20792057225439076,-0.18449939772856822
1365_CD3EAP_P1P2_ENSG00000117877,CD3EAP,0.3923844294055403,0.21458530126514014,-0.17779912814040014
7503_RPS15A_P1P2_ENSG00000134419,RPS15A,0.3922285435034511,0.1333450400045219,-0.2588835034989292
3504_GPN3_P1P2_ENSG00000111231,GPN3,0.39216848422656403,0.2440921678333114,-0.1480763163932526
2083_DCUN1D5_P1P2_ENSG00000137692,DCUN1D5,0.39192676015582084,0.12241746796812389,-0.2695092921876969
3716_HGS_P1P2_ENSG00000185359,HGS,0.3915776915512098,0.20033141989811992,-0.1912462716530899
594_INTS13_P1P2_ENSG00000064102,INTS13,0.3915510920583621,0.13710934030889738,-0.2544417517494647
4881_MBNL1_P1P2_ENSG00000152601,MBNL1,0.39139539938186635,0.22233996173130594,-0.16905543765056041
2321_DNTTIP2_P1P2_ENSG00000067334,DNTTIP2,0.39128401867267626,0.15488531499019523,-0.236398703682481
4589_LIMS1_P1P2_ENSG00000169756,LIMS1,0.39066813882204254,0.15178506551699034,-0.23888307330505218
6516_POLD2_P1P2_ENSG00000106628,POLD2,0.38996804735965507,0.1762298059922055,-0.21373824136744954
9397_TTF2_P1P2_ENSG00000116830,TTF2,0.38974552851523114,0.1576989528584545,-0.23204657565677667
5427_NAA25_P1P2_ENSG00000111300,NAA25,0.3897198247313933,0.1509514697927609,-0.2387683549386324
2731_ESF1_P1_ENSG00000089048,ESF1,0.3895818324020526,0.1935819184408327,-0.19599991396121985
8633_SYS1_P1P2_ENSG00000204070,SYS1,0.38947880357821185,0.15710958251590545,-0.23236922106230642
5891_NUP205_P1P2_ENSG00000155561,NUP205,0.38912058839143987,0.1491369357586393,-0.23998365263280058
2075_DCTN3_P1P2_ENSG00000137100,DCTN3,0.389073725128137,0.15786244257677723,-0.23121128255135975
6653_PPP1R11_P1P2_ENSG00000204619,PPP1R11,0.3887334593168716,0.12606066477746014,-0.26267279453941145
1151_CADM4_P1P2_ENSG00000105767,CADM4,0.38863083578634394,0.14431297987260197,-0.24431785591374194
1396_CDC27_P1P2_ENSG00000004897,CDC27,0.3885982821598778,0.16517709367759892,-0.22342118848227888
8332_SPC25_P1P2_ENSG00000152253,SPC25,0.3885097468497804,0.15272765438676753,-0.23578209246301288
5737_NOL8_P1P2_ENSG00000198000,NOL8,0.38838803939443184,0.16728631288301257,-0.22110172651141927
6550_POLR2I_P1P2_ENSG00000105258,POLR2I,0.3883396082423515,0.13000460193281224,-0.25833500630953926
1245_CCDC115_P1P2_ENSG00000136710,CCDC115,0.38828881676225346,0.17852269883176697,-0.20976611793048647
5889_NUP160_P1P2_ENSG00000030066,NUP160,0.3882214949398948,0.13654015388218138,-0.2516813410577134
2348_DPH3_P1P2_ENSG00000154813,DPH3,0.3882159648838691,0.08209000411751557,-0.3061259607663535
4935_MED14_P1P2_ENSG00000180182,MED14,0.3882037958372803,0.2275837430668379,-0.16062005277044242
4899_MCM3AP_P1P2_ENSG00000160294,MCM3AP,0.38820253361895946,0.19578398365910882,-0.19241854995985064
7583_RTCB_P1P2_ENSG00000100220,RTCB,0.38797012475417264,0.18281783612275856,-0.20515228863141408
10746_AC118549.1_P1P2_ENSG00000036549,AC118549.1,0.3879644693156692,0.1433239679963913,-0.2446405013192779
1187_CAPZB_P1P2_ENSG00000077549,CAPZB,0.38785083070886417,0.2068144936663058,-0.1810363370425584
2429_DYNLRB1_P1_ENSG00000125971,DYNLRB1,0.3878187126794292,0.18287435108712702,-0.20494436159230217
7169_RBM28_P1P2_ENSG00000106344,RBM28,0.38774725421942013,0.19019505736270048,-0.19755219685671968
9653_USP37_P1P2_ENSG00000135913,USP37,0.3876645949538554,0.19946552990853325,-0.18819906504532216
2376_DROSHA_P1P2_ENSG00000113360,DROSHA,0.38766407770772177,0.19987728179169045,-0.1877867959160313
1483_CENPJ_P1P2_ENSG00000151849,CENPJ,0.3870299126232677,0.13601537207030584,-0.25101454055296185
2102_DDX10_P1P2_ENSG00000178105,DDX10,0.38694029445661116,0.23022783604202238,-0.15671245841458878
6157_PDCD5_P1P2_ENSG00000105185,PDCD5,0.3867994000960894,0.1280306149635492,-0.25876878513254015
1206_CASP8AP2_P1P2_ENSG00000118412,CASP8AP2,0.38650194134400734,0.21527760957849093,-0.1712243317655164
2580_EIF6_P1P2_ENSG00000242372,EIF6,0.3862934755538713,0.15188800348778728,-0.23440547206608403
7521_RPS29_P1_ENSG00000213741,RPS29,0.386095829762014,0.09538514948207677,-0.29071068027993724
7450_RPL23_P1P2_ENSG00000125691,RPL23,0.3859421808893453,0.13488103600003362,-0.2510611448893117
6708_PPWD1_P1P2_ENSG00000113593,PPWD1,0.3859342273799104,0.18587973615586623,-0.20005449122404417
7155_RBM14-RBM4_P1_nan,RBM14-RBM4,0.38562905699778255,0.20997731327861166,-0.1756517437191709
34_ABCF1_P2_ENSG00000204574,ABCF1,0.3851529845991081,0.11266459983368379,-0.2724883847654243
4384_KIF20A_P1P2_ENSG00000112984,KIF20A,0.3850151361470354,0.12185837349932743,-0.263156762647708
4958_MED8_P1P2_ENSG00000159479,MED8,0.3848311573055385,0.17781828016891146,-0.20701287713662703
4463_KPNA6_P1P2_ENSG00000025800,KPNA6,0.38452888151622355,0.13860496847272535,-0.2459239130434982
7564_RRP1_P1P2_ENSG00000160214,RRP1,0.38426041158624,0.14025803118013028,-0.24400238040610975
7832_SF3A2_P2_ENSG00000104897,SF3A2,0.38410863580966353,0.1696175551626452,-0.21449108064701833
4942_MED1_P1P2_ENSG00000125686,MED1,0.38383565613367765,0.18024640524460322,-0.2035892508890744
9458_TXNL4B_P1P2_ENSG00000140830,TXNL4B,0.38360334266608687,0.15959422255593697,-0.22400912011014987
2604_ELP2_P1P2_ENSG00000134759,ELP2,0.3832747775405525,0.11226697669162064,-0.27100780084893183
2213_DHX37_P1P2_ENSG00000150990,DHX37,0.3832258074348327,0.18394208023510664,-0.19928372719972606
3587_GTF3C4_P1P2_ENSG00000125484,GTF3C4,0.38318701035731195,0.14958098190714642,-0.23360602845016556
1961_CUL2_P1P2_ENSG00000108094,CUL2,0.38314100824467523,0.18358482492472647,-0.1995561833199488
9548_UBR5_P1P2_ENSG00000104517,UBR5,0.3828680219696046,0.12921137404026406,-0.25365664792934056
5969_ORC5_P1P2_ENSG00000164815,ORC5,0.38282366421398073,0.23218769427019775,-0.15063596994378295
7479_RPL7_P1P2_ENSG00000147604,RPL7,0.3826059901345346,0.14613558747306254,-0.23647040266147207
9743_VPS18_P1P2_ENSG00000104142,VPS18,0.38249870340051584,0.14203825255731511,-0.2404604508432007
5770_NPM1_P1P2_ENSG00000181163,NPM1,0.38244167278190594,0.18110018488468585,-0.2013414878972201
7513_RPS24_P1P2_ENSG00000138326,RPS24,0.38236512339395307,0.156843154826782,-0.22552196856717108
7968_SLC16A5_P1P2_ENSG00000170190,SLC16A5,0.3823287962817372,0.129790652424895,-0.2525381438568422
629_ATIC_P1P2_ENSG00000138363,ATIC,0.3822975605316193,0.12214498510427729,-0.260152575427342
7487_RPP14_P1P2_ENSG00000163684,RPP14,0.38179430551895555,0.14208669395532672,-0.23970761156362883
9400_TTK_P1P2_ENSG00000112742,TTK,0.38173173975028424,0.10283705121062936,-0.2788946885396549
1927_CTCF_P1P2_ENSG00000102974,CTCF,0.3810615580286159,0.2247721235901624,-0.1562894344384535
4955_MED4_P1P2_ENSG00000136146,MED4,0.381020586670753,0.22724061649753907,-0.15377997017321396
7445_RPL21_P1P2_ENSG00000122026,RPL21,0.38101067882132256,0.14929033351902277,-0.23172034530229982
7388_RNF31_P1P2_ENSG00000092098,RNF31,0.3809968178059716,0.22722043258170996,-0.15377638522426162
8538_STRAP_P1P2_ENSG00000023734,STRAP,0.380474807490946,0.1975742969942148,-0.18290051049673117
5022_MFN2_P1_ENSG00000116688,MFN2,0.38024283257341296,0.18605331783209952,-0.1941895147413134
3388_GLE1_P1P2_ENSG00000119392,GLE1,0.3798567850819111,0.17534978726154452,-0.20450699782036658
4713_LTV1_P1P2_ENSG00000135521,LTV1,0.37953066248341516,0.1545320964629816,-0.22499856602043355
2988_FBL_P1P2_ENSG00000105202,FBL,0.3794454235573378,0.1483416894744921,-0.2311037340828457
9428_TUBGCP5_P1P2_ENSG00000275835,TUBGCP5,0.37929921482637285,0.19519057653338467,-0.18410863829298815
1740_COG1_P1P2_ENSG00000166685,COG1,0.3792042828103235,0.17384406713979078,-0.2053602156705327
1560_CHD4_P1P2_ENSG00000111642,CHD4,0.3788432640864648,0.09320528657123495,-0.28563797751522985
1350_CCT6A_P1P2_ENSG00000146731,CCT6A,0.37866494418562113,0.1738137912660231,-0.20485115291959802
640_ATP11B_P1P2_ENSG00000058063,ATP11B,0.3785589567462985,0.16212124881925796,-0.21643770792704056
8431_SRSF1_P1P2_ENSG00000136450,SRSF1,0.37834970664998924,0.16920378488790636,-0.20914592176208285
608_ATF5_P1P2_ENSG00000169136,ATF5,0.37831864890128886,0.17148860416111716,-0.20683004474017172
6493_PNO1_P1P2_ENSG00000115946,PNO1,0.37822776805324,0.16355027006079517,-0.21467749799244484
9810_WDR24_P1P2_ENSG00000127580,WDR24,0.3781620256680182,0.09382896957072712,-0.2843330560972911
1716_CNOT1_P1P2_ENSG00000125107,CNOT1,0.3779043164893232,0.17995777524807396,-0.19794654124124925
268_ALG1_P1P2_ENSG00000033011,ALG1,0.3770781073905939,0.10341027442052178,-0.2736678329700721
4505_LAMTOR1_P1P2_ENSG00000149357,LAMTOR1,0.376819296976329,0.1447691363706124,-0.2320501606057166
1671_CLP1_P1P2_ENSG00000172409,CLP1,0.3767973744640354,0.13434010705549165,-0.24245726740854376
287_ALYREF_P1P2_ENSG00000183684,ALYREF,0.3767715481052082,0.14717707753046333,-0.22959447057474483
4729_LYRM4_P1P2_ENSG00000214113,LYRM4,0.3766264977439173,0.13710530352572883,-0.2395211942181885
3573_GTF2H1_P1P2_ENSG00000110768,GTF2H1,0.37655606703239913,0.1659905054859914,-0.21056556154640774
7032_RAB4A_P1P2_ENSG00000168118,RAB4A,0.3765467853717469,0.2002103164030674,-0.17633646896867952
1591_CHORDC1_P1P2_ENSG00000110172,CHORDC1,0.3760579843073599,0.18668305600633694,-0.18937492830102295
6024_PABPC1_P1P2_ENSG00000070756,PABPC1,0.37593405872252705,0.21733233221112108,-0.15860172651140594
2972_FARS2_P1P2_ENSG00000145982,FARS2,0.37573916847976013,0.1621192304276727,-0.21361993805208743
9652_USP36_P1P2_ENSG00000055483,USP36,0.37566875432380586,0.14355406463697806,-0.2321146896868278
9426_TUBGCP3_P1P2_ENSG00000126216,TUBGCP3,0.3756361919275157,0.16027038373662628,-0.2153658081908894
7166_RBM25_P1P2_ENSG00000119707,RBM25,0.3755906304190795,0.1757655759278559,-0.19982505449122356
6544_POLR2D_P1_ENSG00000144231,POLR2D,0.3752736385997013,0.1838552893969914,-0.1914183492027099
7527_RPS5_P1P2_ENSG00000083845,RPS5,0.37524750393661205,0.1729882691081203,-0.20225923482849176
10272_ZNF292_P1P2_ENSG00000188994,ZNF292,0.3750476608255463,0.21585083278838274,-0.15919682803716353
1672_CLPB_P1P2_ENSG00000162129,CLPB,0.3750364768360366,0.16304769055635832,-0.21198878627967827
5904_NUP98_P1P2_ENSG00000110713,NUP98,0.3749828347280641,0.12570340946706915,-0.24927942526099495
2746_ESYT1_P2_ENSG00000139641,ESYT1,0.374819626396766,0.1538397881496299,-0.22097983824713613
1228_CBX1_P1P2_ENSG00000108468,CBX1,0.3741129069422853,0.2365655856161424,-0.1375473213261429
4805_MAP2K7_P1P2_ENSG00000076984,MAP2K7,0.37410718073735805,0.18092862160003617,-0.19317855913732188
1257_CCDC137_P1P2_ENSG00000185298,CCDC137,0.3740279634117699,0.19929396662388393,-0.17473399678788598
2087_DDB1_P1_ENSG00000167986,DDB1,0.3739111827178261,0.18098715495597217,-0.1929240277618539
4595_LIN54_P1_ENSG00000189308,LIN54,0.3737475057072529,0.1813504654411,-0.19239704026615292
9424_TUBG1_P1P2_ENSG00000131462,TUBG1,0.37373058590364033,0.17562630690857092,-0.1981042789950694
3986_HSPE1_P1P2_ENSG00000115541,HSPE1,0.3737076267862167,0.14191916745385427,-0.23178845933236247
5852_NUBP1_P1P2_ENSG00000103274,NUBP1,0.3735877608497592,0.11490501449205856,-0.2586827463577006
6854_PSMB6_P2_ENSG00000142507,PSMB6,0.3735244795442582,0.21825675555664742,-0.1552677239876108
4902_MCM5_P1P2_ENSG00000100297,MCM5,0.372987336936317,0.15537376575356343,-0.2176135711827536
6492_PNN_P1P2_ENSG00000100941,PNN,0.3729819097448438,0.13389807929857214,-0.23908383044627168
7248_RFC4_P1P2_ENSG00000163918,RFC4,0.3726112887261884,0.15942871444603926,-0.2131825742801492
10297_ZNF335_P1P2_ENSG00000198026,ZNF335,0.3724288457042532,0.07708641138049267,-0.29534243432376056
8920_TIMM22_P1P2_ENSG00000177370,TIMM22,0.372369954464137,0.19324081026313317,-0.17912914420100384
5543_NDUFAB1_P1P2_ENSG00000004779,NDUFAB1,0.3719301895251449,0.09058339590347145,-0.2813467936216734
1497_CEP152_P1P2_ENSG00000103995,CEP152,0.37172277599846815,0.19484139478933912,-0.17688138120912902
5702_NLE1_P1P2_ENSG00000073536,NLE1,0.3715332519925203,0.11989851527115189,-0.25163473672136843
4470_KRI1_P1P2_ENSG00000129347,KRI1,0.3714652496837097,0.15458659303575625,-0.21687865664795344
2784_EXOC7_P1P2_ENSG00000182473,EXOC7,0.37138587583264127,0.14430086952310306,-0.22708500630953818
5658_NFYC_P1P2_ENSG00000066136,NFYC,0.37135802714593535,0.1841519929598536,-0.18720603418608175
5489_NCAPG2_P1P2_ENSG00000146918,NCAPG2,0.371282806169706,0.16937131138939096,-0.20191149478031503
7463_RPL35_P1P2_ENSG00000136942,RPL35,0.3712569728644953,0.12694270189971182,-0.2443142709647835
4351_KIAA0586_P1P2_ENSG00000100578,KIAA0586,0.371105686461653,0.1872623343909749,-0.18384335207067812
7508_RPS19BP1_P1P2_ENSG00000187051,RPS19BP1,0.37102789783638657,0.15362583864170887,-0.21740205919467767
3825_HMGA1_P1P2_ENSG00000137309,HMGA1,0.37100841012327257,0.13634840668170117,-0.2346600034415714
9527_UBE3D_P1P2_ENSG00000118420,UBE3D,0.37074138284425473,0.1115746683782615,-0.25916671446599326
8839_TFAP4_P1P2_ENSG00000090447,TFAP4,0.3707183466796965,0.15446347114911863,-0.21625487553057784
4110_IMPA2_P1P2_ENSG00000141401,IMPA2,0.37066819730722933,0.20221861602926605,-0.16844958127796328
8921_TIMM23B_P1P2_ENSG00000204152,TIMM23B,0.37060668837507393,0.11908308507117149,-0.25152360330390244
8826_TEX10_P1P2_ENSG00000136891,TEX10,0.37014787823741724,0.17708762241545378,-0.19306025582196348
7939_SKA3_P1P2_ENSG00000165480,SKA3,0.370083443337882,0.20348011076934353,-0.1666033325685385
3828_HMGB1_P2_ENSG00000189403,HMGB1,0.3700249377675493,0.1744838972719553,-0.19554104049559398
10699_ZNHIT1_P1P2_ENSG00000106400,ZNHIT1,0.36971171161921595,0.19956644948774854,-0.1701452621314674
936_BUB3_P1P2_ENSG00000154473,BUB3,0.369489207333264,0.189571374363204,-0.17991783297006
6884_PSMG2_P1P2_ENSG00000128789,PSMG2,0.36911306230774943,0.15773730229856756,-0.2113757600091819
5219_MRPL37_P1P2_ENSG00000116221,MRPL37,0.3689970856882413,0.18144331145398254,-0.18755377423425879
1570_CHERP_P1P2_ENSG00000085872,CHERP,0.3689860847073581,0.16486626137363786,-0.20411982333372025
9370_TSSK3_P1P2_ENSG00000162526,TSSK3,0.36888923892984204,0.2103305318058276,-0.15855870712401443
7648_SAP18_P1P2_ENSG00000150459,SAP18,0.36886083424191,0.2537158589063587,-0.1151449753355513
6581_POT1_P1P2_ENSG00000128513,POT1,0.36877968110004966,0.20717376736826326,-0.1616059137317864
7144_RBBP8_P1P2_ENSG00000101773,RBBP8,0.36875144596213094,0.16408312543901088,-0.20466832052312006
2078_DCTN6_P1P2_ENSG00000104671,DCTN6,0.3687273251465294,0.1972735566481898,-0.1714537684983396
4161_IPO13_P1P2_ENSG00000117408,IPO13,0.36867938290505425,0.12060091554242366,-0.2480784673626306
976_RTRAF_P1P2_ENSG00000087302,RTRAF,0.3685119447964793,0.14243789409096458,-0.2260740507055147
1129_SPOUT1_P1P2_ENSG00000198917,SPOUT1,0.3681683012415474,0.135203978653501,-0.23296432258804645
9153_TNRC6A_P1P2_ENSG00000090905,TNRC6A,0.36792533176855524,0.17697661087833003,-0.1909487208902252
4716_LUC7L3_P1P2_ENSG00000108848,LUC7L3,0.36757586169111606,0.09306198076876754,-0.2745138809223485
6671_PPP1R37_P1P2_ENSG00000104866,PPP1R37,0.3669674732987034,0.15871420382526336,-0.20825326947344006
2127_DDX51_P1P2_ENSG00000185163,DDX51,0.3668515827856085,0.1851914646256754,-0.1816601181599331
10024_ZC3H3_P1P2_ENSG00000014164,ZC3H3,0.3667788605443393,0.20452765600148853,-0.16225120454285075
7793_SERBP1_P1P2_ENSG00000142864,SERBP1,0.366600756908012,0.13907121692865676,-0.22752953997935527
6867_PSMD13_P1P2_ENSG00000185627,PSMD13,0.3665796799459369,0.17459490880907347,-0.19198477113686344
9808_WDR1_P1P2_ENSG00000071127,WDR1,0.3665303489169981,0.1976792533565974,-0.16885109556040068
5909_NVL_P1P2_ENSG00000143748,NVL,0.3663112776275499,0.1974996165056075,-0.16881166112194243
5829_NSMCE2_P1P2_ENSG00000156831,NSMCE2,0.36614487354813857,0.1481620526235083,-0.21798282092463028
1411_CDC7_P1P2_ENSG00000097046,CDC7,0.36608238161391216,0.12238113691961311,-0.24370124469429902
7795_SERF2_P1_ENSG00000140264,SERF2,0.3659362523902511,0.10699897465707231,-0.2589372777331788
5583_NEDD1_P1P2_ENSG00000139350,NEDD1,0.3659016843374241,0.18336683863363082,-0.18253484570379325
5789_NR2C2AP_P1P2_ENSG00000184162,NR2C2AP,0.36576254492632365,0.21647451578786048,-0.14928802913846315
6280_PHF12_P1P2_ENSG00000109118,PHF12,0.3656570585827713,0.15712774804014987,-0.20852931054262147
8576_SUGP1_P1P2_ENSG00000105705,SUGP1,0.3655435579487978,0.10270585575766336,-0.26283770219113445
537_ARPC3_P1_ENSG00000111229,ARPC3,0.3654940223773858,0.19324081026313447,-0.17225321211425132
3254_GABPB1_P1P2_ENSG00000104064,GABPB1,0.3654306580913767,0.2061908106668029,-0.1592398474245738
1390_CDC20_P1P2_ENSG00000117399,CDC20,0.3653735523069703,0.1857747797934852,-0.17959877251348508
2305_DNAJC9_P1P2_ENSG00000213551,DNAJC9,0.36518420801009877,0.23955684194380147,-0.12562736606629726
2164_DESI1_P1P2_ENSG00000100418,DESI1,0.3651538334685896,0.17223339065567989,-0.1929204428129097
7050_RABGGTA_P1P2_ENSG00000100949,RABGGTA,0.36503644221521525,0.10360404001259271,-0.26143240220262254
6748_PRIM2_P1P2_ENSG00000146143,PRIM2,0.36501124711026467,0.1699505897740221,-0.19506065733624253
8668_TAF6_P1P2_ENSG00000106290,TAF6,0.36499115332393783,0.14325130589935992,-0.22173984742457795
1032_C1QBP_P1P2_ENSG00000108561,C1QBP,0.3647437040033703,0.18916365926320905,-0.17558004474016128
8770_ELOB_P1P2_ENSG00000103363,ELOB,0.3645691684999465,0.178460128692663,-0.18610903980728352
6704_PPRC1_P1P2_ENSG00000148840,PPRC1,0.36451737809893453,0.1472658867601679,-0.21725149133876662
7536_RPS6_P1P2_ENSG00000137154,RPS6,0.36412877245179587,0.18490283462915286,-0.17922593782264298
5243_MRPS12_P1P2_ENSG00000128626,MRPS12,0.36380081261798214,0.1689050629334619,-0.19489574968452023
9816_WDR36_P1P2_ENSG00000134987,WDR36,0.3636641387728028,0.16598646870282827,-0.1976776700699745
592_INTS13_P1P2_ENSG00000064102,INTS13,0.3634842990870182,0.10205189688440985,-0.2614324022026083
1131_C9orf16_P1P2_ENSG00000171159,C9orf16,0.36346962033595615,0.18761353452661558,-0.17585608580934056
8578_SUGT1_P1P2_ENSG00000165416,SUGT1,0.3630892294985743,0.18232534857623586,-0.18076388092233844
1745_COG6_P1P2_ENSG00000133103,COG6,0.3630128743492777,0.21280709827953237,-0.15020577606974533
3337_GEMIN6_P1P2_ENSG00000152147,GEMIN6,0.36279664593092636,0.1826099417895967,-0.18018670414132967
9741_VPS13D_P1P2_ENSG00000048707,VPS13D,0.3627942944306392,0.18760142417711367,-0.17519287025352553
7459_RPL31_P1P2_ENSG00000071082,RPL31,0.36277102402775424,0.1304304825570648,-0.23234054147068944
7556_RRM1_P1P2_ENSG00000167325,RRM1,0.3625601490532939,0.10580610523086939,-0.2567540438224245
679_ATP6V1A_P1P2_ENSG00000114573,ATP6V1A,0.3624410585374245,0.1740842557382935,-0.18835680279913095
3517_GPS1_P1P2_ENSG00000169727,GPS1,0.3622693372222553,0.1041207482581317,-0.2581485889641236
109_ACTR10_P1P2_ENSG00000131966,ACTR10,0.3619619762646813,0.20519574361583193,-0.15676623264884934
885_BRCA2_P1P2_ENSG00000139618,BRCA2,0.36188335201675065,0.18063191803717027,-0.18125143397958038
8506_STIL_P1P2_ENSG00000123473,STIL,0.3617316990756496,0.18310444772770818,-0.1786272513479414
7441_RPL17_P1P2_ENSG00000265681,RPL17,0.3617248382345537,0.1023788763210364,-0.25934596191351733
9841_WDR75_P1P2_ENSG00000115368,WDR75,0.3616166887000458,0.11925262996424124,-0.24236405873580455
8325_SPATA5L1_P1P2_ENSG00000171763,SPATA5L1,0.3614860593495422,0.16574426171274212,-0.19574179763680008
3574_GTF2H2C_P1P2_ENSG00000183474,GTF2H2C,0.36125346654992474,0.225849944696086,-0.13540352185383875
5898_NUP54_P1P2_ENSG00000138750,NUP54,0.36121805615957814,0.16620041821073894,-0.1950176379488392
3636_HAUS3_P1P2_ENSG00000214367,HAUS3,0.36113845067509165,0.232829542793946,-0.12830890788114563
3683_HECTD1_P1P2_ENSG00000092148,HECTD1,0.3610090223567466,0.10973995042830725,-0.25126907192843934
4938_MED16_P1P2_ENSG00000175221,MED16,0.36088703250136167,0.20773084344549625,-0.15315618905586545
4423_KLF7_P1P2_ENSG00000118263,KLF7,0.36046238196833136,0.1397514148925001,-0.22071096707583124
3833_HMGCS1_P1P2_ENSG00000112972,HMGCS1,0.3604617537245634,0.16852358692405775,-0.19193816680050566
7568_RRP9_P1P2_ENSG00000114767,RRP9,0.3604351057516678,0.13105214716498054,-0.2293829585866873
4950_MED27_P1P2_ENSG00000160563,MED27,0.36042982790771677,0.17278642994970464,-0.18764339795801213
6605_PPAN_P1P2_ENSG00000130810,PPAN,0.3604199091177071,0.15154285852690585,-0.20887705059080125
5762_NPAT_P1P2_ENSG00000149308,NPAT,0.36027787815283874,0.1627651157345807,-0.19751276241825805
9904_XRCC2_P1P2_ENSG00000196584,XRCC2,0.3602132704327282,0.20065436255158645,-0.1595589078811418
62_ABT1_P1P2_ENSG00000146109,ABT1,0.3602008240801655,0.2034417613292365,-0.15675906275092905
4146_INTS1_P1P2_ENSG00000164880,INTS1,0.3601494681763528,0.2416095461848457,-0.11853992199150708
4215_IST1_P1P2_ENSG00000182149,IST1,0.360049031719105,0.1977297131462,-0.16231931857290502
1118_C7orf26_P1P2_ENSG00000146576,C7orf26,0.3600360098864672,0.16678575177013172,-0.19325025811633548
5548_NDUFAF5_P1P2_ENSG00000101247,NDUFAF5,0.3600348790129546,0.11954933352710032,-0.24048554548585427
8657_TAF1B_P1P2_ENSG00000115750,TAF1B,0.3599818290853385,0.23109574442319183,-0.12888608466214668
5736_NOL7_P1P2_ENSG00000225921,NOL7,0.35995802068397653,0.2561056345419581,-0.10385238614201844
4893_MCEE_P1P2_ENSG00000124370,MCEE,0.35994809619212537,0.22803989956485238,-0.131908196627273
6541_POLR2B_P1P2_ENSG00000047315,POLR2B,0.35972916200722255,0.13428964726589732,-0.22543951474132523
8167_SMG6_P1P2_ENSG00000070366,SMG6,0.3597048512944665,0.24103228619179742,-0.11867256510266906
5356_MVD_P1P2_ENSG00000167508,MVD,0.3595419116150652,0.23781497000671703,-0.12172694160834818
2606_ELP4_P1P2_ENSG00000109911,ELP4,0.3592982991082635,0.13964847692171317,-0.21964982218655035
874_BOP1_P1_ENSG00000261236,BOP1,0.35924651380128736,0.13231566029664302,-0.22693085350464431
3802_HJURP_P1P2_ENSG00000123485,HJURP,0.3591671026133295,0.168727444474055,-0.1904396581392745
2622_EMG1_P1P2_ENSG00000126749,EMG1,0.3591561212849613,0.18454759771034496,-0.17460852357461634
5138_MOB4_P1P2_ENSG00000115540,MOB4,0.35896279673126963,0.15367428003973216,-0.20528851669153747
4479_KRT8_P2_ENSG00000170421,KRT8,0.3586240791562757,0.1354825166921067,-0.22314156246416897
9679_UTP11_P1P2_ENSG00000183520,UTP11,0.3582959825652391,0.20331863944260842,-0.1549773431226307
5901_NUP85_P1P2_ENSG00000125450,NUP85,0.35803080181239955,0.16326769523903323,-0.1947631065733663
308_ANAPC4_P1P2_ENSG00000053900,ANAPC4,0.35800797994418554,0.198599639918949,-0.15940834002523654
10163_ZNF131_P1P2_ENSG00000172262,ZNF131,0.35786158047672795,0.1758644771154865,-0.18199710336124145
2582_ELAC2_P1P2_ENSG00000006744,ELAC2,0.35782371065645285,0.14689248431709934,-0.21093122633935352
9921_YBX1_P1P2_ENSG00000065978,YBX1,0.35780001475775824,0.18468282994647456,-0.17311718481128371
7419_RPA2_P1P2_ENSG00000117748,RPA2,0.35773936231643055,0.09079330862822269,-0.2669460536882079
2131_DDX55_P1P2_ENSG00000111364,DDX55,0.3577199299429151,0.10546499705315321,-0.2522549328897619
5587_NEDD8-MDP1_P1P2_nan,NEDD8-MDP1,0.35766462764591134,0.10964710441543789,-0.24801752323047344
4649_LRP5_P1P2_ENSG00000162337,LRP5,0.3576411896032994,0.08540016631546588,-0.2722410232878335
541_ARPC4_P1P2_ENSG00000241553,ARPC4,0.357560692896029,0.13645538143565997,-0.221105311460369
2076_DCTN4_P1P2_ENSG00000132912,DCTN4,0.357498608541626,0.1846323701568727,-0.17286623838475332
6279_PHF10_P1P2_ENSG00000130024,PHF10,0.35745814207110443,0.19982076682733393,-0.1576373752437705
7456_RPL28_P1P2_ENSG00000108107,RPL28,0.35734331470414293,0.1721950412155593,-0.18514827348858365
8224_SNRPA_P1P2_ENSG00000077312,SNRPA,0.3569516420199014,0.10742485528132216,-0.24952678673857925
7827_SET_P1P2_ENSG00000119335,SET,0.35689712776274507,0.18646506971525548,-0.1704320580474896
8650_TADA3_P1P2_ENSG00000171148,TADA3,0.35685413430855706,0.12612323491656163,-0.23073089939199543
8729_TBCD_P1P2_ENSG00000141556,TBCD,0.3564710090796511,0.19308337571956513,-0.16338763336008602
9926_YEATS4_P1P2_ENSG00000127337,YEATS4,0.35615999000445253,0.17869426211641615,-0.17746572788803636
6928_PTPN23_P1P2_ENSG00000076201,PTPN23,0.35601187194036044,0.16821073622852367,-0.18780113571183674
8209_SNAPC5_P1P2_ENSG00000174446,SNAPC5,0.355926843808504,0.16930874125028064,-0.18661810255822334
7404_RNPC3_P1P2_ENSG00000185946,RNPC3,0.35591585371031487,0.18098109978121618,-0.1749347539290987
2077_DCTN5_P1P2_ENSG00000166847,DCTN5,0.35571809972831725,0.15746683782627877,-0.19825126190203846
4930_MED10_P1P2_ENSG00000133398,MED10,0.3556040738019646,0.16235740063457954,-0.19324667316738509
6886_PSMG3_P1_ENSG00000157778,PSMG3,0.35559190927056034,0.18127376656091077,-0.17431814270964957
2225_UTP25_P1P2_ENSG00000117597,UTP25,0.3554682856514322,0.1633221918118099,-0.19214609383962228
8219_SNRNP35_P1P2_ENSG00000184209,SNRNP35,0.3552548895977361,0.14764332598638635,-0.20761156361134978
7437_RPL13_P1P2_ENSG00000167526,RPL13,0.3550166177708004,0.16287410888012605,-0.19214250889067436
2608_ELP6_P1P2_ENSG00000163832,ELP6,0.355011036427198,0.12954642704322916,-0.22546460938396887
1301_CCDC86_P1P2_ENSG00000110104,CCDC86,0.35490233390154746,0.2322361356682155,-0.12266619823333198
3677_HEATR1_P1P2_ENSG00000119285,HEATR1,0.35469973984339065,0.14479739385279083,-0.2099023459905998
9781_INTS14_P1P2_ENSG00000138614,INTS14,0.35449024141337415,0.11363544618564458,-0.24085479522772957
3335_GEMIN4_P1P2_ENSG00000179409,GEMIN4,0.35416191026566224,0.17367048546355202,-0.18049142480211022
5127_MMS22L_P1P2_ENSG00000146263,MMS22L,0.35405883620336204,0.15540606001889795,-0.19865277618446409
6577_POP7_P1P2_ENSG00000172336,POP7,0.3539918636401048,0.15567248770801473,-0.19831937593209006
6902_PTCD3_P1P2_ENSG00000132300,PTCD3,0.35391174394853353,0.13751705540889209,-0.21639468853964142
339_ANKRD39_P1P2_ENSG00000213337,ANKRD39,0.35382265712341143,0.1695025068423534,-0.18432015028105803
7523_RPS3A_P1P2_ENSG00000145425,RPS3A,0.3537769336481543,0.14222192619145782,-0.21155500745669648
4557_LETM1_P1P2_ENSG00000168924,LETM1,0.3537612529082118,0.15074559385117708,-0.20301565905703475
320_ANKLE2_P1P2_ENSG00000176915,ANKLE2,0.3537195853476417,0.1704713348027261,-0.18324825054491561
455_ARGLU1_P1P2_ENSG00000134884,ARGLU1,0.3534712012735216,0.08781214425848145,-0.26565905701504017
7937_SKA1_P1P2_ENSG00000154839,SKA1,0.35335681972056343,0.1456269527938641,-0.20772986692669934
10637_ZNF787_P1P2_ENSG00000142409,ZNF787,0.3533488328684308,0.13135086911941513,-0.22199796374901568
1482_CENPI_P1P2_ENSG00000102384,CENPI,0.3533347872525433,0.13434818062182424,-0.21898660663071903
1398_CDC37_P1P2_ENSG00000105401,CDC37,0.3529528343729568,0.25248464004004656,-0.10046819433291025
81_ACD_P1P2_ENSG00000102977,ACD,0.3529349442444196,0.1987247801971606,-0.15421016404725899
7498_RPS10_P1P2_ENSG00000124614,RPS10,0.3529344823090138,0.14856371254875073,-0.20437076976026308
10041_ZCRB1_P1P2_ENSG00000139168,ZCRB1,0.3526883115018377,0.18612799832070326,-0.16656031318113446
4116_INCENP_P1P2_ENSG00000149503,INCENP,0.3526402509111438,0.17724303856744508,-0.17539721234369873
8231_SNRPE_P1P2_ENSG00000182004,SNRPE,0.35248465261880885,0.11651972775934502,-0.23596492485946383
6241_PFDN6_P1P2_ENSG00000204220,PFDN6,0.35244714004596345,0.1558521245589845,-0.1965950154869789
5082_MIS12_P1P2_ENSG00000167842,MIS12,0.3519032096788154,0.13014185256053196,-0.22176135711828343
4707_LTBP4_P2_ENSG00000090006,LTBP4,0.35189604163329063,0.16154600721777662,-0.190350034415514
7178_RBM48_P1P2_ENSG00000127993,RBM48,0.3518872609815863,0.1505457730843567,-0.20134148789722955
2119_DDX3X_P1P2_ENSG00000215301,DDX3X,0.3518862420029323,0.13312907210502817,-0.2187571698979041
1778_COPS2_P1P2_ENSG00000166200,COPS2,0.3518820118783701,0.13656639297277162,-0.21531561890559844
2130_DDX54_P2_ENSG00000123064,DDX54,0.3518274167535749,0.14930648065169888,-0.202520936101876
4271_KANSL2_P1P2_ENSG00000139620,KANSL2,0.351800843078165,0.19565480659773013,-0.15614603648043487
6529_POLL_P1P2_ENSG00000166169,POLL,0.3514186349763466,0.13532508214854147,-0.21609355282780518
3642_HAUS8_P1P2_ENSG00000131351,HAUS8,0.35099148770544836,0.22724263488911697,-0.12374885281633137
524_ARMC7_P1P2_ENSG00000125449,ARMC7,0.3508730516849702,0.11414811764801336,-0.23672493403695682
5410_MYSM1_P1P2_ENSG00000162601,MYSM1,0.3508319404729635,0.12060293393400823,-0.23022900653895526
5983_OSBP_P1P2_ENSG00000110048,OSBP,0.35053939557361036,0.12019925561718472,-0.23034013995642563
4139_INPPL1_P1P2_ENSG00000165458,INPPL1,0.3505162334187437,0.19508360177942322,-0.15543263163932047
671_ATP6AP2_P1P2_ENSG00000182220,ATP6AP2,0.35018225785992885,0.15648388112482037,-0.19369837673510848
7491_RPP30_P1P2_ENSG00000148688,RPP30,0.35010094156455235,0.18376648016728558,-0.16633446139726676
8326_SPATA5_P1P2_ENSG00000145375,SPATA5,0.3500217507800226,0.12475072863936751,-0.2252710221406551
9802_WDHD1_P1P2_ENSG00000198554,WDHD1,0.34992021832594766,0.222572076763486,-0.1273481415624617
7608_RUVBL2_P1P2_ENSG00000183207,RUVBL2,0.3498658570921508,0.0951086298350613,-0.2547572272570895
8595_SUPT20H_P1P2_ENSG00000102710,SUPT20H,0.34970066709832237,0.0935847441890503,-0.25611592290927204
5985_OSGEP_P1P2_ENSG00000092094,OSGEP,0.3496112800441322,0.12548744156756408,-0.2241238384765681
2792_EXOSC5_P1P2_ENSG00000077348,EXOSC5,0.34957122578439426,0.16814412930624703,-0.1814270964781472
10700_ZNHIT2_P1P2_ENSG00000174276,ZNHIT2,0.34932895109586204,0.14908445757744818,-0.20024449351841386
6160_PDCD7_P1P2_ENSG00000090470,PDCD7,0.34903517075075596,0.19967544263328652,-0.14935972811746945
4130_INO80_P1P2_ENSG00000128908,INO80,0.3489254918221146,0.1747220674788712,-0.17420342434324337
4472_KRR1_P1P2_ENSG00000111615,KRR1,0.3489208430902639,0.16334237572763777,-0.18557846736262612
1441_CDK7_P1P2_ENSG00000134058,CDK7,0.34886562828893286,0.131348850727848,-0.21751677756108487
2733_ESPN_P1_ENSG00000187017,ESPN,0.34850257647028604,0.12956257417590364,-0.21894000229438243
7193_RBX1_P1P2_ENSG00000100387,RBX1,0.34835876806700594,0.1359326180153614,-0.2124261500516445
7660_SASS6_P1P2_ENSG00000156876,SASS6,0.34829601801619137,0.1794915267921472,-0.16880449122404415
8029_SLC2A8_P1P2_ENSG00000136856,SLC2A8,0.34826281018377586,0.20694770751084407,-0.1413151026729318
676_ATP6V0D1_P1P2_ENSG00000159720,ATP6V0D1,0.34782927124306817,0.14878573562299782,-0.19904353562007032
5196_MRPL13_P1P2_ENSG00000172172,MRPL13,0.3478018813080491,0.16138453589104548,-0.1864173454170036
761_BARD1_P1P2_ENSG00000138376,BARD1,0.3477607303858071,0.1977377867125264,-0.1500229436732807
714_AURKA_P1P2_ENSG00000087586,AURKA,0.34719850989339707,0.165058008574135,-0.18214050131926204
1804_COTL1_P1P2_ENSG00000103187,COTL1,0.34708030932684225,0.11794471221773734,-0.22913559710910492
2568_EIF4G1_P1P2_ENSG00000114867,EIF4G1,0.34693585024869833,0.19858349278626936,-0.148352357462429
7831_SF3A1_P2_ENSG00000099995,SF3A1,0.34693016300146545,0.21747765640516692,-0.12945250659629853
2578_EIF5_P1_ENSG00000100664,EIF5,0.3467611747753615,0.11177852592825967,-0.23498264884710185
7471_RPL39_P1P2_ENSG00000198918,RPL39,0.34668204812919945,0.171381629407171,-0.17530041872202848
6127_PCID2_P1_ENSG00000126226,PCID2,0.3466725653992988,0.1756848402645097,-0.1709877251347891
3131_FNTA_P1P2_ENSG00000168522,FNTA,0.3465767688172538,0.14147108452216836,-0.20510568429508544
4695_LSM5_P1_ENSG00000106355,LSM5,0.34655469119765225,0.14596604257999768,-0.20058864861765457
3281_GAPDH_P1_ENSG00000111640,GAPDH,0.3465470850949129,0.20780956071726125,-0.13873752437765163
9826_WDR4_P1P2_ENSG00000160193,WDR4,0.34629557754419793,0.10496039915712158,-0.24133517838707633
3585_GTF3C2_P1P2_ENSG00000115207,GTF3C2,0.34622038148815737,0.14156998570979484,-0.2046503957783625
9172_TONSL_P1P2_ENSG00000160949,TONSL,0.3460874075548212,0.1657967398939268,-0.1802906676608944
517_ARL6IP6_P1P2_ENSG00000177917,ARL6IP6,0.34581641538786745,0.125517717441323,-0.22029869794654441
9804_WDR12_P1P2_ENSG00000138442,WDR12,0.3458115846314723,0.13365789070006975,-0.21215369393140257
3638_HAUS5_P1P2_ENSG00000249115,HAUS5,0.34578774369781284,0.15400731465111597,-0.1917804290466969
536_ARPC2_P1_ENSG00000163466,ARPC2,0.3455594226721974,0.20974721663801854,-0.13581220603417887
6774_PRMT1_P1P2_ENSG00000126457,PRMT1,0.34547778235632665,0.15391245024664918,-0.19156533210967744
4654_LRR1_P1P2_ENSG00000165501,LRR1,0.3454601428480142,0.15763032754458853,-0.18782981530342568
269_ALG2_P1P2_ENSG00000119523,ALG2,0.34524656433562506,0.1736422279813715,-0.17160433635425354
237_AKIRIN2_P1P2_ENSG00000135334,AKIRIN2,0.3451371924956444,0.20647136709700403,-0.13866582539864036
1583_CHMP3_P1P2_ENSG00000115561,CHMP3,0.34507352690964305,0.16602683653451736,-0.1790466903751257
6274_PHAX_P1_ENSG00000164902,PHAX,0.34506519554512194,0.14309992653055098,-0.201965269014571
1083_NEPRO_P1P2_ENSG00000163608,NEPRO,0.3448521695318083,0.17042289340470376,-0.17442927612710452
1718_CNOT3_P1P2_ENSG00000088038,CNOT3,0.3447236397299707,0.10843606946496646,-0.23628757026500424
1493_CENPW_P1P2_ENSG00000203760,CENPW,0.3446868651829146,0.12471439759084815,-0.2199724675920664
8156_SMC2_P1P2_ENSG00000136824,SMC2,0.3446701825698314,0.1362878549341723,-0.2083823276356591
8816_TELO2_P1P2_ENSG00000100726,TELO2,0.3446592123846513,0.17305487603040104,-0.17160433635425026
7562_RRP15_P1P2_ENSG00000067533,RRP15,0.3446015354616413,0.24719847248126336,-0.09740306298037793
4107_IMP3_P1P2_ENSG00000177971,IMP3,0.34456176157590096,0.17988713154263536,-0.1646746300332656
5860_NUDCD3_P1P2_ENSG00000015676,NUDCD3,0.34438638072481054,0.20088445919217857,-0.143501921532632
2233_DIS3_P1P2_ENSG00000083520,DIS3,0.34405132184633597,0.1985956031357762,-0.14545571871055976
4291_KCMF1_P1P2_ENSG00000176407,KCMF1,0.3439418835235444,0.17852875400651377,-0.16541312951703058
5900_NUP62_P1P2_ENSG00000213024,NUP62,0.34376102399083563,0.12151928371319859,-0.22224174027763702
1117_C7orf26_P1P2_ENSG00000146576,C7orf26,0.343666801780819,0.11822728703950203,-0.225439514741317
2111_DDX21_P1P2_ENSG00000165732,DDX21,0.34365830514994616,0.1450234537102248,-0.19863485143972137
10587_ZNF718_ENST00000400172.3_ENSG00000250312,ZNF718,0.34354488193936306,0.08679083811692159,-0.2567540438224415
8844_TFDP1_P1P2_ENSG00000198176,TFDP1,0.34354317115741445,0.1299662524927193,-0.21357691866469516
3740_HIRA_P2_ENSG00000100084,HIRA,0.3434955417932592,0.115464108960851,-0.22803143283240818
888_BRD2_P1_ENSG00000204256,BRD2,0.34340390633490286,0.09550827136871114,-0.2478956349661917
6394_PKMYT1_P1P2_ENSG00000127564,PKMYT1,0.3433761654041795,0.11454170400691216,-0.22883446139726732
5125_MMP17_P1P2_ENSG00000198598,MMP17,0.34328990252123426,0.14716093039779643,-0.19612897212343786
8331_SPC24_P1P2_ENSG00000161888,SPC24,0.343266663348199,0.13116315870209402,-0.21210350464610497
"3201_FRG2_ENST00000378763.1,ENST00000504750.1_ENSG00000205097",FRG2,0.3430495664275597,0.11511492721680133,-0.22793463921075838
900_BRIP1_P1P2_ENSG00000136492,BRIP1,0.3428926247887769,0.21359427099734782,-0.12929835379142907
9682_UTP15_P1P2_ENSG00000164338,UTP15,0.34288192542626794,0.15815309096488123,-0.1847288344613867
6372_PIP4K2C_P1P2_ENSG00000166908,PIP4K2C,0.34270197775294403,0.2048606906128812,-0.13784128714006283
5734_NOL12_P1P2_ENSG00000273899,NOL12,0.34266944548666745,0.12691646280912008,-0.21575298267754733
7443_RPL18_P1P2_ENSG00000063177,RPL18,0.3426322840831463,0.1549458667377206,-0.18768641734542568
6871_PSMD3_P1P2_ENSG00000108344,PSMD3,0.34256824368110117,0.2053794172499901,-0.13718882643111105
7538_RPS8_P1P2_ENSG00000142937,RPS8,0.34222731969868136,0.12466393780124457,-0.21756338189743682
5190_MRGBP_P1P2_ENSG00000101189,MRGBP,0.34215261949967424,0.17714817416298112,-0.16500444533669315
490_ARID3A_P1P2_ENSG00000116017,ARID3A,0.34209050984883893,0.10114967584630832,-0.2409408340025306
1781_COPS5_P1P2_ENSG00000121022,COPS5,0.3420813114002377,0.13594674675643806,-0.20613456464379964
3284_GAR1_P1P2_ENSG00000109534,GAR1,0.34188726471062303,0.18267251192870254,-0.1592147527819205
9543_UBQLN4_P1P2_ENSG00000160803,UBQLN4,0.34184737403858645,0.13933360783460846,-0.20251376620397796
9898_XPO5_P1P2_ENSG00000124571,XPO5,0.3417019887451498,0.18537311986824817,-0.1563288688769016
4481_KRTAP4-7_ENST00000391417.4_ENSG00000240871,KRTAP4-7,0.34114067840448503,0.13761595659651243,-0.20352472180797263
5652_NFS1_P1P2_ENSG00000244005,NFS1,0.3411309888166424,0.10761458409023339,-0.23351640472640903
6563_POLR3H_P1P2_ENSG00000100413,POLR3H,0.3411143051615805,0.14839820443884777,-0.19271610072273274
2569_EIF4G2_P1_ENSG00000110321,EIF4G2,0.34110767337794967,0.1463051323661212,-0.1948025410118285
9380_TTC1_P1P2_ENSG00000113312,TTC1,0.340667814575778,0.17499656873432096,-0.16567124584145704
7422_RPAP1_P1P2_ENSG00000103932,RPAP1,0.34051970982561713,0.12460540444531504,-0.2159143053803021
6847_PSMA7_P1P2_ENSG00000101182,PSMA7,0.340237588603587,0.15816520131438164,-0.18207238728920533
7942_MTREX_P1P2_ENSG00000039123,MTREX,0.3399714339658024,0.16987994606859227,-0.17009148789721018
4696_LSM6_P1P2_ENSG00000164167,LSM6,0.33989776507527303,0.14412728784686568,-0.19577047722840732
7467_RPL37A_P1P2_ENSG00000197756,RPL37A,0.3398784693142445,0.16235538224301013,-0.17752308707123432
8078_SLC39A7_P1P2_ENSG00000112473,SLC39A7,0.3397900877800316,0.0889727194193494,-0.25081736836068225
10463_ZNF574_P1_ENSG00000105732,ZNF574,0.3396103050547037,0.17821590331099296,-0.16139440174371072
4951_MED28_P1P2_ENSG00000118579,MED28,0.3395613218376637,0.1174522246712037,-0.22210909716646
2162_DERL2_P1P2_ENSG00000072849,DERL2,0.33940979566832974,0.06602158871638356,-0.27338820695194616
6842_PSMA2_P1P2_ENSG00000106588,PSMA2,0.33920758748254176,0.16108581393658908,-0.17812177354595266
9896_XPO1_P1P2_ENSG00000082898,XPO1,0.339112235904068,0.15169827467888364,-0.18741396122518436
3601_GUK1_P1P2_ENSG00000143774,GUK1,0.33904338303780157,0.11413802569008599,-0.22490535734771558
7898_SHOC2_P1P2_ENSG00000108061,SHOC2,0.33855898636572457,0.21177368178846678,-0.1267853045772578
7117_RARS_P1P2_ENSG00000113643,RARS,0.3385155956065343,0.12276261292900562,-0.21575298267752868
2133_DDX59_P1P2_ENSG00000118197,DDX59,0.33824529625592226,0.16015937219948032,-0.1780859240564419
377_AP2M1_P1_ENSG00000161203,AP2M1,0.33817683965268286,0.1804785202767663,-0.15769831937591652
6480_PMPCB_P1_ENSG00000105819,PMPCB,0.3379868687329227,0.13426138978371016,-0.20372547894921253
4150_INTS5_P1P2_ENSG00000185085,INTS5,0.337960720929549,0.15843364739507698,-0.179527073534472
5365_MYBBP1A_P1P2_ENSG00000132382,MYBBP1A,0.33763822160096946,0.14666440606809467,-0.19097381553287482
7507_RPS18_P1P2_ENSG00000231500,RPS18,0.3374349845958179,0.16685235869241347,-0.1705826259034044
9174_TOP1_P1P2_ENSG00000198900,TOP1,0.33733866882843333,0.10408038042644517,-0.23325828840198817
5576_NDUFV2_P1P2_ENSG00000178127,NDUFV2,0.3372161704678176,0.12410888011561624,-0.21310729035220136
8389_SPTSSA_P1P2_ENSG00000165389,SPTSSA,0.3371530590017262,0.21620405131559778,-0.1209490076861284
7476_RPL6_P1P2_ENSG00000089009,RPL6,0.33708014697910227,0.13918021007420478,-0.19789993690489746
5861_NUDC_P1P2_ENSG00000090273,NUDC,0.33702646183239016,0.1417112731206768,-0.19531518871171336
1040_C1orf131_P1P2_ENSG00000143633,C1orf131,0.336905181754137,0.17523473894124753,-0.16167044281288942
1670_CLOCK_P1P2_ENSG00000134852,CLOCK,0.33674326533697485,0.15268123138033735,-0.18406203395663748
7421_RPAIN_P1P2_ENSG00000129197,RPAIN,0.336712945093103,0.1465170634824605,-0.1901958816106425
4947_MED24_P1P2_ENSG00000008838,MED24,0.3366336538462972,0.15384786171596707,-0.18278579213033008
8888_THOC2_P1P2_ENSG00000125676,THOC2,0.3364508300459751,0.162864016922197,-0.1735868131237781
2983_FAU_P1P2_ENSG00000149806,FAU,0.33637235265646775,0.1046233277625744,-0.23174902489389335
9975_ZBTB17_P1P2_ENSG00000116809,ZBTB17,0.3363260022688294,0.1521241553031326,-0.1842018469656968
9319_TRNT1_P1P2_ENSG00000072756,TRNT1,0.3362548974962397,0.07755064144483917,-0.2587042560514005
5821_NSA2_P1P2_ENSG00000164346,NSA2,0.3361363360064417,0.2318465860924831,-0.1042897499139586
8221_SNRNP48_P1P2_ENSG00000168566,SNRNP48,0.3359983639663921,0.12235691622060525,-0.21364144774578686
2989_FBRSL1_P1P2_ENSG00000112787,FBRSL1,0.33580725861303823,0.12870475775264512,-0.2071025008603931
682_ATP6V1D_P1P2_ENSG00000100554,ATP6V1D,0.3357022164916048,0.11609182874352192,-0.21961038774808286
303_ANAPC13_P1P2_ENSG00000129055,ANAPC13,0.3356465450803854,0.2179741807348584,-0.11767236434552697
2939_FAM72D_ENST00000400889.1_ENSG00000215784,FAM72D,0.33552138017141103,0.2416781714987043,-0.09384320867270673
3693_HERC1_P1P2_ENSG00000103657,HERC1,0.33550132134860644,0.15148230677937724,-0.18401901456922923
7525_RPS3_P1_ENSG00000149273,RPS3,0.3354645817650922,0.10426405406060121,-0.23120052770449095
182_AGBL5_P1_ENSG00000084693,AGBL5,0.3354372185737124,0.11713533719249793,-0.21830188138121448
8915_TIMM10_P1P2_ENSG00000134809,TIMM10,0.3353967566762241,0.17079024067302234,-0.16460651600320175
7426_RPF1_P1P2_ENSG00000117133,RPF1,0.33514410346194506,0.10199336352847369,-0.23315073993347138
5079_MIOS_P1P2_ENSG00000164654,MIOS,0.33495003136007007,0.1944558819967653,-0.14049414936330476
2539_EIF2B5_P1P2_ENSG00000145191,EIF2B5,0.33459815094057943,0.09842888399092434,-0.23616926694965512
7719_SDE2_P1P2_ENSG00000143751,SDE2,0.3344911736685393,0.16891313649979017,-0.16557803716874916
5011_MEX3A_P1P2_ENSG00000254726,MEX3A,0.3344812501607608,0.1965933586843372,-0.13788789147642358
1610_CIAPIN1_P1P2_ENSG00000005194,CIAPIN1,0.3339363873555069,0.1440667360993397,-0.18986965125616723
7311_RIOK1_P1P2_ENSG00000124784,RIOK1,0.3338316232925741,0.1697305850913557,-0.16410103820121838
5887_NUP153_P1P2_ENSG00000124789,NUP153,0.3337934950662943,0.13487901760844845,-0.19891447745784582
5745_NOP10_P1P2_ENSG00000182117,NOP10,0.33322904217535604,0.1849734783345863,-0.14825556384076974
9425_TUBGCP2_P1P2_ENSG00000130640,TUBGCP2,0.3331320442427869,0.162599607624682,-0.1705324366181049
8943_TLCD1_P1P2_ENSG00000160606,TLCD1,0.33302248236094295,0.1063712548744147,-0.22665122748652825
2905_PRXL2A_P1_ENSG00000122378,PRXL2A,0.3328851104028132,0.17426187419770386,-0.15862323620510935
7918_SIN3A_P1_ENSG00000169375,SIN3A,0.3319543632884988,0.11972897037809038,-0.21222539291040843
496_ARID5B_ENST00000279873.7_ENSG00000150347,ARID5B,0.3319457163838611,0.19261309048045783,-0.13933262590340328
6228_PEX19_P1P2_ENSG00000162735,PEX19,0.3317950397879025,0.15768482411737508,-0.17411021567052742
5164_MPHOSPH6_P1P2_ENSG00000135698,MPHOSPH6,0.33153866310190827,0.13888350651133316,-0.19265515659057514
1029_C1D_P1P2_ENSG00000197223,C1D,0.3312200009054569,0.14077675781723983,-0.19044324308821708
697_ATRIP_P1P2_ENSG00000164053,ATRIP,0.3311977574695827,0.12707793413585267,-0.20411982333373005
2542_EIF2S2_P1P2_ENSG00000125977,EIF2S2,0.33117220335167175,0.09128175939157537,-0.2398904439600964
3057_FEN1_P1P2_ENSG00000168496,FEN1,0.3311045446000764,0.1613966462405455,-0.16970789835953087
9315_TRMT6_P1P2_ENSG00000089195,TRMT6,0.33082185035815237,0.1755899758600444,-0.15523187449810794
7540_RPSA_P1P2_ENSG00000168028,RPSA,0.3308195311875489,0.10758834499963615,-0.22323118618791277
6488_PNKP_P1P2_ENSG00000039650,PNKP,0.3304858822830933,0.16160252218214155,-0.16888336010095173
7462_RPL35A_P1P2_ENSG00000182899,RPL35A,0.33041586988940935,0.1300853375961863,-0.20033053229322306
4108_IMP4_P1P2_ENSG00000136718,IMP4,0.33018588172838753,0.17208604807001798,-0.15809983365836955
6679_PPP2CB_P1P2_ENSG00000104695,PPP2CB,0.33013021457184955,0.15469356778971516,-0.17543664678213436
6590_POU3F1_P1P2_ENSG00000185668,POU3F1,0.33006131849322373,0.16187702343758215,-0.16818429505564156
3446_GNL3L_P1P2_ENSG00000130119,GNL3L,0.32997813248810287,0.10436295524822581,-0.22561517723987706
5970_ORC6_P1P2_ENSG00000091651,ORC6,0.32982297317919046,0.15390235828873966,-0.1759206148904508
301_ANAPC10_P1P2_ENSG00000164162,ANAPC10,0.32979695750210536,0.14073033481080371,-0.18906662269130167
5503_NCL_P2_ENSG00000115053,NCL,0.3296019092866538,0.18076916866488063,-0.14883274062177315
9057_TMEM242_P1P2_ENSG00000215712,TMEM242,0.32958935216802454,0.12209250692308768,-0.20749684524493683
8890_THOC5_P1P2_ENSG00000100296,THOC5,0.3295699550474739,0.14848701366856382,-0.18108294137891007
10589_ZNF720_P1P2_ENSG00000197302,ZNF720,0.3294155954135986,0.1967043702214589,-0.1327112251921397
7502_RPS14_P1P2_ENSG00000164587,RPS14,0.32935061904239393,0.15264490033183128,-0.17670571871056265
8738_TBL3_P1P2_ENSG00000183751,TBL3,0.3291184448211365,0.1450456560176443,-0.1840727888034922
9609_UQCRB_P1P2_ENSG00000156467,UQCRB,0.32886669151263836,0.09840466329191674,-0.23046202822072162
7247_RFC3_P1P2_ENSG00000133119,RFC3,0.32864609763074804,0.1990537780253808,-0.12959231960536727
4863_MAT2A_P1P2_ENSG00000168906,MAT2A,0.3283049855746235,0.1407727210340744,-0.18753226454054908
3634_HAUS1_P1P2_ENSG00000152240,HAUS1,0.328272527084869,0.16125334043808903,-0.16701918664677992
534_ARPC1B_P1P2_ENSG00000130429,ARPC1B,0.32816945872440645,0.14981107854774162,-0.17835838017666483
3358_GGPS1_P1P2_ENSG00000152904,GGPS1,0.32800139601893463,0.09818465860924765,-0.22981673740968697
1284_CCDC59_P1P2_ENSG00000133773,CCDC59,0.32795985621419155,0.11975319107709595,-0.2082066651370956
5504_NCL_P1_ENSG00000115053,NCL,0.32784730978370225,0.14864646660370856,-0.17920084317999369
5499_NCKAP1_P1P2_ENSG00000061676,NCKAP1,0.3278424034273308,0.10947957791394847,-0.21836282551338232
8693_TARS2_P1P2_ENSG00000143374,TARS2,0.32768518566925176,0.1986521181001375,-0.12903306756911426
3571_GTF2F1_P1P2_ENSG00000125651,GTF2F1,0.3276347332312576,0.15917439710644565,-0.16846033612481195
6547_POLR2F_P1P2_ENSG00000100142,POLR2F,0.3275984932094944,0.19063910351121444,-0.13695938969827998
8205_SNAPC1_P1P2_ENSG00000023608,SNAPC1,0.3275885793977268,0.11316919772971214,-0.21441938166801466
6962_PWP1_P1P2_ENSG00000136045,PWP1,0.32718172353815417,0.19159178433889948,-0.1355899391992547
5569_NDUFS5_P1_ENSG00000168653,NDUFS5,0.3270141601050087,0.14342892435876012,-0.1835852357462486
1296_CCDC78_P1P2_ENSG00000162004,CCDC78,0.32686298556809,0.15104633419720542,-0.17581665137088462
1500_CEP192_P1P2_ENSG00000101639,CEP192,0.326844560856386,0.16705621624241726,-0.1597883446139688
4684_LSG1_P1P2_ENSG00000041802,LSG1,0.3264565133812297,0.14030445418654905,-0.18615205919468064
5432_NAA50_P1P2_ENSG00000121579,NAA50,0.32639130650538484,0.14151548913702094,-0.18487581736836387
5449_NAF1_P1P2_ENSG00000145414,NAF1,0.32615801730049365,0.14122484074891395,-0.18493317655157973
8416_SRP68_P1P2_ENSG00000167881,SRP68,0.32608014844433164,0.10677089640806811,-0.21930925203626356
3371_GINS3_P1P2_ENSG00000181938,GINS3,0.3260253431620784,0.17770525024020117,-0.1483200929218772
7481_RPL9_P1P2_ENSG00000163682,RPL9,0.32598441000940187,0.10913443295306419,-0.21684997705633768
2384_DSTYK_P1P2_ENSG00000133059,DSTYK,0.3258751486460838,0.12820823342295248,-0.19766691522313135
1810_COX17_P1P2_ENSG00000138495,COX17,0.3258015633149331,0.09329611419252243,-0.23250544912241067
3980_HSPA9_P1P2_ENSG00000113013,HSPA9,0.32544379567878434,0.1220803965735801,-0.20336339910520426
8948_TLN1_P1P2_ENSG00000137076,TLN1,0.32535182589609146,0.14119658326673468,-0.1841552426293568
6215_PELP1_P1P2_ENSG00000141456,PELP1,0.3252846557656824,0.09670114079492087,-0.22858351497076151
9811_WDR25_P1P2_ENSG00000176473,WDR25,0.3252484580301048,0.19272006523442167,-0.13252839279568315
6887_PSMG4_P1P2_ENSG00000180822,PSMG4,0.325079697095886,0.13181509918376466,-0.19326459791212136
7420_RPA3_P1P2_ENSG00000106399,RPA3,0.32476306232135627,0.13055562283527755,-0.19420743948607871
7173_RBM39_P1P2_ENSG00000131051,RBM39,0.3246847120798464,0.09119698694504152,-0.2334877251348049
6323_PIAS4_P1P2_ENSG00000105229,PIAS4,0.32441625977634236,0.09871145881270074,-0.22570480096364162
2114_DDX27_P1P2_ENSG00000124228,DDX27,0.32424506424555843,0.12230847482258862,-0.20193658942296983
5004_METTL3_P1P2_ENSG00000165819,METTL3,0.32421300954408155,0.15637286958768395,-0.1678401399563976
7754_SEC62_P1P2_ENSG00000008952,SEC62,0.32404400163650293,0.18575459587764848,-0.13828940575885443
5541_NDUFA8_P1P2_ENSG00000119421,NDUFA8,0.3239366971891606,0.17823003205207344,-0.14570666513708716
7097_RANGAP1_P1P2_ENSG00000100401,RANGAP1,0.3238479720397983,0.15437668031099783,-0.1694712917288005
9215_TPR_P1P2_ENSG00000047410,TPR,0.3237772610990227,0.20583961053117011,-0.1179376505678526
2548_EIF3D_P1P2_ENSG00000100353,EIF3D,0.32358840646532716,0.11580118035539805,-0.2077872261099291
4270_KANSL1_P1P2_ENSG00000120071,KANSL1,0.32345918917270505,0.16017551933216445,-0.1632836698405406
9444_TWSG1_P1P2_ENSG00000128791,TWSG1,0.323388569866476,0.2261002252525035,-0.09728834461397252
547_ARRB2_P1P2_ENSG00000141480,ARRB2,0.32328712320042086,0.16895148593989828,-0.1543356372605226
7164_RBM22_P1P2_ENSG00000086589,RBM22,0.3232849550560706,0.2004323394773286,-0.122852615578742
7514_RPS25_P1P2_ENSG00000118181,RPS25,0.32324421194526104,0.22091901405608383,-0.10232519788917721
1606_CHTOP_P1P2_ENSG00000160679,CHTOP,0.32314731201478974,0.11783370068061128,-0.20531361133417844
4747_MAD2L2_P1P2_ENSG00000116670,MAD2L2,0.32294093234361665,0.155785517636717,-0.16715541470689968
9194_TP53RK_P1P2_ENSG00000172315,TP53RK,0.3229395851476979,0.08957016332824651,-0.23336942181945136
7457_RPL29_P1P2_ENSG00000162244,RPL29,0.3228793469721364,0.1322066671510905,-0.1906726798210459
1906_CSNK2B_P1P2_ENSG00000204435,CSNK2B,0.322835162037097,0.22368622891790638,-0.09914893311919061
4898_MCM2_P1P2_ENSG00000073111,MCM2,0.3227886223890689,0.1602219423385965,-0.16256668005047245
9675_USP7_P1P2_ENSG00000187555,USP7,0.3226251783433345,0.12967964088777714,-0.19294553745555731
7947_SKP1_P1P2_ENSG00000113558,SKP1,0.3220366028423138,0.09660425799888706,-0.22543234484342672
7483_RPLP1_P1P2_ENSG00000137818,RPLP1,0.3218716105024181,0.13740806226334476,-0.1844635482390733
7842_SFPQ_P1P2_ENSG00000116560,SFPQ,0.3217313425911423,0.1400783943291264,-0.1816529482620159
3640_HAUS7_P1_ENSG00000213397,HAUS7,0.32172063492191094,0.1508404582556302,-0.17088017666628075
4862_MASTL_P1P2_ENSG00000120539,MASTL,0.32154965166146343,0.1403448220182315,-0.1812048296432319
4151_INTS6_P1P2_ENSG00000102786,INTS6,0.3214002895554432,0.1718398042967645,-0.14956048525867868
1581_CHMP2A_P1P2_ENSG00000130724,CHMP2A,0.32117281358804217,0.12065944889836477,-0.20051336468967743
7826_SETX_P1P2_ENSG00000107290,SETX,0.3208604917159737,0.1287108129273956,-0.19214967878857808
8_AAMP_P1P2_ENSG00000127837,AAMP,0.3208025243756678,0.17770928702337146,-0.14309323735229634
4868_MAU2_P1P2_ENSG00000129933,MAU2,0.3206467543047236,0.09927257167308595,-0.22137418263163766
7434_RPL12_P1P2_ENSG00000197958,RPL12,0.3204862047939107,0.09037550157030161,-0.2301107032236091
4154_INTS9_P1P2_ENSG00000104299,INTS9,0.3200860829457962,0.13838294539847434,-0.18170313754732187
6850_PSMB2_P1P2_ENSG00000126067,PSMB2,0.32002250225055595,0.1347881899871663,-0.18523431226338963
1551_CHCHD4_P1P2_ENSG00000163528,CHCHD4,0.3199895018549514,0.0969877523998603,-0.2230017494550911
1022_C19orf53_P1P2_ENSG00000104979,C19orf53,0.3199656015006518,0.19979452773674694,-0.12017107376390486
7243_REXO2_P1P2_ENSG00000076043,REXO2,0.31994365864116714,0.17644173710853633,-0.14350192153263078
20_ABCB10_P1P2_ENSG00000135776,ABCB10,0.3198355412048246,0.21014685817167505,-0.10968868303314953
2544_EIF3A_P1P2_ENSG00000107581,EIF3A,0.3198171539747074,0.09206893210937829,-0.2277482218653291
9780_INTS14_P1P2_ENSG00000138614,INTS14,0.31955632551619073,0.12368905466612234,-0.19586727085006841
9435_TUT1_P1_ENSG00000149016,TUT1,0.3192812971159954,0.1513228538442354,-0.16795844327176
2794_EXOSC7_P1P2_ENSG00000075914,EXOSC7,0.319146519434757,0.15825401054408156,-0.1608925088906755
8660_TAF1D_P1_ENSG00000166012,TAF1D,0.31905217305788197,0.13583977200248498,-0.183212401055397
4635_LPIN1_P1P2_ENSG00000134324,LPIN1,0.318538777086262,0.19612711022840723,-0.12241166685785479
8670_TAF8_P1P2_ENSG00000137413,TAF8,0.3185237603350931,0.09047440275793106,-0.22804935757716205
6560_POLR3F_P1P2_ENSG00000132664,POLR3F,0.3184878719168117,0.09846521503943986,-0.22002265687737185
8207_SNAPC3_P1P2_ENSG00000164975,SNAPC3,0.31814923651191607,0.11006087469017667,-0.20808836182173943
9167_TOMM40_P1P2_ENSG00000130204,TOMM40,0.3181065073681534,0.14007435754597247,-0.17803214982218094
9429_TUBGCP6_P1P2_ENSG00000128159,TUBGCP6,0.31793851878652113,0.17713606381348151,-0.14080245497303964
9938_YKT6_P1P2_ENSG00000106636,YKT6,0.317850694845436,0.13892589273460498,-0.178924802110831
1702_CMTR2_P1P2_ENSG00000180917,CMTR2,0.317747597281146,0.11284625507625529,-0.20490134220489073
1419_CDIPT_P1P2_ENSG00000103502,CDIPT,0.31773430477056414,0.08672019441147781,-0.2310141103590863
4662_LRRC37B_P1P2_ENSG00000185158,LRRC37B,0.31771469019881393,0.12578010834726439,-0.19193458185154952
1319_CCNC_P1P2_ENSG00000112237,CCNC,0.3176325203937882,0.1635765091513946,-0.15405601124239357
5673_NIP7_P1P2_ENSG00000132603,NIP7,0.31749656168024765,0.1127493722802209,-0.20474718940002676
9324_TRPM7_P1P2_ENSG00000092439,TRPM7,0.3174511590706669,0.1736947061625573,-0.1437564529081096
5967_ORC3_P1P2_ENSG00000135336,ORC3,0.31716316660871996,0.13417661733717956,-0.1829865492715404
3229_FXN_P1P2_ENSG00000165060,FXN,0.3171151637309919,0.17403985112344594,-0.14307531260754597
2328_DOHH_P1P2_ENSG00000129932,DOHH,0.3170630733903294,0.21798225430119528,-0.09908081908913412
3427_GMPS_P1P2_ENSG00000163655,GMPS,0.3168321909674718,0.07960536407747361,-0.23722682688999816
2796_EXOSC9_P1P2_ENSG00000123737,EXOSC9,0.3166321576698262,0.12080073630926899,-0.19583142136055723
6335_PIGH_P1P2_ENSG00000100564,PIGH,0.31660947846324844,0.1567745295129253,-0.15983494895032313
4126_INO80B_P1P2_ENSG00000115274,INO80B,0.3164030452758887,0.11165944082480064,-0.20474360445108802
9362_TSPYL5_P1P2_ENSG00000180543,TSPYL5,0.31630716322417063,0.14015711160090957,-0.17615005162326108
37_ABCG1_P1P2_ENSG00000160179,ABCG1,0.316276735137473,0.15724481475202196,-0.15903192038545103
3195_FOXS1_P1P2_ENSG00000179772,FOXS1,0.31620987053281024,0.21434713105822092,-0.10186273947458932
2382_DSN1_P1P2_ENSG00000149636,DSN1,0.3162030680703944,0.08037437127101862,-0.23582869679937576
9420_TUBB_P1_ENSG00000196230,TUBB,0.31612102752623183,0.16115443925046047,-0.1549665882757714
680_ATP6V1B2_P1P2_ENSG00000147416,ATP6V1B2,0.3160480658079265,0.14395976134538516,-0.17208830446254134
4686_LSM11_P1P2_ENSG00000155858,LSM11,0.3160077774835549,0.08168834419227688,-0.23431943329127805
4957_MED7_P1P2_ENSG00000155868,MED7,0.3159837384038936,0.15683709965203813,-0.1591466387518555
6574_POP1_P1P2_ENSG00000104356,POP1,0.3156454273378789,0.1592914638183241,-0.15635396351955483
2558_EIF4A1_P1P2_ENSG00000161960,EIF4A1,0.31526260809780177,0.14820040206361548,-0.16706220603418628
4692_LSM3_P1P2_ENSG00000170860,LSM3,0.3150833976398496,0.11123961537530055,-0.20384378226454908
8448_SSBP3_P1P2_ENSG00000157216,SSBP3,0.31501674084821896,0.1758705322902323,-0.13914620855798665
751_BAG6_P1P2_ENSG00000204463,BAG6,0.31487734737264833,0.08138962223783128,-0.23348772513481705
9686_UTP3_P1P2_ENSG00000132467,UTP3,0.3146108585841772,0.12730803077644023,-0.18730282780773697
2275_DNAJA1_P2_ENSG00000086061,DNAJA1,0.314594463291445,0.08417903940707466,-0.2304154238843704
3220_FUNDC2_P1P2_ENSG00000165775,FUNDC2,0.314487491258158,0.09113441680593322,-0.2233530744522248
9617_URB1_P1P2_ENSG00000142207,URB1,0.3144209835246561,0.14375590379539646,-0.17066507972925965
5570_NDUFS5_P2_ENSG00000168653,NDUFS5,0.3143562774261834,0.18957137436320504,-0.12478490306297833
7976_SLC1A5_P1_ENSG00000105281,SLC1A5,0.3142093905821077,0.07988995729083372,-0.23431943329127394
7758_SEH1L_P1P2_ENSG00000085415,SEH1L,0.3138896310574365,0.17747515359959778,-0.1364144774578387
7843_SFSWAP_P1P2_ENSG00000061936,SFSWAP,0.31384672417273896,0.19025560911021966,-0.12359111506251932
22_ABCB7_P1P2_ENSG00000131269,ABCB7,0.31382505285953083,0.13774311526631566,-0.17608193759321517
3862_HNRNPDL_P1P2_ENSG00000152795,HNRNPDL,0.31355507142236877,0.0961279175850314,-0.21742715383733738
2030_DARS_P1P2_ENSG00000115866,DARS,0.3134292644057608,0.12059486036767278,-0.19283440403808802
2682_EPS8L1_P1_ENSG00000131037,EPS8L1,0.3133790605619604,0.11205908235844425,-0.20131997820351616
3346_GFM1_P1P2_ENSG00000168827,GFM1,0.3132687091062637,0.10730980696103257,-0.20595890214523113
7438_RPL14_P1P2_ENSG00000188846,RPL14,0.31324498223824304,0.09662444191472747,-0.21662054032351558
9249_TRAPPC4_P1P2_ENSG00000196655,TRAPPC4,0.3131133015504645,0.11617054601530048,-0.19694275553516405
6980_PYURF_P1P2_ENSG00000145337,PYURF,0.3129754178454292,0.11364150136039622,-0.19933391648503299
8166_SMG5_P1P2_ENSG00000198952,SMG5,0.31277104316507637,0.1939371553596422,-0.11883388780543418
8741_TBP_P1P2_ENSG00000112592,TBP,0.3126686062032076,0.14861417233835394,-0.16405443386485366
8645_TACC3_P1_ENSG00000013810,TACC3,0.31262255462644956,0.15262269802440787,-0.1599998566020417
2535_EIF2B1_P1P2_ENSG00000111361,EIF2B1,0.3125656597230951,0.13706089891087797,-0.1755047608122171
7473_RPL41_P1P2_ENSG00000229117,RPL41,0.31226695276128674,0.1331270537134462,-0.17913989904784056
9602_UPF3A_P1P2_ENSG00000169062,UPF3A,0.3119354106123696,0.12662581442101456,-0.1853095961913551
3568_GTF2B_P1P2_ENSG00000137947,GTF2B,0.31188176291830516,0.1625471294434894,-0.14933463347481574
6119_PCF11_P1P2_ENSG00000165494,PCF11,0.3116937350795538,0.14424435455874088,-0.16744938052081293
3832_HMGCR_P1P2_ENSG00000113161,HMGCR,0.3115763470099632,0.15302839473281807,-0.1585479522771451
6025_PABPC4_P1P2_ENSG00000090621,PABPC4,0.31156875069008627,0.10728760465360371,-0.20428114603648256
4374_KIF11_P1P2_ENSG00000138160,KIF11,0.3111106428911222,0.1426861562558041,-0.16842448663531812
4985_METAP2_P1P2_ENSG00000111142,METAP2,0.31106857880703875,0.1118350408926104,-0.19923353791442833
683_ATP6V1E1_P1P2_ENSG00000131100,ATP6V1E1,0.3110487942222235,0.16701988519388888,-0.1440289090283346
3944_HS6ST1_P1P2_ENSG00000136720,HS6ST1,0.31070924145869877,0.14572989076465365,-0.16497935069404512
1915_CSTF1_P1P2_ENSG00000101138,CSTF1,0.3105314923491326,0.14151548913702652,-0.16901600321210608
10054_ZDHHC7_P1P2_ENSG00000153786,ZDHHC7,0.31049617255138307,0.12553790135716913,-0.1849582711942139
2536_EIF2B2_P1P2_ENSG00000119718,EIF2B2,0.3102949884672031,0.09440219278061314,-0.21589279568658995
9911_XRN2_P1P2_ENSG00000088930,XRN2,0.3101132565248266,0.16107975876184277,-0.14903349776298377
2527_EIF1AX_P1P2_ENSG00000173674,EIF1AX,0.31005432516924936,0.15182543334867632,-0.15822889182057304
7725_SDHA_P1P2_ENSG00000073578,SDHA,0.3099178951715741,0.1462506357933513,-0.16366725937822282
2789_EXOSC2_P1P2_ENSG00000130713,EXOSC2,0.3097298345400413,0.1305899354922022,-0.17913989904783909
2605_ELP3_P1P2_ENSG00000134014,ELP3,0.3095934306781829,0.14232688255383646,-0.16726654812434646
1192_CARF_P1P2_ENSG00000138380,CARF,0.30953425819579183,0.1427911126181873,-0.16674314557760453
5968_ORC4_P1P2_ENSG00000115947,ORC4,0.30942863738153625,0.18651149272169373,-0.12291714465984255
2008_CYP4F11_P1P2_ENSG00000171903,CYP4F11,0.30939303127644446,0.11350425073267639,-0.19588878054376804
901_BRIX1_P1P2_ENSG00000113460,BRIX1,0.30938047820988995,0.1078991773035948,-0.20148130090629515
1735_COA5_P1P2_ENSG00000183513,COA5,0.30937335505544017,0.13083214248229913,-0.17854121257314104
7185_RBM8A_P1P2_ENSG00000265241,RBM8A,0.3086304725105716,0.08833894446193628,-0.2202915280486353
8432_SRSF2_P1P2_ENSG00000161547,SRSF2,0.3086225681758824,0.09411356278408534,-0.21450900539179707
3448_GNPAT_P1P2_ENSG00000116906,GNPAT,0.3084772871362922,0.13418065412034572,-0.17429663301594644
5588_NEDD8_P1P2_ENSG00000129559,NEDD8,0.30807922854193415,0.09119698694504028,-0.21688224159689384
1349_CCT5_P1P2_ENSG00000150753,CCT5,0.30789620616149943,0.16718337491221763,-0.1407128312492818
5227_MRPL44_P1P2_ENSG00000135900,MRPL44,0.30788595958833875,0.08497024890804822,-0.22291571068029056
8710_TBC1D1_ENST00000261439.4_ENSG00000065882,TBC1D1,0.3077898585225196,0.16994857138245106,-0.13784128714006855
7655_SARNP_P1P2_ENSG00000205323,SARNP,0.3077205852255387,0.16868909503396093,-0.13903149019157773
10663_ZNF830_P1P2_ENSG00000198783,ZNF830,0.3076742269074222,0.10517838544820254,-0.20249584145921964
9592_UNC45A_P1_ENSG00000140553,UNC45A,0.3075471284108004,0.16816431322208997,-0.13938281518871043
7631_SACM1L_P1P2_ENSG00000211456,SACM1L,0.3071933854305618,0.12025980736471202,-0.1869335780658498
2782_EXOC5_P1P2_ENSG00000070367,EXOC5,0.3071917725059937,0.17011407949234514,-0.13707769301364855
9684_UTP20_P1P2_ENSG00000120800,UTP20,0.3071507451138624,0.16010689401830525,-0.14704385109555718
715_AURKB_P1P2_ENSG00000178999,AURKB,0.3068275901900734,0.19387660361212428,-0.1129509865779491
9783_WAC_P1P2_ENSG00000095787,WAC,0.3067820965247855,0.14079896012465612,-0.1659831364001294
8703_TAZ_P1P2_ENSG00000102125,TAZ,0.3067545882984305,0.1362293215782274,-0.17052526672020313
1391_CDC23_P1P2_ENSG00000094880,CDC23,0.3067284943296493,0.15120982391552376,-0.1555186704141256
9328_TRRAP_P1P2_ENSG00000196367,TRRAP,0.30644001744330795,0.19198335230622215,-0.11445666513708579
1709_CNIH4_P1P2_ENSG00000143771,CNIH4,0.3064296974988269,0.16665253792559886,-0.13977715957322806
1470_CEBPZ_P1P2_ENSG00000115816,CEBPZ,0.3064287844527707,0.1795359314070009,-0.12689285304576983
8168_SMG7_P1P2_ENSG00000116698,SMG7,0.30642283906002266,0.18524797959002876,-0.12117485946999393
5750_NOP58_P1P2_ENSG00000055044,NOP58,0.3063490796926714,0.19591114232890358,-0.11043793736376781
6219_PES1_P1P2_ENSG00000100029,PES1,0.3062016899873027,0.10004561564979572,-0.20615607433750696
7802_SERPINB1_P1P2_ENSG00000021355,SERPINB1,0.30615867936973207,0.10419341035515589,-0.20196526901457618
9185_TOR2A_P1P2_ENSG00000160404,TOR2A,0.3061532489655465,0.17278239316653504,-0.13337085579901148
5244_MRPS14_P1P2_ENSG00000120333,MRPS14,0.30604748100343804,0.17496023768579286,-0.13108724331764515
8667_TAF6L_P1P2_ENSG00000162227,TAF6L,0.30596497542695267,0.12573166694924603,-0.1802333084777066
5828_NSMCE1_P1P2_ENSG00000169189,NSMCE1,0.3059569037129689,0.1571277480401493,-0.1488291556728196
4780_MAK16_P1P2_ENSG00000198042,MAK16,0.30591352508104297,0.14480950420230118,-0.16110402087874176
6535_POLR1C_P2_ENSG00000171453,POLR1C,0.305891212817921,0.14393755903795374,-0.1619536537799672
2491_EEFSEC_P1P2_ENSG00000132394,EEFSEC,0.30573683379204586,0.15245517152291863,-0.15328166226912726
6963_PWP2_P1P2_ENSG00000241945,PWP2,0.30568989782309897,0.11606760804450422,-0.18962228977859472
2104_DDX17_P1P2_ENSG00000100201,DDX17,0.3056717182902651,0.1754305229248961,-0.13024119536536902
4691_LSM2_P1P2_ENSG00000204392,LSM2,0.30560780428373224,0.09917568887705155,-0.20643211540668066
3789_HIST2H2BF_P1P2_ENSG00000203814,HIST2H2BF,0.30558265221753417,0.12564689450271987,-0.1799357577148143
4281_KAT8_P1_ENSG00000103510,KAT8,0.3051404524504399,0.1973159428714578,-0.10782450957898214
2313_DNM2_P1P2_ENSG00000079805,DNM2,0.3051068327256017,0.10504517160365137,-0.20006166112195034
8651_TAF10_P1P2_ENSG00000166337,TAF10,0.30500681716214345,0.09521560458900806,-0.2097912125731354
9042_TMEM214_P1P2_ENSG00000119777,TMEM214,0.3049472706162508,0.08212835355761708,-0.22281891705863371
7500_RPS12_P1P2_ENSG00000112306,RPS12,0.30493368499660967,0.10631675830163845,-0.19861692669497122
713_AURKAIP1_P1P2_ENSG00000175756,AURKAIP1,0.30477223902423733,0.1453746538458609,-0.15939758517837643
1424_CDK12_P1P2_ENSG00000167258,CDK12,0.30471121633989035,0.18082972041240117,-0.12388149592748919
5649_NFKBIE_P1P2_ENSG00000146232,NFKBIE,0.3046680056081979,0.12828493230315913,-0.17638307330503877
9_AAR2_P1P2_ENSG00000131043,AAR2,0.3040333369098998,0.18266847514553672,-0.1213648617643631
373_AP2A1_P1P2_ENSG00000196961,AP2A1,0.303943684503314,0.15342601787489865,-0.15051766662841534
1544_CHAF1A_P1P2_ENSG00000167670,CHAF1A,0.30391684020782717,0.11963612436521781,-0.18428071584260938
7411_ROMO1_P1P2_ENSG00000125995,ROMO1,0.3037667899453568,0.10948765148028938,-0.1942791384650674
1385_CDAN1_P1P2_ENSG00000140326,CDAN1,0.30375000704366073,0.18253929808415964,-0.1212107089595011
8206_SNAPC2_P1P2_ENSG00000104976,SNAPC2,0.3034762130183135,0.1058666569783887,-0.1976095560399248
6608_PPARGC1B_P1P2_ENSG00000155846,PPARGC1B,0.303234245418448,0.1445894995196314,-0.15864474589881664
3473_GON4L_P1_ENSG00000116580,GON4L,0.3028771517854659,0.11178861788618094,-0.19108853389928498
3554_GSPT1_P1P2_ENSG00000103342,GSPT1,0.3027655287337999,0.08813105012877007,-0.21463447860502985
6152_PDCD11_P1P2_ENSG00000148843,PDCD11,0.30206636655469465,0.14450069028993667,-0.15756567626475798
6698_PPP4R2_P1P2_ENSG00000163605,PPP4R2,0.30202537644156,0.17275211729277182,-0.12927325914878823
6866_PSMD12_P1P2_ENSG00000197170,PSMD12,0.30195761505695484,0.1200680601642174,-0.18188955489273745
5488_NCAPD3_P1P2_ENSG00000151503,NCAPD3,0.3019398712079664,0.13219253840999703,-0.16974733279796939
2292_DNAJC19_P1P2_ENSG00000205981,DNAJC19,0.30166981752829447,0.11581530909649344,-0.185854508431801
7203_RCCD1_P2_ENSG00000166965,RCCD1,0.30154123863858145,0.09661838673997444,-0.204922851898607
2793_EXOSC6_P1P2_ENSG00000223496,EXOSC6,0.30146848123117487,0.10179757954481078,-0.19967090168636406
2724_ERVW-1_ENST00000603053.1_ENSG00000242950,ERVW-1,0.30135543133157383,0.16154600721778006,-0.13980942411379377
8387_SPTLC1_P1P2_ENSG00000090054,SPTLC1,0.3010537483015008,0.17166218583735401,-0.12939156246414674
1828_CPEB1_ENST00000568128.1_ENSG00000214575,CPEB1,0.30098301215109324,0.09651544876918389,-0.20446756338190936
5955_OR4K1_ENST00000285600.4_ENSG00000155249,OR4K1,0.300970452080235,0.12060091554242693,-0.18036953653780807
8772_TCERG1_P1P2_ENSG00000113649,TCERG1,0.30067550691107614,0.07571996027805074,-0.22495554663302542
8886_THG1L_P1P2_ENSG00000113272,THG1L,0.300661714259853,0.0704721421593519,-0.23018957210050112
3664_HDAC3_P1P2_ENSG00000171720,HDAC3,0.30059053079038245,0.11874399528504012,-0.18184653550534233
4746_MAD2L1_P1P2_ENSG00000164109,MAD2L1,0.30050476463272574,0.14289606898055263,-0.15760869565217311
1478_CENPC_P1P2_ENSG00000145241,CENPC,0.30046749309986287,0.17494409055311777,-0.12552340254674507
8499_STAT5B_P1P2_ENSG00000173757,STAT5B,0.30010458822645864,0.1370467701697874,-0.16305781805667124
1717_CNOT2_P1P2_ENSG00000111596,CNOT2,0.3000558093492868,0.1811789021564505,-0.11887690719283628
7917_SIN3A_P2_ENSG00000169375,SIN3A,0.2999582972385867,0.15654241448075845,-0.1434158827578282
2858_FAM136A_P1P2_ENSG00000035141,FAM136A,0.29989403330725617,0.1400339897142826,-0.15986004359297357
7569_RRS1_P1P2_ENSG00000179041,RRS1,0.29975449948549093,0.1466664244596789,-0.15308807502581206
5667_NHP2_P1P2_ENSG00000145912,NHP2,0.29951056301606827,0.13042644577390464,-0.16908411724216363
5739_NOLC1_P1P2_ENSG00000166197,NOLC1,0.2991791729932493,0.10924140770702372,-0.18993776528622558
7163_RBM19_P1P2_ENSG00000122965,RBM19,0.2988386352305548,0.20129217429216067,-0.09754646093839414
9628_USF2_P1P2_ENSG00000105698,USF2,0.29864999963989847,0.13729503233463283,-0.1613549673052656
8232_SNRPF_P1P2_ENSG00000139343,SNRPF,0.29864982030706255,0.08135530958089504,-0.21729451072616748
8185_SMNDC1_P1P2_ENSG00000119953,SMNDC1,0.298128620578761,0.1611584760336256,-0.13697014454513542
9258_TRIAP1_P1P2_ENSG00000170855,TRIAP1,0.29790271959125136,0.12386061795077644,-0.1740421016404749
6670_PPP1R37_P1P2_ENSG00000104866,PPP1R37,0.297597291613536,0.20269293805153127,-0.09490435356200475
4145_INTS12_P1P2_ENSG00000138785,INTS12,0.297553492087795,0.15632442818966602,-0.14122906389812898
8272_SON_P2_ENSG00000159140,SON,0.2974327646533508,0.11376866003019848,-0.1836641046231523
6258_PGK1_P1P2_ENSG00000102144,PGK1,0.29733708769404127,0.14273257926224084,-0.15460450843180043
5928_OGFOD1_P1P2_ENSG00000087263,OGFOD1,0.29704830635286905,0.1352201257861621,-0.16182818056670692
6479_PMPCA_P1P2_ENSG00000165688,PMPCA,0.29704732254038824,0.1319604233778286,-0.16508689916255964
5950_OR1E2_ENST00000248384.1_ENSG00000127780,OR1E2,0.2962173965690255,0.1704107830552032,-0.1258066135138223
4226_ITGB1BP1_P1P2_ENSG00000119185,ITGB1BP1,0.2958562777012598,0.06385989132979569,-0.23199638637146408
2612_EMC3_P1_ENSG00000125037,EMC3,0.2958350923753714,0.1372405357618636,-0.1585945566135078
6249_PFN1_P1P2_ENSG00000108518,PFN1,0.2955617815009236,0.09931092111318204,-0.19625086038774156
6154_PDCD2_P1P2_ENSG00000071994,PDCD2,0.2952833575569014,0.15051953399375625,-0.14476382356314516
6979_PYROXD1_P1P2_ENSG00000121350,PYROXD1,0.29523476568255025,0.11890546661177112,-0.17632929907077913
2286_DNAJC11_P1P2_ENSG00000007923,DNAJC11,0.2951934186982414,0.15163772293134972,-0.14355569576689167
6795_PRPF38B_P1P2_ENSG00000134186,PRPF38B,0.29512704641948784,0.15693801923123668,-0.13818902718825116
8228_SNRPD1_P1P2_ENSG00000167088,SNRPD1,0.2951117600612334,0.109414989383258,-0.18569677067797538
2600_ELOVL1_P1P2_ENSG00000066322,ELOVL1,0.2948259364672162,0.10146454493343346,-0.1933613915337828
5083_MIS18A_P1P2_ENSG00000159055,MIS18A,0.2945066293556422,0.09949257635575498,-0.19501405299988725
7435_RPL13A_P1_ENSG00000142541,RPL13A,0.29438475249499596,0.11313690346436728,-0.18124784903062868
5741_NOMO1_P1P2_ENSG00000103512,NOMO1,0.2941786676983914,0.1346125899193416,-0.15956607777904977
1479_CENPE_P1P2_ENSG00000138778,CENPE,0.29400380583004126,0.10651456067688936,-0.1874892451531519
9790_WBP11_P1_ENSG00000084463,WBP11,0.29393035100432485,0.1630295250321021,-0.13090082597222272
5084_MIS18BP1_P1P2_ENSG00000129534,MIS18BP1,0.29383301724237143,0.1385868029484745,-0.1552462142938969
8659_TAF1D_P2_ENSG00000166012,TAF1D,0.2935221499459394,0.11925061157264677,-0.17427153837329265
4953_MED30_P1P2_ENSG00000164758,MED30,0.29340075148948563,0.1380398188291712,-0.1553609326603144
6778_PRMT5_P2_ENSG00000100462,PRMT5,0.2933468094418479,0.17583218285013347,-0.1175146265917144
9779_INTS14_P1P2_ENSG00000138614,INTS14,0.2932296790546596,0.12744729979574454,-0.16578237925891506
2654_ENY2_P1P2_ENSG00000120533,ENY2,0.29314691981885654,0.10593730068383117,-0.1872096191350254
4503_LAMTOR1_P1P2_ENSG00000149357,LAMTOR1,0.2929325771737851,0.21021346509394087,-0.08271911207984427
3599_GUCD1_P1P2_ENSG00000138867,GUCD1,0.2927505194164197,0.07741339081712509,-0.21533712859929463
5228_MRPL45_P1P2_ENSG00000278845,MRPL45,0.2926945104971299,0.14095437627663843,-0.15174013422049148
8601_SUPV3L1_P1P2_ENSG00000156502,SUPV3L1,0.29248819719299424,0.15171442181155698,-0.1407737753814373
5809_NRBP1_P1P2_ENSG00000115216,NRBP1,0.2922209822744294,0.13720420471335112,-0.15501677756107826
2974_FARSB_P1P2_ENSG00000116120,FARSB,0.2921788366570155,0.14204834451523093,-0.1501304921417846
7051_RABGGTB_P1P2_ENSG00000137955,RABGGTB,0.2919210946276696,0.06577534494312035,-0.2261457496845492
7362_RNF168_P1P2_ENSG00000163961,RNF168,0.29187186874980753,0.1410674062053556,-0.15080446254445196
2918_FAM32A_P1P2_ENSG00000105058,FAM32A,0.29168410721855487,0.15713380321489484,-0.13455030400366005
7814_SETD1A_P1P2_ENSG00000099381,SETD1A,0.29160976719026366,0.11263836074308957,-0.17897140644717408
7451_RPL24_P1P2_ENSG00000114391,RPL24,0.29152063046686644,0.12679939609724664,-0.1647212343696198
9341_TSG101_P1P2_ENSG00000074319,TSG101,0.29117323799906103,0.13277585357781474,-0.15839738442124632
7312_RIOK2_P1P2_ENSG00000058729,RIOK2,0.29114820167718314,0.1644847853642436,-0.12666341631293954
8894_THRAP3_P1P2_ENSG00000054118,THRAP3,0.291085815820229,0.08161366370366802,-0.209472152116561
7495_RPRD1B_P1P2_ENSG00000101413,RPRD1B,0.2910526020255013,0.10955022161940137,-0.18150238040609998
8124_PRELID3B_P1P2_ENSG00000101166,PRELID3B,0.290611453045753,0.1402479392221926,-0.15036351382356036
5098_MKRN1_P1P2_ENSG00000133606,MKRN1,0.2905667579267682,0.11749259250288646,-0.17307416542388177
2353_DPM2_P1P2_ENSG00000136908,DPM2,0.290552699604789,0.14335828065332093,-0.1471944189514681
5732_NOL10_P1P2_ENSG00000115761,NOL10,0.2899917303611583,0.11666303356181287,-0.1733286967993454
7322_RMI1_P1P2_ENSG00000178966,RMI1,0.28977328198993724,0.15367428003972752,-0.13609900195020974
5285_MSL1_P1P2_ENSG00000188895,MSL1,0.28956000159375916,0.14566732062554466,-0.14389268096821448
8266_SOD1_P1P2_ENSG00000142168,SOD1,0.28939254551138804,0.17137961101558039,-0.11801293449580766
5740_NOM1_P1P2_ENSG00000146909,NOM1,0.28937470713351376,0.16684832190924642,-0.12252638522426731
8233_SNRPG_P1P2_ENSG00000143977,SNRPG,0.28932474597948005,0.10477874391454864,-0.1845460020649314
6213_PELO_P2_ENSG00000152684,PELO,0.28922635729128343,0.07066994453459782,-0.21855641275668564
10029_ZC3H8_P1P2_ENSG00000144161,ZC3H8,0.289220670159826,0.16965186781958058,-0.11956880234024543
2422_DYNC1I2_P1P2_ENSG00000077380,DYNC1I2,0.2889791148865578,0.06593076109509889,-0.22304835379145893
8653_TAF12_P1P2_ENSG00000120656,TAF12,0.2889349206317763,0.08534566974269628,-0.20358925088907998
2576_EIF5A_P1P2_ENSG00000132507,EIF5A,0.28889582124121843,0.10932214337038997,-0.17957367787082848
9758_VPS41_P2_ENSG00000006715,VPS41,0.2888273729447235,0.06343804748871726,-0.22538932545600626
7575_RSL1D1_P2_ENSG00000171490,RSL1D1,0.28875886516970184,0.18496742315983877,-0.1037914420098631
2557_EIF3M_P1P2_ENSG00000149100,EIF3M,0.2887423555219106,0.09765382162262556,-0.191088533899285
6846_PSMA6_P1P2_ENSG00000100902,PSMA6,0.2885989990396732,0.10159372199481534,-0.18700527704485784
8598_SUPT5H_P1P2_ENSG00000196235,SUPT5H,0.28831851531509695,0.14642623586116807,-0.14189227945392888
8546_STT3B_P1P2_ENSG00000163527,STT3B,0.288219980463134,0.12652085805863417,-0.16169912240449985
8916_TIMM13_P1P2_ENSG00000099800,TIMM13,0.2882156275030886,0.1568451732183666,-0.13137045428472197
9629_ATP5MD_P1P2_ENSG00000173915,ATP5MD,0.2881406708951823,0.1474636891354097,-0.1406769817597726
3891_HOXA3_P2_ENSG00000105997,HOXA3,0.28812288091054394,0.1196159404493782,-0.1685069404611657
2372_DRAP1_P1P2_ENSG00000175550,DRAP1,0.2877076437881886,0.1572872009752981,-0.13042044281289045
7537_RPS7_P1P2_ENSG00000171863,RPS7,0.2876940669962529,0.1006672802577021,-0.1870267867385508
8222_SNRNP70_P1P2_ENSG00000104852,SNRNP70,0.2874409327729007,0.0997509304785172,-0.18769000229438354
6238_PFDN2_P1P2_ENSG00000143256,PFDN2,0.28732310681976375,0.13410597363174073,-0.15321713318802302
6800_PRPF4B_P1P2_ENSG00000112739,PRPF4B,0.286961885753113,0.14258523667659925,-0.14437664907651376
3875_HNRNPR_P1P2_ENSG00000125944,HNRNPR,0.28661145038690816,0.119452450731063,-0.16715899965584516
7493_RPP40_P1P2_ENSG00000124787,RPP40,0.28660476627375064,0.1676920095914083,-0.11891275668234234
1489_CENPP_P1P2_ENSG00000188312,CENPP,0.2865634273356736,0.14152356270334962,-0.14503986463232396
8425_SRRM2_P1P2_ENSG00000167978,SRRM2,0.28646548425889007,0.11520171805491841,-0.17126376620397163
4279_KAT7_P1P2_ENSG00000136504,KAT7,0.2863745820217058,0.12354978564681338,-0.16282479637489242
6564_POLR3K_P1P2_ENSG00000161980,POLR3K,0.2863171432154279,0.10569307530215098,-0.18062406791327693
7461_RPL34_P1P2_ENSG00000109475,RPL34,0.28605626537960066,0.10488370027692157,-0.1811725651026791
2614_EMC4_P1P2_ENSG00000128463,EMC4,0.2859153938553112,0.11249707333220352,-0.17341832052310768
8347_SPEN_P1P2_ENSG00000065526,SPEN,0.2856990155105533,0.11865114927216722,-0.16704786623838613
4593_LIN52_P1P2_ENSG00000205659,LIN52,0.2856865597803745,0.13433001509757253,-0.15135654468280196
7755_SEC63_P1P2_ENSG00000025796,SEC63,0.28565116389062417,0.1681723867884184,-0.11747877710220579
4100_ILF3_P1P2_ENSG00000129351,ILF3,0.2852656891295863,0.10161592430224084,-0.18364976482734546
112_ACTR2_P1P2_ENSG00000138071,ACTR2,0.28518495199012106,0.142916252896398,-0.14226869909372306
8227_SNRPC_P1P2_ENSG00000124562,SNRPC,0.2851321540141438,0.10794963709319273,-0.1771825169209511
1334_CCNL1_P1P2_ENSG00000163660,CCNL1,0.28507989146072066,0.14634953698097375,-0.13873035447974688
6843_PSMA3_P1P2_ENSG00000100567,PSMA3,0.2849112944036056,0.07466837826272561,-0.21024291614087998
307_ANAPC2_P1P2_ENSG00000176248,ANAPC2,0.284426001154192,0.14017124034199874,-0.14425476081219324
8161_SMC6_P1P2_ENSG00000163029,SMC6,0.2840630428224794,0.18425089414747886,-0.09981214867500053
897_BRF2_P1P2_ENSG00000104221,BRF2,0.2839835159480642,0.130468831997165,-0.1535146839508992
6135_PCNA_P1P2_ENSG00000132646,PCNA,0.2836921263793108,0.15834080138219556,-0.12535132499711524
3543_GRSF1_P1P2_ENSG00000132463,GRSF1,0.2833229129323609,0.14085345669743007,-0.1424694562349308
1136_C9orf78_P1P2_ENSG00000136819,C9orf78,0.28318879243822387,0.14095235788505917,-0.1422364345531647
10706_ZRANB2_P1P2_ENSG00000132485,ZRANB2,0.28292988758189774,0.16322127223258598,-0.11970861534931175
9905_XRCC3_P1P2_ENSG00000126215,XRCC3,0.2827815048021731,0.1570752698589603,-0.1257062349432128
7713_SDAD1_P1P2_ENSG00000198301,SDAD1,0.282709437172059,0.07512655315232065,-0.20758288401973835
7482_RPLP0_P1P2_ENSG00000089157,RPLP0,0.28260280001301397,0.11092676467976695,-0.17167603533324705
5885_NUP107_P1P2_ENSG00000111581,NUP107,0.282572815598519,0.10683144815559292,-0.1757413674429261
9839_WDR74_P1_ENSG00000133316,WDR74,0.2824926622458716,0.11565989294451248,-0.16683276930135912
1918_CSTF3_P1P2_ENSG00000176102,CSTF3,0.2821282383400444,0.07878993387749102,-0.2033383044625534
7418_RPA1_P1P2_ENSG00000132383,RPA1,0.28165984943852923,0.0833010390679849,-0.19835881037054434
2610_EMC1_P1P2_ENSG00000127463,EMC1,0.2811554258681397,0.11244055836785202,-0.16871486750028766
1786_COPS8_P1P2_ENSG00000198612,COPS8,0.2811062121464827,0.09694738456818275,-0.1841588275782999
7643_SAMD4B_P1P2_ENSG00000179134,SAMD4B,0.28091902661631984,0.13214006022880978,-0.1487789663875101
2347_DPH2_P1P2_ENSG00000132768,DPH2,0.2806703589844704,0.08203550754474165,-0.19863485143972875
4693_LSM4_P1P2_ENSG00000130520,LSM4,0.2804081112032497,0.1527660038268724,-0.1276421073763773
5748_NOP2_P1P2_ENSG00000111641,NOP2,0.280313649168882,0.12267985887406258,-0.15763379029481941
9212_TPRKB_P1P2_ENSG00000144034,TPRKB,0.28005265700693066,0.1602078135975076,-0.11984484340942307
1261_CCDC144NL_P1_ENSG00000205212,CCDC144NL,0.27995482064416055,0.14227844115581365,-0.1376763794883469
2134_DDX5_P1P2_ENSG00000108654,DDX5,0.27993324035769845,0.12126698476518809,-0.15866625559251038
10040_ZCCHC9_P1P2_ENSG00000131732,ZCCHC9,0.27987669008250926,0.1944437716472683,-0.08543291843524092
4507_LAMTOR3_P1P2_ENSG00000109270,LAMTOR3,0.2798439609726764,0.13478617159559808,-0.14505778937707833
7466_RPL36_P1P2_ENSG00000130255,RPL36,0.2796559190964154,0.09334253719896027,-0.18631338189745517
1843_CPSF4_P1P2_ENSG00000160917,CPSF4,0.27964528245408393,0.1129451562638828,-0.1667001261902011
699_ATR_P1P2_ENSG00000175054,ATR,0.2793653713731593,0.10435891846504669,-0.1750064529081126
5163_MPHOSPH10_P1P2_ENSG00000124383,MPHOSPH10,0.27935222294242773,0.12244976223347326,-0.15690246070895447
2020_DAD1_P1P2_ENSG00000129562,DAD1,0.2793490581926533,0.17597347026102744,-0.10337558793162585
5599_NELFB_P1P2_ENSG00000188986,NELFB,0.279228068242247,0.15942265927127733,-0.1198054089709697
2550_EIF3F_P1P2_ENSG00000175390,EIF3F,0.27910891350116174,0.11151613502232433,-0.16759277847883744
9179_TOPBP1_P1P2_ENSG00000163781,TOPBP1,0.2790825135146211,0.12202590000080502,-0.1570566135138161
4148_INTS3_P1P2_ENSG00000143624,INTS3,0.27903078843872103,0.09285004965243902,-0.18618073878628202
9685_UTP23_P1P2_ENSG00000147679,UTP23,0.278858289937421,0.14375590379540348,-0.13510238614201756
9132_TNFSF10_P1P2_ENSG00000121858,TNFSF10,0.2786841248216634,0.1663174849226193,-0.11236663989904411
7460_RPL32_P1P2_ENSG00000144713,RPL32,0.27863387967573444,0.14897344604032098,-0.12966043363541346
5226_MRPL43_P1P2_ENSG00000055950,MRPL43,0.27856246607790847,0.06530102292085463,-0.21326144315705386
4329_KDM5C_P1P2_ENSG00000126012,KDM5C,0.27855986575186964,0.12917504299174642,-0.14938482276012324
6533_POLR1A_P1P2_ENSG00000068654,POLR1A,0.27855918321042483,0.09678793163303895,-0.18177125157738586
6110_PCBP1_P1P2_ENSG00000169564,PCBP1,0.27846909347021115,0.1610333357554077,-0.11743575771480345
2238_DLD_P1P2_ENSG00000091140,DLD,0.2784245843120955,0.09174195267275503,-0.18668263163934043
266_ALG14_P1P2_ENSG00000172339,ALG14,0.2782685084259967,0.08648807937930228,-0.19178042904669446
7729_SDR39U1_P1P2_ENSG00000100445,SDR39U1,0.27824688660586305,0.14649284278344787,-0.13175404382241515
3349_GFOD2_P1P2_ENSG00000141098,GFOD2,0.27803549316963755,0.156358740846595,-0.12167675232304255
1782_COPS6_P1P2_ENSG00000168090,COPS6,0.2778968292394494,0.10989536658028164,-0.16800146265916777
9925_YEATS2_P1P2_ENSG00000163872,YEATS2,0.2778246993812017,0.1057758293571036,-0.1720488700240981
3436_RACK1_P1P2_ENSG00000204628,RACK1,0.277582121598192,0.1669613518379548,-0.11062076976023723
139_ADAT2_P1P2_ENSG00000189007,ADAT2,0.2775583513151725,0.12336611201266023,-0.15419223930251222
9436_TUT1_P2_ENSG00000149016,TUT1,0.27735028879235524,0.08816536278570355,-0.18918492600665168
1568_CHEK1_P1P2_ENSG00000149554,CHEK1,0.27699401211362845,0.06964056482669748,-0.20735344728693098
158_ADNP2_P1P2_ENSG00000101544,ADNP2,0.27695193596016454,0.12714050427496032,-0.14981143168520425
1475_CENPA_P2_ENSG00000115163,CENPA,0.27693089054631,0.1115787051614318,-0.1653521853848782
6741_PRELID1_P1P2_ENSG00000169230,PRELID1,0.27687478944253785,0.09274105650688856,-0.18413373293564927
6628_PPIH_P1P2_ENSG00000171960,PPIH,0.2768390299378193,0.15345225696546916,-0.1233867729723501
1321_CCND1_P2_ENSG00000110092,CCND1,0.2767869625492152,0.13729301394304894,-0.13949394860616623
7480_RPL8_P1P2_ENSG00000161016,RPL8,0.27659604087020373,0.07787156570671874,-0.19872447516348496
3731_HINFP_P1P2_ENSG00000172273,HINFP,0.27650326440812456,0.128000339089794,-0.14850292531833056
5902_NUP88_P1P2_ENSG00000108559,NUP88,0.2764624593875534,0.13405753223371691,-0.14240492715383654
7656_SARS2_P1P2_ENSG00000104835,SARS2,0.27644762961023156,0.12013668547807613,-0.15631094413215543
7241_REV3L_P1P2_ENSG00000009413,REV3L,0.2760803768708151,0.13642510556188048,-0.13965527130893465
9820_WDR43_P1P2_ENSG00000163811,WDR43,0.27606456406246943,0.09733693414391587,-0.17872762991855357
6841_PSMA1_P1P2_ENSG00000129084,PSMA1,0.27586700298770017,0.0825522157902735,-0.1933147871974267
7331_RNASEH2C_P1P2_ENSG00000172922,RNASEH2C,0.27586526887744345,0.11304405745150051,-0.1628212114259429
4506_LAMTOR2_P1P2_ENSG00000116586,LAMTOR2,0.2757461339914756,0.17518831593480827,-0.1005578180566673
1415_CDCA5_P1P2_ENSG00000146670,CDCA5,0.2756230978349503,0.1050512267784027,-0.17057187105654759
3985_HSPD1_P1P2_ENSG00000144381,HSPD1,0.2755399735949077,0.14935694044130235,-0.1261830331536053
10136_ZMAT2_P1_ENSG00000146007,ZMAT2,0.27553216911464984,0.10582427075512305,-0.16970789835952677
5731_NOC4L_P1P2_ENSG00000184967,NOC4L,0.27552802414134864,0.13880882602273173,-0.1367191981186169
9461_TXN_P1P2_ENSG00000136810,TXN,0.2755208706253559,0.09622681877265678,-0.17929405185269912
1605_CHTF8_P1P2_ENSG00000168802,CHTF8,0.27544301328866033,0.15550496120652413,-0.11993805208213622
9749_VPS33A_P1P2_ENSG00000139719,VPS33A,0.27504735345901643,0.11585769531975426,-0.1591896581392622
4250_JAZF1_P1P2_ENSG00000153814,JAZF1,0.2748929769801578,0.13630602045842152,-0.13858695652173628
5903_NUP93_P1P2_ENSG00000102900,NUP93,0.2747669620636596,0.15567854288275484,-0.11908841918090471
8159_SMC4_P2_ENSG00000113810,SMC4,0.274721886918841,0.11985209226471694,-0.15486979465412404
5222_MRPL3_P1P2_ENSG00000114686,MRPL3,0.27409232937987493,0.13864937308757957,-0.13544295629229539
4624_LONP1_P1P2_ENSG00000196365,LONP1,0.27339185919410114,0.1135103059074282,-0.15988155328667297
7442_RPL18A_P1P2_ENSG00000105640,RPL18A,0.27327641472655473,0.1356036201871536,-0.13767279453940115
3531_GRB2_P1_ENSG00000177885,GRB2,0.2731742790646703,0.14367516813201994,-0.12949911093265037
261_ALDOA_P1P2_ENSG00000149925,ALDOA,0.2730886922109227,0.14124502466475103,-0.13184366754617166
5202_MRPL19_P1P2_ENSG00000115364,MRPL19,0.2728570666103403,0.087016897974342,-0.1858401686359983
3339_GEMIN8_P1P2_ENSG00000046647,GEMIN8,0.2727636979389463,0.1557330394555273,-0.11703065848341895
8658_TAF1C_P1P2_ENSG00000103168,TAF1C,0.2727054289513324,0.16107370358710932,-0.11163172536422307
332_ANKRD17_P1P2_ENSG00000132466,ANKRD17,0.27259508256069187,0.0976639135805456,-0.17493116898014627
7228_RELL2_P1P2_ENSG00000164620,RELL2,0.27240249088086593,0.10483122209573803,-0.1675712687851279
6006_OXA1L_P1P2_ENSG00000155463,OXA1L,0.2722741785591569,0.11270093088220359,-0.15957324767695336
10073_ZFC3H1_P1P2_ENSG00000133858,ZFC3H1,0.27209583776123375,0.11246881585002183,-0.15962702191121192
7645_SAMM50_P1P2_ENSG00000100347,SAMM50,0.27197488069045367,0.09084175002623712,-0.18113313066421655
7504_RPS15_P1P2_ENSG00000115268,RPS15,0.27187843499647835,0.08708148650503374,-0.18479694849144462
1348_CCT4_P1P2_ENSG00000115484,CCT4,0.2715767813439,0.10696668039174008,-0.16461010095215992
2105_DDX18_P1P2_ENSG00000088205,DDX18,0.27153658170185907,0.14191916745384084,-0.12961741424801823
5114_MLLT6_P1P2_ENSG00000275023,MLLT6,0.27152264207643184,0.09026045325001192,-0.1812621888264199
6855_PSMB6_P1_ENSG00000142507,PSMB6,0.27148013906686075,0.11419050387126742,-0.15728963519559333
6747_PRIM1_P1P2_ENSG00000198056,PRIM1,0.2713723083430638,0.11023243797482957,-0.16113987036823424
8040_SLC35A4_P1P2_ENSG00000176087,SLC35A4,0.27123726611985294,0.11663275768805838,-0.15460450843179457
7607_RUVBL1_P1P2_ENSG00000175792,RUVBL1,0.27101459514930504,0.11278570332873156,-0.1582288918205735
1389_CDC16_P1P2_ENSG00000130177,CDC16,0.27092275312245373,0.13374468153819602,-0.1371780715842577
9958_YY1_P1P2_ENSG00000100811,YY1,0.27071787097880096,0.10686777920410945,-0.16385009177469154
2460_ECD_P1P2_ENSG00000122882,ECD,0.2703757660219731,0.13343788601738932,-0.13693788000458376
5747_NOP16_P1P2_ENSG00000048162,NOP16,0.27033634973098664,0.12469421367500416,-0.14564213605598245
6856_PSMB7_P1P2_ENSG00000136930,PSMB7,0.2702822472215716,0.16085168051284784,-0.10943056670872378
3214_FTSJ3_P1P2_ENSG00000108592,FTSJ3,0.27027098080147693,0.08556365603377919,-0.18470732476769777
7474_RPL4_P1P2_ENSG00000174444,RPL4,0.2702594084793999,0.08589265386198702,-0.1843667546174129
1788_COPZ1_P1_ENSG00000111481,COPZ1,0.2702431393795715,0.08842169851688476,-0.18182144086268676
1016_C19orf25_P1P2_ENSG00000119559,C19orf25,0.27020866426376255,0.14273863443698862,-0.12747002982677397
9910_XRN1_P1P2_ENSG00000114127,XRN1,0.2701556644370572,0.09976304082802356,-0.17039262360903362
6801_PRPF4_P1P2_ENSG00000136875,PRPF4,0.26957979299993295,0.0892532758495409,-0.18032651715039205
4939_MED17_P1P2_ENSG00000042429,MED17,0.26950853992177237,0.17225962974625592,-0.09724891017551644
5598_NELFA_P1P2_ENSG00000185049,NELFA,0.26949070475659515,0.0776636713735496,-0.19182703338304555
7454_RPL27A_P1P2_ENSG00000166441,RPL27A,0.26881462137557316,0.14596200579682805,-0.12285261557874509
5192_MRM1_P1P2_ENSG00000278619,MRM1,0.2686172461748332,0.08707543133028081,-0.18154181484455234
5201_MRPL18_P1P2_ENSG00000112110,MRPL18,0.2683711676968902,0.1196280507988765,-0.1487431168980137
6876_PSMD8_P1P2_ENSG00000099341,PSMD8,0.26834583901852593,0.09722188582362365,-0.1711239531949023
8080_SLC39A9_P1P2_ENSG00000029364,SLC39A9,0.26832564607237225,0.10035644795375492,-0.16796919811861732
6870_PSMD2_P1P2_ENSG00000175166,PSMD2,0.2682796566658606,0.11149191432331812,-0.1567877423425425
1892_CSDE1_P1P2_ENSG00000009307,CSDE1,0.2675178114686871,0.0822333099199886,-0.1852845015486985
4994_METTL16_P1P2_ENSG00000127804,METTL16,0.26732098931696835,0.10257466030469811,-0.16474632901227024
7927_SIRT7_P1P2_ENSG00000187531,SIRT7,0.2671434623184776,0.12172717804636604,-0.14541628427211153
3658_HCFC1_P1P2_ENSG00000172534,HCFC1,0.2666877816776287,0.11448518904255273,-0.15220259263507596
10231_ZNF236_P1P2_ENSG00000130856,ZNF236,0.26652621897683715,0.09255940126432269,-0.17396681771251443
8418_SRP9_P1P2_ENSG00000143742,SRP9,0.2662853886469639,0.16586738359935727,-0.10041800504760663
1742_COG3_P1P2_ENSG00000136152,COG3,0.26611189377177225,0.14899161156459384,-0.11712028220717842
2552_EIF3H_P1P2_ENSG00000147677,EIF3H,0.26607485728762637,0.0917136951905747,-0.17436116209705163
2779_EXOC2_P1P2_ENSG00000112685,EXOC2,0.2660114756645792,0.17402168559919257,-0.09198979006538667
681_ATP6V1C1_P1P2_ENSG00000155097,ATP6V1C1,0.2658678408633433,0.14698734872155636,-0.11888049214178695
7407_RNPS1_P1P2_ENSG00000205937,RNPS1,0.26558645564109135,0.1309572827605164,-0.13462917288057494
7400_RNGTT_P1P2_ENSG00000111880,RNGTT,0.2655403991729137,0.18875796255481106,-0.07678243661810268
1399_CDC40_P1P2_ENSG00000168438,CDC40,0.2650964057880696,0.12581038422102186,-0.13928602156704775
9843_WDR77_P1P2_ENSG00000116455,WDR77,0.26496723654139437,0.15660498461986339,-0.10836225192153098
4685_LSM10_P1P2_ENSG00000181817,LSM10,0.2649218475062513,0.17034013934977493,-0.09458170815647639
1943_CTR9_P1P2_ENSG00000198730,CTR9,0.2648999514481136,0.08496419373329667,-0.17993575771481696
8235_SNTB2_P1P2_ENSG00000168807,SNTB2,0.2648376727103931,0.16579270311076144,-0.09904496959963167
5869_NUDT21_P1P2_ENSG00000167005,NUDT21,0.26461992682252966,0.09280766342916356,-0.17181226339336608
8793_TCP1_P1P2_ENSG00000120438,TCP1,0.26442980600526306,0.16546370528253865,-0.09896610072272441
3971_HSPA14_P1P2_ENSG00000284024,HSPA14,0.2642693852053868,0.13163344394119272,-0.13263594126419406
5834_NSUN4_P1P2_ENSG00000117481,NSUN4,0.26418104474175874,0.1568835226584789,-0.10729752208327983
1268_CCDC174_P1P2_ENSG00000154781,CCDC174,0.26411094080033715,0.10847038212189287,-0.15564055867844429
5413_MZF1_P1P2_ENSG00000099326,MZF1,0.2640204782122399,0.12508578164232745,-0.13893469656991245
1668_CLOCK_P1P2_ENSG00000134852,CLOCK,0.2637648745445261,0.10225575443440421,-0.16150912011012186
6536_POLR1C_P1_ENSG00000171453,POLR1C,0.26372409513879713,0.14022977369793738,-0.12349432144085977
9423_TUBE1_P1P2_ENSG00000074935,TUBE1,0.26372372501157987,0.09966212124881954,-0.16406160376276033
674_ATP6V0B_P1P2_ENSG00000117410,ATP6V0B,0.2635675001542107,0.10398349763041143,-0.1595840025237993
3632_HARS_P1P2_ENSG00000170445,HARS,0.2634034974733767,0.06747886744010881,-0.1959246300332679
2350_DPH6_P1P2_ENSG00000134146,DPH6,0.2631713078542651,0.15820758753764336,-0.10496372031662174
9587_UMPS_P1P2_ENSG00000114491,UMPS,0.263085478281791,0.12678930413931822,-0.1362961741424728
1999_CYC1_P1P2_ENSG00000179091,CYC1,0.2629833936469981,0.12104092490776144,-0.14194246873923666
9410_TUBA3D_ENST00000321253.6_ENSG00000075886,TUBA3D,0.26294993669941896,0.13216024414464558,-0.13078969255477338
4464_KPNB1_P1P2_ENSG00000108424,KPNB1,0.2626925973295609,0.10111536318938057,-0.16157723414018033
1255_CCDC130_P1_ENSG00000104957,CCDC130,0.26268887252647966,0.10510168656801086,-0.15758718595846882
5810_NRDE2_P1P2_ENSG00000119720,NRDE2,0.2624982004257448,0.13236813847782838,-0.13013006194791638
5203_MRPL1_P1P2_ENSG00000169288,MRPL1,0.2624019324727042,0.1458409023017793,-0.11656103017092494
5162_MPG_P1P2_ENSG00000103152,MPG,0.2621062260362573,0.10889626274614018,-0.15320996329011707
3451_GNPNAT1_P1P2_ENSG00000100522,GNPNAT1,0.2620099031198858,0.16320512509992566,-0.09880477801996018
1011_C18orf21_P1P2_ENSG00000141428,C18orf21,0.2619614083214246,0.1601775377237438,-0.10178387059768083
7515_RPS26_P1P2_ENSG00000197728,RPS26,0.26169983934797636,0.1179648961335718,-0.14373494321440455
9523_UBE2Z_P1P2_ENSG00000159202,UBE2Z,0.2614818762983814,0.13286466280750467,-0.12861721349087668
7887_SH3KBP1_P1P2_ENSG00000147010,SH3KBP1,0.26095684537132774,0.11600301951381244,-0.14495382585751532
9631_USP10_P1P2_ENSG00000103194,USP10,0.2608484965331087,0.13679850800495053,-0.1240499885281582
3710_HEXIM1_P1P2_ENSG00000186834,HEXIM1,0.26077038296115274,0.12934256949322465,-0.13142781346792812
3403_GLRX3_P1P2_ENSG00000108010,GLRX3,0.26075438112396737,0.1394648032875619,-0.12128957783640548
1298_CCDC84_P1P2_ENSG00000186166,CCDC84,0.2605835778041562,0.1678696280508019,-0.09271394975335431
2791_EXOSC4_P1P2_ENSG00000178896,EXOSC4,0.26055877977267594,0.10270989254083035,-0.1578488872318456
1747_COG8_P1P2_ENSG00000213380,COG8,0.2605343413619955,0.12265361978347658,-0.13788072157851888
8307_SP2_P1P2_ENSG00000167182,SP2,0.2605045391457106,0.0941700777484373,-0.16633446139727331
6513_POLA2_P1P2_ENSG00000014138,POLA2,0.2602235535149733,0.12604249925319533,-0.13418105426177795
645_ATP1A1_P1P2_ENSG00000163399,ATP1A1,0.26021404053929775,0.14491849734783885,-0.11529554319145889
9709_VBP1_P1P2_ENSG00000155959,VBP1,0.2601170454142108,0.12717279854029873,-0.1329442468739121
1211_CAST_P2_ENSG00000153113,CAST,0.26000485626010883,0.05689240358143406,-0.20311245267867475
6556_POLR3B_P1P2_ENSG00000013503,POLR3B,0.2595964396318763,-0.11029500811393327,-0.36989144774580957
7393_RNF4_P1P2_ENSG00000063978,RNF4,0.2593556134698197,0.0961723221998866,-0.1631832912699331
2336_DONSON_P1P2_ENSG00000159147,DONSON,0.25933531389645553,0.08848023187282553,-0.17085508202363
4380_KIF18B_P1P2_ENSG00000186185,KIF18B,0.258889362380037,0.08620954134069421,-0.17267982103934282
4480_KRTAP4-2_P1P2_ENSG00000244537,KRTAP4-2,0.2586574897192566,0.12470228724134425,-0.13395520247791237
"8340_SPDYE2_ENST00000432940.1,ENST00000507918.1_ENSG00000205238",SPDYE2,0.2586523495297759,0.1407828129919868,-0.11786953653778906
880_BPTF_P1P2_ENSG00000171634,BPTF,0.2583944644335694,0.15856080606486972,-0.09983365836869969
5743_NOMO3_P1P2_ENSG00000103226,NOMO3,0.258362294306132,0.09512881375089821,-0.16323348055523376
3631_HARS2_P1P2_ENSG00000112855,HARS2,0.2582522459738605,0.09265628406035761,-0.16559596191350287
2640_ENO1_P1P2_ENSG00000074800,ENO1,0.258054822842977,0.12743720783781803,-0.13061761500515898
7062_RAD21_P1P2_ENSG00000164754,RAD21,0.2580348782884232,0.08386013353678662,-0.1741747447516366
5550_NDUFAF7_P1P2_ENSG00000003509,NDUFAF7,0.25796076986458644,0.12992790305262003,-0.1280328668119664
5249_MRPS18B_P1P2_ENSG00000204568,MRPS18B,0.25781957232272235,0.1104100564342308,-0.14740951588849155
5959_OR7A10_ENST00000248058.1_ENSG00000127515,OR7A10,0.2577938329386029,0.10167647604976587,-0.15611735688883704
8154_SMARCE1_P1P2_ENSG00000073584,SMARCE1,0.2577822724543445,0.10347889973438004,-0.15430337271996447
3769_HIST1H2BM_P1P2_ENSG00000273703,HIST1H2BM,0.2566169259866622,0.11052308636294148,-0.14609383962372074
6098_PAXBP1_P1P2_ENSG00000159086,PAXBP1,0.2566106527239684,0.057699760215078624,-0.19891089250888977
10464_ZNF574_P2_ENSG00000105732,ZNF574,0.2565178314576377,0.11386554282623353,-0.14265228863140417
4499_LAMB1_P1P2_ENSG00000091136,LAMB1,0.25613859647186105,0.1222479230750555,-0.13389067339680555
3654_HBS1L_P1P2_ENSG00000112339,HBS1L,0.25596941001291956,0.07378230435730213,-0.18218710565561744
1898_CSNK1A1_P1P2_ENSG00000113712,CSNK1A1,0.25590995906680014,0.13066259758923393,-0.12524736147756618
1510_CEP68_P1P2_ENSG00000011523,CEP68,0.25566323269257907,0.15959018577277018,-0.09607304691980886
8644_TACC3_P2_ENSG00000013810,TACC3,0.2553641962110436,0.1433703910028347,-0.11199380520820894
9506_UBE2I_P1P2_ENSG00000103275,UBE2I,0.2553093707263364,0.11399068310445126,-0.14131868762188513
7996_SLC25A26_ENST00000354883.6_ENSG00000144741,SLC25A26,0.25506062436863775,0.10420955748783028,-0.15085106688080743
1842_CPSF3_P1P2_ENSG00000119203,CPSF3,0.254907286491975,0.09194984700591566,-0.16295743948605934
5144_MOG_P1P2_ENSG00000204655,MOG,0.25486004033743626,0.1679321981899094,-0.08692784214752687
507_ARL2_P1P2_ENSG00000213465,ARL2,0.25481728230824197,0.09104964435940413,-0.16376763794883784
5261_MRPS31_P1P2_ENSG00000102738,MRPS31,0.2545337798819004,0.09511468500980988,-0.15941909487209055
1793_COQ4_P1P2_ENSG00000167113,COQ4,0.2542965714037093,0.13389606090698855,-0.12040051049672079
8406_SRF_P1P2_ENSG00000112658,SRF,0.25393610326867894,0.1181203122855497,-0.13581579098312924
6268_PGS1_P1P2_ENSG00000087157,PGS1,0.2538598718231551,0.09737326519243389,-0.15648660663072123
7834_SF3A3_P1P2_ENSG00000183431,SF3A3,0.2537815310750622,0.12521092192054062,-0.12857060915452154
7526_RPS4X_P1P2_ENSG00000198034,RPS4X,0.2535326377721115,0.15154084013531377,-0.10199179763679773
9678_USPL1_P1P2_ENSG00000132952,USPL1,0.25329222521016137,0.09652957751026771,-0.15676264769989365
6927_PTPN1_P1P2_ENSG00000196396,PTPN1,0.2527009766196178,0.16717126456271808,-0.08552971205689976
2190_DHPS_P1P2_ENSG00000095059,DHPS,0.25233933630890315,0.09535083682515043,-0.1569884994837527
1893_CSE1L_P1P2_ENSG00000124207,CSE1L,0.2522717012908606,0.08345645521996443,-0.16881524607089615
5878_NUF2_P1P2_ENSG00000143228,NUF2,0.2522102121269864,0.11280588724457383,-0.13940432488241258
4434_KLHL17_P1P2_ENSG00000187961,KLHL17,0.2517335196755003,0.14797434220618907,-0.10375917746931118
785_BCAR1_P1_ENSG00000050820,BCAR1,0.2515803366456045,0.12809318510265558,-0.1234871515429489
5250_MRPS18C_P1P2_ENSG00000163319,MRPS18C,0.25144529291733786,0.09335262915687759,-0.15809266376046027
6700_PPP6C_P1P2_ENSG00000119414,PPP6C,0.251241508593954,0.12365676040077225,-0.12758474819318175
6794_PRPF38A_P1P2_ENSG00000134748,PRPF38A,0.2510354879647017,0.09627324177909116,-0.15476224618561055
7199_RCC1_P2_ENSG00000180198,RCC1,0.25098561329331437,0.10976013434414295,-0.1412254789491714
5707_NMD3_P1P2_ENSG00000169251,NMD3,0.25091629959147277,0.15787253453469136,-0.09304376505678139
5729_NOC2L_P1P2_ENSG00000188976,NOC2L,0.2507213641102692,0.12086734323152788,-0.1298540208787413
3124_FNBP4_P1P2_ENSG00000109920,FNBP4,0.2501836571075159,0.13015598130162448,-0.12002767580589144
5469_NASP_P1P2_ENSG00000132780,NASP,0.2494683649591271,0.12201984482606155,-0.12744852013306557
7181_RBM4_P2_ENSG00000173933,RBM4,0.24918793214586404,0.07294467184989155,-0.1762432602959725
2567_EIF4E_P1P2_ENSG00000151247,EIF4E,0.24884703774354294,0.07965178708390734,-0.16919525065963562
4795_MANF_P1P2_ENSG00000145050,MANF,0.24872722347093235,0.10430038510911359,-0.14442683836181874
8229_SNRPD2_P1P2_ENSG00000125743,SNRPD2,0.24865478820273762,0.07867084877402822,-0.1699839394287094
8136_SMAGP_P1P2_ENSG00000170545,SMAGP,0.24838533069761062,0.09921201992555945,-0.14917331077205118
5735_NOL6_P1P2_ENSG00000165271,NOL6,0.24819944437535016,0.12924366830560294,-0.11895577606974722
7198_RCC1_P1_ENSG00000180198,RCC1,0.2481056126107718,0.096921145477592,-0.15118446713317982
9903_XRCC1_P1P2_ENSG00000073050,XRCC1,0.24808590912515635,0.12858163586601254,-0.11950427325914381
5430_NAA38_P1P2_ENSG00000183011,NAA38,0.247560830846826,0.10582628914670555,-0.14173454170012045
9510_UBE2L3_P1P2_ENSG00000185651,UBE2L3,0.24753434808239988,0.10358789287992384,-0.14394645520247604
8597_SUPT4H1_P1P2_ENSG00000213246,SUPT4H1,0.2474543615011786,0.10383413665318038,-0.14362022484799822
3788_HIST2H2BE_P1P2_ENSG00000184678,HIST2H2BE,0.24740435968178004,0.09843897594884554,-0.1489653837329345
8744_TBRG4_P1P2_ENSG00000136270,TBRG4,0.24734846954588613,0.08202137880365858,-0.16532709074222757
1839_CPSF1_P1P2_ENSG00000071894,CPSF1,0.2472381357166761,0.08313351256650633,-0.16410462315016977
7492_RPP38_P1P2_ENSG00000152464,RPP38,0.24722117681061623,0.09026852681635371,-0.15695264999426253
84_ACIN1_P1_ENSG00000100813,ACIN1,0.24652872699336198,0.13981196664003198,-0.10671676035332998
6603_PPA1_P1P2_ENSG00000180817,PPA1,0.24622039533463957,0.1200660417726391,-0.12615435356200047
5738_NOL9_P1P2_ENSG00000162408,NOL9,0.2461015508370205,0.12483348269431477,-0.12126806814270576
7838_SF3B4_P1P2_ENSG00000143368,SF3B4,0.24595988603413738,0.12111762378795608,-0.1248422622461813
306_ANAPC1_P1P2_ENSG00000153107,ANAPC1,0.2459334381753586,0.14033876684348312,-0.10559467133187547
8887_THOC1_P1P2_ENSG00000079134,THOC1,0.2458052243188287,0.13784807162868506,-0.10795715269014364
2338_DPAGT1_P1P2_ENSG00000172269,DPAGT1,0.24555054298799547,0.09167736414206379,-0.15387317884593169
6360_PIK3R4_P1P2_ENSG00000196455,PIK3R4,0.24546244260922762,0.1364190503871351,-0.10904339222209251
8226_SNRPB_P1P2_ENSG00000125835,SNRPB,0.24530156699396705,0.10282494086112533,-0.14247662613284173
3994_HUWE1_P1P2_ENSG00000086758,HUWE1,0.24525116972194322,0.10016470075326382,-0.14508646896867938
1395_CDC26_P1P2_ENSG00000176386,CDC26,0.24523484117251335,0.10262915687746235,-0.142605684295051
5881_NUMA1_ENST00000393695.3_ENSG00000137497,NUMA1,0.24488582437646983,0.14481555937704615,-0.10007026499942369
7701_SCNM1_P1P2_ENSG00000163156,SCNM1,0.244840795975118,0.13192207393772282,-0.11291872203739517
9481_UBA52_P2_ENSG00000221983,UBA52,0.24461681607173785,0.1558642349084943,-0.08875258116324355
1588_CHMP6_P1P2_ENSG00000176108,CHMP6,0.24461547318836763,0.13541792816141726,-0.10919754502695035
8820_TERF2_P1P2_ENSG00000132604,TERF2,0.24434550630968616,0.10233850848935189,-0.14200699782033427
6032_PAF1_P1P2_ENSG00000006712,PAF1,0.24359817725999852,0.12925981543827472,-0.1143383618217238
4976_MEPCE_P1P2_ENSG00000146834,MEPCE,0.24323119169640262,0.1555756049119587,-0.0876555867844439
6193_PDPK1_P1P2_ENSG00000140992,PDPK1,0.2431996735173257,0.1488402321957718,-0.09435944132155387
9526_UBE3C_P1P2_ENSG00000009335,UBE3C,0.24304929170909395,0.09987001558198674,-0.1431792761271072
9594_UNC50_P1P2_ENSG00000115446,UNC50,0.24303847619702929,0.13388395055747793,-0.10915452563955137
2616_EMC7_P1P2_ENSG00000134153,EMC7,0.24289778073498788,0.12245783579980828,-0.12043994493517961
5535_NDUFA2_P1P2_ENSG00000131495,NDUFA2,0.24266546726738045,0.10180565311114773,-0.14085981415623272
141_ADAT3_P1_ENSG00000213638,ADAT3,0.24171173238174656,0.06684509248270096,-0.1748666398990456
8006_SLC25A3_P1P2_ENSG00000075415,SLC25A3,0.2416824896109642,0.1049381968496946,-0.1367442927612696
3818_HMBOX1_P1P2_ENSG00000147421,HMBOX1,0.24141957934604064,0.08098594392100786,-0.16043363542503278
8413_SRP14_P1P2_ENSG00000140319,SRP14,0.2413588522309195,0.08049143798289904,-0.16086741424802045
4910_MCRS1_P1P2_ENSG00000187778,MCRS1,0.24135228122825952,0.12447219060075429,-0.11688009062750522
3990_HTATSF1_P1P2_ENSG00000102241,HTATSF1,0.24097118420275052,0.1663719814953985,-0.07459920270735201
471_ARHGAP6_P1P2_ENSG00000047648,ARHGAP6,0.24085305474992208,0.12566506002697334,-0.11518799472294874
9192_TP53I13_P1P2_ENSG00000167543,TP53I13,0.24055958881611123,0.11208935823221033,-0.1284702305839009
9656_USP39_P1_ENSG00000168883,USP39,0.24051811361290396,0.07262778437118958,-0.16789032924171438
7929_SIRT7_P1P2_ENSG00000187531,SIRT7,0.23983182322424385,0.11620485867222716,-0.12362696455201667
7452_RPL26L1_P1P2_ENSG00000037241,RPL26L1,0.23902682651339716,0.12429053535818818,-0.11473629115520897
6686_PPP2R3C_P1P2_ENSG00000092020,PPP2R3C,0.23895828713226808,0.13186152219020217,-0.1070967649420659
8728_TBCC_P1P2_ENSG00000124659,TBCC,0.2388400904151658,0.06016623473086742,-0.17867385568429836
5426_NAA20_P1P2_ENSG00000173418,NAA20,0.23880704234990668,0.1087307546362472,-0.13007628771365948
4129_INO80E_P1P2_ENSG00000169592,INO80E,0.23871270975006714,0.11675991635785324,-0.12195279339221389
9188_TOX4_P1P2_ENSG00000092203,TOX4,0.23855446343313186,0.12375364319681356,-0.11480082023631831
6652_PPP1R10_P1P2_ENSG00000204569,PPP1R10,0.23836775908571264,0.08619743099118729,-0.15217032809452535
6922_PTPMT1_P1P2_ENSG00000110536,PTPMT1,0.23740241813008656,0.08098392552942398,-0.15641849260066257
825_BGLAP_P1P2_ENSG00000242252,BGLAP,0.2374021373798491,0.11816673529197666,-0.11923540208787244
5546_NDUFAF3_P1P2_ENSG00000178057,NDUFAF3,0.23712318660945117,0.10502498768781349,-0.13209819892163768
5470_NAT10_P1P2_ENSG00000135372,NAT10,0.23668762823518963,0.07607116041368811,-0.16061646782150152
5214_MRPL32_P1P2_ENSG00000106591,MRPL32,0.23647990602795696,0.08383994962094027,-0.1526399564070167
9611_UQCRC1_P2_ENSG00000010256,UQCRC1,0.23601356709520474,0.11978952212561057,-0.11622404496959417
6849_PSMB1_P1P2_ENSG00000008018,PSMB1,0.2359219267164585,0.0711038987251801,-0.16481802799127843
8184_SMN2_ENST00000380743.4_ENSG00000205571,SMN2,0.23588298778769268,0.09671526953600859,-0.13916771825168409
5896_NUP43_P1P2_ENSG00000120253,NUP43,0.23580877754125834,0.08059841273685422,-0.15521036480440412
9412_TUBB2A_P1P2_ENSG00000137267,TUBB2A,0.2357626207555145,0.11735534187516823,-0.11840727888034626
7343_RNF123_P1P2_ENSG00000164068,RNF123,0.2353170353142504,0.10258071547944592,-0.1327363198348045
4292_KCNA10_ENST00000369771.2_ENSG00000143105,KCNA10,0.23440928757753624,0.11977337499293544,-0.11463591258460079
5886_NUP133_P1P2_ENSG00000069248,NUP133,0.2339892665001189,0.10356165378932666,-0.13042761271079223
2310_DNLZ_P1P2_ENSG00000213221,DNLZ,0.23344725548051162,-0.06222499414666723,-0.29567224962717886
4945_MED22_P1P2_ENSG00000148297,MED22,0.23285984677165839,0.1116634776079693,-0.12119636916368907
5000_METTL23_P1P2_ENSG00000181038,METTL23,0.23274913045643397,0.08533961456794212,-0.14740951588849185
9477_UBA1_P2_ENSG00000130985,UBA1,0.23270670625953196,0.06651205787132411,-0.16619464838820786
8217_SNRNP25_P1P2_ENSG00000161981,SNRNP25,0.2326823832458696,0.10143023227650394,-0.13125215096936566
9942_YPEL1_P1P2_ENSG00000100027,YPEL1,0.23254698591702722,0.14614971621414818,-0.08639726970287905
7010_RAB18_P1P2_ENSG00000099246,RAB18,0.23249978995019843,0.06517588264263942,-0.16732390730755903
5555_NDUFB3_P1P2_ENSG00000119013,NDUFB3,0.23229816694052197,0.08882134005053718,-0.14347682688998478
7659_SART3_P1P2_ENSG00000075856,SART3,0.23227806308191445,0.09448696522714846,-0.137791097854766
8730_TBCE_P1P2_ENSG00000285053,TBCE,0.2320243833926714,0.1350909487247818,-0.0969334346678896
8008_SLC25A42_P1P2_ENSG00000181035,SLC25A42,0.23155233052692967,0.10470608181751634,-0.12684624870941333
3102_FKBP9_P1P2_ENSG00000122642,FKBP9,0.23150514729517135,0.08338581151452013,-0.14811933578065123
3588_GTF3C5_P1P2_ENSG00000148308,GTF3C5,0.23145936946435575,0.07990206764033682,-0.15155730182401891
3398_GLMN_P1P2_ENSG00000174842,GLMN,0.23126546051600136,0.09853989552805029,-0.13272556498795107
7038_RAB6A_P1P2_ENSG00000175582,RAB6A,0.23085699589971703,0.10997610224364623,-0.12088089365607081
1808_COX15_P1P2_ENSG00000014919,COX15,0.23035854243964723,0.10714026206796415,-0.12321828037168309
302_ANAPC11_P1P2_ENSG00000141552,ANAPC11,0.23009574838218294,0.15877677396437825,-0.07131897441780469
4115_IMPDH2_P1P2_ENSG00000178035,IMPDH2,0.22995577059876152,0.11137282921985375,-0.11858294137890776
6540_POLR2A_P1P2_ENSG00000181222,POLR2A,0.22977594295339532,0.12656526267348586,-0.10321068027990946
8552_STX18_P1P2_ENSG00000168818,STX18,0.22965890043813048,0.11478996617175759,-0.11486893426637289
9177_TOP3A_P1P2_ENSG00000177302,TOP3A,0.22961197665433106,0.3201391075479884,0.09052713089365735
7176_RBM42_P1P2_ENSG00000126254,RBM42,0.22954788661447623,0.09544570122960222,-0.134102185384874
6263_PGPEP1_P1P2_ENSG00000130517,PGPEP1,0.22936906593626671,0.13144977030703792,-0.09791929562922878
7469_RPL38_P1P2_ENSG00000172809,RPL38,0.22919990665508616,0.07108573320092637,-0.1581141734541598
1779_COPS3_P1P2_ENSG00000141030,COPS3,0.22886787710063172,-0.10488370027692268,-0.3337515773775544
6851_PSMB3_P1P2_ENSG00000277791,PSMB3,0.2283122123577157,0.07939343296113807,-0.14891877939657763
2549_EIF3E_P1P2_ENSG00000104408,EIF3E,0.22788019896166747,0.08764058097383295,-0.14023961798783452
7140_RBBP4_P1P2_ENSG00000162521,RBBP4,0.22784847780305711,0.10454057370761921,-0.12330790409543792
8415_SRP54_P1P2_ENSG00000100883,SRP54,0.2274522614512188,0.08303259298730106,-0.14441966846391774
7142_RBBP6_P1P2_ENSG00000122257,RBBP6,0.2273770783617983,0.08947126214062492,-0.13790581622117337
6632_PPIL4_P1P2_ENSG00000131013,PPIL4,0.2272327758670544,0.11380499107871098,-0.11342778478834342
140_ADAT3_P2_ENSG00000213638,ADAT3,0.22710508712923277,0.056870201274008936,-0.17023488585522384
7547_CNOT9_P1P2_ENSG00000144580,CNOT9,0.22705753162844977,0.13835872469946137,-0.08869880692898839
1919_CS_P1P2_ENSG00000062485,CS,0.22703839158250305,0.12462356996956564,-0.1024148216129374
7519_RPS28_P1P2_ENSG00000233927,RPS28,0.22677654562144786,0.09744592728945653,-0.12933061833199133
9798_BUD23_P1P2_ENSG00000071462,BUD23,0.22665973213470525,0.08178119020514797,-0.14487854192955726
1614_CINP_P1P2_ENSG00000100865,CINP,0.22665330975602022,0.12592341414973357,-0.10072989560628663
5720_NMT1_P1P2_ENSG00000136448,NMT1,0.22582172154066427,0.09684242820580885,-0.12897929333485542
10173_ZNF143_P1P2_ENSG00000166478,ZNF143,0.22572678663027776,0.07330192716028255,-0.1524248594699952
1033_C1QTNF4_P1P2_ENSG00000172247,C1QTNF4,0.22540128616852895,0.11158274194460076,-0.11381854422392819
"9279_TRIM49C_ENST00000432771.1,ENST00000448984.1_ENSG00000204449",TRIM49C,0.22539950074174883,0.08067511161705168,-0.14472438912469715
115_ACTR3_P1P2_ENSG00000115091,ACTR3,0.2252298203939439,0.12782675741356145,-0.09740306298038245
7255_RFT1_P1P2_ENSG00000163933,RFT1,0.22496881347088113,0.07916535471213448,-0.14580345875874665
6646_PPME1_P1P2_ENSG00000214517,PPME1,0.2249547109524424,0.09402879033755761,-0.13092592061488478
5651_NFRKB_P1P2_ENSG00000170322,NFRKB,0.22478005516055177,0.1221429667126936,-0.10263708844785815
4508_LAMTOR4_P1P2_ENSG00000188186,LAMTOR4,0.22475449823512278,0.08171862006604035,-0.14303587816908242
7439_RPL15_P1P2_ENSG00000174748,RPL15,0.22467429822584206,0.06517991942580231,-0.15949437880003975
9063_TMEM258_P1P2_ENSG00000134825,TMEM258,0.2243871747292932,0.08186394426009702,-0.14252323046919618
968_C12orf60_P1P2_ENSG00000182993,C12orf60,0.2242793903148191,0.11300974479457192,-0.11126964552024719
3038_FBXW7_ENST00000281708.4_ENSG00000109670,FBXW7,0.2241418128012009,0.11008307699760103,-0.11405873580359988
1771_COPB1_P1P2_ENSG00000129083,COPB1,0.22396105254406834,0.10332752036556866,-0.12063353217849969
7511_RPS21_P1P2_ENSG00000171858,RPS21,0.2232641272497028,0.11782360872268796,-0.10544051852701485
1147_CACNB3_P1_ENSG00000167535,CACNB3,0.22264025808674398,0.08608238267089333,-0.13655787541585065
3959_HSF1_P1P2_ENSG00000185122,HSF1,0.2224409278224147,0.08519832715705045,-0.13724260066536426
5567_NDUFS3_P1P2_ENSG00000213619,NDUFS3,0.22202137018551427,-0.08971145073913743,-0.3117328209246517
8069_SLC39A10_P1P2_ENSG00000196950,SLC39A10,0.22199982162089477,0.08332324137541147,-0.1386765802454833
3170_FOXL2_P1P2_ENSG00000183770,FOXL2,0.22193292422345703,0.14306763226521407,-0.07886529195824296
7779_SEPHS2_P1P2_ENSG00000179918,SEPHS2,0.2207690504788659,0.1139805911465313,-0.10678845933233463
6073_PARN_P1P2_ENSG00000140694,PARN,0.22071006468090615,0.13095728276052224,-0.08975278192038391
647_ATP2A2_P1P2_ENSG00000174437,ATP2A2,0.22055122728340845,0.1248940344418347,-0.09565719284157376
3336_GEMIN5_P1P2_ENSG00000082516,GEMIN5,0.21987658380375658,0.07718127578494977,-0.1426953080188068
6798_PRPF40A_P1P2_ENSG00000196504,PRPF40A,0.2197719866859012,0.08939456326042508,-0.13037742342547612
3754_HIST1H2AI_ENST00000358739.3_ENSG00000196747,HIST1H2AI,0.21965601322124143,0.10799202331646107,-0.11166398990478035
6696_PPP4C_P1P2_ENSG00000149923,PPP4C,0.21932458357501738,0.11427123953463962,-0.10505334404037775
5954_OR4F4_ENST00000326183.3_ENSG00000177693,OR4F4,0.21924320904567707,0.10741072654023477,-0.1118324825054423
760_BAP1_P1P2_ENSG00000163930,BAP1,0.2191787267948776,0.12790951146850488,-0.09126921532637272
3827_HMGB1_P1_ENSG00000189403,HMGB1,0.21892876530962463,0.099524870621095,-0.11940389468852963
5234_MRPL50_P1P2_ENSG00000136897,MRPL50,0.21842227038136924,0.11351232429900895,-0.10490994608236029
2973_FARSA_P1P2_ENSG00000179115,FARSA,0.21813190618776995,-0.10385028378585826,-0.3219821899736282
857_BMP2K_P1P2_ENSG00000138756,BMP2K,0.2181311312302811,0.12120845140924441,-0.0969226798210367
9399_TTI2_P1P2_ENSG00000129696,TTI2,0.21512105928238034,0.09290656461678667,-0.12221449466559366
4042_IFITM2_P1P2_ENSG00000185201,IFITM2,0.21431593771003352,0.10134344143838522,-0.11297249627164829
535_ARPC2_P2_ENSG00000163466,ARPC2,0.2133738728301694,0.0776011012344417,-0.1357727715957277
5949_OR1D2_ENST00000331459.1_ENSG00000184166,OR1D2,0.21320728032973257,0.060434680811553766,-0.15277259951817881
5457_NANOG_P1P2_ENSG00000111704,NANOG,0.21282885555441128,0.10548114418582227,-0.10734771136858899
2658_EP400_P1P2_ENSG00000183495,EP400,0.2127561337473035,0.11264643430942581,-0.10010969943787772
10544_ZNF676_ENST00000397121.2_ENSG00000196109,ZNF676,0.21204971596911137,0.07155198165685704,-0.14049773431225435
1197_CARS_P1P2_ENSG00000110619,CARS,0.2119258691101309,0.061877830794196696,-0.1500480383159342
1979_CXXC1_P1P2_ENSG00000154832,CXXC1,0.21174569564992982,0.1049321416749446,-0.10681355397498521
7251_RFFL_P1P2_ENSG00000092871,RFFL,0.21164872104567262,0.09524184367960897,-0.11640687736606366
9053_TMEM240_P1P2_ENSG00000205090,TMEM240,0.21152065361340916,0.0712451861360679,-0.14027546747734126
2812_F8A1_P1P2_ENSG00000277203,F8A1,0.2115190856667664,0.1101940885347277,-0.10132499713203869
9505_UBE2H_P1P2_ENSG00000186591,UBE2H,0.21121200499635945,0.1037352354655609,-0.10747676953079854
5080_MIPEP_P1P2_ENSG00000027001,MIPEP,0.2109113222475273,0.07209492899298249,-0.13881639325454478
8218_SNRNP27_P1P2_ENSG00000124380,SNRNP27,0.20980156201084788,0.1151875893138235,-0.09461397269702439
9848_WDR83OS_P1P2_ENSG00000105583,WDR83OS,0.20973410788856836,0.11541768595441887,-0.09431642193414949
687_ATP6V1H_P1P2_ENSG00000047249,ATP6V1H,0.2096515649751558,0.11288662290793336,-0.09676494206722244
9600_UPF1_P1P2_ENSG00000005007,UPF1,0.20924775626866343,0.10114362067155759,-0.10810413559710585
8236_SNUPN_P1P2_ENSG00000169371,SNUPN,0.2089850510961201,0.07765761619879905,-0.13132743489732104
4856_MARS2_P1P2_ENSG00000247626,MARS2,0.20890520228513548,0.13233786260405017,-0.07656733968108533
2764_ETV4_P1P2_ENSG00000175832,ETV4,0.20875803428563922,-0.09546790353702712,-0.3042259378226663
1971_CWC15_P1P2_ENSG00000150316,CWC15,0.20825729708156937,0.09054908324653821,-0.11770821383503115
4127_INO80C_P1P2_ENSG00000153391,INO80C,0.2066882346707318,0.06866770008315637,-0.13802053458757543
9744_VPS25_P1P2_ENSG00000131475,VPS25,0.20568508644134353,0.11439436142126985,-0.09129072502007367
4273_KARS_P1P2_ENSG00000065427,KARS,0.2055673751616598,0.10067535382404584,-0.10489202133761397
7301_RHPN1_P1P2_ENSG00000158106,RHPN1,0.20544914093400446,0.0805459345556658,-0.12490320637833864
9489_UBAP1_P1P2_ENSG00000165006,UBAP1,0.20534329511437277,0.09870540363794891,-0.10663789147642386
6131_PCM1_P1P2_ENSG00000078674,PCM1,0.205127987817279,0.07924609037550268,-0.12588189744177633
8170_SMG9_P1P2_ENSG00000105771,SMG9,0.20511668573901382,0.08692808874463745,-0.11818859699437637
6654_PPP1R12A_P1P2_ENSG00000058272,PPP1R12A,0.2048855756479649,0.08097181517991808,-0.12391376046804682
5344_MTRNR2L1_P1P2_ENSG00000256618,MTRNR2L1,0.20406866149486275,0.09777492511767219,-0.10629373637719054
813_BCS1L_P1P2_ENSG00000074582,BCS1L,0.2039227168427863,0.07480361049886197,-0.12911910634392432
4360_KIAA1143_P1P2_ENSG00000163807,KIAA1143,0.20374549884320525,0.09818667700083214,-0.10555882184237311
2010_CYS1_P1P2_ENSG00000205795,CYS1,0.20371944004057446,0.12732417790910652,-0.07639526213146794
7657_SARS_P1P2_ENSG00000031698,SARS,0.20340726913685697,0.06981414650293409,-0.1335931226339229
9613_UQCRFS1_P1P2_ENSG00000169021,UQCRFS1,0.2028281150059068,0.08592292973575161,-0.1169051852701552
9610_UQCRC1_P1_ENSG00000010256,UQCRC1,0.2027801933141961,0.09982762935871303,-0.10295256395548308
5956_OR4N2_ENST00000315947.1_ENSG00000176294,OR4N2,0.20277742453803532,0.13601133528714612,-0.06676608925088921
9479_UBA2_P1P2_ENSG00000126261,UBA2,0.2024889332378933,0.08085878525120951,-0.1216301479866838
8717_TBC1D28_ENST00000345096.4_ENSG00000189375,TBC1D28,0.2020537658589789,0.09079129023663471,-0.1112624756223442
8663_TAF3_P1P2_ENSG00000165632,TAF3,0.2012696483405126,-0.059062174534356936,-0.26033182287486956
8155_SMC1A_P1P2_ENSG00000072501,SMC1A,0.20058528983181761,0.0764385076819977,-0.12414678214981992
6869_PSMD1_P1P2_ENSG00000173692,PSMD1,0.1999238610920458,0.06839925400246659,-0.13152460708957922
5763_NPB_P1P2_ENSG00000183979,NPB,0.1995801392454368,0.08931786438023265,-0.11026227486520415
267_ALG1L_ENST00000340333.3_ENSG00000189366,ALG1L,0.19926251145440904,0.09282179217025446,-0.10644071928415456
2123_DDX46_P2_ENSG00000145833,DDX46,0.1983099817976837,0.10396129532298054,-0.09434868647470315
5851_NUB1_P1P2_ENSG00000013374,NUB1,0.1977937559794572,0.079139115621542,-0.11865464035791522
8806_TEAD3_P1P2_ENSG00000007866,TEAD3,0.19658844442644044,0.1289368727848206,-0.06765157164161983
6877_PSMD9_P1P2_ENSG00000110801,PSMD9,0.19538750869866,0.09074284883861829,-0.10464465986004172
8148_SMARCC1_P1P2_ENSG00000173473,SMARCC1,0.1947073458141199,0.1066538296961895,-0.08805351611793039
9480_UBA3_P1P2_ENSG00000144744,UBA3,0.1946483467601085,0.07858203954432721,-0.11606630721578128
8811_TEFM_P1P2_ENSG00000172171,TEFM,0.19447811486832597,0.08764663614858478,-0.10683147871974119
2113_DDX24_P1P2_ENSG00000089737,DDX24,0.19444079939950532,0.10138986444482032,-0.09305093495468499
10574_ZNF706_P1P2_ENSG00000120963,ZNF706,0.19298431097321583,0.11150200628123524,-0.08148230469198058
1929_CTDP1_P1P2_ENSG00000060069,CTDP1,0.19284236811182104,0.06950936937372956,-0.12333299873809149
7546_RPUSD4_P1P2_ENSG00000165526,RPUSD4,0.19176999191069716,0.09333446363262117,-0.098435528278076
7033_RAB4B_P1P2_ENSG00000167578,RAB4B,0.1912934728007688,0.10240107862846265,-0.08889239417230617
8648_TADA2A_P1P2_ENSG00000276234,TADA2A,0.1899523715053143,0.11445693156037996,-0.07549543994493435
6829_PRSS50_P1_nan,PRSS50,0.1897277301891045,0.09702812023155073,-0.09269960995755375
2730_ESF1_P2_ENSG00000089048,ESF1,0.18875202396374852,0.08712589111988456,-0.10162613284386396
2613_EMC3_P2_ENSG00000125037,EMC3,0.18805558960602206,0.08876684347776895,-0.09928874612825311
5232_MRPL49_P1P2_ENSG00000149792,MRPL49,0.1877014791613556,0.09231315749105806,-0.09538832167029752
7375_RNF20_P1P2_ENSG00000155827,RNF20,0.18711083143416601,0.06842751148464699,-0.11868331994951903
8891_THOC6_P1P2_ENSG00000131652,THOC6,0.18684424785632836,0.10499269342246442,-0.08185155443386395
8464_SSX4_ENST00000376886.2_ENSG00000268009,SSX4,0.18650553404396342,0.06465311922235402,-0.12185241482160941
7099_RAN_P1P2_ENSG00000132341,RAN,0.18483473900704717,-0.08114337846457109,-0.26597811747161826
497_ARIH1_P1P2_ENSG00000166233,ARIH1,0.1845668466121143,0.06329877846941012,-0.12126806814270419
216_AIFM1_P1P2_ENSG00000156709,AIFM1,0.18438064252110759,0.08495208338379301,-0.09942855913731458
2543_EIF2S3_P1P2_ENSG00000130741,EIF2S3,0.18335635620136537,-0.12013466708648772,-0.3034910232878531
2490_EEF2_P1_ENSG00000167658,EEF2,0.1833149948322218,-0.10080654927701355,-0.28412154410923535
1260_CCDC144A_P1P2_ENSG00000170160,CCDC144A,0.1820965987263496,0.09300344741282517,-0.08909315131352444
9785_WARS_P1P2_ENSG00000140105,WARS,0.18159402894685867,0.069872679858872,-0.11172134908798668
7427_RPF2_P1P2_ENSG00000197498,RPF2,0.1801836725887182,0.06949120384947555,-0.11069246873924267
9974_ZBTB17_P1P2_ENSG00000116809,ZBTB17,0.18014248019070794,0.10190455429877299,-0.07823792589193494
9918_YARS2_P1P2_ENSG00000139131,YARS2,0.17869132616358688,0.06815301022920853,-0.11053831593437835
9457_TXNL4A_P1P2_ENSG00000141759,TXNL4A,0.17785955453440572,0.09753877330233127,-0.08032078123207445
7152_RBM10_P1P2_ENSG00000182872,RBM10,0.17498736386032912,-0.11007702182284432,-0.28506438568317344
4706_LTBP3_P1P2_ENSG00000168056,LTBP3,0.17475220118301665,0.07698347340970536,-0.09776872777331129
2421_DYNC1H1_P1P2_ENSG00000197102,DYNC1H1,0.17474878537885163,0.0852003455486357,-0.08954843983021592
6112_PCBP2_P2_ENSG00000197111,PCBP2,0.1736967311821525,0.07122096543705897,-0.10247576574509352
3866_HNRNPH1_P1P2_ENSG00000169045,HNRNPH1,0.17316329291438332,-0.08865986872381215,-0.26182316163819547
5193_MRPL10_P1P2_ENSG00000159111,MRPL10,0.17185217733587477,-0.10902140302435713,-0.2808735803602319
4969_MEIS3_P1_ENSG00000105419,MEIS3,0.16907652494541758,-0.07519114168301681,-0.2442676666284344
9907_XRCC5_P1P2_ENSG00000079246,XRCC5,0.16836528405186946,-0.07235328311575286,-0.2407185671676223
7751_SEC61A1_P1_ENSG00000058262,SEC61A1,0.16620725306077289,-0.10777605541695466,-0.27398330847772756
3589_GTF3C6_P1P2_ENSG00000155115,GTF3C6,0.16481181354144825,-0.11824141578058567,-0.2830532293220339
2207_DHX30_P1_ENSG00000132153,DHX30,0.1635426601375468,0.08249771921750584,-0.08104494092004097
6276_PHB_P1P2_ENSG00000167085,PHB,0.16138836144584173,-0.08372893808382166,-0.2451172995296634
9919_YARS_P1P2_ENSG00000134684,YARS,0.1610466471659867,0.07398616190729684,-0.08706048525868987
7524_RPS3_P2_ENSG00000149273,RPS3,0.15987050203127032,-0.10718668507439652,-0.26705718710566684
5293_MSTO1_P1P2_ENSG00000125459,MSTO1,0.1596034353604083,0.055679350239381295,-0.10392408512102701
7478_RPL7L1_P1P2_ENSG00000146223,RPL7L1,0.15853817064954914,0.05022969296227271,-0.10830847768727643
1408_CDC5L_P1P2_ENSG00000096401,CDC5L,0.15740219792118265,-0.06904110252622213,-0.2264433004474048
7310_RINT1_P1P2_ENSG00000135249,RINT1,0.15740049431718992,-0.06042458885363521,-0.21782508317082513
3424_GMPPB_P1P2_ENSG00000173540,GMPPB,0.15621596734077486,0.06721243975100885,-0.08900352758976603
5600_NELFCD_P1P2_ENSG00000101158,NELFCD,0.15573605688378492,0.06553515634460841,-0.09020090053917651
9606_UQCC2_P1P2_ENSG00000137288,UQCC2,0.15520746720151193,0.2310291375009249,0.07582167029941297
7475_RPL5_P1P2_ENSG00000122406,RPL5,0.15449065205544604,-0.08158540622149386,-0.2360760582769399
435_ARCN1_P1P2_ENSG00000095139,ARCN1,0.15444059289931905,-0.06294354155060937,-0.2173841344499284
1119_C7orf26_P1P2_ENSG00000146576,C7orf26,0.15342692449553014,0.0706719629261828,-0.08275496156934735
6857_PSMC1_P1P2_ENSG00000100764,PSMC1,0.15318931208432984,-0.06674013612032997,-0.21992944820465982
4973_MEN1_P1P2_ENSG00000133895,MEN1,0.15272276716194266,-0.08943694948370097,-0.24215971664564362
7390_RNF40_P1P2_ENSG00000103549,RNF40,0.14957940536433767,-0.07048627090044943,-0.2200656762647871
9422_TUBD1_P1P2_ENSG00000108423,TUBD1,0.1494213438215683,0.25657188299789063,0.10715053917632232
3291_GATA1_P1P2_ENSG00000102145,GATA1,0.14829596177350776,0.07285788101177806,-0.0754380807617297
9408_TUBA1B_P1P2_ENSG00000123416,TUBA1B,0.14640984323122597,-0.054684283188415984,-0.20109412641964194
6661_PPP1R15B_P1P2_ENSG00000158615,PPP1R15B,0.14625800325839466,-0.05898749404574652,-0.20524549730414118
7455_RPL27_P1P2_ENSG00000131469,RPL27,0.14583593319628088,-0.050891725401862875,-0.19672765859814376
7458_RPL30_P1P2_ENSG00000156482,RPL30,0.14578908078670794,-0.09643874988898928,-0.24222783067569723
8621_SYMPK_P1P2_ENSG00000125755,SYMPK,0.14504112389844653,-0.13543811207724643,-0.28047923597569296
9218_TPT1_P1P2_ENSG00000133112,TPT1,0.14421699188834813,-0.10748944381201837,-0.2517064357003665
5768_NPLOC4_P1P2_ENSG00000182446,NPLOC4,0.14356604398900097,-0.10073388717998358,-0.24429993116898455
7161_RBM17_P1P2_ENSG00000134453,RBM17,0.1408764381301682,0.04897627178853774,-0.09190016634163047
9175_TOP2A_P1P2_ENSG00000131747,TOP2A,0.14013408359837126,0.20423297083021802,0.06409888723184676
2538_EIF2B4_P1P2_ENSG00000115211,EIF2B4,0.13676850315647837,-0.12778638958186356,-0.26455489273834193
8652_TAF11_P1P2_ENSG00000064995,TAF11,0.13658953553299202,-0.055671276673045174,-0.1922608122060372
6947_PUF60_P1P2_ENSG00000179950,PUF60,0.1337185037495442,-0.08481281436449076,-0.21853131811403495
7839_SF3B5_P1P2_ENSG00000169976,SF3B5,0.13273144398470632,-0.061042216678374714,-0.19377366066308105
2277_DNAJA3_P1P2_ENSG00000103423,DNAJA3,0.1319769205510563,-0.09768207910480367,-0.22965899965585998
6861_PSMC4_P1P2_ENSG00000013275,PSMC4,0.13133318570409114,-0.050714106942461826,-0.18204729264655298
7634_SAE1_P1P2_ENSG00000142230,SAE1,0.1303957764735734,-0.09033311534704358,-0.22072889182061697
9936_YJEFN3_P1_ENSG00000250067,YJEFN3,0.12813348755138695,0.2110712815171989,0.08293779396581194
39_ABHD11_P1P2_ENSG00000106077,ABHD11,0.12689424087812873,-0.07298100289841354,-0.19987524377654226
4857_MARS_P1P2_ENSG00000166986,MARS,0.12658953011596105,-0.10047755144880183,-0.22706708156476288
7156_RBM14-RBM4_P2_nan,RBM14-RBM4,0.1253672433328381,-0.08591889295258552,-0.21128613628542364
4401_KIN_P1P2_ENSG00000151657,KIN,0.12533612587408244,-0.07639612145873224,-0.20173224733281467
4088_IK_P1_ENSG00000113141,IK,0.1244674478031086,-0.0832122298382882,-0.2076796776413968
670_ATP6AP1_P1P2_ENSG00000071553,ATP6AP1,0.12379091591635685,0.22510515820154706,0.1013142422851902
2537_EIF2B3_P1P2_ENSG00000070785,EIF2B3,0.12370820576841855,-0.0891947424936007,-0.21290294826201925
10005_ZBTB4_P1_ENSG00000174282,ZBTB4,0.12359787868300406,-0.1104706081817513,-0.23406848686475537
5990_OSTC_P1P2_ENSG00000198856,OSTC,0.12313522950296948,0.2374234020393958,0.11428817253642631
4004_IARS_P1P2_ENSG00000196305,IARS,0.12275905588142413,-0.07608730754636472,-0.19884636342778886
9829_WDR55_P1P2_ENSG00000120314,WDR55,0.12203542238308107,-0.07721962522505305,-0.19925504760813412
5464_NAPG_P1P2_ENSG00000134265,NAPG,0.12129402518063792,-0.17627824739020748,-0.2975722725708454
5665_NHLRC2_P1P2_ENSG00000196865,NHLRC2,0.11999531670752114,-0.09917770726863115,-0.2191730239761523
7833_SF3A2_P1_ENSG00000104897,SF3A2,0.11881828234705842,-0.10191060947352486,-0.22072889182058328
83_ACIN1_P2_ENSG00000100813,ACIN1,0.11751625381429022,0.21598404663292198,0.09846779281863176
6558_POLR3D_P1P2_ENSG00000168495,POLR3D,0.11702931389242999,-0.1392407618217102,-0.2562700757141402
8564_STXBP4_P1P2_ENSG00000166263,STXBP4,0.11518748885155321,-0.0684658609247495,-0.1836533497763027
7431_RPL10A_P1P2_ENSG00000198755,RPL10A,0.11446608173151109,-0.0669359201039879,-0.18140200183549898
9722_VEZT_P1P2_ENSG00000028203,VEZT,0.11404425858490123,-0.06417072363375163,-0.17821498221865287
9712_VCP_P1P2_ENSG00000165280,VCP,0.11381927547699122,-0.08318800913927882,-0.19700728461627004
7837_SF3B3_P1P2_ENSG00000189091,SF3B3,0.113025153119967,-0.09201241714502892,-0.20503757026499592
6981_QARS_P1P2_ENSG00000172053,QARS,0.11263927862270891,-0.11908106667958311,-0.23172034530229202
2545_EIF3B_P1P2_ENSG00000106263,EIF3B,0.11247142138586774,-0.09745601924738267,-0.20992744063325042
128_ADAM10_P1P2_ENSG00000137845,ADAM10,0.11154412657325485,-0.10003956047504806,-0.2115836870483029
5934_OIP5_P1P2_ENSG00000104147,OIP5,0.11153593436824222,-0.1074793518540953,-0.2190152862223375
7585_RTF1_P1P2_ENSG00000137815,RTF1,0.11093465193792973,-0.08279240438879176,-0.1937270563267215
7545_RPUSD3_P1P2_ENSG00000156990,RPUSD3,0.11062696889908528,0.2141351999418757,0.1035082310427904
8267_SOD2_P1P2_ENSG00000112096,SOD2,0.11021500682951477,0.18939577429538595,0.07918076746587119
1421_CDK11A_P1P2_ENSG00000008128,CDK11A,0.10989286130410807,-0.07417992749937784,-0.1840727888034859
6819_PRRC2A_P1P2_ENSG00000204469,PRRC2A,0.10952933328095024,-0.05944365054375856,-0.1689729838247088
32_ABCE1_P1P2_ENSG00000164163,ABCE1,0.10952473531570209,-0.0773407287200979,-0.18686546403579998
2541_EIF2S1_P1P2_ENSG00000134001,EIF2S1,0.10881130836188398,-0.12410282494085813,-0.2329141333027421
"2546_EIF3CL_ENST00000380876.4,ENST00000398943.3,ENST00000398944.3_ENSG00000205609",EIF3CL,0.10783274742762392,-0.10546096026998278,-0.2132937076976067
5490_NCAPG_P1P2_ENSG00000109805,NCAPG,0.10747339132402602,0.20421682369755134,0.09674343237352533
9944_YPEL5_P1P2_ENSG00000119801,YPEL5,0.10738278002512591,0.22310493214168373,0.11572215211655781
8169_SMG8_P1P2_ENSG00000167447,SMG8,0.10712662753411824,-0.08074979210567211,-0.18787641963979035
118_ACTR8_P1P2_ENSG00000113812,ACTR8,0.10594059515759294,-0.08425170150410508,-0.190192296661698
9855_WDTC1_P1P2_ENSG00000142784,WDTC1,0.10542484765673267,-0.10149482080719567,-0.20691966846392834
9339_TSEN54_P1P2_ENSG00000182173,TSEN54,0.1051685558325888,-0.16596830317855968,-0.2711368590111485
1772_COPB2_P1P2_ENSG00000184432,COPB2,0.1050517560649508,-0.0662335198327167,-0.1712852758976675
2975_FASN_P1P2_ENSG00000169710,FASN,0.10498081948203192,-0.10581417879720034,-0.21079499827923226
6720_PRDM10_P1P2_ENSG00000170325,PRDM10,0.10485504858668153,-0.09396622019845056,-0.1988212687851321
815_BDP1_P1P2_ENSG00000145734,BDP1,0.10477751283925177,-0.13341366531837606,-0.23819117815762783
4276_KAT5_P1P2_ENSG00000172977,KAT5,0.10445177055601855,-0.06594085305301962,-0.17039262360903817
8230_SNRPD3_P1P2_ENSG00000100028,SNRPD3,0.10415188774277186,-0.10620574676451909,-0.21035763450729095
4697_LSM7_P1P2_ENSG00000130332,LSM7,0.10395526709446123,-0.06811869757228278,-0.17207396466674402
8118_SLC9B1_P1P2_ENSG00000164037,SLC9B1,0.10383688126169617,-0.08816939956887211,-0.19200628083056828
6555_POLR3A_P1P2_ENSG00000148606,POLR3A,0.10361740925193395,-0.10460718062990075,-0.2082245898818347
7670_SBNO1_P1P2_ENSG00000139697,SBNO1,0.10212286319213668,-0.10833514988576123,-0.2104580130778979
8424_SRRM1_P1P2_ENSG00000133226,SRRM1,0.10146445544068003,-0.056373676944317115,-0.15783813238499714
5476_NBAS_P1P2_ENSG00000151779,NBAS,0.10131546953999379,-0.15470365974761588,-0.25601912928760967
3377_GIT2_P1P2_ENSG00000139436,GIT2,0.10127896457103071,0.22092305083925284,0.11964408626822214
2088_DDB1_P2_ENSG00000167986,DDB1,0.10053279151766005,-0.07587537643003041,-0.17640816794769046
7433_RPL11_P1P2_ENSG00000142676,RPL11,0.09910723053721457,-0.08182155803683491,-0.18092878857404948
1004_C17orf58_P1P2_ENSG00000186665,C17orf58,0.0989484340945295,-0.06933982448066872,-0.16828825857519822
6862_PSMC5_P1P2_ENSG00000087191,PSMC5,0.09865725092062728,-0.07751431039633326,-0.17617156131696055
5894_NUP35_P1P2_ENSG00000163002,NUP35,0.09845807917888796,-0.10573344313383498,-0.20419152231272295
8654_TAF13_P1P2_ENSG00000197780,TAF13,0.09818152236863682,-0.06418081559167511,-0.16236233796031194
2579_EIF5_P2_ENSG00000100664,EIF5,0.09814525664519416,-0.06219875505607403,-0.1603440117012682
2554_EIF3J_P1P2_ENSG00000104131,EIF3J,0.09771444763874407,-0.15098780084125377,-0.24870224847999783
10676_ZNF84_P1P2_ENSG00000198040,ZNF84,0.09672757528189668,0.2023437563074797,0.10561618102558301
9312_TRMT5_P1P2_ENSG00000126814,TRMT5,0.09670365863252742,-0.15470164135603323,-0.25140529998856065
8190_SMU1_P1P2_ENSG00000122692,SMU1,0.0964036370649359,-0.055146494861176926,-0.15155013192611283
7909_SIGLEC14_P1P2_ENSG00000254415,SIGLEC14,0.09615925217660982,-0.08380160018085477,-0.1799608523574646
4888_MBTPS2_P1P2_ENSG00000012174,MBTPS2,0.0960344030971668,-0.08068924035814774,-0.17672364345531455
1819_COX6C_P1P2_ENSG00000164919,COX6C,0.09563425922320118,-0.08187807300119027,-0.17751233222439144
3586_GTF3C3_P1P2_ENSG00000119041,GTF3C3,0.09560607126288818,-0.11420665100394746,-0.20981272226683564
9969_ZBTB11_P1P2_ENSG00000066422,ZBTB11,0.09501690323415143,0.21356399512356972,0.11854709188941828
3910_HOXC10_P1P2_ENSG00000180818,HOXC10,0.09483585614869162,-0.08561613421496748,-0.1804519903636591
6557_POLR3C_P1P2_ENSG00000186141,POLR3C,0.09437282963454412,-0.07625281565626744,-0.17062564529081156
4357_ICE1_P1P2_ENSG00000164151,ICE1,0.09410838482356709,-0.0809375025229899,-0.175045887346557
1386_CDC123_P1P2_ENSG00000151465,CDC123,0.09410011658445859,-0.12351345459829967,-0.21761357118275826
6559_POLR3E_P1P2_ENSG00000058600,POLR3E,0.09375676923547584,-0.1012142643770051,-0.19497103361248094
2551_EIF3G_P1P2_ENSG00000130811,EIF3G,0.09335036167906127,0.15953568919999817,0.06618532752093689
1317_CCNB1_P1P2_ENSG00000134057,CCNB1,0.09308393934446264,-0.07417185393304139,-0.16725579327750403
7691_SCFD1_P1P2_ENSG00000092108,SCFD1,0.09299000199467436,-0.14653119222353397,-0.23952119421820833
1120_CYREN_P1P2_ENSG00000122783,CYREN,0.09288510545813791,0.17621365885953735,0.08332855340139944
10152_ZNF100_P1P2_ENSG00000197020,ZNF100,0.09176117428098839,-0.09769620784589401,-0.1894573821268824
6291_PHF5A_P1P2_ENSG00000100410,PHF5A,0.09168632982845275,-0.08456051541647479,-0.17624684524492754
9474_U2AF2_P1P2_ENSG00000063244,U2AF2,0.09138251590409699,-0.08722681069909044,-0.17860932660318743
9757_VPS41_P1_ENSG00000006715,VPS41,0.09074947153405623,0.18094678712428236,0.09019731559022613
8334_SPCS2_P1P2_ENSG00000118363,SPCS2,0.0904294493487414,-0.1080727589798247,-0.1985022083285661
8460_SSU72_P1P2_ENSG00000160075,SSU72,0.09009106919499474,-0.08548897554517029,-0.17558004474016503
1805_COX10_P1P2_ENSG00000006695,COX10,0.08993515044220751,-0.07913104205520821,-0.16906619249741572
9702_VARS2_P1P2_ENSG00000137411,VARS2,0.08989403054721855,-0.07925820072500613,-0.16915223127222467
5893_NUP214_P1P2_ENSG00000126883,NUP214,0.08932353834247847,0.19285327907897257,0.1035297407364941
4991_METTL14_P1P2_ENSG00000145388,METTL14,0.08927454241932346,-0.09504202291278115,-0.1843165653321046
2205_DHX29_P1P2_ENSG00000067248,DHX29,0.08910858756923132,-0.07135014249844798,-0.1604587300676793
6874_PSMD6_P1P2_ENSG00000163636,PSMD6,0.08898396786563299,-0.08186394426009845,-0.17084791212573144
1536_CFL1_P1P2_ENSG00000172757,CFL1,0.08871951934991942,-0.1493569404412954,-0.23807645979121483
2427_DYNLL2_P1P2_ENSG00000264364,DYNLL2,0.08859683728602752,-0.14608109090028046,-0.23467792818630798
6777_PRMT5_P1_ENSG00000100462,PRMT5,0.08781078597726694,-0.08430619807687895,-0.17211698405414588
3471_GOLT1B_P1P2_ENSG00000111711,GOLT1B,0.08656258198223983,-0.0932799670598554,-0.17984254904209523
8446_SSBP1_P1P2_ENSG00000106028,SSBP1,0.08646725995492074,0.152233148448668,0.06576588849374726
8433_SRSF3_P1P2_ENSG00000112081,SRSF3,0.08585833367982068,-0.11984603708995462,-0.2057043707697753
2186_DHDDS_P1P2_ENSG00000117682,DHDDS,0.08576772246774572,-0.10339210889626302,-0.18915983136400874
6221_PET117_P1P2_ENSG00000232838,PET117,0.08561924507229114,-0.12375969837155977,-0.2093789434438509
902_BRK1_P1P2_ENSG00000254999,BRK1,0.08490551372154911,0.19623610337395564,0.11133058965240653
1816_COX5B_P1P2_ENSG00000135940,COX5B,0.08449483062848609,0.23349964879987858,0.1490048181713925
572_ASCC3_P1P2_ENSG00000112249,ASCC3,0.0844892027729669,-0.16258547888358105,-0.24707468165654795
9612_UQCRC2_P1P2_ENSG00000140740,UQCRC2,0.08387749388672479,-0.09396823859003268,-0.17784573247675747
8481_STAG2_P1_ENSG00000101972,STAG2,0.08352639878642477,-0.1221994816770363,-0.20572588046346107
5340_MTPAP_P1P2_ENSG00000107951,MTPAP,0.08271704627912022,-0.17093960165022834,-0.25365664792934856
675_ATP6V0C_P1P2_ENSG00000185883,ATP6V0C,0.08204237999211383,0.2540589854756579,0.17201660548354408
9438_TVP23C_P1P2_ENSG00000175106,TVP23C,0.08143090357868221,-0.1111023647475752,-0.19253326832625742
2856_FAM136A_P1P2_ENSG00000035141,FAM136A,0.08114544846210187,0.21776426801011248,0.1366188195480106
110_ACTR1A_P1P2_ENSG00000138107,ACTR1A,0.08081685106476108,-0.09152598477325347,-0.17234283583801455
3584_GTF3C1_P1P2_ENSG00000077235,GTF3C1,0.07957675175016204,-0.1394062699316152,-0.21898302168177725
8271_SON_P1_ENSG00000159140,SON,0.0794607771566846,-0.0891644666198398,-0.1686252437765244
6150_PDAP1_P1P2_ENSG00000106244,PDAP1,0.07944279226771135,0.18024438685300498,0.10080159458529363
4319_KDM2A_P1P2_ENSG00000173120,KDM2A,0.07931701688615417,-0.09880834160874169,-0.17812535849489586
1222_CBLN1_P1P2_ENSG00000102924,CBLN1,0.07766855923514097,-0.1146890465925534,-0.19235760582769437
5462_NAPA_P1P2_ENSG00000105402,NAPA,0.07729726102956239,-0.10498663824771243,-0.1822838992772748
3567_GTF2A2_P1P2_ENSG00000140307,GTF2A2,0.0772428114607457,-0.08941071039310232,-0.16665352185384802
6791_PRPF18_P1P2_ENSG00000165630,PRPF18,0.07701307380418716,-0.07002002244451656,-0.14703309624870373
4206_ISCU_P1P2_ENSG00000136003,ISCU,0.07652828277934112,-0.08381572892193592,-0.16034401170127704
2925_FAM50A_P1P2_ENSG00000071859,FAM50A,0.07594502943446169,-0.06753538240446982,-0.1434804118389315
9210_TPP2_P1P2_ENSG00000134900,TPP2,0.07557477211760903,-0.0713077562751835,-0.14688252839279253
7819_SETD5_P1P2_ENSG00000168137,SETD5,0.07496376458601703,0.16895754111464112,0.09399377652862409
8956_TM7SF2_P1P2_ENSG00000149809,TM7SF2,0.07487988414375708,-0.08746094412284654,-0.16234082826660362
2785_EXOC8_P1P2_ENSG00000116903,EXOC8,0.07478551901162217,-0.08409224856896591,-0.15887776758058808
5683_NKAP_P1P2_ENSG00000101882,NKAP,0.07372505200389641,-0.08773746376987164,-0.16146251577376805
5601_NELFE_P1P2_ENSG00000204356,NELFE,0.07367305729198889,-0.1413055764122713,-0.21497863370426018
6792_PRPF19_P1P2_ENSG00000110107,PRPF19,0.07346379729706996,-0.1067264917932196,-0.18019028909028956
7432_RPL10_P1P2_ENSG00000147403,RPL10,0.07201285889770377,-0.10202565779381774,-0.1740385166915215
5368_MYB_P1P2_ENSG00000118513,MYB,0.0718689578757988,-0.16586334681618228,-0.2377323046919811
10165_ZNF133_P1P2_ENSG00000125846,ZNF133,0.07172380285545632,-0.07526985895479799,-0.1469936618102543
5965_ORC1_P1P2_ENSG00000085840,ORC1,0.0713303606343158,-0.11640266104745839,-0.1877330216817742
2187_DHFR_P1P2_ENSG00000228716,DHFR,0.0710925891506026,0.20560345871582925,0.13451086956522665
8422_SRPRB_P1P2_ENSG00000144867,SRPRB,0.07042294021763154,-0.10859148561694007,-0.1790144258345716
2373_DRG1_P1P2_ENSG00000185721,DRG1,0.06934115703126986,0.12945358103035348,0.06011242399908362
3404_GLRX5_P1P2_ENSG00000182512,GLRX5,0.06905040852820774,0.18577276140190369,0.11672235287369595
7141_RBBP5_P1P2_ENSG00000117222,RBBP5,0.06890204739807086,-0.09396218341528113,-0.162864230813352
5194_MRPL11_P1P2_ENSG00000174547,MRPL11,0.0687340710015727,-0.06516377229313713,-0.13389784329470983
7734_SEC13_P1P2_ENSG00000157020,SEC13,0.0686978057991073,-0.07778679326018899,-0.14648459905929628
1146_CACNB3_P2_ENSG00000167535,CACNB3,0.06864372965706741,-0.11414206247325501,-0.18278579213032242
7154_RBM12_P1P2_ENSG00000244462,RBM12,0.06796022532375114,-0.09115056393861264,-0.15911078926236377
4949_MED26_P1P2_ENSG00000105085,MED26,0.067480996945125,-0.13079177465060685,-0.19827277159573184
7464_RPL36AL_P1P2_ENSG00000165502,RPL36AL,0.06685279667434152,-0.07814404857057561,-0.14499684524491713
896_BRF1_P1P2_ENSG00000185024,BRF1,0.06655672818588293,-0.13203510386642853,-0.19859183205231146
9734_VMP1_P1P2_ENSG00000062716,VMP1,0.06630357135775695,-0.08258652844721336,-0.1488900998049703
1443_CDK9_P1P2_ENSG00000136807,CDK9,0.06629572311521123,-0.1492923519106064,-0.21558807502581764
3308_GBF1_P1P2_ENSG00000107862,GBF1,0.06604759510268376,-0.16034910100837452,-0.22639669611105828
5699_NKX6-1_P1P2_ENSG00000163623,NKX6-1,0.06594519570922189,-0.09219407238759358,-0.15813926809681547
2446_E4F1_P1P2_ENSG00000167967,E4F1,0.06476488250442203,0.15710958251589488,0.09234470001147285
7485_RPN1_P1P2_ENSG00000163902,RPN1,0.06439935878122893,-0.13095526436892843,-0.19535462315015736
4061_IGBP1_P1P2_ENSG00000089289,IGBP1,0.06428602144549114,-0.09659214764938115,-0.1608781690948723
5263_MRPS34_P1P2_ENSG00000074071,MRPS34,0.06406358205045722,-0.09239792993759403,-0.15646151198805125
9766_VPS72_P1P2_ENSG00000163159,VPS72,0.06401612212056873,0.2265361978346912,0.16252007571412247
3874_HNRNPM_P2_ENSG00000099783,HNRNPM,0.06342723900988569,-0.09971661782159087,-0.16314385683147656
9390_TTC4_P1P2_ENSG00000243725,TTC4,0.06328382935880239,-0.18858034409539348,-0.25186417345419587
837_BIRC5_P1P2_ENSG00000089685,BIRC5,0.06289608399403412,-0.10132325752254576,-0.16421934151657988
5602_NEMF_P1P2_ENSG00000165525,NEMF,0.06263259081057508,-0.11714542915041969,-0.17977801996099477
5290_MSRB1_P1P2_ENSG00000198736,MSRB1,0.06262298944198669,-0.12027393610579273,-0.18289692554777942
8974_TMED2_P1P2_ENSG00000086598,TMED2,0.06245919633975347,-0.1154116307796644,-0.17787082711941787
5235_MRPL51_P1P2_ENSG00000111639,MRPL51,0.06179861060321766,-0.08942887591735867,-0.15122748652057633
7210_RCOR1_P1P2_ENSG00000089902,RCOR1,0.061277647139277136,-0.13303017091739586,-0.194307818056673
3748_HIST1H2AB_P1P2_ENSG00000278463,HIST1H2AB,0.06059798404804642,-0.12826071160413421,-0.18885869565218064
6237_PFDN1_P1P2_ENSG00000113068,PFDN1,0.060444424697075116,0.1515953367080894,0.09115091201101427
1856_CRCP_P1P2_ENSG00000241258,CRCP,0.060205043935647504,-0.07877984191957245,-0.13898488585521995
7436_RPL13A_P2_ENSG00000142541,RPL13A,0.059889919857863155,0.15261462445807059,0.09272470460020743
9462_TYK2_P1P2_ENSG00000105397,TYK2,0.05986949533616384,-0.10229208548292107,-0.1621615808190849
1407_CDC45_P1P2_ENSG00000093009,CDC45,0.05919650796454726,0.17287523917941588,0.11367873121486863
4244_IWS1_P1P2_ENSG00000163166,IWS1,0.05829373801631131,-0.10661749864767735,-0.16491123666398866
8372_SPRTN_P1P2_ENSG00000010072,SPRTN,0.058000564960014225,0.1693168148166213,0.11131624985660708
13_AARS_P1P2_ENSG00000090861,AARS,0.0579837692943283,-0.14980704176455284,-0.20779081105888114
9881_WTAP_P1P2_ENSG00000146457,WTAP,0.05758974094189748,-0.09274509329006,-0.15033483423195748
2502_EFTUD2_P1P2_ENSG00000108883,EFTUD2,0.0575519502237002,-0.08925529424113028,-0.14680724446483048
7430_RPIA_P1P2_ENSG00000153574,RPIA,0.057499086314855535,-0.1092010398753431,-0.16670012619019864
3541_GRPEL1_P1P2_ENSG00000109519,GRPEL1,0.057337793510564894,-0.1140371061108825,-0.1713748996214474
8491_STARD7_P1P2_ENSG00000084090,STARD7,0.05733375348571827,-0.10649841354421576,-0.16383216702993403
9318_TRNP1_P1P2_ENSG00000253368,TRNP1,0.056293222957378014,0.15981220884702216,0.10351898588964414
2553_EIF3I_P1P2_ENSG00000084623,EIF3I,0.05619965784763287,-0.09787786308846397,-0.15407752093609683
6675_PPP1R7_P1P2_ENSG00000115685,PPP1R7,0.0559559283229937,0.16775256133894023,0.11179663301594653
6845_PSMA5_P1P2_ENSG00000143106,PSMA5,0.05592480209437578,-0.07687246187258334,-0.13279726396695912
1941_CTPS1_P1P2_ENSG00000171793,CTPS1,0.05551753243212487,-0.06462486174017817,-0.12014239417230305
4117_INF2_P1P2_ENSG00000203485,INF2,0.05543040865896476,0.1854134876999245,0.12998307904095974
3285_GARS_P1P2_ENSG00000106105,GARS,0.05526836141798393,-0.08630844252831828,-0.1415768039463022
2562_EIF4B_P1P2_ENSG00000063046,EIF4B,0.05487002453357269,0.1722555929630814,0.11738556842950872
9302_TRMT10C_P1P2_ENSG00000174173,TRMT10C,0.054690367682749874,-0.10058452620276062,-0.1552748938855105
5448_NAE1_P1P2_ENSG00000159593,NAE1,0.05452557788824043,-0.07124518613607618,-0.1257707640243166
3421_GMIP_P1P2_ENSG00000089639,GMIP,0.054408529237000125,-0.0776717449398927,-0.13208027417689283
6868_PSMD14_P1P2_ENSG00000115233,PSMD14,0.05438144977702157,-0.10222346016905966,-0.15660490994608123
7861_SGPP1_P1P2_ENSG00000126821,SGPP1,0.054030873688373324,-0.09702812023155254,-0.15105899391992586
8157_SMC3_P1P2_ENSG00000108055,SMC3,0.053750322786353125,-0.08561815260655052,-0.13936847539290365
3583_GTF3A_P1P2_ENSG00000122034,GTF3A,0.05351249963881012,-0.06527478383026171,-0.11878728346907183
3978_HSPA5_P1P2_ENSG00000044574,HSPA5,0.05341204257392902,-0.11477583743066257,-0.1681878800045916
8405_SRFBP1_P1P2_ENSG00000151304,SRFBP1,0.05330223143216996,-0.09995075124534479,-0.15325298267751475
5468_NARS_P1P2_ENSG00000134440,NARS,0.05317510836266573,-0.09809181259637928,-0.151266920959045
5248_MRPS18A_P1P2_ENSG00000096080,MRPS18A,0.05222597511810728,-0.1348689256505102,-0.18709490076861748
4653_LRPPRC_P1P2_ENSG00000138095,LRPPRC,0.05183510355605837,-0.07486416224639265,-0.12669926580245103
9792_WBP1L_P1P2_ENSG00000166272,WBP1L,0.05178035251360144,-0.10781440485705723,-0.15959475737065867
7647_SAP130_P1P2_ENSG00000136715,SAP130,0.051691509449143094,-0.07605097649784841,-0.1277424859469915
6526_POLG_P1P2_ENSG00000140521,POLG,0.05093952437388059,-0.1060382202630362,-0.1569777446369168
662_ATP5PD_P1P2_ENSG00000167863,ATP5PD,0.05082470597934882,0.19813742824619207,0.14731272226684325
1432_CDK2_P1P2_ENSG00000123374,CDK2,0.050635898002271806,0.1334661434995755,0.0828302454973037
3847_HMX3_P1P2_ENSG00000188620,HMX3,0.050087570333916975,0.21446823455326267,0.1643806642193457
1694_CMPK1_P1P2_ENSG00000162368,CMPK1,0.050075775437686015,-0.12892072565213827,-0.1789965010898243
1315_CCNA2_P1P2_ENSG00000145386,CCNA2,0.04961993856078252,-0.08959438402725804,-0.13921432258804056
1791_COQ2_P1P2_ENSG00000173085,COQ2,0.04906615623374773,-0.09338896020539249,-0.14245511643914022
5315_MTG2_P1P2_ENSG00000101181,MTG2,0.04903474899443419,0.20647136709700206,0.15743661810256787
9473_U2AF1_P1P2_ENSG00000160201,U2AF1,0.04895106310918525,-0.08746699929760245,-0.1364180624067877
1973_CWC25_P1P2_ENSG00000273559,CWC25,0.04884650903006377,-0.11512905595788817,-0.16397556498795193
201_AHCTF1_P1P2_ENSG00000153207,AHCTF1,0.04849006453792751,-0.09586148989593077,-0.14435155443385828
4089_IK_P2_ENSG00000113141,IK,0.04806395971870822,0.18876603612114298,0.14070207640243476
893_BRD8_P1P2_ENSG00000112983,BRD8,0.047752367363083886,0.1623129960197319,0.11456062865664801
5624_NFATC2IP_P1P2_ENSG00000176953,NFATC2IP,0.047641744534792696,0.1818550633371412,0.1342133188023485
3762_HIST1H2BE_ENST00000356530.3_ENSG00000274290,HIST1H2BE,0.04733021961710959,0.1815220287257544,0.1341918091086448
9853_WDR92_P1P2_ENSG00000243667,WDR92,0.046541144136307805,-0.14411719588893535,-0.19065834002524315
2058_DCAF6_P1P2_ENSG00000143164,DCAF6,0.04618120002012814,0.14982924407198245,0.10364804405185431
6275_PHB2_P1P2_ENSG00000215021,PHB2,0.046105020585747974,-0.07899177303590274,-0.12509679362165071
5298_MT2A_P1P2_ENSG00000125148,MT2A,0.045692603179823696,0.16111003463560225,0.11541743145577855
9033_TMEM199_P1P2_ENSG00000244045,TMEM199,0.045607908851320655,0.13774109687472258,0.09213318802340192
9998_ZBTB44_P1P2_ENSG00000196323,ZBTB44,0.04522085019586297,0.14054464278505852,0.09532379258919554
9973_ZBTB17_P1P2_ENSG00000116809,ZBTB17,0.04513511683099369,-0.08794535810303769,-0.13308047493403138
3133_FOLR3_P1_ENSG00000110203,FOLR3,0.045118510483565716,-0.13106022073130397,-0.17617873121486968
9430_TUFM_P1P2_ENSG00000178952,TUFM,0.04469060261108668,-0.13320173420203826,-0.17789233681312494
3861_HNRNPC_P1P2_ENSG00000092199,HNRNPC,0.04457005329382446,-0.08573925610160257,-0.13030930939542704
126_ADAM10_P1P2_ENSG00000137845,ADAM10,0.04415870195731861,-0.06502450327383477,-0.10918320523115338
440_ARF4_P1P2_ENSG00000168374,ARF4,0.04359028307861079,-0.16626904352459343,-0.20985932660320422
6486_PNISR_P1_ENSG00000132424,PNISR,0.04354755017219698,-0.11410774981632878,-0.15765529998852576
6797_PRPF3_P1P2_ENSG00000117360,PRPF3,0.04327254990493343,-0.1251483517814245,-0.16842090168635793
3717_HHEX_P1P2_ENSG00000152804,HHEX,0.04290323975832215,-0.09843695755726083,-0.14134019731558298
9971_ZBTB14_P1P2_ENSG00000198081,ZBTB14,0.0423998003477484,-0.07577445685082675,-0.11817425719857515
9570_UFL1_P1P2_ENSG00000014123,UFL1,0.042374190195572356,-0.12404630997650291,-0.16642050017207527
7928_SIRT7_P1P2_ENSG00000187531,SIRT7,0.04220241304871086,-0.1288319164224349,-0.17103432947114577
309_ANAPC5_P1P2_ENSG00000089053,ANAPC5,0.04184615683290249,0.1956548065977354,0.1538086497648329
8661_TAF1_P1P2_ENSG00000147133,TAF1,0.04165588611814522,-0.11281597920249006,-0.15447186532063528
3759_HIST1H2BB_P1P2_ENSG00000276410,HIST1H2BB,0.041256112892366484,-0.08804224089907346,-0.12929835379143995
6844_PSMA4_P1P2_ENSG00000041357,PSMA4,0.041233034181119815,-0.10240511541162989,-0.1436381495927497
607_ATF4_P1P2_ENSG00000128272,ATF4,0.04102835345406798,-0.10910213868772152,-0.1501304921417895
8666_TAF5_P1P2_ENSG00000148835,TAF5,0.04072380937651027,-0.14274670800332334,-0.1834705173798336
8669_TAF7_P1P2_ENSG00000178913,TAF7,0.040621418550321226,-0.14809746409279576,-0.18871888264311698
2036_DBF4_P1P2_ENSG00000006634,DBF4,0.04056596282473021,-0.09271885419946599,-0.1332848170241962
6731_PRDM8_P2_ENSG00000152784,PRDM8,0.0403808438189065,-0.07353807897562815,-0.11391892279453465
2120_DDX41_P1P2_ENSG00000183258,DDX41,0.04036502802940012,-0.11238606179507801,-0.15275108982447813
938_BUD31_P1P2_ENSG00000106245,BUD31,0.040043697519043714,-0.14065565432218136,-0.18069935184122507
5305_MTCP1_P1P2_ENSG00000214827,MTCP1,0.03984836467496562,0.12862604048086201,0.08877767580589639
263_ALG11_P1P2_ENSG00000253710,ALG11,0.03982417387440154,-0.12623424645368547,-0.16605842032808701
2508_EGLN2_P1_ENSG00000269858,EGLN2,0.03973983363852504,0.1738097544828578,0.13406992084433275
585_GET3_P1P2_ENSG00000198356,GET3,0.039224123821881035,-0.14986759351207607,-0.1890917173339571
8055_SLC35G2_P1P2_ENSG00000168917,SLC35G2,0.039121874354849845,0.1319362026788165,0.09281432832396666
10201_ZNF207_P2_ENSG00000010244,ZNF207,0.03900163348661026,-0.1342876288742938,-0.17328926236090406
862_BNIP1_P1P2_ENSG00000113734,BNIP1,0.03888672941982235,-0.09505413326228662,-0.13394086268210897
6865_PSMD11_P1P2_ENSG00000108671,PSMD11,0.038311193812073166,-0.1034950468670534,-0.14180624067912656
7338_RNF113A_P1P2_ENSG00000125352,RNF113A,0.03790668152235516,-0.1410754797716684,-0.17898216129402356
5208_MRPL24_P1P2_ENSG00000143314,MRPL24,0.03774282688660974,0.1721425630343728,0.13439973614776307
5205_MRPL21_P1P2_ENSG00000197345,MRPL21,0.037722320368490325,0.13258006959414248,0.09485774922565215
1221_CBLL1_P1P2_ENSG00000105879,CBLL1,0.03756851899345515,0.1139745359717732,0.07640601697831806
7187_RBMXL1_P1P2_ENSG00000213516,RBMXL1,0.03749943336498468,-0.06502652166541587,-0.10252595503040055
8126_SLU7_P1P2_ENSG00000164609,SLU7,0.03728431807790383,-0.13393642873866354,-0.17122074681656738
9638_USP19_P1P2_ENSG00000172046,USP19,0.037263861718568575,-0.1629770468509004,-0.20024090856946897
1877_CRLS1_P1P2_ENSG00000088766,CRLS1,0.036993857155693755,-0.1396222378311149,-0.17661609498680866
8855_TFPT_P1P2_ENSG00000105619,TFPT,0.03661848639300162,0.12295839691267584,0.08633991051967421
10611_ZNF763_P1P2_ENSG00000197054,ZNF763,0.03636510105733992,-0.08830866858817776,-0.12467376964551768
1712_CNN2_P1P2_ENSG00000064666,CNN2,0.03630080968774943,0.16438386578503658,0.12808305609728715
3020_FBXO42_P1P2_ENSG00000037637,FBXO42,0.036292006778617075,0.19401183584825057,0.1577198290696335
7690_SCD_P1P2_ENSG00000099194,SCD,0.03600390427415355,0.15607818441640503,0.12007428014225148
376_AP2M1_P2_ENSG00000161203,AP2M1,0.03598312279445358,-0.0919135159574088,-0.12789663875186238
5420_N6AMT1_P1P2_ENSG00000156239,N6AMT1,0.03597794778616793,0.1502732902204933,0.11429534243432536
5536_NDUFA3_P1P2_ENSG00000170906,NDUFA3,0.03557812755644396,0.15941660409654135,0.12383847654009739
8692_TARDBP_P1P2_ENSG00000120948,TARDBP,0.03536873259879118,-0.10581014201403256,-0.14117887461282375
809_BCLAF1_P1P2_ENSG00000029363,BCLAF1,0.03503936991105305,0.12228627251515883,0.08724690260410578
4389_KIF23_P1P2_ENSG00000137807,KIF23,0.03447279541664325,0.14914097254180514,0.11466817712516189
7675_SCAF1_P1P2_ENSG00000126461,SCAF1,0.0342135343548616,-0.17610466571397893,-0.21031820006884053
593_INTS13_P1P2_ENSG00000064102,INTS13,0.03358894175352774,-0.09373410516627527,-0.127323046919803
4394_KIF4A_P1P2_ENSG00000090889,KIF4A,0.03357087162647453,0.14856169415716808,0.11499082253069355
9383_TTC27_P1P2_ENSG00000018699,TTC27,0.03334097770491501,-0.11800122718208347,-0.15134220488699848
2260_DMRTA2_P1P2_ENSG00000142700,DMRTA2,0.033221203055725554,0.12918311655807663,0.09596191350235107
8869_TGS1_P1P2_ENSG00000137574,TGS1,0.03316618292717692,-0.11024252993274665,-0.14340871285992357
7093_RANBP2_P1P2_ENSG00000153201,RANBP2,0.033111920824270086,-0.10006176278247192,-0.133173683606742
1175_CAP1_P1P2_ENSG00000131236,CAP1,0.03307303370406012,0.13982205859795072,0.1067490248938906
2484_EEF1B2_P1P2_ENSG00000114942,EEF1B2,0.032847856299605,0.1510221134981923,0.1181742571985873
8724_TBCA_P1P2_ENSG00000171530,TBCA,0.03275066019210551,0.10092563438047311,0.0681749741883676
3784_HIST2H2AA3_ENST00000369161.3_ENSG00000203812,HIST2H2AA3,0.032516043385905746,0.15177295516748712,0.11925691178158138
10380_ZNF468_P1P2_ENSG00000204604,ZNF468,0.03169599663905333,-0.09602497961424221,-0.12772097625329554
1549_CHCHD2_P1P2_ENSG00000106153,CHCHD2,0.030840709862260757,-0.1793340922485479,-0.21017480211080866
4504_LAMTOR1_P1P2_ENSG00000149357,LAMTOR1,0.030826783087663567,-0.0912514835178171,-0.12207826660548067
5016_MFAP1_P1P2_ENSG00000140259,MFAP1,0.03012043598906268,-0.11376866003019846,-0.14388909601926114
2121_DDX42_P1P2_ENSG00000198231,DDX42,0.029519445365362634,0.1471165257829417,0.11759708041757908
5477_NBEAL1_P1P2_ENSG00000144426,NBEAL1,0.029393636670036333,-0.11468904659255189,-0.14408268326258822
7059_RAD17_P1P2_ENSG00000152942,RAD17,0.02908044007285221,0.16529416038948047,0.13621372031662826
7816_SETD2_P1P2_ENSG00000181555,SETD2,0.028977801520735355,0.10465965881108662,0.07568185729035126
8414_SRP19_P1P2_ENSG00000153037,SRP19,0.028756329643116196,-0.09773859406915791,-0.1264949237122741
6138_PCNX3_P1P2_ENSG00000197136,PCNX3,0.02860293723724082,-0.0813331072734775,-0.10993604451071833
430_AQP7_P1P2_ENSG00000165269,AQP7,0.0278848053725929,-0.06456027320948808,-0.09244507858208098
9337_TSEN2_P1P2_ENSG00000154743,TSEN2,0.02778031088777877,-0.17954804175647926,-0.20732835264425803
6050_PAM16_P1P2_ENSG00000217930,PAM16,0.02751072721871356,-0.12214296671268021,-0.14965369393139377
8096_SLC4A5_P1_ENSG00000188687,SLC4A5,0.027340762329079796,-0.09818264021766403,-0.12552340254674382
1773_COPE_P1P2_ENSG00000105669,COPE,0.027009282003098337,-0.08782021782481919,-0.11482949982791753
6796_PRPF39_P1P2_ENSG00000185246,PRPF39,0.026925022576972102,0.11348003003366622,0.08655500745669412
6853_PSMB5_P1P2_ENSG00000100804,PSMB5,0.02608184759683721,-0.0937199764251853,-0.11980182402202251
2529_EIF1_P1P2_ENSG00000173812,EIF1,0.02529816266524204,-0.12065944889836175,-0.1459576115636038
4522_LARS_P1P2_ENSG00000133706,LARS,0.0250258369346925,-0.10932012497880651,-0.134345961913499
821_BET1_P1P2_ENSG00000105829,BET1,0.024968913088017713,-0.1468218406116544,-0.17179075369967212
8791_TCOF1_P1P2_ENSG00000070814,TCOF1,0.024851913293094663,-0.1062138203308512,-0.13106573362394586
5771_NPM3_P1P2_ENSG00000107833,NPM3,0.024227924709998808,-0.12347914194137126,-0.14770706665137007
9534_UBL5_P1P2_ENSG00000198258,UBL5,0.02390169366088031,-0.1040056999378333,-0.12790739359871361
8941_TKT_P2_ENSG00000163931,TKT,0.02268992479456744,0.1359528019311977,0.11326287713663025
4280_KAT8_P2_ENSG00000103510,KAT8,0.02232031766052235,-0.0949612872494193,-0.11728160490994165
8335_SPCS3_P1_ENSG00000129128,SPCS3,0.02215335494604198,-0.15026117987097867,-0.17241453481702065
4000_HYOU1_P1P2_ENSG00000149428,HYOU1,0.022145165374875764,-0.14820443884675924,-0.170349604221635
8458_SSRP1_P1P2_ENSG00000149136,SSRP1,0.0220484626062961,-0.11183504089261163,-0.13388350349890774
9043_TMEM214_P1P2_ENSG00000119777,TMEM214,0.02177867908359267,0.13157491058525816,0.1097962315016655
4778_MAGOH_P1P2_ENSG00000162385,MAGOH,0.02157173568330399,0.13970297349448776,0.11813123781118377
9245_TRAPPC1_P1P2_ENSG00000170043,TRAPPC1,0.021133405464865113,-0.10039277900226411,-0.12152618446712922
6240_PFDN5_P1P2_ENSG00000123349,PFDN5,0.021075542117909213,0.19993581514762776,0.17886027302971855
5257_MRPS27_P1P2_ENSG00000113048,MRPS27,0.020903947256090197,-0.08167219705961305,-0.10257614431570325
6650_PPP1CB_P1P2_ENSG00000213639,PPP1CB,0.020791315240205277,0.1798447453193598,0.1590534300791545
5272_MRTO4_P1P2_ENSG00000053372,MRTO4,0.02066490125315107,-0.11329030122476152,-0.1339552024779126
9222_TRA2B_P1P2_ENSG00000136527,TRA2B,0.02047897704407431,-0.10447800356851239,-0.1249569806125867
2251_DMAP1_P1P2_ENSG00000178028,DMAP1,0.02045045328332773,0.193646506971533,0.17319605368820526
9690_UXS1_P1P2_ENSG00000115652,UXS1,0.02024436356636186,-0.06360759238178494,-0.0838519559481468
9365_TSR1_P2_ENSG00000167721,TSR1,0.020179210959245172,-0.08375921395758087,-0.10393842491682605
"891_BRD4_ENST00000263377.2,ENST00000371835.4_ENSG00000141867",BRD4,0.01990716597893362,-0.10960269980057498,-0.1295098657795086
2108_DDX19B_P2_ENSG00000157349,DDX19B,0.019599839811256084,-0.0671559247866562,-0.08675576459791229
523_ARMC6_P1P2_ENSG00000105676,ARMC6,0.019491627209252058,-0.11558924923906126,-0.13508087644831332
2857_FAM136A_P1P2_ENSG00000035141,FAM136A,0.019357279915244913,0.24258846610314672,0.2232311861879018
2774_EWSR1_P1P2_ENSG00000182944,EWSR1,0.019146086187942668,0.15383978814963184,0.13469370196168917
8430_SRSF11_P2_ENSG00000116754,SRSF11,0.019128774607477653,-0.11886308038849795,-0.1379918549959756
7057_RAC3_P1P2_ENSG00000169750,RAC3,0.019048928401383808,-0.13720824149651245,-0.15625716989789626
5832_NSRP1_P1P2_ENSG00000126653,NSRP1,0.01870034659454642,-0.1227868336280053,-0.14148718022255172
1737_COASY_P1P2_ENSG00000068120,COASY,0.018513307228165493,0.14820242045519688,0.1296891132270314
3472_GON4L_P2_ENSG00000116580,GON4L,0.018429714482529114,-0.09013329458021956,-0.10856300906274867
2929_CCNQ_P1P2_ENSG00000262919,CCNQ,0.018367132216179,-0.16688868974091509,-0.18525582195709409
9498_UBE2D3_P1P2_ENSG00000109332,UBE2D3,0.017862842277106245,0.11604742412866034,0.0981845818515541
3385_GLB1_P1P2_ENSG00000170266,GLB1,0.017779004728854297,0.15714389517281518,0.1393648904439609
5317_MTHFD1_P1P2_ENSG00000100714,MTHFD1,0.01740259096455951,-0.09090230177376363,-0.10830489273832314
4540_LDB1_P2_ENSG00000198728,LDB1,0.017229430066365264,0.11288662290793977,0.0956571928415745
3319_GCLC_P1P2_ENSG00000001084,GCLC,0.016803839251605945,0.15464512639168887,0.13784128714008292
33_ABCF1_P1_ENSG00000204574,ABCF1,0.01671893832566909,-0.16033093548412686,-0.17704987380979595
7505_RPS16_P1P2_ENSG00000105193,RPS16,0.016596831655036892,0.129110454461053,0.1125136228060161
4594_LIN54_P2_ENSG00000189308,LIN54,0.016545869611939698,-0.1241633766883886,-0.1407092463003283
9571_UFM1_P1P2_ENSG00000120686,UFM1,0.01645888051206522,0.10046140431612643,0.08400252380406122
2734_ESPN_P2_ENSG00000187017,ESPN,0.016452560968996,-0.15494384834612637,-0.17139640931512237
7484_RPLP2_P1P2_ENSG00000177600,RPLP2,0.016257069081354672,-0.09372199481677115,-0.10997906389812583
3548_GSDMA_P1P2_ENSG00000167914,GSDMA,0.015930179079598886,-0.1012546322086847,-0.11718481128828359
1775_COPG1_P2_ENSG00000181789,COPG1,0.015841281543828856,0.12421787326116672,0.10837659171733786
4921_MDN1_P1P2_ENSG00000112159,MDN1,0.01574192895612854,0.11194403403815253,0.096202105082024
9248_TRAPPC3_P1P2_ENSG00000054116,TRAPPC3,0.015405274403330227,-0.15741435964507428,-0.1728196340484045
9762_VPS51_P1P2_ENSG00000149823,VPS51,0.015051331887824038,0.1384273500133296,0.12337601812550555
1139_CA5A_P1P2_ENSG00000174990,CA5A,0.014364733889514869,-0.11117300845302996,-0.12553774234254483
2482_EEF1A1_P1P2_ENSG00000156508,EEF1A1,0.014216768298850352,-0.1460770541171121,-0.16029382241596246
2364_DPY19L2_P1P2_ENSG00000177990,DPY19L2,0.01421193395346608,-0.12065743050677512,-0.1348693644602412
6448_PLEKHN1_P1P2_ENSG00000187583,PLEKHN1,0.014069762179345996,-0.07867286716561216,-0.09274262934495815
5910_NXF1_P1_ENSG00000162231,NXF1,0.013934487222861322,0.11880858381572587,0.10487409659286455
2573_EIF4H_P1P2_ENSG00000106682,EIF4H,0.01353208629066617,-0.10829881883724254,-0.12183090512790871
6793_PRPF31_P1P2_ENSG00000105618,PRPF31,0.01329866915626797,-0.10556389824076959,-0.11886256739703756
1878_CRNKL1_P1P2_ENSG00000101343,CRNKL1,0.01295840791807537,-0.09889916923002465,-0.11185757714810002
4531_LCE1E_P1P2_ENSG00000186226,LCE1E,0.012930344645596031,0.12328941313246644,0.11035906848687041
5933_OGT_P1P2_ENSG00000147162,OGT,0.012846692276725219,0.13975747006725678,0.12691077779053156
7752_SEC61B_P1P2_ENSG00000106803,SEC61B,0.012737678002547645,-0.10136766213739441,-0.11410534013994206
166_ADRM1_P1P2_ENSG00000130706,ADRM1,0.012685746965953981,0.14333204156271928,0.1306462945967653
6803_PRPF8_P1P2_ENSG00000174231,PRPF8,0.012172489864388833,-0.10611290075164583,-0.11828539061603466
8191_SMUG1_P1P2_ENSG00000123415,SMUG1,0.011837494458638548,0.11221248011884424,0.1003749856602057
8244_SNX15_P1_ENSG00000110025,SNX15,0.011703305860848702,-0.061813242263506187,-0.07351654812435489
8840_TFB1M_P1P2_ENSG00000029639,TFB1M,0.011258202325918412,-0.08628825861247658,-0.09754646093839499
4984_METAP1_P1P2_ENSG00000164024,METAP1,0.010944775021492326,0.16131187379401524,0.1503670987725229
1579_CHMP1A_P1P2_ENSG00000131165,CHMP1A,0.010799766136002961,-0.09481999983852794,-0.1056197659745309
5811_NRF1_P1P2_ENSG00000106459,NRF1,0.010187121193779194,0.13173840030356834,0.12155127910978915
7397_RNF8_P1P2_ENSG00000112130,RNF8,0.010123881161468007,0.16137646232471325,0.15125258116324525
6649_PPP1CA_P2_ENSG00000172531,PPP1CA,0.00998879902539096,-0.12997836284221848,-0.13996716186760944
3873_HNRNPM_P1_ENSG00000099783,HNRNPM,0.009911419890272263,0.10679108032390888,0.09687966043363662
5264_MRPS35_P1P2_ENSG00000061794,MRPS35,0.009785864449030734,-0.08804022250748927,-0.09782608695652001
4255_JMJD6_P1P2_ENSG00000070495,JMJD6,0.009338240095361328,0.13912773189301242,0.1297894917976511
2109_DDX1_P1P2_ENSG00000079785,DDX1,0.009277354284011663,-0.07916333632055264,-0.0884406906045643
8397_SRCAP_P1P2_ENSG00000080603,SRCAP,0.008791152156376963,0.13238226721890053,0.12359111506252357
1198_CASC3_P1P2_ENSG00000108349,CASC3,0.00836913592886493,0.13128628058872574,0.12291714465986081
116_ACTR5_P1P2_ENSG00000101442,ACTR5,0.00813877193879782,0.12589717505913955,0.11775840312034173
1939_CTNNBL1_P1P2_ENSG00000132792,CTNNBL1,0.008105010999501366,0.15908155109357164,0.15097654009407027
5518_NDC1_P1P2_ENSG00000058804,NDC1,0.007399036112041332,0.11871170101969394,0.11131266490765261
10542_ZNF674_P1P2_ENSG00000251192,ZNF674,0.006815195999187285,0.16770411994090945,0.16088892394172216
3286_GART_P1P2_ENSG00000159131,GART,0.006638217534533669,0.14266193555679238,0.1360237180222587
2188_DHODH_P2_ENSG00000102967,DHODH,0.006627992205774494,-0.11844729172217029,-0.12507528392794479
5558_NDUFB6_P1P2_ENSG00000165264,NDUFB6,0.0064555242107345034,-0.08941676556785717,-0.09587228977859168
664_ATP5MF_P1P2_ENSG00000241468,ATP5MF,0.006389708714690218,-0.10955829518572567,-0.11594800390041589
1519_CEP97_P1P2_ENSG00000182504,CEP97,0.006024298217796348,-0.07179418864695217,-0.07781848686474852
9791_WBP11_P2_ENSG00000084463,WBP11,0.0054026895573512645,0.1924940053770062,0.18709131581965494
3869_HNRNPK_P1P2_ENSG00000165119,HNRNPK,0.005401994454484221,-0.15441502975108654,-0.15981702420557076
2686_EPS8L1_P2_ENSG00000131037,EPS8L1,0.005245956368377769,-0.1360153720703032,-0.14126132843868097
8557_STX5_P1P2_ENSG00000162236,STX5,0.005225200214103387,-0.17730964548969505,-0.18253484570379844
3323_GCOM1_P1P2_ENSG00000137878,GCOM1,0.005155597686809926,-0.11563567224549898,-0.1207912699323089
8994_TMEM127_P1P2_ENSG00000135956,TMEM127,0.005121911450224864,0.15667562832530277,0.1515537168750779
4628_LPA_P1P2_ENSG00000198670,LPA,0.0050472535663563245,-0.14376397736171487,-0.1488112309280712
9837_WDR70_P1P2_ENSG00000082068,WDR70,0.004894142547460498,-0.09905862216516821,-0.10395276471262871
3969_HSP90B1_P1P2_ENSG00000166598,HSP90B1,0.004767120490143564,-0.09562937486375991,-0.10039649535390348
5864_NUDT15_P1P2_ENSG00000136159,NUDT15,0.004072461921084902,0.2071132156207408,0.2030407536996559
8223_SNRPA1_P1P2_ENSG00000131876,SNRPA1,0.004006346861635812,-0.16510644997213866,-0.16911279683377448
5953_OR2T5_ENST00000366473.2_ENSG00000203661,OR2T5,0.0039973424490876985,-0.15322417871644953,-0.15722152116553723
4333_KEAP1_P1P2_ENSG00000079999,KEAP1,0.003995131063411553,0.09047843954109926,0.0864833084776877
3760_HIST1H2BC_P1P2_ENSG00000180596,HIST1H2BC,0.003927993928401957,-0.129005498098667,-0.13293349202706894
538_ARPC3_P2_ENSG00000111229,ARPC3,0.0038586614423244403,-0.137632103729178,-0.14149076517150244
5888_NUP155_P1P2_ENSG00000113569,NUP155,0.0035697414626384705,0.07476324266718214,0.07119350120454367
4521_LARS2_P1P2_ENSG00000011376,LARS2,0.0034042731787530395,0.12478705968787665,0.12138278650912361
8942_TKT_P1_ENSG00000163931,TKT,0.0033281326731527394,0.1379752302984847,0.13464709762533197
2501_EFR3A_P1P2_ENSG00000132294,EFR3A,0.0032770587351709513,-0.14511831811466125,-0.1483953768498322
5825_NSF_ENST00000398238.4_ENSG00000073969,NSF,0.002954571157588265,-0.15297995333478104,-0.1559345244923693
2820_FAF2_P1P2_ENSG00000113194,FAF2,0.002288712294908901,-0.13418670929508075,-0.13647542158998965
1290_CCDC6_P1P2_ENSG00000108091,CCDC6,0.0018900518530656635,0.11161099942677534,0.10972094757370968
5493_NCBP1_P1P2_ENSG00000136937,NCBP1,0.0016377826298527853,-0.1386090052558808,-0.14024678788573358
1874_CRKL_P1P2_ENSG00000099942,CRKL,0.0011343885445140311,0.11341140471980637,0.11227701617529234
103_ACSS2_P1P2_ENSG00000131069,ACSS2,0.0009917413473626985,-0.09998910068544513,-0.10098084203280783
5247_MRPS17_P1P2_ENSG00000239789,MRPS17,-1.9338162998219777e-05,0.12358611669532683,0.12360545485832505
7823_SETDB1_P1P2_ENSG00000143379,SETDB1,-0.0005479914627192911,-0.09414383865785157,-0.09359584719513228
10_AARS2_P1P2_ENSG00000124608,AARS2,-0.0006296997954011591,-0.07653740886962485,-0.07590770907422369
5494_NCBP2_P1P2_ENSG00000114503,NCBP2,-0.0006381372661368595,-0.12489605283341688,-0.12425791556728003
7980_SLC25A10_P1P2_ENSG00000183048,SLC25A10,-0.0007855303578718775,0.12417145025472598,0.12495698061259786
9055_TMEM242_P1P2_ENSG00000215712,TMEM242,-0.0008923620739229587,0.19749154293927668,0.19838390501319964
2203_DHX15_P1P2_ENSG00000109606,DHX15,-0.0009311496870005737,-0.10219520268688405,-0.10126405299988347
106_ACTL6A_P1P2_ENSG00000136518,ACTL6A,-0.0009456203355656945,0.06611443472924983,0.06706005506481552
758_BANF1_P1P2_ENSG00000175334,BANF1,-0.0012430954984822273,0.11342149667772734,0.11466459217620957
9593_UNC45A_P2_ENSG00000140553,UNC45A,-0.001829615676237406,0.128343465659087,0.1301730813353244
9747_VPS28_P1P2_ENSG00000160948,VPS28,-0.0018350561816319333,0.1467754176052219,0.14861047378685383
2103_DDX11_P1P2_ENSG00000013573,DDX11,-0.002238355717190388,0.11099942677678946,0.11323778249397985
9513_UBE2N_P1P2_ENSG00000177889,UBE2N,-0.003059983232586938,0.09493101137565119,0.09799099460823812
4487_KXD1_P1P2_ENSG00000105700,KXD1,-0.003089022676524014,0.09965202929089811,0.10274105196742213
10020_ZC3H13_P1P2_ENSG00000123200,ZC3H13,-0.0031683580329741334,0.0935463947489468,0.09671475278192093
2005_CYP2A13_P1P2_ENSG00000197838,CYP2A13,-0.0038737186852120242,-0.16621454695181176,-0.16234082826659973
1161_CALR_P1P2_ENSG00000179218,CALR,-0.004153158974034787,0.1270738973526836,0.13122705632671838
9478_UBA1_P1_ENSG00000130985,UBA1,-0.004534066797050318,0.11489492253414324,0.11942898933119356
2274_DNAJA1_P1_ENSG00000086061,DNAJA1,-0.0049468942141174255,-0.1508041272071083,-0.1458572329929909
2450_EARS2_P1P2_ENSG00000103356,EARS2,-0.005187575775289804,-0.16472497396274244,-0.15953739818745263
4313_POGLUT3_P1P2_ENSG00000178202,POGLUT3,-0.005562561157644433,-0.12251435076415518,-0.11695178960651074
6002_OVCA2_P1P2_ENSG00000262664,OVCA2,-0.006006783194721546,-0.10878726960059469,-0.10278048640587314
46_ABHD17A_P1P2_ENSG00000129968,ABHD17A,-0.0062617442048807925,0.18553660958656049,0.19179835379144128
5400_MYO1H_ENST00000431443.2_ENSG00000174527,MYO1H,-0.006373206910542564,0.08342617934619771,0.08979938625674028
2681_EPS8L1_P1_ENSG00000131037,EPS8L1,-0.006452127943309072,0.12889044977838426,0.13534257772169334
8599_SUPT6H_P1P2_ENSG00000109111,SUPT6H,-0.006543507890031913,-0.13737980478116069,-0.13083629689112877
1491_CENPT_P1P2_ENSG00000102901,CENPT,-0.007218297793950085,0.08641339889069355,0.09363169668464363
7423_RPAP2_P1P2_ENSG00000122484,RPAP2,-0.007499265364038554,0.11197632830351018,0.11947559366754873
8336_SPCS3_P2_ENSG00000129128,SPCS3,-0.008222819239315324,-0.12129927903052189,-0.11307645979120656
9242_TRAPPC11_P1P2_ENSG00000168538,TRAPPC11,-0.008241726146785394,-0.17080840619726076,-0.16256668005047537
2106_DDX19A_P1P2_ENSG00000168872,DDX19A,-0.008352118441523573,-0.11401490380345644,-0.10566278536193287
4121_ING3_P1P2_ENSG00000071243,ING3,-0.00855254817587206,0.12416943186313553,0.1327219800390076
2748_ESYT2_P1P2_ENSG00000117868,ESYT2,-0.008669474946786188,-0.1323681384778086,-0.12369866353102241
2852_FAM133B_P1P2_ENSG00000234545,FAM133B,-0.009474557503521552,0.11564374581184236,0.12511830331536392
4879_MBIP_P1P2_ENSG00000151332,MBIP,-0.009771915532817282,0.1292416499140161,0.13901356544683338
1167_CAMLG_P1P2_ENSG00000164615,CAMLG,-0.010052669182806284,-0.17553749767883575,-0.16548482849602947
7477_RPL7A_P1P2_ENSG00000148303,RPL7A,-0.010150412405960152,-0.1378642187613451,-0.12771380635538496
1962_CUL3_P1P2_ENSG00000036257,CUL3,-0.010187311206705837,0.11172604774706965,0.12191335895377549
685_ATP6V1F_P1P2_ENSG00000128524,ATP6V1F,-0.010332846542298421,0.11402903254454502,0.12436187908684344
937_BUD13_P1P2_ENSG00000137656,BUD13,-0.010447090006663579,-0.11598081720638508,-0.1055337271997215
2304_DNAJC8_P1P2_ENSG00000126698,DNAJC8,-0.010458391361326258,0.20474967907574312,0.21520807043706938
9828_WDR54_P1P2_ENSG00000005448,WDR54,-0.011282260884429254,-0.1258285497452723,-0.11454628886084305
9338_TSEN34_P1P2_ENSG00000170892,TSEN34,-0.011808409226351735,0.18277544989949693,0.19458385912584866
9601_UPF2_P1P2_ENSG00000151461,UPF2,-0.011935409199921698,0.15044485350514114,0.16238026270506284
2750_ETF1_P1P2_ENSG00000120705,ETF1,-0.012190934141794035,-0.16270860077020566,-0.15051766662841162
9250_TRAPPC5_P1P2_ENSG00000181029,TRAPPC5,-0.012243608124558797,-0.1736846142046254,-0.1614410060800666
10553_ZNF687_P1P2_ENSG00000143373,ZNF687,-0.012516639869596557,0.12997432605905007,0.14249096592864663
6860_PSMC3_P1P2_ENSG00000165916,PSMC3,-0.012561472556197772,-0.11956144387660303,-0.10699997132040526
916_BTAF1_P1P2_ENSG00000095564,BTAF1,-0.013061137468005038,0.0892855701148825,0.10234670758288754
6239_PFDN4_P1P2_ENSG00000101132,PFDN4,-0.013536720550858652,0.10788908534566696,0.12142580589652562
9844_WDR7_P1P2_ENSG00000091157,WDR7,-0.013898412293811335,0.1445814259532926,0.15847983824710393
5217_MRPL35_P1P2_ENSG00000132313,MRPL35,-0.014016453701048481,-0.11438426946334844,-0.10036781576229996
8889_THOC3_P1P2_ENSG00000051596,THOC3,-0.014259006795405746,0.08801600180847433,0.10227500860388007
1822_COX7B_P1P2_ENSG00000131174,COX7B,-0.014304608563970284,-0.1845072298786434,-0.17020262131467312
325_ANKRD11_P1P2_ENSG00000167522,ANKRD11,-0.014341778824151552,0.09180855959502912,0.10615033841918067
8798_TDGF1_P1P2_ENSG00000241186,TDGF1,-0.014627133217970462,0.09702610183996496,0.11165323505793542
812_BCR_P1P2_ENSG00000186716,BCR,-0.015829348761605577,0.1036928492422976,0.11952219800390318
104_ACTB_P1P2_ENSG00000075624,ACTB,-0.015867332473870538,0.10088728494037744,0.11675461741424797
6740_PREB_P1P2_ENSG00000138073,PREB,-0.01615268872006262,-0.17529932747191868,-0.15914663875185606
7076_RAD9A_P1P2_ENSG00000172613,RAD9A,-0.016340919625156658,-0.16753255665624464,-0.15119163703108798
6828_PRSS50_P2_nan,PRSS50,-0.01639857403027166,0.10868029484664095,0.1250788688769126
3053_FDXR_P1P2_ENSG00000161513,FDXR,-0.016808886938229406,-0.1484446274452809,-0.13163574050705149
6111_PCBP2_P1_ENSG00000197111,PCBP2,-0.01699971539081449,0.09530239542712976,0.11230211081794425
9596_UNCX_P1P2_ENSG00000164853,UNCX,-0.017309012425126835,0.13877249497421315,0.15608150739933999
6916_PTMA_P1P2_ENSG00000187514,PTMA,-0.017316735864081806,0.15667159154213525,0.17398832740621706
5539_NDUFA6_P1P2_ENSG00000184983,NDUFA6,-0.017966251474140063,0.0941458570494349,0.11211210852357496
2828_RAMAC_P1P2_ENSG00000169612,RAMAC,-0.0179769186227208,-0.1143761958970112,-0.0963992772742904
6395_PKM_P2_ENSG00000067225,PKM,-0.018134528533875316,-0.11496758463115535,-0.09683305609728003
3027_FBXO5_P1P2_ENSG00000112029,FBXO5,-0.01842512789199452,0.1769079855644659,0.19533311345646043
6970_PXN_P1P2_ENSG00000089159,PXN,-0.018463527606647545,-0.16373999886969443,-0.14527647126304688
4887_MBTPS1_P1P2_ENSG00000140943,MBTPS1,-0.018699305705809244,0.10931205141246908,0.12801135711827832
6648_PPP1CA_P1_ENSG00000172531,PPP1CA,-0.018720306836370104,-0.14768167542647906,-0.12896136859010895
3993_HUS1_P1P2_ENSG00000136273,HUS1,-0.019105057753845564,0.07695723431911539,0.09606229207296095
4995_METTL17_P1P2_ENSG00000165792,METTL17,-0.019749013756716394,-0.17621769564268647,-0.15646868188597007
6214_PELO_P1_ENSG00000152684,PELO,-0.021315487824048296,-0.17605622431596088,-0.15474073649191258
9945_YRDC_P1P2_ENSG00000196449,YRDC,-0.02154132389169662,-0.11664284964596879,-0.09510152575427216
10397_ZNF492_P1P2_ENSG00000229676,ZNF492,-0.02157102587724781,-0.12164846077457306,-0.10007743489732525
654_ATP5F1B_P1P2_ENSG00000110955,ATP5F1B,-0.021622111305733244,0.08404784395410639,0.10566995525983963
5559_NDUFB7_P1P2_ENSG00000099795,NDUFB7,-0.021640447277214023,-0.13767448995244308,-0.11603404267522906
9056_TMEM242_P1P2_ENSG00000215712,TMEM242,-0.021794138870230406,0.09943807978298222,0.12123221865321263
5259_MRPS2_P1P2_ENSG00000122140,MRPS2,-0.02254458867587575,0.11323176786881886,0.1357763565446946
8841_TFB2M_P1P2_ENSG00000162851,TFB2M,-0.022621454066998115,0.11443472925295331,0.13705618331995142
9840_WDR74_P2_ENSG00000133316,WDR74,-0.022656640320250845,-0.14531208370673318,-0.12265544338648234
7891_SHC1_P2_ENSG00000160691,SHC1,-0.02343625425766495,-0.13131453807090254,-0.1078782838132376
9616_UQCRQ_P1P2_ENSG00000164405,UQCRQ,-0.023727804577615252,0.06970313496580643,0.09343093954342169
4432_KLHL11_P1P2_ENSG00000178502,KLHL11,-0.023765113360516565,0.14601448397802014,0.1697795973385367
3154_FOXD4_ENST00000382500.2_ENSG00000170122,FOXD4,-0.023794316247412184,-0.10065920669137243,-0.07686489044396025
923_BTF3L4_P1P2_ENSG00000134717,BTF3L4,-0.024003976904760152,0.08270561355067257,0.10670959045543273
9831_WDR5_P1P2_ENSG00000196363,WDR5,-0.0243736405072337,0.1014867472408588,0.1258603877480925
1550_CHCHD3_P1P2_ENSG00000106554,CHCHD3,-0.02463986151205791,0.1403932634162496,0.16503312492830752
7272_RGPD6_ENST00000329516.3_ENSG00000183054,RGPD6,-0.024768606478566615,0.11030510007185305,0.13507370655041967
6128_PCID2_P2_ENSG00000126226,PCID2,-0.02491808829416818,0.0810565876264464,0.10597467592061457
9909_XRCC6_P1P2_ENSG00000196419,XRCC6,-0.024986928512198386,-0.14441591784338675,-0.11942898933118837
10586_ZNF718_ENST00000502662.1_ENSG00000250312,ZNF718,-0.025175878600996182,-0.14181219269987957,-0.11663631409888339
8428_SRSF10_P1P2_ENSG00000188529,SRSF10,-0.025290829961150396,-0.19342852068042993,-0.16813769071927953
8695_TARS_P1P2_ENSG00000113407,TARS,-0.025965226149047282,-0.17368663259620812,-0.14772140644716084
10025_ZC3H4_P1_ENSG00000130749,ZC3H4,-0.026133082343920797,0.06872825183068099,0.09486133417460178
4331_KDM8_P1P2_ENSG00000155666,KDM8,-0.027378417389921583,0.13200482799266944,0.15938324538259102
952_NKAPD1_P1P2_ENSG00000150776,NKAPD1,-0.02758867963424154,0.09684848338056182,0.12443716301480336
4205_ISCA2_P1P2_ENSG00000165898,ISCA2,-0.028274053648334768,-0.13243474540008268,-0.10416069175174791
5206_MRPL22_P1P2_ENSG00000082515,MRPL22,-0.02873501109113208,0.12284738537554196,0.15158239646667404
6709_PPY_P1P2_ENSG00000108849,PPY,-0.029021858410501533,0.06388209363722241,0.09290395204772395
5077_MICOS10_P1P2_ENSG00000173436,MICOS10,-0.02931115523225397,0.09061972695198359,0.11993088218423756
7775_SENP6_P1P2_ENSG00000112701,SENP6,-0.029432628738742028,0.13001873067390363,0.15945135941264565
4553_LEO1_P1P2_ENSG00000166477,LEO1,-0.02989719657165814,-0.15148432517094468,-0.12158712859928654
5239_MRPL55_P1P2_ENSG00000162910,MRPL55,-0.030388067749367656,-0.1317202347793068,-0.10133216702993915
5145_MOK_P1P2_ENSG00000080823,MOK,-0.030468381390141464,0.12060495232559232,0.15107333371573378
10266_ZNF284_ENST00000421176.3_ENSG00000186026,ZNF284,-0.03071440088159226,0.08287112166057137,0.11358552254216363
8972_TMED10_P1P2_ENSG00000170348,TMED10,-0.030717202913633473,-0.1986541364917014,-0.16793693357806794
2095_DDN_P1P2_ENSG00000181418,DDN,-0.031207666887728247,-0.1777173605896886,-0.14650969370196035
7829_SF1_P1P2_ENSG00000168066,SF1,-0.03136726361330591,-0.14687431879283452,-0.11550705517952861
2781_EXOC4_P1P2_ENSG00000131558,EXOC4,-0.03143734535519131,0.09904045664091334,0.13047780199610465
1924_CTBP2_P1P2_ENSG00000175029,CTBP2,-0.03186270424707782,0.13910351119401787,0.1709662154410957
3460_GOLGA6L1_ENST00000560659.2_ENSG00000273976,GOLGA6L1,-0.03295438495012351,-0.24046915493979665,-0.20751476998967314
2570_EIF4G2_P2_ENSG00000110321,EIF4G2,-0.03420758904893931,0.17282679778139293,0.20703438683033223
6081_PARS2_P1P2_ENSG00000162396,PARS2,-0.034325527186390245,-0.14785727549429112,-0.11353174830790087
2394_DTYMK_P1P2_ENSG00000168393,DTYMK,-0.03513518128314422,0.17478867440114532,0.20992385568428953
3338_GEMIN7_P1P2_ENSG00000142252,GEMIN7,-0.03586887658047799,0.1615076577776738,0.1973765343581518
8540_STRIP1_P1P2_ENSG00000143093,STRIP1,-0.03595787828327798,0.14051840369446514,0.17647628197774312
3617_H3F3A_P1P2_ENSG00000163041,H3F3A,-0.03679893915626602,0.08337571955659878,0.1201746587128648
8678_TAMM41_P1P2_ENSG00000144559,TAMM41,-0.037011823376220235,-0.11431766254107065,-0.07730583916485041
10104_ZFR_P1P2_ENSG00000056097,ZFR,-0.03721892373614816,0.12733023308385932,0.16454915682000748
4217_ISY1_P1P2_ENSG00000240682,ISY1,-0.037661019191496975,-0.1419292594117545,-0.10426824022025752
2_AAAS_P1P2_ENSG00000094914,AAAS,-0.03788030935035308,0.07698145501812453,0.11486176436847761
7160_RBM15_P1P2_ENSG00000162775,RBM15,-0.037937958400937624,-0.13024680892290338,-0.09230885052196576
1976_CWF19L2_P1P2_ENSG00000152404,CWF19L2,-0.03893939463276441,-0.16177408546676506,-0.12283469083400064
6383_PITRM1_P1P2_ENSG00000107959,PITRM1,-0.03907953881133551,0.12218938971912303,0.16126892853045854
6543_POLR2D_P2_ENSG00000144231,POLR2D,-0.039158762012408185,-0.11139906831044628,-0.0722403062980381
6728_PRDM4_P1P2_ENSG00000110851,PRDM4,-0.03945056529701066,0.09786373434737469,0.13731429964438535
7335_RNF103_P1P2_ENSG00000239305,RNF103,-0.039597057093658475,0.08014023784726257,0.11973729494092104
3479_GOSR2_P1P2_ENSG00000108433,GOSR2,-0.03983988679934476,-0.12963927305608425,-0.08979938625673949
5252_MRPS22_P1P2_ENSG00000175110,MRPS22,-0.03997736848161634,0.09757712274243016,0.1375544912240465
8108_SLC7A5_P1P2_ENSG00000103257,SLC7A5,-0.040127892922543484,-0.119513002478583,-0.07938510955603952
1774_COPG1_P1_ENSG00000181789,COPG1,-0.04055395172188957,-0.12500100919578988,-0.08444705747390031
9793_WBP1_P1P2_ENSG00000239779,WBP1,-0.040655971928846193,0.06308886574466598,0.10374483767351217
5254_MRPS24_P1P2_ENSG00000062582,MRPS24,-0.041341688950278954,0.1162956862935072,0.15763737524378615
7649_SAP30BP_P1P2_ENSG00000161526,SAP30BP,-0.04150022313750758,-0.13992499656873225,-0.09842477343122467
5531_NDUFA11_P1P2_ENSG00000174886,NDUFA11,-0.04220660985950295,-0.13497791879606408,-0.09277130893656113
7975_SLC1A5_P2_ENSG00000105281,SLC1A5,-0.04284682247768222,-0.16305374573108442,-0.1202069232534022
1823_COX7C_P1P2_ENSG00000127184,COX7C,-0.04435900839312626,0.0966728833127434,0.14103189170586966
10405_ZNF506_P1P2_ENSG00000081665,ZNF506,-0.045301064937300406,0.0892492390663725,0.1345503040036729
5766_NPEPPS_P1P2_ENSG00000141279,NPEPPS,-0.04572605127075843,0.10172289905619616,0.1474489503269546
1836_CPOX_P1P2_ENSG00000080819,CPOX,-0.0460401961669758,0.132866681199086,0.1789068773660618
9623_UROD_P1P2_ENSG00000126088,UROD,-0.046440606608947846,-0.14538878258691998,-0.09894817597797213
4737_LZTR1_P1P2_ENSG00000099949,LZTR1,-0.04683698394359022,0.09607342101225984,0.14291040495585006
2291_DNAJC17_P1P2_ENSG00000104129,DNAJC17,-0.04727527129694284,-0.17902931511935602,-0.13175404382241318
2346_DPH1_P1_ENSG00000108963,DPH1,-0.047501163833009966,-0.11992071757856344,-0.07241955374555348
1692_CMC4_P1P2_ENSG00000182712,CMC4,-0.04769865651470524,-0.13536141319704934,-0.08766275668234409
6481_PMPCB_P2_ENSG00000105819,PMPCB,-0.04789611709824787,0.116029258604404,0.16392537570265187
7186_RBMX2_P1P2_ENSG00000134597,RBMX2,-0.04825808209512408,-0.1869131526469097,-0.1386550705517856
2217_DHX8_P1P2_ENSG00000067596,DHX8,-0.048745233997901316,-0.1828259096890763,-0.134080675691175
5357_MVK_P1P2_ENSG00000110921,MVK,-0.04883539493868286,0.12744729979574515,0.176282694734428
1152_CAD_P1P2_ENSG00000084774,CAD,-0.04903851718356009,-0.1528729785808256,-0.10383446139726552
8426_SRRT_P1P2_ENSG00000087087,SRRT,-0.04943485113211077,-0.211022840119147,-0.16158798898703622
7724_SDHAF2_P1P2_ENSG00000167985,SDHAF2,-0.049437140433218174,0.13361752286837802,0.1830546633015962
5142_MOCS3_P1P2_ENSG00000124217,MOCS3,-0.049545764088292185,-0.14140649599146957,-0.09186073190317738
3830_HMGB3_P1P2_ENSG00000029993,HMGB3,-0.04973955625034676,0.10325889505170832,0.15299845130205508
8618_SYF2_P1P2_ENSG00000117614,SYF2,-0.04982211528517841,0.13600729850397036,0.18582941378914877
5556_NDUFB4_P1P2_ENSG00000065518,NDUFB4,-0.049959367591599885,-0.15040246728185877,-0.10044309969025889
8238_SNW1_P1_ENSG00000100603,SNW1,-0.05047515323976828,-0.181562396557419,-0.1310872433176507
802_BCL2L1_P2_ENSG00000171552,BCL2L1,-0.05063059095453128,0.08943694948369539,0.14006754043822667
6676_PPP1R8_P1P2_ENSG00000117751,PPP1R8,-0.05072561854144357,-0.16935516425670152,-0.11862954571525795
2489_EEF2_P2_ENSG00000167658,EEF2,-0.05078410541440906,0.11082180831738533,0.1616059137317944
3614_H2AFX_P1P2_ENSG00000188486,H2AFX,-0.05098622393377186,0.10885589491445938,0.15984211884823124
6273_PHAX_P2_ENSG00000164902,PHAX,-0.05144962723208274,-0.15239461977538676,-0.10094499254330402
9421_TUBB_P2_ENSG00000196230,TUBB,-0.05145026916605487,0.09349997174251624,0.14495024090857112
5209_MRPL27_P1P2_ENSG00000108826,MRPL27,-0.05408502013377099,0.11488079379303949,0.16896581392681048
1148_CACTIN_P1P2_ENSG00000105298,CACTIN,-0.05448160554193153,-0.14388306246518237,-0.08940145692325084
3246_GAB2_P1P2_ENSG00000033327,GAB2,-0.05451928306278392,0.10291375009082726,0.15743303315361118
8057_SLC35G2_P1P2_ENSG00000168917,SLC35G2,-0.05715467544348335,0.10558408215661455,0.1627387576000979
2689_ERAL1_P1P2_ENSG00000132591,ERAL1,-0.05719845250921411,0.09624094751373592,0.15343940002295003
5246_MRPS16_P1P2_ENSG00000182180,MRPS16,-0.05728417070776293,0.10924746288177584,0.16653163358953876
2311_DNM1L_P1P2_ENSG00000087470,DNM1L,-0.057777556568208405,0.12530578632498998,0.1830833428931984
6783_PRODH_P1_ENSG00000100033,PRODH,-0.05789189861353519,0.07556858090924476,0.13346047952277995
9475_U2SURP_P1P2_ENSG00000163714,U2SURP,-0.057907291222703744,-0.15999588248116117,-0.10208859125845743
1972_CWC22_P1P2_ENSG00000163510,CWC22,-0.058048086828646955,-0.19733410839569418,-0.13928602156704722
3260_GAK_P1P2_ENSG00000178950,GAK,-0.060362547306432646,-0.15855071410693644,-0.0981881668005038
6988_QRSL1_P1P2_ENSG00000130348,QRSL1,-0.060508816818381855,0.09222434826135747,0.15273316507973933
944_TWNK_P1P2_ENSG00000107815,TWNK,-0.06141120077845093,0.07532233713597895,0.13673353791442988
8041_SLC35B1_P1P2_ENSG00000121073,SLC35B1,-0.06168586793700805,0.059288234391777155,0.12097410232878521
6834_PSAT1_P1P2_ENSG00000135069,PSAT1,-0.06192573164671161,0.11782360872267816,0.17974934036938978
2155_DENR_P1P2_ENSG00000139726,DENR,-0.06240676383112248,0.14584292069336063,0.20824968452448311
9253_TRAPPC8_P1P2_ENSG00000153339,TRAPPC8,-0.06246164659466022,-0.19445588199674624,-0.13199423540208602
9755_VPS37C_P1P2_ENSG00000167987,VPS37C,-0.06323842755962408,0.06702069255051143,0.13025912011013552
10280_ZNF317_P1P2_ENSG00000130803,ZNF317,-0.06323978902459373,0.06748895939803207,0.1307287484226258
4405_KLC2_P1P2_ENSG00000174996,KLC2,-0.06344323146944356,0.09694738456818555,0.1603906160376291
454_ARGFX_P1P2_ENSG00000186103,ARGFX,-0.0639236502290773,0.09496128724941706,0.15888493747849436
167_ADSL_P1P2_ENSG00000239900,ADSL,-0.06470339166182101,0.09981350061763028,0.1645168922794513
3792_HIST2H3D_ENST00000331491.1_ENSG00000183598,HIST2H3D,-0.06533221977116577,0.08654055756048928,0.15187277733165505
7658_SART1_P1P2_ENSG00000175467,SART1,-0.06593507998883498,-0.15728316419211572,-0.09134808420328074
978_C14orf178_P1P2_ENSG00000197734,C14orf178,-0.06646720585057544,-0.1923204237007468,-0.12585321785017137
1715_CNOT11_P1P2_ENSG00000158435,CNOT11,-0.06675069160555772,-0.15561799113521219,-0.08886729952965447
8719_TBC1D3_ENST00000537432.1_ENSG00000274611,TBC1D3,-0.06711508726272658,-0.15107459167938167,-0.08395950441665509
6923_PTPN11_P1P2_ENSG00000179295,PTPN11,-0.06717868844982464,0.16979719201362983,0.23697588046345447
8853_TFIP11_P1P2_ENSG00000100109,TFIP11,-0.06727420474474599,-0.22195041215555086,-0.15467620741080487
8898_THUMPD1_P1P2_ENSG00000066654,THUMPD1,-0.06889904203917122,0.09211535511581312,0.16101439715498433
5268_MRPS7_P1P2_ENSG00000125445,MRPS7,-0.07123785493703529,0.0735259686261187,0.14476382356315398
5237_MRPL53_P1P2_ENSG00000204822,MRPL53,-0.071363606179848,0.11777113054149457,0.18913473672134257
7750_SEC61A1_P2_ENSG00000058262,SEC61A1,-0.07168213054820673,0.08914226431241516,0.1608243948606219
6250_PGAM1_P1P2_ENSG00000171314,PGAM1,-0.07171574216890289,0.10301466967003414,0.17473041183893703
204_AHCY_P1P2_ENSG00000101444,AHCY,-0.07204491773805538,-0.16454735550334096,-0.09250243776528558
8351_SPG7_P1P2_ENSG00000197912,SPG7,-0.07218424365994006,0.09717949960035652,0.16936374326029657
10023_ZC3H18_P1P2_ENSG00000158545,ZC3H18,-0.07273312704008503,-0.24306480651696794,-0.1703316794768829
6893_PSTK_P2_ENSG00000179988,PSTK,-0.07321921434957346,0.08301644585462686,0.15623566020420032
2000_CYCS_P1P2_ENSG00000172115,CYCS,-0.07347092650064185,0.1325740144193902,0.20604494092003206
"10585_ZNF718_ENST00000510175.1,ENST00000511079.1,ENST00000513304.1,ENST00000513889.1_ENSG00000250312",ZNF718,-0.07392240185027601,-0.1819297438257248,-0.10800734197544878
4301_KCTD10_P1P2_ENSG00000110906,KCTD10,-0.07422687875038948,-0.18215176689997709,-0.1079248881495876
510_ARL4D_P1P2_ENSG00000175906,ARL4D,-0.0754822294886461,-0.17357360266749106,-0.09809137317884496
2218_DHX9_P1P2_ENSG00000135829,DHX9,-0.07633192745446717,-0.18289453500293326,-0.1065626075484661
10738_ZWINT_P1P2_ENSG00000122952,ZWINT,-0.07645241295169625,0.0754454590226088,0.15189787197430504
8214_SNIP1_P1P2_ENSG00000163877,SNIP1,-0.07700726380831996,-0.22332695521591128,-0.14631969140759132
9725_VHL_P1P2_ENSG00000134086,VHL,-0.07854803380239819,0.1088013983416855,0.1873494321440837
3660_HCRTR1_P1P2_ENSG00000121764,HCRTR1,-0.07868054626338876,0.11283818150992038,0.19151872777330914
3790_HIST2H3A_P1P2_ENSG00000203852,HIST2H3A,-0.07881513587093641,0.09733491575232944,0.17615005162326586
8237_SNW1_P2_ENSG00000100603,SNW1,-0.07975275239355495,-0.21441777476363,-0.13466502237007505
5198_MRPL15_P1P2_ENSG00000137547,MRPL15,-0.07987413854908537,0.1261958970135883,0.20607003556267367
"10531_ZNF658_ENST00000377626.3,ENST00000602553.1_ENSG00000274349",ZNF658,-0.0803992066683463,0.06864146099255994,0.14904066766090623
1035_C1orf109_P1_ENSG00000116922,C1orf109,-0.08079319478950256,0.08119989342892181,0.16199308821842437
653_ATP5F1A_P1_ENSG00000152234,ATP5F1A,-0.08113528405902894,-0.16533856500430766,-0.08420328094527872
4701_LST1_P2_ENSG00000204482,LST1,-0.08164781804060393,-0.18663663299987715,-0.10498881495927322
7737_SEC16A_P1P2_ENSG00000148396,SEC16A,-0.08718658879963578,-0.16280750195783214,-0.07562091315819636
10447_ZNF559_P1P2_ENSG00000188321,ZNF559,-0.0878646431630773,-0.1735736026674931,-0.08570895950441582
304_ANAPC15_P1P2_ENSG00000110200,ANAPC15,-0.08932309325205742,0.07953875715519651,0.16886185040725393
1714_CNOT10_P1P2_ENSG00000182973,CNOT10,-0.08970262137578654,-0.19428633710367155,-0.10458371572788501
3511_GPR61_P1P2_ENSG00000156097,GPR61,-0.0899037807134378,0.08083658294378199,0.17074036365721978
4703_LTB4R2_P1P2_ENSG00000213906,LTB4R2,-0.0920574793232374,0.09199021483759767,0.18404769416083508
3741_HIRA_P1_ENSG00000100084,HIRA,-0.09289871466656699,0.09259371392125001,0.185492428587817
1794_COQ5_P1P2_ENSG00000110871,COQ5,-0.09509462913923628,0.07784330822454091,0.1729379373637772
7425_RPE_P1P2_ENSG00000197713,RPE,-0.09613846244807273,0.1005461767626614,0.19668463921073412
6485_PNISR_P2_ENSG00000132424,PNISR,-0.09657087167299465,-0.2112569735429016,-0.11468610186990695
6210_PEF1_P1P2_ENSG00000162517,PEF1,-0.09718946443921128,0.08917052179458451,0.1863599862337958
8588_SUMO2_P1P2_ENSG00000188612,SUMO2,-0.0973292940327791,-0.19590105037096664,-0.09857175633818754
348_ANKS6_P1P2_ENSG00000165138,ANKS6,-0.09741254938608623,-0.22598315854060536,-0.12857060915451912
5752_NOS1AP_P1P2_ENSG00000198929,NOS1AP,-0.09946499614733925,0.13714163457424208,0.23660663072158133
8097_SLC4A5_P2_ENSG00000188687,SLC4A5,-0.10007507205126595,0.0936089648880567,0.19368403693932265
4330_KDM6A_P1P2_ENSG00000147050,KDM6A,-0.10049169836630281,0.07573005223597129,0.1762217506022741
10239_ZNF253_P1P2_ENSG00000256771,ZNF253,-0.10340399664267175,0.0728356787043519,0.17623967534702364
3616_H2AFZ_P1P2_ENSG00000164032,H2AFZ,-0.1071001256381442,0.1299904731917257,0.23709059882986988
5680_NISCH_P1P2_ENSG00000010322,NISCH,-0.10893295839368916,0.1121902778114181,0.22112323620510727
7623_S100A1_P2_ENSG00000160678,S100A1,-0.11114818651435862,0.11710909810190492,0.22825728461626354
667_ATP5PO_P1P2_ENSG00000241837,ATP5PO,-0.11188888557491555,-0.22023679770063884,-0.10834791212572328
1332_CCNK_P2_ENSG00000090061,CCNK,-0.11489606290105694,-0.2293276333954867,-0.11443157049442976
4475_KRT17_P1P2_ENSG00000128422,KRT17,-0.11587806076812876,0.056514964355202,0.17239302512333077
1340_CCP110_P1P2_ENSG00000103540,CCP110,-0.11590389667822223,0.08711176237879306,0.2030156590570153
7271_RGP1_P1P2_ENSG00000107185,RGP1,-0.11655259715745499,0.08997989681981682,0.2065324939772718
8594_SUPT16H_P1P2_ENSG00000092201,SUPT16H,-0.1172934619185388,-0.18547202105585656,-0.06817855913731775
8818_TERF1_P1P2_ENSG00000147601,TERF1,-0.1189359470569343,0.11599292755589155,0.23492887461282586
3086_FIP1L1_P1P2_ENSG00000145216,FIP1L1,-0.12286580195418406,0.08182761321158294,0.204693415165767
8575_SUDS3_P1P2_ENSG00000111707,SUDS3,-0.12387765054651192,-0.21758463115910098,-0.09370698061258906
5211_MRPL2_P1P2_ENSG00000112651,MRPL2,-0.1241629320610505,0.0778776208814713,0.2020405529425218
6760_PRKCA_P1P2_ENSG00000154229,PRKCA,-0.12664346814048086,0.10881956386594749,0.23546303200642835
5204_MRPL20_P1P2_ENSG00000242485,MRPL20,-0.13364197033831846,0.05695901050371046,0.19060098084202892
1629_CKAP5_P2_ENSG00000175216,CKAP5,-0.13837466578461743,0.08531539386893076,0.2236900596535482
5251_MRPS21_P1P2_ENSG00000266472,MRPS21,-0.14579128664419125,0.10183189220174407,0.24762317884593532
9847_WDR82_P1P2_ENSG00000164091,WDR82,-0.1466505986557811,-0.05522723052454042,0.09142336813124066
5560_NDUFB8_P1P2_ENSG00000166136,NDUFB8,-0.14759210472689782,-0.07787560248989041,0.06971650223700741
1323_CCND3_P1P2_ENSG00000112576,CCND3,-0.15797078099538586,0.07083141586132718,0.22880219685671305
3132_FNTB_P1P2_ENSG00000257365,FNTB,-0.16092047861833386,-0.06690160744705852,0.09401887117127533
1418_CDCA8_P1P2_ENSG00000134690,CDCA8,-0.16791267994155543,-0.09000815430200193,0.0779045256395535
8213_SNF8_P1P2_ENSG00000159210,SNF8,-0.17029916527122008,0.08425371989568964,0.2545528851669097
1289_CCDC6_P1P2_ENSG00000108091,CCDC6,-0.17242313665689843,0.05954457012295735,0.2319677067798558
8306_SP1_P1P2_ENSG00000185591,SP1,-0.17308437743871202,-0.05101686568007807,0.12206751175863394
10736_ZW10_P1P2_ENSG00000086827,ZW10,-0.17824779393273438,-0.07727412179782352,0.10097367213491086
5908_NUTF2_P1P2_ENSG00000102898,NUTF2,-0.17834163646421858,-0.05775829357101993,0.12058334289319865
3630_HAPLN2_P1P2_ENSG00000132702,HAPLN2,-0.17886494370060288,-0.06301014847288662,0.11585479522771626
1701_CMTR1_P1P2_ENSG00000137200,CMTR1,-0.18083665028332363,-0.07638199271764642,0.10445465756567719
3878_HNRNPU_P1P2_ENSG00000153187,HNRNPU,-0.18089527431868666,-0.11767828452862214,0.06321698979006452
176_AFG3L2_P1P2_ENSG00000141385,AFG3L2,-0.181977701262454,-0.08262084110414068,0.09935686015831331
875_BOP1_P2_ENSG00000261236,BOP1,-0.182544244816447,-0.08981237031833963,0.09273187449810735
5253_MRPS23_P1P2_ENSG00000181610,MRPS23,-0.18392050938416132,-0.06508303662977145,0.11883747275438986
8436_SRSF6_P1_ENSG00000124193,SRSF6,-0.18671470900341197,-0.08061455986953313,0.10610014913387884
4552_LENG8_P1P2_ENSG00000167615,LENG8,-0.18753278077365745,-0.11132035103865794,0.07621242973499952
6621_PPIA_P1P2_ENSG00000196262,PPIA,-0.18754741281020576,-0.08534768813428482,0.10219972467592095
4972_MEMO1_P1_ENSG00000162959,MEMO1,-0.18976231222154244,-0.1287572359338279,0.061005076287714524
3871_HNRNPL_P2_ENSG00000104824,HNRNPL,-0.19040668715009615,-0.05449051759633903,0.13591616955375713
939_BYSL_P1P2_ENSG00000112578,BYSL,-0.19243903653601796,0.06805410904157873,0.2604931455775967
4718_LURAP1_P1P2_ENSG00000171357,LURAP1,-0.1928937704118139,-0.06401127069860704,0.12888249971320687
5068_MIER1_P1_ENSG00000198160,MIER1,-0.19306452455692008,-0.08083052776903299,0.11223399678788708
4349_PRORP_P1P2_ENSG00000100890,PRORP,-0.19523303207590256,-0.08527906282042125,0.10995396925548132
1840_CPSF2_P1P2_ENSG00000165934,CPSF2,-0.1955854155882473,-0.07766568976514103,0.11791972582310627
9916_YAE1_P1P2_ENSG00000241127,YAE1,-0.19657074616318437,-0.11311671954852394,0.08345402661466042
6525_POLG2_P1P2_ENSG00000256525,POLG2,-0.19715024489334276,-0.10322458239477642,0.09392566249856633
7835_SF3B1_P1P2_ENSG00000115524,SF3B1,-0.1977274934827361,-0.09015751527922523,0.10756997820351086
7753_SEC61G_P1P2_ENSG00000132432,SEC61G,-0.19839375535224946,-0.1068556688546016,0.09153808649764784
378_AP2S1_P1P2_ENSG00000042753,AP2S1,-0.19848647719826457,-0.08782627299957219,0.1106602041986924
342_ANKRD49_P1P2_ENSG00000168876,ANKRD49,-0.19886690760114645,0.09939367516813254,0.29826058276927897
1533_CFDP1_P2_ENSG00000153774,CFDP1,-0.20058476601556247,-0.09436989851527482,0.10621486750028764
2987_FBLIM1_P1P2_ENSG00000162458,FBLIM1,-0.20121711505121512,-0.06911174623166413,0.13210536881955098
3770_HIST1H2BN_P1P2_ENSG00000233822,HIST1H2BN,-0.20146952433117035,0.10700099304865571,0.30847051737982606
4998_METTL21A_P1P2_ENSG00000144401,METTL21A,-0.201655545413553,-0.0851196098852744,0.1165359355282786
6802_PRPF6_P1P2_ENSG00000101161,PRPF6,-0.20239193356872548,-0.10716851955014034,0.09522341401858515
5218_MRPL36_P1P2_ENSG00000171421,MRPL36,-0.20296371210158165,-0.1076327496144859,0.09533096248709573
9483_UBA5_P1P2_ENSG00000081307,UBA5,-0.20547816935053625,-0.1349658084465557,0.07051236090398055
655_ATP5F1C_P1P2_ENSG00000165629,ATP5F1C,-0.20637954634345398,-0.13105618394813368,0.07532336239532031
2204_DHX16_P1P2_ENSG00000204560,DHX16,-0.20709001728672263,-0.1295726661338034,0.07751735115291924
7486_RPN2_P1P2_ENSG00000118705,RPN2,-0.20724394262602186,-0.08964686220844091,0.11759708041758093
4535_LCN10_P1P2_ENSG00000187922,LCN10,-0.20746841812593317,-0.08888189179806479,0.11858652632786838
457_ARHGAP11B_P1P2_ENSG00000284906,ARHGAP11B,-0.20803571435105217,-0.07912095009728841,0.12891476425376375
5484_NBPF3_P1P2_ENSG00000142794,NBPF3,-0.2083513762826134,-0.10293595239824804,0.10541542388436538
784_BCAR1_P2_ENSG00000050820,BCAR1,-0.2090429873223822,-0.06757373184456805,0.14146925547781414
4687_LSM12_P1P2_ENSG00000161654,LSM12,-0.2090714205194673,-0.0582992225155634,0.1507721980039039
3626_HAMP_P1P2_ENSG00000105697,HAMP,-0.20944490741914062,-0.10769330136200894,0.10175160605713167
2031_DAXX_P1_ENSG00000204209,DAXX,-0.210025028343926,-0.07194354962418222,0.1380814787197438
5238_MRPL54_P1P2_ENSG00000183617,MRPL54,-0.21278043791885884,-0.10594537425016526,0.10683506366869358
6554_POLR2M_P1P2_ENSG00000255529,POLR2M,-0.21355313923557168,-0.12947174655460406,0.08408139268096762
5225_MRPL42_P1P2_ENSG00000198015,MRPL42,-0.21546729450930607,-0.11220642494408878,0.1032608695652173
6026_PABPN1_P1P2_ENSG00000100836,PABPN1,-0.21676867060168895,-0.08474217065904713,0.13202649994264182
3787_HIST2H2AC_P1P2_ENSG00000184260,HIST2H2AC,-0.21734876295940575,-0.09983772131663624,0.11751104164276953
3768_HIST1H2BL_P1P2_ENSG00000185130,HIST1H2BL,-0.21791074328012877,-0.1154600721776824,0.10245067110244638
5749_NOP56_P1P2_ENSG00000101361,NOP56,-0.21817659794931843,-0.09636003261720813,0.12181656533211031
6885_PSMG3_P2_ENSG00000157778,PSMG3,-0.21858737672901143,-0.12662985120417253,0.0919575255248389
8216_SNRNP200_P1P2_ENSG00000144028,SNRNP200,-0.21878179609286635,-0.13240245113473828,0.08637934495812806
2044_DBR1_P1P2_ENSG00000138231,DBR1,-0.21894476601802126,-0.37104698008249337,-0.1521022140644721
8058_SLC35G6_ENST00000412468.2_ENSG00000259224,SLC35G6,-0.21902895835354322,-0.13389000573222853,0.08513895262131468
2361_DPPA2_P1P2_ENSG00000163530,DPPA2,-0.21944085770293847,-0.08358563228134742,0.13585522542159106
5241_MRPS10_P1P2_ENSG00000048544,MRPS10,-0.2200426860622126,-0.08772939020353461,0.13231329585867802
9753_VPS37A_P1P2_ENSG00000155975,VPS37A,-0.22034747890761602,0.10255245799727208,0.3228999369048881
"1121_C7orf50_ENST00000357429.6,ENST00000397098.3,ENST00000397100.2_ENSG00000146540",C7orf50,-0.22111448918553198,-0.12949394886202537,0.09162054032350661
5452_NAGLU_P1P2_ENSG00000108784,NAGLU,-0.22144328866515872,-0.10696869878331623,0.1144745898818425
1361_CD2BP2_P1P2_ENSG00000169217,CD2BP2,-0.22155672597113973,-0.10338605372151023,0.11817067224962952
3394_GLI4_P1P2_ENSG00000250571,GLI4,-0.2216691504344738,-0.07703796998248105,0.14463118045199275
9615_UQCRH_P1P2_ENSG00000173660,UQCRH,-0.2234522408185698,-0.06611241633766955,0.15733982448090025
8716_TBC1D28_ENST00000405044.1_ENSG00000189375,TBC1D28,-0.22574140859455258,-0.07969417330717724,0.14604723528737534
8498_STAT5A_P1P2_ENSG00000126561,STAT5A,-0.2257866814512105,-0.07289219366870911,0.1528944877825014
4781_MALSU1_P1P2_ENSG00000156928,MALSU1,-0.22581799419057974,-0.08889803893073563,0.13691995525984413
6511_POGZ_P1P2_ENSG00000143442,POGZ,-0.22619563630950865,-0.06807429295743109,0.15812134335207756
3551_GSK3B_P1P2_ENSG00000082701,GSK3B,-0.22705050717075356,-0.06110680520906622,0.16594370196168734
1920_CT45A5_P1P2_ENSG00000228836,CT45A5,-0.22718528065521587,-0.08849436061391434,0.13869092004130154
8437_SRSF6_P2_ENSG00000124193,SRSF6,-0.227298676224928,-0.08827435593124706,0.13902432029368092
8832_TFAM_P1P2_ENSG00000108064,TFAM,-0.22766232158431216,-0.11748250054496368,0.11017982103934847
10055_ZDHHC7_P1P2_ENSG00000153786,ZDHHC7,-0.22866569481911364,-0.09731675022807866,0.13134894459103497
5619_NF1_P1P2_ENSG00000196712,NF1,-0.22866722085583163,-0.06659884870944581,0.1620683721463858
4284_KATNB1_P1P2_ENSG00000140854,KATNB1,-0.22876322788479087,-0.11783773746376593,0.11092549042102492
5123_MMGT1_P1P2_ENSG00000169446,MMGT1,-0.22878875120700026,-0.10028984103147981,0.12849891017552045
1895_CSH2_P2_ENSG00000213218,CSH2,-0.22937051727026336,-0.11160494425202398,0.11776557301823937
786_BCAS2_P1P2_ENSG00000116752,BCAS2,-0.23018809940631935,-0.11865316766374759,0.11153493174257177
7948_SKP2_P1P2_ENSG00000145604,SKP2,-0.23058150258294768,-0.08768902237185199,0.14289248021109568
4661_LRRC37A3_P1P2_ENSG00000176809,LRRC37A3,-0.23174648271498777,-0.10045131235820974,0.131295170356778
2723_ERVW-1_ENST00000493463.2_ENSG00000242950,ERVW-1,-0.2321584268975689,-0.12663186959574305,0.10552655730182586
997_C16orf86_P1P2_ENSG00000159761,C16orf86,-0.23225242129469292,-0.09973478334585086,0.13251763794884208
6629_PPIL1_P1P2_ENSG00000137168,PPIL1,-0.2328714348678541,-0.08579173428278696,0.14707970058506714
9886_XAB2_P1P2_ENSG00000076924,XAB2,-0.23410806303865667,-0.10993977119512875,0.12416829184352793
579_ASF1B_P1P2_ENSG00000105011,ASF1B,-0.2343315021071148,-0.08102833014428086,0.1533031719628339
2107_DDX19B_P1_ENSG00000157349,DDX19B,-0.23443809920858377,-0.08486327415409205,0.14957482505449174
6858_PSMC2_P1P2_ENSG00000161057,PSMC2,-0.23566073936074222,-0.08066905644230592,0.1549916829184363
1516_CEP85_P1P2_ENSG00000130695,CEP85,-0.235754979370895,-0.0849541017753837,0.1508008775955113
8925_TIMM8A_P1P2_ENSG00000126953,TIMM8A,-0.23640591360897506,-0.12784290454622077,0.10856300906275429
5240_MRPL9_P1P2_ENSG00000143436,MRPL9,-0.23650408779821314,-0.09185498260146939,0.14464910519674376
5467_NARS2_P1P2_ENSG00000137513,NARS2,-0.2370513460976019,-0.07273879590831883,0.16431255018928306
5207_MRPL23_P1P2_ENSG00000214026,MRPL23,-0.23748687466025564,-0.10409450916753403,0.1333923654927216
5911_NXF1_P2_ENSG00000162231,NXF1,-0.23796352004989077,-0.1382517499454963,0.09971177010439447
5220_MRPL38_P1P2_ENSG00000204316,MRPL38,-0.23860004424673556,-0.15039237532393837,0.08820766892279719
1262_CCDC144NL_P2_ENSG00000205212,CCDC144NL,-0.23995731099599987,-0.12474063668143524,0.11521667431456463
3809_HLA-C_P1P2_ENSG00000204525,HLA-C,-0.2400327238085836,-0.09493908494198935,0.14509363886659424
9398_TTI1_P1P2_ENSG00000101407,TTI1,-0.24032813114470963,-0.10015662718692493,0.14017150395778472
7728_SDHD_P1P2_ENSG00000204370,SDHD,-0.24037489377209142,-0.16264603063110258,0.07772886314098883
7580_RSRC2_P1P2_ENSG00000111011,RSRC2,-0.24062718418183698,-0.06892605420592567,0.17170112997591133
5146_MON1A_P1P2_ENSG00000164077,MON1A,-0.24070781043943457,-0.13607390542624015,0.10463390501319443
6669_PPP1R37_P1P2_ENSG00000104866,PPP1R37,-0.24115841048510112,-0.0720707082939792,0.16908770219112193
1036_C1orf109_P2_ENSG00000116922,C1orf109,-0.24239366737913537,-0.12174938035378192,0.12064428702535344
5197_MRPL14_P1P2_ENSG00000180992,MRPL14,-0.24245854244874437,-0.08901914242578647,0.15343940002295792
1815_COX5A_P1P2_ENSG00000178741,COX5A,-0.24336017252204817,-0.1569521479723177,0.08640802454973044
4474_KRT10_P1_ENSG00000186395,KRT10,-0.24372666011578498,-0.09066009478366836,0.1530665653321166
1548_CHCHD1_P1P2_ENSG00000172586,CHCHD1,-0.24615820933131632,-0.10119004367799254,0.14496816565332377
5537_NDUFA4_P1P2_ENSG00000189043,NDUFA4,-0.24651487796053428,-0.1318251911416736,0.11468968681886069
6875_PSMD7_P1P2_ENSG00000103035,PSMD7,-0.24700708718807668,-0.10134344143838922,0.14566364574968746
6553_POLR2L_P1P2_ENSG00000177700,POLR2L,-0.24741394666555389,-0.08816334439412139,0.1592506022714325
9041_TMEM214_P1P2_ENSG00000119777,TMEM214,-0.24815149278518167,-0.1479844341640958,0.1001670586210859
9255_TREML2_P1P2_ENSG00000112195,TREML2,-0.24954350500982203,-0.15545651980848946,0.09408698520133257
10094_ZFP69B_P1P2_ENSG00000187801,ZFP69B,-0.24994999051061625,-0.12629076141803477,0.12365922909258148
1333_CCNK_P1_ENSG00000090061,CCNK,-0.2499744261138046,-0.10171886227303133,0.1482555638407733
5242_MRPS11_P1P2_ENSG00000181991,MRPS11,-0.2508018102246307,-0.07146115403557324,0.17934065618905748
7830_SF3A1_P1_ENSG00000099995,SF3A1,-0.25086949690651705,-0.13501828662775053,0.1158512102787665
6770_PRKRIP1_P2_ENSG00000128563,PRKRIP1,-0.25150815628126866,-0.12318849355325506,0.1283196627280136
9439_TWF1_P1P2_ENSG00000151239,TWF1,-0.25252603292846976,-0.09954909132010972,0.15297694160836006
6406_PLA2G10_ENST00000438167.3_ENSG00000069764,PLA2G10,-0.25294224616439775,-0.11430151540839954,0.13864073075599823
6251_PGAM5_P1P2_ENSG00000247077,PGAM5,-0.2533449710302543,-0.17696046374563823,0.07638450728461604
4478_KRT8_P1_ENSG00000170421,KRT8,-0.2537834125068399,-0.13139325534267698,0.12239015716416293
9563_UCHL5_P1P2_ENSG00000116750,UCHL5,-0.25407569627954957,-0.11885500682216125,0.1352206894573883
3766_HIST1H2BJ_P1P2_ENSG00000124635,HIST1H2BJ,-0.2546369249711081,-0.12221966559287953,0.13241725937822857
4997_METTL1_P1P2_ENSG00000037897,METTL1,-0.2547954838759536,-0.10217703716262792,0.15261844671332564
9875_GET1_P1P2_ENSG00000182093,GET1,-0.2551705659868873,-0.09828961497162636,0.15688095101526095
9821_WDR44_P1P2_ENSG00000131725,WDR44,-0.25520620083269707,-0.11558319406431136,0.13962300676838568
8056_SLC35G2_P1P2_ENSG00000168917,SLC35G2,-0.2566599998164653,-0.0842920693357886,0.17236793048067672
7357_RNF14_P1P2_ENSG00000013561,RNF14,-0.25748287875432063,-0.10147665528293745,0.15600622347138315
8444_SS18L2_P1P2_ENSG00000008324,SS18L2,-0.2581982271974699,-0.11478592938858825,0.14341229780888165
5269_MRPS9_P1P2_ENSG00000135972,MRPS9,-0.26058285352643556,-0.13884515707122994,0.12173769645520563
8245_SNX15_P2_ENSG00000110025,SNX15,-0.2607427916963928,-0.11932731045284556,0.14141548124354725
3434_GNB1L_P1P2_ENSG00000185838,GNB1L,-0.26178384621467743,-0.0802169367274638,0.1815669094872136
5952_OR2T29_ENST00000328570.3_ENSG00000182783,OR2T29,-0.26198959827882573,-0.1365199699663289,0.12546962831249686
2684_EPS8L1_P2_ENSG00000131037,EPS8L1,-0.26233677057478105,-0.1361465675232668,0.12619020305151427
5258_MRPS28_P1P2_ENSG00000147586,MRPS28,-0.26276043393787685,-0.12832126335165903,0.1344391705862178
7170_RBM33_P1P2_ENSG00000184863,RBM33,-0.26307785672333833,-0.12191690685526113,0.1411609498680772
4960_MEF2A_P1P2_ENSG00000068305,MEF2A,-0.26318228252565146,-0.16234125350190506,0.10084102902374638
2112_DDX23_P1P2_ENSG00000174243,DDX23,-0.26329034358041725,-0.12589717505913653,0.13739316852128075
2660_EPB41L2_P1P2_ENSG00000079819,EPB41L2,-0.2633843050110808,-0.10651052389372266,0.1568737811173581
1145_CABIN1_P1P2_ENSG00000099991,CABIN1,-0.26340010378191847,-0.12245783579980393,0.14094226798211457
6256_PGD_P1P2_ENSG00000142657,PGD,-0.26378757762933225,-0.14688239235916947,0.11690518527016276
6769_PRKRA_P1P2_ENSG00000180228,PRKRA,-0.26450546732520563,-0.16903827677799416,0.09546719054721149
6149_PC_P1P2_ENSG00000173599,PC,-0.26490512411198214,-0.15850025431732884,0.10640486979465331
5267_MRPS6_P1P2_ENSG00000243927,MRPS6,-0.26507457543129553,-0.1152380491034277,0.14983652632786781
2189_DHODH_P1_ENSG00000102967,DHODH,-0.265639158190924,-0.0910879937995054,0.1745511643914186
3566_GTF2A1_P1P2_ENSG00000165417,GTF2A1,-0.2657266154490554,-0.15884136249505362,0.1068852529540018
6545_POLR2E_P2_ENSG00000099817,POLR2E,-0.2662304985318267,-0.11499584211333404,0.15123465641849265
2025_DAP3_P1P2_ENSG00000132676,DAP3,-0.2673171585234336,-0.1612170093895548,0.10610014913387876
6159_PDCD6_P1P2_ENSG00000249915,PDCD6,-0.26773576068338345,-0.12184626314981992,0.1458894975335635
5256_MRPS26_P1P2_ENSG00000125901,MRPS26,-0.2706955650253461,-0.09577873584098284,0.17491682918436322
5199_MRPL16_P1P2_ENSG00000166902,MRPL16,-0.2710388794368002,-0.1635119206206896,0.10752695881611064
8341_SPDYE2_ENST00000341656.4_ENSG00000205238,SPDYE2,-0.2713838148190889,-0.12249013006515089,0.14889368475393805
8429_SRSF11_P1_ENSG00000116754,SRSF11,-0.2724954891935117,-0.08537190883329034,0.18712358036022136
1410_CDC73_P1P2_ENSG00000134371,CDC73,-0.27285814347561527,-0.14831343199230537,0.12454471148330991
6604_PPA2_P1P2_ENSG00000138777,PPA2,-0.2743149652711161,-0.12590524862547672,0.14840971664563934
5215_MRPL33_P1P2_ENSG00000243147,MRPL33,-0.27676130495893425,-0.08556163764219565,0.19119966731673857
5221_MRPL39_P1P2_ENSG00000154719,MRPL39,-0.2777836011647463,-0.16458166816027206,0.11320193300447423
3979_HSPA8_P1P2_ENSG00000109971,HSPA8,-0.27840776711253823,-0.12629479820120762,0.15211296891133058
9867_WNK1_P1P2_ENSG00000060237,WNK1,-0.2796424973538605,-0.10675474927539363,0.17288774807846685
1894_CSH2_P1_ENSG00000213218,CSH2,-0.2798689902033976,-0.13520196026189993,0.14466702994149772
9431_TULP1_P1P2_ENSG00000112041,TULP1,-0.28119223653645553,-0.08354324605808075,0.19764899047837478
1238_CCAR1_P1P2_ENSG00000060339,CCAR1,-0.2824586748829578,-0.07970830204826736,0.20275037283469044
1380_CD8B_P1P2_ENSG00000172116,CD8B,-0.2824627491187881,-0.1131025908074357,0.16936015831135237
6460_PLRG1_P1P2_ENSG00000171566,PLRG1,-0.2828523630644691,-0.14228651472214587,0.14056584834232322
6000_OTX1_P1P2_ENSG00000115507,OTX1,-0.2830777595988073,-0.15469356778969598,0.12838419180911137
7836_SF3B2_P1P2_ENSG00000087365,SF3B2,-0.28408547598184564,-0.1292658706130234,0.15481960536882222
6396_PKM_P1_ENSG00000067225,PKM,-0.2849302501674095,-0.17121208451408612,0.11371816565332339
6175_PDHA1_P1P2_ENSG00000131828,PDHA1,-0.28582949151933595,-0.1209218398042956,0.16490765171504035
3501_GPKOW_P1P2_ENSG00000068394,GPKOW,-0.28653251025152715,-0.20043637626047422,0.08609613399105295
1659_CLK2_P1P2_ENSG00000176444,CLK2,-0.28654647621537976,-0.09706041449689606,0.1894860617184837
7403_RNMT_P1P2_ENSG00000101654,RNMT,-0.2887748887433246,-0.1488220666715075,0.13995282207181708
5960_OR7A17_ENST00000327462.2_ENSG00000185385,OR7A17,-0.28944749959127136,-0.09573836800930191,0.19370913158196942
5266_MRPS5_P1P2_ENSG00000144029,MRPS5,-0.29006825905462946,-0.13773302330838527,0.1523352357462442
7668_SBDS_P1P2_ENSG00000126524,SBDS,-0.2914158243203337,-0.16556260647014967,0.12585321785018402
88_ACOT12_P1P2_ENSG00000172497,ACOT12,-0.29247438908602286,-0.0797506882715309,0.212723700814492
3751_HIST1H2AE_P1P2_ENSG00000277075,HIST1H2AE,-0.29275176305313455,-0.1301277238194389,0.16262403923369562
5481_NBPF12_P1P2_ENSG00000268043,NBPF12,-0.2929938604348439,-0.11978346695085294,0.17321039348399092
6597_POU5F1B_P1P2_ENSG00000212993,POU5F1B,-0.2952499293500366,-0.10592519033432156,0.189324739015715
6905_PTEN_P1P2_ENSG00000171862,PTEN,-0.2953406508940386,-0.16310622391227445,0.13223442698176419
9937_YJEFN3_P2_ENSG00000250067,YJEFN3,-0.2979111908098874,-0.14280120457608894,0.15510998623379849
4875_MBD3_P1P2_ENSG00000071655,MBD3,-0.2985608973879924,-0.18508650826328463,0.11347438912470777
7295_RHOQ_P1P2_ENSG00000119729,RHOQ,-0.300226341122829,-0.18193378060888873,0.11829256051394024
2898_FAM207A_P1P2_ENSG00000160256,FAM207A,-0.30046651938857993,-0.22184141901000887,0.07862510037857108
2915_FAM229A_P1P2_ENSG00000225828,FAM229A,-0.30421356788046766,-0.11070877838867475,0.1935047894917929
867_BOD1L1_P1_ENSG00000038219,BOD1L1,-0.3046632429843629,-0.14307166904836371,0.1615915739359992
3378_GJA3_P1P2_ENSG00000121743,GJA3,-0.30469611886577963,-0.1714865857695285,0.13320953309625116
6863_PSMC6_P1P2_ENSG00000100519,PSMC6,-0.30498165632612145,-0.11753901550931951,0.18744264081680195
9833_WDR61_P1P2_ENSG00000140395,WDR61,-0.3056011684769667,-0.12653296840813455,0.17906820006883217
5951_OR2A1_ENST00000408951.1_ENSG00000221970,OR2A1,-0.30631053827151117,-0.07784532661612657,0.22846521165538458
5233_MRPL4_P1P2_ENSG00000105364,MRPL4,-0.30632452394575416,-0.1719104480021897,0.13441407594356447
2521_EHMT2_P1P2_ENSG00000204371,EHMT2,-0.30752302073545545,-0.1663154665310257,0.14120755420442974
10336_ZNF407_ENST00000299687.5_ENSG00000215421,ZNF407,-0.3081845126005943,-0.1547056781391978,0.15347883446139654
700_ATXN10_P1P2_ENSG00000130638,ATXN10,-0.3085610139473884,-0.11414206247325469,0.19441895147413368
6319_PIAS1_P1P2_ENSG00000033800,PIAS1,-0.3086775512569173,-0.20545611613015252,0.10322143512676481
6782_PRODH_P2_ENSG00000100033,PRODH,-0.30869093589412366,-0.14891693107594398,0.1597740048181797
9409_TUBA1C_P1P2_ENSG00000167553,TUBA1C,-0.3088574336920208,-0.15429594464762167,0.15456148904439915
2158_DEPDC5_P1P2_ENSG00000100150,DEPDC5,-0.30930732343957984,-0.1693652562146169,0.13994206722496294
2312_DNM1_P1P2_ENSG00000106976,DNM1,-0.3099326986394192,-0.14772809843291748,0.1622046002065017
6582_POTEI_ENST00000451531.2_ENSG00000196834,POTEI,-0.3148906573360335,-0.11824545256375281,0.1966452047722807
5428_NAA30_P1P2_ENSG00000139977,NAA30,-0.3152079503685884,-0.16598445031122055,0.14922350005736787
6158_PDCD6IP_P1P2_ENSG00000170248,PDCD6IP,-0.3156409583730005,-0.19168059356858777,0.1239603648044127
4311_POGLUT3_P1P2_ENSG00000178202,POGLUT3,-0.3190252073162275,-0.08998998877774211,0.2290352185384854
8208_SNAPC4_P1P2_ENSG00000165684,SNAPC4,-0.3208688168576689,-0.15942064087968985,0.16144817597797903
5508_NCOA4_P1P2_ENSG00000266412,NCOA4,-0.3219238914059118,-0.16791806944881185,0.15400582195709994
5292_MST1_ENST00000449682.2_ENSG00000173531,MST1,-0.3219559950505316,-0.17845407351788747,0.1435019215326441
8147_SMARCB1_P2_ENSG00000099956,SMARCB1,-0.32198185446260574,-0.15567248770799036,0.16630936675461538
5200_MRPL17_P1P2_ENSG00000158042,MRPL17,-0.3231255359267219,-0.08589870903674221,0.23722682688997965
4530_LCE1C_P1P2_ENSG00000197084,LCE1C,-0.3255044295963889,-0.15192837131945863,0.1735760582769303
2334_DOLK_P1P2_ENSG00000175283,DOLK,-0.32582673758065867,-0.11115282453717805,0.2146739130434806
10135_ZMAT2_P2_ENSG00000146007,ZMAT2,-0.3266861404742817,-0.13710328513414044,0.18958285534014124
3835_HMGN2_P1P2_ENSG00000198830,HMGN2,-0.32671494431956966,-0.15379134675159395,0.1729235975679757
2599_ELOF1_P1P2_ENSG00000130165,ELOF1,-0.3273882868257718,-0.17282679778137647,0.15456148904439537
9147_TNNT2_P1P2_ENSG00000118194,TNNT2,-0.3283372979874234,-0.13206134295701427,0.19627595503040912
9677_USP9X_P1P2_ENSG00000124486,USP9X,-0.32871481605525765,-0.17220311478187714,0.1565117012733805
9655_USP39_P2_ENSG00000168883,USP39,-0.3290351517836023,-0.17139777653981914,0.1576373752437832
1474_CENPA_P1_ENSG00000115163,CENPA,-0.3290625683464772,-0.07898369946956699,0.25007886887691017
3050_FDPS_P1P2_ENSG00000160752,FDPS,-0.3307813155813586,-0.1890001695448782,0.1417811460364804
3072_FGFR1OP_P1P2_ENSG00000213066,FGFR1OP,-0.3309201914924609,-0.12615149239873585,0.204768699093725
3518_GPS2_P1P2_ENSG00000132522,GPS2,-0.3319618065850025,-0.12197342181960741,0.2099883847653951
4128_INO80D_P1P2_ENSG00000114933,INO80D,-0.3330658592562701,-0.1673731037211006,0.16569275553516946
6878_PSME1_P1P2_ENSG00000092010,PSME1,-0.3343170110129699,-0.2058396105311496,0.1284774004818203
4144_INTS10_P1P2_ENSG00000104613,INTS10,-0.33770334633565036,-0.198187888035769,0.13951545829988132
1787_COPZ1_P2_ENSG00000111481,COPZ1,-0.33836137012497264,-0.1601714825489728,0.17818988757599985
5210_MRPL28_P1P2_ENSG00000086504,MRPL28,-0.3392907611867242,-0.14677541760521448,0.1925153435815097
452_ARFRP1_P1P2_ENSG00000101246,ARFRP1,-0.3399670044506653,-0.17967318203469426,0.160293822415971
8857_TFRC_P1P2_ENSG00000072274,TFRC,-0.3400599309259624,-0.09075899597129444,0.24930093495466793
9801_WDFY3_P1P2_ENSG00000163625,WDFY3,-0.3401571657307141,-0.22268914347534244,0.11746802225537162
2073_DCTN1_P1P2_ENSG00000204843,DCTN1,-0.34026392659350624,-0.1356601351514954,0.20460379144201085
111_ACTR1B_P1P2_ENSG00000115073,ACTR1B,-0.3418448010639579,-0.18644084901623142,0.1554039520477265
3948_HSD17B10_P1P2_ENSG00000072506,HSD17B10,-0.3427625956069928,-0.18503201169050282,0.15773058391648997
5906_NUS1_P1P2_ENSG00000153989,NUS1,-0.34421155460142466,-0.08738222685106711,0.25682932775035755
5023_MFN2_P2_ENSG00000116688,MFN2,-0.34440221770081564,-0.1457924609037488,0.19860975679706683
2556_EIF3L_P1P2_ENSG00000100129,EIF3L,-0.34440706863071435,-0.15544440945898033,0.18896265917173405
801_BCL2L1_P1_ENSG00000171552,BCL2L1,-0.3456373420054908,-0.16246437538853478,0.18317296661695603
8906_TIGD1_P1P2_ENSG00000221944,TIGD1,-0.34757506429328083,-0.13721025988809843,0.2103648044051824
2345_DPH1_P2_ENSG00000108963,DPH1,-0.34873470001176093,-0.14124502466473854,0.2074896753470224
7781_SEPSECS_P1P2_ENSG00000109618,SEPSECS,-0.35197252751954483,-0.13266686043225304,0.2193056670872918
4473_KRT10_P2_ENSG00000186395,KRT10,-0.35307543461407265,-0.20968464649889387,0.14339078811517875
1669_CLOCK_P1P2_ENSG00000134852,CLOCK,-0.3538914527108308,-0.1461436610393809,0.20774779167144988
10146_ZMYM4_P1P2_ENSG00000146463,ZMYM4,-0.3550421065635975,-0.19665189204025368,0.15839021452334384
6499_PNPT1_P1P2_ENSG00000138035,PNPT1,-0.35626467224457864,-0.11350626912425678,0.24275840312032188
1107_C6orf15_P1P2_ENSG00000204542,C6orf15,-0.35674396918996143,-0.14762314207054153,0.20912082711941987
9340_TSFM_P1P2_ENSG00000123297,TSFM,-0.35750625024462895,-0.12477494933836965,0.23273130090625932
5429_NAA35_P1P2_ENSG00000135040,NAA35,-0.35789059792374356,-0.20446912264553468,0.15342147527820887
4185_IRF2BP2_P2_ENSG00000168264,IRF2BP2,-0.3590180723135481,-0.2317416297300877,0.12727644258346044
5224_MRPL41_P1P2_ENSG00000182154,MRPL41,-0.36094452985995457,-0.16747200490871555,0.193472524951239
1825_CPAMD8_ENST00000443236.1_ENSG00000160111,CPAMD8,-0.36096341141310806,-0.17776176520453602,0.18320164620857207
3021_FBXO42_P1P2_ENSG00000037637,FBXO42,-0.3614727512384611,-0.1602925860440168,0.20118016519444432
2443_E2F6_P1P2_ENSG00000169016,E2F6,-0.36633519335074877,-0.1638429368404862,0.20249225651026256
5260_MRPS30_P1P2_ENSG00000112996,MRPS30,-0.3664398207143691,-0.13705686212770501,0.22938295858666405
1440_CDK6_P1_ENSG00000105810,CDK6,-0.3682578283524729,-0.1769685373119793,0.19128929104049358
1219_CBFA2T3_P2_ENSG00000129993,CBFA2T3,-0.3705991470764252,-0.19755007629519292,0.1730490707812323
9550_UBTF_P1P2_ENSG00000108312,UBTF,-0.37717160430982616,-0.1894099030364558,0.18776170127337036
1770_COPA_P1P2_ENSG00000122218,COPA,-0.378000466498281,-0.13957985160783948,0.23842061489044153
5482_NBPF15_P1P2_ENSG00000266338,NBPF15,-0.3906414896334685,-0.14839214926408412,0.2422493403693844
9635_USP14_P1P2_ENSG00000101557,USP14,-0.3918890986116605,-0.17132511444279647,0.22056398416886402
2271_DNAAF3_P2_ENSG00000167646,DNAAF3,-0.39210339124265337,-0.2191367742872869,0.17296661695536647
663_ATP5ME_P1P2_ENSG00000169020,ATP5ME,-0.39268315616456895,-0.16352604936177131,0.2291571068027976
10236_ZNF24_P1P2_ENSG00000172466,ZNF24,-0.39401001175895234,-0.18029686503418302,0.21371314672476932
4376_KIF14_P1P2_ENSG00000118193,KIF14,-0.3955316434436792,-0.2857497517378168,0.10978189170586239
9673_USP5_P2_ENSG00000111667,USP5,-0.3966961883549669,-0.16610151702309675,0.23059467133187012
5229_MRPL46_P1P2_ENSG00000259494,MRPL46,-0.39815215435429685,-0.13497388201289823,0.2631782723413986
5993_OTOP1_P1P2_ENSG00000163982,OTOP1,-0.39853615375837137,-0.22816503984303615,0.17037111391533521
3641_HAUS7_P2_ENSG00000213397,HAUS7,-0.4007519422507104,-0.18052494328318808,0.22022699896752237
1960_CUL1_P1P2_ENSG00000055130,CUL1,-0.40185412454652925,-0.24312333987290172,0.1587307846736275
6771_PRKRIP1_P1_ENSG00000128563,PRKRIP1,-0.4077364348381924,-0.14267606429787072,0.26506037054032167
1768_COMTD1_P1P2_ENSG00000165644,COMTD1,-0.4105929955968141,-0.2673420204906941,0.14325097510612
9512_UBE2M_P1P2_ENSG00000130725,UBE2M,-0.410993346270824,-0.13779155666431514,0.27320178960650887
5255_MRPS25_P1P2_ENSG00000131368,MRPS25,-0.412385550910677,-0.2511202073291666,0.1612653435815104
10708_ZRSR2_P1P2_ENSG00000169249,ZRSR2,-0.43274404416519907,-0.27377665286085445,0.15896739130434465
3022_FBXO42_P1P2_ENSG00000037637,FBXO42,-0.43318555843862555,-0.2524826216484491,0.18070293679017646
3605_GYG1_P1P2_ENSG00000163754,GYG1,-0.4427705502046937,-0.23685825239581354,0.20591229780888015
3857_HNRNPA1_P1P2_ENSG00000135486,HNRNPA1,-0.4542318555281861,-0.3038002276745561,0.15043162785363004
4896_MCL1_P1P2_ENSG00000143384,MCL1,-0.45451194333702316,-0.19135159574038038,0.26316034759664275
6879_PSME2_P1P2_ENSG00000100911,PSME2,-0.4562917263964982,-0.2308737213489178,0.22541800504758036
1638_CLCC1_P1P2_ENSG00000121940,CLCC1,-0.45874874593904025,-0.12618378666408045,0.33256495927495977
1288_CCDC6_P1P2_ENSG00000108091,CCDC6,-0.473953712922516,-0.19467184989625,0.27928186302626595
4043_IFITM3_P1P2_ENSG00000142089,IFITM3,-0.503638159194961,-0.2274787867044286,0.27615937249053246
3282_GAPDH_P2_ENSG00000111640,GAPDH,-0.5065829619230919,-0.25473312826473943,0.25184983365835256
