perturbation_id,target_gene
0_A1BG_P1_ENSG00000121410,A1BG
10000_ZBTB46_P1P2_ENSG00000130584,ZBTB46
10001_ZBTB47_P1P2_ENSG00000114853,ZBTB47
10002_ZBTB48_P1P2_ENSG00000204859,ZBTB48
10003_ZBTB49_P1P2_ENSG00000168826,ZBTB49
10004_ZBTB4_P2_ENSG00000174282,ZBTB4
10005_ZBTB4_P1_ENSG00000174282,ZBTB4
10006_ZBTB5_P1P2_ENSG00000168795,ZBTB5
10007_ZBTB6_P1P2_ENSG00000186130,ZBTB6
10008_ZBTB7A_P1_ENSG00000178951,ZBTB7A
10009_ZBTB7A_P2_ENSG00000178951,ZBTB7A
1000_C16orf95_P1P2_ENSG00000260456,C16orf95
10010_ZBTB7B_P1P2_ENSG00000160685,ZBTB7B
10011_ZBTB7C_P1_ENSG00000184828,ZBTB7C
10012_ZBTB7C_P2_ENSG00000184828,ZBTB7C
10013_ZBTB8A_P1P2_ENSG00000160062,ZBTB8A
10014_ZBTB8B_P1P2_ENSG00000273274,ZBTB8B
10015_ZBTB8OS_P1P2_ENSG00000176261,ZBTB8OS
10016_ZBTB9_P1P2_ENSG00000213588,ZBTB9
10017_ZC2HC1C_P1P2_ENSG00000119703,ZC2HC1C
10018_ZC3H11A_P1P2_ENSG00000058673,ZC3H11A
10019_ZC3H12A_P1P2_ENSG00000163874,ZC3H12A
1001_C17orf49_P1_ENSG00000258315,C17orf49
10020_ZC3H13_P1P2_ENSG00000123200,ZC3H13
10021_ZC3H14_P1P2_ENSG00000100722,ZC3H14
10022_ZC3H15_P1P2_ENSG00000065548,ZC3H15
10023_ZC3H18_P1P2_ENSG00000158545,ZC3H18
10024_ZC3H3_P1P2_ENSG00000014164,ZC3H3
10025_ZC3H4_P1_ENSG00000130749,ZC3H4
10026_ZC3H4_P2_ENSG00000130749,ZC3H4
10027_ZC3H7A_P1P2_ENSG00000122299,ZC3H7A
10028_ZC3H7B_P1P2_ENSG00000100403,ZC3H7B
10029_ZC3H8_P1P2_ENSG00000144161,ZC3H8
1002_C17orf49_P2_ENSG00000258315,C17orf49
10030_ZC3HAV1_P1P2_ENSG00000105939,ZC3HAV1
10031_ZC3HC1_P1P2_ENSG00000091732,ZC3HC1
10032_ZCCHC10_P1P2_ENSG00000155329,ZCCHC10
10033_TUT4_P1P2_ENSG00000134744,TUT4
10034_ZCCHC17_P1P2_ENSG00000121766,ZCCHC17
10035_ZCCHC3_P1P2_ENSG00000247315,ZCCHC3
10036_ZCCHC4_P1P2_ENSG00000168228,ZCCHC4
10037_TUT7_P1P2_ENSG00000083223,TUT7
10038_ZCCHC7_P1P2_ENSG00000147905,ZCCHC7
10039_ZCCHC8_P1P2_ENSG00000033030,ZCCHC8
1003_C17orf53_P1P2_ENSG00000125319,C17orf53
10040_ZCCHC9_P1P2_ENSG00000131732,ZCCHC9
10041_ZCRB1_P1P2_ENSG00000139168,ZCRB1
10042_ZDHHC12_P1P2_ENSG00000160446,ZDHHC12
10043_ZDHHC14_P1P2_ENSG00000175048,ZDHHC14
10044_ZDHHC16_P1P2_ENSG00000171307,ZDHHC16
10045_ZDHHC17_P1P2_ENSG00000186908,ZDHHC17
10046_ZDHHC18_P1P2_ENSG00000204160,ZDHHC18
10047_ZDHHC19_P1P2_ENSG00000163958,ZDHHC19
10048_ZDHHC20_P1P2_ENSG00000180776,ZDHHC20
10049_ZDHHC24_P1P2_ENSG00000174165,ZDHHC24
1004_C17orf58_P1P2_ENSG00000186665,C17orf58
10050_ZDHHC3_P1P2_ENSG00000163812,ZDHHC3
10051_ZDHHC4_P1P2_ENSG00000136247,ZDHHC4
10052_ZDHHC5_P1P2_ENSG00000156599,ZDHHC5
10053_ZDHHC6_P1P2_ENSG00000023041,ZDHHC6
10056_ZDHHC7_P1P2_ENSG00000153786,ZDHHC7
10057_ZDHHC8_P1P2_ENSG00000099904,ZDHHC8
10058_ZDHHC9_P1P2_ENSG00000188706,ZDHHC9
10059_ZEB1_P2_ENSG00000148516,ZEB1
1005_CYBC1_P1P2_ENSG00000178927,CYBC1
10060_ZEB1_P1_ENSG00000148516,ZEB1
10061_ZEB2_P2_ENSG00000169554,ZEB2
10062_ZEB2_P1_ENSG00000169554,ZEB2
10063_ZER1_P1P2_ENSG00000160445,ZER1
10064_ZFAND1_P1_ENSG00000104231,ZFAND1
10065_ZFAND1_P2_ENSG00000104231,ZFAND1
10066_ZFAND2A_P1P2_ENSG00000178381,ZFAND2A
10067_ZFAND2B_P1P2_ENSG00000158552,ZFAND2B
10068_ZFAND3_P1P2_ENSG00000156639,ZFAND3
10069_ZFAND5_P1P2_ENSG00000107372,ZFAND5
1006_C17orf75_P1P2_ENSG00000108666,C17orf75
10070_ZFAND6_P1P2_ENSG00000086666,ZFAND6
10071_ZFAT_P2_ENSG00000066827,ZFAT
10072_ZFAT_P1_ENSG00000066827,ZFAT
10073_ZFC3H1_P1P2_ENSG00000133858,ZFC3H1
10074_ZFHX2_P1_ENSG00000136367,ZFHX2
10075_ZFHX2_P2_ENSG00000136367,ZFHX2
10076_ZFHX3_P1P2_ENSG00000140836,ZFHX3
10077_ZFHX4_P1P2_ENSG00000091656,ZFHX4
10078_ZFP14_P1P2_ENSG00000142065,ZFP14
10079_ZFP1_P1P2_ENSG00000184517,ZFP1
1007_C17orf80_P1P2_ENSG00000141219,C17orf80
10080_ZFP28_P1P2_ENSG00000196867,ZFP28
10081_ZFP2_P1P2_ENSG00000198939,ZFP2
10082_ZFP30_P1P2_ENSG00000120784,ZFP30
10083_ZFP36L1_P1_ENSG00000185650,ZFP36L1
10084_ZFP36L1_P2_ENSG00000185650,ZFP36L1
10085_ZFP36L2_P1P2_ENSG00000152518,ZFP36L2
10086_ZFP37_P1P2_ENSG00000136866,ZFP37
10087_ZFP3_P1P2_ENSG00000180787,ZFP3
10088_ZFP41_P1P2_ENSG00000181638,ZFP41
10089_ZFP42_P1_ENSG00000179059,ZFP42
1008_NDUFAF8_P1P2_ENSG00000224877,NDUFAF8
10090_ZFP42_P2_ENSG00000179059,ZFP42
10091_ZFP57_P1P2_ENSG00000204644,ZFP57
10092_ZFP62_P1P2_ENSG00000196670,ZFP62
10093_ZFP64_P1P2_ENSG00000020256,ZFP64
10094_ZFP69B_P1P2_ENSG00000187801,ZFP69B
10095_ZFP69_P1P2_ENSG00000187815,ZFP69
10096_ZFP82_P1P2_ENSG00000181007,ZFP82
10097_ZFP90_P1_ENSG00000184939,ZFP90
10098_ZFP90_P2_ENSG00000184939,ZFP90
10099_ZFP91_P1P2_ENSG00000186660,ZFP91
1009_EPOP_P1P2_ENSG00000273604,EPOP
100_ACSL3_P1P2_ENSG00000123983,ACSL3
10100_ZFP92_ENST00000338647.5_ENSG00000189420,ZFP92
10101_ZFPL1_P1P2_ENSG00000162300,ZFPL1
10102_ZFPM1_P1P2_ENSG00000179588,ZFPM1
10103_ZFPM2_P1P2_ENSG00000169946,ZFPM2
10104_ZFR_P1P2_ENSG00000056097,ZFR
10105_ZFX_P1P2_ENSG00000005889,ZFX
10106_ZFYVE16_P1P2_ENSG00000039319,ZFYVE16
10107_ZFYVE19_P1P2_ENSG00000166140,ZFYVE19
10108_ZFYVE21_P1P2_ENSG00000100711,ZFYVE21
10109_ZFYVE27_P1P2_ENSG00000155256,ZFYVE27
1010_C17orf99_P1P2_ENSG00000187997,C17orf99
10110_ZFYVE28_P1P2_ENSG00000159733,ZFYVE28
10111_ZFYVE9_P1P2_ENSG00000157077,ZFYVE9
10112_ZFY_P1P2_ENSG00000067646,ZFY
10113_ZGLP1_P1P2_ENSG00000220201,ZGLP1
10114_ZGPAT_P1P2_ENSG00000197114,ZGPAT
10115_ZHX1_P1P2_ENSG00000165156,ZHX1
10116_ZHX2_P1P2_ENSG00000178764,ZHX2
10117_ZHX3_P1P2_ENSG00000174306,ZHX3
10118_ZIC1_P1P2_ENSG00000152977,ZIC1
10119_ZIC2_P1P2_ENSG00000043355,ZIC2
1011_C18orf21_P1P2_ENSG00000141428,C18orf21
10120_ZIC3_P1P2_ENSG00000156925,ZIC3
10121_ZIC4_P2_ENSG00000174963,ZIC4
10122_ZIC4_P1_ENSG00000174963,ZIC4
10123_ZIC5_P1P2_ENSG00000139800,ZIC5
10124_ZIK1_P1P2_ENSG00000171649,ZIK1
10125_ZIM2_P1P2_ENSG00000269699,ZIM2
10126_ZIM3_ENST00000269834.1_ENSG00000141946,ZIM3
10127_ZKSCAN1_P1P2_ENSG00000106261,ZKSCAN1
10128_ZKSCAN2_P1P2_ENSG00000155592,ZKSCAN2
10129_ZKSCAN3_P1P2_ENSG00000189298,ZKSCAN3
1012_C18orf25_P1P2_ENSG00000152242,C18orf25
10130_ZKSCAN4_P1P2_ENSG00000187626,ZKSCAN4
10131_ZKSCAN5_P1P2_ENSG00000196652,ZKSCAN5
10132_ZKSCAN7_P1P2_ENSG00000196345,ZKSCAN7
10133_ZKSCAN8_P1P2_ENSG00000198315,ZKSCAN8
10134_ZMAT1_P1P2_ENSG00000166432,ZMAT1
10135_ZMAT2_P2_ENSG00000146007,ZMAT2
10136_ZMAT2_P1_ENSG00000146007,ZMAT2
10137_ZMAT3_P1P2_ENSG00000172667,ZMAT3
10138_ZMAT4_P1P2_ENSG00000165061,ZMAT4
10139_ZMAT5_P1P2_ENSG00000100319,ZMAT5
1013_C18orf32_P1P2_ENSG00000177576,C18orf32
10140_ZMIZ2_P1P2_ENSG00000122515,ZMIZ2
10141_ZMPSTE24_P1P2_ENSG00000084073,ZMPSTE24
10142_ZMYM1_P1P2_ENSG00000197056,ZMYM1
10143_ZMYM2_P1P2_ENSG00000121741,ZMYM2
10144_ZMYM3_P1_ENSG00000147130,ZMYM3
10145_ZMYM3_P2_ENSG00000147130,ZMYM3
10146_ZMYM4_P1P2_ENSG00000146463,ZMYM4
10147_ZMYM5_P1P2_ENSG00000132950,ZMYM5
10148_ZMYM6_P1P2_ENSG00000163867,ZMYM6
10149_ZMYND11_P1P2_ENSG00000015171,ZMYND11
1014_C19orf12_P1P2_ENSG00000131943,C19orf12
10150_ZMYND19_P1P2_ENSG00000165724,ZMYND19
10151_ZMYND8_P1P2_ENSG00000101040,ZMYND8
10152_ZNF100_P1P2_ENSG00000197020,ZNF100
10153_ZNF101_P1P2_ENSG00000181896,ZNF101
10154_ZNF106_ENST00000263805.4_ENSG00000103994,ZNF106
10155_ZNF107_P1P2_ENSG00000196247,ZNF107
10156_ZNF10_P1P2_ENSG00000256223,ZNF10
10157_ZNF112_P1P2_ENSG00000062370,ZNF112
10158_ZNF114_P1P2_ENSG00000178150,ZNF114
10159_ZNF117_P1P2_ENSG00000152926,ZNF117
1015_FAM174C_P1P2_ENSG00000228300,FAM174C
10160_ZNF121_P1P2_ENSG00000197961,ZNF121
10161_ZNF124_P1P2_ENSG00000196418,ZNF124
10162_ZNF12_P1P2_ENSG00000164631,ZNF12
10163_ZNF131_P1P2_ENSG00000172262,ZNF131
10164_ZNF132_P1P2_ENSG00000131849,ZNF132
10165_ZNF133_P1P2_ENSG00000125846,ZNF133
10166_ZNF134_P1P2_ENSG00000213762,ZNF134
10167_ZNF135_P1P2_ENSG00000176293,ZNF135
10168_ZNF136_P1P2_ENSG00000196646,ZNF136
10169_ZNF138_P1P2_ENSG00000197008,ZNF138
1016_C19orf25_P1P2_ENSG00000119559,C19orf25
10170_ZNF140_P1P2_ENSG00000196387,ZNF140
10171_ZNF141_P1P2_ENSG00000131127,ZNF141
10172_ZNF142_P1P2_ENSG00000115568,ZNF142
10173_ZNF143_P1P2_ENSG00000166478,ZNF143
10174_ZNF146_P1P2_ENSG00000167635,ZNF146
10175_ZNF148_P1P2_ENSG00000163848,ZNF148
10176_ZNF14_P1P2_ENSG00000105708,ZNF14
10177_ZNF154_P1P2_ENSG00000179909,ZNF154
10178_ZNF155_P1P2_ENSG00000204920,ZNF155
10179_ZNF157_ENST00000377073.3_ENSG00000147117,ZNF157
1017_TRIR_P1P2_ENSG00000123144,TRIR
10180_ZNF160_P1P2_ENSG00000170949,ZNF160
10181_ZNF165_P1P2_ENSG00000197279,ZNF165
10182_ZNF169_P1P2_ENSG00000175787,ZNF169
10183_ZNF16_P1P2_ENSG00000170631,ZNF16
10184_ZNF174_P1P2_ENSG00000103343,ZNF174
10185_ZNF175_P1P2_ENSG00000105497,ZNF175
10186_ZNF177_P1_ENSG00000188629,ZNF177
10187_ZNF177_P2_ENSG00000188629,ZNF177
10188_ZNF17_P1P2_ENSG00000186272,ZNF17
10189_ZNF180_P1P2_ENSG00000167384,ZNF180
1018_C19orf47_P2_ENSG00000160392,C19orf47
10190_ZNF181_P1P2_ENSG00000197841,ZNF181
10191_ZNF182_P1P2_ENSG00000147118,ZNF182
10192_ZNF184_P1P2_ENSG00000096654,ZNF184
10193_ZNF189_P1P2_ENSG00000136870,ZNF189
10194_ZNF18_P1P2_ENSG00000154957,ZNF18
10195_ZNF195_P1P2_ENSG00000005801,ZNF195
10196_ZNF197_P1P2_ENSG00000186448,ZNF197
10197_ZNF19_P1P2_ENSG00000157429,ZNF19
10198_ZNF200_P1P2_ENSG00000010539,ZNF200
10199_ZNF202_P1P2_ENSG00000166261,ZNF202
1019_C19orf47_P1_ENSG00000160392,C19orf47
101_ACSL4_P1P2_ENSG00000068366,ACSL4
10200_ZNF205_P1P2_ENSG00000122386,ZNF205
10201_ZNF207_P2_ENSG00000010244,ZNF207
10202_ZNF207_P1_ENSG00000010244,ZNF207
10203_ZNF208_P1P2_ENSG00000160321,ZNF208
10204_ZNF20_P1_ENSG00000132010,ZNF20
10205_ZNF20_P2_ENSG00000132010,ZNF20
10206_ZNF211_P1P2_ENSG00000121417,ZNF211
10207_ZNF212_P1P2_ENSG00000170260,ZNF212
10208_ZNF213_P1P2_ENSG00000085644,ZNF213
10209_ZNF214_P1P2_ENSG00000149050,ZNF214
1020_C19orf48_P1P2_ENSG00000167747,C19orf48
10210_ZNF215_P1P2_ENSG00000149054,ZNF215
10211_ZNF217_P1_ENSG00000171940,ZNF217
10212_ZNF217_P2_ENSG00000171940,ZNF217
10213_ZNF219_P1P2_ENSG00000165804,ZNF219
10214_ZNF221_P1P2_ENSG00000159905,ZNF221
10215_ZNF222_P1P2_ENSG00000159885,ZNF222
10216_ZNF223_P1P2_ENSG00000178386,ZNF223
10217_ZNF224_P1P2_ENSG00000267680,ZNF224
10218_ZNF225_P1P2_ENSG00000256294,ZNF225
10219_ZNF226_P1_ENSG00000167380,ZNF226
1021_TIMM29_P1P2_ENSG00000142444,TIMM29
10220_ZNF226_P2_ENSG00000167380,ZNF226
10221_ZNF227_P1P2_ENSG00000131115,ZNF227
10222_ZNF229_P1P2_ENSG00000278318,ZNF229
10223_ZNF22_P1P2_ENSG00000165512,ZNF22
10224_ZNF230_P1P2_ENSG00000159882,ZNF230
10225_ZNF232_P1_ENSG00000167840,ZNF232
10226_ZNF232_P2_ENSG00000167840,ZNF232
10227_ZNF233_P1P2_ENSG00000159915,ZNF233
10228_ZNF234_P1_ENSG00000263002,ZNF234
1022_C19orf53_P1P2_ENSG00000104979,C19orf53
10230_ZNF235_P1P2_ENSG00000159917,ZNF235
10231_ZNF236_P1P2_ENSG00000130856,ZNF236
10232_ZNF239_P1P2_ENSG00000196793,ZNF239
10233_ZNF23_P1_ENSG00000167377,ZNF23
10234_ZNF23_P2_ENSG00000167377,ZNF23
10235_ZNF248_P1P2_ENSG00000198105,ZNF248
10236_ZNF24_P1P2_ENSG00000172466,ZNF24
10237_ZNF250_P1P2_ENSG00000196150,ZNF250
10238_ZNF251_P1P2_ENSG00000198169,ZNF251
10239_ZNF253_P1P2_ENSG00000256771,ZNF253
1023_C19orf54_P1P2_ENSG00000188493,C19orf54
10240_ZNF254_ENST00000357002.4_ENSG00000213096,ZNF254
10241_ZNF256_P1P2_ENSG00000152454,ZNF256
10242_ZNF257_P1P2_ENSG00000197134,ZNF257
10243_ZNF25_P1P2_ENSG00000175395,ZNF25
10244_ZNF260_P1P2_ENSG00000254004,ZNF260
10245_ZNF263_P1_ENSG00000006194,ZNF263
10246_ZNF263_P2_ENSG00000006194,ZNF263
10247_ZNF264_P1P2_ENSG00000083844,ZNF264
10248_ZNF266_P1P2_ENSG00000174652,ZNF266
10249_ZNF267_P1_ENSG00000185947,ZNF267
1024_REX1BD_P1P2_ENSG00000006015,REX1BD
10250_ZNF267_P2_ENSG00000185947,ZNF267
10251_ZNF268_P1P2_ENSG00000090612,ZNF268
10252_ZNF26_P1P2_ENSG00000198393,ZNF26
10253_ZNF273_P2_ENSG00000198039,ZNF273
10254_ZNF273_P1_ENSG00000198039,ZNF273
10255_ZNF274_P1P2_ENSG00000171606,ZNF274
10256_ZNF275_P1P2_ENSG00000063587,ZNF275
10257_ZNF276_P1P2_ENSG00000158805,ZNF276
10258_ZNF277_P1P2_ENSG00000198839,ZNF277
10259_ZNF280A_P1P2_ENSG00000169548,ZNF280A
1025_SHFL_P1P2_ENSG00000130813,SHFL
10260_ZNF280B_P1P2_ENSG00000275004,ZNF280B
10261_ZNF280C_P1P2_ENSG00000056277,ZNF280C
10262_ZNF280D_P1P2_ENSG00000137871,ZNF280D
10263_ZNF281_P1P2_ENSG00000162702,ZNF281
10264_ZNF282_P1P2_ENSG00000170265,ZNF282
10265_ZNF283_P1P2_ENSG00000167637,ZNF283
10266_ZNF284_ENST00000421176.3_ENSG00000186026,ZNF284
"10267_ZNF285_ENST00000330997.4,ENST00000544719.2_ENSG00000267508",ZNF285
10268_ZNF286A_P1P2_ENSG00000187607,ZNF286A
10269_ZNF286B_P1P2_nan,ZNF286B
1026_MICOS13_P1P2_ENSG00000174917,MICOS13
10270_ZNF287_P1P2_ENSG00000141040,ZNF287
10271_ZNF28_P1P2_ENSG00000198538,ZNF28
10272_ZNF292_P1P2_ENSG00000188994,ZNF292
10273_ZNF296_P1P2_ENSG00000170684,ZNF296
10274_ZNF2_P1P2_ENSG00000275111,ZNF2
10275_ZNF300_P1P2_ENSG00000145908,ZNF300
10276_ZNF302_P1P2_ENSG00000089335,ZNF302
10277_ZNF304_P1P2_ENSG00000131845,ZNF304
10278_ZNF30_P1P2_ENSG00000168661,ZNF30
10279_ZNF311_P1P2_ENSG00000197935,ZNF311
1027_C19orf73_P1P2_ENSG00000221916,C19orf73
10280_ZNF317_P1P2_ENSG00000130803,ZNF317
10281_ZNF318_P1P2_ENSG00000171467,ZNF318
10282_ZNF319_P1_ENSG00000166188,ZNF319
10283_ZNF319_P2_ENSG00000166188,ZNF319
10284_ZNF320_P1P2_ENSG00000182986,ZNF320
10285_ZNF322_P1P2_ENSG00000181315,ZNF322
10286_ZNF324B_P1P2_ENSG00000249471,ZNF324B
10287_ZNF324_P1P2_ENSG00000083812,ZNF324
10288_ZNF326_P1P2_ENSG00000162664,ZNF326
10289_ZNF329_P2_ENSG00000181894,ZNF329
1028_C19orf81_P1P2_ENSG00000235034,C19orf81
10290_ZNF329_P1_ENSG00000181894,ZNF329
10291_ZNF32_P1P2_ENSG00000169740,ZNF32
10292_ZNF330_P1P2_ENSG00000109445,ZNF330
10293_ZNF331_P2_ENSG00000130844,ZNF331
10294_ZNF331_P1_ENSG00000130844,ZNF331
10295_ZNF333_P1P2_ENSG00000160961,ZNF333
10296_ZNF334_P1P2_ENSG00000198185,ZNF334
10297_ZNF335_P1P2_ENSG00000198026,ZNF335
10298_ZNF337_P1P2_ENSG00000130684,ZNF337
10299_ZNF33A_P1P2_ENSG00000189180,ZNF33A
1029_C1D_P1P2_ENSG00000197223,C1D
102_ACSM3_P1P2_ENSG00000005187,ACSM3
10300_ZNF33B_P1P2_ENSG00000196693,ZNF33B
10301_ZNF341_P2_ENSG00000131061,ZNF341
10302_ZNF341_P1_ENSG00000131061,ZNF341
10303_ZNF343_P1P2_ENSG00000088876,ZNF343
10304_ZNF345_P1P2_ENSG00000251247,ZNF345
10305_ZNF346_P1P2_ENSG00000113761,ZNF346
10306_ZNF347_P1P2_ENSG00000197937,ZNF347
10307_ZNF34_P1P2_ENSG00000196378,ZNF34
10308_ZNF350_P1P2_ENSG00000256683,ZNF350
10309_ZNF354A_P1P2_ENSG00000169131,ZNF354A
1030_C1GALT1C1_P1P2_ENSG00000171155,C1GALT1C1
10310_ZNF354B_P1P2_ENSG00000178338,ZNF354B
10311_ZNF354C_P1P2_ENSG00000177932,ZNF354C
10312_ZNF358_P1_ENSG00000198816,ZNF358
10313_ZNF358_P2_ENSG00000198816,ZNF358
10314_ZNF35_P1P2_ENSG00000169981,ZNF35
10315_ZNF362_P1P2_ENSG00000160094,ZNF362
10316_ZNF365_P1P2_ENSG00000138311,ZNF365
10317_ZNF366_P1P2_ENSG00000178175,ZNF366
10318_ZNF367_P1P2_ENSG00000165244,ZNF367
10319_ZNF37A_P1P2_ENSG00000075407,ZNF37A
1031_C1GALT1_P1P2_ENSG00000106392,C1GALT1
10320_ZNF382_P1P2_ENSG00000161298,ZNF382
10321_ZNF383_P1P2_ENSG00000188283,ZNF383
10322_ZNF384_P1P2_ENSG00000126746,ZNF384
10323_ZNF385A_P1_ENSG00000161642,ZNF385A
10324_ZNF385A_P2_ENSG00000161642,ZNF385A
10325_ZNF385B_P1P2_ENSG00000144331,ZNF385B
10326_ZNF385C_ENST00000436535.3_ENSG00000187595,ZNF385C
10327_ZNF385D_P1P2_ENSG00000151789,ZNF385D
10328_ZNF391_P1P2_ENSG00000124613,ZNF391
10329_ZNF394_P1P2_ENSG00000160908,ZNF394
1032_C1QBP_P1P2_ENSG00000108561,C1QBP
10330_ZNF395_P1P2_ENSG00000186918,ZNF395
10331_ZNF396_P1P2_ENSG00000186496,ZNF396
10332_ZNF397_P1P2_ENSG00000186812,ZNF397
10333_ZNF398_P1P2_ENSG00000197024,ZNF398
10334_ZNF3_P1P2_ENSG00000166526,ZNF3
10335_ZNF404_P1P2_ENSG00000176222,ZNF404
10336_ZNF407_ENST00000299687.5_ENSG00000215421,ZNF407
10337_ZNF408_P1P2_ENSG00000175213,ZNF408
10338_ZNF410_P1P2_ENSG00000119725,ZNF410
10339_ZNF414_P1P2_ENSG00000133250,ZNF414
1033_C1QTNF4_P1P2_ENSG00000172247,C1QTNF4
10340_ZNF415_P1P2_ENSG00000170954,ZNF415
10341_ZNF416_P1P2_ENSG00000083817,ZNF416
10342_ZNF417_P1P2_ENSG00000173480,ZNF417
10343_ZNF418_P1P2_ENSG00000196724,ZNF418
10344_ZNF419_P1P2_ENSG00000105136,ZNF419
10345_ZNF41_P1P2_ENSG00000147124,ZNF41
10346_ZNF420_P1P2_ENSG00000197050,ZNF420
10347_ZNF423_ENST00000561648.1_ENSG00000102935,ZNF423
10348_ZNF423_ENST00000262383.2_ENSG00000102935,ZNF423
10349_ZNF425_P1P2_ENSG00000204947,ZNF425
1034_C1RL_P1P2_ENSG00000139178,C1RL
10350_ZNF426_P1P2_ENSG00000130818,ZNF426
10351_ZNF428_P1P2_ENSG00000131116,ZNF428
10352_ZNF429_P1P2_ENSG00000197013,ZNF429
10353_ZNF430_P1P2_ENSG00000118620,ZNF430
10354_ZNF431_P1P2_ENSG00000196705,ZNF431
10355_ZNF432_P1P2_ENSG00000256087,ZNF432
10356_ZNF433_P1P2_ENSG00000197647,ZNF433
10357_ZNF436_P1_ENSG00000125945,ZNF436
10358_ZNF436_P2_ENSG00000125945,ZNF436
10359_ZNF438_P2_ENSG00000183621,ZNF438
1035_C1orf109_P1_ENSG00000116922,C1orf109
10360_ZNF438_P1_ENSG00000183621,ZNF438
10361_ZNF439_P1P2_ENSG00000171291,ZNF439
10362_ZNF43_P1_ENSG00000198521,ZNF43
10363_ZNF43_P2_ENSG00000198521,ZNF43
10364_ZNF440_P1P2_ENSG00000171295,ZNF440
10365_ZNF441_P1P2_ENSG00000197044,ZNF441
10366_ZNF442_P1P2_ENSG00000198342,ZNF442
10367_ZNF443_P1P2_ENSG00000180855,ZNF443
10368_ZNF444_P1P2_ENSG00000167685,ZNF444
10369_ZNF445_P1P2_ENSG00000185219,ZNF445
1036_C1orf109_P2_ENSG00000116922,C1orf109
10370_ZNF446_P1P2_ENSG00000083838,ZNF446
10371_ZNF449_P1P2_ENSG00000173275,ZNF449
10372_ZNF44_P1P2_ENSG00000197857,ZNF44
10373_ZNF451_P1P2_ENSG00000112200,ZNF451
10374_ZNF454_P1P2_ENSG00000178187,ZNF454
10375_ZNF45_P1P2_ENSG00000124459,ZNF45
10376_ZNF460_P1P2_ENSG00000197714,ZNF460
10377_ZNF461_P1P2_ENSG00000197808,ZNF461
10378_ZNF462_P1P2_ENSG00000148143,ZNF462
10379_ZNF467_P1P2_ENSG00000181444,ZNF467
1037_C1orf112_P1P2_ENSG00000000460,C1orf112
10380_ZNF468_P1P2_ENSG00000204604,ZNF468
10381_ZNF469_ENST00000437464.1_ENSG00000225614,ZNF469
10382_ZNF470_P1P2_ENSG00000197016,ZNF470
10383_ZNF471_P1P2_ENSG00000196263,ZNF471
10384_ZNF473_P1P2_ENSG00000142528,ZNF473
10385_ZNF474_P1P2_ENSG00000164185,ZNF474
10386_ZNF479_P1P2_ENSG00000185177,ZNF479
10387_ZNF480_P1P2_ENSG00000198464,ZNF480
10388_ZNF483_P1P2_ENSG00000173258,ZNF483
10389_ZNF484_P1P2_ENSG00000127081,ZNF484
1038_C1orf122_P1P2_ENSG00000197982,C1orf122
10390_ZNF485_P1P2_ENSG00000198298,ZNF485
10391_ZNF486_P1P2_ENSG00000256229,ZNF486
10392_ZNF488_P1_ENSG00000265763,ZNF488
10393_ZNF488_P2_ENSG00000265763,ZNF488
10394_ZNF48_P1P2_ENSG00000180035,ZNF48
10395_ZNF490_P1P2_ENSG00000188033,ZNF490
10396_ZNF491_P1P2_ENSG00000177599,ZNF491
10397_ZNF492_P1P2_ENSG00000229676,ZNF492
10398_ZNF493_P1P2_ENSG00000196268,ZNF493
10399_ZNF496_P1P2_ENSG00000162714,ZNF496
1039_CZIB_P1P2_ENSG00000162384,CZIB
103_ACSS2_P1P2_ENSG00000131069,ACSS2
10400_ZNF497_P1P2_ENSG00000174586,ZNF497
10401_ZNF500_P1P2_ENSG00000103199,ZNF500
10402_ZNF501_P1P2_ENSG00000186446,ZNF501
10403_ZNF502_P1P2_ENSG00000196653,ZNF502
10404_ZNF503_P1P2_ENSG00000165655,ZNF503
10405_ZNF506_P1P2_ENSG00000081665,ZNF506
10406_ZNF507_P1P2_ENSG00000168813,ZNF507
10407_ZNF510_P1P2_ENSG00000081386,ZNF510
10408_ZNF511_P1P2_ENSG00000198546,ZNF511
10409_ZNF512B_P1P2_ENSG00000196700,ZNF512B
1040_C1orf131_P1P2_ENSG00000143633,C1orf131
10410_ZNF512_P1P2_ENSG00000243943,ZNF512
10411_ZNF513_P1P2_ENSG00000163795,ZNF513
10412_ZNF514_P2_ENSG00000144026,ZNF514
10413_ZNF514_P1_ENSG00000144026,ZNF514
10414_ZNF516_P1P2_ENSG00000101493,ZNF516
10415_ZNF517_P1P2_ENSG00000197363,ZNF517
10416_ZNF518A_P1P2_ENSG00000177853,ZNF518A
10417_ZNF518B_P1P2_ENSG00000178163,ZNF518B
10418_ZNF519_P1P2_ENSG00000175322,ZNF519
10419_ZNF521_P1P2_ENSG00000198795,ZNF521
1041_C1orf159_P1P2_ENSG00000131591,C1orf159
10420_ZNF524_P1P2_ENSG00000171443,ZNF524
10421_ZNF526_P1P2_ENSG00000167625,ZNF526
10422_ZNF527_P1P2_ENSG00000189164,ZNF527
10423_ZNF528_P1P2_ENSG00000167555,ZNF528
10424_ZNF529_P1P2_ENSG00000186020,ZNF529
10425_ZNF530_P1P2_ENSG00000183647,ZNF530
10426_ZNF532_P2_ENSG00000074657,ZNF532
10427_ZNF532_P1_ENSG00000074657,ZNF532
10428_ZNF534_P1P2_ENSG00000198633,ZNF534
10429_ZNF536_P1P2_ENSG00000198597,ZNF536
1042_C1orf174_P1P2_ENSG00000198912,C1orf174
10430_ZNF540_P2_ENSG00000171817,ZNF540
10431_ZNF540_P1_ENSG00000171817,ZNF540
10432_ZNF541_P1P2_ENSG00000118156,ZNF541
10433_ZNF543_P1P2_ENSG00000178229,ZNF543
10434_ZNF544_P1P2_ENSG00000198131,ZNF544
10435_ZNF546_P1P2_ENSG00000187187,ZNF546
10436_ZNF547_P1P2_ENSG00000152433,ZNF547
10437_ZNF548_P1P2_ENSG00000188785,ZNF548
10438_ZNF549_P1P2_ENSG00000121406,ZNF549
10439_ZNF550_P1P2_ENSG00000251369,ZNF550
1043_C1orf198_P2_ENSG00000119280,C1orf198
10440_ZNF551_P1P2_ENSG00000204519,ZNF551
10441_ZNF552_P1P2_ENSG00000178935,ZNF552
10442_ZNF554_P1P2_ENSG00000172006,ZNF554
10443_ZNF555_P1P2_ENSG00000186300,ZNF555
10444_ZNF556_P1P2_ENSG00000172000,ZNF556
10445_ZNF557_P1P2_ENSG00000130544,ZNF557
10446_ZNF558_P1P2_ENSG00000167785,ZNF558
10447_ZNF559_P1P2_ENSG00000188321,ZNF559
10448_ZNF560_P1P2_ENSG00000198028,ZNF560
10449_ZNF561_P1P2_ENSG00000171469,ZNF561
1044_C1orf198_P1_ENSG00000119280,C1orf198
10450_ZNF562_P1P2_ENSG00000171466,ZNF562
10451_ZNF563_P1P2_ENSG00000188868,ZNF563
10452_ZNF564_P1P2_ENSG00000249709,ZNF564
10453_ZNF565_P1P2_ENSG00000196357,ZNF565
10454_ZNF566_P1P2_ENSG00000186017,ZNF566
10455_ZNF567_P1P2_ENSG00000189042,ZNF567
10456_ZNF568_P1P2_ENSG00000198453,ZNF568
10457_ZNF569_P1P2_ENSG00000196437,ZNF569
10458_ZNF570_P2_ENSG00000171827,ZNF570
10459_ZNF570_P1_ENSG00000171827,ZNF570
1045_C1orf216_P1P2_ENSG00000142686,C1orf216
10460_ZNF571_P1P2_ENSG00000180479,ZNF571
10461_ZNF572_P1P2_ENSG00000180938,ZNF572
10462_ZNF573_P1P2_ENSG00000189144,ZNF573
10463_ZNF574_P1_ENSG00000105732,ZNF574
10464_ZNF574_P2_ENSG00000105732,ZNF574
10465_ZNF575_P1P2_ENSG00000176472,ZNF575
10466_ZNF576_P1P2_ENSG00000124444,ZNF576
10467_ZNF577_P1P2_ENSG00000161551,ZNF577
10468_ZNF578_P1P2_ENSG00000258405,ZNF578
10469_ZNF579_P1P2_ENSG00000218891,ZNF579
1046_FNDC10_P1P2_ENSG00000228594,FNDC10
10470_ZNF57_P1P2_ENSG00000171970,ZNF57
10471_ZNF580_P1_ENSG00000213015,ZNF580
10472_ZNF580_P2_ENSG00000213015,ZNF580
10473_ZNF581_P1_ENSG00000171425,ZNF581
10475_ZNF582_P1P2_ENSG00000018869,ZNF582
10476_ZNF583_P1P2_ENSG00000198440,ZNF583
10477_ZNF584_P1P2_ENSG00000171574,ZNF584
10478_ZNF585A_P1P2_ENSG00000196967,ZNF585A
10479_ZNF585B_P1P2_ENSG00000245680,ZNF585B
1047_ODR4_P1P2_ENSG00000157181,ODR4
10480_ZNF586_P1P2_ENSG00000083828,ZNF586
10481_ZNF587B_ENST00000594901.1_ENSG00000269343,ZNF587B
"10482_ZNF587_ENST00000339656.5,ENST00000423137.1_ENSG00000198466",ZNF587
10483_ZNF589_P1P2_ENSG00000164048,ZNF589
10484_ZNF592_P1P2_ENSG00000166716,ZNF592
10485_ZNF593_P1P2_ENSG00000142684,ZNF593
10486_ZNF594_P1P2_ENSG00000180626,ZNF594
10487_ZNF595_P1_ENSG00000272602,ZNF595
10488_ZNF595_P2_ENSG00000272602,ZNF595
10489_ZNF596_P1P2_ENSG00000172748,ZNF596
1048_C1orf35_P1P2_ENSG00000143793,C1orf35
10490_ZNF597_P1P2_ENSG00000167981,ZNF597
10491_ZNF598_P1P2_ENSG00000167962,ZNF598
10492_ZNF599_P1P2_ENSG00000153896,ZNF599
10493_ZNF600_P1P2_ENSG00000189190,ZNF600
10494_ZNF605_P1P2_ENSG00000196458,ZNF605
10495_ZNF606_P1P2_ENSG00000166704,ZNF606
10496_ZNF607_P1P2_ENSG00000198182,ZNF607
10497_ZNF608_P1_ENSG00000168916,ZNF608
10498_ZNF608_P2_ENSG00000168916,ZNF608
10499_ZNF609_ENST00000326648.3_ENSG00000180357,ZNF609
1049_C1orf43_P1P2_ENSG00000143612,C1orf43
104_ACTB_P1P2_ENSG00000075624,ACTB
10500_ZNF610_P1P2_ENSG00000167554,ZNF610
10501_ZNF611_P1P2_ENSG00000213020,ZNF611
10502_ZNF613_P1P2_ENSG00000176024,ZNF613
10503_ZNF614_P1P2_ENSG00000142556,ZNF614
10504_ZNF615_P1P2_ENSG00000197619,ZNF615
10505_ZNF616_P1P2_ENSG00000204611,ZNF616
10506_ZNF618_P1P2_ENSG00000157657,ZNF618
10507_ZNF619_P1P2_ENSG00000177873,ZNF619
10508_ZNF620_P1P2_ENSG00000177842,ZNF620
10509_ZNF621_P1P2_ENSG00000172888,ZNF621
1050_C1orf50_P1P2_ENSG00000164008,C1orf50
10510_ZNF622_P1P2_ENSG00000173545,ZNF622
10511_ZNF623_P1P2_ENSG00000183309,ZNF623
10512_ZNF624_P1P2_ENSG00000197566,ZNF624
10514_ZNF626_P1P2_ENSG00000188171,ZNF626
10515_ZNF627_P1P2_ENSG00000198551,ZNF627
10516_ZNF628_P1P2_ENSG00000197483,ZNF628
10517_ZNF629_P1P2_ENSG00000102870,ZNF629
10518_ZNF630_P1P2_ENSG00000221994,ZNF630
10519_ZNF638_P1P2_ENSG00000075292,ZNF638
1051_C1orf52_P1P2_ENSG00000162642,C1orf52
10520_ZNF639_P1P2_ENSG00000121864,ZNF639
10521_ZNF641_P1P2_ENSG00000167528,ZNF641
10522_ZNF644_P1P2_ENSG00000122482,ZNF644
10523_CBLL2_P1P2_ENSG00000175809,CBLL2
10524_ZNF646_P1P2_ENSG00000167395,ZNF646
10525_ZNF648_P1P2_ENSG00000179930,ZNF648
10526_ZNF649_P1P2_ENSG00000198093,ZNF649
10527_ZNF652_P1P2_ENSG00000198740,ZNF652
10528_ZNF653_P1P2_ENSG00000161914,ZNF653
10529_ZNF654_P1P2_ENSG00000175105,ZNF654
1052_C1orf53_P1P2_ENSG00000203724,C1orf53
10530_ZNF655_P1P2_ENSG00000197343,ZNF655
"10531_ZNF658_ENST00000377626.3,ENST00000602553.1_ENSG00000274349",ZNF658
10532_ZNF660_P1P2_ENSG00000144792,ZNF660
10533_ZNF662_P1P2_ENSG00000182983,ZNF662
10534_ZNF664_P1P2_ENSG00000179195,ZNF664
10535_ZNF665_P1P2_ENSG00000197497,ZNF665
10536_ZNF667_P1P2_ENSG00000198046,ZNF667
10537_ZNF668_ENST00000417110.2_ENSG00000167394,ZNF668
10538_ZNF669_P1P2_ENSG00000188295,ZNF669
10539_ZNF670_P1P2_ENSG00000277462,ZNF670
1053_C1orf56_P1P2_ENSG00000143443,C1orf56
10540_ZNF671_P1P2_ENSG00000083814,ZNF671
10541_ZNF672_P1P2_ENSG00000171161,ZNF672
10542_ZNF674_P1P2_ENSG00000251192,ZNF674
10543_ZNF675_P1P2_ENSG00000197372,ZNF675
10544_ZNF676_ENST00000397121.2_ENSG00000196109,ZNF676
10545_ZNF677_P1P2_ENSG00000197928,ZNF677
10546_ZNF678_P1P2_ENSG00000181450,ZNF678
10547_ZNF679_P1P2_ENSG00000197123,ZNF679
10548_ZNF680_P1P2_ENSG00000173041,ZNF680
10549_ZNF681_P1P2_ENSG00000196172,ZNF681
1054_C1orf61_P2_ENSG00000125462,C1orf61
10550_ZNF682_P1P2_ENSG00000197124,ZNF682
10551_ZNF683_P1P2_ENSG00000176083,ZNF683
10552_ZNF684_P1P2_ENSG00000117010,ZNF684
10553_ZNF687_P1P2_ENSG00000143373,ZNF687
10554_ZNF688_P1P2_ENSG00000229809,ZNF688
10555_ZNF689_P1P2_ENSG00000156853,ZNF689
10556_ZNF691_P1P2_ENSG00000164011,ZNF691
10557_ZNF692_P1P2_ENSG00000171163,ZNF692
10558_ZNF695_ENST00000339986.7_ENSG00000197472,ZNF695
10559_ZNF696_P1P2_ENSG00000185730,ZNF696
1055_C1orf61_P1_ENSG00000125462,C1orf61
10560_ZNF697_P1P2_ENSG00000143067,ZNF697
10561_ZNF699_ENST00000308650.3_ENSG00000196110,ZNF699
10562_ZNF699_ENST00000591998.1_ENSG00000196110,ZNF699
10563_ZNF69_P1P2_ENSG00000198429,ZNF69
10564_ZNF700_P1P2_ENSG00000196757,ZNF700
10565_ZNF701_P1P2_ENSG00000167562,ZNF701
10566_ZNF703_P1P2_ENSG00000183779,ZNF703
10567_ZNF704_P1P2_ENSG00000164684,ZNF704
10568_ZNF705A_P1P2_ENSG00000196946,ZNF705A
10569_ZNF705B_ENST00000443676.1_ENSG00000215356,ZNF705B
1056_SHLD1_P1P2_ENSG00000171984,SHLD1
10570_ZNF705B_ENST00000400120.3_ENSG00000215356,ZNF705B
10571_ZNF705D_ENST00000400085.3_ENSG00000215343,ZNF705D
10572_ZNF705G_ENST00000400156.4_ENSG00000215372,ZNF705G
10573_ZNF705G_ENST00000400078.2_ENSG00000215372,ZNF705G
10574_ZNF706_P1P2_ENSG00000120963,ZNF706
10575_ZNF707_P1P2_ENSG00000181135,ZNF707
10576_ZNF708_P1P2_ENSG00000182141,ZNF708
10577_ZNF709_P1P2_ENSG00000242852,ZNF709
10578_ZNF70_P1P2_ENSG00000187792,ZNF70
10579_ZNF710_P1P2_ENSG00000140548,ZNF710
1057_C20orf203_P1P2_ENSG00000198547,C20orf203
10580_ZNF711_P1P2_ENSG00000147180,ZNF711
10581_ZNF713_P1P2_ENSG00000178665,ZNF713
10582_ZNF714_P1P2_ENSG00000160352,ZNF714
10583_ZNF716_P1P2_ENSG00000182111,ZNF716
10584_ZNF717_P1P2_ENSG00000227124,ZNF717
"10585_ZNF718_ENST00000510175.1,ENST00000511079.1,ENST00000513304.1,ENST00000513889.1_ENSG00000250312",ZNF718
10586_ZNF718_ENST00000502662.1_ENSG00000250312,ZNF718
10587_ZNF718_ENST00000400172.3_ENSG00000250312,ZNF718
10588_ZNF71_P1P2_ENSG00000197951,ZNF71
10589_ZNF720_P1P2_ENSG00000197302,ZNF720
1058_RAB5IF_P1P2_ENSG00000101084,RAB5IF
10590_ZNF721_P1_ENSG00000182903,ZNF721
10591_ZNF721_P2_ENSG00000182903,ZNF721
10592_ZNF726_P1P2_ENSG00000213967,ZNF726
10593_ZNF727_P1P2_ENSG00000214652,ZNF727
10594_ZNF728_ENST00000594710.1_ENSG00000269067,ZNF728
10595_ZNF729_P1P2_ENSG00000196350,ZNF729
10596_ZNF730_P1P2_ENSG00000183850,ZNF730
10597_ZNF732_P1P2_ENSG00000186777,ZNF732
10598_ZNF735_NM_001159524_ENSG00000223614,ZNF735
10599_ZNF736_P1_ENSG00000234444,ZNF736
1059_C20orf27_P1P2_ENSG00000101220,C20orf27
105_ACTG1_P1P2_ENSG00000184009,ACTG1
10600_ZNF736_P2_ENSG00000234444,ZNF736
10601_ZNF737_P1P2_ENSG00000237440,ZNF737
10602_ZNF740_P1P2_ENSG00000139651,ZNF740
10603_ZNF746_P1P2_ENSG00000181220,ZNF746
10604_ZNF747_P1P2_ENSG00000169955,ZNF747
10605_ZNF749_P1P2_ENSG00000186230,ZNF749
10606_ZNF74_P1P2_ENSG00000185252,ZNF74
10607_ZNF750_P1P2_ENSG00000141579,ZNF750
10608_ZNF75A_P1P2_ENSG00000162086,ZNF75A
10609_ZNF75D_P1P2_ENSG00000186376,ZNF75D
1060_C20orf96_P1P2_ENSG00000196476,C20orf96
10610_ZNF761_P1P2_ENSG00000160336,ZNF761
10611_ZNF763_P1P2_ENSG00000197054,ZNF763
10612_ZNF764_P1P2_ENSG00000169951,ZNF764
10613_ZNF765_P1_ENSG00000196417,ZNF765
10614_ZNF765_P2_ENSG00000196417,ZNF765
10615_ZNF766_P1P2_ENSG00000196214,ZNF766
10616_ZNF768_P1_ENSG00000169957,ZNF768
10617_ZNF768_P2_ENSG00000169957,ZNF768
10618_ZNF76_P1P2_ENSG00000065029,ZNF76
10619_ZNF770_P1P2_ENSG00000198146,ZNF770
1061_CFAP410_P1P2_ENSG00000160226,CFAP410
10620_ZNF771_P1P2_ENSG00000179965,ZNF771
10621_ZNF772_P1P2_ENSG00000197128,ZNF772
10622_ZNF773_P1P2_ENSG00000152439,ZNF773
10623_ZNF774_P1P2_ENSG00000196391,ZNF774
10624_ZNF775_P1P2_ENSG00000196456,ZNF775
10625_ZNF776_P1P2_ENSG00000152443,ZNF776
10626_ZNF777_P1P2_ENSG00000196453,ZNF777
10627_ZNF778_P1P2_ENSG00000170100,ZNF778
10628_ZNF77_P1P2_ENSG00000175691,ZNF77
10629_ZNF780A_P1P2_ENSG00000197782,ZNF780A
1062_GATD3A_P1P2_ENSG00000160221,GATD3A
10630_ZNF780B_P1P2_ENSG00000128000,ZNF780B
10631_ZNF781_P1P2_ENSG00000196381,ZNF781
10632_ZNF782_P1P2_ENSG00000196597,ZNF782
10633_ZNF783_P1P2_ENSG00000204946,ZNF783
10634_ZNF784_P1P2_ENSG00000179922,ZNF784
10635_ZNF785_P1P2_ENSG00000197162,ZNF785
10636_ZNF786_P1P2_ENSG00000197362,ZNF786
10637_ZNF787_P1P2_ENSG00000142409,ZNF787
10638_ZNF789_P1P2_ENSG00000198556,ZNF789
10639_ZNF790_P1_ENSG00000197863,ZNF790
1063_C21orf58_P2_ENSG00000160298,C21orf58
10640_ZNF790_P2_ENSG00000197863,ZNF790
10641_ZNF791_P1P2_ENSG00000173875,ZNF791
10642_ZNF792_P1P2_ENSG00000180884,ZNF792
10643_ZNF793_P1P2_ENSG00000188227,ZNF793
10644_ZNF799_P1P2_ENSG00000196466,ZNF799
10645_ZNF79_P1P2_ENSG00000196152,ZNF79
10646_ZNF7_P1P2_ENSG00000147789,ZNF7
10647_ZNF800_P1P2_ENSG00000048405,ZNF800
10648_ZNF804A_P1P2_ENSG00000170396,ZNF804A
10649_ZNF804B_P1P2_ENSG00000182348,ZNF804B
1064_C21orf58_P1_ENSG00000160298,C21orf58
10650_ZNF805_P1P2_ENSG00000204524,ZNF805
10651_ZNF808_P1_ENSG00000198482,ZNF808
10652_ZNF808_P2_ENSG00000198482,ZNF808
10653_ZNF80_ENST00000482457.2_ENSG00000174255,ZNF80
10654_ZNF813_P1P2_ENSG00000198346,ZNF813
10655_ZNF814_P1P2_ENSG00000204514,ZNF814
10656_ZNF816_P2_ENSG00000180257,ZNF816
10657_ZNF816_P1_ENSG00000180257,ZNF816
10658_ZNF81_P1P2_ENSG00000197779,ZNF81
10659_ZNF821_P1P2_ENSG00000102984,ZNF821
1065_CFAP298_P1P2_ENSG00000159079,CFAP298
10660_ZNF823_P1P2_ENSG00000197933,ZNF823
10661_ZNF827_P1P2_ENSG00000151612,ZNF827
10662_ZNF829_P1P2_ENSG00000185869,ZNF829
10663_ZNF830_P1P2_ENSG00000198783,ZNF830
10664_ZNF831_ENST00000371030.2_ENSG00000124203,ZNF831
10665_ZNF835_P1P2_ENSG00000127903,ZNF835
10666_ZNF836_P1P2_ENSG00000196267,ZNF836
10667_ZNF837_P1P2_ENSG00000152475,ZNF837
10668_ZNF83_ENST00000597597.1_ENSG00000167766,ZNF83
10669_ZNF83_ENST00000541777.2_ENSG00000167766,ZNF83
1066_C21orf91_P1P2_ENSG00000154642,C21orf91
"10670_ZNF83_ENST00000301096.3,ENST00000536937.1,ENST00000544146.1,ENST00000545872.1_ENSG00000167766",ZNF83
10671_ZNF841_P1P2_ENSG00000197608,ZNF841
10672_ZNF843_P1P2_ENSG00000176723,ZNF843
10673_ZNF844_P1P2_ENSG00000223547,ZNF844
10674_ZNF845_P1P2_ENSG00000213799,ZNF845
10675_ZNF846_P1P2_ENSG00000196605,ZNF846
10676_ZNF84_P1P2_ENSG00000198040,ZNF84
10677_ZNF850_P1P2_ENSG00000267041,ZNF850
10678_ZNF852_P1P2_ENSG00000178917,ZNF852
10679_ZNF853_P2_ENSG00000236609,ZNF853
1067_RTL10_P1P2_ENSG00000215012,RTL10
10680_ZNF853_P1_ENSG00000236609,ZNF853
10681_ZNF85_P1P2_ENSG00000105750,ZNF85
10682_ZNF860_P1P2_ENSG00000197385,ZNF860
10683_ZNF865_P1P2_ENSG00000261221,ZNF865
10684_ZNF878_P1P2_ENSG00000257446,ZNF878
10685_ZNF879_P1P2_ENSG00000234284,ZNF879
10686_ZNF880_P1P2_ENSG00000221923,ZNF880
10687_ZNF883_P1P2_ENSG00000285447,ZNF883
10688_ZNF888_ENST00000454258.1_ENSG00000213793,ZNF888
10689_ZNF888_ENST00000596623.1_ENSG00000213793,ZNF888
1068_C22orf39_P1P2_ENSG00000242259,C22orf39
10690_ZNF891_P1P2_ENSG00000214029,ZNF891
10691_ZNF8_P1P2_ENSG00000278129,ZNF8
10692_ZNF90_P1P2_ENSG00000213988,ZNF90
10693_ZNF91_P1P2_ENSG00000167232,ZNF91
10694_ZNF92_P1P2_ENSG00000146757,ZNF92
10695_ZNF93_P1P2_ENSG00000184635,ZNF93
10696_ZNF98_P1P2_ENSG00000197360,ZNF98
10697_ZNF99_P1P2_ENSG00000213973,ZNF99
10698_ZNFX1_P1P2_ENSG00000124201,ZNFX1
10699_ZNHIT1_P1P2_ENSG00000106400,ZNHIT1
1069_C22orf46_P1P2_nan,C22orf46
106_ACTL6A_P1P2_ENSG00000136518,ACTL6A
10700_ZNHIT2_P1P2_ENSG00000174276,ZNHIT2
10701_ZNHIT3_P1P2_ENSG00000273611,ZNHIT3
10702_ZNHIT6_P1P2_ENSG00000117174,ZNHIT6
10703_ZNRD1_P1P2_ENSG00000066379,ZNRD1
10704_ZNRF1_P1P2_ENSG00000186187,ZNRF1
10705_ZNRF2_P1P2_ENSG00000180233,ZNRF2
10706_ZRANB2_P1P2_ENSG00000132485,ZRANB2
10707_ZRANB3_P1P2_ENSG00000121988,ZRANB3
10708_ZRSR2_P1P2_ENSG00000169249,ZRSR2
10709_ZSCAN10_P1P2_ENSG00000130182,ZSCAN10
1070_C2CD2L_P2_ENSG00000172375,C2CD2L
10710_ZSCAN12_P1P2_ENSG00000158691,ZSCAN12
10711_ZSCAN16_P1P2_ENSG00000196812,ZSCAN16
10712_ZSCAN18_P1_ENSG00000121413,ZSCAN18
10713_ZSCAN18_P2_ENSG00000121413,ZSCAN18
10714_ZSCAN1_P1P2_ENSG00000152467,ZSCAN1
10715_ZSCAN20_P1P2_ENSG00000121903,ZSCAN20
10716_ZSCAN21_P1P2_ENSG00000166529,ZSCAN21
10717_ZSCAN22_P1P2_ENSG00000182318,ZSCAN22
10718_ZSCAN23_P1P2_ENSG00000187987,ZSCAN23
10719_ZSCAN25_P1P2_ENSG00000197037,ZSCAN25
1071_C2CD2L_P1_ENSG00000172375,C2CD2L
10720_ZSCAN26_P1P2_ENSG00000197062,ZSCAN26
10721_ZSCAN29_P1P2_ENSG00000140265,ZSCAN29
10722_ZSCAN2_P1P2_ENSG00000176371,ZSCAN2
10723_ZSCAN30_P1P2_ENSG00000186814,ZSCAN30
10724_ZSCAN31_P2_ENSG00000235109,ZSCAN31
10725_ZSCAN31_P1_ENSG00000235109,ZSCAN31
10726_ZSCAN32_P1P2_ENSG00000140987,ZSCAN32
10727_ZSCAN5A_ENST00000587340.1_ENSG00000131848,ZSCAN5A
"10728_ZSCAN5A_ENST00000391713.1,ENST00000592355.1_ENSG00000131848",ZSCAN5A
10729_ZSCAN5B_ENST00000586855.2_ENSG00000197213,ZSCAN5B
1072_C2CD2_P1P2_ENSG00000157617,C2CD2
10730_ZSCAN5B_ENST00000358992.3_ENSG00000197213,ZSCAN5B
10731_ZSCAN9_P1P2_ENSG00000137185,ZSCAN9
10732_ZSWIM1_P1P2_ENSG00000168612,ZSWIM1
10733_ZSWIM7_P1P2_ENSG00000214941,ZSWIM7
10734_ZSWIM8_P1P2_ENSG00000214655,ZSWIM8
10735_ZUP1_P1P2_ENSG00000153975,ZUP1
10736_ZW10_P1P2_ENSG00000086827,ZW10
10737_ZWILCH_P1P2_ENSG00000174442,ZWILCH
10738_ZWINT_P1P2_ENSG00000122952,ZWINT
10739_ZXDA_P1P2_ENSG00000198205,ZXDA
1073_C2CD3_P1P2_ENSG00000168014,C2CD3
10740_ZXDB_P1P2_ENSG00000198455,ZXDB
10741_ZXDC_P1P2_ENSG00000070476,ZXDC
10742_ZYG11A_P1P2_ENSG00000203995,ZYG11A
10743_ZYG11B_P1P2_ENSG00000162378,ZYG11B
10744_ZYX_P1P2_ENSG00000159840,ZYX
10745_ZZEF1_P1P2_ENSG00000074755,ZZEF1
10746_AC118549.1_P1P2_ENSG00000036549,AC118549.1
10747_non-targeting_non-targeting_non-targeting,non-targeting
10748_non-targeting_non-targeting_non-targeting,non-targeting
10749_non-targeting_non-targeting_non-targeting,non-targeting
1074_C2orf42_ENST00000264434.2_ENSG00000115998,C2orf42
10750_non-targeting_non-targeting_non-targeting,non-targeting
10751_non-targeting_non-targeting_non-targeting,non-targeting
10752_non-targeting_non-targeting_non-targeting,non-targeting
10753_non-targeting_non-targeting_non-targeting,non-targeting
10754_non-targeting_non-targeting_non-targeting,non-targeting
10755_non-targeting_non-targeting_non-targeting,non-targeting
10756_non-targeting_non-targeting_non-targeting,non-targeting
10757_non-targeting_non-targeting_non-targeting,non-targeting
10758_non-targeting_non-targeting_non-targeting,non-targeting
10759_non-targeting_non-targeting_non-targeting,non-targeting
1075_C2orf42_ENST00000420306.1_ENSG00000115998,C2orf42
10760_non-targeting_non-targeting_non-targeting,non-targeting
10761_non-targeting_non-targeting_non-targeting,non-targeting
10762_non-targeting_non-targeting_non-targeting,non-targeting
10763_non-targeting_non-targeting_non-targeting,non-targeting
10764_non-targeting_non-targeting_non-targeting,non-targeting
10765_non-targeting_non-targeting_non-targeting,non-targeting
10766_non-targeting_non-targeting_non-targeting,non-targeting
10767_non-targeting_non-targeting_non-targeting,non-targeting
10768_non-targeting_non-targeting_non-targeting,non-targeting
10769_non-targeting_non-targeting_non-targeting,non-targeting
1076_WDCP_P1P2_ENSG00000163026,WDCP
10770_non-targeting_non-targeting_non-targeting,non-targeting
10771_non-targeting_non-targeting_non-targeting,non-targeting
10772_non-targeting_non-targeting_non-targeting,non-targeting
10773_non-targeting_non-targeting_non-targeting,non-targeting
10774_non-targeting_non-targeting_non-targeting,non-targeting
10775_non-targeting_non-targeting_non-targeting,non-targeting
10776_non-targeting_non-targeting_non-targeting,non-targeting
10777_non-targeting_non-targeting_non-targeting,non-targeting
10778_non-targeting_non-targeting_non-targeting,non-targeting
10779_non-targeting_non-targeting_non-targeting,non-targeting
1077_MAIP1_P1P2_ENSG00000162972,MAIP1
10780_non-targeting_non-targeting_non-targeting,non-targeting
10781_non-targeting_non-targeting_non-targeting,non-targeting
10782_non-targeting_non-targeting_non-targeting,non-targeting
10783_non-targeting_non-targeting_non-targeting,non-targeting
10784_non-targeting_non-targeting_non-targeting,non-targeting
10785_non-targeting_non-targeting_non-targeting,non-targeting
10786_non-targeting_non-targeting_non-targeting,non-targeting
10787_non-targeting_non-targeting_non-targeting,non-targeting
10788_non-targeting_non-targeting_non-targeting,non-targeting
10789_non-targeting_non-targeting_non-targeting,non-targeting
1078_C2orf49_P1P2_ENSG00000135974,C2orf49
10790_non-targeting_non-targeting_non-targeting,non-targeting
10791_non-targeting_non-targeting_non-targeting,non-targeting
10792_non-targeting_non-targeting_non-targeting,non-targeting
10793_non-targeting_non-targeting_non-targeting,non-targeting
10794_non-targeting_non-targeting_non-targeting,non-targeting
10795_non-targeting_non-targeting_non-targeting,non-targeting
10796_non-targeting_non-targeting_non-targeting,non-targeting
10797_non-targeting_non-targeting_non-targeting,non-targeting
10798_non-targeting_non-targeting_non-targeting,non-targeting
10799_non-targeting_non-targeting_non-targeting,non-targeting
1079_C2orf68_P1P2_ENSG00000168887,C2orf68
107_ACTN1_P1P2_ENSG00000072110,ACTN1
10800_non-targeting_non-targeting_non-targeting,non-targeting
10801_non-targeting_non-targeting_non-targeting,non-targeting
10802_non-targeting_non-targeting_non-targeting,non-targeting
10803_non-targeting_non-targeting_non-targeting,non-targeting
10804_non-targeting_non-targeting_non-targeting,non-targeting
10805_non-targeting_non-targeting_non-targeting,non-targeting
10806_non-targeting_non-targeting_non-targeting,non-targeting
10807_non-targeting_non-targeting_non-targeting,non-targeting
10808_non-targeting_non-targeting_non-targeting,non-targeting
10809_non-targeting_non-targeting_non-targeting,non-targeting
1080_C2orf69_P1P2_ENSG00000178074,C2orf69
10810_non-targeting_non-targeting_non-targeting,non-targeting
10811_non-targeting_non-targeting_non-targeting,non-targeting
10812_non-targeting_non-targeting_non-targeting,non-targeting
10813_non-targeting_non-targeting_non-targeting,non-targeting
10814_non-targeting_non-targeting_non-targeting,non-targeting
10815_non-targeting_non-targeting_non-targeting,non-targeting
10816_non-targeting_non-targeting_non-targeting,non-targeting
10817_non-targeting_non-targeting_non-targeting,non-targeting
10818_non-targeting_non-targeting_non-targeting,non-targeting
10819_non-targeting_non-targeting_non-targeting,non-targeting
1081_C2orf76_P1P2_ENSG00000186132,C2orf76
10820_non-targeting_non-targeting_non-targeting,non-targeting
10821_non-targeting_non-targeting_non-targeting,non-targeting
10822_non-targeting_non-targeting_non-targeting,non-targeting
10823_non-targeting_non-targeting_non-targeting,non-targeting
10824_non-targeting_non-targeting_non-targeting,non-targeting
10825_non-targeting_non-targeting_non-targeting,non-targeting
10826_non-targeting_non-targeting_non-targeting,non-targeting
10827_non-targeting_non-targeting_non-targeting,non-targeting
10828_non-targeting_non-targeting_non-targeting,non-targeting
10829_non-targeting_non-targeting_non-targeting,non-targeting
1082_C2orf88_P1P2_ENSG00000187699,C2orf88
10830_non-targeting_non-targeting_non-targeting,non-targeting
10831_non-targeting_non-targeting_non-targeting,non-targeting
10832_non-targeting_non-targeting_non-targeting,non-targeting
10833_non-targeting_non-targeting_non-targeting,non-targeting
10834_non-targeting_non-targeting_non-targeting,non-targeting
10835_non-targeting_non-targeting_non-targeting,non-targeting
10836_non-targeting_non-targeting_non-targeting,non-targeting
10837_non-targeting_non-targeting_non-targeting,non-targeting
10838_non-targeting_non-targeting_non-targeting,non-targeting
10839_non-targeting_non-targeting_non-targeting,non-targeting
1083_NEPRO_P1P2_ENSG00000163608,NEPRO
10840_non-targeting_non-targeting_non-targeting,non-targeting
10841_non-targeting_non-targeting_non-targeting,non-targeting
10842_non-targeting_non-targeting_non-targeting,non-targeting
10843_non-targeting_non-targeting_non-targeting,non-targeting
10844_non-targeting_non-targeting_non-targeting,non-targeting
10845_non-targeting_non-targeting_non-targeting,non-targeting
10846_non-targeting_non-targeting_non-targeting,non-targeting
10847_non-targeting_non-targeting_non-targeting,non-targeting
10848_non-targeting_non-targeting_non-targeting,non-targeting
10849_non-targeting_non-targeting_non-targeting,non-targeting
1084_C3orf33_P1P2_ENSG00000174928,C3orf33
10850_non-targeting_non-targeting_non-targeting,non-targeting
10851_non-targeting_non-targeting_non-targeting,non-targeting
10852_non-targeting_non-targeting_non-targeting,non-targeting
10853_non-targeting_non-targeting_non-targeting,non-targeting
10854_non-targeting_non-targeting_non-targeting,non-targeting
10855_non-targeting_non-targeting_non-targeting,non-targeting
10856_non-targeting_non-targeting_non-targeting,non-targeting
10857_non-targeting_non-targeting_non-targeting,non-targeting
10858_non-targeting_non-targeting_non-targeting,non-targeting
10859_non-targeting_non-targeting_non-targeting,non-targeting
1085_C3orf38_P1P2_ENSG00000179021,C3orf38
10860_non-targeting_non-targeting_non-targeting,non-targeting
10861_non-targeting_non-targeting_non-targeting,non-targeting
10862_non-targeting_non-targeting_non-targeting,non-targeting
10863_non-targeting_non-targeting_non-targeting,non-targeting
10864_non-targeting_non-targeting_non-targeting,non-targeting
10865_non-targeting_non-targeting_non-targeting,non-targeting
10866_non-targeting_non-targeting_non-targeting,non-targeting
10867_non-targeting_non-targeting_non-targeting,non-targeting
10868_non-targeting_non-targeting_non-targeting,non-targeting
10869_non-targeting_non-targeting_non-targeting,non-targeting
1086_DIPK2A_P1P2_ENSG00000181744,DIPK2A
10870_non-targeting_non-targeting_non-targeting,non-targeting
10871_non-targeting_non-targeting_non-targeting,non-targeting
10872_non-targeting_non-targeting_non-targeting,non-targeting
10873_non-targeting_non-targeting_non-targeting,non-targeting
10874_non-targeting_non-targeting_non-targeting,non-targeting
10875_non-targeting_non-targeting_non-targeting,non-targeting
10876_non-targeting_non-targeting_non-targeting,non-targeting
10877_non-targeting_non-targeting_non-targeting,non-targeting
10878_non-targeting_non-targeting_non-targeting,non-targeting
10879_non-targeting_non-targeting_non-targeting,non-targeting
1087_HPF1_P1P2_ENSG00000056050,HPF1
10880_non-targeting_non-targeting_non-targeting,non-targeting
10881_non-targeting_non-targeting_non-targeting,non-targeting
10882_non-targeting_non-targeting_non-targeting,non-targeting
10883_non-targeting_non-targeting_non-targeting,non-targeting
10884_non-targeting_non-targeting_non-targeting,non-targeting
10885_non-targeting_non-targeting_non-targeting,non-targeting
10886_non-targeting_non-targeting_non-targeting,non-targeting
10887_non-targeting_non-targeting_non-targeting,non-targeting
10888_non-targeting_non-targeting_non-targeting,non-targeting
10889_non-targeting_non-targeting_non-targeting,non-targeting
1088_FAM241A_P1P2_ENSG00000174749,FAM241A
10890_non-targeting_non-targeting_non-targeting,non-targeting
10891_non-targeting_non-targeting_non-targeting,non-targeting
10892_non-targeting_non-targeting_non-targeting,non-targeting
10893_non-targeting_non-targeting_non-targeting,non-targeting
10894_non-targeting_non-targeting_non-targeting,non-targeting
10895_non-targeting_non-targeting_non-targeting,non-targeting
10896_non-targeting_non-targeting_non-targeting,non-targeting
10897_non-targeting_non-targeting_non-targeting,non-targeting
10898_non-targeting_non-targeting_non-targeting,non-targeting
10899_non-targeting_non-targeting_non-targeting,non-targeting
1089_C4orf33_P1_ENSG00000151470,C4orf33
108_ACTN4_P1P2_ENSG00000130402,ACTN4
10900_non-targeting_non-targeting_non-targeting,non-targeting
10901_non-targeting_non-targeting_non-targeting,non-targeting
10902_non-targeting_non-targeting_non-targeting,non-targeting
10903_non-targeting_non-targeting_non-targeting,non-targeting
10904_non-targeting_non-targeting_non-targeting,non-targeting
10905_non-targeting_non-targeting_non-targeting,non-targeting
10906_non-targeting_non-targeting_non-targeting,non-targeting
10907_non-targeting_non-targeting_non-targeting,non-targeting
10908_non-targeting_non-targeting_non-targeting,non-targeting
10909_non-targeting_non-targeting_non-targeting,non-targeting
1090_C4orf33_P2_ENSG00000151470,C4orf33
10910_non-targeting_non-targeting_non-targeting,non-targeting
10911_non-targeting_non-targeting_non-targeting,non-targeting
10912_non-targeting_non-targeting_non-targeting,non-targeting
10913_non-targeting_non-targeting_non-targeting,non-targeting
10914_non-targeting_non-targeting_non-targeting,non-targeting
10915_non-targeting_non-targeting_non-targeting,non-targeting
10916_non-targeting_non-targeting_non-targeting,non-targeting
10917_non-targeting_non-targeting_non-targeting,non-targeting
10918_non-targeting_non-targeting_non-targeting,non-targeting
10919_non-targeting_non-targeting_non-targeting,non-targeting
1091_C4orf36_P1_ENSG00000163633,C4orf36
10920_non-targeting_non-targeting_non-targeting,non-targeting
10921_non-targeting_non-targeting_non-targeting,non-targeting
10922_non-targeting_non-targeting_non-targeting,non-targeting
10923_non-targeting_non-targeting_non-targeting,non-targeting
10924_non-targeting_non-targeting_non-targeting,non-targeting
10925_non-targeting_non-targeting_non-targeting,non-targeting
10926_non-targeting_non-targeting_non-targeting,non-targeting
10927_non-targeting_non-targeting_non-targeting,non-targeting
10928_non-targeting_non-targeting_non-targeting,non-targeting
10929_non-targeting_non-targeting_non-targeting,non-targeting
1092_C4orf36_P2_ENSG00000163633,C4orf36
10930_non-targeting_non-targeting_non-targeting,non-targeting
10931_non-targeting_non-targeting_non-targeting,non-targeting
10932_non-targeting_non-targeting_non-targeting,non-targeting
10933_non-targeting_non-targeting_non-targeting,non-targeting
10934_non-targeting_non-targeting_non-targeting,non-targeting
10935_non-targeting_non-targeting_non-targeting,non-targeting
10936_non-targeting_non-targeting_non-targeting,non-targeting
10937_non-targeting_non-targeting_non-targeting,non-targeting
10938_non-targeting_non-targeting_non-targeting,non-targeting
10939_non-targeting_non-targeting_non-targeting,non-targeting
1093_C4orf3_P1P2_ENSG00000164096,C4orf3
10940_non-targeting_non-targeting_non-targeting,non-targeting
10941_non-targeting_non-targeting_non-targeting,non-targeting
10942_non-targeting_non-targeting_non-targeting,non-targeting
10943_non-targeting_non-targeting_non-targeting,non-targeting
10944_non-targeting_non-targeting_non-targeting,non-targeting
10945_non-targeting_non-targeting_non-targeting,non-targeting
10946_non-targeting_non-targeting_non-targeting,non-targeting
10947_non-targeting_non-targeting_non-targeting,non-targeting
10948_non-targeting_non-targeting_non-targeting,non-targeting
10949_non-targeting_non-targeting_non-targeting,non-targeting
1094_C4orf46_P1P2_ENSG00000205208,C4orf46
10950_non-targeting_non-targeting_non-targeting,non-targeting
10951_non-targeting_non-targeting_non-targeting,non-targeting
10952_non-targeting_non-targeting_non-targeting,non-targeting
10953_non-targeting_non-targeting_non-targeting,non-targeting
10954_non-targeting_non-targeting_non-targeting,non-targeting
10955_non-targeting_non-targeting_non-targeting,non-targeting
10956_non-targeting_non-targeting_non-targeting,non-targeting
10957_non-targeting_non-targeting_non-targeting,non-targeting
10958_non-targeting_non-targeting_non-targeting,non-targeting
10959_non-targeting_non-targeting_non-targeting,non-targeting
1095_C4orf48_P1P2_ENSG00000243449,C4orf48
10960_non-targeting_non-targeting_non-targeting,non-targeting
10961_non-targeting_non-targeting_non-targeting,non-targeting
10962_non-targeting_non-targeting_non-targeting,non-targeting
10963_non-targeting_non-targeting_non-targeting,non-targeting
10964_non-targeting_non-targeting_non-targeting,non-targeting
10965_non-targeting_non-targeting_non-targeting,non-targeting
10966_non-targeting_non-targeting_non-targeting,non-targeting
10967_non-targeting_non-targeting_non-targeting,non-targeting
10968_non-targeting_non-targeting_non-targeting,non-targeting
10969_non-targeting_non-targeting_non-targeting,non-targeting
1096_C5orf15_P1P2_ENSG00000113583,C5orf15
10970_non-targeting_non-targeting_non-targeting,non-targeting
10971_non-targeting_non-targeting_non-targeting,non-targeting
10972_non-targeting_non-targeting_non-targeting,non-targeting
10973_non-targeting_non-targeting_non-targeting,non-targeting
10974_non-targeting_non-targeting_non-targeting,non-targeting
10975_non-targeting_non-targeting_non-targeting,non-targeting
10976_non-targeting_non-targeting_non-targeting,non-targeting
10977_non-targeting_non-targeting_non-targeting,non-targeting
10978_non-targeting_non-targeting_non-targeting,non-targeting
10979_non-targeting_non-targeting_non-targeting,non-targeting
1097_C5orf22_P1P2_ENSG00000082213,C5orf22
10980_non-targeting_non-targeting_non-targeting,non-targeting
10981_non-targeting_non-targeting_non-targeting,non-targeting
10982_non-targeting_non-targeting_non-targeting,non-targeting
10983_non-targeting_non-targeting_non-targeting,non-targeting
10984_non-targeting_non-targeting_non-targeting,non-targeting
10985_non-targeting_non-targeting_non-targeting,non-targeting
10986_non-targeting_non-targeting_non-targeting,non-targeting
10987_non-targeting_non-targeting_non-targeting,non-targeting
10988_non-targeting_non-targeting_non-targeting,non-targeting
10989_non-targeting_non-targeting_non-targeting,non-targeting
1098_C5orf24_P1P2_ENSG00000181904,C5orf24
10990_non-targeting_non-targeting_non-targeting,non-targeting
10991_non-targeting_non-targeting_non-targeting,non-targeting
10992_non-targeting_non-targeting_non-targeting,non-targeting
10993_non-targeting_non-targeting_non-targeting,non-targeting
10994_non-targeting_non-targeting_non-targeting,non-targeting
10995_non-targeting_non-targeting_non-targeting,non-targeting
10996_non-targeting_non-targeting_non-targeting,non-targeting
10997_non-targeting_non-targeting_non-targeting,non-targeting
10998_non-targeting_non-targeting_non-targeting,non-targeting
10999_non-targeting_non-targeting_non-targeting,non-targeting
1099_TMEM267_P1P2_ENSG00000151881,TMEM267
109_ACTR10_P1P2_ENSG00000131966,ACTR10
10_AARS2_P1P2_ENSG00000124608,AARS2
11000_non-targeting_non-targeting_non-targeting,non-targeting
11001_non-targeting_non-targeting_non-targeting,non-targeting
11002_non-targeting_non-targeting_non-targeting,non-targeting
11003_non-targeting_non-targeting_non-targeting,non-targeting
11004_non-targeting_non-targeting_non-targeting,non-targeting
11005_non-targeting_non-targeting_non-targeting,non-targeting
11006_non-targeting_non-targeting_non-targeting,non-targeting
11007_non-targeting_non-targeting_non-targeting,non-targeting
11008_non-targeting_non-targeting_non-targeting,non-targeting
11009_non-targeting_non-targeting_non-targeting,non-targeting
1100_C5orf30_P1P2_ENSG00000181751,C5orf30
11010_non-targeting_non-targeting_non-targeting,non-targeting
11011_non-targeting_non-targeting_non-targeting,non-targeting
11012_non-targeting_non-targeting_non-targeting,non-targeting
11013_non-targeting_non-targeting_non-targeting,non-targeting
11014_non-targeting_non-targeting_non-targeting,non-targeting
11015_non-targeting_non-targeting_non-targeting,non-targeting
11016_non-targeting_non-targeting_non-targeting,non-targeting
11017_non-targeting_non-targeting_non-targeting,non-targeting
11018_non-targeting_non-targeting_non-targeting,non-targeting
11019_non-targeting_non-targeting_non-targeting,non-targeting
1101_C5orf34_P1P2_ENSG00000172244,C5orf34
11020_non-targeting_non-targeting_non-targeting,non-targeting
11021_non-targeting_non-targeting_non-targeting,non-targeting
11022_non-targeting_non-targeting_non-targeting,non-targeting
11023_non-targeting_non-targeting_non-targeting,non-targeting
11024_non-targeting_non-targeting_non-targeting,non-targeting
11025_non-targeting_non-targeting_non-targeting,non-targeting
11026_non-targeting_non-targeting_non-targeting,non-targeting
11027_non-targeting_non-targeting_non-targeting,non-targeting
11028_non-targeting_non-targeting_non-targeting,non-targeting
11029_non-targeting_non-targeting_non-targeting,non-targeting
1102_MRNIP_P1P2_ENSG00000161010,MRNIP
11030_non-targeting_non-targeting_non-targeting,non-targeting
11031_non-targeting_non-targeting_non-targeting,non-targeting
11032_non-targeting_non-targeting_non-targeting,non-targeting
11033_non-targeting_non-targeting_non-targeting,non-targeting
11034_non-targeting_non-targeting_non-targeting,non-targeting
11035_non-targeting_non-targeting_non-targeting,non-targeting
11036_non-targeting_non-targeting_non-targeting,non-targeting
11037_non-targeting_non-targeting_non-targeting,non-targeting
11038_non-targeting_non-targeting_non-targeting,non-targeting
11039_non-targeting_non-targeting_non-targeting,non-targeting
1103_C5orf51_P1P2_ENSG00000205765,C5orf51
11040_non-targeting_non-targeting_non-targeting,non-targeting
11041_non-targeting_non-targeting_non-targeting,non-targeting
11042_non-targeting_non-targeting_non-targeting,non-targeting
11043_non-targeting_non-targeting_non-targeting,non-targeting
11044_non-targeting_non-targeting_non-targeting,non-targeting
11045_non-targeting_non-targeting_non-targeting,non-targeting
11046_non-targeting_non-targeting_non-targeting,non-targeting
11047_non-targeting_non-targeting_non-targeting,non-targeting
11048_non-targeting_non-targeting_non-targeting,non-targeting
11049_non-targeting_non-targeting_non-targeting,non-targeting
1104_ILRUN_P1P2_ENSG00000196821,ILRUN
11050_non-targeting_non-targeting_non-targeting,non-targeting
11051_non-targeting_non-targeting_non-targeting,non-targeting
11052_non-targeting_non-targeting_non-targeting,non-targeting
11053_non-targeting_non-targeting_non-targeting,non-targeting
11054_non-targeting_non-targeting_non-targeting,non-targeting
11055_non-targeting_non-targeting_non-targeting,non-targeting
11056_non-targeting_non-targeting_non-targeting,non-targeting
11057_non-targeting_non-targeting_non-targeting,non-targeting
11058_non-targeting_non-targeting_non-targeting,non-targeting
11059_non-targeting_non-targeting_non-targeting,non-targeting
1105_C6orf120_P1P2_ENSG00000185127,C6orf120
11060_non-targeting_non-targeting_non-targeting,non-targeting
11061_non-targeting_non-targeting_non-targeting,non-targeting
11062_non-targeting_non-targeting_non-targeting,non-targeting
11063_non-targeting_non-targeting_non-targeting,non-targeting
11064_non-targeting_non-targeting_non-targeting,non-targeting
11065_non-targeting_non-targeting_non-targeting,non-targeting
11066_non-targeting_non-targeting_non-targeting,non-targeting
11067_non-targeting_non-targeting_non-targeting,non-targeting
11068_non-targeting_non-targeting_non-targeting,non-targeting
11069_non-targeting_non-targeting_non-targeting,non-targeting
1106_C6orf136_P1P2_ENSG00000204564,C6orf136
11070_non-targeting_non-targeting_non-targeting,non-targeting
11071_non-targeting_non-targeting_non-targeting,non-targeting
11072_non-targeting_non-targeting_non-targeting,non-targeting
11073_non-targeting_non-targeting_non-targeting,non-targeting
11074_non-targeting_non-targeting_non-targeting,non-targeting
11075_non-targeting_non-targeting_non-targeting,non-targeting
11076_non-targeting_non-targeting_non-targeting,non-targeting
11077_non-targeting_non-targeting_non-targeting,non-targeting
11078_non-targeting_non-targeting_non-targeting,non-targeting
11079_non-targeting_non-targeting_non-targeting,non-targeting
1107_C6orf15_P1P2_ENSG00000204542,C6orf15
11080_non-targeting_non-targeting_non-targeting,non-targeting
11081_non-targeting_non-targeting_non-targeting,non-targeting
11082_non-targeting_non-targeting_non-targeting,non-targeting
11083_non-targeting_non-targeting_non-targeting,non-targeting
11084_non-targeting_non-targeting_non-targeting,non-targeting
11085_non-targeting_non-targeting_non-targeting,non-targeting
11086_non-targeting_non-targeting_non-targeting,non-targeting
11087_non-targeting_non-targeting_non-targeting,non-targeting
11088_non-targeting_non-targeting_non-targeting,non-targeting
11089_non-targeting_non-targeting_non-targeting,non-targeting
1108_SMIM29_P1P2_ENSG00000186577,SMIM29
11090_non-targeting_non-targeting_non-targeting,non-targeting
11091_non-targeting_non-targeting_non-targeting,non-targeting
11092_non-targeting_non-targeting_non-targeting,non-targeting
11093_non-targeting_non-targeting_non-targeting,non-targeting
11094_non-targeting_non-targeting_non-targeting,non-targeting
11095_non-targeting_non-targeting_non-targeting,non-targeting
11096_non-targeting_non-targeting_non-targeting,non-targeting
11097_non-targeting_non-targeting_non-targeting,non-targeting
11098_non-targeting_non-targeting_non-targeting,non-targeting
11099_non-targeting_non-targeting_non-targeting,non-targeting
1109_MTRES1_P1P2_ENSG00000130349,MTRES1
110_ACTR1A_P1P2_ENSG00000138107,ACTR1A
11100_non-targeting_non-targeting_non-targeting,non-targeting
11101_non-targeting_non-targeting_non-targeting,non-targeting
11102_non-targeting_non-targeting_non-targeting,non-targeting
11103_non-targeting_non-targeting_non-targeting,non-targeting
11104_non-targeting_non-targeting_non-targeting,non-targeting
11105_non-targeting_non-targeting_non-targeting,non-targeting
11106_non-targeting_non-targeting_non-targeting,non-targeting
11107_non-targeting_non-targeting_non-targeting,non-targeting
11108_non-targeting_non-targeting_non-targeting,non-targeting
11109_non-targeting_non-targeting_non-targeting,non-targeting
1110_MPIG6B_P1P2_ENSG00000204420,MPIG6B
11110_non-targeting_non-targeting_non-targeting,non-targeting
11111_non-targeting_non-targeting_non-targeting,non-targeting
11112_non-targeting_non-targeting_non-targeting,non-targeting
11113_non-targeting_non-targeting_non-targeting,non-targeting
11114_non-targeting_non-targeting_non-targeting,non-targeting
11115_non-targeting_non-targeting_non-targeting,non-targeting
11116_non-targeting_non-targeting_non-targeting,non-targeting
11117_non-targeting_non-targeting_non-targeting,non-targeting
11118_non-targeting_non-targeting_non-targeting,non-targeting
11119_non-targeting_non-targeting_non-targeting,non-targeting
1111_C6orf47_P1P2_ENSG00000204439,C6orf47
11120_non-targeting_non-targeting_non-targeting,non-targeting
11121_non-targeting_non-targeting_non-targeting,non-targeting
11122_non-targeting_non-targeting_non-targeting,non-targeting
11123_non-targeting_non-targeting_non-targeting,non-targeting
11124_non-targeting_non-targeting_non-targeting,non-targeting
11125_non-targeting_non-targeting_non-targeting,non-targeting
11126_non-targeting_non-targeting_non-targeting,non-targeting
11127_non-targeting_non-targeting_non-targeting,non-targeting
11128_non-targeting_non-targeting_non-targeting,non-targeting
11129_non-targeting_non-targeting_non-targeting,non-targeting
1112_SNHG32_P1P2_ENSG00000204387,SNHG32
11130_non-targeting_non-targeting_non-targeting,non-targeting
11131_non-targeting_non-targeting_non-targeting,non-targeting
11132_non-targeting_non-targeting_non-targeting,non-targeting
11133_non-targeting_non-targeting_non-targeting,non-targeting
11134_non-targeting_non-targeting_non-targeting,non-targeting
11135_non-targeting_non-targeting_non-targeting,non-targeting
11136_non-targeting_non-targeting_non-targeting,non-targeting
11137_non-targeting_non-targeting_non-targeting,non-targeting
11138_non-targeting_non-targeting_non-targeting,non-targeting
11139_non-targeting_non-targeting_non-targeting,non-targeting
1113_C6orf52_P1P2_ENSG00000137434,C6orf52
11140_non-targeting_non-targeting_non-targeting,non-targeting
11141_non-targeting_non-targeting_non-targeting,non-targeting
11142_non-targeting_non-targeting_non-targeting,non-targeting
11143_non-targeting_non-targeting_non-targeting,non-targeting
11144_non-targeting_non-targeting_non-targeting,non-targeting
11145_non-targeting_non-targeting_non-targeting,non-targeting
11146_non-targeting_non-targeting_non-targeting,non-targeting
11147_non-targeting_non-targeting_non-targeting,non-targeting
11148_non-targeting_non-targeting_non-targeting,non-targeting
11149_non-targeting_non-targeting_non-targeting,non-targeting
1114_C6orf62_P2_ENSG00000112308,C6orf62
11150_non-targeting_non-targeting_non-targeting,non-targeting
11151_non-targeting_non-targeting_non-targeting,non-targeting
11152_non-targeting_non-targeting_non-targeting,non-targeting
11153_non-targeting_non-targeting_non-targeting,non-targeting
11154_non-targeting_non-targeting_non-targeting,non-targeting
11155_non-targeting_non-targeting_non-targeting,non-targeting
11156_non-targeting_non-targeting_non-targeting,non-targeting
11157_non-targeting_non-targeting_non-targeting,non-targeting
11158_non-targeting_non-targeting_non-targeting,non-targeting
11159_non-targeting_non-targeting_non-targeting,non-targeting
1115_C6orf62_P1_ENSG00000112308,C6orf62
11160_non-targeting_non-targeting_non-targeting,non-targeting
11161_non-targeting_non-targeting_non-targeting,non-targeting
11162_non-targeting_non-targeting_non-targeting,non-targeting
11163_non-targeting_non-targeting_non-targeting,non-targeting
11164_non-targeting_non-targeting_non-targeting,non-targeting
11165_non-targeting_non-targeting_non-targeting,non-targeting
11166_non-targeting_non-targeting_non-targeting,non-targeting
11167_non-targeting_non-targeting_non-targeting,non-targeting
11168_non-targeting_non-targeting_non-targeting,non-targeting
11169_non-targeting_non-targeting_non-targeting,non-targeting
1116_C6orf89_P1P2_ENSG00000198663,C6orf89
11170_non-targeting_non-targeting_non-targeting,non-targeting
11171_non-targeting_non-targeting_non-targeting,non-targeting
11172_non-targeting_non-targeting_non-targeting,non-targeting
11173_non-targeting_non-targeting_non-targeting,non-targeting
11174_non-targeting_non-targeting_non-targeting,non-targeting
11175_non-targeting_non-targeting_non-targeting,non-targeting
11176_non-targeting_non-targeting_non-targeting,non-targeting
11177_non-targeting_non-targeting_non-targeting,non-targeting
11178_non-targeting_non-targeting_non-targeting,non-targeting
11179_non-targeting_non-targeting_non-targeting,non-targeting
11180_non-targeting_non-targeting_non-targeting,non-targeting
11181_non-targeting_non-targeting_non-targeting,non-targeting
11182_non-targeting_non-targeting_non-targeting,non-targeting
11183_non-targeting_non-targeting_non-targeting,non-targeting
11184_non-targeting_non-targeting_non-targeting,non-targeting
11185_non-targeting_non-targeting_non-targeting,non-targeting
11186_non-targeting_non-targeting_non-targeting,non-targeting
11187_non-targeting_non-targeting_non-targeting,non-targeting
11188_non-targeting_non-targeting_non-targeting,non-targeting
11189_non-targeting_non-targeting_non-targeting,non-targeting
1118_C7orf26_P1P2_ENSG00000146576,C7orf26
11190_non-targeting_non-targeting_non-targeting,non-targeting
11191_non-targeting_non-targeting_non-targeting,non-targeting
11192_non-targeting_non-targeting_non-targeting,non-targeting
11193_non-targeting_non-targeting_non-targeting,non-targeting
11194_non-targeting_non-targeting_non-targeting,non-targeting
11195_non-targeting_non-targeting_non-targeting,non-targeting
11196_non-targeting_non-targeting_non-targeting,non-targeting
11197_non-targeting_non-targeting_non-targeting,non-targeting
11198_non-targeting_non-targeting_non-targeting,non-targeting
11199_non-targeting_non-targeting_non-targeting,non-targeting
111_ACTR1B_P1P2_ENSG00000115073,ACTR1B
11200_non-targeting_non-targeting_non-targeting,non-targeting
11201_non-targeting_non-targeting_non-targeting,non-targeting
11202_non-targeting_non-targeting_non-targeting,non-targeting
11203_non-targeting_non-targeting_non-targeting,non-targeting
11204_non-targeting_non-targeting_non-targeting,non-targeting
11205_non-targeting_non-targeting_non-targeting,non-targeting
11206_non-targeting_non-targeting_non-targeting,non-targeting
11207_non-targeting_non-targeting_non-targeting,non-targeting
11208_non-targeting_non-targeting_non-targeting,non-targeting
11209_non-targeting_non-targeting_non-targeting,non-targeting
1120_CYREN_P1P2_ENSG00000122783,CYREN
11210_non-targeting_non-targeting_non-targeting,non-targeting
11211_non-targeting_non-targeting_non-targeting,non-targeting
11212_non-targeting_non-targeting_non-targeting,non-targeting
11213_non-targeting_non-targeting_non-targeting,non-targeting
11214_non-targeting_non-targeting_non-targeting,non-targeting
11215_non-targeting_non-targeting_non-targeting,non-targeting
11216_non-targeting_non-targeting_non-targeting,non-targeting
11217_non-targeting_non-targeting_non-targeting,non-targeting
11218_non-targeting_non-targeting_non-targeting,non-targeting
11219_non-targeting_non-targeting_non-targeting,non-targeting
"1121_C7orf50_ENST00000357429.6,ENST00000397098.3,ENST00000397100.2_ENSG00000146540",C7orf50
11220_non-targeting_non-targeting_non-targeting,non-targeting
11221_non-targeting_non-targeting_non-targeting,non-targeting
11222_non-targeting_non-targeting_non-targeting,non-targeting
11223_non-targeting_non-targeting_non-targeting,non-targeting
11224_non-targeting_non-targeting_non-targeting,non-targeting
11225_non-targeting_non-targeting_non-targeting,non-targeting
11226_non-targeting_non-targeting_non-targeting,non-targeting
11227_non-targeting_non-targeting_non-targeting,non-targeting
11228_non-targeting_non-targeting_non-targeting,non-targeting
11229_non-targeting_non-targeting_non-targeting,non-targeting
1122_FMC1_P1P2_ENSG00000164898,FMC1
11230_non-targeting_non-targeting_non-targeting,non-targeting
11231_non-targeting_non-targeting_non-targeting,non-targeting
11232_non-targeting_non-targeting_non-targeting,non-targeting
11233_non-targeting_non-targeting_non-targeting,non-targeting
11234_non-targeting_non-targeting_non-targeting,non-targeting
11235_non-targeting_non-targeting_non-targeting,non-targeting
11236_non-targeting_non-targeting_non-targeting,non-targeting
11237_non-targeting_non-targeting_non-targeting,non-targeting
11238_non-targeting_non-targeting_non-targeting,non-targeting
11239_non-targeting_non-targeting_non-targeting,non-targeting
1123_STMP1_P1P2_ENSG00000243317,STMP1
11240_non-targeting_non-targeting_non-targeting,non-targeting
11241_non-targeting_non-targeting_non-targeting,non-targeting
11242_non-targeting_non-targeting_non-targeting,non-targeting
11243_non-targeting_non-targeting_non-targeting,non-targeting
11244_non-targeting_non-targeting_non-targeting,non-targeting
11245_non-targeting_non-targeting_non-targeting,non-targeting
11246_non-targeting_non-targeting_non-targeting,non-targeting
11247_non-targeting_non-targeting_non-targeting,non-targeting
11248_non-targeting_non-targeting_non-targeting,non-targeting
11249_non-targeting_non-targeting_non-targeting,non-targeting
1124_C8orf33_P1P2_ENSG00000182307,C8orf33
11250_non-targeting_non-targeting_non-targeting,non-targeting
11251_non-targeting_non-targeting_non-targeting,non-targeting
11252_non-targeting_non-targeting_non-targeting,non-targeting
11253_non-targeting_non-targeting_non-targeting,non-targeting
11254_non-targeting_non-targeting_non-targeting,non-targeting
11255_non-targeting_non-targeting_non-targeting,non-targeting
11256_non-targeting_non-targeting_non-targeting,non-targeting
11257_non-targeting_non-targeting_non-targeting,non-targeting
11258_non-targeting_non-targeting_non-targeting,non-targeting
11259_non-targeting_non-targeting_non-targeting,non-targeting
1125_C8orf44_P1P2_nan,C8orf44
11260_non-targeting_non-targeting_non-targeting,non-targeting
11261_non-targeting_non-targeting_non-targeting,non-targeting
11262_non-targeting_non-targeting_non-targeting,non-targeting
11263_non-targeting_non-targeting_non-targeting,non-targeting
11264_non-targeting_non-targeting_non-targeting,non-targeting
11265_non-targeting_non-targeting_non-targeting,non-targeting
11266_non-targeting_non-targeting_non-targeting,non-targeting
11267_non-targeting_non-targeting_non-targeting,non-targeting
11268_non-targeting_non-targeting_non-targeting,non-targeting
11269_non-targeting_non-targeting_non-targeting,non-targeting
1126_RBIS_P1P2_ENSG00000176731,RBIS
11270_non-targeting_non-targeting_non-targeting,non-targeting
11271_non-targeting_non-targeting_non-targeting,non-targeting
11272_non-targeting_non-targeting_non-targeting,non-targeting
11273_non-targeting_non-targeting_non-targeting,non-targeting
11274_non-targeting_non-targeting_non-targeting,non-targeting
11275_non-targeting_non-targeting_non-targeting,non-targeting
11276_non-targeting_non-targeting_non-targeting,non-targeting
11277_non-targeting_non-targeting_non-targeting,non-targeting
11278_non-targeting_non-targeting_non-targeting,non-targeting
11279_non-targeting_non-targeting_non-targeting,non-targeting
1127_C8orf76_P1P2_ENSG00000189376,C8orf76
11280_non-targeting_non-targeting_non-targeting,non-targeting
11281_non-targeting_non-targeting_non-targeting,non-targeting
11282_non-targeting_non-targeting_non-targeting,non-targeting
11283_non-targeting_non-targeting_non-targeting,non-targeting
11284_non-targeting_non-targeting_non-targeting,non-targeting
11285_non-targeting_non-targeting_non-targeting,non-targeting
11286_non-targeting_non-targeting_non-targeting,non-targeting
11287_non-targeting_non-targeting_non-targeting,non-targeting
11288_non-targeting_non-targeting_non-targeting,non-targeting
11289_non-targeting_non-targeting_non-targeting,non-targeting
1128_C8orf82_P1P2_ENSG00000213563,C8orf82
11290_non-targeting_non-targeting_non-targeting,non-targeting
11291_non-targeting_non-targeting_non-targeting,non-targeting
11292_non-targeting_non-targeting_non-targeting,non-targeting
11293_non-targeting_non-targeting_non-targeting,non-targeting
11294_non-targeting_non-targeting_non-targeting,non-targeting
11295_non-targeting_non-targeting_non-targeting,non-targeting
11296_non-targeting_non-targeting_non-targeting,non-targeting
11297_non-targeting_non-targeting_non-targeting,non-targeting
11298_non-targeting_non-targeting_non-targeting,non-targeting
11299_non-targeting_non-targeting_non-targeting,non-targeting
1129_SPOUT1_P1P2_ENSG00000198917,SPOUT1
112_ACTR2_P1P2_ENSG00000138071,ACTR2
11300_non-targeting_non-targeting_non-targeting,non-targeting
11301_non-targeting_non-targeting_non-targeting,non-targeting
11302_non-targeting_non-targeting_non-targeting,non-targeting
11303_non-targeting_non-targeting_non-targeting,non-targeting
11304_non-targeting_non-targeting_non-targeting,non-targeting
11305_non-targeting_non-targeting_non-targeting,non-targeting
11306_non-targeting_non-targeting_non-targeting,non-targeting
11307_non-targeting_non-targeting_non-targeting,non-targeting
11308_non-targeting_non-targeting_non-targeting,non-targeting
11309_non-targeting_non-targeting_non-targeting,non-targeting
1130_PAXX_P1P2_ENSG00000148362,PAXX
11310_non-targeting_non-targeting_non-targeting,non-targeting
11311_non-targeting_non-targeting_non-targeting,non-targeting
11312_non-targeting_non-targeting_non-targeting,non-targeting
11313_non-targeting_non-targeting_non-targeting,non-targeting
11314_non-targeting_non-targeting_non-targeting,non-targeting
11315_non-targeting_non-targeting_non-targeting,non-targeting
11316_non-targeting_non-targeting_non-targeting,non-targeting
11317_non-targeting_non-targeting_non-targeting,non-targeting
11318_non-targeting_non-targeting_non-targeting,non-targeting
11319_non-targeting_non-targeting_non-targeting,non-targeting
1131_C9orf16_P1P2_ENSG00000171159,C9orf16
11320_non-targeting_non-targeting_non-targeting,non-targeting
11321_non-targeting_non-targeting_non-targeting,non-targeting
11322_non-targeting_non-targeting_non-targeting,non-targeting
11323_non-targeting_non-targeting_non-targeting,non-targeting
11324_non-targeting_non-targeting_non-targeting,non-targeting
11325_non-targeting_non-targeting_non-targeting,non-targeting
11326_non-targeting_non-targeting_non-targeting,non-targeting
11327_non-targeting_non-targeting_non-targeting,non-targeting
11328_non-targeting_non-targeting_non-targeting,non-targeting
11329_non-targeting_non-targeting_non-targeting,non-targeting
1132_AOPEP_ENST00000375315.2_ENSG00000148120,AOPEP
11330_non-targeting_non-targeting_non-targeting,non-targeting
11331_non-targeting_non-targeting_non-targeting,non-targeting
1133_C9orf40_P1P2_ENSG00000135045,C9orf40
1134_C9orf64_P1P2_ENSG00000165118,C9orf64
1135_TMEM250_P1P2_ENSG00000238227,TMEM250
1136_C9orf78_P1P2_ENSG00000136819,C9orf78
1137_C9orf85_P1P2_ENSG00000155621,C9orf85
1138_CA11_P1P2_ENSG00000063180,CA11
1139_CA5A_P1P2_ENSG00000174990,CA5A
113_ACTR3B_P1P2_ENSG00000133627,ACTR3B
1140_CA8_P1P2_ENSG00000178538,CA8
1141_CAAP1_P1P2_ENSG00000120159,CAAP1
1142_CAB39L_P2_ENSG00000102547,CAB39L
1143_CAB39L_P1_ENSG00000102547,CAB39L
1144_CAB39_P1P2_ENSG00000135932,CAB39
1145_CABIN1_P1P2_ENSG00000099991,CABIN1
1146_CACNB3_P2_ENSG00000167535,CACNB3
1147_CACNB3_P1_ENSG00000167535,CACNB3
1148_CACTIN_P1P2_ENSG00000105298,CACTIN
1149_CACUL1_P1P2_ENSG00000151893,CACUL1
114_ACTR3C_P1P2_ENSG00000106526,ACTR3C
1150_CACYBP_P1P2_ENSG00000116161,CACYBP
1151_CADM4_P1P2_ENSG00000105767,CADM4
1152_CAD_P1P2_ENSG00000084774,CAD
1153_CALB1_P1P2_ENSG00000104327,CALB1
1154_CALCOCO1_P1P2_ENSG00000012822,CALCOCO1
1155_CALCOCO2_P1_ENSG00000136436,CALCOCO2
1156_CALCOCO2_P2_ENSG00000136436,CALCOCO2
1157_CALM1_P1P2_ENSG00000198668,CALM1
1158_CALM2_P1P2_ENSG00000143933,CALM2
1159_CALM3_ENST00000291295.9_ENSG00000160014,CALM3
115_ACTR3_P1P2_ENSG00000115091,ACTR3
1160_CALML4_P1P2_ENSG00000129007,CALML4
1161_CALR_P1P2_ENSG00000179218,CALR
1162_CALU_P1P2_ENSG00000128595,CALU
1163_CAMK1_P1P2_ENSG00000134072,CAMK1
1164_CAMK2G_P1P2_ENSG00000148660,CAMK2G
1165_CAMKK2_P1P2_ENSG00000110931,CAMKK2
1166_CAMKMT_P1P2_ENSG00000143919,CAMKMT
1167_CAMLG_P1P2_ENSG00000164615,CAMLG
1168_CAMSAP1_P1P2_ENSG00000130559,CAMSAP1
1169_CAMTA1_P1P2_ENSG00000171735,CAMTA1
116_ACTR5_P1P2_ENSG00000101442,ACTR5
1170_CAMTA2_P1P2_ENSG00000108509,CAMTA2
1171_CAND1_P1P2_ENSG00000111530,CAND1
1172_CANT1_P1P2_ENSG00000171302,CANT1
1173_CANX_P1_ENSG00000127022,CANX
1174_CANX_P2_ENSG00000127022,CANX
1175_CAP1_P1P2_ENSG00000131236,CAP1
1176_CAPG_P2_ENSG00000042493,CAPG
1177_CAPG_P1_ENSG00000042493,CAPG
1178_CAPN10_P1P2_ENSG00000142330,CAPN10
1179_CAPN15_P1P2_ENSG00000103326,CAPN15
117_ACTR6_P1P2_ENSG00000075089,ACTR6
1180_CAPN1_P1P2_ENSG00000014216,CAPN1
1181_CAPN2_P1P2_ENSG00000162909,CAPN2
1182_CAPN7_P1P2_ENSG00000131375,CAPN7
1183_CAPNS1_P1P2_ENSG00000126247,CAPNS1
1184_CAPRIN1_P1P2_ENSG00000135387,CAPRIN1
1185_CAPZA1_P1P2_ENSG00000116489,CAPZA1
1186_CAPZA2_P1P2_ENSG00000198898,CAPZA2
1187_CAPZB_P1P2_ENSG00000077549,CAPZB
1188_CARD11_P1P2_ENSG00000198286,CARD11
1189_CARD8_P1_ENSG00000105483,CARD8
118_ACTR8_P1P2_ENSG00000113812,ACTR8
1190_CARD8_P2_ENSG00000105483,CARD8
1191_CARD9_P1P2_ENSG00000187796,CARD9
1192_CARF_P1P2_ENSG00000138380,CARF
1193_CARHSP1_P1P2_ENSG00000153048,CARHSP1
1194_NAXD_P1P2_ENSG00000213995,NAXD
1195_CARM1_P1P2_ENSG00000142453,CARM1
1196_CARS2_P1P2_ENSG00000134905,CARS2
1197_CARS_P1P2_ENSG00000110619,CARS
1198_CASC3_P1P2_ENSG00000108349,CASC3
1199_CASC4_P1P2_ENSG00000166734,CASC4
119_ACVR1B_P1P2_ENSG00000135503,ACVR1B
11_AARSD1_P2_ENSG00000266967,AARSD1
1200_KNL1_P1P2_ENSG00000137812,KNL1
1201_CASP10_P1P2_ENSG00000003400,CASP10
1202_CASP2_P1P2_ENSG00000106144,CASP2
1203_CASP3_P1P2_ENSG00000164305,CASP3
1204_CASP6_P1P2_ENSG00000138794,CASP6
1205_CASP7_P1P2_ENSG00000165806,CASP7
1206_CASP8AP2_P1P2_ENSG00000118412,CASP8AP2
1207_CASP8_P2_ENSG00000064012,CASP8
1208_CASP8_P1_ENSG00000064012,CASP8
1209_CASP9_P1P2_ENSG00000132906,CASP9
120_ACVR2B_P1P2_ENSG00000114739,ACVR2B
1210_CASS4_P1P2_ENSG00000087589,CASS4
1211_CAST_P2_ENSG00000153113,CAST
1212_CAST_P1_ENSG00000153113,CAST
1213_CASZ1_ENST00000377022.3_ENSG00000130940,CASZ1
1214_CAT_P1_ENSG00000121691,CAT
1215_CAT_P2_ENSG00000121691,CAT
1216_CAV2_P1P2_ENSG00000105971,CAV2
1217_CBFA2T2_P1P2_ENSG00000078699,CBFA2T2
1218_CBFA2T3_P1_ENSG00000129993,CBFA2T3
1219_CBFA2T3_P2_ENSG00000129993,CBFA2T3
121_ACY1_P1P2_ENSG00000243989,ACY1
1220_CBFB_P1P2_ENSG00000067955,CBFB
1221_CBLL1_P1P2_ENSG00000105879,CBLL1
1222_CBLN1_P1P2_ENSG00000102924,CBLN1
1223_CBL_P1P2_ENSG00000110395,CBL
1224_CBR1_P1P2_ENSG00000159228,CBR1
1225_CBR4_P1P2_ENSG00000145439,CBR4
1226_CBS_P1P2_ENSG00000160200,CBS
1227_CBWD1_ENST00000356521.4_ENSG00000172785,CBWD1
1228_CBX1_P1P2_ENSG00000108468,CBX1
1229_CBX2_P1P2_ENSG00000173894,CBX2
122_ACYP1_P1_ENSG00000119640,ACYP1
1230_CBX3_P1P2_ENSG00000122565,CBX3
1231_CBX4_P1P2_ENSG00000141582,CBX4
1232_CBX5_P1P2_ENSG00000094916,CBX5
1233_CBX6_P1P2_ENSG00000183741,CBX6
1234_CBX8_P1P2_ENSG00000141570,CBX8
1235_CBY1_P1P2_ENSG00000100211,CBY1
1236_CC2D1A_P1P2_ENSG00000132024,CC2D1A
1237_CC2D1B_P1P2_ENSG00000154222,CC2D1B
1238_CCAR1_P1P2_ENSG00000060339,CCAR1
1239_CCAR2_P1P2_ENSG00000158941,CCAR2
123_ACYP1_P2_ENSG00000119640,ACYP1
1240_KYAT3_P1P2_ENSG00000137944,KYAT3
1241_CCDC106_P1P2_ENSG00000173581,CCDC106
1242_CCDC107_P1P2_ENSG00000159884,CCDC107
1243_MCUB_P1P2_ENSG00000005059,MCUB
1244_CCDC112_P1P2_ENSG00000164221,CCDC112
1245_CCDC115_P1P2_ENSG00000136710,CCDC115
1246_CCDC116_P1P2_ENSG00000161180,CCDC116
1247_CCDC117_P1P2_ENSG00000159873,CCDC117
1248_CCDC124_P1_ENSG00000007080,CCDC124
1249_CCDC124_P2_ENSG00000007080,CCDC124
124_ACYP2_P1P2_ENSG00000170634,ACYP2
1250_CCDC125_P1P2_ENSG00000183323,CCDC125
1251_CCDC127_P1P2_ENSG00000164366,CCDC127
1252_CCDC12_P1_ENSG00000160799,CCDC12
1253_CCDC12_P2_ENSG00000160799,CCDC12
1254_CCDC130_P2_ENSG00000104957,CCDC130
1255_CCDC130_P1_ENSG00000104957,CCDC130
1256_CCDC136_P1P2_ENSG00000128596,CCDC136
1257_CCDC137_P1P2_ENSG00000185298,CCDC137
1258_CCDC138_P1P2_ENSG00000163006,CCDC138
1259_CCDC142_P1P2_ENSG00000135637,CCDC142
125_ADAL_P1P2_ENSG00000168803,ADAL
1260_CCDC144A_P1P2_ENSG00000170160,CCDC144A
1261_CCDC144NL_P1_ENSG00000205212,CCDC144NL
1262_CCDC144NL_P2_ENSG00000205212,CCDC144NL
1263_CCDC14_P1P2_ENSG00000175455,CCDC14
1264_CCDC150_P1P2_ENSG00000144395,CCDC150
1265_CCDC167_P1P2_ENSG00000198937,CCDC167
1266_CCDC169-SOHLH2_P1P2_nan,CCDC169-SOHLH2
1267_CCDC169_P1P2_ENSG00000242715,CCDC169
1268_CCDC174_P1P2_ENSG00000154781,CCDC174
1269_CCDC17_P1P2_ENSG00000159588,CCDC17
1270_CCDC18_P1P2_ENSG00000122483,CCDC18
1271_CCDC22_P1P2_ENSG00000101997,CCDC22
1272_CCDC25_P1P2_ENSG00000147419,CCDC25
1273_CCDC28A_P1P2_ENSG00000024862,CCDC28A
1274_CCDC28B_P2_ENSG00000160050,CCDC28B
1275_CCDC28B_P1_ENSG00000160050,CCDC28B
1276_CCDC34_P1P2_ENSG00000109881,CCDC34
1277_CCDC43_P1P2_ENSG00000180329,CCDC43
1278_CCDC47_P1P2_ENSG00000108588,CCDC47
1279_CCDC50_P1P2_ENSG00000152492,CCDC50
127_ADAM10_P1P2_ENSG00000137845,ADAM10
1280_CCDC51_P1P2_ENSG00000164051,CCDC51
1281_WASHC3_P1P2_ENSG00000120860,WASHC3
1282_CCDC57_P1P2_ENSG00000176155,CCDC57
1283_CCDC58_P1P2_ENSG00000160124,CCDC58
1284_CCDC59_P1P2_ENSG00000133773,CCDC59
1285_CCDC61_P1P2_ENSG00000104983,CCDC61
1286_CCDC66_P1P2_ENSG00000180376,CCDC66
1287_CCDC69_P1P2_ENSG00000198624,CCDC69
1289_CCDC6_P1P2_ENSG00000108091,CCDC6
1291_CCDC71L_P1P2_ENSG00000253276,CCDC71L
1292_CCDC71_P1P2_ENSG00000177352,CCDC71
1293_CCDC74A_P1P2_ENSG00000163040,CCDC74A
1294_CCDC77_P2_ENSG00000120647,CCDC77
1295_CCDC77_P1_ENSG00000120647,CCDC77
1296_CCDC78_P1P2_ENSG00000162004,CCDC78
1297_CCDC82_P1P2_ENSG00000149231,CCDC82
1298_CCDC84_P1P2_ENSG00000186166,CCDC84
1299_CCDC85B_P1P2_ENSG00000175602,CCDC85B
129_ADAM15_P1P2_ENSG00000143537,ADAM15
12_AARSD1_P1_ENSG00000266967,AARSD1
1300_CCDC85C_P1P2_ENSG00000205476,CCDC85C
1301_CCDC86_P1P2_ENSG00000110104,CCDC86
1302_CCDC88A_P1P2_ENSG00000115355,CCDC88A
1303_CCDC88B_P1P2_ENSG00000168071,CCDC88B
1304_CCDC88C_P1P2_ENSG00000015133,CCDC88C
1305_CCDC8_P1P2_ENSG00000169515,CCDC8
1306_CCDC90B_P1P2_ENSG00000137500,CCDC90B
1307_CCDC91_P1P2_ENSG00000123106,CCDC91
1308_CCDC92_P1P2_ENSG00000119242,CCDC92
1309_CCDC93_P1P2_ENSG00000125633,CCDC93
130_ADAM17_P1P2_ENSG00000151694,ADAM17
1310_YJU2_P1P2_ENSG00000105248,YJU2
1311_CCDC97_P1P2_ENSG00000142039,CCDC97
1312_CCDC9_P1P2_ENSG00000105321,CCDC9
1313_CCHCR1_P1P2_ENSG00000204536,CCHCR1
1314_CCM2_P1P2_ENSG00000136280,CCM2
1315_CCNA2_P1P2_ENSG00000145386,CCNA2
1316_CCNB1IP1_P1P2_ENSG00000100814,CCNB1IP1
1317_CCNB1_P1P2_ENSG00000134057,CCNB1
1318_CCNB2_P1P2_ENSG00000157456,CCNB2
1319_CCNC_P1P2_ENSG00000112237,CCNC
131_ADAM9_P1P2_ENSG00000168615,ADAM9
1320_CCND1_P1_ENSG00000110092,CCND1
1321_CCND1_P2_ENSG00000110092,CCND1
1322_CCND2_P1P2_ENSG00000118971,CCND2
1323_CCND3_P1P2_ENSG00000112576,CCND3
1324_CCNDBP1_P1P2_ENSG00000166946,CCNDBP1
1325_CCNE1_P1P2_ENSG00000105173,CCNE1
1326_CCNE2_P1P2_ENSG00000175305,CCNE2
1327_CCNF_P1P2_ENSG00000162063,CCNF
1328_CCNG1_P1P2_ENSG00000113328,CCNG1
1329_CCNH_P1P2_ENSG00000134480,CCNH
132_ADAMTS14_P1P2_ENSG00000138316,ADAMTS14
1330_CCNI_P1P2_ENSG00000118816,CCNI
1331_CCNJ_P1P2_ENSG00000107443,CCNJ
1332_CCNK_P2_ENSG00000090061,CCNK
1333_CCNK_P1_ENSG00000090061,CCNK
1334_CCNL1_P1P2_ENSG00000163660,CCNL1
1335_CCNL2_P1P2_ENSG00000221978,CCNL2
1336_CCNO_P1P2_ENSG00000152669,CCNO
1337_CCNT1_P1P2_ENSG00000129315,CCNT1
1338_CCNT2_P1P2_ENSG00000082258,CCNT2
1339_CCNY_P1P2_ENSG00000108100,CCNY
133_ADAMTS3_P1P2_ENSG00000156140,ADAMTS3
1340_CCP110_P1P2_ENSG00000103540,CCP110
1341_CCPG1_P1P2_ENSG00000260916,CCPG1
1342_CCR10_P1P2_ENSG00000184451,CCR10
1343_CCSAP_P1P2_ENSG00000154429,CCSAP
1344_CCSER2_P1P2_ENSG00000107771,CCSER2
1345_CCS_P1P2_ENSG00000173992,CCS
1346_CCT2_P1P2_ENSG00000166226,CCT2
1347_CCT3_P1P2_ENSG00000163468,CCT3
1348_CCT4_P1P2_ENSG00000115484,CCT4
1349_CCT5_P1P2_ENSG00000150753,CCT5
134_ADAMTSL4_P1P2_ENSG00000143382,ADAMTSL4
1350_CCT6A_P1P2_ENSG00000146731,CCT6A
1351_CCT7_P1P2_ENSG00000135624,CCT7
1352_CCT8_P1P2_ENSG00000156261,CCT8
1353_CCZ1B_ENST00000316731.8_ENSG00000146574,CCZ1B
1354_CCZ1_P1P2_ENSG00000122674,CCZ1
1355_CD151_P1P2_ENSG00000177697,CD151
1356_CD164_P1P2_ENSG00000135535,CD164
1357_CD226_P1P2_ENSG00000150637,CD226
1358_CD24_P1P2_ENSG00000272398,CD24
1359_CD276_P1P2_ENSG00000103855,CD276
135_ADARB1_P1P2_ENSG00000197381,ADARB1
1360_CD2AP_P1P2_ENSG00000198087,CD2AP
1361_CD2BP2_P1P2_ENSG00000169217,CD2BP2
1362_CD320_P1P2_ENSG00000167775,CD320
1363_CD33_P1P2_ENSG00000105383,CD33
1364_CD3D_P1P2_ENSG00000167286,CD3D
1365_CD3EAP_P1P2_ENSG00000117877,CD3EAP
1366_CD46_P1P2_ENSG00000117335,CD46
1367_CD47_P1P2_ENSG00000196776,CD47
1368_CD52_P1P2_ENSG00000169442,CD52
1369_CD53_P1P2_ENSG00000143119,CD53
136_ADAR_P1_ENSG00000160710,ADAR
1370_CD55_P1P2_ENSG00000196352,CD55
1371_CD58_P1P2_ENSG00000116815,CD58
1372_CD59_P2_ENSG00000085063,CD59
1373_CD59_P1_ENSG00000085063,CD59
1374_CD63_P1P2_ENSG00000135404,CD63
1375_CD68_P1P2_ENSG00000129226,CD68
1376_CD69_P1P2_ENSG00000110848,CD69
1377_CD7_P1P2_ENSG00000173762,CD7
1378_CD81_P2_ENSG00000110651,CD81
1379_CD81_P1_ENSG00000110651,CD81
137_ADAR_P2_ENSG00000160710,ADAR
1380_CD8B_P1P2_ENSG00000172116,CD8B
1381_CD99L2_P1P2_ENSG00000102181,CD99L2
1382_CD99_P1P2_ENSG00000002586,CD99
1383_CD9_P1P2_ENSG00000010278,CD9
1384_CDADC1_P1P2_ENSG00000102543,CDADC1
1385_CDAN1_P1P2_ENSG00000140326,CDAN1
1386_CDC123_P1P2_ENSG00000151465,CDC123
1387_CDC14A_P1P2_ENSG00000079335,CDC14A
1388_CDC14B_P1P2_ENSG00000081377,CDC14B
1389_CDC16_P1P2_ENSG00000130177,CDC16
138_ADAT1_P1P2_ENSG00000065457,ADAT1
1390_CDC20_P1P2_ENSG00000117399,CDC20
1391_CDC23_P1P2_ENSG00000094880,CDC23
1392_CDC25A_P1P2_ENSG00000164045,CDC25A
1393_CDC25B_P1P2_ENSG00000101224,CDC25B
1394_CDC25C_P1P2_ENSG00000158402,CDC25C
1395_CDC26_P1P2_ENSG00000176386,CDC26
1396_CDC27_P1P2_ENSG00000004897,CDC27
1397_CDC34_P1P2_ENSG00000099804,CDC34
1398_CDC37_P1P2_ENSG00000105401,CDC37
1399_CDC40_P1P2_ENSG00000168438,CDC40
139_ADAT2_P1P2_ENSG00000189007,ADAT2
13_AARS_P1P2_ENSG00000090861,AARS
1400_CDC42BPA_P1P2_ENSG00000143776,CDC42BPA
1401_CDC42BPB_P1P2_ENSG00000198752,CDC42BPB
1402_CDC42EP1_P1P2_ENSG00000128283,CDC42EP1
1403_CDC42EP4_P1P2_ENSG00000179604,CDC42EP4
1404_CDC42SE1_P1P2_ENSG00000197622,CDC42SE1
1405_CDC42SE2_P1P2_ENSG00000158985,CDC42SE2
1406_CDC42_P1P2_ENSG00000070831,CDC42
1407_CDC45_P1P2_ENSG00000093009,CDC45
1408_CDC5L_P1P2_ENSG00000096401,CDC5L
1409_CDC6_P1P2_ENSG00000094804,CDC6
140_ADAT3_P2_ENSG00000213638,ADAT3
1410_CDC73_P1P2_ENSG00000134371,CDC73
1411_CDC7_P1P2_ENSG00000097046,CDC7
1412_CDCA2_P1P2_ENSG00000184661,CDCA2
1413_CDCA3_P1P2_ENSG00000111665,CDCA3
1414_CDCA4_P1P2_ENSG00000170779,CDCA4
1415_CDCA5_P1P2_ENSG00000146670,CDCA5
1416_CDCA7L_P1P2_ENSG00000164649,CDCA7L
1417_CDCA7_P1P2_ENSG00000144354,CDCA7
1418_CDCA8_P1P2_ENSG00000134690,CDCA8
1419_CDIPT_P1P2_ENSG00000103502,CDIPT
141_ADAT3_P1_ENSG00000213638,ADAT3
1420_CDK10_P1P2_ENSG00000185324,CDK10
1421_CDK11A_P1P2_ENSG00000008128,CDK11A
"1422_CDK11B_ENST00000317673.7,ENST00000340677.5,ENST00000407249.3_ENSG00000248333",CDK11B
1423_CDK11B_ENST00000341832.6_ENSG00000248333,CDK11B
1424_CDK12_P1P2_ENSG00000167258,CDK12
1425_CDK13_P1P2_ENSG00000065883,CDK13
1426_CDK16_P1P2_ENSG00000102225,CDK16
1427_CDK17_P1P2_ENSG00000059758,CDK17
1428_CDK19_P1P2_ENSG00000155111,CDK19
1429_CDK1_P1P2_ENSG00000170312,CDK1
142_ADA_P1P2_ENSG00000196839,ADA
1430_CDK2AP1_P1P2_ENSG00000111328,CDK2AP1
1431_CDK2AP2_P1P2_ENSG00000167797,CDK2AP2
1432_CDK2_P1P2_ENSG00000123374,CDK2
1433_CDK4_P1P2_ENSG00000135446,CDK4
1434_CDK5RAP1_P2_ENSG00000101391,CDK5RAP1
1435_CDK5RAP1_P1_ENSG00000101391,CDK5RAP1
1436_CDK5RAP2_P1P2_ENSG00000136861,CDK5RAP2
1437_CDK5RAP3_P1P2_ENSG00000108465,CDK5RAP3
1438_CDK5_P1P2_ENSG00000164885,CDK5
1439_CDK6_P2_ENSG00000105810,CDK6
143_ADCK2_P1P2_ENSG00000133597,ADCK2
1440_CDK6_P1_ENSG00000105810,CDK6
1441_CDK7_P1P2_ENSG00000134058,CDK7
1442_CDK8_P1P2_ENSG00000132964,CDK8
1443_CDK9_P1P2_ENSG00000136807,CDK9
1444_CDKAL1_P1P2_ENSG00000145996,CDKAL1
1445_CDKL1_P1P2_ENSG00000100490,CDKL1
1446_CDKN1B_P1P2_ENSG00000111276,CDKN1B
1447_CDKN1C_P1P2_ENSG00000129757,CDKN1C
1448_CDKN2AIPNL_P1P2_ENSG00000237190,CDKN2AIPNL
1449_CDKN2AIP_P1P2_ENSG00000168564,CDKN2AIP
144_COQ8A_P1P2_ENSG00000163050,COQ8A
1450_CDKN2C_P2_ENSG00000123080,CDKN2C
1451_CDKN2C_P1_ENSG00000123080,CDKN2C
1452_CDKN2D_P1P2_ENSG00000129355,CDKN2D
1453_CDKN3_P1P2_ENSG00000100526,CDKN3
1454_CDPF1_P1P2_ENSG00000205643,CDPF1
1455_CDR2L_P1P2_ENSG00000109089,CDR2L
1456_CDR2_P1P2_ENSG00000140743,CDR2
1457_CDS2_P1P2_ENSG00000101290,CDS2
1458_CDT1_P1P2_ENSG00000167513,CDT1
1459_CDV3_P1P2_ENSG00000091527,CDV3
145_COQ8B_P1P2_ENSG00000123815,COQ8B
1460_CDX1_P1P2_ENSG00000113722,CDX1
1461_CDX2_P1P2_ENSG00000165556,CDX2
1462_CDX4_P1P2_ENSG00000131264,CDX4
1463_CDYL_P1_ENSG00000153046,CDYL
1464_CDYL_P2_ENSG00000153046,CDYL
1465_CEBPA_P1P2_ENSG00000245848,CEBPA
1466_CEBPB_P1P2_ENSG00000172216,CEBPB
1467_CEBPD_P1P2_ENSG00000221869,CEBPD
1468_CEBPE_P1P2_ENSG00000092067,CEBPE
1469_CEBPG_P1P2_ENSG00000153879,CEBPG
146_ADCK5_P1P2_ENSG00000173137,ADCK5
1470_CEBPZ_P1P2_ENSG00000115816,CEBPZ
1471_HDHD5_P1P2_ENSG00000069998,HDHD5
1472_CELF1_P1P2_ENSG00000149187,CELF1
1473_CELF2_P1P2_ENSG00000048740,CELF2
1475_CENPA_P2_ENSG00000115163,CENPA
1476_CENPBD1_P1P2_ENSG00000177946,CENPBD1
1477_CENPB_P1P2_ENSG00000125817,CENPB
1478_CENPC_P1P2_ENSG00000145241,CENPC
1479_CENPE_P1P2_ENSG00000138778,CENPE
147_ADCY3_P1P2_ENSG00000138031,ADCY3
1480_CENPF_P1P2_ENSG00000117724,CENPF
1481_CENPH_P1P2_ENSG00000153044,CENPH
1482_CENPI_P1P2_ENSG00000102384,CENPI
1483_CENPJ_P1P2_ENSG00000151849,CENPJ
1484_CENPK_P1P2_ENSG00000123219,CENPK
1485_CENPL_P1P2_ENSG00000120334,CENPL
1486_CENPM_P1P2_ENSG00000100162,CENPM
1487_CENPN_P1P2_ENSG00000166451,CENPN
1488_CENPO_P1P2_ENSG00000138092,CENPO
1489_CENPP_P1P2_ENSG00000188312,CENPP
148_ADCY7_P1P2_ENSG00000121281,ADCY7
1490_CENPQ_P1P2_ENSG00000031691,CENPQ
1491_CENPT_P1P2_ENSG00000102901,CENPT
1492_CENPV_P1P2_ENSG00000166582,CENPV
1493_CENPW_P1P2_ENSG00000203760,CENPW
1494_CEP104_P1P2_ENSG00000116198,CEP104
1495_CEP120_P1P2_ENSG00000168944,CEP120
1496_CEP135_P1P2_ENSG00000174799,CEP135
1497_CEP152_P1P2_ENSG00000103995,CEP152
1498_CEP164_P1P2_ENSG00000110274,CEP164
1499_CEP170_P1P2_ENSG00000143702,CEP170
149_ADD1_P1P2_ENSG00000087274,ADD1
14_AASDHPPT_P1P2_ENSG00000149313,AASDHPPT
1500_CEP192_P1P2_ENSG00000101639,CEP192
1501_CEP19_P1P2_ENSG00000174007,CEP19
1502_CEP250_P1P2_ENSG00000126001,CEP250
1503_CEP290_P1P2_ENSG00000198707,CEP290
1504_CEP350_P1P2_ENSG00000135837,CEP350
1505_CEP44_P1P2_ENSG00000164118,CEP44
1506_CEP55_P1P2_ENSG00000138180,CEP55
1507_CEP57L1_P1P2_ENSG00000183137,CEP57L1
1508_CEP57_P1P2_ENSG00000166037,CEP57
1509_CEP63_P1P2_ENSG00000182923,CEP63
150_ADD2_P1P2_ENSG00000075340,ADD2
1510_CEP68_P1P2_ENSG00000011523,CEP68
1511_CEP70_P1P2_ENSG00000114107,CEP70
1512_CEP72_P1P2_ENSG00000112877,CEP72
1513_CEP76_P1P2_ENSG00000101624,CEP76
1514_CEP78_P1P2_ENSG00000148019,CEP78
1515_CEP85L_P1P2_ENSG00000111860,CEP85L
1516_CEP85_P1P2_ENSG00000130695,CEP85
1517_CEP89_P1P2_ENSG00000121289,CEP89
1518_CEP95_P1P2_ENSG00000258890,CEP95
1519_CEP97_P1P2_ENSG00000182504,CEP97
151_ADD3_P1P2_ENSG00000148700,ADD3
1520_CEPT1_P1P2_ENSG00000134255,CEPT1
1521_CERCAM_P1P2_ENSG00000167123,CERCAM
1522_CERK_P1P2_ENSG00000100422,CERK
1523_CERS2_P1P2_ENSG00000143418,CERS2
1524_CERS4_P1P2_ENSG00000090661,CERS4
1525_CERS5_P1P2_ENSG00000139624,CERS5
1526_CERS6_P1P2_ENSG00000172292,CERS6
1527_CES2_P1_ENSG00000172831,CES2
1528_CES2_P2_ENSG00000172831,CES2
1529_CETN2_P1_ENSG00000147400,CETN2
152_ADH5_P1P2_ENSG00000197894,ADH5
1530_CETN2_P2_ENSG00000147400,CETN2
1531_CETN3_P1P2_ENSG00000153140,CETN3
1532_CFDP1_P1_ENSG00000153774,CFDP1
1533_CFDP1_P2_ENSG00000153774,CFDP1
1534_CFD_P1P2_ENSG00000197766,CFD
1535_CFH_P1P2_ENSG00000000971,CFH
1536_CFL1_P1P2_ENSG00000172757,CFL1
1537_CFL2_P1P2_ENSG00000165410,CFL2
1538_CFLAR_P1_ENSG00000003402,CFLAR
1539_CFLAR_P2_ENSG00000003402,CFLAR
153_ADI1_P1P2_ENSG00000182551,ADI1
1540_CGGBP1_P1_ENSG00000163320,CGGBP1
1541_CGGBP1_P2_ENSG00000163320,CGGBP1
1542_CHAC1_P1P2_ENSG00000128965,CHAC1
1543_CHAC2_P1P2_ENSG00000143942,CHAC2
1544_CHAF1A_P1P2_ENSG00000167670,CHAF1A
1545_CHAF1B_P1P2_ENSG00000159259,CHAF1B
1546_CHAMP1_P1P2_ENSG00000198824,CHAMP1
1547_CHCHD10_P1P2_ENSG00000250479,CHCHD10
1548_CHCHD1_P1P2_ENSG00000172586,CHCHD1
1549_CHCHD2_P1P2_ENSG00000106153,CHCHD2
154_ADIPOR1_P1P2_ENSG00000159346,ADIPOR1
1550_CHCHD3_P1P2_ENSG00000106554,CHCHD3
1551_CHCHD4_P1P2_ENSG00000163528,CHCHD4
1552_CHCHD5_P1P2_ENSG00000125611,CHCHD5
1553_CHCHD6_P1P2_ENSG00000159685,CHCHD6
1554_CHCHD7_P1P2_ENSG00000170791,CHCHD7
1555_CHD1L_P1P2_ENSG00000131778,CHD1L
1556_CHD1_P1P2_ENSG00000153922,CHD1
1557_CHD2_P1_ENSG00000173575,CHD2
1558_CHD2_P2_ENSG00000173575,CHD2
1559_CHD3_P1P2_ENSG00000170004,CHD3
155_ADIPOR2_P1P2_ENSG00000006831,ADIPOR2
1560_CHD4_P1P2_ENSG00000111642,CHD4
1561_CHD6_P1P2_ENSG00000124177,CHD6
1562_CHD7_P1P2_ENSG00000171316,CHD7
1563_CHD8_P1_ENSG00000100888,CHD8
1564_CHD8_P2_ENSG00000100888,CHD8
1565_CHD9_P1_ENSG00000177200,CHD9
1566_CHD9_P2_ENSG00000177200,CHD9
1567_CHDH_P1P2_ENSG00000016391,CHDH
1568_CHEK1_P1P2_ENSG00000149554,CHEK1
1569_CHEK2_P1P2_ENSG00000183765,CHEK2
156_ADK_P2_ENSG00000156110,ADK
1570_CHERP_P1P2_ENSG00000085872,CHERP
1571_CHFR_P1P2_ENSG00000072609,CHFR
1572_CHI3L2_P2_ENSG00000064886,CHI3L2
1573_CHI3L2_P1_ENSG00000064886,CHI3L2
1574_CHIC2_P1P2_ENSG00000109220,CHIC2
1575_CHID1_P1P2_ENSG00000177830,CHID1
1576_CHKA_P1P2_ENSG00000110721,CHKA
1577_CHKB_P1P2_ENSG00000100288,CHKB
1578_CHML_P1P2_ENSG00000203668,CHML
1579_CHMP1A_P1P2_ENSG00000131165,CHMP1A
157_ADK_P1_ENSG00000156110,ADK
1580_CHMP1B_P1P2_ENSG00000255112,CHMP1B
1581_CHMP2A_P1P2_ENSG00000130724,CHMP2A
1582_CHMP2B_P1P2_ENSG00000083937,CHMP2B
1583_CHMP3_P1P2_ENSG00000115561,CHMP3
1584_CHMP4A_P1_ENSG00000254505,CHMP4A
1585_CHMP4A_P2_ENSG00000254505,CHMP4A
1586_CHMP4B_P1P2_ENSG00000101421,CHMP4B
1587_CHMP5_P1P2_ENSG00000086065,CHMP5
1588_CHMP6_P1P2_ENSG00000176108,CHMP6
1589_CHMP7_P1P2_ENSG00000147457,CHMP7
158_ADNP2_P1P2_ENSG00000101544,ADNP2
1590_CHM_P1P2_ENSG00000188419,CHM
1591_CHORDC1_P1P2_ENSG00000110172,CHORDC1
1592_CHP1_P1P2_ENSG00000187446,CHP1
1593_CHPF2_P1P2_ENSG00000033100,CHPF2
1594_CHPF_P1P2_ENSG00000123989,CHPF
1595_CHPT1_P1P2_ENSG00000111666,CHPT1
1596_CHRAC1_P1P2_ENSG00000104472,CHRAC1
1597_CHRNA5_P1P2_ENSG00000169684,CHRNA5
1598_CHRNB1_P1P2_ENSG00000170175,CHRNB1
1599_CHST10_P1P2_ENSG00000115526,CHST10
159_ADNP_P1P2_ENSG00000101126,ADNP
15_AASDH_P1P2_ENSG00000157426,AASDH
1600_CHST11_P1P2_ENSG00000171310,CHST11
1601_CHST12_P1P2_ENSG00000136213,CHST12
1602_CHST2_P1P2_ENSG00000175040,CHST2
1603_CHSY1_P1P2_ENSG00000131873,CHSY1
1604_CHTF18_P1P2_ENSG00000127586,CHTF18
1605_CHTF8_P1P2_ENSG00000168802,CHTF8
1606_CHTOP_P1P2_ENSG00000160679,CHTOP
1607_CHUK_P1P2_ENSG00000213341,CHUK
1608_CHURC1_P1P2_ENSG00000258289,CHURC1
1609_CIAO1_P1P2_ENSG00000144021,CIAO1
160_ADORA2B_P1P2_ENSG00000170425,ADORA2B
1610_CIAPIN1_P1P2_ENSG00000005194,CIAPIN1
1611_CIB1_P1P2_ENSG00000185043,CIB1
1612_CIB2_P1P2_ENSG00000136425,CIB2
1613_CIC_P1P2_ENSG00000079432,CIC
1614_CINP_P1P2_ENSG00000100865,CINP
1615_CIR1_P1P2_ENSG00000138433,CIR1
1616_CIRBP_P1P2_ENSG00000099622,CIRBP
1617_CISD1_P1P2_ENSG00000122873,CISD1
1618_CISD2_P1P2_ENSG00000145354,CISD2
1619_CISD3_P1P2_ENSG00000277972,CISD3
161_ADO_P1P2_ENSG00000181915,ADO
1620_CISH_P1P2_ENSG00000114737,CISH
1621_CITED1_P1_ENSG00000125931,CITED1
1622_CITED1_P2_ENSG00000125931,CITED1
1623_CITED2_P1P2_ENSG00000164442,CITED2
1624_CIT_P1P2_ENSG00000122966,CIT
1625_CIZ1_P1P2_ENSG00000148337,CIZ1
1626_CKAP2L_P1P2_ENSG00000169607,CKAP2L
1627_CKAP2_P1P2_ENSG00000136108,CKAP2
1628_CKAP5_P1_ENSG00000175216,CKAP5
1629_CKAP5_P2_ENSG00000175216,CKAP5
162_ADPGK_P1P2_ENSG00000159322,ADPGK
1630_CKB_P1P2_ENSG00000166165,CKB
1631_CKLF_P1P2_ENSG00000217555,CKLF
1632_CKS2_P1P2_ENSG00000123975,CKS2
1633_CLASP1_P1P2_ENSG00000074054,CLASP1
1634_CLASP2_P1_ENSG00000163539,CLASP2
1635_CLASP2_P2_ENSG00000163539,CLASP2
1636_CLASRP_P1P2_ENSG00000104859,CLASRP
1637_CLCA1_P1P2_ENSG00000016490,CLCA1
1638_CLCC1_P1P2_ENSG00000121940,CLCC1
1639_CLCN2_P1P2_ENSG00000114859,CLCN2
163_ADPRHL2_P1P2_ENSG00000116863,ADPRHL2
1640_CLCN3_P1P2_ENSG00000109572,CLCN3
1641_CLCN6_P1P2_ENSG00000011021,CLCN6
1642_CLCN7_P1P2_ENSG00000103249,CLCN7
1643_CLDN15_P1P2_ENSG00000106404,CLDN15
1644_CLDN6_P1P2_ENSG00000184697,CLDN6
1645_CLDN7_P1P2_ENSG00000181885,CLDN7
1646_CLDND1_P1P2_ENSG00000080822,CLDND1
1647_CLEC11A_P1P2_ENSG00000105472,CLEC11A
1648_CLEC16A_P1P2_ENSG00000038532,CLEC16A
1649_CLEC2B_P1P2_ENSG00000110852,CLEC2B
164_GRK2_P1P2_ENSG00000173020,GRK2
1650_CLEC2D_P1P2_ENSG00000069493,CLEC2D
1651_CLEC2L_P1P2_ENSG00000236279,CLEC2L
1652_CLHC1_P1P2_ENSG00000162994,CLHC1
1653_CLIC1_P1P2_ENSG00000213719,CLIC1
1654_CLIC2_P1P2_ENSG00000155962,CLIC2
1655_CLIC4_P1P2_ENSG00000169504,CLIC4
1656_CLINT1_P1P2_ENSG00000113282,CLINT1
1657_CLIP1_P1P2_ENSG00000130779,CLIP1
1658_CLK1_P1P2_ENSG00000013441,CLK1
1659_CLK2_P1P2_ENSG00000176444,CLK2
165_GRK3_P1P2_ENSG00000100077,GRK3
1660_CLK3_P2_ENSG00000179335,CLK3
1661_CLK3_P1_ENSG00000179335,CLK3
1662_CLK4_P1P2_ENSG00000113240,CLK4
1663_CLN3_P1P2_ENSG00000188603,CLN3
1664_CLN5_P1P2_ENSG00000102805,CLN5
1665_CLN6_P1P2_ENSG00000128973,CLN6
1666_CLN8_P1P2_ENSG00000182372,CLN8
1667_CLNS1A_P1P2_ENSG00000074201,CLNS1A
166_ADRM1_P1P2_ENSG00000130706,ADRM1
1670_CLOCK_P1P2_ENSG00000134852,CLOCK
1671_CLP1_P1P2_ENSG00000172409,CLP1
1672_CLPB_P1P2_ENSG00000162129,CLPB
1673_CLPP_P1P2_ENSG00000125656,CLPP
1674_CLPTM1L_P1P2_ENSG00000049656,CLPTM1L
1675_CLPTM1_P1P2_ENSG00000104853,CLPTM1
1676_CLPX_P1P2_ENSG00000166855,CLPX
1677_CLSPN_P1P2_ENSG00000092853,CLSPN
1678_CLSTN1_P1P2_ENSG00000171603,CLSTN1
1679_CLSTN3_P1_ENSG00000139182,CLSTN3
167_ADSL_P1P2_ENSG00000239900,ADSL
1680_CLSTN3_P2_ENSG00000139182,CLSTN3
1681_CLTA_P1P2_ENSG00000122705,CLTA
1682_CLTB_P1P2_ENSG00000175416,CLTB
1683_CLTC_P1P2_ENSG00000141367,CLTC
1684_CLUAP1_P1P2_ENSG00000103351,CLUAP1
1685_CLUH_P1P2_ENSG00000132361,CLUH
1686_CLU_P2_ENSG00000120885,CLU
1687_CLU_P1_ENSG00000120885,CLU
1688_CMAS_P1P2_ENSG00000111726,CMAS
1689_CMBL_P1P2_ENSG00000164237,CMBL
168_ADSS_P1P2_ENSG00000035687,ADSS
1690_CMC1_P1P2_ENSG00000187118,CMC1
1691_CMC2_P1P2_ENSG00000103121,CMC2
1692_CMC4_P1P2_ENSG00000182712,CMC4
1693_CMIP_P1P2_ENSG00000153815,CMIP
1694_CMPK1_P1P2_ENSG00000162368,CMPK1
1695_CMPK2_P1P2_ENSG00000134326,CMPK2
1696_CMSS1_P1P2_ENSG00000184220,CMSS1
1697_CMTM3_P1P2_ENSG00000140931,CMTM3
1698_CMTM4_P1P2_ENSG00000183723,CMTM4
1699_CMTM6_P1P2_ENSG00000091317,CMTM6
169_ADTRP_P1P2_ENSG00000111863,ADTRP
16_AATF_P1P2_ENSG00000275700,AATF
1700_CMTM7_P1P2_ENSG00000153551,CMTM7
1701_CMTR1_P1P2_ENSG00000137200,CMTR1
1702_CMTR2_P1P2_ENSG00000180917,CMTR2
1703_CNBD2_P1P2_ENSG00000149646,CNBD2
1704_CNBP_P1P2_ENSG00000169714,CNBP
1705_CNDP2_P2_ENSG00000133313,CNDP2
1706_CNDP2_P1_ENSG00000133313,CNDP2
1707_CNEP1R1_P1P2_ENSG00000205423,CNEP1R1
1708_CNIH1_P1P2_ENSG00000100528,CNIH1
1709_CNIH4_P1P2_ENSG00000143771,CNIH4
170_AEBP1_P1P2_ENSG00000106624,AEBP1
1710_CNN1_P1_ENSG00000130176,CNN1
1711_CNN1_P2_ENSG00000130176,CNN1
1712_CNN2_P1P2_ENSG00000064666,CNN2
1713_CNNM3_P1P2_ENSG00000168763,CNNM3
1714_CNOT10_P1P2_ENSG00000182973,CNOT10
1715_CNOT11_P1P2_ENSG00000158435,CNOT11
1716_CNOT1_P1P2_ENSG00000125107,CNOT1
1717_CNOT2_P1P2_ENSG00000111596,CNOT2
1718_CNOT3_P1P2_ENSG00000088038,CNOT3
1719_CNOT4_P1P2_ENSG00000080802,CNOT4
171_AEBP2_P1P2_ENSG00000139154,AEBP2
1720_CNOT6L_P1P2_ENSG00000138767,CNOT6L
1721_CNOT6_P1P2_ENSG00000113300,CNOT6
1722_CNOT7_P1P2_ENSG00000198791,CNOT7
1723_CNOT8_P1P2_ENSG00000155508,CNOT8
1724_CNPPD1_P1_ENSG00000115649,CNPPD1
1725_CNPPD1_P2_ENSG00000115649,CNPPD1
1726_CNPY2_P1P2_ENSG00000257727,CNPY2
1727_CNPY3_P1P2_ENSG00000137161,CNPY3
1728_CNP_P1P2_ENSG00000173786,CNP
1729_CNST_P1P2_ENSG00000162852,CNST
172_AEN_P1P2_ENSG00000181026,AEN
1730_CNTRL_P1P2_ENSG00000119397,CNTRL
1731_CNTROB_P1P2_ENSG00000170037,CNTROB
1732_COA1_P1P2_ENSG00000106603,COA1
1733_COA3_P1P2_ENSG00000183978,COA3
1734_COA4_P1P2_ENSG00000181924,COA4
1735_COA5_P1P2_ENSG00000183513,COA5
1736_COA6_P1P2_ENSG00000168275,COA6
1737_COASY_P1P2_ENSG00000068120,COASY
1738_COBL_P1P2_ENSG00000106078,COBL
1739_COCH_P1P2_ENSG00000100473,COCH
173_TLE5_P1P2_ENSG00000104964,TLE5
1740_COG1_P1P2_ENSG00000166685,COG1
1741_COG2_P1P2_ENSG00000135775,COG2
1742_COG3_P1P2_ENSG00000136152,COG3
1743_COG4_P1P2_ENSG00000103051,COG4
1744_COG5_P1P2_ENSG00000164597,COG5
1745_COG6_P1P2_ENSG00000133103,COG6
1746_COG7_P1P2_ENSG00000168434,COG7
1747_COG8_P1P2_ENSG00000213380,COG8
1748_COIL_P1P2_ENSG00000121058,COIL
1749_COL18A1_P1P2_ENSG00000182871,COL18A1
174_AFF1_P1P2_ENSG00000172493,AFF1
1750_COL2A1_P1P2_ENSG00000139219,COL2A1
1751_CERT1_P1P2_ENSG00000113163,CERT1
1752_COLEC11_P2_ENSG00000118004,COLEC11
1753_COLEC11_P1_ENSG00000118004,COLEC11
1754_COLGALT1_P1P2_ENSG00000130309,COLGALT1
1755_COLGALT2_P1P2_ENSG00000198756,COLGALT2
1756_COMMD10_P1P2_ENSG00000145781,COMMD10
1757_COMMD1_P1P2_ENSG00000173163,COMMD1
1758_COMMD2_P1P2_ENSG00000114744,COMMD2
175_AFF4_P1P2_ENSG00000072364,AFF4
1760_COMMD3_P1P2_ENSG00000148444,COMMD3
1761_COMMD4_P1P2_ENSG00000140365,COMMD4
1762_COMMD5_ENST00000450361.2_ENSG00000170619,COMMD5
1763_COMMD6_P1_ENSG00000188243,COMMD6
1764_COMMD6_P2_ENSG00000188243,COMMD6
1765_COMMD7_P1P2_ENSG00000149600,COMMD7
1766_COMMD8_P1P2_ENSG00000169019,COMMD8
1767_COMMD9_P1P2_ENSG00000110442,COMMD9
1768_COMTD1_P1P2_ENSG00000165644,COMTD1
1769_COMT_P1P2_ENSG00000093010,COMT
176_AFG3L2_P1P2_ENSG00000141385,AFG3L2
1770_COPA_P1P2_ENSG00000122218,COPA
1771_COPB1_P1P2_ENSG00000129083,COPB1
1772_COPB2_P1P2_ENSG00000184432,COPB2
1773_COPE_P1P2_ENSG00000105669,COPE
1774_COPG1_P1_ENSG00000181789,COPG1
1775_COPG1_P2_ENSG00000181789,COPG1
1776_COPG2_P1P2_ENSG00000158623,COPG2
1777_COPRS_P1P2_ENSG00000172301,COPRS
1778_COPS2_P1P2_ENSG00000166200,COPS2
1779_COPS3_P1P2_ENSG00000141030,COPS3
177_AFMID_P1P2_ENSG00000183077,AFMID
1780_COPS4_P1P2_ENSG00000138663,COPS4
1781_COPS5_P1P2_ENSG00000121022,COPS5
1782_COPS6_P1P2_ENSG00000168090,COPS6
1783_COPS7A_P1P2_ENSG00000111652,COPS7A
1784_COPS7B_P2_ENSG00000144524,COPS7B
1785_COPS7B_P1_ENSG00000144524,COPS7B
1786_COPS8_P1P2_ENSG00000198612,COPS8
1787_COPZ1_P2_ENSG00000111481,COPZ1
1788_COPZ1_P1_ENSG00000111481,COPZ1
1789_COQ10A_P1P2_ENSG00000135469,COQ10A
178_AFTPH_P1P2_ENSG00000119844,AFTPH
1790_COQ10B_P1P2_ENSG00000115520,COQ10B
1791_COQ2_P1P2_ENSG00000173085,COQ2
1792_COQ3_P1P2_ENSG00000132423,COQ3
1793_COQ4_P1P2_ENSG00000167113,COQ4
1794_COQ5_P1P2_ENSG00000110871,COQ5
1795_COQ6_P1P2_ENSG00000119723,COQ6
1796_COQ7_P1P2_ENSG00000167186,COQ7
1797_COQ9_P1P2_ENSG00000088682,COQ9
1798_CORO1A_P1P2_ENSG00000102879,CORO1A
1799_CORO1B_P2_ENSG00000172725,CORO1B
179_AGAP1_P1P2_ENSG00000157985,AGAP1
17_ABCA7_P2_ENSG00000064687,ABCA7
1800_CORO1B_P1_ENSG00000172725,CORO1B
1801_CORO1C_P1P2_ENSG00000110880,CORO1C
1802_CORO2A_P1P2_ENSG00000106789,CORO2A
1803_CORO7_P1P2_ENSG00000262246,CORO7
1804_COTL1_P1P2_ENSG00000103187,COTL1
1805_COX10_P1P2_ENSG00000006695,COX10
1806_COX11_P1P2_ENSG00000166260,COX11
1807_COX14_P1P2_ENSG00000178449,COX14
1808_COX15_P1P2_ENSG00000014919,COX15
1809_COX16_P1P2_ENSG00000133983,COX16
180_AGAP3_P1P2_ENSG00000133612,AGAP3
1810_COX17_P1P2_ENSG00000138495,COX17
1811_COX18_P1P2_ENSG00000163626,COX18
1812_COX19_P1P2_ENSG00000240230,COX19
1813_COX20_P1P2_ENSG00000203667,COX20
1814_COX4I1_P1P2_ENSG00000131143,COX4I1
1815_COX5A_P1P2_ENSG00000178741,COX5A
1816_COX5B_P1P2_ENSG00000135940,COX5B
1817_COX6A1_P1P2_ENSG00000111775,COX6A1
1818_COX6B1_P1P2_ENSG00000126267,COX6B1
1819_COX6C_P1P2_ENSG00000164919,COX6C
181_AGA_P1P2_ENSG00000038002,AGA
1820_COX7A2L_P1P2_ENSG00000115944,COX7A2L
1821_COX7A2_P1P2_ENSG00000112695,COX7A2
1822_COX7B_P1P2_ENSG00000131174,COX7B
1823_COX7C_P1P2_ENSG00000127184,COX7C
1824_COX8A_P1P2_ENSG00000176340,COX8A
1825_CPAMD8_ENST00000443236.1_ENSG00000160111,CPAMD8
1826_CPD_P1P2_ENSG00000108582,CPD
1827_CPEB1_ENST00000562019.1_ENSG00000214575,CPEB1
1828_CPEB1_ENST00000568128.1_ENSG00000214575,CPEB1
1829_CPEB4_P1P2_ENSG00000113742,CPEB4
182_AGBL5_P1_ENSG00000084693,AGBL5
1830_CPED1_P1P2_ENSG00000106034,CPED1
1831_CPNE1_P1P2_ENSG00000214078,CPNE1
1832_CPNE2_P1P2_ENSG00000140848,CPNE2
1833_CPNE3_P1P2_ENSG00000085719,CPNE3
1834_CPNE7_P1P2_ENSG00000178773,CPNE7
1835_CPNE8_P1P2_ENSG00000139117,CPNE8
1836_CPOX_P1P2_ENSG00000080819,CPOX
1837_CPPED1_P1P2_ENSG00000103381,CPPED1
1838_CPQ_P1P2_ENSG00000104324,CPQ
1839_CPSF1_P1P2_ENSG00000071894,CPSF1
183_AGBL5_P2_ENSG00000084693,AGBL5
1840_CPSF2_P1P2_ENSG00000165934,CPSF2
1841_INTS11_P1P2_ENSG00000127054,INTS11
1842_CPSF3_P1P2_ENSG00000119203,CPSF3
1843_CPSF4_P1P2_ENSG00000160917,CPSF4
1844_CPSF6_P1P2_ENSG00000111605,CPSF6
1845_CPSF7_P1P2_ENSG00000149532,CPSF7
1846_CPT1A_P1P2_ENSG00000110090,CPT1A
1847_CPT1C_P1P2_ENSG00000169169,CPT1C
1848_CPT2_P1P2_ENSG00000157184,CPT2
1849_CPVL_P1P2_ENSG00000106066,CPVL
184_AGFG1_P1P2_ENSG00000173744,AGFG1
1850_CPXCR1_P1P2_ENSG00000147183,CPXCR1
1851_CPXM1_P1P2_ENSG00000088882,CPXM1
1852_CR1L_P1P2_ENSG00000197721,CR1L
1853_CRADD_P1P2_ENSG00000169372,CRADD
1854_CRAT_P1P2_ENSG00000095321,CRAT
1855_CRBN_P1P2_ENSG00000113851,CRBN
1856_CRCP_P1P2_ENSG00000241258,CRCP
1857_CREB1_P1P2_ENSG00000118260,CREB1
1858_CREB3L1_P1P2_ENSG00000157613,CREB3L1
1859_CREB3L2_P1P2_ENSG00000182158,CREB3L2
185_AGFG2_P1P2_ENSG00000106351,AGFG2
1860_CREB3L3_P1P2_ENSG00000060566,CREB3L3
1861_CREB3L4_P1P2_ENSG00000143578,CREB3L4
1862_CREB3_P1P2_ENSG00000107175,CREB3
1863_CREB5_ENST00000357727.2_ENSG00000146592,CREB5
1864_CREB5_ENST00000396300.2_ENSG00000146592,CREB5
1865_CREBBP_P1P2_ENSG00000005339,CREBBP
1866_CREBL2_P1P2_ENSG00000111269,CREBL2
1867_CREBZF_P1P2_ENSG00000137504,CREBZF
1868_CREG1_P1P2_ENSG00000143162,CREG1
1869_CRELD1_P1P2_ENSG00000163703,CRELD1
186_AGGF1_P1P2_ENSG00000164252,AGGF1
1870_CRELD2_P1P2_ENSG00000184164,CRELD2
1871_CREM_ENST00000395895.2_ENSG00000095794,CREM
1872_CRIM1_P1P2_ENSG00000150938,CRIM1
1873_CRIPT_P1P2_ENSG00000119878,CRIPT
1874_CRKL_P1P2_ENSG00000099942,CRKL
1875_CRK_P1P2_ENSG00000167193,CRK
1876_CRLF3_P1P2_ENSG00000176390,CRLF3
1877_CRLS1_P1P2_ENSG00000088766,CRLS1
1878_CRNKL1_P1P2_ENSG00000101343,CRNKL1
1879_CRTAP_P1P2_ENSG00000170275,CRTAP
187_AGK_P1P2_ENSG00000006530,AGK
1880_CRTC2_P1P2_ENSG00000160741,CRTC2
1881_CRTC3_P1P2_ENSG00000140577,CRTC3
1882_CRX_P1P2_ENSG00000105392,CRX
1883_CRY1_P1P2_ENSG00000008405,CRY1
1884_CRY2_P1P2_ENSG00000121671,CRY2
1885_CRYAB_P2_ENSG00000109846,CRYAB
1886_CRYAB_P1_ENSG00000109846,CRYAB
1887_CRYM_P1P2_ENSG00000103316,CRYM
1888_CRYZL1_P1P2_ENSG00000205758,CRYZL1
1889_CRYZ_P1P2_ENSG00000116791,CRYZ
188_AGL_P1P2_ENSG00000162688,AGL
1890_CSAD_P1P2_ENSG00000139631,CSAD
1891_CSAG1_P1P2_ENSG00000198930,CSAG1
1892_CSDE1_P1P2_ENSG00000009307,CSDE1
1893_CSE1L_P1P2_ENSG00000124207,CSE1L
1894_CSH2_P1_ENSG00000213218,CSH2
1895_CSH2_P2_ENSG00000213218,CSH2
1896_CSK_P1P2_ENSG00000103653,CSK
1897_CSMD1_P1P2_ENSG00000183117,CSMD1
1898_CSNK1A1_P1P2_ENSG00000113712,CSNK1A1
1899_CSNK1D_P1P2_ENSG00000141551,CSNK1D
189_AGO1_P1P2_ENSG00000092847,AGO1
18_ABCA7_P1_ENSG00000064687,ABCA7
1900_CSNK1E_P1P2_ENSG00000213923,CSNK1E
1901_CSNK1G1_P1P2_ENSG00000169118,CSNK1G1
1902_CSNK1G2_P1P2_ENSG00000133275,CSNK1G2
1903_CSNK1G3_P1P2_ENSG00000151292,CSNK1G3
1904_CSNK2A1_P1P2_ENSG00000101266,CSNK2A1
1905_CSNK2A2_P1P2_ENSG00000070770,CSNK2A2
1906_CSNK2B_P1P2_ENSG00000204435,CSNK2B
1907_CSPP1_P1P2_ENSG00000104218,CSPP1
1908_CSRNP1_P1P2_ENSG00000144655,CSRNP1
1909_CSRNP2_P1P2_ENSG00000110925,CSRNP2
190_AGO2_P1P2_ENSG00000123908,AGO2
1910_CSRNP3_P1_ENSG00000178662,CSRNP3
1911_CSRNP3_P2_ENSG00000178662,CSRNP3
1912_CSRP1_P1P2_ENSG00000159176,CSRP1
1913_CST3_P1P2_ENSG00000101439,CST3
1914_CSTB_P1P2_ENSG00000160213,CSTB
1915_CSTF1_P1P2_ENSG00000101138,CSTF1
1916_CSTF2T_P1P2_ENSG00000177613,CSTF2T
1917_CSTF2_P1P2_ENSG00000101811,CSTF2
1918_CSTF3_P1P2_ENSG00000176102,CSTF3
1919_CS_P1P2_ENSG00000062485,CS
191_AGO3_P1P2_ENSG00000126070,AGO3
1920_CT45A5_P1P2_ENSG00000228836,CT45A5
1921_CTAG2_ENST00000369585.3_ENSG00000126890,CTAG2
1922_MIA2_P1P2_ENSG00000150527,MIA2
1923_CTBP1_P1P2_ENSG00000159692,CTBP1
1924_CTBP2_P1P2_ENSG00000175029,CTBP2
1925_CTBS_P1P2_ENSG00000117151,CTBS
1926_CTCFL_P1P2_ENSG00000124092,CTCFL
1927_CTCF_P1P2_ENSG00000102974,CTCF
1928_CTDNEP1_P1P2_ENSG00000175826,CTDNEP1
1929_CTDP1_P1P2_ENSG00000060069,CTDP1
192_AGPAT1_P1_ENSG00000204310,AGPAT1
1930_CTDSP1_P1P2_ENSG00000144579,CTDSP1
1931_CTDSP2_P1P2_ENSG00000175215,CTDSP2
1932_CTDSPL2_P1P2_ENSG00000137770,CTDSPL2
1933_CTDSPL_P1P2_ENSG00000144677,CTDSPL
1934_CTH_P1P2_ENSG00000116761,CTH
1935_CTNNA1_P1P2_ENSG00000044115,CTNNA1
1936_CTNNAL1_P1P2_ENSG00000119326,CTNNAL1
1937_CTNNB1_P1P2_ENSG00000168036,CTNNB1
1938_CTNNBIP1_P1P2_ENSG00000178585,CTNNBIP1
1939_CTNNBL1_P1P2_ENSG00000132792,CTNNBL1
193_AGPAT1_P2_ENSG00000204310,AGPAT1
1940_CTNND1_P1P2_ENSG00000198561,CTNND1
1941_CTPS1_P1P2_ENSG00000171793,CTPS1
1942_CTPS2_P1P2_ENSG00000047230,CTPS2
1943_CTR9_P1P2_ENSG00000198730,CTR9
1944_CTSA_P1P2_ENSG00000064601,CTSA
1945_CTSB_P1P2_ENSG00000164733,CTSB
1946_CTSC_P1P2_ENSG00000109861,CTSC
1947_CTSD_P1P2_ENSG00000117984,CTSD
1948_CTSF_P1P2_ENSG00000174080,CTSF
1949_CTSH_P1P2_ENSG00000103811,CTSH
194_AGPAT2_P1P2_ENSG00000169692,AGPAT2
1950_CTSL_P1_ENSG00000135047,CTSL
1951_CTSL_P2_ENSG00000135047,CTSL
1952_CTSS_P1P2_ENSG00000163131,CTSS
1953_CTSV_P1P2_ENSG00000136943,CTSV
1954_CTSZ_P1P2_ENSG00000101160,CTSZ
1955_CTTN_P1P2_ENSG00000085733,CTTN
1956_CTU1_P1P2_ENSG00000142544,CTU1
1957_CTU2_P1P2_ENSG00000174177,CTU2
1958_CTXN1_P1P2_ENSG00000178531,CTXN1
1959_CUEDC2_P1P2_ENSG00000107874,CUEDC2
195_AGPAT3_P1P2_ENSG00000160216,AGPAT3
1960_CUL1_P1P2_ENSG00000055130,CUL1
1961_CUL2_P1P2_ENSG00000108094,CUL2
1962_CUL3_P1P2_ENSG00000036257,CUL3
1963_CUL4A_P1P2_ENSG00000139842,CUL4A
1964_CUL4B_P1P2_ENSG00000158290,CUL4B
1965_CUL5_P1P2_ENSG00000166266,CUL5
1966_CUL7_P1P2_ENSG00000044090,CUL7
1967_CUTA_P1P2_ENSG00000112514,CUTA
1968_CUTC_P1P2_ENSG00000119929,CUTC
1969_CUX1_P1P2_ENSG00000257923,CUX1
196_AGPAT4_P1P2_ENSG00000026652,AGPAT4
1970_CUX2_P1P2_ENSG00000111249,CUX2
1971_CWC15_P1P2_ENSG00000150316,CWC15
1972_CWC22_P1P2_ENSG00000163510,CWC22
1973_CWC25_P1P2_ENSG00000273559,CWC25
1974_CWC27_P1P2_ENSG00000153015,CWC27
1975_CWF19L1_P1P2_ENSG00000095485,CWF19L1
1976_CWF19L2_P1P2_ENSG00000152404,CWF19L2
1977_CXCL2_P1P2_ENSG00000081041,CXCL2
1978_CXCL3_P1P2_ENSG00000163734,CXCL3
1979_CXXC1_P1P2_ENSG00000154832,CXXC1
197_AGPAT5_P1P2_ENSG00000155189,AGPAT5
1980_CXXC4_P1P2_ENSG00000168772,CXXC4
1981_CXXC5_P1P2_ENSG00000171604,CXXC5
1982_CXorf38_P1P2_ENSG00000185753,CXorf38
1983_CXorf40A_P1P2_ENSG00000197620,CXorf40A
1984_CXorf40B_P1P2_ENSG00000197021,CXorf40B
1985_CXorf56_P1P2_ENSG00000018610,CXorf56
1986_CYB561A3_P1P2_ENSG00000162144,CYB561A3
1987_CYB561D2_P1P2_ENSG00000114395,CYB561D2
1988_CYB561_P1P2_ENSG00000008283,CYB561
1989_CYB5A_P1P2_ENSG00000166347,CYB5A
198_AGPS_P1P2_ENSG00000018510,AGPS
1990_CYB5B_P1P2_ENSG00000103018,CYB5B
1991_CYB5D2_P1P2_ENSG00000167740,CYB5D2
1992_CYB5R1_P1P2_ENSG00000159348,CYB5R1
1993_CYB5R2_P1P2_ENSG00000166394,CYB5R2
1994_CYB5R3_P1P2_ENSG00000100243,CYB5R3
1995_CYB5R4_P1P2_ENSG00000065615,CYB5R4
1996_CYB5RL_P1P2_ENSG00000215883,CYB5RL
1997_CYBA_P1P2_ENSG00000051523,CYBA
1998_CYBRD1_P1P2_ENSG00000071967,CYBRD1
1999_CYC1_P1P2_ENSG00000179091,CYC1
199_AGRN_P1P2_ENSG00000188157,AGRN
19_ABCA8_P1P2_ENSG00000141338,ABCA8
1_A1BG_P2_ENSG00000121410,A1BG
2000_CYCS_P1P2_ENSG00000172115,CYCS
2001_CYFIP1_P1P2_ENSG00000273749,CYFIP1
2002_CYHR1_P1_ENSG00000187954,CYHR1
2003_CYHR1_P2_ENSG00000187954,CYHR1
2004_CYP20A1_P1P2_ENSG00000119004,CYP20A1
2005_CYP2A13_P1P2_ENSG00000197838,CYP2A13
2006_CYP2R1_P1P2_ENSG00000186104,CYP2R1
2007_CYP3A5_P1P2_ENSG00000106258,CYP3A5
2008_CYP4F11_P1P2_ENSG00000171903,CYP4F11
2009_CYP51A1_P1P2_ENSG00000001630,CYP51A1
200_AGTRAP_P1P2_ENSG00000177674,AGTRAP
2010_CYS1_P1P2_ENSG00000205795,CYS1
2011_CYSTM1_P1P2_ENSG00000120306,CYSTM1
2012_CYTH1_P1P2_ENSG00000108669,CYTH1
2013_CYTH2_P1P2_ENSG00000105443,CYTH2
2014_CYTH3_P1P2_ENSG00000008256,CYTH3
2015_D2HGDH_P1P2_ENSG00000180902,D2HGDH
2016_DAAM1_P1P2_ENSG00000100592,DAAM1
2017_DAB2_P1P2_ENSG00000153071,DAB2
2018_DACH1_P1P2_ENSG00000276644,DACH1
"2019_DACH2_ENST00000373125.4,ENST00000373131.1_ENSG00000126733",DACH2
201_AHCTF1_P1P2_ENSG00000153207,AHCTF1
2020_DAD1_P1P2_ENSG00000129562,DAD1
2021_DAG1_P1P2_ENSG00000173402,DAG1
2022_DAGLB_ENST00000297056.6_ENSG00000164535,DAGLB
2023_DALRD3_P1_ENSG00000178149,DALRD3
2024_DALRD3_P2_ENSG00000178149,DALRD3
2025_DAP3_P1P2_ENSG00000132676,DAP3
2026_DAPK1_P1P2_ENSG00000196730,DAPK1
2027_DAPK3_P1P2_ENSG00000167657,DAPK3
2028_DAP_P1P2_ENSG00000112977,DAP
2029_DARS2_P1P2_ENSG00000117593,DARS2
202_AHCYL1_P1_ENSG00000168710,AHCYL1
2030_DARS_P1P2_ENSG00000115866,DARS
2031_DAXX_P1_ENSG00000204209,DAXX
2032_DAXX_P2_ENSG00000204209,DAXX
2033_DAZAP1_P1P2_ENSG00000071626,DAZAP1
2034_DAZAP2_P1P2_ENSG00000183283,DAZAP2
2035_DBF4B_P1P2_ENSG00000161692,DBF4B
2036_DBF4_P1P2_ENSG00000006634,DBF4
2037_DBI_P1_ENSG00000155368,DBI
2038_DBI_P2_ENSG00000155368,DBI
2039_DBN1_P1P2_ENSG00000113758,DBN1
203_AHCYL1_P2_ENSG00000168710,AHCYL1
2040_DBNDD2_P2_ENSG00000244274,DBNDD2
2041_DBNDD2_P1_ENSG00000244274,DBNDD2
2042_DBNL_P1P2_ENSG00000136279,DBNL
2043_DBP_P1P2_ENSG00000105516,DBP
2044_DBR1_P1P2_ENSG00000138231,DBR1
2045_DBT_P1P2_ENSG00000137992,DBT
2046_DBX1_P1P2_ENSG00000109851,DBX1
2047_DBX2_P1P2_ENSG00000185610,DBX2
2048_DCAF10_P1P2_ENSG00000122741,DCAF10
2049_DCAF11_P1P2_ENSG00000100897,DCAF11
204_AHCY_P1P2_ENSG00000101444,AHCY
2050_DCAF12_P1P2_ENSG00000198876,DCAF12
2051_DCAF13_P1P2_ENSG00000164934,DCAF13
2052_DCAF15_P1P2_ENSG00000132017,DCAF15
2053_DCAF16_P1P2_ENSG00000163257,DCAF16
2054_DCAF17_P1P2_ENSG00000115827,DCAF17
2055_DCAF4L2_P1P2_ENSG00000176566,DCAF4L2
2056_DCAF4_P1P2_ENSG00000119599,DCAF4
2057_DCAF5_P1P2_ENSG00000139990,DCAF5
2058_DCAF6_P1P2_ENSG00000143164,DCAF6
2059_DCAF7_P1P2_ENSG00000136485,DCAF7
205_AHDC1_P1P2_ENSG00000126705,AHDC1
2060_DCAF8_P2_ENSG00000132716,DCAF8
2062_DCAKD_P1_ENSG00000172992,DCAKD
2063_DCAKD_P2_ENSG00000172992,DCAKD
2064_DCBLD2_P1P2_ENSG00000057019,DCBLD2
2065_DCK_P1P2_ENSG00000156136,DCK
2066_DCLRE1A_P1P2_ENSG00000198924,DCLRE1A
2067_DCLRE1B_P1P2_ENSG00000118655,DCLRE1B
2068_DCLRE1C_P1P2_ENSG00000152457,DCLRE1C
2069_DCP1A_P1P2_ENSG00000272886,DCP1A
206_AHI1_P1P2_ENSG00000135541,AHI1
2070_DCP2_P1P2_ENSG00000172795,DCP2
2071_DCPS_P1P2_ENSG00000110063,DCPS
2072_DCTD_P1P2_ENSG00000129187,DCTD
2073_DCTN1_P1P2_ENSG00000204843,DCTN1
2074_DCTN2_P1P2_ENSG00000175203,DCTN2
2075_DCTN3_P1P2_ENSG00000137100,DCTN3
2076_DCTN4_P1P2_ENSG00000132912,DCTN4
2077_DCTN5_P1P2_ENSG00000166847,DCTN5
2078_DCTN6_P1P2_ENSG00000104671,DCTN6
2079_DCTPP1_P1P2_ENSG00000179958,DCTPP1
207_AHNAK_P2_ENSG00000124942,AHNAK
2080_DCUN1D1_P1P2_ENSG00000043093,DCUN1D1
2081_DCUN1D2_P1P2_ENSG00000150401,DCUN1D2
2082_DCUN1D4_P1P2_ENSG00000109184,DCUN1D4
2083_DCUN1D5_P1P2_ENSG00000137692,DCUN1D5
2084_DCXR_P1P2_ENSG00000169738,DCXR
2085_DDA1_P1P2_ENSG00000130311,DDA1
2086_DDAH2_P1P2_ENSG00000213722,DDAH2
2087_DDB1_P1_ENSG00000167986,DDB1
2088_DDB1_P2_ENSG00000167986,DDB1
2089_DDB2_P1P2_ENSG00000134574,DDB2
208_AHNAK_P1_ENSG00000124942,AHNAK
2090_DDHD1_P1P2_ENSG00000100523,DDHD1
2091_DDHD2_P1P2_ENSG00000085788,DDHD2
2092_DDI2_P1P2_ENSG00000197312,DDI2
2093_DDIT3_P1P2_ENSG00000175197,DDIT3
2094_DDIT4_P1P2_ENSG00000168209,DDIT4
2095_DDN_P1P2_ENSG00000181418,DDN
2096_DDOST_P1P2_ENSG00000244038,DDOST
2097_DDR1_P2_ENSG00000204580,DDR1
2098_DDR1_P1_ENSG00000204580,DDR1
2099_DDRGK1_P1P2_ENSG00000198171,DDRGK1
209_AHRR_P1P2_ENSG00000063438,AHRR
20_ABCB10_P1P2_ENSG00000135776,ABCB10
2100_DDT_ENST00000398344.4_ENSG00000099977,DDT
2101_DDT_ENST00000350608.3_ENSG00000099977,DDT
2102_DDX10_P1P2_ENSG00000178105,DDX10
2103_DDX11_P1P2_ENSG00000013573,DDX11
2104_DDX17_P1P2_ENSG00000100201,DDX17
2105_DDX18_P1P2_ENSG00000088205,DDX18
2106_DDX19A_P1P2_ENSG00000168872,DDX19A
2107_DDX19B_P1_ENSG00000157349,DDX19B
2108_DDX19B_P2_ENSG00000157349,DDX19B
2109_DDX1_P1P2_ENSG00000079785,DDX1
210_AHR_P1P2_ENSG00000106546,AHR
2110_DDX20_P1P2_ENSG00000064703,DDX20
2111_DDX21_P1P2_ENSG00000165732,DDX21
2112_DDX23_P1P2_ENSG00000174243,DDX23
2113_DDX24_P1P2_ENSG00000089737,DDX24
2114_DDX27_P1P2_ENSG00000124228,DDX27
2115_DDX28_P1P2_ENSG00000182810,DDX28
2116_DDX31_P1P2_ENSG00000125485,DDX31
2117_DDX39A_P1P2_ENSG00000123136,DDX39A
2118_DDX39B_P1P2_ENSG00000198563,DDX39B
2119_DDX3X_P1P2_ENSG00000215301,DDX3X
211_AHSA1_P1P2_ENSG00000100591,AHSA1
2120_DDX41_P1P2_ENSG00000183258,DDX41
2121_DDX42_P1P2_ENSG00000198231,DDX42
2122_DDX46_P1_ENSG00000145833,DDX46
2123_DDX46_P2_ENSG00000145833,DDX46
2124_DDX47_P1P2_ENSG00000213782,DDX47
2125_DDX49_P1P2_ENSG00000105671,DDX49
2126_DDX50_P1P2_ENSG00000107625,DDX50
2127_DDX51_P1P2_ENSG00000185163,DDX51
2128_DDX52_P1P2_ENSG00000278053,DDX52
2129_DDX54_P1_ENSG00000123064,DDX54
212_AHSA2_P1P2_nan,AHSA2
2130_DDX54_P2_ENSG00000123064,DDX54
2131_DDX55_P1P2_ENSG00000111364,DDX55
2132_DDX56_P1P2_ENSG00000136271,DDX56
2133_DDX59_P1P2_ENSG00000118197,DDX59
2134_DDX5_P1P2_ENSG00000108654,DDX5
2135_DDX6_P1P2_ENSG00000110367,DDX6
2136_DEAF1_P1P2_ENSG00000177030,DEAF1
2137_DECR1_P1P2_ENSG00000104325,DECR1
2138_DECR2_P1P2_ENSG00000242612,DECR2
2139_DEDD2_P1_ENSG00000160570,DEDD2
213_AHSP_P1P2_ENSG00000169877,AHSP
2140_DEDD2_P2_ENSG00000160570,DEDD2
2141_DEDD_P1P2_ENSG00000158796,DEDD
2142_DEF6_P1P2_ENSG00000023892,DEF6
2143_DEF8_P1P2_ENSG00000140995,DEF8
2144_DEGS1_P1P2_ENSG00000143753,DEGS1
2145_DEK_P1P2_ENSG00000124795,DEK
2146_DENND1A_P1P2_ENSG00000119522,DENND1A
2147_DENND1B_P1P2_ENSG00000213047,DENND1B
2148_DENND2D_P1_ENSG00000162777,DENND2D
2149_DENND2D_P2_ENSG00000162777,DENND2D
214_AIDA_P1P2_ENSG00000186063,AIDA
2150_DENND4A_P1P2_ENSG00000174485,DENND4A
2151_DENND4B_P2_ENSG00000198837,DENND4B
2152_DENND4B_P1_ENSG00000198837,DENND4B
2153_DENND4C_ENST00000602925.1_ENSG00000137145,DENND4C
2154_DENND5A_P1P2_ENSG00000184014,DENND5A
2155_DENR_P1P2_ENSG00000139726,DENR
2156_DEPDC1B_P1P2_ENSG00000035499,DEPDC1B
2157_DEPDC1_P1P2_ENSG00000024526,DEPDC1
2158_DEPDC5_P1P2_ENSG00000100150,DEPDC5
2159_DEPDC7_P1P2_ENSG00000121690,DEPDC7
215_AIF1_P1P2_ENSG00000204472,AIF1
2160_DERA_P1P2_ENSG00000023697,DERA
2161_DERL1_P1P2_ENSG00000136986,DERL1
2162_DERL2_P1P2_ENSG00000072849,DERL2
2163_DERL3_P1P2_ENSG00000099958,DERL3
2164_DESI1_P1P2_ENSG00000100418,DESI1
2165_DESI2_P1P2_ENSG00000121644,DESI2
2166_DES_P1_ENSG00000175084,DES
2167_DES_P2_ENSG00000175084,DES
2168_DEXI_P1P2_ENSG00000182108,DEXI
2169_DFFA_P1P2_ENSG00000160049,DFFA
216_AIFM1_P1P2_ENSG00000156709,AIFM1
2170_DFFB_P1P2_ENSG00000169598,DFFB
2171_DGAT1_P1P2_ENSG00000185000,DGAT1
2172_ESS2_P1P2_ENSG00000100056,ESS2
2173_DGCR2_P1P2_ENSG00000070413,DGCR2
2174_DGCR6L_P1P2_ENSG00000128185,DGCR6L
2175_DGCR8_P1P2_ENSG00000128191,DGCR8
2176_DGKD_P1P2_ENSG00000077044,DGKD
2177_DGKE_P1P2_ENSG00000153933,DGKE
2178_DGKH_P2_ENSG00000102780,DGKH
2179_DGKH_P1_ENSG00000102780,DGKH
217_AIFM2_P1P2_ENSG00000042286,AIFM2
2180_DGKQ_P1_ENSG00000145214,DGKQ
2181_DGKQ_P2_ENSG00000145214,DGKQ
2182_DGKZ_P1P2_ENSG00000149091,DGKZ
2183_DGUOK_P1P2_ENSG00000114956,DGUOK
2184_DHCR24_P1P2_ENSG00000116133,DHCR24
2185_DHCR7_P1P2_ENSG00000172893,DHCR7
2186_DHDDS_P1P2_ENSG00000117682,DHDDS
2187_DHFR_P1P2_ENSG00000228716,DHFR
2188_DHODH_P2_ENSG00000102967,DHODH
2189_DHODH_P1_ENSG00000102967,DHODH
218_AIG1_P1P2_ENSG00000146416,AIG1
2190_DHPS_P1P2_ENSG00000095059,DHPS
2191_DHRS11_P1P2_ENSG00000278535,DHRS11
2192_DHRS12_P1P2_ENSG00000102796,DHRS12
2193_DHRS13_P1P2_ENSG00000167536,DHRS13
2194_DHRS1_P1P2_ENSG00000157379,DHRS1
2195_DHRS2_P1P2_ENSG00000100867,DHRS2
2196_DHRS3_P1P2_ENSG00000162496,DHRS3
2197_DHRS4L2_ENST00000382755.4_ENSG00000187630,DHRS4L2
2198_DHRS4_P1P2_ENSG00000157326,DHRS4
2199_DHRS7B_P1P2_ENSG00000109016,DHRS7B
219_CRYBG1_P1P2_ENSG00000112297,CRYBG1
21_ABCB6_P1P2_ENSG00000115657,ABCB6
2200_DHRS7_P1P2_ENSG00000100612,DHRS7
2201_DHRSX_P1P2_ENSG00000169084,DHRSX
2202_DHTKD1_P1P2_ENSG00000181192,DHTKD1
2203_DHX15_P1P2_ENSG00000109606,DHX15
2204_DHX16_P1P2_ENSG00000204560,DHX16
2205_DHX29_P1P2_ENSG00000067248,DHX29
2206_DHX30_P2_ENSG00000132153,DHX30
2207_DHX30_P1_ENSG00000132153,DHX30
2208_DHX32_P1P2_ENSG00000089876,DHX32
2209_DHX33_P1P2_ENSG00000005100,DHX33
220_AIMP1_P1P2_ENSG00000164022,AIMP1
2210_DHX34_P1P2_ENSG00000134815,DHX34
2211_DHX35_P1P2_ENSG00000101452,DHX35
2212_DHX36_P1P2_ENSG00000174953,DHX36
2213_DHX37_P1P2_ENSG00000150990,DHX37
2214_DHX38_P1P2_ENSG00000140829,DHX38
2215_DHX40_P1P2_ENSG00000108406,DHX40
2216_DHX57_P1P2_ENSG00000163214,DHX57
2217_DHX8_P1P2_ENSG00000067596,DHX8
2218_DHX9_P1P2_ENSG00000135829,DHX9
2219_DIABLO_P1P2_ENSG00000184047,DIABLO
221_AIMP2_P1P2_ENSG00000106305,AIMP2
2220_DIAPH1_P1P2_ENSG00000131504,DIAPH1
2221_DIAPH3_P1P2_ENSG00000139734,DIAPH3
2222_DICER1_P1P2_ENSG00000100697,DICER1
2223_DIDO1_P1_ENSG00000101191,DIDO1
2224_DIDO1_P2_ENSG00000101191,DIDO1
2225_UTP25_P1P2_ENSG00000117597,UTP25
2226_DIMT1_P1P2_ENSG00000086189,DIMT1
2227_DIP2A_P1P2_ENSG00000160305,DIP2A
2228_DIP2B_P1P2_ENSG00000066084,DIP2B
2229_DIRAS1_P1P2_ENSG00000176490,DIRAS1
222_AIP_P1P2_ENSG00000110711,AIP
2230_DIRAS3_P1P2_ENSG00000162595,DIRAS3
2231_DIS3L2_P1P2_ENSG00000144535,DIS3L2
2232_DIS3L_P1P2_ENSG00000166938,DIS3L
2233_DIS3_P1P2_ENSG00000083520,DIS3
2234_DIXDC1_ENST00000440460.2_ENSG00000150764,DIXDC1
2235_DKC1_P1P2_ENSG00000130826,DKC1
2236_DLAT_P1P2_ENSG00000150768,DLAT
2237_DLC1_P1P2_ENSG00000164741,DLC1
2238_DLD_P1P2_ENSG00000091140,DLD
2239_DLG1_P1P2_ENSG00000075711,DLG1
223_AIRE_P1P2_ENSG00000160224,AIRE
2240_DLG5_P1P2_ENSG00000151208,DLG5
2241_DLGAP4_P1P2_ENSG00000080845,DLGAP4
2242_DLGAP5_P1P2_ENSG00000126787,DLGAP5
2243_DLL3_P1P2_ENSG00000090932,DLL3
2244_DLST_P1P2_ENSG00000119689,DLST
2245_DLX1_P1P2_ENSG00000144355,DLX1
2246_DLX2_P1P2_ENSG00000115844,DLX2
2247_DLX3_P1P2_ENSG00000064195,DLX3
2248_DLX4_P1P2_ENSG00000108813,DLX4
2249_DLX5_P1P2_ENSG00000105880,DLX5
224_AK1_P1P2_ENSG00000106992,AK1
2250_DLX6_P1P2_ENSG00000006377,DLX6
2251_DMAP1_P1P2_ENSG00000178028,DMAP1
2252_DMBX1_P1P2_ENSG00000197587,DMBX1
2253_DMC1_P1P2_ENSG00000100206,DMC1
2254_DMD_ENST00000357033.4_ENSG00000198947,DMD
2255_DMPK_P1P2_ENSG00000104936,DMPK
2256_DMRT1_P1P2_ENSG00000137090,DMRT1
2257_DMRT2_P1P2_ENSG00000173253,DMRT2
2258_DMRT3_P1P2_ENSG00000064218,DMRT3
2259_DMRTA1_P1P2_ENSG00000176399,DMRTA1
225_AK2_P1P2_ENSG00000004455,AK2
2260_DMRTA2_P1P2_ENSG00000142700,DMRTA2
2261_DMRTB1_P1P2_ENSG00000143006,DMRTB1
2262_DMRTC2_P1P2_ENSG00000142025,DMRTC2
2263_DMTF1_P1P2_ENSG00000135164,DMTF1
2264_DMTN_P2_ENSG00000158856,DMTN
2265_DMTN_P1_ENSG00000158856,DMTN
2266_DMWD_P1P2_ENSG00000185800,DMWD
2267_DMXL1_P1P2_ENSG00000172869,DMXL1
2268_DMXL2_P1P2_ENSG00000104093,DMXL2
2269_DNA2_P1P2_ENSG00000138346,DNA2
226_AK3_P1P2_ENSG00000147853,AK3
2270_DNAAF2_P1P2_ENSG00000165506,DNAAF2
2271_DNAAF3_P2_ENSG00000167646,DNAAF3
2272_DNAAF3_P1_ENSG00000167646,DNAAF3
2273_DNAH14_P1P2_ENSG00000185842,DNAH14
2274_DNAJA1_P1_ENSG00000086061,DNAJA1
2275_DNAJA1_P2_ENSG00000086061,DNAJA1
2276_DNAJA2_P1P2_ENSG00000069345,DNAJA2
2277_DNAJA3_P1P2_ENSG00000103423,DNAJA3
2278_DNAJB11_P1P2_ENSG00000090520,DNAJB11
2279_DNAJB12_P1P2_ENSG00000148719,DNAJB12
227_AK4_P1P2_ENSG00000162433,AK4
2280_DNAJB14_P1P2_ENSG00000164031,DNAJB14
2281_DNAJB1_P1P2_ENSG00000132002,DNAJB1
2282_DNAJB4_P1P2_ENSG00000162616,DNAJB4
2283_DNAJB6_P1P2_ENSG00000105993,DNAJB6
2284_DNAJB9_P1P2_ENSG00000128590,DNAJB9
2285_DNAJC10_P1P2_ENSG00000077232,DNAJC10
2286_DNAJC11_P1P2_ENSG00000007923,DNAJC11
2287_DNAJC12_P1P2_ENSG00000108176,DNAJC12
2288_DNAJC13_P1P2_ENSG00000138246,DNAJC13
2289_DNAJC14_P1P2_ENSG00000135392,DNAJC14
228_AKAP11_P1P2_ENSG00000023516,AKAP11
2290_DNAJC16_P1P2_ENSG00000116138,DNAJC16
2291_DNAJC17_P1P2_ENSG00000104129,DNAJC17
2292_DNAJC19_P1P2_ENSG00000205981,DNAJC19
2293_DNAJC1_P1P2_ENSG00000136770,DNAJC1
2294_DNAJC21_P1P2_ENSG00000168724,DNAJC21
2295_DNAJC24_P1P2_ENSG00000170946,DNAJC24
2296_DNAJC25_P1P2_ENSG00000059769,DNAJC25
2297_DNAJC2_P1P2_ENSG00000105821,DNAJC2
2298_DNAJC30_P1P2_ENSG00000176410,DNAJC30
2299_DNAJC3_P1P2_ENSG00000102580,DNAJC3
229_AKAP13_P1P2_ENSG00000170776,AKAP13
22_ABCB7_P1P2_ENSG00000131269,ABCB7
2300_DNAJC4_P1P2_ENSG00000110011,DNAJC4
2301_DNAJC5_P1P2_ENSG00000101152,DNAJC5
2302_DNAJC6_P1P2_ENSG00000116675,DNAJC6
2303_DNAJC7_P1P2_ENSG00000168259,DNAJC7
2304_DNAJC8_P1P2_ENSG00000126698,DNAJC8
2305_DNAJC9_P1P2_ENSG00000213551,DNAJC9
2306_DNAL1_P1P2_ENSG00000119661,DNAL1
2307_DNASE1L1_P1_ENSG00000013563,DNASE1L1
2308_DNASE1L1_P2_ENSG00000013563,DNASE1L1
2309_DNASE2_P1P2_ENSG00000105612,DNASE2
230_AKAP17A_P1P2_ENSG00000197976,AKAP17A
2310_DNLZ_P1P2_ENSG00000213221,DNLZ
2311_DNM1L_P1P2_ENSG00000087470,DNM1L
2312_DNM1_P1P2_ENSG00000106976,DNM1
2313_DNM2_P1P2_ENSG00000079805,DNM2
2314_DNMT1_P1P2_ENSG00000130816,DNMT1
2315_DNMT3A_ENST00000402667.1_ENSG00000119772,DNMT3A
2316_DNMT3B_P1_ENSG00000088305,DNMT3B
2317_DNMT3B_P2_ENSG00000088305,DNMT3B
2318_DNPEP_P1P2_ENSG00000123992,DNPEP
2319_DNPH1_P1P2_ENSG00000112667,DNPH1
231_AKAP1_P1P2_ENSG00000121057,AKAP1
2320_DNTTIP1_P1P2_ENSG00000101457,DNTTIP1
2321_DNTTIP2_P1P2_ENSG00000067334,DNTTIP2
2322_DOCK11_P1P2_ENSG00000147251,DOCK11
2323_DOCK2_P1P2_ENSG00000134516,DOCK2
2324_DOCK6_P1P2_ENSG00000130158,DOCK6
2325_DOCK7_P1P2_ENSG00000116641,DOCK7
2326_DOCK8_P1P2_ENSG00000107099,DOCK8
2327_DOCK9_P1P2_ENSG00000088387,DOCK9
2328_DOHH_P1P2_ENSG00000129932,DOHH
2329_DOK1_P1P2_ENSG00000115325,DOK1
232_AKAP8L_P1P2_ENSG00000011243,AKAP8L
2330_DOK2_P1P2_ENSG00000147443,DOK2
2331_DOK3_P1P2_ENSG00000146094,DOK3
2332_DOK4_P2_ENSG00000125170,DOK4
2333_DOK4_P1_ENSG00000125170,DOK4
2334_DOLK_P1P2_ENSG00000175283,DOLK
2335_DOLPP1_P1P2_ENSG00000167130,DOLPP1
2336_DONSON_P1P2_ENSG00000159147,DONSON
2337_DOT1L_P1P2_ENSG00000104885,DOT1L
2338_DPAGT1_P1P2_ENSG00000172269,DPAGT1
2339_DPCD_P1P2_ENSG00000166171,DPCD
233_AKAP8_P1P2_ENSG00000105127,AKAP8
2340_DPF1_P2_ENSG00000011332,DPF1
2341_DPF1_P1_ENSG00000011332,DPF1
2342_DPF2_P2_ENSG00000133884,DPF2
2343_DPF2_P1_ENSG00000133884,DPF2
2344_DPF3_P1P2_ENSG00000205683,DPF3
2345_DPH1_P2_ENSG00000108963,DPH1
2346_DPH1_P1_ENSG00000108963,DPH1
2347_DPH2_P1P2_ENSG00000132768,DPH2
2348_DPH3_P1P2_ENSG00000154813,DPH3
2349_DPH5_P1P2_ENSG00000117543,DPH5
234_AKAP9_P1P2_ENSG00000127914,AKAP9
2350_DPH6_P1P2_ENSG00000134146,DPH6
2351_DPH7_P1P2_ENSG00000148399,DPH7
2352_DPM1_P1P2_ENSG00000000419,DPM1
2353_DPM2_P1P2_ENSG00000136908,DPM2
2354_DPM3_P1P2_ENSG00000179085,DPM3
2355_DPP3_P1P2_ENSG00000254986,DPP3
2356_DPP7_P2_ENSG00000176978,DPP7
2357_DPP7_P1_ENSG00000176978,DPP7
2358_DPP8_P1P2_ENSG00000074603,DPP8
2359_DPP9_P2_ENSG00000142002,DPP9
235_AKIP1_P1P2_ENSG00000166452,AKIP1
2360_DPP9_P1_ENSG00000142002,DPP9
2361_DPPA2_P1P2_ENSG00000163530,DPPA2
2362_DPRX_ENST00000376650.1_ENSG00000204595,DPRX
2363_DPY19L1_ENST00000310974.4_ENSG00000173852,DPY19L1
2364_DPY19L2_P1P2_ENSG00000177990,DPY19L2
2365_DPY19L3_P1P2_ENSG00000178904,DPY19L3
2366_DPY19L4_P1P2_ENSG00000156162,DPY19L4
2367_DPY30_P1P2_ENSG00000162961,DPY30
2368_DPYSL2_P1P2_ENSG00000092964,DPYSL2
2369_DR1_P1P2_ENSG00000117505,DR1
236_AKIRIN1_P1P2_ENSG00000174574,AKIRIN1
2370_DRAM1_P1P2_ENSG00000136048,DRAM1
2371_DRAM2_P1P2_ENSG00000156171,DRAM2
2372_DRAP1_P1P2_ENSG00000175550,DRAP1
2373_DRG1_P1P2_ENSG00000185721,DRG1
2374_DRG2_P1P2_ENSG00000108591,DRG2
2375_DRGX_P1P2_ENSG00000165606,DRGX
2376_DROSHA_P1P2_ENSG00000113360,DROSHA
2377_DSC2_P1P2_ENSG00000134755,DSC2
2378_DSCC1_P1P2_ENSG00000136982,DSCC1
2379_VPS26C_P1P2_ENSG00000157538,VPS26C
237_AKIRIN2_P1P2_ENSG00000135334,AKIRIN2
2380_DSCR4_P1P2_ENSG00000184029,DSCR4
2381_DSG2_P1P2_ENSG00000046604,DSG2
2382_DSN1_P1P2_ENSG00000149636,DSN1
2383_DSTN_P1P2_ENSG00000125868,DSTN
2384_DSTYK_P1P2_ENSG00000133059,DSTYK
"2385_DST_ENST00000361203.3,ENST00000370769.4_ENSG00000151914",DST
2386_DST_ENST00000370754.5_ENSG00000151914,DST
2387_DTD1_P1P2_ENSG00000125821,DTD1
2388_DTD2_P1P2_ENSG00000129480,DTD2
2389_DTL_P1P2_ENSG00000143476,DTL
238_AKNA_P1_ENSG00000106948,AKNA
2390_DTNBP1_P1P2_ENSG00000047579,DTNBP1
2391_DTWD1_P1P2_ENSG00000104047,DTWD1
2392_DTWD2_P1P2_ENSG00000169570,DTWD2
2393_DTX2_P1P2_ENSG00000091073,DTX2
2394_DTYMK_P1P2_ENSG00000168393,DTYMK
2395_DUS1L_P1P2_ENSG00000169718,DUS1L
2396_DUS2_P1P2_ENSG00000167264,DUS2
2397_DUS3L_P1P2_ENSG00000141994,DUS3L
2398_DUS4L_P1P2_ENSG00000105865,DUS4L
2399_DUSP10_P1P2_ENSG00000143507,DUSP10
239_AKNA_P2_ENSG00000106948,AKNA
23_ABCB8_P1P2_ENSG00000197150,ABCB8
2400_DUSP11_P1P2_ENSG00000144048,DUSP11
2401_DUSP12_P1P2_ENSG00000081721,DUSP12
2402_DUSP13_P1P2_ENSG00000079393,DUSP13
2403_DUSP14_P2_ENSG00000276023,DUSP14
2404_DUSP14_P1_ENSG00000276023,DUSP14
2405_DUSP1_P1P2_ENSG00000120129,DUSP1
2406_DUSP22_P1P2_ENSG00000112679,DUSP22
2407_DUSP23_P1P2_ENSG00000158716,DUSP23
2408_DUSP28_P1P2_ENSG00000188542,DUSP28
2409_DUSP3_P1P2_ENSG00000108861,DUSP3
240_AKR1A1_P1P2_ENSG00000117448,AKR1A1
2410_DUSP7_P2_ENSG00000164086,DUSP7
2411_DUSP7_P1_ENSG00000164086,DUSP7
2412_DUSP9_P1_ENSG00000130829,DUSP9
2413_DUSP9_P2_ENSG00000130829,DUSP9
2414_DUT_P1P2_ENSG00000128951,DUT
2415_DUXA_ENST00000554048.2_ENSG00000258873,DUXA
2416_DVL1_P1P2_ENSG00000107404,DVL1
2417_DVL2_P1P2_ENSG00000004975,DVL2
2418_DVL3_P1P2_ENSG00000161202,DVL3
2419_DXO_P1P2_ENSG00000204348,DXO
241_AKR1C1_P1P2_ENSG00000187134,AKR1C1
2420_DYM_P1P2_ENSG00000141627,DYM
2421_DYNC1H1_P1P2_ENSG00000197102,DYNC1H1
2422_DYNC1I2_P1P2_ENSG00000077380,DYNC1I2
2423_DYNC1LI1_P1P2_ENSG00000144635,DYNC1LI1
2424_DYNC1LI2_P1P2_ENSG00000135720,DYNC1LI2
2425_DYNC2LI1_P1P2_ENSG00000138036,DYNC2LI1
2426_DYNLL1_P1P2_ENSG00000088986,DYNLL1
2427_DYNLL2_P1P2_ENSG00000264364,DYNLL2
2428_DYNLRB1_P2_ENSG00000125971,DYNLRB1
2429_DYNLRB1_P1_ENSG00000125971,DYNLRB1
242_AKR1C2_P1_ENSG00000151632,AKR1C2
2430_DYNLT1_P1P2_ENSG00000146425,DYNLT1
2431_DYNLT3_P1P2_ENSG00000165169,DYNLT3
2432_DYRK1A_ENST00000398960.2_ENSG00000157540,DYRK1A
2433_DYRK2_P1P2_ENSG00000127334,DYRK2
2434_DYRK3_P1P2_ENSG00000143479,DYRK3
2435_DYRK4_P1P2_ENSG00000010219,DYRK4
2436_DZIP1_P1P2_ENSG00000134874,DZIP1
2437_E2F1_P1P2_ENSG00000101412,E2F1
2438_E2F2_P1P2_ENSG00000007968,E2F2
2439_E2F3_P1_ENSG00000112242,E2F3
243_AKR1C2_P2_ENSG00000151632,AKR1C2
2440_E2F3_P2_ENSG00000112242,E2F3
2441_E2F4_P1P2_ENSG00000205250,E2F4
2442_E2F5_P1P2_ENSG00000133740,E2F5
2443_E2F6_P1P2_ENSG00000169016,E2F6
2444_E2F7_P1P2_ENSG00000165891,E2F7
2445_E2F8_P1P2_ENSG00000129173,E2F8
2446_E4F1_P1P2_ENSG00000167967,E4F1
2447_EAF1_P1P2_ENSG00000144597,EAF1
2448_EAF2_P1P2_ENSG00000145088,EAF2
2449_EAPP_P1P2_ENSG00000129518,EAPP
244_AKR1E2_P1P2_ENSG00000165568,AKR1E2
2450_EARS2_P1P2_ENSG00000103356,EARS2
2451_EBAG9_P1P2_ENSG00000147654,EBAG9
2452_EBF1_P1P2_ENSG00000164330,EBF1
2453_EBF2_P1P2_ENSG00000221818,EBF2
2454_EBF3_P1P2_ENSG00000108001,EBF3
2455_EBF4_P1P2_ENSG00000088881,EBF4
2456_EBNA1BP2_P1P2_ENSG00000117395,EBNA1BP2
2457_EBPL_P1P2_ENSG00000123179,EBPL
2458_EBP_P2_ENSG00000147155,EBP
2459_EBP_P1_ENSG00000147155,EBP
245_AKR7A2_P1P2_ENSG00000053371,AKR7A2
2460_ECD_P1P2_ENSG00000122882,ECD
2461_ECE1_P1P2_ENSG00000117298,ECE1
2462_ECE2_P1P2_ENSG00000145194,ECE2
2463_ECH1_P1P2_ENSG00000104823,ECH1
2464_ECHDC1_P1P2_ENSG00000093144,ECHDC1
2465_ECHDC3_P1P2_ENSG00000134463,ECHDC3
2466_ECHS1_P1P2_ENSG00000127884,ECHS1
2467_ECI1_P1P2_ENSG00000167969,ECI1
2468_ECI2_P1P2_ENSG00000198721,ECI2
2469_ECM1_P1P2_ENSG00000143369,ECM1
246_AKT1S1_P1P2_ENSG00000204673,AKT1S1
2470_ECSIT_P1P2_ENSG00000130159,ECSIT
2471_ECT2_P1P2_ENSG00000114346,ECT2
2472_EDARADD_P1_ENSG00000186197,EDARADD
2473_EDARADD_P2_ENSG00000186197,EDARADD
2474_EDC3_P1P2_ENSG00000179151,EDC3
2475_EDC4_P1P2_ENSG00000038358,EDC4
2476_EDEM1_P1P2_ENSG00000134109,EDEM1
2477_EDEM2_ENST00000374492.3_ENSG00000088298,EDEM2
2478_EDEM3_P1P2_ENSG00000116406,EDEM3
2479_EDF1_P1P2_ENSG00000107223,EDF1
247_AKT1_P1P2_ENSG00000142208,AKT1
2480_EEA1_P1P2_ENSG00000102189,EEA1
2481_EED_P1P2_ENSG00000074266,EED
2482_EEF1A1_P1P2_ENSG00000156508,EEF1A1
2483_EEF1A2_P1P2_ENSG00000101210,EEF1A2
2484_EEF1B2_P1P2_ENSG00000114942,EEF1B2
2485_EEF1D_P1P2_ENSG00000104529,EEF1D
2486_EEF1E1_P1P2_ENSG00000124802,EEF1E1
2487_EEF1G_P1P2_ENSG00000254772,EEF1G
2488_EEF2K_P1P2_ENSG00000103319,EEF2K
2489_EEF2_P2_ENSG00000167658,EEF2
248_AKT2_P1P2_ENSG00000105221,AKT2
2490_EEF2_P1_ENSG00000167658,EEF2
2491_EEFSEC_P1P2_ENSG00000132394,EEFSEC
2492_EFCAB11_P1P2_ENSG00000140025,EFCAB11
2493_EFCAB14_P1P2_ENSG00000159658,EFCAB14
2494_EFCAB2_P1P2_ENSG00000203666,EFCAB2
2495_EFHD1_P1P2_ENSG00000115468,EFHD1
2496_EFHD2_P1P2_ENSG00000142634,EFHD2
2497_EFNA1_P1P2_ENSG00000169242,EFNA1
2498_EFNA3_P1_ENSG00000143590,EFNA3
2499_EFNA3_P2_ENSG00000143590,EFNA3
249_ALAD_P1P2_ENSG00000148218,ALAD
24_ABCB9_P1_ENSG00000150967,ABCB9
2500_EFNA4_P1P2_ENSG00000243364,EFNA4
2501_EFR3A_P1P2_ENSG00000132294,EFR3A
2502_EFTUD2_P1P2_ENSG00000108883,EFTUD2
2503_EGFL7_P1_ENSG00000172889,EGFL7
2504_EGFL7_P2_ENSG00000172889,EGFL7
2505_EGFL8_P1P2_ENSG00000241404,EGFL8
2506_EGLN1_P1P2_ENSG00000135766,EGLN1
2508_EGLN2_P1_ENSG00000269858,EGLN2
2509_EGLN3_P1P2_ENSG00000129521,EGLN3
250_ALAS1_P1P2_ENSG00000023330,ALAS1
2510_EGR1_P1_ENSG00000120738,EGR1
2511_EGR1_P2_ENSG00000120738,EGR1
2512_EGR2_P1P2_ENSG00000122877,EGR2
2513_EGR3_P1P2_ENSG00000179388,EGR3
2514_EGR4_P1P2_ENSG00000135625,EGR4
2515_EHBP1L1_P1P2_ENSG00000173442,EHBP1L1
2516_EHBP1_P1P2_ENSG00000115504,EHBP1
2517_EHD1_P1P2_ENSG00000110047,EHD1
2518_EHD4_P1P2_ENSG00000103966,EHD4
2519_EHF_P1P2_ENSG00000135373,EHF
251_ALAS2_P1P2_ENSG00000158578,ALAS2
2520_EHMT1_P1P2_ENSG00000181090,EHMT1
2521_EHMT2_P1P2_ENSG00000204371,EHMT2
2522_EI24_P1P2_ENSG00000149547,EI24
2523_EID1_P1P2_ENSG00000255302,EID1
2524_EID2B_P1P2_ENSG00000176401,EID2B
2525_EID2_P1P2_ENSG00000176396,EID2
2526_EIF1AD_P1P2_ENSG00000175376,EIF1AD
2527_EIF1AX_P1P2_ENSG00000173674,EIF1AX
2528_EIF1B_P1P2_ENSG00000114784,EIF1B
2529_EIF1_P1P2_ENSG00000173812,EIF1
252_ALDH16A1_P1P2_ENSG00000161618,ALDH16A1
2530_EIF2AK1_P1P2_ENSG00000086232,EIF2AK1
2531_EIF2AK2_P1P2_ENSG00000055332,EIF2AK2
2532_EIF2AK3_P1P2_ENSG00000172071,EIF2AK3
2533_EIF2AK4_P1P2_ENSG00000128829,EIF2AK4
2534_EIF2A_P1P2_ENSG00000144895,EIF2A
2535_EIF2B1_P1P2_ENSG00000111361,EIF2B1
2536_EIF2B2_P1P2_ENSG00000119718,EIF2B2
2537_EIF2B3_P1P2_ENSG00000070785,EIF2B3
2538_EIF2B4_P1P2_ENSG00000115211,EIF2B4
2539_EIF2B5_P1P2_ENSG00000145191,EIF2B5
253_ALDH18A1_P1P2_ENSG00000059573,ALDH18A1
2540_EIF2D_P1P2_ENSG00000143486,EIF2D
2541_EIF2S1_P1P2_ENSG00000134001,EIF2S1
2542_EIF2S2_P1P2_ENSG00000125977,EIF2S2
2543_EIF2S3_P1P2_ENSG00000130741,EIF2S3
2544_EIF3A_P1P2_ENSG00000107581,EIF3A
2545_EIF3B_P1P2_ENSG00000106263,EIF3B
2547_EIF3C_P1P2_ENSG00000184110,EIF3C
2548_EIF3D_P1P2_ENSG00000100353,EIF3D
2549_EIF3E_P1P2_ENSG00000104408,EIF3E
254_ALDH1A1_P1P2_ENSG00000165092,ALDH1A1
2550_EIF3F_P1P2_ENSG00000175390,EIF3F
2551_EIF3G_P1P2_ENSG00000130811,EIF3G
2552_EIF3H_P1P2_ENSG00000147677,EIF3H
2553_EIF3I_P1P2_ENSG00000084623,EIF3I
2554_EIF3J_P1P2_ENSG00000104131,EIF3J
2555_EIF3K_P1P2_ENSG00000178982,EIF3K
2556_EIF3L_P1P2_ENSG00000100129,EIF3L
2557_EIF3M_P1P2_ENSG00000149100,EIF3M
2558_EIF4A1_P1P2_ENSG00000161960,EIF4A1
2559_EIF4A2_P1_ENSG00000156976,EIF4A2
255_ALDH1A2_P1P2_ENSG00000128918,ALDH1A2
2560_EIF4A2_P2_ENSG00000156976,EIF4A2
2561_EIF4A3_P1P2_ENSG00000141543,EIF4A3
2562_EIF4B_P1P2_ENSG00000063046,EIF4B
2563_EIF4E2_P1P2_ENSG00000135930,EIF4E2
2564_EIF4EBP1_P1P2_ENSG00000187840,EIF4EBP1
2565_EIF4EBP2_P1P2_ENSG00000148730,EIF4EBP2
2566_EIF4ENIF1_P1P2_ENSG00000184708,EIF4ENIF1
2567_EIF4E_P1P2_ENSG00000151247,EIF4E
2568_EIF4G1_P1P2_ENSG00000114867,EIF4G1
2569_EIF4G2_P1_ENSG00000110321,EIF4G2
256_ALDH1B1_P1P2_ENSG00000137124,ALDH1B1
2570_EIF4G2_P2_ENSG00000110321,EIF4G2
2571_EIF4G3_P2_ENSG00000075151,EIF4G3
2572_EIF4G3_P1_ENSG00000075151,EIF4G3
2573_EIF4H_P1P2_ENSG00000106682,EIF4H
2574_EIF5A2_P1P2_ENSG00000163577,EIF5A2
2575_EIF5AL1_P1P2_ENSG00000253626,EIF5AL1
2576_EIF5A_P1P2_ENSG00000132507,EIF5A
2577_EIF5B_P1P2_ENSG00000158417,EIF5B
2578_EIF5_P1_ENSG00000100664,EIF5
2579_EIF5_P2_ENSG00000100664,EIF5
257_ALDH2_P1P2_ENSG00000111275,ALDH2
2580_EIF6_P1P2_ENSG00000242372,EIF6
2581_ELAC1_P1P2_ENSG00000141642,ELAC1
2582_ELAC2_P1P2_ENSG00000006744,ELAC2
2583_ELAVL1_P1P2_ENSG00000066044,ELAVL1
2584_ELF1_P1P2_ENSG00000120690,ELF1
2585_ELF2_P1P2_ENSG00000109381,ELF2
2586_ELF3_P1P2_ENSG00000163435,ELF3
2587_ELF4_P1P2_ENSG00000102034,ELF4
2588_ELF5_P1P2_ENSG00000135374,ELF5
2589_ELK1_P1P2_ENSG00000126767,ELK1
258_ALDH4A1_P1P2_ENSG00000159423,ALDH4A1
2590_ELK3_P1P2_ENSG00000111145,ELK3
2591_ELK4_P1P2_ENSG00000158711,ELK4
2592_ELL2_P1P2_ENSG00000118985,ELL2
2593_ELL_P1P2_ENSG00000105656,ELL
2594_ELMO2_P1P2_ENSG00000062598,ELMO2
2595_ELMOD2_P1P2_ENSG00000179387,ELMOD2
2596_ELMOD3_P1P2_ENSG00000115459,ELMOD3
2597_ELMSAN1_P1_ENSG00000156030,ELMSAN1
2598_ELMSAN1_P2_ENSG00000156030,ELMSAN1
2599_ELOF1_P1P2_ENSG00000130165,ELOF1
259_ALDH5A1_P1P2_ENSG00000112294,ALDH5A1
25_ABCB9_P2_ENSG00000150967,ABCB9
2600_ELOVL1_P1P2_ENSG00000066322,ELOVL1
2601_ELOVL2_P1P2_ENSG00000197977,ELOVL2
2602_ELOVL5_P1P2_ENSG00000012660,ELOVL5
2603_ELOVL6_P1P2_ENSG00000170522,ELOVL6
2604_ELP2_P1P2_ENSG00000134759,ELP2
2605_ELP3_P1P2_ENSG00000134014,ELP3
2606_ELP4_P1P2_ENSG00000109911,ELP4
2607_ELP5_P1P2_ENSG00000170291,ELP5
2608_ELP6_P1P2_ENSG00000163832,ELP6
2609_EMC10_P1P2_ENSG00000161671,EMC10
260_ALDH9A1_P1P2_ENSG00000143149,ALDH9A1
2610_EMC1_P1P2_ENSG00000127463,EMC1
2611_EMC2_P1P2_ENSG00000104412,EMC2
2612_EMC3_P1_ENSG00000125037,EMC3
2613_EMC3_P2_ENSG00000125037,EMC3
2614_EMC4_P1P2_ENSG00000128463,EMC4
2615_EMC6_P1P2_ENSG00000127774,EMC6
2616_EMC7_P1P2_ENSG00000134153,EMC7
2617_EMC8_P1P2_ENSG00000131148,EMC8
2618_EMC9_P1P2_ENSG00000100908,EMC9
2619_EMD_P1P2_ENSG00000102119,EMD
261_ALDOA_P1P2_ENSG00000149925,ALDOA
2620_EME1_P1P2_ENSG00000154920,EME1
2621_EME2_P1P2_ENSG00000197774,EME2
2622_EMG1_P1P2_ENSG00000126749,EMG1
2623_EMILIN2_P1P2_ENSG00000132205,EMILIN2
2624_EML2_P1_ENSG00000125746,EML2
2625_EML2_P2_ENSG00000125746,EML2
2626_EML3_P1P2_ENSG00000149499,EML3
2627_EML4_P1P2_ENSG00000143924,EML4
2628_EMP2_P1P2_ENSG00000213853,EMP2
2629_EMP3_P1P2_ENSG00000142227,EMP3
262_ALDOC_P1P2_ENSG00000109107,ALDOC
2630_EMX1_P2_ENSG00000135638,EMX1
2631_EMX1_P1_ENSG00000135638,EMX1
2632_EMX2_P1P2_ENSG00000170370,EMX2
2633_EN1_P1P2_ENSG00000163064,EN1
2634_EN2_P1P2_ENSG00000164778,EN2
2635_ENDOD1_P1P2_ENSG00000149218,ENDOD1
2636_ENDOG_P1P2_ENSG00000167136,ENDOG
2637_ENDOV_P1P2_ENSG00000173818,ENDOV
2638_ENGASE_P1P2_ENSG00000167280,ENGASE
2639_ENKD1_P1P2_ENSG00000124074,ENKD1
263_ALG11_P1P2_ENSG00000253710,ALG11
2640_ENO1_P1P2_ENSG00000074800,ENO1
2641_ENO2_P1P2_ENSG00000111674,ENO2
2642_ENO3_P2_ENSG00000108515,ENO3
2643_ENO3_P1_ENSG00000108515,ENO3
2644_ENOPH1_P1P2_ENSG00000145293,ENOPH1
2645_ENOSF1_P1P2_ENSG00000132199,ENOSF1
2646_ENOX2_P1P2_ENSG00000165675,ENOX2
2647_ENPP3_P2_ENSG00000154269,ENPP3
2648_ENPP3_P1_ENSG00000154269,ENPP3
2649_ENSA_P1P2_ENSG00000143420,ENSA
264_ALG12_P1P2_ENSG00000182858,ALG12
2650_TEPSIN_P1P2_ENSG00000167302,TEPSIN
2651_ENTPD4_P1P2_ENSG00000197217,ENTPD4
2652_ENTPD6_P1P2_ENSG00000197586,ENTPD6
2653_ENTPD7_P1P2_ENSG00000198018,ENTPD7
2654_ENY2_P1P2_ENSG00000120533,ENY2
2655_EOGT_P1P2_ENSG00000163378,EOGT
2656_EOMES_P1P2_ENSG00000163508,EOMES
2657_EP300_P1P2_ENSG00000100393,EP300
2658_EP400_P1P2_ENSG00000183495,EP400
2659_EPAS1_P1P2_ENSG00000116016,EPAS1
265_ALG13_P1P2_ENSG00000101901,ALG13
2660_EPB41L2_P1P2_ENSG00000079819,EPB41L2
2661_EPB41L5_P1P2_ENSG00000115109,EPB41L5
2662_EPB41_P1_ENSG00000159023,EPB41
2663_EPB41_P2_ENSG00000159023,EPB41
2664_EPC1_P1P2_ENSG00000120616,EPC1
2665_EPC2_P1P2_ENSG00000135999,EPC2
2666_EPCAM_P1P2_ENSG00000119888,EPCAM
2667_EPHB4_P1P2_ENSG00000196411,EPHB4
2668_EPHB6_P1P2_ENSG00000106123,EPHB6
2669_EPHX1_P1P2_ENSG00000143819,EPHX1
266_ALG14_P1P2_ENSG00000172339,ALG14
2670_EPHX2_P1P2_ENSG00000120915,EPHX2
2671_EPM2AIP1_P1P2_ENSG00000178567,EPM2AIP1
2672_EPN1_P1P2_ENSG00000063245,EPN1
2673_EPN2_P1_ENSG00000072134,EPN2
2674_EPN2_P2_ENSG00000072134,EPN2
2675_EPOR_P1_ENSG00000187266,EPOR
2676_EPOR_P2_ENSG00000187266,EPOR
2677_EPPK1_P1P2_ENSG00000261150,EPPK1
2678_EPRS_P1P2_ENSG00000136628,EPRS
2679_EPS15L1_P1P2_ENSG00000127527,EPS15L1
267_ALG1L_ENST00000340333.3_ENSG00000189366,ALG1L
2680_EPS15_P1P2_ENSG00000085832,EPS15
2683_EPS8L1_P1_ENSG00000131037,EPS8L1
2685_EPS8L1_P2_ENSG00000131037,EPS8L1
2687_EPS8L2_P1P2_ENSG00000177106,EPS8L2
2688_SELENOI_P1P2_ENSG00000138018,SELENOI
2689_ERAL1_P1P2_ENSG00000132591,ERAL1
268_ALG1_P1P2_ENSG00000033011,ALG1
2690_ERAP1_P1P2_ENSG00000164307,ERAP1
2691_ERBIN_P1P2_ENSG00000112851,ERBIN
2692_ERC1_P1P2_ENSG00000082805,ERC1
2693_ERCC1_P1P2_ENSG00000012061,ERCC1
2694_ERCC2_P1P2_ENSG00000104884,ERCC2
2695_ERCC3_P1P2_ENSG00000163161,ERCC3
2696_ERCC4_P1_ENSG00000175595,ERCC4
2697_ERCC4_P2_ENSG00000175595,ERCC4
2698_ERCC5_P1P2_ENSG00000134899,ERCC5
2699_ERCC6L2_P1P2_ENSG00000182150,ERCC6L2
269_ALG2_P1P2_ENSG00000119523,ALG2
26_ABCC10_P1P2_ENSG00000124574,ABCC10
2700_ERCC8_P1P2_ENSG00000049167,ERCC8
2701_ERF_P1P2_ENSG00000105722,ERF
2702_ERGIC1_P1P2_ENSG00000113719,ERGIC1
2703_ERGIC2_P1P2_ENSG00000087502,ERGIC2
2704_ERGIC3_P1P2_ENSG00000125991,ERGIC3
2705_ERG_P1_ENSG00000157554,ERG
2706_ERG_P2_ENSG00000157554,ERG
2707_ERH_P1P2_ENSG00000100632,ERH
2708_ERI1_P1P2_ENSG00000104626,ERI1
2709_ERI2_P1P2_ENSG00000196678,ERI2
270_ALG3_P1P2_ENSG00000214160,ALG3
2710_ERI3_P1P2_ENSG00000117419,ERI3
2711_ERICH1_P1P2_ENSG00000104714,ERICH1
2712_ERLEC1_P1P2_ENSG00000068912,ERLEC1
2713_ERLIN1_P1P2_ENSG00000107566,ERLIN1
2714_ERLIN2_P1P2_ENSG00000147475,ERLIN2
2715_ERMAP_P2_ENSG00000164010,ERMAP
2716_ERMAP_P1_ENSG00000164010,ERMAP
2717_ERMARD_P1P2_ENSG00000130023,ERMARD
2718_ERMP1_P1P2_ENSG00000099219,ERMP1
2719_ERN1_P1P2_ENSG00000178607,ERN1
271_ALG5_P1P2_ENSG00000120697,ALG5
2720_ERP29_P1P2_ENSG00000089248,ERP29
2721_ERP44_P1P2_ENSG00000023318,ERP44
2722_ERV3-1_P1P2_ENSG00000213462,ERV3-1
2723_ERVW-1_ENST00000493463.2_ENSG00000242950,ERVW-1
2724_ERVW-1_ENST00000603053.1_ENSG00000242950,ERVW-1
2725_ESAM_P1_ENSG00000149564,ESAM
2726_ESAM_P2_ENSG00000149564,ESAM
2727_ESCO1_P1P2_ENSG00000141446,ESCO1
2728_ESCO2_P1P2_ENSG00000171320,ESCO2
2729_ESD_P1P2_ENSG00000139684,ESD
272_ALG6_P1P2_ENSG00000088035,ALG6
2730_ESF1_P2_ENSG00000089048,ESF1
2731_ESF1_P1_ENSG00000089048,ESF1
2732_ESPL1_P1P2_ENSG00000135476,ESPL1
2733_ESPN_P1_ENSG00000187017,ESPN
2734_ESPN_P2_ENSG00000187017,ESPN
2735_ESR1_P1_ENSG00000091831,ESR1
2736_ESR1_P2_ENSG00000091831,ESR1
2737_ESR2_P1P2_ENSG00000140009,ESR2
2738_ESRRA_P1P2_ENSG00000173153,ESRRA
2739_ESRRB_ENST00000556177.1_ENSG00000119715,ESRRB
273_ALG8_P1P2_ENSG00000159063,ALG8
2740_ESRRG_ENST00000360012.3_ENSG00000196482,ESRRG
"2741_ESRRG_ENST00000366940.2,ENST00000493603.1_ENSG00000196482",ESRRG
"2742_ESRRG_ENST00000361395.2,ENST00000366938.2,ENST00000487276.1_ENSG00000196482",ESRRG
2743_ESRRG_ENST00000493748.1_ENSG00000196482,ESRRG
"2744_ESRRG_ENST00000359162.2,ENST00000361525.3_ENSG00000196482",ESRRG
2745_ESX1_P1P2_ENSG00000123576,ESX1
2746_ESYT1_P2_ENSG00000139641,ESYT1
2747_ESYT1_P1_ENSG00000139641,ESYT1
2748_ESYT2_P1P2_ENSG00000117868,ESYT2
2749_ETAA1_P1P2_ENSG00000143971,ETAA1
274_ALG9_P1P2_ENSG00000086848,ALG9
2750_ETF1_P1P2_ENSG00000120705,ETF1
2751_ETFA_P1P2_ENSG00000140374,ETFA
2752_ETFB_P2_ENSG00000105379,ETFB
2753_ETFB_P1_ENSG00000105379,ETFB
2754_ETFDH_P1P2_ENSG00000171503,ETFDH
2755_ETHE1_P1P2_ENSG00000105755,ETHE1
2756_ETNK1_P1P2_ENSG00000139163,ETNK1
2757_ETNK2_P1P2_ENSG00000143845,ETNK2
2758_ETS1_P1P2_ENSG00000134954,ETS1
2759_ETS2_P1P2_ENSG00000157557,ETS2
275_ALKBH2_P1P2_ENSG00000189046,ALKBH2
2760_ETV1_P1P2_ENSG00000006468,ETV1
2761_ETV2_P1P2_ENSG00000105672,ETV2
2762_ETV3L_P1P2_ENSG00000253831,ETV3L
2763_ETV3_P1P2_ENSG00000117036,ETV3
2764_ETV4_P1P2_ENSG00000175832,ETV4
2765_ETV5_P1P2_ENSG00000244405,ETV5
2766_ETV6_P1P2_ENSG00000139083,ETV6
2767_ETV7_P1P2_ENSG00000010030,ETV7
2768_EVA1B_P1P2_ENSG00000142694,EVA1B
2769_EVI5_P1P2_ENSG00000067208,EVI5
276_ALKBH3_P1P2_ENSG00000166199,ALKBH3
2770_EVL_P2_ENSG00000196405,EVL
2771_EVL_P1_ENSG00000196405,EVL
2772_EVX1_P1P2_ENSG00000106038,EVX1
2773_EVX2_P1P2_ENSG00000174279,EVX2
2774_EWSR1_P1P2_ENSG00000182944,EWSR1
2775_EXD3_P1P2_ENSG00000187609,EXD3
2776_EXO1_P1P2_ENSG00000174371,EXO1
2777_EXO5_P1P2_ENSG00000164002,EXO5
2778_EXOC1_P1P2_ENSG00000090989,EXOC1
2779_EXOC2_P1P2_ENSG00000112685,EXOC2
277_ALKBH4_P1P2_ENSG00000160993,ALKBH4
2780_EXOC3_P1P2_ENSG00000180104,EXOC3
2781_EXOC4_P1P2_ENSG00000131558,EXOC4
2782_EXOC5_P1P2_ENSG00000070367,EXOC5
2783_EXOC6_P1P2_ENSG00000138190,EXOC6
2784_EXOC7_P1P2_ENSG00000182473,EXOC7
2785_EXOC8_P1P2_ENSG00000116903,EXOC8
2786_EXOG_P1P2_ENSG00000157036,EXOG
2787_EXOSC10_P1P2_ENSG00000171824,EXOSC10
2788_EXOSC1_P1P2_ENSG00000171311,EXOSC1
2789_EXOSC2_P1P2_ENSG00000130713,EXOSC2
278_ALKBH5_P1P2_ENSG00000091542,ALKBH5
2790_EXOSC3_P1P2_ENSG00000107371,EXOSC3
2791_EXOSC4_P1P2_ENSG00000178896,EXOSC4
2792_EXOSC5_P1P2_ENSG00000077348,EXOSC5
2793_EXOSC6_P1P2_ENSG00000223496,EXOSC6
2794_EXOSC7_P1P2_ENSG00000075914,EXOSC7
2795_EXOSC8_P1P2_ENSG00000120699,EXOSC8
2796_EXOSC9_P1P2_ENSG00000123737,EXOSC9
2797_EXPH5_P1P2_ENSG00000110723,EXPH5
2798_EXT2_P1P2_ENSG00000151348,EXT2
2799_EXTL2_P1P2_ENSG00000162694,EXTL2
279_ALKBH6_P1P2_ENSG00000239382,ALKBH6
27_ABCC1_P1P2_ENSG00000103222,ABCC1
2800_EXTL3_P1P2_ENSG00000012232,EXTL3
2801_EYA3_P1P2_ENSG00000158161,EYA3
2802_EZH1_P1P2_ENSG00000108799,EZH1
2803_EZH2_P1P2_ENSG00000106462,EZH2
2804_EZR_P2_ENSG00000092820,EZR
2805_EZR_P1_ENSG00000092820,EZR
2806_F11R_P1_ENSG00000158769,F11R
2807_F11R_P2_ENSG00000158769,F11R
2808_F12_P1_ENSG00000131187,F12
2809_F12_P2_ENSG00000131187,F12
280_ALKBH7_P1P2_ENSG00000125652,ALKBH7
2810_F2RL3_P1P2_ENSG00000127533,F2RL3
2811_F2R_P1P2_ENSG00000181104,F2R
2812_F8A1_P1P2_ENSG00000277203,F8A1
2813_FABP5_P1P2_ENSG00000164687,FABP5
2814_FADD_P1P2_ENSG00000168040,FADD
2815_FADS1_P1P2_ENSG00000149485,FADS1
2816_FADS2_P2_ENSG00000134824,FADS2
2817_FADS2_P1_ENSG00000134824,FADS2
2818_FADS3_P1P2_ENSG00000221968,FADS3
2819_FAF1_P1P2_ENSG00000185104,FAF1
281_ALKBH8_P1P2_ENSG00000137760,ALKBH8
2820_FAF2_P1P2_ENSG00000113194,FAF2
2821_FAHD1_P1P2_ENSG00000180185,FAHD1
2822_FAHD2A_P1P2_ENSG00000115042,FAHD2A
2823_FAHD2B_P1P2_ENSG00000144199,FAHD2B
2824_FAH_P1P2_ENSG00000103876,FAH
2825_FAIM_P1P2_ENSG00000158234,FAIM
2826_RFLNB_P1P2_ENSG00000183688,RFLNB
2827_FAM102B_P1P2_ENSG00000162636,FAM102B
2828_RAMAC_P1P2_ENSG00000169612,RAMAC
2829_FAM104A_P1P2_ENSG00000133193,FAM104A
282_ALMS1_P1P2_ENSG00000116127,ALMS1
2830_FAM104B_P1P2_ENSG00000182518,FAM104B
2831_FAM110A_P1P2_ENSG00000125898,FAM110A
2832_FAM111A_P2_ENSG00000166801,FAM111A
2833_FAM111A_P1_ENSG00000166801,FAM111A
2834_FAM114A2_P1P2_ENSG00000055147,FAM114A2
2835_FAM117A_P1_ENSG00000121104,FAM117A
2836_FAM117A_P2_ENSG00000121104,FAM117A
2837_FAM117B_P1P2_ENSG00000138439,FAM117B
2838_FAM118A_P1P2_ENSG00000100376,FAM118A
2839_FAM118B_P1P2_ENSG00000197798,FAM118B
283_ALS2_P1P2_ENSG00000003393,ALS2
2840_FAM120AOS_P1P2_ENSG00000188938,FAM120AOS
2841_FAM120A_P1P2_ENSG00000048828,FAM120A
2842_FAM120B_P1P2_ENSG00000112584,FAM120B
2843_FAM120C_P1P2_ENSG00000184083,FAM120C
2844_FAM122A_P1P2_ENSG00000187866,FAM122A
2845_FAM122B_P1P2_ENSG00000156504,FAM122B
2846_FAM124B_P1P2_ENSG00000124019,FAM124B
2847_FAM126A_P1P2_ENSG00000122591,FAM126A
2848_FAM126B_P1P2_ENSG00000155744,FAM126B
2849_RTL8C_P1P2_ENSG00000134590,RTL8C
284_ALX1_P1P2_ENSG00000180318,ALX1
2850_RTL8A_P1P2_ENSG00000203950,RTL8A
2851_FAM131A_P1P2_ENSG00000175182,FAM131A
2852_FAM133B_P1P2_ENSG00000234545,FAM133B
2853_RETREG2_P1P2_ENSG00000144567,RETREG2
2854_RETREG3_P1P2_ENSG00000141699,RETREG3
2855_FAM135A_P1P2_ENSG00000082269,FAM135A
2858_FAM136A_P1P2_ENSG00000035141,FAM136A
2859_FAM13A_ENST00000264344.5_ENSG00000138640,FAM13A
285_ALX3_P1P2_ENSG00000156150,ALX3
2860_FAM13B_P1P2_ENSG00000031003,FAM13B
2861_FAM156A_P1P2_ENSG00000268350,FAM156A
2862_FAM156B_ENST00000509613.1_ENSG00000179304,FAM156B
2863_FAM156B_ENST00000452154.2_ENSG00000179304,FAM156B
"2864_FAM156B_ENST00000412319.1,ENST00000452021.2_ENSG00000179304",FAM156B
2866_FAM156B_ENST00000416841.2_ENSG00000179304,FAM156B
2867_FAM160A2_P1P2_ENSG00000051009,FAM160A2
2868_FAM160B2_P1P2_ENSG00000158863,FAM160B2
2869_FAM161A_P1P2_ENSG00000170264,FAM161A
286_ALX4_P1P2_ENSG00000052850,ALX4
2870_FAM162A_P1P2_ENSG00000114023,FAM162A
2871_FAM168B_P1P2_ENSG00000152102,FAM168B
2872_FAM170A_P1P2_ENSG00000164334,FAM170A
2873_FAM171A1_P1P2_ENSG00000148468,FAM171A1
2874_FAM171A2_P1P2_ENSG00000161682,FAM171A2
2875_ANTKMT_P1P2_ENSG00000103254,ANTKMT
2876_ATPSCKMT_P1P2_ENSG00000150756,ATPSCKMT
2877_FAM174A_P1P2_ENSG00000174132,FAM174A
2878_ABRAXAS1_P1P2_ENSG00000163322,ABRAXAS1
2879_ABRAXAS2_P1P2_ENSG00000165660,ABRAXAS2
287_ALYREF_P1P2_ENSG00000183684,ALYREF
2880_FAM177A1_P1P2_ENSG00000151327,FAM177A1
2881_FAM178B_P1P2_ENSG00000168754,FAM178B
2882_TOGARAM1_P1P2_ENSG00000198718,TOGARAM1
2883_FAM184A_P1P2_ENSG00000111879,FAM184A
2884_FAM185A_P1P2_ENSG00000222011,FAM185A
2885_MINDY3_P1P2_ENSG00000148481,MINDY3
2886_FAM189B_P1P2_ENSG00000160767,FAM189B
2887_FAM192A_P1P2_ENSG00000172775,FAM192A
"2888_FAM193A_ENST00000324666.5,ENST00000382839.3,ENST00000502458.1,ENST00000545951.1_ENSG00000125386",FAM193A
2889_FAM193B_P1P2_ENSG00000146067,FAM193B
288_AMBRA1_P1P2_ENSG00000110497,AMBRA1
2890_MCRIP2_P1P2_ENSG00000172366,MCRIP2
2891_MCRIP1_P1P2_ENSG00000225663,MCRIP1
2892_FAM199X_P1P2_ENSG00000123575,FAM199X
2893_TAFA2_P2_ENSG00000198673,TAFA2
2894_TAFA2_P1_ENSG00000198673,TAFA2
2895_FAM200B_P1P2_ENSG00000237765,FAM200B
2896_FAM204A_P1P2_ENSG00000165669,FAM204A
2897_ABITRAM_P1P2_ENSG00000119328,ABITRAM
2898_FAM207A_P1P2_ENSG00000160256,FAM207A
2899_TASOR_P1P2_ENSG00000163946,TASOR
289_AMD1_P1P2_ENSG00000123505,AMD1
28_ABCC4_P1P2_ENSG00000125257,ABCC4
2900_TASOR2_P1P2_ENSG00000108021,TASOR2
2901_FAM20B_P1P2_ENSG00000116199,FAM20B
2902_FAM210A_P1P2_ENSG00000177150,FAM210A
2903_FAM210B_P1P2_ENSG00000124098,FAM210B
2904_INKA2_P1P2_ENSG00000197852,INKA2
2905_PRXL2A_P1_ENSG00000122378,PRXL2A
2906_PRXL2A_P2_ENSG00000122378,PRXL2A
2907_FAM216A_P1P2_ENSG00000204856,FAM216A
2908_FAM217B_P1_ENSG00000196227,FAM217B
2909_FAM217B_P2_ENSG00000196227,FAM217B
290_AMDHD2_P1P2_ENSG00000162066,AMDHD2
2910_FAM219B_P1P2_ENSG00000178761,FAM219B
2911_WASHC2A_P1P2_ENSG00000099290,WASHC2A
2912_WASHC2C_P1P2_ENSG00000172661,WASHC2C
2913_FAM222B_P1_ENSG00000173065,FAM222B
2914_FAM222B_P2_ENSG00000173065,FAM222B
2915_FAM229A_P1P2_ENSG00000225828,FAM229A
2916_FAM229B_P1P2_ENSG00000203778,FAM229B
2917_FAM24B_P1P2_ENSG00000213185,FAM24B
2918_FAM32A_P1P2_ENSG00000105058,FAM32A
2919_SHLD2_P1P2_ENSG00000122376,SHLD2
291_AMFR_P1P2_ENSG00000159461,AMFR
2920_FAM3A_P1P2_ENSG00000071889,FAM3A
2921_FAM3C_P1P2_ENSG00000196937,FAM3C
2922_DENND10_P1P2_ENSG00000119979,DENND10
2923_FAM49B_P2_ENSG00000153310,FAM49B
2924_FAM49B_P1_ENSG00000153310,FAM49B
2925_FAM50A_P1P2_ENSG00000071859,FAM50A
2926_FAM53B_P1P2_ENSG00000189319,FAM53B
2927_FAM53C_P1P2_ENSG00000120709,FAM53C
2928_TLCD3A_P1P2_ENSG00000167695,TLCD3A
2929_CCNQ_P1P2_ENSG00000262919,CCNQ
292_AMHR2_P1P2_ENSG00000135409,AMHR2
2930_SINHCAF_P1P2_ENSG00000139146,SINHCAF
2931_MINDY2_P1P2_ENSG00000128923,MINDY2
2932_RIPOR1_P1_ENSG00000039523,RIPOR1
2933_RIPOR1_P2_ENSG00000039523,RIPOR1
2934_RIPOR3_P1P2_ENSG00000042062,RIPOR3
2935_DIPK1B_P1P2_ENSG00000165716,DIPK1B
2937_FAM72B_ENST00000369390.3_ENSG00000188610,FAM72B
2938_FAM72C_ENST00000369175.3_ENSG00000263513,FAM72C
2939_FAM72D_ENST00000400889.1_ENSG00000215784,FAM72D
293_AMH_P1P2_ENSG00000104899,AMH
2940_MIGA2_P1P2_ENSG00000148343,MIGA2
2941_FAM76A_P1P2_ENSG00000009780,FAM76A
2942_FAM76B_P1P2_ENSG00000077458,FAM76B
2943_FAM78A_P1P2_ENSG00000126882,FAM78A
2944_FAM83A_P1P2_ENSG00000147689,FAM83A
2945_FAM83D_P1P2_ENSG00000101447,FAM83D
2946_FAM83G_P1P2_ENSG00000188522,FAM83G
2947_FAM83H_P1P2_ENSG00000180921,FAM83H
2948_FAM86C1_P1P2_ENSG00000158483,FAM86C1
2949_FAM89A_P1P2_ENSG00000182118,FAM89A
294_AMMECR1_P1P2_ENSG00000101935,AMMECR1
2950_FAM89B_P1P2_ENSG00000176973,FAM89B
2951_FAM8A1_P1P2_ENSG00000137414,FAM8A1
2952_FAM91A1_P1P2_ENSG00000176853,FAM91A1
2953_FAM92A_P1P2_ENSG00000188343,FAM92A
2954_CIAO2A_P1P2_ENSG00000166797,CIAO2A
2955_CIAO2B_P1P2_ENSG00000166595,CIAO2B
2956_FAM98A_P1P2_ENSG00000119812,FAM98A
2957_FAM98B_P1P2_ENSG00000171262,FAM98B
2958_FAM98C_P1P2_ENSG00000130244,FAM98C
2959_FAN1_P1P2_ENSG00000198690,FAN1
295_AMN1_P1P2_ENSG00000151743,AMN1
2960_FANCA_P1P2_ENSG00000187741,FANCA
2961_FANCB_P1P2_ENSG00000181544,FANCB
2962_FANCD2_P1P2_ENSG00000144554,FANCD2
2963_FANCE_P1P2_ENSG00000112039,FANCE
2964_FANCF_P1P2_ENSG00000183161,FANCF
2965_FANCG_P1P2_ENSG00000221829,FANCG
2966_FANCI_P1P2_ENSG00000140525,FANCI
2967_FANCL_P1P2_ENSG00000115392,FANCL
2968_FANCM_P1P2_ENSG00000187790,FANCM
2969_FAR1_P1P2_ENSG00000197601,FAR1
296_AMOTL1_P1P2_ENSG00000166025,AMOTL1
2970_FAR2_P1P2_ENSG00000064763,FAR2
2971_FARP2_P1P2_ENSG00000006607,FARP2
2972_FARS2_P1P2_ENSG00000145982,FARS2
2973_FARSA_P1P2_ENSG00000179115,FARSA
2974_FARSB_P1P2_ENSG00000116120,FARSB
2975_FASN_P1P2_ENSG00000169710,FASN
2976_FASTKD1_P1P2_ENSG00000138399,FASTKD1
2977_FASTKD2_P1P2_ENSG00000118246,FASTKD2
2978_FASTKD3_P1P2_ENSG00000124279,FASTKD3
2979_FASTKD5_P1P2_ENSG00000215251,FASTKD5
297_AMPD2_P2_ENSG00000116337,AMPD2
2980_FASTK_P1P2_ENSG00000164896,FASTK
2981_FAT1_P2_ENSG00000083857,FAT1
2982_FAT1_P1_ENSG00000083857,FAT1
2983_FAU_P1P2_ENSG00000149806,FAU
2984_FAXDC2_P1_ENSG00000170271,FAXDC2
2985_FAXDC2_P2_ENSG00000170271,FAXDC2
2986_FBF1_P1P2_ENSG00000188878,FBF1
2987_FBLIM1_P1P2_ENSG00000162458,FBLIM1
2988_FBL_P1P2_ENSG00000105202,FBL
2989_FBRSL1_P1P2_ENSG00000112787,FBRSL1
298_AMPD2_P1_ENSG00000116337,AMPD2
2990_FBRS_P1P2_ENSG00000156860,FBRS
2991_FBXL12_P1P2_ENSG00000127452,FBXL12
2992_FBXL13_P1P2_ENSG00000161040,FBXL13
2993_FBXL14_P1P2_ENSG00000171823,FBXL14
2994_FBXL15_P1P2_ENSG00000107872,FBXL15
2995_FBXL19_P1P2_ENSG00000099364,FBXL19
2996_FBXL20_P1P2_ENSG00000108306,FBXL20
2997_FBXL3_P1P2_ENSG00000005812,FBXL3
2998_FBXL4_P1P2_ENSG00000112234,FBXL4
2999_FBXL5_P1_ENSG00000118564,FBXL5
299_AMPD3_P1P2_ENSG00000133805,AMPD3
29_ABCC5_P1P2_ENSG00000114770,ABCC5
2_AAAS_P1P2_ENSG00000094914,AAAS
3000_FBXL5_P2_ENSG00000118564,FBXL5
3002_FBXL8_P1P2_ENSG00000135722,FBXL8
3003_FBXO11_P1P2_ENSG00000138081,FBXO11
3004_FBXO17_P1_ENSG00000269190,FBXO17
3005_FBXO17_P2_ENSG00000269190,FBXO17
3006_FBH1_P1P2_ENSG00000134452,FBH1
3007_FBXO21_P1P2_ENSG00000135108,FBXO21
3008_FBXO22_P1P2_ENSG00000167196,FBXO22
3009_FBXO25_P1P2_ENSG00000147364,FBXO25
300_AMZ2_P1P2_ENSG00000196704,AMZ2
3010_FBXO27_P1P2_ENSG00000161243,FBXO27
3011_FBXO28_P1P2_ENSG00000143756,FBXO28
3012_FBXO31_P1_ENSG00000103264,FBXO31
3013_FBXO31_P2_ENSG00000103264,FBXO31
3014_FBXO33_P1P2_ENSG00000165355,FBXO33
3015_FBXO34_P1P2_ENSG00000178974,FBXO34
3016_FBXO38_P1P2_ENSG00000145868,FBXO38
3017_FBXO3_P2_ENSG00000110429,FBXO3
3018_FBXO3_P1_ENSG00000110429,FBXO3
3019_FBXO41_P1P2_ENSG00000163013,FBXO41
301_ANAPC10_P1P2_ENSG00000164162,ANAPC10
3021_FBXO42_P1P2_ENSG00000037637,FBXO42
3023_FBXO44_P1P2_ENSG00000132879,FBXO44
3024_FBXO45_P1P2_ENSG00000174013,FBXO45
3025_FBXO46_P1P2_ENSG00000177051,FBXO46
3026_FBXO4_P1P2_ENSG00000151876,FBXO4
3027_FBXO5_P1P2_ENSG00000112029,FBXO5
3028_FBXO6_P1P2_ENSG00000116663,FBXO6
3029_FBXO7_P1P2_ENSG00000100225,FBXO7
302_ANAPC11_P1P2_ENSG00000141552,ANAPC11
3030_FBXO8_P2_ENSG00000164117,FBXO8
3031_FBXO8_P1_ENSG00000164117,FBXO8
3032_FBXO9_P1P2_ENSG00000112146,FBXO9
3033_FBXW11_P1P2_ENSG00000072803,FBXW11
3034_FBXW2_P1P2_ENSG00000119402,FBXW2
3035_FBXW4_P1P2_ENSG00000107829,FBXW4
3036_FBXW5_P1P2_ENSG00000159069,FBXW5
3037_FBXW7_ENST00000603841.1_ENSG00000109670,FBXW7
3038_FBXW7_ENST00000281708.4_ENSG00000109670,FBXW7
3039_FBXW7_ENST00000603548.1_ENSG00000109670,FBXW7
303_ANAPC13_P1P2_ENSG00000129055,ANAPC13
3040_FBXW9_P1P2_ENSG00000132004,FBXW9
3041_FCER1G_P1P2_ENSG00000158869,FCER1G
3042_FCF1_P1P2_ENSG00000119616,FCF1
3043_FCGR2A_P1P2_ENSG00000143226,FCGR2A
3044_FCGR2C_ENST00000543859.1_nan,FCGR2C
3045_FCGRT_P1P2_ENSG00000104870,FCGRT
3046_FCHO1_P1P2_ENSG00000130475,FCHO1
3047_FCHSD1_P1P2_ENSG00000197948,FCHSD1
3048_FDFT1_P1_ENSG00000079459,FDFT1
3049_FDFT1_P2_ENSG00000079459,FDFT1
304_ANAPC15_P1P2_ENSG00000110200,ANAPC15
3050_FDPS_P1P2_ENSG00000160752,FDPS
3051_FDX2_P1P2_ENSG00000267673,FDX2
3052_FDX1_P1P2_ENSG00000137714,FDX1
3053_FDXR_P1P2_ENSG00000161513,FDXR
3054_FECH_P1P2_ENSG00000066926,FECH
3055_FEM1A_P1P2_ENSG00000141965,FEM1A
3056_FEM1B_P1P2_ENSG00000169018,FEM1B
3057_FEN1_P1P2_ENSG00000168496,FEN1
3058_FERD3L_P1P2_ENSG00000146618,FERD3L
3059_FERMT2_P1P2_ENSG00000073712,FERMT2
305_ANAPC16_P1P2_ENSG00000166295,ANAPC16
3060_FERMT3_P2_ENSG00000149781,FERMT3
3061_FERMT3_P1_ENSG00000149781,FERMT3
3062_FES_P1P2_ENSG00000182511,FES
3063_FEV_P1P2_ENSG00000163497,FEV
3064_FEZ1_P1P2_ENSG00000149557,FEZ1
3065_FEZ2_P1P2_ENSG00000171055,FEZ2
3066_FEZF1_P1P2_ENSG00000128610,FEZF1
3067_FEZF2_P1P2_ENSG00000153266,FEZF2
3068_FGD6_P1P2_ENSG00000180263,FGD6
3069_FGF13_ENST00000315930.6_ENSG00000129682,FGF13
306_ANAPC1_P1P2_ENSG00000153107,ANAPC1
3070_FGF2_P1P2_ENSG00000138685,FGF2
3071_FGFR1OP2_P1P2_ENSG00000111790,FGFR1OP2
3072_FGFR1OP_P1P2_ENSG00000213066,FGFR1OP
3073_FGFR1_P1P2_ENSG00000077782,FGFR1
3074_FGFR3_P1P2_ENSG00000068078,FGFR3
3075_FGFR4_P1P2_ENSG00000160867,FGFR4
3076_FGFRL1_P1P2_ENSG00000127418,FGFRL1
3077_FGGY_P1P2_ENSG00000172456,FGGY
3078_FHIT_P1P2_ENSG00000189283,FHIT
3079_FHL2_P1P2_ENSG00000115641,FHL2
307_ANAPC2_P1P2_ENSG00000176248,ANAPC2
3080_FHL3_P1P2_ENSG00000183386,FHL3
3081_FHOD1_P1P2_ENSG00000135723,FHOD1
3082_FH_P1P2_ENSG00000091483,FH
3083_FIBP_P1P2_ENSG00000172500,FIBP
3084_FIGLA_P1P2_ENSG00000183733,FIGLA
3085_FIGNL1_P1P2_ENSG00000132436,FIGNL1
3086_FIP1L1_P1P2_ENSG00000145216,FIP1L1
3087_FIS1_P1_ENSG00000214253,FIS1
3088_FIS1_P2_ENSG00000214253,FIS1
3089_FIZ1_P1P2_ENSG00000179943,FIZ1
308_ANAPC4_P1P2_ENSG00000053900,ANAPC4
3090_FJX1_P1P2_ENSG00000179431,FJX1
3091_FKBP11_P1P2_ENSG00000134285,FKBP11
3092_FKBP14_P1P2_ENSG00000106080,FKBP14
3093_FKBP15_P1P2_ENSG00000119321,FKBP15
3094_FKBP1A_P1P2_ENSG00000088832,FKBP1A
3095_FKBP1B_P1P2_ENSG00000119782,FKBP1B
3096_FKBP2_P1P2_ENSG00000173486,FKBP2
3097_FKBP3_P1P2_ENSG00000100442,FKBP3
3098_FKBP4_P1P2_ENSG00000004478,FKBP4
3099_FKBP5_P1P2_ENSG00000096060,FKBP5
309_ANAPC5_P1P2_ENSG00000089053,ANAPC5
30_ABCD3_P1P2_ENSG00000117528,ABCD3
3100_FKBP7_P1P2_ENSG00000079150,FKBP7
3101_FKBP8_P1P2_ENSG00000105701,FKBP8
3102_FKBP9_P1P2_ENSG00000122642,FKBP9
3103_FKBPL_P1P2_ENSG00000204315,FKBPL
3104_FKRP_P1P2_ENSG00000181027,FKRP
3105_FLAD1_P1P2_ENSG00000160688,FLAD1
3106_FLCN_P1P2_ENSG00000154803,FLCN
3107_FLI1_P1P2_ENSG00000151702,FLI1
3108_FLII_P1P2_ENSG00000177731,FLII
3109_FLNA_P1P2_ENSG00000196924,FLNA
310_ANAPC7_P1P2_ENSG00000196510,ANAPC7
3110_FLNB_P1P2_ENSG00000136068,FLNB
3111_FLNC_P1P2_ENSG00000128591,FLNC
3112_FLOT1_P1P2_ENSG00000137312,FLOT1
3113_FLOT2_P1P2_ENSG00000132589,FLOT2
3114_FLVCR1_P1P2_ENSG00000162769,FLVCR1
3115_FLYWCH1_P1P2_ENSG00000059122,FLYWCH1
3116_FLYWCH2_P1P2_ENSG00000162076,FLYWCH2
3117_FMNL1_P1P2_ENSG00000184922,FMNL1
3118_FMNL3_P1P2_ENSG00000161791,FMNL3
3119_FMR1NB_P1P2_ENSG00000176988,FMR1NB
311_ANGEL2_P1P2_ENSG00000174606,ANGEL2
3120_FMR1_P1P2_ENSG00000102081,FMR1
3121_FN1_P1P2_ENSG00000115414,FN1
3122_FN3KRP_P1P2_ENSG00000141560,FN3KRP
3123_FNBP1_P1P2_ENSG00000187239,FNBP1
3124_FNBP4_P1P2_ENSG00000109920,FNBP4
3125_FNDC3A_ENST00000541916.1_ENSG00000102531,FNDC3A
3126_FNDC3A_ENST00000492622.2_ENSG00000102531,FNDC3A
3127_FNDC3B_P1P2_ENSG00000075420,FNDC3B
3128_FNDC4_P1P2_ENSG00000115226,FNDC4
3129_FNIP1_P1P2_ENSG00000217128,FNIP1
312_ANGPT1_P1P2_ENSG00000154188,ANGPT1
3130_FNIP2_P1P2_ENSG00000052795,FNIP2
3131_FNTA_P1P2_ENSG00000168522,FNTA
3133_FOLR3_P1_ENSG00000110203,FOLR3
3134_FOLR3_P2_ENSG00000110203,FOLR3
3135_FOPNL_P1P2_ENSG00000133393,FOPNL
3136_FOSB_P1_ENSG00000125740,FOSB
3137_FOSB_P2_ENSG00000125740,FOSB
3138_FOSL1_P1P2_ENSG00000175592,FOSL1
3139_FOSL2_P1P2_ENSG00000075426,FOSL2
313_ANHX_P1P2_ENSG00000227059,ANHX
3140_FOS_P1_ENSG00000170345,FOS
3141_FOS_P2_ENSG00000170345,FOS
3142_FOXA1_P1P2_ENSG00000129514,FOXA1
3143_FOXA2_P1P2_ENSG00000125798,FOXA2
3144_FOXA3_P1P2_ENSG00000170608,FOXA3
3145_FOXB1_P1P2_ENSG00000171956,FOXB1
3146_FOXB2_ENST00000376708.1_ENSG00000204612,FOXB2
3147_FOXC1_P1P2_ENSG00000054598,FOXC1
3148_FOXC2_P1P2_ENSG00000176692,FOXC2
3149_FOXD1_P1P2_ENSG00000251493,FOXD1
314_ANK1_P1P2_ENSG00000029534,ANK1
3150_FOXD2_P1P2_ENSG00000186564,FOXD2
3151_FOXD3_P1_ENSG00000187140,FOXD3
3152_FOXD3_P2_ENSG00000187140,FOXD3
3153_FOXD4L1_ENST00000306507.5_ENSG00000184492,FOXD4L1
3154_FOXD4_ENST00000382500.2_ENSG00000170122,FOXD4
3155_FOXE1_P1P2_ENSG00000178919,FOXE1
3156_FOXE3_P1P2_ENSG00000186790,FOXE3
3157_FOXF1_P1P2_ENSG00000103241,FOXF1
3158_FOXF2_P1P2_ENSG00000137273,FOXF2
3159_FOXG1_P1P2_ENSG00000176165,FOXG1
315_ANK3_P1P2_ENSG00000151150,ANK3
3160_FOXH1_P1P2_ENSG00000160973,FOXH1
3161_FOXI1_P1P2_ENSG00000168269,FOXI1
3162_FOXI2_P1P2_ENSG00000186766,FOXI2
3163_FOXI3_P1P2_ENSG00000214336,FOXI3
3164_FOXJ1_P1P2_ENSG00000129654,FOXJ1
3165_FOXJ2_P1P2_ENSG00000065970,FOXJ2
3166_FOXJ3_P1P2_ENSG00000198815,FOXJ3
3167_FOXK1_P1P2_ENSG00000164916,FOXK1
3168_FOXK2_P1P2_ENSG00000141568,FOXK2
3169_FOXL1_P1P2_ENSG00000176678,FOXL1
316_ANKFY1_P1P2_ENSG00000185722,ANKFY1
3170_FOXL2_P1P2_ENSG00000183770,FOXL2
3171_FOXM1_P1P2_ENSG00000111206,FOXM1
3172_FOXN1_P1P2_ENSG00000109101,FOXN1
3173_FOXN2_P1P2_ENSG00000170802,FOXN2
3174_FOXN3_P2_ENSG00000053254,FOXN3
3175_FOXN3_P1_ENSG00000053254,FOXN3
3176_FOXN4_P1P2_ENSG00000139445,FOXN4
3177_FOXO1_P1P2_ENSG00000150907,FOXO1
3178_FOXO3_P2_ENSG00000118689,FOXO3
3179_FOXO3_P1_ENSG00000118689,FOXO3
317_ANKHD1_P1P2_ENSG00000131503,ANKHD1
3180_FOXO4_P1P2_ENSG00000184481,FOXO4
3181_FOXO6_P1P2_ENSG00000204060,FOXO6
3182_FOXP1_ENST00000493089.1_ENSG00000114861,FOXP1
3183_FOXP1_ENST00000498215.1_ENSG00000114861,FOXP1
3184_FOXP1_ENST00000475937.1_ENSG00000114861,FOXP1
3185_FOXP1_ENST00000318789.4_ENSG00000114861,FOXP1
3186_FOXP2_ENST00000393494.2_ENSG00000128573,FOXP2
3187_FOXP2_ENST00000350908.4_ENSG00000128573,FOXP2
3188_FOXP3_P1P2_ENSG00000049768,FOXP3
3189_FOXP4_P1P2_ENSG00000137166,FOXP4
318_ANKIB1_P1P2_ENSG00000001629,ANKIB1
3190_FOXQ1_P1P2_ENSG00000164379,FOXQ1
3191_FOXR1_P1P2_ENSG00000176302,FOXR1
3192_FOXR2_ENST00000339140.3_ENSG00000189299,FOXR2
3193_FOXRED1_P1P2_ENSG00000110074,FOXRED1
3194_FOXRED2_P1P2_ENSG00000100350,FOXRED2
3195_FOXS1_P1P2_ENSG00000179772,FOXS1
3196_FPGS_P1P2_ENSG00000136877,FPGS
3197_FPGT_P1P2_ENSG00000254685,FPGT
3198_FRA10AC1_P1P2_ENSG00000148690,FRA10AC1
3199_FRAT2_P1P2_ENSG00000181274,FRAT2
319_ANKLE1_P1P2_ENSG00000160117,ANKLE1
31_ABCD4_P1P2_ENSG00000119688,ABCD4
3200_FRG1_P1P2_ENSG00000109536,FRG1
"3201_FRG2_ENST00000378763.1,ENST00000504750.1_ENSG00000205097",FRG2
3202_FRMD8_P1P2_ENSG00000126391,FRMD8
3203_FRRS1_P1P2_ENSG00000156869,FRRS1
3204_FRYL_P1P2_ENSG00000075539,FRYL
3205_FSCN1_P1_ENSG00000075618,FSCN1
3206_FSCN1_P2_ENSG00000075618,FSCN1
3207_FSTL3_P1_ENSG00000070404,FSTL3
3208_FSTL3_P2_ENSG00000070404,FSTL3
3209_FTH1_P1P2_ENSG00000167996,FTH1
320_ANKLE2_P1P2_ENSG00000176915,ANKLE2
3210_FTL_P1P2_ENSG00000087086,FTL
3211_FTO_P1P2_ENSG00000140718,FTO
3212_FTSJ1_P1P2_ENSG00000068438,FTSJ1
3213_MRM2_P1P2_ENSG00000122687,MRM2
3214_FTSJ3_P1P2_ENSG00000108592,FTSJ3
3215_FUBP1_P1P2_ENSG00000162613,FUBP1
3216_FUBP3_P1P2_ENSG00000107164,FUBP3
3217_FUCA1_P1P2_ENSG00000179163,FUCA1
3218_FUCA2_P1P2_ENSG00000001036,FUCA2
3219_FUNDC1_P1P2_ENSG00000069509,FUNDC1
321_ANKMY1_P1P2_ENSG00000144504,ANKMY1
3220_FUNDC2_P1P2_ENSG00000165775,FUNDC2
3221_FUOM_P1P2_ENSG00000148803,FUOM
3222_FURIN_P1_ENSG00000140564,FURIN
3223_FURIN_P2_ENSG00000140564,FURIN
3224_FUS_P1P2_ENSG00000089280,FUS
3225_FUT10_P1P2_ENSG00000172728,FUT10
3226_FUT11_P1P2_ENSG00000196968,FUT11
3227_FUT1_P1P2_ENSG00000174951,FUT1
3228_FUT8_P1P2_ENSG00000033170,FUT8
3229_FXN_P1P2_ENSG00000165060,FXN
322_ANKMY2_P1P2_ENSG00000106524,ANKMY2
3230_FXR1_P1P2_ENSG00000114416,FXR1
3231_FXR2_P1P2_ENSG00000129245,FXR2
3232_FXYD5_P1P2_ENSG00000089327,FXYD5
3233_FYN_P1P2_ENSG00000010810,FYN
3234_FYTTD1_P1P2_ENSG00000122068,FYTTD1
3235_FZD2_P1P2_ENSG00000180340,FZD2
3236_FZD3_P1P2_ENSG00000104290,FZD3
3237_FZD5_P1P2_ENSG00000163251,FZD5
3238_FZR1_P1P2_ENSG00000105325,FZR1
3239_G0S2_P1P2_ENSG00000123689,G0S2
323_ANKRA2_P1P2_ENSG00000164331,ANKRA2
3240_G2E3_P1P2_ENSG00000092140,G2E3
3241_G3BP1_P1P2_ENSG00000145907,G3BP1
3242_G3BP2_P1P2_ENSG00000138757,G3BP2
3243_G6PC3_P1P2_ENSG00000141349,G6PC3
3244_G6PD_P1P2_ENSG00000160211,G6PD
3245_GAA_P1P2_ENSG00000171298,GAA
3246_GAB2_P1P2_ENSG00000033327,GAB2
3247_GAB3_P1P2_ENSG00000160219,GAB3
3248_GABARAPL1_P1P2_ENSG00000139112,GABARAPL1
3249_GABARAPL2_P1P2_ENSG00000034713,GABARAPL2
324_ANKRD10_P1P2_ENSG00000088448,ANKRD10
3250_GABARAP_P1P2_ENSG00000170296,GABARAP
3251_GABBR1_P2_ENSG00000204681,GABBR1
3252_GABBR1_P1_ENSG00000204681,GABBR1
3253_GABPA_P1P2_ENSG00000154727,GABPA
3254_GABPB1_P1P2_ENSG00000104064,GABPB1
3255_GABRE_P1P2_ENSG00000102287,GABRE
3256_GABRG3_P1P2_ENSG00000182256,GABRG3
3257_GAD1_P1P2_ENSG00000128683,GAD1
3258_GADD45A_P1P2_ENSG00000116717,GADD45A
3259_GADD45GIP1_P1P2_ENSG00000179271,GADD45GIP1
325_ANKRD11_P1P2_ENSG00000167522,ANKRD11
3260_GAK_P1P2_ENSG00000178950,GAK
3261_GALC_P1P2_ENSG00000054983,GALC
3262_GALE_P1P2_ENSG00000117308,GALE
3263_GALK1_P1P2_ENSG00000108479,GALK1
3264_GALK2_P1_ENSG00000156958,GALK2
3265_GALK2_P2_ENSG00000156958,GALK2
3266_GALM_P1P2_ENSG00000143891,GALM
3267_GALNT10_P1P2_ENSG00000164574,GALNT10
3268_GALNT11_P1P2_ENSG00000178234,GALNT11
3269_GALNT12_P1P2_ENSG00000119514,GALNT12
326_ANKRD12_P1P2_ENSG00000101745,ANKRD12
3270_GALNT1_ENST00000269195.5_ENSG00000141429,GALNT1
3271_GALNT2_P1P2_ENSG00000143641,GALNT2
3272_GALNT5_P1P2_ENSG00000136542,GALNT5
3273_GALNT6_P1P2_ENSG00000139629,GALNT6
3274_GALNT7_P1P2_ENSG00000109586,GALNT7
3275_GALT_P1P2_ENSG00000213930,GALT
3276_GAL_P1P2_ENSG00000069482,GAL
3277_GAMT_P1P2_ENSG00000130005,GAMT
3278_GANAB_P1P2_ENSG00000089597,GANAB
3279_GANC_P1P2_ENSG00000214013,GANC
327_ANKRD13A_P1P2_ENSG00000076513,ANKRD13A
3280_GAN_P1P2_ENSG00000261609,GAN
3281_GAPDH_P1_ENSG00000111640,GAPDH
3282_GAPDH_P2_ENSG00000111640,GAPDH
3283_GAPVD1_P1P2_ENSG00000165219,GAPVD1
3284_GAR1_P1P2_ENSG00000109534,GAR1
3285_GARS_P1P2_ENSG00000106105,GARS
3286_GART_P1P2_ENSG00000159131,GART
3287_GAS2L1_P1P2_ENSG00000185340,GAS2L1
3288_GAS6_P1P2_ENSG00000183087,GAS6
3289_GAS8_P1_ENSG00000141013,GAS8
328_ANKRD13B_P1P2_ENSG00000198720,ANKRD13B
3290_GAS8_P2_ENSG00000141013,GAS8
3291_GATA1_P1P2_ENSG00000102145,GATA1
3292_GATA2_P2_ENSG00000179348,GATA2
3293_GATA2_P1_ENSG00000179348,GATA2
3294_GATA3_P1P2_ENSG00000107485,GATA3
3295_GATA4_P1P2_ENSG00000136574,GATA4
3296_GATA5_P1P2_ENSG00000130700,GATA5
3297_GATA6_P1P2_ENSG00000141448,GATA6
3298_GATAD1_P1P2_ENSG00000157259,GATAD1
3299_GATAD2A_P1_ENSG00000167491,GATAD2A
329_ANKRD13C_P1P2_ENSG00000118454,ANKRD13C
32_ABCE1_P1P2_ENSG00000164163,ABCE1
3300_GATAD2A_P2_ENSG00000167491,GATAD2A
3301_GATAD2B_P1P2_ENSG00000143614,GATAD2B
3302_GATC_P1P2_ENSG00000257218,GATC
3303_GBA2_P1P2_ENSG00000070610,GBA2
3304_NIPSNAP2_P1P2_ENSG00000146729,NIPSNAP2
3305_GBA_P1_ENSG00000177628,GBA
3306_GBA_P2_ENSG00000177628,GBA
3307_GBE1_P1P2_ENSG00000114480,GBE1
3308_GBF1_P1P2_ENSG00000107862,GBF1
3309_GBGT1_P1P2_ENSG00000148288,GBGT1
330_ANKRD13D_P1P2_ENSG00000172932,ANKRD13D
3310_GBX1_P2_ENSG00000164900,GBX1
3311_GBX1_P1_ENSG00000164900,GBX1
3312_GBX2_P1P2_ENSG00000168505,GBX2
3313_GCAT_P1P2_ENSG00000100116,GCAT
3314_GCC1_P1P2_ENSG00000179562,GCC1
3315_GCC2_P1P2_ENSG00000135968,GCC2
3316_GCDH_P1P2_ENSG00000105607,GCDH
3317_GCFC2_P1P2_ENSG00000005436,GCFC2
3318_GCHFR_P1P2_ENSG00000137880,GCHFR
3319_GCLC_P1P2_ENSG00000001084,GCLC
331_ANKRD16_P1P2_ENSG00000134461,ANKRD16
3320_GCLM_P1P2_ENSG00000023909,GCLM
3321_GCM1_P1P2_ENSG00000137270,GCM1
3322_GCM2_P1P2_ENSG00000124827,GCM2
3323_GCOM1_P1P2_ENSG00000137878,GCOM1
3324_GCSH_P1P2_ENSG00000140905,GCSH
3325_GDAP2_P1P2_ENSG00000196505,GDAP2
3326_GDA_P1P2_ENSG00000119125,GDA
3327_GDE1_P1P2_ENSG00000006007,GDE1
3328_GDF11_P1P2_ENSG00000135414,GDF11
3329_GDF15_P1P2_ENSG00000130513,GDF15
332_ANKRD17_P1P2_ENSG00000132466,ANKRD17
3330_GDI1_P1P2_ENSG00000203879,GDI1
3331_GDI2_P2_ENSG00000057608,GDI2
3332_GDI2_P1_ENSG00000057608,GDI2
3333_GDPD5_P1P2_ENSG00000158555,GDPD5
3334_GEMIN2_P1P2_ENSG00000092208,GEMIN2
3335_GEMIN4_P1P2_ENSG00000179409,GEMIN4
3336_GEMIN5_P1P2_ENSG00000082516,GEMIN5
3337_GEMIN6_P1P2_ENSG00000152147,GEMIN6
3338_GEMIN7_P1P2_ENSG00000142252,GEMIN7
3339_GEMIN8_P1P2_ENSG00000046647,GEMIN8
333_ANKRD26_P1P2_ENSG00000107890,ANKRD26
3340_GEN1_P1P2_ENSG00000178295,GEN1
3341_GET4_P1P2_ENSG00000239857,GET4
3342_GFER_P1P2_ENSG00000127554,GFER
3343_GFI1B_P1P2_ENSG00000165702,GFI1B
3344_GFI1_P2_ENSG00000162676,GFI1
3345_GFI1_P1_ENSG00000162676,GFI1
3346_GFM1_P1P2_ENSG00000168827,GFM1
3347_GFM2_P1P2_ENSG00000164347,GFM2
3348_GFOD1_P1P2_ENSG00000145990,GFOD1
3349_GFOD2_P1P2_ENSG00000141098,GFOD2
334_ANKRD27_P1P2_ENSG00000105186,ANKRD27
3350_GFPT1_P1P2_ENSG00000198380,GFPT1
3351_GGA1_P1P2_ENSG00000100083,GGA1
3352_GGA2_P1P2_ENSG00000103365,GGA2
3353_GGA3_P1P2_ENSG00000125447,GGA3
3354_GGCT_P1P2_ENSG00000006625,GGCT
3355_GGCX_P1P2_ENSG00000115486,GGCX
3356_GGH_P1P2_ENSG00000137563,GGH
3357_GGNBP2_P1P2_ENSG00000278311,GGNBP2
3358_GGPS1_P1P2_ENSG00000152904,GGPS1
3359_GGT1_P1_ENSG00000286070,GGT1
335_ANKRD28_P1P2_ENSG00000206560,ANKRD28
3360_GGT1_P2_ENSG00000286070,GGT1
3361_GHDC_P1P2_ENSG00000167925,GHDC
3362_GHITM_P1P2_ENSG00000165678,GHITM
3363_GID4_P1P2_ENSG00000141034,GID4
3364_GID8_P1P2_ENSG00000101193,GID8
3365_GIGYF1_P1_ENSG00000146830,GIGYF1
3366_GIGYF1_P2_ENSG00000146830,GIGYF1
3367_GIGYF2_P1P2_ENSG00000204120,GIGYF2
3368_GINM1_P1P2_ENSG00000055211,GINM1
3369_GINS1_P1P2_ENSG00000101003,GINS1
336_ANKRD33B_P1P2_ENSG00000164236,ANKRD33B
3370_GINS2_P1P2_ENSG00000131153,GINS2
3371_GINS3_P1P2_ENSG00000181938,GINS3
3372_GINS4_P1P2_ENSG00000147536,GINS4
3373_GIPC1_P1P2_ENSG00000123159,GIPC1
3374_GIPC3_P1P2_ENSG00000179855,GIPC3
3375_GIPR_P1P2_ENSG00000010310,GIPR
3376_GIT1_P1P2_ENSG00000108262,GIT1
3377_GIT2_P1P2_ENSG00000139436,GIT2
3378_GJA3_P1P2_ENSG00000121743,GJA3
3379_GJC1_P1P2_ENSG00000182963,GJC1
337_ANKRD36C_P1P2_ENSG00000174501,ANKRD36C
3380_GK5_P1P2_ENSG00000175066,GK5
3381_GKAP1_P1P2_ENSG00000165113,GKAP1
3382_GK_P1P2_ENSG00000198814,GK
3383_GLA_P1P2_ENSG00000102393,GLA
3384_GLB1L2_P1P2_ENSG00000149328,GLB1L2
3385_GLB1_P1P2_ENSG00000170266,GLB1
3386_GLCCI1_P1P2_ENSG00000106415,GLCCI1
3387_GLCE_P1P2_ENSG00000138604,GLCE
3388_GLE1_P1P2_ENSG00000119392,GLE1
3389_GLG1_P1P2_ENSG00000090863,GLG1
338_ANKRD36_P1P2_ENSG00000135976,ANKRD36
3390_GLI1_P1P2_ENSG00000111087,GLI1
3391_GLI2_ENST00000452319.1_ENSG00000074047,GLI2
3392_GLI2_ENST00000361492.4_ENSG00000074047,GLI2
3393_GLI3_P1P2_ENSG00000106571,GLI3
3394_GLI4_P1P2_ENSG00000250571,GLI4
3395_GLIS1_ENST00000312233.2_ENSG00000174332,GLIS1
3396_GLIS2_P1P2_ENSG00000126603,GLIS2
3397_GLIS3_P1P2_ENSG00000107249,GLIS3
3398_GLMN_P1P2_ENSG00000174842,GLMN
3399_GLO1_P1P2_ENSG00000124767,GLO1
339_ANKRD39_P1P2_ENSG00000213337,ANKRD39
33_ABCF1_P1_ENSG00000204574,ABCF1
3400_GLOD4_P1P2_ENSG00000167699,GLOD4
3401_GLOD5_P1P2_ENSG00000171433,GLOD5
3402_GLRX2_P1P2_ENSG00000023572,GLRX2
3403_GLRX3_P1P2_ENSG00000108010,GLRX3
3404_GLRX5_P1P2_ENSG00000182512,GLRX5
3405_GLRX_P1P2_ENSG00000173221,GLRX
3406_GLS_P1P2_ENSG00000115419,GLS
3407_GLT8D1_P1P2_ENSG00000016864,GLT8D1
3408_GLTP_P1P2_ENSG00000139433,GLTP
3409_NOP53_P1P2_ENSG00000105373,NOP53
340_ANKRD40_P1P2_ENSG00000154945,ANKRD40
3410_GLUD1_P1P2_ENSG00000148672,GLUD1
3411_GLUD2_P1P2_ENSG00000182890,GLUD2
3412_GLUL_P1P2_ENSG00000135821,GLUL
3413_GLYR1_P1P2_ENSG00000140632,GLYR1
3414_GM2A_P1P2_ENSG00000196743,GM2A
3415_GMCL1_P1P2_ENSG00000087338,GMCL1
3416_GMDS_P1P2_ENSG00000112699,GMDS
3417_GMEB1_P1P2_ENSG00000162419,GMEB1
3418_GMEB2_P1P2_ENSG00000101216,GMEB2
3419_GMFB_P1P2_ENSG00000197045,GMFB
341_ANKRD46_P1P2_ENSG00000186106,ANKRD46
3420_GMFG_P1P2_ENSG00000130755,GMFG
3421_GMIP_P1P2_ENSG00000089639,GMIP
3422_GMNN_P1P2_ENSG00000112312,GMNN
3423_GMPPA_P1P2_ENSG00000144591,GMPPA
3424_GMPPB_P1P2_ENSG00000173540,GMPPB
3425_GMPR2_P1P2_ENSG00000100938,GMPR2
3426_GMPR_P1P2_ENSG00000137198,GMPR
3427_GMPS_P1P2_ENSG00000163655,GMPS
3428_GNA11_P1P2_ENSG00000088256,GNA11
3429_GNA13_P1P2_ENSG00000120063,GNA13
342_ANKRD49_P1P2_ENSG00000168876,ANKRD49
3430_GNAI2_P1P2_ENSG00000114353,GNAI2
3431_GNAI3_P1P2_ENSG00000065135,GNAI3
3432_GNAQ_P1P2_ENSG00000156052,GNAQ
3433_GNAS_P1P2_ENSG00000087460,GNAS
3434_GNB1L_P1P2_ENSG00000185838,GNB1L
3435_GNB1_P1P2_ENSG00000078369,GNB1
3436_RACK1_P1P2_ENSG00000204628,RACK1
3437_GNB2_P1P2_ENSG00000172354,GNB2
3438_GNB4_P1P2_ENSG00000114450,GNB4
3439_GNE_P1P2_ENSG00000159921,GNE
343_ANKRD52_P1P2_ENSG00000139645,ANKRD52
3440_GNG10_P1P2_ENSG00000242616,GNG10
3441_GNG12_P1P2_ENSG00000172380,GNG12
3442_GNG5_P1P2_ENSG00000174021,GNG5
3443_GNG7_P1P2_ENSG00000176533,GNG7
3444_GNL1_P1P2_ENSG00000204590,GNL1
3445_GNL2_P1P2_ENSG00000134697,GNL2
3446_GNL3L_P1P2_ENSG00000130119,GNL3L
3447_GNL3_P1P2_ENSG00000163938,GNL3
3448_GNPAT_P1P2_ENSG00000116906,GNPAT
3449_GNPDA1_P1P2_ENSG00000113552,GNPDA1
344_ANKRD54_P1P2_ENSG00000100124,ANKRD54
3450_GNPDA2_P1P2_ENSG00000163281,GNPDA2
3451_GNPNAT1_P1P2_ENSG00000100522,GNPNAT1
3452_GNPTAB_P1P2_ENSG00000111670,GNPTAB
3453_GNPTG_P1P2_ENSG00000090581,GNPTG
3454_GNS_P1P2_ENSG00000135677,GNS
3455_GOLGA1_P1P2_ENSG00000136935,GOLGA1
3456_GOLGA2_P1P2_ENSG00000167110,GOLGA2
3457_GOLGA3_P1P2_ENSG00000090615,GOLGA3
3458_GOLGA4_P1P2_ENSG00000144674,GOLGA4
3459_GOLGA5_P1P2_ENSG00000066455,GOLGA5
345_ANKRD9_P1P2_ENSG00000156381,ANKRD9
3460_GOLGA6L1_ENST00000560659.2_ENSG00000273976,GOLGA6L1
3461_GOLGA7_P1P2_ENSG00000147533,GOLGA7
3462_GOLGA8A_ENST00000360553.3_ENSG00000175265,GOLGA8A
3463_GOLGA8A_ENST00000359187.4_ENSG00000175265,GOLGA8A
3464_GOLGA8A_ENST00000543376.1_ENSG00000175265,GOLGA8A
3465_GOLGA8B_P1P2_ENSG00000215252,GOLGA8B
3466_GOLGB1_P1P2_ENSG00000173230,GOLGB1
3467_GOLIM4_P1P2_ENSG00000173905,GOLIM4
3468_GOLM1_P1P2_ENSG00000135052,GOLM1
3469_GOLPH3L_P1P2_ENSG00000143457,GOLPH3L
346_ANKS1A_P1P2_ENSG00000064999,ANKS1A
3470_GOLPH3_P1P2_ENSG00000113384,GOLPH3
3471_GOLT1B_P1P2_ENSG00000111711,GOLT1B
3472_GON4L_P2_ENSG00000116580,GON4L
3473_GON4L_P1_ENSG00000116580,GON4L
3474_GOPC_P1P2_ENSG00000047932,GOPC
3475_GORAB_P1P2_ENSG00000120370,GORAB
3476_GORASP1_P1P2_ENSG00000114745,GORASP1
3477_GORASP2_P1P2_ENSG00000115806,GORASP2
3478_GOSR1_P1P2_ENSG00000108587,GOSR1
3479_GOSR2_P1P2_ENSG00000108433,GOSR2
347_ANKS3_P1P2_ENSG00000168096,ANKS3
3480_GOT1_P1P2_ENSG00000120053,GOT1
3481_GOT2_P1P2_ENSG00000125166,GOT2
3482_GP1BB_P1P2_ENSG00000203618,GP1BB
3483_GP6_P1P2_ENSG00000088053,GP6
3484_GPAA1_P1P2_ENSG00000197858,GPAA1
3485_GPALPP1_P1P2_ENSG00000133114,GPALPP1
3486_GPANK1_P1P2_ENSG00000204438,GPANK1
3487_GPATCH11_P1P2_ENSG00000152133,GPATCH11
3488_GPATCH1_P1P2_ENSG00000076650,GPATCH1
3489_GPATCH2L_P1P2_ENSG00000089916,GPATCH2L
348_ANKS6_P1P2_ENSG00000165138,ANKS6
3490_GPATCH2_P1P2_ENSG00000092978,GPATCH2
3491_GPATCH3_P1P2_ENSG00000198746,GPATCH3
3492_GPATCH4_P1P2_ENSG00000160818,GPATCH4
3493_GPATCH8_P1P2_ENSG00000186566,GPATCH8
3494_GPBP1L1_P1P2_ENSG00000159592,GPBP1L1
3495_GPBP1_P1P2_ENSG00000062194,GPBP1
3496_GPCPD1_P1P2_ENSG00000125772,GPCPD1
3497_GPD1L_P1P2_ENSG00000152642,GPD1L
3498_GPD2_P1P2_ENSG00000115159,GPD2
3499_GPHN_P1P2_ENSG00000171723,GPHN
349_ANKZF1_P1P2_ENSG00000163516,ANKZF1
34_ABCF1_P2_ENSG00000204574,ABCF1
3500_GPI_P1P2_ENSG00000105220,GPI
3501_GPKOW_P1P2_ENSG00000068394,GPKOW
3502_GPN1_P1P2_ENSG00000198522,GPN1
3503_GPN2_P1P2_ENSG00000142751,GPN2
3504_GPN3_P1P2_ENSG00000111231,GPN3
3505_GPR107_P1P2_ENSG00000148358,GPR107
3506_GPR108_P1P2_ENSG00000125734,GPR108
3507_GPR137_P1_ENSG00000173264,GPR137
3508_GPR137_P2_ENSG00000173264,GPR137
3509_GPR160_P1P2_ENSG00000173890,GPR160
350_ANLN_P1P2_ENSG00000011426,ANLN
3510_GPR180_P1P2_ENSG00000152749,GPR180
3511_GPR61_P1P2_ENSG00000156097,GPR61
3512_GPR68_P1P2_ENSG00000119714,GPR68
3513_GPR89A_ENST00000313835.9_ENSG00000117262,GPR89A
3514_GPR89B_P1P2_ENSG00000188092,GPR89B
3515_GPRC5C_P1P2_ENSG00000170412,GPRC5C
3516_GPRIN1_P1P2_ENSG00000169258,GPRIN1
3517_GPS1_P1P2_ENSG00000169727,GPS1
3518_GPS2_P1P2_ENSG00000132522,GPS2
3519_GPSM1_P1P2_ENSG00000160360,GPSM1
351_ANO10_P1P2_ENSG00000160746,ANO10
3520_GPSM2_P1P2_ENSG00000121957,GPSM2
3521_GPSM3_P1P2_ENSG00000213654,GPSM3
3522_GPT2_P1P2_ENSG00000166123,GPT2
3523_GPX4_P1P2_ENSG00000167468,GPX4
3524_GRAMD1A_P1P2_ENSG00000089351,GRAMD1A
3525_GRAMD4_ENST00000406902.1_ENSG00000075240,GRAMD4
3526_GRAMD4_ENST00000361034.3_ENSG00000075240,GRAMD4
3527_GRAP2_P1P2_ENSG00000100351,GRAP2
3528_GRB10_P2_ENSG00000106070,GRB10
3529_GRB10_P1_ENSG00000106070,GRB10
352_ANO6_P1P2_ENSG00000177119,ANO6
3530_GRB2_P2_ENSG00000177885,GRB2
3531_GRB2_P1_ENSG00000177885,GRB2
3532_GRHL1_P1P2_ENSG00000134317,GRHL1
3533_GRHL2_P1P2_ENSG00000083307,GRHL2
3534_GRHL3_P1P2_ENSG00000158055,GRHL3
3535_GRHPR_P1_ENSG00000137106,GRHPR
3536_GRHPR_P2_ENSG00000137106,GRHPR
3537_GRINA_P1P2_ENSG00000178719,GRINA
3538_GRIPAP1_P1P2_ENSG00000068400,GRIPAP1
3539_GRK6_P1P2_ENSG00000198055,GRK6
353_ANP32A_P1P2_ENSG00000140350,ANP32A
3540_GRN_P1P2_ENSG00000030582,GRN
3541_GRPEL1_P1P2_ENSG00000109519,GRPEL1
3542_GRPEL2_P1P2_ENSG00000164284,GRPEL2
3543_GRSF1_P1P2_ENSG00000132463,GRSF1
3544_GRTP1_P1P2_ENSG00000139835,GRTP1
3545_GRWD1_P1P2_ENSG00000105447,GRWD1
3546_GSC2_P1P2_ENSG00000063515,GSC2
3547_GSC_P1P2_ENSG00000133937,GSC
3548_GSDMA_P1P2_ENSG00000167914,GSDMA
3549_GSE1_P1P2_ENSG00000131149,GSE1
354_ANP32B_P1P2_ENSG00000136938,ANP32B
3550_GSK3A_P1P2_ENSG00000105723,GSK3A
3551_GSK3B_P1P2_ENSG00000082701,GSK3B
3552_GSKIP_P1P2_ENSG00000100744,GSKIP
3553_GSN_P1P2_ENSG00000148180,GSN
3554_GSPT1_P1P2_ENSG00000103342,GSPT1
3555_GSR_P1P2_ENSG00000104687,GSR
3556_GSS_P1P2_ENSG00000100983,GSS
3557_GSTCD_P1P2_ENSG00000138780,GSTCD
3558_GSTK1_P1P2_ENSG00000197448,GSTK1
3559_GSTM3_P1P2_ENSG00000134202,GSTM3
355_ANP32E_P1P2_ENSG00000143401,ANP32E
3560_GSTM4_P1P2_ENSG00000168765,GSTM4
3561_GSTO1_P1P2_ENSG00000148834,GSTO1
3562_GSTP1_P1P2_ENSG00000084207,GSTP1
3563_GSTZ1_P1P2_ENSG00000100577,GSTZ1
3564_GSX1_P1P2_ENSG00000169840,GSX1
3565_GSX2_P1P2_ENSG00000180613,GSX2
3566_GTF2A1_P1P2_ENSG00000165417,GTF2A1
3567_GTF2A2_P1P2_ENSG00000140307,GTF2A2
3568_GTF2B_P1P2_ENSG00000137947,GTF2B
3569_GTF2E1_P1P2_ENSG00000153767,GTF2E1
356_ANTXR2_P1P2_ENSG00000163297,ANTXR2
3570_GTF2E2_P1P2_ENSG00000197265,GTF2E2
3571_GTF2F1_P1P2_ENSG00000125651,GTF2F1
3572_GTF2F2_P1P2_ENSG00000188342,GTF2F2
3573_GTF2H1_P1P2_ENSG00000110768,GTF2H1
3574_GTF2H2C_P1P2_ENSG00000183474,GTF2H2C
"3575_GTF2H2_ENST00000274400.5,ENST00000330280.7_ENSG00000145736",GTF2H2
3576_GTF2H3_P1P2_ENSG00000111358,GTF2H3
3577_GTF2H4_P1P2_ENSG00000213780,GTF2H4
3578_GTF2H5_P1P2_ENSG00000272047,GTF2H5
3579_GTF2IRD1_P1P2_ENSG00000006704,GTF2IRD1
357_ANXA11_P1P2_ENSG00000122359,ANXA11
3580_GTF2IRD2B_P1P2_ENSG00000174428,GTF2IRD2B
3581_GTF2IRD2_ENST00000405086.2_ENSG00000196275,GTF2IRD2
3582_GTF2I_P1P2_ENSG00000263001,GTF2I
3583_GTF3A_P1P2_ENSG00000122034,GTF3A
3584_GTF3C1_P1P2_ENSG00000077235,GTF3C1
3585_GTF3C2_P1P2_ENSG00000115207,GTF3C2
3586_GTF3C3_P1P2_ENSG00000119041,GTF3C3
3587_GTF3C4_P1P2_ENSG00000125484,GTF3C4
3588_GTF3C5_P1P2_ENSG00000148308,GTF3C5
3589_GTF3C6_P1P2_ENSG00000155115,GTF3C6
358_ANXA1_P1P2_ENSG00000135046,ANXA1
3590_GTPBP10_P1P2_ENSG00000105793,GTPBP10
3591_GTPBP1_P1P2_ENSG00000100226,GTPBP1
3592_GTPBP2_P1P2_ENSG00000172432,GTPBP2
3593_GTPBP3_P1P2_ENSG00000130299,GTPBP3
3594_GTPBP4_P1P2_ENSG00000107937,GTPBP4
3595_GTPBP6_P1P2_ENSG00000178605,GTPBP6
3596_GTPBP8_P1P2_ENSG00000163607,GTPBP8
3597_GTSE1_P1P2_ENSG00000075218,GTSE1
3598_GTSF1_P1P2_ENSG00000170627,GTSF1
3599_GUCD1_P1P2_ENSG00000138867,GUCD1
359_ANXA2R_P1P2_ENSG00000177721,ANXA2R
35_ABCF2_P1P2_ENSG00000033050,ABCF2
3600_GUF1_P1P2_ENSG00000151806,GUF1
3601_GUK1_P1P2_ENSG00000143774,GUK1
3602_GULP1_P1P2_ENSG00000144366,GULP1
3603_GUSB_P1P2_ENSG00000169919,GUSB
3604_GXYLT1_P1P2_ENSG00000151233,GXYLT1
3605_GYG1_P1P2_ENSG00000163754,GYG1
3606_GYPA_P1P2_ENSG00000170180,GYPA
3607_GYPB_P1P2_ENSG00000250361,GYPB
3608_GYPC_P1P2_ENSG00000136732,GYPC
3609_GYPE_P1P2_ENSG00000197465,GYPE
360_ANXA2_P1P2_ENSG00000182718,ANXA2
3610_GYS1_P1P2_ENSG00000104812,GYS1
3611_GZF1_P1P2_ENSG00000125812,GZF1
3612_H1FX_P1P2_ENSG00000184897,H1FX
3613_H2AFV_P1P2_ENSG00000105968,H2AFV
3614_H2AFX_P1P2_ENSG00000188486,H2AFX
3615_H2AFY_P1P2_ENSG00000113648,H2AFY
3616_H2AFZ_P1P2_ENSG00000164032,H2AFZ
3617_H3F3A_P1P2_ENSG00000163041,H3F3A
3618_H3F3B_P1P2_ENSG00000132475,H3F3B
3619_HACE1_P1P2_ENSG00000085382,HACE1
361_ANXA3_P1P2_ENSG00000138772,ANXA3
3620_HACL1_P1P2_ENSG00000131373,HACL1
3621_HADHA_P1P2_ENSG00000084754,HADHA
3622_HADHB_P1P2_ENSG00000138029,HADHB
3623_HADH_P1P2_ENSG00000138796,HADH
3624_HAGHL_P1P2_ENSG00000103253,HAGHL
3625_HAGH_P1P2_ENSG00000063854,HAGH
3626_HAMP_P1P2_ENSG00000105697,HAMP
3627_HAND1_P1P2_ENSG00000113196,HAND1
3628_HAND2_P2_ENSG00000164107,HAND2
3629_HAND2_P1_ENSG00000164107,HAND2
362_ANXA4_P1P2_ENSG00000196975,ANXA4
3630_HAPLN2_P1P2_ENSG00000132702,HAPLN2
3631_HARS2_P1P2_ENSG00000112855,HARS2
3632_HARS_P1P2_ENSG00000170445,HARS
3633_HAT1_P1P2_ENSG00000128708,HAT1
3634_HAUS1_P1P2_ENSG00000152240,HAUS1
3635_HAUS2_P1P2_ENSG00000137814,HAUS2
3636_HAUS3_P1P2_ENSG00000214367,HAUS3
3637_HAUS4_P1P2_ENSG00000092036,HAUS4
3638_HAUS5_P1P2_ENSG00000249115,HAUS5
3639_HAUS6_P1P2_ENSG00000147874,HAUS6
363_ANXA5_P1P2_ENSG00000164111,ANXA5
3640_HAUS7_P1_ENSG00000213397,HAUS7
3641_HAUS7_P2_ENSG00000213397,HAUS7
3642_HAUS8_P1P2_ENSG00000131351,HAUS8
3643_HAX1_P1P2_ENSG00000143575,HAX1
3646_HBA2_P1_ENSG00000188536,HBA2
3647_HBA2_P2_ENSG00000188536,HBA2
3648_HBD_P1P2_ENSG00000223609,HBD
3649_HBE1_P1P2_ENSG00000213931,HBE1
364_ANXA6_P1P2_ENSG00000197043,ANXA6
3650_HBG1_P1P2_ENSG00000213934,HBG1
3651_HBG2_P1P2_ENSG00000196565,HBG2
3652_HBP1_P1P2_ENSG00000105856,HBP1
3653_HBQ1_P1P2_ENSG00000086506,HBQ1
3654_HBS1L_P1P2_ENSG00000112339,HBS1L
3655_HBZ_P1P2_ENSG00000130656,HBZ
3656_HCCS_P1P2_ENSG00000004961,HCCS
3657_HCFC1R1_P1P2_ENSG00000103145,HCFC1R1
3658_HCFC1_P1P2_ENSG00000172534,HCFC1
3659_HCLS1_P1P2_ENSG00000180353,HCLS1
365_ANXA7_P1P2_ENSG00000138279,ANXA7
3660_HCRTR1_P1P2_ENSG00000121764,HCRTR1
3661_HDAC10_P1P2_ENSG00000100429,HDAC10
3662_HDAC1_P1P2_ENSG00000116478,HDAC1
3663_HDAC2_P1P2_ENSG00000196591,HDAC2
3664_HDAC3_P1P2_ENSG00000171720,HDAC3
3665_HDAC5_P1P2_ENSG00000108840,HDAC5
3666_HDAC6_P1P2_ENSG00000094631,HDAC6
3667_HDAC7_P1P2_ENSG00000061273,HDAC7
3668_HDAC8_P1P2_ENSG00000147099,HDAC8
3669_HDDC2_P1P2_ENSG00000111906,HDDC2
366_AP1AR_P1P2_ENSG00000138660,AP1AR
3670_HDDC3_P1P2_ENSG00000184508,HDDC3
3671_HDGF_P1P2_ENSG00000143321,HDGF
3672_HDHD2_P1P2_ENSG00000167220,HDHD2
3673_HDHD3_P1P2_ENSG00000119431,HDHD3
3674_HDLBP_P1_ENSG00000115677,HDLBP
3675_HDLBP_P2_ENSG00000115677,HDLBP
3676_HDX_P1P2_ENSG00000165259,HDX
3677_HEATR1_P1P2_ENSG00000119285,HEATR1
3678_HEATR3_P1P2_ENSG00000155393,HEATR3
3679_HEATR5A_P1P2_ENSG00000129493,HEATR5A
367_AP1B1_P1P2_ENSG00000100280,AP1B1
3680_HEATR5B_P1P2_ENSG00000008869,HEATR5B
3681_HEBP1_P1P2_ENSG00000013583,HEBP1
3682_HEBP2_P1P2_ENSG00000051620,HEBP2
3683_HECTD1_P1P2_ENSG00000092148,HECTD1
3684_HECTD3_P1P2_ENSG00000126107,HECTD3
3685_HECTD4_P1P2_ENSG00000173064,HECTD4
3686_HELLS_P1P2_ENSG00000119969,HELLS
3687_HELQ_P1P2_ENSG00000163312,HELQ
3688_HELT_P1P2_ENSG00000187821,HELT
3689_HELZ_P1P2_ENSG00000198265,HELZ
368_AP1G1_P1P2_ENSG00000166747,AP1G1
3690_HEMGN_P1P2_ENSG00000136929,HEMGN
3691_HEMK1_P1P2_ENSG00000114735,HEMK1
3692_HEPH_P1P2_ENSG00000089472,HEPH
3693_HERC1_P1P2_ENSG00000103657,HERC1
3694_HERC4_P1P2_ENSG00000148634,HERC4
3695_HERPUD1_P1P2_ENSG00000051108,HERPUD1
3696_HERPUD2_P1P2_ENSG00000122557,HERPUD2
3697_HES1_P1P2_ENSG00000114315,HES1
3698_HES2_P1_ENSG00000069812,HES2
3699_HES2_P2_ENSG00000069812,HES2
369_AP1G2_P1P2_ENSG00000213983,AP1G2
36_ABCF3_P1P2_ENSG00000161204,ABCF3
3700_HES3_P1P2_ENSG00000173673,HES3
3701_HES4_P1P2_ENSG00000188290,HES4
3702_HES5_P1P2_ENSG00000197921,HES5
3703_HES6_P1P2_ENSG00000144485,HES6
3704_HES7_P1P2_ENSG00000179111,HES7
3705_HESX1_P1_ENSG00000163666,HESX1
3706_HESX1_P2_ENSG00000163666,HESX1
3707_HEXA_P1P2_ENSG00000213614,HEXA
3708_HEXB_P1P2_ENSG00000049860,HEXB
3709_HEXD_P1P2_ENSG00000169660,HEXD
370_AP1M1_P1P2_ENSG00000072958,AP1M1
3710_HEXIM1_P1P2_ENSG00000186834,HEXIM1
3711_HEXIM2_P2_ENSG00000168517,HEXIM2
3712_HEXIM2_P1_ENSG00000168517,HEXIM2
3713_HEY1_P1P2_ENSG00000164683,HEY1
3714_HEY2_P1P2_ENSG00000135547,HEY2
3715_HEYL_P1P2_ENSG00000163909,HEYL
3716_HGS_P1P2_ENSG00000185359,HGS
3717_HHEX_P1P2_ENSG00000152804,HHEX
3718_HHLA3_P1P2_ENSG00000197568,HHLA3
3719_HIBADH_P1P2_ENSG00000106049,HIBADH
371_AP1S1_P1P2_ENSG00000106367,AP1S1
3720_HIBCH_P1P2_ENSG00000198130,HIBCH
3721_HIC1_P1P2_ENSG00000177374,HIC1
3722_HIC2_P1_ENSG00000169635,HIC2
3723_HIC2_P2_ENSG00000169635,HIC2
3724_HIF1AN_P1P2_ENSG00000166135,HIF1AN
3725_HIF1A_P1P2_ENSG00000100644,HIF1A
3726_HIF3A_P1_ENSG00000124440,HIF3A
3727_HIF3A_P2_ENSG00000124440,HIF3A
3728_HIGD1A_P1P2_ENSG00000181061,HIGD1A
3729_HIGD2A_P1P2_ENSG00000146066,HIGD2A
372_AP1S2_P1P2_ENSG00000182287,AP1S2
3730_HILPDA_P1P2_ENSG00000135245,HILPDA
3731_HINFP_P1P2_ENSG00000172273,HINFP
3732_HINT1_P1P2_ENSG00000169567,HINT1
3733_HINT2_P1P2_ENSG00000137133,HINT2
3734_HINT3_P1P2_ENSG00000111911,HINT3
3735_HIP1R_P1P2_ENSG00000130787,HIP1R
3736_HIPK1_P1P2_ENSG00000163349,HIPK1
3737_HIPK2_P1P2_ENSG00000064393,HIPK2
3738_HIPK3_P1_ENSG00000110422,HIPK3
3739_HIPK3_P2_ENSG00000110422,HIPK3
373_AP2A1_P1P2_ENSG00000196961,AP2A1
3740_HIRA_P2_ENSG00000100084,HIRA
3741_HIRA_P1_ENSG00000100084,HIRA
3742_HIRIP3_P1P2_ENSG00000149929,HIRIP3
3743_HIST1H1B_P1P2_ENSG00000184357,HIST1H1B
3744_HIST1H1C_P1P2_ENSG00000187837,HIST1H1C
3745_HIST1H1D_P1P2_ENSG00000124575,HIST1H1D
3746_HIST1H1E_P1P2_ENSG00000168298,HIST1H1E
3747_HIST1H2AA_P1P2_ENSG00000164508,HIST1H2AA
3748_HIST1H2AB_P1P2_ENSG00000278463,HIST1H2AB
3749_HIST1H2AC_P1P2_ENSG00000180573,HIST1H2AC
374_AP2A2_P1P2_ENSG00000183020,AP2A2
3750_HIST1H2AD_P1P2_ENSG00000196866,HIST1H2AD
3751_HIST1H2AE_P1P2_ENSG00000277075,HIST1H2AE
3752_HIST1H2AG_ENST00000359193.2_ENSG00000196787,HIST1H2AG
3753_HIST1H2AH_P1P2_ENSG00000274997,HIST1H2AH
3754_HIST1H2AI_ENST00000358739.3_ENSG00000196747,HIST1H2AI
3755_HIST1H2AK_ENST00000330180.2_ENSG00000275221,HIST1H2AK
3756_HIST1H2AL_ENST00000357320.2_ENSG00000276903,HIST1H2AL
3757_HIST1H2AM_P1P2_ENSG00000278677,HIST1H2AM
3758_HIST1H2BA_P1P2_ENSG00000146047,HIST1H2BA
3759_HIST1H2BB_P1P2_ENSG00000276410,HIST1H2BB
375_AP2B1_P1P2_ENSG00000006125,AP2B1
3760_HIST1H2BC_P1P2_ENSG00000180596,HIST1H2BC
3761_HIST1H2BD_P1P2_ENSG00000158373,HIST1H2BD
3762_HIST1H2BE_ENST00000356530.3_ENSG00000274290,HIST1H2BE
3763_HIST1H2BF_ENST00000359985.1_ENSG00000277224,HIST1H2BF
3764_HIST1H2BG_ENST00000244601.3_ENSG00000273802,HIST1H2BG
3765_HIST1H2BH_P1P2_ENSG00000275713,HIST1H2BH
3766_HIST1H2BJ_P1P2_ENSG00000124635,HIST1H2BJ
3767_HIST1H2BK_P1P2_ENSG00000197903,HIST1H2BK
3768_HIST1H2BL_P1P2_ENSG00000185130,HIST1H2BL
3769_HIST1H2BM_P1P2_ENSG00000273703,HIST1H2BM
376_AP2M1_P2_ENSG00000161203,AP2M1
3770_HIST1H2BN_P1P2_ENSG00000233822,HIST1H2BN
3771_HIST1H2BO_P1P2_ENSG00000274641,HIST1H2BO
3772_HIST1H3A_ENST00000357647.3_ENSG00000275714,HIST1H3A
3773_HIST1H3F_ENST00000446824.2_ENSG00000277775,HIST1H3F
3774_HIST1H3H_ENST00000369163.2_ENSG00000278828,HIST1H3H
3775_HIST1H3J_ENST00000359303.2_ENSG00000197153,HIST1H3J
3776_HIST1H4A_ENST00000359907.3_ENSG00000278637,HIST1H4A
3777_HIST1H4B_ENST00000377364.3_ENSG00000278705,HIST1H4B
3778_HIST1H4C_P1P2_ENSG00000197061,HIST1H4C
3779_HIST1H4D_ENST00000340756.2_ENSG00000277157,HIST1H4D
377_AP2M1_P1_ENSG00000161203,AP2M1
3780_HIST1H4E_P1P2_ENSG00000276966,HIST1H4E
"3781_HIST1H4H_ENST00000289352.1,ENST00000377727.1_ENSG00000158406",HIST1H4H
3782_HIST1H4I_ENST00000354348.2_ENSG00000276180,HIST1H4I
3783_HIST1H4J_P1P2_ENSG00000197238,HIST1H4J
3784_HIST2H2AA3_ENST00000369161.3_ENSG00000203812,HIST2H2AA3
3786_HIST2H2AB_P1P2_ENSG00000184270,HIST2H2AB
3787_HIST2H2AC_P1P2_ENSG00000184260,HIST2H2AC
3788_HIST2H2BE_P1P2_ENSG00000184678,HIST2H2BE
3789_HIST2H2BF_P1P2_ENSG00000203814,HIST2H2BF
378_AP2S1_P1P2_ENSG00000042753,AP2S1
3790_HIST2H3A_P1P2_ENSG00000203852,HIST2H3A
3792_HIST2H3D_ENST00000331491.1_ENSG00000183598,HIST2H3D
3793_HIST2H4A_ENST00000610125.1_ENSG00000270882,HIST2H4A
3795_HIST3H2A_P1P2_ENSG00000181218,HIST3H2A
3796_HIST3H2BB_P1P2_ENSG00000196890,HIST3H2BB
3797_HIVEP1_P1P2_ENSG00000095951,HIVEP1
3798_HIVEP2_P1P2_ENSG00000010818,HIVEP2
3799_HIVEP3_ENST00000372584.1_ENSG00000127124,HIVEP3
379_AP3B1_P1P2_ENSG00000132842,AP3B1
37_ABCG1_P1P2_ENSG00000160179,ABCG1
"3800_HIVEP3_ENST00000247584.5,ENST00000429157.2_ENSG00000127124",HIVEP3
3801_HIVEP3_ENST00000372583.1_ENSG00000127124,HIVEP3
3802_HJURP_P1P2_ENSG00000123485,HJURP
3803_HK1_P2_ENSG00000156515,HK1
3804_HK1_P1_ENSG00000156515,HK1
3805_HK2_P1P2_ENSG00000159399,HK2
3806_ZNF875_P2_ENSG00000181666,ZNF875
3807_ZNF875_P1_ENSG00000181666,ZNF875
3808_HLA-B_P1P2_ENSG00000234745,HLA-B
3809_HLA-C_P1P2_ENSG00000204525,HLA-C
380_AP3D1_P1P2_ENSG00000065000,AP3D1
3810_HLA-E_P1P2_ENSG00000204592,HLA-E
3811_HLCS_P2_ENSG00000159267,HLCS
3812_HLCS_P1_ENSG00000159267,HLCS
3813_HLF_P2_ENSG00000108924,HLF
3814_HLF_P1_ENSG00000108924,HLF
3815_HLTF_P1P2_ENSG00000071794,HLTF
3816_HLX_P1P2_ENSG00000136630,HLX
3817_HM13_P1P2_ENSG00000101294,HM13
3818_HMBOX1_P1P2_ENSG00000147421,HMBOX1
3819_HMBS_P1_ENSG00000256269,HMBS
381_AP3M1_P1P2_ENSG00000185009,AP3M1
3820_HMBS_P2_ENSG00000256269,HMBS
3821_HMCES_P1P2_ENSG00000183624,HMCES
3822_HMG20A_P1P2_ENSG00000140382,HMG20A
3823_HMG20B_P1_ENSG00000064961,HMG20B
3824_HMG20B_P2_ENSG00000064961,HMG20B
3825_HMGA1_P1P2_ENSG00000137309,HMGA1
3826_HMGA2_P1P2_ENSG00000149948,HMGA2
3827_HMGB1_P1_ENSG00000189403,HMGB1
3828_HMGB1_P2_ENSG00000189403,HMGB1
3829_HMGB2_P1P2_ENSG00000164104,HMGB2
382_AP3M2_P1P2_ENSG00000070718,AP3M2
3830_HMGB3_P1P2_ENSG00000029993,HMGB3
3831_HMGCL_P1P2_ENSG00000117305,HMGCL
3832_HMGCR_P1P2_ENSG00000113161,HMGCR
3833_HMGCS1_P1P2_ENSG00000112972,HMGCS1
3834_HMGN1_P1P2_ENSG00000205581,HMGN1
3835_HMGN2_P1P2_ENSG00000198830,HMGN2
3836_HMGN3_P1P2_ENSG00000118418,HMGN3
3837_HMGN4_P1P2_ENSG00000182952,HMGN4
3838_HMGN5_ENST00000358130.2_ENSG00000198157,HMGN5
3839_HMGXB3_P1P2_ENSG00000113716,HMGXB3
383_AP3S1_P1P2_ENSG00000177879,AP3S1
3840_HMGXB4_P1P2_ENSG00000100281,HMGXB4
3841_ARHGAP45_P1P2_ENSG00000180448,ARHGAP45
3842_HMMR_P1P2_ENSG00000072571,HMMR
3843_HMOX2_P1_ENSG00000103415,HMOX2
3844_HMOX2_P2_ENSG00000103415,HMOX2
3845_HMX1_P1P2_ENSG00000215612,HMX1
3846_HMX2_P1P2_ENSG00000188816,HMX2
3847_HMX3_P1P2_ENSG00000188620,HMX3
3848_JPT2_P1P2_ENSG00000206053,JPT2
3849_JPT1_P1P2_ENSG00000189159,JPT1
384_AP3S2_P1P2_ENSG00000157823,AP3S2
3850_HNF1A_P1P2_ENSG00000135100,HNF1A
3851_HNF1B_P1P2_ENSG00000275410,HNF1B
3852_HNF4A_P1P2_ENSG00000101076,HNF4A
3853_HNF4G_P1_ENSG00000164749,HNF4G
3854_HNF4G_P2_ENSG00000164749,HNF4G
3855_HNRNPA0_P1P2_ENSG00000177733,HNRNPA0
3856_HNRNPA1L2_P2_ENSG00000139675,HNRNPA1L2
3857_HNRNPA1_P1P2_ENSG00000135486,HNRNPA1
3858_HNRNPA2B1_P1P2_ENSG00000122566,HNRNPA2B1
3859_HNRNPA3_P1P2_ENSG00000170144,HNRNPA3
385_AP4B1_P1P2_ENSG00000134262,AP4B1
3860_HNRNPAB_P1P2_ENSG00000197451,HNRNPAB
3861_HNRNPC_P1P2_ENSG00000092199,HNRNPC
3862_HNRNPDL_P1P2_ENSG00000152795,HNRNPDL
3863_HNRNPD_P1P2_ENSG00000138668,HNRNPD
3864_HNRNPF_P2_ENSG00000169813,HNRNPF
3865_HNRNPF_P1_ENSG00000169813,HNRNPF
3866_HNRNPH1_P1P2_ENSG00000169045,HNRNPH1
3867_HNRNPH2_P1P2_ENSG00000126945,HNRNPH2
3868_HNRNPH3_P1P2_ENSG00000096746,HNRNPH3
3869_HNRNPK_P1P2_ENSG00000165119,HNRNPK
386_AP4M1_P1P2_ENSG00000221838,AP4M1
3870_HNRNPLL_P1P2_ENSG00000143889,HNRNPLL
3871_HNRNPL_P2_ENSG00000104824,HNRNPL
3872_HNRNPL_P1_ENSG00000104824,HNRNPL
3873_HNRNPM_P1_ENSG00000099783,HNRNPM
3874_HNRNPM_P2_ENSG00000099783,HNRNPM
3875_HNRNPR_P1P2_ENSG00000125944,HNRNPR
3876_HNRNPUL1_P1P2_ENSG00000105323,HNRNPUL1
3877_HNRNPUL2_P1P2_ENSG00000214753,HNRNPUL2
3878_HNRNPU_P1P2_ENSG00000153187,HNRNPU
3879_HOMER1_P1P2_ENSG00000152413,HOMER1
387_AP4S1_P1P2_ENSG00000100478,AP4S1
3880_HOMER3_P1P2_ENSG00000051128,HOMER3
3881_HOMEZ_P1P2_ENSG00000215271,HOMEZ
3882_HOOK1_P1P2_ENSG00000134709,HOOK1
3883_HOOK2_P1_ENSG00000095066,HOOK2
3884_HOOK2_P2_ENSG00000095066,HOOK2
3885_HOOK3_P1P2_ENSG00000168172,HOOK3
3886_HOXA10_P1P2_ENSG00000253293,HOXA10
3887_HOXA11_P1P2_ENSG00000005073,HOXA11
3888_HOXA13_P1P2_ENSG00000106031,HOXA13
3889_HOXA1_P1P2_ENSG00000105991,HOXA1
388_AP5B1_P1P2_ENSG00000254470,AP5B1
3890_HOXA2_P1P2_ENSG00000105996,HOXA2
3891_HOXA3_P2_ENSG00000105997,HOXA3
3892_HOXA3_P1_ENSG00000105997,HOXA3
3893_HOXA4_P1P2_ENSG00000197576,HOXA4
3894_HOXA5_P1P2_ENSG00000106004,HOXA5
3895_HOXA6_P1P2_ENSG00000106006,HOXA6
3896_HOXA7_P1P2_ENSG00000122592,HOXA7
3897_HOXA9_P1P2_ENSG00000078399,HOXA9
3898_HOXB13_P1P2_ENSG00000159184,HOXB13
3899_HOXB1_P1P2_ENSG00000120094,HOXB1
389_AP5M1_P1P2_ENSG00000053770,AP5M1
38_ABHD10_P1P2_ENSG00000144827,ABHD10
3900_HOXB2_P1P2_ENSG00000173917,HOXB2
3901_HOXB3_P1P2_ENSG00000120093,HOXB3
3902_HOXB4_P1P2_ENSG00000182742,HOXB4
3903_HOXB5_P1P2_ENSG00000120075,HOXB5
3904_HOXB6_P2_ENSG00000108511,HOXB6
3905_HOXB6_P1_ENSG00000108511,HOXB6
3906_HOXB7_P1P2_ENSG00000260027,HOXB7
3907_HOXB8_P1_ENSG00000120068,HOXB8
3908_HOXB8_P2_ENSG00000120068,HOXB8
3909_HOXB9_P1P2_ENSG00000170689,HOXB9
390_AP5S1_P1P2_ENSG00000125843,AP5S1
3910_HOXC10_P1P2_ENSG00000180818,HOXC10
3911_HOXC11_P1P2_ENSG00000123388,HOXC11
3912_HOXC12_P1P2_ENSG00000123407,HOXC12
3913_HOXC13_P1P2_ENSG00000123364,HOXC13
3914_HOXC4_ENST00000430889.2_ENSG00000198353,HOXC4
3915_HOXC5_P1P2_ENSG00000172789,HOXC5
3916_HOXC6_P1P2_ENSG00000197757,HOXC6
3917_HOXC8_P1P2_ENSG00000037965,HOXC8
3918_HOXC9_P1P2_ENSG00000180806,HOXC9
3919_HOXD10_P2_ENSG00000128710,HOXD10
391_AP5Z1_P1P2_ENSG00000242802,AP5Z1
3920_HOXD10_P1_ENSG00000128710,HOXD10
3921_HOXD11_P1P2_ENSG00000128713,HOXD11
3922_HOXD12_P1P2_ENSG00000170178,HOXD12
3923_HOXD13_P1P2_ENSG00000128714,HOXD13
3924_HOXD1_P1P2_ENSG00000128645,HOXD1
3925_HOXD3_P1P2_ENSG00000128652,HOXD3
3926_HOXD4_P1P2_ENSG00000170166,HOXD4
3927_HOXD8_P1P2_ENSG00000175879,HOXD8
3928_HOXD9_P1P2_ENSG00000128709,HOXD9
3929_HP1BP3_P1P2_ENSG00000127483,HP1BP3
392_APAF1_P1P2_ENSG00000120868,APAF1
3930_HPCAL1_P1P2_ENSG00000115756,HPCAL1
3931_HPRT1_P1P2_ENSG00000165704,HPRT1
3932_HPS1_P1P2_ENSG00000107521,HPS1
3933_HPS3_P1P2_ENSG00000163755,HPS3
3934_HPS4_P1P2_ENSG00000100099,HPS4
3935_HPS5_P1P2_ENSG00000110756,HPS5
3936_HPS6_P1P2_ENSG00000166189,HPS6
3937_HRAS_P1_ENSG00000174775,HRAS
3938_HRAS_P2_ENSG00000174775,HRAS
3939_HRC_P1P2_ENSG00000130528,HRC
393_APBA2_P1P2_ENSG00000034053,APBA2
3940_RIDA_P1P2_ENSG00000132541,RIDA
3941_HS2ST1_P1P2_ENSG00000153936,HS2ST1
3942_HS3ST3A1_P1P2_ENSG00000153976,HS3ST3A1
3943_HS3ST3B1_P1P2_ENSG00000125430,HS3ST3B1
3944_HS6ST1_P1P2_ENSG00000136720,HS6ST1
3945_HSBP1_P1P2_ENSG00000230989,HSBP1
3946_HSCB_P1P2_ENSG00000100209,HSCB
3947_HSD11B1L_P1P2_ENSG00000167733,HSD11B1L
3948_HSD17B10_P1P2_ENSG00000072506,HSD17B10
3949_HSD17B11_P1P2_ENSG00000198189,HSD17B11
394_APBA3_P1P2_ENSG00000011132,APBA3
3950_HSD17B12_P1P2_ENSG00000149084,HSD17B12
3951_HSD17B1_P1P2_ENSG00000108786,HSD17B1
3952_HSD17B4_P1P2_ENSG00000133835,HSD17B4
3953_HSD17B7_P1_ENSG00000132196,HSD17B7
3954_HSD17B7_P2_ENSG00000132196,HSD17B7
3955_HSD17B8_P1P2_ENSG00000204228,HSD17B8
3956_HSD3B7_P1P2_ENSG00000099377,HSD3B7
3957_HSDL1_P1P2_ENSG00000103160,HSDL1
3958_HSDL2_P1P2_ENSG00000119471,HSDL2
3959_HSF1_P1P2_ENSG00000185122,HSF1
395_APBB3_P1P2_ENSG00000113108,APBB3
3960_HSF2_P1P2_ENSG00000025156,HSF2
3961_HSF4_P1P2_ENSG00000102878,HSF4
3962_HSF5_P1P2_ENSG00000176160,HSF5
3963_HSFX1_ENST00000370416.4_ENSG00000171116,HSFX1
3965_HSFY1_ENST00000307393.2_ENSG00000172468,HSFY1
3967_HSP90AA1_P1P2_ENSG00000080824,HSP90AA1
3968_HSP90AB1_P1P2_ENSG00000096384,HSP90AB1
3969_HSP90B1_P1P2_ENSG00000166598,HSP90B1
396_APC_P2_ENSG00000134982,APC
3970_HSPA13_P1P2_ENSG00000155304,HSPA13
3971_HSPA14_P1P2_ENSG00000284024,HSPA14
3974_HSPA1B_P1_ENSG00000204388,HSPA1B
3975_HSPA1B_P2_ENSG00000204388,HSPA1B
3976_HSPA4L_P1P2_ENSG00000164070,HSPA4L
3977_HSPA4_P1P2_ENSG00000170606,HSPA4
3978_HSPA5_P1P2_ENSG00000044574,HSPA5
3979_HSPA8_P1P2_ENSG00000109971,HSPA8
397_APC_P1_ENSG00000134982,APC
3980_HSPA9_P1P2_ENSG00000113013,HSPA9
3981_HSPB11_P1P2_ENSG00000081870,HSPB11
3982_HSPB1_P1_ENSG00000106211,HSPB1
3983_HSPB1_P2_ENSG00000106211,HSPB1
3984_HSPBP1_P1P2_ENSG00000133265,HSPBP1
3985_HSPD1_P1P2_ENSG00000144381,HSPD1
3986_HSPE1_P1P2_ENSG00000115541,HSPE1
3987_HSPG2_P1P2_ENSG00000142798,HSPG2
3988_HSPH1_P1P2_ENSG00000120694,HSPH1
3989_HTATIP2_P1P2_ENSG00000109854,HTATIP2
398_APEH_P1P2_ENSG00000164062,APEH
3990_HTATSF1_P1P2_ENSG00000102241,HTATSF1
3991_HTRA2_P1P2_ENSG00000115317,HTRA2
3992_HTT_P1P2_ENSG00000197386,HTT
3993_HUS1_P1P2_ENSG00000136273,HUS1
3994_HUWE1_P1P2_ENSG00000086758,HUWE1
3995_HYAL2_P1_ENSG00000068001,HYAL2
3996_HYAL2_P2_ENSG00000068001,HYAL2
3997_HYAL3_P1P2_ENSG00000186792,HYAL3
3998_HYI_P1P2_ENSG00000178922,HYI
3999_HYLS1_P1P2_ENSG00000198331,HYLS1
399_APEX1_P1P2_ENSG00000100823,APEX1
39_ABHD11_P1P2_ENSG00000106077,ABHD11
3_AACS_P1P2_ENSG00000081760,AACS
4000_HYOU1_P1P2_ENSG00000149428,HYOU1
4001_HYPK_P1P2_ENSG00000242028,HYPK
4002_IAH1_P1P2_ENSG00000134330,IAH1
4003_IARS2_P1P2_ENSG00000067704,IARS2
4004_IARS_P1P2_ENSG00000196305,IARS
4005_IBA57_P1P2_ENSG00000181873,IBA57
4006_IBTK_P2_ENSG00000005700,IBTK
4007_IBTK_P1_ENSG00000005700,IBTK
4008_ICA1_P1P2_ENSG00000003147,ICA1
4009_ICAM1_P1P2_ENSG00000090339,ICAM1
400_APEX2_P1P2_ENSG00000169188,APEX2
4010_ICAM2_P1P2_ENSG00000108622,ICAM2
4011_ICAM3_P1P2_ENSG00000076662,ICAM3
4012_ICAM4_P1P2_ENSG00000105371,ICAM4
4013_ICAM5_P1_ENSG00000105376,ICAM5
4014_ICAM5_P2_ENSG00000105376,ICAM5
4015_ICK_P1P2_ENSG00000112144,ICK
4016_ICMT_P1P2_ENSG00000116237,ICMT
4017_MRPL58_P1P2_ENSG00000167862,MRPL58
4018_ID1_P1P2_ENSG00000125968,ID1
4019_ID2_P2_ENSG00000115738,ID2
401_APH1A_P1P2_ENSG00000117362,APH1A
4020_ID2_P1_ENSG00000115738,ID2
4021_ID3_P1P2_ENSG00000117318,ID3
4022_IDE_P1P2_ENSG00000119912,IDE
4023_IDH1_P1P2_ENSG00000138413,IDH1
4024_IDH2_P1P2_ENSG00000182054,IDH2
4025_IDH3A_P2_ENSG00000166411,IDH3A
4026_IDH3A_P1_ENSG00000166411,IDH3A
4027_IDH3B_P1P2_ENSG00000101365,IDH3B
4028_IDH3G_P1P2_ENSG00000067829,IDH3G
4029_IDI1_P1P2_ENSG00000067064,IDI1
402_APH1B_P1P2_ENSG00000138613,APH1B
4030_IDS_P1P2_ENSG00000010404,IDS
4031_IDUA_P1P2_ENSG00000127415,IDUA
4032_IER2_P1P2_ENSG00000160888,IER2
4033_IER3IP1_P1P2_ENSG00000134049,IER3IP1
4034_IER3_P1P2_ENSG00000137331,IER3
4035_IER5L_P1P2_ENSG00000188483,IER5L
4036_IER5_P1P2_ENSG00000162783,IER5
4037_IFI27L1_P1P2_ENSG00000165948,IFI27L1
4038_IFI27L2_P1P2_ENSG00000119632,IFI27L2
4039_IFI30_P1P2_ENSG00000216490,IFI30
403_API5_P1P2_ENSG00000166181,API5
4040_IFI35_P1P2_ENSG00000068079,IFI35
4041_IFITM1_P1P2_ENSG00000185885,IFITM1
4042_IFITM2_P1P2_ENSG00000185201,IFITM2
4043_IFITM3_P1P2_ENSG00000142089,IFITM3
4044_IFNAR1_P1P2_ENSG00000142166,IFNAR1
4045_IFNAR2_P1P2_ENSG00000159110,IFNAR2
4046_IFNGR1_P1P2_ENSG00000027697,IFNGR1
4047_IFNGR2_P1P2_ENSG00000159128,IFNGR2
4048_IFRD1_P2_ENSG00000006652,IFRD1
4049_IFRD1_P1_ENSG00000006652,IFRD1
404_APIP_P1P2_ENSG00000149089,APIP
4050_IFRD2_P1P2_ENSG00000214706,IFRD2
4051_IFT172_P1P2_ENSG00000138002,IFT172
4052_IFT20_P1P2_ENSG00000109083,IFT20
4053_IFT27_P1P2_ENSG00000100360,IFT27
4054_IFT43_P1P2_ENSG00000119650,IFT43
4055_IFT46_P1P2_ENSG00000118096,IFT46
4056_IFT52_P1P2_ENSG00000101052,IFT52
4057_IFT57_P1P2_ENSG00000114446,IFT57
4058_IFT80_P1P2_ENSG00000068885,IFT80
4059_IFT81_P1P2_ENSG00000122970,IFT81
405_CENPS_P1P2_ENSG00000175279,CENPS
4060_IFT88_P1P2_ENSG00000032742,IFT88
4061_IGBP1_P1P2_ENSG00000089289,IGBP1
4062_IGF1R_P1_ENSG00000140443,IGF1R
4063_IGF1R_P2_ENSG00000140443,IGF1R
4064_IGF1_P1P2_ENSG00000017427,IGF1
4065_IGF2BP1_P1P2_ENSG00000159217,IGF2BP1
4066_IGF2BP2_P1P2_ENSG00000073792,IGF2BP2
4067_IGF2BP3_P1P2_ENSG00000136231,IGF2BP3
4068_IGF2R_P1P2_ENSG00000197081,IGF2R
4069_IGFBP2_P1P2_ENSG00000115457,IGFBP2
406_APLP1_P1P2_ENSG00000105290,APLP1
4070_IGFBP4_P1P2_ENSG00000141753,IGFBP4
4071_IGFLR1_P1_ENSG00000126246,IGFLR1
4072_IGFLR1_P2_ENSG00000126246,IGFLR1
4073_IGHMBP2_P1P2_ENSG00000132740,IGHMBP2
4074_IGSF3_P1P2_ENSG00000143061,IGSF3
4075_IGSF8_P1P2_ENSG00000162729,IGSF8
4076_IKBIP_P1P2_ENSG00000166130,IKBIP
4077_ELP1_P1P2_ENSG00000070061,ELP1
4078_IKBKB_P1P2_ENSG00000104365,IKBKB
4079_IKBKE_P1P2_ENSG00000263528,IKBKE
407_APLP2_P1P2_ENSG00000084234,APLP2
4080_IKBKG_P1P2_ENSG00000269335,IKBKG
4081_IKZF1_P1P2_ENSG00000185811,IKZF1
4082_IKZF2_P2_ENSG00000030419,IKZF2
4083_IKZF2_P1_ENSG00000030419,IKZF2
4084_IKZF3_P1P2_ENSG00000161405,IKZF3
4085_IKZF4_P1_ENSG00000123411,IKZF4
4086_IKZF4_P2_ENSG00000123411,IKZF4
4087_IKZF5_P1P2_ENSG00000095574,IKZF5
4088_IK_P1_ENSG00000113141,IK
4089_IK_P2_ENSG00000113141,IK
408_APMAP_P1P2_ENSG00000101474,APMAP
4090_IL10RB_P1P2_ENSG00000243646,IL10RB
4091_IL13RA1_P1P2_ENSG00000131724,IL13RA1
4092_IL15RA_P1P2_ENSG00000134470,IL15RA
4093_IL17RA_P1P2_ENSG00000177663,IL17RA
4094_IL17RC_P1P2_ENSG00000163702,IL17RC
4095_IL23A_P1P2_ENSG00000110944,IL23A
4096_IL23R_P1P2_ENSG00000162594,IL23R
4097_IL27RA_P1P2_ENSG00000104998,IL27RA
4098_IL6ST_P1P2_ENSG00000134352,IL6ST
4099_ILF2_P1P2_ENSG00000143621,ILF2
409_NAXE_P1P2_ENSG00000163382,NAXE
40_ABHD12_P1P2_ENSG00000100997,ABHD12
4100_ILF3_P1P2_ENSG00000129351,ILF3
4101_ILKAP_P1P2_ENSG00000132323,ILKAP
4102_ILK_P1P2_ENSG00000166333,ILK
4103_ILVBL_P1P2_ENSG00000105135,ILVBL
4104_IMMP1L_P1P2_ENSG00000148950,IMMP1L
4105_IMMP2L_P1P2_ENSG00000184903,IMMP2L
4106_IMMT_P1P2_ENSG00000132305,IMMT
4107_IMP3_P1P2_ENSG00000177971,IMP3
4108_IMP4_P1P2_ENSG00000136718,IMP4
4109_IMPA1_P1P2_ENSG00000133731,IMPA1
410_APOBEC3B_P1P2_ENSG00000179750,APOBEC3B
4110_IMPA2_P1P2_ENSG00000141401,IMPA2
4111_IMPACT_P1P2_ENSG00000154059,IMPACT
4112_IMPAD1_P1P2_ENSG00000104331,IMPAD1
4113_IMPDH1_P2_ENSG00000106348,IMPDH1
4114_IMPDH1_P1_ENSG00000106348,IMPDH1
4115_IMPDH2_P1P2_ENSG00000178035,IMPDH2
4116_INCENP_P1P2_ENSG00000149503,INCENP
4117_INF2_P1P2_ENSG00000203485,INF2
4118_ING1_P1_ENSG00000153487,ING1
4119_ING1_P2_ENSG00000153487,ING1
411_APOBEC3C_P1P2_ENSG00000244509,APOBEC3C
4120_ING2_P1P2_ENSG00000168556,ING2
4121_ING3_P1P2_ENSG00000071243,ING3
4122_ING4_P1P2_ENSG00000111653,ING4
4123_ING5_P1P2_ENSG00000168395,ING5
4124_INHBE_P1P2_ENSG00000139269,INHBE
4125_INIP_P1P2_ENSG00000148153,INIP
4126_INO80B_P1P2_ENSG00000115274,INO80B
4127_INO80C_P1P2_ENSG00000153391,INO80C
4128_INO80D_P1P2_ENSG00000114933,INO80D
4129_INO80E_P1P2_ENSG00000169592,INO80E
412_APOBEC3G_P1P2_ENSG00000239713,APOBEC3G
4130_INO80_P1P2_ENSG00000128908,INO80
4131_INPP1_P1P2_ENSG00000151689,INPP1
4132_INPP4A_P1P2_ENSG00000040933,INPP4A
4133_INPP5A_P1P2_ENSG00000068383,INPP5A
4134_INPP5B_P2_ENSG00000204084,INPP5B
4135_INPP5B_P1_ENSG00000204084,INPP5B
4136_INPP5E_P1P2_ENSG00000148384,INPP5E
4137_INPP5F_ENST00000361976.2_ENSG00000198825,INPP5F
4138_INPP5K_P1P2_ENSG00000132376,INPP5K
4139_INPPL1_P1P2_ENSG00000165458,INPPL1
413_APOBR_P1_ENSG00000184730,APOBR
4140_INSIG1_P1P2_ENSG00000186480,INSIG1
4141_INSIG2_P1P2_ENSG00000125629,INSIG2
4142_INSM1_P1P2_ENSG00000173404,INSM1
4143_INSM2_P1P2_ENSG00000168348,INSM2
4144_INTS10_P1P2_ENSG00000104613,INTS10
4145_INTS12_P1P2_ENSG00000138785,INTS12
4146_INTS1_P1P2_ENSG00000164880,INTS1
4147_INTS2_P1P2_ENSG00000108506,INTS2
4148_INTS3_P1P2_ENSG00000143624,INTS3
4149_INTS4_P1P2_ENSG00000149262,INTS4
414_APOBR_P2_ENSG00000184730,APOBR
4150_INTS5_P1P2_ENSG00000185085,INTS5
4151_INTS6_P1P2_ENSG00000102786,INTS6
4152_INTS7_P1P2_ENSG00000143493,INTS7
4153_INTS8_P1P2_ENSG00000164941,INTS8
4154_INTS9_P1P2_ENSG00000104299,INTS9
4155_INTU_P2_ENSG00000164066,INTU
4156_INTU_P1_ENSG00000164066,INTU
4157_INVS_P1P2_ENSG00000119509,INVS
4158_IP6K1_P1P2_ENSG00000176095,IP6K1
4159_IP6K2_P1P2_ENSG00000068745,IP6K2
415_APOC1_P1P2_ENSG00000130208,APOC1
4160_IPO11_P1P2_ENSG00000086200,IPO11
4161_IPO13_P1P2_ENSG00000117408,IPO13
4162_IPO4_P1P2_ENSG00000196497,IPO4
4163_IPO5_P1P2_ENSG00000065150,IPO5
4164_IPO7_P1P2_ENSG00000205339,IPO7
4165_IPO8_P1P2_ENSG00000133704,IPO8
4166_IPO9_P1P2_ENSG00000198700,IPO9
4167_IPPK_P1P2_ENSG00000127080,IPPK
4168_IPP_P1P2_ENSG00000197429,IPP
4169_IQCB1_P1P2_ENSG00000173226,IQCB1
416_APOE_P1P2_ENSG00000130203,APOE
4170_IQCC_P1P2_ENSG00000160051,IQCC
4171_IQCE_P1P2_ENSG00000106012,IQCE
4172_IQGAP1_P1P2_ENSG00000140575,IQGAP1
4173_IQGAP2_P1P2_ENSG00000145703,IQGAP2
4174_IQGAP3_P1P2_ENSG00000183856,IQGAP3
4175_IQSEC1_P1P2_ENSG00000144711,IQSEC1
4176_IQSEC2_P1_ENSG00000124313,IQSEC2
4177_IQSEC2_P2_ENSG00000124313,IQSEC2
4178_IRAK1_P2_ENSG00000184216,IRAK1
4179_IRAK1_P1_ENSG00000184216,IRAK1
417_APOL2_P1P2_ENSG00000128335,APOL2
4180_IRAK4_P1P2_ENSG00000198001,IRAK4
4181_IREB2_P1P2_ENSG00000136381,IREB2
4182_IRF1_P1P2_ENSG00000125347,IRF1
4183_IRF2BP1_P1P2_ENSG00000170604,IRF2BP1
4184_IRF2BP2_P1_ENSG00000168264,IRF2BP2
4185_IRF2BP2_P2_ENSG00000168264,IRF2BP2
4186_IRF2BPL_P1P2_ENSG00000119669,IRF2BPL
4187_IRF2_P1P2_ENSG00000168310,IRF2
4188_IRF3_P1P2_ENSG00000126456,IRF3
4189_IRF4_P1_ENSG00000137265,IRF4
418_APOM_P1P2_ENSG00000204444,APOM
4190_IRF4_P2_ENSG00000137265,IRF4
4191_IRF5_P1_ENSG00000128604,IRF5
4192_IRF5_P2_ENSG00000128604,IRF5
4193_IRF6_P1P2_ENSG00000117595,IRF6
4194_IRF7_P1P2_ENSG00000185507,IRF7
4195_IRF8_P1P2_ENSG00000140968,IRF8
4196_IRF9_P1P2_ENSG00000213928,IRF9
4197_IRGQ_P1P2_ENSG00000167378,IRGQ
4198_IRX1_P1P2_ENSG00000170549,IRX1
4199_IRX2_P1P2_ENSG00000170561,IRX2
419_APOOL_P1P2_ENSG00000155008,APOOL
41_ABHD13_P1P2_ENSG00000139826,ABHD13
4200_IRX3_P1P2_ENSG00000177508,IRX3
4201_IRX4_P1P2_ENSG00000113430,IRX4
4202_IRX5_P1P2_ENSG00000176842,IRX5
4203_IRX6_P1P2_ENSG00000159387,IRX6
4204_ISCA1_P1P2_ENSG00000135070,ISCA1
4205_ISCA2_P1P2_ENSG00000165898,ISCA2
4206_ISCU_P1P2_ENSG00000136003,ISCU
4207_ISG15_P1P2_ENSG00000187608,ISG15
4208_ISG20L2_P1P2_ENSG00000143319,ISG20L2
4209_ISL1_P1_ENSG00000016082,ISL1
420_APOO_P1P2_ENSG00000184831,APOO
4210_ISL1_P2_ENSG00000016082,ISL1
4211_ISL2_P1P2_ENSG00000159556,ISL2
4212_ISOC1_P1P2_ENSG00000066583,ISOC1
4213_ISOC2_P1_ENSG00000063241,ISOC2
4214_ISOC2_P2_ENSG00000063241,ISOC2
4215_IST1_P1P2_ENSG00000182149,IST1
4216_ISX_P1P2_ENSG00000175329,ISX
4217_ISY1_P1P2_ENSG00000240682,ISY1
4218_ISYNA1_P1P2_ENSG00000105655,ISYNA1
4219_ITCH_P1P2_ENSG00000078747,ITCH
421_COA8_P1P2_ENSG00000256053,COA8
4220_ITFG1_P1P2_ENSG00000129636,ITFG1
4221_ITFG2_P1P2_ENSG00000111203,ITFG2
4222_ITGA2B_P1P2_ENSG00000005961,ITGA2B
4223_ITGA5_P1P2_ENSG00000161638,ITGA5
4224_ITGAE_ENST00000263087.4_ENSG00000083457,ITGAE
4225_ITGAV_P1P2_ENSG00000138448,ITGAV
4226_ITGB1BP1_P1P2_ENSG00000119185,ITGB1BP1
4227_ITGB1_P1P2_ENSG00000150093,ITGB1
4228_ITGB3BP_P1P2_ENSG00000142856,ITGB3BP
4229_ITGB5_P1P2_ENSG00000082781,ITGB5
422_APPBP2_P1P2_ENSG00000062725,APPBP2
4230_ITM2A_P1P2_ENSG00000078596,ITM2A
4231_ITM2B_P1P2_ENSG00000136156,ITM2B
4232_ITM2C_P1P2_ENSG00000135916,ITM2C
4233_ITPA_P1P2_ENSG00000125877,ITPA
4234_ITPK1_P1P2_ENSG00000100605,ITPK1
4235_ITPKA_P1P2_ENSG00000137825,ITPKA
4236_ITPKC_P1P2_ENSG00000086544,ITPKC
4237_ITPR1_P1P2_ENSG00000150995,ITPR1
4238_ITPR2_P1P2_ENSG00000123104,ITPR2
4239_ITPR3_P1P2_ENSG00000096433,ITPR3
423_APPL1_P1P2_ENSG00000157500,APPL1
4240_ITPRIP_P1P2_ENSG00000148841,ITPRIP
4241_ITSN1_P1P2_ENSG00000205726,ITSN1
4242_ITSN2_P1P2_ENSG00000198399,ITSN2
4243_IVNS1ABP_P1P2_ENSG00000116679,IVNS1ABP
4244_IWS1_P1P2_ENSG00000163166,IWS1
4245_JAG2_P1P2_ENSG00000184916,JAG2
4246_JAGN1_P1P2_ENSG00000171135,JAGN1
4247_JAK1_P1P2_ENSG00000162434,JAK1
4248_JAK2_P1P2_ENSG00000096968,JAK2
4249_JARID2_P1P2_ENSG00000008083,JARID2
424_APRT_P1P2_ENSG00000198931,APRT
4250_JAZF1_P1P2_ENSG00000153814,JAZF1
4251_JDP2_P1P2_ENSG00000140044,JDP2
4252_JKAMP_P1P2_ENSG00000050130,JKAMP
4253_JMJD1C_P1P2_ENSG00000171988,JMJD1C
4254_JMJD4_P1P2_ENSG00000081692,JMJD4
4255_JMJD6_P1P2_ENSG00000070495,JMJD6
4256_JMJD8_P1P2_ENSG00000161999,JMJD8
4257_JMY_P1P2_ENSG00000152409,JMY
4258_JOSD1_P1P2_ENSG00000100221,JOSD1
4259_JOSD2_P1P2_ENSG00000161677,JOSD2
425_APTX_P2_ENSG00000137074,APTX
4260_JRKL_P1P2_ENSG00000183340,JRKL
4261_JRK_P1_ENSG00000234616,JRK
4262_JRK_P2_ENSG00000234616,JRK
4263_JTB_P1P2_ENSG00000143543,JTB
4264_JUNB_P1P2_ENSG00000171223,JUNB
4265_JUND_P1P2_ENSG00000130522,JUND
4266_JUN_P1P2_ENSG00000177606,JUN
4267_JUP_P1P2_ENSG00000173801,JUP
4268_KALRN_ENST00000360013.3_ENSG00000160145,KALRN
4269_KANK2_P1P2_ENSG00000197256,KANK2
426_APTX_P1_ENSG00000137074,APTX
4270_KANSL1_P1P2_ENSG00000120071,KANSL1
4271_KANSL2_P1P2_ENSG00000139620,KANSL2
4272_KANSL3_P1P2_ENSG00000114982,KANSL3
4273_KARS_P1P2_ENSG00000065427,KARS
4274_KAT2A_P1P2_ENSG00000108773,KAT2A
4275_KAT2B_P1P2_ENSG00000114166,KAT2B
4276_KAT5_P1P2_ENSG00000172977,KAT5
4277_KAT6A_P1P2_ENSG00000083168,KAT6A
4278_KAT6B_P1P2_ENSG00000156650,KAT6B
4279_KAT7_P1P2_ENSG00000136504,KAT7
427_AQP10_P1P2_ENSG00000143595,AQP10
4280_KAT8_P2_ENSG00000103510,KAT8
4281_KAT8_P1_ENSG00000103510,KAT8
4282_KATNA1_P1P2_ENSG00000186625,KATNA1
4283_KATNAL1_P1P2_ENSG00000102781,KATNAL1
4284_KATNB1_P1P2_ENSG00000140854,KATNB1
4285_KATNBL1_P1P2_ENSG00000134152,KATNBL1
4286_KAZALD1_P1P2_ENSG00000107821,KAZALD1
4287_KBTBD2_P1P2_ENSG00000170852,KBTBD2
4288_KBTBD3_P1P2_ENSG00000182359,KBTBD3
4289_KBTBD4_ENST00000450908.1_ENSG00000123444,KBTBD4
428_AQP3_P2_ENSG00000165272,AQP3
4290_KBTBD6_P1P2_ENSG00000165572,KBTBD6
4291_KCMF1_P1P2_ENSG00000176407,KCMF1
4292_KCNA10_ENST00000369771.2_ENSG00000143105,KCNA10
4293_KCNE3_P2_ENSG00000175538,KCNE3
4294_KCNE3_P1_ENSG00000175538,KCNE3
4295_KCNH2_P2_ENSG00000055118,KCNH2
4296_KCNH2_P1_ENSG00000055118,KCNH2
4297_KCNIP3_ENST00000468529.1_ENSG00000115041,KCNIP3
4298_KCNK5_P1P2_ENSG00000164626,KCNK5
4299_KCNMB3_P1P2_ENSG00000171121,KCNMB3
429_AQP3_P1_ENSG00000165272,AQP3
42_ABHD14A_P1P2_ENSG00000248487,ABHD14A
4300_KCNN4_P1P2_ENSG00000104783,KCNN4
4301_KCTD10_P1P2_ENSG00000110906,KCTD10
4302_KCTD13_P1P2_ENSG00000174943,KCTD13
4303_KCTD15_P1P2_ENSG00000153885,KCTD15
4304_KCTD20_P1P2_ENSG00000112078,KCTD20
4305_KCTD2_P1P2_ENSG00000180901,KCTD2
4306_KCTD3_P1P2_ENSG00000136636,KCTD3
4307_KCTD5_P1P2_ENSG00000167977,KCTD5
4308_KCTD6_P1P2_ENSG00000168301,KCTD6
4309_KCTD9_P1P2_ENSG00000104756,KCTD9
430_AQP7_P1P2_ENSG00000165269,AQP7
4310_POGLUT2_P1P2_ENSG00000134901,POGLUT2
4312_POGLUT3_P1P2_ENSG00000178202,POGLUT3
4314_KDELR1_P1P2_ENSG00000105438,KDELR1
4315_KDELR2_P1P2_ENSG00000136240,KDELR2
4316_KDELR3_P1P2_ENSG00000100196,KDELR3
4317_KDM1A_P1P2_ENSG00000004487,KDM1A
4318_KDM1B_P1P2_ENSG00000165097,KDM1B
4319_KDM2A_P1P2_ENSG00000173120,KDM2A
431_AQR_P1P2_ENSG00000021776,AQR
4320_KDM2B_ENST00000377069.4_ENSG00000089094,KDM2B
4321_KDM2B_ENST00000377071.4_ENSG00000089094,KDM2B
4322_KDM3A_P1P2_ENSG00000115548,KDM3A
4323_KDM3B_P1P2_ENSG00000120733,KDM3B
4324_KDM4A_P1P2_ENSG00000066135,KDM4A
4325_KDM4B_P1P2_ENSG00000127663,KDM4B
4326_KDM4C_P1P2_ENSG00000107077,KDM4C
4327_KDM5A_P1P2_ENSG00000073614,KDM5A
4328_KDM5B_P1P2_ENSG00000117139,KDM5B
4329_KDM5C_P1P2_ENSG00000126012,KDM5C
432_ARAF_P1P2_ENSG00000078061,ARAF
4330_KDM6A_P1P2_ENSG00000147050,KDM6A
4331_KDM8_P1P2_ENSG00000155666,KDM8
4332_KDSR_P1P2_ENSG00000119537,KDSR
4333_KEAP1_P1P2_ENSG00000079999,KEAP1
4334_KEL_P2_ENSG00000197993,KEL
4335_KEL_P1_ENSG00000197993,KEL
4336_KHDC1_ENST00000257765.5_ENSG00000135314,KHDC1
4337_KHDRBS1_P1P2_ENSG00000121774,KHDRBS1
4338_KHK_P1P2_ENSG00000138030,KHK
4339_KHNYN_P1P2_ENSG00000100441,KHNYN
433_ARAP1_P1_ENSG00000186635,ARAP1
4340_KHSRP_P1P2_ENSG00000088247,KHSRP
4341_KIAA0100_P1P2_ENSG00000007202,KIAA0100
4342_PCLAF_P1P2_ENSG00000166803,PCLAF
4343_DELE1_P1P2_ENSG00000081791,DELE1
4344_WASHC5_P1P2_ENSG00000164961,WASHC5
4345_KIAA0232_P1P2_ENSG00000170871,KIAA0232
4346_KIAA0319L_P1P2_ENSG00000142687,KIAA0319L
4347_KIAA0355_P1P2_ENSG00000166398,KIAA0355
4348_ECPAS_P1P2_ENSG00000136813,ECPAS
4349_PRORP_P1P2_ENSG00000100890,PRORP
434_ARAP1_P2_ENSG00000186635,ARAP1
4350_KIAA0513_P1P2_ENSG00000135709,KIAA0513
4351_KIAA0586_P1P2_ENSG00000100578,KIAA0586
4352_KIAA0895L_P1P2_ENSG00000196123,KIAA0895L
4353_KHDC4_P1P2_ENSG00000132680,KHDC4
4354_TMEM131L_P1P2_ENSG00000121210,TMEM131L
4355_KIAA0930_P2_ENSG00000100364,KIAA0930
4356_KIAA0930_P1_ENSG00000100364,KIAA0930
4357_ICE1_P1P2_ENSG00000164151,ICE1
4358_WASHC4_P1P2_ENSG00000136051,WASHC4
4359_KIAA1109_P1P2_ENSG00000138688,KIAA1109
435_ARCN1_P1P2_ENSG00000095139,ARCN1
4360_KIAA1143_P1P2_ENSG00000163807,KIAA1143
4361_KIAA1191_P1P2_ENSG00000122203,KIAA1191
4362_KIAA1324L_P1P2_ENSG00000164659,KIAA1324L
4363_VIRMA_P1P2_ENSG00000164944,VIRMA
4364_KIAA1522_P2_ENSG00000162522,KIAA1522
4365_KIAA1522_P1_ENSG00000162522,KIAA1522
4366_CIP2A_P1P2_ENSG00000163507,CIP2A
4367_RESF1_P1P2_ENSG00000174718,RESF1
4368_KIAA1586_P1P2_ENSG00000168116,KIAA1586
4369_LNPK_P1P2_ENSG00000144320,LNPK
436_AREG_P1P2_ENSG00000109321,AREG
4370_MFSD4B_P1P2_ENSG00000173214,MFSD4B
4371_KIAA1958_P1P2_ENSG00000165185,KIAA1958
4372_KIAA2013_P1P2_ENSG00000116685,KIAA2013
4373_KIDINS220_P1P2_ENSG00000134313,KIDINS220
4374_KIF11_P1P2_ENSG00000138160,KIF11
4375_KIF13A_P1P2_ENSG00000137177,KIF13A
4376_KIF14_P1P2_ENSG00000118193,KIF14
4377_KIF15_P1P2_ENSG00000163808,KIF15
4378_KIF16B_P1P2_ENSG00000089177,KIF16B
4379_KIF18A_P1P2_ENSG00000121621,KIF18A
437_AREL1_P1P2_ENSG00000119682,AREL1
4380_KIF18B_P1P2_ENSG00000186185,KIF18B
4381_KIF1A_P1P2_ENSG00000130294,KIF1A
4382_KIF1B_P1P2_ENSG00000054523,KIF1B
4383_KIF1C_P1P2_ENSG00000129250,KIF1C
4384_KIF20A_P1P2_ENSG00000112984,KIF20A
4385_KIF20B_P1P2_ENSG00000138182,KIF20B
4386_KIF21A_P1P2_ENSG00000139116,KIF21A
4387_KIF22_P2_ENSG00000079616,KIF22
4388_KIF22_P1_ENSG00000079616,KIF22
4389_KIF23_P1P2_ENSG00000137807,KIF23
438_ARF1_P1P2_ENSG00000143761,ARF1
4390_KIF2A_P1P2_ENSG00000068796,KIF2A
4391_KIF2C_P1P2_ENSG00000142945,KIF2C
4392_KIF3A_P1P2_ENSG00000131437,KIF3A
4393_KIF3B_P1P2_ENSG00000101350,KIF3B
4394_KIF4A_P1P2_ENSG00000090889,KIF4A
4395_KIF5B_P1P2_ENSG00000170759,KIF5B
4396_KIF9_P1P2_ENSG00000088727,KIF9
4397_KIFAP3_P1P2_ENSG00000075945,KIFAP3
4398_KIFC1_P1P2_ENSG00000237649,KIFC1
4399_KIFC2_P1P2_ENSG00000167702,KIFC2
439_ARF3_P1P2_ENSG00000134287,ARF3
43_ABHD14B_P2_ENSG00000114779,ABHD14B
4400_KIFC3_P1P2_ENSG00000140859,KIFC3
4401_KIN_P1P2_ENSG00000151657,KIN
4402_KISS1R_P1P2_ENSG00000116014,KISS1R
4403_KIT_P1P2_ENSG00000157404,KIT
4404_KLC1_P1P2_ENSG00000126214,KLC1
4405_KLC2_P1P2_ENSG00000174996,KLC2
4406_KLC4_P1P2_ENSG00000137171,KLC4
4407_KLF10_P2_ENSG00000155090,KLF10
4408_KLF10_P1_ENSG00000155090,KLF10
4409_KLF11_P1P2_ENSG00000172059,KLF11
440_ARF4_P1P2_ENSG00000168374,ARF4
4410_KLF12_P1P2_ENSG00000118922,KLF12
4411_KLF13_P1P2_ENSG00000169926,KLF13
4412_KLF14_P1P2_ENSG00000266265,KLF14
4413_KLF15_P1P2_ENSG00000163884,KLF15
4414_KLF16_P1P2_ENSG00000129911,KLF16
4415_KLF17_ENST00000372299.3_ENSG00000171872,KLF17
4416_KLF1_P1P2_ENSG00000105610,KLF1
4417_KLF2_P1P2_ENSG00000127528,KLF2
4418_KLF3_P1P2_ENSG00000109787,KLF3
4419_KLF4_P2_ENSG00000136826,KLF4
441_ARF5_P1_ENSG00000004059,ARF5
4420_KLF4_P1_ENSG00000136826,KLF4
4421_KLF5_P1P2_ENSG00000102554,KLF5
4422_KLF6_P1P2_ENSG00000067082,KLF6
4423_KLF7_P1P2_ENSG00000118263,KLF7
4424_KLF8_P1P2_ENSG00000102349,KLF8
4425_KLF9_P1P2_ENSG00000119138,KLF9
4426_KLHDC10_P1P2_ENSG00000128607,KLHDC10
4427_KLHDC2_P1P2_ENSG00000165516,KLHDC2
4428_KLHDC3_P1_ENSG00000124702,KLHDC3
4429_KLHDC3_P2_ENSG00000124702,KLHDC3
442_ARF5_P2_ENSG00000004059,ARF5
4430_KLHDC4_P1P2_ENSG00000104731,KLHDC4
4431_KLHDC8B_P1P2_ENSG00000185909,KLHDC8B
4432_KLHL11_P1P2_ENSG00000178502,KLHL11
4433_KLHL12_P1P2_ENSG00000117153,KLHL12
4434_KLHL17_P1P2_ENSG00000187961,KLHL17
4435_KLHL18_P1P2_ENSG00000114648,KLHL18
4436_KLHL20_P1P2_ENSG00000076321,KLHL20
4437_KLHL21_P1P2_ENSG00000162413,KLHL21
4438_KLHL22_P1P2_ENSG00000099910,KLHL22
4439_KLHL23_P1_ENSG00000213160,KLHL23
443_ARF6_P2_ENSG00000165527,ARF6
4440_KLHL23_P2_ENSG00000213160,KLHL23
4441_KLHL24_P1P2_ENSG00000114796,KLHL24
4442_KLHL36_P1_ENSG00000135686,KLHL36
4443_KLHL36_P2_ENSG00000135686,KLHL36
4444_KLHL42_P1P2_ENSG00000087448,KLHL42
4445_KLHL5_P1P2_ENSG00000109790,KLHL5
4446_KLHL7_P1P2_ENSG00000122550,KLHL7
4447_KLHL8_P1P2_ENSG00000145332,KLHL8
4448_KMT2A_P1P2_ENSG00000118058,KMT2A
4449_KMT2B_P1_ENSG00000272333,KMT2B
444_ARF6_P1_ENSG00000165527,ARF6
4450_KMT2B_P2_ENSG00000272333,KMT2B
4451_KMT2C_P1P2_ENSG00000055609,KMT2C
4452_KMT2D_P1P2_ENSG00000167548,KMT2D
4453_KMT2E_P1P2_ENSG00000005483,KMT2E
4454_KNOP1_P1P2_ENSG00000103550,KNOP1
4455_KNSTRN_P1P2_ENSG00000128944,KNSTRN
4456_KNTC1_P1P2_ENSG00000184445,KNTC1
4457_KPNA1_P1_ENSG00000114030,KPNA1
4458_KPNA1_P2_ENSG00000114030,KPNA1
4459_KPNA2_P1P2_ENSG00000182481,KPNA2
445_ARFGAP1_P1P2_ENSG00000101199,ARFGAP1
4460_KPNA3_P1P2_ENSG00000102753,KPNA3
4461_KPNA4_P1P2_ENSG00000186432,KPNA4
4462_KPNA5_P1P2_ENSG00000196911,KPNA5
4463_KPNA6_P1P2_ENSG00000025800,KPNA6
4464_KPNB1_P1P2_ENSG00000108424,KPNB1
4465_KPTN_P1P2_ENSG00000118162,KPTN
4466_KRAS_P1P2_ENSG00000133703,KRAS
4467_KRBA1_P1P2_ENSG00000133619,KRBA1
4468_KRCC1_P1P2_ENSG00000172086,KRCC1
4469_KREMEN2_P1P2_ENSG00000131650,KREMEN2
446_ARFGAP2_P1P2_ENSG00000149182,ARFGAP2
4470_KRI1_P1P2_ENSG00000129347,KRI1
4471_KRIT1_P1P2_ENSG00000001631,KRIT1
4472_KRR1_P1P2_ENSG00000111615,KRR1
4473_KRT10_P2_ENSG00000186395,KRT10
4474_KRT10_P1_ENSG00000186395,KRT10
4475_KRT17_P1P2_ENSG00000128422,KRT17
4476_KRT18_P1P2_ENSG00000111057,KRT18
4477_KRT19_P1P2_ENSG00000171345,KRT19
4478_KRT8_P1_ENSG00000170421,KRT8
4479_KRT8_P2_ENSG00000170421,KRT8
447_ARFGAP3_P1P2_ENSG00000242247,ARFGAP3
4480_KRTAP4-2_P1P2_ENSG00000244537,KRTAP4-2
4481_KRTAP4-7_ENST00000391417.4_ENSG00000240871,KRTAP4-7
4482_KRTCAP2_P1P2_ENSG00000163463,KRTCAP2
4483_KSR1_P1P2_ENSG00000141068,KSR1
4484_KTI12_P1P2_ENSG00000198841,KTI12
4485_KTN1_P2_ENSG00000126777,KTN1
4486_KTN1_P1_ENSG00000126777,KTN1
4487_KXD1_P1P2_ENSG00000105700,KXD1
4488_L2HGDH_P1P2_ENSG00000087299,L2HGDH
4489_L3HYPDH_P1P2_ENSG00000126790,L3HYPDH
448_ARFGEF1_P1P2_ENSG00000066777,ARFGEF1
4490_L3MBTL1_P2_ENSG00000185513,L3MBTL1
4491_L3MBTL1_P1_ENSG00000185513,L3MBTL1
4492_L3MBTL2_P1P2_ENSG00000100395,L3MBTL2
4493_L3MBTL3_P1P2_ENSG00000198945,L3MBTL3
4494_L3MBTL4_P1P2_ENSG00000154655,L3MBTL4
4495_LACTB2_P1P2_ENSG00000147592,LACTB2
4496_LACTB_P1P2_ENSG00000103642,LACTB
4497_LAGE3_P1P2_ENSG00000196976,LAGE3
4498_LAMA5_P1P2_ENSG00000130702,LAMA5
4499_LAMB1_P1P2_ENSG00000091136,LAMB1
449_ARFGEF2_P1P2_ENSG00000124198,ARFGEF2
44_ABHD14B_P1_ENSG00000114779,ABHD14B
4500_LAMB2_P1P2_ENSG00000172037,LAMB2
4501_LAMP1_P1P2_ENSG00000185896,LAMP1
4502_LAMP2_P1P2_ENSG00000005893,LAMP2
4504_LAMTOR1_P1P2_ENSG00000149357,LAMTOR1
4506_LAMTOR2_P1P2_ENSG00000116586,LAMTOR2
4507_LAMTOR3_P1P2_ENSG00000109270,LAMTOR3
4508_LAMTOR4_P1P2_ENSG00000188186,LAMTOR4
4509_LAMTOR5_P1P2_ENSG00000134248,LAMTOR5
450_ARFIP1_P1P2_ENSG00000164144,ARFIP1
4510_LANCL1_P1P2_ENSG00000115365,LANCL1
4511_LANCL2_P1P2_ENSG00000132434,LANCL2
4512_LAP3_P1P2_ENSG00000002549,LAP3
4513_LAPTM4A_P1P2_ENSG00000068697,LAPTM4A
4514_LAPTM4B_P1P2_ENSG00000104341,LAPTM4B
4515_LAPTM5_P1P2_ENSG00000162511,LAPTM5
4516_LARP1B_P1P2_ENSG00000138709,LARP1B
4517_LARP1_ENST00000336314.4_ENSG00000155506,LARP1
4518_LARP4B_ENST00000316157.3_ENSG00000107929,LARP4B
4519_LARP4_P1P2_ENSG00000161813,LARP4
451_ARFIP2_P1P2_ENSG00000132254,ARFIP2
4520_LARP7_P1P2_ENSG00000174720,LARP7
4521_LARS2_P1P2_ENSG00000011376,LARS2
4522_LARS_P1P2_ENSG00000133706,LARS
4523_LAS1L_P1P2_ENSG00000001497,LAS1L
4524_LASP1_P1P2_ENSG00000002834,LASP1
4525_LATS1_P1P2_ENSG00000131023,LATS1
4526_LBH_P1P2_ENSG00000213626,LBH
4527_LBR_P1P2_ENSG00000143815,LBR
4528_LBX1_P1P2_ENSG00000138136,LBX1
4529_LBX2_P1P2_ENSG00000179528,LBX2
452_ARFRP1_P1P2_ENSG00000101246,ARFRP1
4530_LCE1C_P1P2_ENSG00000197084,LCE1C
4531_LCE1E_P1P2_ENSG00000186226,LCE1E
4532_LCLAT1_P1P2_ENSG00000172954,LCLAT1
4533_LCMT1_P1P2_ENSG00000205629,LCMT1
4534_LCMT2_P1P2_ENSG00000168806,LCMT2
4535_LCN10_P1P2_ENSG00000187922,LCN10
4536_LCORL_P1P2_ENSG00000178177,LCORL
4537_LCOR_P1P2_ENSG00000196233,LCOR
4538_LCP1_P1P2_ENSG00000136167,LCP1
4539_LCP2_P1P2_ENSG00000043462,LCP2
453_ARG2_P1P2_ENSG00000081181,ARG2
4540_LDB1_P2_ENSG00000198728,LDB1
4541_LDB1_P1_ENSG00000198728,LDB1
4542_LDHA_P1P2_ENSG00000134333,LDHA
4543_LDHB_P1P2_ENSG00000111716,LDHB
4544_LDLRAP1_P1_ENSG00000157978,LDLRAP1
4545_LDLRAP1_P2_ENSG00000157978,LDLRAP1
4546_LDLR_P1P2_ENSG00000130164,LDLR
4547_LEF1_P2_ENSG00000138795,LEF1
4548_LEF1_P1_ENSG00000138795,LEF1
4549_LEMD2_P1P2_ENSG00000161904,LEMD2
454_ARGFX_P1P2_ENSG00000186103,ARGFX
4550_LEMD3_P1P2_ENSG00000174106,LEMD3
4551_LENG1_P1P2_ENSG00000105617,LENG1
4552_LENG8_P1P2_ENSG00000167615,LENG8
4553_LEO1_P1P2_ENSG00000166477,LEO1
4554_LEPROTL1_P1P2_ENSG00000104660,LEPROTL1
4555_LEPROT_P1P2_ENSG00000213625,LEPROT
4556_LEPR_P1P2_ENSG00000116678,LEPR
4557_LETM1_P1P2_ENSG00000168924,LETM1
4558_LETMD1_P1P2_ENSG00000050426,LETMD1
4559_LEUTX_ENST00000396841.4_ENSG00000213921,LEUTX
455_ARGLU1_P1P2_ENSG00000134884,ARGLU1
4560_LGALS1_P1_ENSG00000100097,LGALS1
4561_LGALS1_P2_ENSG00000100097,LGALS1
4562_LGALS8_P1P2_ENSG00000116977,LGALS8
4563_LGALSL_P1P2_ENSG00000119862,LGALSL
4564_LGMN_P1P2_ENSG00000100600,LGMN
4565_LGR4_P1P2_ENSG00000205213,LGR4
4566_LHPP_P1P2_ENSG00000107902,LHPP
4567_LHX1_P1P2_ENSG00000273706,LHX1
4568_LHX2_P1P2_ENSG00000106689,LHX2
4569_LHX3_P1_ENSG00000107187,LHX3
456_ARHGAP11A_P1P2_ENSG00000198826,ARHGAP11A
4570_LHX3_P2_ENSG00000107187,LHX3
4571_LHX4_P1P2_ENSG00000121454,LHX4
4572_LHX5_P1P2_ENSG00000089116,LHX5
4573_LHX6_P1_ENSG00000106852,LHX6
4574_LHX6_P2_ENSG00000106852,LHX6
4575_LHX8_P1P2_ENSG00000162624,LHX8
4576_LHX9_P1P2_ENSG00000143355,LHX9
4577_LIAS_P1P2_ENSG00000121897,LIAS
4578_LIG1_P1P2_ENSG00000105486,LIG1
4579_LIG3_P1P2_ENSG00000005156,LIG3
457_ARHGAP11B_P1P2_ENSG00000284906,ARHGAP11B
4580_LIMA1_P2_ENSG00000050405,LIMA1
4581_LIMA1_P1_ENSG00000050405,LIMA1
4582_LIMD1_P1P2_ENSG00000144791,LIMD1
4583_LIMD2_P1P2_ENSG00000136490,LIMD2
4584_LIME1_P1_ENSG00000203896,LIME1
4585_LIME1_P2_ENSG00000203896,LIME1
4586_LIMK1_P1_ENSG00000106683,LIMK1
4587_LIMK1_P2_ENSG00000106683,LIMK1
4588_LIMK2_P1P2_ENSG00000182541,LIMK2
4589_LIMS1_P1P2_ENSG00000169756,LIMS1
458_ARHGAP12_P1P2_ENSG00000165322,ARHGAP12
4590_LIN28A_P1P2_ENSG00000131914,LIN28A
4591_LIN28B_P1P2_ENSG00000187772,LIN28B
4592_LIN37_P1P2_ENSG00000267796,LIN37
4593_LIN52_P1P2_ENSG00000205659,LIN52
4594_LIN54_P2_ENSG00000189308,LIN54
4595_LIN54_P1_ENSG00000189308,LIN54
4596_LIN7B_P1P2_ENSG00000104863,LIN7B
4597_LIN7C_P1P2_ENSG00000148943,LIN7C
4598_LIN9_P1P2_ENSG00000183814,LIN9
4599_LIPH_P1P2_ENSG00000163898,LIPH
459_ARHGAP17_P1P2_ENSG00000140750,ARHGAP17
45_ABHD16A_P1P2_ENSG00000204427,ABHD16A
4600_LIPT1_P1P2_ENSG00000144182,LIPT1
4601_LITAF_P1P2_ENSG00000189067,LITAF
4602_LIX1L_P1P2_ENSG00000271601,LIX1L
4603_LLGL1_P1P2_ENSG00000131899,LLGL1
4604_LLGL2_P1_ENSG00000073350,LLGL2
4605_LLGL2_P2_ENSG00000073350,LLGL2
4606_LLPH_P1P2_ENSG00000139233,LLPH
4607_LMAN1_P1P2_ENSG00000074695,LMAN1
4608_LMAN2L_P1P2_ENSG00000114988,LMAN2L
4609_LMAN2_P1P2_ENSG00000169223,LMAN2
460_ARHGAP18_P1P2_ENSG00000146376,ARHGAP18
4610_LMBR1L_P1P2_ENSG00000139636,LMBR1L
4611_LMBR1_P1P2_ENSG00000105983,LMBR1
4612_LMBRD1_P1P2_ENSG00000168216,LMBRD1
4613_LMBRD2_P1P2_ENSG00000164187,LMBRD2
4614_LMF2_P1_ENSG00000100258,LMF2
4615_LMF2_P2_ENSG00000100258,LMF2
4616_LMNA_P1P2_ENSG00000160789,LMNA
4617_LMNB1_P1P2_ENSG00000113368,LMNB1
4618_LMNB2_P1P2_ENSG00000176619,LMNB2
4619_LMO2_P1P2_ENSG00000135363,LMO2
461_ARHGAP19_P1P2_ENSG00000213390,ARHGAP19
4620_LMO4_P1P2_ENSG00000143013,LMO4
4621_LMX1A_P1P2_ENSG00000162761,LMX1A
4622_LMX1B_P1P2_ENSG00000136944,LMX1B
4623_LNPEP_P1P2_ENSG00000113441,LNPEP
4624_LONP1_P1P2_ENSG00000196365,LONP1
4625_LONP2_P1_ENSG00000102910,LONP2
4626_LONP2_P2_ENSG00000102910,LONP2
4627_LONRF3_P1P2_ENSG00000175556,LONRF3
4628_LPA_P1P2_ENSG00000198670,LPA
4629_LPCAT1_P2_ENSG00000153395,LPCAT1
462_ARHGAP1_P1P2_ENSG00000175220,ARHGAP1
4630_LPCAT1_P1_ENSG00000153395,LPCAT1
4631_LPCAT2_P1P2_ENSG00000087253,LPCAT2
4632_LPCAT3_P1P2_ENSG00000111684,LPCAT3
4633_LPCAT4_P1P2_ENSG00000176454,LPCAT4
4634_LPGAT1_P1P2_ENSG00000123684,LPGAT1
4635_LPIN1_P1P2_ENSG00000134324,LPIN1
4636_LPIN2_P1P2_ENSG00000101577,LPIN2
4637_LPL_P1P2_ENSG00000175445,LPL
4638_LRBA_P1P2_ENSG00000198589,LRBA
4639_LRCH3_P1P2_ENSG00000186001,LRCH3
463_ARHGAP21_P1P2_ENSG00000107863,ARHGAP21
4640_LRCH4_P2_ENSG00000077454,LRCH4
4641_LRCH4_P1_ENSG00000077454,LRCH4
4642_LRFN1_P1P2_ENSG00000128011,LRFN1
4643_LRFN4_P1P2_ENSG00000173621,LRFN4
4644_LRG1_P1P2_ENSG00000171236,LRG1
4645_LRIF1_P1P2_ENSG00000121931,LRIF1
4646_LRIG2_P1P2_ENSG00000198799,LRIG2
4647_LRP10_P1P2_ENSG00000197324,LRP10
4648_LRP12_P1P2_ENSG00000147650,LRP12
4649_LRP5_P1P2_ENSG00000162337,LRP5
464_ARHGAP22_P1P2_ENSG00000128805,ARHGAP22
4650_LRP6_P1P2_ENSG00000070018,LRP6
4651_LRP8_P1P2_ENSG00000157193,LRP8
4652_LRPAP1_P1P2_ENSG00000163956,LRPAP1
4653_LRPPRC_P1P2_ENSG00000138095,LRPPRC
4654_LRR1_P1P2_ENSG00000165501,LRR1
4655_LRRC14_P1_ENSG00000160959,LRRC14
4656_LRRC14_P2_ENSG00000160959,LRRC14
4657_CARMIL1_P1P2_ENSG00000079691,CARMIL1
4658_LRRC20_P1P2_ENSG00000172731,LRRC20
4659_LRRC23_P1P2_ENSG00000010626,LRRC23
465_ARHGAP24_P1P2_ENSG00000138639,ARHGAP24
4660_LRRC28_P1P2_ENSG00000168904,LRRC28
4661_LRRC37A3_P1P2_ENSG00000176809,LRRC37A3
4662_LRRC37B_P1P2_ENSG00000185158,LRRC37B
4663_LRRC40_P1P2_ENSG00000066557,LRRC40
4664_LRRC41_P1P2_ENSG00000132128,LRRC41
4665_LRRC42_P1P2_ENSG00000116212,LRRC42
4666_LRRC45_P1P2_ENSG00000169683,LRRC45
4667_LRRC47_P2_ENSG00000130764,LRRC47
4668_LRRC47_P1_ENSG00000130764,LRRC47
4669_LRRC57_P1P2_ENSG00000180979,LRRC57
466_ARHGAP25_P1P2_ENSG00000163219,ARHGAP25
4670_LRRC58_P1P2_ENSG00000163428,LRRC58
4671_LRRC59_P1_ENSG00000108829,LRRC59
4672_LRRC59_P2_ENSG00000108829,LRRC59
4673_LRRC61_P1P2_ENSG00000127399,LRRC61
4674_LRRC8A_P1P2_ENSG00000136802,LRRC8A
4675_LRRC8B_P1P2_ENSG00000197147,LRRC8B
4676_LRRC8C_P1P2_ENSG00000171488,LRRC8C
4677_LRRC8D_P1_ENSG00000171492,LRRC8D
4678_LRRC8D_P2_ENSG00000171492,LRRC8D
4679_LRRCC1_P1P2_ENSG00000133739,LRRCC1
467_ARHGAP35_ENST00000404338.3_ENSG00000160007,ARHGAP35
4680_LRRFIP1_P1P2_ENSG00000124831,LRRFIP1
4681_LRRFIP2_P1P2_ENSG00000093167,LRRFIP2
4682_LRSAM1_P1P2_ENSG00000148356,LRSAM1
4683_LRWD1_P1P2_ENSG00000161036,LRWD1
4684_LSG1_P1P2_ENSG00000041802,LSG1
4685_LSM10_P1P2_ENSG00000181817,LSM10
4686_LSM11_P1P2_ENSG00000155858,LSM11
4687_LSM12_P1P2_ENSG00000161654,LSM12
4688_LSM14A_P1P2_ENSG00000257103,LSM14A
4689_LSM14B_P1P2_ENSG00000149657,LSM14B
468_ARHGAP4_P2_ENSG00000089820,ARHGAP4
4690_LSM1_P1P2_ENSG00000175324,LSM1
4691_LSM2_P1P2_ENSG00000204392,LSM2
4692_LSM3_P1P2_ENSG00000170860,LSM3
4693_LSM4_P1P2_ENSG00000130520,LSM4
4694_LSM5_P2_ENSG00000106355,LSM5
4695_LSM5_P1_ENSG00000106355,LSM5
4696_LSM6_P1P2_ENSG00000164167,LSM6
4697_LSM7_P1P2_ENSG00000130332,LSM7
4698_LSR_P1P2_ENSG00000105699,LSR
4699_LSS_P1P2_ENSG00000160285,LSS
469_ARHGAP4_P1_ENSG00000089820,ARHGAP4
46_ABHD17A_P1P2_ENSG00000129968,ABHD17A
4700_LST1_P1_ENSG00000204482,LST1
4701_LST1_P2_ENSG00000204482,LST1
4702_LTA4H_P1P2_ENSG00000111144,LTA4H
4703_LTB4R2_P1P2_ENSG00000213906,LTB4R2
4704_LTB4R_P1P2_ENSG00000213903,LTB4R
4705_LTBP1_P1P2_ENSG00000049323,LTBP1
4706_LTBP3_P1P2_ENSG00000168056,LTBP3
4707_LTBP4_P2_ENSG00000090006,LTBP4
4708_LTBP4_P1_ENSG00000090006,LTBP4
4709_LTBR_P1P2_ENSG00000111321,LTBR
470_ARHGAP5_P1P2_ENSG00000100852,ARHGAP5
4710_LTB_P1P2_ENSG00000227507,LTB
4711_LTF_P1P2_ENSG00000012223,LTF
4712_LTN1_P1P2_ENSG00000198862,LTN1
4713_LTV1_P1P2_ENSG00000135521,LTV1
4714_LUC7L2_P2_ENSG00000146963,LUC7L2
4715_LUC7L2_P1_ENSG00000146963,LUC7L2
4716_LUC7L3_P1P2_ENSG00000108848,LUC7L3
4717_LUC7L_P1P2_ENSG00000007392,LUC7L
4718_LURAP1_P1P2_ENSG00000171357,LURAP1
4719_LUZP1_P1P2_ENSG00000169641,LUZP1
471_ARHGAP6_P1P2_ENSG00000047648,ARHGAP6
4720_LY6E_P1P2_ENSG00000160932,LY6E
4721_LYAR_P1P2_ENSG00000145220,LYAR
4722_LYL1_P1P2_ENSG00000104903,LYL1
4723_LYN_P1P2_ENSG00000254087,LYN
4724_LYPLA1_P1P2_ENSG00000120992,LYPLA1
4725_LYPLA2_P1P2_ENSG00000011009,LYPLA2
4726_LYPLAL1_P1P2_ENSG00000143353,LYPLAL1
4727_LYRM1_P1P2_ENSG00000102897,LYRM1
4728_LYRM2_P1P2_ENSG00000083099,LYRM2
4729_LYRM4_P1P2_ENSG00000214113,LYRM4
472_ARHGDIA_P1P2_ENSG00000141522,ARHGDIA
4730_ETFRF1_P1P2_ENSG00000205707,ETFRF1
4731_LYRM7_P1P2_ENSG00000186687,LYRM7
4732_LYSMD2_P1P2_ENSG00000140280,LYSMD2
4733_LYSMD3_P1P2_ENSG00000176018,LYSMD3
4734_LYZ_P1P2_ENSG00000090382,LYZ
4735_LZIC_P1P2_ENSG00000162441,LZIC
4736_LZTFL1_P1P2_ENSG00000163818,LZTFL1
4737_LZTR1_P1P2_ENSG00000099949,LZTR1
4738_LZTS2_P2_ENSG00000107816,LZTS2
4739_LZTS2_P1_ENSG00000107816,LZTS2
473_ARHGDIB_P1P2_ENSG00000111348,ARHGDIB
4740_M6PR_P1P2_ENSG00000003056,M6PR
4741_MACC1_P1P2_ENSG00000183742,MACC1
4742_MACF1_P1P2_ENSG00000127603,MACF1
4743_MACROD1_P1P2_ENSG00000133315,MACROD1
4744_MAD1L1_P1P2_ENSG00000002822,MAD1L1
4745_MAD2L1BP_P1P2_ENSG00000124688,MAD2L1BP
4746_MAD2L1_P1P2_ENSG00000164109,MAD2L1
4747_MAD2L2_P1P2_ENSG00000116670,MAD2L2
4748_MADD_P1P2_ENSG00000110514,MADD
4749_MAEA_P2_ENSG00000090316,MAEA
474_ARHGEF10_P1P2_ENSG00000104728,ARHGEF10
4750_MAEA_P1_ENSG00000090316,MAEA
4751_MAF1_P1P2_ENSG00000179632,MAF1
4752_MAFA_P1P2_ENSG00000182759,MAFA
4753_MAFB_P1P2_ENSG00000204103,MAFB
4754_MAFF_P1P2_ENSG00000185022,MAFF
4755_MAFG_P1P2_ENSG00000197063,MAFG
4756_MAFK_P1P2_ENSG00000198517,MAFK
4757_MAF_P1P2_ENSG00000178573,MAF
4758_MAGEA12_P1P2_ENSG00000213401,MAGEA12
4759_MAGEA1_P1P2_ENSG00000198681,MAGEA1
475_ARHGEF11_P1P2_ENSG00000132694,ARHGEF11
"4760_MAGEA2_ENST00000370284.1,ENST00000393872.3,ENST00000393876.1,ENST00000543232.1_ENSG00000268606",MAGEA2
"4761_MAGEA3_ENST00000370278.3,ENST00000393902.3_ENSG00000221867",MAGEA3
4762_MAGEA6_P1P2_ENSG00000197172,MAGEA6
4763_MAGEA9B_ENST00000243314.5_ENSG00000267978,MAGEA9B
4764_MAGEB1_P2_ENSG00000214107,MAGEB1
4765_MAGEB1_P1_ENSG00000214107,MAGEB1
4766_MAGEB2_P1P2_ENSG00000099399,MAGEB2
4767_MAGEC1_P1P2_ENSG00000155495,MAGEC1
4768_MAGEC2_P1P2_ENSG00000046774,MAGEC2
4769_MAGED1_P1_ENSG00000179222,MAGED1
476_ARHGEF12_P1P2_ENSG00000196914,ARHGEF12
4770_MAGED1_P2_ENSG00000179222,MAGED1
4771_MAGED2_P1_ENSG00000102316,MAGED2
4772_MAGED2_P2_ENSG00000102316,MAGED2
4773_MAGEF1_P1P2_ENSG00000177383,MAGEF1
4774_MAGEH1_P1P2_ENSG00000187601,MAGEH1
4775_MAGI1_P1P2_ENSG00000151276,MAGI1
4776_MAGI3_P1P2_ENSG00000081026,MAGI3
4777_MAGOHB_P1P2_ENSG00000111196,MAGOHB
4778_MAGOH_P1P2_ENSG00000162385,MAGOH
4779_MAGT1_P1P2_ENSG00000102158,MAGT1
477_ARHGEF18_P1P2_ENSG00000104880,ARHGEF18
4780_MAK16_P1P2_ENSG00000198042,MAK16
4781_MALSU1_P1P2_ENSG00000156928,MALSU1
4782_MAML1_P1P2_ENSG00000161021,MAML1
4783_MAN1A1_P1P2_ENSG00000111885,MAN1A1
4784_MAN1A2_P1P2_ENSG00000198162,MAN1A2
4785_MAN1B1_P1P2_ENSG00000177239,MAN1B1
4786_MAN2A1_P1P2_ENSG00000112893,MAN2A1
4787_MAN2A2_P1P2_ENSG00000196547,MAN2A2
4788_MAN2B1_P2_ENSG00000104774,MAN2B1
4789_MAN2B1_P1_ENSG00000104774,MAN2B1
478_ARHGEF1_P1_ENSG00000076928,ARHGEF1
4790_MAN2C1_P1P2_ENSG00000140400,MAN2C1
4791_MANBAL_P1P2_ENSG00000101363,MANBAL
4792_MANBA_P1P2_ENSG00000109323,MANBA
4793_MANEAL_P1P2_ENSG00000185090,MANEAL
4794_MANEA_P1P2_ENSG00000172469,MANEA
4795_MANF_P1P2_ENSG00000145050,MANF
4796_MAP1A_P1P2_ENSG00000166963,MAP1A
4797_MAP1B_P1P2_ENSG00000131711,MAP1B
4798_MAP1LC3B_P1P2_ENSG00000140941,MAP1LC3B
4799_MAP1S_P1P2_ENSG00000130479,MAP1S
479_ARHGEF1_P2_ENSG00000076928,ARHGEF1
47_ABHD17B_P1P2_ENSG00000107362,ABHD17B
4800_MAP2K1_P1P2_ENSG00000169032,MAP2K1
4801_MAP2K2_P1P2_ENSG00000126934,MAP2K2
4802_MAP2K3_P1P2_ENSG00000034152,MAP2K3
4803_MAP2K4_P1P2_ENSG00000065559,MAP2K4
4804_MAP2K5_P1P2_ENSG00000137764,MAP2K5
4805_MAP2K7_P1P2_ENSG00000076984,MAP2K7
4806_MAP3K11_P1_ENSG00000173327,MAP3K11
4807_MAP3K11_P2_ENSG00000173327,MAP3K11
4808_MAP3K1_P1P2_ENSG00000095015,MAP3K1
4809_MAP3K2_P1P2_ENSG00000169967,MAP3K2
480_ARHGEF25_P1P2_ENSG00000240771,ARHGEF25
4810_MAP3K3_P1P2_ENSG00000198909,MAP3K3
4811_MAP3K4_P1P2_ENSG00000085511,MAP3K4
4812_MAP3K5_P1P2_ENSG00000197442,MAP3K5
4813_MAP3K6_P1P2_ENSG00000142733,MAP3K6
4814_MAP3K7_P1P2_ENSG00000135341,MAP3K7
4815_MAP3K8_P1P2_ENSG00000107968,MAP3K8
4816_MAP4K1_P1P2_ENSG00000104814,MAP4K1
4817_MAP4K2_P1P2_ENSG00000168067,MAP4K2
4818_MAP4K3_P1P2_ENSG00000011566,MAP4K3
4819_MAP4K4_P1P2_ENSG00000071054,MAP4K4
481_ARHGEF2_P1P2_ENSG00000116584,ARHGEF2
4820_MAP4K5_P1P2_ENSG00000012983,MAP4K5
4821_MAP4_P1P2_ENSG00000047849,MAP4
4822_MAP7D1_P1P2_ENSG00000116871,MAP7D1
4823_MAP7D3_P1P2_ENSG00000129680,MAP7D3
4824_MAPK11_P1P2_ENSG00000185386,MAPK11
4825_MAPK12_P1P2_ENSG00000188130,MAPK12
4826_MAPK14_P1P2_ENSG00000112062,MAPK14
4827_MAPK1IP1L_P1P2_ENSG00000168175,MAPK1IP1L
4828_MAPK1_P1P2_ENSG00000100030,MAPK1
4829_MAPK3_P1P2_ENSG00000102882,MAPK3
482_ARHGEF39_P1P2_ENSG00000137135,ARHGEF39
4830_MAPK6_P1P2_ENSG00000069956,MAPK6
4831_MAPK8IP3_P1P2_ENSG00000138834,MAPK8IP3
4832_MAPK8_P1P2_ENSG00000107643,MAPK8
4833_MAPK9_P1P2_ENSG00000050748,MAPK9
4834_MAPKAP1_P2_ENSG00000119487,MAPKAP1
4835_MAPKAP1_P1_ENSG00000119487,MAPKAP1
4836_MAPKAPK2_P1P2_ENSG00000162889,MAPKAPK2
4837_MAPKAPK3_P1P2_ENSG00000114738,MAPKAPK3
4838_MAPKAPK5_P1P2_ENSG00000089022,MAPKAPK5
4839_MAPRE1_P1P2_ENSG00000101367,MAPRE1
483_ARHGEF6_P1P2_ENSG00000129675,ARHGEF6
4840_MAPRE2_P2_ENSG00000166974,MAPRE2
4841_MAPRE2_P1_ENSG00000166974,MAPRE2
4842_MAPRE3_P1P2_ENSG00000084764,MAPRE3
4843_MAPT_P1P2_ENSG00000186868,MAPT
4844_MARCH3_P1P2_ENSG00000173926,MARCH3
4845_MARCH5_P1P2_ENSG00000198060,MARCH5
4846_MARCH6_P1P2_ENSG00000145495,MARCH6
4847_MARCH7_P1P2_ENSG00000136536,MARCH7
4848_MARCH8_P1P2_ENSG00000165406,MARCH8
4849_MARCH9_P1P2_ENSG00000139266,MARCH9
484_ARHGEF7_ENST00000370623.3_ENSG00000102606,ARHGEF7
4850_MARCKSL1_P1P2_ENSG00000175130,MARCKSL1
4851_MARK2_P2_ENSG00000072518,MARK2
4852_MARK2_P1_ENSG00000072518,MARK2
4853_MARK3_P2_ENSG00000075413,MARK3
4854_MARK3_P1_ENSG00000075413,MARK3
4855_MARK4_P1P2_ENSG00000007047,MARK4
4856_MARS2_P1P2_ENSG00000247626,MARS2
4857_MARS_P1P2_ENSG00000166986,MARS
4858_MAST1_P2_ENSG00000105613,MAST1
4859_MAST1_P1_ENSG00000105613,MAST1
485_ARHGEF9_P1P2_ENSG00000131089,ARHGEF9
4860_MAST2_P1P2_ENSG00000086015,MAST2
"4861_MAST4_ENST00000403625.2,ENST00000404260.3_ENSG00000069020",MAST4
4862_MASTL_P1P2_ENSG00000120539,MASTL
4863_MAT2A_P1P2_ENSG00000168906,MAT2A
4864_MAT2B_P2_ENSG00000038274,MAT2B
4865_MAT2B_P1_ENSG00000038274,MAT2B
4866_MATK_P1P2_ENSG00000007264,MATK
4867_MATR3_P1P2_ENSG00000280987,MATR3
4868_MAU2_P1P2_ENSG00000129933,MAU2
4869_MAVS_P1_ENSG00000088888,MAVS
486_ARID1A_P1P2_ENSG00000117713,ARID1A
4870_MAVS_P2_ENSG00000088888,MAVS
4871_MAX_P1P2_ENSG00000125952,MAX
4872_MAZ_P1P2_ENSG00000103495,MAZ
4873_MBD1_P1P2_ENSG00000141644,MBD1
4874_MBD2_P1P2_ENSG00000134046,MBD2
4875_MBD3_P1P2_ENSG00000071655,MBD3
4876_MBD4_P1P2_ENSG00000129071,MBD4
4877_MBD5_P1P2_ENSG00000204406,MBD5
4878_MBD6_P1P2_ENSG00000166987,MBD6
4879_MBIP_P1P2_ENSG00000151332,MBIP
487_ARID1B_P1_ENSG00000049618,ARID1B
4880_MBLAC2_P1P2_ENSG00000176055,MBLAC2
4881_MBNL1_P1P2_ENSG00000152601,MBNL1
4882_MBNL2_P1P2_ENSG00000139793,MBNL2
4883_MBOAT1_P1P2_ENSG00000172197,MBOAT1
4884_MBOAT2_P1P2_ENSG00000143797,MBOAT2
4885_MBOAT7_P1P2_ENSG00000125505,MBOAT7
4886_MBTD1_P1P2_ENSG00000011258,MBTD1
4887_MBTPS1_P1P2_ENSG00000140943,MBTPS1
4888_MBTPS2_P1P2_ENSG00000012174,MBTPS2
4889_MCAM_P1P2_ENSG00000076706,MCAM
488_ARID1B_P2_ENSG00000049618,ARID1B
4890_MCAT_P1P2_ENSG00000100294,MCAT
4891_MCCC1_P1P2_ENSG00000078070,MCCC1
4892_MCCC2_P1P2_ENSG00000131844,MCCC2
4893_MCEE_P1P2_ENSG00000124370,MCEE
4894_MCFD2_P1_ENSG00000180398,MCFD2
4895_MCFD2_P2_ENSG00000180398,MCFD2
4896_MCL1_P1P2_ENSG00000143384,MCL1
4897_MCM10_P1P2_ENSG00000065328,MCM10
4898_MCM2_P1P2_ENSG00000073111,MCM2
4899_MCM3AP_P1P2_ENSG00000160294,MCM3AP
489_ARID2_P1P2_ENSG00000189079,ARID2
48_ABHD2_P1P2_ENSG00000140526,ABHD2
4900_MCM3_P1P2_ENSG00000112118,MCM3
4901_MCM4_P1P2_ENSG00000104738,MCM4
4902_MCM5_P1P2_ENSG00000100297,MCM5
4903_MCM6_P1P2_ENSG00000076003,MCM6
4904_MCM7_P1P2_ENSG00000166508,MCM7
4905_MCM8_P1P2_ENSG00000125885,MCM8
4906_MCM9_P1P2_ENSG00000111877,MCM9
4907_MCMBP_P1P2_ENSG00000197771,MCMBP
4908_MCOLN1_P1P2_ENSG00000090674,MCOLN1
4909_MCPH1_P1P2_ENSG00000147316,MCPH1
490_ARID3A_P1P2_ENSG00000116017,ARID3A
4910_MCRS1_P1P2_ENSG00000187778,MCRS1
4911_MCTS1_P1P2_ENSG00000232119,MCTS1
4912_MCUR1_P1P2_ENSG00000050393,MCUR1
4913_MCU_P1P2_ENSG00000156026,MCU
4914_MDC1_P1P2_ENSG00000137337,MDC1
4915_MDH1_P1P2_ENSG00000014641,MDH1
4916_MDH2_P1P2_ENSG00000146701,MDH2
4917_MDK_P1P2_ENSG00000110492,MDK
4918_MDM1_P1P2_ENSG00000111554,MDM1
4919_MDM2_P1P2_ENSG00000135679,MDM2
491_ARID3B_P1P2_ENSG00000179361,ARID3B
4920_MDM4_P1P2_ENSG00000198625,MDM4
4921_MDN1_P1P2_ENSG00000112159,MDN1
4922_MDP1_P1P2_ENSG00000213920,MDP1
4923_ME1_P1P2_ENSG00000065833,ME1
4924_ME2_P1P2_ENSG00000082212,ME2
4925_MEA1_P1P2_ENSG00000124733,MEA1
4926_MEAF6_P1P2_ENSG00000163875,MEAF6
4927_MECOM_P1P2_ENSG00000085276,MECOM
4928_MECP2_P1P2_ENSG00000169057,MECP2
4929_MECR_P1P2_ENSG00000116353,MECR
492_ARID3C_P1P2_ENSG00000205143,ARID3C
4930_MED10_P1P2_ENSG00000133398,MED10
4931_MED11_P1P2_ENSG00000161920,MED11
4932_MED12_P1P2_ENSG00000184634,MED12
4933_MED13L_P1P2_ENSG00000123066,MED13L
4934_MED13_P1P2_ENSG00000108510,MED13
4935_MED14_P1P2_ENSG00000180182,MED14
4936_MED15_P2_ENSG00000099917,MED15
4937_MED15_P1_ENSG00000099917,MED15
4938_MED16_P1P2_ENSG00000175221,MED16
4939_MED17_P1P2_ENSG00000042429,MED17
493_ARID4A_P1P2_ENSG00000032219,ARID4A
4940_MED18_P1P2_ENSG00000130772,MED18
4941_MED19_P1P2_ENSG00000156603,MED19
4942_MED1_P1P2_ENSG00000125686,MED1
4943_MED20_P1P2_ENSG00000124641,MED20
4944_MED21_P1P2_ENSG00000152944,MED21
4945_MED22_P1P2_ENSG00000148297,MED22
4946_MED23_P1P2_ENSG00000112282,MED23
4947_MED24_P1P2_ENSG00000008838,MED24
4948_MED25_P1P2_ENSG00000104973,MED25
4949_MED26_P1P2_ENSG00000105085,MED26
494_ARID4B_P1P2_ENSG00000054267,ARID4B
4950_MED27_P1P2_ENSG00000160563,MED27
4951_MED28_P1P2_ENSG00000118579,MED28
4952_MED29_P1P2_ENSG00000063322,MED29
4953_MED30_P1P2_ENSG00000164758,MED30
4954_MED31_P1P2_ENSG00000108590,MED31
4955_MED4_P1P2_ENSG00000136146,MED4
4956_MED6_P1P2_ENSG00000133997,MED6
4957_MED7_P1P2_ENSG00000155868,MED7
4958_MED8_P1P2_ENSG00000159479,MED8
4959_MED9_P1P2_ENSG00000141026,MED9
495_ARID5A_P1P2_ENSG00000196843,ARID5A
4960_MEF2A_P1P2_ENSG00000068305,MEF2A
4961_MEF2B_P1P2_ENSG00000213999,MEF2B
4962_MEF2C_P1P2_ENSG00000081189,MEF2C
4963_MEF2D_P1P2_ENSG00000116604,MEF2D
4964_MEGF8_P1P2_ENSG00000105429,MEGF8
4965_MEIOB_P1P2_ENSG00000162039,MEIOB
4966_MEIS1_P1P2_ENSG00000143995,MEIS1
4967_MEIS2_P1P2_ENSG00000134138,MEIS2
4968_MEIS3_P2_ENSG00000105419,MEIS3
4969_MEIS3_P1_ENSG00000105419,MEIS3
496_ARID5B_ENST00000279873.7_ENSG00000150347,ARID5B
4970_MELK_P1P2_ENSG00000165304,MELK
4971_MEMO1_P2_ENSG00000162959,MEMO1
4972_MEMO1_P1_ENSG00000162959,MEMO1
4973_MEN1_P1P2_ENSG00000133895,MEN1
4974_MEOX1_P1P2_ENSG00000005102,MEOX1
4975_MEOX2_P1P2_ENSG00000106511,MEOX2
4976_MEPCE_P1P2_ENSG00000146834,MEPCE
4977_TLNRD1_P1P2_ENSG00000140406,TLNRD1
4978_MESD_P1P2_ENSG00000117899,MESD
4979_MESP1_P1P2_ENSG00000166823,MESP1
497_ARIH1_P1P2_ENSG00000166233,ARIH1
4980_MESP2_P1P2_ENSG00000188095,MESP2
4981_MEST_P2_ENSG00000106484,MEST
4982_MEST_P1_ENSG00000106484,MEST
4983_METAP1D_P1P2_ENSG00000172878,METAP1D
4984_METAP1_P1P2_ENSG00000164024,METAP1
4985_METAP2_P1P2_ENSG00000111142,METAP2
4986_METRNL_P1P2_ENSG00000176845,METRNL
4987_METRN_P1P2_ENSG00000103260,METRN
4988_EEF1AKMT2_P1P2_ENSG00000203791,EEF1AKMT2
4989_CSKMT_P1P2_ENSG00000214756,CSKMT
498_ARIH2_P1P2_ENSG00000177479,ARIH2
4990_EEF1AKNMT_P1P2_ENSG00000010165,EEF1AKNMT
4991_METTL14_P1P2_ENSG00000145388,METTL14
4992_METTL15_P2_ENSG00000169519,METTL15
4993_METTL15_P1_ENSG00000169519,METTL15
4994_METTL16_P1P2_ENSG00000127804,METTL16
4995_METTL17_P1P2_ENSG00000165792,METTL17
4996_METTL18_P1P2_ENSG00000171806,METTL18
4997_METTL1_P1P2_ENSG00000037897,METTL1
4998_METTL21A_P1P2_ENSG00000144401,METTL21A
4999_METTL22_P1P2_ENSG00000067365,METTL22
499_ARL11_P1P2_ENSG00000152213,ARL11
49_ABHD3_P1P2_ENSG00000158201,ABHD3
4_PRXL2C_P1P2_ENSG00000158122,PRXL2C
5000_METTL23_P1P2_ENSG00000181038,METTL23
5001_METTL2A_P1P2_ENSG00000087995,METTL2A
5002_METTL2B_P2_ENSG00000165055,METTL2B
5003_METTL2B_P1_ENSG00000165055,METTL2B
5004_METTL3_P1P2_ENSG00000165819,METTL3
5005_METTL4_P1P2_ENSG00000101574,METTL4
5006_METTL5_P1P2_ENSG00000138382,METTL5
5007_METTL6_P1P2_ENSG00000206562,METTL6
5008_METTL7A_P1P2_ENSG00000185432,METTL7A
5009_METTL8_P1P2_ENSG00000123600,METTL8
500_ARL13B_P1P2_ENSG00000169379,ARL13B
5010_METTL9_P1P2_ENSG00000197006,METTL9
5011_MEX3A_P1P2_ENSG00000254726,MEX3A
5012_MEX3B_P1_ENSG00000183496,MEX3B
5013_MEX3B_P2_ENSG00000183496,MEX3B
5014_MEX3C_P1P2_ENSG00000176624,MEX3C
5015_MEX3D_P1P2_ENSG00000181588,MEX3D
5016_MFAP1_P1P2_ENSG00000140259,MFAP1
5017_MFAP3_P1P2_ENSG00000037749,MFAP3
5018_MFF_P1P2_ENSG00000168958,MFF
5019_MFGE8_P1P2_ENSG00000140545,MFGE8
501_ARL14EP_P1P2_ENSG00000152219,ARL14EP
5020_MFHAS1_P1P2_ENSG00000147324,MFHAS1
5021_MFN1_P1P2_ENSG00000171109,MFN1
5022_MFN2_P1_ENSG00000116688,MFN2
5023_MFN2_P2_ENSG00000116688,MFN2
5024_MFSD10_P1P2_ENSG00000109736,MFSD10
5025_MFSD11_P1P2_ENSG00000092931,MFSD11
5026_MFSD12_P1P2_ENSG00000161091,MFSD12
5027_MFSD1_P1P2_ENSG00000118855,MFSD1
5028_MFSD2B_P1P2_ENSG00000205639,MFSD2B
5029_MFSD3_P1P2_ENSG00000167700,MFSD3
502_ARL15_P1P2_ENSG00000185305,ARL15
5030_MFSD5_P1P2_ENSG00000182544,MFSD5
5031_MFSD6_P1P2_ENSG00000151690,MFSD6
5032_MFSD8_P1P2_ENSG00000164073,MFSD8
5033_MFSD9_P1P2_ENSG00000135953,MFSD9
5034_MGAT1_P1_ENSG00000131446,MGAT1
5035_MGAT1_P2_ENSG00000131446,MGAT1
5036_MGAT2_P1P2_ENSG00000168282,MGAT2
5037_MGAT3_P1P2_ENSG00000128268,MGAT3
5038_MGAT4B_P1P2_ENSG00000161013,MGAT4B
5039_MGAT5_P1P2_ENSG00000152127,MGAT5
503_ARL16_P1P2_ENSG00000214087,ARL16
5040_MGA_P1P2_ENSG00000174197,MGA
5041_OGA_P1P2_ENSG00000198408,OGA
5042_MGME1_P1P2_ENSG00000125871,MGME1
5043_MGRN1_P1P2_ENSG00000102858,MGRN1
5044_MGST1_P1P2_ENSG00000008394,MGST1
5045_MGST2_P1P2_ENSG00000085871,MGST2
5046_MGST3_P1P2_ENSG00000143198,MGST3
5047_MIA2_P1P2_ENSG00000150527,MIA2
5048_MIA3_P2_ENSG00000154305,MIA3
5049_MIA3_P1_ENSG00000154305,MIA3
"504_ARL17A_ENST00000329240.4,ENST00000336125.5,ENST00000445552.2_ENSG00000185829",ARL17A
5050_MIB1_P1P2_ENSG00000101752,MIB1
5051_MIB2_P1P2_ENSG00000197530,MIB2
5052_MICAL1_P1P2_ENSG00000135596,MICAL1
5053_MICAL2_P1P2_ENSG00000133816,MICAL2
5054_MICAL3_P1_ENSG00000243156,MICAL3
5055_MICAL3_P2_ENSG00000243156,MICAL3
5056_MICALL1_P1P2_ENSG00000100139,MICALL1
5057_MICALL2_P1P2_ENSG00000164877,MICALL2
5058_MICA_P1P2_ENSG00000204520,MICA
5059_MICB_P2_ENSG00000204516,MICB
505_ARL1_P1P2_ENSG00000120805,ARL1
5060_MICB_P1_ENSG00000204516,MICB
5061_MICU1_P1P2_ENSG00000107745,MICU1
5062_MICU2_P1P2_ENSG00000165487,MICU2
5063_MID1IP1_P1P2_ENSG00000165175,MID1IP1
5064_MIDN_P1_ENSG00000167470,MIDN
5065_MIDN_P2_ENSG00000167470,MIDN
5066_MIEF1_P1P2_ENSG00000100335,MIEF1
5067_MIEN1_P1P2_ENSG00000141741,MIEN1
5068_MIER1_P1_ENSG00000198160,MIER1
5069_MIER1_P2_ENSG00000198160,MIER1
506_ARL2BP_P1P2_ENSG00000102931,ARL2BP
5070_MIER2_P1P2_ENSG00000105556,MIER2
5071_MIER3_P1P2_ENSG00000155545,MIER3
5072_MIF4GD_P1P2_ENSG00000125457,MIF4GD
5073_MIF_P1P2_ENSG00000240972,MIF
5074_MIIP_P1P2_ENSG00000116691,MIIP
5075_RIOX2_P1P2_ENSG00000170854,RIOX2
5076_MINK1_P1P2_ENSG00000141503,MINK1
5077_MICOS10_P1P2_ENSG00000173436,MICOS10
5078_MINPP1_P1P2_ENSG00000107789,MINPP1
5079_MIOS_P1P2_ENSG00000164654,MIOS
507_ARL2_P1P2_ENSG00000213465,ARL2
5080_MIPEP_P1P2_ENSG00000027001,MIPEP
5081_MIPOL1_P1P2_ENSG00000151338,MIPOL1
5082_MIS12_P1P2_ENSG00000167842,MIS12
5083_MIS18A_P1P2_ENSG00000159055,MIS18A
5084_MIS18BP1_P1P2_ENSG00000129534,MIS18BP1
5085_MITD1_P1P2_ENSG00000158411,MITD1
5086_MITF_P1_ENSG00000187098,MITF
5087_MITF_P2_ENSG00000187098,MITF
5088_MIXL1_P1P2_ENSG00000185155,MIXL1
5089_NIFK_P1P2_ENSG00000155438,NIFK
508_ARL3_P1P2_ENSG00000138175,ARL3
5090_MKI67_P1P2_ENSG00000148773,MKI67
5091_MKKS_P1P2_ENSG00000125863,MKKS
5092_MRTFA_P1P2_ENSG00000196588,MRTFA
5093_MKLN1_P1P2_ENSG00000128585,MKLN1
5094_MKNK1_P1_ENSG00000079277,MKNK1
5095_MKNK1_P2_ENSG00000079277,MKNK1
5096_MKNK2_P2_ENSG00000099875,MKNK2
5097_MKNK2_P1_ENSG00000099875,MKNK2
5098_MKRN1_P1P2_ENSG00000133606,MKRN1
5099_MKRN2_P1P2_ENSG00000075975,MKRN2
509_ARL4A_P1P2_ENSG00000122644,ARL4A
50_ABHD5_P1P2_ENSG00000011198,ABHD5
5100_MKRN3_P1P2_ENSG00000179455,MKRN3
5101_MKS1_P1P2_ENSG00000011143,MKS1
5102_MKX_P2_ENSG00000150051,MKX
5103_MKX_P1_ENSG00000150051,MKX
5104_MLEC_P2_ENSG00000110917,MLEC
5105_MLEC_P1_ENSG00000110917,MLEC
5106_MLF1_P1P2_ENSG00000178053,MLF1
5107_MLF2_P1P2_ENSG00000089693,MLF2
5108_MLH1_P1P2_ENSG00000076242,MLH1
5109_MLH3_P1P2_ENSG00000119684,MLH3
510_ARL4D_P1P2_ENSG00000175906,ARL4D
5110_MLLT10_P1P2_ENSG00000078403,MLLT10
5111_MLLT11_P1P2_ENSG00000213190,MLLT11
5112_MLLT1_P1P2_ENSG00000130382,MLLT1
5113_MLLT3_P1P2_ENSG00000171843,MLLT3
5114_MLLT6_P1P2_ENSG00000275023,MLLT6
5115_MLST8_P1P2_ENSG00000167965,MLST8
5116_MLXIPL_P1P2_ENSG00000009950,MLXIPL
5117_MLXIP_P1P2_ENSG00000175727,MLXIP
5118_MLX_P1P2_ENSG00000108788,MLX
5119_MLYCD_P1P2_ENSG00000103150,MLYCD
511_ARL5A_P1P2_ENSG00000162980,ARL5A
5120_MMAB_P1P2_ENSG00000139428,MMAB
5121_MMACHC_P1P2_ENSG00000132763,MMACHC
5122_MMADHC_P1P2_ENSG00000168288,MMADHC
5123_MMGT1_P1P2_ENSG00000169446,MMGT1
5124_MMP15_P1P2_ENSG00000102996,MMP15
5125_MMP17_P1P2_ENSG00000198598,MMP17
5126_MMS19_P1P2_ENSG00000155229,MMS19
5127_MMS22L_P1P2_ENSG00000146263,MMS22L
5128_MNAT1_P1P2_ENSG00000020426,MNAT1
5129_MND1_P1P2_ENSG00000121211,MND1
512_ARL5B_P1P2_ENSG00000165997,ARL5B
5130_MNT_P1P2_ENSG00000070444,MNT
5131_MNX1_P1P2_ENSG00000130675,MNX1
5132_MOB1A_P1P2_ENSG00000114978,MOB1A
5133_MOB1B_P1P2_ENSG00000173542,MOB1B
5134_MOB2_P1P2_ENSG00000182208,MOB2
5135_MOB3A_P2_ENSG00000172081,MOB3A
5136_MOB3A_P1_ENSG00000172081,MOB3A
5137_MOB3B_P1P2_ENSG00000120162,MOB3B
5138_MOB4_P1P2_ENSG00000115540,MOB4
5139_MOCOS_P1P2_ENSG00000075643,MOCOS
513_ARL6IP1_P1_ENSG00000170540,ARL6IP1
5140_MOCS1_P1P2_ENSG00000124615,MOCS1
5141_MOCS2_P1P2_ENSG00000164172,MOCS2
5142_MOCS3_P1P2_ENSG00000124217,MOCS3
5143_MOGS_P1P2_ENSG00000115275,MOGS
5144_MOG_P1P2_ENSG00000204655,MOG
5145_MOK_P1P2_ENSG00000080823,MOK
5146_MON1A_P1P2_ENSG00000164077,MON1A
5147_MON1B_P1P2_ENSG00000103111,MON1B
5148_MON2_P1P2_ENSG00000061987,MON2
5149_MORC2_P1P2_ENSG00000133422,MORC2
514_ARL6IP1_P2_ENSG00000170540,ARL6IP1
5150_MORC3_P1P2_ENSG00000159256,MORC3
5151_MORF4L1_P1P2_ENSG00000185787,MORF4L1
5152_MORF4L2_P1_ENSG00000123562,MORF4L2
5153_MORF4L2_P2_ENSG00000123562,MORF4L2
5154_MORN1_P1P2_ENSG00000116151,MORN1
5155_MORN2_P1P2_ENSG00000188010,MORN2
5156_MORN4_P1P2_ENSG00000171160,MORN4
5157_MOSPD3_P1P2_ENSG00000106330,MOSPD3
5158_MOV10_P1P2_ENSG00000155363,MOV10
5159_MPC1_P1P2_ENSG00000060762,MPC1
515_ARL6IP4_P1P2_ENSG00000182196,ARL6IP4
5160_MPC2_P1P2_ENSG00000143158,MPC2
5161_MPDU1_P1P2_ENSG00000129255,MPDU1
5162_MPG_P1P2_ENSG00000103152,MPG
5163_MPHOSPH10_P1P2_ENSG00000124383,MPHOSPH10
5164_MPHOSPH6_P1P2_ENSG00000135698,MPHOSPH6
5165_MPHOSPH8_P2_ENSG00000196199,MPHOSPH8
5166_MPHOSPH8_P1_ENSG00000196199,MPHOSPH8
5167_MPHOSPH9_P1P2_ENSG00000051825,MPHOSPH9
5168_MPI_P1P2_ENSG00000178802,MPI
5169_MPLKIP_P1P2_ENSG00000168303,MPLKIP
516_ARL6IP5_P1P2_ENSG00000144746,ARL6IP5
5170_MPND_P1P2_ENSG00000008382,MPND
5171_MPP1_P1P2_ENSG00000130830,MPP1
5172_MPP3_P1P2_ENSG00000161647,MPP3
5173_MPP5_P1P2_ENSG00000072415,MPP5
5174_MPP6_P1P2_ENSG00000105926,MPP6
5175_MPPE1_P1P2_ENSG00000154889,MPPE1
5176_MPRIP_P1P2_ENSG00000133030,MPRIP
5177_MPST_P1P2_ENSG00000128309,MPST
5178_MPV17L2_P1P2_ENSG00000254858,MPV17L2
5179_MPV17_P1P2_ENSG00000115204,MPV17
517_ARL6IP6_P1P2_ENSG00000177917,ARL6IP6
5180_MPZL1_P1P2_ENSG00000197965,MPZL1
5181_MPZ_P2_ENSG00000158887,MPZ
5182_MPZ_P1_ENSG00000158887,MPZ
5183_MR1_P1P2_ENSG00000153029,MR1
5184_MRAP2_P1P2_ENSG00000135324,MRAP2
5185_MRAS_P1P2_ENSG00000158186,MRAS
5186_MRC2_P1P2_ENSG00000011028,MRC2
5187_MRE11_P1P2_ENSG00000020922,MRE11
5188_MRFAP1L1_P1P2_ENSG00000178988,MRFAP1L1
5189_MRFAP1_P1P2_ENSG00000179010,MRFAP1
518_ARL8A_P1P2_ENSG00000143862,ARL8A
5190_MRGBP_P1P2_ENSG00000101189,MRGBP
5191_MRI1_P1P2_ENSG00000037757,MRI1
5192_MRM1_P1P2_ENSG00000278619,MRM1
5193_MRPL10_P1P2_ENSG00000159111,MRPL10
5194_MRPL11_P1P2_ENSG00000174547,MRPL11
5196_MRPL13_P1P2_ENSG00000172172,MRPL13
5197_MRPL14_P1P2_ENSG00000180992,MRPL14
5198_MRPL15_P1P2_ENSG00000137547,MRPL15
5199_MRPL16_P1P2_ENSG00000166902,MRPL16
519_ARL8B_P1P2_ENSG00000134108,ARL8B
51_ABHD6_P1P2_ENSG00000163686,ABHD6
5200_MRPL17_P1P2_ENSG00000158042,MRPL17
5201_MRPL18_P1P2_ENSG00000112110,MRPL18
5202_MRPL19_P1P2_ENSG00000115364,MRPL19
5203_MRPL1_P1P2_ENSG00000169288,MRPL1
5204_MRPL20_P1P2_ENSG00000242485,MRPL20
5205_MRPL21_P1P2_ENSG00000197345,MRPL21
5206_MRPL22_P1P2_ENSG00000082515,MRPL22
5207_MRPL23_P1P2_ENSG00000214026,MRPL23
5208_MRPL24_P1P2_ENSG00000143314,MRPL24
5209_MRPL27_P1P2_ENSG00000108826,MRPL27
520_ARMC10_P1P2_ENSG00000170632,ARMC10
5210_MRPL28_P1P2_ENSG00000086504,MRPL28
5211_MRPL2_P1P2_ENSG00000112651,MRPL2
5212_MRPL30_P2_ENSG00000185414,MRPL30
5213_MRPL30_P1_ENSG00000185414,MRPL30
5214_MRPL32_P1P2_ENSG00000106591,MRPL32
5215_MRPL33_P1P2_ENSG00000243147,MRPL33
5216_MRPL34_P1P2_ENSG00000130312,MRPL34
5217_MRPL35_P1P2_ENSG00000132313,MRPL35
5218_MRPL36_P1P2_ENSG00000171421,MRPL36
5219_MRPL37_P1P2_ENSG00000116221,MRPL37
521_ARMC1_P1P2_ENSG00000104442,ARMC1
5220_MRPL38_P1P2_ENSG00000204316,MRPL38
5221_MRPL39_P1P2_ENSG00000154719,MRPL39
5222_MRPL3_P1P2_ENSG00000114686,MRPL3
5223_MRPL40_P1P2_ENSG00000185608,MRPL40
5224_MRPL41_P1P2_ENSG00000182154,MRPL41
5225_MRPL42_P1P2_ENSG00000198015,MRPL42
5226_MRPL43_P1P2_ENSG00000055950,MRPL43
5227_MRPL44_P1P2_ENSG00000135900,MRPL44
5228_MRPL45_P1P2_ENSG00000278845,MRPL45
5229_MRPL46_P1P2_ENSG00000259494,MRPL46
522_ARMC5_P1P2_ENSG00000140691,ARMC5
5230_MRPL47_P1P2_ENSG00000136522,MRPL47
5231_MRPL48_P1P2_ENSG00000175581,MRPL48
5232_MRPL49_P1P2_ENSG00000149792,MRPL49
5233_MRPL4_P1P2_ENSG00000105364,MRPL4
5234_MRPL50_P1P2_ENSG00000136897,MRPL50
5235_MRPL51_P1P2_ENSG00000111639,MRPL51
5236_MRPL52_P1P2_ENSG00000172590,MRPL52
5237_MRPL53_P1P2_ENSG00000204822,MRPL53
5238_MRPL54_P1P2_ENSG00000183617,MRPL54
5239_MRPL55_P1P2_ENSG00000162910,MRPL55
523_ARMC6_P1P2_ENSG00000105676,ARMC6
5240_MRPL9_P1P2_ENSG00000143436,MRPL9
5241_MRPS10_P1P2_ENSG00000048544,MRPS10
5242_MRPS11_P1P2_ENSG00000181991,MRPS11
5243_MRPS12_P1P2_ENSG00000128626,MRPS12
5244_MRPS14_P1P2_ENSG00000120333,MRPS14
5245_MRPS15_P1P2_ENSG00000116898,MRPS15
5246_MRPS16_P1P2_ENSG00000182180,MRPS16
5247_MRPS17_P1P2_ENSG00000239789,MRPS17
5248_MRPS18A_P1P2_ENSG00000096080,MRPS18A
5249_MRPS18B_P1P2_ENSG00000204568,MRPS18B
524_ARMC7_P1P2_ENSG00000125449,ARMC7
5250_MRPS18C_P1P2_ENSG00000163319,MRPS18C
5251_MRPS21_P1P2_ENSG00000266472,MRPS21
5252_MRPS22_P1P2_ENSG00000175110,MRPS22
5253_MRPS23_P1P2_ENSG00000181610,MRPS23
5254_MRPS24_P1P2_ENSG00000062582,MRPS24
5255_MRPS25_P1P2_ENSG00000131368,MRPS25
5256_MRPS26_P1P2_ENSG00000125901,MRPS26
5257_MRPS27_P1P2_ENSG00000113048,MRPS27
5258_MRPS28_P1P2_ENSG00000147586,MRPS28
5259_MRPS2_P1P2_ENSG00000122140,MRPS2
525_ARMC8_P1P2_ENSG00000114098,ARMC8
5260_MRPS30_P1P2_ENSG00000112996,MRPS30
5261_MRPS31_P1P2_ENSG00000102738,MRPS31
5262_MRPS33_P1P2_ENSG00000090263,MRPS33
5263_MRPS34_P1P2_ENSG00000074071,MRPS34
5264_MRPS35_P1P2_ENSG00000061794,MRPS35
5265_MRPS36_P1P2_ENSG00000134056,MRPS36
5266_MRPS5_P1P2_ENSG00000144029,MRPS5
5267_MRPS6_P1P2_ENSG00000243927,MRPS6
5268_MRPS7_P1P2_ENSG00000125445,MRPS7
5269_MRPS9_P1P2_ENSG00000135972,MRPS9
526_ARMCX3_P1P2_ENSG00000102401,ARMCX3
5270_MRRF_P1P2_ENSG00000148187,MRRF
5271_MRS2_P1P2_ENSG00000124532,MRS2
5272_MRTO4_P1P2_ENSG00000053372,MRTO4
5273_MS4A3_P1P2_ENSG00000149516,MS4A3
5274_MS4A4A_P1P2_ENSG00000110079,MS4A4A
5275_MSANTD1_P1P2_ENSG00000188981,MSANTD1
5276_MSANTD3_P1P2_ENSG00000066697,MSANTD3
5277_MSANTD4_P1P2_ENSG00000170903,MSANTD4
5278_MSC_P1P2_ENSG00000178860,MSC
5279_MSGN1_P1P2_ENSG00000151379,MSGN1
527_ARMCX5_P1P2_ENSG00000125962,ARMCX5
5280_MSH2_P1P2_ENSG00000095002,MSH2
5281_MSH3_P1P2_ENSG00000113318,MSH3
5282_MSH5_P1P2_ENSG00000204410,MSH5
5283_MSH6_P1P2_ENSG00000116062,MSH6
5284_MSI2_P1P2_ENSG00000153944,MSI2
5285_MSL1_P1P2_ENSG00000188895,MSL1
5286_MSL2_P1P2_ENSG00000174579,MSL2
5287_MSL3_P1P2_ENSG00000005302,MSL3
5288_MSMO1_P1P2_ENSG00000052802,MSMO1
5289_MSN_P1P2_ENSG00000147065,MSN
528_ARMCX6_P1P2_ENSG00000198960,ARMCX6
5290_MSRB1_P1P2_ENSG00000198736,MSRB1
5291_MSRB2_P1P2_ENSG00000148450,MSRB2
5292_MST1_ENST00000449682.2_ENSG00000173531,MST1
5293_MSTO1_P1P2_ENSG00000125459,MSTO1
5294_MSX1_P1P2_ENSG00000163132,MSX1
5295_MSX2_P1P2_ENSG00000120149,MSX2
5296_MT1F_P1P2_ENSG00000198417,MT1F
5297_MT1X_P1P2_ENSG00000187193,MT1X
5298_MT2A_P1P2_ENSG00000125148,MT2A
5299_MTA1_P1P2_ENSG00000182979,MTA1
529_ARNT2_P1P2_ENSG00000172379,ARNT2
52_ABHD8_P1P2_ENSG00000127220,ABHD8
5300_MTA2_P1P2_ENSG00000149480,MTA2
5301_MTA3_P1P2_ENSG00000057935,MTA3
5302_MTBP_P1P2_ENSG00000172167,MTBP
5303_MTCH1_P1P2_ENSG00000137409,MTCH1
5304_MTCH2_P1P2_ENSG00000109919,MTCH2
5305_MTCP1_P1P2_ENSG00000214827,MTCP1
5306_MTDH_P1P2_ENSG00000147649,MTDH
5307_MTF1_P1P2_ENSG00000188786,MTF1
5308_MTF2_P1P2_ENSG00000143033,MTF2
5309_MTFMT_P1P2_ENSG00000103707,MTFMT
530_ARNTL2_P1P2_ENSG00000029153,ARNTL2
5310_MTFP1_P1P2_ENSG00000242114,MTFP1
5311_MTFR1L_P1P2_ENSG00000117640,MTFR1L
5312_MTFR1_P1P2_ENSG00000066855,MTFR1
5313_MTFR2_P1P2_ENSG00000146410,MTFR2
5314_MTG1_P1P2_ENSG00000148824,MTG1
5315_MTG2_P1P2_ENSG00000101181,MTG2
5316_MTHFD1L_P1P2_ENSG00000120254,MTHFD1L
5317_MTHFD1_P1P2_ENSG00000100714,MTHFD1
5318_MTHFD2L_P1P2_ENSG00000163738,MTHFD2L
5319_MTHFD2_P1_ENSG00000065911,MTHFD2
531_ARNTL_P1P2_ENSG00000133794,ARNTL
5320_MTHFD2_P2_ENSG00000065911,MTHFD2
5321_MTHFR_P1_ENSG00000177000,MTHFR
5322_MTHFR_P2_ENSG00000177000,MTHFR
5323_MTHFSD_P1P2_ENSG00000103248,MTHFSD
5324_MTHFS_P1_ENSG00000136371,MTHFS
5325_MTHFS_P2_ENSG00000136371,MTHFS
5326_MTIF2_P1P2_ENSG00000085760,MTIF2
5327_MTIF3_P1P2_ENSG00000122033,MTIF3
5328_TESMIN_P1P2_ENSG00000132749,TESMIN
5329_MTM1_P1P2_ENSG00000171100,MTM1
532_ARNT_P1P2_ENSG00000143437,ARNT
5330_MTMR12_P1P2_ENSG00000150712,MTMR12
5331_MTMR14_P1P2_ENSG00000163719,MTMR14
5332_MTMR1_P1P2_ENSG00000063601,MTMR1
5333_MTMR2_P1P2_ENSG00000087053,MTMR2
5334_MTMR3_P1P2_ENSG00000100330,MTMR3
5335_MTMR4_P2_ENSG00000108389,MTMR4
5336_MTMR4_P1_ENSG00000108389,MTMR4
5337_MTMR9_P1P2_ENSG00000104643,MTMR9
5338_MTO1_P1P2_ENSG00000135297,MTO1
5339_MTOR_P1P2_ENSG00000198793,MTOR
533_ARPC1A_P1P2_ENSG00000241685,ARPC1A
5340_MTPAP_P1P2_ENSG00000107951,MTPAP
5341_MTPN_P1P2_ENSG00000105887,MTPN
5342_MTRF1L_P1P2_ENSG00000112031,MTRF1L
5343_MTRF1_P1P2_ENSG00000120662,MTRF1
5344_MTRNR2L1_P1P2_ENSG00000256618,MTRNR2L1
5345_MTRNR2L8_P1P2_ENSG00000255823,MTRNR2L8
5346_MTRR_P1P2_ENSG00000124275,MTRR
5347_MTR_P1P2_ENSG00000116984,MTR
5348_MTX1_P1P2_ENSG00000173171,MTX1
5349_MTX2_P1P2_ENSG00000128654,MTX2
534_ARPC1B_P1P2_ENSG00000130429,ARPC1B
5350_MUL1_P1P2_ENSG00000090432,MUL1
5351_PWWP3A_P1P2_ENSG00000160953,PWWP3A
5352_MUS81_P1P2_ENSG00000172732,MUS81
5353_MUTYH_P1P2_ENSG00000132781,MUTYH
5354_MMUT_P1P2_ENSG00000146085,MMUT
5355_MVB12A_P1P2_ENSG00000141971,MVB12A
5356_MVD_P1P2_ENSG00000167508,MVD
5357_MVK_P1P2_ENSG00000110921,MVK
5358_MXD1_P1P2_ENSG00000059728,MXD1
5359_MXD3_P1P2_ENSG00000213347,MXD3
535_ARPC2_P2_ENSG00000163466,ARPC2
5360_MXD4_P1P2_ENSG00000123933,MXD4
5361_MXI1_P1_ENSG00000119950,MXI1
5362_MXI1_P2_ENSG00000119950,MXI1
5363_MXRA7_P1P2_ENSG00000182534,MXRA7
5364_MXRA8_P1P2_ENSG00000162576,MXRA8
5365_MYBBP1A_P1P2_ENSG00000132382,MYBBP1A
5366_MYBL1_P1P2_ENSG00000185697,MYBL1
5367_MYBL2_P1P2_ENSG00000101057,MYBL2
5368_MYB_P1P2_ENSG00000118513,MYB
5369_MYCBP2_P1P2_ENSG00000005810,MYCBP2
536_ARPC2_P1_ENSG00000163466,ARPC2
5370_MYCBP_P1P2_ENSG00000214114,MYCBP
5371_MYCL_P1P2_ENSG00000116990,MYCL
5372_MYCN_P1_ENSG00000134323,MYCN
5373_MYCN_P2_ENSG00000134323,MYCN
5374_MYC_P1P2_ENSG00000136997,MYC
5375_MYD88_P2_ENSG00000172936,MYD88
5376_MYD88_P1_ENSG00000172936,MYD88
5377_COPS9_P1P2_ENSG00000172428,COPS9
5378_MYEOV_P1P2_ENSG00000172927,MYEOV
5379_MYF5_P1P2_ENSG00000111049,MYF5
537_ARPC3_P1_ENSG00000111229,ARPC3
5380_MYF6_P1P2_ENSG00000111046,MYF6
5381_MYH10_P1P2_ENSG00000133026,MYH10
5382_MYH9_P1P2_ENSG00000100345,MYH9
5383_MYL12A_P1_ENSG00000101608,MYL12A
5384_MYL12A_P2_ENSG00000101608,MYL12A
5385_MYL12B_P1P2_ENSG00000118680,MYL12B
5386_MYL4_P1P2_ENSG00000198336,MYL4
5387_MYL6B_P1P2_ENSG00000196465,MYL6B
5388_MYL6_P1P2_ENSG00000092841,MYL6
5389_MYLIP_P1P2_ENSG00000007944,MYLIP
538_ARPC3_P2_ENSG00000111229,ARPC3
5390_MYLK3_P1_ENSG00000140795,MYLK3
5391_MYLK3_P2_ENSG00000140795,MYLK3
5392_MYNN_P1P2_ENSG00000085274,MYNN
5393_MYO16_ENST00000357550.2_ENSG00000041515,MYO16
5394_MYO16_ENST00000356711.2_ENSG00000041515,MYO16
5395_MYO18A_P1P2_ENSG00000196535,MYO18A
5396_MYO19_P1P2_ENSG00000278259,MYO19
5397_MYO1C_P1_ENSG00000197879,MYO1C
5398_MYO1C_P2_ENSG00000197879,MYO1C
5399_MYO1D_P1P2_ENSG00000176658,MYO1D
539_ARPC4-TTLL3_P2_nan,ARPC4-TTLL3
53_ABI1_P1P2_ENSG00000136754,ABI1
5400_MYO1H_ENST00000431443.2_ENSG00000174527,MYO1H
5401_MYO6_P1P2_ENSG00000196586,MYO6
5402_MYO9A_P1P2_ENSG00000066933,MYO9A
5403_MYO9B_P1P2_ENSG00000099331,MYO9B
5404_MYOD1_P1P2_ENSG00000129152,MYOD1
5405_MYOG_P1P2_ENSG00000122180,MYOG
5406_MYPOP_P1P2_ENSG00000176182,MYPOP
"5407_MYRFL_ENST00000299350.4,ENST00000548892.1_ENSG00000166268",MYRFL
5408_MYRF_P1_ENSG00000124920,MYRF
5409_MYRF_P2_ENSG00000124920,MYRF
540_ARPC4-TTLL3_P1_nan,ARPC4-TTLL3
5410_MYSM1_P1P2_ENSG00000162601,MYSM1
5411_MYT1L_P1P2_ENSG00000186487,MYT1L
5412_MYT1_P1P2_ENSG00000196132,MYT1
5413_MZF1_P1P2_ENSG00000099326,MZF1
5414_MZT1_P1P2_ENSG00000204899,MZT1
5415_MZT2A_P1P2_ENSG00000173272,MZT2A
5416_MZT2B_P1P2_ENSG00000152082,MZT2B
5417_N4BP1_P1P2_ENSG00000102921,N4BP1
5418_N4BP2L2_P1P2_ENSG00000244754,N4BP2L2
5419_N4BP2_P1P2_ENSG00000078177,N4BP2
541_ARPC4_P1P2_ENSG00000241553,ARPC4
5420_N6AMT1_P1P2_ENSG00000156239,N6AMT1
5421_EEF1AKMT1_P1P2_ENSG00000150456,EEF1AKMT1
5422_NAA10_P1P2_ENSG00000102030,NAA10
5423_NAA11_P1P2_ENSG00000156269,NAA11
5424_NAA15_P1P2_ENSG00000164134,NAA15
5425_NAA16_P1P2_ENSG00000172766,NAA16
5426_NAA20_P1P2_ENSG00000173418,NAA20
5427_NAA25_P1P2_ENSG00000111300,NAA25
5428_NAA30_P1P2_ENSG00000139977,NAA30
5429_NAA35_P1P2_ENSG00000135040,NAA35
542_ARPC5L_P1_ENSG00000136950,ARPC5L
5430_NAA38_P1P2_ENSG00000183011,NAA38
5431_NAA40_P1P2_ENSG00000110583,NAA40
5432_NAA50_P1P2_ENSG00000121579,NAA50
5433_NAA60_P1P2_ENSG00000122390,NAA60
5434_NAAA_P1P2_ENSG00000138744,NAAA
5435_NAB1_P1P2_ENSG00000138386,NAB1
5436_NAB2_P1P2_ENSG00000166886,NAB2
5437_NABP1_P1P2_ENSG00000173559,NABP1
5438_NABP2_P2_ENSG00000139579,NABP2
5439_NABP2_P1_ENSG00000139579,NABP2
543_ARPC5L_P2_ENSG00000136950,ARPC5L
5440_NACA2_P1P2_ENSG00000253506,NACA2
5441_NACA_P1P2_ENSG00000196531,NACA
5442_NACC1_P1P2_ENSG00000160877,NACC1
5443_NACC2_P1P2_ENSG00000148411,NACC2
5444_NADK2_P1P2_ENSG00000152620,NADK2
5445_NADK_P1_ENSG00000008130,NADK
5446_NADK_P2_ENSG00000008130,NADK
5447_NADSYN1_P1P2_ENSG00000172890,NADSYN1
5448_NAE1_P1P2_ENSG00000159593,NAE1
5449_NAF1_P1P2_ENSG00000145414,NAF1
544_ARPC5_P1P2_ENSG00000162704,ARPC5
5450_NAGA_P1P2_ENSG00000198951,NAGA
5451_NAGK_P1P2_ENSG00000124357,NAGK
5452_NAGLU_P1P2_ENSG00000108784,NAGLU
5453_NAGPA_P1P2_ENSG00000103174,NAGPA
5454_NAIF1_P1P2_ENSG00000171169,NAIF1
5455_NAMPT_P1P2_ENSG00000105835,NAMPT
5456_NANOGNB_ENST00000382119.1_ENSG00000205857,NANOGNB
5457_NANOG_P1P2_ENSG00000111704,NANOG
5458_NANP_P1P2_ENSG00000170191,NANP
5459_NANS_P1P2_ENSG00000095380,NANS
545_ARPP19_P1P2_ENSG00000128989,ARPP19
5460_NAP1L1_P1P2_ENSG00000187109,NAP1L1
5461_NAP1L4_P1P2_ENSG00000205531,NAP1L4
5462_NAPA_P1P2_ENSG00000105402,NAPA
5463_NAPEPLD_P1P2_ENSG00000161048,NAPEPLD
5464_NAPG_P1P2_ENSG00000134265,NAPG
5465_CIAO3_P1P2_ENSG00000103245,CIAO3
5466_NARF_P1P2_ENSG00000141562,NARF
5467_NARS2_P1P2_ENSG00000137513,NARS2
5468_NARS_P1P2_ENSG00000134440,NARS
5469_NASP_P1P2_ENSG00000132780,NASP
546_ARRB1_P1P2_ENSG00000137486,ARRB1
5470_NAT10_P1P2_ENSG00000135372,NAT10
5471_NAT14_P1P2_ENSG00000090971,NAT14
5472_NAA80_P1P2_ENSG00000243477,NAA80
5473_NAT8L_P1P2_ENSG00000185818,NAT8L
5474_NAT9_P1P2_ENSG00000109065,NAT9
"5475_NAV1_ENST00000295624.6,ENST00000367296.4_ENSG00000134369",NAV1
5476_NBAS_P1P2_ENSG00000151779,NBAS
5477_NBEAL1_P1P2_ENSG00000144426,NBEAL1
5478_NBEAL2_P1_ENSG00000160796,NBEAL2
5479_NBEAL2_P2_ENSG00000160796,NBEAL2
547_ARRB2_P1P2_ENSG00000141480,ARRB2
5480_NBN_P1P2_ENSG00000104320,NBN
5481_NBPF12_P1P2_ENSG00000268043,NBPF12
5482_NBPF15_P1P2_ENSG00000266338,NBPF15
5483_NBPF1_P1P2_ENSG00000219481,NBPF1
5484_NBPF3_P1P2_ENSG00000142794,NBPF3
5485_NBR1_P1P2_ENSG00000188554,NBR1
5486_NCAM2_P1P2_ENSG00000154654,NCAM2
5487_NCAPD2_P1P2_ENSG00000010292,NCAPD2
5488_NCAPD3_P1P2_ENSG00000151503,NCAPD3
5489_NCAPG2_P1P2_ENSG00000146918,NCAPG2
548_ARRDC1_P1P2_ENSG00000197070,ARRDC1
5490_NCAPG_P1P2_ENSG00000109805,NCAPG
5491_NCAPH2_P1P2_ENSG00000025770,NCAPH2
5492_NCAPH_P1P2_ENSG00000121152,NCAPH
5493_NCBP1_P1P2_ENSG00000136937,NCBP1
5494_NCBP2_P1P2_ENSG00000114503,NCBP2
5495_NCDN_P1P2_ENSG00000020129,NCDN
5496_NCK1_P1P2_ENSG00000158092,NCK1
5497_NCK2_P1P2_ENSG00000071051,NCK2
5498_NCKAP1L_P1P2_ENSG00000123338,NCKAP1L
5499_NCKAP1_P1P2_ENSG00000061676,NCKAP1
549_ARRDC2_P2_ENSG00000105643,ARRDC2
54_ABI2_P1P2_ENSG00000138443,ABI2
5500_NCKAP5L_P1P2_ENSG00000167566,NCKAP5L
5501_NCKIPSD_P1P2_ENSG00000213672,NCKIPSD
5502_NCLN_P1P2_ENSG00000125912,NCLN
5503_NCL_P2_ENSG00000115053,NCL
5504_NCL_P1_ENSG00000115053,NCL
5505_NCOA1_P1P2_ENSG00000084676,NCOA1
5506_NCOA2_P1P2_ENSG00000140396,NCOA2
5507_NCOA3_P1P2_ENSG00000124151,NCOA3
5508_NCOA4_P1P2_ENSG00000266412,NCOA4
5509_NCOA5_P1P2_ENSG00000124160,NCOA5
550_ARRDC2_P1_ENSG00000105643,ARRDC2
5510_NCOA6_P1P2_ENSG00000198646,NCOA6
5511_NCOA7_P1P2_ENSG00000111912,NCOA7
5512_NCOR1_P1P2_ENSG00000141027,NCOR1
5513_NCOR2_ENST00000405201.1_ENSG00000196498,NCOR2
"5514_NCOR2_ENST00000356219.3,ENST00000397355.1,ENST00000404621.1,ENST00000429285.2_ENSG00000196498",NCOR2
5515_NCR3LG1_P1P2_ENSG00000188211,NCR3LG1
5516_NCS1_P1P2_ENSG00000107130,NCS1
5517_NCSTN_P1P2_ENSG00000162736,NCSTN
5518_NDC1_P1P2_ENSG00000058804,NDC1
5519_NDC80_P1P2_ENSG00000080986,NDC80
551_ARRDC3_P1P2_ENSG00000113369,ARRDC3
5520_NDE1_P1_ENSG00000072864,NDE1
5521_NDE1_P2_ENSG00000072864,NDE1
5522_NDEL1_P1P2_ENSG00000166579,NDEL1
5523_NDFIP1_P1P2_ENSG00000131507,NDFIP1
5524_NDFIP2_P1P2_ENSG00000102471,NDFIP2
5525_NDOR1_P1P2_ENSG00000188566,NDOR1
5526_NDRG2_P1P2_ENSG00000165795,NDRG2
5527_NDRG3_P1P2_ENSG00000101079,NDRG3
5528_NDST1_P1P2_ENSG00000070614,NDST1
5529_NDST2_P1P2_ENSG00000166507,NDST2
552_ARRDC4_P1P2_ENSG00000140450,ARRDC4
5530_NDUFA10_P1P2_ENSG00000130414,NDUFA10
5531_NDUFA11_P1P2_ENSG00000174886,NDUFA11
5532_NDUFA12_P1P2_ENSG00000184752,NDUFA12
5533_NDUFA13_P1P2_ENSG00000186010,NDUFA13
5534_NDUFA1_P1P2_ENSG00000125356,NDUFA1
5535_NDUFA2_P1P2_ENSG00000131495,NDUFA2
5536_NDUFA3_P1P2_ENSG00000170906,NDUFA3
5537_NDUFA4_P1P2_ENSG00000189043,NDUFA4
5538_NDUFA5_P1P2_ENSG00000128609,NDUFA5
5539_NDUFA6_P1P2_ENSG00000184983,NDUFA6
553_ARSK_P1P2_ENSG00000164291,ARSK
5540_NDUFA7_P1P2_ENSG00000267855,NDUFA7
5541_NDUFA8_P1P2_ENSG00000119421,NDUFA8
5542_NDUFA9_ENST00000266544.5_ENSG00000139180,NDUFA9
5543_NDUFAB1_P1P2_ENSG00000004779,NDUFAB1
5544_NDUFAF1_P1P2_ENSG00000137806,NDUFAF1
5545_NDUFAF2_P1P2_ENSG00000164182,NDUFAF2
5546_NDUFAF3_P1P2_ENSG00000178057,NDUFAF3
5547_NDUFAF4_P1P2_ENSG00000123545,NDUFAF4
5548_NDUFAF5_P1P2_ENSG00000101247,NDUFAF5
5549_NDUFAF6_P1P2_ENSG00000156170,NDUFAF6
554_ARV1_P1P2_ENSG00000173409,ARV1
5550_NDUFAF7_P1P2_ENSG00000003509,NDUFAF7
5551_NDUFB10_P1P2_ENSG00000140990,NDUFB10
5552_NDUFB11_P1P2_ENSG00000147123,NDUFB11
5553_NDUFB1_P1P2_ENSG00000183648,NDUFB1
5554_NDUFB2_P1P2_ENSG00000090266,NDUFB2
5555_NDUFB3_P1P2_ENSG00000119013,NDUFB3
5556_NDUFB4_P1P2_ENSG00000065518,NDUFB4
5557_NDUFB5_P1P2_ENSG00000136521,NDUFB5
5558_NDUFB6_P1P2_ENSG00000165264,NDUFB6
5559_NDUFB7_P1P2_ENSG00000099795,NDUFB7
555_ARVCF_P1_ENSG00000099889,ARVCF
5560_NDUFB8_P1P2_ENSG00000166136,NDUFB8
5561_NDUFB9_P1P2_ENSG00000147684,NDUFB9
5562_NDUFC1_P2_ENSG00000109390,NDUFC1
5563_NDUFC1_P1_ENSG00000109390,NDUFC1
5564_NDUFC2_P1P2_ENSG00000151366,NDUFC2
5565_NDUFS1_P1P2_ENSG00000023228,NDUFS1
5566_NDUFS2_P1P2_ENSG00000158864,NDUFS2
5567_NDUFS3_P1P2_ENSG00000213619,NDUFS3
5568_NDUFS4_P1P2_ENSG00000164258,NDUFS4
5569_NDUFS5_P1_ENSG00000168653,NDUFS5
556_ARVCF_P2_ENSG00000099889,ARVCF
5570_NDUFS5_P2_ENSG00000168653,NDUFS5
5571_NDUFS6_P1P2_ENSG00000145494,NDUFS6
5572_NDUFS7_P1P2_ENSG00000115286,NDUFS7
5573_NDUFS8_P1P2_ENSG00000110717,NDUFS8
5574_NDUFV1_P1_ENSG00000167792,NDUFV1
5575_NDUFV1_P2_ENSG00000167792,NDUFV1
5576_NDUFV2_P1P2_ENSG00000178127,NDUFV2
5577_NDUFV3_P1P2_ENSG00000160194,NDUFV3
5578_NEBL_P1P2_ENSG00000078114,NEBL
5579_NECAB3_P2_ENSG00000125967,NECAB3
557_ARX_P1_ENSG00000004848,ARX
5580_NECAB3_P1_ENSG00000125967,NECAB3
5581_NECAP1_P1P2_ENSG00000089818,NECAP1
5582_NECAP2_P1P2_ENSG00000157191,NECAP2
5583_NEDD1_P1P2_ENSG00000139350,NEDD1
5584_NEDD4L_ENST00000400345.3_ENSG00000049759,NEDD4L
5585_NEDD4L_ENST00000357895.5_ENSG00000049759,NEDD4L
5586_NEDD4_P1P2_ENSG00000069869,NEDD4
5587_NEDD8-MDP1_P1P2_nan,NEDD8-MDP1
5588_NEDD8_P1P2_ENSG00000129559,NEDD8
5589_NEFH_P1P2_ENSG00000100285,NEFH
558_ARX_P2_ENSG00000004848,ARX
5590_NEIL2_P1P2_ENSG00000154328,NEIL2
5591_NEIL3_P1P2_ENSG00000109674,NEIL3
5592_NEK1_P1P2_ENSG00000137601,NEK1
5593_NEK2_P1P2_ENSG00000117650,NEK2
5594_NEK4_P1P2_ENSG00000114904,NEK4
5595_NEK6_P1P2_ENSG00000119408,NEK6
5596_NEK7_P1P2_ENSG00000151414,NEK7
5597_NEK9_P1P2_ENSG00000119638,NEK9
5598_NELFA_P1P2_ENSG00000185049,NELFA
5599_NELFB_P1P2_ENSG00000188986,NELFB
559_AR_P1P2_ENSG00000169083,AR
55_ABL1_ENST00000372348.2_ENSG00000097007,ABL1
5600_NELFCD_P1P2_ENSG00000101158,NELFCD
5601_NELFE_P1P2_ENSG00000204356,NELFE
5602_NEMF_P1P2_ENSG00000165525,NEMF
5603_NENF_P1P2_ENSG00000117691,NENF
5604_NES_P2_ENSG00000132688,NES
5605_NES_P1_ENSG00000132688,NES
5606_NET1_P1P2_ENSG00000173848,NET1
5607_NETO2_P1P2_ENSG00000171208,NETO2
5608_NEU1_P1P2_ENSG00000204386,NEU1
5609_NEU3_P1P2_ENSG00000162139,NEU3
560_ASAH1_P1P2_ENSG00000104763,ASAH1
5610_NEURL4_P1P2_ENSG00000215041,NEURL4
5611_NEUROD1_P1P2_ENSG00000162992,NEUROD1
5612_NEUROD2_P1P2_ENSG00000171532,NEUROD2
5613_NEUROD4_P1P2_ENSG00000123307,NEUROD4
5614_NEUROD6_P1P2_ENSG00000164600,NEUROD6
5615_NEUROG1_P1P2_ENSG00000181965,NEUROG1
5616_NEUROG2_P1P2_ENSG00000178403,NEUROG2
5617_NEUROG3_P1P2_ENSG00000122859,NEUROG3
5618_NEXN_P1P2_ENSG00000162614,NEXN
5619_NF1_P1P2_ENSG00000196712,NF1
561_ASAH2B_P1P2_ENSG00000204147,ASAH2B
5620_NF2_P1P2_ENSG00000186575,NF2
5621_NFAT5_P1P2_ENSG00000102908,NFAT5
5622_NFATC1_P1_ENSG00000131196,NFATC1
5623_NFATC1_P2_ENSG00000131196,NFATC1
5624_NFATC2IP_P1P2_ENSG00000176953,NFATC2IP
5625_NFATC2_P1_ENSG00000101096,NFATC2
5626_NFATC2_P2_ENSG00000101096,NFATC2
5627_NFATC3_P1P2_ENSG00000072736,NFATC3
5628_NFATC4_P1P2_ENSG00000100968,NFATC4
5629_NFE2L1_P1P2_ENSG00000082641,NFE2L1
562_ASAP1_P1P2_ENSG00000153317,ASAP1
5630_NFE2L2_P1_ENSG00000116044,NFE2L2
5631_NFE2L2_P2_ENSG00000116044,NFE2L2
5632_NFE2L3_P1P2_ENSG00000050344,NFE2L3
5633_NFE2_P1P2_ENSG00000123405,NFE2
5634_NFE4_P1P2_ENSG00000230257,NFE4
5635_NFIA_P1P2_ENSG00000162599,NFIA
5636_NFIB_P1P2_ENSG00000147862,NFIB
5637_NFIC_P1_ENSG00000141905,NFIC
5638_NFIC_P2_ENSG00000141905,NFIC
5639_NFIL3_P1P2_ENSG00000165030,NFIL3
563_ASAP3_P1P2_ENSG00000088280,ASAP3
5640_NFIX_P1_ENSG00000008441,NFIX
5641_NFIX_P2_ENSG00000008441,NFIX
5642_NFKB1_P1P2_ENSG00000109320,NFKB1
5643_NFKB2_P1P2_ENSG00000077150,NFKB2
5644_NFKBIA_P1_ENSG00000100906,NFKBIA
5645_NFKBIA_P2_ENSG00000100906,NFKBIA
5646_NFKBIB_P1P2_ENSG00000104825,NFKBIB
5647_NFKBID_P1_ENSG00000167604,NFKBID
5648_NFKBID_P2_ENSG00000167604,NFKBID
5649_NFKBIE_P1P2_ENSG00000146232,NFKBIE
564_ASB13_P1P2_ENSG00000196372,ASB13
5650_NFKBIL1_P1P2_ENSG00000204498,NFKBIL1
5651_NFRKB_P1P2_ENSG00000170322,NFRKB
5652_NFS1_P1P2_ENSG00000244005,NFS1
5653_NFU1_P1P2_ENSG00000169599,NFU1
5654_NFX1_P1P2_ENSG00000086102,NFX1
5655_NFXL1_P1P2_ENSG00000170448,NFXL1
5656_NFYA_P1P2_ENSG00000001167,NFYA
5657_NFYB_P1P2_ENSG00000120837,NFYB
5658_NFYC_P1P2_ENSG00000066136,NFYC
5659_NGDN_P1P2_ENSG00000129460,NGDN
565_ASB1_P1P2_ENSG00000065802,ASB1
5660_NGLY1_P1P2_ENSG00000151092,NGLY1
5661_NGRN_P1P2_ENSG00000182768,NGRN
5662_NHEJ1_P1P2_ENSG00000187736,NHEJ1
5663_NHLH1_P1P2_ENSG00000171786,NHLH1
5664_NHLH2_P1P2_ENSG00000177551,NHLH2
5665_NHLRC2_P1P2_ENSG00000196865,NHLRC2
5666_NHLRC3_P1P2_ENSG00000188811,NHLRC3
5667_NHP2_P1P2_ENSG00000145912,NHP2
5668_NIF3L1_P1P2_ENSG00000196290,NIF3L1
5669_NINJ1_P1P2_ENSG00000131669,NINJ1
566_ASB3_P1P2_ENSG00000115239,ASB3
5670_NINJ2_P2_ENSG00000171840,NINJ2
5671_NINJ2_P1_ENSG00000171840,NINJ2
5672_NIN_P1P2_ENSG00000100503,NIN
5673_NIP7_P1P2_ENSG00000132603,NIP7
5674_NIPA1_P1P2_ENSG00000170113,NIPA1
5675_NIPA2_P1P2_ENSG00000140157,NIPA2
5676_NIPAL3_P1P2_ENSG00000001461,NIPAL3
5677_NIPBL_P1P2_ENSG00000164190,NIPBL
5678_NIPSNAP1_P1P2_ENSG00000184117,NIPSNAP1
5679_NIPSNAP3A_P1P2_ENSG00000136783,NIPSNAP3A
567_ASB6_P1P2_ENSG00000148331,ASB6
5680_NISCH_P1P2_ENSG00000010322,NISCH
5681_NIT1_P1P2_ENSG00000158793,NIT1
5682_NIT2_P1P2_ENSG00000114021,NIT2
5683_NKAP_P1P2_ENSG00000101882,NKAP
5684_NKIRAS1_P1P2_ENSG00000197885,NKIRAS1
5685_NKIRAS2_P1P2_ENSG00000168256,NKIRAS2
5686_NKRF_P1P2_ENSG00000186416,NKRF
5687_NKTR_P1P2_ENSG00000114857,NKTR
5688_NKX1-1_ENST00000422806.1_ENSG00000235608,NKX1-1
5689_NKX1-2_P1P2_ENSG00000229544,NKX1-2
568_ASB7_P1P2_ENSG00000183475,ASB7
5690_NKX2-1_P1P2_ENSG00000136352,NKX2-1
5691_NKX2-2_P1P2_ENSG00000125820,NKX2-2
5692_NKX2-3_P1P2_ENSG00000119919,NKX2-3
5693_NKX2-4_P1P2_ENSG00000125816,NKX2-4
5694_NKX2-5_P1P2_ENSG00000183072,NKX2-5
5695_NKX2-6_P1P2_ENSG00000180053,NKX2-6
5696_NKX2-8_P1P2_ENSG00000136327,NKX2-8
5697_NKX3-1_P1P2_ENSG00000167034,NKX3-1
5698_NKX3-2_P1P2_ENSG00000109705,NKX3-2
5699_NKX6-1_P1P2_ENSG00000163623,NKX6-1
569_ASB8_P1P2_ENSG00000177981,ASB8
56_ABL2_P1_ENSG00000143322,ABL2
5700_NKX6-2_P1P2_ENSG00000148826,NKX6-2
5701_NKX6-3_P1P2_ENSG00000165066,NKX6-3
5702_NLE1_P1P2_ENSG00000073536,NLE1
5703_NLK_P1P2_ENSG00000087095,NLK
5704_NLN_P1P2_ENSG00000123213,NLN
5705_NLRP1_P1P2_ENSG00000091592,NLRP1
5706_NLRP2_P1P2_ENSG00000022556,NLRP2
5707_NMD3_P1P2_ENSG00000169251,NMD3
5708_NME1-NME2_P1P2_nan,NME1-NME2
5709_NME1_P2_ENSG00000239672,NME1
570_ASCC1_P1P2_ENSG00000138303,ASCC1
5710_NME1_P1_ENSG00000239672,NME1
5712_NME3_P1P2_ENSG00000103024,NME3
5713_NME4_P1P2_ENSG00000103202,NME4
5714_NME6_P1P2_ENSG00000172113,NME6
5715_NME7_P1P2_ENSG00000143156,NME7
5716_NMI_P1P2_ENSG00000123609,NMI
5717_NMNAT1_P1P2_ENSG00000173614,NMNAT1
5718_NMNAT3_P1P2_ENSG00000163864,NMNAT3
5719_NMRAL1_P1P2_ENSG00000153406,NMRAL1
571_ASCC2_P1P2_ENSG00000100325,ASCC2
5720_NMT1_P1P2_ENSG00000136448,NMT1
5721_NMT2_P1P2_ENSG00000152465,NMT2
5722_NMU_P1P2_ENSG00000109255,NMU
5723_NNMT_P1P2_ENSG00000166741,NNMT
5724_NNT_P1P2_ENSG00000112992,NNT
5725_NOA1_P1P2_ENSG00000084092,NOA1
5726_NOB1_P1P2_ENSG00000141101,NOB1
5727_NOBOX_ENST00000483238.1_ENSG00000106410,NOBOX
5728_NOBOX_ENST00000223140.5_ENSG00000106410,NOBOX
5729_NOC2L_P1P2_ENSG00000188976,NOC2L
572_ASCC3_P1P2_ENSG00000112249,ASCC3
5730_NOC3L_P1P2_ENSG00000173145,NOC3L
5731_NOC4L_P1P2_ENSG00000184967,NOC4L
5732_NOL10_P1P2_ENSG00000115761,NOL10
5733_NOL11_P1P2_ENSG00000130935,NOL11
5734_NOL12_P1P2_ENSG00000273899,NOL12
5735_NOL6_P1P2_ENSG00000165271,NOL6
5736_NOL7_P1P2_ENSG00000225921,NOL7
5737_NOL8_P1P2_ENSG00000198000,NOL8
5738_NOL9_P1P2_ENSG00000162408,NOL9
5739_NOLC1_P1P2_ENSG00000166197,NOLC1
573_ASCL1_P1P2_ENSG00000139352,ASCL1
5740_NOM1_P1P2_ENSG00000146909,NOM1
5741_NOMO1_P1P2_ENSG00000103512,NOMO1
5743_NOMO3_P1P2_ENSG00000103226,NOMO3
5744_NONO_P1P2_ENSG00000147140,NONO
5745_NOP10_P1P2_ENSG00000182117,NOP10
5746_NOP14_P1P2_ENSG00000087269,NOP14
5747_NOP16_P1P2_ENSG00000048162,NOP16
5748_NOP2_P1P2_ENSG00000111641,NOP2
5749_NOP56_P1P2_ENSG00000101361,NOP56
574_ASCL2_P1P2_ENSG00000183734,ASCL2
5750_NOP58_P1P2_ENSG00000055044,NOP58
5751_NOP9_P1P2_ENSG00000196943,NOP9
5752_NOS1AP_P1P2_ENSG00000198929,NOS1AP
5753_NOS3_P1P2_ENSG00000164867,NOS3
5754_NOSIP_P1P2_ENSG00000142546,NOSIP
5755_NOSTRIN_P1P2_ENSG00000163072,NOSTRIN
5756_NOTO_P1P2_ENSG00000214513,NOTO
5757_NOTUM_P1P2_ENSG00000185269,NOTUM
5758_NPAS1_P1P2_ENSG00000130751,NPAS1
5759_NPAS2_P1P2_ENSG00000170485,NPAS2
575_ASCL3_P1P2_ENSG00000176009,ASCL3
5760_NPAS3_P1P2_ENSG00000151322,NPAS3
5761_NPAS4_P1P2_ENSG00000174576,NPAS4
5762_NPAT_P1P2_ENSG00000149308,NPAT
5763_NPB_P1P2_ENSG00000183979,NPB
5764_NPC1_P1P2_ENSG00000141458,NPC1
5765_NPC2_P1P2_ENSG00000119655,NPC2
5766_NPEPPS_P1P2_ENSG00000141279,NPEPPS
5767_NPHP4_P1P2_ENSG00000131697,NPHP4
5768_NPLOC4_P1P2_ENSG00000182446,NPLOC4
5769_NPL_P1P2_ENSG00000135838,NPL
576_ASCL4_ENST00000342331.4_ENSG00000187855,ASCL4
5770_NPM1_P1P2_ENSG00000181163,NPM1
5771_NPM3_P1P2_ENSG00000107833,NPM3
5772_NPRL2_P1P2_ENSG00000114388,NPRL2
5773_NPRL3_P1P2_ENSG00000103148,NPRL3
5774_NPTN_P1P2_ENSG00000156642,NPTN
5775_NPW_P1P2_ENSG00000183971,NPW
5776_NQO1_P2_ENSG00000181019,NQO1
5777_NQO1_P1_ENSG00000181019,NQO1
5778_NQO2_P1P2_ENSG00000124588,NQO2
5779_NR0B1_P1P2_ENSG00000169297,NR0B1
577_ASCL5_P1P2_ENSG00000232237,ASCL5
5780_NR1D1_P1P2_ENSG00000126368,NR1D1
5781_NR1D2_P1P2_ENSG00000174738,NR1D2
5782_NR1H2_P1P2_ENSG00000131408,NR1H2
5783_NR1H3_P1_ENSG00000025434,NR1H3
5784_NR1H3_P2_ENSG00000025434,NR1H3
5785_NR1H4_P1P2_ENSG00000012504,NR1H4
5786_NR1I2_P1P2_ENSG00000144852,NR1I2
5787_NR1I3_P1P2_ENSG00000143257,NR1I3
5788_NR2C1_P1P2_ENSG00000120798,NR2C1
5789_NR2C2AP_P1P2_ENSG00000184162,NR2C2AP
578_ASF1A_P1P2_ENSG00000111875,ASF1A
5790_NR2C2_P1P2_ENSG00000177463,NR2C2
5791_NR2E1_P1P2_ENSG00000112333,NR2E1
5792_NR2E3_P1P2_ENSG00000278570,NR2E3
5793_NR2F1_P1P2_ENSG00000175745,NR2F1
5794_NR2F2_P1P2_ENSG00000185551,NR2F2
5795_NR2F6_P1P2_ENSG00000160113,NR2F6
5796_NR3C1_P1P2_ENSG00000113580,NR3C1
5797_NR3C2_P1P2_ENSG00000151623,NR3C2
5798_NR4A1_P1P2_ENSG00000123358,NR4A1
5799_NR4A2_P1_ENSG00000153234,NR4A2
579_ASF1B_P1P2_ENSG00000105011,ASF1B
57_ABL2_P2_ENSG00000143322,ABL2
5800_NR4A2_P2_ENSG00000153234,NR4A2
5801_NR4A3_P1P2_ENSG00000119508,NR4A3
5802_NR5A1_P1P2_ENSG00000136931,NR5A1
5803_NR5A2_P1_ENSG00000116833,NR5A2
5804_NR5A2_P2_ENSG00000116833,NR5A2
5805_NR6A1_P1P2_ENSG00000148200,NR6A1
5806_NRARP_P1P2_ENSG00000198435,NRARP
5807_NRAS_P1P2_ENSG00000213281,NRAS
5808_NRBF2_P1P2_ENSG00000148572,NRBF2
5809_NRBP1_P1P2_ENSG00000115216,NRBP1
580_ASH1L_P1P2_ENSG00000116539,ASH1L
5810_NRDE2_P1P2_ENSG00000119720,NRDE2
5811_NRF1_P1P2_ENSG00000106459,NRF1
5812_NRGN_P1P2_ENSG00000154146,NRGN
5813_NRIP1_P1P2_ENSG00000180530,NRIP1
5814_NRIP3_P1P2_ENSG00000175352,NRIP3
5815_NRL_P2_ENSG00000129535,NRL
5816_NRL_P1_ENSG00000129535,NRL
5817_NRM_P1P2_ENSG00000137404,NRM
5818_NRROS_P1P2_ENSG00000174004,NRROS
5819_NRSN2_P1P2_ENSG00000125841,NRSN2
581_ASH2L_P1P2_ENSG00000129691,ASH2L
5820_NRTN_ENST00000303212.2_ENSG00000171119,NRTN
5821_NSA2_P1P2_ENSG00000164346,NSA2
5822_NSD1_P1P2_ENSG00000165671,NSD1
5823_NSDHL_P1P2_ENSG00000147383,NSDHL
5824_NSFL1C_P1P2_ENSG00000088833,NSFL1C
5825_NSF_ENST00000398238.4_ENSG00000073969,NSF
5826_NSL1_P1P2_ENSG00000117697,NSL1
5827_NSMAF_P1P2_ENSG00000035681,NSMAF
5828_NSMCE1_P1P2_ENSG00000169189,NSMCE1
5829_NSMCE2_P1P2_ENSG00000156831,NSMCE2
582_ASIC4_P1P2_ENSG00000072182,ASIC4
5830_NSMCE4A_P1P2_ENSG00000107672,NSMCE4A
5831_NSMF_P1P2_ENSG00000165802,NSMF
5832_NSRP1_P1P2_ENSG00000126653,NSRP1
5833_NSUN2_P1P2_ENSG00000037474,NSUN2
5834_NSUN4_P1P2_ENSG00000117481,NSUN4
5835_NSUN5_P1P2_ENSG00000130305,NSUN5
5836_NSUN6_P1P2_ENSG00000241058,NSUN6
5837_NT5C2_P1P2_ENSG00000076685,NT5C2
5838_NT5C3A_P2_ENSG00000122643,NT5C3A
5839_NT5C3A_P1_ENSG00000122643,NT5C3A
583_ASL_P1P2_ENSG00000126522,ASL
5840_NT5C3B_P1P2_ENSG00000141698,NT5C3B
5841_NT5C_P1P2_ENSG00000125458,NT5C
5842_NT5DC1_P1P2_ENSG00000178425,NT5DC1
5843_NT5DC2_P1P2_ENSG00000168268,NT5DC2
5844_NT5DC3_P1P2_ENSG00000111696,NT5DC3
5845_NT5M_P1P2_ENSG00000205309,NT5M
5846_NTAN1_P1P2_ENSG00000157045,NTAN1
5847_NTHL1_P1P2_ENSG00000065057,NTHL1
5848_NTMT1_P1P2_ENSG00000148335,NTMT1
5849_NTPCR_P1P2_ENSG00000135778,NTPCR
584_ASMTL_P1P2_ENSG00000169093,ASMTL
5850_NTRK1_P1P2_ENSG00000198400,NTRK1
5851_NUB1_P1P2_ENSG00000013374,NUB1
5852_NUBP1_P1P2_ENSG00000103274,NUBP1
5853_NUBP2_P1P2_ENSG00000095906,NUBP2
5854_NUBPL_P1P2_ENSG00000151413,NUBPL
5855_NUCB1_P1P2_ENSG00000104805,NUCB1
5856_NUCB2_P1P2_ENSG00000070081,NUCB2
5857_NUCKS1_P1P2_ENSG00000069275,NUCKS1
5858_NUDCD1_P1P2_ENSG00000120526,NUDCD1
5859_NUDCD2_P1P2_ENSG00000170584,NUDCD2
585_GET3_P1P2_ENSG00000198356,GET3
5860_NUDCD3_P1P2_ENSG00000015676,NUDCD3
5861_NUDC_P1P2_ENSG00000090273,NUDC
5862_NUDT12_P1P2_ENSG00000112874,NUDT12
5863_NUDT14_P1P2_ENSG00000183828,NUDT14
5864_NUDT15_P1P2_ENSG00000136159,NUDT15
5865_NUDT16L1_P1P2_ENSG00000168101,NUDT16L1
5866_NUDT16_P1P2_ENSG00000198585,NUDT16
5867_NUDT19_P1P2_ENSG00000213965,NUDT19
5868_NUDT1_P1P2_ENSG00000106268,NUDT1
5869_NUDT21_P1P2_ENSG00000167005,NUDT21
586_ASNSD1_P1P2_ENSG00000138381,ASNSD1
5870_NUDT22_P1P2_ENSG00000149761,NUDT22
5871_NUDT2_P1P2_ENSG00000164978,NUDT2
5872_NUDT3_P1P2_ENSG00000272325,NUDT3
5873_NUDT4_P1P2_ENSG00000173598,NUDT4
5874_NUDT5_P1P2_ENSG00000165609,NUDT5
5875_NUDT6_P1P2_ENSG00000170917,NUDT6
5876_NUDT8_P1P2_ENSG00000167799,NUDT8
5877_NUDT9_P1P2_ENSG00000170502,NUDT9
5878_NUF2_P1P2_ENSG00000143228,NUF2
5879_NUFIP1_P1P2_ENSG00000083635,NUFIP1
587_ASNS_P1P2_ENSG00000070669,ASNS
5880_NUFIP2_P1P2_ENSG00000108256,NUFIP2
5881_NUMA1_ENST00000393695.3_ENSG00000137497,NUMA1
5882_NUMBL_P1P2_ENSG00000105245,NUMBL
5883_NUMB_P1_ENSG00000133961,NUMB
5884_NUMB_P2_ENSG00000133961,NUMB
5885_NUP107_P1P2_ENSG00000111581,NUP107
5886_NUP133_P1P2_ENSG00000069248,NUP133
5887_NUP153_P1P2_ENSG00000124789,NUP153
5888_NUP155_P1P2_ENSG00000113569,NUP155
5889_NUP160_P1P2_ENSG00000030066,NUP160
588_ASPH_P1P2_ENSG00000198363,ASPH
5890_NUP188_P1P2_ENSG00000095319,NUP188
5891_NUP205_P1P2_ENSG00000155561,NUP205
5892_NUP210_P1P2_ENSG00000132182,NUP210
5893_NUP214_P1P2_ENSG00000126883,NUP214
5894_NUP35_P1P2_ENSG00000163002,NUP35
5895_NUP37_P1P2_ENSG00000075188,NUP37
5896_NUP43_P1P2_ENSG00000120253,NUP43
5897_NUP50_P1P2_ENSG00000093000,NUP50
5898_NUP54_P1P2_ENSG00000138750,NUP54
5899_NUP62CL_P1P2_ENSG00000198088,NUP62CL
589_ASPM_P1P2_ENSG00000066279,ASPM
58_ABO_P1_ENSG00000175164,ABO
5900_NUP62_P1P2_ENSG00000213024,NUP62
5901_NUP85_P1P2_ENSG00000125450,NUP85
5902_NUP88_P1P2_ENSG00000108559,NUP88
5903_NUP93_P1P2_ENSG00000102900,NUP93
5904_NUP98_P1P2_ENSG00000110713,NUP98
5905_NUP42_P1P2_ENSG00000136243,NUP42
5906_NUS1_P1P2_ENSG00000153989,NUS1
5907_NUSAP1_P1P2_ENSG00000137804,NUSAP1
5908_NUTF2_P1P2_ENSG00000102898,NUTF2
5909_NVL_P1P2_ENSG00000143748,NVL
590_ASPSCR1_P1P2_ENSG00000169696,ASPSCR1
5910_NXF1_P1_ENSG00000162231,NXF1
5911_NXF1_P2_ENSG00000162231,NXF1
5912_NXT1_P1P2_ENSG00000132661,NXT1
5913_NXT2_P1P2_ENSG00000101888,NXT2
5914_OAF_P1P2_ENSG00000184232,OAF
5915_OARD1_P1P2_ENSG00000124596,OARD1
5916_OAT_P1P2_ENSG00000065154,OAT
5917_OAZ1_P1P2_ENSG00000104904,OAZ1
5918_OAZ2_P1P2_ENSG00000180304,OAZ2
5919_STN1_P1P2_ENSG00000107960,STN1
591_ASRGL1_P1P2_ENSG00000162174,ASRGL1
5920_OBSL1_P1P2_ENSG00000124006,OBSL1
5921_OCEL1_P1P2_ENSG00000099330,OCEL1
5922_OCIAD1_P1P2_ENSG00000109180,OCIAD1
5923_ODC1_P1P2_ENSG00000115758,ODC1
5924_ODF2L_P1P2_ENSG00000122417,ODF2L
5925_ODF2_P1P2_ENSG00000136811,ODF2
5926_OFD1_P1P2_ENSG00000046651,OFD1
5927_OGDH_P1P2_ENSG00000105953,OGDH
5928_OGFOD1_P1P2_ENSG00000087263,OGFOD1
5929_OGFOD2_P1P2_ENSG00000111325,OGFOD2
5930_OGFOD3_P1P2_ENSG00000181396,OGFOD3
5931_OGFR_P1P2_ENSG00000060491,OGFR
5932_OGG1_P1P2_ENSG00000114026,OGG1
5933_OGT_P1P2_ENSG00000147162,OGT
5934_OIP5_P1P2_ENSG00000104147,OIP5
5935_OLA1_P1P2_ENSG00000138430,OLA1
5936_OLFML3_P1P2_ENSG00000116774,OLFML3
5937_OLIG1_P1P2_ENSG00000184221,OLIG1
5938_OLIG2_P1P2_ENSG00000205927,OLIG2
5939_OLIG3_P1P2_ENSG00000177468,OLIG3
5940_OMA1_P1P2_ENSG00000162600,OMA1
5941_ONECUT1_P1P2_ENSG00000169856,ONECUT1
5942_ONECUT2_P1P2_ENSG00000119547,ONECUT2
5943_ONECUT3_P1P2_ENSG00000205922,ONECUT3
5944_OPA1_P1P2_ENSG00000198836,OPA1
5945_OPA3_P1_ENSG00000125741,OPA3
5946_OPA3_P2_ENSG00000125741,OPA3
5947_OPLAH_P1P2_ENSG00000178814,OPLAH
5948_OPN3_P1P2_ENSG00000054277,OPN3
5949_OR1D2_ENST00000331459.1_ENSG00000184166,OR1D2
594_INTS13_P1P2_ENSG00000064102,INTS13
5950_OR1E2_ENST00000248384.1_ENSG00000127780,OR1E2
5951_OR2A1_ENST00000408951.1_ENSG00000221970,OR2A1
5952_OR2T29_ENST00000328570.3_ENSG00000182783,OR2T29
5953_OR2T5_ENST00000366473.2_ENSG00000203661,OR2T5
5954_OR4F4_ENST00000326183.3_ENSG00000177693,OR4F4
5955_OR4K1_ENST00000285600.4_ENSG00000155249,OR4K1
5956_OR4N2_ENST00000315947.1_ENSG00000176294,OR4N2
5957_OR51B4_ENST00000380224.1_ENSG00000183251,OR51B4
5958_OR51B5_ENST00000300773.2_ENSG00000167355,OR51B5
5959_OR7A10_ENST00000248058.1_ENSG00000127515,OR7A10
595_ASXL1_P1P2_ENSG00000171456,ASXL1
5960_OR7A17_ENST00000327462.2_ENSG00000185385,OR7A17
5961_ORAI1_P1P2_ENSG00000276045,ORAI1
5962_ORAI2_P1P2_ENSG00000160991,ORAI2
5963_ORAI3_P1P2_ENSG00000175938,ORAI3
5964_LTO1_P1P2_ENSG00000149716,LTO1
5965_ORC1_P1P2_ENSG00000085840,ORC1
5966_ORC2_P1P2_ENSG00000115942,ORC2
5967_ORC3_P1P2_ENSG00000135336,ORC3
5968_ORC4_P1P2_ENSG00000115947,ORC4
5969_ORC5_P1P2_ENSG00000164815,ORC5
596_ASXL2_P1P2_ENSG00000143970,ASXL2
5970_ORC6_P1P2_ENSG00000091651,ORC6
5971_ORMDL1_P1P2_ENSG00000128699,ORMDL1
5972_ORMDL2_P1P2_ENSG00000123353,ORMDL2
5973_ORMDL3_P1P2_ENSG00000172057,ORMDL3
5974_OS9_P1P2_ENSG00000135506,OS9
"5975_OSBP2_ENST00000332585.6,ENST00000446658.2_ENSG00000184792",OSBP2
5976_OSBPL11_P1P2_ENSG00000144909,OSBPL11
5977_OSBPL2_P1P2_ENSG00000130703,OSBPL2
5978_OSBPL3_P1P2_ENSG00000070882,OSBPL3
5979_OSBPL5_P1P2_ENSG00000021762,OSBPL5
597_ATAD1_P1P2_ENSG00000138138,ATAD1
5980_OSBPL6_P1P2_ENSG00000079156,OSBPL6
5981_OSBPL8_P1P2_ENSG00000091039,OSBPL8
5982_OSBPL9_P1P2_ENSG00000117859,OSBPL9
5983_OSBP_P1P2_ENSG00000110048,OSBP
5984_OSER1_P1P2_ENSG00000132823,OSER1
5985_OSGEP_P1P2_ENSG00000092094,OSGEP
5986_OSGIN2_P1P2_ENSG00000164823,OSGIN2
5987_OSR1_P1P2_ENSG00000143867,OSR1
5988_OSR2_P1P2_ENSG00000164920,OSR2
5989_OST4_P1P2_ENSG00000228474,OST4
598_ATAD2B_P1P2_ENSG00000119778,ATAD2B
5990_OSTC_P1P2_ENSG00000198856,OSTC
5991_OSTF1_P1P2_ENSG00000134996,OSTF1
5992_OSTM1_P1P2_ENSG00000081087,OSTM1
5993_OTOP1_P1P2_ENSG00000163982,OTOP1
5994_OTP_P1P2_ENSG00000171540,OTP
5995_OTUB1_P1P2_ENSG00000167770,OTUB1
5996_OTUD4_P1P2_ENSG00000164164,OTUD4
5997_OTUD5_P1P2_ENSG00000068308,OTUD5
5998_OTUD6B_P1P2_ENSG00000155100,OTUD6B
5999_OTUD7B_P1P2_ENSG00000264522,OTUD7B
599_ATAD2_P1P2_ENSG00000156802,ATAD2
59_ABO_P2_ENSG00000175164,ABO
5_AAGAB_P1P2_ENSG00000103591,AAGAB
6000_OTX1_P1P2_ENSG00000115507,OTX1
6001_OTX2_P1P2_ENSG00000165588,OTX2
6002_OVCA2_P1P2_ENSG00000262664,OVCA2
6003_OVOL1_P1P2_ENSG00000172818,OVOL1
6004_OVOL2_P1P2_ENSG00000125850,OVOL2
6005_OVOL3_ENST00000262637.4_ENSG00000105261,OVOL3
6006_OXA1L_P1P2_ENSG00000155463,OXA1L
6007_OXCT1_P1P2_ENSG00000083720,OXCT1
6008_OXLD1_P1P2_ENSG00000204237,OXLD1
6009_OXNAD1_P2_ENSG00000154814,OXNAD1
600_ATAD3A_P1P2_ENSG00000197785,ATAD3A
6010_OXNAD1_P1_ENSG00000154814,OXNAD1
6011_OXR1_ENST00000312046.6_ENSG00000164830,OXR1
6012_OXSM_P1P2_ENSG00000151093,OXSM
6013_OXSR1_P1P2_ENSG00000172939,OXSR1
6014_P2RX1_P1P2_ENSG00000108405,P2RX1
6015_P2RX4_P1P2_ENSG00000135124,P2RX4
6016_P2RX5_P1P2_ENSG00000083454,P2RX5
6017_P2RY1_P1P2_ENSG00000169860,P2RY1
6018_P4HA1_P1P2_ENSG00000122884,P4HA1
6019_P4HA2_P1P2_ENSG00000072682,P4HA2
601_ATAD3B_P1_ENSG00000160072,ATAD3B
6020_P4HB_P1P2_ENSG00000185624,P4HB
6021_PA2G4_P1P2_ENSG00000170515,PA2G4
6022_PAAF1_P1P2_ENSG00000175575,PAAF1
6023_PABPC1L_P1P2_ENSG00000101104,PABPC1L
6024_PABPC1_P1P2_ENSG00000070756,PABPC1
6025_PABPC4_P1P2_ENSG00000090621,PABPC4
6026_PABPN1_P1P2_ENSG00000100836,PABPN1
6027_PACRGL_P1P2_ENSG00000163138,PACRGL
6028_PACS1_P1P2_ENSG00000175115,PACS1
6029_PACS2_P1P2_ENSG00000179364,PACS2
602_ATAD5_P1P2_ENSG00000176208,ATAD5
6030_PACSIN2_P1P2_ENSG00000100266,PACSIN2
6031_PACSIN3_P1P2_ENSG00000165912,PACSIN3
6032_PAF1_P1P2_ENSG00000006712,PAF1
6033_PAFAH1B1_P1P2_ENSG00000007168,PAFAH1B1
6034_PAFAH1B2_P1P2_ENSG00000168092,PAFAH1B2
6035_PAFAH1B3_P1P2_ENSG00000079462,PAFAH1B3
6036_PAGE1_P1P2_ENSG00000068985,PAGE1
6037_PAGE2B_P1P2_ENSG00000238269,PAGE2B
6038_PAGE5_P1P2_ENSG00000158639,PAGE5
6039_PAGR1_P1P2_ENSG00000280789,PAGR1
603_ATE1_P1P2_ENSG00000107669,ATE1
6040_PAICS_P1P2_ENSG00000128050,PAICS
6041_PAIP1_P1P2_ENSG00000172239,PAIP1
6042_PAIP2_P1P2_ENSG00000120727,PAIP2
6043_PAK1IP1_P1P2_ENSG00000111845,PAK1IP1
6044_PAK1_ENST00000356341.3_ENSG00000149269,PAK1
6045_PAK2_P1P2_ENSG00000180370,PAK2
6046_PAK4_P1P2_ENSG00000130669,PAK4
6047_PALB2_P1P2_ENSG00000083093,PALB2
6048_PALM3_ENST00000340790.4_ENSG00000187867,PALM3
6049_PALM_P1P2_ENSG00000099864,PALM
604_ATF1_P1P2_ENSG00000123268,ATF1
6050_PAM16_P1P2_ENSG00000217930,PAM16
6051_PAM_ENST00000304400.7_ENSG00000145730,PAM
6052_PAM_ENST00000438793.3_ENSG00000145730,PAM
6053_PAN2_P1P2_ENSG00000135473,PAN2
6054_PAN3_P1P2_ENSG00000152520,PAN3
6055_PANK2_P1P2_ENSG00000125779,PANK2
6056_PANK3_P1P2_ENSG00000120137,PANK3
6057_PANK4_P1P2_ENSG00000157881,PANK4
6058_PANX1_P1P2_ENSG00000110218,PANX1
6059_TENT2_P1P2_ENSG00000164329,TENT2
605_ATF2_P1P2_ENSG00000115966,ATF2
6060_TENT4B_P1P2_ENSG00000121274,TENT4B
6061_TENT4A_ENST00000230859.6_ENSG00000112941,TENT4A
6062_PAPOLA_P1P2_ENSG00000090060,PAPOLA
6063_PAPOLG_P1P2_ENSG00000115421,PAPOLG
6064_PAPSS1_P1P2_ENSG00000138801,PAPSS1
6065_PAQR3_P1P2_ENSG00000163291,PAQR3
6066_PAQR4_P1P2_ENSG00000162073,PAQR4
6067_PAQR8_P1P2_ENSG00000170915,PAQR8
6068_PARD3_P1P2_ENSG00000148498,PARD3
6069_PARD6B_P1P2_ENSG00000124171,PARD6B
606_ATF3_P1P2_ENSG00000162772,ATF3
6070_PARG_ENST00000402038.3_ENSG00000227345,PARG
6071_PARK7_P1P2_ENSG00000116288,PARK7
6072_PARL_P1P2_ENSG00000175193,PARL
6073_PARN_P1P2_ENSG00000140694,PARN
6074_PARP12_P1P2_ENSG00000059378,PARP12
6075_PARP14_P1P2_ENSG00000173193,PARP14
6076_PARP1_P1P2_ENSG00000143799,PARP1
6077_PARP2_P1P2_ENSG00000129484,PARP2
6078_PARP4_P1P2_ENSG00000102699,PARP4
6079_PARP6_P1P2_ENSG00000137817,PARP6
607_ATF4_P1P2_ENSG00000128272,ATF4
6080_PARPBP_P1P2_ENSG00000185480,PARPBP
6081_PARS2_P1P2_ENSG00000162396,PARS2
6082_PARVB_P1P2_ENSG00000188677,PARVB
6083_PASD1_P1P2_ENSG00000166049,PASD1
6084_PASK_P1P2_ENSG00000115687,PASK
6085_PATL1_P1P2_ENSG00000166889,PATL1
6086_PATZ1_P2_ENSG00000100105,PATZ1
6087_PATZ1_P1_ENSG00000100105,PATZ1
6088_PAX1_P1P2_ENSG00000125813,PAX1
6089_PAX2_P1P2_ENSG00000075891,PAX2
608_ATF5_P1P2_ENSG00000169136,ATF5
6090_PAX3_P1P2_ENSG00000135903,PAX3
6091_PAX4_ENST00000341640.2_ENSG00000106331,PAX4
6092_PAX5_P1P2_ENSG00000196092,PAX5
6093_PAX6_P1P2_ENSG00000007372,PAX6
6094_PAX7_P1P2_ENSG00000009709,PAX7
6095_PAX8_P1P2_ENSG00000125618,PAX8
6096_PAX9_P2_ENSG00000198807,PAX9
6097_PAX9_P1_ENSG00000198807,PAX9
6098_PAXBP1_P1P2_ENSG00000159086,PAXBP1
6099_PAXIP1_P1P2_ENSG00000157212,PAXIP1
609_ATF6B_P1P2_ENSG00000213676,ATF6B
60_ABRACL_P1P2_ENSG00000146386,ABRACL
6100_PBDC1_P1P2_ENSG00000102390,PBDC1
6101_PBK_P1P2_ENSG00000168078,PBK
6102_PBRM1_P1P2_ENSG00000163939,PBRM1
6103_PBX1_P1P2_ENSG00000185630,PBX1
6104_PBX2_P1P2_ENSG00000204304,PBX2
6105_PBX3_P1P2_ENSG00000167081,PBX3
6106_PBX4_P1P2_ENSG00000105717,PBX4
6107_PBXIP1_P1P2_ENSG00000163346,PBXIP1
6108_PCBD1_P1P2_ENSG00000166228,PCBD1
6109_PCBD2_P1P2_ENSG00000132570,PCBD2
610_ATF6_P1P2_ENSG00000118217,ATF6
6110_PCBP1_P1P2_ENSG00000169564,PCBP1
6111_PCBP2_P1_ENSG00000197111,PCBP2
6112_PCBP2_P2_ENSG00000197111,PCBP2
6113_PCBP4_P2_ENSG00000090097,PCBP4
6115_PCCA_P1P2_ENSG00000175198,PCCA
6116_PCCB_P1_ENSG00000114054,PCCB
6117_PCCB_P2_ENSG00000114054,PCCB
6118_PCED1A_P1P2_ENSG00000132635,PCED1A
6119_PCF11_P1P2_ENSG00000165494,PCF11
611_ATF7IP2_P1P2_ENSG00000166669,ATF7IP2
6120_PCGF1_P1P2_ENSG00000115289,PCGF1
6121_PCGF2_P2_ENSG00000277258,PCGF2
6122_PCGF2_P1_ENSG00000277258,PCGF2
6123_PCGF3_P1P2_ENSG00000185619,PCGF3
6124_PCGF5_ENST00000543648.1_ENSG00000180628,PCGF5
6125_PCGF5_ENST00000336126.5_ENSG00000180628,PCGF5
6126_PCGF6_P1P2_ENSG00000156374,PCGF6
6127_PCID2_P1_ENSG00000126226,PCID2
6128_PCID2_P2_ENSG00000126226,PCID2
6129_PCIF1_P1P2_ENSG00000100982,PCIF1
612_ATF7IP_P1_ENSG00000171681,ATF7IP
6130_PCK2_P1P2_ENSG00000100889,PCK2
6131_PCM1_P1P2_ENSG00000078674,PCM1
6132_PCMT1_P1P2_ENSG00000120265,PCMT1
6133_PCMTD1_P1P2_ENSG00000168300,PCMTD1
6134_PCMTD2_P1P2_ENSG00000203880,PCMTD2
6135_PCNA_P1P2_ENSG00000132646,PCNA
6136_PCNP_P1P2_ENSG00000081154,PCNP
6137_PCNT_P1P2_ENSG00000160299,PCNT
6138_PCNX3_P1P2_ENSG00000197136,PCNX3
6139_PCNX4_P1P2_ENSG00000126773,PCNX4
613_ATF7IP_P2_ENSG00000171681,ATF7IP
6140_PCOLCE2_P1P2_ENSG00000163710,PCOLCE2
6141_PCOLCE_P1P2_ENSG00000106333,PCOLCE
6142_PCSK6_P1P2_ENSG00000140479,PCSK6
6143_PCSK7_P1P2_ENSG00000160613,PCSK7
6144_PCSK9_P1P2_ENSG00000169174,PCSK9
6145_PCTP_P1P2_ENSG00000141179,PCTP
6146_PCYOX1_P1P2_ENSG00000116005,PCYOX1
6147_PCYT1A_P1P2_ENSG00000161217,PCYT1A
6148_PCYT2_P1P2_ENSG00000185813,PCYT2
6149_PC_P1P2_ENSG00000173599,PC
614_ATF7_P1P2_ENSG00000170653,ATF7
6150_PDAP1_P1P2_ENSG00000106244,PDAP1
6151_PDCD10_P1P2_ENSG00000114209,PDCD10
6152_PDCD11_P1P2_ENSG00000148843,PDCD11
6153_PDCD2L_P1P2_ENSG00000126249,PDCD2L
6154_PDCD2_P1P2_ENSG00000071994,PDCD2
6155_PDCD4_P2_ENSG00000150593,PDCD4
6156_PDCD4_P1_ENSG00000150593,PDCD4
6157_PDCD5_P1P2_ENSG00000105185,PDCD5
6158_PDCD6IP_P1P2_ENSG00000170248,PDCD6IP
6159_PDCD6_P1P2_ENSG00000249915,PDCD6
615_ATG10_P1P2_ENSG00000152348,ATG10
6160_PDCD7_P1P2_ENSG00000090470,PDCD7
6161_PDCL3_P1P2_ENSG00000115539,PDCL3
6162_PDCL_P1P2_ENSG00000136940,PDCL
6163_GATD1_P1P2_ENSG00000177225,GATD1
6164_PDE12_P1P2_ENSG00000174840,PDE12
6165_PDE3B_P1P2_ENSG00000152270,PDE3B
6166_PDE4A_P2_ENSG00000065989,PDE4A
6167_PDE4A_P1_ENSG00000065989,PDE4A
6168_PDE4DIP_ENST00000313431.9_ENSG00000178104,PDE4DIP
6169_PDE6D_P1P2_ENSG00000156973,PDE6D
616_ATG12_P1P2_ENSG00000145782,ATG12
6170_PDE7A_P1P2_ENSG00000205268,PDE7A
6171_PDE8A_P2_ENSG00000073417,PDE8A
6172_PDE8A_P1_ENSG00000073417,PDE8A
6173_PDF_P1P2_ENSG00000258429,PDF
6174_PDGFA_P1P2_ENSG00000197461,PDGFA
6175_PDHA1_P1P2_ENSG00000131828,PDHA1
6176_PDHB_P1P2_ENSG00000168291,PDHB
6177_PDHX_P1P2_ENSG00000110435,PDHX
6178_PDIA3_P1P2_ENSG00000167004,PDIA3
6179_PDIA4_P1P2_ENSG00000155660,PDIA4
617_ATG13_P1P2_ENSG00000175224,ATG13
6180_PDIA5_P1P2_ENSG00000065485,PDIA5
6181_PDIA6_P1P2_ENSG00000143870,PDIA6
6182_PDIK1L_P1P2_ENSG00000175087,PDIK1L
6183_PDK1_P1P2_ENSG00000152256,PDK1
6184_PDK2_P1P2_ENSG00000005882,PDK2
6185_PDLIM1_P1P2_ENSG00000107438,PDLIM1
6186_PDLIM2_P1_ENSG00000120913,PDLIM2
6187_PDLIM2_P2_ENSG00000120913,PDLIM2
6188_PDLIM4_P1P2_ENSG00000131435,PDLIM4
6189_PDLIM5_P1P2_ENSG00000163110,PDLIM5
618_ATG16L1_P1P2_ENSG00000085978,ATG16L1
6190_PDLIM7_P2_ENSG00000196923,PDLIM7
6191_PDLIM7_P1_ENSG00000196923,PDLIM7
6192_PDP2_P1P2_ENSG00000172840,PDP2
6193_PDPK1_P1P2_ENSG00000140992,PDPK1
6194_PDPR_P1P2_ENSG00000090857,PDPR
6195_PDRG1_P1P2_ENSG00000088356,PDRG1
6196_PDS5A_P1P2_ENSG00000121892,PDS5A
6197_PDS5B_P1P2_ENSG00000083642,PDS5B
6198_PDSS1_P1P2_ENSG00000148459,PDSS1
6199_PDSS2_P1P2_ENSG00000164494,PDSS2
619_ATG2A_P1P2_ENSG00000110046,ATG2A
61_ABR_P1P2_ENSG00000159842,ABR
6200_PDX1_P1P2_ENSG00000139515,PDX1
6201_PDXDC1_P1P2_ENSG00000179889,PDXDC1
6202_PDXK_P1P2_ENSG00000160209,PDXK
6203_PDXP_P1P2_ENSG00000241360,PDXP
6204_PDZD11_P1P2_ENSG00000120509,PDZD11
6205_PDZD8_P1P2_ENSG00000165650,PDZD8
6206_PEA15_P1P2_ENSG00000162734,PEA15
6207_PEAK1_P1P2_ENSG00000173517,PEAK1
6208_PEBP1_P1P2_ENSG00000089220,PEBP1
6209_PECR_P1P2_ENSG00000115425,PECR
620_ATG2B_P1P2_ENSG00000066739,ATG2B
6210_PEF1_P1P2_ENSG00000162517,PEF1
6211_PEG3_P1P2_ENSG00000198300,PEG3
6212_PELI1_P1P2_ENSG00000197329,PELI1
6213_PELO_P2_ENSG00000152684,PELO
6214_PELO_P1_ENSG00000152684,PELO
6215_PELP1_P1P2_ENSG00000141456,PELP1
6216_PEMT_P1P2_ENSG00000133027,PEMT
6217_PEPD_P1P2_ENSG00000124299,PEPD
6218_PER3_P1P2_ENSG00000049246,PER3
6219_PES1_P1P2_ENSG00000100029,PES1
621_ATG3_P1P2_ENSG00000144848,ATG3
6220_PET100_P1P2_ENSG00000229833,PET100
6221_PET117_P1P2_ENSG00000232838,PET117
6222_PEX10_P2_ENSG00000157911,PEX10
6223_PEX10_P1_ENSG00000157911,PEX10
6224_PEX11B_P1P2_ENSG00000131779,PEX11B
6225_PEX13_P1P2_ENSG00000162928,PEX13
6226_PEX14_P1P2_ENSG00000142655,PEX14
6227_PEX16_P1P2_ENSG00000121680,PEX16
6228_PEX19_P1P2_ENSG00000162735,PEX19
6229_PEX1_P1P2_ENSG00000127980,PEX1
622_ATG4A_P1P2_ENSG00000101844,ATG4A
6230_PEX26_P1P2_ENSG00000215193,PEX26
6231_PEX2_P1P2_ENSG00000164751,PEX2
6232_PEX3_P1P2_ENSG00000034693,PEX3
6233_PEX5_P1P2_ENSG00000139197,PEX5
6234_PEX6_P1P2_ENSG00000124587,PEX6
6235_PEX7_P1P2_ENSG00000112357,PEX7
6236_PFAS_P1P2_ENSG00000178921,PFAS
6237_PFDN1_P1P2_ENSG00000113068,PFDN1
6238_PFDN2_P1P2_ENSG00000143256,PFDN2
6239_PFDN4_P1P2_ENSG00000101132,PFDN4
623_ATG4B_P1P2_ENSG00000168397,ATG4B
6240_PFDN5_P1P2_ENSG00000123349,PFDN5
6241_PFDN6_P1P2_ENSG00000204220,PFDN6
6242_PFKFB2_P1P2_ENSG00000123836,PFKFB2
6243_PFKFB4_P1P2_ENSG00000114268,PFKFB4
6244_PFKL_P1_ENSG00000141959,PFKL
6245_PFKL_P2_ENSG00000141959,PFKL
6246_PFKM_P1_ENSG00000152556,PFKM
6247_PFKM_P2_ENSG00000152556,PFKM
6248_PFKP_P1P2_ENSG00000067057,PFKP
6249_PFN1_P1P2_ENSG00000108518,PFN1
624_ATG4C_P1P2_ENSG00000125703,ATG4C
6250_PGAM1_P1P2_ENSG00000171314,PGAM1
6251_PGAM5_P1P2_ENSG00000247077,PGAM5
6252_PGAP2_P1_ENSG00000148985,PGAP2
6253_PGAP2_P2_ENSG00000148985,PGAP2
6254_PGBD1_P1P2_ENSG00000137338,PGBD1
6255_PGBD2_P1P2_ENSG00000185220,PGBD2
6256_PGD_P1P2_ENSG00000142657,PGD
6257_PGGT1B_P1P2_ENSG00000164219,PGGT1B
6258_PGK1_P1P2_ENSG00000102144,PGK1
6259_PGLS_P1P2_ENSG00000130313,PGLS
625_ATG4D_P1P2_ENSG00000130734,ATG4D
6260_PGM2L1_P1P2_ENSG00000165434,PGM2L1
6261_PGM2_P1P2_ENSG00000169299,PGM2
6262_PGM3_P1P2_ENSG00000013375,PGM3
6263_PGPEP1_P1P2_ENSG00000130517,PGPEP1
6264_PGP_P1P2_ENSG00000184207,PGP
6265_PGRMC1_P1P2_ENSG00000101856,PGRMC1
6266_PGRMC2_P1P2_ENSG00000164040,PGRMC2
6267_PGR_P1P2_ENSG00000082175,PGR
6268_PGS1_P1P2_ENSG00000087157,PGS1
6269_PHACTR1_P1_ENSG00000112137,PHACTR1
626_ATG5_P1P2_ENSG00000057663,ATG5
6270_PHACTR1_P2_ENSG00000112137,PHACTR1
6271_PHACTR2_P1P2_ENSG00000112419,PHACTR2
6272_PHACTR4_P1P2_ENSG00000204138,PHACTR4
6273_PHAX_P2_ENSG00000164902,PHAX
6274_PHAX_P1_ENSG00000164902,PHAX
6275_PHB2_P1P2_ENSG00000215021,PHB2
6276_PHB_P1P2_ENSG00000167085,PHB
6277_PHC2_P1P2_ENSG00000134686,PHC2
6278_PHC3_P1P2_ENSG00000173889,PHC3
6279_PHF10_P1P2_ENSG00000130024,PHF10
627_ATG7_P1P2_ENSG00000197548,ATG7
6280_PHF12_P1P2_ENSG00000109118,PHF12
6281_PHF13_P1P2_ENSG00000116273,PHF13
6282_PHF14_P1P2_ENSG00000106443,PHF14
6283_PHF19_P1P2_ENSG00000119403,PHF19
6284_PHF1_P1P2_ENSG00000112511,PHF1
6285_PHF20L1_P1P2_ENSG00000129292,PHF20L1
6286_PHF20_P1P2_ENSG00000025293,PHF20
6287_PHF21A_P1P2_ENSG00000135365,PHF21A
6288_PHF23_P1P2_ENSG00000040633,PHF23
6289_PHF2_P1P2_ENSG00000197724,PHF2
628_ATG9A_P1P2_ENSG00000198925,ATG9A
6290_PHF3_P1P2_ENSG00000118482,PHF3
6291_PHF5A_P1P2_ENSG00000100410,PHF5A
6292_PHF6_P1P2_ENSG00000156531,PHF6
6293_PHF7_P1P2_ENSG00000010318,PHF7
6294_PHF8_P1P2_ENSG00000172943,PHF8
6295_PHGDH_P1P2_ENSG00000092621,PHGDH
6296_PHIP_P1P2_ENSG00000146247,PHIP
6297_PHKA2_P1P2_ENSG00000044446,PHKA2
6298_PHKB_P1P2_ENSG00000102893,PHKB
6299_PHKG1_P1P2_ENSG00000164776,PHKG1
629_ATIC_P1P2_ENSG00000138363,ATIC
62_ABT1_P1P2_ENSG00000146109,ABT1
6300_PHKG2_P1P2_ENSG00000156873,PHKG2
6301_PHLDA2_P1P2_ENSG00000181649,PHLDA2
6302_PHLDB1_P1_ENSG00000019144,PHLDB1
6303_PHLDB1_P2_ENSG00000019144,PHLDB1
6304_PHLDB3_P1P2_ENSG00000176531,PHLDB3
6305_PHOSPHO2_P1P2_ENSG00000144362,PHOSPHO2
6306_PHOX2A_P1P2_ENSG00000165462,PHOX2A
6307_PHOX2B_P1P2_ENSG00000109132,PHOX2B
6308_PHPT1_P1P2_ENSG00000054148,PHPT1
6309_PHRF1_P1P2_ENSG00000070047,PHRF1
630_ATL2_P1P2_ENSG00000119787,ATL2
6310_PHTF1_P1P2_ENSG00000116793,PHTF1
6311_PHTF2_P1P2_ENSG00000006576,PHTF2
6312_PHYHD1_P1P2_ENSG00000175287,PHYHD1
6313_PHYH_P1P2_ENSG00000107537,PHYH
6314_PHYKPL_P1P2_ENSG00000175309,PHYKPL
6315_PI4K2A_P1P2_ENSG00000155252,PI4K2A
6316_PI4K2B_P1P2_ENSG00000038210,PI4K2B
6317_PI4KA_P1P2_ENSG00000241973,PI4KA
6318_PI4KB_P1P2_ENSG00000143393,PI4KB
6319_PIAS1_P1P2_ENSG00000033800,PIAS1
631_ATL3_P1P2_ENSG00000184743,ATL3
6320_PIAS2_P1_ENSG00000078043,PIAS2
6321_PIAS2_P2_ENSG00000078043,PIAS2
6322_PIAS3_P1P2_ENSG00000131788,PIAS3
6323_PIAS4_P1P2_ENSG00000105229,PIAS4
6324_PIBF1_P1P2_ENSG00000083535,PIBF1
6325_PICALM_P1P2_ENSG00000073921,PICALM
6326_PICK1_P1P2_ENSG00000100151,PICK1
6327_PIEZO1_P1P2_ENSG00000103335,PIEZO1
6328_PIF1_P2_ENSG00000140451,PIF1
6329_PIF1_P1_ENSG00000140451,PIF1
632_ATMIN_P1P2_ENSG00000166454,ATMIN
6330_PIGA_P1P2_ENSG00000165195,PIGA
6331_PIGB_P1P2_ENSG00000069943,PIGB
6332_PIGC_P1P2_ENSG00000135845,PIGC
6333_PIGF_P1P2_ENSG00000151665,PIGF
6334_PIGG_P1P2_ENSG00000174227,PIGG
6335_PIGH_P1P2_ENSG00000100564,PIGH
6336_PIGK_P1P2_ENSG00000142892,PIGK
6337_PIGL_P1P2_ENSG00000108474,PIGL
6338_PIGM_P1P2_ENSG00000143315,PIGM
6339_PIGN_P1P2_ENSG00000197563,PIGN
633_ATM_P1P2_ENSG00000149311,ATM
6340_PIGO_P1P2_ENSG00000165282,PIGO
6341_PIGP_P1P2_ENSG00000185808,PIGP
6342_PIGQ_P1P2_ENSG00000007541,PIGQ
6343_PIGS_P2_ENSG00000087111,PIGS
6344_PIGS_P1_ENSG00000087111,PIGS
6345_PIGT_P1P2_ENSG00000124155,PIGT
6346_PIGU_P1P2_ENSG00000101464,PIGU
6347_PIGV_P1P2_ENSG00000060642,PIGV
6348_PIGW_P1P2_ENSG00000277161,PIGW
6349_PIGX_P1P2_ENSG00000163964,PIGX
634_ATN1_P1P2_ENSG00000111676,ATN1
6350_PIH1D1_P1P2_ENSG00000104872,PIH1D1
6351_PIK3C2A_ENST00000265970.7_ENSG00000011405,PIK3C2A
6352_PIK3C3_P1P2_ENSG00000078142,PIK3C3
6353_PIK3CA_P1P2_ENSG00000121879,PIK3CA
6354_PIK3CB_P1P2_ENSG00000051382,PIK3CB
6355_PIK3CD_P1P2_ENSG00000171608,PIK3CD
6356_PIK3CG_P1P2_ENSG00000105851,PIK3CG
6357_PIK3R1_P1P2_ENSG00000145675,PIK3R1
6358_PIK3R2_P1_ENSG00000105647,PIK3R2
6359_PIK3R2_P2_ENSG00000105647,PIK3R2
635_ATOH1_P1P2_ENSG00000172238,ATOH1
6360_PIK3R4_P1P2_ENSG00000196455,PIK3R4
6361_PIKFYVE_P1P2_ENSG00000115020,PIKFYVE
6362_PILRB_P1P2_ENSG00000121716,PILRB
6363_PIM1_P1P2_ENSG00000137193,PIM1
6364_PIM2_P1P2_ENSG00000102096,PIM2
6365_PIM3_P1P2_ENSG00000198355,PIM3
6366_PIN1_P1P2_ENSG00000127445,PIN1
6367_PIN4_P1P2_ENSG00000102309,PIN4
6368_PINK1_P1P2_ENSG00000158828,PINK1
6369_PINX1_P1P2_ENSG00000254093,PINX1
636_ATOH7_P1P2_ENSG00000179774,ATOH7
6370_PIP4K2A_P1P2_ENSG00000150867,PIP4K2A
6371_PIP4K2B_P1P2_ENSG00000276293,PIP4K2B
6372_PIP4K2C_P1P2_ENSG00000166908,PIP4K2C
6373_PIP5K1A_P1P2_ENSG00000143398,PIP5K1A
6374_PIP5K1C_P1P2_ENSG00000186111,PIP5K1C
6375_PIR_P1P2_ENSG00000087842,PIR
6376_PISD_ENST00000382151.2_ENSG00000241878,PISD
6377_PISD_ENST00000266095.5_ENSG00000241878,PISD
6378_PITHD1_P1P2_ENSG00000057757,PITHD1
6379_PITPNA_P1P2_ENSG00000174238,PITPNA
637_ATOH8_P1P2_ENSG00000168874,ATOH8
6380_PITPNB_P1P2_ENSG00000180957,PITPNB
6381_PITPNC1_P1P2_ENSG00000154217,PITPNC1
6382_PITPNM1_P1P2_ENSG00000110697,PITPNM1
6383_PITRM1_P1P2_ENSG00000107959,PITRM1
6384_PITX1_P1P2_ENSG00000069011,PITX1
6385_PITX2_P1_ENSG00000164093,PITX2
6386_PITX2_P2_ENSG00000164093,PITX2
6387_PITX3_P1P2_ENSG00000107859,PITX3
6388_PIWIL4_P1P2_ENSG00000134627,PIWIL4
6389_PJA2_P1P2_ENSG00000198961,PJA2
638_ATOX1_P1P2_ENSG00000177556,ATOX1
6390_PKIB_P1_ENSG00000135549,PKIB
6391_PKIB_P2_ENSG00000135549,PKIB
6392_PKIG_P1P2_ENSG00000168734,PKIG
6393_PKLR_P1P2_ENSG00000143627,PKLR
6394_PKMYT1_P1P2_ENSG00000127564,PKMYT1
6395_PKM_P2_ENSG00000067225,PKM
6396_PKM_P1_ENSG00000067225,PKM
6397_PKN1_P1_ENSG00000123143,PKN1
6398_PKN1_P2_ENSG00000123143,PKN1
6399_PKN2_P1P2_ENSG00000065243,PKN2
639_ATP11A_P1P2_ENSG00000068650,ATP11A
63_ACAA1_P1P2_ENSG00000060971,ACAA1
6400_PKN3_P1P2_ENSG00000160447,PKN3
6401_PKNOX1_P1P2_ENSG00000160199,PKNOX1
6402_PKNOX2_P1P2_ENSG00000165495,PKNOX2
6403_PKP3_P2_ENSG00000184363,PKP3
6404_PKP3_P1_ENSG00000184363,PKP3
6405_PKP4_P1P2_ENSG00000144283,PKP4
6406_PLA2G10_ENST00000438167.3_ENSG00000069764,PLA2G10
6407_PLA2G12A_P1P2_ENSG00000123739,PLA2G12A
6408_PLA2G15_P1P2_ENSG00000103066,PLA2G15
6409_PLA2G6_P1P2_ENSG00000184381,PLA2G6
640_ATP11B_P1P2_ENSG00000058063,ATP11B
6410_PLAA_P1P2_ENSG00000137055,PLAA
6411_PLAG1_P1P2_ENSG00000181690,PLAG1
6412_PLAGL1_P1_ENSG00000118495,PLAGL1
6413_PLAGL1_P2_ENSG00000118495,PLAGL1
6414_PLAGL2_P1P2_ENSG00000126003,PLAGL2
6415_PLAUR_P1P2_ENSG00000011422,PLAUR
6416_PLBD1_P1P2_ENSG00000121316,PLBD1
6417_PLBD2_P1P2_ENSG00000151176,PLBD2
6418_PLCB1_P1P2_ENSG00000182621,PLCB1
6419_PLCB3_P1P2_ENSG00000149782,PLCB3
641_ATP11C_ENST00000361648.2_ENSG00000101974,ATP11C
6420_PLCB4_P1P2_ENSG00000101333,PLCB4
6421_PLCD1_P1P2_ENSG00000187091,PLCD1
6422_PLCD3_P1P2_ENSG00000161714,PLCD3
6423_PLCG1_P1P2_ENSG00000124181,PLCG1
6424_PLCL2_P1P2_ENSG00000154822,PLCL2
6425_PLCXD1_P2_ENSG00000182378,PLCXD1
6426_PLCXD1_P1_ENSG00000182378,PLCXD1
6427_PLD1_P1P2_ENSG00000075651,PLD1
6428_PLD3_P2_ENSG00000105223,PLD3
6429_PLD3_P1_ENSG00000105223,PLD3
642_ATP13A1_P1P2_ENSG00000105726,ATP13A1
6430_PLD6_ENST00000321560.3_ENSG00000179598,PLD6
6431_PLEC_P2_ENSG00000178209,PLEC
6432_PLEC_P1_ENSG00000178209,PLEC
6433_PLEKHA1_P1P2_ENSG00000107679,PLEKHA1
6434_PLEKHA2_P1P2_ENSG00000169499,PLEKHA2
6435_PLEKHA3_P1P2_ENSG00000116095,PLEKHA3
6436_PLEKHA4_P1P2_ENSG00000105559,PLEKHA4
6437_PLEKHA5_P1P2_ENSG00000052126,PLEKHA5
6438_PLEKHA8_P1P2_ENSG00000106086,PLEKHA8
6439_PLEKHB2_P1P2_ENSG00000115762,PLEKHB2
643_ATP13A2_P1P2_ENSG00000159363,ATP13A2
6440_PLEKHF1_P1P2_ENSG00000166289,PLEKHF1
6441_PLEKHF2_P1P2_ENSG00000175895,PLEKHF2
6442_PLEKHG2_P1P2_ENSG00000090924,PLEKHG2
6443_PLEKHG4_P2_ENSG00000196155,PLEKHG4
6444_PLEKHG4_P1_ENSG00000196155,PLEKHG4
6445_PLEKHH3_P1P2_ENSG00000068137,PLEKHH3
6446_PLEKHJ1_P1P2_ENSG00000104886,PLEKHJ1
6447_PLEKHM2_P1P2_ENSG00000116786,PLEKHM2
6448_PLEKHN1_P1P2_ENSG00000187583,PLEKHN1
6449_PLEKHO1_P1P2_ENSG00000023902,PLEKHO1
644_ATP13A3_P1P2_ENSG00000133657,ATP13A3
6450_PLIN2_P2_ENSG00000147872,PLIN2
6451_PLIN2_P1_ENSG00000147872,PLIN2
6452_PLIN3_P1P2_ENSG00000105355,PLIN3
6453_PLK1_P1P2_ENSG00000166851,PLK1
6454_PLK3_P1P2_ENSG00000173846,PLK3
6455_PLK4_P1P2_ENSG00000142731,PLK4
6456_PLOD1_P1P2_ENSG00000083444,PLOD1
6457_PLOD2_P1P2_ENSG00000152952,PLOD2
6458_PLOD3_P1P2_ENSG00000106397,PLOD3
6459_PLP2_P1P2_ENSG00000102007,PLP2
645_ATP1A1_P1P2_ENSG00000163399,ATP1A1
6460_PLRG1_P1P2_ENSG00000171566,PLRG1
6461_PLS1_P1_ENSG00000120756,PLS1
6462_PLS1_P2_ENSG00000120756,PLS1
6463_PLSCR1_P1P2_ENSG00000188313,PLSCR1
6464_PLSCR3_P2_ENSG00000187838,PLSCR3
6465_PLSCR3_P1_ENSG00000187838,PLSCR3
6466_PLTP_P2_ENSG00000100979,PLTP
6467_PLTP_P1_ENSG00000100979,PLTP
6468_PLXNA1_ENST00000393409.2_ENSG00000114554,PLXNA1
6469_PLXNB1_P1P2_ENSG00000164050,PLXNB1
646_ATP1B3_P1P2_ENSG00000069849,ATP1B3
6470_PLXNB2_P1P2_ENSG00000196576,PLXNB2
6471_PLXND1_P1P2_ENSG00000004399,PLXND1
6472_PMAIP1_P1P2_ENSG00000141682,PMAIP1
6474_PMF1_P1P2_ENSG00000160783,PMF1
6475_PML_P1P2_ENSG00000140464,PML
6476_PMM1_P1P2_ENSG00000100417,PMM1
6477_PMM2_P1P2_ENSG00000140650,PMM2
6478_PMP22_P1P2_ENSG00000109099,PMP22
6479_PMPCA_P1P2_ENSG00000165688,PMPCA
647_ATP2A2_P1P2_ENSG00000174437,ATP2A2
6480_PMPCB_P1_ENSG00000105819,PMPCB
6481_PMPCB_P2_ENSG00000105819,PMPCB
6482_PMS1_P1P2_ENSG00000064933,PMS1
6483_PMS2_P1P2_ENSG00000122512,PMS2
6484_PMVK_P1P2_ENSG00000163344,PMVK
6485_PNISR_P2_ENSG00000132424,PNISR
6486_PNISR_P1_ENSG00000132424,PNISR
6487_PNKD_ENST00000258362.3_ENSG00000127838,PNKD
6488_PNKP_P1P2_ENSG00000039650,PNKP
6489_PNMA1_P1P2_ENSG00000176903,PNMA1
648_ATP2A3_P1P2_ENSG00000074370,ATP2A3
6490_PNMA8A_P1P2_ENSG00000182013,PNMA8A
6491_PNMT_P1P2_ENSG00000141744,PNMT
6492_PNN_P1P2_ENSG00000100941,PNN
6493_PNO1_P1P2_ENSG00000115946,PNO1
6494_PNPLA2_P1P2_ENSG00000177666,PNPLA2
6495_PNPLA4_P1P2_ENSG00000006757,PNPLA4
6496_PNPLA6_P1P2_ENSG00000032444,PNPLA6
6497_PNPLA8_P1P2_ENSG00000135241,PNPLA8
6498_PNPO_P1P2_ENSG00000108439,PNPO
6499_PNPT1_P1P2_ENSG00000138035,PNPT1
649_ATP2B1_P1P2_ENSG00000070961,ATP2B1
64_ACAA2_P1P2_ENSG00000167315,ACAA2
6500_PNP_P1P2_ENSG00000198805,PNP
6501_PNRC1_P1P2_ENSG00000146278,PNRC1
6502_PNRC2_P1P2_ENSG00000189266,PNRC2
6503_POC1A_P1P2_ENSG00000164087,POC1A
6504_POC1B_P1P2_ENSG00000139323,POC1B
6505_POC5_P1P2_ENSG00000152359,POC5
6506_PODXL2_P1P2_ENSG00000114631,PODXL2
6507_POFUT1_P1P2_ENSG00000101346,POFUT1
6508_POFUT2_P1P2_ENSG00000186866,POFUT2
6509_POGK_P1P2_ENSG00000143157,POGK
650_ATP2B4_P1P2_ENSG00000058668,ATP2B4
6510_POGLUT1_P1P2_ENSG00000163389,POGLUT1
6511_POGZ_P1P2_ENSG00000143442,POGZ
6512_POLA1_P1P2_ENSG00000101868,POLA1
6513_POLA2_P1P2_ENSG00000014138,POLA2
6514_POLB_P1P2_ENSG00000070501,POLB
6515_POLD1_P1P2_ENSG00000062822,POLD1
6516_POLD2_P1P2_ENSG00000106628,POLD2
6517_POLD3_P1P2_ENSG00000077514,POLD3
6518_POLD4_P1P2_ENSG00000175482,POLD4
6519_POLDIP2_P1P2_ENSG00000004142,POLDIP2
651_ATP2C1_P1P2_ENSG00000017260,ATP2C1
6520_POLDIP3_P1P2_ENSG00000100227,POLDIP3
6521_POLE2_P1P2_ENSG00000100479,POLE2
6522_POLE3_P1P2_ENSG00000148229,POLE3
6523_POLE4_P1P2_ENSG00000115350,POLE4
6524_POLE_P1P2_ENSG00000177084,POLE
6525_POLG2_P1P2_ENSG00000256525,POLG2
6526_POLG_P1P2_ENSG00000140521,POLG
6527_POLH_P1P2_ENSG00000170734,POLH
6528_POLK_P1P2_ENSG00000122008,POLK
6529_POLL_P1P2_ENSG00000166169,POLL
652_ATP5F1A_P2_ENSG00000152234,ATP5F1A
6530_POLM_P2_ENSG00000122678,POLM
6531_POLM_P1_ENSG00000122678,POLM
6532_POLQ_P1P2_ENSG00000051341,POLQ
6533_POLR1A_P1P2_ENSG00000068654,POLR1A
6534_POLR1B_P1P2_ENSG00000125630,POLR1B
6535_POLR1C_P2_ENSG00000171453,POLR1C
6536_POLR1C_P1_ENSG00000171453,POLR1C
6537_POLR1D_P1_ENSG00000186184,POLR1D
6538_POLR1D_P2_ENSG00000186184,POLR1D
6539_POLR1E_P1P2_ENSG00000137054,POLR1E
653_ATP5F1A_P1_ENSG00000152234,ATP5F1A
6540_POLR2A_P1P2_ENSG00000181222,POLR2A
6541_POLR2B_P1P2_ENSG00000047315,POLR2B
6542_POLR2C_P1P2_ENSG00000102978,POLR2C
6543_POLR2D_P2_ENSG00000144231,POLR2D
6544_POLR2D_P1_ENSG00000144231,POLR2D
6545_POLR2E_P2_ENSG00000099817,POLR2E
6546_POLR2E_P1_ENSG00000099817,POLR2E
6547_POLR2F_P1P2_ENSG00000100142,POLR2F
6548_POLR2G_P1P2_ENSG00000168002,POLR2G
6549_POLR2H_P1P2_ENSG00000163882,POLR2H
654_ATP5F1B_P1P2_ENSG00000110955,ATP5F1B
6550_POLR2I_P1P2_ENSG00000105258,POLR2I
6551_POLR2J3_ENST00000379357.5_ENSG00000285437,POLR2J3
6552_POLR2K_P1P2_ENSG00000147669,POLR2K
6553_POLR2L_P1P2_ENSG00000177700,POLR2L
6554_POLR2M_P1P2_ENSG00000255529,POLR2M
6555_POLR3A_P1P2_ENSG00000148606,POLR3A
6556_POLR3B_P1P2_ENSG00000013503,POLR3B
6557_POLR3C_P1P2_ENSG00000186141,POLR3C
6558_POLR3D_P1P2_ENSG00000168495,POLR3D
6559_POLR3E_P1P2_ENSG00000058600,POLR3E
655_ATP5F1C_P1P2_ENSG00000165629,ATP5F1C
6560_POLR3F_P1P2_ENSG00000132664,POLR3F
6561_POLR3GL_P1P2_ENSG00000121851,POLR3GL
6562_POLR3G_P1P2_ENSG00000113356,POLR3G
6563_POLR3H_P1P2_ENSG00000100413,POLR3H
6564_POLR3K_P1P2_ENSG00000161980,POLR3K
6565_POLRMT_P1P2_ENSG00000099821,POLRMT
6566_POM121C_P1P2_ENSG00000272391,POM121C
6567_POM121_P1P2_ENSG00000196313,POM121
6568_POMGNT1_P1P2_ENSG00000085998,POMGNT1
6569_POMGNT2_P1P2_ENSG00000144647,POMGNT2
656_ATP5F1D_P1P2_ENSG00000099624,ATP5F1D
6570_POMP_P1P2_ENSG00000132963,POMP
6571_POMT1_P1P2_ENSG00000130714,POMT1
6572_POMT2_P1P2_ENSG00000009830,POMT2
6573_PON2_P1P2_ENSG00000105854,PON2
6574_POP1_P1P2_ENSG00000104356,POP1
6575_POP4_P1P2_ENSG00000105171,POP4
6576_POP5_P1P2_ENSG00000167272,POP5
6577_POP7_P1P2_ENSG00000172336,POP7
6578_POPDC3_P1_ENSG00000132429,POPDC3
6579_POPDC3_P2_ENSG00000132429,POPDC3
657_ATP5F1E_P1P2_ENSG00000124172,ATP5F1E
6580_POR_P1P2_ENSG00000127948,POR
6581_POT1_P1P2_ENSG00000128513,POT1
6582_POTEI_ENST00000451531.2_ENSG00000196834,POTEI
6583_POU1F1_P1P2_ENSG00000064835,POU1F1
6584_POU2AF1_P1P2_ENSG00000110777,POU2AF1
6585_POU2F1_P2_ENSG00000143190,POU2F1
6586_POU2F1_P1_ENSG00000143190,POU2F1
6587_POU2F2_P1P2_ENSG00000028277,POU2F2
6588_POU2F3_P1_ENSG00000137709,POU2F3
6589_POU2F3_P2_ENSG00000137709,POU2F3
658_ATP5PB_P1P2_ENSG00000116459,ATP5PB
6590_POU3F1_P1P2_ENSG00000185668,POU3F1
6591_POU3F2_P1P2_ENSG00000184486,POU3F2
6592_POU3F3_P1P2_ENSG00000198914,POU3F3
6593_POU3F4_P1P2_ENSG00000196767,POU3F4
6594_POU4F1_P1P2_ENSG00000152192,POU4F1
6595_POU4F2_P1P2_ENSG00000151615,POU4F2
6596_POU4F3_P1P2_ENSG00000091010,POU4F3
6597_POU5F1B_P1P2_ENSG00000212993,POU5F1B
6598_POU5F1_P1_ENSG00000204531,POU5F1
6599_POU5F1_P2_ENSG00000204531,POU5F1
659_ATP5MC1_P1P2_ENSG00000159199,ATP5MC1
65_ACACA_P1P2_ENSG00000278540,ACACA
6600_POU5F2_P1P2_ENSG00000248483,POU5F2
6601_POU6F1_P1P2_ENSG00000184271,POU6F1
6602_POU6F2_ENST00000518318.2_ENSG00000106536,POU6F2
6603_PPA1_P1P2_ENSG00000180817,PPA1
6604_PPA2_P1P2_ENSG00000138777,PPA2
6605_PPAN_P1P2_ENSG00000130810,PPAN
6606_PPARA_P1P2_ENSG00000186951,PPARA
6607_PPARD_P1P2_ENSG00000112033,PPARD
6608_PPARGC1B_P1P2_ENSG00000155846,PPARGC1B
6609_PPARG_P1_ENSG00000132170,PPARG
660_ATP5MC2_P1P2_ENSG00000135390,ATP5MC2
6610_PPARG_P2_ENSG00000132170,PPARG
6611_PPAT_P1P2_ENSG00000128059,PPAT
6612_PPCDC_P1_ENSG00000138621,PPCDC
6613_PPCDC_P2_ENSG00000138621,PPCDC
6614_PPCS_P1P2_ENSG00000127125,PPCS
6615_PPDPF_P1P2_ENSG00000125534,PPDPF
6616_PPFIA1_P1P2_ENSG00000131626,PPFIA1
6617_PPFIA3_P1_ENSG00000177380,PPFIA3
6618_PPFIA3_P2_ENSG00000177380,PPFIA3
6619_PPFIBP1_P1P2_ENSG00000110841,PPFIBP1
661_ATP5MC3_P1P2_ENSG00000154518,ATP5MC3
6620_PPHLN1_P1P2_ENSG00000134283,PPHLN1
6621_PPIA_P1P2_ENSG00000196262,PPIA
6622_PPIB_P1P2_ENSG00000166794,PPIB
6623_PPIC_P1P2_ENSG00000168938,PPIC
6624_PPID_P1P2_ENSG00000171497,PPID
6625_PPIE_P1P2_ENSG00000084072,PPIE
6626_PPIF_P1P2_ENSG00000108179,PPIF
6627_PPIG_P1P2_ENSG00000138398,PPIG
6628_PPIH_P1P2_ENSG00000171960,PPIH
6629_PPIL1_P1P2_ENSG00000137168,PPIL1
662_ATP5PD_P1P2_ENSG00000167863,ATP5PD
6630_PPIL2_P1P2_ENSG00000100023,PPIL2
6631_PPIL3_P1P2_ENSG00000240344,PPIL3
6632_PPIL4_P1P2_ENSG00000131013,PPIL4
6633_PPIP5K1_ENST00000348806.6_ENSG00000168781,PPIP5K1
"6634_PPIP5K1_ENST00000381885.1,ENST00000396923.3_ENSG00000168781",PPIP5K1
"6635_PPIP5K1_ENST00000334933.4,ENST00000360135.4,ENST00000360301.4,ENST00000420765.1_ENSG00000168781",PPIP5K1
6636_PPIP5K2_P1P2_ENSG00000145725,PPIP5K2
6637_PPM1A_P1P2_ENSG00000100614,PPM1A
6638_PPM1B_P1P2_ENSG00000138032,PPM1B
6639_PPM1D_P1P2_ENSG00000170836,PPM1D
663_ATP5ME_P1P2_ENSG00000169020,ATP5ME
6640_PPM1F_P1P2_ENSG00000100034,PPM1F
6641_PPM1G_P2_ENSG00000115241,PPM1G
6642_PPM1G_P1_ENSG00000115241,PPM1G
6643_PPM1H_P1P2_ENSG00000111110,PPM1H
6644_PPM1K_P1P2_ENSG00000163644,PPM1K
6645_PPM1N_P1P2_ENSG00000213889,PPM1N
6646_PPME1_P1P2_ENSG00000214517,PPME1
6647_PPOX_P1P2_ENSG00000143224,PPOX
6648_PPP1CA_P1_ENSG00000172531,PPP1CA
6649_PPP1CA_P2_ENSG00000172531,PPP1CA
664_ATP5MF_P1P2_ENSG00000241468,ATP5MF
6650_PPP1CB_P1P2_ENSG00000213639,PPP1CB
6651_PPP1CC_P1P2_ENSG00000186298,PPP1CC
6652_PPP1R10_P1P2_ENSG00000204569,PPP1R10
6653_PPP1R11_P1P2_ENSG00000204619,PPP1R11
6654_PPP1R12A_P1P2_ENSG00000058272,PPP1R12A
6655_PPP1R12B_P1P2_ENSG00000077157,PPP1R12B
6656_PPP1R12C_P1P2_ENSG00000125503,PPP1R12C
6657_PPP1R14A_P1P2_ENSG00000167641,PPP1R14A
6658_PPP1R14B_P1P2_ENSG00000173457,PPP1R14B
6659_PPP1R14C_P1P2_ENSG00000198729,PPP1R14C
665_ATP5PF_P1P2_ENSG00000154723,ATP5PF
6660_PPP1R15A_P1P2_ENSG00000087074,PPP1R15A
6661_PPP1R15B_P1P2_ENSG00000158615,PPP1R15B
6662_PPP1R16A_P1P2_ENSG00000160972,PPP1R16A
6663_PPP1R16B_P1P2_ENSG00000101445,PPP1R16B
6664_PPP1R18_P2_ENSG00000146112,PPP1R18
6665_PPP1R18_P1_ENSG00000146112,PPP1R18
6666_PPP1R26_P1P2_ENSG00000196422,PPP1R26
6667_PPP1R2_P1P2_ENSG00000184203,PPP1R2
6668_PPP1R35_P1P2_ENSG00000160813,PPP1R35
666_ATP5MG_P1P2_ENSG00000167283,ATP5MG
6671_PPP1R37_P1P2_ENSG00000104866,PPP1R37
6672_PPP1R3D_P1P2_ENSG00000132825,PPP1R3D
6673_PPP1R3E_P1_ENSG00000235194,PPP1R3E
6674_PPP1R3E_P2_ENSG00000235194,PPP1R3E
6675_PPP1R7_P1P2_ENSG00000115685,PPP1R7
6676_PPP1R8_P1P2_ENSG00000117751,PPP1R8
6677_PPP1R9B_P1P2_ENSG00000108819,PPP1R9B
6678_PPP2CA_P1P2_ENSG00000113575,PPP2CA
6679_PPP2CB_P1P2_ENSG00000104695,PPP2CB
667_ATP5PO_P1P2_ENSG00000241837,ATP5PO
6680_PPP2R1A_P2_ENSG00000105568,PPP2R1A
6681_PPP2R1A_P1_ENSG00000105568,PPP2R1A
6682_PPP2R1B_P1P2_ENSG00000137713,PPP2R1B
6683_PPP2R2A_P1P2_ENSG00000221914,PPP2R2A
6684_PPP2R2D_P1P2_ENSG00000175470,PPP2R2D
6685_PPP2R3B_P1P2_ENSG00000167393,PPP2R3B
6686_PPP2R3C_P1P2_ENSG00000092020,PPP2R3C
6687_PTPA_P1P2_ENSG00000119383,PTPA
6688_PPP2R5A_P1P2_ENSG00000066027,PPP2R5A
6689_PPP2R5C_P1P2_ENSG00000078304,PPP2R5C
668_DMAC2_P1P2_ENSG00000105341,DMAC2
6690_PPP2R5D_P1P2_ENSG00000112640,PPP2R5D
6691_PPP2R5E_P1P2_ENSG00000154001,PPP2R5E
6692_PPP3CA_P1P2_ENSG00000138814,PPP3CA
6693_PPP3CB_P1P2_ENSG00000107758,PPP3CB
6694_PPP3CC_P1P2_ENSG00000120910,PPP3CC
6695_PPP3R1_P1P2_ENSG00000221823,PPP3R1
6696_PPP4C_P1P2_ENSG00000149923,PPP4C
6697_PPP4R1_P1P2_ENSG00000154845,PPP4R1
6698_PPP4R2_P1P2_ENSG00000163605,PPP4R2
6699_PPP5C_P1P2_ENSG00000011485,PPP5C
669_DMAC2L_P1P2_ENSG00000125375,DMAC2L
66_ACAD10_P1P2_ENSG00000111271,ACAD10
6700_PPP6C_P1P2_ENSG00000119414,PPP6C
6701_PPP6R1_P1P2_ENSG00000105063,PPP6R1
6702_PPP6R2_P1P2_ENSG00000100239,PPP6R2
6703_PPP6R3_P1P2_ENSG00000110075,PPP6R3
6704_PPRC1_P1P2_ENSG00000148840,PPRC1
6705_PPT1_P1P2_ENSG00000131238,PPT1
6706_PPT2_P1P2_ENSG00000221988,PPT2
6707_PPTC7_P1P2_ENSG00000196850,PPTC7
6708_PPWD1_P1P2_ENSG00000113593,PPWD1
6709_PPY_P1P2_ENSG00000108849,PPY
670_ATP6AP1_P1P2_ENSG00000071553,ATP6AP1
6710_PQBP1_P1P2_ENSG00000102103,PQBP1
6711_SLC66A2_P1P2_ENSG00000122490,SLC66A2
6712_SLC66A1_P1P2_ENSG00000040487,SLC66A1
6713_SLC66A3_P1P2_ENSG00000162976,SLC66A3
6714_PRADC1_P1P2_ENSG00000135617,PRADC1
6715_PRAME_P1P2_ENSG00000185686,PRAME
6716_PRC1_P1P2_ENSG00000198901,PRC1
6717_PRCC_P1P2_ENSG00000143294,PRCC
6718_PRCP_P1_ENSG00000137509,PRCP
6719_PRCP_P2_ENSG00000137509,PRCP
671_ATP6AP2_P1P2_ENSG00000182220,ATP6AP2
6720_PRDM10_P1P2_ENSG00000170325,PRDM10
6721_PRDM12_P1P2_ENSG00000130711,PRDM12
6722_PRDM13_P1P2_ENSG00000112238,PRDM13
6723_PRDM14_P1P2_ENSG00000147596,PRDM14
6724_PRDM15_P1P2_ENSG00000141956,PRDM15
6725_PRDM16_P1P2_ENSG00000142611,PRDM16
6726_PRDM1_P1P2_ENSG00000057657,PRDM1
"6727_PRDM2_ENST00000235372.7,ENST00000311066.5_ENSG00000116731",PRDM2
6728_PRDM4_P1P2_ENSG00000110851,PRDM4
6729_PRDM5_P1P2_ENSG00000138738,PRDM5
672_ATP6V0A1_P1P2_ENSG00000033627,ATP6V0A1
6730_PRDM6_P1P2_ENSG00000061455,PRDM6
6731_PRDM8_P2_ENSG00000152784,PRDM8
6732_PRDM8_P1_ENSG00000152784,PRDM8
6733_PRDM9_P1P2_ENSG00000164256,PRDM9
6734_PRDX1_P1P2_ENSG00000117450,PRDX1
6735_PRDX2_P1P2_ENSG00000167815,PRDX2
6736_PRDX3_P1P2_ENSG00000165672,PRDX3
6737_PRDX4_P1P2_ENSG00000123131,PRDX4
6738_PRDX5_P1P2_ENSG00000126432,PRDX5
6739_PRDX6_P1P2_ENSG00000117592,PRDX6
673_ATP6V0A2_P1P2_ENSG00000185344,ATP6V0A2
6740_PREB_P1P2_ENSG00000138073,PREB
6741_PRELID1_P1P2_ENSG00000169230,PRELID1
6742_PRELID2_P1P2_ENSG00000186314,PRELID2
6743_PREPL_P1P2_ENSG00000138078,PREPL
6744_PREP_P1P2_ENSG00000085377,PREP
6745_PRG2_P1P2_ENSG00000186652,PRG2
6746_PRICKLE3_P1P2_ENSG00000012211,PRICKLE3
6747_PRIM1_P1P2_ENSG00000198056,PRIM1
6748_PRIM2_P1P2_ENSG00000146143,PRIM2
6749_PRIMPOL_P1P2_ENSG00000164306,PRIMPOL
674_ATP6V0B_P1P2_ENSG00000117410,ATP6V0B
6750_PRKAA1_P1P2_ENSG00000132356,PRKAA1
6751_PRKAB1_P1P2_ENSG00000111725,PRKAB1
6752_PRKAB2_P1P2_ENSG00000131791,PRKAB2
6753_PRKACA_P1P2_ENSG00000072062,PRKACA
6754_PRKAG1_P1P2_ENSG00000181929,PRKAG1
6755_PRKAR1A_P1P2_ENSG00000108946,PRKAR1A
6756_PRKAR1B_P2_ENSG00000188191,PRKAR1B
6757_PRKAR1B_P1_ENSG00000188191,PRKAR1B
6758_PRKAR2A_P1P2_ENSG00000114302,PRKAR2A
6759_PRKAR2B_P1P2_ENSG00000005249,PRKAR2B
675_ATP6V0C_P1P2_ENSG00000185883,ATP6V0C
6760_PRKCA_P1P2_ENSG00000154229,PRKCA
6761_PRKCB_P1P2_ENSG00000166501,PRKCB
6762_PRKCI_P1P2_ENSG00000163558,PRKCI
6763_PRKCQ_P1P2_ENSG00000065675,PRKCQ
6764_PRKCSH_P1P2_ENSG00000130175,PRKCSH
6765_PRKD2_P2_ENSG00000105287,PRKD2
6766_PRKD2_P1_ENSG00000105287,PRKD2
6767_PRKD3_P1P2_ENSG00000115825,PRKD3
6768_PRKDC_P1P2_ENSG00000253729,PRKDC
6769_PRKRA_P1P2_ENSG00000180228,PRKRA
676_ATP6V0D1_P1P2_ENSG00000159720,ATP6V0D1
6770_PRKRIP1_P2_ENSG00000128563,PRKRIP1
6771_PRKRIP1_P1_ENSG00000128563,PRKRIP1
6772_THAP12_P1P2_ENSG00000137492,THAP12
6773_PRKX_P1P2_ENSG00000183943,PRKX
6774_PRMT1_P1P2_ENSG00000126457,PRMT1
6775_PRMT2_P1P2_ENSG00000160310,PRMT2
6776_PRMT3_P1P2_ENSG00000185238,PRMT3
6777_PRMT5_P1_ENSG00000100462,PRMT5
6778_PRMT5_P2_ENSG00000100462,PRMT5
6779_PRMT6_P1P2_ENSG00000198890,PRMT6
677_ATP6V0E1_P1P2_ENSG00000113732,ATP6V0E1
6780_PRMT7_P1P2_ENSG00000132600,PRMT7
6781_PRNP_P1P2_ENSG00000171867,PRNP
6782_PRODH_P2_ENSG00000100033,PRODH
6783_PRODH_P1_ENSG00000100033,PRODH
6784_PROP1_P1P2_ENSG00000175325,PROP1
6785_PROS1_P1P2_ENSG00000184500,PROS1
6786_PLPBP_P1P2_ENSG00000147471,PLPBP
6787_PROSER1_P1P2_ENSG00000120685,PROSER1
6788_PROSER2_P1P2_ENSG00000148426,PROSER2
6789_PROX1_P1P2_ENSG00000117707,PROX1
678_ATP6V0E2_P1P2_ENSG00000171130,ATP6V0E2
"6790_PROX2_ENST00000445876.1,ENST00000556489.2_ENSG00000119608",PROX2
6791_PRPF18_P1P2_ENSG00000165630,PRPF18
6792_PRPF19_P1P2_ENSG00000110107,PRPF19
6793_PRPF31_P1P2_ENSG00000105618,PRPF31
6794_PRPF38A_P1P2_ENSG00000134748,PRPF38A
6795_PRPF38B_P1P2_ENSG00000134186,PRPF38B
6796_PRPF39_P1P2_ENSG00000185246,PRPF39
6797_PRPF3_P1P2_ENSG00000117360,PRPF3
6798_PRPF40A_P1P2_ENSG00000196504,PRPF40A
6799_PRPF40B_P1P2_ENSG00000110844,PRPF40B
679_ATP6V1A_P1P2_ENSG00000114573,ATP6V1A
67_ACAD8_P1P2_ENSG00000151498,ACAD8
6800_PRPF4B_P1P2_ENSG00000112739,PRPF4B
6801_PRPF4_P1P2_ENSG00000136875,PRPF4
6802_PRPF6_P1P2_ENSG00000101161,PRPF6
6803_PRPF8_P1P2_ENSG00000174231,PRPF8
6804_PRPS1_P1P2_ENSG00000147224,PRPS1
6805_PRPS2_P1P2_ENSG00000101911,PRPS2
6806_PRPSAP1_P1P2_ENSG00000161542,PRPSAP1
6807_PRPSAP2_P1_ENSG00000141127,PRPSAP2
6808_PRPSAP2_P2_ENSG00000141127,PRPSAP2
6809_PRR11_P1P2_ENSG00000068489,PRR11
680_ATP6V1B2_P1P2_ENSG00000147416,ATP6V1B2
6810_PRR12_P1P2_ENSG00000126464,PRR12
6811_PRR13_P1P2_ENSG00000205352,PRR13
6812_PRR14L_P1P2_ENSG00000183530,PRR14L
6813_PRR14_P1P2_ENSG00000156858,PRR14
6814_PRR3_P1P2_ENSG00000204576,PRR3
6815_PRR4_P1P2_ENSG00000111215,PRR4
6816_PRR5_P1P2_ENSG00000186654,PRR5
6817_PRR7_P1P2_ENSG00000131188,PRR7
6818_PRRC1_P1P2_ENSG00000164244,PRRC1
6819_PRRC2A_P1P2_ENSG00000204469,PRRC2A
681_ATP6V1C1_P1P2_ENSG00000155097,ATP6V1C1
6820_PRRC2B_P1P2_ENSG00000130723,PRRC2B
6821_PRRC2C_P1P2_ENSG00000117523,PRRC2C
6822_PRRX1_P1_ENSG00000116132,PRRX1
6823_PRRX1_P2_ENSG00000116132,PRRX1
6824_PRRX2_P1P2_ENSG00000167157,PRRX2
6825_PRSS16_P1_ENSG00000112812,PRSS16
6826_PRSS16_P2_ENSG00000112812,PRSS16
6827_PRSS21_P1P2_ENSG00000007038,PRSS21
6828_PRSS50_P2_nan,PRSS50
6829_PRSS50_P1_nan,PRSS50
682_ATP6V1D_P1P2_ENSG00000100554,ATP6V1D
6830_PRSS57_P1P2_ENSG00000185198,PRSS57
6831_PRTFDC1_P1P2_ENSG00000099256,PRTFDC1
6832_PRUNE1_P1P2_ENSG00000143363,PRUNE1
6833_PSAP_P1P2_ENSG00000197746,PSAP
6834_PSAT1_P1P2_ENSG00000135069,PSAT1
6835_PSD4_P1P2_ENSG00000125637,PSD4
6836_PSEN1_P1P2_ENSG00000080815,PSEN1
6837_PSEN2_P1P2_ENSG00000143801,PSEN2
6838_PSENEN_P1P2_ENSG00000205155,PSENEN
6839_PSIP1_P1P2_ENSG00000164985,PSIP1
683_ATP6V1E1_P1P2_ENSG00000131100,ATP6V1E1
6840_PSKH1_P1P2_ENSG00000159792,PSKH1
6841_PSMA1_P1P2_ENSG00000129084,PSMA1
6842_PSMA2_P1P2_ENSG00000106588,PSMA2
6843_PSMA3_P1P2_ENSG00000100567,PSMA3
6844_PSMA4_P1P2_ENSG00000041357,PSMA4
6845_PSMA5_P1P2_ENSG00000143106,PSMA5
6846_PSMA6_P1P2_ENSG00000100902,PSMA6
6847_PSMA7_P1P2_ENSG00000101182,PSMA7
6848_PSMB10_P1P2_ENSG00000205220,PSMB10
6849_PSMB1_P1P2_ENSG00000008018,PSMB1
684_ATP6V1E2_P1P2_ENSG00000250565,ATP6V1E2
6850_PSMB2_P1P2_ENSG00000126067,PSMB2
6851_PSMB3_P1P2_ENSG00000277791,PSMB3
6852_PSMB4_P1P2_ENSG00000159377,PSMB4
6853_PSMB5_P1P2_ENSG00000100804,PSMB5
6854_PSMB6_P2_ENSG00000142507,PSMB6
6855_PSMB6_P1_ENSG00000142507,PSMB6
6856_PSMB7_P1P2_ENSG00000136930,PSMB7
6857_PSMC1_P1P2_ENSG00000100764,PSMC1
6858_PSMC2_P1P2_ENSG00000161057,PSMC2
6859_PSMC3IP_P1P2_ENSG00000131470,PSMC3IP
685_ATP6V1F_P1P2_ENSG00000128524,ATP6V1F
6860_PSMC3_P1P2_ENSG00000165916,PSMC3
6861_PSMC4_P1P2_ENSG00000013275,PSMC4
6862_PSMC5_P1P2_ENSG00000087191,PSMC5
6863_PSMC6_P1P2_ENSG00000100519,PSMC6
6864_PSMD10_P1P2_ENSG00000101843,PSMD10
6865_PSMD11_P1P2_ENSG00000108671,PSMD11
6866_PSMD12_P1P2_ENSG00000197170,PSMD12
6867_PSMD13_P1P2_ENSG00000185627,PSMD13
6868_PSMD14_P1P2_ENSG00000115233,PSMD14
6869_PSMD1_P1P2_ENSG00000173692,PSMD1
686_ATP6V1G1_P1P2_ENSG00000136888,ATP6V1G1
6870_PSMD2_P1P2_ENSG00000175166,PSMD2
6871_PSMD3_P1P2_ENSG00000108344,PSMD3
6872_PSMD4_P1P2_ENSG00000159352,PSMD4
6873_PSMD5_P1P2_ENSG00000095261,PSMD5
6874_PSMD6_P1P2_ENSG00000163636,PSMD6
6875_PSMD7_P1P2_ENSG00000103035,PSMD7
6876_PSMD8_P1P2_ENSG00000099341,PSMD8
6877_PSMD9_P1P2_ENSG00000110801,PSMD9
6878_PSME1_P1P2_ENSG00000092010,PSME1
6879_PSME2_P1P2_ENSG00000100911,PSME2
687_ATP6V1H_P1P2_ENSG00000047249,ATP6V1H
6880_PSME3_P1P2_ENSG00000131467,PSME3
6881_PSME4_P1P2_ENSG00000068878,PSME4
6882_PSMF1_P1P2_ENSG00000125818,PSMF1
6883_PSMG1_P1P2_ENSG00000183527,PSMG1
6884_PSMG2_P1P2_ENSG00000128789,PSMG2
6885_PSMG3_P2_ENSG00000157778,PSMG3
6886_PSMG3_P1_ENSG00000157778,PSMG3
6887_PSMG4_P1P2_ENSG00000180822,PSMG4
6888_PSPC1_P1P2_ENSG00000121390,PSPC1
6889_PSPH_P1_ENSG00000146733,PSPH
688_ATP7A_P1P2_ENSG00000165240,ATP7A
6890_PSPH_P2_ENSG00000146733,PSPH
6891_PSRC1_P1P2_ENSG00000134222,PSRC1
6892_PSTK_P1_ENSG00000179988,PSTK
6893_PSTK_P2_ENSG00000179988,PSTK
6894_PSTPIP2_P1P2_ENSG00000152229,PSTPIP2
6895_PTAR1_P1P2_ENSG00000188647,PTAR1
6896_PTBP1_P1P2_ENSG00000011304,PTBP1
6897_PTBP2_P1P2_ENSG00000117569,PTBP2
6898_PTBP3_P1P2_ENSG00000119314,PTBP3
689_ATP7B_P1P2_ENSG00000123191,ATP7B
68_ACAD9_P1P2_ENSG00000177646,ACAD9
6900_PTCD1_P2_ENSG00000106246,PTCD1
6901_PTCD2_P1P2_ENSG00000049883,PTCD2
6902_PTCD3_P1P2_ENSG00000132300,PTCD3
6903_PTDSS1_P1P2_ENSG00000156471,PTDSS1
6904_PTDSS2_P1P2_ENSG00000174915,PTDSS2
6905_PTEN_P1P2_ENSG00000171862,PTEN
6906_PTER_P1P2_ENSG00000165983,PTER
6907_PTF1A_P1P2_ENSG00000168267,PTF1A
6908_PTGER3_P1P2_ENSG00000050628,PTGER3
6909_PTGES2_P1P2_ENSG00000148334,PTGES2
690_ATP8B2_P1_ENSG00000143515,ATP8B2
6910_PTGES3_P1P2_ENSG00000110958,PTGES3
6911_PTGFRN_P1P2_ENSG00000134247,PTGFRN
6912_PTGR2_P1P2_ENSG00000140043,PTGR2
6913_PTK2B_P1P2_ENSG00000120899,PTK2B
6914_PTK2_P1P2_ENSG00000169398,PTK2
6915_PTK7_P1P2_ENSG00000112655,PTK7
6916_PTMA_P1P2_ENSG00000187514,PTMA
6917_PTMS_P1P2_ENSG00000159335,PTMS
6918_PTOV1_P1P2_ENSG00000104960,PTOV1
6919_PTP4A1_P1P2_ENSG00000112245,PTP4A1
691_ATP8B2_P2_ENSG00000143515,ATP8B2
6920_PTP4A2_P1P2_ENSG00000184007,PTP4A2
6921_PTP4A3_P1P2_ENSG00000184489,PTP4A3
6922_PTPMT1_P1P2_ENSG00000110536,PTPMT1
6923_PTPN11_P1P2_ENSG00000179295,PTPN11
6924_PTPN12_P1P2_ENSG00000127947,PTPN12
6925_PTPN18_P2_ENSG00000072135,PTPN18
6926_PTPN18_P1_ENSG00000072135,PTPN18
6927_PTPN1_P1P2_ENSG00000196396,PTPN1
6928_PTPN23_P1P2_ENSG00000076201,PTPN23
6929_PTPN2_P1P2_ENSG00000175354,PTPN2
692_ATP9B_P1P2_ENSG00000166377,ATP9B
6930_PTPN4_P1P2_ENSG00000088179,PTPN4
6931_PTPN7_P1P2_ENSG00000143851,PTPN7
6932_PTPN9_P1P2_ENSG00000169410,PTPN9
6933_PTPRA_P1P2_ENSG00000132670,PTPRA
6934_PTPRC_P1P2_ENSG00000081237,PTPRC
6935_PTPRF_P1P2_ENSG00000142949,PTPRF
6936_PTPRG_P1P2_ENSG00000144724,PTPRG
6937_PTPRH_P1P2_ENSG00000080031,PTPRH
6938_PTPRR_P1P2_ENSG00000153233,PTPRR
6939_PTPRS_P1P2_ENSG00000105426,PTPRS
693_ATPAF1_P1P2_ENSG00000123472,ATPAF1
6940_CAVIN1_P1P2_ENSG00000177469,CAVIN1
6941_PTRH1_P1P2_ENSG00000187024,PTRH1
6942_PTRH2_P1P2_ENSG00000141378,PTRH2
6943_PTRHD1_P1P2_ENSG00000184924,PTRHD1
6944_PTS_P1P2_ENSG00000150787,PTS
6945_PTTG1IP_P1P2_ENSG00000183255,PTTG1IP
6946_PTTG1_P1P2_ENSG00000164611,PTTG1
6947_PUF60_P1P2_ENSG00000179950,PUF60
6948_PUM1_P1P2_ENSG00000134644,PUM1
6949_PUM2_P1P2_ENSG00000055917,PUM2
694_ATPAF2_P1P2_ENSG00000171953,ATPAF2
6950_PURA_P1_ENSG00000185129,PURA
6951_PURA_P2_ENSG00000185129,PURA
6952_PURB_P1P2_ENSG00000146676,PURB
6953_PURG_P1P2_ENSG00000172733,PURG
6954_PUS10_P1P2_ENSG00000162927,PUS10
6955_PUS1_P1P2_ENSG00000177192,PUS1
6956_PUS3_P1P2_ENSG00000110060,PUS3
6957_PUS7L_P1P2_ENSG00000129317,PUS7L
6958_PUS7_P1P2_ENSG00000091127,PUS7
6959_PUSL1_P1P2_ENSG00000169972,PUSL1
695_ATP5IF1_P1P2_ENSG00000130770,ATP5IF1
6960_NECTIN2_P1P2_ENSG00000130202,NECTIN2
6961_PVR_P1P2_ENSG00000073008,PVR
6962_PWP1_P1P2_ENSG00000136045,PWP1
6963_PWP2_P1P2_ENSG00000241945,PWP2
6964_PWWP2A_P1P2_ENSG00000170234,PWWP2A
6965_PWWP2B_P2_ENSG00000171813,PWWP2B
6966_PWWP2B_P1_ENSG00000171813,PWWP2B
6967_PXK_P1P2_ENSG00000168297,PXK
6968_PXMP2_P1P2_ENSG00000176894,PXMP2
6969_PXMP4_P1P2_ENSG00000101417,PXMP4
696_ATRAID_P1P2_ENSG00000138085,ATRAID
6970_PXN_P1P2_ENSG00000089159,PXN
6971_PYCARD_P1P2_ENSG00000103490,PYCARD
6972_PYCR1_P1P2_ENSG00000183010,PYCR1
6973_PYCR2_P1P2_ENSG00000143811,PYCR2
6974_PYCR3_P1P2_ENSG00000104524,PYCR3
6975_PYDC2_ENST00000518817.1_ENSG00000253548,PYDC2
6976_PYGB_P1P2_ENSG00000100994,PYGB
6977_PYGL_P1P2_ENSG00000100504,PYGL
6978_PYGO2_P1P2_ENSG00000163348,PYGO2
6979_PYROXD1_P1P2_ENSG00000121350,PYROXD1
697_ATRIP_P1P2_ENSG00000164053,ATRIP
6980_PYURF_P1P2_ENSG00000145337,PYURF
6981_QARS_P1P2_ENSG00000172053,QARS
6982_QDPR_P1P2_ENSG00000151552,QDPR
6983_QKI_P1P2_ENSG00000112531,QKI
6984_QPCTL_P1P2_ENSG00000011478,QPCTL
6985_QPRT_P1_ENSG00000103485,QPRT
6986_QPRT_P2_ENSG00000103485,QPRT
6987_QRICH1_P1P2_ENSG00000198218,QRICH1
6988_QRSL1_P1P2_ENSG00000130348,QRSL1
6989_QSER1_P1P2_ENSG00000060749,QSER1
698_ATRX_P1P2_ENSG00000085224,ATRX
6990_QSOX1_P1P2_ENSG00000116260,QSOX1
6991_QSOX2_P1P2_ENSG00000165661,QSOX2
6992_QTRT1_P1P2_ENSG00000213339,QTRT1
6993_QTRT2_P1P2_ENSG00000151576,QTRT2
6994_R3HCC1L_P1P2_ENSG00000166024,R3HCC1L
6995_R3HCC1_P2_ENSG00000104679,R3HCC1
6996_R3HCC1_P1_ENSG00000104679,R3HCC1
6997_R3HDM1_P1_ENSG00000048991,R3HDM1
6998_R3HDM1_P2_ENSG00000048991,R3HDM1
6999_R3HDM2_P1P2_ENSG00000179912,R3HDM2
699_ATR_P1P2_ENSG00000175054,ATR
69_ACADM_P1P2_ENSG00000117054,ACADM
6_AAK1_P1P2_ENSG00000115977,AAK1
7000_R3HDM4_P1_ENSG00000198858,R3HDM4
7001_R3HDM4_P2_ENSG00000198858,R3HDM4
7002_RAB10_P1P2_ENSG00000084733,RAB10
7003_RAB11A_P1P2_ENSG00000103769,RAB11A
7004_RAB11B_P1P2_ENSG00000185236,RAB11B
7005_RAB11FIP1_P1P2_ENSG00000156675,RAB11FIP1
7006_RAB11FIP4_ENST00000325874.8_ENSG00000131242,RAB11FIP4
7007_RAB12_P1P2_ENSG00000206418,RAB12
7008_RAB13_P1P2_ENSG00000143545,RAB13
7009_RAB14_P1P2_ENSG00000119396,RAB14
700_ATXN10_P1P2_ENSG00000130638,ATXN10
7010_RAB18_P1P2_ENSG00000099246,RAB18
7011_RAB1A_P1P2_ENSG00000138069,RAB1A
7012_RAB1B_P1P2_ENSG00000174903,RAB1B
7013_RAB20_P1P2_ENSG00000139832,RAB20
7014_RAB21_P1P2_ENSG00000080371,RAB21
7015_RAB22A_P1P2_ENSG00000124209,RAB22A
7016_RAB23_P1P2_ENSG00000112210,RAB23
7017_RAB24_P1P2_ENSG00000169228,RAB24
7018_RAB27A_P1P2_ENSG00000069974,RAB27A
7019_RAB28_P1P2_ENSG00000157869,RAB28
701_ATXN1L_P1P2_ENSG00000224470,ATXN1L
7020_RAB2A_P1P2_ENSG00000104388,RAB2A
7021_RAB2B_P1P2_ENSG00000129472,RAB2B
7022_RAB30_P1P2_ENSG00000137502,RAB30
7023_RAB31_P1P2_ENSG00000168461,RAB31
7024_RAB32_P1P2_ENSG00000118508,RAB32
7025_RAB35_P1P2_ENSG00000111737,RAB35
7026_RAB3GAP1_P1P2_ENSG00000115839,RAB3GAP1
7027_RAB3GAP2_P1P2_ENSG00000118873,RAB3GAP2
7028_RAB3IL1_P1P2_ENSG00000167994,RAB3IL1
7029_RAB3IP_P1P2_ENSG00000127328,RAB3IP
702_ATXN2L_P1P2_ENSG00000168488,ATXN2L
7030_RAB40B_P1P2_ENSG00000141542,RAB40B
7031_RAB40C_P1P2_ENSG00000197562,RAB40C
7032_RAB4A_P1P2_ENSG00000168118,RAB4A
7033_RAB4B_P1P2_ENSG00000167578,RAB4B
7034_RAB5A_P1P2_ENSG00000144566,RAB5A
7035_RAB5B_P1P2_ENSG00000111540,RAB5B
7036_RAB5C_P1_ENSG00000108774,RAB5C
7037_RAB5C_P2_ENSG00000108774,RAB5C
7038_RAB6A_P1P2_ENSG00000175582,RAB6A
7039_RAB7A_P1P2_ENSG00000075785,RAB7A
703_ATXN2_P1P2_ENSG00000204842,ATXN2
7040_RAB8A_P1P2_ENSG00000167461,RAB8A
7041_RAB8B_P1P2_ENSG00000166128,RAB8B
7042_RAB9A_P1P2_ENSG00000123595,RAB9A
7043_RABAC1_P1P2_ENSG00000105404,RABAC1
7044_RABEP1_P1P2_ENSG00000029725,RABEP1
7045_RABEP2_P1P2_ENSG00000177548,RABEP2
7046_RABEPK_P1P2_ENSG00000136933,RABEPK
7047_RABGAP1L_P1P2_ENSG00000152061,RABGAP1L
7048_RABGAP1_P1P2_ENSG00000011454,RABGAP1
7049_RABGEF1_P1P2_ENSG00000154710,RABGEF1
704_ATXN3_P1P2_ENSG00000066427,ATXN3
7050_RABGGTA_P1P2_ENSG00000100949,RABGGTA
7051_RABGGTB_P1P2_ENSG00000137955,RABGGTB
7052_RABIF_P1P2_ENSG00000183155,RABIF
7053_RABL3_P1P2_ENSG00000144840,RABL3
7054_RABL6_P1P2_ENSG00000196642,RABL6
7055_RAC1_P1P2_ENSG00000136238,RAC1
7056_RAC2_P1P2_ENSG00000128340,RAC2
7057_RAC3_P1P2_ENSG00000169750,RAC3
7058_RACGAP1_P1P2_ENSG00000161800,RACGAP1
7059_RAD17_P1P2_ENSG00000152942,RAD17
705_ATXN7L1_P1P2_ENSG00000146776,ATXN7L1
7060_RAD18_P1P2_ENSG00000070950,RAD18
7061_RAD1_P1P2_ENSG00000113456,RAD1
7062_RAD21_P1P2_ENSG00000164754,RAD21
7063_RAD23A_P1P2_ENSG00000179262,RAD23A
7064_RAD23B_P1P2_ENSG00000119318,RAD23B
7065_RAD50_P1P2_ENSG00000113522,RAD50
7066_RAD51AP1_P1P2_ENSG00000111247,RAD51AP1
7067_RAD51B_P1P2_ENSG00000182185,RAD51B
7068_RAD51C_P1P2_ENSG00000108384,RAD51C
7069_RAD51D_P1P2_ENSG00000185379,RAD51D
706_ATXN7L3B_P1P2_ENSG00000253719,ATXN7L3B
7070_RAD51_P1P2_ENSG00000051180,RAD51
7071_RAD52_P1_ENSG00000002016,RAD52
7072_RAD52_P2_ENSG00000002016,RAD52
7073_RAD54B_P1P2_ENSG00000197275,RAD54B
7074_RAD54L2_ENST00000409535.2_ENSG00000164080,RAD54L2
7075_RAD54L_P1P2_ENSG00000085999,RAD54L
7076_RAD9A_P1P2_ENSG00000172613,RAD9A
7077_RAE1_P1P2_ENSG00000101146,RAE1
7078_RAF1_P1P2_ENSG00000132155,RAF1
7079_RAG1_P1P2_ENSG00000166349,RAG1
707_ATXN7L3_P1P2_ENSG00000087152,ATXN7L3
7080_RAI14_P1P2_ENSG00000039560,RAI14
7081_RAI1_P1P2_ENSG00000108557,RAI1
7082_RALA_P1P2_ENSG00000006451,RALA
7083_RALBP1_P1P2_ENSG00000017797,RALBP1
7084_RALB_P1P2_ENSG00000144118,RALB
7085_RALGAPA1_P1P2_ENSG00000174373,RALGAPA1
7086_RALGAPB_P1P2_ENSG00000170471,RALGAPB
7087_RALGDS_P1_ENSG00000160271,RALGDS
7088_RALGDS_P2_ENSG00000160271,RALGDS
7089_RALGPS2_P1P2_ENSG00000116191,RALGPS2
708_ATXN7_ENST00000538065.1_ENSG00000163635,ATXN7
7090_RALY_P1P2_ENSG00000125970,RALY
7091_RANBP10_P1P2_ENSG00000141084,RANBP10
7092_RANBP1_P1P2_ENSG00000099901,RANBP1
7093_RANBP2_P1P2_ENSG00000153201,RANBP2
7094_RANBP3_P1P2_ENSG00000031823,RANBP3
7095_RANBP6_P1P2_ENSG00000137040,RANBP6
7096_RANBP9_P1P2_ENSG00000010017,RANBP9
7097_RANGAP1_P1P2_ENSG00000100401,RANGAP1
7098_RANGRF_P1P2_ENSG00000108961,RANGRF
7099_RAN_P1P2_ENSG00000132341,RAN
709_ATXN7_ENST00000398590.3_ENSG00000163635,ATXN7
70_ACADSB_P1P2_ENSG00000196177,ACADSB
7100_RAP1A_P1P2_ENSG00000116473,RAP1A
7101_RAP1B_P1P2_ENSG00000127314,RAP1B
7102_RAP1GAP_P2_ENSG00000076864,RAP1GAP
7103_RAP1GAP_P1_ENSG00000076864,RAP1GAP
7104_RAP1GDS1_P1P2_ENSG00000138698,RAP1GDS1
7105_RAP2A_P1P2_ENSG00000125249,RAP2A
7106_RAP2B_P1P2_ENSG00000181467,RAP2B
7107_RAP2C_P1P2_ENSG00000123728,RAP2C
7108_RAPGEF1_ENST00000372190.3_ENSG00000107263,RAPGEF1
7109_RAPGEF2_ENST00000264431.4_ENSG00000109756,RAPGEF2
710_AUH_P1P2_ENSG00000148090,AUH
7110_RAPGEF6_P1P2_ENSG00000158987,RAPGEF6
7111_RARA_P1_ENSG00000131759,RARA
7112_RARA_P2_ENSG00000131759,RARA
7113_RARB_P1P2_ENSG00000077092,RARB
7114_RARG_P1_ENSG00000172819,RARG
7115_RARG_P2_ENSG00000172819,RARG
7116_RARS2_P1P2_ENSG00000146282,RARS2
7117_RARS_P1P2_ENSG00000113643,RARS
7118_RASA1_P1_ENSG00000145715,RASA1
7119_RASA1_P2_ENSG00000145715,RASA1
711_AUNIP_P1P2_ENSG00000127423,AUNIP
7120_RASA2_P1P2_ENSG00000155903,RASA2
7121_RASA3_P1P2_ENSG00000185989,RASA3
7122_RASGEF1A_P1P2_ENSG00000198915,RASGEF1A
7123_RASGRP2_P1_ENSG00000068831,RASGRP2
7124_RASGRP2_P2_ENSG00000068831,RASGRP2
7125_RASSF1_P1_ENSG00000068028,RASSF1
7126_RASSF1_P2_ENSG00000068028,RASSF1
7127_RASSF3_P1P2_ENSG00000153179,RASSF3
7128_RASSF5_P1P2_ENSG00000266094,RASSF5
7129_RASSF7_P1P2_ENSG00000099849,RASSF7
712_AUP1_P1P2_ENSG00000115307,AUP1
7130_RAVER1_P1_ENSG00000161847,RAVER1
7131_RAVER1_P2_ENSG00000161847,RAVER1
7132_RAX2_P1P2_ENSG00000173976,RAX2
7133_RAX_P1P2_ENSG00000134438,RAX
7134_RB1CC1_P2_ENSG00000023287,RB1CC1
7135_RB1CC1_P1_ENSG00000023287,RB1CC1
7136_RB1_P1P2_ENSG00000139687,RB1
7137_RBAK-RBAKDN_ENST00000407184.1_nan,RBAK-RBAKDN
7138_RBAK_P1_ENSG00000146587,RBAK
7139_RBAK_P2_ENSG00000146587,RBAK
713_AURKAIP1_P1P2_ENSG00000175756,AURKAIP1
7140_RBBP4_P1P2_ENSG00000162521,RBBP4
7141_RBBP5_P1P2_ENSG00000117222,RBBP5
7142_RBBP6_P1P2_ENSG00000122257,RBBP6
7143_RBBP7_P1P2_ENSG00000102054,RBBP7
7144_RBBP8_P1P2_ENSG00000101773,RBBP8
7145_RBCK1_P1P2_ENSG00000125826,RBCK1
7146_RBFA_P1P2_ENSG00000101546,RBFA
7147_RBFOX2_P2_ENSG00000100320,RBFOX2
7148_RBFOX2_P1_ENSG00000100320,RBFOX2
7149_RBL1_P1P2_ENSG00000080839,RBL1
714_AURKA_P1P2_ENSG00000087586,AURKA
7150_RBL2_P1_ENSG00000103479,RBL2
7151_RBL2_P2_ENSG00000103479,RBL2
7152_RBM10_P1P2_ENSG00000182872,RBM10
7153_RBM12B_P1P2_ENSG00000183808,RBM12B
7154_RBM12_P1P2_ENSG00000244462,RBM12
7155_RBM14-RBM4_P1_nan,RBM14-RBM4
7156_RBM14-RBM4_P2_nan,RBM14-RBM4
7158_RBM15B_P1_ENSG00000259956,RBM15B
7159_RBM15B_P2_ENSG00000259956,RBM15B
715_AURKB_P1P2_ENSG00000178999,AURKB
7160_RBM15_P1P2_ENSG00000162775,RBM15
7161_RBM17_P1P2_ENSG00000134453,RBM17
7162_RBM18_P1P2_ENSG00000119446,RBM18
7163_RBM19_P1P2_ENSG00000122965,RBM19
7164_RBM22_P1P2_ENSG00000086589,RBM22
7165_RBM23_P1P2_ENSG00000100461,RBM23
7166_RBM25_P1P2_ENSG00000119707,RBM25
7167_RBM26_P1P2_ENSG00000139746,RBM26
7168_RBM27_P1P2_ENSG00000091009,RBM27
7169_RBM28_P1P2_ENSG00000106344,RBM28
716_AVEN_P1P2_ENSG00000169857,AVEN
7170_RBM33_P1P2_ENSG00000184863,RBM33
7171_RBM34_P1P2_ENSG00000188739,RBM34
7172_RBM38_P1P2_ENSG00000132819,RBM38
7173_RBM39_P1P2_ENSG00000131051,RBM39
7174_RBM3_P1P2_ENSG00000102317,RBM3
7175_RBM41_P1P2_ENSG00000089682,RBM41
7176_RBM42_P1P2_ENSG00000126254,RBM42
7177_RBM45_P1P2_ENSG00000155636,RBM45
7178_RBM48_P1P2_ENSG00000127993,RBM48
7179_RBM4B_P1P2_ENSG00000173914,RBM4B
717_AVL9_P1P2_ENSG00000105778,AVL9
7181_RBM4_P2_ENSG00000173933,RBM4
7182_RBM5_P1P2_ENSG00000003756,RBM5
7183_RBM6_P1P2_ENSG00000004534,RBM6
7184_RBM7_P1P2_ENSG00000076053,RBM7
7185_RBM8A_P1P2_ENSG00000265241,RBM8A
7186_RBMX2_P1P2_ENSG00000134597,RBMX2
7187_RBMXL1_P1P2_ENSG00000213516,RBMXL1
7188_RBMX_P1P2_ENSG00000147274,RBMX
7189_RBP5_P1P2_ENSG00000139194,RBP5
718_AVPI1_P1P2_ENSG00000119986,AVPI1
7190_RBPJL_P1P2_ENSG00000124232,RBPJL
7191_RBPJ_P1P2_ENSG00000168214,RBPJ
7192_RBPMS2_P1P2_ENSG00000166831,RBPMS2
7193_RBX1_P1P2_ENSG00000100387,RBX1
7194_RC3H1_P1P2_ENSG00000135870,RC3H1
7195_RC3H2_P1P2_ENSG00000056586,RC3H2
7196_RCAN1_P1P2_ENSG00000159200,RCAN1
7197_RCBTB2_P1P2_ENSG00000136161,RCBTB2
7198_RCC1_P1_ENSG00000180198,RCC1
7199_RCC1_P2_ENSG00000180198,RCC1
719_AXIN1_P1P2_ENSG00000103126,AXIN1
71_ACADS_P1P2_ENSG00000122971,ACADS
7200_RCC2_P1_ENSG00000179051,RCC2
7201_RCC2_P2_ENSG00000179051,RCC2
7202_RCCD1_P1_ENSG00000166965,RCCD1
7203_RCCD1_P2_ENSG00000166965,RCCD1
7204_RCE1_P1P2_ENSG00000173653,RCE1
7205_RCHY1_P1P2_ENSG00000163743,RCHY1
7206_RCL1_P1P2_ENSG00000120158,RCL1
7207_RCN1_P1P2_ENSG00000049449,RCN1
7208_RCN2_P1P2_ENSG00000117906,RCN2
7209_RCN3_P1P2_ENSG00000142552,RCN3
720_AXL_P1P2_ENSG00000167601,AXL
7210_RCOR1_P1P2_ENSG00000089902,RCOR1
7211_RCOR3_P1P2_ENSG00000117625,RCOR3
7212_RCSD1_P1P2_ENSG00000198771,RCSD1
7213_RDH10_P1P2_ENSG00000121039,RDH10
7214_RDH11_P1P2_ENSG00000072042,RDH11
7215_RDH13_P2_ENSG00000160439,RDH13
7216_RDH13_P1_ENSG00000160439,RDH13
7217_RDH14_P1P2_ENSG00000240857,RDH14
7218_RDX_P1P2_ENSG00000137710,RDX
7219_RECQL4_P1P2_ENSG00000160957,RECQL4
721_AZI2_P1P2_ENSG00000163512,AZI2
7220_RECQL5_P1P2_ENSG00000108469,RECQL5
7221_RECQL_P1P2_ENSG00000004700,RECQL
7222_REEP3_P1P2_ENSG00000165476,REEP3
7223_REEP4_P1P2_ENSG00000168476,REEP4
7224_REEP5_P1P2_ENSG00000129625,REEP5
7225_REEP6_P1P2_ENSG00000115255,REEP6
7226_RELA_P1P2_ENSG00000173039,RELA
7227_RELB_P1P2_ENSG00000104856,RELB
7228_RELL2_P1P2_ENSG00000164620,RELL2
7229_RELN_P1P2_ENSG00000189056,RELN
722_AZIN1_P1P2_ENSG00000155096,AZIN1
7230_RELT_P1P2_ENSG00000054967,RELT
7231_REL_P1P2_ENSG00000162924,REL
7232_RENBP_P1P2_ENSG00000102032,RENBP
7233_REPIN1_P1P2_ENSG00000214022,REPIN1
7234_REPS1_P1P2_ENSG00000135597,REPS1
7235_RER1_P1P2_ENSG00000157916,RER1
7236_RERE_P1P2_ENSG00000142599,RERE
7237_REST_P2_ENSG00000084093,REST
7238_REST_P1_ENSG00000084093,REST
7239_RETSAT_P1P2_ENSG00000042445,RETSAT
723_B2M_P1_ENSG00000166710,B2M
7240_REV1_P1P2_ENSG00000135945,REV1
7241_REV3L_P1P2_ENSG00000009413,REV3L
7242_REXO1_P1P2_ENSG00000079313,REXO1
7243_REXO2_P1P2_ENSG00000076043,REXO2
7244_REXO4_P1P2_ENSG00000148300,REXO4
7245_RFC1_P1P2_ENSG00000035928,RFC1
7246_RFC2_P1P2_ENSG00000049541,RFC2
7247_RFC3_P1P2_ENSG00000133119,RFC3
7248_RFC4_P1P2_ENSG00000163918,RFC4
7249_RFC5_P1P2_ENSG00000111445,RFC5
724_B2M_P2_ENSG00000166710,B2M
7250_RFESD_P1P2_ENSG00000175449,RFESD
7251_RFFL_P1P2_ENSG00000092871,RFFL
7252_RFK_P1P2_ENSG00000135002,RFK
7253_RFNG_P1P2_ENSG00000169733,RFNG
7254_RFPL4B_P1P2_ENSG00000251258,RFPL4B
7255_RFT1_P1P2_ENSG00000163933,RFT1
7256_COP1_P1P2_ENSG00000143207,COP1
7257_RFWD3_P1P2_ENSG00000168411,RFWD3
7258_RFX1_P1P2_ENSG00000132005,RFX1
7259_RFX2_P1P2_ENSG00000087903,RFX2
725_B3GALNT2_P1P2_ENSG00000162885,B3GALNT2
7260_RFX3_P1P2_ENSG00000080298,RFX3
7261_RFX4_P1P2_ENSG00000111783,RFX4
7262_RFX5_P1P2_ENSG00000143390,RFX5
7263_RFX6_P1P2_ENSG00000185002,RFX6
7264_RFX7_P1P2_ENSG00000181827,RFX7
7265_RFX8_P1P2_ENSG00000196460,RFX8
7266_RFXANK_P1P2_ENSG00000064490,RFXANK
7267_RFXAP_P1P2_ENSG00000133111,RFXAP
7268_RGCC_P1P2_ENSG00000102760,RGCC
7269_RGL2_P2_ENSG00000237441,RGL2
726_B3GALT6_P1P2_ENSG00000176022,B3GALT6
7270_RGL2_P1_ENSG00000237441,RGL2
7271_RGP1_P1P2_ENSG00000107185,RGP1
7272_RGPD6_ENST00000329516.3_ENSG00000183054,RGPD6
7273_RGS10_P1P2_ENSG00000148908,RGS10
7274_RGS14_P1_ENSG00000169220,RGS14
7275_RGS14_P2_ENSG00000169220,RGS14
7276_RGS16_P1P2_ENSG00000143333,RGS16
7277_RGS19_P1P2_ENSG00000171700,RGS19
7278_RGS20_P2_ENSG00000147509,RGS20
7279_RGS20_P1_ENSG00000147509,RGS20
727_B3GAT3_P1P2_ENSG00000149541,B3GAT3
7280_RHAG_P1P2_ENSG00000112077,RHAG
7281_RHBDD1_P1P2_ENSG00000144468,RHBDD1
7282_RHBDD2_P1P2_ENSG00000005486,RHBDD2
7283_RHBDD3_P1P2_ENSG00000100263,RHBDD3
7284_RHCE_P1P2_ENSG00000188672,RHCE
7285_RHD_P1P2_ENSG00000187010,RHD
7286_RHEBL1_P1P2_ENSG00000167550,RHEBL1
7287_RHEB_P1P2_ENSG00000106615,RHEB
7288_RHNO1_P1P2_ENSG00000171792,RHNO1
7289_RHOA_P1P2_ENSG00000067560,RHOA
728_B3GNT2_P1P2_ENSG00000170340,B3GNT2
7290_RHOBTB1_P1P2_ENSG00000072422,RHOBTB1
7291_RHOBTB3_P1P2_ENSG00000164292,RHOBTB3
7292_RHOC_P1P2_ENSG00000155366,RHOC
7293_RHOG_P1P2_ENSG00000177105,RHOG
7294_RHOH_P1P2_ENSG00000168421,RHOH
7295_RHOQ_P1P2_ENSG00000119729,RHOQ
7296_RHOT1_P1P2_ENSG00000126858,RHOT1
7297_RHOT2_P1P2_ENSG00000140983,RHOT2
7298_RHOXF1_P1P2_ENSG00000101883,RHOXF1
7299_RHOXF2B_ENST00000371402.2_ENSG00000203989,RHOXF2B
729_B3GNT5_P1P2_ENSG00000176597,B3GNT5
72_ACADVL_P1P2_ENSG00000072778,ACADVL
7300_RHOXF2_ENST00000371388.3_ENSG00000131721,RHOXF2
7301_RHPN1_P1P2_ENSG00000158106,RHPN1
7302_RIC8A_P1_ENSG00000177963,RIC8A
7303_RIC8A_P2_ENSG00000177963,RIC8A
7304_RICTOR_P1P2_ENSG00000164327,RICTOR
7305_RIF1_P1P2_ENSG00000080345,RIF1
7306_RILPL2_P1P2_ENSG00000150977,RILPL2
7307_RILP_P1P2_ENSG00000167705,RILP
7308_RIMKLB_P1P2_ENSG00000166532,RIMKLB
7309_RING1_P1P2_ENSG00000204227,RING1
730_B3GNTL1_P2_ENSG00000175711,B3GNTL1
7310_RINT1_P1P2_ENSG00000135249,RINT1
7311_RIOK1_P1P2_ENSG00000124784,RIOK1
7312_RIOK2_P1P2_ENSG00000058729,RIOK2
7313_RIOK3_P1P2_ENSG00000101782,RIOK3
7314_RIPK1_P2_ENSG00000137275,RIPK1
7315_RIPK1_P1_ENSG00000137275,RIPK1
7316_RIPK2_P1P2_ENSG00000104312,RIPK2
7317_RIT1_P1P2_ENSG00000143622,RIT1
7318_RLF_P1P2_ENSG00000117000,RLF
7319_RLIM_P1P2_ENSG00000131263,RLIM
731_B3GNTL1_P1_ENSG00000175711,B3GNTL1
7320_RMDN1_P1P2_ENSG00000176623,RMDN1
7321_RMDN3_P1P2_ENSG00000137824,RMDN3
7322_RMI1_P1P2_ENSG00000178966,RMI1
7323_RMI2_P1P2_ENSG00000175643,RMI2
7324_RMND1_P1P2_ENSG00000155906,RMND1
7325_RMND5A_P1P2_ENSG00000153561,RMND5A
7326_RMND5B_P1P2_ENSG00000145916,RMND5B
7327_RNASE1_P1P2_ENSG00000129538,RNASE1
7328_RNASEH1_P1P2_ENSG00000171865,RNASEH1
7329_RNASEH2A_P1P2_ENSG00000104889,RNASEH2A
732_B4GALNT1_P1P2_ENSG00000135454,B4GALNT1
7330_RNASEH2B_P1P2_ENSG00000136104,RNASEH2B
7331_RNASEH2C_P1P2_ENSG00000172922,RNASEH2C
7332_RNASEK_P1P2_ENSG00000219200,RNASEK
7333_RNASET2_P1P2_ENSG00000026297,RNASET2
7334_RND2_P1P2_ENSG00000108830,RND2
7335_RNF103_P1P2_ENSG00000239305,RNF103
7336_RNF10_P1P2_ENSG00000022840,RNF10
7337_RNF111_P1P2_ENSG00000157450,RNF111
7338_RNF113A_P1P2_ENSG00000125352,RNF113A
7339_RNF114_P1P2_ENSG00000124226,RNF114
733_B4GALNT4_P1P2_ENSG00000182272,B4GALNT4
7340_RNF115_P1P2_ENSG00000265491,RNF115
7341_RNF11_P1P2_ENSG00000123091,RNF11
7342_RNF121_P1P2_ENSG00000137522,RNF121
7343_RNF123_P1P2_ENSG00000164068,RNF123
7344_RNF125_P1P2_ENSG00000101695,RNF125
7345_RNF126_P1P2_ENSG00000070423,RNF126
7346_RNF130_P1P2_ENSG00000113269,RNF130
7347_RNF138_P1P2_ENSG00000134758,RNF138
7348_RNF139_P1P2_ENSG00000170881,RNF139
7349_RNF13_P1P2_ENSG00000082996,RNF13
734_B4GALT1_P1P2_ENSG00000086062,B4GALT1
7350_RNF141_P1P2_ENSG00000110315,RNF141
7351_RNF144A_P1_ENSG00000151692,RNF144A
7352_RNF144A_P2_ENSG00000151692,RNF144A
7353_RNF145_P2_ENSG00000145860,RNF145
7354_RNF145_P1_ENSG00000145860,RNF145
7355_RNF146_P1P2_ENSG00000118518,RNF146
7356_RNF149_P1P2_ENSG00000163162,RNF149
7357_RNF14_P1P2_ENSG00000013561,RNF14
7358_RNF157_P1P2_ENSG00000141576,RNF157
7359_RNF166_P2_ENSG00000158717,RNF166
735_B4GALT2_P1P2_ENSG00000117411,B4GALT2
7360_RNF166_P1_ENSG00000158717,RNF166
7361_RNF167_P1P2_ENSG00000108523,RNF167
7362_RNF168_P1P2_ENSG00000163961,RNF168
7363_RNF169_P1P2_ENSG00000166439,RNF169
7364_RNF170_P1P2_ENSG00000120925,RNF170
7365_RNF181_P1P2_ENSG00000168894,RNF181
7366_RNF182_P1P2_ENSG00000180537,RNF182
7367_RNF185_P1P2_ENSG00000138942,RNF185
7368_RNF187_P1_ENSG00000168159,RNF187
7369_RNF187_P2_ENSG00000168159,RNF187
736_B4GALT3_P1P2_ENSG00000158850,B4GALT3
7370_RNF19A_P1P2_ENSG00000034677,RNF19A
7371_RNF19B_P1P2_ENSG00000116514,RNF19B
7372_RNF207_P1_ENSG00000158286,RNF207
7373_RNF207_P2_ENSG00000158286,RNF207
7374_RNF208_P1P2_ENSG00000212864,RNF208
7375_RNF20_P1P2_ENSG00000155827,RNF20
7376_RNF213_P2_ENSG00000173821,RNF213
7377_RNF213_P1_ENSG00000173821,RNF213
7378_RNF214_P1P2_ENSG00000167257,RNF214
7379_RNF216_P1P2_ENSG00000011275,RNF216
737_B4GALT4_P1P2_ENSG00000121578,B4GALT4
7380_RNF217_P1P2_ENSG00000146373,RNF217
7381_OBI1_P1P2_ENSG00000152193,OBI1
7382_RNF220_ENST00000443020.2_ENSG00000187147,RNF220
7383_RNF24_P1P2_ENSG00000101236,RNF24
7384_RNF25_P2_ENSG00000163481,RNF25
7385_RNF25_P1_ENSG00000163481,RNF25
7386_RNF26_P1P2_ENSG00000173456,RNF26
7387_RNF2_P1P2_ENSG00000121481,RNF2
7388_RNF31_P1P2_ENSG00000092098,RNF31
7389_RNF34_P1P2_ENSG00000170633,RNF34
738_B4GALT5_P1P2_ENSG00000158470,B4GALT5
7390_RNF40_P1P2_ENSG00000103549,RNF40
7391_RNF41_P1P2_ENSG00000181852,RNF41
7392_RNF44_P1P2_ENSG00000146083,RNF44
7393_RNF4_P1P2_ENSG00000063978,RNF4
7394_RNF5_P1P2_ENSG00000204308,RNF5
7395_RNF6_P1P2_ENSG00000127870,RNF6
7396_RNF7_P1P2_ENSG00000114125,RNF7
7397_RNF8_P1P2_ENSG00000112130,RNF8
7398_RNFT1_P1P2_ENSG00000189050,RNFT1
7399_RNFT2_P1P2_ENSG00000135119,RNFT2
739_B4GALT7_P1P2_ENSG00000027847,B4GALT7
73_ACAP2_P1P2_ENSG00000114331,ACAP2
7400_RNGTT_P1P2_ENSG00000111880,RNGTT
7401_RNH1_P1P2_ENSG00000023191,RNH1
7402_MRM3_P1P2_ENSG00000171861,MRM3
7403_RNMT_P1P2_ENSG00000101654,RNMT
7404_RNPC3_P1P2_ENSG00000185946,RNPC3
7405_RNPEPL1_P1P2_ENSG00000142327,RNPEPL1
7406_RNPEP_P1P2_ENSG00000176393,RNPEP
7407_RNPS1_P1P2_ENSG00000205937,RNPS1
7408_ROCK1_P1P2_ENSG00000067900,ROCK1
7409_ROCK2_P1P2_ENSG00000134318,ROCK2
740_B9D1_P1P2_ENSG00000108641,B9D1
7410_ROGDI_P1P2_ENSG00000067836,ROGDI
7411_ROMO1_P1P2_ENSG00000125995,ROMO1
7412_ROR2_P1P2_ENSG00000169071,ROR2
7413_RORA_ENST00000335670.6_ENSG00000069667,RORA
7414_RORB_P1P2_ENSG00000198963,RORB
7415_RORC_P2_ENSG00000143365,RORC
7416_RORC_P1_ENSG00000143365,RORC
7417_RP9_P1P2_ENSG00000164610,RP9
7418_RPA1_P1P2_ENSG00000132383,RPA1
7419_RPA2_P1P2_ENSG00000117748,RPA2
741_B9D2_P1P2_ENSG00000123810,B9D2
7420_RPA3_P1P2_ENSG00000106399,RPA3
7421_RPAIN_P1P2_ENSG00000129197,RPAIN
7422_RPAP1_P1P2_ENSG00000103932,RPAP1
7423_RPAP2_P1P2_ENSG00000122484,RPAP2
7424_RPAP3_P1P2_ENSG00000005175,RPAP3
7425_RPE_P1P2_ENSG00000197713,RPE
7426_RPF1_P1P2_ENSG00000117133,RPF1
7427_RPF2_P1P2_ENSG00000197498,RPF2
7428_RPGRIP1L_P1P2_ENSG00000103494,RPGRIP1L
7429_RPGR_P1P2_ENSG00000156313,RPGR
742_BABAM1_P1P2_ENSG00000105393,BABAM1
7430_RPIA_P1P2_ENSG00000153574,RPIA
7431_RPL10A_P1P2_ENSG00000198755,RPL10A
7432_RPL10_P1P2_ENSG00000147403,RPL10
7433_RPL11_P1P2_ENSG00000142676,RPL11
7434_RPL12_P1P2_ENSG00000197958,RPL12
7435_RPL13A_P1_ENSG00000142541,RPL13A
7436_RPL13A_P2_ENSG00000142541,RPL13A
7437_RPL13_P1P2_ENSG00000167526,RPL13
7438_RPL14_P1P2_ENSG00000188846,RPL14
7439_RPL15_P1P2_ENSG00000174748,RPL15
743_BACH1_P1P2_ENSG00000156273,BACH1
7440_RPL17-C18orf32_P1P2_nan,RPL17-C18orf32
7441_RPL17_P1P2_ENSG00000265681,RPL17
7442_RPL18A_P1P2_ENSG00000105640,RPL18A
7443_RPL18_P1P2_ENSG00000063177,RPL18
7444_RPL19_P1P2_ENSG00000108298,RPL19
7445_RPL21_P1P2_ENSG00000122026,RPL21
7446_RPL22L1_P1P2_ENSG00000163584,RPL22L1
7447_RPL22_P1_ENSG00000116251,RPL22
7448_RPL22_P2_ENSG00000116251,RPL22
7449_RPL23A_P1P2_ENSG00000198242,RPL23A
744_BACH2_P1P2_ENSG00000112182,BACH2
7450_RPL23_P1P2_ENSG00000125691,RPL23
7451_RPL24_P1P2_ENSG00000114391,RPL24
7452_RPL26L1_P1P2_ENSG00000037241,RPL26L1
7453_RPL26_P1P2_ENSG00000161970,RPL26
7454_RPL27A_P1P2_ENSG00000166441,RPL27A
7455_RPL27_P1P2_ENSG00000131469,RPL27
7456_RPL28_P1P2_ENSG00000108107,RPL28
7457_RPL29_P1P2_ENSG00000162244,RPL29
7458_RPL30_P1P2_ENSG00000156482,RPL30
7459_RPL31_P1P2_ENSG00000071082,RPL31
745_BAD_P1P2_ENSG00000002330,BAD
7460_RPL32_P1P2_ENSG00000144713,RPL32
7461_RPL34_P1P2_ENSG00000109475,RPL34
7462_RPL35A_P1P2_ENSG00000182899,RPL35A
7463_RPL35_P1P2_ENSG00000136942,RPL35
7464_RPL36AL_P1P2_ENSG00000165502,RPL36AL
7465_RPL36A_P1P2_ENSG00000241343,RPL36A
7466_RPL36_P1P2_ENSG00000130255,RPL36
7467_RPL37A_P1P2_ENSG00000197756,RPL37A
7468_RPL37_P1P2_ENSG00000145592,RPL37
7469_RPL38_P1P2_ENSG00000172809,RPL38
746_BAG1_P1P2_ENSG00000107262,BAG1
7470_RPL39L_P1P2_ENSG00000163923,RPL39L
7471_RPL39_P1P2_ENSG00000198918,RPL39
7472_RPL3_P1P2_ENSG00000100316,RPL3
7473_RPL41_P1P2_ENSG00000229117,RPL41
7474_RPL4_P1P2_ENSG00000174444,RPL4
7475_RPL5_P1P2_ENSG00000122406,RPL5
7476_RPL6_P1P2_ENSG00000089009,RPL6
7477_RPL7A_P1P2_ENSG00000148303,RPL7A
7478_RPL7L1_P1P2_ENSG00000146223,RPL7L1
7479_RPL7_P1P2_ENSG00000147604,RPL7
747_BAG2_P1P2_ENSG00000112208,BAG2
7480_RPL8_P1P2_ENSG00000161016,RPL8
7481_RPL9_P1P2_ENSG00000163682,RPL9
7482_RPLP0_P1P2_ENSG00000089157,RPLP0
7483_RPLP1_P1P2_ENSG00000137818,RPLP1
7484_RPLP2_P1P2_ENSG00000177600,RPLP2
7485_RPN1_P1P2_ENSG00000163902,RPN1
7486_RPN2_P1P2_ENSG00000118705,RPN2
7487_RPP14_P1P2_ENSG00000163684,RPP14
7488_RPP21_P1P2_ENSG00000241370,RPP21
7489_RPP25L_P1P2_ENSG00000164967,RPP25L
748_BAG3_P1P2_ENSG00000151929,BAG3
7490_RPP25_P1P2_ENSG00000178718,RPP25
7491_RPP30_P1P2_ENSG00000148688,RPP30
7492_RPP38_P1P2_ENSG00000152464,RPP38
7493_RPP40_P1P2_ENSG00000124787,RPP40
7494_RPRD1A_P1P2_ENSG00000141425,RPRD1A
7495_RPRD1B_P1P2_ENSG00000101413,RPRD1B
7496_RPRD2_P1P2_ENSG00000163125,RPRD2
7497_RPS10-NUDT3_P1P2_ENSG00000270800,RPS10-NUDT3
7498_RPS10_P1P2_ENSG00000124614,RPS10
7499_RPS11_P1P2_ENSG00000142534,RPS11
749_BAG4_P1P2_ENSG00000156735,BAG4
74_ACAP3_P1P2_ENSG00000131584,ACAP3
7500_RPS12_P1P2_ENSG00000112306,RPS12
7501_RPS13_P1P2_ENSG00000110700,RPS13
7502_RPS14_P1P2_ENSG00000164587,RPS14
7503_RPS15A_P1P2_ENSG00000134419,RPS15A
7504_RPS15_P1P2_ENSG00000115268,RPS15
7505_RPS16_P1P2_ENSG00000105193,RPS16
7506_RPS17_ENST00000330339.7_ENSG00000182774,RPS17
7507_RPS18_P1P2_ENSG00000231500,RPS18
7508_RPS19BP1_P1P2_ENSG00000187051,RPS19BP1
7509_RPS19_P1P2_ENSG00000105372,RPS19
750_BAG5_P1P2_ENSG00000166170,BAG5
7510_RPS20_P1P2_ENSG00000008988,RPS20
7511_RPS21_P1P2_ENSG00000171858,RPS21
7512_RPS23_P1P2_ENSG00000186468,RPS23
7513_RPS24_P1P2_ENSG00000138326,RPS24
7514_RPS25_P1P2_ENSG00000118181,RPS25
7515_RPS26_P1P2_ENSG00000197728,RPS26
7516_RPS27A_P1P2_ENSG00000143947,RPS27A
7517_RPS27L_P1P2_ENSG00000185088,RPS27L
7518_RPS27_P1P2_ENSG00000177954,RPS27
7519_RPS28_P1P2_ENSG00000233927,RPS28
751_BAG6_P1P2_ENSG00000204463,BAG6
7520_RPS29_P2_ENSG00000213741,RPS29
7521_RPS29_P1_ENSG00000213741,RPS29
7522_RPS2_P1P2_ENSG00000140988,RPS2
7523_RPS3A_P1P2_ENSG00000145425,RPS3A
7524_RPS3_P2_ENSG00000149273,RPS3
7525_RPS3_P1_ENSG00000149273,RPS3
7526_RPS4X_P1P2_ENSG00000198034,RPS4X
7527_RPS5_P1P2_ENSG00000083845,RPS5
7528_RPS6KA1_P1_ENSG00000117676,RPS6KA1
7529_RPS6KA1_P2_ENSG00000117676,RPS6KA1
752_BAHCC1_P1P2_ENSG00000266074,BAHCC1
7530_RPS6KA3_P1P2_ENSG00000177189,RPS6KA3
7531_RPS6KA4_P1P2_ENSG00000162302,RPS6KA4
7532_RPS6KB1_P1P2_ENSG00000108443,RPS6KB1
7533_RPS6KB2_P1P2_ENSG00000175634,RPS6KB2
7534_RPS6KC1_P1P2_ENSG00000136643,RPS6KC1
7535_RPS6KL1_P1P2_ENSG00000198208,RPS6KL1
7536_RPS6_P1P2_ENSG00000137154,RPS6
7537_RPS7_P1P2_ENSG00000171863,RPS7
7538_RPS8_P1P2_ENSG00000142937,RPS8
7539_RPS9_P1P2_ENSG00000170889,RPS9
753_BAHD1_P1P2_ENSG00000140320,BAHD1
7540_RPSA_P1P2_ENSG00000168028,RPSA
7541_RPTOR_P1P2_ENSG00000141564,RPTOR
7542_RPUSD1_P2_ENSG00000007376,RPUSD1
7543_RPUSD1_P1_ENSG00000007376,RPUSD1
7544_RPUSD2_P1P2_ENSG00000166133,RPUSD2
7545_RPUSD3_P1P2_ENSG00000156990,RPUSD3
7546_RPUSD4_P1P2_ENSG00000165526,RPUSD4
7547_CNOT9_P1P2_ENSG00000144580,CNOT9
7548_RRAGA_P1P2_ENSG00000155876,RRAGA
7549_RRAGB_P1P2_ENSG00000083750,RRAGB
754_BAIAP2L1_P1P2_ENSG00000006453,BAIAP2L1
7550_RRAGC_P1P2_ENSG00000116954,RRAGC
7551_RRAGD_P1P2_ENSG00000025039,RRAGD
7552_RRAS2_P1P2_ENSG00000133818,RRAS2
7553_RRAS_P1P2_ENSG00000126458,RRAS
7554_RRBP1_P1P2_ENSG00000125844,RRBP1
7555_RREB1_P1P2_ENSG00000124782,RREB1
7556_RRM1_P1P2_ENSG00000167325,RRM1
7557_RRM2B_P1P2_ENSG00000048392,RRM2B
7558_RRM2_P1P2_ENSG00000171848,RRM2
7559_RRN3_P1P2_ENSG00000085721,RRN3
755_BAIAP2_P1P2_ENSG00000175866,BAIAP2
7560_RRNAD1_P1P2_ENSG00000143303,RRNAD1
7561_RRP12_P1P2_ENSG00000052749,RRP12
7562_RRP15_P1P2_ENSG00000067533,RRP15
7563_RRP1B_P1P2_ENSG00000160208,RRP1B
7564_RRP1_P1P2_ENSG00000160214,RRP1
7565_RRP36_P1P2_ENSG00000124541,RRP36
7566_RRP7A_P1P2_ENSG00000189306,RRP7A
7567_RRP8_P1P2_ENSG00000132275,RRP8
7568_RRP9_P1P2_ENSG00000114767,RRP9
7569_RRS1_P1P2_ENSG00000179041,RRS1
756_BAK1_P1P2_ENSG00000030110,BAK1
7570_RSAD1_P1P2_ENSG00000136444,RSAD1
7571_RSBN1L_P1P2_ENSG00000187257,RSBN1L
7572_RSBN1_P1P2_ENSG00000081019,RSBN1
7573_RSC1A1_P1P2_ENSG00000215695,RSC1A1
7574_RSF1_P1P2_ENSG00000048649,RSF1
7575_RSL1D1_P2_ENSG00000171490,RSL1D1
7576_RSL1D1_P1_ENSG00000171490,RSL1D1
7577_RSL24D1_P1P2_ENSG00000137876,RSL24D1
7578_RSPRY1_P1P2_ENSG00000159579,RSPRY1
7579_RSRC1_P1P2_ENSG00000174891,RSRC1
757_BAMBI_P1P2_ENSG00000095739,BAMBI
7580_RSRC2_P1P2_ENSG00000111011,RSRC2
7581_RSU1_P1P2_ENSG00000148484,RSU1
7582_RTCA_P1P2_ENSG00000137996,RTCA
7583_RTCB_P1P2_ENSG00000100220,RTCB
7584_RTEL1_P1P2_ENSG00000258366,RTEL1
7585_RTF1_P1P2_ENSG00000137815,RTF1
7586_RTF2_P1P2_ENSG00000022277,RTF2
7587_RTKN2_P1P2_ENSG00000182010,RTKN2
7588_RTN2_P2_ENSG00000125744,RTN2
7589_RTN2_P1_ENSG00000125744,RTN2
758_BANF1_P1P2_ENSG00000175334,BANF1
7590_RTN3_P1P2_ENSG00000133318,RTN3
7591_RTN4IP1_P1P2_ENSG00000130347,RTN4IP1
7592_RTN4_ENST00000394609.2_ENSG00000115310,RTN4
7593_RTTN_P1P2_ENSG00000176225,RTTN
7594_RUFY1_P1_ENSG00000176783,RUFY1
7595_RUFY1_P2_ENSG00000176783,RUFY1
7596_RUFY2_P1P2_ENSG00000204130,RUFY2
7597_RUFY3_P2_ENSG00000018189,RUFY3
7598_RUFY3_P1_ENSG00000018189,RUFY3
7599_RUNDC1_P1P2_ENSG00000198863,RUNDC1
759_BANP_P1P2_ENSG00000172530,BANP
75_ACAT1_P1P2_ENSG00000075239,ACAT1
"7600_RUNX1_ENST00000300305.3,ENST00000437180.1_ENSG00000159216",RUNX1
7601_RUNX2_P2_ENSG00000124813,RUNX2
7602_RUNX2_P1_ENSG00000124813,RUNX2
7603_RUNX3_P2_ENSG00000020633,RUNX3
7604_RUNX3_P1_ENSG00000020633,RUNX3
7605_RUSC1_P2_ENSG00000160753,RUSC1
7606_RUSC1_P1_ENSG00000160753,RUSC1
7607_RUVBL1_P1P2_ENSG00000175792,RUVBL1
7608_RUVBL2_P1P2_ENSG00000183207,RUVBL2
7609_RWDD1_P1P2_ENSG00000111832,RWDD1
760_BAP1_P1P2_ENSG00000163930,BAP1
7610_RWDD2B_P1P2_ENSG00000156253,RWDD2B
7611_RWDD3_P1P2_ENSG00000122481,RWDD3
7612_RWDD4_P1P2_ENSG00000182552,RWDD4
7613_RXRA_P1P2_ENSG00000186350,RXRA
7614_RXRB_P1P2_ENSG00000204231,RXRB
7615_RXRG_P1P2_ENSG00000143171,RXRG
7616_RYBP_P1P2_ENSG00000163602,RYBP
7617_RYK_P1P2_ENSG00000163785,RYK
7618_S100A10_P2_ENSG00000197747,S100A10
7619_S100A10_P1_ENSG00000197747,S100A10
761_BARD1_P1P2_ENSG00000138376,BARD1
7620_S100A11_P1P2_ENSG00000163191,S100A11
7621_S100A13_P1P2_ENSG00000189171,S100A13
7622_S100A1_P1_ENSG00000160678,S100A1
7623_S100A1_P2_ENSG00000160678,S100A1
7624_S100A4_P1P2_ENSG00000196154,S100A4
7625_S100A6_P1P2_ENSG00000197956,S100A6
7626_S100PBP_P1P2_ENSG00000116497,S100PBP
7627_S100P_P1P2_ENSG00000163993,S100P
7628_SAAL1_P2_ENSG00000166788,SAAL1
7629_SAAL1_P1_ENSG00000166788,SAAL1
762_BARHL1_P1P2_ENSG00000125492,BARHL1
7630_SAC3D1_P1P2_ENSG00000168061,SAC3D1
7631_SACM1L_P1P2_ENSG00000211456,SACM1L
7632_SACS_ENST00000382292.3_ENSG00000151835,SACS
7633_SACS_ENST00000382298.3_ENSG00000151835,SACS
7634_SAE1_P1P2_ENSG00000142230,SAE1
7635_SAFB2_P1P2_ENSG00000130254,SAFB2
7636_SAFB_P1P2_ENSG00000160633,SAFB
7637_SAGE1_P1P2_ENSG00000181433,SAGE1
7638_SALL1_P1P2_ENSG00000103449,SALL1
7639_SALL2_P1P2_ENSG00000165821,SALL2
763_BARHL2_P1P2_ENSG00000143032,BARHL2
7640_SALL3_P1P2_ENSG00000256463,SALL3
7641_SALL4_P1P2_ENSG00000101115,SALL4
7642_SAMD1_P1P2_ENSG00000141858,SAMD1
7643_SAMD4B_P1P2_ENSG00000179134,SAMD4B
7644_SAMHD1_P1P2_ENSG00000101347,SAMHD1
7645_SAMM50_P1P2_ENSG00000100347,SAMM50
7646_SAMSN1_P1P2_ENSG00000155307,SAMSN1
7647_SAP130_P1P2_ENSG00000136715,SAP130
7648_SAP18_P1P2_ENSG00000150459,SAP18
7649_SAP30BP_P1P2_ENSG00000161526,SAP30BP
764_BARX1_P1P2_ENSG00000131668,BARX1
7650_SAP30L_P1P2_ENSG00000164576,SAP30L
7651_SAP30_P1P2_ENSG00000164105,SAP30
7652_SAPCD2_P1P2_ENSG00000186193,SAPCD2
7653_SAR1A_P1P2_ENSG00000079332,SAR1A
7654_SAR1B_P1P2_ENSG00000152700,SAR1B
7655_SARNP_P1P2_ENSG00000205323,SARNP
7656_SARS2_P1P2_ENSG00000104835,SARS2
7657_SARS_P1P2_ENSG00000031698,SARS
7658_SART1_P1P2_ENSG00000175467,SART1
7659_SART3_P1P2_ENSG00000075856,SART3
765_BARX2_P1P2_ENSG00000043039,BARX2
7660_SASS6_P1P2_ENSG00000156876,SASS6
7661_SAT1_P1P2_ENSG00000130066,SAT1
7662_SAT2_P1P2_ENSG00000141504,SAT2
7663_SATB1_P1_ENSG00000182568,SATB1
7664_SATB1_P2_ENSG00000182568,SATB1
7665_SATB2_P1P2_ENSG00000119042,SATB2
7666_SAV1_P1P2_ENSG00000151748,SAV1
7667_SAYSD1_P1P2_ENSG00000112167,SAYSD1
7668_SBDS_P1P2_ENSG00000126524,SBDS
7669_SBF1_P1P2_ENSG00000100241,SBF1
766_BATF2_P1P2_ENSG00000168062,BATF2
7670_SBNO1_P1P2_ENSG00000139697,SBNO1
7671_SBNO2_P2_ENSG00000064932,SBNO2
7672_SBNO2_P1_ENSG00000064932,SBNO2
7673_SC5D_P1P2_ENSG00000109929,SC5D
7674_SCAF11_P1P2_ENSG00000139218,SCAF11
7675_SCAF1_P1P2_ENSG00000126461,SCAF1
7676_SCAF4_P1P2_ENSG00000156304,SCAF4
7677_SCAF8_P1P2_ENSG00000213079,SCAF8
7678_SCAI_P1P2_ENSG00000173611,SCAI
7679_SCAMP1_P1P2_ENSG00000085365,SCAMP1
767_BATF3_P1P2_ENSG00000123685,BATF3
7680_SCAMP2_P1_ENSG00000140497,SCAMP2
7681_SCAMP2_P2_ENSG00000140497,SCAMP2
7682_SCAMP3_P1P2_ENSG00000116521,SCAMP3
7683_SCAMP4_P1P2_ENSG00000227500,SCAMP4
7684_SCAND1_P1P2_ENSG00000171222,SCAND1
7685_SCAPER_P1P2_ENSG00000140386,SCAPER
7686_SCAP_P1P2_ENSG00000114650,SCAP
7687_SCARB1_P1P2_ENSG00000073060,SCARB1
7688_SCARB2_P1P2_ENSG00000138760,SCARB2
7689_SCCPDH_P1P2_ENSG00000143653,SCCPDH
768_BATF_P1P2_ENSG00000156127,BATF
7690_SCD_P1P2_ENSG00000099194,SCD
7691_SCFD1_P1P2_ENSG00000092108,SCFD1
7692_SCFD2_P1P2_ENSG00000184178,SCFD2
7693_SCG3_P1P2_ENSG00000104112,SCG3
7694_SCIN_P1P2_ENSG00000006747,SCIN
7695_SCLT1_P1P2_ENSG00000151466,SCLT1
"7696_SCLY_ENST00000254663.6,ENST00000555827.1_ENSG00000132330",SCLY
7697_SCMH1_ENST00000326197.7_ENSG00000010803,SCMH1
7698_SCMH1_ENST00000402904.2_ENSG00000010803,SCMH1
7699_SCML2_P1P2_ENSG00000102098,SCML2
769_BAX_P1P2_ENSG00000087088,BAX
76_ACAT2_P1P2_ENSG00000120437,ACAT2
7700_SCML4_P1P2_ENSG00000146285,SCML4
7701_SCNM1_P1P2_ENSG00000163156,SCNM1
7702_SCO1_P1P2_ENSG00000133028,SCO1
7703_SCO2_P1P2_ENSG00000284194,SCO2
7704_SCOC_P1P2_ENSG00000153130,SCOC
7705_SCP2_ENST00000371514.3_ENSG00000116171,SCP2
7706_SCRIB_P1P2_ENSG00000180900,SCRIB
7707_SCRN2_P1P2_ENSG00000141295,SCRN2
7708_SCRN3_P1P2_ENSG00000144306,SCRN3
7709_SCRT1_P1P2_ENSG00000261678,SCRT1
770_BAZ1A_P1P2_ENSG00000198604,BAZ1A
7710_SCRT2_P1P2_ENSG00000215397,SCRT2
7711_SCYL1_P1P2_ENSG00000142186,SCYL1
7712_SCYL2_P1P2_ENSG00000136021,SCYL2
7713_SDAD1_P1P2_ENSG00000198301,SDAD1
7714_SDC1_P1P2_ENSG00000115884,SDC1
7715_SDC3_P1P2_ENSG00000162512,SDC3
7716_SDCBP_P1P2_ENSG00000137575,SDCBP
7717_ENTR1_P1P2_ENSG00000165689,ENTR1
7718_SDCCAG8_P1P2_ENSG00000054282,SDCCAG8
7719_SDE2_P1P2_ENSG00000143751,SDE2
771_BAZ1B_P1P2_ENSG00000009954,BAZ1B
7720_SDF2L1_P1P2_ENSG00000128228,SDF2L1
7721_SDF2_P1P2_ENSG00000132581,SDF2
7722_SDF4_P1P2_ENSG00000078808,SDF4
7723_SDHAF1_P1P2_ENSG00000205138,SDHAF1
7724_SDHAF2_P1P2_ENSG00000167985,SDHAF2
7725_SDHA_P1P2_ENSG00000073578,SDHA
7726_SDHB_P1P2_ENSG00000117118,SDHB
7727_SDHC_P1P2_ENSG00000143252,SDHC
7728_SDHD_P1P2_ENSG00000204370,SDHD
7729_SDR39U1_P1P2_ENSG00000100445,SDR39U1
772_BAZ2A_P2_ENSG00000076108,BAZ2A
7730_SDSL_P1P2_ENSG00000139410,SDSL
7731_SEBOX_P1P2_ENSG00000274529,SEBOX
7732_SEC11A_P1P2_ENSG00000140612,SEC11A
7733_SEC11C_P1P2_ENSG00000166562,SEC11C
7734_SEC13_P1P2_ENSG00000157020,SEC13
7735_SEC14L1_P2_ENSG00000129657,SEC14L1
7736_SEC14L1_P1_ENSG00000129657,SEC14L1
7737_SEC16A_P1P2_ENSG00000148396,SEC16A
7738_SEC22A_P1P2_ENSG00000121542,SEC22A
7739_SEC22B_P1P2_ENSG00000265808,SEC22B
773_BAZ2A_P1_ENSG00000076108,BAZ2A
7740_SEC22C_P1P2_ENSG00000093183,SEC22C
7741_SEC23A_P1P2_ENSG00000100934,SEC23A
7742_SEC23B_P1P2_ENSG00000101310,SEC23B
7743_SEC23IP_P1P2_ENSG00000107651,SEC23IP
7744_SEC24A_P1P2_ENSG00000113615,SEC24A
7745_SEC24B_P1P2_ENSG00000138802,SEC24B
7746_SEC24C_P1P2_ENSG00000176986,SEC24C
7747_SEC24D_P1P2_ENSG00000150961,SEC24D
7748_SEC31A_P1_ENSG00000138674,SEC31A
7749_SEC31A_P2_ENSG00000138674,SEC31A
774_BAZ2B_P1P2_ENSG00000123636,BAZ2B
7750_SEC61A1_P2_ENSG00000058262,SEC61A1
7751_SEC61A1_P1_ENSG00000058262,SEC61A1
7752_SEC61B_P1P2_ENSG00000106803,SEC61B
7753_SEC61G_P1P2_ENSG00000132432,SEC61G
7754_SEC62_P1P2_ENSG00000008952,SEC62
7755_SEC63_P1P2_ENSG00000025796,SEC63
7756_SECISBP2L_P1P2_ENSG00000138593,SECISBP2L
7757_SECISBP2_P1P2_ENSG00000187742,SECISBP2
7758_SEH1L_P1P2_ENSG00000085415,SEH1L
7759_SEL1L3_P1P2_ENSG00000091490,SEL1L3
775_BBC3_P1P2_ENSG00000105327,BBC3
7760_SEL1L_P1P2_ENSG00000071537,SEL1L
7761_SELENBP1_P1P2_ENSG00000143416,SELENBP1
7762_SELENOK_P1P2_ENSG00000113811,SELENOK
7763_SELENOM_P1P2_ENSG00000198832,SELENOM
7764_SELENOO_P1P2_ENSG00000073169,SELENOO
7765_SELPLG_P1P2_ENSG00000110876,SELPLG
7766_SELENOT_P1P2_ENSG00000198843,SELENOT
7767_SEMA4B_P1_ENSG00000185033,SEMA4B
7768_SEMA4B_P2_ENSG00000185033,SEMA4B
7769_SEMA4C_P2_ENSG00000168758,SEMA4C
776_BBIP1_P1P2_ENSG00000214413,BBIP1
7770_SEMA4C_P1_ENSG00000168758,SEMA4C
7771_SENP1_P1P2_ENSG00000079387,SENP1
7772_SENP2_P1P2_ENSG00000163904,SENP2
7773_SENP3_P1P2_ENSG00000161956,SENP3
7774_SENP5_P1P2_ENSG00000119231,SENP5
7775_SENP6_P1P2_ENSG00000112701,SENP6
7776_SENP7_P1P2_ENSG00000138468,SENP7
7777_SELENOF_P1P2_ENSG00000183291,SELENOF
7778_SEPHS1_P1P2_ENSG00000086475,SEPHS1
7779_SEPHS2_P1P2_ENSG00000179918,SEPHS2
777_BBS1_P1P2_ENSG00000174483,BBS1
7780_SELENOP_P1P2_ENSG00000250722,SELENOP
7781_SEPSECS_P1P2_ENSG00000109618,SEPSECS
7782_SEPTIN11_P1P2_ENSG00000138758,SEPTIN11
7783_SEPTIN1_P1_ENSG00000180096,SEPTIN1
7784_SEPTIN1_P2_ENSG00000180096,SEPTIN1
7785_SEPTIN2_P1P2_ENSG00000168385,SEPTIN2
7786_SEPTIN5_P2_ENSG00000184702,SEPTIN5
7787_SEPTIN5_P1_ENSG00000184702,SEPTIN5
7788_SEPTIN6_P1P2_ENSG00000125354,SEPTIN6
7789_SEPTIN7_P1P2_ENSG00000122545,SEPTIN7
778_BBS2_P1P2_ENSG00000125124,BBS2
7790_SEPTIN8_P1P2_ENSG00000164402,SEPTIN8
7791_SEPTIN9_P1P2_ENSG00000184640,SEPTIN9
7792_SELENOW_P1P2_ENSG00000178980,SELENOW
7793_SERBP1_P1P2_ENSG00000142864,SERBP1
7794_SERF1B_ENST00000380751.5_ENSG00000205572,SERF1B
7795_SERF2_P1_ENSG00000140264,SERF2
7796_SERF2_P2_ENSG00000140264,SERF2
7797_SERGEF_P1P2_ENSG00000129158,SERGEF
7798_SERHL2_P1P2_ENSG00000183569,SERHL2
7799_SERINC1_P1P2_ENSG00000111897,SERINC1
779_BBS4_P1P2_ENSG00000140463,BBS4
77_ACBD3_P1P2_ENSG00000182827,ACBD3
7800_SERINC3_P1P2_ENSG00000132824,SERINC3
7801_SERP1_P1P2_ENSG00000120742,SERP1
7802_SERPINB1_P1P2_ENSG00000021355,SERPINB1
7803_SERPINB6_P1P2_ENSG00000124570,SERPINB6
7804_SERPINB9_P1P2_ENSG00000170542,SERPINB9
7805_SERPINF1_P1P2_ENSG00000132386,SERPINF1
7806_SERPING1_P1P2_ENSG00000149131,SERPING1
7807_SERPINH1_P1P2_ENSG00000149257,SERPINH1
7808_SERTAD1_P1P2_ENSG00000197019,SERTAD1
7809_SERTAD2_P1P2_ENSG00000179833,SERTAD2
780_BBS7_P1P2_ENSG00000138686,BBS7
7810_SERTAD3_P1P2_ENSG00000167565,SERTAD3
7811_SESN1_ENST00000436639.2_ENSG00000080546,SESN1
7812_SESN2_P1P2_ENSG00000130766,SESN2
7813_SETBP1_P1P2_ENSG00000152217,SETBP1
7814_SETD1A_P1P2_ENSG00000099381,SETD1A
7815_SETD1B_P1P2_ENSG00000139718,SETD1B
7816_SETD2_P1P2_ENSG00000181555,SETD2
7817_SETD3_P1P2_ENSG00000183576,SETD3
7818_SETD4_P1P2_ENSG00000185917,SETD4
7819_SETD5_P1P2_ENSG00000168137,SETD5
781_BBX_P1P2_ENSG00000114439,BBX
7820_SETD6_P1P2_ENSG00000103037,SETD6
7821_SETD7_P1P2_ENSG00000145391,SETD7
7822_SETD9_P1P2_ENSG00000155542,SETD9
7823_SETDB1_P1P2_ENSG00000143379,SETDB1
7824_SETDB2_P1P2_ENSG00000136169,SETDB2
7825_SETMAR_P1P2_ENSG00000170364,SETMAR
7826_SETX_P1P2_ENSG00000107290,SETX
7827_SET_P1P2_ENSG00000119335,SET
7828_SEZ6L2_P1P2_ENSG00000174938,SEZ6L2
7829_SF1_P1P2_ENSG00000168066,SF1
782_BCAP29_P1P2_ENSG00000075790,BCAP29
7830_SF3A1_P1_ENSG00000099995,SF3A1
7831_SF3A1_P2_ENSG00000099995,SF3A1
7832_SF3A2_P2_ENSG00000104897,SF3A2
7833_SF3A2_P1_ENSG00000104897,SF3A2
7834_SF3A3_P1P2_ENSG00000183431,SF3A3
7835_SF3B1_P1P2_ENSG00000115524,SF3B1
7836_SF3B2_P1P2_ENSG00000087365,SF3B2
7837_SF3B3_P1P2_ENSG00000189091,SF3B3
7838_SF3B4_P1P2_ENSG00000143368,SF3B4
7839_SF3B5_P1P2_ENSG00000169976,SF3B5
783_BCAP31_P1P2_ENSG00000185825,BCAP31
7840_SFI1_P1P2_ENSG00000198089,SFI1
7841_SFMBT1_P1P2_ENSG00000163935,SFMBT1
7842_SFPQ_P1P2_ENSG00000116560,SFPQ
7843_SFSWAP_P1P2_ENSG00000061936,SFSWAP
7844_SFT2D1_P1P2_ENSG00000198818,SFT2D1
7845_SFT2D2_P1P2_ENSG00000213064,SFT2D2
7846_SFT2D3_P1P2_ENSG00000173349,SFT2D3
7847_SFXN1_P1P2_ENSG00000164466,SFXN1
7848_SFXN2_P1P2_ENSG00000156398,SFXN2
7849_SFXN4_P1P2_ENSG00000183605,SFXN4
784_BCAR1_P2_ENSG00000050820,BCAR1
7850_SFXN5_P1P2_ENSG00000144040,SFXN5
7851_SGK1_P1_ENSG00000118515,SGK1
7852_SGK1_P2_ENSG00000118515,SGK1
7853_SGK3_ENST00000521198.2_ENSG00000104205,SGK3
"7854_SGK3_ENST00000396596.1,ENST00000522398.1_ENSG00000104205",SGK3
7855_SGK3_ENST00000345714.4_ENSG00000104205,SGK3
7856_RSKR_P1P2_ENSG00000167524,RSKR
7857_SGMS1_P1P2_ENSG00000198964,SGMS1
7858_SGO1_P1P2_ENSG00000129810,SGO1
7859_SGO2_P1P2_ENSG00000163535,SGO2
785_BCAR1_P1_ENSG00000050820,BCAR1
7860_SGPL1_P1P2_ENSG00000166224,SGPL1
7861_SGPP1_P1P2_ENSG00000126821,SGPP1
7862_SGSH_P1P2_ENSG00000181523,SGSH
7863_SGSM2_P1P2_ENSG00000141258,SGSM2
7864_SGSM3_P1P2_ENSG00000100359,SGSM3
7865_SGTA_P1P2_ENSG00000104969,SGTA
7866_SGTB_P1P2_ENSG00000197860,SGTB
7867_SH2B1_P1P2_ENSG00000178188,SH2B1
7868_SH2B3_P1P2_ENSG00000111252,SH2B3
7869_SH2D2A_P2_ENSG00000027869,SH2D2A
786_BCAS2_P1P2_ENSG00000116752,BCAS2
7870_SH2D2A_P1_ENSG00000027869,SH2D2A
7871_SH2D3A_P1P2_ENSG00000125731,SH2D3A
7872_SH3BGRL2_P1P2_ENSG00000198478,SH3BGRL2
7873_SH3BGRL3_P1P2_ENSG00000142669,SH3BGRL3
7874_SH3BGRL_P1P2_ENSG00000131171,SH3BGRL
7875_SH3BGR_P1_ENSG00000185437,SH3BGR
7876_SH3BGR_P2_ENSG00000185437,SH3BGR
7877_SH3BP1_P1P2_ENSG00000100092,SH3BP1
7878_SH3BP2_P1_ENSG00000087266,SH3BP2
7879_SH3BP2_P2_ENSG00000087266,SH3BP2
787_BCAT1_P1P2_ENSG00000060982,BCAT1
7880_SH3BP5L_P1P2_ENSG00000175137,SH3BP5L
7881_SH3BP5_P1_ENSG00000131370,SH3BP5
7882_SH3BP5_P2_ENSG00000131370,SH3BP5
7883_SH3GL1_P1P2_ENSG00000141985,SH3GL1
7884_SH3GL3_P1P2_ENSG00000140600,SH3GL3
7885_SH3GLB1_P1P2_ENSG00000097033,SH3GLB1
7886_SH3GLB2_P1P2_ENSG00000148341,SH3GLB2
7887_SH3KBP1_P1P2_ENSG00000147010,SH3KBP1
7888_SHARPIN_P1P2_ENSG00000179526,SHARPIN
7889_SHB_P1P2_ENSG00000107338,SHB
788_BCAT2_P1P2_ENSG00000105552,BCAT2
7890_SHC1_P1_ENSG00000160691,SHC1
7891_SHC1_P2_ENSG00000160691,SHC1
7892_SHCBP1_P1P2_ENSG00000171241,SHCBP1
7893_SEM1_P1P2_ENSG00000127922,SEM1
7894_SHISA5_P1P2_ENSG00000164054,SHISA5
7895_SHKBP1_P1P2_ENSG00000160410,SHKBP1
7896_SHMT1_P1P2_ENSG00000176974,SHMT1
7897_SHMT2_P1P2_ENSG00000182199,SHMT2
7898_SHOC2_P1P2_ENSG00000108061,SHOC2
7899_SHOX2_P1P2_ENSG00000168779,SHOX2
789_BCCIP_P1P2_ENSG00000107949,BCCIP
78_ACBD5_P1P2_ENSG00000107897,ACBD5
7900_SHOX_P1P2_ENSG00000185960,SHOX
7901_SHPK_P1P2_ENSG00000197417,SHPK
7902_SHPRH_P1P2_ENSG00000146414,SHPRH
7903_SHQ1_P1P2_ENSG00000144736,SHQ1
7904_SHROOM1_P1P2_ENSG00000164403,SHROOM1
7905_SIAH1_P1P2_ENSG00000196470,SIAH1
7906_SIAH2_P1P2_ENSG00000181788,SIAH2
7907_SIGIRR_P1_ENSG00000185187,SIGIRR
7908_SIGIRR_P2_ENSG00000185187,SIGIRR
7909_SIGLEC14_P1P2_ENSG00000254415,SIGLEC14
790_BCKDHA_P2_ENSG00000248098,BCKDHA
7910_SIGMAR1_P1P2_ENSG00000147955,SIGMAR1
7911_SIK3_P1P2_ENSG00000160584,SIK3
7912_SIKE1_P1P2_ENSG00000052723,SIKE1
7913_SIL1_P1P2_ENSG00000120725,SIL1
7914_SIM1_P1P2_ENSG00000112246,SIM1
7915_SIM2_P1P2_ENSG00000159263,SIM2
7916_SIMC1_P1P2_ENSG00000170085,SIMC1
7917_SIN3A_P2_ENSG00000169375,SIN3A
7918_SIN3A_P1_ENSG00000169375,SIN3A
7919_SIN3B_P1P2_ENSG00000127511,SIN3B
791_BCKDHA_P1_ENSG00000248098,BCKDHA
7920_SIPA1_P1_ENSG00000213445,SIPA1
7921_SIPA1_P2_ENSG00000213445,SIPA1
7922_SIRT1_P1P2_ENSG00000096717,SIRT1
7923_SIRT2_P1P2_ENSG00000068903,SIRT2
7924_SIRT3_P1P2_ENSG00000142082,SIRT3
7925_SIRT5_P1P2_ENSG00000124523,SIRT5
7926_SIRT6_P1P2_ENSG00000077463,SIRT6
7929_SIRT7_P1P2_ENSG00000187531,SIRT7
792_BCKDHB_P1P2_ENSG00000083123,BCKDHB
7930_SIVA1_P1P2_ENSG00000184990,SIVA1
7931_SIX1_P1P2_ENSG00000126778,SIX1
7932_SIX2_P1P2_ENSG00000170577,SIX2
7933_SIX3_P1P2_ENSG00000138083,SIX3
7934_SIX4_P1P2_ENSG00000100625,SIX4
7935_SIX5_P1P2_ENSG00000177045,SIX5
7936_SIX6_P1P2_ENSG00000184302,SIX6
7937_SKA1_P1P2_ENSG00000154839,SKA1
7938_SKA2_P1P2_ENSG00000182628,SKA2
7939_SKA3_P1P2_ENSG00000165480,SKA3
793_BCKDK_P1P2_ENSG00000103507,BCKDK
7940_SKAP2_P1P2_ENSG00000005020,SKAP2
7941_SKIL_P1P2_ENSG00000136603,SKIL
7942_MTREX_P1P2_ENSG00000039123,MTREX
7943_SKIV2L_P1P2_ENSG00000204351,SKIV2L
7944_SKI_ENST00000378536.4_ENSG00000157933,SKI
7945_SKOR1_P1P2_ENSG00000188779,SKOR1
"7946_SKOR2_ENST00000400404.1,ENST00000425639.1_ENSG00000215474",SKOR2
7947_SKP1_P1P2_ENSG00000113558,SKP1
7948_SKP2_P1P2_ENSG00000145604,SKP2
7949_SLAIN2_P1P2_ENSG00000109171,SLAIN2
794_BCL10_P1P2_ENSG00000142867,BCL10
7950_SLBP_P1P2_ENSG00000163950,SLBP
7951_SLC10A3_P1P2_ENSG00000126903,SLC10A3
7952_SLC10A4_P1P2_ENSG00000145248,SLC10A4
7953_SLC10A7_P1P2_ENSG00000120519,SLC10A7
7954_SLC11A2_P2_ENSG00000110911,SLC11A2
7955_SLC11A2_P1_ENSG00000110911,SLC11A2
7956_SLC12A2_P1P2_ENSG00000064651,SLC12A2
7957_SLC12A4_P1_ENSG00000124067,SLC12A4
7958_SLC12A4_P2_ENSG00000124067,SLC12A4
7959_SLC12A5_P1_ENSG00000124140,SLC12A5
795_BCL11A_P1P2_ENSG00000119866,BCL11A
7960_SLC12A5_P2_ENSG00000124140,SLC12A5
7961_SLC12A7_P1P2_ENSG00000113504,SLC12A7
7962_SLC12A9_P2_ENSG00000146828,SLC12A9
7963_SLC12A9_P1_ENSG00000146828,SLC12A9
7964_SLC13A3_P1P2_ENSG00000158296,SLC13A3
7965_SLC15A4_P1P2_ENSG00000139370,SLC15A4
7966_SLC16A1_P2_ENSG00000155380,SLC16A1
7967_SLC16A1_P1_ENSG00000155380,SLC16A1
7968_SLC16A5_P1P2_ENSG00000170190,SLC16A5
7969_SLC16A9_P1P2_ENSG00000165449,SLC16A9
796_BCL11B_P1P2_ENSG00000127152,BCL11B
7970_SLC17A5_P1P2_ENSG00000119899,SLC17A5
7971_SLC18B1_P1P2_ENSG00000146409,SLC18B1
7972_SLC19A1_P1P2_ENSG00000173638,SLC19A1
7973_SLC19A2_P1P2_ENSG00000117479,SLC19A2
7974_SLC1A4_P1P2_ENSG00000115902,SLC1A4
7975_SLC1A5_P2_ENSG00000105281,SLC1A5
7976_SLC1A5_P1_ENSG00000105281,SLC1A5
7977_SLC20A1_P1P2_ENSG00000144136,SLC20A1
7978_SLC20A2_P1P2_ENSG00000168575,SLC20A2
7979_SLC22A23_P1P2_ENSG00000137266,SLC22A23
797_BCL2L11_P1_ENSG00000153094,BCL2L11
7980_SLC25A10_P1P2_ENSG00000183048,SLC25A10
7981_SLC25A11_P1P2_ENSG00000108528,SLC25A11
7982_SLC25A12_P1P2_ENSG00000115840,SLC25A12
7983_SLC25A13_P1P2_ENSG00000004864,SLC25A13
7984_SLC25A14_P1P2_ENSG00000102078,SLC25A14
7985_SLC25A15_P1P2_ENSG00000102743,SLC25A15
7986_SLC25A16_P1P2_ENSG00000122912,SLC25A16
7987_SLC25A17_P1P2_ENSG00000100372,SLC25A17
7988_SLC25A19_P1P2_ENSG00000125454,SLC25A19
7989_SLC25A1_P1P2_ENSG00000100075,SLC25A1
798_BCL2L11_P2_ENSG00000153094,BCL2L11
7990_SLC25A20_P1P2_ENSG00000178537,SLC25A20
7991_SLC25A21_P1P2_ENSG00000183032,SLC25A21
7992_SLC25A22_P1P2_ENSG00000177542,SLC25A22
7993_SLC25A23_P1P2_ENSG00000125648,SLC25A23
7994_SLC25A24_P1P2_ENSG00000085491,SLC25A24
7995_SLC25A25_ENST00000373064.5_ENSG00000148339,SLC25A25
7996_SLC25A26_ENST00000354883.6_ENSG00000144741,SLC25A26
7997_SLC25A28_P1P2_ENSG00000155287,SLC25A28
7998_SLC25A29_P1P2_ENSG00000197119,SLC25A29
7999_SLC25A32_P1P2_ENSG00000164933,SLC25A32
799_BCL2L12_P1P2_ENSG00000126453,BCL2L12
79_ACBD6_P1P2_ENSG00000230124,ACBD6
7_AAMDC_P1P2_ENSG00000087884,AAMDC
8000_SLC25A33_P1P2_ENSG00000171612,SLC25A33
8001_SLC25A36_P1P2_ENSG00000114120,SLC25A36
8002_SLC25A37_P1P2_ENSG00000147454,SLC25A37
8003_SLC25A38_P1P2_ENSG00000144659,SLC25A38
8004_SLC25A39_P2_ENSG00000013306,SLC25A39
8005_SLC25A39_P1_ENSG00000013306,SLC25A39
8006_SLC25A3_P1P2_ENSG00000075415,SLC25A3
8007_SLC25A41_P1P2_ENSG00000181240,SLC25A41
8008_SLC25A42_P1P2_ENSG00000181035,SLC25A42
8009_SLC25A44_P1P2_ENSG00000160785,SLC25A44
800_BCL2L13_P1P2_ENSG00000099968,BCL2L13
8010_SLC25A46_P1P2_ENSG00000164209,SLC25A46
8011_SLC25A4_P1P2_ENSG00000151729,SLC25A4
8012_SLC25A51_P1P2_ENSG00000122696,SLC25A51
8013_SLC25A53_P1P2_ENSG00000269743,SLC25A53
8014_SLC25A5_P1P2_ENSG00000005022,SLC25A5
8015_SLC25A6_P2_ENSG00000169100,SLC25A6
8016_SLC25A6_P1_ENSG00000169100,SLC25A6
8017_SLC26A6_P1P2_ENSG00000225697,SLC26A6
8018_SLC27A2_P1P2_ENSG00000140284,SLC27A2
8019_SLC27A4_P1P2_ENSG00000167114,SLC27A4
801_BCL2L1_P1_ENSG00000171552,BCL2L1
8020_SLC27A5_P1P2_ENSG00000083807,SLC27A5
8021_SLC29A1_P2_ENSG00000112759,SLC29A1
8022_SLC29A1_P1_ENSG00000112759,SLC29A1
8023_SLC29A2_P1P2_ENSG00000174669,SLC29A2
8024_SLC2A11_P1P2_ENSG00000133460,SLC2A11
8025_SLC2A13_P1P2_ENSG00000151229,SLC2A13
8026_SLC2A1_P1P2_ENSG00000117394,SLC2A1
8027_SLC2A3_P1P2_ENSG00000059804,SLC2A3
8028_SLC2A4RG_P1P2_ENSG00000125520,SLC2A4RG
8029_SLC2A8_P1P2_ENSG00000136856,SLC2A8
802_BCL2L1_P2_ENSG00000171552,BCL2L1
8030_SLC30A1_P1P2_ENSG00000170385,SLC30A1
8031_SLC30A5_P1P2_ENSG00000145740,SLC30A5
8032_SLC30A6_P1P2_ENSG00000152683,SLC30A6
8033_SLC30A7_P1P2_ENSG00000162695,SLC30A7
8034_SLC30A9_P1P2_ENSG00000014824,SLC30A9
8035_SLC31A1_P1P2_ENSG00000136868,SLC31A1
8036_SLC33A1_P1P2_ENSG00000169359,SLC33A1
8037_SLC35A1_P1P2_ENSG00000164414,SLC35A1
8038_SLC35A2_P1P2_ENSG00000102100,SLC35A2
8039_SLC35A3_P1P2_ENSG00000117620,SLC35A3
803_BCL2L2_P1P2_ENSG00000129473,BCL2L2
8040_SLC35A4_P1P2_ENSG00000176087,SLC35A4
8041_SLC35B1_P1P2_ENSG00000121073,SLC35B1
8042_SLC35B2_P1P2_ENSG00000157593,SLC35B2
8043_SLC35B3_P1P2_ENSG00000124786,SLC35B3
8044_SLC35B4_P1P2_ENSG00000205060,SLC35B4
8045_SLC35C2_P1P2_ENSG00000080189,SLC35C2
8046_SLC35D1_P1P2_ENSG00000116704,SLC35D1
8047_SLC35D2_P1P2_ENSG00000130958,SLC35D2
8048_SLC35E1_P1P2_ENSG00000127526,SLC35E1
8049_SLC35E2B_P1P2_ENSG00000189339,SLC35E2B
804_BCL6B_P1P2_ENSG00000161940,BCL6B
8050_SLC35E3_P1P2_ENSG00000175782,SLC35E3
8051_SLC35F2_P1P2_ENSG00000110660,SLC35F2
8052_SLC35F5_P1P2_ENSG00000115084,SLC35F5
8053_SLC35F6_P1P2_ENSG00000213699,SLC35F6
8054_SLC35G1_P1P2_ENSG00000176273,SLC35G1
8055_SLC35G2_P1P2_ENSG00000168917,SLC35G2
8058_SLC35G6_ENST00000412468.2_ENSG00000259224,SLC35G6
8059_SLC37A1_P1P2_ENSG00000160190,SLC37A1
805_BCL6_P1P2_ENSG00000113916,BCL6
8060_SLC37A3_P1P2_ENSG00000157800,SLC37A3
8061_SLC37A4_P1P2_ENSG00000137700,SLC37A4
8062_SLC38A10_P1P2_ENSG00000157637,SLC38A10
8063_SLC38A1_P1P2_ENSG00000111371,SLC38A1
8064_SLC38A2_P1P2_ENSG00000134294,SLC38A2
8065_SLC38A5_P1P2_ENSG00000017483,SLC38A5
8066_SLC38A6_P1P2_ENSG00000139974,SLC38A6
8067_SLC38A7_P1P2_ENSG00000103042,SLC38A7
8068_SLC38A9_P1P2_ENSG00000177058,SLC38A9
8069_SLC39A10_P1P2_ENSG00000196950,SLC39A10
806_BCL7A_P1P2_ENSG00000110987,BCL7A
8070_SLC39A11_P1P2_ENSG00000133195,SLC39A11
8071_SLC39A13_P1P2_ENSG00000165915,SLC39A13
8072_SLC39A14_P1P2_ENSG00000104635,SLC39A14
8073_SLC39A1_P1P2_ENSG00000143570,SLC39A1
8074_SLC39A3_P1P2_ENSG00000141873,SLC39A3
8075_SLC39A4_P1_ENSG00000147804,SLC39A4
8076_SLC39A4_P2_ENSG00000147804,SLC39A4
8077_SLC39A6_P1P2_ENSG00000141424,SLC39A6
8078_SLC39A7_P1P2_ENSG00000112473,SLC39A7
8079_SLC39A8_P1P2_ENSG00000138821,SLC39A8
807_BCL7B_P1P2_ENSG00000106635,BCL7B
8080_SLC39A9_P1P2_ENSG00000029364,SLC39A9
8081_SLC3A2_P1P2_ENSG00000168003,SLC3A2
8082_SLC40A1_P1_ENSG00000138449,SLC40A1
8083_SLC40A1_P2_ENSG00000138449,SLC40A1
8084_SLC41A3_P1P2_ENSG00000114544,SLC41A3
8085_SLC43A1_P1P2_ENSG00000149150,SLC43A1
8086_SLC43A3_P1P2_ENSG00000134802,SLC43A3
8087_SLC44A2_P1_ENSG00000129353,SLC44A2
8088_SLC44A2_P2_ENSG00000129353,SLC44A2
8089_SLC44A4_P1P2_ENSG00000204385,SLC44A4
808_BCL7C_P1P2_ENSG00000099385,BCL7C
8090_SLC45A4_ENST00000024061.3_ENSG00000022567,SLC45A4
8091_SLC48A1_P2_ENSG00000211584,SLC48A1
8092_SLC48A1_P1_ENSG00000211584,SLC48A1
8093_SLC4A1AP_P1P2_ENSG00000163798,SLC4A1AP
8094_SLC4A2_P2_ENSG00000164889,SLC4A2
8095_SLC4A2_P1_ENSG00000164889,SLC4A2
8096_SLC4A5_P1_ENSG00000188687,SLC4A5
8097_SLC4A5_P2_ENSG00000188687,SLC4A5
8098_SLC4A7_P1P2_ENSG00000033867,SLC4A7
8099_SLC50A1_P1P2_ENSG00000169241,SLC50A1
809_BCLAF1_P1P2_ENSG00000029363,BCLAF1
80_ACCS_P1P2_ENSG00000110455,ACCS
8100_SLC52A2_P1P2_ENSG00000185803,SLC52A2
8101_SLC5A3_P1P2_ENSG00000198743,SLC5A3
8102_SLC5A6_P1P2_ENSG00000138074,SLC5A6
8103_SLC6A19_P1P2_ENSG00000174358,SLC6A19
8104_SLC6A6_P1P2_ENSG00000131389,SLC6A6
8105_SLC6A8_P1P2_ENSG00000130821,SLC6A8
8106_SLC7A11_P1P2_ENSG00000151012,SLC7A11
8107_SLC7A1_P1P2_ENSG00000139514,SLC7A1
8108_SLC7A5_P1P2_ENSG00000103257,SLC7A5
8109_SLC7A6OS_P1P2_ENSG00000103061,SLC7A6OS
810_BCORL1_P1P2_ENSG00000085185,BCORL1
8110_SLC7A6_P1P2_ENSG00000103064,SLC7A6
8111_SLC7A8_P1P2_ENSG00000092068,SLC7A8
8112_SLC8B1_P1_ENSG00000089060,SLC8B1
8113_SLC8B1_P2_ENSG00000089060,SLC8B1
8114_SLC9A3R1_P1P2_ENSG00000109062,SLC9A3R1
8115_SLC9A3R2_P1_ENSG00000065054,SLC9A3R2
8116_SLC9A3R2_P2_ENSG00000065054,SLC9A3R2
8117_SLC9A6_P1P2_ENSG00000198689,SLC9A6
8118_SLC9B1_P1P2_ENSG00000164037,SLC9B1
8119_SLC9B2_P1P2_ENSG00000164038,SLC9B2
811_BCOR_P1P2_ENSG00000183337,BCOR
8120_SLCO4A1_P1P2_ENSG00000101187,SLCO4A1
8121_SLIRP_P1P2_ENSG00000119705,SLIRP
8122_SLK_P1P2_ENSG00000065613,SLK
8123_SLMAP_P1P2_ENSG00000163681,SLMAP
8124_PRELID3B_P1P2_ENSG00000101166,PRELID3B
8125_SLTM_P1P2_ENSG00000137776,SLTM
8126_SLU7_P1P2_ENSG00000164609,SLU7
8127_SLX1A_ENST00000251303.6_ENSG00000132207,SLX1A
8128_SLX4IP_P1P2_ENSG00000149346,SLX4IP
8129_SMAD1_P1P2_ENSG00000170365,SMAD1
812_BCR_P1P2_ENSG00000186716,BCR
8130_SMAD2_P1P2_ENSG00000175387,SMAD2
8131_SMAD3_P1P2_ENSG00000166949,SMAD3
8132_SMAD4_P1P2_ENSG00000141646,SMAD4
8133_SMAD5_P1P2_ENSG00000113658,SMAD5
8134_SMAD6_P1P2_ENSG00000137834,SMAD6
8135_SMAD9_P1P2_ENSG00000120693,SMAD9
8136_SMAGP_P1P2_ENSG00000170545,SMAGP
8137_SMAP1_P1P2_ENSG00000112305,SMAP1
8138_SMAP2_P2_ENSG00000084070,SMAP2
8139_SMAP2_P1_ENSG00000084070,SMAP2
813_BCS1L_P1P2_ENSG00000074582,BCS1L
8140_SMARCA1_P1P2_ENSG00000102038,SMARCA1
8141_SMARCA2_P1P2_ENSG00000080503,SMARCA2
8142_SMARCA4_P1P2_ENSG00000127616,SMARCA4
8143_SMARCA5_P1P2_ENSG00000153147,SMARCA5
8144_SMARCAD1_P1P2_ENSG00000163104,SMARCAD1
8145_SMARCAL1_P1P2_ENSG00000138375,SMARCAL1
8146_SMARCB1_P1_ENSG00000099956,SMARCB1
8147_SMARCB1_P2_ENSG00000099956,SMARCB1
8148_SMARCC1_P1P2_ENSG00000173473,SMARCC1
8149_SMARCC2_P1P2_ENSG00000139613,SMARCC2
814_BDH2_P1P2_ENSG00000164039,BDH2
8150_SMARCD1_P1P2_ENSG00000066117,SMARCD1
8151_SMARCD2_P1P2_ENSG00000108604,SMARCD2
8152_SMARCD3_P2_ENSG00000082014,SMARCD3
8153_SMARCD3_P1_ENSG00000082014,SMARCD3
8154_SMARCE1_P1P2_ENSG00000073584,SMARCE1
8155_SMC1A_P1P2_ENSG00000072501,SMC1A
8156_SMC2_P1P2_ENSG00000136824,SMC2
8157_SMC3_P1P2_ENSG00000108055,SMC3
8158_SMC4_P1_ENSG00000113810,SMC4
8159_SMC4_P2_ENSG00000113810,SMC4
815_BDP1_P1P2_ENSG00000145734,BDP1
8160_SMC5_P1P2_ENSG00000198887,SMC5
8161_SMC6_P1P2_ENSG00000163029,SMC6
8162_SMCHD1_P1P2_ENSG00000101596,SMCHD1
8163_SMCO4_P1P2_ENSG00000166002,SMCO4
8164_SMDT1_P1P2_ENSG00000183172,SMDT1
8165_SMG1_P1P2_ENSG00000157106,SMG1
8166_SMG5_P1P2_ENSG00000198952,SMG5
8167_SMG6_P1P2_ENSG00000070366,SMG6
8168_SMG7_P1P2_ENSG00000116698,SMG7
8169_SMG8_P1P2_ENSG00000167447,SMG8
816_BECN1_P1P2_ENSG00000126581,BECN1
8170_SMG9_P1P2_ENSG00000105771,SMG9
8171_SMIM10_P1P2_ENSG00000184785,SMIM10
8172_SMIM12_P1P2_ENSG00000163866,SMIM12
8173_SMIM13_P1P2_ENSG00000224531,SMIM13
8174_SMIM14_P1P2_ENSG00000163683,SMIM14
8175_SMIM15_P1P2_ENSG00000188725,SMIM15
8176_SMIM19_P1P2_ENSG00000176209,SMIM19
8177_SMIM1_P1P2_ENSG00000235169,SMIM1
8178_SMIM20_P1P2_ENSG00000250317,SMIM20
8179_SMIM3_P1P2_ENSG00000256235,SMIM3
817_BEND6_P1P2_ENSG00000151917,BEND6
8180_SMIM4_P1P2_ENSG00000168273,SMIM4
8181_SMIM7_P1P2_ENSG00000214046,SMIM7
8182_SMIM8_P1P2_ENSG00000111850,SMIM8
8184_SMN2_ENST00000380743.4_ENSG00000205571,SMN2
8185_SMNDC1_P1P2_ENSG00000119953,SMNDC1
8186_SMPD2_P1P2_ENSG00000135587,SMPD2
8187_SMPD4_P1P2_ENSG00000136699,SMPD4
8188_SMS_P1P2_ENSG00000102172,SMS
8189_SMTN_P1P2_ENSG00000183963,SMTN
818_BEST1_P1_ENSG00000167995,BEST1
8190_SMU1_P1P2_ENSG00000122692,SMU1
8191_SMUG1_P1P2_ENSG00000123415,SMUG1
8192_SMURF1_P1P2_ENSG00000198742,SMURF1
8193_SMURF2_P1P2_ENSG00000108854,SMURF2
8194_SMYD2_P1P2_ENSG00000143499,SMYD2
8195_SMYD3_P1P2_ENSG00000185420,SMYD3
8196_SMYD4_P1P2_ENSG00000186532,SMYD4
8197_SMYD5_P1P2_ENSG00000135632,SMYD5
8198_SNAI1_P1P2_ENSG00000124216,SNAI1
8199_SNAI2_P1P2_ENSG00000019549,SNAI2
819_BEST1_P2_ENSG00000167995,BEST1
81_ACD_P1P2_ENSG00000102977,ACD
8200_SNAI3_P1P2_ENSG00000185669,SNAI3
8201_SNAP23_P1P2_ENSG00000092531,SNAP23
8202_SNAP29_P1P2_ENSG00000099940,SNAP29
8203_SNAP47_P2_ENSG00000143740,SNAP47
8204_SNAP47_P1_ENSG00000143740,SNAP47
8205_SNAPC1_P1P2_ENSG00000023608,SNAPC1
8206_SNAPC2_P1P2_ENSG00000104976,SNAPC2
8207_SNAPC3_P1P2_ENSG00000164975,SNAPC3
8208_SNAPC4_P1P2_ENSG00000165684,SNAPC4
8209_SNAPC5_P1P2_ENSG00000174446,SNAPC5
820_BET1L_P1P2_ENSG00000177951,BET1L
8210_SNAPIN_P1P2_ENSG00000143553,SNAPIN
8211_SNCG_P1P2_ENSG00000173267,SNCG
8212_SND1_P1P2_ENSG00000197157,SND1
8213_SNF8_P1P2_ENSG00000159210,SNF8
8214_SNIP1_P1P2_ENSG00000163877,SNIP1
8215_SNRK_P1P2_ENSG00000163788,SNRK
8216_SNRNP200_P1P2_ENSG00000144028,SNRNP200
8217_SNRNP25_P1P2_ENSG00000161981,SNRNP25
8218_SNRNP27_P1P2_ENSG00000124380,SNRNP27
8219_SNRNP35_P1P2_ENSG00000184209,SNRNP35
821_BET1_P1P2_ENSG00000105829,BET1
8220_SNRNP40_P1P2_ENSG00000060688,SNRNP40
8221_SNRNP48_P1P2_ENSG00000168566,SNRNP48
8222_SNRNP70_P1P2_ENSG00000104852,SNRNP70
8223_SNRPA1_P1P2_ENSG00000131876,SNRPA1
8224_SNRPA_P1P2_ENSG00000077312,SNRPA
8225_SNRPB2_P1P2_ENSG00000125870,SNRPB2
8226_SNRPB_P1P2_ENSG00000125835,SNRPB
8227_SNRPC_P1P2_ENSG00000124562,SNRPC
8228_SNRPD1_P1P2_ENSG00000167088,SNRPD1
8229_SNRPD2_P1P2_ENSG00000125743,SNRPD2
822_BEX2_P1P2_ENSG00000133134,BEX2
8230_SNRPD3_P1P2_ENSG00000100028,SNRPD3
8231_SNRPE_P1P2_ENSG00000182004,SNRPE
8232_SNRPF_P1P2_ENSG00000139343,SNRPF
8233_SNRPG_P1P2_ENSG00000143977,SNRPG
8234_SNTA1_P1P2_ENSG00000101400,SNTA1
8235_SNTB2_P1P2_ENSG00000168807,SNTB2
8236_SNUPN_P1P2_ENSG00000169371,SNUPN
8237_SNW1_P2_ENSG00000100603,SNW1
8238_SNW1_P1_ENSG00000100603,SNW1
8239_SNX10_P1P2_ENSG00000086300,SNX10
823_BEX4_P1P2_ENSG00000102409,BEX4
8240_SNX11_P1P2_ENSG00000002919,SNX11
8241_SNX12_P1P2_ENSG00000147164,SNX12
8242_SNX13_P1P2_ENSG00000071189,SNX13
8243_SNX14_P1P2_ENSG00000135317,SNX14
8244_SNX15_P1_ENSG00000110025,SNX15
8245_SNX15_P2_ENSG00000110025,SNX15
8246_SNX17_P1P2_ENSG00000115234,SNX17
8247_SNX19_P1P2_ENSG00000120451,SNX19
8248_SNX1_P1P2_ENSG00000028528,SNX1
8249_SNX24_P1P2_ENSG00000064652,SNX24
824_BFAR_P1P2_ENSG00000103429,BFAR
8250_SNX25_P1P2_ENSG00000109762,SNX25
8251_SNX27_P1P2_ENSG00000143376,SNX27
"8252_SNX29_ENST00000306030.3,ENST00000323433.4_ENSG00000048471",SNX29
8253_SNX2_P1P2_ENSG00000205302,SNX2
8254_SNX33_P1P2_ENSG00000173548,SNX33
8255_SNX3_P1P2_ENSG00000112335,SNX3
8256_SNX4_P1P2_ENSG00000114520,SNX4
8257_SNX5_P1P2_ENSG00000089006,SNX5
8258_SNX6_P1P2_ENSG00000129515,SNX6
8259_SNX8_P1P2_ENSG00000106266,SNX8
825_BGLAP_P1P2_ENSG00000242252,BGLAP
8260_SNX9_P1P2_ENSG00000130340,SNX9
8261_SOAT1_P1P2_ENSG00000057252,SOAT1
8262_SOCS1_P1P2_ENSG00000185338,SOCS1
8263_SOCS2_P1P2_ENSG00000120833,SOCS2
8264_SOCS3_P1P2_ENSG00000184557,SOCS3
8265_SOCS4_P1P2_ENSG00000180008,SOCS4
8266_SOD1_P1P2_ENSG00000142168,SOD1
8267_SOD2_P1P2_ENSG00000112096,SOD2
8268_SOGA1_P1P2_ENSG00000149639,SOGA1
8269_SOHLH1_P1P2_ENSG00000165643,SOHLH1
826_BHLHA15_P1P2_ENSG00000180535,BHLHA15
8270_SOHLH2_ENST00000379881.3_ENSG00000120669,SOHLH2
8271_SON_P1_ENSG00000159140,SON
8272_SON_P2_ENSG00000159140,SON
8273_SORBS3_P1P2_ENSG00000120896,SORBS3
8274_SORD_P1P2_ENSG00000140263,SORD
8275_SORT1_P1P2_ENSG00000134243,SORT1
8276_SOS1_P1P2_ENSG00000115904,SOS1
8277_SOSTDC1_P1P2_ENSG00000171243,SOSTDC1
8278_SOX10_P1P2_ENSG00000100146,SOX10
8279_SOX11_P1P2_ENSG00000176887,SOX11
827_BHLHA9_P1P2_ENSG00000205899,BHLHA9
8280_SOX12_P1P2_ENSG00000177732,SOX12
8281_SOX13_P1P2_ENSG00000143842,SOX13
8282_SOX14_P1P2_ENSG00000168875,SOX14
8283_SOX15_P1P2_ENSG00000129194,SOX15
8284_SOX17_P1P2_ENSG00000164736,SOX17
8285_SOX18_P1P2_ENSG00000203883,SOX18
8286_SOX1_P1P2_ENSG00000182968,SOX1
8287_SOX21_P1P2_ENSG00000125285,SOX21
8288_SOX2_P1P2_ENSG00000181449,SOX2
8289_SOX30_P1_ENSG00000039600,SOX30
828_BHLHE22_P1P2_ENSG00000180828,BHLHE22
8290_SOX30_P2_ENSG00000039600,SOX30
8291_SOX3_P1P2_ENSG00000134595,SOX3
8292_SOX4_P1_ENSG00000124766,SOX4
8293_SOX4_P2_ENSG00000124766,SOX4
8294_SOX5_ENST00000309359.1_ENSG00000134532,SOX5
8295_SOX5_ENST00000546136.1_ENSG00000134532,SOX5
8296_SOX6_ENST00000528429.1_ENSG00000110693,SOX6
"8297_SOX6_ENST00000352083.6,ENST00000396356.3_ENSG00000110693",SOX6
8298_SOX6_ENST00000316399.6_ENSG00000110693,SOX6
829_BHLHE23_P1P2_ENSG00000125533,BHLHE23
82_ACER3_P1P2_ENSG00000078124,ACER3
8300_SOX8_P1P2_ENSG00000005513,SOX8
8301_SOX9_P1P2_ENSG00000125398,SOX9
8302_SP100_P1P2_ENSG00000067066,SP100
8303_SP110_P1P2_ENSG00000135899,SP110
8304_SP140L_P1P2_ENSG00000185404,SP140L
8305_SP140_P1P2_ENSG00000079263,SP140
8306_SP1_P1P2_ENSG00000185591,SP1
8307_SP2_P1P2_ENSG00000167182,SP2
8308_SP3_P1P2_ENSG00000172845,SP3
8309_SP4_P1P2_ENSG00000105866,SP4
830_BHLHE40_P1P2_ENSG00000134107,BHLHE40
8310_SP5_P1P2_ENSG00000204335,SP5
8311_SP6_P1P2_ENSG00000189120,SP6
8312_SP7_P1P2_ENSG00000170374,SP7
8313_SP8_P1P2_ENSG00000164651,SP8
8314_SP9_P1P2_ENSG00000217236,SP9
8315_SPA17_P1P2_ENSG00000064199,SPA17
8316_SPAG5_P1P2_ENSG00000076382,SPAG5
8317_SPAG7_P1P2_ENSG00000091640,SPAG7
8318_SPAG9_P1P2_ENSG00000008294,SPAG9
8319_SPARC_P1P2_ENSG00000113140,SPARC
831_BHLHE41_P1P2_ENSG00000123095,BHLHE41
8320_SPAST_P1P2_ENSG00000021574,SPAST
8321_SPATA22_P1P2_ENSG00000141255,SPATA22
8322_SPATA24_P1P2_ENSG00000170469,SPATA24
8323_SPATA2L_P1P2_ENSG00000158792,SPATA2L
8324_SPATA33_P1P2_ENSG00000167523,SPATA33
8325_SPATA5L1_P1P2_ENSG00000171763,SPATA5L1
8326_SPATA5_P1P2_ENSG00000145375,SPATA5
8327_SPATC1L_P2_ENSG00000160284,SPATC1L
8328_SPATC1L_P1_ENSG00000160284,SPATC1L
8329_SPATS2L_P1P2_ENSG00000196141,SPATS2L
832_BICD1_P1P2_ENSG00000151746,BICD1
8330_SPATS2_P1P2_ENSG00000123352,SPATS2
8331_SPC24_P1P2_ENSG00000161888,SPC24
8332_SPC25_P1P2_ENSG00000152253,SPC25
8333_SPCS1_P1P2_ENSG00000114902,SPCS1
8334_SPCS2_P1P2_ENSG00000118363,SPCS2
8335_SPCS3_P1_ENSG00000129128,SPCS3
8336_SPCS3_P2_ENSG00000129128,SPCS3
8337_SPDEF_P1P2_ENSG00000124664,SPDEF
8338_SPDL1_P1P2_ENSG00000040275,SPDL1
8339_SPDYC_P1P2_ENSG00000204710,SPDYC
833_BICD2_P1P2_ENSG00000185963,BICD2
"8340_SPDYE2_ENST00000432940.1,ENST00000507918.1_ENSG00000205238",SPDYE2
8341_SPDYE2_ENST00000341656.4_ENSG00000205238,SPDYE2
8342_SPECC1L_P1P2_ENSG00000100014,SPECC1L
8343_SPECC1_ENST00000395527.4_ENSG00000128487,SPECC1
8344_SPECC1_ENST00000261503.5_ENSG00000128487,SPECC1
8345_SPEG_P2_ENSG00000072195,SPEG
8346_SPEG_P1_ENSG00000072195,SPEG
8347_SPEN_P1P2_ENSG00000065526,SPEN
8348_SPG11_P1P2_ENSG00000104133,SPG11
8349_SPART_P1P2_ENSG00000133104,SPART
834_BID_P1P2_ENSG00000015475,BID
8350_SPG21_P1P2_ENSG00000090487,SPG21
8351_SPG7_P1P2_ENSG00000197912,SPG7
8352_SPHK1_P1P2_ENSG00000176170,SPHK1
8353_SPHK2_P1P2_ENSG00000063176,SPHK2
8354_SPI1_P1P2_ENSG00000066336,SPI1
8355_SPIB_P1P2_ENSG00000269404,SPIB
8356_SPICE1_P1P2_ENSG00000163611,SPICE1
8357_SPIC_P1P2_ENSG00000166211,SPIC
8358_SPIDR_P1P2_ENSG00000164808,SPIDR
8359_SPIN1_P1P2_ENSG00000106723,SPIN1
835_BIN3_P1P2_ENSG00000147439,BIN3
8360_SPIN2B_P1P2_ENSG00000186787,SPIN2B
8361_SPIN4_P1P2_ENSG00000186767,SPIN4
8362_SPINT2_P1P2_ENSG00000167642,SPINT2
8363_SPIRE1_P1P2_ENSG00000134278,SPIRE1
8364_SPNS1_P1P2_ENSG00000169682,SPNS1
8365_SPN_P1P2_ENSG00000197471,SPN
8366_SPOP_P1P2_ENSG00000121067,SPOP
8367_SPPL2A_P1P2_ENSG00000138600,SPPL2A
8368_SPPL2B_P1P2_ENSG00000005206,SPPL2B
8369_SPPL3_P1P2_ENSG00000157837,SPPL3
836_BIRC2_P1P2_ENSG00000110330,BIRC2
8370_SPRED1_P1P2_ENSG00000166068,SPRED1
8371_SPRED2_ENST00000443619.2_ENSG00000198369,SPRED2
8372_SPRTN_P1P2_ENSG00000010072,SPRTN
8373_SPRY1_P1P2_ENSG00000164056,SPRY1
8374_SPRY2_P1P2_ENSG00000136158,SPRY2
8375_SPRY4_P1P2_ENSG00000187678,SPRY4
8376_SPRYD3_P1P2_ENSG00000167778,SPRYD3
8377_SPRYD4_P1P2_ENSG00000176422,SPRYD4
8378_SPRYD7_P1P2_ENSG00000123178,SPRYD7
8379_SPR_P1P2_ENSG00000116096,SPR
837_BIRC5_P1P2_ENSG00000089685,BIRC5
8380_SPSB2_P1P2_ENSG00000111671,SPSB2
8381_SPSB3_P1P2_ENSG00000162032,SPSB3
8382_SPTA1_P1P2_ENSG00000163554,SPTA1
8383_SPTAN1_P1P2_ENSG00000197694,SPTAN1
8384_SPTBN1_P1P2_ENSG00000115306,SPTBN1
8385_SPTBN2_P1P2_ENSG00000173898,SPTBN2
8386_SPTB_P1P2_ENSG00000070182,SPTB
8387_SPTLC1_P1P2_ENSG00000090054,SPTLC1
8388_SPTLC2_P1P2_ENSG00000100596,SPTLC2
8389_SPTSSA_P1P2_ENSG00000165389,SPTSSA
838_BIRC6_P1P2_ENSG00000115760,BIRC6
8390_SPTY2D1_P1P2_ENSG00000179119,SPTY2D1
8391_SPZ1_P1P2_ENSG00000164299,SPZ1
8392_SQLE_P1P2_ENSG00000104549,SQLE
8393_SQSTM1_P2_ENSG00000161011,SQSTM1
8394_SQSTM1_P1_ENSG00000161011,SQSTM1
8395_SRA1_P1P2_ENSG00000213523,SRA1
8396_SRBD1_P1P2_ENSG00000068784,SRBD1
8397_SRCAP_P1P2_ENSG00000080603,SRCAP
8398_SRD5A1_P1P2_ENSG00000145545,SRD5A1
8399_SRD5A3_P1P2_ENSG00000128039,SRD5A3
839_BIVM_P2_ENSG00000134897,BIVM
83_ACIN1_P2_ENSG00000100813,ACIN1
8400_SREBF1_P2_ENSG00000072310,SREBF1
8401_SREBF1_P1_ENSG00000072310,SREBF1
8402_SREBF2_P1P2_ENSG00000198911,SREBF2
8403_SREK1IP1_P1P2_ENSG00000153006,SREK1IP1
8404_SREK1_P1P2_ENSG00000153914,SREK1
8405_SRFBP1_P1P2_ENSG00000151304,SRFBP1
8406_SRF_P1P2_ENSG00000112658,SRF
8407_SRGAP2_P1P2_ENSG00000266028,SRGAP2
8408_SRGN_P2_ENSG00000122862,SRGN
8409_SRGN_P1_ENSG00000122862,SRGN
840_BIVM_P1_ENSG00000134897,BIVM
8410_SRI_P1_ENSG00000075142,SRI
8411_SRI_P2_ENSG00000075142,SRI
8412_SRM_P1P2_ENSG00000116649,SRM
8413_SRP14_P1P2_ENSG00000140319,SRP14
8414_SRP19_P1P2_ENSG00000153037,SRP19
8415_SRP54_P1P2_ENSG00000100883,SRP54
8416_SRP68_P1P2_ENSG00000167881,SRP68
8417_SRP72_P1P2_ENSG00000174780,SRP72
8418_SRP9_P1P2_ENSG00000143742,SRP9
8419_SRPK1_P1P2_ENSG00000096063,SRPK1
841_BLCAP_P1P2_ENSG00000166619,BLCAP
8420_SRPK2_P1_ENSG00000135250,SRPK2
8421_SRPK2_P2_ENSG00000135250,SRPK2
8422_SRPRB_P1P2_ENSG00000144867,SRPRB
8423_SRRD_P1P2_ENSG00000100104,SRRD
8424_SRRM1_P1P2_ENSG00000133226,SRRM1
8425_SRRM2_P1P2_ENSG00000167978,SRRM2
8426_SRRT_P1P2_ENSG00000087087,SRRT
8427_SRR_P1P2_ENSG00000167720,SRR
8428_SRSF10_P1P2_ENSG00000188529,SRSF10
8429_SRSF11_P1_ENSG00000116754,SRSF11
842_BLMH_P1P2_ENSG00000108578,BLMH
8430_SRSF11_P2_ENSG00000116754,SRSF11
8431_SRSF1_P1P2_ENSG00000136450,SRSF1
8432_SRSF2_P1P2_ENSG00000161547,SRSF2
8433_SRSF3_P1P2_ENSG00000112081,SRSF3
8434_SRSF4_P1P2_ENSG00000116350,SRSF4
8435_SRSF5_P1P2_ENSG00000100650,SRSF5
8436_SRSF6_P1_ENSG00000124193,SRSF6
8437_SRSF6_P2_ENSG00000124193,SRSF6
8438_SRSF7_P1P2_ENSG00000115875,SRSF7
8439_SRSF8_P1P2_ENSG00000263465,SRSF8
843_BLM_P1P2_ENSG00000197299,BLM
8440_SRSF9_P1P2_ENSG00000111786,SRSF9
8441_SRXN1_P1P2_ENSG00000271303,SRXN1
8442_SRY_P1P2_ENSG00000184895,SRY
8443_SS18L1_P1P2_ENSG00000184402,SS18L1
8444_SS18L2_P1P2_ENSG00000008324,SS18L2
8445_SS18_P1P2_ENSG00000141380,SS18
8446_SSBP1_P1P2_ENSG00000106028,SSBP1
8447_SSBP2_P1P2_ENSG00000145687,SSBP2
8448_SSBP3_P1P2_ENSG00000157216,SSBP3
8449_SSBP4_P1P2_ENSG00000130511,SSBP4
844_BLOC1S1_P1P2_ENSG00000135441,BLOC1S1
8450_SSB_P1P2_ENSG00000138385,SSB
8451_ITPRID2_P1P2_ENSG00000138434,ITPRID2
8452_SSH2_P1P2_ENSG00000141298,SSH2
8453_SSNA1_P1P2_ENSG00000176101,SSNA1
8454_SSR1_P1P2_ENSG00000124783,SSR1
8455_SSR2_P1P2_ENSG00000163479,SSR2
8456_SSR3_P1P2_ENSG00000114850,SSR3
8457_SSR4_P1P2_ENSG00000180879,SSR4
8458_SSRP1_P1P2_ENSG00000149136,SSRP1
8459_ZNRD2_P1P2_ENSG00000173465,ZNRD2
845_BLOC1S2_P1P2_ENSG00000196072,BLOC1S2
8460_SSU72_P1P2_ENSG00000160075,SSU72
8461_SSX1_P1P2_ENSG00000126752,SSX1
8462_SSX2IP_P1P2_ENSG00000117155,SSX2IP
8463_SSX3_P1P2_ENSG00000165584,SSX3
8464_SSX4_ENST00000376886.2_ENSG00000268009,SSX4
8465_ST13_P1P2_ENSG00000100380,ST13
8466_ST18_P1P2_ENSG00000147488,ST18
8467_ST20-MTHFS_P1P2_nan,ST20-MTHFS
8468_AC015871.1_P1P2_ENSG00000180953,AC015871.1
8469_ST3GAL2_P1_ENSG00000157350,ST3GAL2
846_BLOC1S3_P1_ENSG00000189114,BLOC1S3
8470_ST3GAL2_P2_ENSG00000157350,ST3GAL2
8471_ST3GAL4_P1P2_ENSG00000110080,ST3GAL4
8472_ST6GAL1_P1_ENSG00000073849,ST6GAL1
8473_ST6GAL1_P2_ENSG00000073849,ST6GAL1
8474_ST6GALNAC1_P1P2_ENSG00000070526,ST6GALNAC1
8475_ST6GALNAC4_P1P2_ENSG00000136840,ST6GALNAC4
8476_ST6GALNAC6_P1P2_ENSG00000160408,ST6GALNAC6
8477_ST7L_P1P2_ENSG00000007341,ST7L
8478_ST7_P1P2_ENSG00000004866,ST7
8479_STAC3_P1P2_ENSG00000185482,STAC3
847_BLOC1S3_P2_ENSG00000189114,BLOC1S3
8480_STAG1_P1P2_ENSG00000118007,STAG1
8481_STAG2_P1_ENSG00000101972,STAG2
8482_STAG2_P2_ENSG00000101972,STAG2
8483_STAM2_P1P2_ENSG00000115145,STAM2
8484_STAMBP_P1P2_ENSG00000124356,STAMBP
8485_STAM_P1P2_ENSG00000136738,STAM
8486_STAP2_P1P2_ENSG00000178078,STAP2
8487_STARD10_P1P2_ENSG00000214530,STARD10
8488_STARD3NL_P1P2_ENSG00000010270,STARD3NL
8489_STARD3_P1P2_ENSG00000131748,STARD3
848_BLOC1S4_P1P2_ENSG00000186222,BLOC1S4
8490_STARD4_P1P2_ENSG00000164211,STARD4
8491_STARD7_P1P2_ENSG00000084090,STARD7
8492_STARD8_ENST00000374599.3_ENSG00000130052,STARD8
8493_STAR_P1P2_ENSG00000147465,STAR
8494_STAT1_P1P2_ENSG00000115415,STAT1
8495_STAT2_P1P2_ENSG00000170581,STAT2
8496_STAT3_P1P2_ENSG00000168610,STAT3
8497_STAT4_P1P2_ENSG00000138378,STAT4
8498_STAT5A_P1P2_ENSG00000126561,STAT5A
8499_STAT5B_P1P2_ENSG00000173757,STAT5B
849_BLOC1S5_P1P2_ENSG00000188428,BLOC1S5
84_ACIN1_P1_ENSG00000100813,ACIN1
8500_STAT6_P1P2_ENSG00000166888,STAT6
8501_STAU1_P1P2_ENSG00000124214,STAU1
8502_STAU2_P1P2_ENSG00000040341,STAU2
8503_STC2_P1P2_ENSG00000113739,STC2
8504_STEAP1B_P1P2_ENSG00000105889,STEAP1B
8505_STEAP3_P1P2_ENSG00000115107,STEAP3
8506_STIL_P1P2_ENSG00000123473,STIL
8507_STIM1_P1P2_ENSG00000167323,STIM1
8508_STIM2_P1P2_ENSG00000109689,STIM2
8509_STIP1_P1P2_ENSG00000168439,STIP1
850_BLOC1S6_P1P2_ENSG00000104164,BLOC1S6
8510_STK11IP_P1P2_ENSG00000144589,STK11IP
8511_STK11_P1_ENSG00000118046,STK11
8512_STK11_P2_ENSG00000118046,STK11
8513_STK16_P1P2_ENSG00000115661,STK16
8514_STK17A_P1P2_ENSG00000164543,STK17A
8515_STK17B_P1P2_ENSG00000081320,STK17B
8516_STK19_P1P2_ENSG00000204344,STK19
8517_STK24_P1P2_ENSG00000102572,STK24
8518_STK25_P1P2_ENSG00000115694,STK25
8519_STK32C_P1_ENSG00000165752,STK32C
851_BLVRA_P1_ENSG00000106605,BLVRA
8520_STK32C_P2_ENSG00000165752,STK32C
8521_STK35_P1P2_ENSG00000125834,STK35
8522_STK38L_P1P2_ENSG00000211455,STK38L
8523_STK38_P1P2_ENSG00000112079,STK38
8524_STK3_P1P2_ENSG00000104375,STK3
8525_STK40_P1P2_ENSG00000196182,STK40
8526_STK4_P1_ENSG00000101109,STK4
8527_STK4_P2_ENSG00000101109,STK4
8528_STMN1_P1P2_ENSG00000117632,STMN1
8529_STMN3_P1P2_ENSG00000197457,STMN3
852_BLVRA_P2_ENSG00000106605,BLVRA
8530_STOML1_P1P2_ENSG00000067221,STOML1
8531_STOML2_P1P2_ENSG00000165283,STOML2
8532_STOM_P1P2_ENSG00000148175,STOM
8533_STON2_ENST00000267540.2_ENSG00000140022,STON2
8534_STPG1_P1P2_ENSG00000001460,STPG1
8535_BHLHE40_P1P2_ENSG00000134107,BHLHE40
8536_STRADA_P1P2_ENSG00000266173,STRADA
8537_STRADB_P1P2_ENSG00000082146,STRADB
8538_STRAP_P1P2_ENSG00000023734,STRAP
8539_STRBP_P1P2_ENSG00000165209,STRBP
853_BLVRB_P1P2_ENSG00000090013,BLVRB
8540_STRIP1_P1P2_ENSG00000143093,STRIP1
8541_STRIP2_P1P2_ENSG00000128578,STRIP2
8542_STRN3_P1P2_ENSG00000196792,STRN3
8543_STRN4_P1P2_ENSG00000090372,STRN4
8544_STRN_P1P2_ENSG00000115808,STRN
8545_STT3A_P1P2_ENSG00000134910,STT3A
8546_STT3B_P1P2_ENSG00000163527,STT3B
8547_STUB1_P1P2_ENSG00000103266,STUB1
8548_STX10_P1P2_ENSG00000104915,STX10
8549_STX12_P1P2_ENSG00000117758,STX12
854_BLZF1_P1P2_ENSG00000117475,BLZF1
8550_STX16_P1P2_ENSG00000124222,STX16
8551_STX17_P1P2_ENSG00000136874,STX17
8552_STX18_P1P2_ENSG00000168818,STX18
8553_STX1A_P1P2_ENSG00000106089,STX1A
8554_STX2_P1P2_ENSG00000111450,STX2
8555_STX3_P1P2_ENSG00000166900,STX3
8556_STX4_P1P2_ENSG00000103496,STX4
8557_STX5_P1P2_ENSG00000162236,STX5
8558_STX6_P1P2_ENSG00000135823,STX6
8559_STX7_P1P2_ENSG00000079950,STX7
855_BMI1_P1P2_ENSG00000168283,BMI1
8560_STX8_P1P2_ENSG00000170310,STX8
8561_STXBP1_P1P2_ENSG00000136854,STXBP1
8562_STXBP2_P1P2_ENSG00000076944,STXBP2
8563_STXBP3_P1P2_ENSG00000116266,STXBP3
8564_STXBP4_P1P2_ENSG00000166263,STXBP4
8565_STXBP5_P1P2_ENSG00000164506,STXBP5
8566_STXBP6_P1P2_ENSG00000168952,STXBP6
8567_STYXL1_P1P2_ENSG00000127952,STYXL1
8568_STYX_P1P2_ENSG00000198252,STYX
8569_SUB1_P1_ENSG00000113387,SUB1
856_BMP1_P1P2_ENSG00000168487,BMP1
8570_SUB1_P2_ENSG00000113387,SUB1
8571_SUCLA2_P1P2_ENSG00000136143,SUCLA2
8572_SUCLG1_P1P2_ENSG00000163541,SUCLG1
8573_SUCLG2_P1P2_ENSG00000172340,SUCLG2
8574_SUCO_P1P2_ENSG00000094975,SUCO
8575_SUDS3_P1P2_ENSG00000111707,SUDS3
8576_SUGP1_P1P2_ENSG00000105705,SUGP1
8577_SUGP2_P1P2_ENSG00000064607,SUGP2
8578_SUGT1_P1P2_ENSG00000165416,SUGT1
8579_SULT1A1_P1P2_ENSG00000196502,SULT1A1
857_BMP2K_P1P2_ENSG00000138756,BMP2K
8580_SULT1A3_ENST00000395137.2_ENSG00000261052,SULT1A3
8581_SULT1A3_ENST00000338971.5_ENSG00000261052,SULT1A3
8582_SULT1A3_ENST00000395138.2_ENSG00000261052,SULT1A3
8583_SULT1A3_ENST00000563322.1_ENSG00000261052,SULT1A3
"8584_SULT1A3_ENST00000354723.6,ENST00000355544.5_ENSG00000261052",SULT1A3
8585_SUMF2_P1_ENSG00000129103,SUMF2
8586_SUMF2_P2_ENSG00000129103,SUMF2
8587_SUMO1_P1P2_ENSG00000116030,SUMO1
8588_SUMO2_P1P2_ENSG00000188612,SUMO2
8589_SUMO3_P1P2_ENSG00000184900,SUMO3
858_BMPR2_P1P2_ENSG00000204217,BMPR2
8590_SUN1_P2_ENSG00000164828,SUN1
8591_SUN1_P1_ENSG00000164828,SUN1
8592_SUN2_P1P2_ENSG00000100242,SUN2
8593_SUOX_P1P2_ENSG00000139531,SUOX
8594_SUPT16H_P1P2_ENSG00000092201,SUPT16H
8595_SUPT20H_P1P2_ENSG00000102710,SUPT20H
8596_SUPT3H_P1P2_ENSG00000196284,SUPT3H
8597_SUPT4H1_P1P2_ENSG00000213246,SUPT4H1
8598_SUPT5H_P1P2_ENSG00000196235,SUPT5H
8599_SUPT6H_P1P2_ENSG00000109111,SUPT6H
859_BMS1_P1P2_ENSG00000165733,BMS1
85_ACLY_P1P2_ENSG00000131473,ACLY
8600_SUPT7L_P1P2_ENSG00000119760,SUPT7L
8601_SUPV3L1_P1P2_ENSG00000156502,SUPV3L1
8602_SURF1_P1P2_ENSG00000148290,SURF1
8603_SURF2_P1P2_ENSG00000148291,SURF2
8604_SURF4_P1P2_ENSG00000148248,SURF4
8605_SURF6_P1P2_ENSG00000148296,SURF6
8606_SUSD1_P1P2_ENSG00000106868,SUSD1
8607_SUSD3_P1P2_ENSG00000157303,SUSD3
8608_SUV39H1_P1P2_ENSG00000101945,SUV39H1
8609_SUV39H2_P1P2_ENSG00000152455,SUV39H2
860_BNC1_P1P2_ENSG00000169594,BNC1
8610_SUZ12_P1P2_ENSG00000178691,SUZ12
8611_SVIP_P1P2_ENSG00000198168,SVIP
8612_SWI5_P1P2_ENSG00000175854,SWI5
8613_SWSAP1_P1P2_ENSG00000173928,SWSAP1
8614_SYAP1_P1P2_ENSG00000169895,SYAP1
8615_SYCE1_P1P2_ENSG00000171772,SYCE1
8616_SYCP2L_ENST00000283141.6_ENSG00000153157,SYCP2L
8617_SYCP2_P1P2_ENSG00000196074,SYCP2
8618_SYF2_P1P2_ENSG00000117614,SYF2
8619_SYK_P1_ENSG00000165025,SYK
861_BNC2_P1P2_ENSG00000173068,BNC2
8620_SYK_P2_ENSG00000165025,SYK
8621_SYMPK_P1P2_ENSG00000125755,SYMPK
8622_SYNCRIP_P1P2_ENSG00000135316,SYNCRIP
8623_SYNC_P1P2_ENSG00000162520,SYNC
8624_SYNGR1_P1P2_ENSG00000100321,SYNGR1
8625_SYNGR2_P1P2_ENSG00000108639,SYNGR2
8626_SYNGR3_P1P2_ENSG00000127561,SYNGR3
8627_SYNJ2BP_P1P2_ENSG00000213463,SYNJ2BP
8628_SYNJ2_P1P2_ENSG00000078269,SYNJ2
8629_SYNRG_P1P2_ENSG00000275066,SYNRG
862_BNIP1_P1P2_ENSG00000113734,BNIP1
8630_SYPL1_P1P2_ENSG00000008282,SYPL1
8631_SYPL2_P1P2_ENSG00000143028,SYPL2
8632_SYP_P1P2_ENSG00000102003,SYP
8633_SYS1_P1P2_ENSG00000204070,SYS1
8634_SYT5_P1P2_ENSG00000129990,SYT5
8635_SYTL4_P1P2_ENSG00000102362,SYTL4
8636_SYVN1_P1P2_ENSG00000162298,SYVN1
8637_SZRD1_P1P2_ENSG00000055070,SZRD1
8638_SZT2_P1P2_ENSG00000198198,SZT2
8639_TAB1_ENST00000216160.6_ENSG00000100324,TAB1
863_BNIP2_P1P2_ENSG00000140299,BNIP2
8640_TAB2_P1P2_ENSG00000055208,TAB2
8641_TAB3_P1P2_ENSG00000157625,TAB3
8642_TAC3_P1P2_ENSG00000166863,TAC3
8643_TACC1_P1P2_ENSG00000147526,TACC1
8644_TACC3_P2_ENSG00000013810,TACC3
8645_TACC3_P1_ENSG00000013810,TACC3
8646_TACO1_P1P2_ENSG00000136463,TACO1
8647_TADA1_P1P2_ENSG00000152382,TADA1
8648_TADA2A_P1P2_ENSG00000276234,TADA2A
8649_TADA2B_P1P2_ENSG00000173011,TADA2B
864_BNIP3L_P1P2_ENSG00000104765,BNIP3L
8650_TADA3_P1P2_ENSG00000171148,TADA3
8651_TAF10_P1P2_ENSG00000166337,TAF10
8652_TAF11_P1P2_ENSG00000064995,TAF11
8653_TAF12_P1P2_ENSG00000120656,TAF12
8654_TAF13_P1P2_ENSG00000197780,TAF13
8655_TAF15_P1P2_ENSG00000270647,TAF15
8656_TAF1A_P1P2_ENSG00000143498,TAF1A
8657_TAF1B_P1P2_ENSG00000115750,TAF1B
8658_TAF1C_P1P2_ENSG00000103168,TAF1C
8659_TAF1D_P2_ENSG00000166012,TAF1D
865_BNIP3_P1P2_ENSG00000176171,BNIP3
8660_TAF1D_P1_ENSG00000166012,TAF1D
8661_TAF1_P1P2_ENSG00000147133,TAF1
8662_TAF2_P1P2_ENSG00000064313,TAF2
8663_TAF3_P1P2_ENSG00000165632,TAF3
8664_TAF4B_P1P2_ENSG00000141384,TAF4B
8665_TAF5L_P1P2_ENSG00000135801,TAF5L
8666_TAF5_P1P2_ENSG00000148835,TAF5
8667_TAF6L_P1P2_ENSG00000162227,TAF6L
8668_TAF6_P1P2_ENSG00000106290,TAF6
8669_TAF7_P1P2_ENSG00000178913,TAF7
866_BOD1L1_P2_ENSG00000038219,BOD1L1
8670_TAF8_P1P2_ENSG00000137413,TAF8
8671_TAF9B_P1P2_ENSG00000187325,TAF9B
8672_TAF9_P1P2_ENSG00000273841,TAF9
8673_TAGLN2_P1P2_ENSG00000158710,TAGLN2
8674_TAL1_ENST00000371884.2_ENSG00000162367,TAL1
"8675_TAL1_ENST00000294339.3,ENST00000371883.3_ENSG00000162367",TAL1
8676_TAL2_ENST00000334077.3_ENSG00000186051,TAL2
8677_TALDO1_P1P2_ENSG00000177156,TALDO1
8678_TAMM41_P1P2_ENSG00000144559,TAMM41
8679_TANGO2_P1P2_ENSG00000183597,TANGO2
867_BOD1L1_P1_ENSG00000038219,BOD1L1
8680_TANGO6_P1P2_ENSG00000103047,TANGO6
8681_TANK_P2_ENSG00000136560,TANK
8682_TANK_P1_ENSG00000136560,TANK
8683_TAOK1_P1P2_ENSG00000160551,TAOK1
8684_TAOK2_P1P2_ENSG00000149930,TAOK2
8685_TAOK3_P2_ENSG00000135090,TAOK3
8686_TAOK3_P1_ENSG00000135090,TAOK3
8687_TAP2_P1P2_ENSG00000204267,TAP2
8688_TAPBP_P1P2_ENSG00000231925,TAPBP
8689_TAPT1_P1P2_ENSG00000169762,TAPT1
868_BOD1_P1P2_ENSG00000145919,BOD1
8690_TARBP1_P1P2_ENSG00000059588,TARBP1
8691_TARBP2_P1P2_ENSG00000139546,TARBP2
8692_TARDBP_P1P2_ENSG00000120948,TARDBP
8693_TARS2_P1P2_ENSG00000143374,TARS2
8694_TARSL2_P1P2_ENSG00000185418,TARSL2
8695_TARS_P1P2_ENSG00000113407,TARS
8696_TASP1_P1P2_ENSG00000089123,TASP1
8697_TATDN1_P1P2_ENSG00000147687,TATDN1
8698_TATDN2_P1P2_ENSG00000157014,TATDN2
8699_TATDN3_P1_ENSG00000203705,TATDN3
869_BOLA1_P1_ENSG00000178096,BOLA1
86_ACO1_P1P2_ENSG00000122729,ACO1
8700_TATDN3_P2_ENSG00000203705,TATDN3
8701_TAX1BP1_P1P2_ENSG00000106052,TAX1BP1
8702_TAX1BP3_P1P2_ENSG00000213977,TAX1BP3
8703_TAZ_P1P2_ENSG00000102125,TAZ
8704_TBC1D10A_P1P2_ENSG00000099992,TBC1D10A
8705_TBC1D10B_P1P2_ENSG00000169221,TBC1D10B
8706_TBC1D12_P1P2_ENSG00000108239,TBC1D12
8707_TBC1D13_P1P2_ENSG00000107021,TBC1D13
8708_TBC1D14_P1P2_ENSG00000132405,TBC1D14
8709_TBC1D15_P1P2_ENSG00000121749,TBC1D15
870_BOLA1_P2_ENSG00000178096,BOLA1
8710_TBC1D1_ENST00000261439.4_ENSG00000065882,TBC1D1
8711_TBC1D20_P1P2_ENSG00000125875,TBC1D20
8712_TBC1D22A_P1P2_ENSG00000054611,TBC1D22A
8713_TBC1D22B_P1P2_ENSG00000065491,TBC1D22B
8714_TBC1D23_P1P2_ENSG00000036054,TBC1D23
8715_TBC1D24_P1P2_ENSG00000162065,TBC1D24
8716_TBC1D28_ENST00000405044.1_ENSG00000189375,TBC1D28
8717_TBC1D28_ENST00000345096.4_ENSG00000189375,TBC1D28
8718_TBC1D31_P1P2_ENSG00000156787,TBC1D31
8719_TBC1D3_ENST00000537432.1_ENSG00000274611,TBC1D3
8720_TBC1D4_P1P2_ENSG00000136111,TBC1D4
8721_TBC1D5_P1P2_ENSG00000131374,TBC1D5
8722_TBC1D7_P1P2_ENSG00000145979,TBC1D7
8723_TBC1D9B_P1P2_ENSG00000197226,TBC1D9B
8724_TBCA_P1P2_ENSG00000171530,TBCA
8725_TBCB_P1P2_ENSG00000105254,TBCB
8726_TBCCD1_P2_ENSG00000113838,TBCCD1
8727_TBCCD1_P1_ENSG00000113838,TBCCD1
8728_TBCC_P1P2_ENSG00000124659,TBCC
8729_TBCD_P1P2_ENSG00000141556,TBCD
872_BOLA2_ENST00000330978.3_ENSG00000183336,BOLA2
8730_TBCE_P1P2_ENSG00000285053,TBCE
8731_TBCK_P1P2_ENSG00000145348,TBCK
8732_TBK1_P1P2_ENSG00000183735,TBK1
8733_TBKBP1_P1P2_ENSG00000198933,TBKBP1
8734_TBL1XR1_P1P2_ENSG00000177565,TBL1XR1
8735_TBL1X_P1P2_ENSG00000101849,TBL1X
8736_TBL2_P2_ENSG00000106638,TBL2
8737_TBL2_P1_ENSG00000106638,TBL2
8738_TBL3_P1P2_ENSG00000183751,TBL3
8739_TBPL1_P1P2_ENSG00000028839,TBPL1
873_BOLA3_P1P2_ENSG00000163170,BOLA3
8740_TBPL2_ENST00000247219.5_ENSG00000182521,TBPL2
8741_TBP_P1P2_ENSG00000112592,TBP
8742_TBR1_P1P2_ENSG00000136535,TBR1
8743_TBRG1_P1P2_ENSG00000154144,TBRG1
8744_TBRG4_P1P2_ENSG00000136270,TBRG4
8745_TBX10_P1P2_ENSG00000167800,TBX10
8746_TBX15_P1P2_ENSG00000092607,TBX15
8747_TBX18_P2_ENSG00000112837,TBX18
8748_TBX18_P1_ENSG00000112837,TBX18
8749_TBX19_ENST00000367821.3_ENSG00000143178,TBX19
874_BOP1_P1_ENSG00000261236,BOP1
8750_TBX1_P1P2_ENSG00000184058,TBX1
8751_TBX20_P1P2_ENSG00000164532,TBX20
8752_TBX21_P1P2_ENSG00000073861,TBX21
8753_TBX22_P1P2_ENSG00000122145,TBX22
8754_TBX2_P1P2_ENSG00000121068,TBX2
8755_TBX3_P1P2_ENSG00000135111,TBX3
8756_TBX4_P1_ENSG00000121075,TBX4
8757_TBX4_P2_ENSG00000121075,TBX4
8758_TBX5_P2_ENSG00000089225,TBX5
8759_TBX5_P1_ENSG00000089225,TBX5
875_BOP1_P2_ENSG00000261236,BOP1
8760_TBX6_P1P2_ENSG00000149922,TBX6
8761_TBXA2R_P1P2_ENSG00000006638,TBXA2R
8762_TBXAS1_P1P2_ENSG00000059377,TBXAS1
8763_TCAIM_P1P2_ENSG00000179152,TCAIM
8764_TCEA1_P1P2_ENSG00000187735,TCEA1
8765_TCEA2_P1P2_ENSG00000171703,TCEA2
8766_TCEAL1_P1P2_ENSG00000172465,TCEAL1
8767_TCEAL8_P1P2_ENSG00000180964,TCEAL8
8768_TCEANC2_P1P2_ENSG00000116205,TCEANC2
8769_ELOB_P1P2_ENSG00000103363,ELOB
876_BORA_P1P2_ENSG00000136122,BORA
8770_ELOB_P1P2_ENSG00000103363,ELOB
8771_ELOA_P1P2_ENSG00000011007,ELOA
8772_TCERG1_P1P2_ENSG00000113649,TCERG1
8773_TCF12_P1_ENSG00000140262,TCF12
8774_TCF12_P2_ENSG00000140262,TCF12
8775_TCF15_P1P2_ENSG00000125878,TCF15
8776_TCF19_P1_ENSG00000137310,TCF19
8777_TCF19_P2_ENSG00000137310,TCF19
8778_TCF20_P1P2_ENSG00000100207,TCF20
8779_TCF21_P1P2_ENSG00000118526,TCF21
877_BPGM_P1P2_ENSG00000172331,BPGM
8780_TCF23_P1P2_ENSG00000163792,TCF23
8781_TCF24_P1P2_ENSG00000261787,TCF24
8782_TCF25_P1P2_ENSG00000141002,TCF25
8783_TCF3_P1P2_ENSG00000071564,TCF3
8784_TCF4_P1P2_ENSG00000196628,TCF4
8785_TCF7L1_P1P2_ENSG00000152284,TCF7L1
8786_TCF7L2_P1P2_ENSG00000148737,TCF7L2
8787_TCF7_P1P2_ENSG00000081059,TCF7
8788_TCFL5_P1P2_ENSG00000101190,TCFL5
8789_TCHP_P1P2_ENSG00000139437,TCHP
878_BPHL_P1P2_ENSG00000137274,BPHL
8790_TCIRG1_P1P2_ENSG00000110719,TCIRG1
8791_TCOF1_P1P2_ENSG00000070814,TCOF1
8792_TCP11L1_P1P2_ENSG00000176148,TCP11L1
8793_TCP1_P1P2_ENSG00000120438,TCP1
8794_TCTA_P1P2_ENSG00000145022,TCTA
8795_TCTEX1D2_P1P2_ENSG00000213123,TCTEX1D2
8796_TCTN1_P1P2_ENSG00000204852,TCTN1
8797_TCTN3_P1P2_ENSG00000119977,TCTN3
8798_TDGF1_P1P2_ENSG00000241186,TDGF1
8799_TDG_P1P2_ENSG00000139372,TDG
879_BPNT1_P1P2_ENSG00000162813,BPNT1
87_ACO2_P1P2_ENSG00000100412,ACO2
8800_TDP1_P1P2_ENSG00000042088,TDP1
8801_TDP2_P1P2_ENSG00000111802,TDP2
8802_TDRD3_P1P2_ENSG00000083544,TDRD3
8803_TDRKH_P1P2_ENSG00000182134,TDRKH
8804_TEAD1_P1P2_ENSG00000187079,TEAD1
8805_TEAD2_P1P2_ENSG00000074219,TEAD2
8806_TEAD3_P1P2_ENSG00000007866,TEAD3
8807_TEAD4_P1P2_ENSG00000197905,TEAD4
8808_TECPR1_P1P2_ENSG00000205356,TECPR1
8809_TECR_P1P2_ENSG00000099797,TECR
880_BPTF_P1P2_ENSG00000171634,BPTF
8810_TEC_P1P2_ENSG00000135605,TEC
8811_TEFM_P1P2_ENSG00000172171,TEFM
8812_TEF_P2_ENSG00000167074,TEF
8813_TEF_P1_ENSG00000167074,TEF
8814_TEKT2_P1P2_ENSG00000092850,TEKT2
8815_TEKT4_P1P2_ENSG00000163060,TEKT4
8816_TELO2_P1P2_ENSG00000100726,TELO2
8817_TEN1_P1P2_ENSG00000257949,TEN1
8818_TERF1_P1P2_ENSG00000147601,TERF1
8819_TERF2IP_P1P2_ENSG00000166848,TERF2IP
881_BRAF_P1P2_ENSG00000157764,BRAF
8820_TERF2_P1P2_ENSG00000132604,TERF2
8821_TESC_P1P2_ENSG00000088992,TESC
8822_TES_P1P2_ENSG00000135269,TES
8823_TET1_P1P2_ENSG00000138336,TET1
8824_TET2_P1P2_ENSG00000168769,TET2
8825_TET3_ENST00000409262.3_ENSG00000187605,TET3
8826_TEX10_P1P2_ENSG00000136891,TEX10
8827_TEX15_ENST00000256246.2_ENSG00000133863,TEX15
8828_TEX261_P1P2_ENSG00000144043,TEX261
8829_TEX264_P1P2_ENSG00000164081,TEX264
882_BRAP_P1P2_ENSG00000089234,BRAP
8830_TEX2_P1P2_ENSG00000136478,TEX2
8831_TEX30_P1P2_ENSG00000151287,TEX30
8832_TFAM_P1P2_ENSG00000108064,TFAM
8833_TFAP2A_P1_ENSG00000137203,TFAP2A
8834_TFAP2A_P2_ENSG00000137203,TFAP2A
8835_TFAP2B_P1P2_ENSG00000008196,TFAP2B
8836_TFAP2C_P1P2_ENSG00000087510,TFAP2C
8837_TFAP2D_P1P2_ENSG00000008197,TFAP2D
8838_TFAP2E_P1P2_ENSG00000116819,TFAP2E
8839_TFAP4_P1P2_ENSG00000090447,TFAP4
883_BRAT1_P1P2_ENSG00000106009,BRAT1
8840_TFB1M_P1P2_ENSG00000029639,TFB1M
8841_TFB2M_P1P2_ENSG00000162851,TFB2M
8842_TFCP2L1_P1P2_ENSG00000115112,TFCP2L1
8843_TFCP2_P1P2_ENSG00000135457,TFCP2
8844_TFDP1_P1P2_ENSG00000198176,TFDP1
8845_TFDP2_P1_ENSG00000114126,TFDP2
8846_TFDP2_P2_ENSG00000114126,TFDP2
8847_TFDP3_P1P2_ENSG00000183434,TFDP3
8848_TFE3_P1P2_ENSG00000068323,TFE3
8849_TFEB_P1_ENSG00000112561,TFEB
884_BRCA1_P1P2_ENSG00000012048,BRCA1
8850_TFEB_P2_ENSG00000112561,TFEB
8851_TFEC_P1P2_ENSG00000105967,TFEC
8852_TFG_P1P2_ENSG00000114354,TFG
8853_TFIP11_P1P2_ENSG00000100109,TFIP11
8854_TFPI_P1P2_ENSG00000003436,TFPI
8855_TFPT_P1P2_ENSG00000105619,TFPT
8856_TFR2_P1P2_ENSG00000106327,TFR2
8857_TFRC_P1P2_ENSG00000072274,TFRC
8858_TGDS_P1P2_ENSG00000088451,TGDS
8859_TGFB1_P1P2_ENSG00000105329,TGFB1
885_BRCA2_P1P2_ENSG00000139618,BRCA2
8860_TGFBR1_P1P2_ENSG00000106799,TGFBR1
8861_TGFBR3_P1P2_ENSG00000069702,TGFBR3
8862_TGFBRAP1_P1P2_ENSG00000135966,TGFBRAP1
8863_TGIF1_P1P2_ENSG00000177426,TGIF1
8864_TGIF2LX_P1P2_ENSG00000153779,TGIF2LX
"8865_TGIF2LY_ENST00000321217.4,ENST00000559055.2_ENSG00000176679",TGIF2LY
8866_TGIF2_P1P2_ENSG00000118707,TGIF2
8867_TGM2_P1P2_ENSG00000198959,TGM2
8868_TGOLN2_P1P2_ENSG00000152291,TGOLN2
8869_TGS1_P1P2_ENSG00000137574,TGS1
886_BRCC3_P1P2_ENSG00000185515,BRCC3
8870_THADA_P1P2_ENSG00000115970,THADA
8871_THAP10_P1P2_ENSG00000129028,THAP10
8872_THAP11_P1P2_ENSG00000168286,THAP11
8873_THAP1_P1P2_ENSG00000131931,THAP1
8874_THAP2_P1_ENSG00000173451,THAP2
8875_THAP2_P2_ENSG00000173451,THAP2
8876_THAP3_P1P2_ENSG00000041988,THAP3
8877_THAP4_P1P2_ENSG00000176946,THAP4
8878_THAP5_P1P2_ENSG00000177683,THAP5
8879_THAP6_P1P2_ENSG00000174796,THAP6
887_BRD1_P1P2_ENSG00000100425,BRD1
8880_THAP7_P1P2_ENSG00000184436,THAP7
8881_THAP8_P1P2_ENSG00000161277,THAP8
8882_THAP9_P1P2_ENSG00000168152,THAP9
8883_THEM4_P1P2_ENSG00000159445,THEM4
8884_THEM6_P1P2_ENSG00000130193,THEM6
8885_THEMIS2_P1P2_ENSG00000130775,THEMIS2
8886_THG1L_P1P2_ENSG00000113272,THG1L
8887_THOC1_P1P2_ENSG00000079134,THOC1
8888_THOC2_P1P2_ENSG00000125676,THOC2
8889_THOC3_P1P2_ENSG00000051596,THOC3
888_BRD2_P1_ENSG00000204256,BRD2
8890_THOC5_P1P2_ENSG00000100296,THOC5
8891_THOC6_P1P2_ENSG00000131652,THOC6
8892_THOC7_P1P2_ENSG00000163634,THOC7
8893_THOP1_P1P2_ENSG00000172009,THOP1
8894_THRAP3_P1P2_ENSG00000054118,THRAP3
8895_THRA_P1P2_ENSG00000126351,THRA
8896_THRB_P1P2_ENSG00000151090,THRB
8897_THTPA_P1P2_ENSG00000259431,THTPA
8898_THUMPD1_P1P2_ENSG00000066654,THUMPD1
8899_THUMPD2_P1P2_ENSG00000138050,THUMPD2
889_BRD2_P2_ENSG00000204256,BRD2
88_ACOT12_P1P2_ENSG00000172497,ACOT12
8900_THUMPD3_P1P2_ENSG00000134077,THUMPD3
8901_THYN1_P1P2_ENSG00000151500,THYN1
8902_TIA1_P1P2_ENSG00000116001,TIA1
8903_TIAL1_P1P2_ENSG00000151923,TIAL1
8904_TICRR_P1P2_ENSG00000140534,TICRR
8905_TIFA_P1P2_ENSG00000145365,TIFA
8906_TIGD1_P1P2_ENSG00000221944,TIGD1
8907_TIGD2_P1P2_ENSG00000180346,TIGD2
8908_TIGD3_P1P2_ENSG00000173825,TIGD3
8909_TIGD4_P1P2_ENSG00000169989,TIGD4
890_BRD3_P1P2_ENSG00000169925,BRD3
8910_TIGD5_P1P2_ENSG00000179886,TIGD5
8911_TIGD6_P1P2_ENSG00000164296,TIGD6
8912_TIGD7_P1P2_ENSG00000140993,TIGD7
8913_TIMELESS_P1P2_ENSG00000111602,TIMELESS
8914_TIMM10B_P1P2_ENSG00000132286,TIMM10B
8915_TIMM10_P1P2_ENSG00000134809,TIMM10
8916_TIMM13_P1P2_ENSG00000099800,TIMM13
8917_TIMM17A_P1P2_ENSG00000134375,TIMM17A
8918_TIMM17B_P1P2_ENSG00000126768,TIMM17B
8919_TIMM21_P1P2_ENSG00000075336,TIMM21
"891_BRD4_ENST00000263377.2,ENST00000371835.4_ENSG00000141867",BRD4
8920_TIMM22_P1P2_ENSG00000177370,TIMM22
8921_TIMM23B_P1P2_ENSG00000204152,TIMM23B
8923_TIMM44_P1P2_ENSG00000104980,TIMM44
8924_TIMM50_P1P2_ENSG00000105197,TIMM50
8925_TIMM8A_P1P2_ENSG00000126953,TIMM8A
8926_TIMM8B_P1P2_ENSG00000150779,TIMM8B
8927_TIMM9_P1P2_ENSG00000100575,TIMM9
8928_TIMMDC1_P1P2_ENSG00000113845,TIMMDC1
8929_TIMP1_P1_ENSG00000102265,TIMP1
892_BRD7_P1P2_ENSG00000166164,BRD7
8930_TIMP1_P2_ENSG00000102265,TIMP1
8931_TINF2_P1P2_ENSG00000092330,TINF2
8932_TIPARP_P1P2_ENSG00000163659,TIPARP
8933_TIPIN_P1P2_ENSG00000075131,TIPIN
8934_TIPRL_P1P2_ENSG00000143155,TIPRL
8935_TJAP1_P1_ENSG00000137221,TJAP1
8936_TJAP1_P2_ENSG00000137221,TJAP1
8937_TJP1_P1P2_ENSG00000104067,TJP1
8938_TJP2_P2_ENSG00000119139,TJP2
8939_TJP2_P1_ENSG00000119139,TJP2
893_BRD8_P1P2_ENSG00000112983,BRD8
8940_TK1_P1P2_ENSG00000167900,TK1
8941_TKT_P2_ENSG00000163931,TKT
8942_TKT_P1_ENSG00000163931,TKT
8943_TLCD1_P1P2_ENSG00000160606,TLCD1
8944_TLE3_P1P2_ENSG00000140332,TLE3
8945_TLE4_P1P2_ENSG00000106829,TLE4
8946_TLK1_P1P2_ENSG00000198586,TLK1
8947_TLK2_P1P2_ENSG00000146872,TLK2
8948_TLN1_P1P2_ENSG00000137076,TLN1
8949_TLX1_P1P2_ENSG00000107807,TLX1
894_BRD9_P1P2_ENSG00000028310,BRD9
8950_TLX2_P1P2_ENSG00000115297,TLX2
8951_TLX3_P1P2_ENSG00000164438,TLX3
8952_TM2D1_P1P2_ENSG00000162604,TM2D1
8953_TM2D2_P1P2_ENSG00000169490,TM2D2
8954_TM2D3_P1P2_ENSG00000184277,TM2D3
8955_TM4SF19_P1P2_ENSG00000145107,TM4SF19
8956_TM7SF2_P1P2_ENSG00000149809,TM7SF2
8957_TM7SF3_P1P2_ENSG00000064115,TM7SF3
8958_TM9SF1_P2_ENSG00000100926,TM9SF1
8959_TM9SF1_P1_ENSG00000100926,TM9SF1
895_BABAM2_P1P2_ENSG00000158019,BABAM2
8960_TM9SF2_P1P2_ENSG00000125304,TM9SF2
8961_TM9SF3_P1P2_ENSG00000077147,TM9SF3
8962_TM9SF4_P1P2_ENSG00000101337,TM9SF4
8963_TMA16_P1P2_ENSG00000198498,TMA16
8964_TMA7_P1P2_ENSG00000232112,TMA7
8965_TMBIM1_P1P2_ENSG00000135926,TMBIM1
8966_TMBIM4_P1P2_ENSG00000155957,TMBIM4
8967_TMBIM6_P1P2_ENSG00000139644,TMBIM6
8968_TMC6_P1P2_ENSG00000141524,TMC6
8969_TMCO1_P1P2_ENSG00000143183,TMCO1
896_BRF1_P1P2_ENSG00000185024,BRF1
8970_TMCO3_P1P2_ENSG00000150403,TMCO3
8971_TMCO6_P1P2_ENSG00000113119,TMCO6
8972_TMED10_P1P2_ENSG00000170348,TMED10
8973_TMED1_P1P2_ENSG00000099203,TMED1
8974_TMED2_P1P2_ENSG00000086598,TMED2
8975_TMED3_P1P2_ENSG00000166557,TMED3
8976_TMED4_P1P2_ENSG00000158604,TMED4
8977_TMED5_P1P2_ENSG00000117500,TMED5
8978_TMED7_P1P2_ENSG00000134970,TMED7
8979_TMED8_P1P2_ENSG00000100580,TMED8
897_BRF2_P1P2_ENSG00000104221,BRF2
8980_TMED9_P1P2_ENSG00000184840,TMED9
8981_TMEM101_P1P2_ENSG00000091947,TMEM101
8982_TMEM106B_P1P2_ENSG00000106460,TMEM106B
8983_TMEM106C_P1P2_ENSG00000134291,TMEM106C
8984_TMEM107_P1P2_ENSG00000179029,TMEM107
8985_TMEM109_P1P2_ENSG00000110108,TMEM109
8986_TMEM115_P1P2_ENSG00000126062,TMEM115
8987_TMEM116_P1P2_ENSG00000198270,TMEM116
8988_TMEM11_P1P2_ENSG00000178307,TMEM11
8989_TMEM120A_P1P2_ENSG00000189077,TMEM120A
898_BRI3BP_P1P2_ENSG00000184992,BRI3BP
8990_TMEM120B_P1P2_ENSG00000188735,TMEM120B
8991_TMEM123_P1P2_ENSG00000152558,TMEM123
8992_TMEM126A_P1P2_ENSG00000171202,TMEM126A
8993_TMEM126B_P1P2_ENSG00000171204,TMEM126B
8994_TMEM127_P1P2_ENSG00000135956,TMEM127
8995_TMEM128_P1P2_ENSG00000132406,TMEM128
8996_TMEM129_P1P2_ENSG00000168936,TMEM129
8997_TMEM131_P1P2_ENSG00000075568,TMEM131
8998_TMEM134_P1P2_ENSG00000172663,TMEM134
8999_TMEM135_P1P2_ENSG00000166575,TMEM135
899_BRI3_P1P2_ENSG00000164713,BRI3
89_ACOT13_P1P2_ENSG00000112304,ACOT13
8_AAMP_P1P2_ENSG00000127837,AAMP
9000_TLCD5_P1P2_ENSG00000181264,TLCD5
9001_TMEM138_P1P2_ENSG00000149483,TMEM138
9002_TMEM141_P1P2_ENSG00000244187,TMEM141
9003_TMEM147_P1P2_ENSG00000105677,TMEM147
9004_TMEM14A_P1P2_ENSG00000096092,TMEM14A
9005_TMEM14B_P1P2_ENSG00000137210,TMEM14B
9006_TMEM14C_P1P2_ENSG00000111843,TMEM14C
9007_TMEM150A_P1P2_ENSG00000168890,TMEM150A
9008_TMEM158_P1P2_ENSG00000249992,TMEM158
9009_TMEM159_P1P2_ENSG00000011638,TMEM159
900_BRIP1_P1P2_ENSG00000136492,BRIP1
9010_TMEM160_P1P2_ENSG00000130748,TMEM160
9011_TMEM161A_P1P2_ENSG00000064545,TMEM161A
9012_TMEM161B_P1P2_ENSG00000164180,TMEM161B
9013_TMEM164_P1P2_ENSG00000157600,TMEM164
9014_TMEM165_P1P2_ENSG00000134851,TMEM165
9015_TMEM167A_P1P2_ENSG00000174695,TMEM167A
9016_TMEM167B_P1P2_ENSG00000215717,TMEM167B
9017_TMEM168_P1P2_ENSG00000146802,TMEM168
9018_TMEM170A_P1P2_ENSG00000166822,TMEM170A
9019_TMEM173_P1P2_ENSG00000184584,TMEM173
901_BRIX1_P1P2_ENSG00000113460,BRIX1
9020_TMEM175_P1P2_ENSG00000127419,TMEM175
9021_TMEM177_P1P2_ENSG00000144120,TMEM177
9022_TMEM179B_P1P2_ENSG00000185475,TMEM179B
9023_TMEM181_P1P2_ENSG00000146433,TMEM181
9024_TMEM183A_P1P2_ENSG00000163444,TMEM183A
9025_TMEM184B_P1P2_ENSG00000198792,TMEM184B
9026_TMEM184C_P1P2_ENSG00000164168,TMEM184C
9027_TMEM185B_P1P2_ENSG00000226479,TMEM185B
9028_TMEM186_P1P2_ENSG00000184857,TMEM186
9029_TMEM189_P1P2_ENSG00000240849,TMEM189
902_BRK1_P1P2_ENSG00000254999,BRK1
9030_TMEM18_P1P2_ENSG00000151353,TMEM18
9031_TMEM192_P1P2_ENSG00000170088,TMEM192
9032_TMEM198_P1P2_ENSG00000188760,TMEM198
9033_TMEM199_P1P2_ENSG00000244045,TMEM199
9034_TMEM19_P1P2_ENSG00000139291,TMEM19
9035_TMEM201_P1P2_ENSG00000188807,TMEM201
9036_TMEM203_P1P2_ENSG00000187713,TMEM203
9037_TMEM205_P1P2_ENSG00000105518,TMEM205
9038_PACC1_P1P2_ENSG00000065600,PACC1
9039_TMEM208_P1P2_ENSG00000168701,TMEM208
903_BRMS1L_P1P2_ENSG00000100916,BRMS1L
9040_TMEM209_P1P2_ENSG00000146842,TMEM209
9042_TMEM214_P1P2_ENSG00000119777,TMEM214
9044_TMEM216_P1P2_ENSG00000187049,TMEM216
9045_TMEM218_P1P2_ENSG00000150433,TMEM218
9046_TMEM219_P1P2_ENSG00000149932,TMEM219
9047_TMEM222_P1P2_ENSG00000186501,TMEM222
9048_TMEM223_P1P2_ENSG00000168569,TMEM223
9049_TMEM230_P1P2_ENSG00000089063,TMEM230
904_BRMS1_P1P2_ENSG00000174744,BRMS1
9050_TMEM231_P1P2_ENSG00000205084,TMEM231
9051_TMEM234_P1P2_ENSG00000160055,TMEM234
9052_TMEM237_P1P2_ENSG00000155755,TMEM237
9053_TMEM240_P1P2_ENSG00000205090,TMEM240
9054_TMEM241_P1P2_ENSG00000134490,TMEM241
9056_TMEM242_P1P2_ENSG00000215712,TMEM242
9058_TMEM243_P1P2_ENSG00000135185,TMEM243
9059_TMEM245_P1P2_ENSG00000106771,TMEM245
905_BROX_P1P2_ENSG00000162819,BROX
9060_TMEM248_P1P2_ENSG00000106609,TMEM248
9061_TMEM251_P1P2_ENSG00000153485,TMEM251
9062_TMEM256_P1P2_ENSG00000205544,TMEM256
9063_TMEM258_P1P2_ENSG00000134825,TMEM258
9064_TMEM259_P1P2_ENSG00000182087,TMEM259
9065_DMAC1_P1P2_ENSG00000137038,DMAC1
9066_CEMIP2_P1P2_ENSG00000135048,CEMIP2
9067_TMEM30A_P1P2_ENSG00000112697,TMEM30A
9068_TMEM33_P1P2_ENSG00000109133,TMEM33
9069_TMEM38B_P1P2_ENSG00000095209,TMEM38B
906_BRPF1_P1P2_ENSG00000156983,BRPF1
9070_TMEM39A_P1P2_ENSG00000176142,TMEM39A
9071_TMEM39B_P1P2_ENSG00000121775,TMEM39B
9072_TMEM41A_P1P2_ENSG00000163900,TMEM41A
9073_TMEM41B_P1P2_ENSG00000166471,TMEM41B
9074_TMEM43_P1P2_ENSG00000170876,TMEM43
9075_TMEM44_P1P2_ENSG00000145014,TMEM44
9076_TMEM50A_P1P2_ENSG00000183726,TMEM50A
9077_TMEM50B_P1P2_ENSG00000142188,TMEM50B
9078_TMEM52_P1P2_ENSG00000178821,TMEM52
9079_TMEM53_P1P2_ENSG00000126106,TMEM53
907_BRPF3_P1P2_ENSG00000096070,BRPF3
9080_TMEM54_P1P2_ENSG00000121900,TMEM54
9081_PIP4P2_P1P2_ENSG00000155099,PIP4P2
9082_PIP4P1_P1P2_ENSG00000165782,PIP4P1
9083_MACO1_P1P2_ENSG00000204178,MACO1
9084_TMEM59_P1P2_ENSG00000116209,TMEM59
9085_RXYLT1_P1P2_ENSG00000118600,RXYLT1
9086_TMEM60_P1P2_ENSG00000135211,TMEM60
9087_TMEM62_P1P2_ENSG00000137842,TMEM62
9088_TMEM63A_P2_ENSG00000196187,TMEM63A
9089_TMEM63A_P1_ENSG00000196187,TMEM63A
908_BRWD1_P1P2_ENSG00000185658,BRWD1
9090_TMEM63B_P1P2_ENSG00000137216,TMEM63B
9091_TMEM64_P1P2_ENSG00000180694,TMEM64
9092_TMEM65_P1P2_ENSG00000164983,TMEM65
9093_TMEM68_P1P2_ENSG00000167904,TMEM68
9094_TMEM69_P1P2_ENSG00000159596,TMEM69
9095_TMEM70_P1P2_ENSG00000175606,TMEM70
9096_TMEM74B_P1P2_ENSG00000125895,TMEM74B
9097_TMEM80_P1P2_ENSG00000177042,TMEM80
9098_TMEM87A_P1P2_ENSG00000103978,TMEM87A
9099_TMEM8A_P1P2_ENSG00000129925,TMEM8A
909_BRWD3_P1P2_ENSG00000165288,BRWD3
90_ACOT7_P1P2_ENSG00000097021,ACOT7
9100_TMEM97_P1P2_ENSG00000109084,TMEM97
9101_TMEM98_P1P2_ENSG00000006042,TMEM98
9102_TMEM99_P1P2_ENSG00000167920,TMEM99
9103_TMEM9B_P1P2_ENSG00000175348,TMEM9B
9104_TMEM9_P1P2_ENSG00000116857,TMEM9
9105_TMF1_P1P2_ENSG00000144747,TMF1
9106_TMLHE_P1P2_ENSG00000185973,TMLHE
9107_TMOD1_P1P2_ENSG00000136842,TMOD1
9108_TMOD3_P1P2_ENSG00000138594,TMOD3
9109_TMPO_P1P2_ENSG00000120802,TMPO
910_BSCL2_P1_ENSG00000168000,BSCL2
9110_TMSB10_P1P2_ENSG00000034510,TMSB10
9111_TMSB4X_P2_ENSG00000205542,TMSB4X
9112_TMSB4X_P1_ENSG00000205542,TMSB4X
9113_TMTC4_P1P2_ENSG00000125247,TMTC4
9114_TMUB1_P1P2_ENSG00000164897,TMUB1
9115_TMUB2_P1P2_ENSG00000168591,TMUB2
9116_TMX1_P1P2_ENSG00000139921,TMX1
9117_TMX2_P1P2_ENSG00000213593,TMX2
9118_TMX3_P1P2_ENSG00000166479,TMX3
9119_TMX4_P1P2_ENSG00000125827,TMX4
911_BSCL2_P2_ENSG00000168000,BSCL2
9120_TNFAIP1_P1P2_ENSG00000109079,TNFAIP1
9121_TNFAIP2_P1P2_ENSG00000185215,TNFAIP2
9122_TNFAIP8L1_P1P2_ENSG00000185361,TNFAIP8L1
9123_TNFAIP8L2_P1P2_ENSG00000163154,TNFAIP8L2
9124_TNFAIP8_P1P2_ENSG00000145779,TNFAIP8
9125_TNFRSF10A_P1P2_ENSG00000104689,TNFRSF10A
9126_TNFRSF10B_P1P2_ENSG00000120889,TNFRSF10B
9127_TNFRSF12A_P1P2_ENSG00000006327,TNFRSF12A
9128_TNFRSF1A_P1P2_ENSG00000067182,TNFRSF1A
9129_TNFRSF1B_P1_ENSG00000028137,TNFRSF1B
912_BSDC1_P1P2_ENSG00000160058,BSDC1
9130_TNFRSF1B_P2_ENSG00000028137,TNFRSF1B
9131_TNFRSF8_P1P2_ENSG00000120949,TNFRSF8
9132_TNFSF10_P1P2_ENSG00000121858,TNFSF10
9133_TNFSF9_P1P2_ENSG00000125657,TNFSF9
9134_TNIK_P1P2_ENSG00000154310,TNIK
9135_TNIP1_P1_ENSG00000145901,TNIP1
9136_TNIP1_P2_ENSG00000145901,TNIP1
9137_TNIP2_P1P2_ENSG00000168884,TNIP2
9138_TNK2_P1_ENSG00000061938,TNK2
9139_TNK2_P2_ENSG00000061938,TNK2
913_BSG_P1P2_ENSG00000172270,BSG
9140_TNKS1BP1_P1_ENSG00000149115,TNKS1BP1
9141_TNKS1BP1_P2_ENSG00000149115,TNKS1BP1
9142_TNKS2_P1P2_ENSG00000107854,TNKS2
9143_TNKS_P1P2_ENSG00000173273,TNKS
9144_TNNI3_P1P2_ENSG00000129991,TNNI3
9145_TNNT1_P1_ENSG00000105048,TNNT1
9146_TNNT1_P2_ENSG00000105048,TNNT1
9147_TNNT2_P1P2_ENSG00000118194,TNNT2
9148_TNPO1_P1P2_ENSG00000083312,TNPO1
9149_TNPO2_P2_ENSG00000105576,TNPO2
914_BST2_P1P2_ENSG00000130303,BST2
9150_TNPO2_P1_ENSG00000105576,TNPO2
9151_TNPO3_P1P2_ENSG00000064419,TNPO3
9152_TNRC18_P1P2_ENSG00000182095,TNRC18
9153_TNRC6A_P1P2_ENSG00000090905,TNRC6A
9154_TNRC6B_P1P2_ENSG00000100354,TNRC6B
9155_TNRC6C_P1P2_ENSG00000078687,TNRC6C
9156_TNXB_P1P2_ENSG00000168477,TNXB
9157_TOB1_P1P2_ENSG00000141232,TOB1
9158_TOB2_P1P2_ENSG00000183864,TOB2
9159_TOE1_P1P2_ENSG00000132773,TOE1
915_BSX_P1P2_ENSG00000188909,BSX
9160_TOLLIP_P1P2_ENSG00000078902,TOLLIP
9161_TOM1L1_P1P2_ENSG00000141198,TOM1L1
9162_TOM1_P1P2_ENSG00000100284,TOM1
9163_TOMM20_P1P2_ENSG00000173726,TOMM20
9164_TOMM22_P1P2_ENSG00000100216,TOMM22
9165_TOMM34_P1P2_ENSG00000025772,TOMM34
9166_TOMM40L_P1P2_ENSG00000158882,TOMM40L
9167_TOMM40_P1P2_ENSG00000130204,TOMM40
9168_TOMM5_P1P2_ENSG00000175768,TOMM5
9169_TOMM6_P1P2_ENSG00000214736,TOMM6
916_BTAF1_P1P2_ENSG00000095564,BTAF1
9170_TOMM70_P1P2_ENSG00000154174,TOMM70
9171_TOMM7_P1P2_ENSG00000196683,TOMM7
9172_TONSL_P1P2_ENSG00000160949,TONSL
9173_TOP1MT_P1P2_ENSG00000184428,TOP1MT
9174_TOP1_P1P2_ENSG00000198900,TOP1
9175_TOP2A_P1P2_ENSG00000131747,TOP2A
9176_TOP2B_P1P2_ENSG00000077097,TOP2B
9177_TOP3A_P1P2_ENSG00000177302,TOP3A
9178_TOP3B_P1P2_ENSG00000100038,TOP3B
9179_TOPBP1_P1P2_ENSG00000163781,TOPBP1
917_BTBD10_P2_ENSG00000148925,BTBD10
9180_TOPORS_P1P2_ENSG00000197579,TOPORS
9181_TOR1AIP1_P1P2_ENSG00000143337,TOR1AIP1
9182_TOR1AIP2_P1P2_ENSG00000169905,TOR1AIP2
9183_TOR1A_P1P2_ENSG00000136827,TOR1A
9184_TOR1B_P1P2_ENSG00000136816,TOR1B
9185_TOR2A_P1P2_ENSG00000160404,TOR2A
9186_TOR3A_P1P2_ENSG00000186283,TOR3A
9187_TOR4A_P1P2_ENSG00000198113,TOR4A
9188_TOX4_P1P2_ENSG00000092203,TOX4
9189_TP53BP1_P1_ENSG00000067369,TP53BP1
918_BTBD10_P1_ENSG00000148925,BTBD10
9190_TP53BP1_P2_ENSG00000067369,TP53BP1
9191_TP53BP2_P1P2_ENSG00000143514,TP53BP2
9192_TP53I13_P1P2_ENSG00000167543,TP53I13
9193_TP53I3_P1P2_ENSG00000115129,TP53I3
9194_TP53RK_P1P2_ENSG00000172315,TP53RK
9195_TP53_P1P2_ENSG00000141510,TP53
9196_TP63_P1P2_ENSG00000073282,TP63
9197_TP73_P1P2_ENSG00000078900,TP73
9198_TPD52L1_P1P2_ENSG00000111907,TPD52L1
9199_TPD52L2_P1P2_ENSG00000101150,TPD52L2
919_BTBD1_P1P2_ENSG00000064726,BTBD1
91_ACOT8_P1P2_ENSG00000101473,ACOT8
9200_TPGS1_P1P2_ENSG00000141933,TPGS1
9201_TPGS2_P1P2_ENSG00000134779,TPGS2
9202_TPI1_P1P2_ENSG00000111669,TPI1
9203_TPM1_P1_ENSG00000140416,TPM1
9204_TPM1_P2_ENSG00000140416,TPM1
9205_TPM3_P1P2_ENSG00000143549,TPM3
9206_TPM4_P2_ENSG00000167460,TPM4
9207_TPM4_P1_ENSG00000167460,TPM4
9208_TPMT_P1P2_ENSG00000137364,TPMT
9209_TPP1_P1P2_ENSG00000166340,TPP1
920_BTBD2_P1P2_ENSG00000133243,BTBD2
9210_TPP2_P1P2_ENSG00000134900,TPP2
9211_TPRA1_P1P2_ENSG00000163870,TPRA1
9212_TPRKB_P1P2_ENSG00000144034,TPRKB
9213_TPRN_P1P2_ENSG00000176058,TPRN
9214_TPRX1_ENST00000535759.1_ENSG00000178928,TPRX1
9215_TPR_P1P2_ENSG00000047410,TPR
9216_TPST2_P1_ENSG00000128294,TPST2
9217_TPST2_P2_ENSG00000128294,TPST2
9218_TPT1_P1P2_ENSG00000133112,TPT1
9219_TPX2_P1P2_ENSG00000088325,TPX2
921_BTBD3_P1P2_ENSG00000132640,BTBD3
9220_TRA2A_P2_ENSG00000164548,TRA2A
9221_TRA2A_P1_ENSG00000164548,TRA2A
9222_TRA2B_P1P2_ENSG00000136527,TRA2B
9223_TRABD_P1_ENSG00000170638,TRABD
9224_TRABD_P2_ENSG00000170638,TRABD
9225_TRADD_P1P2_ENSG00000102871,TRADD
9226_TRAF2_P1_ENSG00000127191,TRAF2
9227_TRAF2_P2_ENSG00000127191,TRAF2
9228_TRAF3IP1_P1P2_ENSG00000204104,TRAF3IP1
9229_TRAF3IP2_P1P2_ENSG00000056972,TRAF3IP2
922_BTBD7_P1P2_ENSG00000011114,BTBD7
9230_TRAF3_P1P2_ENSG00000131323,TRAF3
9231_TRAF4_P1P2_ENSG00000076604,TRAF4
9232_TRAF5_P1P2_ENSG00000082512,TRAF5
9233_TRAF7_P2_ENSG00000131653,TRAF7
9234_TRAF7_P1_ENSG00000131653,TRAF7
9235_TRAFD1_P1P2_ENSG00000135148,TRAFD1
9236_TRAIP_P1P2_ENSG00000183763,TRAIP
"9237_TRAK1_ENST00000341421.3,ENST00000396175.1_ENSG00000182606",TRAK1
9238_TRAM1_P1P2_ENSG00000067167,TRAM1
9239_TRAM2_P1P2_ENSG00000065308,TRAM2
923_BTF3L4_P1P2_ENSG00000134717,BTF3L4
9240_TRAP1_P1P2_ENSG00000126602,TRAP1
9241_TRAPPC10_P1P2_ENSG00000160218,TRAPPC10
9242_TRAPPC11_P1P2_ENSG00000168538,TRAPPC11
9243_TRAPPC12_P1P2_ENSG00000171853,TRAPPC12
9244_TRAPPC13_P1P2_ENSG00000113597,TRAPPC13
9245_TRAPPC1_P1P2_ENSG00000170043,TRAPPC1
9246_TRAPPC2L_P1P2_ENSG00000167515,TRAPPC2L
"9247_TRAPPC2_ENST00000358231.5,ENST00000359680.5,ENST00000380579.1_ENSG00000196459",TRAPPC2
9248_TRAPPC3_P1P2_ENSG00000054116,TRAPPC3
9249_TRAPPC4_P1P2_ENSG00000196655,TRAPPC4
924_BTF3_P1P2_ENSG00000145741,BTF3
9250_TRAPPC5_P1P2_ENSG00000181029,TRAPPC5
9251_TRAPPC6A_P1P2_ENSG00000007255,TRAPPC6A
9252_TRAPPC6B_P1P2_ENSG00000182400,TRAPPC6B
9253_TRAPPC8_P1P2_ENSG00000153339,TRAPPC8
9254_TRDMT1_P1P2_ENSG00000107614,TRDMT1
9255_TREML2_P1P2_ENSG00000112195,TREML2
9256_TRERF1_P1P2_ENSG00000124496,TRERF1
9258_TRIAP1_P1P2_ENSG00000170855,TRIAP1
9259_TRIB2_P1P2_ENSG00000071575,TRIB2
925_BTG1_P1P2_ENSG00000133639,BTG1
9260_TRIB3_P1P2_ENSG00000101255,TRIB3
9261_TRIM11_P1P2_ENSG00000154370,TRIM11
9262_TRIM13_P1P2_ENSG00000204977,TRIM13
9263_TRIM14_P1P2_ENSG00000106785,TRIM14
9264_TRIM16_P1P2_ENSG00000221926,TRIM16
9265_TRIM21_P1P2_ENSG00000132109,TRIM21
9266_TRIM23_P1P2_ENSG00000113595,TRIM23
9267_TRIM24_P1P2_ENSG00000122779,TRIM24
9268_TRIM25_P1P2_ENSG00000121060,TRIM25
9269_TRIM26_P1P2_ENSG00000234127,TRIM26
926_BTG2_P1P2_ENSG00000159388,BTG2
9270_TRIM27_P1P2_ENSG00000204713,TRIM27
9271_TRIM28_P1P2_ENSG00000130726,TRIM28
9272_TRIM33_P1P2_ENSG00000197323,TRIM33
9273_TRIM35_P1P2_ENSG00000104228,TRIM35
9274_TRIM37_P1P2_ENSG00000108395,TRIM37
9275_TRIM38_P1P2_ENSG00000112343,TRIM38
9276_TRIM39_P1P2_ENSG00000204599,TRIM39
9277_TRIM41_P1P2_ENSG00000146063,TRIM41
9278_TRIM44_P1P2_ENSG00000166326,TRIM44
"9279_TRIM49C_ENST00000432771.1,ENST00000448984.1_ENSG00000204449",TRIM49C
927_BTG3_P1P2_ENSG00000154640,BTG3
9280_TRIM4_P1P2_ENSG00000146833,TRIM4
9281_TRIM56_P1P2_ENSG00000169871,TRIM56
9282_TRIM58_P1P2_ENSG00000162722,TRIM58
9283_TRIM59_P1P2_ENSG00000213186,TRIM59
9284_TRIM5_P1P2_ENSG00000132256,TRIM5
9285_TRIM65_P1P2_ENSG00000141569,TRIM65
9286_TRIM68_P1P2_ENSG00000167333,TRIM68
9287_TRIM71_P1P2_ENSG00000206557,TRIM71
9288_TRIM7_P1P2_ENSG00000146054,TRIM7
9289_TRIM8_P1P2_ENSG00000171206,TRIM8
928_BTK_P1P2_ENSG00000010671,BTK
9290_TRIOBP_P2_ENSG00000100106,TRIOBP
9291_TRIOBP_P1_ENSG00000100106,TRIOBP
9292_TRIP10_P1_ENSG00000125733,TRIP10
9293_TRIP10_P2_ENSG00000125733,TRIP10
9294_TRIP11_P1P2_ENSG00000100815,TRIP11
9295_TRIP12_P1P2_ENSG00000153827,TRIP12
9296_TRIP13_P1P2_ENSG00000071539,TRIP13
9297_TRIP4_P1P2_ENSG00000103671,TRIP4
9298_TRIP6_P1P2_ENSG00000087077,TRIP6
9299_TRIT1_P1P2_ENSG00000043514,TRIT1
929_BTN2A1_P1P2_ENSG00000112763,BTN2A1
92_ACOT9_P1P2_ENSG00000123130,ACOT9
9300_TRMT10A_P1P2_ENSG00000145331,TRMT10A
9301_TRMT10B_P1P2_ENSG00000165275,TRMT10B
9302_TRMT10C_P1P2_ENSG00000174173,TRMT10C
9303_TRMT112_P1P2_ENSG00000173113,TRMT112
9304_TRMT11_P1P2_ENSG00000066651,TRMT11
9305_TRMT12_P1P2_ENSG00000183665,TRMT12
9306_TRMT13_P1P2_ENSG00000122435,TRMT13
9307_TRMT1L_P1P2_ENSG00000121486,TRMT1L
9308_TRMT1_P1P2_ENSG00000104907,TRMT1
9309_TRMT2A_P1P2_ENSG00000099899,TRMT2A
930_BTN2A2_P1P2_ENSG00000124508,BTN2A2
9310_TRMT2B_P1P2_ENSG00000188917,TRMT2B
9311_TRMT44_P1P2_ENSG00000155275,TRMT44
9312_TRMT5_P1P2_ENSG00000126814,TRMT5
9313_TRMT61A_P1P2_ENSG00000166166,TRMT61A
9314_TRMT61B_P1P2_ENSG00000171103,TRMT61B
9315_TRMT6_P1P2_ENSG00000089195,TRMT6
9316_TRMU_P1P2_ENSG00000100416,TRMU
9317_TRNAU1AP_P1P2_ENSG00000180098,TRNAU1AP
9318_TRNP1_P1P2_ENSG00000253368,TRNP1
9319_TRNT1_P1P2_ENSG00000072756,TRNT1
931_BTN3A2_P1P2_ENSG00000186470,BTN3A2
9320_TROAP_P1P2_ENSG00000135451,TROAP
9321_RO60_P1P2_ENSG00000116747,RO60
9322_TRPC4AP_P1P2_ENSG00000100991,TRPC4AP
9323_TRPM4_P1P2_ENSG00000130529,TRPM4
9324_TRPM7_P1P2_ENSG00000092439,TRPM7
9325_TRPS1_P1P2_ENSG00000104447,TRPS1
9326_TRPT1_P1P2_ENSG00000149743,TRPT1
9327_TRPV2_P1P2_ENSG00000187688,TRPV2
9328_TRRAP_P1P2_ENSG00000196367,TRRAP
9329_TRUB1_P1P2_ENSG00000165832,TRUB1
932_BTNL9_P1_ENSG00000165810,BTNL9
9330_TRUB2_P1P2_ENSG00000167112,TRUB2
9331_TSC1_P1P2_ENSG00000165699,TSC1
9332_TSC22D1_P1P2_ENSG00000102804,TSC22D1
9333_TSC22D2_P1P2_ENSG00000196428,TSC22D2
9334_TSC22D4_P1P2_ENSG00000166925,TSC22D4
9335_TSC2_P1P2_ENSG00000103197,TSC2
9336_TSEN15_P1P2_ENSG00000198860,TSEN15
9337_TSEN2_P1P2_ENSG00000154743,TSEN2
9338_TSEN34_P1P2_ENSG00000170892,TSEN34
9339_TSEN54_P1P2_ENSG00000182173,TSEN54
933_BTNL9_P2_ENSG00000165810,BTNL9
9340_TSFM_P1P2_ENSG00000123297,TSFM
9341_TSG101_P1P2_ENSG00000074319,TSG101
9342_TSHZ1_P1P2_ENSG00000179981,TSHZ1
9343_TSHZ2_P1P2_ENSG00000182463,TSHZ2
9344_TSHZ3_P1P2_ENSG00000121297,TSHZ3
9345_TSKU_P1P2_ENSG00000182704,TSKU
9346_TSNARE1_P1P2_ENSG00000171045,TSNARE1
9347_TSNAX_P1P2_ENSG00000116918,TSNAX
9348_TSN_P1P2_ENSG00000211460,TSN
9349_TSPAN13_P1P2_ENSG00000106537,TSPAN13
934_BUB1B_P1P2_ENSG00000156970,BUB1B
9350_TSPAN14_P1P2_ENSG00000108219,TSPAN14
9351_TSPAN17_P1P2_ENSG00000048140,TSPAN17
9352_TSPAN18_P1P2_ENSG00000157570,TSPAN18
9353_TSPAN31_P1P2_ENSG00000135452,TSPAN31
9354_TSPAN32_P1P2_ENSG00000064201,TSPAN32
9355_TSPAN3_P1P2_ENSG00000140391,TSPAN3
9356_TSPAN4_P1_ENSG00000214063,TSPAN4
9357_TSPAN4_P2_ENSG00000214063,TSPAN4
9358_TSPO_P1P2_ENSG00000100300,TSPO
9359_TSPYL1_P1P2_ENSG00000189241,TSPYL1
935_BUB1_P1P2_ENSG00000169679,BUB1
9360_TSPYL2_P1P2_ENSG00000184205,TSPYL2
9361_TSPYL4_P1P2_ENSG00000187189,TSPYL4
9362_TSPYL5_P1P2_ENSG00000180543,TSPYL5
9363_TSPYL6_P1P2_ENSG00000178021,TSPYL6
9364_TSR1_P1_ENSG00000167721,TSR1
9365_TSR1_P2_ENSG00000167721,TSR1
9366_TSR2_P1P2_ENSG00000158526,TSR2
9367_TSR3_P1P2_ENSG00000007520,TSR3
9368_EIPR1_P1P2_ENSG00000032389,EIPR1
9369_TSSC4_P1P2_ENSG00000184281,TSSC4
936_BUB3_P1P2_ENSG00000154473,BUB3
9370_TSSK3_P1P2_ENSG00000162526,TSSK3
9371_TSTA3_P1P2_ENSG00000104522,TSTA3
9372_TSTD2_P1P2_ENSG00000136925,TSTD2
9373_TSTD3_P1P2_ENSG00000279170,TSTD3
9374_TST_P1P2_ENSG00000128311,TST
9375_TTC12_P1P2_ENSG00000149292,TTC12
9376_TTC13_P1P2_ENSG00000143643,TTC13
9377_TTC14_P1P2_ENSG00000163728,TTC14
9378_TTC17_P1P2_ENSG00000052841,TTC17
9379_TTC19_P1P2_ENSG00000011295,TTC19
937_BUD13_P1P2_ENSG00000137656,BUD13
9380_TTC1_P1P2_ENSG00000113312,TTC1
9381_TTC21B_P1P2_ENSG00000123607,TTC21B
9382_TTC26_P1P2_ENSG00000105948,TTC26
9383_TTC27_P1P2_ENSG00000018699,TTC27
9384_TTC31_P1P2_ENSG00000115282,TTC31
9385_TTC32_P1P2_ENSG00000183891,TTC32
9386_TTC33_P1P2_ENSG00000113638,TTC33
9387_TTC37_P1P2_ENSG00000198677,TTC37
9388_TTC38_P1P2_ENSG00000075234,TTC38
9389_TTC3_P1P2_ENSG00000182670,TTC3
938_BUD31_P1P2_ENSG00000106245,BUD31
9390_TTC4_P1P2_ENSG00000243725,TTC4
9391_TTC5_P1P2_ENSG00000136319,TTC5
9392_TTC7A_P1P2_ENSG00000068724,TTC7A
9393_TTC7B_P1P2_ENSG00000165914,TTC7B
9394_TTC8_P1P2_ENSG00000165533,TTC8
9395_TTC9C_P1P2_ENSG00000162222,TTC9C
9396_TTF1_P1P2_ENSG00000125482,TTF1
9397_TTF2_P1P2_ENSG00000116830,TTF2
9398_TTI1_P1P2_ENSG00000101407,TTI1
9399_TTI2_P1P2_ENSG00000129696,TTI2
939_BYSL_P1P2_ENSG00000112578,BYSL
93_ACOX1_P1P2_ENSG00000161533,ACOX1
9400_TTK_P1P2_ENSG00000112742,TTK
9401_TTLL12_P1P2_ENSG00000100304,TTLL12
9402_TTLL3_P1P2_ENSG00000214021,TTLL3
9403_TTLL4_P1P2_ENSG00000135912,TTLL4
9404_TTLL5_P1P2_ENSG00000119685,TTLL5
9405_TTL_P1P2_ENSG00000114999,TTL
9406_TTPAL_P1P2_ENSG00000124120,TTPAL
9407_TUBA1A_P1P2_ENSG00000167552,TUBA1A
9408_TUBA1B_P1P2_ENSG00000123416,TUBA1B
9409_TUBA1C_P1P2_ENSG00000167553,TUBA1C
940_BZW1_P1P2_ENSG00000082153,BZW1
9410_TUBA3D_ENST00000321253.6_ENSG00000075886,TUBA3D
9411_TUBA4A_P1P2_ENSG00000127824,TUBA4A
9412_TUBB2A_P1P2_ENSG00000137267,TUBB2A
9413_TUBB2B_P1_ENSG00000137285,TUBB2B
9414_TUBB2B_P2_ENSG00000137285,TUBB2B
9415_TUBB3_P2_ENSG00000258947,TUBB3
9416_TUBB3_P1_ENSG00000258947,TUBB3
9417_TUBB4B_P1_ENSG00000188229,TUBB4B
9418_TUBB4B_P2_ENSG00000188229,TUBB4B
9419_TUBB6_P1P2_ENSG00000176014,TUBB6
941_BZW2_P1P2_ENSG00000136261,BZW2
9420_TUBB_P1_ENSG00000196230,TUBB
9421_TUBB_P2_ENSG00000196230,TUBB
9422_TUBD1_P1P2_ENSG00000108423,TUBD1
9423_TUBE1_P1P2_ENSG00000074935,TUBE1
9424_TUBG1_P1P2_ENSG00000131462,TUBG1
9425_TUBGCP2_P1P2_ENSG00000130640,TUBGCP2
9426_TUBGCP3_P1P2_ENSG00000126216,TUBGCP3
9427_TUBGCP4_P1P2_ENSG00000137822,TUBGCP4
9428_TUBGCP5_P1P2_ENSG00000275835,TUBGCP5
9429_TUBGCP6_P1P2_ENSG00000128159,TUBGCP6
942_LRMDA_ENST00000372499.1_ENSG00000148655,LRMDA
9430_TUFM_P1P2_ENSG00000178952,TUFM
9431_TULP1_P1P2_ENSG00000112041,TULP1
9432_TULP4_P1P2_ENSG00000130338,TULP4
9433_TUSC2_P1P2_ENSG00000114383,TUSC2
9434_TUSC3_P1P2_ENSG00000104723,TUSC3
9435_TUT1_P1_ENSG00000149016,TUT1
9436_TUT1_P2_ENSG00000149016,TUT1
9437_TVP23B_P1P2_ENSG00000171928,TVP23B
9438_TVP23C_P1P2_ENSG00000175106,TVP23C
9439_TWF1_P1P2_ENSG00000151239,TWF1
943_TMEM273_P1P2_ENSG00000204161,TMEM273
9440_TWF2_P1P2_ENSG00000247596,TWF2
9441_TWIST1_P1P2_ENSG00000122691,TWIST1
9442_TWIST2_P1P2_ENSG00000233608,TWIST2
9443_TWISTNB_P1P2_ENSG00000105849,TWISTNB
9444_TWSG1_P1P2_ENSG00000128791,TWSG1
9445_TXLNA_P1P2_ENSG00000084652,TXLNA
9446_TXLNG_P1P2_ENSG00000086712,TXLNG
9447_TXN2_P1P2_ENSG00000100348,TXN2
9448_TXNDC11_P1P2_ENSG00000153066,TXNDC11
9449_TXNDC12_P1P2_ENSG00000117862,TXNDC12
944_TWNK_P1P2_ENSG00000107815,TWNK
9450_TXNDC15_P1P2_ENSG00000113621,TXNDC15
9451_TXNDC17_P1P2_ENSG00000129235,TXNDC17
9452_TXNDC5_P1P2_ENSG00000239264,TXNDC5
9453_TXNDC9_P1P2_ENSG00000115514,TXNDC9
9454_TXNIP_P1_ENSG00000265972,TXNIP
9455_TXNIP_P2_ENSG00000265972,TXNIP
9456_TXNL1_P1P2_ENSG00000091164,TXNL1
9457_TXNL4A_P1P2_ENSG00000141759,TXNL4A
9458_TXNL4B_P1P2_ENSG00000140830,TXNL4B
"9459_TXNRD1_ENST00000429002.2,ENST00000525566.1_ENSG00000198431",TXNRD1
945_FAM241B_P1P2_ENSG00000171224,FAM241B
9460_TXNRD2_P1P2_ENSG00000184470,TXNRD2
9461_TXN_P1P2_ENSG00000136810,TXN
9462_TYK2_P1P2_ENSG00000105397,TYK2
9463_TYMP_P1P2_ENSG00000025708,TYMP
9464_TYMS_P1P2_ENSG00000176890,TYMS
9465_TYRO3_P1P2_ENSG00000092445,TYRO3
9466_TYROBP_P1P2_ENSG00000011600,TYROBP
9467_TYW1B_ENST00000343721.5_ENSG00000277149,TYW1B
9468_TYW1_P1P2_ENSG00000198874,TYW1
9469_TYW3_P1P2_ENSG00000162623,TYW3
946_C10orf88_P1P2_ENSG00000119965,C10orf88
9470_TYW5_P1P2_ENSG00000162971,TYW5
9471_TBXT_P1P2_ENSG00000164458,TBXT
9472_U2AF1L4_P1P2_ENSG00000161265,U2AF1L4
9473_U2AF1_P1P2_ENSG00000160201,U2AF1
9474_U2AF2_P1P2_ENSG00000063244,U2AF2
9475_U2SURP_P1P2_ENSG00000163714,U2SURP
9476_UAP1_P1P2_ENSG00000117143,UAP1
9477_UBA1_P2_ENSG00000130985,UBA1
9478_UBA1_P1_ENSG00000130985,UBA1
9479_UBA2_P1P2_ENSG00000126261,UBA2
947_C11orf1_P1P2_ENSG00000137720,C11orf1
9480_UBA3_P1P2_ENSG00000144744,UBA3
9481_UBA52_P2_ENSG00000221983,UBA52
9482_UBA52_P1_ENSG00000221983,UBA52
9483_UBA5_P1P2_ENSG00000081307,UBA5
9484_UBA6_P1P2_ENSG00000033178,UBA6
9485_UBAC1_P1P2_ENSG00000130560,UBAC1
9486_UBAC2_P1P2_ENSG00000134882,UBAC2
9487_UBALD1_P1P2_ENSG00000153443,UBALD1
9488_UBALD2_P1P2_ENSG00000185262,UBALD2
9489_UBAP1_P1P2_ENSG00000165006,UBAP1
948_C11orf24_P1P2_ENSG00000171067,C11orf24
9490_UBAP2L_P1P2_ENSG00000143569,UBAP2L
9491_UBAP2_P1P2_ENSG00000137073,UBAP2
9492_UBB_P1P2_ENSG00000170315,UBB
9493_UBC_P1P2_ENSG00000150991,UBC
9494_UBE2A_P1P2_ENSG00000077721,UBE2A
9495_UBE2B_P1P2_ENSG00000119048,UBE2B
9496_UBE2D1_P1P2_ENSG00000072401,UBE2D1
9497_UBE2D2_P1P2_ENSG00000131508,UBE2D2
9498_UBE2D3_P1P2_ENSG00000109332,UBE2D3
9499_UBE2D4_P1P2_ENSG00000078967,UBE2D4
949_SELENOH_P1P2_ENSG00000211450,SELENOH
94_ACP1_P1P2_ENSG00000143727,ACP1
9500_UBE2E1_P1P2_ENSG00000170142,UBE2E1
9501_UBE2E3_P1P2_ENSG00000170035,UBE2E3
9502_UBE2F_P1P2_ENSG00000184182,UBE2F
9503_UBE2G1_P1P2_ENSG00000132388,UBE2G1
9504_UBE2G2_P1P2_ENSG00000184787,UBE2G2
9505_UBE2H_P1P2_ENSG00000186591,UBE2H
9506_UBE2I_P1P2_ENSG00000103275,UBE2I
9507_UBE2J1_P1P2_ENSG00000198833,UBE2J1
9508_UBE2J2_P1P2_ENSG00000160087,UBE2J2
9509_UBE2K_P1P2_ENSG00000078140,UBE2K
950_C11orf49_P1P2_ENSG00000149179,C11orf49
9510_UBE2L3_P1P2_ENSG00000185651,UBE2L3
9511_UBE2L6_P1P2_ENSG00000156587,UBE2L6
9512_UBE2M_P1P2_ENSG00000130725,UBE2M
9513_UBE2N_P1P2_ENSG00000177889,UBE2N
9514_UBE2O_P1P2_ENSG00000175931,UBE2O
9515_UBE2Q1_P1P2_ENSG00000160714,UBE2Q1
9516_UBE2Q2_P1P2_ENSG00000140367,UBE2Q2
9517_UBE2R2_P1P2_ENSG00000107341,UBE2R2
9518_UBE2S_P1P2_ENSG00000108106,UBE2S
9519_UBE2T_P1P2_ENSG00000077152,UBE2T
951_C11orf54_P1P2_ENSG00000182919,C11orf54
9520_UBE2V1_P1P2_ENSG00000244687,UBE2V1
9521_UBE2V2_P1P2_ENSG00000169139,UBE2V2
9522_UBE2W_P1P2_ENSG00000104343,UBE2W
9523_UBE2Z_P1P2_ENSG00000159202,UBE2Z
9524_UBE3A_P1P2_ENSG00000114062,UBE3A
9525_UBE3B_P1P2_ENSG00000151148,UBE3B
9526_UBE3C_P1P2_ENSG00000009335,UBE3C
9527_UBE3D_P1P2_ENSG00000118420,UBE3D
9528_UBE4A_P1P2_ENSG00000110344,UBE4A
9529_UBE4B_P1P2_ENSG00000130939,UBE4B
952_NKAPD1_P1P2_ENSG00000150776,NKAPD1
9530_UBFD1_P1P2_ENSG00000103353,UBFD1
9531_UBIAD1_P1P2_ENSG00000120942,UBIAD1
9532_UBL3_P1P2_ENSG00000122042,UBL3
9533_UBL4A_P1P2_ENSG00000102178,UBL4A
9534_UBL5_P1P2_ENSG00000198258,UBL5
9535_UBL7_P2_ENSG00000138629,UBL7
9536_UBL7_P1_ENSG00000138629,UBL7
9537_UBLCP1_P1P2_ENSG00000164332,UBLCP1
9538_UBN1_P1P2_ENSG00000118900,UBN1
9539_UBN2_P1P2_ENSG00000157741,UBN2
953_C11orf58_P1P2_ENSG00000110696,C11orf58
9540_UBP1_P1P2_ENSG00000153560,UBP1
9541_UBQLN1_P1P2_ENSG00000135018,UBQLN1
9542_UBQLN2_P1P2_ENSG00000188021,UBQLN2
9543_UBQLN4_P1P2_ENSG00000160803,UBQLN4
9544_UBR1_P1P2_ENSG00000159459,UBR1
9545_UBR2_P1P2_ENSG00000024048,UBR2
9546_UBR3_P1P2_ENSG00000144357,UBR3
9547_UBR4_P1P2_ENSG00000127481,UBR4
9548_UBR5_P1P2_ENSG00000104517,UBR5
9549_UBR7_P1P2_ENSG00000012963,UBR7
954_C11orf68_P1P2_ENSG00000175573,C11orf68
9550_UBTF_P1P2_ENSG00000108312,UBTF
9551_UBXN10_P1P2_ENSG00000162543,UBXN10
9552_UBXN11_P1P2_ENSG00000158062,UBXN11
9553_UBXN1_P1P2_ENSG00000162191,UBXN1
9554_UBXN2A_P2_ENSG00000173960,UBXN2A
9555_UBXN2A_P1_ENSG00000173960,UBXN2A
9556_UBXN2B_P1P2_ENSG00000215114,UBXN2B
9557_UBXN4_P1P2_ENSG00000144224,UBXN4
9558_UBXN6_P2_ENSG00000167671,UBXN6
9559_UBXN6_P1_ENSG00000167671,UBXN6
955_C11orf71_P1P2_ENSG00000180425,C11orf71
9560_UBXN7_P1P2_ENSG00000163960,UBXN7
9561_UBXN8_P1P2_ENSG00000104691,UBXN8
9562_UCHL3_P1P2_ENSG00000118939,UCHL3
9563_UCHL5_P1P2_ENSG00000116750,UCHL5
9564_UCK1_P1P2_ENSG00000130717,UCK1
9565_UCK2_P1P2_ENSG00000143179,UCK2
9566_UCKL1_P1P2_ENSG00000198276,UCKL1
9567_UCP2_P1P2_ENSG00000175567,UCP2
9568_UFC1_P1P2_ENSG00000143222,UFC1
9569_UFD1_P1P2_ENSG00000070010,UFD1
956_HIKESHI_P1P2_ENSG00000149196,HIKESHI
9570_UFL1_P1P2_ENSG00000014123,UFL1
9571_UFM1_P1P2_ENSG00000120686,UFM1
9572_UFSP1_P1P2_ENSG00000176125,UFSP1
9573_UFSP2_P1P2_ENSG00000109775,UFSP2
9574_UGCG_P1P2_ENSG00000148154,UGCG
9575_UGDH_P1P2_ENSG00000109814,UGDH
9576_UGGT1_P1P2_ENSG00000136731,UGGT1
9577_UGGT2_P1P2_ENSG00000102595,UGGT2
9578_UGP2_P1P2_ENSG00000169764,UGP2
9579_UGT8_P1P2_ENSG00000174607,UGT8
957_C11orf74_P1P2_ENSG00000166352,C11orf74
9580_UHMK1_P1P2_ENSG00000152332,UHMK1
9581_UHRF1BP1L_P1P2_ENSG00000111647,UHRF1BP1L
9582_UHRF1BP1_P1P2_ENSG00000065060,UHRF1BP1
9583_UHRF1_P1P2_ENSG00000276043,UHRF1
9584_UHRF2_P1P2_ENSG00000147854,UHRF2
9585_UIMC1_P1P2_ENSG00000087206,UIMC1
9586_ULK3_P1P2_ENSG00000140474,ULK3
9587_UMPS_P1P2_ENSG00000114491,UMPS
9588_UNC119B_P1P2_ENSG00000175970,UNC119B
9589_UNC119_P2_ENSG00000109103,UNC119
958_C11orf80_P1P2_ENSG00000173715,C11orf80
9590_UNC119_P1_ENSG00000109103,UNC119
9591_UNC13D_P1P2_ENSG00000092929,UNC13D
9592_UNC45A_P1_ENSG00000140553,UNC45A
9593_UNC45A_P2_ENSG00000140553,UNC45A
9594_UNC50_P1P2_ENSG00000115446,UNC50
9595_UNC93B1_P1P2_ENSG00000110057,UNC93B1
9596_UNCX_P1P2_ENSG00000164853,UNCX
9597_UNG_P1P2_ENSG00000076248,UNG
9598_UNKL_P1P2_ENSG00000059145,UNKL
9599_UNK_P1P2_ENSG00000132478,UNK
959_SPINDOC_P1P2_ENSG00000168005,SPINDOC
95_ACP2_P1P2_ENSG00000134575,ACP2
9600_UPF1_P1P2_ENSG00000005007,UPF1
9601_UPF2_P1P2_ENSG00000151461,UPF2
9602_UPF3A_P1P2_ENSG00000169062,UPF3A
9603_UPF3B_P1P2_ENSG00000125351,UPF3B
9604_UPRT_P1P2_ENSG00000094841,UPRT
9605_UQCC1_P1P2_ENSG00000101019,UQCC1
9606_UQCC2_P1P2_ENSG00000137288,UQCC2
9607_UQCR10_P1P2_ENSG00000184076,UQCR10
9608_UQCR11_P1P2_ENSG00000127540,UQCR11
9609_UQCRB_P1P2_ENSG00000156467,UQCRB
960_C11orf95_P1P2_ENSG00000188070,C11orf95
9610_UQCRC1_P1_ENSG00000010256,UQCRC1
9611_UQCRC1_P2_ENSG00000010256,UQCRC1
9612_UQCRC2_P1P2_ENSG00000140740,UQCRC2
9613_UQCRFS1_P1P2_ENSG00000169021,UQCRFS1
9614_UQCRHL_P1P2_ENSG00000233954,UQCRHL
9615_UQCRH_P1P2_ENSG00000173660,UQCRH
9616_UQCRQ_P1P2_ENSG00000164405,UQCRQ
9617_URB1_P1P2_ENSG00000142207,URB1
9618_URB2_P1P2_ENSG00000135763,URB2
9619_URGCP_P1_ENSG00000106608,URGCP
961_C11orf96_P1P2_ENSG00000187479,C11orf96
9620_URGCP_P2_ENSG00000106608,URGCP
9621_URI1_P1P2_ENSG00000105176,URI1
9622_URM1_P1P2_ENSG00000167118,URM1
9623_UROD_P1P2_ENSG00000126088,UROD
9624_UROS_P1P2_ENSG00000188690,UROS
9625_USB1_P1P2_ENSG00000103005,USB1
9626_USE1_P1P2_ENSG00000053501,USE1
9627_USF1_P1P2_ENSG00000158773,USF1
9628_USF2_P1P2_ENSG00000105698,USF2
9629_ATP5MD_P1P2_ENSG00000173915,ATP5MD
962_C12orf29_P1P2_ENSG00000133641,C12orf29
9630_USO1_P1P2_ENSG00000138768,USO1
9631_USP10_P1P2_ENSG00000103194,USP10
9632_USP11_P1P2_ENSG00000102226,USP11
9633_USP12_P1P2_ENSG00000152484,USP12
9634_USP13_P1P2_ENSG00000058056,USP13
9635_USP14_P1P2_ENSG00000101557,USP14
9636_USP15_P1P2_ENSG00000135655,USP15
9637_USP16_P1P2_ENSG00000156256,USP16
9638_USP19_P1P2_ENSG00000172046,USP19
9639_USP1_P1P2_ENSG00000162607,USP1
963_C12orf43_P1P2_ENSG00000157895,C12orf43
9640_USP20_P1P2_ENSG00000136878,USP20
9641_USP21_P1P2_ENSG00000143258,USP21
9642_USP22_P1P2_ENSG00000124422,USP22
9643_USP24_P1P2_ENSG00000162402,USP24
9644_USP25_P1P2_ENSG00000155313,USP25
9645_USP28_P1P2_ENSG00000048028,USP28
9646_USP2_P1_ENSG00000036672,USP2
9647_USP2_P2_ENSG00000036672,USP2
9648_USP30_P1P2_ENSG00000135093,USP30
9649_USP32_P1P2_ENSG00000170832,USP32
964_C12orf45_P1P2_ENSG00000151131,C12orf45
9650_USP33_P1P2_ENSG00000077254,USP33
9651_USP34_P1P2_ENSG00000115464,USP34
9652_USP36_P1P2_ENSG00000055483,USP36
9653_USP37_P1P2_ENSG00000135913,USP37
9654_USP38_P1P2_ENSG00000170185,USP38
9655_USP39_P2_ENSG00000168883,USP39
9656_USP39_P1_ENSG00000168883,USP39
9657_USP3_P1P2_ENSG00000140455,USP3
9658_USP40_P1P2_ENSG00000085982,USP40
9659_USP42_P1P2_ENSG00000106346,USP42
965_C12orf49_P1P2_ENSG00000111412,C12orf49
9660_USP44_P1_ENSG00000136014,USP44
9661_USP44_P2_ENSG00000136014,USP44
9662_USP45_P1P2_ENSG00000123552,USP45
9663_USP46_P1P2_ENSG00000109189,USP46
9664_USP47_P1P2_ENSG00000170242,USP47
9665_USP48_P1P2_ENSG00000090686,USP48
9666_USP49_P1P2_ENSG00000164663,USP49
9667_USP4_P1P2_ENSG00000114316,USP4
9668_USP51_P1P2_ENSG00000247746,USP51
9669_USP53_P1P2_ENSG00000145390,USP53
966_C12orf4_P1P2_ENSG00000047621,C12orf4
9670_USP54_P2_ENSG00000166348,USP54
9671_USP54_P1_ENSG00000166348,USP54
9672_USP5_P1_ENSG00000111667,USP5
9673_USP5_P2_ENSG00000111667,USP5
9674_USP6NL_ENST00000277575.5_ENSG00000148429,USP6NL
9675_USP7_P1P2_ENSG00000187555,USP7
9676_USP8_P1P2_ENSG00000138592,USP8
9677_USP9X_P1P2_ENSG00000124486,USP9X
9678_USPL1_P1P2_ENSG00000132952,USPL1
9679_UTP11_P1P2_ENSG00000183520,UTP11
967_C12orf57_P1P2_ENSG00000111678,C12orf57
9680_UTP14A_P1P2_ENSG00000156697,UTP14A
9682_UTP15_P1P2_ENSG00000164338,UTP15
9683_UTP18_P1P2_ENSG00000011260,UTP18
9684_UTP20_P1P2_ENSG00000120800,UTP20
9685_UTP23_P1P2_ENSG00000147679,UTP23
9686_UTP3_P1P2_ENSG00000132467,UTP3
9687_UTP6_P1P2_ENSG00000108651,UTP6
9688_UTRN_ENST00000367545.3_ENSG00000152818,UTRN
9689_UVRAG_P1P2_ENSG00000198382,UVRAG
968_C12orf60_P1P2_ENSG00000182993,C12orf60
9690_UXS1_P1P2_ENSG00000115652,UXS1
9691_UXT_P1P2_ENSG00000126756,UXT
9692_VAC14_P1P2_ENSG00000103043,VAC14
9693_VAMP1_P1P2_ENSG00000139190,VAMP1
9694_VAMP2_P1P2_ENSG00000220205,VAMP2
9695_VAMP3_P1P2_ENSG00000049245,VAMP3
9696_VAMP4_P1P2_ENSG00000117533,VAMP4
9697_VAMP7_P1P2_ENSG00000124333,VAMP7
9698_VAMP8_P2_ENSG00000118640,VAMP8
9699_VAMP8_P1_ENSG00000118640,VAMP8
969_C12orf65_P1P2_ENSG00000130921,C12orf65
96_ACP5_P1_ENSG00000102575,ACP5
9700_VAPA_P1P2_ENSG00000101558,VAPA
9701_VAPB_P1P2_ENSG00000124164,VAPB
9702_VARS2_P1P2_ENSG00000137411,VARS2
9703_VARS_P1P2_ENSG00000204394,VARS
9704_VASP_P1P2_ENSG00000125753,VASP
9705_VAT1_P1P2_ENSG00000108828,VAT1
9706_VAV1_P1P2_ENSG00000141968,VAV1
9707_VAX1_P1P2_ENSG00000148704,VAX1
9708_VAX2_P1P2_ENSG00000116035,VAX2
9709_VBP1_P1P2_ENSG00000155959,VBP1
970_C12orf73_P1_ENSG00000204954,C12orf73
9710_VCL_P1P2_ENSG00000035403,VCL
9711_VCPIP1_P1P2_ENSG00000175073,VCPIP1
9712_VCP_P1P2_ENSG00000165280,VCP
9713_VCX_P1P2_ENSG00000182583,VCX
9714_VDAC1_P1P2_ENSG00000213585,VDAC1
9715_VDAC2_P1P2_ENSG00000165637,VDAC2
9716_VDAC3_P1P2_ENSG00000078668,VDAC3
9717_VDR_P1P2_ENSG00000111424,VDR
9718_VEGFA_P1P2_ENSG00000112715,VEGFA
9719_VEGFB_P1P2_ENSG00000173511,VEGFB
971_C12orf73_P2_ENSG00000204954,C12orf73
9720_VENTX_P1P2_ENSG00000151650,VENTX
9721_VEZF1_P1P2_ENSG00000136451,VEZF1
9722_VEZT_P1P2_ENSG00000028203,VEZT
9723_VGF_P1P2_ENSG00000128564,VGF
9724_VGLL4_P1P2_ENSG00000144560,VGLL4
9725_VHL_P1P2_ENSG00000134086,VHL
9726_VILL_P1_ENSG00000136059,VILL
9727_VILL_P2_ENSG00000136059,VILL
9728_SELENOS_P1P2_ENSG00000131871,SELENOS
9729_VIM_P1P2_ENSG00000026025,VIM
972_C12orf76_P1P2_ENSG00000174456,C12orf76
9730_VIPAS39_P1P2_ENSG00000151445,VIPAS39
9731_VKORC1L1_P1P2_ENSG00000196715,VKORC1L1
9732_VKORC1_P1P2_ENSG00000167397,VKORC1
9733_VMA21_P1P2_ENSG00000160131,VMA21
9734_VMP1_P1P2_ENSG00000062716,VMP1
9735_VOPP1_P1P2_ENSG00000154978,VOPP1
9736_DCAF1_P1P2_ENSG00000145041,DCAF1
9737_VPS11_P1P2_ENSG00000160695,VPS11
9738_VPS13A_P1P2_ENSG00000197969,VPS13A
9739_VPS13B_P1P2_ENSG00000132549,VPS13B
973_C14orf119_P1P2_ENSG00000179933,C14orf119
9740_VPS13C_P1P2_ENSG00000129003,VPS13C
9741_VPS13D_P1P2_ENSG00000048707,VPS13D
9742_VPS16_P1P2_ENSG00000215305,VPS16
9743_VPS18_P1P2_ENSG00000104142,VPS18
9744_VPS25_P1P2_ENSG00000131475,VPS25
9745_VPS26A_P1P2_ENSG00000122958,VPS26A
9746_VPS26B_P1P2_ENSG00000151502,VPS26B
9747_VPS28_P1P2_ENSG00000160948,VPS28
9748_VPS29_P1P2_ENSG00000111237,VPS29
9749_VPS33A_P1P2_ENSG00000139719,VPS33A
974_GON7_P1P2_ENSG00000170270,GON7
9750_VPS33B_P1P2_ENSG00000184056,VPS33B
9751_VPS35_P1P2_ENSG00000069329,VPS35
9752_VPS36_P1P2_ENSG00000136100,VPS36
9753_VPS37A_P1P2_ENSG00000155975,VPS37A
9754_VPS37B_P1P2_ENSG00000139722,VPS37B
9755_VPS37C_P1P2_ENSG00000167987,VPS37C
9756_VPS39_P1P2_ENSG00000166887,VPS39
9757_VPS41_P1_ENSG00000006715,VPS41
9758_VPS41_P2_ENSG00000006715,VPS41
9759_VPS45_P1P2_ENSG00000136631,VPS45
975_DGLUCY_P1P2_ENSG00000133943,DGLUCY
9760_VPS4A_P1P2_ENSG00000132612,VPS4A
9761_VPS4B_P1P2_ENSG00000119541,VPS4B
9762_VPS51_P1P2_ENSG00000149823,VPS51
9763_VPS52_P1P2_ENSG00000223501,VPS52
9764_VPS53_P1P2_ENSG00000141252,VPS53
9765_VPS54_P1P2_ENSG00000143952,VPS54
9766_VPS72_P1P2_ENSG00000163159,VPS72
9767_VPS8_P1P2_ENSG00000156931,VPS8
9768_VRK1_P1P2_ENSG00000100749,VRK1
9769_VRK2_P1P2_ENSG00000028116,VRK2
976_RTRAF_P1P2_ENSG00000087302,RTRAF
9770_VRK3_P1P2_ENSG00000105053,VRK3
9771_VSIG10_P1P2_ENSG00000176834,VSIG10
9772_VSX1_P1P2_ENSG00000100987,VSX1
9773_VSX2_P1P2_ENSG00000119614,VSX2
9774_VTA1_P1P2_ENSG00000009844,VTA1
9775_VTI1A_P1P2_ENSG00000151532,VTI1A
9776_VTI1B_P1P2_ENSG00000100568,VTI1B
9777_VWA1_P1P2_ENSG00000179403,VWA1
9778_VWA8_P1P2_ENSG00000102763,VWA8
977_RIOX1_P1P2_ENSG00000170468,RIOX1
9781_INTS14_P1P2_ENSG00000138614,INTS14
9782_VWDE_P1P2_ENSG00000146530,VWDE
9783_WAC_P1P2_ENSG00000095787,WAC
9784_WARS2_P1P2_ENSG00000116874,WARS2
9785_WARS_P1P2_ENSG00000140105,WARS
9786_WASF1_P1P2_ENSG00000112290,WASF1
9787_WASF2_P1P2_ENSG00000158195,WASF2
9788_WASL_P1P2_ENSG00000106299,WASL
9789_WAS_P1P2_ENSG00000015285,WAS
978_C14orf178_P1P2_ENSG00000197734,C14orf178
9790_WBP11_P1_ENSG00000084463,WBP11
9791_WBP11_P2_ENSG00000084463,WBP11
9792_WBP1L_P1P2_ENSG00000166272,WBP1L
9793_WBP1_P1P2_ENSG00000239779,WBP1
9794_WBP2_P1P2_ENSG00000132471,WBP2
9795_WBP4_P1P2_ENSG00000120688,WBP4
9796_TCEAL9_P1P2_ENSG00000185222,TCEAL9
9797_RCC1L_P1P2_ENSG00000274523,RCC1L
9798_BUD23_P1P2_ENSG00000071462,BUD23
9799_WDFY1_P1P2_ENSG00000085449,WDFY1
979_ERG28_P1P2_ENSG00000133935,ERG28
97_ACP5_P2_ENSG00000102575,ACP5
9800_WDFY2_P1P2_ENSG00000139668,WDFY2
9801_WDFY3_P1P2_ENSG00000163625,WDFY3
9802_WDHD1_P1P2_ENSG00000198554,WDHD1
9803_WDR11_P1P2_ENSG00000120008,WDR11
9804_WDR12_P1P2_ENSG00000138442,WDR12
9805_WDR13_P1P2_ENSG00000101940,WDR13
9806_WDR18_P1P2_ENSG00000065268,WDR18
9807_WDR19_P1P2_ENSG00000157796,WDR19
9808_WDR1_P1P2_ENSG00000071127,WDR1
9809_WDR20_P1P2_ENSG00000140153,WDR20
980_ATP5MPL_P1P2_ENSG00000156411,ATP5MPL
9810_WDR24_P1P2_ENSG00000127580,WDR24
9811_WDR25_P1P2_ENSG00000176473,WDR25
9812_WDR26_P1P2_ENSG00000162923,WDR26
9813_WDR27_P1P2_ENSG00000184465,WDR27
9814_WDR33_P1P2_ENSG00000136709,WDR33
9815_WDR34_P1P2_ENSG00000119333,WDR34
9816_WDR36_P1P2_ENSG00000134987,WDR36
9817_WDR37_P1P2_ENSG00000047056,WDR37
9818_WDR3_P1P2_ENSG00000065183,WDR3
9819_WDR41_P1P2_ENSG00000164253,WDR41
981_TEDC1_P1P2_ENSG00000185347,TEDC1
9820_WDR43_P1P2_ENSG00000163811,WDR43
9821_WDR44_P1P2_ENSG00000131725,WDR44
9822_WDR45B_P1P2_ENSG00000141580,WDR45B
9823_WDR45_P1P2_ENSG00000196998,WDR45
9824_WDR46_P1P2_ENSG00000227057,WDR46
9825_WDR48_P1P2_ENSG00000114742,WDR48
9826_WDR4_P1P2_ENSG00000160193,WDR4
9827_WDR53_P1P2_ENSG00000185798,WDR53
9828_WDR54_P1P2_ENSG00000005448,WDR54
9829_WDR55_P1P2_ENSG00000120314,WDR55
982_C14orf93_P2_ENSG00000100802,C14orf93
9830_WDR59_P1P2_ENSG00000103091,WDR59
9831_WDR5_P1P2_ENSG00000196363,WDR5
9832_WDR60_P1P2_ENSG00000126870,WDR60
9833_WDR61_P1P2_ENSG00000140395,WDR61
9834_WDR62_P1P2_ENSG00000075702,WDR62
9835_WDR66_P1P2_ENSG00000158023,WDR66
9836_WDR6_P1P2_ENSG00000178252,WDR6
9837_WDR70_P1P2_ENSG00000082068,WDR70
9838_WDR73_P1P2_ENSG00000177082,WDR73
9839_WDR74_P1_ENSG00000133316,WDR74
983_C14orf93_P1_ENSG00000100802,C14orf93
9840_WDR74_P2_ENSG00000133316,WDR74
9841_WDR75_P1P2_ENSG00000115368,WDR75
9842_WDR76_P1P2_ENSG00000092470,WDR76
9843_WDR77_P1P2_ENSG00000116455,WDR77
9844_WDR7_P1P2_ENSG00000091157,WDR7
9845_WDR81_P2_ENSG00000167716,WDR81
9846_WDR81_P1_ENSG00000167716,WDR81
9847_WDR82_P1P2_ENSG00000164091,WDR82
9848_WDR83OS_P1P2_ENSG00000105583,WDR83OS
9849_WDR83_P2_ENSG00000123154,WDR83
984_C15orf39_P1P2_ENSG00000167173,C15orf39
9850_WDR83_P1_ENSG00000123154,WDR83
9851_WDR89_P1P2_ENSG00000140006,WDR89
9852_WDR91_P1P2_ENSG00000105875,WDR91
9853_WDR92_P1P2_ENSG00000243667,WDR92
9854_WDSUB1_P1P2_ENSG00000196151,WDSUB1
9855_WDTC1_P1P2_ENSG00000142784,WDTC1
9856_WDYHV1_P1P2_ENSG00000156795,WDYHV1
9857_WEE1_P1P2_ENSG00000166483,WEE1
9858_WHAMM_P1P2_ENSG00000156232,WHAMM
9859_NSD3_P1P2_ENSG00000147548,NSD3
985_C15orf40_P1P2_ENSG00000169609,C15orf40
9860_NSD2_P1P2_ENSG00000109685,NSD2
9861_WIPF1_P1P2_ENSG00000115935,WIPF1
9862_WIPF2_P1P2_ENSG00000171475,WIPF2
9863_WIPF3_P1P2_ENSG00000122574,WIPF3
9864_WIPI1_P1P2_ENSG00000070540,WIPI1
9865_WIPI2_P1P2_ENSG00000157954,WIPI2
9866_WIZ_P1P2_ENSG00000011451,WIZ
9867_WNK1_P1P2_ENSG00000060237,WNK1
9868_WNK2_P1P2_ENSG00000165238,WNK2
9869_WNK4_P1P2_ENSG00000126562,WNK4
986_C15orf41_P1P2_ENSG00000186073,C15orf41
9870_WNT5B_ENST00000537031.1_ENSG00000111186,WNT5B
9871_WNT5B_ENST00000397196.2_ENSG00000111186,WNT5B
9872_WNT5B_ENST00000310594.3_ENSG00000111186,WNT5B
9873_WRAP53_P1P2_ENSG00000141499,WRAP53
9874_WRAP73_P1P2_ENSG00000116213,WRAP73
9875_GET1_P1P2_ENSG00000182093,GET1
9876_WRNIP1_P1P2_ENSG00000124535,WRNIP1
9877_WRN_P1P2_ENSG00000165392,WRN
9878_WSB1_P1P2_ENSG00000109046,WSB1
9879_WSB2_P1P2_ENSG00000176871,WSB2
987_CCDC32_P1P2_ENSG00000128891,CCDC32
9880_WT1_P1P2_ENSG00000184937,WT1
9881_WTAP_P1P2_ENSG00000146457,WTAP
9882_WWC2_P1P2_ENSG00000151718,WWC2
9883_WWOX_P1P2_ENSG00000186153,WWOX
9884_WWP1_P1P2_ENSG00000123124,WWP1
9885_WWP2_P1P2_ENSG00000198373,WWP2
9886_XAB2_P1P2_ENSG00000076924,XAB2
9887_XAGE1B_ENST00000518075.1_ENSG00000204382,XAGE1B
9888_XBP1_P1P2_ENSG00000100219,XBP1
9889_XIAP_P1P2_ENSG00000101966,XIAP
988_C15orf61_P1P2_ENSG00000189227,C15orf61
9890_XK_P1P2_ENSG00000047597,XK
9891_XPA_P1P2_ENSG00000136936,XPA
9892_XPC_P1_ENSG00000154767,XPC
9893_XPC_P2_ENSG00000154767,XPC
9894_XPNPEP1_P1P2_ENSG00000108039,XPNPEP1
9895_XPNPEP3_P1P2_ENSG00000196236,XPNPEP3
9896_XPO1_P1P2_ENSG00000082898,XPO1
9897_XPO4_P1P2_ENSG00000132953,XPO4
9898_XPO5_P1P2_ENSG00000124571,XPO5
9899_XPO6_P1P2_ENSG00000169180,XPO6
989_METTL26_P1P2_ENSG00000130731,METTL26
98_ACSF3_P1P2_ENSG00000176715,ACSF3
9900_XPO7_P1P2_ENSG00000130227,XPO7
9901_XPOT_P1P2_ENSG00000184575,XPOT
9902_XPR1_P1P2_ENSG00000143324,XPR1
9903_XRCC1_P1P2_ENSG00000073050,XRCC1
9904_XRCC2_P1P2_ENSG00000196584,XRCC2
9905_XRCC3_P1P2_ENSG00000126215,XRCC3
9906_XRCC4_P1P2_ENSG00000152422,XRCC4
9907_XRCC5_P1P2_ENSG00000079246,XRCC5
9908_ATP23_P1P2_ENSG00000166896,ATP23
9909_XRCC6_P1P2_ENSG00000196419,XRCC6
990_MOSMO_P1P2_ENSG00000185716,MOSMO
9910_XRN1_P1P2_ENSG00000114127,XRN1
9911_XRN2_P1P2_ENSG00000088930,XRN2
9912_XRRA1_P1P2_ENSG00000166435,XRRA1
9913_XXYLT1_P1P2_ENSG00000173950,XXYLT1
9914_XYLB_P1P2_ENSG00000093217,XYLB
9915_XYLT2_P1P2_ENSG00000015532,XYLT2
9916_YAE1_P1P2_ENSG00000241127,YAE1
9917_YAF2_P1P2_ENSG00000015153,YAF2
9918_YARS2_P1P2_ENSG00000139131,YARS2
9919_YARS_P1P2_ENSG00000134684,YARS
991_C16orf58_P1P2_ENSG00000140688,C16orf58
9920_YBEY_P1P2_ENSG00000182362,YBEY
9921_YBX1_P1P2_ENSG00000065978,YBX1
9922_YBX2_P1P2_ENSG00000006047,YBX2
9923_YBX3_P1P2_ENSG00000060138,YBX3
9924_YDJC_P1P2_ENSG00000161179,YDJC
9925_YEATS2_P1P2_ENSG00000163872,YEATS2
9926_YEATS4_P1P2_ENSG00000127337,YEATS4
9927_YES1_P1P2_ENSG00000176105,YES1
9928_YIF1A_P1P2_ENSG00000174851,YIF1A
9929_YIF1B_P1P2_ENSG00000167645,YIF1B
992_TEDC2_P1P2_ENSG00000162062,TEDC2
9930_YIPF1_P1P2_ENSG00000058799,YIPF1
9931_YIPF2_P1P2_ENSG00000130733,YIPF2
9932_YIPF3_P1P2_ENSG00000137207,YIPF3
9933_YIPF4_P1P2_ENSG00000119820,YIPF4
9934_YIPF5_P1P2_ENSG00000145817,YIPF5
9935_YIPF6_P1P2_ENSG00000181704,YIPF6
9937_YJEFN3_P2_ENSG00000250067,YJEFN3
9938_YKT6_P1P2_ENSG00000106636,YKT6
9939_YLPM1_P1P2_ENSG00000119596,YLPM1
993_VPS35L_P1P2_ENSG00000103544,VPS35L
9940_YME1L1_P1P2_ENSG00000136758,YME1L1
9941_YOD1_P1P2_ENSG00000180667,YOD1
9942_YPEL1_P1P2_ENSG00000100027,YPEL1
9943_YPEL3_P1P2_ENSG00000090238,YPEL3
9944_YPEL5_P1P2_ENSG00000119801,YPEL5
9945_YRDC_P1P2_ENSG00000196449,YRDC
9946_YTHDC1_P1P2_ENSG00000083896,YTHDC1
9947_YTHDC2_P1P2_ENSG00000047188,YTHDC2
9948_YTHDF1_P1P2_ENSG00000149658,YTHDF1
9949_YTHDF2_P1P2_ENSG00000198492,YTHDF2
994_C16orf70_P1P2_ENSG00000125149,C16orf70
9950_YTHDF3_P1P2_ENSG00000185728,YTHDF3
9951_YWHAB_P1P2_ENSG00000166913,YWHAB
9952_YWHAE_P1P2_ENSG00000108953,YWHAE
9953_YWHAG_P1P2_ENSG00000170027,YWHAG
9954_YWHAH_P1P2_ENSG00000128245,YWHAH
9955_YWHAQ_P1P2_ENSG00000134308,YWHAQ
9956_YWHAZ_P1P2_ENSG00000164924,YWHAZ
9957_YY1AP1_P1P2_ENSG00000163374,YY1AP1
9958_YY1_P1P2_ENSG00000100811,YY1
9959_YY2_P1P2_ENSG00000230797,YY2
995_C16orf72_P1_ENSG00000182831,C16orf72
9960_ZADH2_P1P2_ENSG00000180011,ZADH2
9961_ZBED1_P1P2_ENSG00000214717,ZBED1
9962_ZBED2_P1P2_ENSG00000177494,ZBED2
9963_ZBED3_P1P2_ENSG00000132846,ZBED3
9964_ZBED4_P1P2_ENSG00000100426,ZBED4
9965_ZBED5_P1P2_ENSG00000236287,ZBED5
9966_ZBED6CL_ENST00000343855.4_ENSG00000188707,ZBED6CL
9967_ZBED6_P1P2_ENSG00000257315,ZBED6
9968_ZBTB10_P1P2_ENSG00000205189,ZBTB10
9969_ZBTB11_P1P2_ENSG00000066422,ZBTB11
996_C16orf72_P2_ENSG00000182831,C16orf72
9970_ZBTB12_P1P2_ENSG00000204366,ZBTB12
9971_ZBTB14_P1P2_ENSG00000198081,ZBTB14
9972_ZBTB16_P1P2_ENSG00000109906,ZBTB16
9975_ZBTB17_P1P2_ENSG00000116809,ZBTB17
9976_ZBTB18_P1P2_ENSG00000179456,ZBTB18
9977_ZBTB1_P1P2_ENSG00000126804,ZBTB1
9978_ZBTB20_P1_ENSG00000181722,ZBTB20
9979_ZBTB20_P2_ENSG00000181722,ZBTB20
997_C16orf86_P1P2_ENSG00000159761,C16orf86
9980_ZBTB21_P1P2_ENSG00000173276,ZBTB21
9981_ZBTB22_P1P2_ENSG00000236104,ZBTB22
9982_ZBTB24_P1P2_ENSG00000112365,ZBTB24
9983_ZBTB25_P1P2_ENSG00000089775,ZBTB25
9984_ZBTB26_P1P2_ENSG00000171448,ZBTB26
9985_ZBTB2_P1P2_ENSG00000181472,ZBTB2
9986_ZBTB32_P1P2_ENSG00000011590,ZBTB32
9987_ZBTB33_P1P2_ENSG00000177485,ZBTB33
9988_ZBTB34_P1P2_ENSG00000177125,ZBTB34
9989_ZBTB37_P1P2_ENSG00000185278,ZBTB37
998_C16orf87_P1P2_ENSG00000155330,C16orf87
9990_ZBTB38_P2_ENSG00000177311,ZBTB38
9991_ZBTB38_P1_ENSG00000177311,ZBTB38
9992_ZBTB39_P1P2_ENSG00000166860,ZBTB39
9993_ZBTB3_P1P2_ENSG00000185670,ZBTB3
9994_ZBTB40_P1P2_ENSG00000184677,ZBTB40
9995_ZBTB41_P1P2_ENSG00000177888,ZBTB41
9996_ZBTB42_P1P2_ENSG00000179627,ZBTB42
9997_ZBTB43_P1P2_ENSG00000169155,ZBTB43
9998_ZBTB44_P1P2_ENSG00000196323,ZBTB44
9999_ZBTB45_P1P2_ENSG00000119574,ZBTB45
999_C16orf91_P1P2_ENSG00000174109,C16orf91
99_ACSL1_P1P2_ENSG00000151726,ACSL1
9_AAR2_P1P2_ENSG00000131043,AAR2
